Time (s), Force (mN), hv_set (V), hv_vm (V), hv_err (V), lv_set (V), lv_vm (V), lv_err (V), cm_w1 (uA), cm_w2 (uA), cm_w3 (uA)
2076482.14073280, 44854.803063,    0,    1, -1, 0.0, 0.0, 0.0,  0,  0,  0
2076482.14260600, 44854.803063,    0,    1, -1, 0.0, 0.0, 0.0,  0,  0,  0
2076482.14961820, 44854.567865,    0,    1, -1, 0.0, 0.0, 0.0,  0,  0,  0
2076482.15178000, 44854.567865,    0,    1, -1, 0.0, 0.0, 0.0,  0,  0,  0
2076482.15665310, 44854.599937,    0,    1, -1, 0.0, 0.0, 0.0,  0,  0,  0
2076482.15885570, 44854.599937,    0,    1, -1, 0.0, 0.0, 0.0,  0,  0,  0
2076482.16051590, 44854.599937,    0,    1, -1, 0.0, 0.0, 0.0,  0,  0,  0
2076482.16947800, 44854.599937,    0,    1, -1, 0.0, 0.0, 0.0,  0,  0,  0
2076482.17189110, 44854.503720,    0,    1, -1, 0.0, 0.0, 0.0,  0,  0,  0
2076482.17456060, 44854.418194,    0,    1, -1, 0.0, 0.0, 0.0,  0,  0,  0
2076482.17654460, 44854.418194,    0,    1, -1, 0.0, 0.0, 0.0,  0,  0,  0
2076482.17850840, 44854.418194,    0,    1, -1, 0.0, 0.0, 0.0,  0,  0,  0
2076482.18046280, 44854.418194,    0,    1, -1, 0.0, 0.0, 0.0,  0,  0,  0
2076482.18257980, 44854.418194,    0,    1, -1, 0.0, 0.0, 0.0,  0,  0,  0
2076482.18456480, 44854.428884,    0,    1, -1, 0.0, 0.0, 0.0,  0,  0,  0
2076482.18650930, 44854.428884,    0,    1, -1, 0.0, 0.0, 0.0,  0,  0,  0
2076482.18854620, 44854.428884,    0,    1, -1, 0.0, 0.0, 0.0,  0,  0,  0
2076482.19048950, 44854.428884,    0,    1, -1, 0.0, 0.0, 0.0,  0,  0,  0
2076482.19244230, 44854.428884,    0,    1, -1, 0.0, 0.0, 0.0,  0,  0,  0
2076482.19446540, 44854.642701,    0,    1, -1, 0.0, 0.0, 0.0,  0,  0,  0
2076482.19649810, 44854.642701,    0,    1, -1, 0.0, 0.0, 0.0,  0,  0,  0
2076482.19847960, 44854.642701,    0,    1, -1, 0.0, 0.0, 0.0,  0,  0,  0
2076482.20806300, 44854.642701,    0,    1, -1, 0.0, 0.0, 0.0,  0,  0,  0
2076482.20950040, 44854.557174,    0,    1, -1, 0.0, 0.0, 0.0,  0,  0,  0
2076482.21153430, 44854.557174,    0,    1, -1, 0.0, 0.0, 0.0,  0,  0,  0
2076482.21344870, 44854.557174,    0,    1, -1, 0.0, 0.0, 0.0,  0,  0,  0
2076482.21583850, 44854.482338,    0,    1, -1, 0.0, 0.0, 0.0,  0,  0,  0
2076482.21743950, 44854.482338,    0,    1, -1, 0.0, 0.0, 0.0,  0,  0,  0
2076482.22656710, 44854.482338,    0,    1, -1, 0.0, 0.0, 0.0,  0,  0,  0
2076482.22842230, 44854.557174,    0,    1, -1, 0.0, 0.0, 0.0,  0,  0,  0
2076482.23071600, 44854.557174,    0,    1, -1, 0.0, 0.0, 0.0,  0,  0,  0
2076482.23629160, 44854.557174,    0,    1, -1, 0.0, 0.0, 0.0,  0,  0,  0
2076482.23840950, 44854.706845,    0,    1, -1, 0.0, 0.0, 0.0,  0,  0,  0
2076482.24250950, 44854.706845,    0,    1, -1, 0.0, 0.0, 0.0,  0,  0,  0
2076482.24981800, 44854.535793,    0,    1, -1, 0.0, 0.0, 0.0,  0,  0,  0
2076482.25138980, 44854.535793,    0,    1, -1, 0.0, 0.0, 0.0,  0,  0,  0
2076482.25401290, 44854.535793,    0,    1, -1, 0.0, 0.0, 0.0,  0,  0,  0
2076482.25805280, 44854.696155,    0,    1, -1, 0.0, 0.0, 0.0,  0,  0,  0
2076482.26041490, 44854.696155,    0,    1, -1, 0.0, 0.0, 0.0,  0,  0,  0
2076482.26238320, 44854.696155,    0,    1, -1, 0.0, 0.0, 0.0,  0,  0,  0
2076482.26438420, 44854.664082,    0,    1, -1, 0.0, 0.0, 0.0,  0,  0,  0
2076482.27132930, 44854.664082,    0,    1, -1, 0.0, 0.0, 0.0,  0,  0,  0
2076482.27411880, 44854.664082,    0,    1, -1, 0.0, 0.0, 0.0,  0,  0,  0
2076482.27677830, 44854.567865,    0,    1, -1, 0.0, 0.0, 0.0,  0,  0,  0
2076482.27988380, 44854.567865,    0,    1, -1, 0.0, 0.0, 0.0,  0,  0,  0
2076482.28355420, 44854.567865,    0,    1, -1, 0.0, 0.0, 0.0,  0,  0,  0
2076482.28530400, 44854.386121,    0,    1, -1, 0.0, 0.0, 0.0,  0,  0,  0
2076482.28951120, 44854.386121,    0,    1, -1, 0.0, 0.0, 0.0,  0,  0,  0
2076482.29232480, 44854.386121,    0,    1, -1, 0.0, 0.0, 0.0,  0,  0,  0
2076482.29435430, 44854.386121,    0,    1, -1, 0.0, 0.0, 0.0,  0,  0,  0
2076482.29975580, 44854.386121,    0,    1, -1, 0.0, 0.0, 0.0,  0,  0,  0
2076482.30339470, 44854.386121,    0,    1, -1, 0.0, 0.0, 0.0,  0,  0,  0
2076482.30739290, 44854.332667,    0,    1, -1, 0.0, 0.0, 0.0,  0,  0,  0
2076482.31054230, 44854.332667,    0,    1, -1, 0.0, 0.0, 0.0,  0,  0,  0
2076482.31278820, 44854.332667,    0,    1, -1, 0.0, 0.0, 0.0,  0,  0,  0
2076482.31427360, 44854.428884,    0,    1, -1, 0.0, 0.0, 0.0,  0,  0,  0
2076482.31662240, 44854.428884,    0,    1, -1, 0.0, 0.0, 0.0,  0,  0,  0
2076482.31839180, 44854.428884,    0,    1, -1, 0.0, 0.0, 0.0,  0,  0,  0
2076482.32028450, 44854.428884,    0,    1, -1, 0.0, 0.0, 0.0,  0,  0,  0
2076482.32228840, 44854.428884,    0,    1, -1, 0.0, 0.0, 0.0,  0,  0,  0
2076482.32429430, 44854.375430,    0,    1, -1, 0.0, 0.0, 0.0,  0,  0,  0
2076482.32626660, 44854.375430,    0,    1, -1, 0.0, 0.0, 0.0,  0,  0,  0
2076482.32826170, 44854.375430,    0,    1, -1, 0.0, 0.0, 0.0,  0,  0,  0
2076482.33026460, 44854.375430,    0,    1, -1, 0.0, 0.0, 0.0,  0,  0,  0
2076482.33226580, 44854.375430,    0,    1, -1, 0.0, 0.0, 0.0,  0,  0,  0
2076482.33833730, 44854.610628,    0,    1, -1, 0.0, 0.0, 0.0,  0,  0,  0
2076482.34125370, 44854.610628,    0,    1, -1, 0.0, 0.0, 0.0,  0,  0,  0
2076482.34342500, 44854.610628,    0,    1, -1, 0.0, 0.0, 0.0,  0,  0,  0
2076482.34965840, 44854.664082,    0,    1, -1, 0.0, 0.0, 0.0,  0,  0,  0
2076482.35117880, 44854.664082,    0,    1, -1, 0.0, 0.0, 0.0,  0,  0,  0
2076482.35439210, 44854.664082,    0,    1, -1, 0.0, 0.0, 0.0,  0,  0,  0
2076482.35769680, 44854.781681,    0,    1, -1, 0.0, 0.0, 0.0,  0,  0,  0
2076482.36023920, 44854.781681,    0,    1, -1, 0.0, 0.0, 0.0,  0,  0,  0
2076482.36452480, 44854.781681,    0,    1, -1, 0.0, 0.0, 0.0,  0,  0,  0
2076482.36740960, 44854.728227,    0,    1, -1, 0.0, 0.0, 0.0,  0,  0,  0
2076482.36928250, 44854.728227,    0,    1, -1, 0.0, 0.0, 0.0,  0,  0,  0
2076482.37182240, 44854.728227,    0,    1, -1, 0.0, 0.0, 0.0,  0,  0,  0
2076482.37496520, 44854.877898,    0,    1, -1, 0.0, 0.0, 0.0,  0,  0,  0
2076482.37721750, 44854.877898,    0,    1, -1, 0.0, 0.0, 0.0,  0,  0,  0
2076482.37917650, 44854.877898,    0,    1, -1, 0.0, 0.0, 0.0,  0,  0,  0
2076482.38117770, 44854.877898,    0,    1, -1, 0.0, 0.0, 0.0,  0,  0,  0
2076482.38320790, 44854.877898,    0,    1, -1, 0.0, 0.0, 0.0,  0,  0,  0
2076482.38516260, 44854.578556,    0,    1, -1, 0.0, 0.0, 0.0,  0,  0,  0
2076482.38716690, 44854.578556,    0,    1, -1, 0.0, 0.0, 0.0,  0,  0,  0
2076482.38916210, 44854.578556,    0,    1, -1, 0.0, 0.0, 0.0,  0,  0,  0
2076482.39116400, 44854.578556,    0,    1, -1, 0.0, 0.0, 0.0,  0,  0,  0
2076482.39315780, 44854.578556,    0,    1, -1, 0.0, 0.0, 0.0,  0,  0,  0
2076482.39515300, 44854.599937,    0,    1, -1, 0.0, 0.0, 0.0,  0,  0,  0
2076482.40026660, 44854.599937,    0,    1, -1, 0.0, 0.0, 0.0,  0,  0,  0
2076482.40229150, 44854.599937,    0,    1, -1, 0.0, 0.0, 0.0,  0,  0,  0
2076482.40422480, 44854.471648,    0,    1, -1, 0.0, 0.0, 0.0,  0,  0,  0
2076482.40616570, 44854.471648,    0,    1, -1, 0.0, 0.0, 0.0,  0,  0,  0
2076482.41214220, 44854.471648,    0,    1, -1, 0.0, 0.0, 0.0,  0,  0,  0
2076482.41408690, 44854.450266,    0,    1, -1, 0.0, 0.0, 0.0,  0,  0,  0
2076482.42157820, 44854.450266,    0,    1, -1, 0.0, 0.0, 0.0,  0,  0,  0
2076482.42307730, 44854.450266,    0,    1, -1, 0.0, 0.0, 0.0,  0,  0,  0
2076482.42663540, 44854.386121,    0,    1, -1, 0.0, 0.0, 0.0,  0,  0,  0
2076482.43177920, 44854.386121,    0,    1, -1, 0.0, 0.0, 0.0,  0,  0,  0
2076482.43404760, 44854.578556,    0,    1, -1, 0.0, 0.0, 0.0,  0,  0,  0
2076482.43737060, 44854.578556,    0,    1, -1, 0.0, 0.0, 0.0,  0,  0,  0
2076482.44034950, 44854.578556,    0,    1, -1, 0.0, 0.0, 0.0,  0,  0,  0
2076482.44204950, 44854.578556,    0,    1, -1, 0.0, 0.0, 0.0,  0,  0,  0
2076482.44402820, 44854.610628,    0,    1, -1, 0.0, 0.0, 0.0,  0,  0,  0
2076482.44601020, 44854.610628,    0,    1, -1, 0.0, 0.0, 0.0,  0,  0,  0
2076482.44799050, 44854.610628,    0,    1, -1, 0.0, 0.0, 0.0,  0,  0,  0
2076482.45013480, 44854.610628,    0,    1, -1, 0.0, 0.0, 0.0,  0,  0,  0
2076482.45203310, 44854.610628,    0,    1, -1, 0.0, 0.0, 0.0,  0,  0,  0
2076482.45499720, 44854.770990,    0,    1, -1, 0.0, 0.0, 0.0,  0,  0,  0
2076482.45710870, 44854.770990,    0,    1, -1, 0.0, 0.0, 0.0,  0,  0,  0
2076482.46199560, 44854.770990,    0,    1, -1, 0.0, 0.0, 0.0,  0,  0,  0
2076482.46417700, 44854.920662,    0,    1, -1, 0.0, 0.0, 0.0,  0,  0,  0
2076482.46599390, 44854.920662,    0,    1, -1, 0.0, 0.0, 0.0,  0,  0,  0
2076482.46870630, 44854.920662,    0,    1, -1, 0.0, 0.0, 0.0,  0,  0,  0
2076482.47312010, 44854.920662,    0,    1, -1, 0.0, 0.0, 0.0,  0,  0,  0
2076482.47538410, 44854.942043,    0,    1, -1, 0.0, 0.0, 0.0,  0,  0,  0
2076482.47743680, 44854.942043,    0,    1, -1, 0.0, 0.0, 0.0,  0,  0,  0
2076482.48233800, 44854.942043,    0,    1, -1, 0.0, 0.0, 0.0,  0,  0,  0
2076482.48518880, 44854.674773,    0,    1, -1, 0.0, 0.0, 0.0,  0,  0,  0
2076482.49113740, 44854.674773,    0,    1, -1, 0.0, 0.0, 0.0,  0,  0,  0
2076482.49484430, 44854.674773,    0,    1, -1, 0.0, 0.0, 0.0,  0,  0,  0
2076482.49756790, 44854.567865,    0,    1, -1, 0.0, 0.0, 0.0,  0,  0,  0
2076482.49997820, 44854.567865,    0,    1, -1, 0.0, 0.0, 0.0,  0,  0,  0
2076482.50279860, 44854.567865,    0,    1, -1, 0.0, 0.0, 0.0,  0,  0,  0
2076482.50495280, 44854.460957,    0,    1, -1, 0.0, 0.0, 0.0,  0,  0,  0
2076482.50688890, 44854.460957,    0,    1, -1, 0.0, 0.0, 0.0,  0,  0,  0
2076482.50887400, 44854.460957,    0,    1, -1, 0.0, 0.0, 0.0,  0,  0,  0
2076482.51088100, 44854.460957,    0,    1, -1, 0.0, 0.0, 0.0,  0,  0,  0
2076482.51285010, 44854.460957,    0,    1, -1, 0.0, 0.0, 0.0,  0,  0,  0
2076482.51487080, 44854.471648,    0,    1, -1, 0.0, 0.0, 0.0,  0,  0,  0
2076482.51690760, 44854.471648,    0,    1, -1, 0.0, 0.0, 0.0,  0,  0,  0
2076482.51892520, 44854.471648,    0,    1, -1, 0.0, 0.0, 0.0,  0,  0,  0
2076482.52376480, 44854.471648,    0,    1, -1, 0.0, 0.0, 0.0,  0,  0,  0
2076482.52620480, 44854.428884,    0,    1, -1, 0.0, 0.0, 0.0,  0,  0,  0
2076482.52785670, 44854.428884,    0,    1, -1, 0.0, 0.0, 0.0,  0,  0,  0
2076482.53514830, 44854.428884,    0,    1, -1, 0.0, 0.0, 0.0,  0,  0,  0
2076482.53684030, 44854.428884,    0,    1, -1, 0.0, 0.0, 0.0,  0,  0,  0
2076482.54320070, 44854.428884,    0,    1, -1, 0.0, 0.0, 0.0,  0,  0,  0
2076482.55244440, 44854.364740,    0,    1, -1, 0.0, 0.0, 0.0,  0,  0,  0
2076482.55586300, 44854.514411,    0,    1, -1, 0.0, 0.0, 0.0,  0,  0,  0
2076482.55929410, 44854.514411,    0,    1, -1, 0.0, 0.0, 0.0,  0,  0,  0
2076482.56202220, 44854.514411,    0,    1, -1, 0.0, 0.0, 0.0,  0,  0,  0
2076482.56378460, 44854.728227,    0,    1, -1, 0.0, 0.0, 0.0,  0,  0,  0
2076482.56581150, 44854.728227,    0,    1, -1, 0.0, 0.0, 0.0,  0,  0,  0
2076482.56781020, 44854.728227,    0,    1, -1, 0.0, 0.0, 0.0,  0,  0,  0
2076482.56982510, 44854.728227,    0,    1, -1, 0.0, 0.0, 0.0,  0,  0,  0
2076482.57181790, 44854.728227,    0,    1, -1, 0.0, 0.0, 0.0,  0,  0,  0
2076482.57481860, 44854.770990,    0,    1, -1, 0.0, 0.0, 0.0,  0,  0,  0
2076482.58381720, 44854.685464,    0,    1, -1, 0.0, 0.0, 0.0,  0,  0,  0
2076482.58617470, 44854.685464,    0,    1, -1, 0.0, 0.0, 0.0,  0,  0,  0
2076482.59187800, 44854.685464,    0,    1, -1, 0.0, 0.0, 0.0,  0,  0,  0
2076482.59380720, 44854.706845,    0,    1, -1, 0.0, 0.0, 0.0,  0,  0,  0
2076482.59714620, 44854.706845,    0,    1, -1, 0.0, 0.0, 0.0,  0,  0,  0
2076482.59996470, 44854.706845,    0,    1, -1, 0.0, 0.0, 0.0,  0,  0,  0
2076482.60188130, 44854.706845,    0,    1, -1, 0.0, 0.0, 0.0,  0,  0,  0
2076482.60667120, 44854.418194,    0,    1, -1, 0.0, 0.0, 0.0,  0,  0,  0
2076482.61047210, 44854.418194,    0,    1, -1, 0.0, 0.0, 0.0,  0,  0,  0
2076482.61330310, 44854.418194,    0,    1, -1, 0.0, 0.0, 0.0,  0,  0,  0
2076482.61724570, 44854.375430,    0,    1, -1, 0.0, 0.0, 0.0,  0,  0,  0
2076482.61972460, 44854.375430,    0,    1, -1, 0.0, 0.0, 0.0,  0,  0,  0
2076482.62172880, 44854.375430,    0,    1, -1, 0.0, 0.0, 0.0,  0,  0,  0
2076482.62372690, 44854.439575,    0,    1, -1, 0.0, 0.0, 0.0,  0,  0,  0
2076482.62574830, 44854.439575,    0,    1, -1, 0.0, 0.0, 0.0,  0,  0,  0
2076482.62774900, 44854.439575,    0,    1, -1, 0.0, 0.0, 0.0,  0,  0,  0
2076482.62966890, 44854.439575,    0,    1, -1, 0.0, 0.0, 0.0,  0,  0,  0
2076482.63170250, 44854.439575,    0,    1, -1, 0.0, 0.0, 0.0,  0,  0,  0
2076482.63392820, 44854.567865,    0,    1, -1, 0.0, 0.0, 0.0,  0,  0,  0
2076482.63569570, 44854.567865,    0,    1, -1, 0.0, 0.0, 0.0,  0,  0,  0
2076482.63770240, 44854.567865,    0,    1, -1, 0.0, 0.0, 0.0,  0,  0,  0
2076482.64291990, 44854.567865,    0,    1, -1, 0.0, 0.0, 0.0,  0,  0,  0
2076482.64554610, 44854.460957,    0,    1, -1, 0.0, 0.0, 0.0,  0,  0,  0
2076482.64768810, 44854.460957,    0,    1, -1, 0.0, 0.0, 0.0,  0,  0,  0
2076482.65607060, 44854.460957,    0,    1, -1, 0.0, 0.0, 0.0,  0,  0,  0
2076482.66206170, 44854.546483,    0,    1, -1, 0.0, 0.0, 0.0,  0,  0,  0
2076482.66499080, 44854.599937,    0,    1, -1, 0.0, 0.0, 0.0,  0,  0,  0
2076482.66663550, 44854.599937,    0,    1, -1, 0.0, 0.0, 0.0,  0,  0,  0
2076482.67044360, 44854.599937,    0,    1, -1, 0.0, 0.0, 0.0,  0,  0,  0
2076482.67323170, 44854.599937,    0,    1, -1, 0.0, 0.0, 0.0,  0,  0,  0
2076482.67458150, 44854.738918,    0,    1, -1, 0.0, 0.0, 0.0,  0,  0,  0
2076482.67671670, 44854.738918,    0,    1, -1, 0.0, 0.0, 0.0,  0,  0,  0
2076482.67892330, 44854.738918,    0,    1, -1, 0.0, 0.0, 0.0,  0,  0,  0
2076482.68061520, 44854.738918,    0,    1, -1, 0.0, 0.0, 0.0,  0,  0,  0
2076482.68405900, 44854.738918,    0,    1, -1, 0.0, 0.0, 0.0,  0,  0,  0
2076482.68660420, 44854.706845,    0,    1, -1, 0.0, 0.0, 0.0,  0,  0,  0
2076482.68859140, 44854.706845,    0,    1, -1, 0.0, 0.0, 0.0,  0,  0,  0
2076482.69063470, 44854.706845,    0,    1, -1, 0.0, 0.0, 0.0,  0,  0,  0
2076482.69257470, 44854.706845,    0,    1, -1, 0.0, 0.0, 0.0,  0,  0,  0
2076482.69455200, 44854.728227,    0,    1, -1, 0.0, 0.0, 0.0,  0,  0,  0
2076482.69659550, 44854.728227,    0,    1, -1, 0.0, 0.0, 0.0,  0,  0,  0
2076482.69857190, 44854.728227,    0,    1, -1, 0.0, 0.0, 0.0,  0,  0,  0
2076482.70062690, 44854.728227,    0,    1, -1, 0.0, 0.0, 0.0,  0,  0,  0
2076482.70260270, 44854.728227,    0,    1, -1, 0.0, 0.0, 0.0,  0,  0,  0
2076482.70458210, 44854.642701,    0,    1, -1, 0.0, 0.0, 0.0,  0,  0,  0
2076482.70655100, 44854.642701,    0,    1, -1, 0.0, 0.0, 0.0,  0,  0,  0
2076482.70853980, 44854.642701,    0,    1, -1, 0.0, 0.0, 0.0,  0,  0,  0
2076482.71562040, 44854.642701,    0,    1, -1, 0.0, 0.0, 0.0,  0,  0,  0
2076482.71826350, 44854.471648,    0,    1, -1, 0.0, 0.0, 0.0,  0,  0,  0
2076482.72064140, 44854.471648,    0,    1, -1, 0.0, 0.0, 0.0,  0,  0,  0
2076482.72419100, 44854.471648,    0,    1, -1, 0.0, 0.0, 0.0,  0,  0,  0
2076482.72815700, 44854.332667,    0,    1, -1, 0.0, 0.0, 0.0,  0,  0,  0
2076482.73081470, 44854.332667,    0,    1, -1, 0.0, 0.0, 0.0,  0,  0,  0
2076482.73785410, 44854.332667,    0,    1, -1, 0.0, 0.0, 0.0,  0,  0,  0
2076482.73971940, 44854.386121,    0,    1, -1, 0.0, 0.0, 0.0,  0,  0,  0
2076482.74403330, 44854.386121,    0,    1, -1, 0.0, 0.0, 0.0,  0,  0,  0
2076482.74748690, 44854.418194,    0,    1, -1, 0.0, 0.0, 0.0,  0,  0,  0
2076482.75259060, 44854.418194,    0,    1, -1, 0.0, 0.0, 0.0,  0,  0,  0
2076482.75628150, 44854.567865,    0,    1, -1, 0.0, 0.0, 0.0,  0,  0,  0
2076482.75844830, 44854.567865,    0,    1, -1, 0.0, 0.0, 0.0,  0,  0,  0
2076482.76048190, 44854.567865,    0,    1, -1, 0.0, 0.0, 0.0,  0,  0,  0
2076482.76242680, 44854.567865,    0,    1, -1, 0.0, 0.0, 0.0,  0,  0,  0
2076482.76445510, 44854.428884,    0,    1, -1, 0.0, 0.0, 0.0,  0,  0,  0
2076482.76649050, 44854.428884,    0,    1, -1, 0.0, 0.0, 0.0,  0,  0,  0
2076482.77417710, 44854.428884,    0,    1, -1, 0.0, 0.0, 0.0,  0,  0,  0
2076482.77645350, 44854.567865,    0,    1, -1, 0.0, 0.0, 0.0,  0,  0,  0
2076482.77841870, 44854.567865,    0,    1, -1, 0.0, 0.0, 0.0,  0,  0,  0
2076482.78630490, 44854.567865,    0,    1, -1, 0.0, 0.0, 0.0,  0,  0,  0
2076482.79144620, 44854.610628,    0,    1, -1, 0.0, 0.0, 0.0,  0,  0,  0
2076482.79538270, 44854.610628,    0,    1, -1, 0.0, 0.0, 0.0,  0,  0,  0
2076482.79962600, 44854.674773,    0,    1, -1, 0.0, 0.0, 0.0,  0,  0,  0
2076482.80383410, 44854.674773,    0,    1, -1, 0.0, 0.0, 0.0,  0,  0,  0
2076482.80536550, 44854.567865,    0,    1, -1, 0.0, 0.0, 0.0,  0,  0,  0
2076482.80888020, 44854.567865,    0,    1, -1, 0.0, 0.0, 0.0,  0,  0,  0
2076482.81217870, 44854.567865,    0,    1, -1, 0.0, 0.0, 0.0,  0,  0,  0
2076482.81529550, 44854.535793,    0,    1, -1, 0.0, 0.0, 0.0,  0,  0,  0
2076482.81738980, 44854.535793,    0,    1, -1, 0.0, 0.0, 0.0,  0,  0,  0
2076482.81948710, 44854.535793,    0,    1, -1, 0.0, 0.0, 0.0,  0,  0,  0
2076482.82134840, 44854.535793,    0,    1, -1, 0.0, 0.0, 0.0,  0,  0,  0
2076482.82333530, 44854.535793,    0,    1, -1, 0.0, 0.0, 0.0,  0,  0,  0
2076482.82529100, 44854.503720,    0,    1, -1, 0.0, 0.0, 0.0,  0,  0,  0
2076482.82732300, 44854.503720,    0,    1, -1, 0.0, 0.0, 0.0,  0,  0,  0
2076482.82929120, 44854.503720,    0,    1, -1, 0.0, 0.0, 0.0,  0,  0,  0
2076482.83764180, 44854.503720,    0,    1, -1, 0.0, 0.0, 0.0,  0,  0,  0
2076482.83947860, 44854.557174,    0,    1, -1, 0.0, 0.0, 0.0,  0,  0,  0
2076482.84151500, 44854.557174,    0,    1, -1, 0.0, 0.0, 0.0,  0,  0,  0
2076482.84331550, 44854.557174,    0,    1, -1, 0.0, 0.0, 0.0,  0,  0,  0
2076482.85047600, 44854.396812,    0,    1, -1, 0.0, 0.0, 0.0,  0,  0,  0
2076482.85228070, 44854.396812,    0,    1, -1, 0.0, 0.0, 0.0,  0,  0,  0
2076482.85434070, 44854.525102,    0,    1, -1, 0.0, 0.0, 0.0,  0,  0,  0
2076482.85978230, 44854.525102,    0,    1, -1, 0.0, 0.0, 0.0,  0,  0,  0
2076482.86785630, 44854.525102,    0,    1, -1, 0.0, 0.0, 0.0,  0,  0,  0
2076482.87158490, 44854.557174,    0,    1, -1, 0.0, 0.0, 0.0,  0,  0,  0
2076482.87438950, 44854.557174,    0,    1, -1, 0.0, 0.0, 0.0,  0,  0,  0
2076482.87754710, 44854.589247,    0,    1, -1, 0.0, 0.0, 0.0,  0,  0,  0
2076482.88102710, 44854.589247,    0,    1, -1, 0.0, 0.0, 0.0,  0,  0,  0
2076482.88328010, 44854.589247,    0,    1, -1, 0.0, 0.0, 0.0,  0,  0,  0
2076482.88533390, 44854.482338,    0,    1, -1, 0.0, 0.0, 0.0,  0,  0,  0
2076482.88726460, 44854.482338,    0,    1, -1, 0.0, 0.0, 0.0,  0,  0,  0
2076482.88924420, 44854.482338,    0,    1, -1, 0.0, 0.0, 0.0,  0,  0,  0
2076482.89124380, 44854.482338,    0,    1, -1, 0.0, 0.0, 0.0,  0,  0,  0
2076482.89505460, 44854.482338,    0,    1, -1, 0.0, 0.0, 0.0,  0,  0,  0
2076482.89773700, 44854.503720,    0,    1, -1, 0.0, 0.0, 0.0,  0,  0,  0
2076482.89929370, 44854.503720,    0,    1, -1, 0.0, 0.0, 0.0,  0,  0,  0
2076482.90209170, 44854.503720,    0,    1, -1, 0.0, 0.0, 0.0,  0,  0,  0
2076482.90457600, 44854.428884,    0,    1, -1, 0.0, 0.0, 0.0,  0,  0,  0
2076482.91034000, 44854.428884,    0,    1, -1, 0.0, 0.0, 0.0,  0,  0,  0
2076482.91228050, 44854.428884,    0,    1, -1, 0.0, 0.0, 0.0,  0,  0,  0
2076482.91653890, 44854.557174,    0,    1, -1, 0.0, 0.0, 0.0,  0,  0,  0
2076482.92076120, 44854.557174,    0,    1, -1, 0.0, 0.0, 0.0,  0,  0,  0
2076482.92337010, 44854.557174,    0,    1, -1, 0.0, 0.0, 0.0,  0,  0,  0
2076482.92521160, 44854.664082,    0,    1, -1, 0.0, 0.0, 0.0,  0,  0,  0
2076482.92773860, 44854.664082,    0,    1, -1, 0.0, 0.0, 0.0,  0,  0,  0
2076482.93147590, 44854.664082,    0,    1, -1, 0.0, 0.0, 0.0,  0,  0,  0
2076482.93321420, 44854.664082,    0,    1, -1, 0.0, 0.0, 0.0,  0,  0,  0
2076482.93621650, 44854.738918,    0,    1, -1, 0.0, 0.0, 0.0,  0,  0,  0
2076482.94003500, 44854.738918,    0,    1, -1, 0.0, 0.0, 0.0,  0,  0,  0
2076482.94213180, 44854.738918,    0,    1, -1, 0.0, 0.0, 0.0,  0,  0,  0
2076482.94412420, 44854.770990,    0,    1, -1, 0.0, 0.0, 0.0,  0,  0,  0
2076482.94609350, 44854.770990,    0,    1, -1, 0.0, 0.0, 0.0,  0,  0,  0
2076482.94808100, 44854.770990,    0,    1, -1, 0.0, 0.0, 0.0,  0,  0,  0
2076482.95017600, 44854.770990,    0,    1, -1, 0.0, 0.0, 0.0,  0,  0,  0
2076482.95210120, 44854.770990,    0,    1, -1, 0.0, 0.0, 0.0,  0,  0,  0
2076482.95407720, 44854.792372,    0,    1, -1, 0.0, 0.0, 0.0,  0,  0,  0
2076482.95607920, 44854.792372,    0,    1, -1, 0.0, 0.0, 0.0,  0,  0,  0
2076482.95809100, 44854.792372,    0,    1, -1, 0.0, 0.0, 0.0,  0,  0,  0
2076482.96006290, 44854.792372,    0,    1, -1, 0.0, 0.0, 0.0,  0,  0,  0
2076482.96209530, 44854.792372,    0,    1, -1, 0.0, 0.0, 0.0,  0,  0,  0
2076482.96408220, 44854.621319,    0,    1, -1, 0.0, 0.0, 0.0,  0,  0,  0
2076482.97046220, 44854.621319,    0,    1, -1, 0.0, 0.0, 0.0,  0,  0,  0
2076482.97227700, 44854.621319,    0,    1, -1, 0.0, 0.0, 0.0,  0,  0,  0
2076482.97415550, 44854.493029,    0,    1, -1, 0.0, 0.0, 0.0,  0,  0,  0
2076482.97604060, 44854.493029,    0,    1, -1, 0.0, 0.0, 0.0,  0,  0,  0
2076482.98182190, 44854.493029,    0,    1, -1, 0.0, 0.0, 0.0,  0,  0,  0
2076482.98413430, 44854.364740,    0,    1, -1, 0.0, 0.0, 0.0,  0,  0,  0
2076482.98930940, 44854.364740,    0,    1, -1, 0.0, 0.0, 0.0,  0,  0,  0
2076482.99159010, 44854.364740,    0,    1, -1, 0.0, 0.0, 0.0,  0,  0,  0
2076482.99584960, 44854.460957,    0,    1, -1, 0.0, 0.0, 0.0,  0,  0,  0
2076482.99934650, 44854.460957,    0,    1, -1, 0.0, 0.0, 0.0,  0,  0,  0
2076483.00102480, 44854.460957,    0,    1, -1, 0.0, 0.0, 0.0,  0,  0,  0
2076483.00423270, 44854.460957,    0,    1, -1, 0.0, 0.0, 0.0,  0,  0,  0
2076483.00689250, 44854.450266,    0,    1, -1, 0.0, 0.0, 0.0,  0,  0,  0
2076483.00903590, 44854.450266,    0,    1, -1, 0.0, 0.0, 0.0,  0,  0,  0
2076483.01102520, 44854.450266,    0,    1, -1, 0.0, 0.0, 0.0,  0,  0,  0
2076483.01296570, 44854.450266,    0,    1, -1, 0.0, 0.0, 0.0,  0,  0,  0
2076483.01502760, 44854.567865,    0,    1, -1, 0.0, 0.0, 0.0,  0,  0,  0
2076483.01716690, 44854.567865,    0,    1, -1, 0.0, 0.0, 0.0,  0,  0,  0
2076483.01994680, 44854.567865,    0,    1, -1, 0.0, 0.0, 0.0,  0,  0,  0
2076483.02193370, 44854.567865,    0,    1, -1, 0.0, 0.0, 0.0,  0,  0,  0
2076483.02666530, 44854.578556,    0,    1, -1, 0.0, 0.0, 0.0,  0,  0,  0
2076483.02921530, 44854.578556,    0,    1, -1, 0.0, 0.0, 0.0,  0,  0,  0
2076483.03161980, 44854.578556,    0,    1, -1, 0.0, 0.0, 0.0,  0,  0,  0
2076483.04036450, 44854.653391,    0,    1, -1, 0.0, 0.0, 0.0,  0,  0,  0
2076483.04191450, 44854.653391,    0,    1, -1, 0.0, 0.0, 0.0,  0,  0,  0
2076483.04782120, 44854.450266,    0,    1, -1, 0.0, 0.0, 0.0,  0,  0,  0
2076483.04993350, 44854.450266,    0,    1, -1, 0.0, 0.0, 0.0,  0,  0,  0
2076483.05429860, 44854.450266,    0,    1, -1, 0.0, 0.0, 0.0,  0,  0,  0
2076483.05728210, 44854.535793,    0,    1, -1, 0.0, 0.0, 0.0,  0,  0,  0
2076483.06084820, 44854.535793,    0,    1, -1, 0.0, 0.0, 0.0,  0,  0,  0
2076483.06371760, 44854.535793,    0,    1, -1, 0.0, 0.0, 0.0,  0,  0,  0
2076483.06745470, 44854.386121,    0,    1, -1, 0.0, 0.0, 0.0,  0,  0,  0
2076483.06983730, 44854.386121,    0,    1, -1, 0.0, 0.0, 0.0,  0,  0,  0
2076483.07189200, 44854.386121,    0,    1, -1, 0.0, 0.0, 0.0,  0,  0,  0
2076483.07387130, 44854.418194,    0,    1, -1, 0.0, 0.0, 0.0,  0,  0,  0
2076483.07588980, 44854.418194,    0,    1, -1, 0.0, 0.0, 0.0,  0,  0,  0
2076483.07782790, 44854.418194,    0,    1, -1, 0.0, 0.0, 0.0,  0,  0,  0
2076483.08312760, 44854.418194,    0,    1, -1, 0.0, 0.0, 0.0,  0,  0,  0
2076483.08488770, 44854.386121,    0,    1, -1, 0.0, 0.0, 0.0,  0,  0,  0
2076483.08688570, 44854.386121,    0,    1, -1, 0.0, 0.0, 0.0,  0,  0,  0
2076483.08945100, 44854.386121,    0,    1, -1, 0.0, 0.0, 0.0,  0,  0,  0
2076483.09122910, 44854.386121,    0,    1, -1, 0.0, 0.0, 0.0,  0,  0,  0
2076483.09318660, 44854.386121,    0,    1, -1, 0.0, 0.0, 0.0,  0,  0,  0
2076483.09532420, 44854.706845,    0,    1, -1, 0.0, 0.0, 0.0,  0,  0,  0
2076483.09683040, 44854.706845,    0,    1, -1, 0.0, 0.0, 0.0,  0,  0,  0
2076483.10264270, 44854.706845,    0,    1, -1, 0.0, 0.0, 0.0,  0,  0,  0
2076483.10806130, 44854.760300,    0,    1, -1, 0.0, 0.0, 0.0,  0,  0,  0
2076483.10986240, 44854.760300,    0,    1, -1, 0.0, 0.0, 0.0,  0,  0,  0
2076483.11211360, 44854.760300,    0,    1, -1, 0.0, 0.0, 0.0,  0,  0,  0
2076483.11491650, 44854.567865,    0,    1, -1, 0.0, 0.0, 0.0,  0,  0,  0
2076483.11680630, 44854.567865,    0,    1, -1, 0.0, 0.0, 0.0,  0,  0,  0
2076483.11938080, 44854.567865,    0,    1, -1, 0.0, 0.0, 0.0,  0,  0,  0
2076483.12178980, 44854.567865,    0,    1, -1, 0.0, 0.0, 0.0,  0,  0,  0
2076483.12378890, 44854.460957,    0,    1, -1, 0.0, 0.0, 0.0,  0,  0,  0
2076483.12574610, 44854.460957,    0,    1, -1, 0.0, 0.0, 0.0,  0,  0,  0
2076483.12773250, 44854.460957,    0,    1, -1, 0.0, 0.0, 0.0,  0,  0,  0
2076483.12978400, 44854.460957,    0,    1, -1, 0.0, 0.0, 0.0,  0,  0,  0
2076483.13178340, 44854.460957,    0,    1, -1, 0.0, 0.0, 0.0,  0,  0,  0
2076483.13375990, 44854.567865,    0,    1, -1, 0.0, 0.0, 0.0,  0,  0,  0
2076483.13576160, 44854.567865,    0,    1, -1, 0.0, 0.0, 0.0,  0,  0,  0
2076483.13773200, 44854.567865,    0,    1, -1, 0.0, 0.0, 0.0,  0,  0,  0
2076483.14334090, 44854.567865,    0,    1, -1, 0.0, 0.0, 0.0,  0,  0,  0
2076483.14484170, 44854.546483,    0,    1, -1, 0.0, 0.0, 0.0,  0,  0,  0
2076483.14680860, 44854.546483,    0,    1, -1, 0.0, 0.0, 0.0,  0,  0,  0
2076483.15461770, 44854.546483,    0,    1, -1, 0.0, 0.0, 0.0,  0,  0,  0
2076483.15671080, 44854.482338,    0,    1, -1, 0.0, 0.0, 0.0,  0,  0,  0
2076483.16352920, 44854.482338,    0,    1, -1, 0.0, 0.0, 0.0,  0,  0,  0
2076483.16570030, 44854.364740,    0,    1, -1, 0.0, 0.0, 0.0,  0,  0,  0
2076483.16816650, 44854.364740,    0,    1, -1, 0.0, 0.0, 0.0,  0,  0,  0
2076483.17121950, 44854.364740,    0,    1, -1, 0.0, 0.0, 0.0,  0,  0,  0
2076483.17435570, 44854.364740,    0,    1, -1, 0.0, 0.0, 0.0,  0,  0,  0
2076483.17754210, 44854.589247,    0,    1, -1, 0.0, 0.0, 0.0,  0,  0,  0
2076483.17987290, 44854.589247,    0,    1, -1, 0.0, 0.0, 0.0,  0,  0,  0
2076483.18169170, 44854.589247,    0,    1, -1, 0.0, 0.0, 0.0,  0,  0,  0
2076483.18372540, 44854.653391,    0,    1, -1, 0.0, 0.0, 0.0,  0,  0,  0
2076483.18560480, 44854.653391,    0,    1, -1, 0.0, 0.0, 0.0,  0,  0,  0
2076483.18861700, 44854.653391,    0,    1, -1, 0.0, 0.0, 0.0,  0,  0,  0
2076483.19062050, 44854.653391,    0,    1, -1, 0.0, 0.0, 0.0,  0,  0,  0
2076483.19260410, 44854.653391,    0,    1, -1, 0.0, 0.0, 0.0,  0,  0,  0
2076483.19464020, 44854.610628,    0,    1, -1, 0.0, 0.0, 0.0,  0,  0,  0
2076483.19661070, 44854.610628,    0,    1, -1, 0.0, 0.0, 0.0,  0,  0,  0
2076483.19962010, 44854.610628,    0,    1, -1, 0.0, 0.0, 0.0,  0,  0,  0
2076483.20166020, 44854.610628,    0,    1, -1, 0.0, 0.0, 0.0,  0,  0,  0
2076483.20365720, 44854.557174,    0,    1, -1, 0.0, 0.0, 0.0,  0,  0,  0
2076483.20564770, 44854.557174,    0,    1, -1, 0.0, 0.0, 0.0,  0,  0,  0
2076483.21179780, 44854.557174,    0,    1, -1, 0.0, 0.0, 0.0,  0,  0,  0
2076483.21433000, 44854.760300,    0,    1, -1, 0.0, 0.0, 0.0,  0,  0,  0
2076483.21671500, 44854.760300,    0,    1, -1, 0.0, 0.0, 0.0,  0,  0,  0
2076483.22001990, 44854.760300,    0,    1, -1, 0.0, 0.0, 0.0,  0,  0,  0
2076483.22422710, 44854.760300,    0,    1, -1, 0.0, 0.0, 0.0,  0,  0,  0
2076483.22700400, 44854.653391,    0,    1, -1, 0.0, 0.0, 0.0,  0,  0,  0
2076483.22903910, 44854.653391,    0,    1, -1, 0.0, 0.0, 0.0,  0,  0,  0
2076483.23334430, 44854.653391,    0,    1, -1, 0.0, 0.0, 0.0,  0,  0,  0
2076483.23558450, 44854.535793,    0,    1, -1, 0.0, 0.0, 0.0,  0,  0,  0
2076483.24091380, 44854.535793,    0,    1, -1, 0.0, 0.0, 0.0,  0,  0,  0
2076483.24402830, 44854.535793,    0,    1, -1, 0.0, 0.0, 0.0,  0,  0,  0
2076483.24640570, 44854.418194,    0,    1, -1, 0.0, 0.0, 0.0,  0,  0,  0
2076483.24871110, 44854.418194,    0,    1, -1, 0.0, 0.0, 0.0,  0,  0,  0
2076483.25156730, 44854.418194,    0,    1, -1, 0.0, 0.0, 0.0,  0,  0,  0
2076483.25348130, 44854.332667,    0,    1, -1, 0.0, 0.0, 0.0,  0,  0,  0
2076483.25551400, 44854.332667,    0,    1, -1, 0.0, 0.0, 0.0,  0,  0,  0
2076483.25751120, 44854.332667,    0,    1, -1, 0.0, 0.0, 0.0,  0,  0,  0
2076483.25959660, 44854.332667,    0,    1, -1, 0.0, 0.0, 0.0,  0,  0,  0
2076483.26151360, 44854.332667,    0,    1, -1, 0.0, 0.0, 0.0,  0,  0,  0
2076483.26350940, 44854.375430,    0,    1, -1, 0.0, 0.0, 0.0,  0,  0,  0
2076483.26545650, 44854.375430,    0,    1, -1, 0.0, 0.0, 0.0,  0,  0,  0
2076483.27175110, 44854.375430,    0,    1, -1, 0.0, 0.0, 0.0,  0,  0,  0
2076483.27346210, 44854.375430,    0,    1, -1, 0.0, 0.0, 0.0,  0,  0,  0
2076483.27547290, 44854.386121,    0,    1, -1, 0.0, 0.0, 0.0,  0,  0,  0
2076483.28284010, 44854.386121,    0,    1, -1, 0.0, 0.0, 0.0,  0,  0,  0
2076483.28474460, 44854.460957,    0,    1, -1, 0.0, 0.0, 0.0,  0,  0,  0
2076483.28702780, 44854.460957,    0,    1, -1, 0.0, 0.0, 0.0,  0,  0,  0
2076483.28955020, 44854.460957,    0,    1, -1, 0.0, 0.0, 0.0,  0,  0,  0
2076483.29257220, 44854.460957,    0,    1, -1, 0.0, 0.0, 0.0,  0,  0,  0
2076483.29459290, 44854.525102,    0,    1, -1, 0.0, 0.0, 0.0,  0,  0,  0
2076483.29956560, 44854.525102,    0,    1, -1, 0.0, 0.0, 0.0,  0,  0,  0
2076483.30381200, 44854.525102,    0,    1, -1, 0.0, 0.0, 0.0,  0,  0,  0
2076483.30666000, 44854.460957,    0,    1, -1, 0.0, 0.0, 0.0,  0,  0,  0
2076483.30956940, 44854.460957,    0,    1, -1, 0.0, 0.0, 0.0,  0,  0,  0
2076483.31141370, 44854.460957,    0,    1, -1, 0.0, 0.0, 0.0,  0,  0,  0
2076483.31346830, 44854.460957,    0,    1, -1, 0.0, 0.0, 0.0,  0,  0,  0
2076483.31539980, 44854.460957,    0,    1, -1, 0.0, 0.0, 0.0,  0,  0,  0
2076483.31738720, 44854.460957,    0,    1, -1, 0.0, 0.0, 0.0,  0,  0,  0
2076483.31939530, 44854.460957,    0,    1, -1, 0.0, 0.0, 0.0,  0,  0,  0
2076483.32140900, 44854.460957,    0,    1, -1, 0.0, 0.0, 0.0,  0,  0,  0
2076483.32342230, 44854.460957,    0,    1, -1, 0.0, 0.0, 0.0,  0,  0,  0
2076483.32544630, 44854.535793,    0,    1, -1, 0.0, 0.0, 0.0,  0,  0,  0
2076483.32735650, 44854.535793,    0,    1, -1, 0.0, 0.0, 0.0,  0,  0,  0
2076483.32938100, 44854.535793,    0,    1, -1, 0.0, 0.0, 0.0,  0,  0,  0
2076483.33132810, 44854.535793,    0,    1, -1, 0.0, 0.0, 0.0,  0,  0,  0
2076483.33860900, 44854.535793,    0,    1, -1, 0.0, 0.0, 0.0,  0,  0,  0
2076483.34056560, 44854.717536,    0,    1, -1, 0.0, 0.0, 0.0,  0,  0,  0
2076483.34258330, 44854.717536,    0,    1, -1, 0.0, 0.0, 0.0,  0,  0,  0
2076483.34430010, 44854.781681,    0,    1, -1, 0.0, 0.0, 0.0,  0,  0,  0
2076483.34836710, 44854.781681,    0,    1, -1, 0.0, 0.0, 0.0,  0,  0,  0
2076483.35521420, 44854.781681,    0,    1, -1, 0.0, 0.0, 0.0,  0,  0,  0
2076483.35941250, 44854.738918,    0,    1, -1, 0.0, 0.0, 0.0,  0,  0,  0
2076483.36131650, 44854.738918,    0,    1, -1, 0.0, 0.0, 0.0,  0,  0,  0
2076483.36411160, 44854.738918,    0,    1, -1, 0.0, 0.0, 0.0,  0,  0,  0
2076483.36945820, 44854.460957,    0,    1, -1, 0.0, 0.0, 0.0,  0,  0,  0
2076483.37171650, 44854.460957,    0,    1, -1, 0.0, 0.0, 0.0,  0,  0,  0
2076483.37467200, 44854.460957,    0,    1, -1, 0.0, 0.0, 0.0,  0,  0,  0
2076483.37820720, 44854.225759,    0,    1, -1, 0.0, 0.0, 0.0,  0,  0,  0
2076483.38151390, 44854.225759,    0,    1, -1, 0.0, 0.0, 0.0,  0,  0,  0
2076483.38329940, 44854.225759,    0,    1, -1, 0.0, 0.0, 0.0,  0,  0,  0
2076483.38701900, 44854.247141,    0,    1, -1, 0.0, 0.0, 0.0,  0,  0,  0
2076483.38937180, 44854.247141,    0,    1, -1, 0.0, 0.0, 0.0,  0,  0,  0
2076483.39439460, 44854.247141,    0,    1, -1, 0.0, 0.0, 0.0,  0,  0,  0
2076483.39627150, 44854.557174,    0,    1, -1, 0.0, 0.0, 0.0,  0,  0,  0
2076483.40089050, 44854.557174,    0,    1, -1, 0.0, 0.0, 0.0,  0,  0,  0
2076483.40567050, 44854.557174,    0,    1, -1, 0.0, 0.0, 0.0,  0,  0,  0
2076483.40724420, 44854.482338,    0,    1, -1, 0.0, 0.0, 0.0,  0,  0,  0
2076483.40960850, 44854.482338,    0,    1, -1, 0.0, 0.0, 0.0,  0,  0,  0
2076483.41233030, 44854.482338,    0,    1, -1, 0.0, 0.0, 0.0,  0,  0,  0
2076483.41470750, 44854.386121,    0,    1, -1, 0.0, 0.0, 0.0,  0,  0,  0
2076483.41629810, 44854.386121,    0,    1, -1, 0.0, 0.0, 0.0,  0,  0,  0
2076483.41867300, 44854.386121,    0,    1, -1, 0.0, 0.0, 0.0,  0,  0,  0
2076483.42089460, 44854.386121,    0,    1, -1, 0.0, 0.0, 0.0,  0,  0,  0
2076483.42494270, 44854.386121,    0,    1, -1, 0.0, 0.0, 0.0,  0,  0,  0
2076483.42800210, 44854.578556,    0,    1, -1, 0.0, 0.0, 0.0,  0,  0,  0
2076483.43021530, 44854.578556,    0,    1, -1, 0.0, 0.0, 0.0,  0,  0,  0
2076483.43393380, 44854.578556,    0,    1, -1, 0.0, 0.0, 0.0,  0,  0,  0
2076483.43699050, 44854.856517,    0,    1, -1, 0.0, 0.0, 0.0,  0,  0,  0
2076483.43914640, 44854.856517,    0,    1, -1, 0.0, 0.0, 0.0,  0,  0,  0
2076483.44110740, 44854.856517,    0,    1, -1, 0.0, 0.0, 0.0,  0,  0,  0
2076483.44314080, 44854.856517,    0,    1, -1, 0.0, 0.0, 0.0,  0,  0,  0
2076483.44516220, 44855.016879,    0,    1, -1, 0.0, 0.0, 0.0,  0,  0,  0
2076483.44712520, 44855.016879,    0,    1, -1, 0.0, 0.0, 0.0,  0,  0,  0
2076483.44919340, 44855.016879,    0,    1, -1, 0.0, 0.0, 0.0,  0,  0,  0
2076483.45117540, 44855.016879,    0,    1, -1, 0.0, 0.0, 0.0,  0,  0,  0
2076483.45308890, 44855.016879,    0,    1, -1, 0.0, 0.0, 0.0,  0,  0,  0
2076483.45507780, 44854.813754,    0,    1, -1, 0.0, 0.0, 0.0,  0,  0,  0
2076483.45710900, 44854.813754,    0,    1, -1, 0.0, 0.0, 0.0,  0,  0,  0
2076483.46325340, 44854.813754,    0,    1, -1, 0.0, 0.0, 0.0,  0,  0,  0
2076483.46630860, 44854.428884,    0,    1, -1, 0.0, 0.0, 0.0,  0,  0,  0
2076483.46896680, 44854.428884,    0,    1, -1, 0.0, 0.0, 0.0,  0,  0,  0
2076483.47247860, 44854.428884,    0,    1, -1, 0.0, 0.0, 0.0,  0,  0,  0
2076483.47486630, 44854.493029,    0,    1, -1, 0.0, 0.0, 0.0,  0,  0,  0
2076483.47850270, 44854.493029,    0,    1, -1, 0.0, 0.0, 0.0,  0,  0,  0
2076483.48183050, 44854.493029,    0,    1, -1, 0.0, 0.0, 0.0,  0,  0,  0
2076483.48577710, 44854.300595,    0,    1, -1, 0.0, 0.0, 0.0,  0,  0,  0
2076483.48820320, 44854.300595,    0,    1, -1, 0.0, 0.0, 0.0,  0,  0,  0
2076483.49072180, 44854.300595,    0,    1, -1, 0.0, 0.0, 0.0,  0,  0,  0
2076483.49530770, 44854.300595,    0,    1, -1, 0.0, 0.0, 0.0,  0,  0,  0
2076483.49836510, 44854.418194,    0,    1, -1, 0.0, 0.0, 0.0,  0,  0,  0
2076483.50006490, 44854.418194,    0,    1, -1, 0.0, 0.0, 0.0,  0,  0,  0
2076483.50259430, 44854.418194,    0,    1, -1, 0.0, 0.0, 0.0,  0,  0,  0
2076483.50595140, 44854.428884,    0,    1, -1, 0.0, 0.0, 0.0,  0,  0,  0
2076483.50801680, 44854.428884,    0,    1, -1, 0.0, 0.0, 0.0,  0,  0,  0
2076483.50998550, 44854.428884,    0,    1, -1, 0.0, 0.0, 0.0,  0,  0,  0
2076483.51203290, 44854.428884,    0,    1, -1, 0.0, 0.0, 0.0,  0,  0,  0
2076483.51402710, 44854.599937,    0,    1, -1, 0.0, 0.0, 0.0,  0,  0,  0
2076483.51608040, 44854.599937,    0,    1, -1, 0.0, 0.0, 0.0,  0,  0,  0
2076483.51800910, 44854.599937,    0,    1, -1, 0.0, 0.0, 0.0,  0,  0,  0
2076483.52649010, 44854.599937,    0,    1, -1, 0.0, 0.0, 0.0,  0,  0,  0
2076483.52841130, 44854.525102,    0,    1, -1, 0.0, 0.0, 0.0,  0,  0,  0
2076483.53045640, 44854.525102,    0,    1, -1, 0.0, 0.0, 0.0,  0,  0,  0
2076483.53309380, 44854.525102,    0,    1, -1, 0.0, 0.0, 0.0,  0,  0,  0
2076483.53583240, 44854.567865,    0,    1, -1, 0.0, 0.0, 0.0,  0,  0,  0
2076483.53954410, 44854.567865,    0,    1, -1, 0.0, 0.0, 0.0,  0,  0,  0
2076483.54095320, 44854.567865,    0,    1, -1, 0.0, 0.0, 0.0,  0,  0,  0
2076483.54475100, 44854.567865,    0,    1, -1, 0.0, 0.0, 0.0,  0,  0,  0
2076483.54701150, 44854.599937,    0,    1, -1, 0.0, 0.0, 0.0,  0,  0,  0
2076483.54907410, 44854.599937,    0,    1, -1, 0.0, 0.0, 0.0,  0,  0,  0
2076483.55319790, 44854.599937,    0,    1, -1, 0.0, 0.0, 0.0,  0,  0,  0
2076483.55565730, 44854.514411,    0,    1, -1, 0.0, 0.0, 0.0,  0,  0,  0
2076483.55900890, 44854.514411,    0,    1, -1, 0.0, 0.0, 0.0,  0,  0,  0
2076483.56227660, 44854.514411,    0,    1, -1, 0.0, 0.0, 0.0,  0,  0,  0
2076483.56468740, 44854.471648,    0,    1, -1, 0.0, 0.0, 0.0,  0,  0,  0
2076483.56697070, 44854.471648,    0,    1, -1, 0.0, 0.0, 0.0,  0,  0,  0
2076483.56890120, 44854.471648,    0,    1, -1, 0.0, 0.0, 0.0,  0,  0,  0
2076483.57088450, 44854.471648,    0,    1, -1, 0.0, 0.0, 0.0,  0,  0,  0
2076483.57289430, 44854.471648,    0,    1, -1, 0.0, 0.0, 0.0,  0,  0,  0
2076483.57489450, 44854.439575,    0,    1, -1, 0.0, 0.0, 0.0,  0,  0,  0
2076483.57690590, 44854.439575,    0,    1, -1, 0.0, 0.0, 0.0,  0,  0,  0
2076483.57890670, 44854.439575,    0,    1, -1, 0.0, 0.0, 0.0,  0,  0,  0
2076483.58544230, 44854.439575,    0,    1, -1, 0.0, 0.0, 0.0,  0,  0,  0
2076483.58705300, 44854.567865,    0,    1, -1, 0.0, 0.0, 0.0,  0,  0,  0
2076483.58918280, 44854.567865,    0,    1, -1, 0.0, 0.0, 0.0,  0,  0,  0
2076483.59091090, 44854.567865,    0,    1, -1, 0.0, 0.0, 0.0,  0,  0,  0
2076483.59689980, 44854.567865,    0,    1, -1, 0.0, 0.0, 0.0,  0,  0,  0
2076483.60115080, 44854.717536,    0,    1, -1, 0.0, 0.0, 0.0,  0,  0,  0
2076483.60646980, 44854.525102,    0,    1, -1, 0.0, 0.0, 0.0,  0,  0,  0
2076483.61253660, 44854.525102,    0,    1, -1, 0.0, 0.0, 0.0,  0,  0,  0
2076483.61564790, 44854.396812,    0,    1, -1, 0.0, 0.0, 0.0,  0,  0,  0
2076483.61787210, 44854.396812,    0,    1, -1, 0.0, 0.0, 0.0,  0,  0,  0
2076483.62057390, 44854.396812,    0,    1, -1, 0.0, 0.0, 0.0,  0,  0,  0
2076483.62302100, 44854.396812,    0,    1, -1, 0.0, 0.0, 0.0,  0,  0,  0
2076483.62483160, 44854.407503,    0,    1, -1, 0.0, 0.0, 0.0,  0,  0,  0
2076483.62687030, 44854.407503,    0,    1, -1, 0.0, 0.0, 0.0,  0,  0,  0
2076483.62881990, 44854.407503,    0,    1, -1, 0.0, 0.0, 0.0,  0,  0,  0
2076483.63081890, 44854.407503,    0,    1, -1, 0.0, 0.0, 0.0,  0,  0,  0
2076483.63285050, 44854.407503,    0,    1, -1, 0.0, 0.0, 0.0,  0,  0,  0
2076483.63512910, 44854.557174,    0,    1, -1, 0.0, 0.0, 0.0,  0,  0,  0
2076483.63677880, 44854.557174,    0,    1, -1, 0.0, 0.0, 0.0,  0,  0,  0
2076483.63882020, 44854.557174,    0,    1, -1, 0.0, 0.0, 0.0,  0,  0,  0
2076483.64428340, 44854.557174,    0,    1, -1, 0.0, 0.0, 0.0,  0,  0,  0
2076483.64573880, 44854.460957,    0,    1, -1, 0.0, 0.0, 0.0,  0,  0,  0
2076483.64781530, 44854.460957,    0,    1, -1, 0.0, 0.0, 0.0,  0,  0,  0
2076483.65023560, 44854.460957,    0,    1, -1, 0.0, 0.0, 0.0,  0,  0,  0
2076483.65210110, 44854.460957,    0,    1, -1, 0.0, 0.0, 0.0,  0,  0,  0
2076483.65982080, 44854.332667,    0,    1, -1, 0.0, 0.0, 0.0,  0,  0,  0
2076483.66244670, 44854.332667,    0,    1, -1, 0.0, 0.0, 0.0,  0,  0,  0
2076483.66838060, 44854.289904,    0,    1, -1, 0.0, 0.0, 0.0,  0,  0,  0
2076483.67091080, 44854.289904,    0,    1, -1, 0.0, 0.0, 0.0,  0,  0,  0
2076483.67405070, 44854.289904,    0,    1, -1, 0.0, 0.0, 0.0,  0,  0,  0
2076483.67701690, 44854.268522,    0,    1, -1, 0.0, 0.0, 0.0,  0,  0,  0
2076483.68051960, 44854.268522,    0,    1, -1, 0.0, 0.0, 0.0,  0,  0,  0
2076483.68467820, 44854.268522,    0,    1, -1, 0.0, 0.0, 0.0,  0,  0,  0
2076483.68756600, 44854.460957,    0,    1, -1, 0.0, 0.0, 0.0,  0,  0,  0
2076483.68966000, 44854.460957,    0,    1, -1, 0.0, 0.0, 0.0,  0,  0,  0
2076483.69168820, 44854.460957,    0,    1, -1, 0.0, 0.0, 0.0,  0,  0,  0
2076483.69368780, 44854.610628,    0,    1, -1, 0.0, 0.0, 0.0,  0,  0,  0
2076483.69568760, 44854.610628,    0,    1, -1, 0.0, 0.0, 0.0,  0,  0,  0
2076483.69771170, 44854.610628,    0,    1, -1, 0.0, 0.0, 0.0,  0,  0,  0
2076483.69968400, 44854.610628,    0,    1, -1, 0.0, 0.0, 0.0,  0,  0,  0
2076483.70169200, 44854.610628,    0,    1, -1, 0.0, 0.0, 0.0,  0,  0,  0
2076483.70362370, 44854.546483,    0,    1, -1, 0.0, 0.0, 0.0,  0,  0,  0
2076483.70561750, 44854.546483,    0,    1, -1, 0.0, 0.0, 0.0,  0,  0,  0
2076483.70758050, 44854.546483,    0,    1, -1, 0.0, 0.0, 0.0,  0,  0,  0
2076483.70956370, 44854.546483,    0,    1, -1, 0.0, 0.0, 0.0,  0,  0,  0
2076483.71496250, 44854.546483,    0,    1, -1, 0.0, 0.0, 0.0,  0,  0,  0
2076483.71667620, 44854.674773,    0,    1, -1, 0.0, 0.0, 0.0,  0,  0,  0
2076483.71882350, 44854.674773,    0,    1, -1, 0.0, 0.0, 0.0,  0,  0,  0
2076483.72064500, 44854.674773,    0,    1, -1, 0.0, 0.0, 0.0,  0,  0,  0
2076483.72361080, 44854.674773,    0,    1, -1, 0.0, 0.0, 0.0,  0,  0,  0
2076483.72591660, 44854.674773,    0,    1, -1, 0.0, 0.0, 0.0,  0,  0,  0
2076483.72870910, 44854.674773,    0,    1, -1, 0.0, 0.0, 0.0,  0,  0,  0
2076483.73063460, 44854.674773,    0,    1, -1, 0.0, 0.0, 0.0,  0,  0,  0
2076483.73528040, 44854.674773,    0,    1, -1, 0.0, 0.0, 0.0,  0,  0,  0
2076483.73963000, 44854.696155,    0,    1, -1, 0.0, 0.0, 0.0,  0,  0,  0
2076483.74362030, 44854.696155,    0,    1, -1, 0.0, 0.0, 0.0,  0,  0,  0
2076483.74954590, 44854.557174,    0,    1, -1, 0.0, 0.0, 0.0,  0,  0,  0
2076483.75407840, 44854.557174,    0,    1, -1, 0.0, 0.0, 0.0,  0,  0,  0
2076483.75719090, 44854.599937,    0,    1, -1, 0.0, 0.0, 0.0,  0,  0,  0
2076483.76024510, 44854.599937,    0,    1, -1, 0.0, 0.0, 0.0,  0,  0,  0
2076483.76256210, 44854.599937,    0,    1, -1, 0.0, 0.0, 0.0,  0,  0,  0
2076483.76455750, 44854.428884,    0,    1, -1, 0.0, 0.0, 0.0,  0,  0,  0
2076483.76656260, 44854.428884,    0,    1, -1, 0.0, 0.0, 0.0,  0,  0,  0
2076483.76856860, 44854.428884,    0,    1, -1, 0.0, 0.0, 0.0,  0,  0,  0
2076483.77054530, 44854.428884,    0,    1, -1, 0.0, 0.0, 0.0,  0,  0,  0
2076483.77725060, 44854.428884,    0,    1, -1, 0.0, 0.0, 0.0,  0,  0,  0
2076483.77952870, 44854.375430,    0,    1, -1, 0.0, 0.0, 0.0,  0,  0,  0
2076483.78158760, 44854.375430,    0,    1, -1, 0.0, 0.0, 0.0,  0,  0,  0
2076483.78454890, 44854.471648,    0,    1, -1, 0.0, 0.0, 0.0,  0,  0,  0
2076483.78710750, 44854.471648,    0,    1, -1, 0.0, 0.0, 0.0,  0,  0,  0
2076483.79053950, 44854.471648,    0,    1, -1, 0.0, 0.0, 0.0,  0,  0,  0
2076483.79445220, 44854.471648,    0,    1, -1, 0.0, 0.0, 0.0,  0,  0,  0
2076483.79693580, 44854.653391,    0,    1, -1, 0.0, 0.0, 0.0,  0,  0,  0
2076483.79986770, 44854.653391,    0,    1, -1, 0.0, 0.0, 0.0,  0,  0,  0
2076483.80410580, 44854.653391,    0,    1, -1, 0.0, 0.0, 0.0,  0,  0,  0
2076483.80647780, 44854.664082,    0,    1, -1, 0.0, 0.0, 0.0,  0,  0,  0
2076483.80922380, 44854.664082,    0,    1, -1, 0.0, 0.0, 0.0,  0,  0,  0
2076483.81282640, 44854.664082,    0,    1, -1, 0.0, 0.0, 0.0,  0,  0,  0
2076483.81448520, 44854.589247,    0,    1, -1, 0.0, 0.0, 0.0,  0,  0,  0
2076483.81888500, 44854.589247,    0,    1, -1, 0.0, 0.0, 0.0,  0,  0,  0
2076483.82044830, 44854.589247,    0,    1, -1, 0.0, 0.0, 0.0,  0,  0,  0
2076483.82252120, 44854.589247,    0,    1, -1, 0.0, 0.0, 0.0,  0,  0,  0
2076483.82446990, 44854.514411,    0,    1, -1, 0.0, 0.0, 0.0,  0,  0,  0
2076483.82637540, 44854.514411,    0,    1, -1, 0.0, 0.0, 0.0,  0,  0,  0
2076483.82836770, 44854.514411,    0,    1, -1, 0.0, 0.0, 0.0,  0,  0,  0
2076483.83036360, 44854.514411,    0,    1, -1, 0.0, 0.0, 0.0,  0,  0,  0
2076483.83240850, 44854.514411,    0,    1, -1, 0.0, 0.0, 0.0,  0,  0,  0
2076483.83880160, 44854.471648,    0,    1, -1, 0.0, 0.0, 0.0,  0,  0,  0
2076483.84035970, 44854.471648,    0,    1, -1, 0.0, 0.0, 0.0,  0,  0,  0
2076483.84278990, 44854.471648,    0,    1, -1, 0.0, 0.0, 0.0,  0,  0,  0
2076483.84447420, 44854.343358,    0,    1, -1, 0.0, 0.0, 0.0,  0,  0,  0
2076483.84641910, 44854.343358,    0,    1, -1, 0.0, 0.0, 0.0,  0,  0,  0
2076483.85224960, 44854.343358,    0,    1, -1, 0.0, 0.0, 0.0,  0,  0,  0
2076483.85587260, 44854.493029,    0,    1, -1, 0.0, 0.0, 0.0,  0,  0,  0
2076483.85854440, 44854.493029,    0,    1, -1, 0.0, 0.0, 0.0,  0,  0,  0
2076483.86128870, 44854.493029,    0,    1, -1, 0.0, 0.0, 0.0,  0,  0,  0
2076483.86369790, 44854.493029,    0,    1, -1, 0.0, 0.0, 0.0,  0,  0,  0
2076483.86711630, 44854.450266,    0,    1, -1, 0.0, 0.0, 0.0,  0,  0,  0
2076483.86934470, 44854.450266,    0,    1, -1, 0.0, 0.0, 0.0,  0,  0,  0
2076483.87216130, 44854.450266,    0,    1, -1, 0.0, 0.0, 0.0,  0,  0,  0
2076483.87526070, 44854.514411,    0,    1, -1, 0.0, 0.0, 0.0,  0,  0,  0
2076483.87935040, 44854.514411,    0,    1, -1, 0.0, 0.0, 0.0,  0,  0,  0
2076483.88368610, 44854.514411,    0,    1, -1, 0.0, 0.0, 0.0,  0,  0,  0
2076483.88537330, 44854.311286,    0,    1, -1, 0.0, 0.0, 0.0,  0,  0,  0
2076483.88871860, 44854.311286,    0,    1, -1, 0.0, 0.0, 0.0,  0,  0,  0
2076483.89454230, 44854.311286,    0,    1, -1, 0.0, 0.0, 0.0,  0,  0,  0
2076483.89633490, 44854.257831,    0,    1, -1, 0.0, 0.0, 0.0,  0,  0,  0
2076483.89838200, 44854.257831,    0,    1, -1, 0.0, 0.0, 0.0,  0,  0,  0
2076483.90090400, 44854.257831,    0,    1, -1, 0.0, 0.0, 0.0,  0,  0,  0
2076483.90650180, 44854.257831,    0,    1, -1, 0.0, 0.0, 0.0,  0,  0,  0
2076483.90966320, 44854.386121,    0,    1, -1, 0.0, 0.0, 0.0,  0,  0,  0
2076483.91134090, 44854.386121,    0,    1, -1, 0.0, 0.0, 0.0,  0,  0,  0
2076483.91327350, 44854.386121,    0,    1, -1, 0.0, 0.0, 0.0,  0,  0,  0
2076483.91677870, 44854.567865,    0,    1, -1, 0.0, 0.0, 0.0,  0,  0,  0
2076483.92049050, 44854.567865,    0,    1, -1, 0.0, 0.0, 0.0,  0,  0,  0
2076483.92232650, 44854.567865,    0,    1, -1, 0.0, 0.0, 0.0,  0,  0,  0
2076483.92571360, 44854.482338,    0,    1, -1, 0.0, 0.0, 0.0,  0,  0,  0
2076483.92854900, 44854.482338,    0,    1, -1, 0.0, 0.0, 0.0,  0,  0,  0
2076483.93134260, 44854.482338,    0,    1, -1, 0.0, 0.0, 0.0,  0,  0,  0
2076483.93339130, 44854.482338,    0,    1, -1, 0.0, 0.0, 0.0,  0,  0,  0
2076483.93542080, 44854.418194,    0,    1, -1, 0.0, 0.0, 0.0,  0,  0,  0
2076483.93790650, 44854.418194,    0,    1, -1, 0.0, 0.0, 0.0,  0,  0,  0
2076483.94024460, 44854.418194,    0,    1, -1, 0.0, 0.0, 0.0,  0,  0,  0
2076483.94222390, 44854.418194,    0,    1, -1, 0.0, 0.0, 0.0,  0,  0,  0
2076483.94423270, 44854.482338,    0,    1, -1, 0.0, 0.0, 0.0,  0,  0,  0
2076483.94620940, 44854.482338,    0,    1, -1, 0.0, 0.0, 0.0,  0,  0,  0
2076483.94822350, 44854.482338,    0,    1, -1, 0.0, 0.0, 0.0,  0,  0,  0
2076483.95019730, 44854.482338,    0,    1, -1, 0.0, 0.0, 0.0,  0,  0,  0
2076483.95223380, 44854.482338,    0,    1, -1, 0.0, 0.0, 0.0,  0,  0,  0
2076483.95413840, 44854.557174,    0,    1, -1, 0.0, 0.0, 0.0,  0,  0,  0
2076483.95619840, 44854.557174,    0,    1, -1, 0.0, 0.0, 0.0,  0,  0,  0
2076483.96189290, 44854.557174,    0,    1, -1, 0.0, 0.0, 0.0,  0,  0,  0
2076483.96459840, 44854.578556,    0,    1, -1, 0.0, 0.0, 0.0,  0,  0,  0
2076483.96616040, 44854.578556,    0,    1, -1, 0.0, 0.0, 0.0,  0,  0,  0
2076483.96874370, 44854.578556,    0,    1, -1, 0.0, 0.0, 0.0,  0,  0,  0
2076483.97207770, 44854.578556,    0,    1, -1, 0.0, 0.0, 0.0,  0,  0,  0
2076483.97487640, 44854.685464,    0,    1, -1, 0.0, 0.0, 0.0,  0,  0,  0
2076483.97720630, 44854.685464,    0,    1, -1, 0.0, 0.0, 0.0,  0,  0,  0
2076483.97993910, 44854.685464,    0,    1, -1, 0.0, 0.0, 0.0,  0,  0,  0
2076483.98385990, 44854.685464,    0,    1, -1, 0.0, 0.0, 0.0,  0,  0,  0
2076483.98611870, 44854.567865,    0,    1, -1, 0.0, 0.0, 0.0,  0,  0,  0
2076483.98855840, 44854.567865,    0,    1, -1, 0.0, 0.0, 0.0,  0,  0,  0
2076483.99149430, 44854.567865,    0,    1, -1, 0.0, 0.0, 0.0,  0,  0,  0
2076483.99566520, 44854.567865,    0,    1, -1, 0.0, 0.0, 0.0,  0,  0,  0
2076483.99864940, 44854.632010,    0,    1, -1, 0.0, 0.0, 0.0,  0,  0,  0
2076484.00275200, 44854.632010,    0,    1, -1, 0.0, 0.0, 0.0,  0,  0,  0
2076484.00506350, 44854.749609,    0,    1, -1, 0.0, 0.0, 0.0,  0,  0,  0
2076484.00706090, 44854.749609,    0,    1, -1, 0.0, 0.0, 0.0,  0,  0,  0
2076484.00904590, 44854.749609,    0,    1, -1, 0.0, 0.0, 0.0,  0,  0,  0
2076484.01106490, 44854.749609,    0,    1, -1, 0.0, 0.0, 0.0,  0,  0,  0
2076484.01303910, 44854.749609,    0,    1, -1, 0.0, 0.0, 0.0,  0,  0,  0
2076484.02120300, 44854.685464,    0,    1, -1, 0.0, 0.0, 0.0,  0,  0,  0
2076484.02316900, 44854.685464,    0,    1, -1, 0.0, 0.0, 0.0,  0,  0,  0
2076484.02507240, 44854.460957,    0,    1, -1, 0.0, 0.0, 0.0,  0,  0,  0
2076484.02901310, 44854.460957,    0,    1, -1, 0.0, 0.0, 0.0,  0,  0,  0
2076484.03208390, 44854.460957,    0,    1, -1, 0.0, 0.0, 0.0,  0,  0,  0
2076484.03420120, 44854.578556,    0,    1, -1, 0.0, 0.0, 0.0,  0,  0,  0
2076484.04140440, 44854.578556,    0,    1, -1, 0.0, 0.0, 0.0,  0,  0,  0
2076484.04318760, 44854.578556,    0,    1, -1, 0.0, 0.0, 0.0,  0,  0,  0
2076484.04605020, 44854.482338,    0,    1, -1, 0.0, 0.0, 0.0,  0,  0,  0
2076484.04905150, 44854.482338,    0,    1, -1, 0.0, 0.0, 0.0,  0,  0,  0
2076484.05339210, 44854.482338,    0,    1, -1, 0.0, 0.0, 0.0,  0,  0,  0
2076484.05651830, 44854.514411,    0,    1, -1, 0.0, 0.0, 0.0,  0,  0,  0
2076484.05883560, 44854.514411,    0,    1, -1, 0.0, 0.0, 0.0,  0,  0,  0
2076484.06095730, 44854.514411,    0,    1, -1, 0.0, 0.0, 0.0,  0,  0,  0
2076484.06295200, 44854.514411,    0,    1, -1, 0.0, 0.0, 0.0,  0,  0,  0
2076484.06505290, 44854.503720,    0,    1, -1, 0.0, 0.0, 0.0,  0,  0,  0
2076484.06700210, 44854.503720,    0,    1, -1, 0.0, 0.0, 0.0,  0,  0,  0
2076484.06907980, 44854.503720,    0,    1, -1, 0.0, 0.0, 0.0,  0,  0,  0
2076484.07097190, 44854.503720,    0,    1, -1, 0.0, 0.0, 0.0,  0,  0,  0
2076484.07293240, 44854.503720,    0,    1, -1, 0.0, 0.0, 0.0,  0,  0,  0
2076484.07495900, 44854.460957,    0,    1, -1, 0.0, 0.0, 0.0,  0,  0,  0
2076484.07696070, 44854.460957,    0,    1, -1, 0.0, 0.0, 0.0,  0,  0,  0
2076484.07897250, 44854.460957,    0,    1, -1, 0.0, 0.0, 0.0,  0,  0,  0
2076484.08094980, 44854.460957,    0,    1, -1, 0.0, 0.0, 0.0,  0,  0,  0
2076484.08297130, 44854.460957,    0,    1, -1, 0.0, 0.0, 0.0,  0,  0,  0
2076484.08489880, 44854.439575,    0,    1, -1, 0.0, 0.0, 0.0,  0,  0,  0
2076484.08962350, 44854.439575,    0,    1, -1, 0.0, 0.0, 0.0,  0,  0,  0
2076484.09194350, 44854.439575,    0,    1, -1, 0.0, 0.0, 0.0,  0,  0,  0
2076484.09397430, 44854.578556,    0,    1, -1, 0.0, 0.0, 0.0,  0,  0,  0
2076484.09717110, 44854.578556,    0,    1, -1, 0.0, 0.0, 0.0,  0,  0,  0
2076484.10175100, 44854.578556,    0,    1, -1, 0.0, 0.0, 0.0,  0,  0,  0
2076484.10435270, 44854.471648,    0,    1, -1, 0.0, 0.0, 0.0,  0,  0,  0
2076484.10712730, 44854.471648,    0,    1, -1, 0.0, 0.0, 0.0,  0,  0,  0
2076484.11000850, 44854.471648,    0,    1, -1, 0.0, 0.0, 0.0,  0,  0,  0
2076484.11193550, 44854.471648,    0,    1, -1, 0.0, 0.0, 0.0,  0,  0,  0
2076484.11701610, 44854.642701,    0,    1, -1, 0.0, 0.0, 0.0,  0,  0,  0
2076484.11890000, 44854.642701,    0,    1, -1, 0.0, 0.0, 0.0,  0,  0,  0
2076484.12155120, 44854.642701,    0,    1, -1, 0.0, 0.0, 0.0,  0,  0,  0
2076484.12454740, 44854.664082,    0,    1, -1, 0.0, 0.0, 0.0,  0,  0,  0
2076484.12782010, 44854.664082,    0,    1, -1, 0.0, 0.0, 0.0,  0,  0,  0
2076484.12988170, 44854.664082,    0,    1, -1, 0.0, 0.0, 0.0,  0,  0,  0
2076484.13188290, 44854.664082,    0,    1, -1, 0.0, 0.0, 0.0,  0,  0,  0
2076484.13396410, 44854.493029,    0,    1, -1, 0.0, 0.0, 0.0,  0,  0,  0
2076484.13587230, 44854.493029,    0,    1, -1, 0.0, 0.0, 0.0,  0,  0,  0
2076484.13787330, 44854.493029,    0,    1, -1, 0.0, 0.0, 0.0,  0,  0,  0
2076484.13986070, 44854.493029,    0,    1, -1, 0.0, 0.0, 0.0,  0,  0,  0
2076484.14185250, 44854.493029,    0,    1, -1, 0.0, 0.0, 0.0,  0,  0,  0
2076484.14385700, 44854.407503,    0,    1, -1, 0.0, 0.0, 0.0,  0,  0,  0
2076484.14586900, 44854.407503,    0,    1, -1, 0.0, 0.0, 0.0,  0,  0,  0
2076484.15033950, 44854.407503,    0,    1, -1, 0.0, 0.0, 0.0,  0,  0,  0
2076484.15185670, 44854.407503,    0,    1, -1, 0.0, 0.0, 0.0,  0,  0,  0
2076484.15423570, 44854.460957,    0,    1, -1, 0.0, 0.0, 0.0,  0,  0,  0
2076484.15576720, 44854.460957,    0,    1, -1, 0.0, 0.0, 0.0,  0,  0,  0
2076484.16094040, 44854.460957,    0,    1, -1, 0.0, 0.0, 0.0,  0,  0,  0
2076484.16437650, 44854.460957,    0,    1, -1, 0.0, 0.0, 0.0,  0,  0,  0
2076484.16579830, 44854.493029,    0,    1, -1, 0.0, 0.0, 0.0,  0,  0,  0
2076484.16818920, 44854.493029,    0,    1, -1, 0.0, 0.0, 0.0,  0,  0,  0
2076484.17900870, 44854.493029,    0,    1, -1, 0.0, 0.0, 0.0,  0,  0,  0
2076484.18279230, 44854.493029,    0,    1, -1, 0.0, 0.0, 0.0,  0,  0,  0
2076484.18482150, 44854.386121,    0,    1, -1, 0.0, 0.0, 0.0,  0,  0,  0
2076484.18818030, 44854.386121,    0,    1, -1, 0.0, 0.0, 0.0,  0,  0,  0
2076484.19149730, 44854.386121,    0,    1, -1, 0.0, 0.0, 0.0,  0,  0,  0
2076484.19401160, 44854.418194,    0,    1, -1, 0.0, 0.0, 0.0,  0,  0,  0
2076484.19570240, 44854.418194,    0,    1, -1, 0.0, 0.0, 0.0,  0,  0,  0
2076484.19771490, 44854.418194,    0,    1, -1, 0.0, 0.0, 0.0,  0,  0,  0
2076484.20073060, 44854.418194,    0,    1, -1, 0.0, 0.0, 0.0,  0,  0,  0
2076484.20268050, 44854.418194,    0,    1, -1, 0.0, 0.0, 0.0,  0,  0,  0
2076484.20470170, 44854.567865,    0,    1, -1, 0.0, 0.0, 0.0,  0,  0,  0
2076484.21081010, 44854.567865,    0,    1, -1, 0.0, 0.0, 0.0,  0,  0,  0
2076484.21322160, 44854.567865,    0,    1, -1, 0.0, 0.0, 0.0,  0,  0,  0
2076484.21468630, 44854.578556,    0,    1, -1, 0.0, 0.0, 0.0,  0,  0,  0
2076484.21739730, 44854.578556,    0,    1, -1, 0.0, 0.0, 0.0,  0,  0,  0
2076484.22422750, 44854.578556,    0,    1, -1, 0.0, 0.0, 0.0,  0,  0,  0
2076484.22726380, 44854.535793,    0,    1, -1, 0.0, 0.0, 0.0,  0,  0,  0
2076484.23425950, 44854.535793,    0,    1, -1, 0.0, 0.0, 0.0,  0,  0,  0
2076484.23679940, 44854.482338,    0,    1, -1, 0.0, 0.0, 0.0,  0,  0,  0
2076484.23888870, 44854.482338,    0,    1, -1, 0.0, 0.0, 0.0,  0,  0,  0
2076484.24215470, 44854.482338,    0,    1, -1, 0.0, 0.0, 0.0,  0,  0,  0
2076484.24564360, 44854.557174,    0,    1, -1, 0.0, 0.0, 0.0,  0,  0,  0
2076484.24881070, 44854.557174,    0,    1, -1, 0.0, 0.0, 0.0,  0,  0,  0
2076484.25071580, 44854.557174,    0,    1, -1, 0.0, 0.0, 0.0,  0,  0,  0
2076484.25364580, 44854.664082,    0,    1, -1, 0.0, 0.0, 0.0,  0,  0,  0
2076484.25562090, 44854.664082,    0,    1, -1, 0.0, 0.0, 0.0,  0,  0,  0
2076484.25761960, 44854.664082,    0,    1, -1, 0.0, 0.0, 0.0,  0,  0,  0
2076484.25961950, 44854.664082,    0,    1, -1, 0.0, 0.0, 0.0,  0,  0,  0
2076484.26155570, 44854.664082,    0,    1, -1, 0.0, 0.0, 0.0,  0,  0,  0
2076484.26360170, 44854.428884,    0,    1, -1, 0.0, 0.0, 0.0,  0,  0,  0
2076484.26562380, 44854.428884,    0,    1, -1, 0.0, 0.0, 0.0,  0,  0,  0
2076484.27241470, 44854.428884,    0,    1, -1, 0.0, 0.0, 0.0,  0,  0,  0
2076484.27456010, 44854.503720,    0,    1, -1, 0.0, 0.0, 0.0,  0,  0,  0
2076484.27654770, 44854.503720,    0,    1, -1, 0.0, 0.0, 0.0,  0,  0,  0
2076484.28474800, 44854.503720,    0,    1, -1, 0.0, 0.0, 0.0,  0,  0,  0
2076484.28655120, 44854.578556,    0,    1, -1, 0.0, 0.0, 0.0,  0,  0,  0
2076484.28997550, 44854.578556,    0,    1, -1, 0.0, 0.0, 0.0,  0,  0,  0
2076484.29355390, 44854.578556,    0,    1, -1, 0.0, 0.0, 0.0,  0,  0,  0
2076484.29558370, 44854.460957,    0,    1, -1, 0.0, 0.0, 0.0,  0,  0,  0
2076484.30297660, 44854.460957,    0,    1, -1, 0.0, 0.0, 0.0,  0,  0,  0
2076484.30633090, 44854.471648,    0,    1, -1, 0.0, 0.0, 0.0,  0,  0,  0
2076484.30920390, 44854.471648,    0,    1, -1, 0.0, 0.0, 0.0,  0,  0,  0
2076484.31154450, 44854.471648,    0,    1, -1, 0.0, 0.0, 0.0,  0,  0,  0
2076484.31351820, 44854.535793,    0,    1, -1, 0.0, 0.0, 0.0,  0,  0,  0
2076484.31558780, 44854.535793,    0,    1, -1, 0.0, 0.0, 0.0,  0,  0,  0
2076484.31753040, 44854.535793,    0,    1, -1, 0.0, 0.0, 0.0,  0,  0,  0
2076484.31948820, 44854.535793,    0,    1, -1, 0.0, 0.0, 0.0,  0,  0,  0
2076484.32149340, 44854.535793,    0,    1, -1, 0.0, 0.0, 0.0,  0,  0,  0
2076484.32344570, 44854.621319,    0,    1, -1, 0.0, 0.0, 0.0,  0,  0,  0
2076484.32546430, 44854.621319,    0,    1, -1, 0.0, 0.0, 0.0,  0,  0,  0
2076484.32747960, 44854.621319,    0,    1, -1, 0.0, 0.0, 0.0,  0,  0,  0
2076484.33265950, 44854.621319,    0,    1, -1, 0.0, 0.0, 0.0,  0,  0,  0
2076484.33478310, 44854.599937,    0,    1, -1, 0.0, 0.0, 0.0,  0,  0,  0
2076484.33654560, 44854.599937,    0,    1, -1, 0.0, 0.0, 0.0,  0,  0,  0
2076484.34442820, 44854.599937,    0,    1, -1, 0.0, 0.0, 0.0,  0,  0,  0
2076484.34666600, 44854.610628,    0,    1, -1, 0.0, 0.0, 0.0,  0,  0,  0
2076484.34906270, 44854.610628,    0,    1, -1, 0.0, 0.0, 0.0,  0,  0,  0
2076484.35189170, 44854.610628,    0,    1, -1, 0.0, 0.0, 0.0,  0,  0,  0
2076484.35550880, 44854.610628,    0,    1, -1, 0.0, 0.0, 0.0,  0,  0,  0
2076484.35762320, 44854.525102,    0,    1, -1, 0.0, 0.0, 0.0,  0,  0,  0
2076484.35997460, 44854.525102,    0,    1, -1, 0.0, 0.0, 0.0,  0,  0,  0
2076484.36411580, 44854.525102,    0,    1, -1, 0.0, 0.0, 0.0,  0,  0,  0
2076484.36913840, 44854.546483,    0,    1, -1, 0.0, 0.0, 0.0,  0,  0,  0
2076484.37252610, 44854.546483,    0,    1, -1, 0.0, 0.0, 0.0,  0,  0,  0
2076484.37549140, 44854.535793,    0,    1, -1, 0.0, 0.0, 0.0,  0,  0,  0
2076484.37741650, 44854.535793,    0,    1, -1, 0.0, 0.0, 0.0,  0,  0,  0
2076484.37964750, 44854.535793,    0,    1, -1, 0.0, 0.0, 0.0,  0,  0,  0
2076484.38140780, 44854.535793,    0,    1, -1, 0.0, 0.0, 0.0,  0,  0,  0
2076484.38341330, 44854.460957,    0,    1, -1, 0.0, 0.0, 0.0,  0,  0,  0
2076484.38545000, 44854.460957,    0,    1, -1, 0.0, 0.0, 0.0,  0,  0,  0
2076484.38739600, 44854.460957,    0,    1, -1, 0.0, 0.0, 0.0,  0,  0,  0
2076484.38940720, 44854.460957,    0,    1, -1, 0.0, 0.0, 0.0,  0,  0,  0
2076484.39398670, 44854.460957,    0,    1, -1, 0.0, 0.0, 0.0,  0,  0,  0
2076484.39532500, 44854.503720,    0,    1, -1, 0.0, 0.0, 0.0,  0,  0,  0
2076484.39761050, 44854.503720,    0,    1, -1, 0.0, 0.0, 0.0,  0,  0,  0
2076484.40200300, 44854.503720,    0,    1, -1, 0.0, 0.0, 0.0,  0,  0,  0
2076484.40842780, 44854.503720,    0,    1, -1, 0.0, 0.0, 0.0,  0,  0,  0
2076484.41035570, 44854.375430,    0,    1, -1, 0.0, 0.0, 0.0,  0,  0,  0
2076484.41819570, 44854.375430,    0,    1, -1, 0.0, 0.0, 0.0,  0,  0,  0
2076484.42114850, 44854.482338,    0,    1, -1, 0.0, 0.0, 0.0,  0,  0,  0
2076484.42527280, 44854.482338,    0,    1, -1, 0.0, 0.0, 0.0,  0,  0,  0
2076484.42912110, 44854.482338,    0,    1, -1, 0.0, 0.0, 0.0,  0,  0,  0
2076484.43338230, 44854.482338,    0,    1, -1, 0.0, 0.0, 0.0,  0,  0,  0
2076484.43531040, 44854.471648,    0,    1, -1, 0.0, 0.0, 0.0,  0,  0,  0
2076484.43728710, 44854.471648,    0,    1, -1, 0.0, 0.0, 0.0,  0,  0,  0
2076484.43928250, 44854.471648,    0,    1, -1, 0.0, 0.0, 0.0,  0,  0,  0
2076484.44131140, 44854.471648,    0,    1, -1, 0.0, 0.0, 0.0,  0,  0,  0
2076484.44329430, 44854.471648,    0,    1, -1, 0.0, 0.0, 0.0,  0,  0,  0
2076484.44527580, 44854.375430,    0,    1, -1, 0.0, 0.0, 0.0,  0,  0,  0
2076484.44726530, 44854.375430,    0,    1, -1, 0.0, 0.0, 0.0,  0,  0,  0
2076484.44926610, 44854.375430,    0,    1, -1, 0.0, 0.0, 0.0,  0,  0,  0
2076484.45129610, 44854.375430,    0,    1, -1, 0.0, 0.0, 0.0,  0,  0,  0
2076484.45636800, 44854.375430,    0,    1, -1, 0.0, 0.0, 0.0,  0,  0,  0
2076484.45824770, 44854.375430,    0,    1, -1, 0.0, 0.0, 0.0,  0,  0,  0
2076484.46123490, 44854.375430,    0,    1, -1, 0.0, 0.0, 0.0,  0,  0,  0
2076484.47047570, 44854.375430,    0,    1, -1, 0.0, 0.0, 0.0,  0,  0,  0
2076484.47229630, 44854.514411,    0,    1, -1, 0.0, 0.0, 0.0,  0,  0,  0
2076484.47469250, 44854.824444,    0,    1, -1, 0.0, 0.0, 0.0,  0,  0,  0
2076484.48134200, 44854.824444,    0,    1, -1, 0.0, 0.0, 0.0,  0,  0,  0
2076484.48332190, 44854.824444,    0,    1, -1, 0.0, 0.0, 0.0,  0,  0,  0
2076484.48591280, 44854.653391,    0,    1, -1, 0.0, 0.0, 0.0,  0,  0,  0
2076484.49470640, 44854.653391,    0,    1, -1, 0.0, 0.0, 0.0,  0,  0,  0
2076484.49806690, 44854.460957,    0,    1, -1, 0.0, 0.0, 0.0,  0,  0,  0
2076484.50019210, 44854.460957,    0,    1, -1, 0.0, 0.0, 0.0,  0,  0,  0
2076484.50401340, 44854.460957,    0,    1, -1, 0.0, 0.0, 0.0,  0,  0,  0
2076484.50821640, 44854.471648,    0,    1, -1, 0.0, 0.0, 0.0,  0,  0,  0
2076484.51013430, 44854.471648,    0,    1, -1, 0.0, 0.0, 0.0,  0,  0,  0
2076484.51213000, 44854.471648,    0,    1, -1, 0.0, 0.0, 0.0,  0,  0,  0
2076484.51412620, 44854.599937,    0,    1, -1, 0.0, 0.0, 0.0,  0,  0,  0
2076484.51618840, 44854.599937,    0,    1, -1, 0.0, 0.0, 0.0,  0,  0,  0
2076484.52210200, 44854.599937,    0,    1, -1, 0.0, 0.0, 0.0,  0,  0,  0
2076484.52407870, 44854.557174,    0,    1, -1, 0.0, 0.0, 0.0,  0,  0,  0
2076484.52609500, 44854.557174,    0,    1, -1, 0.0, 0.0, 0.0,  0,  0,  0
2076484.52820680, 44854.557174,    0,    1, -1, 0.0, 0.0, 0.0,  0,  0,  0
2076484.53261660, 44854.557174,    0,    1, -1, 0.0, 0.0, 0.0,  0,  0,  0
2076484.53732250, 44854.375430,    0,    1, -1, 0.0, 0.0, 0.0,  0,  0,  0
2076484.53907390, 44854.375430,    0,    1, -1, 0.0, 0.0, 0.0,  0,  0,  0
2076484.54315980, 44854.375430,    0,    1, -1, 0.0, 0.0, 0.0,  0,  0,  0
2076484.54686720, 44854.471648,    0,    1, -1, 0.0, 0.0, 0.0,  0,  0,  0
2076484.54938680, 44854.471648,    0,    1, -1, 0.0, 0.0, 0.0,  0,  0,  0
2076484.55209100, 44854.471648,    0,    1, -1, 0.0, 0.0, 0.0,  0,  0,  0
2076484.55558260, 44854.567865,    0,    1, -1, 0.0, 0.0, 0.0,  0,  0,  0
2076484.55910760, 44854.567865,    0,    1, -1, 0.0, 0.0, 0.0,  0,  0,  0
2076484.56381010, 44854.567865,    0,    1, -1, 0.0, 0.0, 0.0,  0,  0,  0
2076484.56744420, 44854.450266,    0,    1, -1, 0.0, 0.0, 0.0,  0,  0,  0
2076484.56907390, 44854.450266,    0,    1, -1, 0.0, 0.0, 0.0,  0,  0,  0
2076484.57095450, 44854.450266,    0,    1, -1, 0.0, 0.0, 0.0,  0,  0,  0
2076484.57298810, 44854.450266,    0,    1, -1, 0.0, 0.0, 0.0,  0,  0,  0
2076484.57497330, 44854.493029,    0,    1, -1, 0.0, 0.0, 0.0,  0,  0,  0
2076484.58080450, 44854.493029,    0,    1, -1, 0.0, 0.0, 0.0,  0,  0,  0
2076484.58303500, 44854.493029,    0,    1, -1, 0.0, 0.0, 0.0,  0,  0,  0
2076484.58556200, 44854.567865,    0,    1, -1, 0.0, 0.0, 0.0,  0,  0,  0
2076484.58699060, 44854.567865,    0,    1, -1, 0.0, 0.0, 0.0,  0,  0,  0
2076484.59336010, 44854.567865,    0,    1, -1, 0.0, 0.0, 0.0,  0,  0,  0
2076484.59501820, 44854.439575,    0,    1, -1, 0.0, 0.0, 0.0,  0,  0,  0
2076484.60174120, 44854.439575,    0,    1, -1, 0.0, 0.0, 0.0,  0,  0,  0
2076484.60420700, 44854.343358,    0,    1, -1, 0.0, 0.0, 0.0,  0,  0,  0
2076484.60742300, 44854.343358,    0,    1, -1, 0.0, 0.0, 0.0,  0,  0,  0
2076484.60901720, 44854.343358,    0,    1, -1, 0.0, 0.0, 0.0,  0,  0,  0
2076484.61219740, 44854.343358,    0,    1, -1, 0.0, 0.0, 0.0,  0,  0,  0
2076484.61500890, 44854.460957,    0,    1, -1, 0.0, 0.0, 0.0,  0,  0,  0
2076484.61696290, 44854.460957,    0,    1, -1, 0.0, 0.0, 0.0,  0,  0,  0
2076484.62124710, 44854.460957,    0,    1, -1, 0.0, 0.0, 0.0,  0,  0,  0
2076484.62289720, 44854.460957,    0,    1, -1, 0.0, 0.0, 0.0,  0,  0,  0
2076484.62493200, 44854.493029,    0,    1, -1, 0.0, 0.0, 0.0,  0,  0,  0
2076484.62691980, 44854.493029,    0,    1, -1, 0.0, 0.0, 0.0,  0,  0,  0
2076484.62891670, 44854.493029,    0,    1, -1, 0.0, 0.0, 0.0,  0,  0,  0
2076484.63092200, 44854.493029,    0,    1, -1, 0.0, 0.0, 0.0,  0,  0,  0
2076484.63292790, 44854.493029,    0,    1, -1, 0.0, 0.0, 0.0,  0,  0,  0
2076484.63493410, 44854.471648,    0,    1, -1, 0.0, 0.0, 0.0,  0,  0,  0
2076484.63687170, 44854.471648,    0,    1, -1, 0.0, 0.0, 0.0,  0,  0,  0
2076484.63894100, 44854.471648,    0,    1, -1, 0.0, 0.0, 0.0,  0,  0,  0
2076484.64088510, 44854.471648,    0,    1, -1, 0.0, 0.0, 0.0,  0,  0,  0
2076484.64291280, 44854.471648,    0,    1, -1, 0.0, 0.0, 0.0,  0,  0,  0
2076484.64491270, 44854.535793,    0,    1, -1, 0.0, 0.0, 0.0,  0,  0,  0
2076484.64691800, 44854.535793,    0,    1, -1, 0.0, 0.0, 0.0,  0,  0,  0
2076484.65225260, 44854.535793,    0,    1, -1, 0.0, 0.0, 0.0,  0,  0,  0
2076484.65386040, 44854.535793,    0,    1, -1, 0.0, 0.0, 0.0,  0,  0,  0
2076484.65590710, 44854.535793,    0,    1, -1, 0.0, 0.0, 0.0,  0,  0,  0
2076484.65799570, 44854.535793,    0,    1, -1, 0.0, 0.0, 0.0,  0,  0,  0
2076484.66449210, 44854.535793,    0,    1, -1, 0.0, 0.0, 0.0,  0,  0,  0
2076484.66685330, 44854.599937,    0,    1, -1, 0.0, 0.0, 0.0,  0,  0,  0
2076484.66897680, 44854.599937,    0,    1, -1, 0.0, 0.0, 0.0,  0,  0,  0
2076484.67349310, 44854.599937,    0,    1, -1, 0.0, 0.0, 0.0,  0,  0,  0
2076484.67883050, 44854.632010,    0,    1, -1, 0.0, 0.0, 0.0,  0,  0,  0
2076484.68081130, 44854.632010,    0,    1, -1, 0.0, 0.0, 0.0,  0,  0,  0
2076484.68423340, 44854.632010,    0,    1, -1, 0.0, 0.0, 0.0,  0,  0,  0
2076484.68752860, 44854.354049,    0,    1, -1, 0.0, 0.0, 0.0,  0,  0,  0
2076484.68989450, 44854.354049,    0,    1, -1, 0.0, 0.0, 0.0,  0,  0,  0
2076484.69184970, 44854.354049,    0,    1, -1, 0.0, 0.0, 0.0,  0,  0,  0
2076484.69382850, 44854.428884,    0,    1, -1, 0.0, 0.0, 0.0,  0,  0,  0
2076484.69583060, 44854.428884,    0,    1, -1, 0.0, 0.0, 0.0,  0,  0,  0
2076484.69778970, 44854.428884,    0,    1, -1, 0.0, 0.0, 0.0,  0,  0,  0
2076484.69984350, 44854.428884,    0,    1, -1, 0.0, 0.0, 0.0,  0,  0,  0
2076484.70179320, 44854.428884,    0,    1, -1, 0.0, 0.0, 0.0,  0,  0,  0
2076484.70378910, 44854.482338,    0,    1, -1, 0.0, 0.0, 0.0,  0,  0,  0
2076484.70576140, 44854.482338,    0,    1, -1, 0.0, 0.0, 0.0,  0,  0,  0
2076484.70777590, 44854.482338,    0,    1, -1, 0.0, 0.0, 0.0,  0,  0,  0
2076484.71397160, 44854.482338,    0,    1, -1, 0.0, 0.0, 0.0,  0,  0,  0
2076484.71598650, 44854.439575,    0,    1, -1, 0.0, 0.0, 0.0,  0,  0,  0
2076484.71820180, 44854.439575,    0,    1, -1, 0.0, 0.0, 0.0,  0,  0,  0
2076484.72055320, 44854.439575,    0,    1, -1, 0.0, 0.0, 0.0,  0,  0,  0
2076484.72366220, 44854.439575,    0,    1, -1, 0.0, 0.0, 0.0,  0,  0,  0
2076484.72603020, 44854.375430,    0,    1, -1, 0.0, 0.0, 0.0,  0,  0,  0
2076484.72774350, 44854.375430,    0,    1, -1, 0.0, 0.0, 0.0,  0,  0,  0
2076484.72981770, 44854.375430,    0,    1, -1, 0.0, 0.0, 0.0,  0,  0,  0
2076484.73188030, 44854.375430,    0,    1, -1, 0.0, 0.0, 0.0,  0,  0,  0
2076484.73477730, 44854.557174,    0,    1, -1, 0.0, 0.0, 0.0,  0,  0,  0
2076484.73702930, 44854.557174,    0,    1, -1, 0.0, 0.0, 0.0,  0,  0,  0
2076484.73887050, 44854.557174,    0,    1, -1, 0.0, 0.0, 0.0,  0,  0,  0
2076484.74137040, 44854.557174,    0,    1, -1, 0.0, 0.0, 0.0,  0,  0,  0
2076484.74470210, 44854.535793,    0,    1, -1, 0.0, 0.0, 0.0,  0,  0,  0
2076484.74748970, 44854.535793,    0,    1, -1, 0.0, 0.0, 0.0,  0,  0,  0
2076484.75021000, 44854.535793,    0,    1, -1, 0.0, 0.0, 0.0,  0,  0,  0
2076484.75372330, 44854.535793,    0,    1, -1, 0.0, 0.0, 0.0,  0,  0,  0
2076484.75570490, 44854.535793,    0,    1, -1, 0.0, 0.0, 0.0,  0,  0,  0
2076484.75768750, 44854.535793,    0,    1, -1, 0.0, 0.0, 0.0,  0,  0,  0
2076484.75969180, 44854.535793,    0,    1, -1, 0.0, 0.0, 0.0,  0,  0,  0
2076484.76170760, 44854.535793,    0,    1, -1, 0.0, 0.0, 0.0,  0,  0,  0
2076484.76379130, 44854.664082,    0,    1, -1, 0.0, 0.0, 0.0,  0,  0,  0
2076484.76572930, 44854.664082,    0,    1, -1, 0.0, 0.0, 0.0,  0,  0,  0
2076484.76789250, 44854.664082,    0,    1, -1, 0.0, 0.0, 0.0,  0,  0,  0
2076484.76970590, 44854.664082,    0,    1, -1, 0.0, 0.0, 0.0,  0,  0,  0
2076484.77165190, 44854.664082,    0,    1, -1, 0.0, 0.0, 0.0,  0,  0,  0
2076484.77466270, 44854.685464,    0,    1, -1, 0.0, 0.0, 0.0,  0,  0,  0
2076484.77664480, 44854.685464,    0,    1, -1, 0.0, 0.0, 0.0,  0,  0,  0
2076484.78198470, 44854.685464,    0,    1, -1, 0.0, 0.0, 0.0,  0,  0,  0
2076484.78371130, 44854.589247,    0,    1, -1, 0.0, 0.0, 0.0,  0,  0,  0
2076484.78600400, 44854.589247,    0,    1, -1, 0.0, 0.0, 0.0,  0,  0,  0
2076484.78777670, 44854.589247,    0,    1, -1, 0.0, 0.0, 0.0,  0,  0,  0
2076484.78968420, 44854.589247,    0,    1, -1, 0.0, 0.0, 0.0,  0,  0,  0
2076484.79301100, 44854.589247,    0,    1, -1, 0.0, 0.0, 0.0,  0,  0,  0
2076484.79471150, 44854.396812,    0,    1, -1, 0.0, 0.0, 0.0,  0,  0,  0
2076484.79742370, 44854.396812,    0,    1, -1, 0.0, 0.0, 0.0,  0,  0,  0
2076484.80073630, 44854.396812,    0,    1, -1, 0.0, 0.0, 0.0,  0,  0,  0
2076484.80309680, 44854.396812,    0,    1, -1, 0.0, 0.0, 0.0,  0,  0,  0
2076484.80466660, 44854.450266,    0,    1, -1, 0.0, 0.0, 0.0,  0,  0,  0
2076484.80717620, 44854.450266,    0,    1, -1, 0.0, 0.0, 0.0,  0,  0,  0
2076484.80858040, 44854.450266,    0,    1, -1, 0.0, 0.0, 0.0,  0,  0,  0
2076484.81068130, 44854.450266,    0,    1, -1, 0.0, 0.0, 0.0,  0,  0,  0
2076484.81437720, 44854.450266,    0,    1, -1, 0.0, 0.0, 0.0,  0,  0,  0
2076484.81895440, 44854.578556,    0,    1, -1, 0.0, 0.0, 0.0,  0,  0,  0
2076484.82191350, 44854.578556,    0,    1, -1, 0.0, 0.0, 0.0,  0,  0,  0
2076484.82425370, 44854.621319,    0,    1, -1, 0.0, 0.0, 0.0,  0,  0,  0
2076484.82940930, 44854.621319,    0,    1, -1, 0.0, 0.0, 0.0,  0,  0,  0
2076484.83200560, 44854.621319,    0,    1, -1, 0.0, 0.0, 0.0,  0,  0,  0
2076484.83574650, 44854.674773,    0,    1, -1, 0.0, 0.0, 0.0,  0,  0,  0
2076484.83843280, 44854.674773,    0,    1, -1, 0.0, 0.0, 0.0,  0,  0,  0
2076484.84271750, 44854.674773,    0,    1, -1, 0.0, 0.0, 0.0,  0,  0,  0
2076484.84518010, 44854.567865,    0,    1, -1, 0.0, 0.0, 0.0,  0,  0,  0
2076484.84861270, 44854.567865,    0,    1, -1, 0.0, 0.0, 0.0,  0,  0,  0
2076484.85230070, 44854.567865,    0,    1, -1, 0.0, 0.0, 0.0,  0,  0,  0
2076484.86032030, 44854.428884,    0,    1, -1, 0.0, 0.0, 0.0,  0,  0,  0
2076484.86254730, 44854.428884,    0,    1, -1, 0.0, 0.0, 0.0,  0,  0,  0
2076484.86653130, 44854.503720,    0,    1, -1, 0.0, 0.0, 0.0,  0,  0,  0
2076484.86854550, 44854.503720,    0,    1, -1, 0.0, 0.0, 0.0,  0,  0,  0
2076484.87056120, 44854.503720,    0,    1, -1, 0.0, 0.0, 0.0,  0,  0,  0
2076484.87354110, 44854.503720,    0,    1, -1, 0.0, 0.0, 0.0,  0,  0,  0
2076484.87549370, 44854.428884,    0,    1, -1, 0.0, 0.0, 0.0,  0,  0,  0
2076484.87754770, 44854.428884,    0,    1, -1, 0.0, 0.0, 0.0,  0,  0,  0
2076484.87954970, 44854.428884,    0,    1, -1, 0.0, 0.0, 0.0,  0,  0,  0
2076484.88156860, 44854.428884,    0,    1, -1, 0.0, 0.0, 0.0,  0,  0,  0
2076484.88353510, 44854.450266,    0,    1, -1, 0.0, 0.0, 0.0,  0,  0,  0
2076484.88550080, 44854.450266,    0,    1, -1, 0.0, 0.0, 0.0,  0,  0,  0
2076484.88747300, 44854.450266,    0,    1, -1, 0.0, 0.0, 0.0,  0,  0,  0
2076484.88946650, 44854.450266,    0,    1, -1, 0.0, 0.0, 0.0,  0,  0,  0
2076484.89531600, 44854.450266,    0,    1, -1, 0.0, 0.0, 0.0,  0,  0,  0
2076484.89748030, 44854.514411,    0,    1, -1, 0.0, 0.0, 0.0,  0,  0,  0
2076484.89948940, 44854.514411,    0,    1, -1, 0.0, 0.0, 0.0,  0,  0,  0
2076484.90175870, 44854.514411,    0,    1, -1, 0.0, 0.0, 0.0,  0,  0,  0
2076484.90534270, 44854.514411,    0,    1, -1, 0.0, 0.0, 0.0,  0,  0,  0
2076484.90762730, 44854.503720,    0,    1, -1, 0.0, 0.0, 0.0,  0,  0,  0
2076484.90942750, 44854.503720,    0,    1, -1, 0.0, 0.0, 0.0,  0,  0,  0
2076484.91177250, 44854.503720,    0,    1, -1, 0.0, 0.0, 0.0,  0,  0,  0
2076484.91382860, 44854.503720,    0,    1, -1, 0.0, 0.0, 0.0,  0,  0,  0
2076484.91652650, 44854.525102,    0,    1, -1, 0.0, 0.0, 0.0,  0,  0,  0
2076484.91841460, 44854.525102,    0,    1, -1, 0.0, 0.0, 0.0,  0,  0,  0
2076484.92210530, 44854.525102,    0,    1, -1, 0.0, 0.0, 0.0,  0,  0,  0
2076484.92446760, 44854.364740,    0,    1, -1, 0.0, 0.0, 0.0,  0,  0,  0
2076484.92760560, 44854.364740,    0,    1, -1, 0.0, 0.0, 0.0,  0,  0,  0
2076484.93027670, 44854.364740,    0,    1, -1, 0.0, 0.0, 0.0,  0,  0,  0
2076484.93314490, 44854.364740,    0,    1, -1, 0.0, 0.0, 0.0,  0,  0,  0
2076484.93538960, 44854.375430,    0,    1, -1, 0.0, 0.0, 0.0,  0,  0,  0
2076484.93744280, 44854.375430,    0,    1, -1, 0.0, 0.0, 0.0,  0,  0,  0
2076484.93941450, 44854.375430,    0,    1, -1, 0.0, 0.0, 0.0,  0,  0,  0
2076484.94142840, 44854.375430,    0,    1, -1, 0.0, 0.0, 0.0,  0,  0,  0
2076484.94338050, 44854.375430,    0,    1, -1, 0.0, 0.0, 0.0,  0,  0,  0
2076484.94540120, 44854.482338,    0,    1, -1, 0.0, 0.0, 0.0,  0,  0,  0
2076484.94736480, 44854.482338,    0,    1, -1, 0.0, 0.0, 0.0,  0,  0,  0
2076484.94941430, 44854.482338,    0,    1, -1, 0.0, 0.0, 0.0,  0,  0,  0
2076484.95141640, 44854.482338,    0,    1, -1, 0.0, 0.0, 0.0,  0,  0,  0
2076484.95690340, 44854.482338,    0,    1, -1, 0.0, 0.0, 0.0,  0,  0,  0
2076484.95835390, 44854.514411,    0,    1, -1, 0.0, 0.0, 0.0,  0,  0,  0
2076484.96089900, 44854.514411,    0,    1, -1, 0.0, 0.0, 0.0,  0,  0,  0
2076484.96699740, 44854.514411,    0,    1, -1, 0.0, 0.0, 0.0,  0,  0,  0
2076484.96984000, 44854.439575,    0,    1, -1, 0.0, 0.0, 0.0,  0,  0,  0
2076484.97141680, 44854.439575,    0,    1, -1, 0.0, 0.0, 0.0,  0,  0,  0
2076484.97795140, 44854.439575,    0,    1, -1, 0.0, 0.0, 0.0,  0,  0,  0
2076484.98178700, 44854.407503,    0,    1, -1, 0.0, 0.0, 0.0,  0,  0,  0
2076484.98346790, 44854.407503,    0,    1, -1, 0.0, 0.0, 0.0,  0,  0,  0
2076484.98562530, 44854.471648,    0,    1, -1, 0.0, 0.0, 0.0,  0,  0,  0
2076484.98731150, 44854.471648,    0,    1, -1, 0.0, 0.0, 0.0,  0,  0,  0
2076484.98962760, 44854.471648,    0,    1, -1, 0.0, 0.0, 0.0,  0,  0,  0
2076484.99255340, 44854.471648,    0,    1, -1, 0.0, 0.0, 0.0,  0,  0,  0
2076484.99435260, 44854.599937,    0,    1, -1, 0.0, 0.0, 0.0,  0,  0,  0
2076484.99629210, 44854.599937,    0,    1, -1, 0.0, 0.0, 0.0,  0,  0,  0
2076484.99826170, 44854.599937,    0,    1, -1, 0.0, 0.0, 0.0,  0,  0,  0
2076485.00129450, 44854.599937,    0,    1, -1, 0.0, 0.0, 0.0,  0,  0,  0
2076485.00326370, 44854.599937,    0,    1, -1, 0.0, 0.0, 0.0,  0,  0,  0
2076485.00523130, 44854.578556,    0,    1, -1, 0.0, 0.0, 0.0,  0,  0,  0
2076485.00727710, 44854.578556,    0,    1, -1, 0.0, 0.0, 0.0,  0,  0,  0
2076485.00925090, 44854.578556,    0,    1, -1, 0.0, 0.0, 0.0,  0,  0,  0
2076485.01125180, 44854.578556,    0,    1, -1, 0.0, 0.0, 0.0,  0,  0,  0
2076485.01327570, 44854.578556,    0,    1, -1, 0.0, 0.0, 0.0,  0,  0,  0
2076485.01924590, 44854.493029,    0,    1, -1, 0.0, 0.0, 0.0,  0,  0,  0
2076485.02126190, 44854.493029,    0,    1, -1, 0.0, 0.0, 0.0,  0,  0,  0
2076485.02331400, 44854.493029,    0,    1, -1, 0.0, 0.0, 0.0,  0,  0,  0
2076485.03143400, 44854.460957,    0,    1, -1, 0.0, 0.0, 0.0,  0,  0,  0
2076485.03334250, 44854.460957,    0,    1, -1, 0.0, 0.0, 0.0,  0,  0,  0
2076485.03528310, 44854.642701,    0,    1, -1, 0.0, 0.0, 0.0,  0,  0,  0
2076485.03831280, 44854.642701,    0,    1, -1, 0.0, 0.0, 0.0,  0,  0,  0
2076485.04117450, 44854.642701,    0,    1, -1, 0.0, 0.0, 0.0,  0,  0,  0
2076485.04422840, 44854.642701,    0,    1, -1, 0.0, 0.0, 0.0,  0,  0,  0
2076485.04734320, 44854.589247,    0,    1, -1, 0.0, 0.0, 0.0,  0,  0,  0
2076485.04919920, 44854.589247,    0,    1, -1, 0.0, 0.0, 0.0,  0,  0,  0
2076485.05385130, 44854.589247,    0,    1, -1, 0.0, 0.0, 0.0,  0,  0,  0
2076485.05795360, 44854.578556,    0,    1, -1, 0.0, 0.0, 0.0,  0,  0,  0
2076485.06052270, 44854.578556,    0,    1, -1, 0.0, 0.0, 0.0,  0,  0,  0
2076485.06212800, 44854.578556,    0,    1, -1, 0.0, 0.0, 0.0,  0,  0,  0
2076485.06416840, 44854.567865,    0,    1, -1, 0.0, 0.0, 0.0,  0,  0,  0
2076485.06613780, 44854.567865,    0,    1, -1, 0.0, 0.0, 0.0,  0,  0,  0
2076485.06836660, 44854.567865,    0,    1, -1, 0.0, 0.0, 0.0,  0,  0,  0
2076485.07016230, 44854.567865,    0,    1, -1, 0.0, 0.0, 0.0,  0,  0,  0
2076485.07213460, 44854.567865,    0,    1, -1, 0.0, 0.0, 0.0,  0,  0,  0
2076485.07417060, 44854.674773,    0,    1, -1, 0.0, 0.0, 0.0,  0,  0,  0
2076485.07614130, 44854.674773,    0,    1, -1, 0.0, 0.0, 0.0,  0,  0,  0
2076485.08085360, 44854.674773,    0,    1, -1, 0.0, 0.0, 0.0,  0,  0,  0
2076485.08314990, 44854.674773,    0,    1, -1, 0.0, 0.0, 0.0,  0,  0,  0
2076485.08576330, 44854.493029,    0,    1, -1, 0.0, 0.0, 0.0,  0,  0,  0
2076485.08842060, 44854.493029,    0,    1, -1, 0.0, 0.0, 0.0,  0,  0,  0
2076485.09200650, 44854.493029,    0,    1, -1, 0.0, 0.0, 0.0,  0,  0,  0
2076485.09466720, 44854.428884,    0,    1, -1, 0.0, 0.0, 0.0,  0,  0,  0
2076485.09716490, 44854.428884,    0,    1, -1, 0.0, 0.0, 0.0,  0,  0,  0
2076485.10047940, 44854.428884,    0,    1, -1, 0.0, 0.0, 0.0,  0,  0,  0
2076485.10362230, 44854.428884,    0,    1, -1, 0.0, 0.0, 0.0,  0,  0,  0
2076485.10504990, 44854.525102,    0,    1, -1, 0.0, 0.0, 0.0,  0,  0,  0
2076485.11039390, 44854.525102,    0,    1, -1, 0.0, 0.0, 0.0,  0,  0,  0
2076485.11369970, 44854.525102,    0,    1, -1, 0.0, 0.0, 0.0,  0,  0,  0
2076485.11708620, 44854.642701,    0,    1, -1, 0.0, 0.0, 0.0,  0,  0,  0
2076485.12034690, 44854.642701,    0,    1, -1, 0.0, 0.0, 0.0,  0,  0,  0
2076485.12206950, 44854.642701,    0,    1, -1, 0.0, 0.0, 0.0,  0,  0,  0
2076485.12403100, 44854.632010,    0,    1, -1, 0.0, 0.0, 0.0,  0,  0,  0
2076485.12606290, 44854.632010,    0,    1, -1, 0.0, 0.0, 0.0,  0,  0,  0
2076485.12805050, 44854.632010,    0,    1, -1, 0.0, 0.0, 0.0,  0,  0,  0
2076485.13001000, 44854.632010,    0,    1, -1, 0.0, 0.0, 0.0,  0,  0,  0
2076485.13209210, 44854.632010,    0,    1, -1, 0.0, 0.0, 0.0,  0,  0,  0
2076485.13405670, 44854.578556,    0,    1, -1, 0.0, 0.0, 0.0,  0,  0,  0
2076485.13603520, 44854.578556,    0,    1, -1, 0.0, 0.0, 0.0,  0,  0,  0
2076485.13804050, 44854.578556,    0,    1, -1, 0.0, 0.0, 0.0,  0,  0,  0
2076485.14004070, 44854.578556,    0,    1, -1, 0.0, 0.0, 0.0,  0,  0,  0
2076485.14202090, 44854.578556,    0,    1, -1, 0.0, 0.0, 0.0,  0,  0,  0
2076485.14404800, 44854.599937,    0,    1, -1, 0.0, 0.0, 0.0,  0,  0,  0
2076485.14601880, 44854.599937,    0,    1, -1, 0.0, 0.0, 0.0,  0,  0,  0
2076485.15090620, 44854.599937,    0,    1, -1, 0.0, 0.0, 0.0,  0,  0,  0
2076485.15324660, 44854.599937,    0,    1, -1, 0.0, 0.0, 0.0,  0,  0,  0
2076485.15504660, 44854.460957,    0,    1, -1, 0.0, 0.0, 0.0,  0,  0,  0
2076485.16330980, 44854.460957,    0,    1, -1, 0.0, 0.0, 0.0,  0,  0,  0
2076485.16492390, 44854.354049,    0,    1, -1, 0.0, 0.0, 0.0,  0,  0,  0
2076485.16813540, 44854.354049,    0,    1, -1, 0.0, 0.0, 0.0,  0,  0,  0
2076485.17190500, 44854.354049,    0,    1, -1, 0.0, 0.0, 0.0,  0,  0,  0
2076485.17526330, 44854.332667,    0,    1, -1, 0.0, 0.0, 0.0,  0,  0,  0
2076485.17855820, 44854.332667,    0,    1, -1, 0.0, 0.0, 0.0,  0,  0,  0
2076485.18277040, 44854.332667,    0,    1, -1, 0.0, 0.0, 0.0,  0,  0,  0
2076485.18495170, 44854.439575,    0,    1, -1, 0.0, 0.0, 0.0,  0,  0,  0
2076485.18752100, 44854.439575,    0,    1, -1, 0.0, 0.0, 0.0,  0,  0,  0
2076485.19074400, 44854.439575,    0,    1, -1, 0.0, 0.0, 0.0,  0,  0,  0
2076485.19295270, 44854.439575,    0,    1, -1, 0.0, 0.0, 0.0,  0,  0,  0
2076485.19489000, 44854.578556,    0,    1, -1, 0.0, 0.0, 0.0,  0,  0,  0
2076485.19695170, 44854.578556,    0,    1, -1, 0.0, 0.0, 0.0,  0,  0,  0
2076485.19992860, 44854.578556,    0,    1, -1, 0.0, 0.0, 0.0,  0,  0,  0
2076485.20188430, 44854.578556,    0,    1, -1, 0.0, 0.0, 0.0,  0,  0,  0
2076485.20390650, 44854.770990,    0,    1, -1, 0.0, 0.0, 0.0,  0,  0,  0
2076485.20587310, 44854.770990,    0,    1, -1, 0.0, 0.0, 0.0,  0,  0,  0
2076485.21075980, 44854.770990,    0,    1, -1, 0.0, 0.0, 0.0,  0,  0,  0
2076485.21292960, 44854.770990,    0,    1, -1, 0.0, 0.0, 0.0,  0,  0,  0
2076485.21493150, 44854.621319,    0,    1, -1, 0.0, 0.0, 0.0,  0,  0,  0
2076485.21749440, 44854.621319,    0,    1, -1, 0.0, 0.0, 0.0,  0,  0,  0
2076485.22319700, 44854.621319,    0,    1, -1, 0.0, 0.0, 0.0,  0,  0,  0
2076485.22484870, 44854.557174,    0,    1, -1, 0.0, 0.0, 0.0,  0,  0,  0
2076485.22746300, 44854.557174,    0,    1, -1, 0.0, 0.0, 0.0,  0,  0,  0
2076485.23194260, 44854.557174,    0,    1, -1, 0.0, 0.0, 0.0,  0,  0,  0
2076485.23385150, 44854.460957,    0,    1, -1, 0.0, 0.0, 0.0,  0,  0,  0
2076485.23699460, 44854.460957,    0,    1, -1, 0.0, 0.0, 0.0,  0,  0,  0
2076485.23984120, 44854.460957,    0,    1, -1, 0.0, 0.0, 0.0,  0,  0,  0
2076485.24317240, 44854.460957,    0,    1, -1, 0.0, 0.0, 0.0,  0,  0,  0
2076485.24606690, 44854.525102,    0,    1, -1, 0.0, 0.0, 0.0,  0,  0,  0
2076485.24833530, 44854.525102,    0,    1, -1, 0.0, 0.0, 0.0,  0,  0,  0
2076485.25080860, 44854.525102,    0,    1, -1, 0.0, 0.0, 0.0,  0,  0,  0
2076485.25279700, 44854.525102,    0,    1, -1, 0.0, 0.0, 0.0,  0,  0,  0
2076485.25482600, 44854.525102,    0,    1, -1, 0.0, 0.0, 0.0,  0,  0,  0
2076485.25682050, 44854.525102,    0,    1, -1, 0.0, 0.0, 0.0,  0,  0,  0
2076485.25879170, 44854.525102,    0,    1, -1, 0.0, 0.0, 0.0,  0,  0,  0
2076485.26076600, 44854.525102,    0,    1, -1, 0.0, 0.0, 0.0,  0,  0,  0
2076485.26279510, 44854.525102,    0,    1, -1, 0.0, 0.0, 0.0,  0,  0,  0
2076485.26481170, 44854.471648,    0,    1, -1, 0.0, 0.0, 0.0,  0,  0,  0
2076485.26693800, 44854.471648,    0,    1, -1, 0.0, 0.0, 0.0,  0,  0,  0
2076485.26878530, 44854.471648,    0,    1, -1, 0.0, 0.0, 0.0,  0,  0,  0
2076485.27264580, 44854.471648,    0,    1, -1, 0.0, 0.0, 0.0,  0,  0,  0
2076485.27481360, 44854.460957,    0,    1, -1, 0.0, 0.0, 0.0,  0,  0,  0
2076485.27674570, 44854.460957,    0,    1, -1, 0.0, 0.0, 0.0,  0,  0,  0
2076485.28124350, 44854.460957,    0,    1, -1, 0.0, 0.0, 0.0,  0,  0,  0
2076485.28424030, 44854.460957,    0,    1, -1, 0.0, 0.0, 0.0,  0,  0,  0
2076485.28723630, 44854.439575,    0,    1, -1, 0.0, 0.0, 0.0,  0,  0,  0
2076485.28879940, 44854.439575,    0,    1, -1, 0.0, 0.0, 0.0,  0,  0,  0
2076485.29403180, 44854.439575,    0,    1, -1, 0.0, 0.0, 0.0,  0,  0,  0
2076485.29574380, 44854.546483,    0,    1, -1, 0.0, 0.0, 0.0,  0,  0,  0
2076485.29833960, 44854.546483,    0,    1, -1, 0.0, 0.0, 0.0,  0,  0,  0
2076485.30367040, 44854.546483,    0,    1, -1, 0.0, 0.0, 0.0,  0,  0,  0
2076485.30573510, 44854.845826,    0,    1, -1, 0.0, 0.0, 0.0,  0,  0,  0
2076485.30807170, 44854.845826,    0,    1, -1, 0.0, 0.0, 0.0,  0,  0,  0
2076485.31120030, 44854.845826,    0,    1, -1, 0.0, 0.0, 0.0,  0,  0,  0
2076485.31371440, 44854.845826,    0,    1, -1, 0.0, 0.0, 0.0,  0,  0,  0
2076485.31588210, 44854.621319,    0,    1, -1, 0.0, 0.0, 0.0,  0,  0,  0
2076485.31872450, 44854.621319,    0,    1, -1, 0.0, 0.0, 0.0,  0,  0,  0
2076485.32071300, 44854.621319,    0,    1, -1, 0.0, 0.0, 0.0,  0,  0,  0
2076485.32271300, 44854.621319,    0,    1, -1, 0.0, 0.0, 0.0,  0,  0,  0
2076485.32472260, 44854.546483,    0,    1, -1, 0.0, 0.0, 0.0,  0,  0,  0
2076485.32669100, 44854.546483,    0,    1, -1, 0.0, 0.0, 0.0,  0,  0,  0
2076485.32866560, 44854.546483,    0,    1, -1, 0.0, 0.0, 0.0,  0,  0,  0
2076485.33066460, 44854.546483,    0,    1, -1, 0.0, 0.0, 0.0,  0,  0,  0
2076485.33266760, 44854.546483,    0,    1, -1, 0.0, 0.0, 0.0,  0,  0,  0
2076485.33864570, 44854.567865,    0,    1, -1, 0.0, 0.0, 0.0,  0,  0,  0
2076485.34066000, 44854.567865,    0,    1, -1, 0.0, 0.0, 0.0,  0,  0,  0
2076485.34272450, 44854.567865,    0,    1, -1, 0.0, 0.0, 0.0,  0,  0,  0
2076485.34478210, 44854.439575,    0,    1, -1, 0.0, 0.0, 0.0,  0,  0,  0
2076485.34740500, 44854.439575,    0,    1, -1, 0.0, 0.0, 0.0,  0,  0,  0
2076485.34979440, 44854.439575,    0,    1, -1, 0.0, 0.0, 0.0,  0,  0,  0
2076485.35345830, 44854.439575,    0,    1, -1, 0.0, 0.0, 0.0,  0,  0,  0
2076485.35598150, 44854.375430,    0,    1, -1, 0.0, 0.0, 0.0,  0,  0,  0
2076485.35787550, 44854.375430,    0,    1, -1, 0.0, 0.0, 0.0,  0,  0,  0
2076485.36153210, 44854.375430,    0,    1, -1, 0.0, 0.0, 0.0,  0,  0,  0
2076485.36419230, 44854.482338,    0,    1, -1, 0.0, 0.0, 0.0,  0,  0,  0
2076485.36669620, 44854.482338,    0,    1, -1, 0.0, 0.0, 0.0,  0,  0,  0
2076485.37104800, 44854.482338,    0,    1, -1, 0.0, 0.0, 0.0,  0,  0,  0
2076485.37260260, 44854.482338,    0,    1, -1, 0.0, 0.0, 0.0,  0,  0,  0
2076485.37578910, 44854.407503,    0,    1, -1, 0.0, 0.0, 0.0,  0,  0,  0
2076485.37941050, 44854.407503,    0,    1, -1, 0.0, 0.0, 0.0,  0,  0,  0
2076485.38160370, 44854.407503,    0,    1, -1, 0.0, 0.0, 0.0,  0,  0,  0
2076485.38439050, 44854.428884,    0,    1, -1, 0.0, 0.0, 0.0,  0,  0,  0
2076485.38654870, 44854.428884,    0,    1, -1, 0.0, 0.0, 0.0,  0,  0,  0
2076485.38869330, 44854.428884,    0,    1, -1, 0.0, 0.0, 0.0,  0,  0,  0
2076485.39055060, 44854.428884,    0,    1, -1, 0.0, 0.0, 0.0,  0,  0,  0
2076485.39251810, 44854.428884,    0,    1, -1, 0.0, 0.0, 0.0,  0,  0,  0
2076485.39466200, 44854.610628,    0,    1, -1, 0.0, 0.0, 0.0,  0,  0,  0
2076485.39654850, 44854.610628,    0,    1, -1, 0.0, 0.0, 0.0,  0,  0,  0
2076485.40471640, 44854.610628,    0,    1, -1, 0.0, 0.0, 0.0,  0,  0,  0
2076485.40650510, 44854.599937,    0,    1, -1, 0.0, 0.0, 0.0,  0,  0,  0
2076485.40861430, 44854.599937,    0,    1, -1, 0.0, 0.0, 0.0,  0,  0,  0
2076485.41061140, 44854.599937,    0,    1, -1, 0.0, 0.0, 0.0,  0,  0,  0
2076485.41324660, 44854.599937,    0,    1, -1, 0.0, 0.0, 0.0,  0,  0,  0
2076485.41839020, 44854.525102,    0,    1, -1, 0.0, 0.0, 0.0,  0,  0,  0
2076485.42257170, 44854.525102,    0,    1, -1, 0.0, 0.0, 0.0,  0,  0,  0
2076485.42452850, 44854.642701,    0,    1, -1, 0.0, 0.0, 0.0,  0,  0,  0
2076485.42774480, 44854.642701,    0,    1, -1, 0.0, 0.0, 0.0,  0,  0,  0
2076485.42983700, 44854.642701,    0,    1, -1, 0.0, 0.0, 0.0,  0,  0,  0
2076485.43257070, 44854.642701,    0,    1, -1, 0.0, 0.0, 0.0,  0,  0,  0
2076485.43460630, 44854.525102,    0,    1, -1, 0.0, 0.0, 0.0,  0,  0,  0
2076485.43717900, 44854.525102,    0,    1, -1, 0.0, 0.0, 0.0,  0,  0,  0
2076485.43994140, 44854.525102,    0,    1, -1, 0.0, 0.0, 0.0,  0,  0,  0
2076485.44151530, 44854.525102,    0,    1, -1, 0.0, 0.0, 0.0,  0,  0,  0
2076485.44445320, 44854.525102,    0,    1, -1, 0.0, 0.0, 0.0,  0,  0,  0
2076485.44726380, 44854.525102,    0,    1, -1, 0.0, 0.0, 0.0,  0,  0,  0
2076485.45057630, 44854.525102,    0,    1, -1, 0.0, 0.0, 0.0,  0,  0,  0
2076485.45550980, 44854.525102,    0,    1, -1, 0.0, 0.0, 0.0,  0,  0,  0
2076485.45770270, 44854.578556,    0,    1, -1, 0.0, 0.0, 0.0,  0,  0,  0
2076485.45946640, 44854.578556,    0,    1, -1, 0.0, 0.0, 0.0,  0,  0,  0
2076485.46142600, 44854.578556,    0,    1, -1, 0.0, 0.0, 0.0,  0,  0,  0
2076485.46481000, 44854.589247,    0,    1, -1, 0.0, 0.0, 0.0,  0,  0,  0
2076485.46811960, 44854.589247,    0,    1, -1, 0.0, 0.0, 0.0,  0,  0,  0
2076485.47047930, 44854.589247,    0,    1, -1, 0.0, 0.0, 0.0,  0,  0,  0
2076485.47562810, 44854.589247,    0,    1, -1, 0.0, 0.0, 0.0,  0,  0,  0
2076485.47866130, 44854.386121,    0,    1, -1, 0.0, 0.0, 0.0,  0,  0,  0
2076485.48050410, 44854.386121,    0,    1, -1, 0.0, 0.0, 0.0,  0,  0,  0
2076485.48383620, 44854.386121,    0,    1, -1, 0.0, 0.0, 0.0,  0,  0,  0
2076485.48707980, 44854.450266,    0,    1, -1, 0.0, 0.0, 0.0,  0,  0,  0
2076485.49042680, 44854.450266,    0,    1, -1, 0.0, 0.0, 0.0,  0,  0,  0
2076485.49483950, 44854.450266,    0,    1, -1, 0.0, 0.0, 0.0,  0,  0,  0
2076485.49910870, 44854.503720,    0,    1, -1, 0.0, 0.0, 0.0,  0,  0,  0
2076485.50138360, 44854.503720,    0,    1, -1, 0.0, 0.0, 0.0,  0,  0,  0
2076485.50340600, 44854.503720,    0,    1, -1, 0.0, 0.0, 0.0,  0,  0,  0
2076485.50535520, 44854.621319,    0,    1, -1, 0.0, 0.0, 0.0,  0,  0,  0
2076485.50729880, 44854.621319,    0,    1, -1, 0.0, 0.0, 0.0,  0,  0,  0
2076485.50925100, 44854.621319,    0,    1, -1, 0.0, 0.0, 0.0,  0,  0,  0
2076485.51124540, 44854.621319,    0,    1, -1, 0.0, 0.0, 0.0,  0,  0,  0
2076485.51326070, 44854.621319,    0,    1, -1, 0.0, 0.0, 0.0,  0,  0,  0
2076485.51524760, 44854.407503,    0,    1, -1, 0.0, 0.0, 0.0,  0,  0,  0
2076485.51726480, 44854.407503,    0,    1, -1, 0.0, 0.0, 0.0,  0,  0,  0
2076485.51923540, 44854.407503,    0,    1, -1, 0.0, 0.0, 0.0,  0,  0,  0
2076485.52124850, 44854.407503,    0,    1, -1, 0.0, 0.0, 0.0,  0,  0,  0
2076485.52691510, 44854.407503,    0,    1, -1, 0.0, 0.0, 0.0,  0,  0,  0
2076485.52826830, 44854.364740,    0,    1, -1, 0.0, 0.0, 0.0,  0,  0,  0
2076485.53041580, 44854.364740,    0,    1, -1, 0.0, 0.0, 0.0,  0,  0,  0
2076485.53246260, 44854.364740,    0,    1, -1, 0.0, 0.0, 0.0,  0,  0,  0
2076485.53773310, 44854.535793,    0,    1, -1, 0.0, 0.0, 0.0,  0,  0,  0
2076485.54062830, 44854.535793,    0,    1, -1, 0.0, 0.0, 0.0,  0,  0,  0
2076485.54222240, 44854.535793,    0,    1, -1, 0.0, 0.0, 0.0,  0,  0,  0
2076485.54808440, 44854.546483,    0,    1, -1, 0.0, 0.0, 0.0,  0,  0,  0
2076485.55255180, 44854.546483,    0,    1, -1, 0.0, 0.0, 0.0,  0,  0,  0
2076485.55425100, 44854.610628,    0,    1, -1, 0.0, 0.0, 0.0,  0,  0,  0
2076485.55659150, 44854.610628,    0,    1, -1, 0.0, 0.0, 0.0,  0,  0,  0
2076485.55853590, 44854.610628,    0,    1, -1, 0.0, 0.0, 0.0,  0,  0,  0
2076485.56128040, 44854.610628,    0,    1, -1, 0.0, 0.0, 0.0,  0,  0,  0
2076485.56381580, 44854.610628,    0,    1, -1, 0.0, 0.0, 0.0,  0,  0,  0
2076485.56625830, 44854.610628,    0,    1, -1, 0.0, 0.0, 0.0,  0,  0,  0
2076485.56925160, 44854.610628,    0,    1, -1, 0.0, 0.0, 0.0,  0,  0,  0
2076485.57168750, 44854.610628,    0,    1, -1, 0.0, 0.0, 0.0,  0,  0,  0
2076485.57321670, 44854.610628,    0,    1, -1, 0.0, 0.0, 0.0,  0,  0,  0
2076485.57517870, 44854.792372,    0,    1, -1, 0.0, 0.0, 0.0,  0,  0,  0
2076485.57719830, 44854.792372,    0,    1, -1, 0.0, 0.0, 0.0,  0,  0,  0
2076485.57914090, 44854.792372,    0,    1, -1, 0.0, 0.0, 0.0,  0,  0,  0
2076485.58113370, 44854.792372,    0,    1, -1, 0.0, 0.0, 0.0,  0,  0,  0
2076485.58320100, 44854.792372,    0,    1, -1, 0.0, 0.0, 0.0,  0,  0,  0
2076485.58932600, 44854.770990,    0,    1, -1, 0.0, 0.0, 0.0,  0,  0,  0
2076485.59149680, 44854.770990,    0,    1, -1, 0.0, 0.0, 0.0,  0,  0,  0
2076485.59321740, 44854.770990,    0,    1, -1, 0.0, 0.0, 0.0,  0,  0,  0
2076485.59537090, 44854.610628,    0,    1, -1, 0.0, 0.0, 0.0,  0,  0,  0
2076485.59789400, 44854.610628,    0,    1, -1, 0.0, 0.0, 0.0,  0,  0,  0
2076485.60258580, 44854.610628,    0,    1, -1, 0.0, 0.0, 0.0,  0,  0,  0
2076485.60748120, 44854.407503,    0,    1, -1, 0.0, 0.0, 0.0,  0,  0,  0
2076485.60910530, 44854.407503,    0,    1, -1, 0.0, 0.0, 0.0,  0,  0,  0
2076485.61357810, 44854.407503,    0,    1, -1, 0.0, 0.0, 0.0,  0,  0,  0
2076485.61751820, 44854.493029,    0,    1, -1, 0.0, 0.0, 0.0,  0,  0,  0
2076485.62014110, 44854.493029,    0,    1, -1, 0.0, 0.0, 0.0,  0,  0,  0
2076485.62223760, 44854.493029,    0,    1, -1, 0.0, 0.0, 0.0,  0,  0,  0
2076485.62621950, 44854.450266,    0,    1, -1, 0.0, 0.0, 0.0,  0,  0,  0
2076485.63047880, 44854.450266,    0,    1, -1, 0.0, 0.0, 0.0,  0,  0,  0
2076485.63226220, 44854.450266,    0,    1, -1, 0.0, 0.0, 0.0,  0,  0,  0
2076485.63592780, 44854.364740,    0,    1, -1, 0.0, 0.0, 0.0,  0,  0,  0
2076485.63873390, 44854.364740,    0,    1, -1, 0.0, 0.0, 0.0,  0,  0,  0
2076485.64385260, 44854.364740,    0,    1, -1, 0.0, 0.0, 0.0,  0,  0,  0
2076485.64608930, 44854.535793,    0,    1, -1, 0.0, 0.0, 0.0,  0,  0,  0
2076485.64821590, 44854.535793,    0,    1, -1, 0.0, 0.0, 0.0,  0,  0,  0
2076485.65223300, 44854.535793,    0,    1, -1, 0.0, 0.0, 0.0,  0,  0,  0
2076485.65544290, 44854.685464,    0,    1, -1, 0.0, 0.0, 0.0,  0,  0,  0
2076485.65848380, 44854.685464,    0,    1, -1, 0.0, 0.0, 0.0,  0,  0,  0
2076485.66008080, 44854.685464,    0,    1, -1, 0.0, 0.0, 0.0,  0,  0,  0
2076485.66508370, 44854.685464,    0,    1, -1, 0.0, 0.0, 0.0,  0,  0,  0
2076485.66952500, 44854.653391,    0,    1, -1, 0.0, 0.0, 0.0,  0,  0,  0
2076485.67245900, 44854.653391,    0,    1, -1, 0.0, 0.0, 0.0,  0,  0,  0
2076485.67692320, 44854.717536,    0,    1, -1, 0.0, 0.0, 0.0,  0,  0,  0
2076485.67907530, 44854.717536,    0,    1, -1, 0.0, 0.0, 0.0,  0,  0,  0
2076485.68435530, 44854.717536,    0,    1, -1, 0.0, 0.0, 0.0,  0,  0,  0
2076485.68597780, 44854.749609,    0,    1, -1, 0.0, 0.0, 0.0,  0,  0,  0
2076485.68841200, 44854.749609,    0,    1, -1, 0.0, 0.0, 0.0,  0,  0,  0
2076485.68997910, 44854.749609,    0,    1, -1, 0.0, 0.0, 0.0,  0,  0,  0
2076485.69196490, 44854.749609,    0,    1, -1, 0.0, 0.0, 0.0,  0,  0,  0
2076485.69395190, 44854.525102,    0,    1, -1, 0.0, 0.0, 0.0,  0,  0,  0
2076485.69593990, 44854.525102,    0,    1, -1, 0.0, 0.0, 0.0,  0,  0,  0
2076485.69792690, 44854.525102,    0,    1, -1, 0.0, 0.0, 0.0,  0,  0,  0
2076485.69993980, 44854.525102,    0,    1, -1, 0.0, 0.0, 0.0,  0,  0,  0
2076485.70190880, 44854.525102,    0,    1, -1, 0.0, 0.0, 0.0,  0,  0,  0
2076485.70390050, 44854.567865,    0,    1, -1, 0.0, 0.0, 0.0,  0,  0,  0
2076485.70590780, 44854.567865,    0,    1, -1, 0.0, 0.0, 0.0,  0,  0,  0
2076485.71239510, 44854.567865,    0,    1, -1, 0.0, 0.0, 0.0,  0,  0,  0
2076485.71392520, 44854.535793,    0,    1, -1, 0.0, 0.0, 0.0,  0,  0,  0
2076485.71629240, 44854.535793,    0,    1, -1, 0.0, 0.0, 0.0,  0,  0,  0
2076485.71823910, 44854.535793,    0,    1, -1, 0.0, 0.0, 0.0,  0,  0,  0
2076485.72016040, 44854.535793,    0,    1, -1, 0.0, 0.0, 0.0,  0,  0,  0
2076485.72202620, 44854.535793,    0,    1, -1, 0.0, 0.0, 0.0,  0,  0,  0
2076485.72457520, 44854.642701,    0,    1, -1, 0.0, 0.0, 0.0,  0,  0,  0
2076485.72757250, 44854.642701,    0,    1, -1, 0.0, 0.0, 0.0,  0,  0,  0
2076485.72987040, 44854.642701,    0,    1, -1, 0.0, 0.0, 0.0,  0,  0,  0
2076485.73389770, 44854.642701,    0,    1, -1, 0.0, 0.0, 0.0,  0,  0,  0
2076485.73703010, 44854.706845,    0,    1, -1, 0.0, 0.0, 0.0,  0,  0,  0
2076485.73911030, 44854.706845,    0,    1, -1, 0.0, 0.0, 0.0,  0,  0,  0
2076485.74129520, 44854.706845,    0,    1, -1, 0.0, 0.0, 0.0,  0,  0,  0
2076485.74399540, 44854.706845,    0,    1, -1, 0.0, 0.0, 0.0,  0,  0,  0
2076485.74708550, 44854.514411,    0,    1, -1, 0.0, 0.0, 0.0,  0,  0,  0
2076485.75088830, 44854.514411,    0,    1, -1, 0.0, 0.0, 0.0,  0,  0,  0
2076485.75307810, 44854.514411,    0,    1, -1, 0.0, 0.0, 0.0,  0,  0,  0
2076485.75482800, 44854.471648,    0,    1, -1, 0.0, 0.0, 0.0,  0,  0,  0
2076485.75679620, 44854.471648,    0,    1, -1, 0.0, 0.0, 0.0,  0,  0,  0
2076485.75880160, 44854.471648,    0,    1, -1, 0.0, 0.0, 0.0,  0,  0,  0
2076485.76080780, 44854.471648,    0,    1, -1, 0.0, 0.0, 0.0,  0,  0,  0
2076485.76279380, 44854.471648,    0,    1, -1, 0.0, 0.0, 0.0,  0,  0,  0
2076485.76478040, 44854.760300,    0,    1, -1, 0.0, 0.0, 0.0,  0,  0,  0
2076485.76677030, 44854.760300,    0,    1, -1, 0.0, 0.0, 0.0,  0,  0,  0
2076485.77306560, 44854.760300,    0,    1, -1, 0.0, 0.0, 0.0,  0,  0,  0
2076485.77513380, 44854.535793,    0,    1, -1, 0.0, 0.0, 0.0,  0,  0,  0
2076485.77688620, 44854.535793,    0,    1, -1, 0.0, 0.0, 0.0,  0,  0,  0
2076485.77938820, 44854.535793,    0,    1, -1, 0.0, 0.0, 0.0,  0,  0,  0
2076485.78347590, 44854.535793,    0,    1, -1, 0.0, 0.0, 0.0,  0,  0,  0
2076485.78626840, 44854.332667,    0,    1, -1, 0.0, 0.0, 0.0,  0,  0,  0
2076485.78774020, 44854.332667,    0,    1, -1, 0.0, 0.0, 0.0,  0,  0,  0
2076485.79173680, 44854.332667,    0,    1, -1, 0.0, 0.0, 0.0,  0,  0,  0
2076485.79477060, 44854.354049,    0,    1, -1, 0.0, 0.0, 0.0,  0,  0,  0
2076485.79790930, 44854.354049,    0,    1, -1, 0.0, 0.0, 0.0,  0,  0,  0
2076485.80328410, 44854.354049,    0,    1, -1, 0.0, 0.0, 0.0,  0,  0,  0
2076485.80711750, 44854.460957,    0,    1, -1, 0.0, 0.0, 0.0,  0,  0,  0
2076485.81048090, 44854.460957,    0,    1, -1, 0.0, 0.0, 0.0,  0,  0,  0
2076485.81351320, 44854.460957,    0,    1, -1, 0.0, 0.0, 0.0,  0,  0,  0
2076485.81569260, 44854.503720,    0,    1, -1, 0.0, 0.0, 0.0,  0,  0,  0
2076485.81767650, 44854.503720,    0,    1, -1, 0.0, 0.0, 0.0,  0,  0,  0
2076485.81968310, 44854.503720,    0,    1, -1, 0.0, 0.0, 0.0,  0,  0,  0
2076485.82166830, 44854.503720,    0,    1, -1, 0.0, 0.0, 0.0,  0,  0,  0
2076485.82362330, 44854.525102,    0,    1, -1, 0.0, 0.0, 0.0,  0,  0,  0
2076485.82565500, 44854.525102,    0,    1, -1, 0.0, 0.0, 0.0,  0,  0,  0
2076485.82765420, 44854.525102,    0,    1, -1, 0.0, 0.0, 0.0,  0,  0,  0
2076485.82963590, 44854.525102,    0,    1, -1, 0.0, 0.0, 0.0,  0,  0,  0
2076485.83616760, 44854.525102,    0,    1, -1, 0.0, 0.0, 0.0,  0,  0,  0
2076485.83773460, 44854.546483,    0,    1, -1, 0.0, 0.0, 0.0,  0,  0,  0
2076485.83966040, 44854.546483,    0,    1, -1, 0.0, 0.0, 0.0,  0,  0,  0
2076485.84166400, 44854.546483,    0,    1, -1, 0.0, 0.0, 0.0,  0,  0,  0
2076485.84565960, 44854.567865,    0,    1, -1, 0.0, 0.0, 0.0,  0,  0,  0
2076485.85068020, 44854.567865,    0,    1, -1, 0.0, 0.0, 0.0,  0,  0,  0
2076485.85264770, 44854.567865,    0,    1, -1, 0.0, 0.0, 0.0,  0,  0,  0
2076485.85480370, 44854.407503,    0,    1, -1, 0.0, 0.0, 0.0,  0,  0,  0
2076485.85912280, 44854.407503,    0,    1, -1, 0.0, 0.0, 0.0,  0,  0,  0
2076485.86063280, 44854.407503,    0,    1, -1, 0.0, 0.0, 0.0,  0,  0,  0
2076485.86501190, 44854.407503,    0,    1, -1, 0.0, 0.0, 0.0,  0,  0,  0
2076485.86998230, 44854.332667,    0,    1, -1, 0.0, 0.0, 0.0,  0,  0,  0
2076485.87326170, 44854.332667,    0,    1, -1, 0.0, 0.0, 0.0,  0,  0,  0
2076485.87584050, 44854.396812,    0,    1, -1, 0.0, 0.0, 0.0,  0,  0,  0
2076485.87824870, 44854.396812,    0,    1, -1, 0.0, 0.0, 0.0,  0,  0,  0
2076485.88052350, 44854.396812,    0,    1, -1, 0.0, 0.0, 0.0,  0,  0,  0
2076485.88261130, 44854.396812,    0,    1, -1, 0.0, 0.0, 0.0,  0,  0,  0
2076485.88483460, 44854.535793,    0,    1, -1, 0.0, 0.0, 0.0,  0,  0,  0
2076485.88651080, 44854.535793,    0,    1, -1, 0.0, 0.0, 0.0,  0,  0,  0
2076485.88855460, 44854.535793,    0,    1, -1, 0.0, 0.0, 0.0,  0,  0,  0
2076485.89053410, 44854.535793,    0,    1, -1, 0.0, 0.0, 0.0,  0,  0,  0
2076485.89251380, 44854.535793,    0,    1, -1, 0.0, 0.0, 0.0,  0,  0,  0
2076485.89765630, 44854.450266,    0,    1, -1, 0.0, 0.0, 0.0,  0,  0,  0
2076485.89960600, 44854.450266,    0,    1, -1, 0.0, 0.0, 0.0,  0,  0,  0
2076485.90225590, 44854.450266,    0,    1, -1, 0.0, 0.0, 0.0,  0,  0,  0
2076485.90516280, 44854.418194,    0,    1, -1, 0.0, 0.0, 0.0,  0,  0,  0
2076485.90839740, 44854.418194,    0,    1, -1, 0.0, 0.0, 0.0,  0,  0,  0
2076485.91282910, 44854.418194,    0,    1, -1, 0.0, 0.0, 0.0,  0,  0,  0
2076485.91448350, 44854.386121,    0,    1, -1, 0.0, 0.0, 0.0,  0,  0,  0
2076485.91972120, 44854.386121,    0,    1, -1, 0.0, 0.0, 0.0,  0,  0,  0
2076485.92269470, 44854.386121,    0,    1, -1, 0.0, 0.0, 0.0,  0,  0,  0
2076485.92453410, 44854.535793,    0,    1, -1, 0.0, 0.0, 0.0,  0,  0,  0
2076485.92678500, 44854.535793,    0,    1, -1, 0.0, 0.0, 0.0,  0,  0,  0
2076485.93044010, 44854.535793,    0,    1, -1, 0.0, 0.0, 0.0,  0,  0,  0
2076485.93479100, 44854.535793,    0,    1, -1, 0.0, 0.0, 0.0,  0,  0,  0
2076485.93732630, 44854.535793,    0,    1, -1, 0.0, 0.0, 0.0,  0,  0,  0
2076485.93946460, 44854.535793,    0,    1, -1, 0.0, 0.0, 0.0,  0,  0,  0
2076485.94145740, 44854.535793,    0,    1, -1, 0.0, 0.0, 0.0,  0,  0,  0
2076485.94345100, 44854.557174,    0,    1, -1, 0.0, 0.0, 0.0,  0,  0,  0
2076485.94546290, 44854.557174,    0,    1, -1, 0.0, 0.0, 0.0,  0,  0,  0
2076485.94740070, 44854.557174,    0,    1, -1, 0.0, 0.0, 0.0,  0,  0,  0
2076485.94945950, 44854.557174,    0,    1, -1, 0.0, 0.0, 0.0,  0,  0,  0
2076485.95141890, 44854.557174,    0,    1, -1, 0.0, 0.0, 0.0,  0,  0,  0
2076485.95540290, 44854.589247,    0,    1, -1, 0.0, 0.0, 0.0,  0,  0,  0
2076485.95740300, 44854.589247,    0,    1, -1, 0.0, 0.0, 0.0,  0,  0,  0
2076485.96316680, 44854.589247,    0,    1, -1, 0.0, 0.0, 0.0,  0,  0,  0
2076485.96558510, 44854.674773,    0,    1, -1, 0.0, 0.0, 0.0,  0,  0,  0
2076485.96765320, 44854.674773,    0,    1, -1, 0.0, 0.0, 0.0,  0,  0,  0
2076485.96971860, 44854.674773,    0,    1, -1, 0.0, 0.0, 0.0,  0,  0,  0
2076485.97219170, 44854.674773,    0,    1, -1, 0.0, 0.0, 0.0,  0,  0,  0
2076485.97604350, 44854.493029,    0,    1, -1, 0.0, 0.0, 0.0,  0,  0,  0
2076485.97872620, 44854.493029,    0,    1, -1, 0.0, 0.0, 0.0,  0,  0,  0
2076485.98400480, 44854.493029,    0,    1, -1, 0.0, 0.0, 0.0,  0,  0,  0
2076485.98766590, 44854.471648,    0,    1, -1, 0.0, 0.0, 0.0,  0,  0,  0
2076485.98980330, 44854.471648,    0,    1, -1, 0.0, 0.0, 0.0,  0,  0,  0
2076485.99189500, 44854.471648,    0,    1, -1, 0.0, 0.0, 0.0,  0,  0,  0
2076485.99461910, 44854.471648,    0,    1, -1, 0.0, 0.0, 0.0,  0,  0,  0
2076485.99768090, 44854.428884,    0,    1, -1, 0.0, 0.0, 0.0,  0,  0,  0
2076486.00130780, 44854.428884,    0,    1, -1, 0.0, 0.0, 0.0,  0,  0,  0
2076486.00402790, 44854.428884,    0,    1, -1, 0.0, 0.0, 0.0,  0,  0,  0
2076486.00633470, 44854.418194,    0,    1, -1, 0.0, 0.0, 0.0,  0,  0,  0
2076486.00833630, 44854.418194,    0,    1, -1, 0.0, 0.0, 0.0,  0,  0,  0
2076486.01029300, 44854.418194,    0,    1, -1, 0.0, 0.0, 0.0,  0,  0,  0
2076486.01231610, 44854.418194,    0,    1, -1, 0.0, 0.0, 0.0,  0,  0,  0
2076486.01428840, 44854.546483,    0,    1, -1, 0.0, 0.0, 0.0,  0,  0,  0
2076486.01625330, 44854.546483,    0,    1, -1, 0.0, 0.0, 0.0,  0,  0,  0
2076486.01828400, 44854.546483,    0,    1, -1, 0.0, 0.0, 0.0,  0,  0,  0
2076486.02026350, 44854.546483,    0,    1, -1, 0.0, 0.0, 0.0,  0,  0,  0
2076486.02600940, 44854.546483,    0,    1, -1, 0.0, 0.0, 0.0,  0,  0,  0
2076486.02901050, 44854.610628,    0,    1, -1, 0.0, 0.0, 0.0,  0,  0,  0
2076486.03148250, 44854.610628,    0,    1, -1, 0.0, 0.0, 0.0,  0,  0,  0
2076486.03786040, 44854.610628,    0,    1, -1, 0.0, 0.0, 0.0,  0,  0,  0
2076486.03922120, 44854.493029,    0,    1, -1, 0.0, 0.0, 0.0,  0,  0,  0
2076486.04580900, 44854.493029,    0,    1, -1, 0.0, 0.0, 0.0,  0,  0,  0
2076486.04825270, 44854.525102,    0,    1, -1, 0.0, 0.0, 0.0,  0,  0,  0
2076486.05093040, 44854.525102,    0,    1, -1, 0.0, 0.0, 0.0,  0,  0,  0
2076486.05322980, 44854.525102,    0,    1, -1, 0.0, 0.0, 0.0,  0,  0,  0
2076486.05595910, 44854.632010,    0,    1, -1, 0.0, 0.0, 0.0,  0,  0,  0
2076486.05864300, 44854.632010,    0,    1, -1, 0.0, 0.0, 0.0,  0,  0,  0
2076486.06072040, 44854.632010,    0,    1, -1, 0.0, 0.0, 0.0,  0,  0,  0
2076486.06224820, 44854.632010,    0,    1, -1, 0.0, 0.0, 0.0,  0,  0,  0
2076486.06423860, 44854.610628,    0,    1, -1, 0.0, 0.0, 0.0,  0,  0,  0
2076486.06627190, 44854.610628,    0,    1, -1, 0.0, 0.0, 0.0,  0,  0,  0
2076486.06828910, 44854.610628,    0,    1, -1, 0.0, 0.0, 0.0,  0,  0,  0
2076486.07030870, 44854.610628,    0,    1, -1, 0.0, 0.0, 0.0,  0,  0,  0
2076486.07228200, 44854.610628,    0,    1, -1, 0.0, 0.0, 0.0,  0,  0,  0
2076486.07427430, 44854.610628,    0,    1, -1, 0.0, 0.0, 0.0,  0,  0,  0
2076486.07626090, 44854.610628,    0,    1, -1, 0.0, 0.0, 0.0,  0,  0,  0
2076486.07826290, 44854.610628,    0,    1, -1, 0.0, 0.0, 0.0,  0,  0,  0
2076486.08027440, 44854.610628,    0,    1, -1, 0.0, 0.0, 0.0,  0,  0,  0
2076486.08710220, 44854.610628,    0,    1, -1, 0.0, 0.0, 0.0,  0,  0,  0
2076486.08915240, 44854.535793,    0,    1, -1, 0.0, 0.0, 0.0,  0,  0,  0
2076486.09145940, 44854.535793,    0,    1, -1, 0.0, 0.0, 0.0,  0,  0,  0
2076486.09771920, 44854.535793,    0,    1, -1, 0.0, 0.0, 0.0,  0,  0,  0
2076486.09923670, 44854.386121,    0,    1, -1, 0.0, 0.0, 0.0,  0,  0,  0
2076486.10177400, 44854.386121,    0,    1, -1, 0.0, 0.0, 0.0,  0,  0,  0
2076486.10711860, 44854.525102,    0,    1, -1, 0.0, 0.0, 0.0,  0,  0,  0
2076486.10914180, 44854.525102,    0,    1, -1, 0.0, 0.0, 0.0,  0,  0,  0
2076486.11191560, 44854.525102,    0,    1, -1, 0.0, 0.0, 0.0,  0,  0,  0
2076486.11413460, 44854.460957,    0,    1, -1, 0.0, 0.0, 0.0,  0,  0,  0
2076486.11700920, 44854.460957,    0,    1, -1, 0.0, 0.0, 0.0,  0,  0,  0
2076486.12048090, 44854.460957,    0,    1, -1, 0.0, 0.0, 0.0,  0,  0,  0
2076486.12256020, 44854.460957,    0,    1, -1, 0.0, 0.0, 0.0,  0,  0,  0
2076486.12417870, 44854.557174,    0,    1, -1, 0.0, 0.0, 0.0,  0,  0,  0
2076486.12616130, 44854.557174,    0,    1, -1, 0.0, 0.0, 0.0,  0,  0,  0
2076486.12812870, 44854.557174,    0,    1, -1, 0.0, 0.0, 0.0,  0,  0,  0
2076486.13016180, 44854.557174,    0,    1, -1, 0.0, 0.0, 0.0,  0,  0,  0
2076486.13216830, 44854.557174,    0,    1, -1, 0.0, 0.0, 0.0,  0,  0,  0
2076486.13407300, 44854.599937,    0,    1, -1, 0.0, 0.0, 0.0,  0,  0,  0
2076486.13617560, 44854.599937,    0,    1, -1, 0.0, 0.0, 0.0,  0,  0,  0
2076486.13811610, 44854.599937,    0,    1, -1, 0.0, 0.0, 0.0,  0,  0,  0
2076486.14009150, 44854.599937,    0,    1, -1, 0.0, 0.0, 0.0,  0,  0,  0
2076486.14211500, 44854.599937,    0,    1, -1, 0.0, 0.0, 0.0,  0,  0,  0
2076486.14414290, 44854.525102,    0,    1, -1, 0.0, 0.0, 0.0,  0,  0,  0
2076486.14610320, 44854.525102,    0,    1, -1, 0.0, 0.0, 0.0,  0,  0,  0
2076486.14809940, 44854.525102,    0,    1, -1, 0.0, 0.0, 0.0,  0,  0,  0
2076486.15537320, 44854.525102,    0,    1, -1, 0.0, 0.0, 0.0,  0,  0,  0
2076486.15757380, 44854.439575,    0,    1, -1, 0.0, 0.0, 0.0,  0,  0,  0
2076486.15914150, 44854.439575,    0,    1, -1, 0.0, 0.0, 0.0,  0,  0,  0
2076486.16138040, 44854.439575,    0,    1, -1, 0.0, 0.0, 0.0,  0,  0,  0
2076486.16766920, 44854.439575,    0,    1, -1, 0.0, 0.0, 0.0,  0,  0,  0
2076486.17013100, 44854.418194,    0,    1, -1, 0.0, 0.0, 0.0,  0,  0,  0
2076486.17252940, 44854.418194,    0,    1, -1, 0.0, 0.0, 0.0,  0,  0,  0
2076486.17748840, 44854.525102,    0,    1, -1, 0.0, 0.0, 0.0,  0,  0,  0
2076486.17910700, 44854.525102,    0,    1, -1, 0.0, 0.0, 0.0,  0,  0,  0
2076486.18538400, 44854.525102,    0,    1, -1, 0.0, 0.0, 0.0,  0,  0,  0
2076486.18922630, 44854.439575,    0,    1, -1, 0.0, 0.0, 0.0,  0,  0,  0
2076486.19228140, 44854.439575,    0,    1, -1, 0.0, 0.0, 0.0,  0,  0,  0
2076486.19447530, 44854.482338,    0,    1, -1, 0.0, 0.0, 0.0,  0,  0,  0
2076486.19608030, 44854.482338,    0,    1, -1, 0.0, 0.0, 0.0,  0,  0,  0
2076486.19811660, 44854.482338,    0,    1, -1, 0.0, 0.0, 0.0,  0,  0,  0
2076486.20111060, 44854.482338,    0,    1, -1, 0.0, 0.0, 0.0,  0,  0,  0
2076486.20304630, 44854.482338,    0,    1, -1, 0.0, 0.0, 0.0,  0,  0,  0
2076486.20690170, 44854.589247,    0,    1, -1, 0.0, 0.0, 0.0,  0,  0,  0
2076486.20902430, 44854.589247,    0,    1, -1, 0.0, 0.0, 0.0,  0,  0,  0
2076486.21101270, 44854.589247,    0,    1, -1, 0.0, 0.0, 0.0,  0,  0,  0
2076486.21843030, 44854.589247,    0,    1, -1, 0.0, 0.0, 0.0,  0,  0,  0
2076486.22095780, 44854.535793,    0,    1, -1, 0.0, 0.0, 0.0,  0,  0,  0
2076486.22560200, 44854.535793,    0,    1, -1, 0.0, 0.0, 0.0,  0,  0,  0
2076486.22701450, 44854.632010,    0,    1, -1, 0.0, 0.0, 0.0,  0,  0,  0
2076486.23133210, 44854.632010,    0,    1, -1, 0.0, 0.0, 0.0,  0,  0,  0
2076486.23407160, 44854.642701,    0,    1, -1, 0.0, 0.0, 0.0,  0,  0,  0
2076486.23820240, 44854.642701,    0,    1, -1, 0.0, 0.0, 0.0,  0,  0,  0
2076486.24107250, 44854.642701,    0,    1, -1, 0.0, 0.0, 0.0,  0,  0,  0
2076486.24362210, 44854.642701,    0,    1, -1, 0.0, 0.0, 0.0,  0,  0,  0
2076486.24600250, 44854.760300,    0,    1, -1, 0.0, 0.0, 0.0,  0,  0,  0
2076486.24796770, 44854.760300,    0,    1, -1, 0.0, 0.0, 0.0,  0,  0,  0
2076486.25008910, 44854.760300,    0,    1, -1, 0.0, 0.0, 0.0,  0,  0,  0
2076486.25196270, 44854.760300,    0,    1, -1, 0.0, 0.0, 0.0,  0,  0,  0
2076486.25397040, 44854.599937,    0,    1, -1, 0.0, 0.0, 0.0,  0,  0,  0
2076486.25592250, 44854.599937,    0,    1, -1, 0.0, 0.0, 0.0,  0,  0,  0
2076486.25795340, 44854.599937,    0,    1, -1, 0.0, 0.0, 0.0,  0,  0,  0
2076486.25991320, 44854.599937,    0,    1, -1, 0.0, 0.0, 0.0,  0,  0,  0
2076486.26197330, 44854.599937,    0,    1, -1, 0.0, 0.0, 0.0,  0,  0,  0
2076486.26895560, 44854.460957,    0,    1, -1, 0.0, 0.0, 0.0,  0,  0,  0
2076486.27148180, 44854.460957,    0,    1, -1, 0.0, 0.0, 0.0,  0,  0,  0
2076486.27383260, 44854.460957,    0,    1, -1, 0.0, 0.0, 0.0,  0,  0,  0
2076486.27916920, 44854.386121,    0,    1, -1, 0.0, 0.0, 0.0,  0,  0,  0
2076486.28771290, 44854.386121,    0,    1, -1, 0.0, 0.0, 0.0,  0,  0,  0
2076486.28992980, 44854.364740,    0,    1, -1, 0.0, 0.0, 0.0,  0,  0,  0
2076486.29482170, 44854.364740,    0,    1, -1, 0.0, 0.0, 0.0,  0,  0,  0
2076486.29839160, 44854.386121,    0,    1, -1, 0.0, 0.0, 0.0,  0,  0,  0
2076486.30368980, 44854.386121,    0,    1, -1, 0.0, 0.0, 0.0,  0,  0,  0
2076486.30675260, 44854.557174,    0,    1, -1, 0.0, 0.0, 0.0,  0,  0,  0
2076486.30878600, 44854.557174,    0,    1, -1, 0.0, 0.0, 0.0,  0,  0,  0
2076486.31079350, 44854.557174,    0,    1, -1, 0.0, 0.0, 0.0,  0,  0,  0
2076486.31281840, 44854.557174,    0,    1, -1, 0.0, 0.0, 0.0,  0,  0,  0
2076486.31478950, 44854.460957,    0,    1, -1, 0.0, 0.0, 0.0,  0,  0,  0
2076486.31684900, 44854.460957,    0,    1, -1, 0.0, 0.0, 0.0,  0,  0,  0
2076486.31883820, 44854.460957,    0,    1, -1, 0.0, 0.0, 0.0,  0,  0,  0
2076486.32083820, 44854.460957,    0,    1, -1, 0.0, 0.0, 0.0,  0,  0,  0
2076486.32281080, 44854.460957,    0,    1, -1, 0.0, 0.0, 0.0,  0,  0,  0
2076486.32480470, 44854.599937,    0,    1, -1, 0.0, 0.0, 0.0,  0,  0,  0
2076486.32681720, 44854.599937,    0,    1, -1, 0.0, 0.0, 0.0,  0,  0,  0
2076486.32879930, 44854.599937,    0,    1, -1, 0.0, 0.0, 0.0,  0,  0,  0
2076486.33081130, 44854.599937,    0,    1, -1, 0.0, 0.0, 0.0,  0,  0,  0
2076486.33274520, 44854.599937,    0,    1, -1, 0.0, 0.0, 0.0,  0,  0,  0
2076486.33802000, 44854.589247,    0,    1, -1, 0.0, 0.0, 0.0,  0,  0,  0
2076486.34053070, 44854.589247,    0,    1, -1, 0.0, 0.0, 0.0,  0,  0,  0
2076486.34278820, 44854.589247,    0,    1, -1, 0.0, 0.0, 0.0,  0,  0,  0
2076486.34973140, 44854.578556,    0,    1, -1, 0.0, 0.0, 0.0,  0,  0,  0
2076486.35195140, 44854.578556,    0,    1, -1, 0.0, 0.0, 0.0,  0,  0,  0
2076486.35444520, 44854.503720,    0,    1, -1, 0.0, 0.0, 0.0,  0,  0,  0
2076486.35712890, 44854.503720,    0,    1, -1, 0.0, 0.0, 0.0,  0,  0,  0
2076486.36256380, 44854.503720,    0,    1, -1, 0.0, 0.0, 0.0,  0,  0,  0
2076486.36607330, 44854.535793,    0,    1, -1, 0.0, 0.0, 0.0,  0,  0,  0
2076486.36974890, 44854.535793,    0,    1, -1, 0.0, 0.0, 0.0,  0,  0,  0
2076486.37242670, 44854.535793,    0,    1, -1, 0.0, 0.0, 0.0,  0,  0,  0
2076486.37570900, 44854.482338,    0,    1, -1, 0.0, 0.0, 0.0,  0,  0,  0
2076486.37774310, 44854.482338,    0,    1, -1, 0.0, 0.0, 0.0,  0,  0,  0
2076486.37972630, 44854.482338,    0,    1, -1, 0.0, 0.0, 0.0,  0,  0,  0
2076486.38171360, 44854.482338,    0,    1, -1, 0.0, 0.0, 0.0,  0,  0,  0
2076486.38373150, 44854.482338,    0,    1, -1, 0.0, 0.0, 0.0,  0,  0,  0
2076486.38570550, 44854.482338,    0,    1, -1, 0.0, 0.0, 0.0,  0,  0,  0
2076486.38773350, 44854.482338,    0,    1, -1, 0.0, 0.0, 0.0,  0,  0,  0
2076486.38965860, 44854.482338,    0,    1, -1, 0.0, 0.0, 0.0,  0,  0,  0
2076486.39169030, 44854.482338,    0,    1, -1, 0.0, 0.0, 0.0,  0,  0,  0
2076486.39368720, 44854.589247,    0,    1, -1, 0.0, 0.0, 0.0,  0,  0,  0
2076486.40074690, 44854.589247,    0,    1, -1, 0.0, 0.0, 0.0,  0,  0,  0
2076486.40290860, 44854.589247,    0,    1, -1, 0.0, 0.0, 0.0,  0,  0,  0
2076486.40473470, 44854.706845,    0,    1, -1, 0.0, 0.0, 0.0,  0,  0,  0
2076486.40718170, 44854.706845,    0,    1, -1, 0.0, 0.0, 0.0,  0,  0,  0
2076486.41543350, 44854.706845,    0,    1, -1, 0.0, 0.0, 0.0,  0,  0,  0
2076486.41768100, 44854.781681,    0,    1, -1, 0.0, 0.0, 0.0,  0,  0,  0
2076486.42629670, 44854.781681,    0,    1, -1, 0.0, 0.0, 0.0,  0,  0,  0
2076486.43308860, 44854.770990,    0,    1, -1, 0.0, 0.0, 0.0,  0,  0,  0
2076486.43473020, 44854.685464,    0,    1, -1, 0.0, 0.0, 0.0,  0,  0,  0
2076486.43734050, 44854.685464,    0,    1, -1, 0.0, 0.0, 0.0,  0,  0,  0
2076486.44087280, 44854.685464,    0,    1, -1, 0.0, 0.0, 0.0,  0,  0,  0
2076486.44310280, 44854.685464,    0,    1, -1, 0.0, 0.0, 0.0,  0,  0,  0
2076486.44458860, 44854.717536,    0,    1, -1, 0.0, 0.0, 0.0,  0,  0,  0
2076486.44657720, 44854.717536,    0,    1, -1, 0.0, 0.0, 0.0,  0,  0,  0
2076486.44856890, 44854.717536,    0,    1, -1, 0.0, 0.0, 0.0,  0,  0,  0
2076486.45066910, 44854.717536,    0,    1, -1, 0.0, 0.0, 0.0,  0,  0,  0
2076486.45258220, 44854.717536,    0,    1, -1, 0.0, 0.0, 0.0,  0,  0,  0
2076486.45457480, 44854.567865,    0,    1, -1, 0.0, 0.0, 0.0,  0,  0,  0
2076486.45657920, 44854.567865,    0,    1, -1, 0.0, 0.0, 0.0,  0,  0,  0
2076486.45861660, 44854.567865,    0,    1, -1, 0.0, 0.0, 0.0,  0,  0,  0
2076486.46571780, 44854.567865,    0,    1, -1, 0.0, 0.0, 0.0,  0,  0,  0
2076486.46813620, 44854.514411,    0,    1, -1, 0.0, 0.0, 0.0,  0,  0,  0
2076486.46959110, 44854.514411,    0,    1, -1, 0.0, 0.0, 0.0,  0,  0,  0
2076486.47154450, 44854.514411,    0,    1, -1, 0.0, 0.0, 0.0,  0,  0,  0
2076486.47358810, 44854.503720,    0,    1, -1, 0.0, 0.0, 0.0,  0,  0,  0
2076486.47763670, 44854.503720,    0,    1, -1, 0.0, 0.0, 0.0,  0,  0,  0
2076486.47978240, 44854.503720,    0,    1, -1, 0.0, 0.0, 0.0,  0,  0,  0
2076486.48151280, 44854.503720,    0,    1, -1, 0.0, 0.0, 0.0,  0,  0,  0
2076486.48469710, 44854.525102,    0,    1, -1, 0.0, 0.0, 0.0,  0,  0,  0
2076486.48947430, 44854.525102,    0,    1, -1, 0.0, 0.0, 0.0,  0,  0,  0
2076486.49331640, 44854.525102,    0,    1, -1, 0.0, 0.0, 0.0,  0,  0,  0
2076486.49752750, 44854.471648,    0,    1, -1, 0.0, 0.0, 0.0,  0,  0,  0
2076486.50202130, 44854.471648,    0,    1, -1, 0.0, 0.0, 0.0,  0,  0,  0
2076486.50492790, 44854.599937,    0,    1, -1, 0.0, 0.0, 0.0,  0,  0,  0
2076486.50733650, 44854.599937,    0,    1, -1, 0.0, 0.0, 0.0,  0,  0,  0
2076486.50950290, 44854.599937,    0,    1, -1, 0.0, 0.0, 0.0,  0,  0,  0
2076486.51148250, 44854.599937,    0,    1, -1, 0.0, 0.0, 0.0,  0,  0,  0
2076486.51346120, 44854.503720,    0,    1, -1, 0.0, 0.0, 0.0,  0,  0,  0
2076486.51564650, 44854.503720,    0,    1, -1, 0.0, 0.0, 0.0,  0,  0,  0
2076486.51776380, 44854.503720,    0,    1, -1, 0.0, 0.0, 0.0,  0,  0,  0
2076486.51954480, 44854.503720,    0,    1, -1, 0.0, 0.0, 0.0,  0,  0,  0
2076486.52148320, 44854.503720,    0,    1, -1, 0.0, 0.0, 0.0,  0,  0,  0
2076486.52347870, 44854.418194,    0,    1, -1, 0.0, 0.0, 0.0,  0,  0,  0
2076486.53117520, 44854.418194,    0,    1, -1, 0.0, 0.0, 0.0,  0,  0,  0
2076486.53343750, 44854.343358,    0,    1, -1, 0.0, 0.0, 0.0,  0,  0,  0
2076486.53544750, 44854.343358,    0,    1, -1, 0.0, 0.0, 0.0,  0,  0,  0
2076486.53760970, 44854.343358,    0,    1, -1, 0.0, 0.0, 0.0,  0,  0,  0
2076486.53957050, 44854.343358,    0,    1, -1, 0.0, 0.0, 0.0,  0,  0,  0
2076486.54471280, 44854.343358,    0,    1, -1, 0.0, 0.0, 0.0,  0,  0,  0
2076486.54907740, 44854.364740,    0,    1, -1, 0.0, 0.0, 0.0,  0,  0,  0
2076486.55145470, 44854.364740,    0,    1, -1, 0.0, 0.0, 0.0,  0,  0,  0
2076486.56160100, 44854.182996,    0,    1, -1, 0.0, 0.0, 0.0,  0,  0,  0
2076486.56344300, 44854.182996,    0,    1, -1, 0.0, 0.0, 0.0,  0,  0,  0
2076486.57368810, 44854.354049,    0,    1, -1, 0.0, 0.0, 0.0,  0,  0,  0
2076486.57541490, 44854.471648,    0,    1, -1, 0.0, 0.0, 0.0,  0,  0,  0
2076486.58023590, 44854.471648,    0,    1, -1, 0.0, 0.0, 0.0,  0,  0,  0
2076486.58573930, 44854.471648,    0,    1, -1, 0.0, 0.0, 0.0,  0,  0,  0
2076486.59045240, 44854.493029,    0,    1, -1, 0.0, 0.0, 0.0,  0,  0,  0
2076486.59627340, 44854.493029,    0,    1, -1, 0.0, 0.0, 0.0,  0,  0,  0
2076486.59838920, 44854.439575,    0,    1, -1, 0.0, 0.0, 0.0,  0,  0,  0
2076486.60176870, 44854.439575,    0,    1, -1, 0.0, 0.0, 0.0,  0,  0,  0
2076486.60437940, 44854.642701,    0,    1, -1, 0.0, 0.0, 0.0,  0,  0,  0
2076486.60646820, 44854.642701,    0,    1, -1, 0.0, 0.0, 0.0,  0,  0,  0
2076486.61494070, 44854.642701,    0,    1, -1, 0.0, 0.0, 0.0,  0,  0,  0
2076486.61744230, 44854.567865,    0,    1, -1, 0.0, 0.0, 0.0,  0,  0,  0
2076486.62020750, 44854.567865,    0,    1, -1, 0.0, 0.0, 0.0,  0,  0,  0
2076486.62376220, 44854.567865,    0,    1, -1, 0.0, 0.0, 0.0,  0,  0,  0
2076486.63096430, 44854.546483,    0,    1, -1, 0.0, 0.0, 0.0,  0,  0,  0
2076486.63339550, 44854.546483,    0,    1, -1, 0.0, 0.0, 0.0,  0,  0,  0
2076486.63596510, 44854.610628,    0,    1, -1, 0.0, 0.0, 0.0,  0,  0,  0
2076486.64527160, 44854.610628,    0,    1, -1, 0.0, 0.0, 0.0,  0,  0,  0
2076486.65103250, 44854.706845,    0,    1, -1, 0.0, 0.0, 0.0,  0,  0,  0
2076486.65328680, 44854.364740,    0,    1, -1, 0.0, 0.0, 0.0,  0,  0,  0
2076486.65658270, 44854.364740,    0,    1, -1, 0.0, 0.0, 0.0,  0,  0,  0
2076486.65829370, 44854.364740,    0,    1, -1, 0.0, 0.0, 0.0,  0,  0,  0
2076486.66234940, 44854.364740,    0,    1, -1, 0.0, 0.0, 0.0,  0,  0,  0
2076486.67051870, 44854.471648,    0,    1, -1, 0.0, 0.0, 0.0,  0,  0,  0
2076486.67229620, 44854.471648,    0,    1, -1, 0.0, 0.0, 0.0,  0,  0,  0
2076486.67423850, 44854.364740,    0,    1, -1, 0.0, 0.0, 0.0,  0,  0,  0
2076486.67639750, 44854.364740,    0,    1, -1, 0.0, 0.0, 0.0,  0,  0,  0
2076486.67844950, 44854.364740,    0,    1, -1, 0.0, 0.0, 0.0,  0,  0,  0
2076486.68302790, 44854.364740,    0,    1, -1, 0.0, 0.0, 0.0,  0,  0,  0
2076486.69071020, 44854.493029,    0,    1, -1, 0.0, 0.0, 0.0,  0,  0,  0
2076486.69323020, 44854.493029,    0,    1, -1, 0.0, 0.0, 0.0,  0,  0,  0
2076486.69881380, 44854.642701,    0,    1, -1, 0.0, 0.0, 0.0,  0,  0,  0
2076486.70589800, 44854.642701,    0,    1, -1, 0.0, 0.0, 0.0,  0,  0,  0
2076486.70821910, 44854.664082,    0,    1, -1, 0.0, 0.0, 0.0,  0,  0,  0
2076486.71114140, 44854.664082,    0,    1, -1, 0.0, 0.0, 0.0,  0,  0,  0
2076486.71993300, 44854.632010,    0,    1, -1, 0.0, 0.0, 0.0,  0,  0,  0
2076486.72214480, 44854.632010,    0,    1, -1, 0.0, 0.0, 0.0,  0,  0,  0
2076486.72581690, 44854.717536,    0,    1, -1, 0.0, 0.0, 0.0,  0,  0,  0
2076486.72946340, 44854.717536,    0,    1, -1, 0.0, 0.0, 0.0,  0,  0,  0
2076486.73111260, 44854.717536,    0,    1, -1, 0.0, 0.0, 0.0,  0,  0,  0
2076486.73456050, 44854.717536,    0,    1, -1, 0.0, 0.0, 0.0,  0,  0,  0
2076486.74127300, 44854.439575,    0,    1, -1, 0.0, 0.0, 0.0,  0,  0,  0
2076486.74314810, 44854.439575,    0,    1, -1, 0.0, 0.0, 0.0,  0,  0,  0
2076486.74563100, 44854.482338,    0,    1, -1, 0.0, 0.0, 0.0,  0,  0,  0
2076486.74708940, 44854.482338,    0,    1, -1, 0.0, 0.0, 0.0,  0,  0,  0
2076486.75307400, 44854.482338,    0,    1, -1, 0.0, 0.0, 0.0,  0,  0,  0
2076486.76133030, 44854.525102,    0,    1, -1, 0.0, 0.0, 0.0,  0,  0,  0
2076486.76343180, 44854.525102,    0,    1, -1, 0.0, 0.0, 0.0,  0,  0,  0
2076486.76511740, 44854.642701,    0,    1, -1, 0.0, 0.0, 0.0,  0,  0,  0
2076486.76740210, 44854.642701,    0,    1, -1, 0.0, 0.0, 0.0,  0,  0,  0
2076486.77064310, 44854.642701,    0,    1, -1, 0.0, 0.0, 0.0,  0,  0,  0
2076486.77661190, 44854.642701,    0,    1, -1, 0.0, 0.0, 0.0,  0,  0,  0
2076486.77905920, 44854.471648,    0,    1, -1, 0.0, 0.0, 0.0,  0,  0,  0
2076486.78847330, 44854.471648,    0,    1, -1, 0.0, 0.0, 0.0,  0,  0,  0
2076486.79375280, 44854.396812,    0,    1, -1, 0.0, 0.0, 0.0,  0,  0,  0
2076486.79826770, 44854.589247,    0,    1, -1, 0.0, 0.0, 0.0,  0,  0,  0
2076486.80106780, 44854.589247,    0,    1, -1, 0.0, 0.0, 0.0,  0,  0,  0
2076486.80470030, 44854.589247,    0,    1, -1, 0.0, 0.0, 0.0,  0,  0,  0
2076486.81273360, 44854.589247,    0,    1, -1, 0.0, 0.0, 0.0,  0,  0,  0
2076486.81498790, 44854.599937,    0,    1, -1, 0.0, 0.0, 0.0,  0,  0,  0
2076486.81726590, 44854.599937,    0,    1, -1, 0.0, 0.0, 0.0,  0,  0,  0
2076486.81900820, 44854.599937,    0,    1, -1, 0.0, 0.0, 0.0,  0,  0,  0
2076486.82126830, 44854.599937,    0,    1, -1, 0.0, 0.0, 0.0,  0,  0,  0
2076486.82307550, 44854.599937,    0,    1, -1, 0.0, 0.0, 0.0,  0,  0,  0
2076486.82519050, 44854.621319,    0,    1, -1, 0.0, 0.0, 0.0,  0,  0,  0
2076486.82969430, 44854.621319,    0,    1, -1, 0.0, 0.0, 0.0,  0,  0,  0
2076486.83563380, 44854.621319,    0,    1, -1, 0.0, 0.0, 0.0,  0,  0,  0
2076486.83797540, 44854.493029,    0,    1, -1, 0.0, 0.0, 0.0,  0,  0,  0
2076486.83998000, 44854.493029,    0,    1, -1, 0.0, 0.0, 0.0,  0,  0,  0
2076486.84254920, 44854.493029,    0,    1, -1, 0.0, 0.0, 0.0,  0,  0,  0
2076486.84923860, 44854.514411,    0,    1, -1, 0.0, 0.0, 0.0,  0,  0,  0
2076486.85093360, 44854.514411,    0,    1, -1, 0.0, 0.0, 0.0,  0,  0,  0
2076486.85429970, 44854.514411,    0,    1, -1, 0.0, 0.0, 0.0,  0,  0,  0
2076486.85956510, 44854.535793,    0,    1, -1, 0.0, 0.0, 0.0,  0,  0,  0
2076486.86192050, 44854.535793,    0,    1, -1, 0.0, 0.0, 0.0,  0,  0,  0
2076486.86556690, 44854.514411,    0,    1, -1, 0.0, 0.0, 0.0,  0,  0,  0
2076486.86838360, 44854.514411,    0,    1, -1, 0.0, 0.0, 0.0,  0,  0,  0
2076486.87117620, 44854.514411,    0,    1, -1, 0.0, 0.0, 0.0,  0,  0,  0
2076486.87505850, 44854.514411,    0,    1, -1, 0.0, 0.0, 0.0,  0,  0,  0
2076486.88359280, 44854.546483,    0,    1, -1, 0.0, 0.0, 0.0,  0,  0,  0
2076486.88589370, 44854.557174,    0,    1, -1, 0.0, 0.0, 0.0,  0,  0,  0
2076486.88789040, 44854.557174,    0,    1, -1, 0.0, 0.0, 0.0,  0,  0,  0
2076486.88988460, 44854.557174,    0,    1, -1, 0.0, 0.0, 0.0,  0,  0,  0
2076486.89212960, 44854.557174,    0,    1, -1, 0.0, 0.0, 0.0,  0,  0,  0
2076486.90198540, 44854.525102,    0,    1, -1, 0.0, 0.0, 0.0,  0,  0,  0
2076486.90390180, 44854.493029,    0,    1, -1, 0.0, 0.0, 0.0,  0,  0,  0
2076486.90615450, 44854.493029,    0,    1, -1, 0.0, 0.0, 0.0,  0,  0,  0
2076486.90981680, 44854.493029,    0,    1, -1, 0.0, 0.0, 0.0,  0,  0,  0
2076486.91402160, 44854.493029,    0,    1, -1, 0.0, 0.0, 0.0,  0,  0,  0
2076486.91591360, 44854.557174,    0,    1, -1, 0.0, 0.0, 0.0,  0,  0,  0
2076486.91795440, 44854.557174,    0,    1, -1, 0.0, 0.0, 0.0,  0,  0,  0
2076486.92713160, 44854.557174,    0,    1, -1, 0.0, 0.0, 0.0,  0,  0,  0
2076486.93413750, 44854.578556,    0,    1, -1, 0.0, 0.0, 0.0,  0,  0,  0
2076486.93677420, 44854.439575,    0,    1, -1, 0.0, 0.0, 0.0,  0,  0,  0
2076486.94076570, 44854.439575,    0,    1, -1, 0.0, 0.0, 0.0,  0,  0,  0
2076486.94276200, 44854.439575,    0,    1, -1, 0.0, 0.0, 0.0,  0,  0,  0
2076486.94638550, 44854.653391,    0,    1, -1, 0.0, 0.0, 0.0,  0,  0,  0
2076486.95362690, 44854.653391,    0,    1, -1, 0.0, 0.0, 0.0,  0,  0,  0
2076486.95621960, 44854.428884,    0,    1, -1, 0.0, 0.0, 0.0,  0,  0,  0
2076486.95795390, 44854.428884,    0,    1, -1, 0.0, 0.0, 0.0,  0,  0,  0
2076486.95976440, 44854.428884,    0,    1, -1, 0.0, 0.0, 0.0,  0,  0,  0
2076486.96429180, 44854.428884,    0,    1, -1, 0.0, 0.0, 0.0,  0,  0,  0
2076486.96860130, 44854.407503,    0,    1, -1, 0.0, 0.0, 0.0,  0,  0,  0
2076486.97253650, 44854.407503,    0,    1, -1, 0.0, 0.0, 0.0,  0,  0,  0
2076486.97572080, 44854.578556,    0,    1, -1, 0.0, 0.0, 0.0,  0,  0,  0
2076486.98030590, 44854.578556,    0,    1, -1, 0.0, 0.0, 0.0,  0,  0,  0
2076486.98476650, 44854.578556,    0,    1, -1, 0.0, 0.0, 0.0,  0,  0,  0
2076486.98845100, 44854.599937,    0,    1, -1, 0.0, 0.0, 0.0,  0,  0,  0
2076486.99066430, 44854.599937,    0,    1, -1, 0.0, 0.0, 0.0,  0,  0,  0
2076486.99286880, 44854.599937,    0,    1, -1, 0.0, 0.0, 0.0,  0,  0,  0
2076486.99827950, 44854.514411,    0,    1, -1, 0.0, 0.0, 0.0,  0,  0,  0
2076487.00062540, 44854.514411,    0,    1, -1, 0.0, 0.0, 0.0,  0,  0,  0
2076487.00467470, 44854.514411,    0,    1, -1, 0.0, 0.0, 0.0,  0,  0,  0
2076487.00664150, 44854.535793,    0,    1, -1, 0.0, 0.0, 0.0,  0,  0,  0
2076487.00963050, 44854.535793,    0,    1, -1, 0.0, 0.0, 0.0,  0,  0,  0
2076487.01310280, 44854.535793,    0,    1, -1, 0.0, 0.0, 0.0,  0,  0,  0
2076487.02053230, 44854.375430,    0,    1, -1, 0.0, 0.0, 0.0,  0,  0,  0
2076487.02306930, 44854.375430,    0,    1, -1, 0.0, 0.0, 0.0,  0,  0,  0
2076487.02473320, 44854.343358,    0,    1, -1, 0.0, 0.0, 0.0,  0,  0,  0
2076487.02660640, 44854.343358,    0,    1, -1, 0.0, 0.0, 0.0,  0,  0,  0
2076487.02993550, 44854.343358,    0,    1, -1, 0.0, 0.0, 0.0,  0,  0,  0
2076487.03272940, 44854.343358,    0,    1, -1, 0.0, 0.0, 0.0,  0,  0,  0
2076487.03698500, 44854.364740,    0,    1, -1, 0.0, 0.0, 0.0,  0,  0,  0
2076487.03863570, 44854.364740,    0,    1, -1, 0.0, 0.0, 0.0,  0,  0,  0
2076487.04104700, 44854.364740,    0,    1, -1, 0.0, 0.0, 0.0,  0,  0,  0
2076487.04342620, 44854.364740,    0,    1, -1, 0.0, 0.0, 0.0,  0,  0,  0
2076487.04998530, 44854.471648,    0,    1, -1, 0.0, 0.0, 0.0,  0,  0,  0
2076487.05253270, 44854.471648,    0,    1, -1, 0.0, 0.0, 0.0,  0,  0,  0
2076487.05524120, 44854.493029,    0,    1, -1, 0.0, 0.0, 0.0,  0,  0,  0
2076487.06101730, 44854.493029,    0,    1, -1, 0.0, 0.0, 0.0,  0,  0,  0
2076487.06595590, 44854.557174,    0,    1, -1, 0.0, 0.0, 0.0,  0,  0,  0
2076487.06863100, 44854.557174,    0,    1, -1, 0.0, 0.0, 0.0,  0,  0,  0
2076487.07195140, 44854.557174,    0,    1, -1, 0.0, 0.0, 0.0,  0,  0,  0
2076487.07669050, 44854.418194,    0,    1, -1, 0.0, 0.0, 0.0,  0,  0,  0
2076487.08406680, 44854.418194,    0,    1, -1, 0.0, 0.0, 0.0,  0,  0,  0
2076487.08547890, 44854.428884,    0,    1, -1, 0.0, 0.0, 0.0,  0,  0,  0
2076487.08771250, 44854.428884,    0,    1, -1, 0.0, 0.0, 0.0,  0,  0,  0
2076487.08978250, 44854.428884,    0,    1, -1, 0.0, 0.0, 0.0,  0,  0,  0
2076487.09184840, 44854.428884,    0,    1, -1, 0.0, 0.0, 0.0,  0,  0,  0
2076487.09342660, 44854.396812,    0,    1, -1, 0.0, 0.0, 0.0,  0,  0,  0
2076487.09608190, 44854.396812,    0,    1, -1, 0.0, 0.0, 0.0,  0,  0,  0
2076487.09744150, 44854.396812,    0,    1, -1, 0.0, 0.0, 0.0,  0,  0,  0
2076487.09979390, 44854.396812,    0,    1, -1, 0.0, 0.0, 0.0,  0,  0,  0
2076487.10172980, 44854.396812,    0,    1, -1, 0.0, 0.0, 0.0,  0,  0,  0
2076487.10386590, 44854.396812,    0,    1, -1, 0.0, 0.0, 0.0,  0,  0,  0
2076487.10660030, 44854.685464,    0,    1, -1, 0.0, 0.0, 0.0,  0,  0,  0
2076487.10841390, 44854.685464,    0,    1, -1, 0.0, 0.0, 0.0,  0,  0,  0
2076487.11075260, 44854.685464,    0,    1, -1, 0.0, 0.0, 0.0,  0,  0,  0
2076487.11454370, 44854.685464,    0,    1, -1, 0.0, 0.0, 0.0,  0,  0,  0
2076487.11644270, 44854.696155,    0,    1, -1, 0.0, 0.0, 0.0,  0,  0,  0
2076487.11970390, 44854.696155,    0,    1, -1, 0.0, 0.0, 0.0,  0,  0,  0
2076487.12327460, 44854.696155,    0,    1, -1, 0.0, 0.0, 0.0,  0,  0,  0
2076487.12566770, 44854.610628,    0,    1, -1, 0.0, 0.0, 0.0,  0,  0,  0
2076487.12733400, 44854.610628,    0,    1, -1, 0.0, 0.0, 0.0,  0,  0,  0
2076487.12934900, 44854.610628,    0,    1, -1, 0.0, 0.0, 0.0,  0,  0,  0
2076487.13134100, 44854.610628,    0,    1, -1, 0.0, 0.0, 0.0,  0,  0,  0
2076487.13342670, 44854.482338,    0,    1, -1, 0.0, 0.0, 0.0,  0,  0,  0
2076487.13533520, 44854.482338,    0,    1, -1, 0.0, 0.0, 0.0,  0,  0,  0
2076487.13732560, 44854.482338,    0,    1, -1, 0.0, 0.0, 0.0,  0,  0,  0
2076487.14303750, 44854.482338,    0,    1, -1, 0.0, 0.0, 0.0,  0,  0,  0
2076487.14551750, 44854.396812,    0,    1, -1, 0.0, 0.0, 0.0,  0,  0,  0
2076487.14732290, 44854.396812,    0,    1, -1, 0.0, 0.0, 0.0,  0,  0,  0
2076487.15156800, 44854.396812,    0,    1, -1, 0.0, 0.0, 0.0,  0,  0,  0
2076487.15564840, 44854.396812,    0,    1, -1, 0.0, 0.0, 0.0,  0,  0,  0
2076487.15733060, 44854.407503,    0,    1, -1, 0.0, 0.0, 0.0,  0,  0,  0
2076487.15946630, 44854.407503,    0,    1, -1, 0.0, 0.0, 0.0,  0,  0,  0
2076487.16370330, 44854.407503,    0,    1, -1, 0.0, 0.0, 0.0,  0,  0,  0
2076487.16602330, 44854.664082,    0,    1, -1, 0.0, 0.0, 0.0,  0,  0,  0
2076487.16906500, 44854.664082,    0,    1, -1, 0.0, 0.0, 0.0,  0,  0,  0
2076487.17175400, 44854.664082,    0,    1, -1, 0.0, 0.0, 0.0,  0,  0,  0
2076487.17500460, 44854.664082,    0,    1, -1, 0.0, 0.0, 0.0,  0,  0,  0
2076487.17822520, 44854.578556,    0,    1, -1, 0.0, 0.0, 0.0,  0,  0,  0
2076487.18116660, 44854.578556,    0,    1, -1, 0.0, 0.0, 0.0,  0,  0,  0
2076487.18362480, 44854.578556,    0,    1, -1, 0.0, 0.0, 0.0,  0,  0,  0
2076487.18625240, 44854.471648,    0,    1, -1, 0.0, 0.0, 0.0,  0,  0,  0
2076487.18824090, 44854.471648,    0,    1, -1, 0.0, 0.0, 0.0,  0,  0,  0
2076487.19024120, 44854.471648,    0,    1, -1, 0.0, 0.0, 0.0,  0,  0,  0
2076487.19224580, 44854.471648,    0,    1, -1, 0.0, 0.0, 0.0,  0,  0,  0
2076487.19424690, 44854.535793,    0,    1, -1, 0.0, 0.0, 0.0,  0,  0,  0
2076487.19624530, 44854.535793,    0,    1, -1, 0.0, 0.0, 0.0,  0,  0,  0
2076487.19821470, 44854.535793,    0,    1, -1, 0.0, 0.0, 0.0,  0,  0,  0
2076487.20126590, 44854.535793,    0,    1, -1, 0.0, 0.0, 0.0,  0,  0,  0
2076487.20323890, 44854.535793,    0,    1, -1, 0.0, 0.0, 0.0,  0,  0,  0
2076487.20525170, 44854.514411,    0,    1, -1, 0.0, 0.0, 0.0,  0,  0,  0
2076487.20723900, 44854.514411,    0,    1, -1, 0.0, 0.0, 0.0,  0,  0,  0
2076487.20923730, 44854.514411,    0,    1, -1, 0.0, 0.0, 0.0,  0,  0,  0
2076487.21463570, 44854.514411,    0,    1, -1, 0.0, 0.0, 0.0,  0,  0,  0
2076487.21618790, 44854.257831,    0,    1, -1, 0.0, 0.0, 0.0,  0,  0,  0
2076487.21900140, 44854.257831,    0,    1, -1, 0.0, 0.0, 0.0,  0,  0,  0
2076487.22150590, 44854.257831,    0,    1, -1, 0.0, 0.0, 0.0,  0,  0,  0
2076487.22496840, 44854.257831,    0,    1, -1, 0.0, 0.0, 0.0,  0,  0,  0
2076487.22888400, 44854.332667,    0,    1, -1, 0.0, 0.0, 0.0,  0,  0,  0
2076487.23116730, 44854.332667,    0,    1, -1, 0.0, 0.0, 0.0,  0,  0,  0
2076487.24038520, 44854.332667,    0,    1, -1, 0.0, 0.0, 0.0,  0,  0,  0
2076487.24213610, 44854.471648,    0,    1, -1, 0.0, 0.0, 0.0,  0,  0,  0
2076487.25149310, 44854.589247,    0,    1, -1, 0.0, 0.0, 0.0,  0,  0,  0
2076487.25312690, 44854.589247,    0,    1, -1, 0.0, 0.0, 0.0,  0,  0,  0
2076487.25606070, 44854.578556,    0,    1, -1, 0.0, 0.0, 0.0,  0,  0,  0
2076487.25988950, 44854.578556,    0,    1, -1, 0.0, 0.0, 0.0,  0,  0,  0
2076487.26300040, 44854.578556,    0,    1, -1, 0.0, 0.0, 0.0,  0,  0,  0
2076487.26866920, 44854.642701,    0,    1, -1, 0.0, 0.0, 0.0,  0,  0,  0
2076487.27006660, 44854.642701,    0,    1, -1, 0.0, 0.0, 0.0,  0,  0,  0
2076487.27217990, 44854.642701,    0,    1, -1, 0.0, 0.0, 0.0,  0,  0,  0
2076487.27940910, 44854.503720,    0,    1, -1, 0.0, 0.0, 0.0,  0,  0,  0
2076487.28106760, 44854.503720,    0,    1, -1, 0.0, 0.0, 0.0,  0,  0,  0
2076487.28935990, 44854.503720,    0,    1, -1, 0.0, 0.0, 0.0,  0,  0,  0
2076487.29198780, 44854.460957,    0,    1, -1, 0.0, 0.0, 0.0,  0,  0,  0
2076487.29594400, 44854.471648,    0,    1, -1, 0.0, 0.0, 0.0,  0,  0,  0
2076487.30031320, 44854.471648,    0,    1, -1, 0.0, 0.0, 0.0,  0,  0,  0
2076487.30367460, 44854.471648,    0,    1, -1, 0.0, 0.0, 0.0,  0,  0,  0
2076487.30702400, 44854.728227,    0,    1, -1, 0.0, 0.0, 0.0,  0,  0,  0
2076487.30903690, 44854.728227,    0,    1, -1, 0.0, 0.0, 0.0,  0,  0,  0
2076487.31101860, 44854.728227,    0,    1, -1, 0.0, 0.0, 0.0,  0,  0,  0
2076487.31302880, 44854.728227,    0,    1, -1, 0.0, 0.0, 0.0,  0,  0,  0
2076487.31497980, 44854.674773,    0,    1, -1, 0.0, 0.0, 0.0,  0,  0,  0
2076487.31720040, 44854.674773,    0,    1, -1, 0.0, 0.0, 0.0,  0,  0,  0
2076487.31902410, 44854.674773,    0,    1, -1, 0.0, 0.0, 0.0,  0,  0,  0
2076487.32099440, 44854.674773,    0,    1, -1, 0.0, 0.0, 0.0,  0,  0,  0
2076487.32299540, 44854.674773,    0,    1, -1, 0.0, 0.0, 0.0,  0,  0,  0
2076487.32498850, 44854.557174,    0,    1, -1, 0.0, 0.0, 0.0,  0,  0,  0
2076487.32695750, 44854.557174,    0,    1, -1, 0.0, 0.0, 0.0,  0,  0,  0
2076487.32901970, 44854.557174,    0,    1, -1, 0.0, 0.0, 0.0,  0,  0,  0
2076487.33098970, 44854.557174,    0,    1, -1, 0.0, 0.0, 0.0,  0,  0,  0
2076487.33296800, 44854.557174,    0,    1, -1, 0.0, 0.0, 0.0,  0,  0,  0
2076487.33495890, 44854.364740,    0,    1, -1, 0.0, 0.0, 0.0,  0,  0,  0
2076487.33941130, 44854.364740,    0,    1, -1, 0.0, 0.0, 0.0,  0,  0,  0
2076487.34129510, 44854.364740,    0,    1, -1, 0.0, 0.0, 0.0,  0,  0,  0
2076487.34299450, 44854.364740,    0,    1, -1, 0.0, 0.0, 0.0,  0,  0,  0
2076487.34799570, 44854.450266,    0,    1, -1, 0.0, 0.0, 0.0,  0,  0,  0
2076487.35120610, 44854.450266,    0,    1, -1, 0.0, 0.0, 0.0,  0,  0,  0
2076487.35287560, 44854.450266,    0,    1, -1, 0.0, 0.0, 0.0,  0,  0,  0
2076487.35862000, 44854.375430,    0,    1, -1, 0.0, 0.0, 0.0,  0,  0,  0
2076487.36114200, 44854.375430,    0,    1, -1, 0.0, 0.0, 0.0,  0,  0,  0
2076487.36461050, 44854.375430,    0,    1, -1, 0.0, 0.0, 0.0,  0,  0,  0
2076487.36934150, 44854.418194,    0,    1, -1, 0.0, 0.0, 0.0,  0,  0,  0
2076487.37089430, 44854.418194,    0,    1, -1, 0.0, 0.0, 0.0,  0,  0,  0
2076487.37290640, 44854.418194,    0,    1, -1, 0.0, 0.0, 0.0,  0,  0,  0
2076487.37488540, 44854.460957,    0,    1, -1, 0.0, 0.0, 0.0,  0,  0,  0
2076487.37686170, 44854.460957,    0,    1, -1, 0.0, 0.0, 0.0,  0,  0,  0
2076487.37887830, 44854.460957,    0,    1, -1, 0.0, 0.0, 0.0,  0,  0,  0
2076487.38092210, 44854.460957,    0,    1, -1, 0.0, 0.0, 0.0,  0,  0,  0
2076487.38288270, 44854.460957,    0,    1, -1, 0.0, 0.0, 0.0,  0,  0,  0
2076487.38514570, 44854.557174,    0,    1, -1, 0.0, 0.0, 0.0,  0,  0,  0
2076487.38685700, 44854.557174,    0,    1, -1, 0.0, 0.0, 0.0,  0,  0,  0
2076487.38883180, 44854.557174,    0,    1, -1, 0.0, 0.0, 0.0,  0,  0,  0
2076487.39087480, 44854.557174,    0,    1, -1, 0.0, 0.0, 0.0,  0,  0,  0
2076487.39288400, 44854.557174,    0,    1, -1, 0.0, 0.0, 0.0,  0,  0,  0
2076487.39486710, 44854.460957,    0,    1, -1, 0.0, 0.0, 0.0,  0,  0,  0
2076487.39691950, 44854.460957,    0,    1, -1, 0.0, 0.0, 0.0,  0,  0,  0
2076487.40061290, 44854.460957,    0,    1, -1, 0.0, 0.0, 0.0,  0,  0,  0
2076487.40282140, 44854.460957,    0,    1, -1, 0.0, 0.0, 0.0,  0,  0,  0
2076487.40482680, 44854.482338,    0,    1, -1, 0.0, 0.0, 0.0,  0,  0,  0
2076487.40965000, 44854.482338,    0,    1, -1, 0.0, 0.0, 0.0,  0,  0,  0
2076487.41252820, 44854.482338,    0,    1, -1, 0.0, 0.0, 0.0,  0,  0,  0
2076487.41501230, 44854.514411,    0,    1, -1, 0.0, 0.0, 0.0,  0,  0,  0
2076487.42078980, 44854.514411,    0,    1, -1, 0.0, 0.0, 0.0,  0,  0,  0
2076487.42643190, 44854.514411,    0,    1, -1, 0.0, 0.0, 0.0,  0,  0,  0
2076487.43270380, 44854.642701,    0,    1, -1, 0.0, 0.0, 0.0,  0,  0,  0
2076487.43481250, 44854.567865,    0,    1, -1, 0.0, 0.0, 0.0,  0,  0,  0
2076487.43760770, 44854.567865,    0,    1, -1, 0.0, 0.0, 0.0,  0,  0,  0
2076487.44047760, 44854.567865,    0,    1, -1, 0.0, 0.0, 0.0,  0,  0,  0
2076487.44276860, 44854.567865,    0,    1, -1, 0.0, 0.0, 0.0,  0,  0,  0
2076487.44471920, 44854.653391,    0,    1, -1, 0.0, 0.0, 0.0,  0,  0,  0
2076487.44693710, 44854.653391,    0,    1, -1, 0.0, 0.0, 0.0,  0,  0,  0
2076487.44895430, 44854.653391,    0,    1, -1, 0.0, 0.0, 0.0,  0,  0,  0
2076487.45114230, 44854.653391,    0,    1, -1, 0.0, 0.0, 0.0,  0,  0,  0
2076487.46239710, 44854.642701,    0,    1, -1, 0.0, 0.0, 0.0,  0,  0,  0
2076487.46481800, 44854.781681,    0,    1, -1, 0.0, 0.0, 0.0,  0,  0,  0
2076487.46688130, 44854.781681,    0,    1, -1, 0.0, 0.0, 0.0,  0,  0,  0
2076487.46874850, 44854.781681,    0,    1, -1, 0.0, 0.0, 0.0,  0,  0,  0
2076487.47209500, 44854.781681,    0,    1, -1, 0.0, 0.0, 0.0,  0,  0,  0
2076487.47596400, 44854.610628,    0,    1, -1, 0.0, 0.0, 0.0,  0,  0,  0
2076487.47769290, 44854.610628,    0,    1, -1, 0.0, 0.0, 0.0,  0,  0,  0
2076487.48088480, 44854.610628,    0,    1, -1, 0.0, 0.0, 0.0,  0,  0,  0
2076487.48413330, 44854.610628,    0,    1, -1, 0.0, 0.0, 0.0,  0,  0,  0
2076487.48667210, 44854.685464,    0,    1, -1, 0.0, 0.0, 0.0,  0,  0,  0
2076487.49032430, 44854.685464,    0,    1, -1, 0.0, 0.0, 0.0,  0,  0,  0
2076487.49459880, 44854.685464,    0,    1, -1, 0.0, 0.0, 0.0,  0,  0,  0
2076487.49756570, 44854.493029,    0,    1, -1, 0.0, 0.0, 0.0,  0,  0,  0
2076487.50196350, 44854.493029,    0,    1, -1, 0.0, 0.0, 0.0,  0,  0,  0
2076487.50363540, 44854.493029,    0,    1, -1, 0.0, 0.0, 0.0,  0,  0,  0
2076487.50565880, 44854.493029,    0,    1, -1, 0.0, 0.0, 0.0,  0,  0,  0
2076487.50765920, 44854.493029,    0,    1, -1, 0.0, 0.0, 0.0,  0,  0,  0
2076487.50966320, 44854.493029,    0,    1, -1, 0.0, 0.0, 0.0,  0,  0,  0
2076487.51161820, 44854.493029,    0,    1, -1, 0.0, 0.0, 0.0,  0,  0,  0
2076487.51365270, 44854.428884,    0,    1, -1, 0.0, 0.0, 0.0,  0,  0,  0
2076487.51560950, 44854.428884,    0,    1, -1, 0.0, 0.0, 0.0,  0,  0,  0
2076487.52294890, 44854.428884,    0,    1, -1, 0.0, 0.0, 0.0,  0,  0,  0
2076487.52462850, 44854.621319,    0,    1, -1, 0.0, 0.0, 0.0,  0,  0,  0
2076487.52704950, 44854.621319,    0,    1, -1, 0.0, 0.0, 0.0,  0,  0,  0
2076487.52881860, 44854.621319,    0,    1, -1, 0.0, 0.0, 0.0,  0,  0,  0
2076487.53098490, 44854.621319,    0,    1, -1, 0.0, 0.0, 0.0,  0,  0,  0
2076487.53537060, 44854.621319,    0,    1, -1, 0.0, 0.0, 0.0,  0,  0,  0
2076487.53761680, 44854.546483,    0,    1, -1, 0.0, 0.0, 0.0,  0,  0,  0
2076487.54087810, 44854.546483,    0,    1, -1, 0.0, 0.0, 0.0,  0,  0,  0
2076487.54381400, 44854.546483,    0,    1, -1, 0.0, 0.0, 0.0,  0,  0,  0
2076487.55047500, 44854.642701,    0,    1, -1, 0.0, 0.0, 0.0,  0,  0,  0
2076487.55458900, 44854.642701,    0,    1, -1, 0.0, 0.0, 0.0,  0,  0,  0
2076487.55797260, 44854.610628,    0,    1, -1, 0.0, 0.0, 0.0,  0,  0,  0
2076487.55957070, 44854.610628,    0,    1, -1, 0.0, 0.0, 0.0,  0,  0,  0
2076487.56184420, 44854.610628,    0,    1, -1, 0.0, 0.0, 0.0,  0,  0,  0
2076487.56356130, 44854.845826,    0,    1, -1, 0.0, 0.0, 0.0,  0,  0,  0
2076487.56554240, 44854.845826,    0,    1, -1, 0.0, 0.0, 0.0,  0,  0,  0
2076487.56764620, 44854.845826,    0,    1, -1, 0.0, 0.0, 0.0,  0,  0,  0
2076487.56954920, 44854.845826,    0,    1, -1, 0.0, 0.0, 0.0,  0,  0,  0
2076487.57154650, 44854.845826,    0,    1, -1, 0.0, 0.0, 0.0,  0,  0,  0
2076487.57449770, 44854.567865,    0,    1, -1, 0.0, 0.0, 0.0,  0,  0,  0
2076487.57653640, 44854.567865,    0,    1, -1, 0.0, 0.0, 0.0,  0,  0,  0
2076487.58210990, 44854.567865,    0,    1, -1, 0.0, 0.0, 0.0,  0,  0,  0
2076487.58375550, 44854.482338,    0,    1, -1, 0.0, 0.0, 0.0,  0,  0,  0
2076487.58559280, 44854.482338,    0,    1, -1, 0.0, 0.0, 0.0,  0,  0,  0
2076487.58753660, 44854.482338,    0,    1, -1, 0.0, 0.0, 0.0,  0,  0,  0
2076487.59080220, 44854.482338,    0,    1, -1, 0.0, 0.0, 0.0,  0,  0,  0
2076487.59382590, 44854.482338,    0,    1, -1, 0.0, 0.0, 0.0,  0,  0,  0
2076487.59555360, 44854.460957,    0,    1, -1, 0.0, 0.0, 0.0,  0,  0,  0
2076487.59811980, 44854.460957,    0,    1, -1, 0.0, 0.0, 0.0,  0,  0,  0
2076487.60299550, 44854.460957,    0,    1, -1, 0.0, 0.0, 0.0,  0,  0,  0
2076487.60555020, 44854.439575,    0,    1, -1, 0.0, 0.0, 0.0,  0,  0,  0
2076487.60831980, 44854.439575,    0,    1, -1, 0.0, 0.0, 0.0,  0,  0,  0
2076487.61053790, 44854.439575,    0,    1, -1, 0.0, 0.0, 0.0,  0,  0,  0
2076487.61388340, 44854.439575,    0,    1, -1, 0.0, 0.0, 0.0,  0,  0,  0
2076487.61754380, 44854.386121,    0,    1, -1, 0.0, 0.0, 0.0,  0,  0,  0
2076487.62062170, 44854.386121,    0,    1, -1, 0.0, 0.0, 0.0,  0,  0,  0
2076487.62249260, 44854.386121,    0,    1, -1, 0.0, 0.0, 0.0,  0,  0,  0
2076487.62452000, 44854.557174,    0,    1, -1, 0.0, 0.0, 0.0,  0,  0,  0
2076487.62645680, 44854.557174,    0,    1, -1, 0.0, 0.0, 0.0,  0,  0,  0
2076487.62845870, 44854.557174,    0,    1, -1, 0.0, 0.0, 0.0,  0,  0,  0
2076487.63038330, 44854.557174,    0,    1, -1, 0.0, 0.0, 0.0,  0,  0,  0
2076487.63244280, 44854.557174,    0,    1, -1, 0.0, 0.0, 0.0,  0,  0,  0
2076487.63441370, 44854.642701,    0,    1, -1, 0.0, 0.0, 0.0,  0,  0,  0
2076487.63643400, 44854.642701,    0,    1, -1, 0.0, 0.0, 0.0,  0,  0,  0
2076487.63843950, 44854.642701,    0,    1, -1, 0.0, 0.0, 0.0,  0,  0,  0
2076487.64281790, 44854.642701,    0,    1, -1, 0.0, 0.0, 0.0,  0,  0,  0
2076487.64441020, 44854.557174,    0,    1, -1, 0.0, 0.0, 0.0,  0,  0,  0
2076487.64695270, 44854.557174,    0,    1, -1, 0.0, 0.0, 0.0,  0,  0,  0
2076487.65569480, 44854.557174,    0,    1, -1, 0.0, 0.0, 0.0,  0,  0,  0
2076487.65738410, 44854.514411,    0,    1, -1, 0.0, 0.0, 0.0,  0,  0,  0
2076487.66313070, 44854.514411,    0,    1, -1, 0.0, 0.0, 0.0,  0,  0,  0
2076487.66628180, 44854.653391,    0,    1, -1, 0.0, 0.0, 0.0,  0,  0,  0
2076487.67127780, 44854.653391,    0,    1, -1, 0.0, 0.0, 0.0,  0,  0,  0
2076487.67448460, 44854.653391,    0,    1, -1, 0.0, 0.0, 0.0,  0,  0,  0
2076487.67716360, 44854.546483,    0,    1, -1, 0.0, 0.0, 0.0,  0,  0,  0
2076487.67986040, 44854.546483,    0,    1, -1, 0.0, 0.0, 0.0,  0,  0,  0
2076487.68235830, 44854.546483,    0,    1, -1, 0.0, 0.0, 0.0,  0,  0,  0
2076487.68434880, 44854.546483,    0,    1, -1, 0.0, 0.0, 0.0,  0,  0,  0
2076487.68633050, 44854.546483,    0,    1, -1, 0.0, 0.0, 0.0,  0,  0,  0
2076487.68832600, 44854.546483,    0,    1, -1, 0.0, 0.0, 0.0,  0,  0,  0
2076487.69033960, 44854.546483,    0,    1, -1, 0.0, 0.0, 0.0,  0,  0,  0
2076487.69231220, 44854.546483,    0,    1, -1, 0.0, 0.0, 0.0,  0,  0,  0
2076487.69434030, 44854.407503,    0,    1, -1, 0.0, 0.0, 0.0,  0,  0,  0
2076487.69633060, 44854.407503,    0,    1, -1, 0.0, 0.0, 0.0,  0,  0,  0
2076487.69828490, 44854.407503,    0,    1, -1, 0.0, 0.0, 0.0,  0,  0,  0
2076487.70041610, 44854.407503,    0,    1, -1, 0.0, 0.0, 0.0,  0,  0,  0
2076487.70519850, 44854.407503,    0,    1, -1, 0.0, 0.0, 0.0,  0,  0,  0
2076487.70868570, 44854.450266,    0,    1, -1, 0.0, 0.0, 0.0,  0,  0,  0
2076487.71037560, 44854.450266,    0,    1, -1, 0.0, 0.0, 0.0,  0,  0,  0
2076487.71812630, 44854.450266,    0,    1, -1, 0.0, 0.0, 0.0,  0,  0,  0
2076487.72045290, 44854.375430,    0,    1, -1, 0.0, 0.0, 0.0,  0,  0,  0
2076487.72587780, 44854.375430,    0,    1, -1, 0.0, 0.0, 0.0,  0,  0,  0
2076487.72924060, 44854.567865,    0,    1, -1, 0.0, 0.0, 0.0,  0,  0,  0
2076487.73450220, 44854.567865,    0,    1, -1, 0.0, 0.0, 0.0,  0,  0,  0
2076487.73746360, 44854.460957,    0,    1, -1, 0.0, 0.0, 0.0,  0,  0,  0
2076487.73985730, 44854.460957,    0,    1, -1, 0.0, 0.0, 0.0,  0,  0,  0
2076487.74188960, 44854.460957,    0,    1, -1, 0.0, 0.0, 0.0,  0,  0,  0
2076487.74324300, 44854.460957,    0,    1, -1, 0.0, 0.0, 0.0,  0,  0,  0
2076487.74527050, 44854.450266,    0,    1, -1, 0.0, 0.0, 0.0,  0,  0,  0
2076487.74732970, 44854.450266,    0,    1, -1, 0.0, 0.0, 0.0,  0,  0,  0
2076487.74929080, 44854.450266,    0,    1, -1, 0.0, 0.0, 0.0,  0,  0,  0
2076487.75249990, 44854.450266,    0,    1, -1, 0.0, 0.0, 0.0,  0,  0,  0
2076487.75425250, 44854.407503,    0,    1, -1, 0.0, 0.0, 0.0,  0,  0,  0
2076487.75626150, 44854.407503,    0,    1, -1, 0.0, 0.0, 0.0,  0,  0,  0
2076487.75828200, 44854.407503,    0,    1, -1, 0.0, 0.0, 0.0,  0,  0,  0
2076487.76023240, 44854.407503,    0,    1, -1, 0.0, 0.0, 0.0,  0,  0,  0
2076487.76220790, 44854.407503,    0,    1, -1, 0.0, 0.0, 0.0,  0,  0,  0
2076487.76426960, 44854.503720,    0,    1, -1, 0.0, 0.0, 0.0,  0,  0,  0
2076487.76628820, 44854.503720,    0,    1, -1, 0.0, 0.0, 0.0,  0,  0,  0
2076487.76825730, 44854.503720,    0,    1, -1, 0.0, 0.0, 0.0,  0,  0,  0
2076487.77027380, 44854.503720,    0,    1, -1, 0.0, 0.0, 0.0,  0,  0,  0
2076487.77222310, 44854.503720,    0,    1, -1, 0.0, 0.0, 0.0,  0,  0,  0
2076487.77423560, 44854.407503,    0,    1, -1, 0.0, 0.0, 0.0,  0,  0,  0
2076487.77615390, 44854.407503,    0,    1, -1, 0.0, 0.0, 0.0,  0,  0,  0
2076487.78087460, 44854.407503,    0,    1, -1, 0.0, 0.0, 0.0,  0,  0,  0
2076487.78313440, 44854.407503,    0,    1, -1, 0.0, 0.0, 0.0,  0,  0,  0
2076487.78514550, 44854.493029,    0,    1, -1, 0.0, 0.0, 0.0,  0,  0,  0
2076487.78820270, 44854.493029,    0,    1, -1, 0.0, 0.0, 0.0,  0,  0,  0
2076487.79380510, 44854.493029,    0,    1, -1, 0.0, 0.0, 0.0,  0,  0,  0
2076487.79660420, 44854.482338,    0,    1, -1, 0.0, 0.0, 0.0,  0,  0,  0
2076487.79841740, 44854.482338,    0,    1, -1, 0.0, 0.0, 0.0,  0,  0,  0
2076487.80381450, 44854.482338,    0,    1, -1, 0.0, 0.0, 0.0,  0,  0,  0
2076487.80708330, 44854.503720,    0,    1, -1, 0.0, 0.0, 0.0,  0,  0,  0
2076487.80969080, 44854.503720,    0,    1, -1, 0.0, 0.0, 0.0,  0,  0,  0
2076487.81108700, 44854.503720,    0,    1, -1, 0.0, 0.0, 0.0,  0,  0,  0
2076487.81312190, 44854.503720,    0,    1, -1, 0.0, 0.0, 0.0,  0,  0,  0
2076487.81567600, 44854.621319,    0,    1, -1, 0.0, 0.0, 0.0,  0,  0,  0
2076487.81875960, 44854.621319,    0,    1, -1, 0.0, 0.0, 0.0,  0,  0,  0
2076487.82110210, 44854.621319,    0,    1, -1, 0.0, 0.0, 0.0,  0,  0,  0
2076487.82307920, 44854.621319,    0,    1, -1, 0.0, 0.0, 0.0,  0,  0,  0
2076487.82507480, 44854.664082,    0,    1, -1, 0.0, 0.0, 0.0,  0,  0,  0
2076487.82706150, 44854.664082,    0,    1, -1, 0.0, 0.0, 0.0,  0,  0,  0
2076487.82910140, 44854.664082,    0,    1, -1, 0.0, 0.0, 0.0,  0,  0,  0
2076487.83423830, 44854.664082,    0,    1, -1, 0.0, 0.0, 0.0,  0,  0,  0
2076487.83628070, 44854.471648,    0,    1, -1, 0.0, 0.0, 0.0,  0,  0,  0
2076487.83808260, 44854.471648,    0,    1, -1, 0.0, 0.0, 0.0,  0,  0,  0
2076487.84556610, 44854.471648,    0,    1, -1, 0.0, 0.0, 0.0,  0,  0,  0
2076487.84701230, 44854.664082,    0,    1, -1, 0.0, 0.0, 0.0,  0,  0,  0
2076487.84933150, 44854.664082,    0,    1, -1, 0.0, 0.0, 0.0,  0,  0,  0
2076487.85132340, 44854.664082,    0,    1, -1, 0.0, 0.0, 0.0,  0,  0,  0
2076487.85557320, 44854.664082,    0,    1, -1, 0.0, 0.0, 0.0,  0,  0,  0
2076487.85701400, 44854.599937,    0,    1, -1, 0.0, 0.0, 0.0,  0,  0,  0
2076487.85948300, 44854.599937,    0,    1, -1, 0.0, 0.0, 0.0,  0,  0,  0
2076487.86346500, 44854.599937,    0,    1, -1, 0.0, 0.0, 0.0,  0,  0,  0
2076487.86506880, 44854.599937,    0,    1, -1, 0.0, 0.0, 0.0,  0,  0,  0
2076487.86781010, 44854.599937,    0,    1, -1, 0.0, 0.0, 0.0,  0,  0,  0
2076487.87053240, 44854.599937,    0,    1, -1, 0.0, 0.0, 0.0,  0,  0,  0
2076487.87312260, 44854.599937,    0,    1, -1, 0.0, 0.0, 0.0,  0,  0,  0
2076487.87501340, 44854.364740,    0,    1, -1, 0.0, 0.0, 0.0,  0,  0,  0
2076487.87700130, 44854.364740,    0,    1, -1, 0.0, 0.0, 0.0,  0,  0,  0
2076487.87899280, 44854.364740,    0,    1, -1, 0.0, 0.0, 0.0,  0,  0,  0
2076487.88100010, 44854.364740,    0,    1, -1, 0.0, 0.0, 0.0,  0,  0,  0
2076487.88300610, 44854.364740,    0,    1, -1, 0.0, 0.0, 0.0,  0,  0,  0
2076487.88502120, 44854.375430,    0,    1, -1, 0.0, 0.0, 0.0,  0,  0,  0
2076487.88700850, 44854.375430,    0,    1, -1, 0.0, 0.0, 0.0,  0,  0,  0
2076487.88896370, 44854.375430,    0,    1, -1, 0.0, 0.0, 0.0,  0,  0,  0
2076487.89098870, 44854.375430,    0,    1, -1, 0.0, 0.0, 0.0,  0,  0,  0
2076487.89589250, 44854.375430,    0,    1, -1, 0.0, 0.0, 0.0,  0,  0,  0
2076487.89794500, 44854.343358,    0,    1, -1, 0.0, 0.0, 0.0,  0,  0,  0
2076487.90000010, 44854.343358,    0,    1, -1, 0.0, 0.0, 0.0,  0,  0,  0
2076487.90191840, 44854.343358,    0,    1, -1, 0.0, 0.0, 0.0,  0,  0,  0
2076487.90468920, 44854.653391,    0,    1, -1, 0.0, 0.0, 0.0,  0,  0,  0
2076487.90953510, 44854.653391,    0,    1, -1, 0.0, 0.0, 0.0,  0,  0,  0
2076487.91248900, 44854.653391,    0,    1, -1, 0.0, 0.0, 0.0,  0,  0,  0
2076487.91437030, 44854.503720,    0,    1, -1, 0.0, 0.0, 0.0,  0,  0,  0
2076487.91977300, 44854.503720,    0,    1, -1, 0.0, 0.0, 0.0,  0,  0,  0
2076487.92269120, 44854.503720,    0,    1, -1, 0.0, 0.0, 0.0,  0,  0,  0
2076487.92654530, 44854.589247,    0,    1, -1, 0.0, 0.0, 0.0,  0,  0,  0
2076487.93016440, 44854.589247,    0,    1, -1, 0.0, 0.0, 0.0,  0,  0,  0
2076487.93333910, 44854.589247,    0,    1, -1, 0.0, 0.0, 0.0,  0,  0,  0
2076487.93655600, 44854.546483,    0,    1, -1, 0.0, 0.0, 0.0,  0,  0,  0
2076487.93887880, 44854.546483,    0,    1, -1, 0.0, 0.0, 0.0,  0,  0,  0
2076487.94087530, 44854.546483,    0,    1, -1, 0.0, 0.0, 0.0,  0,  0,  0
2076487.94287600, 44854.546483,    0,    1, -1, 0.0, 0.0, 0.0,  0,  0,  0
2076487.94491170, 44854.599937,    0,    1, -1, 0.0, 0.0, 0.0,  0,  0,  0
2076487.94685880, 44854.599937,    0,    1, -1, 0.0, 0.0, 0.0,  0,  0,  0
2076487.94890670, 44854.599937,    0,    1, -1, 0.0, 0.0, 0.0,  0,  0,  0
2076487.95092360, 44854.599937,    0,    1, -1, 0.0, 0.0, 0.0,  0,  0,  0
2076487.95283420, 44854.599937,    0,    1, -1, 0.0, 0.0, 0.0,  0,  0,  0
2076487.95689290, 44854.428884,    0,    1, -1, 0.0, 0.0, 0.0,  0,  0,  0
2076487.95895390, 44854.428884,    0,    1, -1, 0.0, 0.0, 0.0,  0,  0,  0
2076487.96091780, 44854.428884,    0,    1, -1, 0.0, 0.0, 0.0,  0,  0,  0
2076487.96760830, 44854.428884,    0,    1, -1, 0.0, 0.0, 0.0,  0,  0,  0
2076487.97207270, 44854.396812,    0,    1, -1, 0.0, 0.0, 0.0,  0,  0,  0
2076487.97526700, 44854.450266,    0,    1, -1, 0.0, 0.0, 0.0,  0,  0,  0
2076487.97688010, 44854.450266,    0,    1, -1, 0.0, 0.0, 0.0,  0,  0,  0
2076487.97906760, 44854.450266,    0,    1, -1, 0.0, 0.0, 0.0,  0,  0,  0
2076487.98684270, 44854.760300,    0,    1, -1, 0.0, 0.0, 0.0,  0,  0,  0
2076487.98935940, 44854.760300,    0,    1, -1, 0.0, 0.0, 0.0,  0,  0,  0
2076487.99136230, 44854.760300,    0,    1, -1, 0.0, 0.0, 0.0,  0,  0,  0
2076487.99277390, 44854.760300,    0,    1, -1, 0.0, 0.0, 0.0,  0,  0,  0
2076487.99477380, 44854.632010,    0,    1, -1, 0.0, 0.0, 0.0,  0,  0,  0
2076487.99683940, 44854.632010,    0,    1, -1, 0.0, 0.0, 0.0,  0,  0,  0
2076488.00008980, 44854.632010,    0,    1, -1, 0.0, 0.0, 0.0,  0,  0,  0
2076488.00177210, 44854.632010,    0,    1, -1, 0.0, 0.0, 0.0,  0,  0,  0
2076488.00378790, 44854.567865,    0,    1, -1, 0.0, 0.0, 0.0,  0,  0,  0
2076488.00571780, 44854.567865,    0,    1, -1, 0.0, 0.0, 0.0,  0,  0,  0
2076488.00774870, 44854.567865,    0,    1, -1, 0.0, 0.0, 0.0,  0,  0,  0
2076488.00975820, 44854.567865,    0,    1, -1, 0.0, 0.0, 0.0,  0,  0,  0
2076488.01173160, 44854.567865,    0,    1, -1, 0.0, 0.0, 0.0,  0,  0,  0
2076488.01377460, 44854.578556,    0,    1, -1, 0.0, 0.0, 0.0,  0,  0,  0
2076488.01573390, 44854.578556,    0,    1, -1, 0.0, 0.0, 0.0,  0,  0,  0
2076488.01776870, 44854.578556,    0,    1, -1, 0.0, 0.0, 0.0,  0,  0,  0
2076488.02015830, 44854.578556,    0,    1, -1, 0.0, 0.0, 0.0,  0,  0,  0
2076488.02322880, 44854.578556,    0,    1, -1, 0.0, 0.0, 0.0,  0,  0,  0
2076488.02527220, 44854.589247,    0,    1, -1, 0.0, 0.0, 0.0,  0,  0,  0
2076488.02686290, 44854.589247,    0,    1, -1, 0.0, 0.0, 0.0,  0,  0,  0
2076488.02900270, 44854.589247,    0,    1, -1, 0.0, 0.0, 0.0,  0,  0,  0
2076488.03533130, 44854.589247,    0,    1, -1, 0.0, 0.0, 0.0,  0,  0,  0
2076488.03772270, 44854.653391,    0,    1, -1, 0.0, 0.0, 0.0,  0,  0,  0
2076488.04310640, 44854.653391,    0,    1, -1, 0.0, 0.0, 0.0,  0,  0,  0
2076488.04951890, 44854.877898,    0,    1, -1, 0.0, 0.0, 0.0,  0,  0,  0
2076488.05292940, 44854.877898,    0,    1, -1, 0.0, 0.0, 0.0,  0,  0,  0
2076488.05546760, 44854.557174,    0,    1, -1, 0.0, 0.0, 0.0,  0,  0,  0
2076488.05802680, 44854.557174,    0,    1, -1, 0.0, 0.0, 0.0,  0,  0,  0
2076488.05968750, 44854.557174,    0,    1, -1, 0.0, 0.0, 0.0,  0,  0,  0
2076488.06169100, 44854.557174,    0,    1, -1, 0.0, 0.0, 0.0,  0,  0,  0
2076488.06364010, 44854.567865,    0,    1, -1, 0.0, 0.0, 0.0,  0,  0,  0
2076488.06567880, 44854.567865,    0,    1, -1, 0.0, 0.0, 0.0,  0,  0,  0
2076488.06769950, 44854.567865,    0,    1, -1, 0.0, 0.0, 0.0,  0,  0,  0
2076488.06965520, 44854.567865,    0,    1, -1, 0.0, 0.0, 0.0,  0,  0,  0
2076488.07162220, 44854.567865,    0,    1, -1, 0.0, 0.0, 0.0,  0,  0,  0
2076488.07362280, 44854.450266,    0,    1, -1, 0.0, 0.0, 0.0,  0,  0,  0
2076488.07567180, 44854.450266,    0,    1, -1, 0.0, 0.0, 0.0,  0,  0,  0
2076488.07768050, 44854.450266,    0,    1, -1, 0.0, 0.0, 0.0,  0,  0,  0
2076488.07965610, 44854.450266,    0,    1, -1, 0.0, 0.0, 0.0,  0,  0,  0
2076488.08170430, 44854.450266,    0,    1, -1, 0.0, 0.0, 0.0,  0,  0,  0
2076488.08371470, 44854.428884,    0,    1, -1, 0.0, 0.0, 0.0,  0,  0,  0
2076488.08567600, 44854.428884,    0,    1, -1, 0.0, 0.0, 0.0,  0,  0,  0
2076488.08763140, 44854.428884,    0,    1, -1, 0.0, 0.0, 0.0,  0,  0,  0
2076488.08962680, 44854.428884,    0,    1, -1, 0.0, 0.0, 0.0,  0,  0,  0
2076488.09498150, 44854.428884,    0,    1, -1, 0.0, 0.0, 0.0,  0,  0,  0
2076488.09708390, 44854.439575,    0,    1, -1, 0.0, 0.0, 0.0,  0,  0,  0
2076488.09891050, 44854.439575,    0,    1, -1, 0.0, 0.0, 0.0,  0,  0,  0
2076488.10067530, 44854.439575,    0,    1, -1, 0.0, 0.0, 0.0,  0,  0,  0
2076488.10686130, 44854.493029,    0,    1, -1, 0.0, 0.0, 0.0,  0,  0,  0
2076488.10861990, 44854.493029,    0,    1, -1, 0.0, 0.0, 0.0,  0,  0,  0
2076488.11183180, 44854.493029,    0,    1, -1, 0.0, 0.0, 0.0,  0,  0,  0
2076488.11470770, 44854.418194,    0,    1, -1, 0.0, 0.0, 0.0,  0,  0,  0
2076488.11727340, 44854.418194,    0,    1, -1, 0.0, 0.0, 0.0,  0,  0,  0
2076488.11959900, 44854.418194,    0,    1, -1, 0.0, 0.0, 0.0,  0,  0,  0
2076488.12249800, 44854.418194,    0,    1, -1, 0.0, 0.0, 0.0,  0,  0,  0
2076488.12637670, 44854.514411,    0,    1, -1, 0.0, 0.0, 0.0,  0,  0,  0
2076488.12925820, 44854.514411,    0,    1, -1, 0.0, 0.0, 0.0,  0,  0,  0
2076488.13159790, 44854.514411,    0,    1, -1, 0.0, 0.0, 0.0,  0,  0,  0
2076488.13374520, 44854.503720,    0,    1, -1, 0.0, 0.0, 0.0,  0,  0,  0
2076488.13552850, 44854.503720,    0,    1, -1, 0.0, 0.0, 0.0,  0,  0,  0
2076488.13752230, 44854.503720,    0,    1, -1, 0.0, 0.0, 0.0,  0,  0,  0
2076488.13952740, 44854.503720,    0,    1, -1, 0.0, 0.0, 0.0,  0,  0,  0
2076488.14151410, 44854.503720,    0,    1, -1, 0.0, 0.0, 0.0,  0,  0,  0
2076488.14748640, 44854.749609,    0,    1, -1, 0.0, 0.0, 0.0,  0,  0,  0
2076488.14980480, 44854.749609,    0,    1, -1, 0.0, 0.0, 0.0,  0,  0,  0
2076488.15168460, 44854.749609,    0,    1, -1, 0.0, 0.0, 0.0,  0,  0,  0
2076488.15383250, 44854.749609,    0,    1, -1, 0.0, 0.0, 0.0,  0,  0,  0
2076488.15588720, 44854.749609,    0,    1, -1, 0.0, 0.0, 0.0,  0,  0,  0
2076488.15788360, 44854.749609,    0,    1, -1, 0.0, 0.0, 0.0,  0,  0,  0
2076488.16103560, 44854.749609,    0,    1, -1, 0.0, 0.0, 0.0,  0,  0,  0
2076488.16252720, 44854.749609,    0,    1, -1, 0.0, 0.0, 0.0,  0,  0,  0
2076488.16527860, 44854.803063,    0,    1, -1, 0.0, 0.0, 0.0,  0,  0,  0
2076488.17029140, 44854.803063,    0,    1, -1, 0.0, 0.0, 0.0,  0,  0,  0
2076488.17706650, 44854.803063,    0,    1, -1, 0.0, 0.0, 0.0,  0,  0,  0
2076488.17986160, 44854.632010,    0,    1, -1, 0.0, 0.0, 0.0,  0,  0,  0
2076488.18262410, 44854.632010,    0,    1, -1, 0.0, 0.0, 0.0,  0,  0,  0
2076488.18447730, 44854.567865,    0,    1, -1, 0.0, 0.0, 0.0,  0,  0,  0
2076488.18652020, 44854.567865,    0,    1, -1, 0.0, 0.0, 0.0,  0,  0,  0
2076488.18844790, 44854.567865,    0,    1, -1, 0.0, 0.0, 0.0,  0,  0,  0
2076488.19045690, 44854.567865,    0,    1, -1, 0.0, 0.0, 0.0,  0,  0,  0
2076488.19242230, 44854.567865,    0,    1, -1, 0.0, 0.0, 0.0,  0,  0,  0
2076488.19448970, 44854.396812,    0,    1, -1, 0.0, 0.0, 0.0,  0,  0,  0
2076488.19652050, 44854.396812,    0,    1, -1, 0.0, 0.0, 0.0,  0,  0,  0
2076488.19945730, 44854.396812,    0,    1, -1, 0.0, 0.0, 0.0,  0,  0,  0
2076488.20142920, 44854.396812,    0,    1, -1, 0.0, 0.0, 0.0,  0,  0,  0
2076488.20345190, 44854.493029,    0,    1, -1, 0.0, 0.0, 0.0,  0,  0,  0
2076488.20916590, 44854.493029,    0,    1, -1, 0.0, 0.0, 0.0,  0,  0,  0
2076488.21235400, 44854.493029,    0,    1, -1, 0.0, 0.0, 0.0,  0,  0,  0
2076488.21837690, 44854.407503,    0,    1, -1, 0.0, 0.0, 0.0,  0,  0,  0
2076488.22200490, 44854.407503,    0,    1, -1, 0.0, 0.0, 0.0,  0,  0,  0
2076488.22339490, 44854.664082,    0,    1, -1, 0.0, 0.0, 0.0,  0,  0,  0
2076488.22604600, 44854.664082,    0,    1, -1, 0.0, 0.0, 0.0,  0,  0,  0
2076488.23094570, 44854.664082,    0,    1, -1, 0.0, 0.0, 0.0,  0,  0,  0
2076488.23241770, 44854.664082,    0,    1, -1, 0.0, 0.0, 0.0,  0,  0,  0
2076488.23612740, 44854.578556,    0,    1, -1, 0.0, 0.0, 0.0,  0,  0,  0
2076488.23914000, 44854.578556,    0,    1, -1, 0.0, 0.0, 0.0,  0,  0,  0
2076488.24274800, 44854.578556,    0,    1, -1, 0.0, 0.0, 0.0,  0,  0,  0
2076488.24549160, 44854.696155,    0,    1, -1, 0.0, 0.0, 0.0,  0,  0,  0
2076488.24941080, 44854.696155,    0,    1, -1, 0.0, 0.0, 0.0,  0,  0,  0
2076488.25140850, 44854.696155,    0,    1, -1, 0.0, 0.0, 0.0,  0,  0,  0
2076488.25338990, 44854.525102,    0,    1, -1, 0.0, 0.0, 0.0,  0,  0,  0
2076488.25538670, 44854.525102,    0,    1, -1, 0.0, 0.0, 0.0,  0,  0,  0
2076488.25735990, 44854.525102,    0,    1, -1, 0.0, 0.0, 0.0,  0,  0,  0
2076488.25935080, 44854.525102,    0,    1, -1, 0.0, 0.0, 0.0,  0,  0,  0
2076488.26145320, 44854.525102,    0,    1, -1, 0.0, 0.0, 0.0,  0,  0,  0
2076488.26336840, 44854.525102,    0,    1, -1, 0.0, 0.0, 0.0,  0,  0,  0
2076488.26540810, 44854.493029,    0,    1, -1, 0.0, 0.0, 0.0,  0,  0,  0
2076488.27140930, 44854.493029,    0,    1, -1, 0.0, 0.0, 0.0,  0,  0,  0
2076488.27355060, 44854.493029,    0,    0, 0, 0.0, 0.0, 0.0,  0,  0,  0
2076488.27551410, 44854.482338,    0,    0, -0, 0.0, 0.0, 0.0,  0,  0,  0
2076488.28692040, 44854.482338,    0,    0, -0, 0.0, 0.0, 0.0,  0,  0,  0
2076488.29207730, 44854.674773,    0,    1, -1, 0.0, 0.0, 0.0,  0,  0,  0
2076488.29586670, 44854.632010,    0,    1, -1, 0.0, 0.0, 0.0,  0,  0,  0
2076488.29733330, 44854.632010,    0,    1, -1, 0.0, 0.0, 0.0,  0,  0,  0
2076488.29966570, 44854.632010,    0,    1, -1, 0.0, 0.0, 0.0,  0,  0,  0
2076488.30160320, 44854.632010,    0,    1, -1, 0.0, 0.0, 0.0,  0,  0,  0
2076488.30472150, 44854.632010,    0,    1, -1, 0.0, 0.0, 0.0,  0,  0,  0
2076488.30778220, 44854.642701,    0,    1, -1, 0.0, 0.0, 0.0,  0,  0,  0
2076488.31060810, 44854.642701,    0,    1, -1, 0.0, 0.0, 0.0,  0,  0,  0
2076488.31316950, 44854.642701,    0,    1, -1, 0.0, 0.0, 0.0,  0,  0,  0
2076488.31529260, 44854.621319,    0,    1, -1, 0.0, 0.0, 0.0,  0,  0,  0
2076488.31725730, 44854.621319,    0,    1, -1, 0.0, 0.0, 0.0,  0,  0,  0
2076488.31922840, 44854.621319,    0,    1, -1, 0.0, 0.0, 0.0,  0,  0,  0
2076488.32126420, 44854.621319,    0,    1, -1, 0.0, 0.0, 0.0,  0,  0,  0
2076488.32323890, 44854.621319,    0,    1, -1, 0.0, 0.0, 0.0,  0,  0,  0
2076488.32524010, 44854.589247,    0,    1, -1, 0.0, 0.0, 0.0,  0,  0,  0
2076488.32722570, 44854.589247,    0,    1, -1, 0.0, 0.0, 0.0,  0,  0,  0
2076488.32926750, 44854.589247,    0,    1, -1, 0.0, 0.0, 0.0,  0,  0,  0
2076488.33518260, 44854.589247,    0,    1, -1, 0.0, 0.0, 0.0,  0,  0,  0
2076488.33727530, 44854.418194,    0,    1, -1, 0.0, 0.0, 0.0,  0,  0,  0
2076488.33927310, 44854.418194,    0,    1, -1, 0.0, 0.0, 0.0,  0,  0,  0
2076488.34597380, 44854.418194,    0,    1, -1, 0.0, 0.0, 0.0,  0,  0,  0
2076488.34905370, 44854.578556,    0,    1, -1, 0.0, 0.0, 0.0,  0,  0,  0
2076488.35131860, 44854.578556,    0,    1, -1, 0.0, 0.0, 0.0,  0,  0,  0
2076488.35539890, 44854.578556,    0,    1, -1, 0.0, 0.0, 0.0,  0,  0,  0
2076488.35741090, 44854.567865,    0,    1, -1, 0.0, 0.0, 0.0,  0,  0,  0
2076488.35951140, 44854.567865,    0,    1, -1, 0.0, 0.0, 0.0,  0,  0,  0
2076488.36272530, 44854.567865,    0,    1, -1, 0.0, 0.0, 0.0,  0,  0,  0
2076488.36631520, 44854.632010,    0,    1, -1, 0.0, 0.0, 0.0,  0,  0,  0
2076488.36937410, 44854.632010,    0,    1, -1, 0.0, 0.0, 0.0,  0,  0,  0
2076488.37155980, 44854.632010,    0,    1, -1, 0.0, 0.0, 0.0,  0,  0,  0
2076488.37312470, 44854.632010,    0,    1, -1, 0.0, 0.0, 0.0,  0,  0,  0
2076488.37511870, 44854.503720,    0,    1, -1, 0.0, 0.0, 0.0,  0,  0,  0
2076488.37715550, 44854.503720,    0,    1, -1, 0.0, 0.0, 0.0,  0,  0,  0
2076488.37916820, 44854.503720,    0,    1, -1, 0.0, 0.0, 0.0,  0,  0,  0
2076488.38112450, 44854.503720,    0,    1, -1, 0.0, 0.0, 0.0,  0,  0,  0
2076488.38318500, 44854.503720,    0,    1, -1, 0.0, 0.0, 0.0,  0,  0,  0
2076488.38511020, 44854.653391,    0,    1, -1, 0.0, 0.0, 0.0,  0,  0,  0
2076488.38711770, 44854.653391,    0,    1, -1, 0.0, 0.0, 0.0,  0,  0,  0
2076488.39223570, 44854.653391,    0,    1, -1, 0.0, 0.0, 0.0,  0,  0,  0
2076488.39431600, 44854.653391,    0,    1, -1, 0.0, 0.0, 0.0,  0,  0,  0
2076488.39609400, 44854.653391,    0,    1, -1, 0.0, 0.0, 0.0,  0,  0,  0
2076488.39843630, 44854.653391,    0,    1, -1, 0.0, 0.0, 0.0,  0,  0,  0
2076488.40480410, 44854.653391,    0,    1, -1, 0.0, 0.0, 0.0,  0,  0,  0
2076488.41026840, 44854.621319,    0,    1, -1, 0.0, 0.0, 0.0,  0,  0,  0
2076488.41386780, 44854.621319,    0,    1, -1, 0.0, 0.0, 0.0,  0,  0,  0
2076488.41676970, 44854.557174,    0,    1, -1, 0.0, 0.0, 0.0,  0,  0,  0
2076488.42272970, 44854.557174,    0,    1, -1, 0.0, 0.0, 0.0,  0,  0,  0
2076488.42607790, 44854.706845,    0,    1, -1, 0.0, 0.0, 0.0,  0,  0,  0
2076488.42853760, 44854.706845,    0,    1, -1, 0.0, 0.0, 0.0,  0,  0,  0
2076488.43006760, 44854.706845,    0,    1, -1, 0.0, 0.0, 0.0,  0,  0,  0
2076488.43227480, 44854.706845,    0,    1, -1, 0.0, 0.0, 0.0,  0,  0,  0
2076488.43416350, 44854.557174,    0,    1, -1, 0.0, 0.0, 0.0,  0,  0,  0
2076488.43611460, 44854.557174,    0,    1, -1, 0.0, 0.0, 0.0,  0,  0,  0
2076488.43803270, 44854.557174,    0,    1, -1, 0.0, 0.0, 0.0,  0,  0,  0
2076488.44002270, 44854.557174,    0,    1, -1, 0.0, 0.0, 0.0,  0,  0,  0
2076488.44198680, 44854.557174,    0,    1, -1, 0.0, 0.0, 0.0,  0,  0,  0
2076488.44401790, 44854.738918,    0,    1, -1, 0.0, 0.0, 0.0,  0,  0,  0
2076488.44600420, 44854.738918,    0,    1, -1, 0.0, 0.0, 0.0,  0,  0,  0
2076488.44795480, 44854.738918,    0,    1, -1, 0.0, 0.0, 0.0,  0,  0,  0
2076488.45021480, 44854.738918,    0,    1, -1, 0.0, 0.0, 0.0,  0,  0,  0
2076488.45200610, 44854.738918,    0,    1, -1, 0.0, 0.0, 0.0,  0,  0,  0
2076488.45398800, 44854.407503,    0,    1, -1, 0.0, 0.0, 0.0,  0,  0,  0
2076488.45599050, 44854.407503,    0,    1, -1, 0.0, 0.0, 0.0,  0,  0,  0
2076488.45798060, 44854.407503,    0,    1, -1, 0.0, 0.0, 0.0,  0,  0,  0
2076488.46361640, 44854.407503,    0,    1, -1, 0.0, 0.0, 0.0,  0,  0,  0
2076488.46492890, 44854.589247,    0,    1, -1, 0.0, 0.0, 0.0,  0,  0,  0
2076488.46754170, 44854.589247,    0,    1, -1, 0.0, 0.0, 0.0,  0,  0,  0
2076488.47182910, 44854.589247,    0,    1, -1, 0.0, 0.0, 0.0,  0,  0,  0
2076488.47815580, 44854.460957,    0,    1, -1, 0.0, 0.0, 0.0,  0,  0,  0
2076488.48103410, 44854.460957,    0,    1, -1, 0.0, 0.0, 0.0,  0,  0,  0
2076488.48788190, 44854.460957,    0,    1, -1, 0.0, 0.0, 0.0,  0,  0,  0
2076488.49011690, 44854.471648,    0,    1, -1, 0.0, 0.0, 0.0,  0,  0,  0
2076488.49493100, 44854.471648,    0,    1, -1, 0.0, 0.0, 0.0,  0,  0,  0
2076488.49894290, 44854.493029,    0,    1, -1, 0.0, 0.0, 0.0,  0,  0,  0
2076488.50306350, 44854.493029,    0,    1, -1, 0.0, 0.0, 0.0,  0,  0,  0
2076488.50571430, 44854.567865,    0,    1, -1, 0.0, 0.0, 0.0,  0,  0,  0
2076488.50789270, 44854.567865,    0,    1, -1, 0.0, 0.0, 0.0,  0,  0,  0
2076488.50988600, 44854.567865,    0,    1, -1, 0.0, 0.0, 0.0,  0,  0,  0
2076488.51193360, 44854.567865,    0,    1, -1, 0.0, 0.0, 0.0,  0,  0,  0
2076488.51385540, 44854.632010,    0,    1, -1, 0.0, 0.0, 0.0,  0,  0,  0
2076488.51591810, 44854.632010,    0,    1, -1, 0.0, 0.0, 0.0,  0,  0,  0
2076488.51784690, 44854.632010,    0,    1, -1, 0.0, 0.0, 0.0,  0,  0,  0
2076488.52260460, 44854.632010,    0,    1, -1, 0.0, 0.0, 0.0,  0,  0,  0
2076488.52533660, 44854.685464,    0,    1, -1, 0.0, 0.0, 0.0,  0,  0,  0
2076488.52684840, 44854.685464,    0,    1, -1, 0.0, 0.0, 0.0,  0,  0,  0
2076488.53592460, 44854.685464,    0,    1, -1, 0.0, 0.0, 0.0,  0,  0,  0
2076488.53781750, 44854.428884,    0,    1, -1, 0.0, 0.0, 0.0,  0,  0,  0
2076488.54019900, 44854.428884,    0,    1, -1, 0.0, 0.0, 0.0,  0,  0,  0
2076488.54501390, 44854.428884,    0,    1, -1, 0.0, 0.0, 0.0,  0,  0,  0
2076488.54804180, 44854.632010,    0,    1, -1, 0.0, 0.0, 0.0,  0,  0,  0
2076488.55555140, 44854.632010,    0,    1, -1, 0.0, 0.0, 0.0,  0,  0,  0
2076488.56019100, 44854.493029,    0,    1, -1, 0.0, 0.0, 0.0,  0,  0,  0
2076488.56177680, 44854.493029,    0,    1, -1, 0.0, 0.0, 0.0,  0,  0,  0
2076488.56388270, 44854.428884,    0,    1, -1, 0.0, 0.0, 0.0,  0,  0,  0
2076488.56586270, 44854.428884,    0,    1, -1, 0.0, 0.0, 0.0,  0,  0,  0
2076488.56939170, 44854.428884,    0,    1, -1, 0.0, 0.0, 0.0,  0,  0,  0
2076488.57178470, 44854.428884,    0,    1, -1, 0.0, 0.0, 0.0,  0,  0,  0
2076488.57382170, 44854.439575,    0,    1, -1, 0.0, 0.0, 0.0,  0,  0,  0
2076488.57578540, 44854.439575,    0,    1, -1, 0.0, 0.0, 0.0,  0,  0,  0
2076488.58250170, 44854.439575,    0,    1, -1, 0.0, 0.0, 0.0,  0,  0,  0
2076488.58478250, 44854.749609,    0,    1, -1, 0.0, 0.0, 0.0,  0,  0,  0
2076488.58741310, 44854.749609,    0,    1, -1, 0.0, 0.0, 0.0,  0,  0,  0
2076488.58978130, 44854.749609,    0,    1, -1, 0.0, 0.0, 0.0,  0,  0,  0
2076488.59219400, 44854.749609,    0,    1, -1, 0.0, 0.0, 0.0,  0,  0,  0
2076488.59770100, 44854.503720,    0,    1, -1, 0.0, 0.0, 0.0,  0,  0,  0
2076488.60081080, 44854.503720,    0,    1, -1, 0.0, 0.0, 0.0,  0,  0,  0
2076488.60874910, 44854.503720,    0,    1, -1, 0.0, 0.0, 0.0,  0,  0,  0
2076488.61071640, 44854.546483,    0,    1, -1, 0.0, 0.0, 0.0,  0,  0,  0
2076488.62024210, 44854.546483,    0,    1, -1, 0.0, 0.0, 0.0,  0,  0,  0
2076488.62281120, 44854.589247,    0,    1, -1, 0.0, 0.0, 0.0,  0,  0,  0
2076488.62805550, 44854.664082,    0,    1, -1, 0.0, 0.0, 0.0,  0,  0,  0
2076488.63103270, 44854.664082,    0,    1, -1, 0.0, 0.0, 0.0,  0,  0,  0
2076488.63268470, 44854.664082,    0,    1, -1, 0.0, 0.0, 0.0,  0,  0,  0
2076488.63502590, 44854.471648,    0,    1, -1, 0.0, 0.0, 0.0,  0,  0,  0
2076488.63668180, 44854.471648,    0,    1, -1, 0.0, 0.0, 0.0,  0,  0,  0
2076488.63869460, 44854.471648,    0,    1, -1, 0.0, 0.0, 0.0,  0,  0,  0
2076488.64065980, 44854.471648,    0,    1, -1, 0.0, 0.0, 0.0,  0,  0,  0
2076488.64265640, 44854.471648,    0,    1, -1, 0.0, 0.0, 0.0,  0,  0,  0
2076488.64464730, 44854.578556,    0,    1, -1, 0.0, 0.0, 0.0,  0,  0,  0
2076488.64664150, 44854.578556,    0,    1, -1, 0.0, 0.0, 0.0,  0,  0,  0
2076488.65495050, 44854.578556,    0,    1, -1, 0.0, 0.0, 0.0,  0,  0,  0
2076488.65698100, 44854.664082,    0,    1, -1, 0.0, 0.0, 0.0,  0,  0,  0
2076488.65863950, 44854.664082,    0,    1, -1, 0.0, 0.0, 0.0,  0,  0,  0
2076488.66082190, 44854.664082,    0,    1, -1, 0.0, 0.0, 0.0,  0,  0,  0
2076488.66312760, 44854.664082,    0,    1, -1, 0.0, 0.0, 0.0,  0,  0,  0
2076488.66791120, 44854.792372,    0,    1, -1, 0.0, 0.0, 0.0,  0,  0,  0
2076488.66960580, 44854.792372,    0,    1, -1, 0.0, 0.0, 0.0,  0,  0,  0
2076488.67347500, 44854.792372,    0,    1, -1, 0.0, 0.0, 0.0,  0,  0,  0
2076488.67904220, 44854.557174,    0,    1, -1, 0.0, 0.0, 0.0,  0,  0,  0
2076488.68053240, 44854.557174,    0,    1, -1, 0.0, 0.0, 0.0,  0,  0,  0
2076488.68776820, 44854.557174,    0,    1, -1, 0.0, 0.0, 0.0,  0,  0,  0
2076488.69245560, 44854.535793,    0,    1, -1, 0.0, 0.0, 0.0,  0,  0,  0
2076488.69539570, 44854.428884,    0,    1, -1, 0.0, 0.0, 0.0,  0,  0,  0
2076488.69864560, 44854.428884,    0,    1, -1, 0.0, 0.0, 0.0,  0,  0,  0
2076488.70052390, 44854.428884,    0,    1, -1, 0.0, 0.0, 0.0,  0,  0,  0
2076488.70247800, 44854.428884,    0,    1, -1, 0.0, 0.0, 0.0,  0,  0,  0
2076488.70452990, 44854.621319,    0,    1, -1, 0.0, 0.0, 0.0,  0,  0,  0
2076488.70650420, 44854.621319,    0,    1, -1, 0.0, 0.0, 0.0,  0,  0,  0
2076488.70852150, 44854.621319,    0,    1, -1, 0.0, 0.0, 0.0,  0,  0,  0
2076488.71452310, 44854.621319,    0,    1, -1, 0.0, 0.0, 0.0,  0,  0,  0
2076488.71665820, 44854.428884,    0,    1, -1, 0.0, 0.0, 0.0,  0,  0,  0
2076488.71882860, 44854.428884,    0,    1, -1, 0.0, 0.0, 0.0,  0,  0,  0
2076488.72089820, 44854.428884,    0,    1, -1, 0.0, 0.0, 0.0,  0,  0,  0
2076488.72736910, 44854.428884,    0,    1, -1, 0.0, 0.0, 0.0,  0,  0,  0
2076488.72975300, 44854.493029,    0,    1, -1, 0.0, 0.0, 0.0,  0,  0,  0
2076488.73427270, 44854.493029,    0,    1, -1, 0.0, 0.0, 0.0,  0,  0,  0
2076488.73757680, 44854.364740,    0,    1, -1, 0.0, 0.0, 0.0,  0,  0,  0
2076488.73994400, 44854.364740,    0,    1, -1, 0.0, 0.0, 0.0,  0,  0,  0
2076488.74571610, 44854.364740,    0,    1, -1, 0.0, 0.0, 0.0,  0,  0,  0
2076488.74937620, 44854.525102,    0,    1, -1, 0.0, 0.0, 0.0,  0,  0,  0
2076488.75306900, 44854.525102,    0,    1, -1, 0.0, 0.0, 0.0,  0,  0,  0
2076488.75639740, 44854.460957,    0,    1, -1, 0.0, 0.0, 0.0,  0,  0,  0
2076488.75841230, 44854.460957,    0,    1, -1, 0.0, 0.0, 0.0,  0,  0,  0
2076488.76040090, 44854.460957,    0,    1, -1, 0.0, 0.0, 0.0,  0,  0,  0
2076488.76243240, 44854.460957,    0,    1, -1, 0.0, 0.0, 0.0,  0,  0,  0
2076488.76442550, 44854.557174,    0,    1, -1, 0.0, 0.0, 0.0,  0,  0,  0
2076488.76653390, 44854.557174,    0,    1, -1, 0.0, 0.0, 0.0,  0,  0,  0
2076488.76838040, 44854.557174,    0,    1, -1, 0.0, 0.0, 0.0,  0,  0,  0
2076488.77037200, 44854.557174,    0,    1, -1, 0.0, 0.0, 0.0,  0,  0,  0
2076488.77643210, 44854.557174,    0,    1, -1, 0.0, 0.0, 0.0,  0,  0,  0
2076488.77861370, 44854.535793,    0,    1, -1, 0.0, 0.0, 0.0,  0,  0,  0
2076488.78041360, 44854.535793,    0,    1, -1, 0.0, 0.0, 0.0,  0,  0,  0
2076488.78270080, 44854.535793,    0,    1, -1, 0.0, 0.0, 0.0,  0,  0,  0
2076488.78638420, 44854.599937,    0,    1, -1, 0.0, 0.0, 0.0,  0,  0,  0
2076488.79013280, 44854.599937,    0,    1, -1, 0.0, 0.0, 0.0,  0,  0,  0
2076488.79234000, 44854.599937,    0,    1, -1, 0.0, 0.0, 0.0,  0,  0,  0
2076488.79493940, 44854.439575,    0,    1, -1, 0.0, 0.0, 0.0,  0,  0,  0
2076488.79655620, 44854.439575,    0,    1, -1, 0.0, 0.0, 0.0,  0,  0,  0
2076488.80015240, 44854.439575,    0,    1, -1, 0.0, 0.0, 0.0,  0,  0,  0
2076488.80286640, 44854.439575,    0,    1, -1, 0.0, 0.0, 0.0,  0,  0,  0
2076488.80513870, 44854.450266,    0,    1, -1, 0.0, 0.0, 0.0,  0,  0,  0
2076488.80858280, 44854.450266,    0,    1, -1, 0.0, 0.0, 0.0,  0,  0,  0
2076488.81172500, 44854.450266,    0,    1, -1, 0.0, 0.0, 0.0,  0,  0,  0
2076488.81485880, 44854.450266,    0,    1, -1, 0.0, 0.0, 0.0,  0,  0,  0
2076488.81854060, 44854.311286,    0,    1, -1, 0.0, 0.0, 0.0,  0,  0,  0
2076488.82030760, 44854.311286,    0,    1, -1, 0.0, 0.0, 0.0,  0,  0,  0
2076488.82227360, 44854.311286,    0,    1, -1, 0.0, 0.0, 0.0,  0,  0,  0
2076488.82428830, 44854.610628,    0,    1, -1, 0.0, 0.0, 0.0,  0,  0,  0
2076488.82628000, 44854.610628,    0,    1, -1, 0.0, 0.0, 0.0,  0,  0,  0
2076488.82827810, 44854.610628,    0,    1, -1, 0.0, 0.0, 0.0,  0,  0,  0
2076488.83027800, 44854.610628,    0,    1, -1, 0.0, 0.0, 0.0,  0,  0,  0
2076488.83228370, 44854.610628,    0,    1, -1, 0.0, 0.0, 0.0,  0,  0,  0
2076488.83787320, 44854.450266,    0,    1, -1, 0.0, 0.0, 0.0,  0,  0,  0
2076488.83921600, 44854.450266,    0,    1, -1, 0.0, 0.0, 0.0,  0,  0,  0
2076488.84143600, 44854.450266,    0,    1, -1, 0.0, 0.0, 0.0,  0,  0,  0
2076488.84328680, 44854.450266,    0,    1, -1, 0.0, 0.0, 0.0,  0,  0,  0
2076488.85079400, 44854.514411,    0,    1, -1, 0.0, 0.0, 0.0,  0,  0,  0
2076488.85404380, 44854.514411,    0,    1, -1, 0.0, 0.0, 0.0,  0,  0,  0
2076488.86339960, 44854.567865,    0,    1, -1, 0.0, 0.0, 0.0,  0,  0,  0
2076488.87182430, 44854.664082,    0,    1, -1, 0.0, 0.0, 0.0,  0,  0,  0
2076488.87496160, 44854.386121,    0,    1, -1, 0.0, 0.0, 0.0,  0,  0,  0
2076488.87726410, 44854.386121,    0,    1, -1, 0.0, 0.0, 0.0,  0,  0,  0
2076488.88016800, 44854.386121,    0,    1, -1, 0.0, 0.0, 0.0,  0,  0,  0
2076488.88238980, 44854.386121,    0,    1, -1, 0.0, 0.0, 0.0,  0,  0,  0
2076488.88422760, 44854.503720,    0,    1, -1, 0.0, 0.0, 0.0,  0,  0,  0
2076488.88623450, 44854.503720,    0,    1, -1, 0.0, 0.0, 0.0,  0,  0,  0
2076488.88817850, 44854.503720,    0,    1, -1, 0.0, 0.0, 0.0,  0,  0,  0
2076488.89310020, 44854.503720,    0,    1, -1, 0.0, 0.0, 0.0,  0,  0,  0
2076488.89555210, 44854.247141,    0,    1, -1, 0.0, 0.0, 0.0,  0,  0,  0
2076488.89711490, 44854.247141,    0,    1, -1, 0.0, 0.0, 0.0,  0,  0,  0
2076488.90883910, 44854.247141,    0,    1, -1, 0.0, 0.0, 0.0,  0,  0,  0
2076488.91110320, 44854.589247,    0,    1, -1, 0.0, 0.0, 0.0,  0,  0,  0
2076488.91337800, 44854.589247,    0,    1, -1, 0.0, 0.0, 0.0,  0,  0,  0
2076488.91677460, 44854.738918,    0,    1, -1, 0.0, 0.0, 0.0,  0,  0,  0
2076488.92016230, 44854.738918,    0,    1, -1, 0.0, 0.0, 0.0,  0,  0,  0
2076488.92817060, 44854.738918,    0,    1, -1, 0.0, 0.0, 0.0,  0,  0,  0
2076488.93012040, 44854.674773,    0,    1, -1, 0.0, 0.0, 0.0,  0,  0,  0
2076488.93210840, 44854.674773,    0,    1, -1, 0.0, 0.0, 0.0,  0,  0,  0
2076488.93458340, 44854.514411,    0,    1, -1, 0.0, 0.0, 0.0,  0,  0,  0
2076488.93704540, 44854.514411,    0,    1, -1, 0.0, 0.0, 0.0,  0,  0,  0
2076488.94208610, 44854.514411,    0,    1, -1, 0.0, 0.0, 0.0,  0,  0,  0
2076488.94665190, 44854.781681,    0,    1, -1, 0.0, 0.0, 0.0,  0,  0,  0
2076488.95239900, 44854.781681,    0,    1, -1, 0.0, 0.0, 0.0,  0,  0,  0
2076488.95403040, 44854.728227,    0,    1, -1, 0.0, 0.0, 0.0,  0,  0,  0
2076488.95671160, 44854.728227,    0,    1, -1, 0.0, 0.0, 0.0,  0,  0,  0
2076488.96263720, 44854.728227,    0,    1, -1, 0.0, 0.0, 0.0,  0,  0,  0
2076488.96519680, 44854.664082,    0,    1, -1, 0.0, 0.0, 0.0,  0,  0,  0
2076488.96731880, 44854.664082,    0,    1, -1, 0.0, 0.0, 0.0,  0,  0,  0
2076488.97015730, 44854.664082,    0,    1, -1, 0.0, 0.0, 0.0,  0,  0,  0
2076488.97197830, 44854.664082,    0,    1, -1, 0.0, 0.0, 0.0,  0,  0,  0
2076488.97800160, 44854.482338,    0,    1, -1, 0.0, 0.0, 0.0,  0,  0,  0
2076488.98359000, 44854.482338,    0,    1, -1, 0.0, 0.0, 0.0,  0,  0,  0
2076488.98600180, 44854.685464,    0,    1, -1, 0.0, 0.0, 0.0,  0,  0,  0
2076488.98870810, 44854.685464,    0,    1, -1, 0.0, 0.0, 0.0,  0,  0,  0
2076488.99435970, 44854.685464,    0,    1, -1, 0.0, 0.0, 0.0,  0,  0,  0
2076489.00028420, 44854.514411,    0,    1, -1, 0.0, 0.0, 0.0,  0,  0,  0
2076489.00195880, 44854.514411,    0,    1, -1, 0.0, 0.0, 0.0,  0,  0,  0
2076489.00423400, 44854.503720,    0,    1, -1, 0.0, 0.0, 0.0,  0,  0,  0
2076489.00687100, 44854.503720,    0,    1, -1, 0.0, 0.0, 0.0,  0,  0,  0
2076489.01123170, 44854.503720,    0,    1, -1, 0.0, 0.0, 0.0,  0,  0,  0
2076489.01294590, 44854.503720,    0,    1, -1, 0.0, 0.0, 0.0,  0,  0,  0
2076489.01615230, 44854.375430,    0,    1, -1, 0.0, 0.0, 0.0,  0,  0,  0
2076489.01796740, 44854.375430,    0,    1, -1, 0.0, 0.0, 0.0,  0,  0,  0
2076489.02142170, 44854.375430,    0,    1, -1, 0.0, 0.0, 0.0,  0,  0,  0
2076489.02291180, 44854.375430,    0,    1, -1, 0.0, 0.0, 0.0,  0,  0,  0
2076489.03053190, 44854.514411,    0,    1, -1, 0.0, 0.0, 0.0,  0,  0,  0
2076489.03198540, 44854.514411,    0,    1, -1, 0.0, 0.0, 0.0,  0,  0,  0
2076489.03402850, 44854.407503,    0,    1, -1, 0.0, 0.0, 0.0,  0,  0,  0
2076489.03687860, 44854.407503,    0,    1, -1, 0.0, 0.0, 0.0,  0,  0,  0
2076489.04065260, 44854.407503,    0,    1, -1, 0.0, 0.0, 0.0,  0,  0,  0
2076489.04595310, 44854.407503,    0,    1, -1, 0.0, 0.0, 0.0,  0,  0,  0
2076489.04788500, 44854.557174,    0,    1, -1, 0.0, 0.0, 0.0,  0,  0,  0
2076489.05207020, 44854.557174,    0,    1, -1, 0.0, 0.0, 0.0,  0,  0,  0
2076489.05384680, 44854.482338,    0,    1, -1, 0.0, 0.0, 0.0,  0,  0,  0
2076489.05785100, 44854.482338,    0,    1, -1, 0.0, 0.0, 0.0,  0,  0,  0
2076489.05993180, 44854.482338,    0,    1, -1, 0.0, 0.0, 0.0,  0,  0,  0
2076489.06209900, 44854.482338,    0,    1, -1, 0.0, 0.0, 0.0,  0,  0,  0
2076489.06551330, 44854.664082,    0,    1, -1, 0.0, 0.0, 0.0,  0,  0,  0
2076489.06795430, 44854.664082,    0,    1, -1, 0.0, 0.0, 0.0,  0,  0,  0
2076489.06981750, 44854.664082,    0,    1, -1, 0.0, 0.0, 0.0,  0,  0,  0
2076489.07246110, 44854.664082,    0,    1, -1, 0.0, 0.0, 0.0,  0,  0,  0
2076489.07492690, 44854.567865,    0,    1, -1, 0.0, 0.0, 0.0,  0,  0,  0
2076489.07678560, 44854.567865,    0,    1, -1, 0.0, 0.0, 0.0,  0,  0,  0
2076489.08231450, 44854.567865,    0,    1, -1, 0.0, 0.0, 0.0,  0,  0,  0
2076489.08378350, 44854.664082,    0,    1, -1, 0.0, 0.0, 0.0,  0,  0,  0
2076489.08592660, 44854.664082,    0,    1, -1, 0.0, 0.0, 0.0,  0,  0,  0
2076489.08901540, 44854.664082,    0,    1, -1, 0.0, 0.0, 0.0,  0,  0,  0
2076489.09156110, 44854.664082,    0,    1, -1, 0.0, 0.0, 0.0,  0,  0,  0
2076489.09512590, 44854.503720,    0,    1, -1, 0.0, 0.0, 0.0,  0,  0,  0
2076489.09678510, 44854.503720,    0,    1, -1, 0.0, 0.0, 0.0,  0,  0,  0
2076489.10149750, 44854.503720,    0,    1, -1, 0.0, 0.0, 0.0,  0,  0,  0
2076489.10483950, 44854.535793,    0,    1, -1, 0.0, 0.0, 0.0,  0,  0,  0
2076489.10687020, 44854.535793,    0,    1, -1, 0.0, 0.0, 0.0,  0,  0,  0
2076489.10885050, 44854.535793,    0,    1, -1, 0.0, 0.0, 0.0,  0,  0,  0
2076489.11428390, 44854.535793,    0,    1, -1, 0.0, 0.0, 0.0,  0,  0,  0
2076489.11578240, 44854.428884,    0,    1, -1, 0.0, 0.0, 0.0,  0,  0,  0
2076489.11850200, 44854.428884,    0,    1, -1, 0.0, 0.0, 0.0,  0,  0,  0
2076489.12130720, 44854.428884,    0,    1, -1, 0.0, 0.0, 0.0,  0,  0,  0
2076489.12357340, 44854.428884,    0,    1, -1, 0.0, 0.0, 0.0,  0,  0,  0
2076489.12569880, 44854.632010,    0,    1, -1, 0.0, 0.0, 0.0,  0,  0,  0
2076489.12770260, 44854.632010,    0,    1, -1, 0.0, 0.0, 0.0,  0,  0,  0
2076489.12970940, 44854.632010,    0,    1, -1, 0.0, 0.0, 0.0,  0,  0,  0
2076489.13176950, 44854.632010,    0,    1, -1, 0.0, 0.0, 0.0,  0,  0,  0
2076489.13380430, 44854.642701,    0,    1, -1, 0.0, 0.0, 0.0,  0,  0,  0
2076489.13568630, 44854.642701,    0,    1, -1, 0.0, 0.0, 0.0,  0,  0,  0
2076489.13767540, 44854.642701,    0,    1, -1, 0.0, 0.0, 0.0,  0,  0,  0
2076489.13966380, 44854.642701,    0,    1, -1, 0.0, 0.0, 0.0,  0,  0,  0
2076489.14169000, 44854.642701,    0,    1, -1, 0.0, 0.0, 0.0,  0,  0,  0
2076489.14445000, 44854.621319,    0,    1, -1, 0.0, 0.0, 0.0,  0,  0,  0
2076489.14780510, 44854.621319,    0,    1, -1, 0.0, 0.0, 0.0,  0,  0,  0
2076489.15010800, 44854.621319,    0,    1, -1, 0.0, 0.0, 0.0,  0,  0,  0
2076489.15211570, 44854.621319,    0,    1, -1, 0.0, 0.0, 0.0,  0,  0,  0
2076489.15437690, 44854.418194,    0,    1, -1, 0.0, 0.0, 0.0,  0,  0,  0
2076489.15821200, 44854.418194,    0,    1, -1, 0.0, 0.0, 0.0,  0,  0,  0
2076489.15964890, 44854.418194,    0,    1, -1, 0.0, 0.0, 0.0,  0,  0,  0
2076489.16692320, 44854.418194,    0,    1, -1, 0.0, 0.0, 0.0,  0,  0,  0
2076489.17091020, 44854.589247,    0,    1, -1, 0.0, 0.0, 0.0,  0,  0,  0
2076489.17615850, 44854.589247,    0,    1, -1, 0.0, 0.0, 0.0,  0,  0,  0
2076489.17908850, 44854.375430,    0,    1, -1, 0.0, 0.0, 0.0,  0,  0,  0
2076489.18210610, 44854.375430,    0,    1, -1, 0.0, 0.0, 0.0,  0,  0,  0
2076489.18536290, 44854.471648,    0,    1, -1, 0.0, 0.0, 0.0,  0,  0,  0
2076489.18759990, 44854.471648,    0,    1, -1, 0.0, 0.0, 0.0,  0,  0,  0
2076489.18961580, 44854.471648,    0,    1, -1, 0.0, 0.0, 0.0,  0,  0,  0
2076489.19170410, 44854.471648,    0,    1, -1, 0.0, 0.0, 0.0,  0,  0,  0
2076489.19362650, 44854.193687,    0,    1, -1, 0.0, 0.0, 0.0,  0,  0,  0
2076489.19563240, 44854.193687,    0,    1, -1, 0.0, 0.0, 0.0,  0,  0,  0
2076489.19761330, 44854.193687,    0,    1, -1, 0.0, 0.0, 0.0,  0,  0,  0
2076489.20070140, 44854.193687,    0,    1, -1, 0.0, 0.0, 0.0,  0,  0,  0
2076489.20263930, 44854.193687,    0,    1, -1, 0.0, 0.0, 0.0,  0,  0,  0
2076489.20461090, 44854.546483,    0,    1, -1, 0.0, 0.0, 0.0,  0,  0,  0
2076489.20654910, 44854.546483,    0,    1, -1, 0.0, 0.0, 0.0,  0,  0,  0
2076489.20857500, 44854.546483,    0,    1, -1, 0.0, 0.0, 0.0,  0,  0,  0
2076489.21408770, 44854.546483,    0,    1, -1, 0.0, 0.0, 0.0,  0,  0,  0
2076489.21559840, 44854.460957,    0,    1, -1, 0.0, 0.0, 0.0,  0,  0,  0
2076489.21778760, 44854.460957,    0,    1, -1, 0.0, 0.0, 0.0,  0,  0,  0
2076489.21972840, 44854.460957,    0,    1, -1, 0.0, 0.0, 0.0,  0,  0,  0
2076489.22339730, 44854.460957,    0,    1, -1, 0.0, 0.0, 0.0,  0,  0,  0
2076489.22801760, 44854.428884,    0,    1, -1, 0.0, 0.0, 0.0,  0,  0,  0
2076489.22956280, 44854.428884,    0,    1, -1, 0.0, 0.0, 0.0,  0,  0,  0
2076489.23693970, 44854.428884,    0,    0, -0, 0.0, 0.0, 0.0,  0,  0,  0
2076489.23867640, 44854.418194,    0,    0, -0, 0.0, 0.0, 0.0,  0,  0,  0
2076489.24134460, 44854.418194,    0,    0, -0, 0.0, 0.0, 0.0,  0,  0,  0
2076489.24573280, 44854.589247,    0,    0, -0, 0.0, 0.0, 0.0,  0,  0,  0
2076489.24952290, 44854.589247,    0,    0, 0, 0.0, 0.0, 0.0,  0,  0,  0
2076489.25151340, 44854.589247,    0,    0, 0, 0.0, 0.0, 0.0,  0,  0,  0
2076489.25351530, 44854.503720,    0,    0, 0, 0.0, 0.0, 0.0,  0,  0,  0
2076489.25592470, 44854.503720,    0,    0, 0, 0.0, 0.0, 0.0,  0,  0,  0
2076489.25750480, 44854.503720,    0,    0, 0, 0.0, 0.0, 0.0,  0,  0,  0
2076489.25951190, 44854.503720,    0,    0, 0, 0.0, 0.0, 0.0,  0,  0,  0
2076489.26152520, 44854.503720,    0,    0, 0, 0.0, 0.0, 0.0,  0,  0,  0
2076489.26351740, 44854.546483,    0,    0, 0, 0.0, 0.0, 0.0,  0,  0,  0
2076489.26550410, 44854.546483,    0,    0, 0, 0.0, 0.0, 0.0,  0,  0,  0
2076489.26750400, 44854.546483,    0,    0, 0, 0.0, 0.0, 0.0,  0,  0,  0
2076489.26951300, 44854.546483,    0,    0, 0, 0.0, 0.0, 0.0,  0,  0,  0
2076489.27146130, 44854.546483,    0,    0, 0, 0.0, 0.0, 0.0,  0,  0,  0
2076489.27349010, 44854.279213,    0,    0, 0, 0.0, 0.0, 0.0,  0,  0,  0
2076489.27861600, 44854.279213,    0,    0, 0, 0.0, 0.0, 0.0,  0,  0,  0
2076489.28057710, 44854.279213,    0,    1, -1, 0.0, 0.0, 0.0,  0,  0,  0
2076489.28251910, 44854.279213,    0,    1, -1, 0.0, 0.0, 0.0,  0,  0,  0
2076489.28471860, 44854.557174,    0,    1, -1, 0.0, 0.0, 0.0,  0,  0,  0
2076489.28798220, 44854.557174,    0,    1, -1, 0.0, 0.0, 0.0,  0,  0,  0
2076489.29128820, 44854.557174,    0,    1, -1, 0.0, 0.0, 0.0,  0,  0,  0
2076489.29340200, 44854.396812,    0,    1, -1, 0.0, 0.0, 0.0,  0,  0,  0
2076489.29713080, 44854.396812,    0,    1, -1, 0.0, 0.0, 0.0,  0,  0,  0
2076489.30152990, 44854.396812,    0,    1, -1, 0.0, 0.0, 0.0,  0,  0,  0
2076489.30341530, 44854.535793,    0,    1, -1, 0.0, 0.0, 0.0,  0,  0,  0
2076489.30666520, 44854.535793,    0,    1, -1, 0.0, 0.0, 0.0,  0,  0,  0
2076489.31066600, 44854.535793,    0,    1, -1, 0.0, 0.0, 0.0,  0,  0,  0
2076489.31240370, 44854.535793,    0,    1, -1, 0.0, 0.0, 0.0,  0,  0,  0
2076489.31489760, 44854.503720,    0,    1, -1, 0.0, 0.0, 0.0,  0,  0,  0
2076489.31908530, 44854.503720,    0,    1, -1, 0.0, 0.0, 0.0,  0,  0,  0
2076489.32212040, 44854.503720,    0,    1, -1, 0.0, 0.0, 0.0,  0,  0,  0
2076489.32440580, 44854.525102,    0,    1, -1, 0.0, 0.0, 0.0,  0,  0,  0
2076489.32640800, 44854.525102,    0,    1, -1, 0.0, 0.0, 0.0,  0,  0,  0
2076489.32839900, 44854.525102,    0,    1, -1, 0.0, 0.0, 0.0,  0,  0,  0
2076489.33035420, 44854.525102,    0,    1, -1, 0.0, 0.0, 0.0,  0,  0,  0
2076489.33235320, 44854.525102,    0,    1, -1, 0.0, 0.0, 0.0,  0,  0,  0
2076489.33721770, 44854.567865,    0,    1, -1, 0.0, 0.0, 0.0,  0,  0,  0
2076489.33935700, 44854.567865,    0,    1, -1, 0.0, 0.0, 0.0,  0,  0,  0
2076489.34135020, 44854.567865,    0,    1, -1, 0.0, 0.0, 0.0,  0,  0,  0
2076489.34525260, 44854.835135,    0,    1, -1, 0.0, 0.0, 0.0,  0,  0,  0
2076489.34864780, 44854.835135,    0,    1, -1, 0.0, 0.0, 0.0,  0,  0,  0
2076489.35037840, 44854.835135,    0,    1, -1, 0.0, 0.0, 0.0,  0,  0,  0
2076489.35799310, 44854.835135,    0,    1, -1, 0.0, 0.0, 0.0,  0,  0,  0
2076489.36039280, 44854.610628,    0,    1, -1, 0.0, 0.0, 0.0,  0,  0,  0
2076489.36329520, 44854.610628,    0,    1, -1, 0.0, 0.0, 0.0,  0,  0,  0
2076489.36538560, 44854.610628,    0,    1, -1, 0.0, 0.0, 0.0,  0,  0,  0
2076489.36962710, 44854.610628,    0,    1, -1, 0.0, 0.0, 0.0,  0,  0,  0
2076489.37222370, 44854.610628,    0,    1, -1, 0.0, 0.0, 0.0,  0,  0,  0
2076489.37526110, 44854.525102,    0,    1, -1, 0.0, 0.0, 0.0,  0,  0,  0
2076489.37724370, 44854.525102,    0,    1, -1, 0.0, 0.0, 0.0,  0,  0,  0
2076489.37923510, 44854.525102,    0,    1, -1, 0.0, 0.0, 0.0,  0,  0,  0
2076489.38127160, 44854.525102,    0,    1, -1, 0.0, 0.0, 0.0,  0,  0,  0
2076489.38326080, 44854.525102,    0,    1, -1, 0.0, 0.0, 0.0,  0,  0,  0
2076489.38528120, 44854.632010,    0,    1, -1, 0.0, 0.0, 0.0,  0,  0,  0
2076489.38726630, 44854.632010,    0,    1, -1, 0.0, 0.0, 0.0,  0,  0,  0
2076489.38926590, 44854.632010,    0,    1, -1, 0.0, 0.0, 0.0,  0,  0,  0
2076489.39127660, 44854.632010,    0,    1, -1, 0.0, 0.0, 0.0,  0,  0,  0
2076489.39326100, 44854.632010,    0,    1, -1, 0.0, 0.0, 0.0,  0,  0,  0
2076489.39976030, 44854.439575,    0,    1, -1, 0.0, 0.0, 0.0,  0,  0,  0
2076489.40126190, 44854.439575,    0,    1, -1, 0.0, 0.0, 0.0,  0,  0,  0
2076489.40328210, 44854.439575,    0,    1, -1, 0.0, 0.0, 0.0,  0,  0,  0
2076489.40529810, 44854.760300,    0,    1, -1, 0.0, 0.0, 0.0,  0,  0,  0
2076489.41412570, 44854.760300,    0,    1, -1, 0.0, 0.0, 0.0,  0,  0,  0
2076489.41696530, 44854.535793,    0,    1, -1, 0.0, 0.0, 0.0,  0,  0,  0
2076489.42244300, 44854.535793,    0,    1, -1, 0.0, 0.0, 0.0,  0,  0,  0
2076489.42444410, 44854.599937,    0,    1, -1, 0.0, 0.0, 0.0,  0,  0,  0
2076489.42985300, 44854.599937,    0,    1, -1, 0.0, 0.0, 0.0,  0,  0,  0
2076489.43366600, 44854.599937,    0,    1, -1, 0.0, 0.0, 0.0,  0,  0,  0
2076489.43618730, 44854.674773,    0,    1, -1, 0.0, 0.0, 0.0,  0,  0,  0
2076489.43843440, 44854.674773,    0,    1, -1, 0.0, 0.0, 0.0,  0,  0,  0
2076489.44114760, 44854.674773,    0,    1, -1, 0.0, 0.0, 0.0,  0,  0,  0
2076489.44314960, 44854.674773,    0,    1, -1, 0.0, 0.0, 0.0,  0,  0,  0
2076489.44515870, 44854.760300,    0,    1, -1, 0.0, 0.0, 0.0,  0,  0,  0
2076489.44711720, 44854.760300,    0,    1, -1, 0.0, 0.0, 0.0,  0,  0,  0
2076489.44913690, 44854.760300,    0,    1, -1, 0.0, 0.0, 0.0,  0,  0,  0
2076489.45116740, 44854.760300,    0,    1, -1, 0.0, 0.0, 0.0,  0,  0,  0
2076489.45317080, 44854.760300,    0,    1, -1, 0.0, 0.0, 0.0,  0,  0,  0
2076489.45516710, 44854.557174,    0,    1, -1, 0.0, 0.0, 0.0,  0,  0,  0
2076489.46209350, 44854.557174,    0,    1, -1, 0.0, 0.0, 0.0,  0,  0,  0
2076489.46417210, 44854.685464,    0,    1, -1, 0.0, 0.0, 0.0,  0,  0,  0
2076489.46651710, 44854.685464,    0,    1, -1, 0.0, 0.0, 0.0,  0,  0,  0
2076489.47527140, 44854.685464,    0,    1, -1, 0.0, 0.0, 0.0,  0,  0,  0
2076489.47707590, 44854.535793,    0,    1, -1, 0.0, 0.0, 0.0,  0,  0,  0
2076489.48662090, 44854.535793,    0,    1, -1, 0.0, 0.0, 0.0,  0,  0,  0
2076489.48978620, 44854.803063,    0,    1, -1, 0.0, 0.0, 0.0,  0,  0,  0
2076489.49732120, 44854.803063,    0,    1, -1, 0.0, 0.0, 0.0,  0,  0,  0
2076489.49906470, 44854.642701,    0,    1, -1, 0.0, 0.0, 0.0,  0,  0,  0
2076489.50346540, 44854.642701,    0,    1, -1, 0.0, 0.0, 0.0,  0,  0,  0
2076489.50637880, 44854.706845,    0,    1, -1, 0.0, 0.0, 0.0,  0,  0,  0
2076489.50866190, 44854.706845,    0,    1, -1, 0.0, 0.0, 0.0,  0,  0,  0
2076489.51007080, 44854.706845,    0,    1, -1, 0.0, 0.0, 0.0,  0,  0,  0
2076489.51205170, 44854.706845,    0,    1, -1, 0.0, 0.0, 0.0,  0,  0,  0
2076489.51405840, 44854.471648,    0,    1, -1, 0.0, 0.0, 0.0,  0,  0,  0
2076489.51609270, 44854.471648,    0,    1, -1, 0.0, 0.0, 0.0,  0,  0,  0
2076489.51814270, 44854.471648,    0,    1, -1, 0.0, 0.0, 0.0,  0,  0,  0
2076489.52004670, 44854.471648,    0,    1, -1, 0.0, 0.0, 0.0,  0,  0,  0
2076489.52203850, 44854.471648,    0,    1, -1, 0.0, 0.0, 0.0,  0,  0,  0
2076489.52401860, 44854.471648,    0,    1, -1, 0.0, 0.0, 0.0,  0,  0,  0
2076489.53226300, 44854.471648,    0,    1, -1, 0.0, 0.0, 0.0,  0,  0,  0
2076489.53405930, 44854.396812,    0,    1, -1, 0.0, 0.0, 0.0,  0,  0,  0
2076489.53673520, 44854.396812,    0,    1, -1, 0.0, 0.0, 0.0,  0,  0,  0
2076489.54504830, 44854.396812,    0,    1, -1, 0.0, 0.0, 0.0,  0,  0,  0
2076489.55582570, 44854.599937,    0,    1, -1, 0.0, 0.0, 0.0,  0,  0,  0
2076489.55791820, 44854.460957,    0,    1, -1, 0.0, 0.0, 0.0,  0,  0,  0
2076489.56278060, 44854.460957,    0,    1, -1, 0.0, 0.0, 0.0,  0,  0,  0
2076489.56639790, 44854.664082,    0,    1, -1, 0.0, 0.0, 0.0,  0,  0,  0
2076489.56972740, 44854.664082,    0,    1, -1, 0.0, 0.0, 0.0,  0,  0,  0
2076489.57213050, 44854.664082,    0,    1, -1, 0.0, 0.0, 0.0,  0,  0,  0
2076489.57402220, 44854.514411,    0,    1, -1, 0.0, 0.0, 0.0,  0,  0,  0
2076489.57586560, 44854.514411,    0,    1, -1, 0.0, 0.0, 0.0,  0,  0,  0
2076489.57965630, 44854.514411,    0,    1, -1, 0.0, 0.0, 0.0,  0,  0,  0
2076489.58269010, 44854.514411,    0,    1, -1, 0.0, 0.0, 0.0,  0,  0,  0
2076489.58493320, 44854.706845,    0,    1, -1, 0.0, 0.0, 0.0,  0,  0,  0
2076489.59273310, 44854.706845,    0,    1, -1, 0.0, 0.0, 0.0,  0,  0,  0
2076489.59589750, 44854.632010,    0,    1, -1, 0.0, 0.0, 0.0,  0,  0,  0
2076489.60230980, 44854.632010,    0,    1, -1, 0.0, 0.0, 0.0,  0,  0,  0
2076489.60429150, 44854.599937,    0,    1, -1, 0.0, 0.0, 0.0,  0,  0,  0
2076489.60614270, 44854.599937,    0,    1, -1, 0.0, 0.0, 0.0,  0,  0,  0
2076489.61014350, 44854.599937,    0,    1, -1, 0.0, 0.0, 0.0,  0,  0,  0
2076489.61365530, 44854.599937,    0,    1, -1, 0.0, 0.0, 0.0,  0,  0,  0
2076489.61824170, 44854.428884,    0,    1, -1, 0.0, 0.0, 0.0,  0,  0,  0
2076489.61981430, 44854.428884,    0,    1, -1, 0.0, 0.0, 0.0,  0,  0,  0
2076489.62179720, 44854.428884,    0,    1, -1, 0.0, 0.0, 0.0,  0,  0,  0
2076489.62381620, 44854.642701,    0,    1, -1, 0.0, 0.0, 0.0,  0,  0,  0
2076489.62580740, 44854.642701,    0,    1, -1, 0.0, 0.0, 0.0,  0,  0,  0
2076489.62780650, 44854.642701,    0,    1, -1, 0.0, 0.0, 0.0,  0,  0,  0
2076489.62982090, 44854.642701,    0,    1, -1, 0.0, 0.0, 0.0,  0,  0,  0
2076489.63182290, 44854.642701,    0,    1, -1, 0.0, 0.0, 0.0,  0,  0,  0
2076489.63382380, 44854.343358,    0,    1, -1, 0.0, 0.0, 0.0,  0,  0,  0
2076489.63582200, 44854.343358,    0,    1, -1, 0.0, 0.0, 0.0,  0,  0,  0
2076489.63781330, 44854.343358,    0,    1, -1, 0.0, 0.0, 0.0,  0,  0,  0
2076489.63974530, 44854.343358,    0,    1, -1, 0.0, 0.0, 0.0,  0,  0,  0
2076489.64178650, 44854.343358,    0,    1, -1, 0.0, 0.0, 0.0,  0,  0,  0
2076489.64379910, 44854.343358,    0,    1, -1, 0.0, 0.0, 0.0,  0,  0,  0
2076489.64576080, 44854.343358,    0,    1, -1, 0.0, 0.0, 0.0,  0,  0,  0
2076489.65232540, 44854.343358,    0,    1, -1, 0.0, 0.0, 0.0,  0,  0,  0
2076489.65374890, 44854.546483,    0,    1, -1, 0.0, 0.0, 0.0,  0,  0,  0
2076489.65619970, 44854.546483,    0,    1, -1, 0.0, 0.0, 0.0,  0,  0,  0
2076489.65811330, 44854.546483,    0,    1, -1, 0.0, 0.0, 0.0,  0,  0,  0
2076489.66502180, 44854.546483,    0,    1, -1, 0.0, 0.0, 0.0,  0,  0,  0
2076489.66719080, 44854.824444,    0,    1, -1, 0.0, 0.0, 0.0,  0,  0,  0
2076489.67305080, 44854.824444,    0,    1, -1, 0.0, 0.0, 0.0,  0,  0,  0
2076489.67802470, 44854.621319,    0,    1, -1, 0.0, 0.0, 0.0,  0,  0,  0
2076489.67995720, 44854.621319,    0,    1, -1, 0.0, 0.0, 0.0,  0,  0,  0
2076489.68409740, 44854.621319,    0,    1, -1, 0.0, 0.0, 0.0,  0,  0,  0
2076489.68782280, 44854.760300,    0,    1, -1, 0.0, 0.0, 0.0,  0,  0,  0
2076489.69080130, 44854.760300,    0,    1, -1, 0.0, 0.0, 0.0,  0,  0,  0
2076489.69269570, 44854.760300,    0,    1, -1, 0.0, 0.0, 0.0,  0,  0,  0
2076489.69471500, 44854.503720,    0,    1, -1, 0.0, 0.0, 0.0,  0,  0,  0
2076489.69670050, 44854.503720,    0,    1, -1, 0.0, 0.0, 0.0,  0,  0,  0
2076489.69864310, 44854.503720,    0,    1, -1, 0.0, 0.0, 0.0,  0,  0,  0
2076489.70072270, 44854.503720,    0,    1, -1, 0.0, 0.0, 0.0,  0,  0,  0
2076489.70269610, 44854.503720,    0,    1, -1, 0.0, 0.0, 0.0,  0,  0,  0
2076489.70468960, 44854.738918,    0,    1, -1, 0.0, 0.0, 0.0,  0,  0,  0
2076489.70668900, 44854.738918,    0,    1, -1, 0.0, 0.0, 0.0,  0,  0,  0
2076489.70868550, 44854.738918,    0,    1, -1, 0.0, 0.0, 0.0,  0,  0,  0
2076489.71372940, 44854.738918,    0,    1, -1, 0.0, 0.0, 0.0,  0,  0,  0
2076489.71563070, 44854.493029,    0,    1, -1, 0.0, 0.0, 0.0,  0,  0,  0
2076489.71825580, 44854.493029,    0,    1, -1, 0.0, 0.0, 0.0,  0,  0,  0
2076489.72725750, 44854.493029,    0,    1, -1, 0.0, 0.0, 0.0,  0,  0,  0
2076489.72975060, 44854.578556,    0,    1, -1, 0.0, 0.0, 0.0,  0,  0,  0
2076489.73733230, 44854.578556,    0,    1, -1, 0.0, 0.0, 0.0,  0,  0,  0
2076489.74059160, 44854.535793,    0,    1, -1, 0.0, 0.0, 0.0,  0,  0,  0
2076489.74658830, 44854.535793,    0,    1, -1, 0.0, 0.0, 0.0,  0,  0,  0
2076489.75068970, 44854.856517,    0,    1, -1, 0.0, 0.0, 0.0,  0,  0,  0
2076489.75392340, 44854.856517,    0,    1, -1, 0.0, 0.0, 0.0,  0,  0,  0
2076489.75613790, 44854.621319,    0,    1, -1, 0.0, 0.0, 0.0,  0,  0,  0
2076489.75783040, 44854.621319,    0,    1, -1, 0.0, 0.0, 0.0,  0,  0,  0
