Time (s), Force (mN), hv_set (V), hv_vm (V), hv_err (V), lv_set (V), lv_vm (V), lv_err (V), cm_w1 (uA), cm_w2 (uA), cm_w3 (uA)
2596915.34379060, 0.463777,    0,    2, -2, 0.00, 0.00, 0.00,  0,  0,  0
2596915.34629060, 0.463777,    0,    2, -2, 0.00, 0.00, 0.00,  0,  0,  0
2596915.34879060, 0.463777,    0,    2, -2, 0.00, 0.00, 0.00,  0,  0,  0
2596915.35129060, 0.456869,    0,    2, -2, 0.00, 0.00, 0.00,  0,  0,  0
2596915.35379060, -0.415469,    0,    2, -2, 0.00, 0.00, 0.00,  0,  0,  0
2596915.35629060, -1.179018,    0,    2, -2, 0.00, 0.00, 0.00,  0,  0,  0
2596915.35879060, -0.648804,    0,    2, -2, 0.00, 0.00, 0.00,  0,  0,  0
2596915.36129060, 0.078908,    0,    2, -2, 0.00, 0.00, 0.00,  0,  0,  0
2596915.36379060, 0.440472,    0,    2, -2, 0.00, 0.00, 0.00,  0,  0,  0
2596915.36629060, 0.937988,    0,    2, -2, 0.00, 0.00, 0.00,  0,  0,  0
2596915.36879060, 0.629351,    0,    2, -2, 0.00, 0.00, 0.00,  0,  0,  0
2596915.37129060, -0.077501,    0,    2, -2, 0.00, 0.00, 0.00,  0,  0,  0
2596915.37379060, -0.432159,    0,    2, -2, 0.00, 0.00, 0.00,  0,  0,  0
2596915.37629060, -1.271002,    0,    2, -2, 0.00, 0.00, 0.00,  0,  0,  0
2596915.37879060, -1.421050,    0,    2, -2, 0.00, 0.00, 0.00,  0,  0,  0
2596915.38129060, -0.441601,    0,    2, -2, 0.00, 0.00, 0.00,  0,  0,  0
2596915.38379060, 1.252571,    0,    2, -2, 0.00, 0.00, 0.00,  0,  0,  0
2596915.38629060, 1.725293,    0,    2, -2, 0.00, 0.00, 0.00,  0,  0,  0
2596915.38879060, 1.448532,    0,    2, -2, 0.00, 0.00, 0.00,  0,  0,  0
2596915.39129060, -0.017553,    0,    2, -2, 0.00, 0.00, 0.00,  0,  0,  0
2596915.39379060, -0.453190,    0,    2, -2, 0.00, 0.00, 0.00,  0,  0,  0
2596915.39629060, -0.888827,    0,    2, -2, 0.00, 0.00, 0.00,  0,  0,  0
2596915.39879060, -0.946212,    0,    2, -2, 0.00, 0.00, 0.00,  0,  0,  0
2596915.40129060, -0.564702,    0,    2, -2, 0.00, 0.00, 0.00,  0,  0,  0
2596915.40379060, 0.339580,    0,    2, -2, 0.00, 0.00, 0.00,  0,  0,  0
2596915.40629060, 1.302093,    0,    2, -2, 0.00, 0.00, 0.00,  0,  0,  0
2596915.40879060, 0.907762,    0,    2, -2, 0.00, 0.00, 0.00,  0,  0,  0
2596915.41129060, 0.335488,    0,    2, -2, 0.00, 0.00, 0.00,  0,  0,  0
2596915.41379060, 0.335488,    0,    2, -2, 0.00, 0.00, 0.00,  0,  0,  0
2596915.41629060, -0.456043,    0,    2, -2, 0.00, 0.00, 0.00,  0,  0,  0
2596915.41879060, -1.163426,    0,    2, -2, 0.00, 0.00, 0.00,  0,  0,  0
2596915.42129060, -0.637376,    0,    2, -2, 0.00, 0.00, 0.00,  0,  0,  0
2596915.42379060, -0.637376,    0,    2, -2, 0.00, 0.00, 0.00,  0,  0,  0
2596915.42629060, 0.667006,    0,    2, -2, 0.00, 0.00, 0.00,  0,  0,  0
2596915.42879060, 1.167647,    0,    2, -2, 0.00, 0.00, 0.00,  0,  0,  0
2596915.43129060, 0.314276,    0,    2, -2, 0.00, 0.00, 0.00,  0,  0,  0
2596915.43379060, -0.230963,    0,    2, -2, 0.00, 0.00, 0.00,  0,  0,  0
2596915.43629060, -0.751680,    0,    2, -2, 0.00, 0.00, 0.00,  0,  0,  0
2596915.43879060, -1.183075,    0,    2, -2, 0.00, 0.00, 0.00,  0,  0,  0
2596915.44129060, -0.615958,    0,    2, -2, 0.00, 0.00, 0.00,  0,  0,  0
2596915.44379060, -0.236441,    0,    2, -2, 0.00, 0.00, 0.00,  0,  0,  0
2596915.44629060, 0.138893,    0,    2, -2, 0.00, 0.00, 0.00,  0,  0,  0
2596915.45129060, 0.502594,    0,    2, -2, 0.00, 0.00, 0.00,  0,  0,  0
2596915.45379060, 0.086845,    0,    2, -2, 0.00, 0.00, 0.00,  0,  0,  0
2596915.45629060, -0.693253,    0,    2, -2, 0.00, 0.00, 0.00,  0,  0,  0
2596915.45879060, -1.069323,    0,    2, -2, 0.00, 0.00, 0.00,  0,  0,  0
2596915.46129060, -0.113526,    0,    2, -2, 0.00, 0.00, 0.00,  0,  0,  0
2596915.46379060, 0.578396,    0,    2, -2, 0.00, 0.00, 0.00,  0,  0,  0
2596915.46629060, 1.490095,    0,    2, -2, 0.00, 0.00, 0.00,  0,  0,  0
2596915.46879060, 1.395604,    0,    2, -2, 0.00, 0.00, 0.00,  0,  0,  0
2596915.47129060, 1.151112,    0,    2, -2, 0.00, 0.00, 0.00,  0,  0,  0
2596915.47379060, 0.906621,    0,    2, -2, 0.00, 0.00, 0.00,  0,  0,  0
2596915.47629060, 0.558026,    0,    2, -2, 0.00, 0.00, 0.00,  0,  0,  0
2596915.47879060, -0.123578,    0,    2, -2, 0.00, 0.00, 0.00,  0,  0,  0
2596915.48129060, -0.805182,    0,    2, -2, 0.00, 0.00, 0.00,  0,  0,  0
2596915.48379060, 0.065632,    0,    2, -2, 0.00, 0.00, 0.00,  0,  0,  0
2596915.48629060, 1.864274,    0,    2, -2, 0.00, 0.00, 0.00,  0,  0,  0
2596915.48879060, 1.864274,    0,    2, -2, 0.00, 0.00, 0.00,  0,  0,  0
2596915.49129060, 1.712710,    0,    2, -2, 0.00, 0.00, 0.00,  0,  0,  0
2596915.49379060, 0.005141,    0,    2, -2, 0.00, 0.00, 0.00,  0,  0,  0
2596915.49629060, -1.107327,    0,    2, -2, 0.00, 0.00, 0.00,  0,  0,  0
2596915.49879060, -1.507244,    0,    2, -2, 0.00, 0.00, 0.00,  0,  0,  0
2596915.50129060, -0.852415,    0,    2, -2, 0.00, 0.00, 0.00,  0,  0,  0
2596915.50379060, 0.479174,    0,    2, -2, 0.00, 0.00, 0.00,  0,  0,  0
2596915.50629060, 1.070263,    0,    2, -2, 0.00, 0.00, 0.00,  0,  0,  0
2596915.50879060, 0.665527,    0,    2, -2, 0.00, 0.00, 0.00,  0,  0,  0
2596915.51129060, 0.399633,    0,    2, -2, 0.00, 0.00, 0.00,  0,  0,  0
2596915.51629060, -1.423216,    0,    2, -2, 0.00, 0.00, 0.00,  0,  0,  0
2596915.51879060, -1.210515,    0,    2, -2, 0.00, 0.00, 0.00,  0,  0,  0
2596915.52129060, -0.804564,    0,    2, -2, 0.00, 0.00, 0.00,  0,  0,  0
2596915.52379060, 0.038168,    0,    2, -2, 0.00, 0.00, 0.00,  0,  0,  0
2596915.52629060, 0.479998,    0,    2, -2, 0.00, 0.00, 0.00,  0,  0,  0
2596915.52879060, 0.638227,    0,    2, -2, 0.00, 0.00, 0.00,  0,  0,  0
2596915.53129060, 0.796455,    0,    2, -2, 0.00, 0.00, 0.00,  0,  0,  0
2596915.53379060, 0.068101,    0,    2, -2, 0.00, 0.00, 0.00,  0,  0,  0
2596915.53629060, -1.396423,    0,    2, -2, 0.00, 0.00, 0.00,  0,  0,  0
2596915.53879060, -1.396423,    0,    2, -2, 0.00, 0.00, 0.00,  0,  0,  0
2596915.54129060, -1.396423,    0,    2, -2, 0.00, 0.00, 0.00,  0,  0,  0
2596915.54379060, 0.405285,    0,    2, -2, 0.00, 0.00, 0.00,  0,  0,  0
2596915.54629060, 1.306525,    0,    2, -2, 0.00, 0.00, 0.00,  0,  0,  0
2596915.54879060, 1.181895,    0,    2, -2, 0.00, 0.00, 0.00,  0,  0,  0
2596915.55129060, 0.631783,    0,    2, -2, 0.00, 0.00, 0.00,  0,  0,  0
2596915.55379060, -0.382874,    0,    2, -2, 0.00, 0.00, 0.00,  0,  0,  0
2596915.55629060, -1.171916,    0,    2, -2, 0.00, 0.00, 0.00,  0,  0,  0
2596915.55879060, -1.321764,    0,    2, -2, 0.00, 0.00, 0.00,  0,  0,  0
2596915.56129060, -0.289187,    0,    2, -2, 0.00, 0.00, 0.00,  0,  0,  0
2596915.56379060, 0.728836,    0,    2, -2, 0.00, 0.00, 0.00,  0,  0,  0
2596915.56629060, 1.008216,    0,    2, -2, 0.00, 0.00, 0.00,  0,  0,  0
2596915.56879060, 0.912791,    0,    2, -2, 0.00, 0.00, 0.00,  0,  0,  0
2596915.57129060, 0.454374,    0,    2, -2, 0.00, 0.00, 0.00,  0,  0,  0
2596915.57379060, -0.862362,    0,    2, -2, 0.00, 0.00, 0.00,  0,  0,  0
2596915.57629060, -1.236277,    0,    2, -2, 0.00, 0.00, 0.00,  0,  0,  0
2596915.57879060, -0.819120,    0,    2, -2, 0.00, 0.00, 0.00,  0,  0,  0
2596915.58129060, -0.644196,    0,    2, -2, 0.00, 0.00, 0.00,  0,  0,  0
2596915.58379060, -0.344443,    0,    2, -2, 0.00, 0.00, 0.00,  0,  0,  0
2596915.58629060, 0.783140,    0,    2, -2, 0.00, 0.00, 0.00,  0,  0,  0
2596915.58879060, 1.130021,    0,    2, -2, 0.00, 0.00, 0.00,  0,  0,  0
2596915.59129060, 0.626590,    0,    2, -2, 0.00, 0.00, 0.00,  0,  0,  0
2596915.59379060, 0.123906,    0,    2, -2, 0.00, 0.00, 0.00,  0,  0,  0
2596915.59629060, -0.843714,    0,    2, -2, 0.00, 0.00, 0.00,  0,  0,  0
2596915.59879060, -1.159721,    0,    2, -2, 0.00, 0.00, 0.00,  0,  0,  0
2596915.60129060, -0.301399,    0,    2, -2, 0.00, 0.00, 0.00,  0,  0,  0
2596915.60379060, -0.002369,    0,    2, -2, 0.00, 0.00, 0.00,  0,  0,  0
2596915.60629060, 0.296661,    0,    2, -2, 0.00, 0.00, 0.00,  0,  0,  0
2596915.60879060, 1.228758,    0,    2, -2, 0.00, 0.00, 0.00,  0,  0,  0
2596915.61129060, 0.101254,    0,    2, -2, 0.00, 0.00, 0.00,  0,  0,  0
2596915.61379060, -0.815536,    0,    2, -2, 0.00, 0.00, 0.00,  0,  0,  0
2596915.61629060, -0.846650,    0,    2, -2, 0.00, 0.00, 0.00,  0,  0,  0
2596915.61879060, -0.877763,    0,    2, -2, 0.00, 0.00, 0.00,  0,  0,  0
2596915.62129060, -0.893955,    0,    2, -2, 0.00, 0.00, 0.00,  0,  0,  0
2596915.62379060, 0.499414,    0,    2, -2, 0.00, 0.00, 0.00,  0,  0,  0
2596915.62629060, 1.255524,    0,    2, -2, 0.00, 0.00, 0.00,  0,  0,  0
2596915.62879060, 0.975010,    0,    2, -2, 0.00, 0.00, 0.00,  0,  0,  0
2596915.63129060, 0.086926,    0,    2, -2, 0.00, 0.00, 0.00,  0,  0,  0
2596915.63379060, -1.079250,    0,    2, -2, 0.00, 0.00, 0.00,  0,  0,  0
2596915.63879060, -1.283906,    0,    2, -2, 0.00, 0.00, 0.00,  0,  0,  0
2596915.64129060, -0.468772,    0,    2, -2, 0.00, 0.00, 0.00,  0,  0,  0
2596915.64379060, 0.377410,    0,    2, -2, 0.00, 0.00, 0.00,  0,  0,  0
2596915.64629060, 1.082453,    0,    2, -2, 0.00, 0.00, 0.00,  0,  0,  0
2596915.64879060, 1.073747,    0,    2, -2, 0.00, 0.00, 0.00,  0,  0,  0
2596915.65129060, 0.774936,    0,    2, -2, 0.00, 0.00, 0.00,  0,  0,  0
2596915.65379060, 0.475484,    0,    2, -2, 0.00, 0.00, 0.00,  0,  0,  0
2596915.65629060, 0.176033,    0,    2, -2, 0.00, 0.00, 0.00,  0,  0,  0
2596915.65879060, -1.353182,    0,    2, -2, 0.00, 0.00, 0.00,  0,  0,  0
2596915.66129060, -0.731033,    0,    2, -2, 0.00, 0.00, 0.00,  0,  0,  0
2596915.66379060, 0.260129,    0,    2, -2, 0.00, 0.00, 0.00,  0,  0,  0
2596915.66629060, 1.262550,    0,    2, -2, 0.00, 0.00, 0.00,  0,  0,  0
2596915.66879060, 1.516997,    0,    2, -2, 0.00, 0.00, 0.00,  0,  0,  0
2596915.67129060, 0.271879,    0,    2, -2, 0.00, 0.00, 0.00,  0,  0,  0
2596915.67379060, -1.009656,    0,    2, -2, 0.00, 0.00, 0.00,  0,  0,  0
2596915.67629060, -1.297527,    0,    2, -2, 0.00, 0.00, 0.00,  0,  0,  0
2596915.67879060, -1.097081,    0,    2, -2, 0.00, 0.00, 0.00,  0,  0,  0
2596915.68129060, -0.462203,    0,    2, -2, 0.00, 0.00, 0.00,  0,  0,  0
2596915.68379060, 0.925808,    0,    2, -2, 0.00, 0.00, 0.00,  0,  0,  0
2596915.68629060, 1.616279,    0,    2, -2, 0.00, 0.00, 0.00,  0,  0,  0
2596915.68879060, 1.522168,    0,    2, -2, 0.00, 0.00, 0.00,  0,  0,  0
2596915.69129060, 1.029482,    0,    2, -2, 0.00, 0.00, 0.00,  0,  0,  0
2596915.69379060, -0.492645,    0,    2, -2, 0.00, 0.00, 0.00,  0,  0,  0
2596915.69629060, -1.253167,    0,    2, -2, 0.00, 0.00, 0.00,  0,  0,  0
2596915.69879060, -0.926028,    0,    2, -2, 0.00, 0.00, 0.00,  0,  0,  0
2596915.70129060, -0.999371,    0,    2, -2, 0.00, 0.00, 0.00,  0,  0,  0
2596915.70379060, 0.798237,    0,    2, -2, 0.00, 0.00, 0.00,  0,  0,  0
2596915.70629060, 0.983147,    0,    2, -2, 0.00, 0.00, 0.00,  0,  0,  0
2596915.70879060, 1.168057,    0,    2, -2, 0.00, 0.00, 0.00,  0,  0,  0
2596915.71129060, 0.670425,    0,    2, -2, 0.00, 0.00, 0.00,  0,  0,  0
2596915.71379060, -0.619306,    0,    2, -2, 0.00, 0.00, 0.00,  0,  0,  0
2596915.71629060, -1.137520,    0,    2, -2, 0.00, 0.00, 0.00,  0,  0,  0
2596915.71879060, -1.111701,    0,    2, -2, 0.00, 0.00, 0.00,  0,  0,  0
2596915.72129060, -0.889071,    0,    2, -2, 0.00, 0.00, 0.00,  0,  0,  0
2596915.72379060, -0.631108,    0,    2, -2, 0.00, 0.00, 0.00,  0,  0,  0
2596915.72629060, 0.115245,    0,    2, -2, 0.00, 0.00, 0.00,  0,  0,  0
2596915.72879060, 1.126608,    0,    2, -2, 0.00, 0.00, 0.00,  0,  0,  0
2596915.73129060, 0.463201,    0,    2, -2, 0.00, 0.00, 0.00,  0,  0,  0
2596915.73379060, -0.269957,    0,    2, -2, 0.00, 0.00, 0.00,  0,  0,  0
2596915.73629060, -0.776217,    0,    2, -2, 0.00, 0.00, 0.00,  0,  0,  0
2596915.73879060, -0.829810,    0,    2, -2, 0.00, 0.00, 0.00,  0,  0,  0
2596915.74129060, -0.522588,    0,    2, -2, 0.00, 0.00, 0.00,  0,  0,  0
2596915.74379060, 1.143383,    0,    2, -2, 0.00, 0.00, 0.00,  0,  0,  0
2596915.74629060, 1.793328,    0,    2, -2, 0.00, 0.00, 0.00,  0,  0,  0
2596915.74879060, 1.372496,    0,    2, -2, 0.00, 0.00, 0.00,  0,  0,  0
2596915.75129060, 0.357150,    0,    2, -2, 0.00, 0.00, 0.00,  0,  0,  0
2596915.75379060, -0.910629,    0,    2, -2, 0.00, 0.00, 0.00,  0,  0,  0
2596915.75629060, -1.506092,    0,    2, -2, 0.00, 0.00, 0.00,  0,  0,  0
2596915.75879060, -1.428496,    0,    2, -2, 0.00, 0.00, 0.00,  0,  0,  0
2596915.76129060, -0.907263,    0,    2, -2, 0.00, 0.00, 0.00,  0,  0,  0
2596915.76379060, 0.893516,    0,    2, -2, 0.00, 0.00, 0.00,  0,  0,  0
2596915.76629060, 1.691183,    0,    2, -2, 0.00, 0.00, 0.00,  0,  0,  0
2596915.76879060, 1.553942,    0,    2, -2, 0.00, 0.00, 0.00,  0,  0,  0
2596915.77129060, 0.910146,    0,    2, -2, 0.00, 0.00, 0.00,  0,  0,  0
2596915.77379060, -0.082320,    0,    2, -2, 0.00, 0.00, 0.00,  0,  0,  0
2596915.77629060, -0.961751,    0,    2, -2, 0.00, 0.00, 0.00,  0,  0,  0
2596915.77879060, -1.330670,    0,    2, -2, 0.00, 0.00, 0.00,  0,  0,  0
2596915.78129060, -0.559249,    0,    2, -2, 0.00, 0.00, 0.00,  0,  0,  0
2596915.78379060, 0.394431,    0,    2, -2, 0.00, 0.00, 0.00,  0,  0,  0
2596915.78629060, 0.635629,    0,    2, -2, 0.00, 0.00, 0.00,  0,  0,  0
2596915.78879060, 0.641050,    0,    2, -2, 0.00, 0.00, 0.00,  0,  0,  0
2596915.79129060, 0.505463,    0,    2, -2, 0.00, 0.00, 0.00,  0,  0,  0
2596915.79379060, -0.294321,    0,    2, -2, 0.00, 0.00, 0.00,  0,  0,  0
2596915.79629060, -0.770779,    0,    2, -2, 0.00, 0.00, 0.00,  0,  0,  0
2596915.79879060, -0.775855,    0,    2, -2, 0.00, 0.00, 0.00,  0,  0,  0
2596915.80129060, -0.583094,    0,    2, -2, 0.00, 0.00, 0.00,  0,  0,  0
2596915.80379060, 0.600991,    0,    2, -2, 0.00, 0.00, 0.00,  0,  0,  0
2596915.80629060, 1.211855,    0,    3, -3, 0.00, 0.00, 0.00,  0,  0,  0
2596915.80879060, 1.005753,    0,    3, -3, 0.00, 0.00, 0.00,  0,  0,  0
2596915.81129060, -0.315879,    0,    3, -3, 0.00, 0.00, 0.00,  0,  0,  0
2596915.81379060, -1.271411,    0,    3, -3, 0.00, 0.00, 0.00,  0,  0,  0
2596915.81629060, -1.570149,    0,    4, -4, 0.00, 0.00, 0.00,  0,  0,  0
2596915.81879060, -1.546095,    0,    4, -4, 0.00, 0.00, 0.00,  0,  0,  0
2596915.82129060, -0.775429,    0,    4, -4, 0.00, 0.00, 0.00,  0,  0,  0
2596915.82379060, 0.094235,    0,    4, -4, 0.00, 0.00, 0.00,  0,  0,  0
2596915.82629060, 1.323389,    0,    3, -3, 0.00, 0.00, 0.00,  0,  0,  0
2596915.82879060, 1.229562,    0,    3, -3, 0.00, 0.00, 0.00,  0,  0,  0
2596915.83129060, 0.683948,    0,    3, -3, 0.00, 0.00, 0.00,  0,  0,  0
2596915.83379060, -0.239392,    0,    3, -3, 0.00, 0.00, 0.00,  0,  0,  0
2596915.83629060, -1.601261,    0,    3, -3, 0.00, 0.00, 0.00,  0,  0,  0
2596915.83879060, -1.726283,    0,    2, -2, 0.00, 0.00, 0.00,  0,  0,  0
2596915.84129060, -1.791624,    0,    2, -2, 0.00, 0.00, 0.00,  0,  0,  0
2596915.84379060, -1.413922,    0,    2, -2, 0.00, 0.00, 0.00,  0,  0,  0
2596915.84629060, -0.815308,    0,    2, -2, 0.00, 0.00, 0.00,  0,  0,  0
2596915.84879060, -0.216693,    0,    2, -2, 0.00, 0.00, 0.00,  0,  0,  0
2596915.85129060, 0.381921,    0,    2, -2, 0.00, 0.00, 0.00,  0,  0,  0
2596915.85379060, -0.075287,    0,    2, -2, 0.00, 0.00, 0.00,  0,  0,  0
2596915.85629060, -0.840353,    0,    2, -2, 0.00, 0.00, 0.00,  0,  0,  0
2596915.85879060, -1.052759,    0,    2, -2, 0.00, 0.00, 0.00,  0,  0,  0
2596915.86129060, -0.040223,    0,    2, -2, 0.00, 0.00, 0.00,  0,  0,  0
2596915.86379060, 0.877619,    0,    2, -2, 0.00, 0.00, 0.00,  0,  0,  0
2596915.86629060, 1.217304,    0,    2, -2, 0.00, 0.00, 0.00,  0,  0,  0
2596915.86879060, 1.222825,    0,    2, -2, 0.00, 0.00, 0.00,  0,  0,  0
2596915.87129060, 0.307959,    0,    2, -2, 0.00, 0.00, 0.00,  0,  0,  0
2596915.87379060, -0.614333,    0,    2, -2, 0.00, 0.00, 0.00,  0,  0,  0
2596915.87629060, -1.065154,    0,    2, -2, 0.00, 0.00, 0.00,  0,  0,  0
2596915.87879060, -0.943776,    0,    2, -2, 0.00, 0.00, 0.00,  0,  0,  0
2596915.88129060, -0.573231,    0,    2, -2, 0.00, 0.00, 0.00,  0,  0,  0
2596915.88379060, 0.467350,    0,    2, -2, 0.00, 0.00, 0.00,  0,  0,  0
2596915.88629060, 1.552548,    0,    2, -2, 0.00, 0.00, 0.00,  0,  0,  0
2596915.88879060, 1.306561,    0,    2, -2, 0.00, 0.00, 0.00,  0,  0,  0
2596915.89129060, 0.483574,    0,    2, -2, 0.00, 0.00, 0.00,  0,  0,  0
2596915.89379060, -0.528870,    0,    2, -2, 0.00, 0.00, 0.00,  0,  0,  0
2596915.89629060, -1.257443,    0,    2, -2, 0.00, 0.00, 0.00,  0,  0,  0
2596915.89879060, -1.257443,    0,    2, -2, 0.00, 0.00, 0.00,  0,  0,  0
2596915.90129060, -1.257443,    0,    2, -2, 0.00, 0.00, 0.00,  0,  0,  0
2596915.90379060, 0.154737,    0,    2, -2, 0.00, 0.00, 0.00,  0,  0,  0
2596915.90629060, 1.240842,    0,    2, -2, 0.00, 0.00, 0.00,  0,  0,  0
2596915.90879060, 1.509945,    0,    2, -2, 0.00, 0.00, 0.00,  0,  0,  0
2596915.91129060, 1.556916,    0,    2, -2, 0.00, 0.00, 0.00,  0,  0,  0
2596915.91379060, -0.131676,    0,    2, -2, 0.00, 0.00, 0.00,  0,  0,  0
2596915.91629060, -1.072665,    0,    2, -2, 0.00, 0.00, 0.00,  0,  0,  0
2596915.91879060, -1.202150,    0,    2, -2, 0.00, 0.00, 0.00,  0,  0,  0
2596915.92129060, -0.648884,    0,    2, -2, 0.00, 0.00, 0.00,  0,  0,  0
2596915.92379060, 0.433875,    0,    2, -2, 0.00, 0.00, 0.00,  0,  0,  0
2596915.92629060, 1.085244,    0,    2, -2, 0.00, 0.00, 0.00,  0,  0,  0
2596915.92879060, 0.694387,    0,    2, -2, 0.00, 0.00, 0.00,  0,  0,  0
2596915.93129060, 0.100290,    0,    2, -2, 0.00, 0.00, 0.00,  0,  0,  0
2596915.93379060, -0.941255,    0,    2, -2, 0.00, 0.00, 0.00,  0,  0,  0
2596915.93629060, -1.489387,    0,    2, -2, 0.00, 0.00, 0.00,  0,  0,  0
2596915.93879060, -0.869444,    0,    2, -2, 0.00, 0.00, 0.00,  0,  0,  0
2596915.94129060, -0.423560,    0,    2, -2, 0.00, 0.00, 0.00,  0,  0,  0
2596915.94379060, 0.565345,    0,    2, -2, 0.00, 0.00, 0.00,  0,  0,  0
2596915.94629060, 1.333979,    0,    2, -2, 0.00, 0.00, 0.00,  0,  0,  0
2596915.94879060, 0.711826,    0,    2, -2, 0.00, 0.00, 0.00,  0,  0,  0
2596915.95129060, 0.207198,    0,    2, -2, 0.00, 0.00, 0.00,  0,  0,  0
2596915.95379060, -0.913429,    0,    2, -2, 0.00, 0.00, 0.00,  0,  0,  0
2596915.95629060, -1.373912,    0,    2, -2, 0.00, 0.00, 0.00,  0,  0,  0
2596915.95879060, -0.785402,    0,    2, -2, 0.00, 0.00, 0.00,  0,  0,  0
2596915.96129060, -0.371962,    0,    2, -2, 0.00, 0.00, 0.00,  0,  0,  0
2596915.96379060, 0.435549,    0,    2, -2, 0.00, 0.00, 0.00,  0,  0,  0
2596915.96629060, 1.582902,    0,    2, -2, 0.00, 0.00, 0.00,  0,  0,  0
2596915.96879060, 1.412063,    0,    2, -2, 0.00, 0.00, 0.00,  0,  0,  0
2596915.97129060, 0.895756,    0,    2, -2, 0.00, 0.00, 0.00,  0,  0,  0
2596915.97379060, 0.309654,    0,    2, -2, 0.00, 0.00, 0.00,  0,  0,  0
2596915.97629060, -1.313638,    0,    2, -2, 0.00, 0.00, 0.00,  0,  0,  0
2596915.97879060, -1.387009,    0,    2, -2, 0.00, 0.00, 0.00,  0,  0,  0
2596915.98129060, -0.947692,    0,    2, -2, 0.00, 0.00, 0.00,  0,  0,  0
2596915.98379060, 0.120053,    0,    2, -2, 0.00, 0.00, 0.00,  0,  0,  0
2596915.98629060, 0.918933,    0,    2, -2, 0.00, 0.00, 0.00,  0,  0,  0
2596915.98879060, 0.806183,    0,    2, -2, 0.00, 0.00, 0.00,  0,  0,  0
2596915.99129060, 0.335488,    0,    2, -2, 0.00, 0.00, 0.00,  0,  0,  0
2596915.99379060, -0.239776,    0,    2, -2, 0.00, 0.00, 0.00,  0,  0,  0
2596915.99629060, -1.075459,    0,    2, -2, 0.00, 0.00, 0.00,  0,  0,  0
2596916.00129060, -0.038691,    0,    2, -2, 0.00, 0.00, 0.00,  0,  0,  0
2596916.00379060, 0.587993,    0,    2, -2, 0.00, 0.00, 0.00,  0,  0,  0
2596916.00629060, 1.019700,    0,    2, -2, 0.00, 0.00, 0.00,  0,  0,  0
2596916.00879060, 0.587760,    0,    2, -2, 0.00, 0.00, 0.00,  0,  0,  0
2596916.01129060, -0.035019,    0,    2, -2, 0.00, 0.00, 0.00,  0,  0,  0
2596916.01379060, -0.436536,    0,    2, -2, 0.00, 0.00, 0.00,  0,  0,  0
2596916.01629060, -0.838054,    0,    2, -2, 0.00, 0.00, 0.00,  0,  0,  0
2596916.01879060, -0.895969,    0,    2, -2, 0.00, 0.00, 0.00,  0,  0,  0
2596916.02129060, -0.252507,    0,    2, -2, 0.00, 0.00, 0.00,  0,  0,  0
2596916.02379060, 0.426383,    0,    2, -2, 0.00, 0.00, 0.00,  0,  0,  0
2596916.02629060, 0.937408,    0,    2, -2, 0.00, 0.00, 0.00,  0,  0,  0
2596916.02879060, 1.111263,    0,    2, -2, 0.00, 0.00, 0.00,  0,  0,  0
2596916.03129060, 0.670578,    0,    2, -2, 0.00, 0.00, 0.00,  0,  0,  0
2596916.03379060, -0.143444,    0,    2, -2, 0.00, 0.00, 0.00,  0,  0,  0
2596916.03629060, -0.783152,    0,    2, -2, 0.00, 0.00, 0.00,  0,  0,  0
2596916.03879060, -1.267566,    0,    2, -2, 0.00, 0.00, 0.00,  0,  0,  0
2596916.04129060, -0.877495,    0,    2, -2, 0.00, 0.00, 0.00,  0,  0,  0
2596916.04379060, -0.232058,    0,    2, -2, 0.00, 0.00, 0.00,  0,  0,  0
2596916.04629060, 0.689492,    0,    2, -2, 0.00, 0.00, 0.00,  0,  0,  0
2596916.04879060, 1.135278,    0,    2, -2, 0.00, 0.00, 0.00,  0,  0,  0
2596916.05129060, 0.585833,    0,    2, -2, 0.00, 0.00, 0.00,  0,  0,  0
2596916.05379060, -0.458803,    0,    2, -2, 0.00, 0.00, 0.00,  0,  0,  0
2596916.05629060, -1.458261,    0,    2, -2, 0.00, 0.00, 0.00,  0,  0,  0
2596916.05879060, -0.978797,    0,    2, -2, 0.00, 0.00, 0.00,  0,  0,  0
2596916.06129060, -0.551849,    0,    2, -2, 0.00, 0.00, 0.00,  0,  0,  0
2596916.06379060, 0.377373,    0,    2, -2, 0.00, 0.00, 0.00,  0,  0,  0
2596916.06629060, 1.045909,    0,    3, -3, 0.00, 0.00, 0.00,  0,  0,  0
2596916.06879060, 1.322930,    0,    3, -3, 0.00, 0.00, 0.00,  0,  0,  0
2596916.07129060, 0.537243,    0,    3, -3, 0.00, 0.00, 0.00,  0,  0,  0
2596916.07379060, -0.615927,    0,    3, -3, 0.00, 0.00, 0.00,  0,  0,  0
2596916.07629060, -1.151403,    0,    4, -4, 0.00, 0.00, 0.00,  0,  0,  0
2596916.07879060, -1.027621,    0,    4, -4, 0.00, 0.00, 0.00,  0,  0,  0
2596916.08129060, -0.375212,    0,    4, -4, 0.00, 0.00, 0.00,  0,  0,  0
2596916.08379060, 0.737724,    0,    4, -4, 0.00, 0.00, 0.00,  0,  0,  0
2596916.08629060, 0.997790,    0,    4, -4, 0.00, 0.00, 0.00,  0,  0,  0
2596916.08879060, 1.229729,    0,    3, -3, 0.00, 0.00, 0.00,  0,  0,  0
2596916.09129060, 1.443006,    0,    3, -3, 0.00, 0.00, 0.00,  0,  0,  0
2596916.09379060, 0.487695,    0,    3, -3, 0.00, 0.00, 0.00,  0,  0,  0
2596916.09629060, -0.467615,    0,    3, -3, 0.00, 0.00, 0.00,  0,  0,  0
2596916.09879060, -1.122336,    0,    2, -2, 0.00, 0.00, 0.00,  0,  0,  0
2596916.10129060, -0.715360,    0,    2, -2, 0.00, 0.00, 0.00,  0,  0,  0
2596916.10379060, -0.132861,    0,    2, -2, 0.00, 0.00, 0.00,  0,  0,  0
2596916.10629060, 0.662299,    0,    2, -2, 0.00, 0.00, 0.00,  0,  0,  0
2596916.10879060, 1.126608,    0,    2, -2, 0.00, 0.00, 0.00,  0,  0,  0
2596916.11129060, 0.635908,    0,    2, -2, 0.00, 0.00, 0.00,  0,  0,  0
2596916.11379060, -0.482913,    0,    2, -2, 0.00, 0.00, 0.00,  0,  0,  0
2596916.11629060, -1.487299,    0,    2, -2, 0.00, 0.00, 0.00,  0,  0,  0
2596916.11879060, -1.439089,    0,    2, -2, 0.00, 0.00, 0.00,  0,  0,  0
2596916.12129060, -0.477837,    0,    2, -2, 0.00, 0.00, 0.00,  0,  0,  0
2596916.12379060, 0.463777,    0,    2, -2, 0.00, 0.00, 0.00,  0,  0,  0
2596916.12629060, 0.892973,    0,    2, -2, 0.00, 0.00, 0.00,  0,  0,  0
2596916.12879060, 0.835828,    0,    2, -2, 0.00, 0.00, 0.00,  0,  0,  0
2596916.13129060, -0.131987,    0,    2, -2, 0.00, 0.00, 0.00,  0,  0,  0
2596916.13379060, -0.932101,    0,    2, -2, 0.00, 0.00, 0.00,  0,  0,  0
2596916.13629060, -1.150535,    0,    2, -2, 0.00, 0.00, 0.00,  0,  0,  0
2596916.13879060, -0.716327,    0,    2, -2, 0.00, 0.00, 0.00,  0,  0,  0
2596916.14129060, -0.407927,    0,    2, -2, 0.00, 0.00, 0.00,  0,  0,  0
2596916.14379060, 0.485159,    0,    2, -2, 0.00, 0.00, 0.00,  0,  0,  0
2596916.14629060, 0.589118,    0,    2, -2, 0.00, 0.00, 0.00,  0,  0,  0
2596916.14879060, 0.762637,    0,    2, -2, 0.00, 0.00, 0.00,  0,  0,  0
2596916.15129060, 0.936156,    0,    2, -2, 0.00, 0.00, 0.00,  0,  0,  0
2596916.15379060, 0.524633,    0,    2, -2, 0.00, 0.00, 0.00,  0,  0,  0
2596916.15629060, -0.213470,    0,    2, -2, 0.00, 0.00, 0.00,  0,  0,  0
2596916.15879060, -0.819207,    0,    2, -2, 0.00, 0.00, 0.00,  0,  0,  0
2596916.16129060, -0.584020,    0,    2, -2, 0.00, 0.00, 0.00,  0,  0,  0
2596916.16379060, 0.265631,    0,    2, -2, 0.00, 0.00, 0.00,  0,  0,  0
2596916.16629060, 1.409942,    0,    2, -2, 0.00, 0.00, 0.00,  0,  0,  0
2596916.16879060, 1.333010,    0,    2, -2, 0.00, 0.00, 0.00,  0,  0,  0
2596916.17129060, 0.604295,    0,    2, -2, 0.00, 0.00, 0.00,  0,  0,  0
2596916.17379060, -0.499459,    0,    2, -2, 0.00, 0.00, 0.00,  0,  0,  0
2596916.17629060, -1.189667,    0,    2, -2, 0.00, 0.00, 0.00,  0,  0,  0
2596916.17879060, -1.353660,    0,    2, -2, 0.00, 0.00, 0.00,  0,  0,  0
2596916.18129060, -0.531760,    0,    2, -2, 0.00, 0.00, 0.00,  0,  0,  0
2596916.18379060, 0.796346,    0,    2, -2, 0.00, 0.00, 0.00,  0,  0,  0
2596916.18629060, 1.090410,    0,    2, -2, 0.00, 0.00, 0.00,  0,  0,  0
2596916.18879060, 1.030390,    0,    2, -2, 0.00, 0.00, 0.00,  0,  0,  0
2596916.19129060, 0.555938,    0,    2, -2, 0.00, 0.00, 0.00,  0,  0,  0
2596916.19379060, -0.688865,    0,    2, -2, 0.00, 0.00, 0.00,  0,  0,  0
2596916.19629060, -1.397829,    0,    2, -2, 0.00, 0.00, 0.00,  0,  0,  0
2596916.19879060, -1.353660,    0,    2, -2, 0.00, 0.00, 0.00,  0,  0,  0
2596916.20129060, -0.857332,    0,    2, -2, 0.00, 0.00, 0.00,  0,  0,  0
2596916.20379060, -0.008167,    0,    2, -2, 0.00, 0.00, 0.00,  0,  0,  0
2596916.20629060, 0.828756,    0,    2, -2, 0.00, 0.00, 0.00,  0,  0,  0
2596916.20879060, 0.972326,    0,    2, -2, 0.00, 0.00, 0.00,  0,  0,  0
2596916.21129060, 0.979602,    0,    2, -2, 0.00, 0.00, 0.00,  0,  0,  0
2596916.21379060, 0.986879,    0,    2, -2, 0.00, 0.00, 0.00,  0,  0,  0
2596916.21629060, -1.495033,    0,    2, -2, 0.00, 0.00, 0.00,  0,  0,  0
2596916.21879060, -1.459045,    0,    2, -2, 0.00, 0.00, 0.00,  0,  0,  0
2596916.22129060, -1.423057,    0,    2, -2, 0.00, 0.00, 0.00,  0,  0,  0
2596916.22379060, -0.731336,    0,    2, -2, 0.00, 0.00, 0.00,  0,  0,  0
2596916.22629060, 0.481910,    0,    2, -2, 0.00, 0.00, 0.00,  0,  0,  0
2596916.22879060, 1.211515,    0,    2, -2, 0.00, 0.00, 0.00,  0,  0,  0
2596916.23129060, 0.113321,    0,    2, -2, 0.00, 0.00, 0.00,  0,  0,  0
2596916.23379060, -0.573231,    0,    2, -2, 0.00, 0.00, 0.00,  0,  0,  0
2596916.23629060, -1.127468,    0,    2, -2, 0.00, 0.00, 0.00,  0,  0,  0
2596916.23879060, -1.211831,    0,    2, -2, 0.00, 0.00, 0.00,  0,  0,  0
2596916.24129060, 0.083784,    0,    2, -2, 0.00, 0.00, 0.00,  0,  0,  0
2596916.24379060, 0.816574,    0,    2, -2, 0.00, 0.00, 0.00,  0,  0,  0
2596916.24629060, 1.624925,    0,    2, -2, 0.00, 0.00, 0.00,  0,  0,  0
2596916.24879060, 1.480601,    0,    2, -2, 0.00, 0.00, 0.00,  0,  0,  0
2596916.25129060, 0.289785,    0,    2, -2, 0.00, 0.00, 0.00,  0,  0,  0
2596916.25379060, -0.615994,    0,    2, -2, 0.00, 0.00, 0.00,  0,  0,  0
2596916.25629060, -1.499629,    0,    2, -2, 0.00, 0.00, 0.00,  0,  0,  0
2596916.25879060, -1.381644,    0,    2, -2, 0.00, 0.00, 0.00,  0,  0,  0
2596916.26129060, -0.070422,    0,    2, -2, 0.00, 0.00, 0.00,  0,  0,  0
2596916.26379060, 0.805883,    0,    2, -2, 0.00, 0.00, 0.00,  0,  0,  0
2596916.26629060, 1.160385,    0,    2, -2, 0.00, 0.00, 0.00,  0,  0,  0
2596916.26879060, 0.838634,    0,    2, -2, 0.00, 0.00, 0.00,  0,  0,  0
2596916.27129060, 0.006171,    0,    2, -2, 0.00, 0.00, 0.00,  0,  0,  0
2596916.27379060, -0.669598,    0,    2, -2, 0.00, 0.00, 0.00,  0,  0,  0
2596916.27629060, -1.319097,    0,    2, -2, 0.00, 0.00, 0.00,  0,  0,  0
2596916.27879060, -1.129153,    0,    2, -2, 0.00, 0.00, 0.00,  0,  0,  0
2596916.28129060, -1.129153,    0,    2, -2, 0.00, 0.00, 0.00,  0,  0,  0
2596916.28379060, -1.129153,    0,    2, -2, 0.00, 0.00, 0.00,  0,  0,  0
2596916.28629060, -0.579748,    0,    2, -2, 0.00, 0.00, 0.00,  0,  0,  0
2596916.28879060, 0.250471,    0,    2, -2, 0.00, 0.00, 0.00,  0,  0,  0
2596916.29129060, 1.080689,    0,    2, -2, 0.00, 0.00, 0.00,  0,  0,  0
2596916.29379060, -1.041580,    0,    2, -2, 0.00, 0.00, 0.00,  0,  0,  0
2596916.29629060, -1.675511,    0,    2, -2, 0.00, 0.00, 0.00,  0,  0,  0
2596916.29879060, -1.417805,    0,    2, -2, 0.00, 0.00, 0.00,  0,  0,  0
2596916.30129060, -0.974941,    0,    2, -2, 0.00, 0.00, 0.00,  0,  0,  0
2596916.30379060, 0.120273,    0,    2, -2, 0.00, 0.00, 0.00,  0,  0,  0
2596916.30629060, 1.576509,    0,    2, -2, 0.00, 0.00, 0.00,  0,  0,  0
2596916.30879060, 1.500786,    0,    2, -2, 0.00, 0.00, 0.00,  0,  0,  0
2596916.31129060, 0.755725,    0,    2, -2, 0.00, 0.00, 0.00,  0,  0,  0
2596916.31379060, -0.514632,    0,    2, -2, 0.00, 0.00, 0.00,  0,  0,  0
2596916.31629060, -1.233780,    0,    2, -2, 0.00, 0.00, 0.00,  0,  0,  0
2596916.31879060, -1.075699,    0,    2, -2, 0.00, 0.00, 0.00,  0,  0,  0
2596916.32129060, -0.240760,    0,    2, -2, 0.00, 0.00, 0.00,  0,  0,  0
2596916.32379060, 0.959555,    0,    2, -2, 0.00, 0.00, 0.00,  0,  0,  0
2596916.32629060, 1.489834,    0,    2, -2, 0.00, 0.00, 0.00,  0,  0,  0
2596916.32879060, 1.213508,    0,    2, -2, 0.00, 0.00, 0.00,  0,  0,  0
2596916.33129060, 0.120631,    0,    2, -2, 0.00, 0.00, 0.00,  0,  0,  0
2596916.33379060, -0.551849,    0,    2, -2, 0.00, 0.00, 0.00,  0,  0,  0
2596916.33629060, -1.323496,    0,    2, -2, 0.00, 0.00, 0.00,  0,  0,  0
2596916.33879060, -1.354898,    0,    2, -2, 0.00, 0.00, 0.00,  0,  0,  0
2596916.34129060, -1.298480,    0,    2, -2, 0.00, 0.00, 0.00,  0,  0,  0
2596916.34379060, -0.106075,    0,    2, -2, 0.00, 0.00, 0.00,  0,  0,  0
2596916.34629060, 0.656676,    0,    2, -2, 0.00, 0.00, 0.00,  0,  0,  0
2596916.34879060, 0.952024,    0,    2, -2, 0.00, 0.00, 0.00,  0,  0,  0
2596916.35129060, 0.626527,    0,    2, -2, 0.00, 0.00, 0.00,  0,  0,  0
2596916.35379060, -0.277872,    0,    2, -2, 0.00, 0.00, 0.00,  0,  0,  0
2596916.35629060, -0.943330,    0,    2, -2, 0.00, 0.00, 0.00,  0,  0,  0
2596916.35879060, -1.086390,    0,    2, -2, 0.00, 0.00, 0.00,  0,  0,  0
2596916.36129060, -0.494211,    0,    2, -2, 0.00, 0.00, 0.00,  0,  0,  0
2596916.36379060, 0.605647,    0,    2, -2, 0.00, 0.00, 0.00,  0,  0,  0
2596916.36629060, 1.291499,    0,    2, -2, 0.00, 0.00, 0.00,  0,  0,  0
2596916.36879060, 1.126608,    0,    2, -2, 0.00, 0.00, 0.00,  0,  0,  0
2596916.37129060, 0.197251,    0,    2, -2, 0.00, 0.00, 0.00,  0,  0,  0
2596916.37379060, -0.722470,    0,    2, -2, 0.00, 0.00, 0.00,  0,  0,  0
2596916.37629060, -1.853345,    0,    2, -2, 0.00, 0.00, 0.00,  0,  0,  0
2596916.37879060, -1.136111,    0,    2, -2, 0.00, 0.00, 0.00,  0,  0,  0
2596916.38129060, -0.156500,    0,    2, -2, 0.00, 0.00, 0.00,  0,  0,  0
2596916.38379060, 1.034332,    0,    2, -2, 0.00, 0.00, 0.00,  0,  0,  0
2596916.38629060, 1.372521,    0,    2, -2, 0.00, 0.00, 0.00,  0,  0,  0
2596916.38879060, 1.297661,    0,    2, -2, 0.00, 0.00, 0.00,  0,  0,  0
2596916.39129060, 0.864953,    0,    2, -2, 0.00, 0.00, 0.00,  0,  0,  0
2596916.39379060, -0.165560,    0,    2, -2, 0.00, 0.00, 0.00,  0,  0,  0
2596916.39629060, -1.075166,    0,    2, -2, 0.00, 0.00, 0.00,  0,  0,  0
2596916.39879060, -1.019026,    0,    2, -2, 0.00, 0.00, 0.00,  0,  0,  0
2596916.40129060, -0.775099,    0,    2, -2, 0.00, 0.00, 0.00,  0,  0,  0
2596916.40379060, -0.531172,    0,    2, -2, 0.00, 0.00, 0.00,  0,  0,  0
2596916.40629060, 0.213160,    0,    2, -2, 0.00, 0.00, 0.00,  0,  0,  0
2596916.40879060, 1.169371,    0,    2, -2, 0.00, 0.00, 0.00,  0,  0,  0
2596916.41129060, 1.019928,    0,    2, -2, 0.00, 0.00, 0.00,  0,  0,  0
2596916.41379060, 0.714844,    0,    2, -2, 0.00, 0.00, 0.00,  0,  0,  0
2596916.41629060, -0.756694,    0,    2, -2, 0.00, 0.00, 0.00,  0,  0,  0
2596916.41879060, -0.681491,    0,    2, -2, 0.00, 0.00, 0.00,  0,  0,  0
2596916.42129060, 0.046836,    0,    2, -2, 0.00, 0.00, 0.00,  0,  0,  0
2596916.42379060, 0.521308,    0,    2, -2, 0.00, 0.00, 0.00,  0,  0,  0
2596916.42629060, 1.110888,    0,    2, -2, 0.00, 0.00, 0.00,  0,  0,  0
2596916.42879060, 0.910323,    0,    2, -2, 0.00, 0.00, 0.00,  0,  0,  0
2596916.43129060, 0.457063,    0,    2, -2, 0.00, 0.00, 0.00,  0,  0,  0
2596916.43379060, -0.435054,    0,    2, -2, 0.00, 0.00, 0.00,  0,  0,  0
2596916.43629060, -1.355044,    0,    2, -2, 0.00, 0.00, 0.00,  0,  0,  0
2596916.43879060, -1.311236,    0,    2, -2, 0.00, 0.00, 0.00,  0,  0,  0
2596916.44129060, -0.477014,    0,    2, -2, 0.00, 0.00, 0.00,  0,  0,  0
2596916.44379060, 0.666900,    0,    2, -2, 0.00, 0.00, 0.00,  0,  0,  0
2596916.44629060, 1.451390,    0,    2, -2, 0.00, 0.00, 0.00,  0,  0,  0
2596916.44879060, 0.887917,    0,    2, -2, 0.00, 0.00, 0.00,  0,  0,  0
2596916.45129060, 0.314106,    0,    2, -2, 0.00, 0.00, 0.00,  0,  0,  0
2596916.45379060, -0.230616,    0,    2, -2, 0.00, 0.00, 0.00,  0,  0,  0
2596916.45629060, -1.057059,    0,    2, -2, 0.00, 0.00, 0.00,  0,  0,  0
2596916.45879060, -1.414945,    0,    2, -2, 0.00, 0.00, 0.00,  0,  0,  0
2596916.46129060, -0.626685,    0,    2, -2, 0.00, 0.00, 0.00,  0,  0,  0
2596916.46379060, -0.626685,    0,    2, -2, 0.00, 0.00, 0.00,  0,  0,  0
2596916.46629060, -0.626685,    0,    2, -2, 0.00, 0.00, 0.00,  0,  0,  0
2596916.46879060, 0.721934,    0,    2, -2, 0.00, 0.00, 0.00,  0,  0,  0
2596916.47129060, 0.852767,    0,    2, -2, 0.00, 0.00, 0.00,  0,  0,  0
2596916.47379060, 0.439252,    0,    2, -2, 0.00, 0.00, 0.00,  0,  0,  0
2596916.47629060, -1.382825,    0,    2, -2, 0.00, 0.00, 0.00,  0,  0,  0
2596916.47879060, -1.288543,    0,    2, -2, 0.00, 0.00, 0.00,  0,  0,  0
2596916.48129060, -0.847782,    0,    2, -2, 0.00, 0.00, 0.00,  0,  0,  0
2596916.48379060, 0.103764,    0,    2, -2, 0.00, 0.00, 0.00,  0,  0,  0
2596916.48629060, 0.859841,    0,    2, -2, 0.00, 0.00, 0.00,  0,  0,  0
2596916.48879060, 0.649372,    0,    2, -2, 0.00, 0.00, 0.00,  0,  0,  0
2596916.49129060, 0.175126,    0,    2, -2, 0.00, 0.00, 0.00,  0,  0,  0
2596916.49379060, -0.471126,    0,    2, -2, 0.00, 0.00, 0.00,  0,  0,  0
2596916.49629060, -1.248487,    0,    2, -2, 0.00, 0.00, 0.00,  0,  0,  0
2596916.49879060, -0.877888,    0,    2, -2, 0.00, 0.00, 0.00,  0,  0,  0
2596916.50129060, -0.028000,    0,    2, -2, 0.00, 0.00, 0.00,  0,  0,  0
2596916.50379060, 0.871056,    0,    2, -2, 0.00, 0.00, 0.00,  0,  0,  0
2596916.50629060, 1.400612,    0,    2, -2, 0.00, 0.00, 0.00,  0,  0,  0
2596916.50879060, 1.169333,    0,    2, -2, 0.00, 0.00, 0.00,  0,  0,  0
2596916.51129060, 0.495850,    0,    2, -2, 0.00, 0.00, 0.00,  0,  0,  0
2596916.51379060, -0.366627,    0,    2, -2, 0.00, 0.00, 0.00,  0,  0,  0
2596916.51629060, -1.158402,    0,    2, -2, 0.00, 0.00, 0.00,  0,  0,  0
2596916.51879060, -1.100454,    0,    2, -2, 0.00, 0.00, 0.00,  0,  0,  0
2596916.52129060, -0.706103,    0,    2, -2, 0.00, 0.00, 0.00,  0,  0,  0
2596916.52379060, 0.658759,    0,    2, -2, 0.00, 0.00, 0.00,  0,  0,  0
2596916.52629060, 1.093414,    0,    2, -2, 0.00, 0.00, 0.00,  0,  0,  0
2596916.52879060, 0.853328,    0,    2, -2, 0.00, 0.00, 0.00,  0,  0,  0
2596916.53129060, 0.516372,    0,    2, -2, 0.00, 0.00, 0.00,  0,  0,  0
2596916.53379060, 0.036065,    0,    2, -2, 0.00, 0.00, 0.00,  0,  0,  0
2596916.53629060, -0.611298,    0,    2, -2, 0.00, 0.00, 0.00,  0,  0,  0
2596916.53879060, -0.938891,    0,    2, -2, 0.00, 0.00, 0.00,  0,  0,  0
2596916.54129060, -0.565204,    0,    2, -2, 0.00, 0.00, 0.00,  0,  0,  0
2596916.54379060, 0.471030,    0,    2, -2, 0.00, 0.00, 0.00,  0,  0,  0
2596916.54629060, 0.870028,    0,    2, -2, 0.00, 0.00, 0.00,  0,  0,  0
2596916.54879060, 0.808740,    0,    2, -2, 0.00, 0.00, 0.00,  0,  0,  0
2596916.55129060, 0.091056,    0,    2, -2, 0.00, 0.00, 0.00,  0,  0,  0
2596916.55379060, -0.628960,    0,    2, -2, 0.00, 0.00, 0.00,  0,  0,  0
2596916.55629060, -0.765666,    0,    2, -2, 0.00, 0.00, 0.00,  0,  0,  0
2596916.55879060, -0.839942,    0,    2, -2, 0.00, 0.00, 0.00,  0,  0,  0
2596916.56129060, -0.460148,    0,    2, -2, 0.00, 0.00, 0.00,  0,  0,  0
2596916.56379060, 0.493070,    0,    2, -2, 0.00, 0.00, 0.00,  0,  0,  0
2596916.56629060, 0.912791,    0,    2, -2, 0.00, 0.00, 0.00,  0,  0,  0
2596916.56879060, 0.836929,    0,    2, -2, 0.00, 0.00, 0.00,  0,  0,  0
2596916.57129060, -0.096553,    0,    2, -2, 0.00, 0.00, 0.00,  0,  0,  0
2596916.57379060, -0.947776,    0,    2, -2, 0.00, 0.00, 0.00,  0,  0,  0
2596916.57629060, -1.171916,    0,    2, -2, 0.00, 0.00, 0.00,  0,  0,  0
2596916.57879060, -1.029336,    0,    2, -2, 0.00, 0.00, 0.00,  0,  0,  0
2596916.58129060, -0.380544,    0,    2, -2, 0.00, 0.00, 0.00,  0,  0,  0
2596916.58379060, 0.464568,    0,    2, -2, 0.00, 0.00, 0.00,  0,  0,  0
2596916.58629060, 1.178135,    0,    2, -2, 0.00, 0.00, 0.00,  0,  0,  0
2596916.58879060, 1.275272,    0,    2, -2, 0.00, 0.00, 0.00,  0,  0,  0
2596916.59129060, 0.944266,    0,    2, -2, 0.00, 0.00, 0.00,  0,  0,  0
2596916.59379060, 0.599780,    0,    2, -2, 0.00, 0.00, 0.00,  0,  0,  0
2596916.59629060, 0.255294,    0,    2, -2, 0.00, 0.00, 0.00,  0,  0,  0
2596916.59879060, -1.530811,    0,    2, -2, 0.00, 0.00, 0.00,  0,  0,  0
2596916.60129060, -1.212999,    0,    2, -2, 0.00, 0.00, 0.00,  0,  0,  0
2596916.60379060, -0.895186,    0,    2, -2, 0.00, 0.00, 0.00,  0,  0,  0
2596916.60629060, -0.477969,    0,    2, -2, 0.00, 0.00, 0.00,  0,  0,  0
2596916.60879060, 0.657855,    0,    2, -2, 0.00, 0.00, 0.00,  0,  0,  0
2596916.61129060, 0.773148,    0,    2, -2, 0.00, 0.00, 0.00,  0,  0,  0
2596916.61379060, -0.249425,    0,    2, -2, 0.00, 0.00, 0.00,  0,  0,  0
2596916.61629060, -1.289515,    0,    2, -2, 0.00, 0.00, 0.00,  0,  0,  0
2596916.61879060, -1.180314,    0,    2, -2, 0.00, 0.00, 0.00,  0,  0,  0
2596916.62129060, -0.448290,    0,    2, -2, 0.00, 0.00, 0.00,  0,  0,  0
2596916.62629060, 0.891410,    0,    2, -2, 0.00, 0.00, 0.00,  0,  0,  0
2596916.62879060, 1.170160,    0,    2, -2, 0.00, 0.00, 0.00,  0,  0,  0
2596916.63129060, 0.766545,    0,    2, -2, 0.00, 0.00, 0.00,  0,  0,  0
2596916.63379060, -0.374432,    0,    2, -2, 0.00, 0.00, 0.00,  0,  0,  0
2596916.63629060, -0.951340,    0,    2, -2, 0.00, 0.00, 0.00,  0,  0,  0
2596916.63879060, -0.976924,    0,    2, -2, 0.00, 0.00, 0.00,  0,  0,  0
2596916.64129060, -0.564644,    0,    2, -2, 0.00, 0.00, 0.00,  0,  0,  0
2596916.64379060, -0.008089,    0,    2, -2, 0.00, 0.00, 0.00,  0,  0,  0
2596916.64629060, 1.608468,    0,    2, -2, 0.00, 0.00, 0.00,  0,  0,  0
2596916.64879060, 1.100392,    0,    2, -2, 0.00, 0.00, 0.00,  0,  0,  0
2596916.65129060, 0.750985,    0,    2, -2, 0.00, 0.00, 0.00,  0,  0,  0
2596916.65379060, 0.401578,    0,    2, -2, 0.00, 0.00, 0.00,  0,  0,  0
2596916.65629060, 0.052170,    0,    2, -2, 0.00, 0.00, 0.00,  0,  0,  0
2596916.65879060, -0.604496,    0,    2, -2, 0.00, 0.00, 0.00,  0,  0,  0
2596916.66129060, -1.387053,    0,    2, -2, 0.00, 0.00, 0.00,  0,  0,  0
2596916.66379060, -0.186054,    0,    2, -2, 0.00, 0.00, 0.00,  0,  0,  0
2596916.66629060, 1.171437,    0,    2, -2, 0.00, 0.00, 0.00,  0,  0,  0
2596916.66879060, 1.417732,    0,    2, -2, 0.00, 0.00, 0.00,  0,  0,  0
2596916.67129060, 1.100600,    0,    2, -2, 0.00, 0.00, 0.00,  0,  0,  0
2596916.67379060, -0.396262,    0,    2, -2, 0.00, 0.00, 0.00,  0,  0,  0
2596916.67629060, -1.177781,    0,    2, -2, 0.00, 0.00, 0.00,  0,  0,  0
2596916.67879060, -1.161226,    0,    2, -2, 0.00, 0.00, 0.00,  0,  0,  0
2596916.68129060, -0.639197,    0,    2, -2, 0.00, 0.00, 0.00,  0,  0,  0
2596916.68379060, 0.444521,    0,    2, -2, 0.00, 0.00, 0.00,  0,  0,  0
2596916.68629060, 1.192713,    0,    2, -2, 0.00, 0.00, 0.00,  0,  0,  0
2596916.68879060, 1.110868,    0,    2, -2, 0.00, 0.00, 0.00,  0,  0,  0
2596916.69129060, 0.269309,    0,    2, -2, 0.00, 0.00, 0.00,  0,  0,  0
2596916.69379060, -0.959199,    0,    2, -2, 0.00, 0.00, 0.00,  0,  0,  0
2596916.69629060, -1.263283,    0,    2, -2, 0.00, 0.00, 0.00,  0,  0,  0
2596916.69879060, -1.043627,    0,    2, -2, 0.00, 0.00, 0.00,  0,  0,  0
2596916.70129060, -0.721556,    0,    2, -2, 0.00, 0.00, 0.00,  0,  0,  0
2596916.70379060, 0.308222,    0,    2, -2, 0.00, 0.00, 0.00,  0,  0,  0
2596916.70629060, 1.300807,    0,    2, -2, 0.00, 0.00, 0.00,  0,  0,  0
2596916.70879060, 1.009009,    0,    2, -2, 0.00, 0.00, 0.00,  0,  0,  0
2596916.71129060, 0.286453,    0,    2, -2, 0.00, 0.00, 0.00,  0,  0,  0
2596916.71379060, -0.965563,    0,    2, -2, 0.00, 0.00, 0.00,  0,  0,  0
2596916.71629060, -1.433857,    0,    2, -2, 0.00, 0.00, 0.00,  0,  0,  0
2596916.71879060, -1.293016,    0,    2, -2, 0.00, 0.00, 0.00,  0,  0,  0
2596916.72129060, -1.152175,    0,    2, -2, 0.00, 0.00, 0.00,  0,  0,  0
2596916.72379060, -1.006815,    0,    2, -2, 0.00, 0.00, 0.00,  0,  0,  0
2596916.72629060, 1.433716,    0,    2, -2, 0.00, 0.00, 0.00,  0,  0,  0
2596916.72879060, 1.362932,    0,    2, -2, 0.00, 0.00, 0.00,  0,  0,  0
2596916.73129060, 0.730087,    0,    2, -2, 0.00, 0.00, 0.00,  0,  0,  0
2596916.73379060, -0.722902,    0,    2, -2, 0.00, 0.00, 0.00,  0,  0,  0
2596916.73629060, -0.722902,    0,    2, -2, 0.00, 0.00, 0.00,  0,  0,  0
2596916.73879060, -1.247060,    0,    2, -2, 0.00, 0.00, 0.00,  0,  0,  0
2596916.74129060, -0.732215,    0,    2, -2, 0.00, 0.00, 0.00,  0,  0,  0
2596916.74379060, 0.994238,    0,    2, -2, 0.00, 0.00, 0.00,  0,  0,  0
2596916.74629060, 1.373811,    0,    2, -2, 0.00, 0.00, 0.00,  0,  0,  0
2596916.74879060, 1.351115,    0,    2, -2, 0.00, 0.00, 0.00,  0,  0,  0
2596916.75129060, 0.982991,    0,    2, -2, 0.00, 0.00, 0.00,  0,  0,  0
2596916.75379060, -0.618878,    0,    2, -2, 0.00, 0.00, 0.00,  0,  0,  0
2596916.75629060, -1.403591,    0,    2, -2, 0.00, 0.00, 0.00,  0,  0,  0
2596916.75879060, -1.214680,    0,    2, -2, 0.00, 0.00, 0.00,  0,  0,  0
2596916.76129060, -0.563791,    0,    2, -2, 0.00, 0.00, 0.00,  0,  0,  0
2596916.76379060, 0.759098,    0,    2, -2, 0.00, 0.00, 0.00,  0,  0,  0
2596916.76629060, 1.035748,    0,    2, -2, 0.00, 0.00, 0.00,  0,  0,  0
2596916.76879060, 0.976936,    0,    2, -2, 0.00, 0.00, 0.00,  0,  0,  0
2596916.77129060, 0.733936,    0,    2, -2, 0.00, 0.00, 0.00,  0,  0,  0
2596916.77379060, 0.172710,    0,    2, -2, 0.00, 0.00, 0.00,  0,  0,  0
2596916.77629060, -0.802296,    0,    2, -2, 0.00, 0.00, 0.00,  0,  0,  0
2596916.77879060, -0.944831,    0,    2, -2, 0.00, 0.00, 0.00,  0,  0,  0
2596916.78129060, -0.966888,    0,    2, -2, 0.00, 0.00, 0.00,  0,  0,  0
2596916.78379060, -0.988946,    0,    2, -2, 0.00, 0.00, 0.00,  0,  0,  0
2596916.78629060, 0.313462,    0,    2, -2, 0.00, 0.00, 0.00,  0,  0,  0
2596916.78879060, 1.274158,    0,    2, -2, 0.00, 0.00, 0.00,  0,  0,  0
2596916.79129060, 0.505574,    0,    2, -2, 0.00, 0.00, 0.00,  0,  0,  0
2596916.79379060, -0.344999,    0,    2, -2, 0.00, 0.00, 0.00,  0,  0,  0
2596916.79629060, -0.954882,    0,    2, -2, 0.00, 0.00, 0.00,  0,  0,  0
2596916.79879060, -1.412663,    0,    2, -2, 0.00, 0.00, 0.00,  0,  0,  0
2596916.80129060, -0.777519,    0,    2, -2, 0.00, 0.00, 0.00,  0,  0,  0
2596916.80379060, 0.344760,    0,    2, -2, 0.00, 0.00, 0.00,  0,  0,  0
2596916.80629060, 1.518395,    0,    2, -2, 0.00, 0.00, 0.00,  0,  0,  0
2596916.80879060, 0.882713,    0,    2, -2, 0.00, 0.00, 0.00,  0,  0,  0
2596916.81129060, -0.347477,    0,    2, -2, 0.00, 0.00, 0.00,  0,  0,  0
2596916.81379060, -0.872574,    0,    2, -2, 0.00, 0.00, 0.00,  0,  0,  0
2596916.81629060, -1.213408,    0,    2, -2, 0.00, 0.00, 0.00,  0,  0,  0
2596916.81879060, -1.049377,    0,    2, -2, 0.00, 0.00, 0.00,  0,  0,  0
2596916.82129060, 0.115749,    0,    2, -2, 0.00, 0.00, 0.00,  0,  0,  0
2596916.82379060, 0.805883,    0,    2, -2, 0.00, 0.00, 0.00,  0,  0,  0
2596916.82629060, 1.282395,    0,    2, -2, 0.00, 0.00, 0.00,  0,  0,  0
2596916.82879060, 1.244855,    0,    2, -2, 0.00, 0.00, 0.00,  0,  0,  0
2596916.83129060, 0.173513,    0,    2, -2, 0.00, 0.00, 0.00,  0,  0,  0
2596916.83379060, -0.131042,    0,    2, -2, 0.00, 0.00, 0.00,  0,  0,  0
2596916.83629060, -0.629700,    0,    2, -2, 0.00, 0.00, 0.00,  0,  0,  0
2596916.83879060, -0.777947,    0,    2, -2, 0.00, 0.00, 0.00,  0,  0,  0
2596916.84129060, -0.185494,    0,    2, -2, 0.00, 0.00, 0.00,  0,  0,  0
2596916.84379060, 0.224534,    0,    2, -2, 0.00, 0.00, 0.00,  0,  0,  0
2596916.84629060, 0.590229,    0,    2, -2, 0.00, 0.00, 0.00,  0,  0,  0
2596916.84879060, 0.581376,    0,    2, -2, 0.00, 0.00, 0.00,  0,  0,  0
2596916.85129060, 0.581376,    0,    2, -2, 0.00, 0.00, 0.00,  0,  0,  0
2596916.85379060, 0.339140,    0,    2, -2, 0.00, 0.00, 0.00,  0,  0,  0
2596916.85629060, -1.499420,    0,    2, -2, 0.00, 0.00, 0.00,  0,  0,  0
2596916.85879060, -1.375042,    0,    2, -2, 0.00, 0.00, 0.00,  0,  0,  0
2596916.86129060, -0.580858,    0,    2, -2, 0.00, 0.00, 0.00,  0,  0,  0
2596916.86379060, 0.795193,    0,    2, -2, 0.00, 0.00, 0.00,  0,  0,  0
2596916.86629060, 1.430750,    0,    2, -2, 0.00, 0.00, 0.00,  0,  0,  0
2596916.86879060, 1.028699,    0,    2, -2, 0.00, 0.00, 0.00,  0,  0,  0
2596916.87129060, 0.137537,    0,    2, -2, 0.00, 0.00, 0.00,  0,  0,  0
2596916.87379060, -0.370106,    0,    2, -2, 0.00, 0.00, 0.00,  0,  0,  0
2596916.87629060, -1.067117,    0,    2, -2, 0.00, 0.00, 0.00,  0,  0,  0
2596916.87879060, -1.175786,    0,    2, -2, 0.00, 0.00, 0.00,  0,  0,  0
2596916.88129060, -0.241054,    0,    2, -2, 0.00, 0.00, 0.00,  0,  0,  0
2596916.88379060, 0.282034,    0,    2, -2, 0.00, 0.00, 0.00,  0,  0,  0
2596916.88629060, 1.015957,    0,    2, -2, 0.00, 0.00, 0.00,  0,  0,  0
2596916.88879060, 1.024101,    0,    2, -2, 0.00, 0.00, 0.00,  0,  0,  0
2596916.89129060, -0.240069,    0,    2, -2, 0.00, 0.00, 0.00,  0,  0,  0
2596916.89379060, -0.926028,    0,    2, -2, 0.00, 0.00, 0.00,  0,  0,  0
2596916.89629060, -1.037237,    0,    2, -2, 0.00, 0.00, 0.00,  0,  0,  0
2596916.89879060, -1.150535,    0,    2, -2, 0.00, 0.00, 0.00,  0,  0,  0
2596916.90129060, -0.626084,    0,    2, -2, 0.00, 0.00, 0.00,  0,  0,  0
2596916.90379060, -0.208911,    0,    2, -2, 0.00, 0.00, 0.00,  0,  0,  0
2596916.90629060, 0.188784,    0,    2, -2, 0.00, 0.00, 0.00,  0,  0,  0
2596916.90879060, 0.545282,    0,    2, -2, 0.00, 0.00, 0.00,  0,  0,  0
2596916.91129060, 0.409716,    0,    2, -2, 0.00, 0.00, 0.00,  0,  0,  0
2596916.91379060, -0.082712,    0,    2, -2, 0.00, 0.00, 0.00,  0,  0,  0
2596916.91629060, -0.550076,    0,    2, -2, 0.00, 0.00, 0.00,  0,  0,  0
2596916.91879060, -0.766215,    0,    2, -2, 0.00, 0.00, 0.00,  0,  0,  0
2596916.92129060, -0.517261,    0,    2, -2, 0.00, 0.00, 0.00,  0,  0,  0
2596916.92379060, 0.980841,    0,    2, -2, 0.00, 0.00, 0.00,  0,  0,  0
2596916.92629060, 1.388306,    0,    2, -2, 0.00, 0.00, 0.00,  0,  0,  0
2596916.92879060, 1.147989,    0,    2, -2, 0.00, 0.00, 0.00,  0,  0,  0
2596916.93129060, 0.142220,    0,    2, -2, 0.00, 0.00, 0.00,  0,  0,  0
2596916.93379060, -0.586622,    0,    2, -2, 0.00, 0.00, 0.00,  0,  0,  0
2596916.93629060, -1.412101,    0,    2, -2, 0.00, 0.00, 0.00,  0,  0,  0
2596916.93879060, -1.109936,    0,    2, -2, 0.00, 0.00, 0.00,  0,  0,  0
2596916.94129060, 0.083001,    0,    2, -2, 0.00, 0.00, 0.00,  0,  0,  0
2596916.94379060, 0.592067,    0,    2, -2, 0.00, 0.00, 0.00,  0,  0,  0
2596916.94629060, 1.374833,    0,    2, -2, 0.00, 0.00, 0.00,  0,  0,  0
2596916.94879060, 1.135059,    0,    2, -2, 0.00, 0.00, 0.00,  0,  0,  0
2596916.95129060, -0.043823,    0,    2, -2, 0.00, 0.00, 0.00,  0,  0,  0
2596916.95379060, -0.444941,    0,    2, -2, 0.00, 0.00, 0.00,  0,  0,  0
2596916.95629060, -0.444941,    0,    2, -2, 0.00, 0.00, 0.00,  0,  0,  0
2596916.95879060, -1.270593,    0,    2, -2, 0.00, 0.00, 0.00,  0,  0,  0
2596916.96129060, -1.022245,    0,    2, -2, 0.00, 0.00, 0.00,  0,  0,  0
2596916.96379060, -0.428919,    0,    2, -2, 0.00, 0.00, 0.00,  0,  0,  0
2596916.96629060, 0.441094,    0,    2, -2, 0.00, 0.00, 0.00,  0,  0,  0
2596916.96879060, 0.912213,    0,    2, -2, 0.00, 0.00, 0.00,  0,  0,  0
2596916.97129060, 0.643222,    0,    2, -2, 0.00, 0.00, 0.00,  0,  0,  0
2596916.97379060, 0.356094,    0,    2, -2, 0.00, 0.00, 0.00,  0,  0,  0
2596916.97629060, -1.221596,    0,    2, -2, 0.00, 0.00, 0.00,  0,  0,  0
2596916.97879060, -1.229673,    0,    2, -2, 0.00, 0.00, 0.00,  0,  0,  0
2596916.98129060, -0.966455,    0,    2, -2, 0.00, 0.00, 0.00,  0,  0,  0
2596916.98379060, -0.009017,    0,    2, -2, 0.00, 0.00, 0.00,  0,  0,  0
2596916.98629060, 0.961438,    0,    2, -2, 0.00, 0.00, 0.00,  0,  0,  0
2596916.98879060, 1.217605,    0,    2, -2, 0.00, 0.00, 0.00,  0,  0,  0
2596916.99129060, 0.217549,    0,    2, -2, 0.00, 0.00, 0.00,  0,  0,  0
2596916.99379060, -0.556730,    0,    2, -2, 0.00, 0.00, 0.00,  0,  0,  0
2596916.99629060, -1.279120,    0,    2, -2, 0.00, 0.00, 0.00,  0,  0,  0
2596916.99879060, -1.066777,    0,    2, -2, 0.00, 0.00, 0.00,  0,  0,  0
2596917.00129060, -0.423560,    0,    2, -2, 0.00, 0.00, 0.00,  0,  0,  0
2596917.00379060, 0.400719,    0,    2, -2, 0.00, 0.00, 0.00,  0,  0,  0
2596917.00629060, 1.222825,    0,    2, -2, 0.00, 0.00, 0.00,  0,  0,  0
2596917.00879060, 1.314107,    0,    2, -2, 0.00, 0.00, 0.00,  0,  0,  0
2596917.01129060, 0.373163,    0,    2, -2, 0.00, 0.00, 0.00,  0,  0,  0
2596917.01379060, -0.766713,    0,    2, -2, 0.00, 0.00, 0.00,  0,  0,  0
2596917.01629060, -1.375042,    0,    2, -2, 0.00, 0.00, 0.00,  0,  0,  0
2596917.01879060, -1.375042,    0,    2, -2, 0.00, 0.00, 0.00,  0,  0,  0
2596917.02129060, -0.637998,    0,    2, -2, 0.00, 0.00, 0.00,  0,  0,  0
2596917.02379060, 0.379520,    0,    2, -2, 0.00, 0.00, 0.00,  0,  0,  0
2596917.02629060, 0.867966,    0,    2, -2, 0.00, 0.00, 0.00,  0,  0,  0
2596917.02879060, 1.238622,    0,    2, -2, 0.00, 0.00, 0.00,  0,  0,  0
2596917.03129060, 0.768828,    0,    2, -2, 0.00, 0.00, 0.00,  0,  0,  0
2596917.03379060, -0.025650,    0,    2, -2, 0.00, 0.00, 0.00,  0,  0,  0
2596917.03629060, -0.396168,    0,    2, -2, 0.00, 0.00, 0.00,  0,  0,  0
2596917.03879060, -0.785521,    0,    2, -2, 0.00, 0.00, 0.00,  0,  0,  0
2596917.04129060, -0.574699,    0,    2, -2, 0.00, 0.00, 0.00,  0,  0,  0
2596917.04379060, -0.022784,    0,    2, -2, 0.00, 0.00, 0.00,  0,  0,  0
2596917.04629060, 0.985028,    0,    2, -2, 0.00, 0.00, 0.00,  0,  0,  0
2596917.04879060, 1.240147,    0,    2, -2, 0.00, 0.00, 0.00,  0,  0,  0
2596917.05129060, 0.269608,    0,    2, -2, 0.00, 0.00, 0.00,  0,  0,  0
2596917.05379060, -0.996746,    0,    2, -2, 0.00, 0.00, 0.00,  0,  0,  0
2596917.05629060, -1.503331,    0,    2, -2, 0.00, 0.00, 0.00,  0,  0,  0
2596917.05879060, -1.265558,    0,    2, -2, 0.00, 0.00, 0.00,  0,  0,  0
2596917.06129060, -0.104578,    0,    2, -2, 0.00, 0.00, 0.00,  0,  0,  0
2596917.06379060, 1.085090,    0,    2, -2, 0.00, 0.00, 0.00,  0,  0,  0
2596917.06629060, 1.436641,    0,    2, -2, 0.00, 0.00, 0.00,  0,  0,  0
2596917.06879060, 1.194676,    0,    2, -2, 0.00, 0.00, 0.00,  0,  0,  0
2596917.07129060, 0.107473,    0,    2, -2, 0.00, 0.00, 0.00,  0,  0,  0
2596917.07379060, -0.843552,    0,    2, -2, 0.00, 0.00, 0.00,  0,  0,  0
2596917.07629060, -1.182607,    0,    2, -2, 0.00, 0.00, 0.00,  0,  0,  0
2596917.07879060, -1.234031,    0,    2, -2, 0.00, 0.00, 0.00,  0,  0,  0
2596917.08129060, -1.055844,    0,    2, -2, 0.00, 0.00, 0.00,  0,  0,  0
2596917.08379060, 0.137467,    0,    2, -2, 0.00, 0.00, 0.00,  0,  0,  0
2596917.08629060, 1.324300,    0,    2, -2, 0.00, 0.00, 0.00,  0,  0,  0
2596917.08879060, 1.388809,    0,    2, -2, 0.00, 0.00, 0.00,  0,  0,  0
2596917.09129060, 0.943179,    0,    2, -2, 0.00, 0.00, 0.00,  0,  0,  0
2596917.09379060, 0.215379,    0,    2, -2, 0.00, 0.00, 0.00,  0,  0,  0
2596917.09629060, -0.860531,    0,    2, -2, 0.00, 0.00, 0.00,  0,  0,  0
2596917.09879060, -1.342969,    0,    2, -2, 0.00, 0.00, 0.00,  0,  0,  0
2596917.10129060, -0.960916,    0,    2, -2, 0.00, 0.00, 0.00,  0,  0,  0
2596917.10379060, 0.080826,    0,    2, -2, 0.00, 0.00, 0.00,  0,  0,  0
2596917.10629060, 0.697108,    0,    2, -2, 0.00, 0.00, 0.00,  0,  0,  0
2596917.10879060, 0.742123,    0,    2, -2, 0.00, 0.00, 0.00,  0,  0,  0
2596917.11129060, 0.463777,    0,    2, -2, 0.00, 0.00, 0.00,  0,  0,  0
2596917.11379060, -0.574442,    0,    2, -2, 0.00, 0.00, 0.00,  0,  0,  0
2596917.11629060, -1.322383,    0,    2, -2, 0.00, 0.00, 0.00,  0,  0,  0
2596917.11879060, -0.903810,    0,    2, -2, 0.00, 0.00, 0.00,  0,  0,  0
2596917.12129060, -0.338033,    0,    2, -2, 0.00, 0.00, 0.00,  0,  0,  0
2596917.12379060, 0.541650,    0,    2, -2, 0.00, 0.00, 0.00,  0,  0,  0
2596917.12629060, 1.123850,    0,    2, -2, 0.00, 0.00, 0.00,  0,  0,  0
2596917.12879060, 0.703767,    0,    2, -2, 0.00, 0.00, 0.00,  0,  0,  0
2596917.13129060, 0.143053,    0,    2, -2, 0.00, 0.00, 0.00,  0,  0,  0
2596917.13379060, -0.811206,    0,    2, -2, 0.00, 0.00, 0.00,  0,  0,  0
2596917.13629060, -1.363000,    0,    2, -2, 0.00, 0.00, 0.00,  0,  0,  0
2596917.13879060, -0.962926,    0,    2, -2, 0.00, 0.00, 0.00,  0,  0,  0
2596917.14129060, -0.030910,    0,    2, -2, 0.00, 0.00, 0.00,  0,  0,  0
2596917.14379060, 1.113290,    0,    2, -2, 0.00, 0.00, 0.00,  0,  0,  0
2596917.14629060, 1.458023,    0,    2, -2, 0.00, 0.00, 0.00,  0,  0,  0
2596917.14879060, 1.487903,    0,    2, -2, 0.00, 0.00, 0.00,  0,  0,  0
2596917.15129060, 1.302560,    0,    2, -2, 0.00, 0.00, 0.00,  0,  0,  0
2596917.15379060, 1.020153,    0,    2, -2, 0.00, 0.00, 0.00,  0,  0,  0
2596917.15629060, -1.470116,    0,    2, -2, 0.00, 0.00, 0.00,  0,  0,  0
2596917.15879060, -1.386618,    0,    2, -2, 0.00, 0.00, 0.00,  0,  0,  0
2596917.16129060, -0.619346,    0,    2, -2, 0.00, 0.00, 0.00,  0,  0,  0
2596917.16379060, 0.070326,    0,    2, -2, 0.00, 0.00, 0.00,  0,  0,  0
2596917.16629060, 0.714521,    0,    2, -2, 0.00, 0.00, 0.00,  0,  0,  0
2596917.16879060, 0.970744,    0,    2, -2, 0.00, 0.00, 0.00,  0,  0,  0
2596917.17129060, 0.289878,    0,    2, -2, 0.00, 0.00, 0.00,  0,  0,  0
2596917.17379060, -1.085969,    0,    2, -2, 0.00, 0.00, 0.00,  0,  0,  0
2596917.17629060, -1.631621,    0,    2, -2, 0.00, 0.00, 0.00,  0,  0,  0
2596917.17879060, -1.540943,    0,    2, -2, 0.00, 0.00, 0.00,  0,  0,  0
2596917.18129060, -0.446784,    0,    2, -2, 0.00, 0.00, 0.00,  0,  0,  0
2596917.18379060, 0.772185,    0,    2, -2, 0.00, 0.00, 0.00,  0,  0,  0
2596917.18629060, 1.168090,    0,    2, -2, 0.00, 0.00, 0.00,  0,  0,  0
2596917.18879060, 0.708970,    0,    2, -2, 0.00, 0.00, 0.00,  0,  0,  0
2596917.19129060, -0.121715,    0,    2, -2, 0.00, 0.00, 0.00,  0,  0,  0
2596917.19379060, -1.005979,    0,    2, -2, 0.00, 0.00, 0.00,  0,  0,  0
2596917.19629060, -1.268134,    0,    2, -2, 0.00, 0.00, 0.00,  0,  0,  0
2596917.19879060, -1.475760,    0,    2, -2, 0.00, 0.00, 0.00,  0,  0,  0
2596917.20129060, -0.563894,    0,    2, -2, 0.00, 0.00, 0.00,  0,  0,  0
2596917.20379060, 0.587286,    0,    2, -2, 0.00, 0.00, 0.00,  0,  0,  0
2596917.20629060, 1.525461,    0,    2, -2, 0.00, 0.00, 0.00,  0,  0,  0
2596917.20879060, 1.458023,    0,    2, -2, 0.00, 0.00, 0.00,  0,  0,  0
2596917.21129060, 1.458023,    0,    2, -2, 0.00, 0.00, 0.00,  0,  0,  0
2596917.21379060, 0.557228,    0,    2, -2, 0.00, 0.00, 0.00,  0,  0,  0
2596917.21629060, -1.279117,    0,    2, -2, 0.00, 0.00, 0.00,  0,  0,  0
2596917.21879060, -1.481535,    0,    2, -2, 0.00, 0.00, 0.00,  0,  0,  0
2596917.22129060, -1.412531,    0,    2, -2, 0.00, 0.00, 0.00,  0,  0,  0
2596917.22379060, -0.444044,    0,    2, -2, 0.00, 0.00, 0.00,  0,  0,  0
2596917.22629060, 0.574443,    0,    2, -2, 0.00, 0.00, 0.00,  0,  0,  0
2596917.22879060, 1.058102,    0,    2, -2, 0.00, 0.00, 0.00,  0,  0,  0
2596917.23129060, 1.054480,    0,    2, -2, 0.00, 0.00, 0.00,  0,  0,  0
2596917.23379060, 0.613155,    0,    2, -2, 0.00, 0.00, 0.00,  0,  0,  0
2596917.23629060, -0.382616,    0,    2, -2, 0.00, 0.00, 0.00,  0,  0,  0
2596917.23879060, -1.333600,    0,    2, -2, 0.00, 0.00, 0.00,  0,  0,  0
2596917.24129060, -1.022864,    0,    2, -2, 0.00, 0.00, 0.00,  0,  0,  0
2596917.24379060, 0.403913,    0,    2, -2, 0.00, 0.00, 0.00,  0,  0,  0
2596917.24629060, 0.872784,    0,    2, -2, 0.00, 0.00, 0.00,  0,  0,  0
2596917.24879060, 0.863327,    0,    2, -2, 0.00, 0.00, 0.00,  0,  0,  0
2596917.25129060, 0.247829,    0,    2, -2, 0.00, 0.00, 0.00,  0,  0,  0
2596917.25379060, -0.583922,    0,    2, -2, 0.00, 0.00, 0.00,  0,  0,  0
2596917.25629060, -1.043853,    0,    2, -2, 0.00, 0.00, 0.00,  0,  0,  0
2596917.25879060, -0.955440,    0,    2, -2, 0.00, 0.00, 0.00,  0,  0,  0
2596917.26129060, -0.350981,    0,    2, -2, 0.00, 0.00, 0.00,  0,  0,  0
2596917.26379060, 0.939709,    0,    2, -2, 0.00, 0.00, 0.00,  0,  0,  0
2596917.26629060, 1.025294,    0,    2, -2, 0.00, 0.00, 0.00,  0,  0,  0
2596917.26879060, 0.720357,    0,    2, -2, 0.00, 0.00, 0.00,  0,  0,  0
2596917.27129060, 0.547281,    0,    2, -2, 0.00, 0.00, 0.00,  0,  0,  0
2596917.27379060, 0.267929,    0,    2, -2, 0.00, 0.00, 0.00,  0,  0,  0
2596917.27629060, -1.537974,    0,    2, -2, 0.00, 0.00, 0.00,  0,  0,  0
2596917.27879060, -1.439187,    0,    2, -2, 0.00, 0.00, 0.00,  0,  0,  0
2596917.28129060, -1.324682,    0,    2, -2, 0.00, 0.00, 0.00,  0,  0,  0
2596917.28379060, -1.129536,    0,    2, -2, 0.00, 0.00, 0.00,  0,  0,  0
2596917.28629060, -0.721641,    0,    2, -2, 0.00, 0.00, 0.00,  0,  0,  0
2596917.28879060, 1.147989,    0,    2, -2, 0.00, 0.00, 0.00,  0,  0,  0
2596917.29129060, 1.147989,    0,    2, -2, 0.00, 0.00, 0.00,  0,  0,  0
2596917.29379060, 0.219753,    0,    2, -2, 0.00, 0.00, 0.00,  0,  0,  0
2596917.29629060, -1.285636,    0,    2, -2, 0.00, 0.00, 0.00,  0,  0,  0
2596917.29879060, -1.706033,    0,    2, -2, 0.00, 0.00, 0.00,  0,  0,  0
2596917.30129060, -0.325956,    0,    2, -2, 0.00, 0.00, 0.00,  0,  0,  0
2596917.30379060, 0.474468,    0,    2, -2, 0.00, 0.00, 0.00,  0,  0,  0
2596917.30629060, 0.945796,    0,    2, -2, 0.00, 0.00, 0.00,  0,  0,  0
2596917.30879060, 1.064767,    0,    2, -2, 0.00, 0.00, 0.00,  0,  0,  0
2596917.31129060, 0.104136,    0,    2, -2, 0.00, 0.00, 0.00,  0,  0,  0
2596917.31379060, -0.808429,    0,    2, -2, 0.00, 0.00, 0.00,  0,  0,  0
2596917.31629060, -1.353931,    0,    2, -2, 0.00, 0.00, 0.00,  0,  0,  0
2596917.31879060, -1.041532,    0,    2, -2, 0.00, 0.00, 0.00,  0,  0,  0
2596917.32129060, -0.034503,    0,    2, -2, 0.00, 0.00, 0.00,  0,  0,  0
2596917.32379060, 0.827265,    0,    2, -2, 0.00, 0.00, 0.00,  0,  0,  0
2596917.32629060, 1.361174,    0,    2, -2, 0.00, 0.00, 0.00,  0,  0,  0
2596917.32879060, 1.118638,    0,    2, -2, 0.00, 0.00, 0.00,  0,  0,  0
2596917.33129060, 0.031478,    0,    2, -2, 0.00, 0.00, 0.00,  0,  0,  0
2596917.33379060, -0.647468,    0,    2, -2, 0.00, 0.00, 0.00,  0,  0,  0
2596917.33629060, -1.306600,    0,    2, -2, 0.00, 0.00, 0.00,  0,  0,  0
2596917.33879060, -1.050668,    0,    2, -2, 0.00, 0.00, 0.00,  0,  0,  0
2596917.34129060, -0.771668,    0,    2, -2, 0.00, 0.00, 0.00,  0,  0,  0
2596917.34379060, -0.492668,    0,    2, -2, 0.00, 0.00, 0.00,  0,  0,  0
2596917.34629060, -0.213668,    0,    2, -2, 0.00, 0.00, 0.00,  0,  0,  0
2596917.34879060, 0.670358,    0,    2, -2, 0.00, 0.00, 0.00,  0,  0,  0
2596917.35129060, 0.799231,    0,    2, -2, 0.00, 0.00, 0.00,  0,  0,  0
2596917.35379060, 0.051688,    0,    2, -2, 0.00, 0.00, 0.00,  0,  0,  0
2596917.35629060, -0.670588,    0,    2, -2, 0.00, 0.00, 0.00,  0,  0,  0
2596917.35879060, -1.174870,    0,    2, -2, 0.00, 0.00, 0.00,  0,  0,  0
2596917.36129060, -0.501894,    0,    2, -2, 0.00, 0.00, 0.00,  0,  0,  0
2596917.36379060, 0.401372,    0,    2, -2, 0.00, 0.00, 0.00,  0,  0,  0
2596917.36629060, 1.191395,    0,    2, -2, 0.00, 0.00, 0.00,  0,  0,  0
2596917.36879060, 1.438088,    0,    2, -2, 0.00, 0.00, 0.00,  0,  0,  0
2596917.37129060, 0.234864,    0,    2, -2, 0.00, 0.00, 0.00,  0,  0,  0
2596917.37379060, -0.658757,    0,    2, -2, 0.00, 0.00, 0.00,  0,  0,  0
2596917.37629060, -1.393716,    0,    2, -2, 0.00, 0.00, 0.00,  0,  0,  0
2596917.37879060, -1.419101,    0,    2, -2, 0.00, 0.00, 0.00,  0,  0,  0
2596917.38129060, -0.785327,    0,    2, -2, 0.00, 0.00, 0.00,  0,  0,  0
2596917.38379060, 0.608513,    0,    2, -2, 0.00, 0.00, 0.00,  0,  0,  0
2596917.38629060, 1.221824,    0,    2, -2, 0.00, 0.00, 0.00,  0,  0,  0
2596917.38879060, 1.158680,    0,    2, -2, 0.00, 0.00, 0.00,  0,  0,  0
2596917.39129060, 0.452447,    0,    2, -2, 0.00, 0.00, 0.00,  0,  0,  0
2596917.39379060, -0.430052,    0,    2, -2, 0.00, 0.00, 0.00,  0,  0,  0
2596917.39629060, -1.045593,    0,    2, -2, 0.00, 0.00, 0.00,  0,  0,  0
2596917.39879060, -0.941688,    0,    2, -2, 0.00, 0.00, 0.00,  0,  0,  0
2596917.40129060, -0.415613,    0,    2, -2, 0.00, 0.00, 0.00,  0,  0,  0
2596917.40379060, -0.012052,    0,    2, -2, 0.00, 0.00, 0.00,  0,  0,  0
2596917.40629060, 0.346334,    0,    2, -2, 0.00, 0.00, 0.00,  0,  0,  0
2596917.40879060, 0.704720,    0,    2, -2, 0.00, 0.00, 0.00,  0,  0,  0
2596917.41129060, 0.569477,    0,    2, -2, 0.00, 0.00, 0.00,  0,  0,  0
2596917.41379060, 0.427326,    0,    2, -2, 0.00, 0.00, 0.00,  0,  0,  0
2596917.41629060, 0.285175,    0,    2, -2, 0.00, 0.00, 0.00,  0,  0,  0
2596917.41879060, -1.447975,    0,    2, -2, 0.00, 0.00, 0.00,  0,  0,  0
2596917.42129060, -0.550087,    0,    2, -2, 0.00, 0.00, 0.00,  0,  0,  0
2596917.42379060, 0.314765,    0,    2, -2, 0.00, 0.00, 0.00,  0,  0,  0
2596917.42629060, 1.381401,    0,    2, -2, 0.00, 0.00, 0.00,  0,  0,  0
2596917.42879060, 1.260962,    0,    2, -2, 0.00, 0.00, 0.00,  0,  0,  0
2596917.43129060, 0.221760,    0,    2, -2, 0.00, 0.00, 0.00,  0,  0,  0
2596917.43379060, -0.628443,    0,    2, -2, 0.00, 0.00, 0.00,  0,  0,  0
2596917.43879060, -1.535404,    0,    2, -2, 0.00, 0.00, 0.00,  0,  0,  0
2596917.44129060, -0.492265,    0,    2, -2, 0.00, 0.00, 0.00,  0,  0,  0
2596917.44379060, 0.682305,    0,    2, -2, 0.00, 0.00, 0.00,  0,  0,  0
2596917.44629060, 1.303120,    0,    2, -2, 0.00, 0.00, 0.00,  0,  0,  0
2596917.44879060, 1.078987,    0,    2, -2, 0.00, 0.00, 0.00,  0,  0,  0
2596917.45129060, 0.329666,    0,    2, -2, 0.00, 0.00, 0.00,  0,  0,  0
2596917.45379060, -0.276329,    0,    2, -2, 0.00, 0.00, 0.00,  0,  0,  0
2596917.45629060, -0.906294,    0,    2, -2, 0.00, 0.00, 0.00,  0,  0,  0
2596917.45879060, -1.193298,    0,    2, -2, 0.00, 0.00, 0.00,  0,  0,  0
2596917.46129060, -0.961966,    0,    2, -2, 0.00, 0.00, 0.00,  0,  0,  0
2596917.46379060, -0.661534,    0,    2, -2, 0.00, 0.00, 0.00,  0,  0,  0
2596917.46629060, 0.028168,    0,    2, -2, 0.00, 0.00, 0.00,  0,  0,  0
2596917.46879060, 0.672183,    0,    2, -2, 0.00, 0.00, 0.00,  0,  0,  0
2596917.47129060, 0.484655,    0,    2, -2, 0.00, 0.00, 0.00,  0,  0,  0
2596917.47379060, 0.297126,    0,    2, -2, 0.00, 0.00, 0.00,  0,  0,  0
2596917.47629060, -1.357158,    0,    2, -2, 0.00, 0.00, 0.00,  0,  0,  0
2596917.47879060, -0.950648,    0,    2, -2, 0.00, 0.00, 0.00,  0,  0,  0
2596917.48129060, -0.594613,    0,    2, -2, 0.00, 0.00, 0.00,  0,  0,  0
2596917.48379060, 0.207142,    0,    2, -2, 0.00, 0.00, 0.00,  0,  0,  0
2596917.48629060, 1.798686,    0,    2, -2, 0.00, 0.00, 0.00,  0,  0,  0
2596917.48879060, 1.088638,    0,    2, -2, 0.00, 0.00, 0.00,  0,  0,  0
2596917.49129060, 0.207198,    0,    2, -2, 0.00, 0.00, 0.00,  0,  0,  0
2596917.49379060, -0.646502,    0,    2, -2, 0.00, 0.00, 0.00,  0,  0,  0
2596917.49629060, -1.352857,    0,    2, -2, 0.00, 0.00, 0.00,  0,  0,  0
2596917.49879060, -0.757559,    0,    2, -2, 0.00, 0.00, 0.00,  0,  0,  0
2596917.50129060, 0.078908,    0,    2, -2, 0.00, 0.00, 0.00,  0,  0,  0
2596917.50379060, 0.693343,    0,    2, -2, 0.00, 0.00, 0.00,  0,  0,  0
2596917.50629060, 1.904413,    0,    2, -2, 0.00, 0.00, 0.00,  0,  0,  0
2596917.50879060, 1.333316,    0,    2, -2, 0.00, 0.00, 0.00,  0,  0,  0
2596917.51129060, 0.474468,    0,    2, -2, 0.00, 0.00, 0.00,  0,  0,  0
2596917.51379060, -0.476968,    0,    2, -2, 0.00, 0.00, 0.00,  0,  0,  0
2596917.51629060, -1.147339,    0,    2, -2, 0.00, 0.00, 0.00,  0,  0,  0
2596917.51879060, -1.407114,    0,    2, -2, 0.00, 0.00, 0.00,  0,  0,  0
2596917.52129060, -0.819608,    0,    2, -2, 0.00, 0.00, 0.00,  0,  0,  0
2596917.52379060, -0.473941,    0,    2, -2, 0.00, 0.00, 0.00,  0,  0,  0
2596917.52629060, -0.166032,    0,    2, -2, 0.00, 0.00, 0.00,  0,  0,  0
2596917.52879060, 0.141876,    0,    2, -2, 0.00, 0.00, 0.00,  0,  0,  0
2596917.53129060, 0.496491,    0,    2, -2, 0.00, 0.00, 0.00,  0,  0,  0
2596917.53379060, 0.057719,    0,    2, -2, 0.00, 0.00, 0.00,  0,  0,  0
2596917.53629060, -0.575932,    0,    2, -2, 0.00, 0.00, 0.00,  0,  0,  0
2596917.53879060, -0.932527,    0,    2, -2, 0.00, 0.00, 0.00,  0,  0,  0
2596917.54129060, -0.846201,    0,    2, -2, 0.00, 0.00, 0.00,  0,  0,  0
2596917.54379060, -0.215455,    0,    2, -2, 0.00, 0.00, 0.00,  0,  0,  0
2596917.54629060, 0.839093,    0,    2, -2, 0.00, 0.00, 0.00,  0,  0,  0
2596917.54879060, 1.384896,    0,    2, -2, 0.00, 0.00, 0.00,  0,  0,  0
2596917.55129060, 0.203260,    0,    2, -2, 0.00, 0.00, 0.00,  0,  0,  0
2596917.55379060, -0.548364,    0,    2, -2, 0.00, 0.00, 0.00,  0,  0,  0
2596917.55629060, -1.371321,    0,    2, -2, 0.00, 0.00, 0.00,  0,  0,  0
2596917.55879060, -1.110965,    0,    2, -2, 0.00, 0.00, 0.00,  0,  0,  0
2596917.56129060, -0.669448,    0,    2, -2, 0.00, 0.00, 0.00,  0,  0,  0
2596917.56379060, 0.337113,    0,    2, -2, 0.00, 0.00, 0.00,  0,  0,  0
2596917.56629060, 1.045642,    0,    2, -2, 0.00, 0.00, 0.00,  0,  0,  0
2596917.56879060, 1.305774,    0,    2, -2, 0.00, 0.00, 0.00,  0,  0,  0
2596917.57129060, 0.310864,    0,    2, -2, 0.00, 0.00, 0.00,  0,  0,  0
2596917.57379060, -1.086696,    0,    2, -2, 0.00, 0.00, 0.00,  0,  0,  0
2596917.57629060, -1.727838,    0,    2, -2, 0.00, 0.00, 0.00,  0,  0,  0
2596917.57879060, -1.291740,    0,    2, -2, 0.00, 0.00, 0.00,  0,  0,  0
2596917.58129060, -0.893955,    0,    2, -2, 0.00, 0.00, 0.00,  0,  0,  0
2596917.58379060, 0.143843,    0,    2, -2, 0.00, 0.00, 0.00,  0,  0,  0
2596917.58629060, 0.827630,    0,    2, -2, 0.00, 0.00, 0.00,  0,  0,  0
2596917.58879060, 0.867177,    0,    2, -2, 0.00, 0.00, 0.00,  0,  0,  0
2596917.59129060, 0.303415,    0,    2, -2, 0.00, 0.00, 0.00,  0,  0,  0
2596917.59379060, -0.241710,    0,    2, -2, 0.00, 0.00, 0.00,  0,  0,  0
2596917.59629060, -0.650541,    0,    2, -2, 0.00, 0.00, 0.00,  0,  0,  0
2596917.59879060, -0.907704,    0,    2, -2, 0.00, 0.00, 0.00,  0,  0,  0
2596917.60129060, -1.149435,    0,    2, -2, 0.00, 0.00, 0.00,  0,  0,  0
2596917.60379060, -0.316772,    0,    2, -2, 0.00, 0.00, 0.00,  0,  0,  0
2596917.60629060, 0.515890,    0,    2, -2, 0.00, 0.00, 0.00,  0,  0,  0
2596917.60879060, 1.179307,    0,    2, -2, 0.00, 0.00, 0.00,  0,  0,  0
2596917.61129060, 0.399633,    0,    2, -2, 0.00, 0.00, 0.00,  0,  0,  0
2596917.61379060, 0.399633,    0,    2, -2, 0.00, 0.00, 0.00,  0,  0,  0
2596917.61629060, -0.157029,    0,    2, -2, 0.00, 0.00, 0.00,  0,  0,  0
2596917.61879060, -0.997959,    0,    2, -2, 0.00, 0.00, 0.00,  0,  0,  0
2596917.62129060, -0.416556,    0,    2, -2, 0.00, 0.00, 0.00,  0,  0,  0
2596917.62379060, 0.760638,    0,    2, -2, 0.00, 0.00, 0.00,  0,  0,  0
2596917.62629060, 0.987627,    0,    2, -2, 0.00, 0.00, 0.00,  0,  0,  0
2596917.62879060, 0.978579,    0,    2, -2, 0.00, 0.00, 0.00,  0,  0,  0
2596917.63129060, 0.072668,    0,    2, -2, 0.00, 0.00, 0.00,  0,  0,  0
2596917.63379060, -0.976301,    0,    2, -2, 0.00, 0.00, 0.00,  0,  0,  0
2596917.63629060, -1.481950,    0,    2, -2, 0.00, 0.00, 0.00,  0,  0,  0
2596917.63879060, -1.598974,    0,    2, -2, 0.00, 0.00, 0.00,  0,  0,  0
2596917.64129060, -0.496388,    0,    2, -2, 0.00, 0.00, 0.00,  0,  0,  0
2596917.64379060, 0.941997,    0,    2, -2, 0.00, 0.00, 0.00,  0,  0,  0
2596917.64629060, 1.468714,    0,    2, -2, 0.00, 0.00, 0.00,  0,  0,  0
2596917.64879060, 1.529276,    0,    2, -2, 0.00, 0.00, 0.00,  0,  0,  0
2596917.65129060, 1.043658,    0,    2, -2, 0.00, 0.00, 0.00,  0,  0,  0
2596917.65379060, -0.345459,    0,    2, -2, 0.00, 0.00, 0.00,  0,  0,  0
2596917.65629060, -1.374028,    0,    2, -2, 0.00, 0.00, 0.00,  0,  0,  0
2596917.65879060, -1.589984,    0,    2, -2, 0.00, 0.00, 0.00,  0,  0,  0
2596917.66129060, -1.618172,    0,    2, -2, 0.00, 0.00, 0.00,  0,  0,  0
2596917.66379060, -1.081578,    0,    2, -2, 0.00, 0.00, 0.00,  0,  0,  0
2596917.66629060, 0.827265,    0,    2, -2, 0.00, 0.00, 0.00,  0,  0,  0
2596917.66879060, 0.830865,    0,    2, -2, 0.00, 0.00, 0.00,  0,  0,  0
2596917.67129060, 0.893983,    0,    2, -2, 0.00, 0.00, 0.00,  0,  0,  0
2596917.67379060, 0.511392,    0,    2, -2, 0.00, 0.00, 0.00,  0,  0,  0
2596917.67629060, -0.652524,    0,    2, -2, 0.00, 0.00, 0.00,  0,  0,  0
2596917.67879060, -0.804793,    0,    2, -2, 0.00, 0.00, 0.00,  0,  0,  0
2596917.68129060, -0.330990,    0,    2, -2, 0.00, 0.00, 0.00,  0,  0,  0
2596917.68379060, 0.577158,    0,    2, -2, 0.00, 0.00, 0.00,  0,  0,  0
2596917.68629060, 1.330299,    0,    2, -2, 0.00, 0.00, 0.00,  0,  0,  0
2596917.68879060, 0.918971,    0,    2, -2, 0.00, 0.00, 0.00,  0,  0,  0
2596917.69129060, 0.228580,    0,    2, -2, 0.00, 0.00, 0.00,  0,  0,  0
2596917.69379060, -0.681621,    0,    2, -2, 0.00, 0.00, 0.00,  0,  0,  0
2596917.69629060, -1.273043,    0,    2, -2, 0.00, 0.00, 0.00,  0,  0,  0
2596917.69879060, -0.777832,    0,    2, -2, 0.00, 0.00, 0.00,  0,  0,  0
2596917.70129060, -0.199053,    0,    2, -2, 0.00, 0.00, 0.00,  0,  0,  0
2596917.70379060, 0.964509,    0,    2, -2, 0.00, 0.00, 0.00,  0,  0,  0
2596917.70629060, 1.533723,    0,    2, -2, 0.00, 0.00, 0.00,  0,  0,  0
2596917.70879060, 0.983738,    0,    2, -2, 0.00, 0.00, 0.00,  0,  0,  0
2596917.71129060, 0.529039,    0,    2, -2, 0.00, 0.00, 0.00,  0,  0,  0
2596917.71379060, -0.525073,    0,    2, -2, 0.00, 0.00, 0.00,  0,  0,  0
2596917.71629060, -1.008544,    0,    2, -2, 0.00, 0.00, 0.00,  0,  0,  0
2596917.71879060, -1.320599,    0,    2, -2, 0.00, 0.00, 0.00,  0,  0,  0
2596917.72129060, -1.136922,    0,    2, -2, 0.00, 0.00, 0.00,  0,  0,  0
2596917.72379060, -0.288899,    0,    2, -2, 0.00, 0.00, 0.00,  0,  0,  0
2596917.72629060, 1.276279,    0,    2, -2, 0.00, 0.00, 0.00,  0,  0,  0
2596917.72879060, 1.276279,    0,    2, -2, 0.00, 0.00, 0.00,  0,  0,  0
2596917.73129060, 1.093236,    0,    2, -2, 0.00, 0.00, 0.00,  0,  0,  0
2596917.73379060, -0.735489,    0,    2, -2, 0.00, 0.00, 0.00,  0,  0,  0
2596917.73629060, -1.270572,    0,    2, -2, 0.00, 0.00, 0.00,  0,  0,  0
2596917.73879060, -1.450184,    0,    2, -2, 0.00, 0.00, 0.00,  0,  0,  0
2596917.74129060, -0.936105,    0,    2, -2, 0.00, 0.00, 0.00,  0,  0,  0
2596917.74379060, 0.511306,    0,    2, -2, 0.00, 0.00, 0.00,  0,  0,  0
2596917.74629060, 1.071350,    0,    2, -2, 0.00, 0.00, 0.00,  0,  0,  0
2596917.74879060, 0.920188,    0,    2, -2, 0.00, 0.00, 0.00,  0,  0,  0
2596917.75129060, 0.279743,    0,    2, -2, 0.00, 0.00, 0.00,  0,  0,  0
2596917.75379060, -0.490690,    0,    2, -2, 0.00, 0.00, 0.00,  0,  0,  0
2596917.75629060, -1.196943,    0,    2, -2, 0.00, 0.00, 0.00,  0,  0,  0
2596917.75879060, -1.246752,    0,    2, -2, 0.00, 0.00, 0.00,  0,  0,  0
2596917.76129060, -0.775396,    0,    2, -2, 0.00, 0.00, 0.00,  0,  0,  0
2596917.76379060, 0.549220,    0,    2, -2, 0.00, 0.00, 0.00,  0,  0,  0
2596917.76629060, 1.302225,    0,    2, -2, 0.00, 0.00, 0.00,  0,  0,  0
2596917.76879060, 1.301167,    0,    2, -2, 0.00, 0.00, 0.00,  0,  0,  0
2596917.77129060, 0.492864,    0,    2, -2, 0.00, 0.00, 0.00,  0,  0,  0
2596917.77379060, -0.949607,    0,    2, -2, 0.00, 0.00, 0.00,  0,  0,  0
2596917.77629060, -1.518679,    0,    2, -2, 0.00, 0.00, 0.00,  0,  0,  0
2596917.77879060, -1.440109,    0,    2, -2, 0.00, 0.00, 0.00,  0,  0,  0
2596917.78129060, -1.361540,    0,    2, -2, 0.00, 0.00, 0.00,  0,  0,  0
2596917.78379060, -1.282970,    0,    2, -2, 0.00, 0.00, 0.00,  0,  0,  0
2596917.78629060, 0.420849,    0,    2, -2, 0.00, 0.00, 0.00,  0,  0,  0
2596917.78879060, 1.306574,    0,    2, -2, 0.00, 0.00, 0.00,  0,  0,  0
2596917.79129060, 1.290622,    0,    2, -2, 0.00, 0.00, 0.00,  0,  0,  0
2596917.79379060, 0.933231,    0,    2, -2, 0.00, 0.00, 0.00,  0,  0,  0
2596917.79629060, -1.720048,    0,    2, -2, 0.00, 0.00, 0.00,  0,  0,  0
2596917.79879060, -1.633813,    0,    2, -2, 0.00, 0.00, 0.00,  0,  0,  0
2596917.80129060, -0.958590,    0,    2, -2, 0.00, 0.00, 0.00,  0,  0,  0
2596917.80379060, 0.045634,    0,    2, -2, 0.00, 0.00, 0.00,  0,  0,  0
2596917.80629060, 0.806334,    0,    2, -2, 0.00, 0.00, 0.00,  0,  0,  0
2596917.80879060, 0.870028,    0,    2, -2, 0.00, 0.00, 0.00,  0,  0,  0
2596917.81129060, 0.381091,    0,    2, -2, 0.00, 0.00, 0.00,  0,  0,  0
2596917.81379060, -0.780429,    0,    2, -2, 0.00, 0.00, 0.00,  0,  0,  0
2596917.81629060, -0.921796,    0,    2, -2, 0.00, 0.00, 0.00,  0,  0,  0
2596917.81879060, -0.883264,    0,    2, -2, 0.00, 0.00, 0.00,  0,  0,  0
2596917.82129060, -0.403539,    0,    2, -2, 0.00, 0.00, 0.00,  0,  0,  0
2596917.82379060, 1.062302,    0,    2, -2, 0.00, 0.00, 0.00,  0,  0,  0
2596917.82629060, 1.504851,    0,    2, -2, 0.00, 0.00, 0.00,  0,  0,  0
2596917.82879060, 1.597003,    0,    2, -2, 0.00, 0.00, 0.00,  0,  0,  0
2596917.83129060, 0.683680,    0,    2, -2, 0.00, 0.00, 0.00,  0,  0,  0
2596917.83379060, -0.202201,    0,    2, -2, 0.00, 0.00, 0.00,  0,  0,  0
2596917.83629060, -1.001895,    0,    2, -2, 0.00, 0.00, 0.00,  0,  0,  0
2596917.83879060, -1.620930,    0,    2, -2, 0.00, 0.00, 0.00,  0,  0,  0
2596917.84129060, -1.247799,    0,    2, -2, 0.00, 0.00, 0.00,  0,  0,  0
2596917.84379060, -0.271732,    0,    2, -2, 0.00, 0.00, 0.00,  0,  0,  0
2596917.84629060, 0.704335,    0,    2, -2, 0.00, 0.00, 0.00,  0,  0,  0
2596917.84879060, 1.209910,    0,    2, -2, 0.00, 0.00, 0.00,  0,  0,  0
2596917.85129060, 1.087385,    0,    2, -2, 0.00, 0.00, 0.00,  0,  0,  0
2596917.85379060, 0.785829,    0,    2, -2, 0.00, 0.00, 0.00,  0,  0,  0
2596917.85629060, 0.348379,    0,    2, -2, 0.00, 0.00, 0.00,  0,  0,  0
2596917.85879060, -0.707309,    0,    2, -2, 0.00, 0.00, 0.00,  0,  0,  0
2596917.86129060, -0.503970,    0,    2, -2, 0.00, 0.00, 0.00,  0,  0,  0
2596917.86379060, 0.605408,    0,    2, -2, 0.00, 0.00, 0.00,  0,  0,  0
2596917.86629060, 1.053015,    0,    2, -2, 0.00, 0.00, 0.00,  0,  0,  0
2596917.86879060, 1.415208,    0,    2, -2, 0.00, 0.00, 0.00,  0,  0,  0
2596917.87129060, 0.546036,    0,    2, -2, 0.00, 0.00, 0.00,  0,  0,  0
2596917.87379060, -0.719790,    0,    2, -2, 0.00, 0.00, 0.00,  0,  0,  0
2596917.87629060, -1.264116,    0,    2, -2, 0.00, 0.00, 0.00,  0,  0,  0
2596917.87879060, -1.278824,    0,    2, -2, 0.00, 0.00, 0.00,  0,  0,  0
2596917.88129060, -0.636333,    0,    2, -2, 0.00, 0.00, 0.00,  0,  0,  0
2596917.88379060, 0.365599,    0,    2, -2, 0.00, 0.00, 0.00,  0,  0,  0
2596917.88629060, 0.905783,    0,    2, -2, 0.00, 0.00, 0.00,  0,  0,  0
2596917.88879060, 0.964199,    0,    2, -2, 0.00, 0.00, 0.00,  0,  0,  0
2596917.89129060, -0.278195,    0,    2, -2, 0.00, 0.00, 0.00,  0,  0,  0
2596917.89379060, -0.787047,    0,    2, -2, 0.00, 0.00, 0.00,  0,  0,  0
2596917.89629060, -0.787047,    0,    2, -2, 0.00, 0.00, 0.00,  0,  0,  0
2596917.89879060, -0.923100,    0,    2, -2, 0.00, 0.00, 0.00,  0,  0,  0
2596917.90129060, -0.080220,    0,    2, -2, 0.00, 0.00, 0.00,  0,  0,  0
2596917.90379060, 0.399633,    0,    2, -2, 0.00, 0.00, 0.00,  0,  0,  0
2596917.90629060, 0.399633,    0,    2, -2, 0.00, 0.00, 0.00,  0,  0,  0
2596917.90879060, 0.400395,    0,    2, -2, 0.00, 0.00, 0.00,  0,  0,  0
2596917.91129060, 0.432321,    0,    2, -2, 0.00, 0.00, 0.00,  0,  0,  0
2596917.91379060, 0.464246,    0,    2, -2, 0.00, 0.00, 0.00,  0,  0,  0
2596917.91629060, -0.248117,    0,    2, -2, 0.00, 0.00, 0.00,  0,  0,  0
2596917.91879060, -1.321588,    0,    2, -2, 0.00, 0.00, 0.00,  0,  0,  0
2596917.92129060, -1.029601,    0,    2, -2, 0.00, 0.00, 0.00,  0,  0,  0
2596917.92379060, 0.282034,    0,    2, -2, 0.00, 0.00, 0.00,  0,  0,  0
2596917.92629060, 1.113761,    0,    2, -2, 0.00, 0.00, 0.00,  0,  0,  0
2596917.92879060, 1.192904,    0,    2, -2, 0.00, 0.00, 0.00,  0,  0,  0
2596917.93129060, -0.244331,    0,    2, -2, 0.00, 0.00, 0.00,  0,  0,  0
2596917.93379060, -0.936719,    0,    2, -2, 0.00, 0.00, 0.00,  0,  0,  0
2596917.93629060, -1.259827,    0,    2, -2, 0.00, 0.00, 0.00,  0,  0,  0
2596917.93879060, -1.239062,    0,    2, -2, 0.00, 0.00, 0.00,  0,  0,  0
2596917.94129060, -0.149935,    0,    2, -2, 0.00, 0.00, 0.00,  0,  0,  0
2596917.94379060, 0.495850,    0,    2, -2, 0.00, 0.00, 0.00,  0,  0,  0
2596917.94629060, 1.030840,    0,    2, -2, 0.00, 0.00, 0.00,  0,  0,  0
2596917.94879060, 1.237047,    0,    2, -2, 0.00, 0.00, 0.00,  0,  0,  0
2596917.95129060, 0.095304,    0,    2, -2, 0.00, 0.00, 0.00,  0,  0,  0
2596917.95379060, -0.434250,    0,    2, -2, 0.00, 0.00, 0.00,  0,  0,  0
2596917.95629060, -0.750104,    0,    2, -2, 0.00, 0.00, 0.00,  0,  0,  0
2596917.95879060, -1.320170,    0,    2, -2, 0.00, 0.00, 0.00,  0,  0,  0
2596917.96129060, -0.924476,    0,    2, -2, 0.00, 0.00, 0.00,  0,  0,  0
2596917.96379060, 0.403054,    0,    2, -2, 0.00, 0.00, 0.00,  0,  0,  0
2596917.96629060, 0.883086,    0,    2, -2, 0.00, 0.00, 0.00,  0,  0,  0
2596917.96879060, 1.191621,    0,    2, -2, 0.00, 0.00, 0.00,  0,  0,  0
2596917.97129060, 0.294697,    0,    2, -2, 0.00, 0.00, 0.00,  0,  0,  0
2596917.97379060, -0.561798,    0,    2, -2, 0.00, 0.00, 0.00,  0,  0,  0
2596917.97629060, -1.284030,    0,    2, -2, 0.00, 0.00, 0.00,  0,  0,  0
2596917.97879060, -1.624309,    0,    2, -2, 0.00, 0.00, 0.00,  0,  0,  0
2596917.98129060, -1.852981,    0,    2, -2, 0.00, 0.00, 0.00,  0,  0,  0
2596917.98379060, -0.815428,    0,    2, -2, 0.00, 0.00, 0.00,  0,  0,  0
2596917.98629060, 0.574173,    0,    2, -2, 0.00, 0.00, 0.00,  0,  0,  0
2596917.98879060, 1.268187,    0,    2, -2, 0.00, 0.00, 0.00,  0,  0,  0
2596917.99129060, 0.021847,    0,    2, -2, 0.00, 0.00, 0.00,  0,  0,  0
2596917.99379060, -0.722902,    0,    2, -2, 0.00, 0.00, 0.00,  0,  0,  0
2596917.99629060, -1.389395,    0,    2, -2, 0.00, 0.00, 0.00,  0,  0,  0
2596917.99879060, -1.195827,    0,    2, -2, 0.00, 0.00, 0.00,  0,  0,  0
2596918.00129060, -0.178499,    0,    2, -2, 0.00, 0.00, 0.00,  0,  0,  0
2596918.00379060, 0.491521,    0,    2, -2, 0.00, 0.00, 0.00,  0,  0,  0
2596918.00629060, 1.178662,    0,    2, -2, 0.00, 0.00, 0.00,  0,  0,  0
2596918.00879060, 1.547050,    0,    2, -2, 0.00, 0.00, 0.00,  0,  0,  0
2596918.01129060, 0.622414,    0,    2, -2, 0.00, 0.00, 0.00,  0,  0,  0
2596918.01379060, -0.494740,    0,    2, -2, 0.00, 0.00, 0.00,  0,  0,  0
2596918.01629060, -1.353598,    0,    2, -2, 0.00, 0.00, 0.00,  0,  0,  0
2596918.01879060, -1.414889,    0,    2, -2, 0.00, 0.00, 0.00,  0,  0,  0
2596918.02129060, -0.735547,    0,    2, -2, 0.00, 0.00, 0.00,  0,  0,  0
2596918.02379060, -0.100208,    0,    2, -2, 0.00, 0.00, 0.00,  0,  0,  0
2596918.02629060, 0.524248,    0,    2, -2, 0.00, 0.00, 0.00,  0,  0,  0
2596918.02879060, 0.939526,    0,    2, -2, 0.00, 0.00, 0.00,  0,  0,  0
2596918.03129060, 0.549304,    0,    2, -2, 0.00, 0.00, 0.00,  0,  0,  0
2596918.03379060, 0.138966,    0,    2, -2, 0.00, 0.00, 0.00,  0,  0,  0
2596918.03629060, -0.591122,    0,    2, -2, 0.00, 0.00, 0.00,  0,  0,  0
2596918.03879060, -1.295586,    0,    2, -2, 0.00, 0.00, 0.00,  0,  0,  0
2596918.04129060, -0.474235,    0,    2, -2, 0.00, 0.00, 0.00,  0,  0,  0
2596918.04379060, 0.716512,    0,    2, -2, 0.00, 0.00, 0.00,  0,  0,  0
2596918.04629060, 1.398347,    0,    2, -2, 0.00, 0.00, 0.00,  0,  0,  0
2596918.04879060, 1.151053,    0,    2, -2, 0.00, 0.00, 0.00,  0,  0,  0
2596918.05129060, 0.103021,    0,    2, -2, 0.00, 0.00, 0.00,  0,  0,  0
2596918.05379060, -0.504152,    0,    2, -2, 0.00, 0.00, 0.00,  0,  0,  0
2596918.05629060, -1.290452,    0,    2, -2, 0.00, 0.00, 0.00,  0,  0,  0
2596918.05879060, -1.255717,    0,    2, -2, 0.00, 0.00, 0.00,  0,  0,  0
2596918.06129060, -0.238598,    0,    2, -2, 0.00, 0.00, 0.00,  0,  0,  0
2596918.06379060, 0.731040,    0,    2, -2, 0.00, 0.00, 0.00,  0,  0,  0
2596918.06629060, 1.323402,    0,    2, -2, 0.00, 0.00, 0.00,  0,  0,  0
2596918.06879060, 1.425950,    0,    2, -2, 0.00, 0.00, 0.00,  0,  0,  0
2596918.07129060, 0.536868,    0,    2, -2, 0.00, 0.00, 0.00,  0,  0,  0
2596918.07379060, -0.453517,    0,    2, -2, 0.00, 0.00, 0.00,  0,  0,  0
2596918.07629060, -1.379765,    0,    2, -2, 0.00, 0.00, 0.00,  0,  0,  0
2596918.07879060, -1.262478,    0,    2, -2, 0.00, 0.00, 0.00,  0,  0,  0
2596918.08129060, -0.846115,    0,    2, -2, 0.00, 0.00, 0.00,  0,  0,  0
2596918.08379060, -0.009287,    0,    2, -2, 0.00, 0.00, 0.00,  0,  0,  0
2596918.08629060, 1.115917,    0,    2, -2, 0.00, 0.00, 0.00,  0,  0,  0
2596918.08879060, 1.115917,    0,    2, -2, 0.00, 0.00, 0.00,  0,  0,  0
2596918.09129060, 1.115917,    0,    2, -2, 0.00, 0.00, 0.00,  0,  0,  0
2596918.09379060, -0.294168,    0,    2, -2, 0.00, 0.00, 0.00,  0,  0,  0
2596918.09629060, -0.805161,    0,    2, -2, 0.00, 0.00, 0.00,  0,  0,  0
2596918.09879060, -1.038524,    0,    2, -2, 0.00, 0.00, 0.00,  0,  0,  0
2596918.10129060, -1.098863,    0,    2, -2, 0.00, 0.00, 0.00,  0,  0,  0
2596918.10379060, -0.205176,    0,    2, -2, 0.00, 0.00, 0.00,  0,  0,  0
2596918.10629060, 0.486580,    0,    2, -2, 0.00, 0.00, 0.00,  0,  0,  0
2596918.10879060, 0.670618,    0,    2, -2, 0.00, 0.00, 0.00,  0,  0,  0
2596918.11129060, -0.017309,    0,    2, -2, 0.00, 0.00, 0.00,  0,  0,  0
2596918.11379060, -0.990460,    0,    2, -2, 0.00, 0.00, 0.00,  0,  0,  0
2596918.11629060, -1.586933,    0,    2, -2, 0.00, 0.00, 0.00,  0,  0,  0
2596918.11879060, -1.104264,    0,    2, -2, 0.00, 0.00, 0.00,  0,  0,  0
2596918.12129060, -0.295270,    0,    2, -2, 0.00, 0.00, 0.00,  0,  0,  0
2596918.12379060, 0.582039,    0,    2, -2, 0.00, 0.00, 0.00,  0,  0,  0
2596918.12629060, 1.169371,    0,    2, -2, 0.00, 0.00, 0.00,  0,  0,  0
2596918.12879060, 0.893357,    0,    2, -2, 0.00, 0.00, 0.00,  0,  0,  0
2596918.13129060, 0.228580,    0,    2, -2, 0.00, 0.00, 0.00,  0,  0,  0
2596918.13379060, -0.651520,    0,    2, -2, 0.00, 0.00, 0.00,  0,  0,  0
2596918.13629060, -1.261304,    0,    2, -2, 0.00, 0.00, 0.00,  0,  0,  0
2596918.13879060, -1.131742,    0,    2, -2, 0.00, 0.00, 0.00,  0,  0,  0
2596918.14129060, -0.626685,    0,    2, -2, 0.00, 0.00, 0.00,  0,  0,  0
2596918.14379060, -0.319653,    0,    2, -2, 0.00, 0.00, 0.00,  0,  0,  0
2596918.14629060, 1.201443,    0,    2, -2, 0.00, 0.00, 0.00,  0,  0,  0
2596918.14879060, 1.282161,    0,    2, -2, 0.00, 0.00, 0.00,  0,  0,  0
2596918.15129060, 1.405871,    0,    2, -2, 0.00, 0.00, 0.00,  0,  0,  0
2596918.15379060, 1.529580,    0,    2, -2, 0.00, 0.00, 0.00,  0,  0,  0
2596918.15629060, 0.635404,    0,    2, -2, 0.00, 0.00, 0.00,  0,  0,  0
2596918.15879060, -0.388343,    0,    2, -2, 0.00, 0.00, 0.00,  0,  0,  0
2596918.16129060, -0.805321,    0,    2, -2, 0.00, 0.00, 0.00,  0,  0,  0
2596918.16379060, -0.150344,    0,    2, -2, 0.00, 0.00, 0.00,  0,  0,  0
2596918.16629060, 0.529146,    0,    2, -2, 0.00, 0.00, 0.00,  0,  0,  0
2596918.16879060, 0.654871,    0,    2, -2, 0.00, 0.00, 0.00,  0,  0,  0
2596918.17129060, 0.251205,    0,    2, -2, 0.00, 0.00, 0.00,  0,  0,  0
2596918.17379060, -0.861936,    0,    2, -2, 0.00, 0.00, 0.00,  0,  0,  0
2596918.17629060, -1.717384,    0,    2, -2, 0.00, 0.00, 0.00,  0,  0,  0
2596918.17879060, -1.296246,    0,    2, -2, 0.00, 0.00, 0.00,  0,  0,  0
2596918.18129060, -0.658757,    0,    2, -2, 0.00, 0.00, 0.00,  0,  0,  0
2596918.18379060, 0.452480,    0,    2, -2, 0.00, 0.00, 0.00,  0,  0,  0
2596918.18629060, 1.189874,    0,    2, -2, 0.00, 0.00, 0.00,  0,  0,  0
2596918.18879060, 0.824170,    0,    2, -2, 0.00, 0.00, 0.00,  0,  0,  0
2596918.19129060, 0.335488,    0,    2, -2, 0.00, 0.00, 0.00,  0,  0,  0
2596918.19379060, -0.653412,    0,    2, -2, 0.00, 0.00, 0.00,  0,  0,  0
2596918.19629060, -1.615114,    0,    2, -2, 0.00, 0.00, 0.00,  0,  0,  0
2596918.19879060, -1.194299,    0,    2, -2, 0.00, 0.00, 0.00,  0,  0,  0
2596918.20129060, -0.722902,    0,    2, -2, 0.00, 0.00, 0.00,  0,  0,  0
2596918.20379060, -0.722902,    0,    2, -2, 0.00, 0.00, 0.00,  0,  0,  0
2596918.20629060, 1.410199,    0,    2, -2, 0.00, 0.00, 0.00,  0,  0,  0
2596918.20879060, 1.425489,    0,    2, -2, 0.00, 0.00, 0.00,  0,  0,  0
2596918.21129060, 1.083143,    0,    2, -2, 0.00, 0.00, 0.00,  0,  0,  0
2596918.21379060, 0.740796,    0,    2, -2, 0.00, 0.00, 0.00,  0,  0,  0
2596918.21629060, -0.569228,    0,    2, -2, 0.00, 0.00, 0.00,  0,  0,  0
2596918.21879060, -1.190619,    0,    2, -2, 0.00, 0.00, 0.00,  0,  0,  0
2596918.22129060, -1.202043,    0,    2, -2, 0.00, 0.00, 0.00,  0,  0,  0
2596918.22379060, 0.319497,    0,    2, -2, 0.00, 0.00, 0.00,  0,  0,  0
2596918.22629060, 0.954362,    0,    2, -2, 0.00, 0.00, 0.00,  0,  0,  0
2596918.22879060, 0.945222,    0,    2, -2, 0.00, 0.00, 0.00,  0,  0,  0
2596918.23129060, 0.160653,    0,    2, -2, 0.00, 0.00, 0.00,  0,  0,  0
2596918.23379060, -0.865767,    0,    2, -2, 0.00, 0.00, 0.00,  0,  0,  0
2596918.23629060, -1.161226,    0,    2, -2, 0.00, 0.00, 0.00,  0,  0,  0
2596918.23879060, -0.984108,    0,    2, -2, 0.00, 0.00, 0.00,  0,  0,  0
2596918.24129060, -0.064875,    0,    2, -2, 0.00, 0.00, 0.00,  0,  0,  0
2596918.24379060, 1.034727,    0,    2, -2, 0.00, 0.00, 0.00,  0,  0,  0
2596918.24629060, 1.639767,    0,    2, -2, 0.00, 0.00, 0.00,  0,  0,  0
2596918.24879060, 1.495343,    0,    2, -2, 0.00, 0.00, 0.00,  0,  0,  0
2596918.25129060, 0.364245,    0,    2, -2, 0.00, 0.00, 0.00,  0,  0,  0
2596918.25379060, -0.750797,    0,    2, -2, 0.00, 0.00, 0.00,  0,  0,  0
2596918.25629060, -1.086390,    0,    2, -2, 0.00, 0.00, 0.00,  0,  0,  0
2596918.25879060, -0.842495,    0,    2, -2, 0.00, 0.00, 0.00,  0,  0,  0
2596918.26129060, -0.167093,    0,    2, -2, 0.00, 0.00, 0.00,  0,  0,  0
2596918.26379060, 0.924001,    0,    2, -2, 0.00, 0.00, 0.00,  0,  0,  0
2596918.26629060, 1.564931,    0,    2, -2, 0.00, 0.00, 0.00,  0,  0,  0
2596918.26879060, 1.613548,    0,    2, -2, 0.00, 0.00, 0.00,  0,  0,  0
2596918.27129060, 0.527512,    0,    2, -2, 0.00, 0.00, 0.00,  0,  0,  0
2596918.27379060, -0.162411,    0,    2, -2, 0.00, 0.00, 0.00,  0,  0,  0
2596918.27629060, -1.064616,    0,    2, -2, 0.00, 0.00, 0.00,  0,  0,  0
2596918.27879060, -1.101701,    0,    2, -2, 0.00, 0.00, 0.00,  0,  0,  0
2596918.28129060, -0.717288,    0,    2, -2, 0.00, 0.00, 0.00,  0,  0,  0
2596918.28379060, -0.144505,    0,    2, -2, 0.00, 0.00, 0.00,  0,  0,  0
2596918.28629060, 0.542713,    0,    2, -2, 0.00, 0.00, 0.00,  0,  0,  0
2596918.28879060, 1.471638,    0,    2, -2, 0.00, 0.00, 0.00,  0,  0,  0
2596918.29129060, 0.836805,    0,    2, -2, 0.00, 0.00, 0.00,  0,  0,  0
2596918.29379060, -0.348841,    0,    2, -2, 0.00, 0.00, 0.00,  0,  0,  0
2596918.29629060, -1.492641,    0,    2, -2, 0.00, 0.00, 0.00,  0,  0,  0
2596918.29879060, -1.458935,    0,    2, -2, 0.00, 0.00, 0.00,  0,  0,  0
2596918.30129060, -1.154180,    0,    2, -2, 0.00, 0.00, 0.00,  0,  0,  0
2596918.30379060, -0.367471,    0,    2, -2, 0.00, 0.00, 0.00,  0,  0,  0
2596918.30629060, 0.169537,    0,    2, -2, 0.00, 0.00, 0.00,  0,  0,  0
2596918.30879060, 0.326150,    0,    2, -2, 0.00, 0.00, 0.00,  0,  0,  0
2596918.31379060, -0.965309,    0,    2, -2, 0.00, 0.00, 0.00,  0,  0,  0
2596918.31629060, -1.569462,    0,    2, -2, 0.00, 0.00, 0.00,  0,  0,  0
2596918.31879060, -1.066372,    0,    2, -2, 0.00, 0.00, 0.00,  0,  0,  0
2596918.32129060, -0.237476,    0,    2, -2, 0.00, 0.00, 0.00,  0,  0,  0
2596918.32379060, 0.685243,    0,    2, -2, 0.00, 0.00, 0.00,  0,  0,  0
2596918.32629060, 0.816574,    0,    2, -2, 0.00, 0.00, 0.00,  0,  0,  0
2596918.32879060, 1.130384,    0,    2, -2, 0.00, 0.00, 0.00,  0,  0,  0
2596918.33129060, 0.671632,    0,    2, -2, 0.00, 0.00, 0.00,  0,  0,  0
2596918.33379060, -0.013272,    0,    2, -2, 0.00, 0.00, 0.00,  0,  0,  0
2596918.33629060, -0.898684,    0,    2, -2, 0.00, 0.00, 0.00,  0,  0,  0
2596918.33879060, -1.019601,    0,    2, -2, 0.00, 0.00, 0.00,  0,  0,  0
2596918.34129060, -0.342787,    0,    2, -2, 0.00, 0.00, 0.00,  0,  0,  0
2596918.34379060, 0.137717,    0,    2, -2, 0.00, 0.00, 0.00,  0,  0,  0
2596918.34629060, 0.565245,    0,    2, -2, 0.00, 0.00, 0.00,  0,  0,  0
2596918.34879060, 0.903267,    0,    2, -2, 0.00, 0.00, 0.00,  0,  0,  0
2596918.35129060, 0.852353,    0,    2, -2, 0.00, 0.00, 0.00,  0,  0,  0
2596918.35379060, 0.559672,    0,    2, -2, 0.00, 0.00, 0.00,  0,  0,  0
2596918.35629060, -0.459087,    0,    2, -2, 0.00, 0.00, 0.00,  0,  0,  0
2596918.35879060, -1.315720,    0,    2, -2, 0.00, 0.00, 0.00,  0,  0,  0
2596918.36129060, -0.860175,    0,    2, -2, 0.00, 0.00, 0.00,  0,  0,  0
2596918.36379060, 0.043560,    0,    2, -2, 0.00, 0.00, 0.00,  0,  0,  0
2596918.36629060, 1.072862,    0,    2, -2, 0.00, 0.00, 0.00,  0,  0,  0
2596918.36879060, 1.063309,    0,    2, -2, 0.00, 0.00, 0.00,  0,  0,  0
2596918.37129060, 0.423114,    0,    2, -2, 0.00, 0.00, 0.00,  0,  0,  0
2596918.37379060, -0.305961,    0,    2, -2, 0.00, 0.00, 0.00,  0,  0,  0
2596918.37629060, -1.035682,    0,    2, -2, 0.00, 0.00, 0.00,  0,  0,  0
2596918.37879060, -1.043718,    0,    2, -2, 0.00, 0.00, 0.00,  0,  0,  0
2596918.38129060, -0.080549,    0,    2, -2, 0.00, 0.00, 0.00,  0,  0,  0
2596918.38379060, 0.592067,    0,    2, -2, 0.00, 0.00, 0.00,  0,  0,  0
2596918.38629060, 0.617642,    0,    2, -2, 0.00, 0.00, 0.00,  0,  0,  0
2596918.38879060, 0.597625,    0,    2, -2, 0.00, 0.00, 0.00,  0,  0,  0
2596918.39129060, -0.053365,    0,    2, -2, 0.00, 0.00, 0.00,  0,  0,  0
2596918.39379060, -0.530468,    0,    2, -2, 0.00, 0.00, 0.00,  0,  0,  0
2596918.39629060, -0.530468,    0,    2, -2, 0.00, 0.00, 0.00,  0,  0,  0
2596918.39879060, -0.963949,    0,    2, -2, 0.00, 0.00, 0.00,  0,  0,  0
2596918.40129060, -0.583424,    0,    2, -2, 0.00, 0.00, 0.00,  0,  0,  0
2596918.40379060, 0.411578,    0,    2, -2, 0.00, 0.00, 0.00,  0,  0,  0
2596918.40629060, 1.406580,    0,    2, -2, 0.00, 0.00, 0.00,  0,  0,  0
2596918.40879060, 1.528521,    0,    2, -2, 0.00, 0.00, 0.00,  0,  0,  0
2596918.41129060, 1.217757,    0,    2, -2, 0.00, 0.00, 0.00,  0,  0,  0
2596918.41379060, 0.879303,    0,    2, -2, 0.00, 0.00, 0.00,  0,  0,  0
2596918.41629060, 0.540849,    0,    2, -2, 0.00, 0.00, 0.00,  0,  0,  0
2596918.41879060, -0.879166,    0,    2, -2, 0.00, 0.00, 0.00,  0,  0,  0
2596918.42129060, -1.276635,    0,    2, -2, 0.00, 0.00, 0.00,  0,  0,  0
2596918.42379060, -0.618871,    0,    2, -2, 0.00, 0.00, 0.00,  0,  0,  0
2596918.42629060, -0.008218,    0,    2, -2, 0.00, 0.00, 0.00,  0,  0,  0
2596918.42879060, 1.001239,    0,    2, -2, 0.00, 0.00, 0.00,  0,  0,  0
2596918.43129060, 0.331537,    0,    2, -2, 0.00, 0.00, 0.00,  0,  0,  0
2596918.43379060, -0.370106,    0,    2, -2, 0.00, 0.00, 0.00,  0,  0,  0
2596918.43629060, -1.041612,    0,    2, -2, 0.00, 0.00, 0.00,  0,  0,  0
2596918.43879060, -1.187201,    0,    2, -2, 0.00, 0.00, 0.00,  0,  0,  0
2596918.44129060, 0.037333,    0,    2, -2, 0.00, 0.00, 0.00,  0,  0,  0
2596918.44379060, 0.773811,    0,    2, -2, 0.00, 0.00, 0.00,  0,  0,  0
2596918.44629060, 1.269601,    0,    2, -2, 0.00, 0.00, 0.00,  0,  0,  0
2596918.44879060, 1.367970,    0,    2, -2, 0.00, 0.00, 0.00,  0,  0,  0
2596918.45129060, 0.464783,    0,    2, -2, 0.00, 0.00, 0.00,  0,  0,  0
2596918.45379060, -0.177671,    0,    2, -2, 0.00, 0.00, 0.00,  0,  0,  0
2596918.45629060, -0.492958,    0,    2, -2, 0.00, 0.00, 0.00,  0,  0,  0
2596918.45879060, -0.841253,    0,    2, -2, 0.00, 0.00, 0.00,  0,  0,  0
2596918.46129060, -0.172237,    0,    2, -2, 0.00, 0.00, 0.00,  0,  0,  0
2596918.46379060, 0.549304,    0,    2, -2, 0.00, 0.00, 0.00,  0,  0,  0
2596918.46629060, 0.657178,    0,    2, -2, 0.00, 0.00, 0.00,  0,  0,  0
2596918.46879060, 0.872718,    0,    2, -2, 0.00, 0.00, 0.00,  0,  0,  0
2596918.47129060, 1.088259,    0,    2, -2, 0.00, 0.00, 0.00,  0,  0,  0
2596918.47379060, 1.303799,    0,    2, -2, 0.00, 0.00, 0.00,  0,  0,  0
2596918.47629060, -1.343248,    0,    2, -2, 0.00, 0.00, 0.00,  0,  0,  0
2596918.47879060, -1.892678,    0,    2, -2, 0.00, 0.00, 0.00,  0,  0,  0
2596918.48129060, -1.910624,    0,    2, -2, 0.00, 0.00, 0.00,  0,  0,  0
2596918.48379060, -1.928569,    0,    2, -2, 0.00, 0.00, 0.00,  0,  0,  0
2596918.48629060, 0.906967,    0,    2, -2, 0.00, 0.00, 0.00,  0,  0,  0
2596918.48879060, 1.197044,    0,    2, -2, 0.00, 0.00, 0.00,  0,  0,  0
2596918.49129060, 0.756202,    0,    2, -2, 0.00, 0.00, 0.00,  0,  0,  0
2596918.49379060, -0.045991,    0,    2, -2, 0.00, 0.00, 0.00,  0,  0,  0
2596918.49629060, -0.913012,    0,    2, -2, 0.00, 0.00, 0.00,  0,  0,  0
2596918.49879060, -1.372093,    0,    2, -2, 0.00, 0.00, 0.00,  0,  0,  0
2596918.50129060, -0.275207,    0,    2, -2, 0.00, 0.00, 0.00,  0,  0,  0
2596918.50379060, 0.442396,    0,    2, -2, 0.00, 0.00, 0.00,  0,  0,  0
2596918.50629060, 1.038547,    0,    2, -2, 0.00, 0.00, 0.00,  0,  0,  0
2596918.50879060, 0.939231,    0,    2, -2, 0.00, 0.00, 0.00,  0,  0,  0
2596918.51129060, -0.117171,    0,    2, -2, 0.00, 0.00, 0.00,  0,  0,  0
2596918.51379060, -0.701521,    0,    2, -2, 0.00, 0.00, 0.00,  0,  0,  0
2596918.51629060, -1.249280,    0,    2, -2, 0.00, 0.00, 0.00,  0,  0,  0
2596918.51879060, -1.016864,    0,    2, -2, 0.00, 0.00, 0.00,  0,  0,  0
2596918.52129060, -0.255863,    0,    2, -2, 0.00, 0.00, 0.00,  0,  0,  0
2596918.52379060, 0.217889,    0,    2, -2, 0.00, 0.00, 0.00,  0,  0,  0
2596918.52629060, 0.639560,    0,    2, -2, 0.00, 0.00, 0.00,  0,  0,  0
2596918.52879060, 1.247672,    0,    2, -2, 0.00, 0.00, 0.00,  0,  0,  0
2596918.53129060, 0.447031,    0,    2, -2, 0.00, 0.00, 0.00,  0,  0,  0
2596918.53379060, -0.519754,    0,    2, -2, 0.00, 0.00, 0.00,  0,  0,  0
2596918.53629060, -0.757722,    0,    2, -2, 0.00, 0.00, 0.00,  0,  0,  0
2596918.53879060, -0.995690,    0,    2, -2, 0.00, 0.00, 0.00,  0,  0,  0
2596918.54129060, -1.233658,    0,    2, -2, 0.00, 0.00, 0.00,  0,  0,  0
2596918.54379060, -0.165746,    0,    2, -2, 0.00, 0.00, 0.00,  0,  0,  0
2596918.54629060, 0.925166,    0,    2, -2, 0.00, 0.00, 0.00,  0,  0,  0
2596918.54879060, 1.274904,    0,    2, -2, 0.00, 0.00, 0.00,  0,  0,  0
2596918.55129060, 0.771977,    0,    2, -2, 0.00, 0.00, 0.00,  0,  0,  0
2596918.55379060, -0.313507,    0,    2, -2, 0.00, 0.00, 0.00,  0,  0,  0
2596918.55629060, -1.681980,    0,    2, -2, 0.00, 0.00, 0.00,  0,  0,  0
2596918.55879060, -1.398437,    0,    2, -2, 0.00, 0.00, 0.00,  0,  0,  0
2596918.56379060, 0.686251,    0,    2, -2, 0.00, 0.00, 0.00,  0,  0,  0
2596918.56629060, 1.594214,    0,    2, -2, 0.00, 0.00, 0.00,  0,  0,  0
2596918.56879060, 1.864274,    0,    2, -2, 0.00, 0.00, 0.00,  0,  0,  0
2596918.57129060, 1.134306,    0,    2, -2, 0.00, 0.00, 0.00,  0,  0,  0
2596918.57379060, 0.037892,    0,    2, -2, 0.00, 0.00, 0.00,  0,  0,  0
2596918.57629060, -0.849958,    0,    2, -2, 0.00, 0.00, 0.00,  0,  0,  0
2596918.57879060, -0.876941,    0,    2, -2, 0.00, 0.00, 0.00,  0,  0,  0
2596918.58129060, -0.699089,    0,    2, -2, 0.00, 0.00, 0.00,  0,  0,  0
2596918.58379060, 0.317120,    0,    2, -2, 0.00, 0.00, 0.00,  0,  0,  0
2596918.58629060, 1.571249,    0,    2, -2, 0.00, 0.00, 0.00,  0,  0,  0
2596918.58879060, 1.629076,    0,    2, -2, 0.00, 0.00, 0.00,  0,  0,  0
2596918.59129060, 1.454875,    0,    2, -2, 0.00, 0.00, 0.00,  0,  0,  0
2596918.59379060, -0.907776,    0,    2, -2, 0.00, 0.00, 0.00,  0,  0,  0
2596918.59629060, -1.685075,    0,    2, -2, 0.00, 0.00, 0.00,  0,  0,  0
2596918.59879060, -1.678877,    0,    2, -2, 0.00, 0.00, 0.00,  0,  0,  0
2596918.60129060, -0.974512,    0,    2, -2, 0.00, 0.00, 0.00,  0,  0,  0
2596918.60379060, -0.178803,    0,    2, -2, 0.00, 0.00, 0.00,  0,  0,  0
2596918.60629060, 0.762969,    0,    2, -2, 0.00, 0.00, 0.00,  0,  0,  0
2596918.60879060, 1.163299,    0,    2, -2, 0.00, 0.00, 0.00,  0,  0,  0
2596918.61129060, 0.807610,    0,    2, -2, 0.00, 0.00, 0.00,  0,  0,  0
2596918.61379060, -0.831231,    0,    2, -2, 0.00, 0.00, 0.00,  0,  0,  0
2596918.61629060, -1.453724,    0,    2, -2, 0.00, 0.00, 0.00,  0,  0,  0
2596918.61879060, -1.503331,    0,    2, -2, 0.00, 0.00, 0.00,  0,  0,  0
2596918.62129060, -0.721928,    0,    2, -2, 0.00, 0.00, 0.00,  0,  0,  0
2596918.62379060, 0.161444,    0,    2, -2, 0.00, 0.00, 0.00,  0,  0,  0
2596918.62629060, 1.615649,    0,    2, -2, 0.00, 0.00, 0.00,  0,  0,  0
2596918.62879060, 1.245664,    0,    2, -2, 0.00, 0.00, 0.00,  0,  0,  0
2596918.63129060, 0.624140,    0,    2, -2, 0.00, 0.00, 0.00,  0,  0,  0
2596918.63379060, -0.187165,    0,    2, -2, 0.00, 0.00, 0.00,  0,  0,  0
2596918.63629060, -1.366652,    0,    2, -2, 0.00, 0.00, 0.00,  0,  0,  0
2596918.63879060, -1.373433,    0,    2, -2, 0.00, 0.00, 0.00,  0,  0,  0
2596918.64129060, -1.016883,    0,    2, -2, 0.00, 0.00, 0.00,  0,  0,  0
2596918.64379060, -0.042923,    0,    2, -2, 0.00, 0.00, 0.00,  0,  0,  0
2596918.64629060, 1.158278,    0,    2, -2, 0.00, 0.00, 0.00,  0,  0,  0
2596918.64879060, 1.138117,    0,    2, -2, 0.00, 0.00, 0.00,  0,  0,  0
2596918.65129060, 1.117956,    0,    2, -2, 0.00, 0.00, 0.00,  0,  0,  0
2596918.65379060, 1.097794,    0,    2, -2, 0.00, 0.00, 0.00,  0,  0,  0
2596918.65629060, -1.203721,    0,    2, -2, 0.00, 0.00, 0.00,  0,  0,  0
2596918.65879060, -1.182701,    0,    2, -2, 0.00, 0.00, 0.00,  0,  0,  0
2596918.66129060, -1.161681,    0,    2, -2, 0.00, 0.00, 0.00,  0,  0,  0
2596918.66379060, -1.140660,    0,    2, -2, 0.00, 0.00, 0.00,  0,  0,  0
2596918.66629060, 1.162090,    0,    2, -2, 0.00, 0.00, 0.00,  0,  0,  0
2596918.66879060, 0.856183,    0,    2, -2, 0.00, 0.00, 0.00,  0,  0,  0
2596918.67129060, 0.518315,    0,    2, -2, 0.00, 0.00, 0.00,  0,  0,  0
2596918.67379060, 0.086026,    0,    2, -2, 0.00, 0.00, 0.00,  0,  0,  0
2596918.67629060, -1.129153,    0,    2, -2, 0.00, 0.00, 0.00,  0,  0,  0
2596918.67879060, -1.271577,    0,    2, -2, 0.00, 0.00, 0.00,  0,  0,  0
2596918.68129060, -0.489400,    0,    2, -2, 0.00, 0.00, 0.00,  0,  0,  0
2596918.68379060, 0.795319,    0,    2, -2, 0.00, 0.00, 0.00,  0,  0,  0
2596918.68629060, 1.639767,    0,    2, -2, 0.00, 0.00, 0.00,  0,  0,  0
2596918.68879060, 1.487702,    0,    2, -2, 0.00, 0.00, 0.00,  0,  0,  0
2596918.69129060, 0.358534,    0,    2, -2, 0.00, 0.00, 0.00,  0,  0,  0
2596918.69379060, -0.561085,    0,    2, -2, 0.00, 0.00, 0.00,  0,  0,  0
2596918.69629060, -0.874660,    0,    2, -2, 0.00, 0.00, 0.00,  0,  0,  0
2596918.69879060, -0.734685,    0,    2, -2, 0.00, 0.00, 0.00,  0,  0,  0
2596918.70129060, -0.658757,    0,    2, -2, 0.00, 0.00, 0.00,  0,  0,  0
2596918.70379060, -0.129321,    0,    2, -2, 0.00, 0.00, 0.00,  0,  0,  0
2596918.70629060, 1.051772,    0,    2, -2, 0.00, 0.00, 0.00,  0,  0,  0
2596918.70879060, 1.113181,    0,    2, -2, 0.00, 0.00, 0.00,  0,  0,  0
2596918.71129060, 1.104241,    0,    2, -2, 0.00, 0.00, 0.00,  0,  0,  0
2596918.71379060, 0.870399,    0,    2, -2, 0.00, 0.00, 0.00,  0,  0,  0
2596918.71629060, -0.144486,    0,    2, -2, 0.00, 0.00, 0.00,  0,  0,  0
2596918.71879060, -1.100084,    0,    2, -2, 0.00, 0.00, 0.00,  0,  0,  0
2596918.72129060, -1.022826,    0,    2, -2, 0.00, 0.00, 0.00,  0,  0,  0
2596918.72379060, -0.225412,    0,    2, -2, 0.00, 0.00, 0.00,  0,  0,  0
2596918.72629060, 1.009009,    0,    2, -2, 0.00, 0.00, 0.00,  0,  0,  0
2596918.72879060, 1.009009,    0,    2, -2, 0.00, 0.00, 0.00,  0,  0,  0
2596918.73129060, 0.214117,    0,    2, -2, 0.00, 0.00, 0.00,  0,  0,  0
2596918.73379060, -0.392590,    0,    2, -2, 0.00, 0.00, 0.00,  0,  0,  0
2596918.73629060, -1.126300,    0,    2, -2, 0.00, 0.00, 0.00,  0,  0,  0
2596918.73879060, -0.824732,    0,    2, -2, 0.00, 0.00, 0.00,  0,  0,  0
2596918.74129060, -0.295270,    0,    2, -2, 0.00, 0.00, 0.00,  0,  0,  0
2596918.74379060, 0.783918,    0,    2, -2, 0.00, 0.00, 0.00,  0,  0,  0
2596918.74629060, 1.427835,    0,    2, -2, 0.00, 0.00, 0.00,  0,  0,  0
2596918.74879060, 1.003713,    0,    2, -2, 0.00, 0.00, 0.00,  0,  0,  0
2596918.75129060, 0.538613,    0,    2, -2, 0.00, 0.00, 0.00,  0,  0,  0
2596918.75379060, -0.333834,    0,    2, -2, 0.00, 0.00, 0.00,  0,  0,  0
2596918.75629060, -1.083003,    0,    2, -2, 0.00, 0.00, 0.00,  0,  0,  0
2596918.75879060, -0.993524,    0,    2, -2, 0.00, 0.00, 0.00,  0,  0,  0
2596918.76129060, -0.573231,    0,    2, -2, 0.00, 0.00, 0.00,  0,  0,  0
2596918.76379060, 0.356012,    0,    2, -2, 0.00, 0.00, 0.00,  0,  0,  0
2596918.76629060, 1.282818,    0,    2, -2, 0.00, 0.00, 0.00,  0,  0,  0
2596918.76879060, 1.173206,    0,    2, -2, 0.00, 0.00, 0.00,  0,  0,  0
2596918.77129060, 0.709666,    0,    2, -2, 0.00, 0.00, 0.00,  0,  0,  0
2596918.77379060, 0.709666,    0,    2, -2, 0.00, 0.00, 0.00,  0,  0,  0
2596918.77629060, -1.180226,    0,    2, -2, 0.00, 0.00, 0.00,  0,  0,  0
2596918.77879060, -1.181017,    0,    2, -2, 0.00, 0.00, 0.00,  0,  0,  0
2596918.78129060, -0.797738,    0,    2, -2, 0.00, 0.00, 0.00,  0,  0,  0
2596918.78379060, -0.406356,    0,    2, -2, 0.00, 0.00, 0.00,  0,  0,  0
2596918.78629060, 0.208289,    0,    2, -2, 0.00, 0.00, 0.00,  0,  0,  0
2596918.78879060, 0.819723,    0,    2, -2, 0.00, 0.00, 0.00,  0,  0,  0
2596918.79129060, 0.373425,    0,    2, -2, 0.00, 0.00, 0.00,  0,  0,  0
2596918.79379060, -0.331977,    0,    2, -2, 0.00, 0.00, 0.00,  0,  0,  0
2596918.79629060, -1.083581,    0,    2, -2, 0.00, 0.00, 0.00,  0,  0,  0
2596918.79879060, -1.216946,    0,    2, -2, 0.00, 0.00, 0.00,  0,  0,  0
2596918.80129060, -0.974071,    0,    2, -2, 0.00, 0.00, 0.00,  0,  0,  0
2596918.80379060, 0.292118,    0,    2, -2, 0.00, 0.00, 0.00,  0,  0,  0
2596918.80629060, 1.158516,    0,    2, -2, 0.00, 0.00, 0.00,  0,  0,  0
2596918.80879060, 1.010786,    0,    2, -2, 0.00, 0.00, 0.00,  0,  0,  0
2596918.81129060, 0.229499,    0,    2, -2, 0.00, 0.00, 0.00,  0,  0,  0
2596918.81379060, -0.910975,    0,    2, -2, 0.00, 0.00, 0.00,  0,  0,  0
2596918.81629060, -1.300206,    0,    2, -2, 0.00, 0.00, 0.00,  0,  0,  0
2596918.81879060, -1.111750,    0,    2, -2, 0.00, 0.00, 0.00,  0,  0,  0
2596918.82129060, -0.165951,    0,    2, -2, 0.00, 0.00, 0.00,  0,  0,  0
2596918.82379060, 1.203096,    0,    2, -2, 0.00, 0.00, 0.00,  0,  0,  0
2596918.82629060, 1.586312,    0,    2, -2, 0.00, 0.00, 0.00,  0,  0,  0
2596918.82879060, 1.586312,    0,    2, -2, 0.00, 0.00, 0.00,  0,  0,  0
2596918.83129060, 0.530851,    0,    2, -2, 0.00, 0.00, 0.00,  0,  0,  0
2596918.83379060, -0.140101,    0,    2, -2, 0.00, 0.00, 0.00,  0,  0,  0
2596918.83629060, -0.913059,    0,    2, -2, 0.00, 0.00, 0.00,  0,  0,  0
2596918.83879060, -1.376380,    0,    2, -2, 0.00, 0.00, 0.00,  0,  0,  0
2596918.84129060, -0.763546,    0,    2, -2, 0.00, 0.00, 0.00,  0,  0,  0
2596918.84379060, -0.183471,    0,    2, -2, 0.00, 0.00, 0.00,  0,  0,  0
2596918.84629060, 0.362307,    0,    2, -2, 0.00, 0.00, 0.00,  0,  0,  0
2596918.84879060, 0.855453,    0,    2, -2, 0.00, 0.00, 0.00,  0,  0,  0
2596918.85129060, 0.811963,    0,    2, -2, 0.00, 0.00, 0.00,  0,  0,  0
2596918.85379060, 0.588488,    0,    2, -2, 0.00, 0.00, 0.00,  0,  0,  0
2596918.85629060, -0.921646,    0,    2, -2, 0.00, 0.00, 0.00,  0,  0,  0
2596918.85879060, -1.549260,    0,    2, -2, 0.00, 0.00, 0.00,  0,  0,  0
2596918.86129060, -1.204705,    0,    2, -2, 0.00, 0.00, 0.00,  0,  0,  0
2596918.86379060, -0.660800,    0,    2, -2, 0.00, 0.00, 0.00,  0,  0,  0
2596918.86629060, 0.342172,    0,    2, -2, 0.00, 0.00, 0.00,  0,  0,  0
2596918.86879060, 0.876571,    0,    2, -2, 0.00, 0.00, 0.00,  0,  0,  0
2596918.87129060, 0.338664,    0,    2, -2, 0.00, 0.00, 0.00,  0,  0,  0
2596918.87379060, -0.591044,    0,    2, -2, 0.00, 0.00, 0.00,  0,  0,  0
2596918.87629060, -1.225628,    0,    2, -2, 0.00, 0.00, 0.00,  0,  0,  0
2596918.87879060, -0.929467,    0,    2, -2, 0.00, 0.00, 0.00,  0,  0,  0
2596918.88129060, -0.487705,    0,    2, -2, 0.00, 0.00, 0.00,  0,  0,  0
2596918.88379060, 0.370164,    0,    2, -2, 0.00, 0.00, 0.00,  0,  0,  0
2596918.88629060, 1.098108,    0,    2, -2, 0.00, 0.00, 0.00,  0,  0,  0
2596918.88879060, 1.317955,    0,    2, -2, 0.00, 0.00, 0.00,  0,  0,  0
2596918.89129060, 0.397772,    0,    2, -2, 0.00, 0.00, 0.00,  0,  0,  0
2596918.89379060, -0.323706,    0,    2, -2, 0.00, 0.00, 0.00,  0,  0,  0
2596918.89629060, -0.986838,    0,    2, -2, 0.00, 0.00, 0.00,  0,  0,  0
2596918.89879060, -1.634511,    0,    2, -2, 0.00, 0.00, 0.00,  0,  0,  0
2596918.90129060, -0.866802,    0,    2, -2, 0.00, 0.00, 0.00,  0,  0,  0
2596918.90379060, 0.379186,    0,    2, -2, 0.00, 0.00, 0.00,  0,  0,  0
2596918.90629060, 1.019845,    0,    2, -2, 0.00, 0.00, 0.00,  0,  0,  0
2596918.90879060, 1.250968,    0,    2, -2, 0.00, 0.00, 0.00,  0,  0,  0
2596918.91129060, 1.103546,    0,    2, -2, 0.00, 0.00, 0.00,  0,  0,  0
2596918.91379060, 0.807338,    0,    2, -2, 0.00, 0.00, 0.00,  0,  0,  0
2596918.91629060, -0.129051,    0,    2, -2, 0.00, 0.00, 0.00,  0,  0,  0
2596918.91879060, -1.177777,    0,    2, -2, 0.00, 0.00, 0.00,  0,  0,  0
2596918.92129060, -0.919483,    0,    2, -2, 0.00, 0.00, 0.00,  0,  0,  0
2596918.92379060, -0.179956,    0,    2, -2, 0.00, 0.00, 0.00,  0,  0,  0
2596918.92629060, 0.897286,    0,    2, -2, 0.00, 0.00, 0.00,  0,  0,  0
2596918.92879060, 1.221203,    0,    2, -2, 0.00, 0.00, 0.00,  0,  0,  0
2596918.93129060, 0.810756,    0,    2, -2, 0.00, 0.00, 0.00,  0,  0,  0
2596918.93379060, -0.613006,    0,    2, -2, 0.00, 0.00, 0.00,  0,  0,  0
2596918.93629060, -1.028795,    0,    2, -2, 0.00, 0.00, 0.00,  0,  0,  0
2596918.93879060, -0.958100,    0,    2, -2, 0.00, 0.00, 0.00,  0,  0,  0
2596918.94129060, -0.734771,    0,    2, -2, 0.00, 0.00, 0.00,  0,  0,  0
2596918.94379060, 0.387428,    0,    2, -2, 0.00, 0.00, 0.00,  0,  0,  0
2596918.94629060, 0.857816,    0,    2, -2, 0.00, 0.00, 0.00,  0,  0,  0
2596918.94879060, 0.934173,    0,    2, -2, 0.00, 0.00, 0.00,  0,  0,  0
2596918.95129060, 0.517579,    0,    2, -2, 0.00, 0.00, 0.00,  0,  0,  0
2596918.95379060, -0.799383,    0,    2, -2, 0.00, 0.00, 0.00,  0,  0,  0
2596918.95629060, -1.312513,    0,    2, -2, 0.00, 0.00, 0.00,  0,  0,  0
2596918.95879060, -1.346011,    0,    2, -2, 0.00, 0.00, 0.00,  0,  0,  0
2596918.96129060, -0.295097,    0,    2, -2, 0.00, 0.00, 0.00,  0,  0,  0
2596918.96379060, 0.613449,    0,    2, -2, 0.00, 0.00, 0.00,  0,  0,  0
2596918.96629060, 0.613449,    0,    2, -2, 0.00, 0.00, 0.00,  0,  0,  0
2596918.96879060, 0.613449,    0,    2, -2, 0.00, 0.00, 0.00,  0,  0,  0
2596918.97129060, 0.552994,    0,    2, -2, 0.00, 0.00, 0.00,  0,  0,  0
2596918.97379060, 0.459120,    0,    2, -2, 0.00, 0.00, 0.00,  0,  0,  0
2596918.97629060, -0.086508,    0,    2, -2, 0.00, 0.00, 0.00,  0,  0,  0
2596918.97879060, -0.818489,    0,    2, -2, 0.00, 0.00, 0.00,  0,  0,  0
2596918.98129060, -0.785806,    0,    2, -2, 0.00, 0.00, 0.00,  0,  0,  0
2596918.98379060, -0.261156,    0,    2, -2, 0.00, 0.00, 0.00,  0,  0,  0
2596918.98629060, 0.574125,    0,    2, -2, 0.00, 0.00, 0.00,  0,  0,  0
2596918.98879060, 1.146871,    0,    2, -2, 0.00, 0.00, 0.00,  0,  0,  0
2596918.99129060, 0.604744,    0,    2, -2, 0.00, 0.00, 0.00,  0,  0,  0
2596918.99379060, -0.664590,    0,    2, -2, 0.00, 0.00, 0.00,  0,  0,  0
2596918.99629060, -1.104100,    0,    2, -2, 0.00, 0.00, 0.00,  0,  0,  0
2596918.99879060, -1.182607,    0,    2, -2, 0.00, 0.00, 0.00,  0,  0,  0
2596919.00129060, -0.816451,    0,    2, -2, 0.00, 0.00, 0.00,  0,  0,  0
2596919.00379060, 0.007668,    0,    2, -2, 0.00, 0.00, 0.00,  0,  0,  0
2596919.00629060, 0.865055,    0,    2, -2, 0.00, 0.00, 0.00,  0,  0,  0
2596919.00879060, 1.275305,    0,    2, -2, 0.00, 0.00, 0.00,  0,  0,  0
2596919.01129060, 0.349817,    0,    2, -2, 0.00, 0.00, 0.00,  0,  0,  0
2596919.01379060, -0.209743,    0,    2, -2, 0.00, 0.00, 0.00,  0,  0,  0
2596919.01629060, -0.521622,    0,    2, -2, 0.00, 0.00, 0.00,  0,  0,  0
2596919.01879060, -0.940761,    0,    2, -2, 0.00, 0.00, 0.00,  0,  0,  0
2596919.02129060, -0.330241,    0,    2, -2, 0.00, 0.00, 0.00,  0,  0,  0
2596919.02379060, 0.597633,    0,    2, -2, 0.00, 0.00, 0.00,  0,  0,  0
2596919.02629060, 1.064610,    0,    2, -2, 0.00, 0.00, 0.00,  0,  0,  0
2596919.02879060, 1.330591,    0,    2, -2, 0.00, 0.00, 0.00,  0,  0,  0
2596919.03129060, 0.575977,    0,    2, -2, 0.00, 0.00, 0.00,  0,  0,  0
2596919.03379060, -0.615994,    0,    2, -2, 0.00, 0.00, 0.00,  0,  0,  0
2596919.03629060, -0.781085,    0,    2, -2, 0.00, 0.00, 0.00,  0,  0,  0
2596919.03879060, -1.231928,    0,    2, -2, 0.00, 0.00, 0.00,  0,  0,  0
2596919.04129060, -0.616806,    0,    2, -2, 0.00, 0.00, 0.00,  0,  0,  0
2596919.04379060, 0.795631,    0,    2, -2, 0.00, 0.00, 0.00,  0,  0,  0
2596919.04629060, 1.671113,    0,    2, -2, 0.00, 0.00, 0.00,  0,  0,  0
2596919.04879060, 1.635448,    0,    2, -2, 0.00, 0.00, 0.00,  0,  0,  0
2596919.05129060, 0.571187,    0,    2, -2, 0.00, 0.00, 0.00,  0,  0,  0
2596919.05379060, -0.434250,    0,    2, -2, 0.00, 0.00, 0.00,  0,  0,  0
2596919.05629060, -1.189178,    0,    2, -2, 0.00, 0.00, 0.00,  0,  0,  0
2596919.05879060, -1.344884,    0,    2, -2, 0.00, 0.00, 0.00,  0,  0,  0
2596919.06129060, -0.220142,    0,    2, -2, 0.00, 0.00, 0.00,  0,  0,  0
2596919.06379060, 0.346179,    0,    2, -2, 0.00, 0.00, 0.00,  0,  0,  0
2596919.06629060, 1.084229,    0,    2, -2, 0.00, 0.00, 0.00,  0,  0,  0
2596919.06879060, 1.059582,    0,    2, -2, 0.00, 0.00, 0.00,  0,  0,  0
2596919.07129060, 0.169284,    0,    2, -2, 0.00, 0.00, 0.00,  0,  0,  0
2596919.07379060, -0.284579,    0,    2, -2, 0.00, 0.00, 0.00,  0,  0,  0
2596919.07629060, -1.353323,    0,    2, -2, 0.00, 0.00, 0.00,  0,  0,  0
2596919.07879060, -1.343543,    0,    2, -2, 0.00, 0.00, 0.00,  0,  0,  0
2596919.08129060, 0.100254,    0,    2, -2, 0.00, 0.00, 0.00,  0,  0,  0
2596919.08379060, 0.506541,    0,    2, -2, 0.00, 0.00, 0.00,  0,  0,  0
2596919.08629060, 0.649734,    0,    2, -2, 0.00, 0.00, 0.00,  0,  0,  0
2596919.08879060, 0.845352,    0,    2, -2, 0.00, 0.00, 0.00,  0,  0,  0
2596919.09129060, 0.425764,    0,    2, -2, 0.00, 0.00, 0.00,  0,  0,  0
2596919.09379060, -0.765666,    0,    2, -2, 0.00, 0.00, 0.00,  0,  0,  0
2596919.09629060, -0.808203,    0,    2, -2, 0.00, 0.00, 0.00,  0,  0,  0
2596919.09879060, -0.942952,    0,    2, -2, 0.00, 0.00, 0.00,  0,  0,  0
2596919.10129060, -0.378173,    0,    2, -2, 0.00, 0.00, 0.00,  0,  0,  0
2596919.10379060, 0.478600,    0,    2, -2, 0.00, 0.00, 0.00,  0,  0,  0
2596919.10629060, 1.771347,    0,    2, -2, 0.00, 0.00, 0.00,  0,  0,  0
2596919.10879060, 1.672377,    0,    2, -2, 0.00, 0.00, 0.00,  0,  0,  0
2596919.11129060, 0.794129,    0,    2, -2, 0.00, 0.00, 0.00,  0,  0,  0
2596919.11379060, -0.581041,    0,    2, -2, 0.00, 0.00, 0.00,  0,  0,  0
2596919.11629060, -1.241073,    0,    2, -2, 0.00, 0.00, 0.00,  0,  0,  0
2596919.11879060, -1.300206,    0,    2, -2, 0.00, 0.00, 0.00,  0,  0,  0
2596919.12129060, -0.493002,    0,    2, -2, 0.00, 0.00, 0.00,  0,  0,  0
2596919.12379060, 0.617370,    0,    2, -2, 0.00, 0.00, 0.00,  0,  0,  0
2596919.12629060, 1.122883,    0,    2, -2, 0.00, 0.00, 0.00,  0,  0,  0
2596919.12879060, 1.169371,    0,    2, -2, 0.00, 0.00, 0.00,  0,  0,  0
2596919.13129060, 0.634567,    0,    2, -2, 0.00, 0.00, 0.00,  0,  0,  0
2596919.13379060, -0.275035,    0,    2, -2, 0.00, 0.00, 0.00,  0,  0,  0
2596919.13629060, -1.434455,    0,    2, -2, 0.00, 0.00, 0.00,  0,  0,  0
2596919.13879060, -1.269643,    0,    2, -2, 0.00, 0.00, 0.00,  0,  0,  0
2596919.14129060, -0.262180,    0,    2, -2, 0.00, 0.00, 0.00,  0,  0,  0
2596919.14379060, 0.700305,    0,    2, -2, 0.00, 0.00, 0.00,  0,  0,  0
2596919.14629060, 1.195873,    0,    2, -2, 0.00, 0.00, 0.00,  0,  0,  0
2596919.14879060, 1.070740,    0,    2, -2, 0.00, 0.00, 0.00,  0,  0,  0
2596919.15129060, 0.140846,    0,    2, -2, 0.00, 0.00, 0.00,  0,  0,  0
2596919.15379060, -0.380796,    0,    2, -2, 0.00, 0.00, 0.00,  0,  0,  0
2596919.15629060, -0.695079,    0,    2, -2, 0.00, 0.00, 0.00,  0,  0,  0
2596919.15879060, -1.087011,    0,    2, -2, 0.00, 0.00, 0.00,  0,  0,  0
2596919.16129060, -0.572518,    0,    2, -2, 0.00, 0.00, 0.00,  0,  0,  0
2596919.16379060, 0.084849,    0,    2, -2, 0.00, 0.00, 0.00,  0,  0,  0
2596919.16629060, 0.713046,    0,    2, -2, 0.00, 0.00, 0.00,  0,  0,  0
2596919.16879060, 1.011672,    0,    2, -2, 0.00, 0.00, 0.00,  0,  0,  0
2596919.17129060, 1.310298,    0,    2, -2, 0.00, 0.00, 0.00,  0,  0,  0
2596919.17379060, 0.335464,    0,    2, -2, 0.00, 0.00, 0.00,  0,  0,  0
2596919.17629060, -0.779954,    0,    2, -2, 0.00, 0.00, 0.00,  0,  0,  0
2596919.17879060, -1.216217,    0,    2, -2, 0.00, 0.00, 0.00,  0,  0,  0
2596919.18129060, -1.018899,    0,    2, -2, 0.00, 0.00, 0.00,  0,  0,  0
2596919.18379060, 0.686265,    0,    2, -2, 0.00, 0.00, 0.00,  0,  0,  0
2596919.18629060, 1.158680,    0,    2, -2, 0.00, 0.00, 0.00,  0,  0,  0
2596919.18879060, 1.430821,    0,    2, -2, 0.00, 0.00, 0.00,  0,  0,  0
2596919.19129060, 0.764000,    0,    2, -2, 0.00, 0.00, 0.00,  0,  0,  0
2596919.19379060, -0.279816,    0,    2, -2, 0.00, 0.00, 0.00,  0,  0,  0
2596919.19629060, -1.164284,    0,    2, -2, 0.00, 0.00, 0.00,  0,  0,  0
2596919.19879060, -1.205953,    0,    2, -2, 0.00, 0.00, 0.00,  0,  0,  0
2596919.20129060, -0.712212,    0,    2, -2, 0.00, 0.00, 0.00,  0,  0,  0
2596919.20379060, -0.040718,    0,    2, -2, 0.00, 0.00, 0.00,  0,  0,  0
2596919.20629060, 1.038276,    0,    2, -2, 0.00, 0.00, 0.00,  0,  0,  0
2596919.20879060, 1.316739,    0,    2, -2, 0.00, 0.00, 0.00,  0,  0,  0
2596919.21129060, 0.721931,    0,    2, -2, 0.00, 0.00, 0.00,  0,  0,  0
2596919.21379060, -0.490947,    0,    2, -2, 0.00, 0.00, 0.00,  0,  0,  0
2596919.21629060, -1.022245,    0,    2, -2, 0.00, 0.00, 0.00,  0,  0,  0
2596919.21879060, -1.022245,    0,    2, -2, 0.00, 0.00, 0.00,  0,  0,  0
2596919.22129060, -1.022245,    0,    2, -2, 0.00, 0.00, 0.00,  0,  0,  0
2596919.22379060, -0.804383,    0,    2, -2, 0.00, 0.00, 0.00,  0,  0,  0
2596919.22629060, -0.154823,    0,    2, -2, 0.00, 0.00, 0.00,  0,  0,  0
2596919.22879060, 0.494737,    0,    2, -2, 0.00, 0.00, 0.00,  0,  0,  0
2596919.23129060, 0.715034,    0,    2, -2, 0.00, 0.00, 0.00,  0,  0,  0
2596919.23379060, -0.776862,    0,    2, -2, 0.00, 0.00, 0.00,  0,  0,  0
2596919.23629060, -1.277138,    0,    2, -2, 0.00, 0.00, 0.00,  0,  0,  0
2596919.23879060, -1.125198,    0,    2, -2, 0.00, 0.00, 0.00,  0,  0,  0
2596919.24129060, -0.324967,    0,    2, -2, 0.00, 0.00, 0.00,  0,  0,  0
2596919.24379060, 0.926945,    0,    2, -2, 0.00, 0.00, 0.00,  0,  0,  0
2596919.24629060, 1.425950,    0,    2, -2, 0.00, 0.00, 0.00,  0,  0,  0
2596919.25129060, 0.642632,    0,    2, -2, 0.00, 0.00, 0.00,  0,  0,  0
2596919.25379060, -0.744753,    0,    2, -2, 0.00, 0.00, 0.00,  0,  0,  0
2596919.25629060, -1.439187,    0,    2, -2, 0.00, 0.00, 0.00,  0,  0,  0
2596919.25879060, -1.718040,    0,    2, -2, 0.00, 0.00, 0.00,  0,  0,  0
2596919.26129060, -0.477317,    0,    2, -2, 0.00, 0.00, 0.00,  0,  0,  0
2596919.26379060, 0.673274,    0,    2, -2, 0.00, 0.00, 0.00,  0,  0,  0
2596919.26629060, 1.147989,    0,    2, -2, 0.00, 0.00, 0.00,  0,  0,  0
2596919.26879060, 1.140913,    0,    2, -2, 0.00, 0.00, 0.00,  0,  0,  0
2596919.27129060, 0.397616,    0,    2, -2, 0.00, 0.00, 0.00,  0,  0,  0
2596919.27379060, -0.523083,    0,    2, -2, 0.00, 0.00, 0.00,  0,  0,  0
2596919.27629060, -0.904646,    0,    2, -2, 0.00, 0.00, 0.00,  0,  0,  0
2596919.27879060, -1.030466,    0,    2, -2, 0.00, 0.00, 0.00,  0,  0,  0
2596919.28129060, -1.260231,    0,    2, -2, 0.00, 0.00, 0.00,  0,  0,  0
2596919.28379060, -0.813493,    0,    2, -2, 0.00, 0.00, 0.00,  0,  0,  0
2596919.28629060, -0.120284,    0,    2, -2, 0.00, 0.00, 0.00,  0,  0,  0
2596919.28879060, 0.654207,    0,    2, -2, 0.00, 0.00, 0.00,  0,  0,  0
2596919.29129060, 0.839348,    0,    2, -2, 0.00, 0.00, 0.00,  0,  0,  0
2596919.29379060, 0.640461,    0,    2, -2, 0.00, 0.00, 0.00,  0,  0,  0
2596919.29629060, -0.193384,    0,    2, -2, 0.00, 0.00, 0.00,  0,  0,  0
2596919.29879060, -1.311147,    0,    2, -2, 0.00, 0.00, 0.00,  0,  0,  0
2596919.30129060, -0.038691,    0,    2, -2, 0.00, 0.00, 0.00,  0,  0,  0
2596919.30379060, 0.701178,    0,    2, -2, 0.00, 0.00, 0.00,  0,  0,  0
2596919.30629060, 1.313579,    0,    2, -2, 0.00, 0.00, 0.00,  0,  0,  0
2596919.30879060, 0.746331,    0,    2, -2, 0.00, 0.00, 0.00,  0,  0,  0
2596919.31129060, 0.143053,    0,    2, -2, 0.00, 0.00, 0.00,  0,  0,  0
2596919.31379060, -0.698983,    0,    2, -2, 0.00, 0.00, 0.00,  0,  0,  0
2596919.31629060, -1.282016,    0,    2, -2, 0.00, 0.00, 0.00,  0,  0,  0
2596919.31879060, -1.264879,    0,    2, -2, 0.00, 0.00, 0.00,  0,  0,  0
2596919.32129060, -0.968791,    0,    2, -2, 0.00, 0.00, 0.00,  0,  0,  0
2596919.32379060, 0.254025,    0,    2, -2, 0.00, 0.00, 0.00,  0,  0,  0
2596919.32629060, 1.502114,    0,    2, -2, 0.00, 0.00, 0.00,  0,  0,  0
2596919.32879060, 0.951148,    0,    2, -2, 0.00, 0.00, 0.00,  0,  0,  0
2596919.33129060, 0.185816,    0,    2, -2, 0.00, 0.00, 0.00,  0,  0,  0
2596919.33379060, -0.541659,    0,    2, -2, 0.00, 0.00, 0.00,  0,  0,  0
2596919.33629060, -1.385733,    0,    2, -2, 0.00, 0.00, 0.00,  0,  0,  0
2596919.33879060, -1.391877,    0,    2, -2, 0.00, 0.00, 0.00,  0,  0,  0
2596919.34129060, -1.402703,    0,    2, -2, 0.00, 0.00, 0.00,  0,  0,  0
2596919.34379060, -0.598912,    0,    2, -2, 0.00, 0.00, 0.00,  0,  0,  0
2596919.34629060, 0.687606,    0,    2, -2, 0.00, 0.00, 0.00,  0,  0,  0
2596919.34879060, 0.957715,    0,    2, -2, 0.00, 0.00, 0.00,  0,  0,  0
2596919.35129060, 0.916832,    0,    2, -2, 0.00, 0.00, 0.00,  0,  0,  0
2596919.35379060, 0.875949,    0,    2, -2, 0.00, 0.00, 0.00,  0,  0,  0
2596919.35629060, 0.055880,    0,    2, -2, 0.00, 0.00, 0.00,  0,  0,  0
2596919.35879060, -1.283077,    0,    2, -2, 0.00, 0.00, 0.00,  0,  0,  0
2596919.36129060, -0.248758,    0,    2, -2, 0.00, 0.00, 0.00,  0,  0,  0
2596919.36379060, 0.432584,    0,    2, -2, 0.00, 0.00, 0.00,  0,  0,  0
2596919.36629060, 0.973576,    0,    2, -2, 0.00, 0.00, 0.00,  0,  0,  0
2596919.36879060, 0.957777,    0,    2, -2, 0.00, 0.00, 0.00,  0,  0,  0
2596919.37129060, 0.474468,    0,    2, -2, 0.00, 0.00, 0.00,  0,  0,  0
2596919.37379060, -0.426895,    0,    2, -2, 0.00, 0.00, 0.00,  0,  0,  0
2596919.37629060, -1.332187,    0,    2, -2, 0.00, 0.00, 0.00,  0,  0,  0
2596919.37879060, -0.747291,    0,    2, -2, 0.00, 0.00, 0.00,  0,  0,  0
2596919.38129060, -0.156289,    0,    2, -2, 0.00, 0.00, 0.00,  0,  0,  0
2596919.38379060, 1.214764,    0,    2, -2, 0.00, 0.00, 0.00,  0,  0,  0
2596919.38629060, 2.028359,    0,    2, -2, 0.00, 0.00, 0.00,  0,  0,  0
2596919.38879060, 1.645206,    0,    2, -2, 0.00, 0.00, 0.00,  0,  0,  0
2596919.39129060, 1.087215,    0,    2, -2, 0.00, 0.00, 0.00,  0,  0,  0
2596919.39379060, 0.318892,    0,    2, -2, 0.00, 0.00, 0.00,  0,  0,  0
2596919.39629060, -0.777765,    0,    2, -2, 0.00, 0.00, 0.00,  0,  0,  0
2596919.39879060, -1.317349,    0,    2, -2, 0.00, 0.00, 0.00,  0,  0,  0
2596919.40129060, -1.507658,    0,    2, -2, 0.00, 0.00, 0.00,  0,  0,  0
2596919.40379060, -1.541705,    0,    2, -2, 0.00, 0.00, 0.00,  0,  0,  0
2596919.40629060, -0.471018,    0,    2, -2, 0.00, 0.00, 0.00,  0,  0,  0
2596919.40879060, 0.599669,    0,    2, -2, 0.00, 0.00, 0.00,  0,  0,  0
2596919.41129060, 0.842672,    0,    2, -2, 0.00, 0.00, 0.00,  0,  0,  0
2596919.41379060, 0.775679,    0,    2, -2, 0.00, 0.00, 0.00,  0,  0,  0
2596919.41629060, 0.192313,    0,    2, -2, 0.00, 0.00, 0.00,  0,  0,  0
2596919.41879060, -1.546170,    0,    2, -2, 0.00, 0.00, 0.00,  0,  0,  0
2596919.42129060, -0.680151,    0,    2, -2, 0.00, 0.00, 0.00,  0,  0,  0
2596919.42379060, 0.023723,    0,    2, -2, 0.00, 0.00, 0.00,  0,  0,  0
2596919.42629060, 0.885115,    0,    2, -2, 0.00, 0.00, 0.00,  0,  0,  0
2596919.42879060, 0.956437,    0,    2, -2, 0.00, 0.00, 0.00,  0,  0,  0
2596919.43129060, 0.387402,    0,    2, -2, 0.00, 0.00, 0.00,  0,  0,  0
2596919.43379060, -0.544029,    0,    2, -2, 0.00, 0.00, 0.00,  0,  0,  0
2596919.43629060, -1.059326,    0,    2, -2, 0.00, 0.00, 0.00,  0,  0,  0
2596919.43879060, -0.799453,    0,    2, -2, 0.00, 0.00, 0.00,  0,  0,  0
2596919.44129060, 0.191902,    0,    2, -2, 0.00, 0.00, 0.00,  0,  0,  0
2596919.44379060, 1.447086,    0,    2, -2, 0.00, 0.00, 0.00,  0,  0,  0
2596919.44629060, 1.800129,    0,    2, -2, 0.00, 0.00, 0.00,  0,  0,  0
2596919.44879060, 1.500389,    0,    2, -2, 0.00, 0.00, 0.00,  0,  0,  0
2596919.45129060, 0.673706,    0,    2, -2, 0.00, 0.00, 0.00,  0,  0,  0
2596919.45379060, -0.572102,    0,    2, -2, 0.00, 0.00, 0.00,  0,  0,  0
2596919.45629060, -1.526422,    0,    2, -2, 0.00, 0.00, 0.00,  0,  0,  0
2596919.45879060, -1.791983,    0,    2, -2, 0.00, 0.00, 0.00,  0,  0,  0
2596919.46129060, -1.328448,    0,    2, -2, 0.00, 0.00, 0.00,  0,  0,  0
2596919.46379060, -0.239756,    0,    2, -2, 0.00, 0.00, 0.00,  0,  0,  0
2596919.46629060, 1.069571,    0,    2, -2, 0.00, 0.00, 0.00,  0,  0,  0
2596919.46879060, 1.219478,    0,    2, -2, 0.00, 0.00, 0.00,  0,  0,  0
2596919.47129060, 1.174997,    0,    2, -2, 0.00, 0.00, 0.00,  0,  0,  0
2596919.47379060, 1.130516,    0,    2, -2, 0.00, 0.00, 0.00,  0,  0,  0
2596919.47629060, -0.728052,    0,    2, -2, 0.00, 0.00, 0.00,  0,  0,  0
2596919.47879060, -0.630588,    0,    2, -2, 0.00, 0.00, 0.00,  0,  0,  0
2596919.48129060, -0.016052,    0,    2, -2, 0.00, 0.00, 0.00,  0,  0,  0
2596919.48379060, 0.335488,    0,    2, -2, 0.00, 0.00, 0.00,  0,  0,  0
2596919.48629060, 0.729571,    0,    2, -2, 0.00, 0.00, 0.00,  0,  0,  0
2596919.48879060, 1.280781,    0,    2, -2, 0.00, 0.00, 0.00,  0,  0,  0
2596919.49129060, 0.952080,    0,    2, -2, 0.00, 0.00, 0.00,  0,  0,  0
2596919.49379060, -0.229594,    0,    2, -2, 0.00, 0.00, 0.00,  0,  0,  0
2596919.49629060, -0.929560,    0,    2, -2, 0.00, 0.00, 0.00,  0,  0,  0
2596919.49879060, -1.176437,    0,    2, -2, 0.00, 0.00, 0.00,  0,  0,  0
2596919.50129060, -0.313823,    0,    2, -2, 0.00, 0.00, 0.00,  0,  0,  0
2596919.50379060, 0.378251,    0,    2, -2, 0.00, 0.00, 0.00,  0,  0,  0
2596919.50629060, 0.867783,    0,    2, -2, 0.00, 0.00, 0.00,  0,  0,  0
2596919.50879060, 0.960817,    0,    2, -2, 0.00, 0.00, 0.00,  0,  0,  0
2596919.51129060, -0.065589,    0,    2, -2, 0.00, 0.00, 0.00,  0,  0,  0
2596919.51379060, -0.787047,    0,    2, -2, 0.00, 0.00, 0.00,  0,  0,  0
2596919.51629060, -1.249624,    0,    2, -2, 0.00, 0.00, 0.00,  0,  0,  0
2596919.51879060, -1.320354,    0,    2, -2, 0.00, 0.00, 0.00,  0,  0,  0
2596919.52129060, -0.444280,    0,    2, -2, 0.00, 0.00, 0.00,  0,  0,  0
2596919.52379060, 0.238643,    0,    2, -2, 0.00, 0.00, 0.00,  0,  0,  0
2596919.52629060, 1.408380,    0,    2, -2, 0.00, 0.00, 0.00,  0,  0,  0
2596919.52879060, 1.282174,    0,    2, -2, 0.00, 0.00, 0.00,  0,  0,  0
2596919.53129060, 1.028121,    0,    2, -2, 0.00, 0.00, 0.00,  0,  0,  0
2596919.53379060, 0.774068,    0,    2, -2, 0.00, 0.00, 0.00,  0,  0,  0
2596919.53629060, 0.520015,    0,    2, -2, 0.00, 0.00, 0.00,  0,  0,  0
2596919.53879060, -1.452832,    0,    2, -2, 0.00, 0.00, 0.00,  0,  0,  0
2596919.54129060, -1.368152,    0,    2, -2, 0.00, 0.00, 0.00,  0,  0,  0
2596919.54379060, -1.283471,    0,    2, -2, 0.00, 0.00, 0.00,  0,  0,  0
2596919.54629060, -1.198791,    0,    2, -2, 0.00, 0.00, 0.00,  0,  0,  0
2596919.54879060, 1.259736,    0,    2, -2, 0.00, 0.00, 0.00,  0,  0,  0
2596919.55129060, 0.979667,    0,    2, -2, 0.00, 0.00, 0.00,  0,  0,  0
2596919.55379060, 0.657629,    0,    2, -2, 0.00, 0.00, 0.00,  0,  0,  0
2596919.55629060, -0.370999,    0,    2, -2, 0.00, 0.00, 0.00,  0,  0,  0
2596919.55879060, -1.035074,    0,    2, -2, 0.00, 0.00, 0.00,  0,  0,  0
2596919.56129060, -0.888387,    0,    2, -2, 0.00, 0.00, 0.00,  0,  0,  0
2596919.56379060, 0.060634,    0,    2, -2, 0.00, 0.00, 0.00,  0,  0,  0
2596919.56879060, 1.201443,    0,    2, -2, 0.00, 0.00, 0.00,  0,  0,  0
2596919.57129060, 0.601388,    0,    2, -2, 0.00, 0.00, 0.00,  0,  0,  0
2596919.57379060, -0.530780,    0,    2, -2, 0.00, 0.00, 0.00,  0,  0,  0
2596919.57629060, -1.174038,    0,    2, -2, 0.00, 0.00, 0.00,  0,  0,  0
2596919.57879060, -1.141212,    0,    2, -2, 0.00, 0.00, 0.00,  0,  0,  0
2596919.58129060, -0.326378,    0,    2, -2, 0.00, 0.00, 0.00,  0,  0,  0
2596919.58379060, 0.434704,    0,    2, -2, 0.00, 0.00, 0.00,  0,  0,  0
2596919.58629060, 1.040686,    0,    2, -2, 0.00, 0.00, 0.00,  0,  0,  0
2596919.58879060, 1.393878,    0,    2, -2, 0.00, 0.00, 0.00,  0,  0,  0
2596919.59129060, 1.063381,    0,    2, -2, 0.00, 0.00, 0.00,  0,  0,  0
2596919.59379060, 0.437549,    0,    2, -2, 0.00, 0.00, 0.00,  0,  0,  0
2596919.59629060, -0.208235,    0,    2, -2, 0.00, 0.00, 0.00,  0,  0,  0
2596919.59879060, -0.755146,    0,    2, -2, 0.00, 0.00, 0.00,  0,  0,  0
2596919.60129060, -0.870724,    0,    2, -2, 0.00, 0.00, 0.00,  0,  0,  0
2596919.60379060, -0.986302,    0,    2, -2, 0.00, 0.00, 0.00,  0,  0,  0
2596919.60629060, -0.292073,    0,    2, -2, 0.00, 0.00, 0.00,  0,  0,  0
2596919.60879060, 1.361805,    0,    2, -2, 0.00, 0.00, 0.00,  0,  0,  0
2596919.61129060, 1.361805,    0,    2, -2, 0.00, 0.00, 0.00,  0,  0,  0
2596919.61379060, -0.510634,    0,    2, -2, 0.00, 0.00, 0.00,  0,  0,  0
2596919.61629060, -1.061646,    0,    2, -2, 0.00, 0.00, 0.00,  0,  0,  0
2596919.61879060, -1.316518,    0,    2, -2, 0.00, 0.00, 0.00,  0,  0,  0
2596919.62129060, -0.228182,    0,    2, -2, 0.00, 0.00, 0.00,  0,  0,  0
2596919.62629060, 1.234133,    0,    2, -2, 0.00, 0.00, 0.00,  0,  0,  0
2596919.62879060, 0.969652,    0,    2, -2, 0.00, 0.00, 0.00,  0,  0,  0
2596919.63129060, -0.006385,    0,    2, -2, 0.00, 0.00, 0.00,  0,  0,  0
2596919.63379060, -0.690830,    0,    2, -2, 0.00, 0.00, 0.00,  0,  0,  0
2596919.63629060, -1.110213,    0,    2, -2, 0.00, 0.00, 0.00,  0,  0,  0
2596919.63879060, -1.071178,    0,    2, -2, 0.00, 0.00, 0.00,  0,  0,  0
2596919.64129060, 0.073599,    0,    2, -2, 0.00, 0.00, 0.00,  0,  0,  0
2596919.64379060, 0.848647,    0,    2, -2, 0.00, 0.00, 0.00,  0,  0,  0
2596919.64629060, 1.102317,    0,    2, -2, 0.00, 0.00, 0.00,  0,  0,  0
2596919.64879060, 1.027402,    0,    2, -2, 0.00, 0.00, 0.00,  0,  0,  0
2596919.65129060, 0.276761,    0,    2, -2, 0.00, 0.00, 0.00,  0,  0,  0
2596919.65379060, 0.002978,    0,    2, -2, 0.00, 0.00, 0.00,  0,  0,  0
2596919.65629060, -0.250714,    0,    2, -2, 0.00, 0.00, 0.00,  0,  0,  0
2596919.65879060, -0.504405,    0,    2, -2, 0.00, 0.00, 0.00,  0,  0,  0
2596919.66129060, -0.289632,    0,    2, -2, 0.00, 0.00, 0.00,  0,  0,  0
2596919.66379060, 0.748841,    0,    2, -2, 0.00, 0.00, 0.00,  0,  0,  0
2596919.66629060, 1.214516,    0,    2, -2, 0.00, 0.00, 0.00,  0,  0,  0
2596919.66879060, 1.027655,    0,    2, -2, 0.00, 0.00, 0.00,  0,  0,  0
2596919.67129060, 0.758170,    0,    2, -2, 0.00, 0.00, 0.00,  0,  0,  0
2596919.67379060, 0.154504,    0,    2, -2, 0.00, 0.00, 0.00,  0,  0,  0
2596919.67629060, -1.227697,    0,    2, -2, 0.00, 0.00, 0.00,  0,  0,  0
2596919.67879060, -1.214680,    0,    2, -2, 0.00, 0.00, 0.00,  0,  0,  0
2596919.68129060, -0.377108,    0,    2, -2, 0.00, 0.00, 0.00,  0,  0,  0
2596919.68379060, 0.774824,    0,    2, -2, 0.00, 0.00, 0.00,  0,  0,  0
2596919.68629060, 1.386097,    0,    2, -2, 0.00, 0.00, 0.00,  0,  0,  0
2596919.68879060, 1.276279,    0,    2, -2, 0.00, 0.00, 0.00,  0,  0,  0
2596919.69129060, 0.489988,    0,    2, -2, 0.00, 0.00, 0.00,  0,  0,  0
2596919.69379060, -0.473002,    0,    2, -2, 0.00, 0.00, 0.00,  0,  0,  0
2596919.69629060, -0.974771,    0,    2, -2, 0.00, 0.00, 0.00,  0,  0,  0
2596919.69879060, -0.746202,    0,    2, -2, 0.00, 0.00, 0.00,  0,  0,  0
2596919.70129060, 0.235133,    0,    2, -2, 0.00, 0.00, 0.00,  0,  0,  0
2596919.70379060, 0.763120,    0,    2, -2, 0.00, 0.00, 0.00,  0,  0,  0
2596919.70629060, 0.991566,    0,    2, -2, 0.00, 0.00, 0.00,  0,  0,  0
2596919.70879060, 0.711159,    0,    2, -2, 0.00, 0.00, 0.00,  0,  0,  0
2596919.71129060, 0.121672,    0,    2, -2, 0.00, 0.00, 0.00,  0,  0,  0
2596919.71379060, -0.333073,    0,    2, -2, 0.00, 0.00, 0.00,  0,  0,  0
2596919.71629060, -0.784721,    0,    2, -2, 0.00, 0.00, 0.00,  0,  0,  0
2596919.71879060, -1.105218,    0,    2, -2, 0.00, 0.00, 0.00,  0,  0,  0
2596919.72129060, -1.050001,    0,    2, -2, 0.00, 0.00, 0.00,  0,  0,  0
2596919.72379060, -0.550734,    0,    2, -2, 0.00, 0.00, 0.00,  0,  0,  0
2596919.72629060, 0.448710,    0,    2, -2, 0.00, 0.00, 0.00,  0,  0,  0
2596919.72879060, 1.034399,    0,    2, -2, 0.00, 0.00, 0.00,  0,  0,  0
2596919.73129060, 0.210277,    0,    2, -2, 0.00, 0.00, 0.00,  0,  0,  0
2596919.73379060, -0.718013,    0,    2, -2, 0.00, 0.00, 0.00,  0,  0,  0
2596919.73629060, -1.140488,    0,    2, -2, 0.00, 0.00, 0.00,  0,  0,  0
2596919.73879060, -1.248757,    0,    2, -2, 0.00, 0.00, 0.00,  0,  0,  0
2596919.74129060, -0.658757,    0,    2, -2, 0.00, 0.00, 0.00,  0,  0,  0
2596919.74379060, 0.126072,    0,    2, -2, 0.00, 0.00, 0.00,  0,  0,  0
2596919.74879060, 1.160792,    0,    2, -2, 0.00, 0.00, 0.00,  0,  0,  0
2596919.75129060, 0.453087,    0,    2, -2, 0.00, 0.00, 0.00,  0,  0,  0
2596919.75379060, -0.671336,    0,    2, -2, 0.00, 0.00, 0.00,  0,  0,  0
2596919.75629060, -1.137503,    0,    2, -2, 0.00, 0.00, 0.00,  0,  0,  0
2596919.75879060, -0.735646,    0,    2, -2, 0.00, 0.00, 0.00,  0,  0,  0
2596919.76129060, -0.434250,    0,    2, -2, 0.00, 0.00, 0.00,  0,  0,  0
2596919.76379060, 0.276775,    0,    2, -2, 0.00, 0.00, 0.00,  0,  0,  0
2596919.76629060, 0.762827,    0,    2, -2, 0.00, 0.00, 0.00,  0,  0,  0
2596919.76879060, 1.129383,    0,    2, -2, 0.00, 0.00, 0.00,  0,  0,  0
2596919.77129060, 0.348684,    0,    2, -2, 0.00, 0.00, 0.00,  0,  0,  0
2596919.77379060, -0.457451,    0,    2, -2, 0.00, 0.00, 0.00,  0,  0,  0
2596919.77629060, -1.056572,    0,    2, -2, 0.00, 0.00, 0.00,  0,  0,  0
2596919.77879060, -1.297677,    0,    2, -2, 0.00, 0.00, 0.00,  0,  0,  0
2596919.78129060, -0.972730,    0,    2, -2, 0.00, 0.00, 0.00,  0,  0,  0
2596919.78379060, 0.064494,    0,    2, -2, 0.00, 0.00, 0.00,  0,  0,  0
2596919.78629060, 0.695027,    0,    2, -2, 0.00, 0.00, 0.00,  0,  0,  0
2596919.78879060, 0.872740,    0,    2, -2, 0.00, 0.00, 0.00,  0,  0,  0
2596919.79129060, 0.700063,    0,    2, -2, 0.00, 0.00, 0.00,  0,  0,  0
2596919.79379060, 0.221615,    0,    2, -2, 0.00, 0.00, 0.00,  0,  0,  0
2596919.79629060, -1.467107,    0,    2, -2, 0.00, 0.00, 0.00,  0,  0,  0
2596919.79879060, -1.396831,    0,    2, -2, 0.00, 0.00, 0.00,  0,  0,  0
2596919.80129060, -0.038543,    0,    2, -2, 0.00, 0.00, 0.00,  0,  0,  0
2596919.80379060, 0.702666,    0,    2, -2, 0.00, 0.00, 0.00,  0,  0,  0
2596919.80629060, 1.126608,    0,    2, -2, 0.00, 0.00, 0.00,  0,  0,  0
2596919.80879060, 1.172121,    0,    2, -2, 0.00, 0.00, 0.00,  0,  0,  0
2596919.81129060, 0.618865,    0,    2, -2, 0.00, 0.00, 0.00,  0,  0,  0
2596919.81379060, -0.681078,    0,    2, -2, 0.00, 0.00, 0.00,  0,  0,  0
2596919.81629060, -1.225370,    0,    2, -2, 0.00, 0.00, 0.00,  0,  0,  0
2596919.81879060, -1.489193,    0,    2, -2, 0.00, 0.00, 0.00,  0,  0,  0
2596919.82129060, -0.688149,    0,    2, -2, 0.00, 0.00, 0.00,  0,  0,  0
2596919.82379060, 0.793396,    0,    2, -2, 0.00, 0.00, 0.00,  0,  0,  0
2596919.82629060, 1.351115,    0,    2, -2, 0.00, 0.00, 0.00,  0,  0,  0
2596919.82879060, 1.168570,    0,    2, -2, 0.00, 0.00, 0.00,  0,  0,  0
2596919.83129060, 0.891410,    0,    2, -2, 0.00, 0.00, 0.00,  0,  0,  0
2596919.83379060, 0.652212,    0,    2, -2, 0.00, 0.00, 0.00,  0,  0,  0
2596919.83629060, 0.302426,    0,    2, -2, 0.00, 0.00, 0.00,  0,  0,  0
2596919.83879060, -0.047361,    0,    2, -2, 0.00, 0.00, 0.00,  0,  0,  0
2596919.84129060, -0.500336,    0,    2, -2, 0.00, 0.00, 0.00,  0,  0,  0
2596919.84379060, 0.596534,    0,    2, -2, 0.00, 0.00, 0.00,  0,  0,  0
2596919.84629060, 1.218340,    0,    2, -2, 0.00, 0.00, 0.00,  0,  0,  0
2596919.84879060, 1.093810,    0,    2, -2, 0.00, 0.00, 0.00,  0,  0,  0
2596919.85129060, 0.127798,    0,    2, -2, 0.00, 0.00, 0.00,  0,  0,  0
2596919.85379060, -0.670052,    0,    2, -2, 0.00, 0.00, 0.00,  0,  0,  0
2596919.85629060, -0.861387,    0,    2, -2, 0.00, 0.00, 0.00,  0,  0,  0
2596919.85879060, -0.928860,    0,    2, -2, 0.00, 0.00, 0.00,  0,  0,  0
2596919.86129060, -0.872574,    0,    2, -2, 0.00, 0.00, 0.00,  0,  0,  0
2596919.86379060, 0.057003,    0,    2, -2, 0.00, 0.00, 0.00,  0,  0,  0
2596919.86629060, 0.919408,    0,    2, -2, 0.00, 0.00, 0.00,  0,  0,  0
2596919.86879060, 0.796495,    0,    2, -2, 0.00, 0.00, 0.00,  0,  0,  0
2596919.87129060, 0.474468,    0,    2, -2, 0.00, 0.00, 0.00,  0,  0,  0
2596919.87379060, -0.453245,    0,    2, -2, 0.00, 0.00, 0.00,  0,  0,  0
2596919.87629060, -1.491869,    0,    2, -2, 0.00, 0.00, 0.00,  0,  0,  0
2596919.87879060, -1.322030,    0,    2, -2, 0.00, 0.00, 0.00,  0,  0,  0
2596919.88129060, -0.915337,    0,    2, -2, 0.00, 0.00, 0.00,  0,  0,  0
2596919.88379060, 0.124243,    0,    2, -2, 0.00, 0.00, 0.00,  0,  0,  0
2596919.88629060, 1.463757,    0,    2, -2, 0.00, 0.00, 0.00,  0,  0,  0
2596919.88879060, 1.333032,    0,    2, -2, 0.00, 0.00, 0.00,  0,  0,  0
2596919.89129060, 0.827265,    0,    2, -2, 0.00, 0.00, 0.00,  0,  0,  0
2596919.89379060, -0.285852,    0,    2, -2, 0.00, 0.00, 0.00,  0,  0,  0
2596919.89629060, -1.340195,    0,    2, -2, 0.00, 0.00, 0.00,  0,  0,  0
2596919.89879060, -1.403645,    0,    2, -2, 0.00, 0.00, 0.00,  0,  0,  0
2596919.90129060, -0.462104,    0,    2, -2, 0.00, 0.00, 0.00,  0,  0,  0
2596919.90379060, 0.948141,    0,    2, -2, 0.00, 0.00, 0.00,  0,  0,  0
2596919.90629060, 1.308351,    0,    2, -2, 0.00, 0.00, 0.00,  0,  0,  0
2596919.90879060, 1.308351,    0,    2, -2, 0.00, 0.00, 0.00,  0,  0,  0
2596919.91129060, 1.308351,    0,    2, -2, 0.00, 0.00, 0.00,  0,  0,  0
2596919.91379060, 0.693030,    0,    2, -2, 0.00, 0.00, 0.00,  0,  0,  0
2596919.91629060, -0.049754,    0,    2, -2, 0.00, 0.00, 0.00,  0,  0,  0
2596919.91879060, -0.523892,    0,    2, -2, 0.00, 0.00, 0.00,  0,  0,  0
2596919.92129060, -0.541035,    0,    2, -2, 0.00, 0.00, 0.00,  0,  0,  0
2596919.92379060, 0.093014,    0,    2, -2, 0.00, 0.00, 0.00,  0,  0,  0
2596919.92629060, 0.910433,    0,    2, -2, 0.00, 0.00, 0.00,  0,  0,  0
2596919.92879060, 0.979935,    0,    2, -2, 0.00, 0.00, 0.00,  0,  0,  0
2596919.93129060, 0.334637,    0,    2, -2, 0.00, 0.00, 0.00,  0,  0,  0
2596919.93379060, -0.384495,    0,    2, -2, 0.00, 0.00, 0.00,  0,  0,  0
2596919.93629060, -0.969715,    0,    2, -2, 0.00, 0.00, 0.00,  0,  0,  0
2596919.93879060, -1.380228,    0,    2, -2, 0.00, 0.00, 0.00,  0,  0,  0
2596919.94129060, -0.568534,    0,    2, -2, 0.00, 0.00, 0.00,  0,  0,  0
2596919.94379060, 0.461541,    0,    2, -2, 0.00, 0.00, 0.00,  0,  0,  0
2596919.94629060, 1.308164,    0,    2, -2, 0.00, 0.00, 0.00,  0,  0,  0
2596919.94879060, 1.220099,    0,    2, -2, 0.00, 0.00, 0.00,  0,  0,  0
2596919.95129060, 0.479987,    0,    2, -2, 0.00, 0.00, 0.00,  0,  0,  0
2596919.95379060, -0.843608,    0,    2, -2, 0.00, 0.00, 0.00,  0,  0,  0
2596919.95629060, -1.203989,    0,    2, -2, 0.00, 0.00, 0.00,  0,  0,  0
2596919.95879060, -1.320271,    0,    2, -2, 0.00, 0.00, 0.00,  0,  0,  0
2596919.96129060, -0.419816,    0,    2, -2, 0.00, 0.00, 0.00,  0,  0,  0
2596919.96379060, 0.545788,    0,    2, -2, 0.00, 0.00, 0.00,  0,  0,  0
2596919.96629060, 0.970264,    0,    2, -2, 0.00, 0.00, 0.00,  0,  0,  0
2596919.96879060, 1.205835,    0,    2, -2, 0.00, 0.00, 0.00,  0,  0,  0
2596919.97129060, 1.331258,    0,    2, -2, 0.00, 0.00, 0.00,  0,  0,  0
2596919.97379060, 0.612416,    0,    2, -2, 0.00, 0.00, 0.00,  0,  0,  0
2596919.97629060, -0.265232,    0,    2, -2, 0.00, 0.00, 0.00,  0,  0,  0
2596919.97879060, -1.105994,    0,    2, -2, 0.00, 0.00, 0.00,  0,  0,  0
2596919.98129060, -0.531608,    0,    2, -2, 0.00, 0.00, 0.00,  0,  0,  0
2596919.98379060, 0.095321,    0,    2, -2, 0.00, 0.00, 0.00,  0,  0,  0
2596919.98629060, 0.636412,    0,    2, -2, 0.00, 0.00, 0.00,  0,  0,  0
2596919.98879060, 0.977499,    0,    2, -2, 0.00, 0.00, 0.00,  0,  0,  0
2596919.99129060, 0.262177,    0,    2, -2, 0.00, 0.00, 0.00,  0,  0,  0
2596919.99379060, -0.637376,    0,    2, -2, 0.00, 0.00, 0.00,  0,  0,  0
2596919.99629060, -1.229252,    0,    2, -2, 0.00, 0.00, 0.00,  0,  0,  0
2596919.99879060, -1.320891,    0,    2, -2, 0.00, 0.00, 0.00,  0,  0,  0
2596920.00129060, -0.562902,    0,    2, -2, 0.00, 0.00, 0.00,  0,  0,  0
2596920.00379060, 0.576045,    0,    2, -2, 0.00, 0.00, 0.00,  0,  0,  0
2596920.00629060, 1.610868,    0,    2, -2, 0.00, 0.00, 0.00,  0,  0,  0
2596920.00879060, 1.350771,    0,    2, -2, 0.00, 0.00, 0.00,  0,  0,  0
2596920.01129060, 0.333529,    0,    2, -2, 0.00, 0.00, 0.00,  0,  0,  0
2596920.01379060, -1.084509,    0,    2, -2, 0.00, 0.00, 0.00,  0,  0,  0
2596920.01629060, -1.524713,    0,    2, -2, 0.00, 0.00, 0.00,  0,  0,  0
2596920.01879060, -1.696003,    0,    2, -2, 0.00, 0.00, 0.00,  0,  0,  0
2596920.02129060, -1.197867,    0,    2, -2, 0.00, 0.00, 0.00,  0,  0,  0
2596920.02379060, 0.014763,    0,    2, -2, 0.00, 0.00, 0.00,  0,  0,  0
2596920.02629060, 0.588075,    0,    2, -2, 0.00, 0.00, 0.00,  0,  0,  0
2596920.02879060, 1.235769,    0,    2, -2, 0.00, 0.00, 0.00,  0,  0,  0
2596920.03129060, 1.449928,    0,    2, -2, 0.00, 0.00, 0.00,  0,  0,  0
2596920.03379060, 1.021138,    0,    2, -2, 0.00, 0.00, 0.00,  0,  0,  0
2596920.03629060, -0.018211,    0,    2, -2, 0.00, 0.00, 0.00,  0,  0,  0
2596920.03879060, -0.915385,    0,    2, -2, 0.00, 0.00, 0.00,  0,  0,  0
2596920.04129060, -0.753052,    0,    2, -2, 0.00, 0.00, 0.00,  0,  0,  0
2596920.04379060, -0.056686,    0,    2, -2, 0.00, 0.00, 0.00,  0,  0,  0
2596920.04629060, 0.501424,    0,    2, -2, 0.00, 0.00, 0.00,  0,  0,  0
2596920.04879060, 0.968507,    0,    2, -2, 0.00, 0.00, 0.00,  0,  0,  0
2596920.05129060, 0.451842,    0,    2, -2, 0.00, 0.00, 0.00,  0,  0,  0
2596920.05379060, -0.520547,    0,    2, -2, 0.00, 0.00, 0.00,  0,  0,  0
2596920.05629060, -0.807031,    0,    2, -2, 0.00, 0.00, 0.00,  0,  0,  0
2596920.05879060, -0.979482,    0,    2, -2, 0.00, 0.00, 0.00,  0,  0,  0
2596920.06129060, -0.480762,    0,    2, -2, 0.00, 0.00, 0.00,  0,  0,  0
2596920.06379060, 0.689033,    0,    2, -2, 0.00, 0.00, 0.00,  0,  0,  0
2596920.06629060, 1.017386,    0,    2, -2, 0.00, 0.00, 0.00,  0,  0,  0
2596920.06879060, 0.947628,    0,    2, -2, 0.00, 0.00, 0.00,  0,  0,  0
2596920.07129060, -0.047816,    0,    2, -2, 0.00, 0.00, 0.00,  0,  0,  0
2596920.07379060, -0.904646,    0,    2, -2, 0.00, 0.00, 0.00,  0,  0,  0
2596920.07629060, -1.411745,    0,    2, -2, 0.00, 0.00, 0.00,  0,  0,  0
2596920.07879060, -1.392593,    0,    2, -2, 0.00, 0.00, 0.00,  0,  0,  0
2596920.08129060, -0.532060,    0,    2, -2, 0.00, 0.00, 0.00,  0,  0,  0
2596920.08379060, 0.752429,    0,    2, -2, 0.00, 0.00, 0.00,  0,  0,  0
2596920.08629060, 1.482351,    0,    2, -2, 0.00, 0.00, 0.00,  0,  0,  0
2596920.08879060, 1.551009,    0,    2, -2, 0.00, 0.00, 0.00,  0,  0,  0
2596920.09129060, 1.435216,    0,    2, -2, 0.00, 0.00, 0.00,  0,  0,  0
2596920.09379060, 1.319422,    0,    2, -2, 0.00, 0.00, 0.00,  0,  0,  0
2596920.09629060, -0.081418,    0,    2, -2, 0.00, 0.00, 0.00,  0,  0,  0
2596920.09879060, -1.278752,    0,    2, -2, 0.00, 0.00, 0.00,  0,  0,  0
2596920.10129060, -0.913756,    0,    2, -2, 0.00, 0.00, 0.00,  0,  0,  0
2596920.10379060, 0.131260,    0,    2, -2, 0.00, 0.00, 0.00,  0,  0,  0
2596920.10629060, 1.169437,    0,    2, -2, 0.00, 0.00, 0.00,  0,  0,  0
2596920.10879060, 1.293646,    0,    2, -2, 0.00, 0.00, 0.00,  0,  0,  0
2596920.11129060, 0.820519,    0,    2, -2, 0.00, 0.00, 0.00,  0,  0,  0
2596920.11379060, -0.215873,    0,    2, -2, 0.00, 0.00, 0.00,  0,  0,  0
2596920.11629060, -1.434062,    0,    2, -2, 0.00, 0.00, 0.00,  0,  0,  0
2596920.11879060, -1.610240,    0,    2, -2, 0.00, 0.00, 0.00,  0,  0,  0
2596920.12129060, -0.629629,    0,    2, -2, 0.00, 0.00, 0.00,  0,  0,  0
2596920.12379060, 0.582918,    0,    2, -2, 0.00, 0.00, 0.00,  0,  0,  0
2596920.12629060, 1.088329,    0,    2, -2, 0.00, 0.00, 0.00,  0,  0,  0
2596920.12879060, 0.870028,    0,    2, -2, 0.00, 0.00, 0.00,  0,  0,  0
2596920.13129060, 0.280987,    0,    2, -2, 0.00, 0.00, 0.00,  0,  0,  0
2596920.13379060, -0.752506,    0,    2, -2, 0.00, 0.00, 0.00,  0,  0,  0
2596920.13629060, -1.287446,    0,    2, -2, 0.00, 0.00, 0.00,  0,  0,  0
2596920.13879060, -1.471259,    0,    2, -2, 0.00, 0.00, 0.00,  0,  0,  0
2596920.14129060, -1.471259,    0,    2, -2, 0.00, 0.00, 0.00,  0,  0,  0
2596920.14379060, 0.451408,    0,    2, -2, 0.00, 0.00, 0.00,  0,  0,  0
2596920.14629060, 1.317008,    0,    2, -2, 0.00, 0.00, 0.00,  0,  0,  0
2596920.14879060, 1.309920,    0,    2, -2, 0.00, 0.00, 0.00,  0,  0,  0
2596920.15129060, 1.302832,    0,    2, -2, 0.00, 0.00, 0.00,  0,  0,  0
2596920.15379060, 0.479280,    0,    2, -2, 0.00, 0.00, 0.00,  0,  0,  0
2596920.15629060, -1.657439,    0,    2, -2, 0.00, 0.00, 0.00,  0,  0,  0
2596920.15879060, -1.353732,    0,    2, -2, 0.00, 0.00, 0.00,  0,  0,  0
2596920.16129060, -0.658925,    0,    2, -2, 0.00, 0.00, 0.00,  0,  0,  0
2596920.16379060, 0.400044,    0,    2, -2, 0.00, 0.00, 0.00,  0,  0,  0
2596920.16629060, 1.043801,    0,    2, -2, 0.00, 0.00, 0.00,  0,  0,  0
2596920.16879060, 1.345371,    0,    2, -2, 0.00, 0.00, 0.00,  0,  0,  0
2596920.17129060, 1.334201,    0,    2, -2, 0.00, 0.00, 0.00,  0,  0,  0
2596920.17379060, -0.269971,    0,    2, -2, 0.00, 0.00, 0.00,  0,  0,  0
2596920.17629060, -1.094540,    0,    2, -2, 0.00, 0.00, 0.00,  0,  0,  0
2596920.17879060, -0.987923,    0,    2, -2, 0.00, 0.00, 0.00,  0,  0,  0
2596920.18129060, -0.039408,    0,    2, -2, 0.00, 0.00, 0.00,  0,  0,  0
2596920.18379060, 0.779046,    0,    2, -2, 0.00, 0.00, 0.00,  0,  0,  0
2596920.18629060, 1.269788,    0,    2, -2, 0.00, 0.00, 0.00,  0,  0,  0
2596920.18879060, 1.201443,    0,    2, -2, 0.00, 0.00, 0.00,  0,  0,  0
2596920.19129060, 0.551478,    0,    2, -2, 0.00, 0.00, 0.00,  0,  0,  0
2596920.19379060, -0.523631,    0,    2, -2, 0.00, 0.00, 0.00,  0,  0,  0
2596920.19629060, -1.388200,    0,    2, -2, 0.00, 0.00, 0.00,  0,  0,  0
2596920.19879060, -1.439187,    0,    2, -2, 0.00, 0.00, 0.00,  0,  0,  0
2596920.20129060, -0.585888,    0,    2, -2, 0.00, 0.00, 0.00,  0,  0,  0
2596920.20379060, 0.377591,    0,    2, -2, 0.00, 0.00, 0.00,  0,  0,  0
2596920.20629060, 1.324694,    0,    2, -2, 0.00, 0.00, 0.00,  0,  0,  0
2596920.20879060, 1.177019,    0,    2, -2, 0.00, 0.00, 0.00,  0,  0,  0
2596920.21129060, 0.591241,    0,    2, -2, 0.00, 0.00, 0.00,  0,  0,  0
2596920.21379060, -0.117026,    0,    2, -2, 0.00, 0.00, 0.00,  0,  0,  0
2596920.21629060, -1.392209,    0,    2, -2, 0.00, 0.00, 0.00,  0,  0,  0
2596920.21879060, -1.480516,    0,    2, -2, 0.00, 0.00, 0.00,  0,  0,  0
2596920.22129060, -1.147806,    0,    2, -2, 0.00, 0.00, 0.00,  0,  0,  0
2596920.22379060, -0.815096,    0,    2, -2, 0.00, 0.00, 0.00,  0,  0,  0
2596920.22629060, -0.326762,    0,    2, -2, 0.00, 0.00, 0.00,  0,  0,  0
2596920.22879060, 0.340022,    0,    2, -2, 0.00, 0.00, 0.00,  0,  0,  0
2596920.23129060, 1.006806,    0,    2, -2, 0.00, 0.00, 0.00,  0,  0,  0
2596920.23379060, 0.579733,    0,    2, -2, 0.00, 0.00, 0.00,  0,  0,  0
2596920.23629060, -1.663694,    0,    2, -2, 0.00, 0.00, 0.00,  0,  0,  0
2596920.23879060, -1.640996,    0,    2, -2, 0.00, 0.00, 0.00,  0,  0,  0
2596920.24129060, -0.627851,    0,    2, -2, 0.00, 0.00, 0.00,  0,  0,  0
2596920.24379060, 0.185816,    0,    2, -2, 0.00, 0.00, 0.00,  0,  0,  0
2596920.24629060, 0.802733,    0,    2, -2, 0.00, 0.00, 0.00,  0,  0,  0
2596920.24879060, 0.938715,    0,    2, -2, 0.00, 0.00, 0.00,  0,  0,  0
2596920.25129060, 0.330003,    0,    2, -2, 0.00, 0.00, 0.00,  0,  0,  0
2596920.25379060, -0.695440,    0,    2, -2, 0.00, 0.00, 0.00,  0,  0,  0
2596920.25629060, -1.204842,    0,    2, -2, 0.00, 0.00, 0.00,  0,  0,  0
2596920.25879060, -0.997001,    0,    2, -2, 0.00, 0.00, 0.00,  0,  0,  0
2596920.26129060, -0.164433,    0,    2, -2, 0.00, 0.00, 0.00,  0,  0,  0
2596920.26379060, 0.512192,    0,    2, -2, 0.00, 0.00, 0.00,  0,  0,  0
2596920.26629060, 1.126037,    0,    2, -2, 0.00, 0.00, 0.00,  0,  0,  0
2596920.26879060, 1.169371,    0,    2, -2, 0.00, 0.00, 0.00,  0,  0,  0
2596920.27129060, 0.300860,    0,    2, -2, 0.00, 0.00, 0.00,  0,  0,  0
2596920.27379060, -0.557424,    0,    2, -2, 0.00, 0.00, 0.00,  0,  0,  0
2596920.27629060, -1.148909,    0,    2, -2, 0.00, 0.00, 0.00,  0,  0,  0
2596920.27879060, -0.935440,    0,    2, -2, 0.00, 0.00, 0.00,  0,  0,  0
2596920.28129060, -0.728961,    0,    2, -2, 0.00, 0.00, 0.00,  0,  0,  0
2596920.28379060, -0.522482,    0,    2, -2, 0.00, 0.00, 0.00,  0,  0,  0
2596920.28629060, -0.285131,    0,    2, -2, 0.00, 0.00, 0.00,  0,  0,  0
2596920.28879060, 0.483476,    0,    2, -2, 0.00, 0.00, 0.00,  0,  0,  0
2596920.29129060, 1.252083,    0,    2, -2, 0.00, 0.00, 0.00,  0,  0,  0
2596920.29379060, -0.182535,    0,    2, -2, 0.00, 0.00, 0.00,  0,  0,  0
2596920.29629060, -1.249284,    0,    2, -2, 0.00, 0.00, 0.00,  0,  0,  0
2596920.29879060, -1.385400,    0,    2, -2, 0.00, 0.00, 0.00,  0,  0,  0
2596920.30129060, -0.954691,    0,    2, -2, 0.00, 0.00, 0.00,  0,  0,  0
2596920.30379060, 0.175104,    0,    2, -2, 0.00, 0.00, 0.00,  0,  0,  0
2596920.30629060, 1.478271,    0,    2, -2, 0.00, 0.00, 0.00,  0,  0,  0
2596920.30879060, 1.206256,    0,    2, -2, 0.00, 0.00, 0.00,  0,  0,  0
2596920.31129060, 0.720357,    0,    2, -2, 0.00, 0.00, 0.00,  0,  0,  0
2596920.31379060, -0.065148,    0,    2, -2, 0.00, 0.00, 0.00,  0,  0,  0
2596920.31629060, -1.294681,    0,    2, -2, 0.00, 0.00, 0.00,  0,  0,  0
2596920.31879060, -1.807607,    0,    2, -2, 0.00, 0.00, 0.00,  0,  0,  0
2596920.32129060, -1.222792,    0,    2, -2, 0.00, 0.00, 0.00,  0,  0,  0
2596920.32379060, -0.313192,    0,    2, -2, 0.00, 0.00, 0.00,  0,  0,  0
2596920.32629060, 0.793385,    0,    2, -2, 0.00, 0.00, 0.00,  0,  0,  0
2596920.32879060, 0.999409,    0,    2, -2, 0.00, 0.00, 0.00,  0,  0,  0
2596920.33129060, 0.442396,    0,    2, -2, 0.00, 0.00, 0.00,  0,  0,  0
2596920.33379060, -0.077434,    0,    2, -2, 0.00, 0.00, 0.00,  0,  0,  0
2596920.33629060, -0.897831,    0,    2, -2, 0.00, 0.00, 0.00,  0,  0,  0
2596920.33879060, -1.040646,    0,    2, -2, 0.00, 0.00, 0.00,  0,  0,  0
2596920.34129060, -0.530829,    0,    2, -2, 0.00, 0.00, 0.00,  0,  0,  0
2596920.34379060, -0.221942,    0,    2, -2, 0.00, 0.00, 0.00,  0,  0,  0
2596920.34629060, 0.086945,    0,    2, -2, 0.00, 0.00, 0.00,  0,  0,  0
2596920.34879060, 0.403849,    0,    2, -2, 0.00, 0.00, 0.00,  0,  0,  0
2596920.35129060, 0.592067,    0,    2, -2, 0.00, 0.00, 0.00,  0,  0,  0
2596920.35379060, 0.592067,    0,    2, -2, 0.00, 0.00, 0.00,  0,  0,  0
2596920.35629060, 0.592067,    0,    2, -2, 0.00, 0.00, 0.00,  0,  0,  0
2596920.35879060, -0.739099,    0,    2, -2, 0.00, 0.00, 0.00,  0,  0,  0
2596920.36129060, -0.798341,    0,    2, -2, 0.00, 0.00, 0.00,  0,  0,  0
2596920.36379060, 0.040482,    0,    2, -2, 0.00, 0.00, 0.00,  0,  0,  0
2596920.36629060, 1.105226,    0,    2, -2, 0.00, 0.00, 0.00,  0,  0,  0
2596920.36879060, 1.105226,    0,    2, -2, 0.00, 0.00, 0.00,  0,  0,  0
2596920.37129060, 0.883719,    0,    2, -2, 0.00, 0.00, 0.00,  0,  0,  0
2596920.37379060, -0.596545,    0,    2, -2, 0.00, 0.00, 0.00,  0,  0,  0
2596920.37629060, -1.492641,    0,    2, -2, 0.00, 0.00, 0.00,  0,  0,  0
2596920.37879060, -1.555301,    0,    2, -2, 0.00, 0.00, 0.00,  0,  0,  0
2596920.38129060, -0.358731,    0,    2, -2, 0.00, 0.00, 0.00,  0,  0,  0
2596920.38379060, 0.884581,    0,    2, -2, 0.00, 0.00, 0.00,  0,  0,  0
2596920.38629060, 1.468714,    0,    2, -2, 0.00, 0.00, 0.00,  0,  0,  0
2596920.38879060, 1.558649,    0,    2, -2, 0.00, 0.00, 0.00,  0,  0,  0
2596920.39129060, 0.799284,    0,    2, -2, 0.00, 0.00, 0.00,  0,  0,  0
2596920.39379060, -0.310632,    0,    2, -2, 0.00, 0.00, 0.00,  0,  0,  0
2596920.39629060, -0.764920,    0,    2, -2, 0.00, 0.00, 0.00,  0,  0,  0
2596920.39879060, -1.064820,    0,    2, -2, 0.00, 0.00, 0.00,  0,  0,  0
2596920.40129060, -0.527084,    0,    2, -2, 0.00, 0.00, 0.00,  0,  0,  0
2596920.40379060, -0.240787,    0,    2, -2, 0.00, 0.00, 0.00,  0,  0,  0
2596920.40629060, 0.045511,    0,    2, -2, 0.00, 0.00, 0.00,  0,  0,  0
2596920.40879060, 0.331809,    0,    2, -2, 0.00, 0.00, 0.00,  0,  0,  0
2596920.41129060, 0.618106,    0,    2, -2, 0.00, 0.00, 0.00,  0,  0,  0
2596920.41379060, 0.025725,    0,    2, -2, 0.00, 0.00, 0.00,  0,  0,  0
2596920.41629060, -1.139844,    0,    2, -2, 0.00, 0.00, 0.00,  0,  0,  0
2596920.41879060, -1.139844,    0,    2, -2, 0.00, 0.00, 0.00,  0,  0,  0
2596920.42129060, -1.139844,    0,    2, -2, 0.00, 0.00, 0.00,  0,  0,  0
2596920.42379060, 0.119208,    0,    2, -2, 0.00, 0.00, 0.00,  0,  0,  0
2596920.42629060, 1.564931,    0,    2, -2, 0.00, 0.00, 0.00,  0,  0,  0
2596920.42879060, 1.287715,    0,    2, -2, 0.00, 0.00, 0.00,  0,  0,  0
2596920.43129060, 0.806083,    0,    2, -2, 0.00, 0.00, 0.00,  0,  0,  0
2596920.43379060, -0.571247,    0,    2, -2, 0.00, 0.00, 0.00,  0,  0,  0
2596920.43629060, -1.709957,    0,    2, -2, 0.00, 0.00, 0.00,  0,  0,  0
2596920.43879060, -1.478707,    0,    2, -2, 0.00, 0.00, 0.00,  0,  0,  0
2596920.44379060, 0.133340,    0,    2, -2, 0.00, 0.00, 0.00,  0,  0,  0
2596920.44629060, 1.363890,    0,    2, -2, 0.00, 0.00, 0.00,  0,  0,  0
2596920.44879060, 1.273370,    0,    2, -2, 0.00, 0.00, 0.00,  0,  0,  0
2596920.45129060, 0.998318,    0,    2, -2, 0.00, 0.00, 0.00,  0,  0,  0
2596920.45379060, 0.201345,    0,    2, -2, 0.00, 0.00, 0.00,  0,  0,  0
2596920.45629060, -0.351744,    0,    2, -2, 0.00, 0.00, 0.00,  0,  0,  0
2596920.45879060, -0.698943,    0,    2, -2, 0.00, 0.00, 0.00,  0,  0,  0
2596920.46129060, -0.391487,    0,    2, -2, 0.00, 0.00, 0.00,  0,  0,  0
2596920.46379060, 0.478999,    0,    2, -2, 0.00, 0.00, 0.00,  0,  0,  0
2596920.46629060, 0.846458,    0,    2, -2, 0.00, 0.00, 0.00,  0,  0,  0
2596920.46879060, 1.125651,    0,    2, -2, 0.00, 0.00, 0.00,  0,  0,  0
2596920.47129060, 1.064469,    0,    2, -2, 0.00, 0.00, 0.00,  0,  0,  0
2596920.47379060, 0.632171,    0,    2, -2, 0.00, 0.00, 0.00,  0,  0,  0
2596920.47629060, 0.230978,    0,    2, -2, 0.00, 0.00, 0.00,  0,  0,  0
2596920.47879060, -0.170215,    0,    2, -2, 0.00, 0.00, 0.00,  0,  0,  0
2596920.48129060, -0.880010,    0,    2, -2, 0.00, 0.00, 0.00,  0,  0,  0
2596920.48379060, -0.250856,    0,    2, -2, 0.00, 0.00, 0.00,  0,  0,  0
2596920.48629060, 0.348029,    0,    2, -2, 0.00, 0.00, 0.00,  0,  0,  0
2596920.48879060, 0.858461,    0,    2, -2, 0.00, 0.00, 0.00,  0,  0,  0
2596920.49129060, 0.402992,    0,    2, -2, 0.00, 0.00, 0.00,  0,  0,  0
2596920.49379060, -0.961492,    0,    2, -2, 0.00, 0.00, 0.00,  0,  0,  0
2596920.49629060, -1.491660,    0,    2, -2, 0.00, 0.00, 0.00,  0,  0,  0
2596920.49879060, -0.983680,    0,    2, -2, 0.00, 0.00, 0.00,  0,  0,  0
2596920.50129060, -0.583922,    0,    2, -2, 0.00, 0.00, 0.00,  0,  0,  0
2596920.50379060, 0.337805,    0,    2, -2, 0.00, 0.00, 0.00,  0,  0,  0
2596920.50629060, 1.417327,    0,    2, -2, 0.00, 0.00, 0.00,  0,  0,  0
2596920.50879060, 1.040585,    0,    2, -2, 0.00, 0.00, 0.00,  0,  0,  0
2596920.51129060, 0.495850,    0,    2, -2, 0.00, 0.00, 0.00,  0,  0,  0
2596920.51379060, -0.607730,    0,    2, -2, 0.00, 0.00, 0.00,  0,  0,  0
2596920.51629060, -1.385389,    0,    2, -2, 0.00, 0.00, 0.00,  0,  0,  0
2596920.52129060, -0.769305,    0,    2, -2, 0.00, 0.00, 0.00,  0,  0,  0
2596920.52379060, 0.443707,    0,    2, -2, 0.00, 0.00, 0.00,  0,  0,  0
2596920.52629060, 0.741497,    0,    2, -2, 0.00, 0.00, 0.00,  0,  0,  0
2596920.52879060, 0.989289,    0,    2, -2, 0.00, 0.00, 0.00,  0,  0,  0
2596920.53129060, 1.237080,    0,    2, -2, 0.00, 0.00, 0.00,  0,  0,  0
2596920.53379060, 0.798513,    0,    2, -2, 0.00, 0.00, 0.00,  0,  0,  0
2596920.53629060, 0.137845,    0,    2, -2, 0.00, 0.00, 0.00,  0,  0,  0
2596920.53879060, -0.622614,    0,    2, -2, 0.00, 0.00, 0.00,  0,  0,  0
2596920.54129060, -0.670408,    0,    2, -2, 0.00, 0.00, 0.00,  0,  0,  0
2596920.54379060, 0.135297,    0,    2, -2, 0.00, 0.00, 0.00,  0,  0,  0
2596920.54629060, 0.976088,    0,    2, -2, 0.00, 0.00, 0.00,  0,  0,  0
2596920.54879060, 1.154409,    0,    2, -2, 0.00, 0.00, 0.00,  0,  0,  0
2596920.55129060, 0.888451,    0,    2, -2, 0.00, 0.00, 0.00,  0,  0,  0
2596920.55379060, -0.325891,    0,    2, -2, 0.00, 0.00, 0.00,  0,  0,  0
2596920.55629060, -1.084864,    0,    2, -2, 0.00, 0.00, 0.00,  0,  0,  0
2596920.55879060, -1.538990,    0,    2, -2, 0.00, 0.00, 0.00,  0,  0,  0
2596920.56129060, -0.396769,    0,    2, -2, 0.00, 0.00, 0.00,  0,  0,  0
2596920.56379060, 0.861148,    0,    2, -2, 0.00, 0.00, 0.00,  0,  0,  0
2596920.56629060, 1.381426,    0,    2, -2, 0.00, 0.00, 0.00,  0,  0,  0
2596920.56879060, 1.041004,    0,    2, -2, 0.00, 0.00, 0.00,  0,  0,  0
2596920.57129060, 0.113750,    0,    2, -2, 0.00, 0.00, 0.00,  0,  0,  0
2596920.57379060, -1.225487,    0,    2, -2, 0.00, 0.00, 0.00,  0,  0,  0
2596920.57629060, -1.695766,    0,    2, -2, 0.00, 0.00, 0.00,  0,  0,  0
2596920.57879060, -1.647071,    0,    2, -2, 0.00, 0.00, 0.00,  0,  0,  0
2596920.58129060, -1.516320,    0,    2, -2, 0.00, 0.00, 0.00,  0,  0,  0
2596920.58379060, 0.104283,    0,    2, -2, 0.00, 0.00, 0.00,  0,  0,  0
2596920.58629060, 1.019042,    0,    2, -2, 0.00, 0.00, 0.00,  0,  0,  0
2596920.58879060, 1.170248,    0,    2, -2, 0.00, 0.00, 0.00,  0,  0,  0
2596920.59129060, 1.197179,    0,    2, -2, 0.00, 0.00, 0.00,  0,  0,  0
2596920.59379060, 1.224109,    0,    2, -2, 0.00, 0.00, 0.00,  0,  0,  0
2596920.59629060, -0.969695,    0,    2, -2, 0.00, 0.00, 0.00,  0,  0,  0
2596920.59879060, -1.621666,    0,    2, -2, 0.00, 0.00, 0.00,  0,  0,  0
2596920.60129060, -1.597567,    0,    2, -2, 0.00, 0.00, 0.00,  0,  0,  0
2596920.60379060, -1.415173,    0,    2, -2, 0.00, 0.00, 0.00,  0,  0,  0
2596920.60629060, -1.210394,    0,    2, -2, 0.00, 0.00, 0.00,  0,  0,  0
2596920.60879060, 0.215564,    0,    2, -2, 0.00, 0.00, 0.00,  0,  0,  0
2596920.61129060, 0.656762,    0,    2, -2, 0.00, 0.00, 0.00,  0,  0,  0
2596920.61379060, 0.001195,    0,    2, -2, 0.00, 0.00, 0.00,  0,  0,  0
2596920.61629060, -1.567848,    0,    2, -2, 0.00, 0.00, 0.00,  0,  0,  0
2596920.61879060, -1.300206,    0,    2, -2, 0.00, 0.00, 0.00,  0,  0,  0
2596920.62129060, -0.647035,    0,    2, -2, 0.00, 0.00, 0.00,  0,  0,  0
2596920.62629060, 1.098020,    0,    2, -2, 0.00, 0.00, 0.00,  0,  0,  0
2596920.62879060, 1.201443,    0,    2, -2, 0.00, 0.00, 0.00,  0,  0,  0
2596920.63129060, 0.642832,    0,    2, -2, 0.00, 0.00, 0.00,  0,  0,  0
2596920.63379060, -0.648584,    0,    2, -2, 0.00, 0.00, 0.00,  0,  0,  0
2596920.63629060, -1.116231,    0,    2, -2, 0.00, 0.00, 0.00,  0,  0,  0
2596920.63879060, -1.225370,    0,    2, -2, 0.00, 0.00, 0.00,  0,  0,  0
2596920.64129060, -0.894458,    0,    2, -2, 0.00, 0.00, 0.00,  0,  0,  0
2596920.64379060, 0.741739,    0,    2, -2, 0.00, 0.00, 0.00,  0,  0,  0
2596920.64629060, 1.534102,    0,    2, -2, 0.00, 0.00, 0.00,  0,  0,  0
2596920.64879060, 1.789802,    0,    2, -2, 0.00, 0.00, 0.00,  0,  0,  0
2596920.65129060, 1.889895,    0,    2, -2, 0.00, 0.00, 0.00,  0,  0,  0
2596920.65379060, 1.784319,    0,    2, -2, 0.00, 0.00, 0.00,  0,  0,  0
2596920.65629060, 0.789734,    0,    2, -2, 0.00, 0.00, 0.00,  0,  0,  0
2596920.65879060, -0.204852,    0,    2, -2, 0.00, 0.00, 0.00,  0,  0,  0
2596920.66129060, -1.199437,    0,    2, -2, 0.00, 0.00, 0.00,  0,  0,  0
2596920.66379060, 0.282560,    0,    2, -2, 0.00, 0.00, 0.00,  0,  0,  0
2596920.66629060, 0.426373,    0,    2, -2, 0.00, 0.00, 0.00,  0,  0,  0
2596920.66879060, 0.582223,    0,    2, -2, 0.00, 0.00, 0.00,  0,  0,  0
2596920.67129060, 0.753235,    0,    2, -2, 0.00, 0.00, 0.00,  0,  0,  0
2596920.67379060, -0.425871,    0,    2, -2, 0.00, 0.00, 0.00,  0,  0,  0
2596920.67629060, -0.783700,    0,    2, -2, 0.00, 0.00, 0.00,  0,  0,  0
2596920.67879060, -0.680139,    0,    2, -2, 0.00, 0.00, 0.00,  0,  0,  0
2596920.68129060, -0.372547,    0,    2, -2, 0.00, 0.00, 0.00,  0,  0,  0
2596920.68379060, 0.394516,    0,    2, -2, 0.00, 0.00, 0.00,  0,  0,  0
2596920.68629060, 0.901107,    0,    2, -2, 0.00, 0.00, 0.00,  0,  0,  0
2596920.68879060, 0.731048,    0,    2, -2, 0.00, 0.00, 0.00,  0,  0,  0
2596920.69129060, 0.327899,    0,    2, -2, 0.00, 0.00, 0.00,  0,  0,  0
2596920.69379060, -0.436663,    0,    2, -2, 0.00, 0.00, 0.00,  0,  0,  0
2596920.69629060, -0.981905,    0,    2, -2, 0.00, 0.00, 0.00,  0,  0,  0
2596920.69879060, -1.022245,    0,    2, -2, 0.00, 0.00, 0.00,  0,  0,  0
2596920.70129060, -0.440174,    0,    2, -2, 0.00, 0.00, 0.00,  0,  0,  0
2596920.70379060, 0.629448,    0,    2, -2, 0.00, 0.00, 0.00,  0,  0,  0
2596920.70629060, 1.322429,    0,    2, -2, 0.00, 0.00, 0.00,  0,  0,  0
2596920.70879060, 1.458023,    0,    2, -2, 0.00, 0.00, 0.00,  0,  0,  0
2596920.71129060, 0.979271,    0,    2, -2, 0.00, 0.00, 0.00,  0,  0,  0
2596920.71379060, 0.111472,    0,    2, -2, 0.00, 0.00, 0.00,  0,  0,  0
2596920.71629060, -1.567496,    0,    2, -2, 0.00, 0.00, 0.00,  0,  0,  0
2596920.71879060, -1.375042,    0,    2, -2, 0.00, 0.00, 0.00,  0,  0,  0
2596920.72129060, -1.375042,    0,    2, -2, 0.00, 0.00, 0.00,  0,  0,  0
2596920.72379060, -0.945733,    0,    2, -2, 0.00, 0.00, 0.00,  0,  0,  0
2596920.72629060, 0.166113,    0,    2, -2, 0.00, 0.00, 0.00,  0,  0,  0
2596920.72879060, 0.927951,    0,    2, -2, 0.00, 0.00, 0.00,  0,  0,  0
2596920.73129060, 1.270519,    0,    2, -2, 0.00, 0.00, 0.00,  0,  0,  0
2596920.73379060, 1.465194,    0,    2, -2, 0.00, 0.00, 0.00,  0,  0,  0
2596920.73629060, 1.368414,    0,    2, -2, 0.00, 0.00, 0.00,  0,  0,  0
2596920.73879060, 0.889609,    0,    2, -2, 0.00, 0.00, 0.00,  0,  0,  0
2596920.74129060, 0.642640,    0,    2, -2, 0.00, 0.00, 0.00,  0,  0,  0
2596920.74379060, 0.549098,    0,    2, -2, 0.00, 0.00, 0.00,  0,  0,  0
2596920.74629060, -0.600610,    0,    2, -2, 0.00, 0.00, 0.00,  0,  0,  0
2596920.74879060, -0.926028,    0,    2, -2, 0.00, 0.00, 0.00,  0,  0,  0
2596920.75129060, -1.045103,    0,    2, -2, 0.00, 0.00, 0.00,  0,  0,  0
2596920.75379060, -0.408754,    0,    2, -2, 0.00, 0.00, 0.00,  0,  0,  0
2596920.75629060, -1.233819,    0,    2, -2, 0.00, 0.00, 0.00,  0,  0,  0
2596920.75879060, -1.439187,    0,    2, -2, 0.00, 0.00, 0.00,  0,  0,  0
2596920.76129060, -0.071423,    0,    2, -2, 0.00, 0.00, 0.00,  0,  0,  0
2596920.76379060, 1.074029,    0,    2, -2, 0.00, 0.00, 0.00,  0,  0,  0
2596920.76629060, 1.634585,    0,    2, -2, 0.00, 0.00, 0.00,  0,  0,  0
2596920.76879060, 1.490095,    0,    2, -2, 0.00, 0.00, 0.00,  0,  0,  0
2596920.77129060, 0.377963,    0,    2, -2, 0.00, 0.00, 0.00,  0,  0,  0
2596920.77379060, -0.841485,    0,    2, -2, 0.00, 0.00, 0.00,  0,  0,  0
2596920.77629060, -1.573045,    0,    2, -2, 0.00, 0.00, 0.00,  0,  0,  0
2596920.77879060, -1.688061,    0,    2, -2, 0.00, 0.00, 0.00,  0,  0,  0
2596920.78129060, -1.534607,    0,    2, -2, 0.00, 0.00, 0.00,  0,  0,  0
2596920.78379060, -1.313891,    0,    2, -2, 0.00, 0.00, 0.00,  0,  0,  0
2596920.78629060, -1.093174,    0,    2, -2, 0.00, 0.00, 0.00,  0,  0,  0
2596920.78879060, 0.253526,    0,    2, -2, 0.00, 0.00, 0.00,  0,  0,  0
2596920.79129060, 0.797817,    0,    2, -2, 0.00, 0.00, 0.00,  0,  0,  0
2596920.79379060, 0.633187,    0,    2, -2, 0.00, 0.00, 0.00,  0,  0,  0
2596920.79629060, 0.059873,    0,    2, -2, 0.00, 0.00, 0.00,  0,  0,  0
2596920.79879060, -0.861883,    0,    2, -2, 0.00, 0.00, 0.00,  0,  0,  0
2596920.80129060, -0.861883,    0,    2, -2, 0.00, 0.00, 0.00,  0,  0,  0
2596920.80379060, 0.084935,    0,    2, -2, 0.00, 0.00, 0.00,  0,  0,  0
2596920.80629060, 1.445385,    0,    2, -2, 0.00, 0.00, 0.00,  0,  0,  0
2596920.80879060, 1.375163,    0,    2, -2, 0.00, 0.00, 0.00,  0,  0,  0
2596920.81129060, -0.040586,    0,    2, -2, 0.00, 0.00, 0.00,  0,  0,  0
2596920.81379060, -0.776356,    0,    2, -2, 0.00, 0.00, 0.00,  0,  0,  0
2596920.81629060, -1.638544,    0,    2, -2, 0.00, 0.00, 0.00,  0,  0,  0
2596920.81879060, -1.932801,    0,    2, -2, 0.00, 0.00, 0.00,  0,  0,  0
2596920.82129060, -1.119006,    0,    2, -2, 0.00, 0.00, 0.00,  0,  0,  0
2596920.82379060, 0.347498,    0,    2, -2, 0.00, 0.00, 0.00,  0,  0,  0
2596920.82629060, 1.437415,    0,    2, -2, 0.00, 0.00, 0.00,  0,  0,  0
2596920.82879060, 1.199933,    0,    2, -2, 0.00, 0.00, 0.00,  0,  0,  0
2596920.83129060, 0.153190,    0,    2, -2, 0.00, 0.00, 0.00,  0,  0,  0
2596920.83379060, -0.366137,    0,    2, -2, 0.00, 0.00, 0.00,  0,  0,  0
2596920.83629060, -0.956510,    0,    2, -2, 0.00, 0.00, 0.00,  0,  0,  0
2596920.83879060, -1.783821,    0,    2, -2, 0.00, 0.00, 0.00,  0,  0,  0
2596920.84129060, -1.103964,    0,    2, -2, 0.00, 0.00, 0.00,  0,  0,  0
2596920.84379060, -0.520692,    0,    2, -2, 0.00, 0.00, 0.00,  0,  0,  0
2596920.84629060, 0.032156,    0,    2, -2, 0.00, 0.00, 0.00,  0,  0,  0
2596920.84879060, 0.522075,    0,    2, -2, 0.00, 0.00, 0.00,  0,  0,  0
2596920.85129060, 0.155498,    0,    2, -2, 0.00, 0.00, 0.00,  0,  0,  0
2596920.85379060, -0.380796,    0,    2, -2, 0.00, 0.00, 0.00,  0,  0,  0
2596920.85629060, -0.380796,    0,    2, -2, 0.00, 0.00, 0.00,  0,  0,  0
2596920.85879060, -0.380796,    0,    2, -2, 0.00, 0.00, 0.00,  0,  0,  0
2596920.86129060, -0.380796,    0,    2, -2, 0.00, 0.00, 0.00,  0,  0,  0
2596920.86379060, 0.218388,    0,    2, -2, 0.00, 0.00, 0.00,  0,  0,  0
2596920.86629060, 1.498285,    0,    2, -2, 0.00, 0.00, 0.00,  0,  0,  0
2596920.86879060, 1.676398,    0,    2, -2, 0.00, 0.00, 0.00,  0,  0,  0
2596920.87129060, 1.318775,    0,    2, -2, 0.00, 0.00, 0.00,  0,  0,  0
2596920.87379060, 0.511082,    0,    2, -2, 0.00, 0.00, 0.00,  0,  0,  0
2596920.87629060, -0.935761,    0,    2, -2, 0.00, 0.00, 0.00,  0,  0,  0
2596920.87879060, -1.129153,    0,    2, -2, 0.00, 0.00, 0.00,  0,  0,  0
2596920.88129060, -0.366119,    0,    2, -2, 0.00, 0.00, 0.00,  0,  0,  0
2596920.88379060, 0.853209,    0,    2, -2, 0.00, 0.00, 0.00,  0,  0,  0
2596920.88629060, 1.329733,    0,    2, -2, 0.00, 0.00, 0.00,  0,  0,  0
2596920.89129060, 0.554647,    0,    2, -2, 0.00, 0.00, 0.00,  0,  0,  0
2596920.89379060, 0.200989,    0,    2, -2, 0.00, 0.00, 0.00,  0,  0,  0
2596920.89629060, -0.152669,    0,    2, -2, 0.00, 0.00, 0.00,  0,  0,  0
2596920.89879060, -0.859397,    0,    2, -2, 0.00, 0.00, 0.00,  0,  0,  0
2596920.90129060, -0.757173,    0,    2, -2, 0.00, 0.00, 0.00,  0,  0,  0
2596920.90379060, -0.544417,    0,    2, -2, 0.00, 0.00, 0.00,  0,  0,  0
2596920.90629060, -0.343398,    0,    2, -2, 0.00, 0.00, 0.00,  0,  0,  0
2596920.90879060, -0.142378,    0,    2, -2, 0.00, 0.00, 0.00,  0,  0,  0
2596920.91129060, -0.013380,    0,    2, -2, 0.00, 0.00, 0.00,  0,  0,  0
2596920.91379060, -0.142311,    0,    2, -2, 0.00, 0.00, 0.00,  0,  0,  0
2596920.91629060, -0.271242,    0,    2, -2, 0.00, 0.00, 0.00,  0,  0,  0
2596920.91879060, -0.400173,    0,    2, -2, 0.00, 0.00, 0.00,  0,  0,  0
2596920.92129060, -0.529105,    0,    2, -2, 0.00, 0.00, 0.00,  0,  0,  0
2596920.92379060, -0.217793,    0,    2, -2, 0.00, 0.00, 0.00,  0,  0,  0
2596920.92629060, 1.169371,    0,    2, -2, 0.00, 0.00, 0.00,  0,  0,  0
2596920.92879060, 1.056234,    0,    2, -2, 0.00, 0.00, 0.00,  0,  0,  0
2596920.93129060, 0.668566,    0,    2, -2, 0.00, 0.00, 0.00,  0,  0,  0
2596920.93379060, -0.403514,    0,    2, -2, 0.00, 0.00, 0.00,  0,  0,  0
2596920.93629060, -1.375042,    0,    2, -2, 0.00, 0.00, 0.00,  0,  0,  0
2596920.93879060, -1.392765,    0,    2, -2, 0.00, 0.00, 0.00,  0,  0,  0
2596920.94129060, -0.584704,    0,    2, -2, 0.00, 0.00, 0.00,  0,  0,  0
2596920.94379060, 0.404142,    0,    2, -2, 0.00, 0.00, 0.00,  0,  0,  0
2596920.94629060, 0.923482,    0,    2, -2, 0.00, 0.00, 0.00,  0,  0,  0
2596920.94879060, 1.222906,    0,    2, -2, 0.00, 0.00, 0.00,  0,  0,  0
2596920.95129060, 0.394115,    0,    2, -2, 0.00, 0.00, 0.00,  0,  0,  0
2596920.95379060, -0.801045,    0,    2, -2, 0.00, 0.00, 0.00,  0,  0,  0
2596920.95629060, -1.460568,    0,    2, -2, 0.00, 0.00, 0.00,  0,  0,  0
2596920.95879060, -1.345981,    0,    2, -2, 0.00, 0.00, 0.00,  0,  0,  0
2596920.96129060, -0.743989,    0,    2, -2, 0.00, 0.00, 0.00,  0,  0,  0
2596920.96379060, -0.309761,    0,    2, -2, 0.00, 0.00, 0.00,  0,  0,  0
2596920.96629060, 0.025933,    0,    2, -2, 0.00, 0.00, 0.00,  0,  0,  0
2596920.96879060, 0.318813,    0,    2, -2, 0.00, 0.00, 0.00,  0,  0,  0
2596920.97129060, 0.335488,    0,    2, -2, 0.00, 0.00, 0.00,  0,  0,  0
2596920.97379060, 0.335488,    0,    2, -2, 0.00, 0.00, 0.00,  0,  0,  0
2596920.97629060, 0.335488,    0,    2, -2, 0.00, 0.00, 0.00,  0,  0,  0
2596920.97879060, 0.472803,    0,    2, -2, 0.00, 0.00, 0.00,  0,  0,  0
2596920.98129060, 0.649509,    0,    2, -2, 0.00, 0.00, 0.00,  0,  0,  0
2596920.98379060, 0.845826,    0,    2, -2, 0.00, 0.00, 0.00,  0,  0,  0
2596920.98629060, 1.069498,    0,    2, -2, 0.00, 0.00, 0.00,  0,  0,  0
2596920.98879060, 1.369694,    0,    2, -2, 0.00, 0.00, 0.00,  0,  0,  0
2596920.99129060, 2.072667,    0,    2, -2, 0.00, 0.00, 0.00,  0,  0,  0
2596920.99379060, -1.134682,    0,    2, -2, 0.00, 0.00, 0.00,  0,  0,  0
2596920.99879060, -2.726376,    0,    2, -2, 0.00, 0.00, 0.00,  0,  0,  0
2596921.00129060, -3.172254,    0,    2, -2, 0.00, 0.00, 0.00,  0,  0,  0
2596921.00379060, -1.091892,    0,    2, -2, 0.00, 0.00, 0.00,  0,  0,  0
2596921.00629060, 0.677388,    0,    2, -2, 0.00, 0.00, 0.00,  0,  0,  0
2596921.00879060, 0.315900,    0,    2, -2, 0.00, 0.00, 0.00,  0,  0,  0
2596921.01129060, 0.335488,    0,    2, -2, 0.00, 0.00, 0.00,  0,  0,  0
2596921.01379060, -0.096742,    0,    2, -2, 0.00, 0.00, 0.00,  0,  0,  0
2596921.01629060, -0.604559,    0,    2, -2, 0.00, 0.00, 0.00,  0,  0,  0
2596921.01879060, -0.820471,    0,    2, -2, 0.00, 0.00, 0.00,  0,  0,  0
2596921.02129060, -0.353899,    0,    2, -2, 0.00, 0.00, 0.00,  0,  0,  0
2596921.02379060, -0.272300,    0,    2, -2, 0.00, 0.00, 0.00,  0,  0,  0
2596921.02629060, -0.190701,    0,    2, -2, 0.00, 0.00, 0.00,  0,  0,  0
2596921.02879060, -0.109102,    0,    2, -2, 0.00, 0.00, 0.00,  0,  0,  0
2596921.03129060, 0.284037,    0,    2, -2, 0.00, 0.00, 0.00,  0,  0,  0
2596921.03379060, 0.041854,    0,    2, -2, 0.00, 0.00, 0.00,  0,  0,  0
2596921.03629060, -0.200329,    0,    2, -2, 0.00, 0.00, 0.00,  0,  0,  0
2596921.03879060, -0.442512,    0,    2, -2, 0.00, 0.00, 0.00,  0,  0,  0
2596921.04129060, -0.527810,    0,    2, -2, 0.00, 0.00, 0.00,  0,  0,  0
2596921.04379060, 0.267331,    0,    2, -2, 0.00, 0.00, 0.00,  0,  0,  0
2596921.04629060, 1.347800,    0,    2, -2, 0.00, 0.00, 0.00,  0,  0,  0
2596921.04879060, 1.872967,    0,    2, -2, 0.00, 0.00, 0.00,  0,  0,  0
2596921.05129060, 2.119331,    0,    2, -2, 0.00, 0.00, 0.00,  0,  0,  0
2596921.05379060, 0.117430,    0,    2, -2, 0.00, 0.00, 0.00,  0,  0,  0
2596921.05629060, -0.752310,    0,    2, -2, 0.00, 0.00, 0.00,  0,  0,  0
2596921.05879060, -0.031342,    0,    2, -2, 0.00, 0.00, 0.00,  0,  0,  0
2596921.06129060, 0.709666,    0,    2, -2, 0.00, 0.00, 0.00,  0,  0,  0
2596921.06379060, 1.418395,    0,    2, -2, 0.00, 0.00, 0.00,  0,  0,  0
2596921.06629060, 1.373391,    0,    2, -2, 0.00, 0.00, 0.00,  0,  0,  0
2596921.06879060, 1.094535,    0,    2, -2, 0.00, 0.00, 0.00,  0,  0,  0
2596921.07129060, 1.094535,    0,    2, -2, 0.00, 0.00, 0.00,  0,  0,  0
2596921.07379060, 0.500046,    0,    2, -2, 0.00, 0.00, 0.00,  0,  0,  0
2596921.07629060, -0.400903,    0,    2, -2, 0.00, 0.00, 0.00,  0,  0,  0
2596921.07879060, -1.115450,    0,    2, -2, 0.00, 0.00, 0.00,  0,  0,  0
2596921.08129060, -0.947409,    0,    2, -2, 0.00, 0.00, 0.00,  0,  0,  0
2596921.08379060, 0.623354,    0,    2, -2, 0.00, 0.00, 0.00,  0,  0,  0
2596921.08629060, 1.095909,    0,    2, -2, 0.00, 0.00, 0.00,  0,  0,  0
2596921.08879060, 1.442252,    0,    2, -2, 0.00, 0.00, 0.00,  0,  0,  0
2596921.09129060, 1.006019,    0,    2, -2, 0.00, 0.00, 0.00,  0,  0,  0
2596921.09379060, -1.314057,    0,    2, -2, 0.00, 0.00, 0.00,  0,  0,  0
2596921.09629060, -1.802674,    0,    2, -2, 0.00, 0.00, 0.00,  0,  0,  0
2596921.09879060, -1.802674,    0,    2, -2, 0.00, 0.00, 0.00,  0,  0,  0
2596921.10129060, -1.802674,    0,    2, -2, 0.00, 0.00, 0.00,  0,  0,  0
2596921.10379060, -0.553352,    0,    2, -2, 0.00, 0.00, 0.00,  0,  0,  0
2596921.10629060, 0.657940,    0,    2, -2, 0.00, 0.00, 0.00,  0,  0,  0
2596921.10879060, 0.513020,    0,    2, -2, 0.00, 0.00, 0.00,  0,  0,  0
2596921.11129060, 0.104409,    0,    2, -2, 0.00, 0.00, 0.00,  0,  0,  0
2596921.11379060, -0.828084,    0,    2, -2, 0.00, 0.00, 0.00,  0,  0,  0
2596921.11629060, -1.567863,    0,    2, -2, 0.00, 0.00, 0.00,  0,  0,  0
2596921.11879060, -1.386307,    0,    2, -2, 0.00, 0.00, 0.00,  0,  0,  0
2596921.12129060, -0.968791,    0,    2, -2, 0.00, 0.00, 0.00,  0,  0,  0
2596921.12379060, 0.467485,    0,    2, -2, 0.00, 0.00, 0.00,  0,  0,  0
2596921.12629060, 1.130514,    0,    2, -2, 0.00, 0.00, 0.00,  0,  0,  0
2596921.12879060, 1.255719,    0,    2, -2, 0.00, 0.00, 0.00,  0,  0,  0
2596921.13129060, 0.449338,    0,    2, -2, 0.00, 0.00, 0.00,  0,  0,  0
2596921.13379060, -0.736254,    0,    2, -2, 0.00, 0.00, 0.00,  0,  0,  0
2596921.13629060, -1.190416,    0,    2, -2, 0.00, 0.00, 0.00,  0,  0,  0
2596921.13879060, -1.086390,    0,    2, -2, 0.00, 0.00, 0.00,  0,  0,  0
2596921.14129060, -0.390242,    0,    2, -2, 0.00, 0.00, 0.00,  0,  0,  0
2596921.14379060, 1.002274,    0,    2, -2, 0.00, 0.00, 0.00,  0,  0,  0
2596921.14629060, 1.572471,    0,    2, -2, 0.00, 0.00, 0.00,  0,  0,  0
2596921.14879060, 1.557974,    0,    2, -2, 0.00, 0.00, 0.00,  0,  0,  0
2596921.15129060, 1.128437,    0,    2, -2, 0.00, 0.00, 0.00,  0,  0,  0
2596921.15379060, 0.005998,    0,    2, -2, 0.00, 0.00, 0.00,  0,  0,  0
2596921.15629060, -0.416883,    0,    2, -2, 0.00, 0.00, 0.00,  0,  0,  0
2596921.15879060, -0.701460,    0,    2, -2, 0.00, 0.00, 0.00,  0,  0,  0
2596921.16129060, -0.729042,    0,    2, -2, 0.00, 0.00, 0.00,  0,  0,  0
2596921.16379060, -0.030761,    0,    2, -2, 0.00, 0.00, 0.00,  0,  0,  0
2596921.16629060, 1.257764,    0,    2, -2, 0.00, 0.00, 0.00,  0,  0,  0
2596921.16879060, 1.710832,    0,    2, -2, 0.00, 0.00, 0.00,  0,  0,  0
2596921.17129060, 1.921985,    0,    2, -2, 0.00, 0.00, 0.00,  0,  0,  0
2596921.17379060, 0.685910,    0,    2, -2, 0.00, 0.00, 0.00,  0,  0,  0
2596921.17629060, -0.509832,    0,    2, -2, 0.00, 0.00, 0.00,  0,  0,  0
2596921.17879060, -0.664626,    0,    2, -2, 0.00, 0.00, 0.00,  0,  0,  0
2596921.18129060, -0.515229,    0,    2, -2, 0.00, 0.00, 0.00,  0,  0,  0
2596921.18379060, 0.072115,    0,    2, -2, 0.00, 0.00, 0.00,  0,  0,  0
2596921.18629060, 0.078385,    0,    2, -2, 0.00, 0.00, 0.00,  0,  0,  0
2596921.18879060, 0.795193,    0,    2, -2, 0.00, 0.00, 0.00,  0,  0,  0
2596921.19129060, 1.254633,    0,    2, -2, 0.00, 0.00, 0.00,  0,  0,  0
2596921.19379060, -0.486952,    0,    2, -2, 0.00, 0.00, 0.00,  0,  0,  0
2596921.19629060, -2.385100,    0,    2, -2, 0.00, 0.00, 0.00,  0,  0,  0
2596921.19879060, -2.251688,    0,    2, -2, 0.00, 0.00, 0.00,  0,  0,  0
2596921.20129060, -0.174498,    0,    2, -2, 0.00, 0.00, 0.00,  0,  0,  0
2596921.20379060, 1.210466,    0,    2, -2, 0.00, 0.00, 0.00,  0,  0,  0
2596921.20629060, 1.676377,    0,    2, -2, 0.00, 0.00, 0.00,  0,  0,  0
2596921.20879060, 0.923482,    0,    2, -2, 0.00, 0.00, 0.00,  0,  0,  0
2596921.21129060, -0.241202,    0,    2, -2, 0.00, 0.00, 0.00,  0,  0,  0
2596921.21379060, -2.636557,    0,    2, -2, 0.00, 0.00, 0.00,  0,  0,  0
2596921.21629060, -2.404901,    0,    2, -2, 0.00, 0.00, 0.00,  0,  0,  0
2596921.21879060, -1.881090,    0,    2, -2, 0.00, 0.00, 0.00,  0,  0,  0
2596921.22129060, -1.356867,    0,    2, -2, 0.00, 0.00, 0.00,  0,  0,  0
2596921.22379060, -0.615995,    0,    2, -2, 0.00, 0.00, 0.00,  0,  0,  0
2596921.22629060, 0.259237,    0,    2, -2, 0.00, 0.00, 0.00,  0,  0,  0
2596921.22879060, 0.618709,    0,    2, -2, 0.00, 0.00, 0.00,  0,  0,  0
2596921.23129060, 0.759290,    0,    2, -2, 0.00, 0.00, 0.00,  0,  0,  0
2596921.23379060, 0.115634,    0,    2, -2, 0.00, 0.00, 0.00,  0,  0,  0
2596921.23629060, -0.941830,    0,    2, -2, 0.00, 0.00, 0.00,  0,  0,  0
2596921.23879060, -1.195710,    0,    2, -2, 0.00, 0.00, 0.00,  0,  0,  0
2596921.24129060, -0.948848,    0,    2, -2, 0.00, 0.00, 0.00,  0,  0,  0
2596921.24379060, 0.485755,    0,    2, -2, 0.00, 0.00, 0.00,  0,  0,  0
2596921.24629060, 0.812571,    0,    2, -2, 0.00, 0.00, 0.00,  0,  0,  0
2596921.24879060, 0.880719,    0,    2, -2, 0.00, 0.00, 0.00,  0,  0,  0
2596921.25129060, 0.222367,    0,    2, -2, 0.00, 0.00, 0.00,  0,  0,  0
2596921.25379060, -0.733848,    0,    2, -2, 0.00, 0.00, 0.00,  0,  0,  0
2596921.25629060, -1.112556,    0,    2, -2, 0.00, 0.00, 0.00,  0,  0,  0
2596921.25879060, -0.872574,    0,    2, -2, 0.00, 0.00, 0.00,  0,  0,  0
2596921.26129060, 0.319839,    0,    2, -2, 0.00, 0.00, 0.00,  0,  0,  0
2596921.26379060, 1.607604,    0,    2, -2, 0.00, 0.00, 0.00,  0,  0,  0
2596921.26629060, 1.472395,    0,    2, -2, 0.00, 0.00, 0.00,  0,  0,  0
2596921.26879060, 1.372496,    0,    2, -2, 0.00, 0.00, 0.00,  0,  0,  0
2596921.27129060, 1.372496,    0,    2, -2, 0.00, 0.00, 0.00,  0,  0,  0
2596921.27379060, 0.350201,    0,    2, -2, 0.00, 0.00, 0.00,  0,  0,  0
2596921.27629060, -0.539181,    0,    2, -2, 0.00, 0.00, 0.00,  0,  0,  0
2596921.27879060, -1.246611,    0,    2, -2, 0.00, 0.00, 0.00,  0,  0,  0
2596921.28129060, -1.827117,    0,    2, -2, 0.00, 0.00, 0.00,  0,  0,  0
2596921.28379060, -0.418498,    0,    2, -2, 0.00, 0.00, 0.00,  0,  0,  0
2596921.28629060, 1.459183,    0,    2, -2, 0.00, 0.00, 0.00,  0,  0,  0
2596921.28879060, 1.533328,    0,    2, -2, 0.00, 0.00, 0.00,  0,  0,  0
2596921.29129060, 1.465033,    0,    2, -2, 0.00, 0.00, 0.00,  0,  0,  0
2596921.29379060, 0.777016,    0,    2, -2, 0.00, 0.00, 0.00,  0,  0,  0
2596921.29629060, -0.961434,    0,    2, -2, 0.00, 0.00, 0.00,  0,  0,  0
2596921.29879060, -1.430316,    0,    2, -2, 0.00, 0.00, 0.00,  0,  0,  0
2596921.30129060, -1.272111,    0,    2, -2, 0.00, 0.00, 0.00,  0,  0,  0
2596921.30379060, -0.487085,    0,    2, -2, 0.00, 0.00, 0.00,  0,  0,  0
2596921.30629060, 0.768141,    0,    2, -2, 0.00, 0.00, 0.00,  0,  0,  0
2596921.30879060, 0.988456,    0,    2, -2, 0.00, 0.00, 0.00,  0,  0,  0
2596921.31129060, -0.144756,    0,    2, -2, 0.00, 0.00, 0.00,  0,  0,  0
2596921.31379060, -0.690830,    0,    2, -2, 0.00, 0.00, 0.00,  0,  0,  0
2596921.31629060, -1.112454,    0,    2, -2, 0.00, 0.00, 0.00,  0,  0,  0
2596921.31879060, -0.751398,    0,    2, -2, 0.00, 0.00, 0.00,  0,  0,  0
2596921.32129060, 0.440770,    0,    2, -2, 0.00, 0.00, 0.00,  0,  0,  0
2596921.32379060, 0.987627,    0,    2, -2, 0.00, 0.00, 0.00,  0,  0,  0
2596921.32629060, 1.240587,    0,    2, -2, 0.00, 0.00, 0.00,  0,  0,  0
2596921.32879060, 1.149589,    0,    2, -2, 0.00, 0.00, 0.00,  0,  0,  0
2596921.33129060, 0.746383,    0,    2, -2, 0.00, 0.00, 0.00,  0,  0,  0
2596921.33379060, -0.166866,    0,    2, -2, 0.00, 0.00, 0.00,  0,  0,  0
2596921.33629060, -2.010651,    0,    2, -2, 0.00, 0.00, 0.00,  0,  0,  0
2596921.33879060, -1.220589,    0,    2, -2, 0.00, 0.00, 0.00,  0,  0,  0
2596921.34129060, -0.826982,    0,    2, -2, 0.00, 0.00, 0.00,  0,  0,  0
2596921.34379060, -0.436362,    0,    2, -2, 0.00, 0.00, 0.00,  0,  0,  0
2596921.34629060, 0.319105,    0,    2, -2, 0.00, 0.00, 0.00,  0,  0,  0
2596921.34879060, 1.639320,    0,    2, -2, 0.00, 0.00, 0.00,  0,  0,  0
2596921.35129060, 1.511214,    0,    2, -2, 0.00, 0.00, 0.00,  0,  0,  0
2596921.35379060, 1.282223,    0,    2, -2, 0.00, 0.00, 0.00,  0,  0,  0
2596921.35629060, 1.053232,    0,    2, -2, 0.00, 0.00, 0.00,  0,  0,  0
2596921.35879060, -0.503502,    0,    2, -2, 0.00, 0.00, 0.00,  0,  0,  0
2596921.36129060, -0.833081,    0,    2, -2, 0.00, 0.00, 0.00,  0,  0,  0
2596921.36379060, -0.106227,    0,    2, -2, 0.00, 0.00, 0.00,  0,  0,  0
2596921.36629060, 0.674264,    0,    2, -2, 0.00, 0.00, 0.00,  0,  0,  0
2596921.36879060, 1.004024,    0,    2, -2, 0.00, 0.00, 0.00,  0,  0,  0
2596921.37129060, 0.179631,    0,    2, -2, 0.00, 0.00, 0.00,  0,  0,  0
2596921.37379060, -0.338033,    0,    2, -2, 0.00, 0.00, 0.00,  0,  0,  0
2596921.37629060, -1.075930,    0,    2, -2, 0.00, 0.00, 0.00,  0,  0,  0
2596921.37879060, -1.137424,    0,    2, -2, 0.00, 0.00, 0.00,  0,  0,  0
2596921.38129060, -0.263065,    0,    2, -2, 0.00, 0.00, 0.00,  0,  0,  0
2596921.38379060, 0.740031,    0,    2, -2, 0.00, 0.00, 0.00,  0,  0,  0
2596921.38629060, 1.443919,    0,    2, -2, 0.00, 0.00, 0.00,  0,  0,  0
2596921.38879060, 1.292543,    0,    2, -2, 0.00, 0.00, 0.00,  0,  0,  0
2596921.39129060, 0.948003,    0,    2, -2, 0.00, 0.00, 0.00,  0,  0,  0
2596921.39379060, 0.059890,    0,    2, -2, 0.00, 0.00, 0.00,  0,  0,  0
2596921.39629060, -0.958067,    0,    2, -2, 0.00, 0.00, 0.00,  0,  0,  0
2596921.39879060, -0.978102,    0,    2, -2, 0.00, 0.00, 0.00,  0,  0,  0
2596921.40129060, -0.806227,    0,    2, -2, 0.00, 0.00, 0.00,  0,  0,  0
2596921.40379060, -0.620132,    0,    2, -2, 0.00, 0.00, 0.00,  0,  0,  0
2596921.40629060, -0.434038,    0,    2, -2, 0.00, 0.00, 0.00,  0,  0,  0
2596921.40879060, 1.347171,    0,    2, -2, 0.00, 0.00, 0.00,  0,  0,  0
2596921.41129060, 0.773440,    0,    2, -2, 0.00, 0.00, 0.00,  0,  0,  0
2596921.41379060, 0.125356,    0,    2, -2, 0.00, 0.00, 0.00,  0,  0,  0
2596921.41629060, -0.724084,    0,    2, -2, 0.00, 0.00, 0.00,  0,  0,  0
2596921.41879060, -1.785096,    0,    2, -2, 0.00, 0.00, 0.00,  0,  0,  0
2596921.42129060, -1.139843,    0,    2, -2, 0.00, 0.00, 0.00,  0,  0,  0
2596921.42379060, -0.219774,    0,    2, -2, 0.00, 0.00, 0.00,  0,  0,  0
2596921.42629060, 0.903745,    0,    2, -2, 0.00, 0.00, 0.00,  0,  0,  0
2596921.42879060, 1.425950,    0,    2, -2, 0.00, 0.00, 0.00,  0,  0,  0
2596921.43129060, 0.534522,    0,    2, -2, 0.00, 0.00, 0.00,  0,  0,  0
2596921.43379060, -0.411662,    0,    2, -2, 0.00, 0.00, 0.00,  0,  0,  0
2596921.43629060, -1.183713,    0,    2, -2, 0.00, 0.00, 0.00,  0,  0,  0
2596921.43879060, -0.939529,    0,    2, -2, 0.00, 0.00, 0.00,  0,  0,  0
2596921.44129060, -0.327342,    0,    2, -2, 0.00, 0.00, 0.00,  0,  0,  0
2596921.44379060, 0.399104,    0,    2, -2, 0.00, 0.00, 0.00,  0,  0,  0
2596921.44629060, 1.042149,    0,    2, -2, 0.00, 0.00, 0.00,  0,  0,  0
2596921.44879060, 0.847406,    0,    2, -2, 0.00, 0.00, 0.00,  0,  0,  0
2596921.45129060, 0.731048,    0,    2, -2, 0.00, 0.00, 0.00,  0,  0,  0
2596921.45379060, 0.701287,    0,    2, -2, 0.00, 0.00, 0.00,  0,  0,  0
2596921.45629060, -1.185845,    0,    2, -2, 0.00, 0.00, 0.00,  0,  0,  0
2596921.45879060, -1.092890,    0,    2, -2, 0.00, 0.00, 0.00,  0,  0,  0
2596921.46129060, -0.466323,    0,    2, -2, 0.00, 0.00, 0.00,  0,  0,  0
2596921.46379060, -0.466323,    0,    2, -2, 0.00, 0.00, 0.00,  0,  0,  0
2596921.46629060, 0.884499,    0,    2, -2, 0.00, 0.00, 0.00,  0,  0,  0
2596921.46879060, 1.492164,    0,    2, -2, 0.00, 0.00, 0.00,  0,  0,  0
2596921.47129060, 1.164820,    0,    2, -2, 0.00, 0.00, 0.00,  0,  0,  0
2596921.47379060, 0.808681,    0,    2, -2, 0.00, 0.00, 0.00,  0,  0,  0
2596921.47629060, 0.141105,    0,    2, -2, 0.00, 0.00, 0.00,  0,  0,  0
2596921.47879060, -0.998840,    0,    2, -2, 0.00, 0.00, 0.00,  0,  0,  0
2596921.48129060, -0.795777,    0,    2, -2, 0.00, 0.00, 0.00,  0,  0,  0
2596921.48379060, -0.223123,    0,    2, -2, 0.00, 0.00, 0.00,  0,  0,  0
2596921.48629060, 1.116305,    0,    2, -2, 0.00, 0.00, 0.00,  0,  0,  0
2596921.48879060, 1.538542,    0,    2, -2, 0.00, 0.00, 0.00,  0,  0,  0
2596921.49129060, 0.323392,    0,    2, -2, 0.00, 0.00, 0.00,  0,  0,  0
2596921.49379060, -1.002550,    0,    2, -2, 0.00, 0.00, 0.00,  0,  0,  0
2596921.49629060, -1.449877,    0,    2, -2, 0.00, 0.00, 0.00,  0,  0,  0
2596921.49879060, -1.183543,    0,    2, -2, 0.00, 0.00, 0.00,  0,  0,  0
2596921.50129060, -0.615261,    0,    2, -2, 0.00, 0.00, 0.00,  0,  0,  0
2596921.50379060, 0.637986,    0,    2, -2, 0.00, 0.00, 0.00,  0,  0,  0
2596921.50629060, 1.244207,    0,    2, -2, 0.00, 0.00, 0.00,  0,  0,  0
2596921.50879060, 1.347019,    0,    2, -2, 0.00, 0.00, 0.00,  0,  0,  0
2596921.51129060, 0.861543,    0,    2, -2, 0.00, 0.00, 0.00,  0,  0,  0
2596921.51379060, -0.644672,    0,    2, -2, 0.00, 0.00, 0.00,  0,  0,  0
2596921.51629060, -1.150535,    0,    2, -2, 0.00, 0.00, 0.00,  0,  0,  0
2596921.51879060, -1.610911,    0,    2, -2, 0.00, 0.00, 0.00,  0,  0,  0
2596921.52129060, -0.816067,    0,    2, -2, 0.00, 0.00, 0.00,  0,  0,  0
2596921.52379060, 0.030119,    0,    2, -2, 0.00, 0.00, 0.00,  0,  0,  0
2596921.52629060, 0.988998,    0,    2, -2, 0.00, 0.00, 0.00,  0,  0,  0
2596921.52879060, 0.779476,    0,    2, -2, 0.00, 0.00, 0.00,  0,  0,  0
2596921.53129060, 0.258399,    0,    2, -2, 0.00, 0.00, 0.00,  0,  0,  0
2596921.53379060, -0.215545,    0,    2, -2, 0.00, 0.00, 0.00,  0,  0,  0
2596921.53629060, -0.518165,    0,    2, -2, 0.00, 0.00, 0.00,  0,  0,  0
2596921.53879060, -0.651409,    0,    2, -2, 0.00, 0.00, 0.00,  0,  0,  0
2596921.54129060, -0.626685,    0,    2, -2, 0.00, 0.00, 0.00,  0,  0,  0
2596921.54379060, -0.626685,    0,    2, -2, 0.00, 0.00, 0.00,  0,  0,  0
2596921.54629060, 2.064559,    0,    2, -2, 0.00, 0.00, 0.00,  0,  0,  0
2596921.54879060, 2.432237,    0,    2, -2, 0.00, 0.00, 0.00,  0,  0,  0
2596921.55129060, 1.343648,    0,    2, -2, 0.00, 0.00, 0.00,  0,  0,  0
2596921.55379060, -0.133072,    0,    2, -2, 0.00, 0.00, 0.00,  0,  0,  0
2596921.55629060, -3.181788,    0,    2, -2, 0.00, 0.00, 0.00,  0,  0,  0
2596921.55879060, -3.181788,    0,    2, -2, 0.00, 0.00, 0.00,  0,  0,  0
2596921.56129060, -1.153550,    0,    2, -2, 0.00, 0.00, 0.00,  0,  0,  0
2596921.56379060, 0.083462,    0,    2, -2, 0.00, 0.00, 0.00,  0,  0,  0
2596921.56629060, 0.538613,    0,    2, -2, 0.00, 0.00, 0.00,  0,  0,  0
2596921.56879060, 1.034383,    0,    2, -2, 0.00, 0.00, 0.00,  0,  0,  0
2596921.57129060, 0.279000,    0,    2, -2, 0.00, 0.00, 0.00,  0,  0,  0
2596921.57379060, -0.551363,    0,    2, -2, 0.00, 0.00, 0.00,  0,  0,  0
2596921.57629060, -0.861883,    0,    2, -2, 0.00, 0.00, 0.00,  0,  0,  0
2596921.57879060, -1.111873,    0,    2, -2, 0.00, 0.00, 0.00,  0,  0,  0
2596921.58129060, -0.944895,    0,    2, -2, 0.00, 0.00, 0.00,  0,  0,  0
2596921.58379060, -0.345236,    0,    2, -2, 0.00, 0.00, 0.00,  0,  0,  0
2596921.58629060, 0.387299,    0,    2, -2, 0.00, 0.00, 0.00,  0,  0,  0
2596921.58879060, 0.570060,    0,    2, -2, 0.00, 0.00, 0.00,  0,  0,  0
2596921.59129060, 0.110981,    0,    2, -2, 0.00, 0.00, 0.00,  0,  0,  0
2596921.59379060, -0.102851,    0,    2, -2, 0.00, 0.00, 0.00,  0,  0,  0
2596921.59629060, -0.405745,    0,    2, -2, 0.00, 0.00, 0.00,  0,  0,  0
2596921.59879060, -0.708640,    0,    2, -2, 0.00, 0.00, 0.00,  0,  0,  0
2596921.60129060, -1.011535,    0,    2, -2, 0.00, 0.00, 0.00,  0,  0,  0
2596921.60379060, 0.287559,    0,    2, -2, 0.00, 0.00, 0.00,  0,  0,  0
2596921.60629060, 1.645376,    0,    2, -2, 0.00, 0.00, 0.00,  0,  0,  0
2596921.60879060, 2.208444,    0,    2, -2, 0.00, 0.00, 0.00,  0,  0,  0
2596921.61129060, 2.071585,    0,    2, -2, 0.00, 0.00, 0.00,  0,  0,  0
2596921.61379060, 1.427915,    0,    2, -2, 0.00, 0.00, 0.00,  0,  0,  0
2596921.61629060, 0.278892,    0,    2, -2, 0.00, 0.00, 0.00,  0,  0,  0
2596921.61879060, -0.612414,    0,    2, -2, 0.00, 0.00, 0.00,  0,  0,  0
2596921.62129060, -0.360490,    0,    2, -2, 0.00, 0.00, 0.00,  0,  0,  0
2596921.62379060, 0.276710,    0,    2, -2, 0.00, 0.00, 0.00,  0,  0,  0
2596921.62629060, 1.007076,    0,    2, -2, 0.00, 0.00, 0.00,  0,  0,  0
2596921.62879060, 1.898274,    0,    2, -2, 0.00, 0.00, 0.00,  0,  0,  0
2596921.63379060, -0.572495,    0,    2, -2, 0.00, 0.00, 0.00,  0,  0,  0
2596921.63629060, -1.338688,    0,    2, -2, 0.00, 0.00, 0.00,  0,  0,  0
2596921.63879060, -1.147275,    0,    2, -2, 0.00, 0.00, 0.00,  0,  0,  0
2596921.64129060, -0.094861,    0,    2, -2, 0.00, 0.00, 0.00,  0,  0,  0
2596921.64379060, 0.810926,    0,    2, -2, 0.00, 0.00, 0.00,  0,  0,  0
2596921.64629060, 1.038808,    0,    2, -2, 0.00, 0.00, 0.00,  0,  0,  0
2596921.64879060, 1.054423,    0,    2, -2, 0.00, 0.00, 0.00,  0,  0,  0
2596921.65129060, 0.758935,    0,    2, -2, 0.00, 0.00, 0.00,  0,  0,  0
2596921.65379060, -0.525455,    0,    2, -2, 0.00, 0.00, 0.00,  0,  0,  0
2596921.65629060, -1.098493,    0,    2, -2, 0.00, 0.00, 0.00,  0,  0,  0
2596921.65879060, -1.064320,    0,    2, -2, 0.00, 0.00, 0.00,  0,  0,  0
2596921.66129060, -0.317785,    0,    2, -2, 0.00, 0.00, 0.00,  0,  0,  0
2596921.66379060, 0.378251,    0,    2, -2, 0.00, 0.00, 0.00,  0,  0,  0
2596921.66629060, 0.378251,    0,    2, -2, 0.00, 0.00, 0.00,  0,  0,  0
2596921.66879060, 0.512139,    0,    2, -2, 0.00, 0.00, 0.00,  0,  0,  0
2596921.67129060, 0.614149,    0,    2, -2, 0.00, 0.00, 0.00,  0,  0,  0
2596921.67379060, -0.447501,    0,    2, -2, 0.00, 0.00, 0.00,  0,  0,  0
2596921.67629060, -1.302205,    0,    2, -2, 0.00, 0.00, 0.00,  0,  0,  0
2596921.67879060, -1.891706,    0,    2, -2, 0.00, 0.00, 0.00,  0,  0,  0
2596921.68129060, -1.280125,    0,    2, -2, 0.00, 0.00, 0.00,  0,  0,  0
2596921.68379060, 0.471438,    0,    2, -2, 0.00, 0.00, 0.00,  0,  0,  0
2596921.68629060, 0.906687,    0,    2, -2, 0.00, 0.00, 0.00,  0,  0,  0
2596921.68879060, 1.142929,    0,    2, -2, 0.00, 0.00, 0.00,  0,  0,  0
2596921.69129060, 0.875453,    0,    2, -2, 0.00, 0.00, 0.00,  0,  0,  0
2596921.69379060, -0.854793,    0,    2, -2, 0.00, 0.00, 0.00,  0,  0,  0
2596921.69629060, -1.550192,    0,    2, -2, 0.00, 0.00, 0.00,  0,  0,  0
2596921.69879060, -1.257443,    0,    2, -2, 0.00, 0.00, 0.00,  0,  0,  0
2596921.70129060, -0.607598,    0,    2, -2, 0.00, 0.00, 0.00,  0,  0,  0
2596921.70379060, 0.617158,    0,    2, -2, 0.00, 0.00, 0.00,  0,  0,  0
2596921.70629060, 0.994921,    0,    2, -2, 0.00, 0.00, 0.00,  0,  0,  0
2596921.70879060, 1.271844,    0,    2, -2, 0.00, 0.00, 0.00,  0,  0,  0
2596921.71129060, 0.826948,    0,    2, -2, 0.00, 0.00, 0.00,  0,  0,  0
2596921.71379060, 0.223027,    0,    2, -2, 0.00, 0.00, 0.00,  0,  0,  0
2596921.71629060, -0.361278,    0,    2, -2, 0.00, 0.00, 0.00,  0,  0,  0
2596921.71879060, -0.885290,    0,    2, -2, 0.00, 0.00, 0.00,  0,  0,  0
2596921.72129060, -1.132202,    0,    2, -2, 0.00, 0.00, 0.00,  0,  0,  0
2596921.72379060, -0.627630,    0,    2, -2, 0.00, 0.00, 0.00,  0,  0,  0
2596921.72629060, -0.123057,    0,    2, -2, 0.00, 0.00, 0.00,  0,  0,  0
2596921.72879060, 0.471848,    0,    2, -2, 0.00, 0.00, 0.00,  0,  0,  0
2596921.73129060, 1.048902,    0,    2, -2, 0.00, 0.00, 0.00,  0,  0,  0
2596921.73379060, 0.258201,    0,    2, -2, 0.00, 0.00, 0.00,  0,  0,  0
2596921.73629060, -0.403557,    0,    2, -2, 0.00, 0.00, 0.00,  0,  0,  0
2596921.73879060, -0.978447,    0,    2, -2, 0.00, 0.00, 0.00,  0,  0,  0
2596921.74129060, 0.032771,    0,    2, -2, 0.00, 0.00, 0.00,  0,  0,  0
2596921.74379060, 1.367921,    0,    2, -2, 0.00, 0.00, 0.00,  0,  0,  0
2596921.74629060, 1.446831,    0,    2, -2, 0.00, 0.00, 0.00,  0,  0,  0
2596921.74879060, 1.147989,    0,    2, -2, 0.00, 0.00, 0.00,  0,  0,  0
2596921.75129060, 0.292166,    0,    2, -2, 0.00, 0.00, 0.00,  0,  0,  0
2596921.75379060, -0.800405,    0,    2, -2, 0.00, 0.00, 0.00,  0,  0,  0
2596921.75629060, -1.360346,    0,    2, -2, 0.00, 0.00, 0.00,  0,  0,  0
2596921.75879060, -1.546095,    0,    2, -2, 0.00, 0.00, 0.00,  0,  0,  0
2596921.76129060, -1.266681,    0,    2, -2, 0.00, 0.00, 0.00,  0,  0,  0
2596921.76379060, 0.527802,    0,    2, -2, 0.00, 0.00, 0.00,  0,  0,  0
2596921.76629060, 1.496247,    0,    2, -2, 0.00, 0.00, 0.00,  0,  0,  0
2596921.76879060, 1.305391,    0,    2, -2, 0.00, 0.00, 0.00,  0,  0,  0
2596921.77129060, 0.557551,    0,    2, -2, 0.00, 0.00, 0.00,  0,  0,  0
2596921.77379060, -0.772649,    0,    2, -2, 0.00, 0.00, 0.00,  0,  0,  0
2596921.77629060, -1.028655,    0,    2, -2, 0.00, 0.00, 0.00,  0,  0,  0
2596921.77879060, -1.284661,    0,    2, -2, 0.00, 0.00, 0.00,  0,  0,  0
2596921.78129060, -1.540667,    0,    2, -2, 0.00, 0.00, 0.00,  0,  0,  0
2596921.78379060, -0.833693,    0,    2, -2, 0.00, 0.00, 0.00,  0,  0,  0
2596921.78629060, 0.229379,    0,    2, -2, 0.00, 0.00, 0.00,  0,  0,  0
2596921.78879060, 0.654630,    0,    2, -2, 0.00, 0.00, 0.00,  0,  0,  0
2596921.79129060, 0.609699,    0,    2, -2, 0.00, 0.00, 0.00,  0,  0,  0
2596921.79379060, -0.691489,    0,    2, -2, 0.00, 0.00, 0.00,  0,  0,  0
2596921.79629060, -1.235544,    0,    2, -2, 0.00, 0.00, 0.00,  0,  0,  0
2596921.79879060, -1.219313,    0,    2, -2, 0.00, 0.00, 0.00,  0,  0,  0
2596921.80129060, -1.124889,    0,    2, -2, 0.00, 0.00, 0.00,  0,  0,  0
2596921.80379060, 0.290638,    0,    2, -2, 0.00, 0.00, 0.00,  0,  0,  0
2596921.80629060, 1.289579,    0,    2, -2, 0.00, 0.00, 0.00,  0,  0,  0
2596921.80879060, 1.178481,    0,    2, -2, 0.00, 0.00, 0.00,  0,  0,  0
2596921.81379060, -0.712212,    0,    2, -2, 0.00, 0.00, 0.00,  0,  0,  0
2596921.81629060, -1.378416,    0,    2, -2, 0.00, 0.00, 0.00,  0,  0,  0
2596921.81879060, -1.454509,    0,    2, -2, 0.00, 0.00, 0.00,  0,  0,  0
2596921.82129060, -0.256673,    0,    2, -2, 0.00, 0.00, 0.00,  0,  0,  0
2596921.82379060, 0.613449,    0,    2, -2, 0.00, 0.00, 0.00,  0,  0,  0
2596921.82629060, 1.153904,    0,    2, -2, 0.00, 0.00, 0.00,  0,  0,  0
2596921.82879060, 1.031873,    0,    2, -2, 0.00, 0.00, 0.00,  0,  0,  0
2596921.83129060, 0.544154,    0,    2, -2, 0.00, 0.00, 0.00,  0,  0,  0
2596921.83379060, -0.449035,    0,    2, -2, 0.00, 0.00, 0.00,  0,  0,  0
2596921.83629060, -1.203091,    0,    2, -2, 0.00, 0.00, 0.00,  0,  0,  0
2596921.83879060, -1.288157,    0,    2, -2, 0.00, 0.00, 0.00,  0,  0,  0
2596921.84129060, -1.373222,    0,    2, -2, 0.00, 0.00, 0.00,  0,  0,  0
2596921.84379060, -1.458288,    0,    2, -2, 0.00, 0.00, 0.00,  0,  0,  0
2596921.84629060, -0.346419,    0,    2, -2, 0.00, 0.00, 0.00,  0,  0,  0
2596921.84879060, 0.980795,    0,    2, -2, 0.00, 0.00, 0.00,  0,  0,  0
2596921.85129060, 0.881214,    0,    2, -2, 0.00, 0.00, 0.00,  0,  0,  0
2596921.85379060, 0.314116,    0,    2, -2, 0.00, 0.00, 0.00,  0,  0,  0
2596921.85629060, -0.554206,    0,    2, -2, 0.00, 0.00, 0.00,  0,  0,  0
2596921.85879060, -1.212856,    0,    2, -2, 0.00, 0.00, 0.00,  0,  0,  0
2596921.86129060, -1.431065,    0,    2, -2, 0.00, 0.00, 0.00,  0,  0,  0
2596921.86379060, 0.399619,    0,    2, -2, 0.00, 0.00, 0.00,  0,  0,  0
2596921.86629060, 1.200861,    0,    2, -2, 0.00, 0.00, 0.00,  0,  0,  0
2596921.86879060, 1.372496,    0,    2, -2, 0.00, 0.00, 0.00,  0,  0,  0
2596921.87129060, 0.542915,    0,    2, -2, 0.00, 0.00, 0.00,  0,  0,  0
2596921.87379060, -0.439064,    0,    2, -2, 0.00, 0.00, 0.00,  0,  0,  0
2596921.87629060, -1.098183,    0,    2, -2, 0.00, 0.00, 0.00,  0,  0,  0
2596921.87879060, -1.257443,    0,    2, -2, 0.00, 0.00, 0.00,  0,  0,  0
2596921.88129060, -0.761016,    0,    2, -2, 0.00, 0.00, 0.00,  0,  0,  0
2596921.88379060, 0.873161,    0,    2, -2, 0.00, 0.00, 0.00,  0,  0,  0
2596921.88629060, 1.361564,    0,    2, -2, 0.00, 0.00, 0.00,  0,  0,  0
2596921.88879060, 1.147989,    0,    2, -2, 0.00, 0.00, 0.00,  0,  0,  0
2596921.89129060, 0.856756,    0,    2, -2, 0.00, 0.00, 0.00,  0,  0,  0
2596921.89379060, -0.067830,    0,    2, -2, 0.00, 0.00, 0.00,  0,  0,  0
2596921.89629060, -1.408611,    0,    2, -2, 0.00, 0.00, 0.00,  0,  0,  0
2596921.89879060, -1.214680,    0,    2, -2, 0.00, 0.00, 0.00,  0,  0,  0
2596921.90129060, -1.214680,    0,    2, -2, 0.00, 0.00, 0.00,  0,  0,  0
2596921.90379060, -0.643636,    0,    2, -2, 0.00, 0.00, 0.00,  0,  0,  0
2596921.90629060, 0.743875,    0,    2, -2, 0.00, 0.00, 0.00,  0,  0,  0
2596921.90879060, 1.303576,    0,    2, -2, 0.00, 0.00, 0.00,  0,  0,  0
2596921.91129060, 1.105471,    0,    2, -2, 0.00, 0.00, 0.00,  0,  0,  0
2596921.91379060, 0.907365,    0,    2, -2, 0.00, 0.00, 0.00,  0,  0,  0
2596921.91629060, 0.709260,    0,    2, -2, 0.00, 0.00, 0.00,  0,  0,  0
2596921.91879060, -0.725673,    0,    2, -2, 0.00, 0.00, 0.00,  0,  0,  0
2596921.92129060, -1.322888,    0,    2, -2, 0.00, 0.00, 0.00,  0,  0,  0
2596921.92379060, -1.153097,    0,    2, -2, 0.00, 0.00, 0.00,  0,  0,  0
2596921.92629060, -0.983307,    0,    2, -2, 0.00, 0.00, 0.00,  0,  0,  0
2596921.92879060, 0.639984,    0,    2, -2, 0.00, 0.00, 0.00,  0,  0,  0
2596921.93129060, 0.742832,    0,    2, -2, 0.00, 0.00, 0.00,  0,  0,  0
2596921.93379060, -0.383546,    0,    2, -2, 0.00, 0.00, 0.00,  0,  0,  0
2596921.93879060, -1.289515,    0,    2, -2, 0.00, 0.00, 0.00,  0,  0,  0
2596921.94129060, -0.506919,    0,    2, -2, 0.00, 0.00, 0.00,  0,  0,  0
2596921.94379060, 0.315181,    0,    2, -2, 0.00, 0.00, 0.00,  0,  0,  0
2596921.94629060, 1.235689,    0,    2, -2, 0.00, 0.00, 0.00,  0,  0,  0
2596921.94879060, 0.819053,    0,    2, -2, 0.00, 0.00, 0.00,  0,  0,  0
2596921.95129060, -0.179663,    0,    2, -2, 0.00, 0.00, 0.00,  0,  0,  0
2596921.95379060, -0.837079,    0,    2, -2, 0.00, 0.00, 0.00,  0,  0,  0
2596921.95629060, -0.979482,    0,    2, -2, 0.00, 0.00, 0.00,  0,  0,  0
2596921.95879060, -1.275233,    0,    2, -2, 0.00, 0.00, 0.00,  0,  0,  0
2596921.96129060, -1.200563,    0,    2, -2, 0.00, 0.00, 0.00,  0,  0,  0
2596921.96379060, -0.967387,    0,    2, -2, 0.00, 0.00, 0.00,  0,  0,  0
2596921.96629060, -0.651977,    0,    2, -2, 0.00, 0.00, 0.00,  0,  0,  0
2596921.96879060, 1.465219,    0,    2, -2, 0.00, 0.00, 0.00,  0,  0,  0
2596921.97129060, 1.000483,    0,    2, -2, 0.00, 0.00, 0.00,  0,  0,  0
2596921.97379060, 0.535748,    0,    2, -2, 0.00, 0.00, 0.00,  0,  0,  0
2596921.97629060, -0.130651,    0,    2, -2, 0.00, 0.00, 0.00,  0,  0,  0
2596921.97879060, -0.980917,    0,    2, -2, 0.00, 0.00, 0.00,  0,  0,  0
2596921.98129060, -1.266889,    0,    2, -2, 0.00, 0.00, 0.00,  0,  0,  0
2596921.98379060, -0.137172,    0,    3, -3, 0.00, 0.00, 0.00,  0,  0,  0
2596921.98629060, 0.956019,    0,    3, -3, 0.00, 0.00, 0.00,  0,  0,  0
2596921.98879060, 1.149719,    0,    3, -3, 0.00, 0.00, 0.00,  0,  0,  0
2596921.99129060, 0.525901,    0,    4, -4, 0.00, 0.00, 0.00,  0,  0,  0
2596921.99379060, -0.712760,    0,    4, -4, 0.00, 0.00, 0.00,  0,  0,  0
2596921.99629060, -1.289515,    0,    4, -4, 0.00, 0.00, 0.00,  0,  0,  0
2596921.99879060, -1.429065,    0,    4, -4, 0.00, 0.00, 0.00,  0,  0,  0
2596922.00129060, -0.579492,    0,    4, -4, 0.00, 0.00, 0.00,  0,  0,  0
2596922.00379060, 0.104063,    0,    3, -3, 0.00, 0.00, 0.00,  0,  0,  0
2596922.00629060, 0.701184,    0,    3, -3, 0.00, 0.00, 0.00,  0,  0,  0
2596922.00879060, 1.068159,    0,    3, -3, 0.00, 0.00, 0.00,  0,  0,  0
2596922.01129060, 0.445764,    0,    3, -3, 0.00, 0.00, 0.00,  0,  0,  0
2596922.01379060, 0.081418,    0,    2, -2, 0.00, 0.00, 0.00,  0,  0,  0
2596922.01629060, -0.458519,    0,    2, -2, 0.00, 0.00, 0.00,  0,  0,  0
2596922.01879060, -0.802768,    0,    2, -2, 0.00, 0.00, 0.00,  0,  0,  0
2596922.02129060, -0.531249,    0,    2, -2, 0.00, 0.00, 0.00,  0,  0,  0
2596922.02379060, -0.128892,    0,    2, -2, 0.00, 0.00, 0.00,  0,  0,  0
2596922.02629060, 0.745369,    0,    2, -2, 0.00, 0.00, 0.00,  0,  0,  0
2596922.02879060, 1.335743,    0,    2, -2, 0.00, 0.00, 0.00,  0,  0,  0
2596922.03129060, 0.485159,    0,    2, -2, 0.00, 0.00, 0.00,  0,  0,  0
2596922.03379060, 0.260360,    0,    2, -2, 0.00, 0.00, 0.00,  0,  0,  0
2596922.03629060, -0.074223,    0,    2, -2, 0.00, 0.00, 0.00,  0,  0,  0
2596922.03879060, -0.401876,    0,    2, -2, 0.00, 0.00, 0.00,  0,  0,  0
2596922.04129060, -0.602596,    0,    2, -2, 0.00, 0.00, 0.00,  0,  0,  0
2596922.04379060, -0.270470,    0,    2, -2, 0.00, 0.00, 0.00,  0,  0,  0
2596922.04629060, 1.062797,    0,    2, -2, 0.00, 0.00, 0.00,  0,  0,  0
2596922.04879060, 1.449834,    0,    2, -2, 0.00, 0.00, 0.00,  0,  0,  0
2596922.05129060, 0.474249,    0,    2, -2, 0.00, 0.00, 0.00,  0,  0,  0
2596922.05379060, -0.683162,    0,    2, -2, 0.00, 0.00, 0.00,  0,  0,  0
2596922.05629060, -1.182607,    0,    2, -2, 0.00, 0.00, 0.00,  0,  0,  0
2596922.05879060, -1.339164,    0,    2, -2, 0.00, 0.00, 0.00,  0,  0,  0
2596922.06129060, -0.790363,    0,    2, -2, 0.00, 0.00, 0.00,  0,  0,  0
2596922.06379060, 0.456803,    0,    2, -2, 0.00, 0.00, 0.00,  0,  0,  0
2596922.06629060, 0.966246,    0,    2, -2, 0.00, 0.00, 0.00,  0,  0,  0
2596922.06879060, 1.193587,    0,    2, -2, 0.00, 0.00, 0.00,  0,  0,  0
2596922.07129060, 0.583884,    0,    2, -2, 0.00, 0.00, 0.00,  0,  0,  0
2596922.07379060, -0.447534,    0,    2, -2, 0.00, 0.00, 0.00,  0,  0,  0
2596922.07629060, -1.022245,    0,    2, -2, 0.00, 0.00, 0.00,  0,  0,  0
2596922.07879060, -1.257632,    0,    2, -2, 0.00, 0.00, 0.00,  0,  0,  0
2596922.08129060, -0.443934,    0,    2, -2, 0.00, 0.00, 0.00,  0,  0,  0
2596922.08379060, 0.687280,    0,    2, -2, 0.00, 0.00, 0.00,  0,  0,  0
2596922.08629060, 1.515241,    0,    2, -2, 0.00, 0.00, 0.00,  0,  0,  0
2596922.08879060, 1.012797,    0,    2, -2, 0.00, 0.00, 0.00,  0,  0,  0
2596922.09129060, 0.172880,    0,    2, -2, 0.00, 0.00, 0.00,  0,  0,  0
2596922.09379060, -0.688796,    0,    2, -2, 0.00, 0.00, 0.00,  0,  0,  0
2596922.09629060, -1.056258,    0,    2, -2, 0.00, 0.00, 0.00,  0,  0,  0
2596922.09879060, -1.423720,    0,    2, -2, 0.00, 0.00, 0.00,  0,  0,  0
2596922.10129060, -1.531738,    0,    2, -2, 0.00, 0.00, 0.00,  0,  0,  0
2596922.10379060, -1.339232,    0,    2, -2, 0.00, 0.00, 0.00,  0,  0,  0
2596922.10629060, -1.146726,    0,    2, -2, 0.00, 0.00, 0.00,  0,  0,  0
2596922.10879060, -0.570065,    0,    2, -2, 0.00, 0.00, 0.00,  0,  0,  0
2596922.11129060, 0.517232,    0,    2, -2, 0.00, 0.00, 0.00,  0,  0,  0
2596922.11379060, 0.517232,    0,    2, -2, 0.00, 0.00, 0.00,  0,  0,  0
2596922.11629060, -0.408798,    0,    2, -2, 0.00, 0.00, 0.00,  0,  0,  0
2596922.11879060, -1.595590,    0,    2, -2, 0.00, 0.00, 0.00,  0,  0,  0
2596922.12129060, -0.672122,    0,    2, -2, 0.00, 0.00, 0.00,  0,  0,  0
2596922.12379060, 0.754027,    0,    2, -2, 0.00, 0.00, 0.00,  0,  0,  0
2596922.12629060, 1.169371,    0,    3, -3, 0.00, 0.00, 0.00,  0,  0,  0
2596922.12879060, 1.289635,    0,    3, -3, 0.00, 0.00, 0.00,  0,  0,  0
2596922.13129060, 0.394174,    0,    3, -3, 0.00, 0.00, 0.00,  0,  0,  0
2596922.13379060, -0.530444,    0,    3, -3, 0.00, 0.00, 0.00,  0,  0,  0
2596922.13629060, -0.851192,    0,    4, -4, 0.00, 0.00, 0.00,  0,  0,  0
2596922.13879060, -1.353082,    0,    4, -4, 0.00, 0.00, 0.00,  0,  0,  0
