Time (s), Force (mN), hv_set (V), hv_vm (V), hv_err (V), lv_set (V), lv_vm (V), lv_err (V), cm_w1 (uA), cm_w2 (uA), cm_w3 (uA)
2586415.83976320, 44855.145169, 1000,  998, 2, 0.79, 0.83, -0.04,  0,  0,  0
2586415.84226320, 44855.145169, 1000,  998, 2, 0.79, 0.83, -0.04,  0,  0,  0
2586415.84476320, 44855.145169, 1000,  998, 2, 0.79, 0.83, -0.04,  0,  0,  0
2586415.84726320, 44855.145169, 1000,  998, 2, 0.79, 0.83, -0.04,  0,  0,  0
2586415.84976320, 44855.145169, 1000,  998, 2, 0.79, 0.83, -0.04,  0,  0,  0
2586415.85226320, 44855.337603, 1000,  998, 2, 0.79, 0.83, -0.04,  0,  0,  0
2586415.85476320, 44855.545126, 1000,  998, 2, 0.79, 0.83, -0.04,  0,  0,  0
2586415.85726320, 44856.430195, 1000,  998, 2, 0.79, 0.83, -0.04,  0,  0,  0
2586415.85976320, 44857.522754, 1000,  998, 2, 0.79, 0.83, -0.04,  0,  0,  0
2586415.86226320, 44857.807180, 1000,  998, 2, 0.79, 0.83, -0.04,  0,  0,  0
2586415.86476320, 44857.514274, 1000,  998, 2, 0.79, 0.83, -0.04,  0,  0,  0
2586415.86726320, 44856.497915, 1000,  998, 2, 0.79, 0.83, -0.04,  0,  0,  0
2586415.87226320, 44854.941207, 1000,  998, 2, 0.79, 0.83, -0.04,  0,  0,  0
2586415.87476320, 44855.718831, 1000,  998, 2, 0.79, 0.83, -0.04,  0,  0,  0
2586415.87726320, 44857.101719, 1000,  998, 2, 0.79, 0.83, -0.04,  0,  0,  0
2586415.87976320, 44858.066835, 1000,  998, 2, 0.79, 0.83, -0.04,  0,  0,  0
2586415.88226320, 44858.000732, 1000,  998, 2, 0.79, 0.83, -0.04,  0,  0,  0
2586415.88476320, 44857.849446, 1000,  998, 2, 0.79, 0.83, -0.04,  0,  0,  0
2586415.88726320, 44857.698160, 1000,  998, 2, 0.79, 0.83, -0.04,  0,  0,  0
2586415.88976320, 44855.646357, 1000,  998, 2, 0.79, 0.83, -0.04,  0,  0,  0
2586415.89226320, 44855.144530, 1000,  998, 2, 0.79, 0.83, -0.04,  0,  0,  0
2586415.89476320, 44855.372867, 1000,  998, 2, 0.79, 0.83, -0.04,  0,  0,  0
2586415.89726320, 44856.308287, 1000,  998, 2, 0.79, 0.83, -0.04,  0,  0,  0
2586415.89976320, 44857.492299, 1000,  998, 2, 0.79, 0.83, -0.04,  0,  0,  0
2586415.90226320, 44857.553350, 1000,  998, 2, 0.79, 0.83, -0.04,  0,  0,  0
2586415.90476320, 44857.342625, 1000,  998, 2, 0.79, 0.83, -0.04,  0,  0,  0
2586415.90726320, 44856.836831, 1000,  998, 2, 0.79, 0.83, -0.04,  0,  0,  0
2586415.90976320, 44856.609522, 1000,  998, 2, 0.79, 0.83, -0.04,  0,  0,  0
2586415.91226320, 44856.382212, 1000,  998, 2, 0.79, 0.83, -0.04,  0,  0,  0
2586415.91476320, 44856.154902, 1000,  998, 2, 0.79, 0.83, -0.04,  0,  0,  0
2586415.91726320, 44856.602113, 1000,  998, 2, 0.79, 0.83, -0.04,  0,  0,  0
2586415.91976320, 44857.518296, 1000,  998, 2, 0.79, 0.83, -0.04,  0,  0,  0
2586415.92226320, 44857.927241, 1000,  998, 2, 0.79, 0.83, -0.04,  0,  0,  0
2586415.92476320, 44857.825415, 1000,  998, 2, 0.79, 0.83, -0.04,  0,  0,  0
2586415.92726320, 44856.869464, 1000,  998, 2, 0.79, 0.83, -0.04,  0,  0,  0
2586415.92976320, 44855.821324, 1000,  998, 2, 0.79, 0.83, -0.04,  0,  0,  0
2586415.93226320, 44855.225240, 1000,  997, 3, 0.79, 0.83, -0.04,  0,  0,  0
2586415.93476320, 44855.213161, 1000,  997, 3, 0.79, 0.83, -0.04,  0,  0,  0
2586415.93726320, 44855.711750, 1000,  997, 3, 0.79, 0.83, -0.04,  0,  0,  0
2586415.93976320, 44857.145378, 1000,  997, 3, 0.79, 0.83, -0.04,  0,  0,  0
2586415.94226320, 44857.642283, 1000,  996, 4, 0.79, 0.83, -0.04,  0,  0,  0
2586415.94476320, 44857.723796, 1000,  996, 4, 0.79, 0.83, -0.04,  0,  0,  0
2586415.94726320, 44857.805310, 1000,  996, 4, 0.79, 0.83, -0.04,  0,  0,  0
2586415.94976320, 44857.886824, 1000,  996, 4, 0.79, 0.83, -0.04,  0,  0,  0
2586415.95226320, 44856.257267, 1000,  996, 4, 0.79, 0.83, -0.04,  0,  0,  0
2586415.95476320, 44855.475034, 1000,  996, 4, 0.79, 0.83, -0.04,  0,  0,  0
2586415.95726320, 44856.480715, 1000,  996, 4, 0.79, 0.83, -0.04,  0,  0,  0
2586415.95976320, 44857.477858, 1000,  997, 3, 0.79, 0.83, -0.04,  0,  0,  0
2586415.96226320, 44857.499331, 1000,  997, 3, 0.79, 0.83, -0.04,  0,  0,  0
2586415.96476320, 44857.203290, 1000,  997, 3, 0.79, 0.83, -0.04,  0,  0,  0
2586415.96726320, 44856.717080, 1000,  997, 3, 0.79, 0.83, -0.04,  0,  0,  0
2586415.96976320, 44855.847270, 1000,  998, 2, 0.79, 0.83, -0.04,  0,  0,  0
2586415.97226320, 44855.129934, 1000,  998, 2, 0.79, 0.83, -0.04,  0,  0,  0
2586415.97476320, 44855.164100, 1000,  998, 2, 0.79, 0.83, -0.04,  0,  0,  0
2586415.97726320, 44855.198266, 1000,  998, 2, 0.79, 0.83, -0.04,  0,  0,  0
2586415.97976320, 44855.232432, 1000,  998, 2, 0.79, 0.83, -0.04,  0,  0,  0
2586415.98226320, 44855.266598, 1000,  998, 2, 0.79, 0.83, -0.04,  0,  0,  0
2586415.98476320, 44855.515674, 1000,  998, 2, 0.79, 0.83, -0.04,  0,  0,  0
2586415.98726320, 44856.789232, 1000,  998, 2, 0.79, 0.83, -0.04,  0,  0,  0
2586415.98976320, 44856.049544, 1000,  998, 2, 0.79, 0.83, -0.04,  0,  0,  0
2586415.99226320, 44855.292057, 1000,  998, 2, 0.79, 0.83, -0.04,  0,  0,  0
2586415.99476320, 44855.581153, 1000,  998, 2, 0.79, 0.83, -0.04,  0,  0,  0
2586415.99726320, 44856.562092, 1000,  998, 2, 0.79, 0.83, -0.04,  0,  0,  0
2586415.99976320, 44857.478204, 1000,  998, 2, 0.79, 0.83, -0.04,  0,  0,  0
2586416.00226320, 44857.696213, 1000,  998, 2, 0.79, 0.83, -0.04,  0,  0,  0
2586416.00476320, 44857.176422, 1000,  998, 2, 0.79, 0.83, -0.04,  0,  0,  0
2586416.00726320, 44857.176422, 1000,  998, 2, 0.79, 0.83, -0.04,  0,  0,  0
2586416.00976320, 44856.640081, 1000,  998, 2, 0.79, 0.83, -0.04,  0,  0,  0
2586416.01226320, 44855.298735, 1000,  998, 2, 0.79, 0.83, -0.04,  0,  0,  0
2586416.01476320, 44855.603342, 1000,  998, 2, 0.79, 0.83, -0.04,  0,  0,  0
2586416.01726320, 44856.203794, 1000,  998, 2, 0.79, 0.83, -0.04,  0,  0,  0
2586416.01976320, 44856.804247, 1000,  998, 2, 0.79, 0.83, -0.04,  0,  0,  0
2586416.02226320, 44857.804412, 1000,  998, 2, 0.79, 0.83, -0.04,  0,  0,  0
2586416.02476320, 44857.791638, 1000,  998, 2, 0.79, 0.83, -0.04,  0,  0,  0
2586416.02726320, 44857.778864, 1000,  998, 2, 0.79, 0.83, -0.04,  0,  0,  0
2586416.02976320, 44856.517776, 1000,  998, 2, 0.79, 0.83, -0.04,  0,  0,  0
2586416.03226320, 44854.932953, 1000,  998, 2, 0.79, 0.83, -0.04,  0,  0,  0
2586416.03476320, 44855.300778, 1000,  998, 2, 0.79, 0.83, -0.04,  0,  0,  0
2586416.03726320, 44856.824538, 1000,  998, 2, 0.79, 0.83, -0.04,  0,  0,  0
2586416.03976320, 44857.550601, 1000,  998, 2, 0.79, 0.83, -0.04,  0,  0,  0
2586416.04226320, 44857.501338, 1000,  998, 2, 0.79, 0.83, -0.04,  0,  0,  0
2586416.04476320, 44857.175707, 1000,  998, 2, 0.79, 0.83, -0.04,  0,  0,  0
2586416.04726320, 44856.123857, 1000,  998, 2, 0.79, 0.83, -0.04,  0,  0,  0
2586416.04976320, 44855.230695, 1000,  998, 2, 0.79, 0.83, -0.04,  0,  0,  0
2586416.05226320, 44855.227243, 1000,  998, 2, 0.79, 0.83, -0.04,  0,  0,  0
2586416.05726320, 44856.826184, 1000,  998, 2, 0.79, 0.83, -0.04,  0,  0,  0
2586416.05976320, 44857.892707, 1000,  998, 2, 0.79, 0.83, -0.04,  0,  0,  0
2586416.06226320, 44857.777224, 1000,  998, 2, 0.79, 0.83, -0.04,  0,  0,  0
2586416.06476320, 44857.333429, 1000,  998, 2, 0.79, 0.83, -0.04,  0,  0,  0
2586416.06726320, 44856.585358, 1000,  998, 2, 0.79, 0.83, -0.04,  0,  0,  0
2586416.06976320, 44855.663587, 1000,  998, 2, 0.79, 0.83, -0.04,  0,  0,  0
2586416.07226320, 44855.290364, 1000,  998, 2, 0.79, 0.83, -0.04,  0,  0,  0
2586416.07476320, 44855.189252, 1000,  998, 2, 0.79, 0.83, -0.04,  0,  0,  0
2586416.07726320, 44855.514169, 1000,  998, 2, 0.79, 0.83, -0.04,  0,  0,  0
2586416.07976320, 44856.342682, 1000,  998, 2, 0.79, 0.83, -0.04,  0,  0,  0
2586416.08226320, 44857.138953, 1000,  998, 2, 0.79, 0.83, -0.04,  0,  0,  0
2586416.08476320, 44857.634803, 1000,  998, 2, 0.79, 0.83, -0.04,  0,  0,  0
2586416.08726320, 44856.859628, 1000,  998, 2, 0.79, 0.83, -0.04,  0,  0,  0
2586416.08976320, 44855.567538, 1000,  998, 2, 0.79, 0.83, -0.04,  0,  0,  0
2586416.09226320, 44855.166543, 1000,  998, 2, 0.79, 0.83, -0.04,  0,  0,  0
2586416.09476320, 44855.203976, 1000,  998, 2, 0.79, 0.83, -0.04,  0,  0,  0
2586416.09726320, 44857.074383, 1000,  998, 2, 0.79, 0.83, -0.04,  0,  0,  0
2586416.09976320, 44858.031687, 1000,  998, 2, 0.79, 0.83, -0.04,  0,  0,  0
2586416.10226320, 44857.976295, 1000,  998, 2, 0.79, 0.83, -0.04,  0,  0,  0
2586416.10476320, 44857.325893, 1000,  998, 2, 0.79, 0.83, -0.04,  0,  0,  0
2586416.10726320, 44856.122435, 1000,  998, 2, 0.79, 0.83, -0.04,  0,  0,  0
2586416.10976320, 44855.604873, 1000,  998, 2, 0.79, 0.83, -0.04,  0,  0,  0
2586416.11226320, 44855.546438, 1000,  998, 2, 0.79, 0.83, -0.04,  0,  0,  0
2586416.11476320, 44855.979490, 1000,  998, 2, 0.79, 0.83, -0.04,  0,  0,  0
2586416.11726320, 44857.142340, 1000,  998, 2, 0.79, 0.83, -0.04,  0,  0,  0
2586416.11976320, 44857.775108, 1000,  998, 2, 0.79, 0.83, -0.04,  0,  0,  0
2586416.12226320, 44857.712498, 1000,  998, 2, 0.79, 0.83, -0.04,  0,  0,  0
2586416.12476320, 44857.502286, 1000,  998, 2, 0.79, 0.83, -0.04,  0,  0,  0
2586416.12726320, 44856.032327, 1000,  998, 2, 0.79, 0.83, -0.04,  0,  0,  0
2586416.12976320, 44855.339396, 1000,  998, 2, 0.79, 0.83, -0.04,  0,  0,  0
2586416.13226320, 44855.285350, 1000,  998, 2, 0.79, 0.83, -0.04,  0,  0,  0
2586416.13476320, 44855.578222, 1000,  998, 2, 0.79, 0.83, -0.04,  0,  0,  0
2586416.13726320, 44856.109600, 1000,  998, 2, 0.79, 0.83, -0.04,  0,  0,  0
2586416.13976320, 44857.444895, 1000,  998, 2, 0.79, 0.83, -0.04,  0,  0,  0
2586416.14226320, 44857.958974, 1000,  998, 2, 0.79, 0.83, -0.04,  0,  0,  0
2586416.14476320, 44857.186073, 1000,  998, 2, 0.79, 0.83, -0.04,  0,  0,  0
2586416.14726320, 44856.022299, 1000,  998, 2, 0.79, 0.83, -0.04,  0,  0,  0
2586416.14976320, 44855.248811, 1000,  998, 2, 0.79, 0.83, -0.04,  0,  0,  0
2586416.15226320, 44855.194507, 1000,  998, 2, 0.79, 0.83, -0.04,  0,  0,  0
2586416.15476320, 44855.639103, 1000,  998, 2, 0.79, 0.83, -0.04,  0,  0,  0
2586416.15726320, 44856.929237, 1000,  998, 2, 0.79, 0.83, -0.04,  0,  0,  0
2586416.15976320, 44857.807180, 1000,  998, 2, 0.79, 0.83, -0.04,  0,  0,  0
2586416.16226320, 44857.790145, 1000,  998, 2, 0.79, 0.83, -0.04,  0,  0,  0
2586416.16476320, 44857.285705, 1000,  998, 2, 0.79, 0.83, -0.04,  0,  0,  0
2586416.16726320, 44856.305056, 1000,  998, 2, 0.79, 0.83, -0.04,  0,  0,  0
2586416.16976320, 44855.565607, 1000,  998, 2, 0.79, 0.83, -0.04,  0,  0,  0
2586416.17226320, 44855.192733, 1000,  998, 2, 0.79, 0.83, -0.04,  0,  0,  0
2586416.17476320, 44856.059719, 1000,  998, 2, 0.79, 0.83, -0.04,  0,  0,  0
2586416.17726320, 44857.272711, 1000,  998, 2, 0.79, 0.83, -0.04,  0,  0,  0
2586416.17976320, 44857.436679, 1000,  998, 2, 0.79, 0.83, -0.04,  0,  0,  0
2586416.18226320, 44857.840431, 1000,  998, 2, 0.79, 0.83, -0.04,  0,  0,  0
2586416.18476320, 44857.448047, 1000,  998, 2, 0.79, 0.83, -0.04,  0,  0,  0
2586416.18726320, 44856.259891, 1000,  998, 2, 0.79, 0.83, -0.04,  0,  0,  0
2586416.18976320, 44856.084604, 1000,  998, 2, 0.79, 0.83, -0.04,  0,  0,  0
2586416.19226320, 44855.670432, 1000,  998, 2, 0.79, 0.83, -0.04,  0,  0,  0
2586416.19476320, 44855.997181, 1000,  998, 2, 0.79, 0.83, -0.04,  0,  0,  0
2586416.19726320, 44856.427556, 1000,  998, 2, 0.79, 0.83, -0.04,  0,  0,  0
2586416.19976320, 44857.471173, 1000,  998, 2, 0.79, 0.83, -0.04,  0,  0,  0
2586416.20226320, 44857.914269, 1000,  998, 2, 0.79, 0.83, -0.04,  0,  0,  0
2586416.20476320, 44857.857236, 1000,  998, 2, 0.79, 0.83, -0.04,  0,  0,  0
2586416.20726320, 44856.534975, 1000,  998, 2, 0.79, 0.83, -0.04,  0,  0,  0
2586416.20976320, 44855.478313, 1000,  998, 2, 0.79, 0.83, -0.04,  0,  0,  0
2586416.21226320, 44855.268174, 1000,  998, 2, 0.79, 0.83, -0.04,  0,  0,  0
2586416.21476320, 44855.244934, 1000,  998, 2, 0.79, 0.83, -0.04,  0,  0,  0
2586416.21726320, 44856.743203, 1000,  998, 2, 0.79, 0.83, -0.04,  0,  0,  0
2586416.21976320, 44857.922987, 1000,  998, 2, 0.79, 0.83, -0.04,  0,  0,  0
2586416.22226320, 44857.945066, 1000,  998, 2, 0.79, 0.83, -0.04,  0,  0,  0
2586416.22476320, 44857.680331, 1000,  998, 2, 0.79, 0.83, -0.04,  0,  0,  0
2586416.22726320, 44856.490359, 1000,  998, 2, 0.79, 0.83, -0.04,  0,  0,  0
2586416.22976320, 44855.588646, 1000,  998, 2, 0.79, 0.83, -0.04,  0,  0,  0
2586416.23226320, 44855.145169, 1000,  998, 2, 0.79, 0.83, -0.04,  0,  0,  0
2586416.23476320, 44855.257589, 1000,  998, 2, 0.79, 0.83, -0.04,  0,  0,  0
2586416.23726320, 44856.225096, 1000,  998, 2, 0.79, 0.83, -0.04,  0,  0,  0
2586416.24226320, 44857.144565, 1000,  998, 2, 0.79, 0.83, -0.04,  0,  0,  0
2586416.24476320, 44857.070875, 1000,  998, 2, 0.79, 0.83, -0.04,  0,  0,  0
2586416.24726320, 44856.499973, 1000,  998, 2, 0.79, 0.83, -0.04,  0,  0,  0
2586416.24976320, 44855.648992, 1000,  998, 2, 0.79, 0.83, -0.04,  0,  0,  0
2586416.25226320, 44854.931352, 1000,  998, 2, 0.79, 0.83, -0.04,  0,  0,  0
2586416.25476320, 44855.021408, 1000,  998, 2, 0.79, 0.83, -0.04,  0,  0,  0
2586416.25726320, 44855.452626, 1000,  998, 2, 0.79, 0.83, -0.04,  0,  0,  0
2586416.25976320, 44856.919576, 1000,  998, 2, 0.79, 0.83, -0.04,  0,  0,  0
2586416.26226320, 44857.546265, 1000,  998, 2, 0.79, 0.83, -0.04,  0,  0,  0
2586416.26476320, 44857.458518, 1000,  998, 2, 0.79, 0.83, -0.04,  0,  0,  0
2586416.26726320, 44856.313370, 1000,  998, 2, 0.79, 0.83, -0.04,  0,  0,  0
2586416.26976320, 44855.492956, 1000,  998, 2, 0.79, 0.83, -0.04,  0,  0,  0
2586416.27226320, 44854.852906, 1000,  998, 2, 0.79, 0.83, -0.04,  0,  0,  0
2586416.27476320, 44854.869978, 1000,  998, 2, 0.79, 0.83, -0.04,  0,  0,  0
2586416.27726320, 44855.529758, 1000,  998, 2, 0.79, 0.83, -0.04,  0,  0,  0
2586416.27976320, 44856.745733, 1000,  998, 2, 0.79, 0.83, -0.04,  0,  0,  0
2586416.28226320, 44857.477164, 1000,  998, 2, 0.79, 0.83, -0.04,  0,  0,  0
2586416.28476320, 44857.441777, 1000,  998, 2, 0.79, 0.83, -0.04,  0,  0,  0
2586416.28726320, 44856.463088, 1000,  998, 2, 0.79, 0.83, -0.04,  0,  0,  0
2586416.28976320, 44855.439761, 1000,  998, 2, 0.79, 0.83, -0.04,  0,  0,  0
2586416.29226320, 44854.984807, 1000,  998, 2, 0.79, 0.83, -0.04,  0,  0,  0
2586416.29476320, 44855.232759, 1000,  998, 2, 0.79, 0.83, -0.04,  0,  0,  0
2586416.29726320, 44856.515343, 1000,  998, 2, 0.79, 0.83, -0.04,  0,  0,  0
2586416.29976320, 44857.683066, 1000,  998, 2, 0.79, 0.83, -0.04,  0,  0,  0
2586416.30226320, 44857.871325, 1000,  998, 2, 0.79, 0.83, -0.04,  0,  0,  0
2586416.30476320, 44857.642076, 1000,  998, 2, 0.79, 0.83, -0.04,  0,  0,  0
2586416.30726320, 44856.464125, 1000,  998, 2, 0.79, 0.83, -0.04,  0,  0,  0
2586416.30976320, 44855.648946, 1000,  998, 2, 0.79, 0.83, -0.04,  0,  0,  0
2586416.31226320, 44855.273458, 1000,  998, 2, 0.79, 0.83, -0.04,  0,  0,  0
2586416.31476320, 44855.461263, 1000,  998, 2, 0.79, 0.83, -0.04,  0,  0,  0
2586416.31726320, 44856.213089, 1000,  998, 2, 0.79, 0.83, -0.04,  0,  0,  0
2586416.31976320, 44857.004310, 1000,  998, 2, 0.79, 0.83, -0.04,  0,  0,  0
2586416.32226320, 44857.512514, 1000,  998, 2, 0.79, 0.83, -0.04,  0,  0,  0
2586416.32476320, 44857.393997, 1000,  998, 2, 0.79, 0.83, -0.04,  0,  0,  0
2586416.32726320, 44857.218208, 1000,  998, 2, 0.79, 0.83, -0.04,  0,  0,  0
2586416.32976320, 44857.042419, 1000,  998, 2, 0.79, 0.83, -0.04,  0,  0,  0
2586416.33226320, 44855.562110, 1000,  998, 2, 0.79, 0.83, -0.04,  0,  0,  0
2586416.33476320, 44855.562110, 1000,  998, 2, 0.79, 0.83, -0.04,  0,  0,  0
2586416.33726320, 44855.694363, 1000,  998, 2, 0.79, 0.83, -0.04,  0,  0,  0
2586416.33976320, 44857.699820, 1000,  998, 2, 0.79, 0.83, -0.04,  0,  0,  0
2586416.34226320, 44858.291850, 1000,  998, 2, 0.79, 0.83, -0.04,  0,  0,  0
2586416.34476320, 44857.730077, 1000,  998, 2, 0.79, 0.83, -0.04,  0,  0,  0
2586416.34726320, 44856.408508, 1000,  998, 2, 0.79, 0.83, -0.04,  0,  0,  0
2586416.34976320, 44855.151670, 1000,  998, 2, 0.79, 0.83, -0.04,  0,  0,  0
2586416.35226320, 44855.187932, 1000,  998, 2, 0.79, 0.83, -0.04,  0,  0,  0
2586416.35476320, 44855.559889, 1000,  998, 2, 0.79, 0.83, -0.04,  0,  0,  0
2586416.35726320, 44857.090263, 1000,  998, 2, 0.79, 0.83, -0.04,  0,  0,  0
2586416.35976320, 44858.039226, 1000,  998, 2, 0.79, 0.83, -0.04,  0,  0,  0
2586416.36226320, 44857.710963, 1000,  998, 2, 0.79, 0.83, -0.04,  0,  0,  0
2586416.36476320, 44857.439205, 1000,  998, 2, 0.79, 0.83, -0.04,  0,  0,  0
2586416.36726320, 44856.202886, 1000,  998, 2, 0.79, 0.83, -0.04,  0,  0,  0
2586416.37226320, 44854.856517, 1000,  998, 2, 0.79, 0.83, -0.04,  0,  0,  0
2586416.37476320, 44855.016496, 1000,  998, 2, 0.79, 0.83, -0.04,  0,  0,  0
2586416.37726320, 44855.568607, 1000,  998, 2, 0.79, 0.83, -0.04,  0,  0,  0
2586416.37976320, 44857.156294, 1000,  998, 2, 0.79, 0.83, -0.04,  0,  0,  0
2586416.38226320, 44857.732345, 1000,  998, 2, 0.79, 0.83, -0.04,  0,  0,  0
2586416.38476320, 44857.732345, 1000,  998, 2, 0.79, 0.83, -0.04,  0,  0,  0
2586416.38726320, 44857.732345, 1000,  998, 2, 0.79, 0.83, -0.04,  0,  0,  0
2586416.38976320, 44857.600101, 1000,  998, 2, 0.79, 0.83, -0.04,  0,  0,  0
2586416.39226320, 44855.337603, 1000,  998, 2, 0.79, 0.83, -0.04,  0,  0,  0
2586416.39476320, 44855.337603, 1000,  998, 2, 0.79, 0.83, -0.04,  0,  0,  0
2586416.39726320, 44855.337603, 1000,  998, 2, 0.79, 0.83, -0.04,  0,  0,  0
2586416.39976320, 44855.337603, 1000,  998, 2, 0.79, 0.83, -0.04,  0,  0,  0
2586416.40226320, 44856.146501, 1000,  998, 2, 0.79, 0.83, -0.04,  0,  0,  0
2586416.40476320, 44857.462216, 1000,  998, 2, 0.79, 0.83, -0.04,  0,  0,  0
2586416.40726320, 44855.735634, 1000,  998, 2, 0.79, 0.83, -0.04,  0,  0,  0
2586416.40976320, 44854.851492, 1000,  998, 2, 0.79, 0.83, -0.04,  0,  0,  0
2586416.41226320, 44855.305531, 1000,  998, 2, 0.79, 0.83, -0.04,  0,  0,  0
2586416.41476320, 44855.614188, 1000,  998, 2, 0.79, 0.83, -0.04,  0,  0,  0
2586416.41726320, 44856.528460, 1000,  998, 2, 0.79, 0.83, -0.04,  0,  0,  0
2586416.41976320, 44857.451902, 1000,  998, 2, 0.79, 0.83, -0.04,  0,  0,  0
2586416.42226320, 44857.871312, 1000,  998, 2, 0.79, 0.83, -0.04,  0,  0,  0
2586416.42476320, 44857.064761, 1000,  998, 2, 0.79, 0.83, -0.04,  0,  0,  0
2586416.42726320, 44856.100822, 1000,  998, 2, 0.79, 0.83, -0.04,  0,  0,  0
2586416.42976320, 44855.139621, 1000,  998, 2, 0.79, 0.83, -0.04,  0,  0,  0
2586416.43226320, 44855.072102, 1000,  998, 2, 0.79, 0.83, -0.04,  0,  0,  0
2586416.43476320, 44855.391604, 1000,  998, 2, 0.79, 0.83, -0.04,  0,  0,  0
2586416.43726320, 44856.554913, 1000,  998, 2, 0.79, 0.83, -0.04,  0,  0,  0
2586416.43976320, 44857.726096, 1000,  998, 2, 0.79, 0.83, -0.04,  0,  0,  0
2586416.44226320, 44857.709475, 1000,  998, 2, 0.79, 0.83, -0.04,  0,  0,  0
2586416.44476320, 44857.628768, 1000,  998, 2, 0.79, 0.83, -0.04,  0,  0,  0
2586416.44726320, 44856.259332, 1000,  998, 2, 0.79, 0.83, -0.04,  0,  0,  0
2586416.44976320, 44855.519700, 1000,  998, 2, 0.79, 0.83, -0.04,  0,  0,  0
2586416.45226320, 44855.449288, 1000,  998, 2, 0.79, 0.83, -0.04,  0,  0,  0
2586416.45476320, 44855.683612, 1000,  998, 2, 0.79, 0.83, -0.04,  0,  0,  0
2586416.45726320, 44855.992891, 1000,  998, 2, 0.79, 0.83, -0.04,  0,  0,  0
2586416.45976320, 44856.302171, 1000,  998, 2, 0.79, 0.83, -0.04,  0,  0,  0
2586416.46226320, 44857.186809, 1000,  998, 2, 0.79, 0.83, -0.04,  0,  0,  0
2586416.46476320, 44857.330053, 1000,  998, 2, 0.79, 0.83, -0.04,  0,  0,  0
2586416.46726320, 44856.985639, 1000,  998, 2, 0.79, 0.83, -0.04,  0,  0,  0
2586416.46976320, 44856.227461, 1000,  998, 2, 0.79, 0.83, -0.04,  0,  0,  0
2586416.47226320, 44855.183743, 1000,  998, 2, 0.79, 0.83, -0.04,  0,  0,  0
2586416.47476320, 44856.264416, 1000,  998, 2, 0.79, 0.83, -0.04,  0,  0,  0
2586416.47726320, 44856.299776, 1000,  998, 2, 0.79, 0.83, -0.04,  0,  0,  0
2586416.47976320, 44856.984994, 1000,  998, 2, 0.79, 0.83, -0.04,  0,  0,  0
2586416.48226320, 44857.859232, 1000,  998, 2, 0.79, 0.83, -0.04,  0,  0,  0
2586416.48476320, 44856.822765, 1000,  998, 2, 0.79, 0.83, -0.04,  0,  0,  0
2586416.48726320, 44856.518279, 1000,  998, 2, 0.79, 0.83, -0.04,  0,  0,  0
2586416.48976320, 44855.381327, 1000,  998, 2, 0.79, 0.83, -0.04,  0,  0,  0
2586416.49226320, 44855.481356, 1000,  998, 2, 0.79, 0.83, -0.04,  0,  0,  0
2586416.49476320, 44856.455138, 1000,  998, 2, 0.79, 0.83, -0.04,  0,  0,  0
2586416.49726320, 44856.637184, 1000,  998, 2, 0.79, 0.83, -0.04,  0,  0,  0
2586416.49976320, 44857.432361, 1000,  998, 2, 0.79, 0.83, -0.04,  0,  0,  0
2586416.50226320, 44857.744757, 1000,  998, 2, 0.79, 0.83, -0.04,  0,  0,  0
2586416.50476320, 44857.801909, 1000,  998, 2, 0.79, 0.83, -0.04,  0,  0,  0
2586416.50726320, 44857.272407, 1000,  998, 2, 0.79, 0.83, -0.04,  0,  0,  0
2586416.50976320, 44855.925130, 1000,  998, 2, 0.79, 0.83, -0.04,  0,  0,  0
2586416.51226320, 44855.322634, 1000,  998, 2, 0.79, 0.83, -0.04,  0,  0,  0
2586416.51476320, 44855.191304, 1000,  998, 2, 0.79, 0.83, -0.04,  0,  0,  0
2586416.51726320, 44855.761464, 1000,  998, 2, 0.79, 0.83, -0.04,  0,  0,  0
2586416.51976320, 44857.325386, 1000,  998, 2, 0.79, 0.83, -0.04,  0,  0,  0
2586416.52226320, 44857.986933, 1000,  998, 2, 0.79, 0.83, -0.04,  0,  0,  0
2586416.52476320, 44857.461229, 1000,  998, 2, 0.79, 0.83, -0.04,  0,  0,  0
2586416.52726320, 44856.617394, 1000,  998, 2, 0.79, 0.83, -0.04,  0,  0,  0
2586416.52976320, 44855.862517, 1000,  998, 2, 0.79, 0.83, -0.04,  0,  0,  0
2586416.53226320, 44855.381500, 1000,  998, 2, 0.79, 0.83, -0.04,  0,  0,  0
2586416.53476320, 44856.313211, 1000,  998, 2, 0.79, 0.83, -0.04,  0,  0,  0
2586416.53726320, 44857.339285, 1000,  998, 2, 0.79, 0.83, -0.04,  0,  0,  0
2586416.53976320, 44857.775108, 1000,  998, 2, 0.79, 0.83, -0.04,  0,  0,  0
2586416.54226320, 44857.731761, 1000,  998, 2, 0.79, 0.83, -0.04,  0,  0,  0
2586416.54476320, 44857.234401, 1000,  998, 2, 0.79, 0.83, -0.04,  0,  0,  0
2586416.54726320, 44856.078896, 1000,  998, 2, 0.79, 0.83, -0.04,  0,  0,  0
2586416.54976320, 44855.091715, 1000,  998, 2, 0.79, 0.83, -0.04,  0,  0,  0
2586416.55226320, 44855.028175, 1000,  998, 2, 0.79, 0.83, -0.04,  0,  0,  0
2586416.55726320, 44857.055453, 1000,  998, 2, 0.79, 0.83, -0.04,  0,  0,  0
2586416.55976320, 44857.764417, 1000,  998, 2, 0.79, 0.83, -0.04,  0,  0,  0
2586416.56226320, 44857.749369, 1000,  998, 2, 0.79, 0.83, -0.04,  0,  0,  0
2586416.56476320, 44857.688247, 1000,  998, 2, 0.79, 0.83, -0.04,  0,  0,  0
2586416.56726320, 44857.276298, 1000,  998, 2, 0.79, 0.83, -0.04,  0,  0,  0
2586416.56976320, 44855.510020, 1000,  998, 2, 0.79, 0.83, -0.04,  0,  0,  0
2586416.57226320, 44855.302304, 1000,  998, 2, 0.79, 0.83, -0.04,  0,  0,  0
2586416.57476320, 44855.512177, 1000,  998, 2, 0.79, 0.83, -0.04,  0,  0,  0
2586416.57726320, 44855.998391, 1000,  998, 2, 0.79, 0.83, -0.04,  0,  0,  0
2586416.57976320, 44857.253413, 1000,  998, 2, 0.79, 0.83, -0.04,  0,  0,  0
2586416.58226320, 44857.831847, 1000,  998, 2, 0.79, 0.83, -0.04,  0,  0,  0
2586416.58476320, 44857.674804, 1000,  998, 2, 0.79, 0.83, -0.04,  0,  0,  0
2586416.58726320, 44856.588387, 1000,  998, 2, 0.79, 0.83, -0.04,  0,  0,  0
2586416.58976320, 44855.671659, 1000,  998, 2, 0.79, 0.83, -0.04,  0,  0,  0
2586416.59226320, 44855.478605, 1000,  998, 2, 0.79, 0.83, -0.04,  0,  0,  0
2586416.59476320, 44855.549949, 1000,  998, 2, 0.79, 0.83, -0.04,  0,  0,  0
2586416.59726320, 44856.234586, 1000,  998, 2, 0.79, 0.83, -0.04,  0,  0,  0
2586416.59976320, 44857.323725, 1000,  998, 2, 0.79, 0.83, -0.04,  0,  0,  0
2586416.60226320, 44857.734415, 1000,  998, 2, 0.79, 0.83, -0.04,  0,  0,  0
2586416.60476320, 44856.909152, 1000,  998, 2, 0.79, 0.83, -0.04,  0,  0,  0
2586416.60726320, 44856.510784, 1000,  998, 2, 0.79, 0.83, -0.04,  0,  0,  0
2586416.60976320, 44855.359008, 1000,  998, 2, 0.79, 0.83, -0.04,  0,  0,  0
2586416.61226320, 44855.086105, 1000,  998, 2, 0.79, 0.83, -0.04,  0,  0,  0
2586416.61476320, 44856.076232, 1000,  998, 2, 0.79, 0.83, -0.04,  0,  0,  0
2586416.61726320, 44857.192160, 1000,  998, 2, 0.79, 0.83, -0.04,  0,  0,  0
2586416.61976320, 44857.732345, 1000,  998, 2, 0.79, 0.83, -0.04,  0,  0,  0
2586416.62226320, 44857.749336, 1000,  998, 2, 0.79, 0.83, -0.04,  0,  0,  0
2586416.62476320, 44857.813833, 1000,  998, 2, 0.79, 0.83, -0.04,  0,  0,  0
2586416.62726320, 44856.927834, 1000,  998, 2, 0.79, 0.83, -0.04,  0,  0,  0
2586416.62976320, 44855.449230, 1000,  998, 2, 0.79, 0.83, -0.04,  0,  0,  0
2586416.63226320, 44855.039418, 1000,  998, 2, 0.79, 0.83, -0.04,  0,  0,  0
2586416.63476320, 44855.173397, 1000,  998, 2, 0.79, 0.83, -0.04,  0,  0,  0
2586416.63726320, 44856.813212, 1000,  998, 2, 0.79, 0.83, -0.04,  0,  0,  0
2586416.63976320, 44858.117214, 1000,  998, 2, 0.79, 0.83, -0.04,  0,  0,  0
2586416.64226320, 44858.117214, 1000,  998, 2, 0.79, 0.83, -0.04,  0,  0,  0
2586416.64476320, 44858.117214, 1000,  998, 2, 0.79, 0.83, -0.04,  0,  0,  0
2586416.64726320, 44857.154412, 1000,  998, 2, 0.79, 0.83, -0.04,  0,  0,  0
2586416.64976320, 44855.931219, 1000,  998, 2, 0.79, 0.83, -0.04,  0,  0,  0
2586416.65226320, 44855.743861, 1000,  998, 2, 0.79, 0.83, -0.04,  0,  0,  0
2586416.65476320, 44856.214250, 1000,  998, 2, 0.79, 0.83, -0.04,  0,  0,  0
2586416.65726320, 44856.628270, 1000,  998, 2, 0.79, 0.83, -0.04,  0,  0,  0
2586416.65976320, 44857.459038, 1000,  998, 2, 0.79, 0.83, -0.04,  0,  0,  0
2586416.66226320, 44857.309258, 1000,  998, 2, 0.79, 0.83, -0.04,  0,  0,  0
2586416.66476320, 44856.900072, 1000,  998, 2, 0.79, 0.83, -0.04,  0,  0,  0
2586416.66726320, 44856.070032, 1000,  998, 2, 0.79, 0.83, -0.04,  0,  0,  0
2586416.66976320, 44855.113096, 1000,  998, 2, 0.79, 0.83, -0.04,  0,  0,  0
2586416.67226320, 44855.204913, 1000,  998, 2, 0.79, 0.83, -0.04,  0,  0,  0
2586416.67476320, 44855.973639, 1000,  998, 2, 0.79, 0.83, -0.04,  0,  0,  0
2586416.67726320, 44857.460228, 1000,  998, 2, 0.79, 0.83, -0.04,  0,  0,  0
2586416.67976320, 44858.053069, 1000,  998, 2, 0.79, 0.83, -0.04,  0,  0,  0
2586416.68226320, 44857.857155, 1000,  998, 2, 0.79, 0.83, -0.04,  0,  0,  0
2586416.68476320, 44857.160653, 1000,  998, 2, 0.79, 0.83, -0.04,  0,  0,  0
2586416.68726320, 44855.955474, 1000,  998, 2, 0.79, 0.83, -0.04,  0,  0,  0
2586416.68976320, 44855.410777, 1000,  998, 2, 0.79, 0.83, -0.04,  0,  0,  0
2586416.69226320, 44855.109383, 1000,  998, 2, 0.79, 0.83, -0.04,  0,  0,  0
2586416.69476320, 44855.274625, 1000,  998, 2, 0.79, 0.83, -0.04,  0,  0,  0
2586416.69726320, 44855.537901, 1000,  998, 2, 0.79, 0.83, -0.04,  0,  0,  0
2586416.69976320, 44855.801176, 1000,  998, 2, 0.79, 0.83, -0.04,  0,  0,  0
2586416.70226320, 44856.064452, 1000,  998, 2, 0.79, 0.83, -0.04,  0,  0,  0
2586416.70476320, 44857.133659, 1000,  998, 2, 0.79, 0.83, -0.04,  0,  0,  0
2586416.70726320, 44857.133659, 1000,  998, 2, 0.79, 0.83, -0.04,  0,  0,  0
2586416.70976320, 44857.133659, 1000,  998, 2, 0.79, 0.83, -0.04,  0,  0,  0
2586416.71226320, 44855.389641, 1000,  998, 2, 0.79, 0.83, -0.04,  0,  0,  0
2586416.71476320, 44855.252077, 1000,  998, 2, 0.79, 0.83, -0.04,  0,  0,  0
2586416.71726320, 44856.028852, 1000,  998, 2, 0.79, 0.83, -0.04,  0,  0,  0
2586416.71976320, 44857.202325, 1000,  998, 2, 0.79, 0.83, -0.04,  0,  0,  0
2586416.72226320, 44857.418592, 1000,  998, 2, 0.79, 0.83, -0.04,  0,  0,  0
2586416.72476320, 44857.031424, 1000,  998, 2, 0.79, 0.83, -0.04,  0,  0,  0
2586416.72726320, 44856.434886, 1000,  998, 2, 0.79, 0.83, -0.04,  0,  0,  0
2586416.72976320, 44855.665585, 1000,  998, 2, 0.79, 0.83, -0.04,  0,  0,  0
2586416.73226320, 44855.173661, 1000,  998, 2, 0.79, 0.83, -0.04,  0,  0,  0
2586416.73476320, 44855.655759, 1000,  998, 2, 0.79, 0.83, -0.04,  0,  0,  0
2586416.73726320, 44856.683428, 1000,  998, 2, 0.79, 0.83, -0.04,  0,  0,  0
2586416.74226320, 44857.464685, 1000,  998, 2, 0.79, 0.83, -0.04,  0,  0,  0
2586416.74476320, 44856.884769, 1000,  998, 2, 0.79, 0.83, -0.04,  0,  0,  0
2586416.74726320, 44855.626772, 1000,  998, 2, 0.79, 0.83, -0.04,  0,  0,  0
2586416.74976320, 44855.364130, 1000,  998, 2, 0.79, 0.83, -0.04,  0,  0,  0
2586416.75226320, 44854.695005, 1000,  998, 2, 0.79, 0.83, -0.04,  0,  0,  0
2586416.75476320, 44854.958613, 1000,  998, 2, 0.79, 0.83, -0.04,  0,  0,  0
2586416.75726320, 44856.992433, 1000,  998, 2, 0.79, 0.83, -0.04,  0,  0,  0
2586416.75976320, 44857.298669, 1000,  998, 2, 0.79, 0.83, -0.04,  0,  0,  0
2586416.76226320, 44857.540501, 1000,  998, 2, 0.79, 0.83, -0.04,  0,  0,  0
2586416.76476320, 44857.782333, 1000,  998, 2, 0.79, 0.83, -0.04,  0,  0,  0
2586416.76726320, 44857.515555, 1000,  998, 2, 0.79, 0.83, -0.04,  0,  0,  0
2586416.76976320, 44856.892109, 1000,  998, 2, 0.79, 0.83, -0.04,  0,  0,  0
2586416.77226320, 44856.268664, 1000,  998, 2, 0.79, 0.83, -0.04,  0,  0,  0
2586416.77476320, 44855.645219, 1000,  998, 2, 0.79, 0.83, -0.04,  0,  0,  0
2586416.77726320, 44855.921201, 1000,  998, 2, 0.79, 0.83, -0.04,  0,  0,  0
2586416.77976320, 44856.658628, 1000,  998, 2, 0.79, 0.83, -0.04,  0,  0,  0
2586416.78226320, 44857.469553, 1000,  998, 2, 0.79, 0.83, -0.04,  0,  0,  0
2586416.78476320, 44857.462940, 1000,  998, 2, 0.79, 0.83, -0.04,  0,  0,  0
2586416.78726320, 44855.893626, 1000,  998, 2, 0.79, 0.83, -0.04,  0,  0,  0
2586416.78976320, 44855.746052, 1000,  998, 2, 0.79, 0.83, -0.04,  0,  0,  0
2586416.79226320, 44855.087817, 1000,  998, 2, 0.79, 0.83, -0.04,  0,  0,  0
2586416.79476320, 44855.267313, 1000,  998, 2, 0.79, 0.83, -0.04,  0,  0,  0
2586416.79726320, 44856.335369, 1000,  998, 2, 0.79, 0.83, -0.04,  0,  0,  0
2586416.79976320, 44857.097685, 1000,  998, 2, 0.79, 0.83, -0.04,  0,  0,  0
2586416.80226320, 44857.443693, 1000,  998, 2, 0.79, 0.83, -0.04,  0,  0,  0
2586416.80476320, 44856.855363, 1000,  998, 2, 0.79, 0.83, -0.04,  0,  0,  0
2586416.80726320, 44855.941333, 1000,  998, 2, 0.79, 0.83, -0.04,  0,  0,  0
2586416.80976320, 44855.745689, 1000,  998, 2, 0.79, 0.83, -0.04,  0,  0,  0
2586416.81226320, 44855.206145, 1000,  998, 2, 0.79, 0.83, -0.04,  0,  0,  0
2586416.81476320, 44855.365103, 1000,  998, 2, 0.79, 0.83, -0.04,  0,  0,  0
2586416.81726320, 44856.524563, 1000,  998, 2, 0.79, 0.83, -0.04,  0,  0,  0
2586416.81976320, 44857.900043, 1000,  998, 2, 0.79, 0.83, -0.04,  0,  0,  0
2586416.82226320, 44857.867522, 1000,  998, 2, 0.79, 0.83, -0.04,  0,  0,  0
2586416.82476320, 44857.162516, 1000,  998, 2, 0.79, 0.83, -0.04,  0,  0,  0
2586416.82726320, 44856.422224, 1000,  998, 2, 0.79, 0.83, -0.04,  0,  0,  0
2586416.82976320, 44855.454459, 1000,  998, 2, 0.79, 0.83, -0.04,  0,  0,  0
2586416.83226320, 44855.134293, 1000,  998, 2, 0.79, 0.83, -0.04,  0,  0,  0
2586416.83476320, 44855.926613, 1000,  998, 2, 0.79, 0.83, -0.04,  0,  0,  0
2586416.83726320, 44856.736963, 1000,  998, 2, 0.79, 0.83, -0.04,  0,  0,  0
2586416.83976320, 44857.252017, 1000,  998, 2, 0.79, 0.83, -0.04,  0,  0,  0
2586416.84226320, 44857.485316, 1000,  998, 2, 0.79, 0.83, -0.04,  0,  0,  0
2586416.84476320, 44857.331321, 1000,  998, 2, 0.79, 0.83, -0.04,  0,  0,  0
2586416.84726320, 44855.829380, 1000,  998, 2, 0.79, 0.83, -0.04,  0,  0,  0
2586416.84976320, 44855.575787, 1000,  998, 2, 0.79, 0.83, -0.04,  0,  0,  0
2586416.85226320, 44855.147214, 1000,  998, 2, 0.79, 0.83, -0.04,  0,  0,  0
2586416.85476320, 44856.177373, 1000,  998, 2, 0.79, 0.83, -0.04,  0,  0,  0
2586416.85726320, 44857.080205, 1000,  998, 2, 0.79, 0.83, -0.04,  0,  0,  0
2586416.85976320, 44857.199494, 1000,  998, 2, 0.79, 0.83, -0.04,  0,  0,  0
2586416.86226320, 44857.537357, 1000,  998, 2, 0.79, 0.83, -0.04,  0,  0,  0
2586416.86476320, 44856.960333, 1000,  998, 2, 0.79, 0.83, -0.04,  0,  0,  0
2586416.86726320, 44855.604873, 1000,  998, 2, 0.79, 0.83, -0.04,  0,  0,  0
2586416.87226320, 44855.439545, 1000,  998, 2, 0.79, 0.83, -0.04,  0,  0,  0
2586416.87476320, 44856.131729, 1000,  998, 2, 0.79, 0.83, -0.04,  0,  0,  0
2586416.87726320, 44857.134287, 1000,  998, 2, 0.79, 0.83, -0.04,  0,  0,  0
2586416.87976320, 44857.373177, 1000,  998, 2, 0.79, 0.83, -0.04,  0,  0,  0
2586416.88226320, 44857.608122, 1000,  998, 2, 0.79, 0.83, -0.04,  0,  0,  0
2586416.88476320, 44857.280974, 1000,  998, 2, 0.79, 0.83, -0.04,  0,  0,  0
2586416.88726320, 44856.952223, 1000,  998, 2, 0.79, 0.83, -0.04,  0,  0,  0
2586416.88976320, 44856.623473, 1000,  998, 2, 0.79, 0.83, -0.04,  0,  0,  0
2586416.89226320, 44856.329666, 1000,  998, 2, 0.79, 0.83, -0.04,  0,  0,  0
2586416.89476320, 44856.038656, 1000,  998, 2, 0.79, 0.83, -0.04,  0,  0,  0
2586416.89726320, 44855.747646, 1000,  998, 2, 0.79, 0.83, -0.04,  0,  0,  0
2586416.89976320, 44855.748395, 1000,  998, 2, 0.79, 0.83, -0.04,  0,  0,  0
2586416.90226320, 44857.089521, 1000,  998, 2, 0.79, 0.83, -0.04,  0,  0,  0
2586416.90476320, 44857.228846, 1000,  998, 2, 0.79, 0.83, -0.04,  0,  0,  0
2586416.90726320, 44856.193290, 1000,  998, 2, 0.79, 0.83, -0.04,  0,  0,  0
2586416.90976320, 44854.921963, 1000,  998, 2, 0.79, 0.83, -0.04,  0,  0,  0
2586416.91226320, 44855.145169, 1000,  998, 2, 0.79, 0.83, -0.04,  0,  0,  0
2586416.91476320, 44855.472131, 1000,  998, 2, 0.79, 0.83, -0.04,  0,  0,  0
2586416.91726320, 44856.872328, 1000,  998, 2, 0.79, 0.83, -0.04,  0,  0,  0
2586416.91976320, 44858.079934, 1000,  998, 2, 0.79, 0.83, -0.04,  0,  0,  0
2586416.92226320, 44858.149286, 1000,  998, 2, 0.79, 0.83, -0.04,  0,  0,  0
2586416.92476320, 44857.783315, 1000,  998, 2, 0.79, 0.83, -0.04,  0,  0,  0
2586416.92726320, 44856.383258, 1000,  998, 2, 0.79, 0.83, -0.04,  0,  0,  0
2586416.92976320, 44855.188485, 1000,  998, 2, 0.79, 0.83, -0.04,  0,  0,  0
2586416.93226320, 44855.166550, 1000,  998, 2, 0.79, 0.83, -0.04,  0,  0,  0
2586416.93476320, 44855.297462, 1000,  998, 2, 0.79, 0.83, -0.04,  0,  0,  0
2586416.93726320, 44855.767085, 1000,  998, 2, 0.79, 0.83, -0.04,  0,  0,  0
2586416.93976320, 44857.493064, 1000,  998, 2, 0.79, 0.83, -0.04,  0,  0,  0
2586416.94226320, 44857.497147, 1000,  998, 2, 0.79, 0.83, -0.04,  0,  0,  0
2586416.94476320, 44857.497147, 1000,  998, 2, 0.79, 0.83, -0.04,  0,  0,  0
2586416.94726320, 44857.497147, 1000,  998, 2, 0.79, 0.83, -0.04,  0,  0,  0
2586416.94976320, 44857.497147, 1000,  998, 2, 0.79, 0.83, -0.04,  0,  0,  0
2586416.95226320, 44855.986153, 1000,  998, 2, 0.79, 0.83, -0.04,  0,  0,  0
2586416.95476320, 44855.754545, 1000,  998, 2, 0.79, 0.83, -0.04,  0,  0,  0
2586416.95726320, 44855.833402, 1000,  998, 2, 0.79, 0.83, -0.04,  0,  0,  0
2586416.95976320, 44856.680602, 1000,  998, 2, 0.79, 0.83, -0.04,  0,  0,  0
2586416.96226320, 44857.459159, 1000,  998, 2, 0.79, 0.83, -0.04,  0,  0,  0
2586416.96476320, 44857.614946, 1000,  998, 2, 0.79, 0.83, -0.04,  0,  0,  0
2586416.96726320, 44855.626255, 1000,  998, 2, 0.79, 0.83, -0.04,  0,  0,  0
2586416.96976320, 44855.350710, 1000,  998, 2, 0.79, 0.83, -0.04,  0,  0,  0
2586416.97226320, 44855.126075, 1000,  998, 2, 0.79, 0.83, -0.04,  0,  0,  0
2586416.97476320, 44855.869283, 1000,  998, 2, 0.79, 0.83, -0.04,  0,  0,  0
2586416.97726320, 44856.662331, 1000,  998, 2, 0.79, 0.83, -0.04,  0,  0,  0
2586416.97976320, 44857.278112, 1000,  998, 2, 0.79, 0.83, -0.04,  0,  0,  0
2586416.98226320, 44857.101587, 1000,  998, 2, 0.79, 0.83, -0.04,  0,  0,  0
2586416.98476320, 44856.782493, 1000,  998, 2, 0.79, 0.83, -0.04,  0,  0,  0
2586416.98726320, 44855.856512, 1000,  998, 2, 0.79, 0.83, -0.04,  0,  0,  0
2586416.98976320, 44855.418198, 1000,  998, 2, 0.79, 0.83, -0.04,  0,  0,  0
2586416.99226320, 44855.176011, 1000,  998, 2, 0.79, 0.83, -0.04,  0,  0,  0
2586416.99476320, 44855.765860, 1000,  998, 2, 0.79, 0.83, -0.04,  0,  0,  0
2586416.99726320, 44856.844693, 1000,  998, 2, 0.79, 0.83, -0.04,  0,  0,  0
2586416.99976320, 44857.753229, 1000,  998, 2, 0.79, 0.83, -0.04,  0,  0,  0
2586417.00226320, 44857.956852, 1000,  998, 2, 0.79, 0.83, -0.04,  0,  0,  0
2586417.00476320, 44857.599749, 1000,  998, 2, 0.79, 0.83, -0.04,  0,  0,  0
2586417.00726320, 44856.585350, 1000,  998, 2, 0.79, 0.83, -0.04,  0,  0,  0
2586417.00976320, 44855.798147, 1000,  998, 2, 0.79, 0.83, -0.04,  0,  0,  0
2586417.01226320, 44855.337377, 1000,  998, 2, 0.79, 0.83, -0.04,  0,  0,  0
2586417.01476320, 44855.428643, 1000,  998, 2, 0.79, 0.83, -0.04,  0,  0,  0
2586417.01726320, 44856.313446, 1000,  998, 2, 0.79, 0.83, -0.04,  0,  0,  0
2586417.01976320, 44857.198248, 1000,  998, 2, 0.79, 0.83, -0.04,  0,  0,  0
2586417.02226320, 44857.488115, 1000,  998, 2, 0.79, 0.83, -0.04,  0,  0,  0
2586417.02476320, 44857.549590, 1000,  998, 2, 0.79, 0.83, -0.04,  0,  0,  0
2586417.02726320, 44857.611066, 1000,  998, 2, 0.79, 0.83, -0.04,  0,  0,  0
2586417.02976320, 44855.071705, 1000,  998, 2, 0.79, 0.83, -0.04,  0,  0,  0
2586417.03226320, 44854.923645, 1000,  998, 2, 0.79, 0.83, -0.04,  0,  0,  0
2586417.03476320, 44855.719818, 1000,  998, 2, 0.79, 0.83, -0.04,  0,  0,  0
2586417.03726320, 44856.938524, 1000,  998, 2, 0.79, 0.83, -0.04,  0,  0,  0
2586417.03976320, 44857.875909, 1000,  998, 2, 0.79, 0.83, -0.04,  0,  0,  0
2586417.04226320, 44858.127270, 1000,  998, 2, 0.79, 0.83, -0.04,  0,  0,  0
2586417.04476320, 44856.975329, 1000,  998, 2, 0.79, 0.83, -0.04,  0,  0,  0
2586417.04726320, 44856.709862, 1000,  998, 2, 0.79, 0.83, -0.04,  0,  0,  0
2586417.04976320, 44855.452867, 1000,  998, 2, 0.79, 0.83, -0.04,  0,  0,  0
2586417.05226320, 44854.899658, 1000,  998, 2, 0.79, 0.83, -0.04,  0,  0,  0
2586417.05726320, 44856.716478, 1000,  998, 2, 0.79, 0.83, -0.04,  0,  0,  0
2586417.05976320, 44857.713568, 1000,  998, 2, 0.79, 0.83, -0.04,  0,  0,  0
2586417.06226320, 44857.572306, 1000,  998, 2, 0.79, 0.83, -0.04,  0,  0,  0
2586417.06476320, 44856.812099, 1000,  998, 2, 0.79, 0.83, -0.04,  0,  0,  0
2586417.06726320, 44856.703460, 1000,  998, 2, 0.79, 0.83, -0.04,  0,  0,  0
2586417.06976320, 44856.202930, 1000,  998, 2, 0.79, 0.83, -0.04,  0,  0,  0
2586417.07226320, 44855.658247, 1000,  998, 2, 0.79, 0.83, -0.04,  0,  0,  0
2586417.07476320, 44856.353411, 1000,  998, 2, 0.79, 0.83, -0.04,  0,  0,  0
2586417.07726320, 44856.374612, 1000,  998, 2, 0.79, 0.83, -0.04,  0,  0,  0
2586417.07976320, 44856.374612, 1000,  998, 2, 0.79, 0.83, -0.04,  0,  0,  0
2586417.08226320, 44856.374612, 1000,  998, 2, 0.79, 0.83, -0.04,  0,  0,  0
2586417.08476320, 44856.447363, 1000,  998, 2, 0.79, 0.83, -0.04,  0,  0,  0
2586417.08726320, 44856.537135, 1000,  998, 2, 0.79, 0.83, -0.04,  0,  0,  0
2586417.08976320, 44856.576644, 1000,  998, 2, 0.79, 0.83, -0.04,  0,  0,  0
2586417.09226320, 44855.962064, 1000,  998, 2, 0.79, 0.83, -0.04,  0,  0,  0
2586417.09476320, 44855.544678, 1000,  998, 2, 0.79, 0.83, -0.04,  0,  0,  0
2586417.09726320, 44856.431452, 1000,  998, 2, 0.79, 0.83, -0.04,  0,  0,  0
2586417.09976320, 44857.492490, 1000,  998, 2, 0.79, 0.83, -0.04,  0,  0,  0
2586417.10226320, 44857.685857, 1000,  998, 2, 0.79, 0.83, -0.04,  0,  0,  0
2586417.10476320, 44856.791553, 1000,  998, 2, 0.79, 0.83, -0.04,  0,  0,  0
2586417.10726320, 44856.441557, 1000,  998, 2, 0.79, 0.83, -0.04,  0,  0,  0
2586417.10976320, 44855.127866, 1000,  998, 2, 0.79, 0.83, -0.04,  0,  0,  0
2586417.11226320, 44855.101781, 1000,  998, 2, 0.79, 0.83, -0.04,  0,  0,  0
2586417.11476320, 44856.085960, 1000,  998, 2, 0.79, 0.83, -0.04,  0,  0,  0
2586417.11726320, 44856.302980, 1000,  998, 2, 0.79, 0.83, -0.04,  0,  0,  0
2586417.11976320, 44857.232539, 1000,  998, 2, 0.79, 0.83, -0.04,  0,  0,  0
2586417.12226320, 44857.498351, 1000,  998, 2, 0.79, 0.83, -0.04,  0,  0,  0
2586417.12476320, 44856.695336, 1000,  998, 2, 0.79, 0.83, -0.04,  0,  0,  0
2586417.12726320, 44856.378604, 1000,  998, 2, 0.79, 0.83, -0.04,  0,  0,  0
2586417.12976320, 44855.464169, 1000,  998, 2, 0.79, 0.83, -0.04,  0,  0,  0
2586417.13226320, 44855.185272, 1000,  998, 2, 0.79, 0.83, -0.04,  0,  0,  0
2586417.13476320, 44855.767790, 1000,  998, 2, 0.79, 0.83, -0.04,  0,  0,  0
2586417.13726320, 44856.714235, 1000,  998, 2, 0.79, 0.83, -0.04,  0,  0,  0
2586417.13976320, 44857.331202, 1000,  998, 2, 0.79, 0.83, -0.04,  0,  0,  0
2586417.14226320, 44857.677450, 1000,  998, 2, 0.79, 0.83, -0.04,  0,  0,  0
2586417.14476320, 44857.663396, 1000,  998, 2, 0.79, 0.83, -0.04,  0,  0,  0
2586417.14726320, 44856.639042, 1000,  998, 2, 0.79, 0.83, -0.04,  0,  0,  0
2586417.14976320, 44855.686798, 1000,  998, 2, 0.79, 0.83, -0.04,  0,  0,  0
2586417.15226320, 44855.529886, 1000,  998, 2, 0.79, 0.83, -0.04,  0,  0,  0
2586417.15476320, 44855.836231, 1000,  998, 2, 0.79, 0.83, -0.04,  0,  0,  0
2586417.15726320, 44856.375840, 1000,  998, 2, 0.79, 0.83, -0.04,  0,  0,  0
2586417.15976320, 44857.956852, 1000,  998, 2, 0.79, 0.83, -0.04,  0,  0,  0
2586417.16226320, 44857.956852, 1000,  998, 2, 0.79, 0.83, -0.04,  0,  0,  0
2586417.16476320, 44856.620500, 1000,  998, 2, 0.79, 0.83, -0.04,  0,  0,  0
2586417.16726320, 44856.304369, 1000,  998, 2, 0.79, 0.83, -0.04,  0,  0,  0
2586417.16976320, 44855.530117, 1000,  998, 2, 0.79, 0.83, -0.04,  0,  0,  0
2586417.17226320, 44855.213328, 1000,  998, 2, 0.79, 0.83, -0.04,  0,  0,  0
2586417.17476320, 44856.203559, 1000,  998, 2, 0.79, 0.83, -0.04,  0,  0,  0
2586417.17726320, 44856.468056, 1000,  998, 2, 0.79, 0.83, -0.04,  0,  0,  0
2586417.17976320, 44857.562282, 1000,  998, 2, 0.79, 0.83, -0.04,  0,  0,  0
2586417.18226320, 44857.730645, 1000,  998, 2, 0.79, 0.83, -0.04,  0,  0,  0
2586417.18476320, 44856.513592, 1000,  998, 2, 0.79, 0.83, -0.04,  0,  0,  0
2586417.18726320, 44856.209933, 1000,  998, 2, 0.79, 0.83, -0.04,  0,  0,  0
2586417.18976320, 44855.469516, 1000,  998, 2, 0.79, 0.83, -0.04,  0,  0,  0
2586417.19226320, 44855.178567, 1000,  998, 2, 0.79, 0.83, -0.04,  0,  0,  0
2586417.19476320, 44855.064114, 1000,  998, 2, 0.79, 0.83, -0.04,  0,  0,  0
2586417.19726320, 44856.330504, 1000,  998, 2, 0.79, 0.83, -0.04,  0,  0,  0
2586417.19976320, 44857.480070, 1000,  998, 2, 0.79, 0.83, -0.04,  0,  0,  0
2586417.20226320, 44857.669366, 1000,  998, 2, 0.79, 0.83, -0.04,  0,  0,  0
2586417.20476320, 44857.424706, 1000,  998, 2, 0.79, 0.83, -0.04,  0,  0,  0
2586417.20726320, 44856.478524, 1000,  998, 2, 0.79, 0.83, -0.04,  0,  0,  0
2586417.20976320, 44855.799805, 1000,  998, 2, 0.79, 0.83, -0.04,  0,  0,  0
2586417.21226320, 44855.853902, 1000,  998, 2, 0.79, 0.83, -0.04,  0,  0,  0
2586417.21476320, 44856.292741, 1000,  998, 2, 0.79, 0.83, -0.04,  0,  0,  0
2586417.21726320, 44856.785859, 1000,  998, 2, 0.79, 0.83, -0.04,  0,  0,  0
2586417.21976320, 44857.289508, 1000,  998, 2, 0.79, 0.83, -0.04,  0,  0,  0
2586417.22226320, 44857.505978, 1000,  998, 2, 0.79, 0.83, -0.04,  0,  0,  0
2586417.22476320, 44857.347456, 1000,  998, 2, 0.79, 0.83, -0.04,  0,  0,  0
2586417.22726320, 44856.397172, 1000,  998, 2, 0.79, 0.83, -0.04,  0,  0,  0
2586417.22976320, 44855.475183, 1000,  998, 2, 0.79, 0.83, -0.04,  0,  0,  0
2586417.23226320, 44855.286030, 1000,  998, 2, 0.79, 0.83, -0.04,  0,  0,  0
2586417.23476320, 44855.854478, 1000,  998, 2, 0.79, 0.83, -0.04,  0,  0,  0
2586417.23726320, 44856.882864, 1000,  998, 2, 0.79, 0.83, -0.04,  0,  0,  0
2586417.24226320, 44857.513569, 1000,  998, 2, 0.79, 0.83, -0.04,  0,  0,  0
2586417.24476320, 44856.808635, 1000,  998, 2, 0.79, 0.83, -0.04,  0,  0,  0
2586417.24726320, 44855.464602, 1000,  998, 2, 0.79, 0.83, -0.04,  0,  0,  0
2586417.24976320, 44854.984807, 1000,  998, 2, 0.79, 0.83, -0.04,  0,  0,  0
2586417.25226320, 44855.167772, 1000,  998, 2, 0.79, 0.83, -0.04,  0,  0,  0
2586417.25476320, 44855.756628, 1000,  998, 2, 0.79, 0.83, -0.04,  0,  0,  0
2586417.25726320, 44856.563631, 1000,  998, 2, 0.79, 0.83, -0.04,  0,  0,  0
2586417.25976320, 44857.754524, 1000,  998, 2, 0.79, 0.83, -0.04,  0,  0,  0
2586417.26226320, 44857.906705, 1000,  998, 2, 0.79, 0.83, -0.04,  0,  0,  0
2586417.26476320, 44857.766962, 1000,  998, 2, 0.79, 0.83, -0.04,  0,  0,  0
2586417.26726320, 44857.006839, 1000,  998, 2, 0.79, 0.83, -0.04,  0,  0,  0
2586417.26976320, 44855.539496, 1000,  998, 2, 0.79, 0.83, -0.04,  0,  0,  0
2586417.27226320, 44855.397716, 1000,  998, 2, 0.79, 0.83, -0.04,  0,  0,  0
2586417.27476320, 44855.541289, 1000,  998, 2, 0.79, 0.83, -0.04,  0,  0,  0
2586417.27726320, 44856.626336, 1000,  998, 2, 0.79, 0.83, -0.04,  0,  0,  0
2586417.27976320, 44857.275283, 1000,  998, 2, 0.79, 0.83, -0.04,  0,  0,  0
2586417.28226320, 44857.750642, 1000,  998, 2, 0.79, 0.83, -0.04,  0,  0,  0
2586417.28476320, 44857.181776, 1000,  998, 2, 0.79, 0.83, -0.04,  0,  0,  0
2586417.28726320, 44856.205959, 1000,  998, 2, 0.79, 0.83, -0.04,  0,  0,  0
2586417.28976320, 44855.484638, 1000,  998, 2, 0.79, 0.83, -0.04,  0,  0,  0
2586417.29226320, 44855.319243, 1000,  998, 2, 0.79, 0.83, -0.04,  0,  0,  0
2586417.29476320, 44855.725343, 1000,  998, 2, 0.79, 0.83, -0.04,  0,  0,  0
2586417.29726320, 44856.555572, 1000,  998, 2, 0.79, 0.83, -0.04,  0,  0,  0
2586417.29976320, 44857.308759, 1000,  998, 2, 0.79, 0.83, -0.04,  0,  0,  0
2586417.30226320, 44857.330048, 1000,  998, 2, 0.79, 0.83, -0.04,  0,  0,  0
2586417.30476320, 44856.458211, 1000,  998, 2, 0.79, 0.83, -0.04,  0,  0,  0
2586417.30726320, 44855.279388, 1000,  998, 2, 0.79, 0.83, -0.04,  0,  0,  0
2586417.30976320, 44855.146593, 1000,  998, 2, 0.79, 0.83, -0.04,  0,  0,  0
2586417.31226320, 44854.848047, 1000,  998, 2, 0.79, 0.83, -0.04,  0,  0,  0
2586417.31476320, 44855.506637, 1000,  998, 2, 0.79, 0.83, -0.04,  0,  0,  0
2586417.31726320, 44856.699798, 1000,  998, 2, 0.79, 0.83, -0.04,  0,  0,  0
2586417.31976320, 44857.604850, 1000,  998, 2, 0.79, 0.83, -0.04,  0,  0,  0
2586417.32226320, 44857.465074, 1000,  998, 2, 0.79, 0.83, -0.04,  0,  0,  0
2586417.32476320, 44857.465074, 1000,  998, 2, 0.79, 0.83, -0.04,  0,  0,  0
2586417.32726320, 44857.132869, 1000,  998, 2, 0.79, 0.83, -0.04,  0,  0,  0
2586417.32976320, 44855.641951, 1000,  998, 2, 0.79, 0.83, -0.04,  0,  0,  0
2586417.33226320, 44855.356594, 1000,  998, 2, 0.79, 0.83, -0.04,  0,  0,  0
2586417.33476320, 44855.680155, 1000,  998, 2, 0.79, 0.83, -0.04,  0,  0,  0
2586417.33726320, 44856.478529, 1000,  998, 2, 0.79, 0.83, -0.04,  0,  0,  0
2586417.33976320, 44857.266431, 1000,  998, 2, 0.79, 0.83, -0.04,  0,  0,  0
2586417.34226320, 44857.773877, 1000,  998, 2, 0.79, 0.83, -0.04,  0,  0,  0
2586417.34476320, 44857.712491, 1000,  998, 2, 0.79, 0.83, -0.04,  0,  0,  0
2586417.34726320, 44855.807999, 1000,  998, 2, 0.79, 0.83, -0.04,  0,  0,  0
2586417.34976320, 44855.711053, 1000,  998, 2, 0.79, 0.83, -0.04,  0,  0,  0
2586417.35226320, 44855.536310, 1000,  998, 2, 0.79, 0.83, -0.04,  0,  0,  0
2586417.35476320, 44856.316372, 1000,  998, 2, 0.79, 0.83, -0.04,  0,  0,  0
2586417.35726320, 44857.529219, 1000,  998, 2, 0.79, 0.83, -0.04,  0,  0,  0
2586417.35976320, 44857.645492, 1000,  998, 2, 0.79, 0.83, -0.04,  0,  0,  0
2586417.36226320, 44857.835622, 1000,  998, 2, 0.79, 0.83, -0.04,  0,  0,  0
2586417.36476320, 44856.730744, 1000,  998, 2, 0.79, 0.83, -0.04,  0,  0,  0
2586417.36726320, 44855.027570, 1000,  998, 2, 0.79, 0.83, -0.04,  0,  0,  0
2586417.37226320, 44855.398804, 1000,  998, 2, 0.79, 0.83, -0.04,  0,  0,  0
2586417.37476320, 44855.963067, 1000,  998, 2, 0.79, 0.83, -0.04,  0,  0,  0
2586417.37726320, 44856.382821, 1000,  998, 2, 0.79, 0.83, -0.04,  0,  0,  0
2586417.37976320, 44857.161389, 1000,  998, 2, 0.79, 0.83, -0.04,  0,  0,  0
2586417.38226320, 44857.763347, 1000,  998, 2, 0.79, 0.83, -0.04,  0,  0,  0
2586417.38476320, 44857.437085, 1000,  998, 2, 0.79, 0.83, -0.04,  0,  0,  0
2586417.38726320, 44856.939462, 1000,  998, 2, 0.79, 0.83, -0.04,  0,  0,  0
2586417.38976320, 44856.441838, 1000,  998, 2, 0.79, 0.83, -0.04,  0,  0,  0
2586417.39226320, 44856.055639, 1000,  998, 2, 0.79, 0.83, -0.04,  0,  0,  0
2586417.39476320, 44855.675201, 1000,  998, 2, 0.79, 0.83, -0.04,  0,  0,  0
2586417.39726320, 44856.648118, 1000,  998, 2, 0.79, 0.83, -0.04,  0,  0,  0
2586417.39976320, 44857.773423, 1000,  998, 2, 0.79, 0.83, -0.04,  0,  0,  0
2586417.40226320, 44857.813705, 1000,  998, 2, 0.79, 0.83, -0.04,  0,  0,  0
2586417.40476320, 44857.146536, 1000,  998, 2, 0.79, 0.83, -0.04,  0,  0,  0
2586417.40726320, 44856.039037, 1000,  998, 2, 0.79, 0.83, -0.04,  0,  0,  0
2586417.40976320, 44855.254709, 1000,  998, 2, 0.79, 0.83, -0.04,  0,  0,  0
2586417.41226320, 44855.615564, 1000,  998, 2, 0.79, 0.83, -0.04,  0,  0,  0
2586417.41476320, 44855.963407, 1000,  998, 2, 0.79, 0.83, -0.04,  0,  0,  0
2586417.41726320, 44857.251258, 1000,  998, 2, 0.79, 0.83, -0.04,  0,  0,  0
2586417.41976320, 44857.451755, 1000,  998, 2, 0.79, 0.83, -0.04,  0,  0,  0
2586417.42226320, 44857.784265, 1000,  998, 2, 0.79, 0.83, -0.04,  0,  0,  0
2586417.42476320, 44857.000689, 1000,  998, 2, 0.79, 0.83, -0.04,  0,  0,  0
2586417.42726320, 44855.765236, 1000,  998, 2, 0.79, 0.83, -0.04,  0,  0,  0
2586417.42976320, 44855.580576, 1000,  998, 2, 0.79, 0.83, -0.04,  0,  0,  0
2586417.43226320, 44855.313964, 1000,  998, 2, 0.79, 0.83, -0.04,  0,  0,  0
2586417.43476320, 44856.103630, 1000,  998, 2, 0.79, 0.83, -0.04,  0,  0,  0
2586417.43726320, 44856.806537, 1000,  998, 2, 0.79, 0.83, -0.04,  0,  0,  0
2586417.43976320, 44857.441475, 1000,  998, 2, 0.79, 0.83, -0.04,  0,  0,  0
2586417.44226320, 44857.248222, 1000,  998, 2, 0.79, 0.83, -0.04,  0,  0,  0
2586417.44476320, 44856.440770, 1000,  998, 2, 0.79, 0.83, -0.04,  0,  0,  0
2586417.44726320, 44855.833458, 1000,  998, 2, 0.79, 0.83, -0.04,  0,  0,  0
2586417.44976320, 44855.319098, 1000,  998, 2, 0.79, 0.83, -0.04,  0,  0,  0
2586417.45226320, 44855.115569, 1000,  998, 2, 0.79, 0.83, -0.04,  0,  0,  0
2586417.45476320, 44855.401150, 1000,  998, 2, 0.79, 0.83, -0.04,  0,  0,  0
2586417.45726320, 44856.342436, 1000,  998, 2, 0.79, 0.83, -0.04,  0,  0,  0
2586417.45976320, 44857.275017, 1000,  998, 2, 0.79, 0.83, -0.04,  0,  0,  0
2586417.46226320, 44857.608056, 1000,  998, 2, 0.79, 0.83, -0.04,  0,  0,  0
2586417.46476320, 44857.357838, 1000,  998, 2, 0.79, 0.83, -0.04,  0,  0,  0
2586417.46726320, 44855.848646, 1000,  998, 2, 0.79, 0.83, -0.04,  0,  0,  0
2586417.46976320, 44855.115067, 1000,  998, 2, 0.79, 0.83, -0.04,  0,  0,  0
2586417.47226320, 44855.294840, 1000,  998, 2, 0.79, 0.83, -0.04,  0,  0,  0
2586417.47476320, 44855.531613, 1000,  998, 2, 0.79, 0.83, -0.04,  0,  0,  0
2586417.47726320, 44856.468683, 1000,  998, 2, 0.79, 0.83, -0.04,  0,  0,  0
2586417.47976320, 44857.337786, 1000,  998, 2, 0.79, 0.83, -0.04,  0,  0,  0
2586417.48226320, 44857.016060, 1000,  998, 2, 0.79, 0.83, -0.04,  0,  0,  0
2586417.48476320, 44856.864111, 1000,  998, 2, 0.79, 0.83, -0.04,  0,  0,  0
2586417.48726320, 44856.248281, 1000,  998, 2, 0.79, 0.83, -0.04,  0,  0,  0
2586417.48976320, 44855.540498, 1000,  998, 2, 0.79, 0.83, -0.04,  0,  0,  0
2586417.49226320, 44855.746127, 1000,  998, 2, 0.79, 0.83, -0.04,  0,  0,  0
2586417.49476320, 44856.832052, 1000,  998, 2, 0.79, 0.83, -0.04,  0,  0,  0
2586417.49726320, 44857.571982, 1000,  998, 2, 0.79, 0.83, -0.04,  0,  0,  0
2586417.49976320, 44857.593789, 1000,  998, 2, 0.79, 0.83, -0.04,  0,  0,  0
2586417.50226320, 44857.509541, 1000,  998, 2, 0.79, 0.83, -0.04,  0,  0,  0
2586417.50476320, 44856.479004, 1000,  998, 2, 0.79, 0.83, -0.04,  0,  0,  0
2586417.50726320, 44855.626255, 1000,  998, 2, 0.79, 0.83, -0.04,  0,  0,  0
2586417.50976320, 44855.534883, 1000,  998, 2, 0.79, 0.83, -0.04,  0,  0,  0
2586417.51226320, 44855.444262, 1000,  998, 2, 0.79, 0.83, -0.04,  0,  0,  0
2586417.51476320, 44855.867315, 1000,  998, 2, 0.79, 0.83, -0.04,  0,  0,  0
2586417.51726320, 44856.718650, 1000,  998, 2, 0.79, 0.83, -0.04,  0,  0,  0
2586417.51976320, 44857.401575, 1000,  998, 2, 0.79, 0.83, -0.04,  0,  0,  0
2586417.52226320, 44857.810009, 1000,  998, 2, 0.79, 0.83, -0.04,  0,  0,  0
2586417.52476320, 44857.384481, 1000,  998, 2, 0.79, 0.83, -0.04,  0,  0,  0
2586417.52726320, 44856.935108, 1000,  998, 2, 0.79, 0.83, -0.04,  0,  0,  0
2586417.52976320, 44856.466842, 1000,  998, 2, 0.79, 0.83, -0.04,  0,  0,  0
2586417.53226320, 44855.522867, 1000,  998, 2, 0.79, 0.83, -0.04,  0,  0,  0
2586417.53476320, 44855.439694, 1000,  998, 2, 0.79, 0.83, -0.04,  0,  0,  0
2586417.53726320, 44856.523356, 1000,  998, 2, 0.79, 0.83, -0.04,  0,  0,  0
2586417.53976320, 44857.266296, 1000,  998, 2, 0.79, 0.83, -0.04,  0,  0,  0
2586417.54226320, 44857.607213, 1000,  998, 2, 0.79, 0.83, -0.04,  0,  0,  0
2586417.54476320, 44856.574909, 1000,  998, 2, 0.79, 0.83, -0.04,  0,  0,  0
2586417.54726320, 44856.361581, 1000,  998, 2, 0.79, 0.83, -0.04,  0,  0,  0
2586417.54976320, 44855.367788, 1000,  998, 2, 0.79, 0.83, -0.04,  0,  0,  0
2586417.55226320, 44855.025773, 1000,  998, 2, 0.79, 0.83, -0.04,  0,  0,  0
2586417.55726320, 44856.459860, 1000,  998, 2, 0.79, 0.83, -0.04,  0,  0,  0
2586417.55976320, 44857.392569, 1000,  998, 2, 0.79, 0.83, -0.04,  0,  0,  0
2586417.56226320, 44857.578419, 1000,  998, 2, 0.79, 0.83, -0.04,  0,  0,  0
2586417.56476320, 44856.602576, 1000,  998, 2, 0.79, 0.83, -0.04,  0,  0,  0
2586417.56726320, 44856.457763, 1000,  998, 2, 0.79, 0.83, -0.04,  0,  0,  0
2586417.56976320, 44855.743971, 1000,  998, 2, 0.79, 0.83, -0.04,  0,  0,  0
2586417.57226320, 44855.521114, 1000,  998, 2, 0.79, 0.83, -0.04,  0,  0,  0
2586417.57476320, 44856.505239, 1000,  998, 2, 0.79, 0.83, -0.04,  0,  0,  0
2586417.57726320, 44856.599119, 1000,  998, 2, 0.79, 0.83, -0.04,  0,  0,  0
2586417.57976320, 44857.038865, 1000,  998, 2, 0.79, 0.83, -0.04,  0,  0,  0
2586417.58226320, 44857.506024, 1000,  998, 2, 0.79, 0.83, -0.04,  0,  0,  0
2586417.58476320, 44857.219837, 1000,  998, 2, 0.79, 0.83, -0.04,  0,  0,  0
2586417.58726320, 44856.305507, 1000,  998, 2, 0.79, 0.83, -0.04,  0,  0,  0
2586417.58976320, 44855.703418, 1000,  998, 2, 0.79, 0.83, -0.04,  0,  0,  0
2586417.59226320, 44855.228476, 1000,  998, 2, 0.79, 0.83, -0.04,  0,  0,  0
2586417.59476320, 44855.563237, 1000,  998, 2, 0.79, 0.83, -0.04,  0,  0,  0
2586417.59726320, 44856.218174, 1000,  998, 2, 0.79, 0.83, -0.04,  0,  0,  0
2586417.59976320, 44856.987648, 1000,  998, 2, 0.79, 0.83, -0.04,  0,  0,  0
2586417.60226320, 44857.375860, 1000,  998, 2, 0.79, 0.83, -0.04,  0,  0,  0
2586417.60476320, 44856.777117, 1000,  998, 2, 0.79, 0.83, -0.04,  0,  0,  0
2586417.60726320, 44856.533990, 1000,  998, 2, 0.79, 0.83, -0.04,  0,  0,  0
2586417.60976320, 44855.439155, 1000,  998, 2, 0.79, 0.83, -0.04,  0,  0,  0
2586417.61226320, 44855.059966, 1000,  998, 2, 0.79, 0.83, -0.04,  0,  0,  0
2586417.61476320, 44856.088220, 1000,  998, 2, 0.79, 0.83, -0.04,  0,  0,  0
2586417.61726320, 44857.348979, 1000,  998, 2, 0.79, 0.83, -0.04,  0,  0,  0
2586417.61976320, 44857.828562, 1000,  998, 2, 0.79, 0.83, -0.04,  0,  0,  0
2586417.62226320, 44857.709514, 1000,  998, 2, 0.79, 0.83, -0.04,  0,  0,  0
2586417.62476320, 44856.995898, 1000,  998, 2, 0.79, 0.83, -0.04,  0,  0,  0
2586417.62726320, 44856.027827, 1000,  998, 2, 0.79, 0.83, -0.04,  0,  0,  0
2586417.62976320, 44855.518352, 1000,  998, 2, 0.79, 0.83, -0.04,  0,  0,  0
2586417.63226320, 44855.294980, 1000,  998, 2, 0.79, 0.83, -0.04,  0,  0,  0
2586417.63476320, 44856.010703, 1000,  998, 2, 0.79, 0.83, -0.04,  0,  0,  0
2586417.63726320, 44856.827186, 1000,  998, 2, 0.79, 0.83, -0.04,  0,  0,  0
2586417.63976320, 44857.124494, 1000,  998, 2, 0.79, 0.83, -0.04,  0,  0,  0
2586417.64226320, 44857.421802, 1000,  998, 2, 0.79, 0.83, -0.04,  0,  0,  0
2586417.64476320, 44857.656263, 1000,  998, 2, 0.79, 0.83, -0.04,  0,  0,  0
2586417.64726320, 44856.961670, 1000,  998, 2, 0.79, 0.83, -0.04,  0,  0,  0
2586417.64976320, 44855.989073, 1000,  998, 2, 0.79, 0.83, -0.04,  0,  0,  0
2586417.65226320, 44855.022035, 1000,  998, 2, 0.79, 0.83, -0.04,  0,  0,  0
2586417.65476320, 44855.246665, 1000,  998, 2, 0.79, 0.83, -0.04,  0,  0,  0
2586417.65726320, 44857.194384, 1000,  998, 2, 0.79, 0.83, -0.04,  0,  0,  0
2586417.65976320, 44857.972348, 1000,  998, 2, 0.79, 0.83, -0.04,  0,  0,  0
2586417.66226320, 44857.946662, 1000,  998, 2, 0.79, 0.83, -0.04,  0,  0,  0
2586417.66476320, 44856.738099, 1000,  998, 2, 0.79, 0.83, -0.04,  0,  0,  0
2586417.66726320, 44856.441894, 1000,  998, 2, 0.79, 0.83, -0.04,  0,  0,  0
2586417.66976320, 44855.489301, 1000,  998, 2, 0.79, 0.83, -0.04,  0,  0,  0
2586417.67226320, 44855.379722, 1000,  998, 2, 0.79, 0.83, -0.04,  0,  0,  0
2586417.67476320, 44856.246322, 1000,  998, 2, 0.79, 0.83, -0.04,  0,  0,  0
2586417.67726320, 44856.559021, 1000,  998, 2, 0.79, 0.83, -0.04,  0,  0,  0
2586417.67976320, 44857.669147, 1000,  998, 2, 0.79, 0.83, -0.04,  0,  0,  0
2586417.68226320, 44857.814503, 1000,  998, 2, 0.79, 0.83, -0.04,  0,  0,  0
2586417.68476320, 44856.919843, 1000,  998, 2, 0.79, 0.83, -0.04,  0,  0,  0
2586417.68726320, 44856.466147, 1000,  998, 2, 0.79, 0.83, -0.04,  0,  0,  0
2586417.68976320, 44855.395499, 1000,  998, 2, 0.79, 0.83, -0.04,  0,  0,  0
2586417.69226320, 44855.311450, 1000,  998, 2, 0.79, 0.83, -0.04,  0,  0,  0
2586417.69476320, 44855.895784, 1000,  998, 2, 0.79, 0.83, -0.04,  0,  0,  0
2586417.69726320, 44856.964353, 1000,  998, 2, 0.79, 0.83, -0.04,  0,  0,  0
2586417.69976320, 44857.760798, 1000,  998, 2, 0.79, 0.83, -0.04,  0,  0,  0
2586417.70226320, 44857.760024, 1000,  998, 2, 0.79, 0.83, -0.04,  0,  0,  0
2586417.70476320, 44857.571838, 1000,  998, 2, 0.79, 0.83, -0.04,  0,  0,  0
2586417.70726320, 44856.016250, 1000,  998, 2, 0.79, 0.83, -0.04,  0,  0,  0
2586417.70976320, 44855.492288, 1000,  998, 2, 0.79, 0.83, -0.04,  0,  0,  0
2586417.71226320, 44855.397709, 1000,  998, 2, 0.79, 0.83, -0.04,  0,  0,  0
2586417.71476320, 44855.303129, 1000,  998, 2, 0.79, 0.83, -0.04,  0,  0,  0
2586417.71726320, 44856.567269, 1000,  998, 2, 0.79, 0.83, -0.04,  0,  0,  0
2586417.71976320, 44858.032021, 1000,  998, 2, 0.79, 0.83, -0.04,  0,  0,  0
2586417.72226320, 44857.848908, 1000,  998, 2, 0.79, 0.83, -0.04,  0,  0,  0
2586417.72476320, 44856.617512, 1000,  998, 2, 0.79, 0.83, -0.04,  0,  0,  0
2586417.72726320, 44855.420766, 1000,  998, 2, 0.79, 0.83, -0.04,  0,  0,  0
2586417.72976320, 44854.931352, 1000,  998, 2, 0.79, 0.83, -0.04,  0,  0,  0
2586417.73226320, 44855.154510, 1000,  998, 2, 0.79, 0.83, -0.04,  0,  0,  0
2586417.73476320, 44856.138727, 1000,  998, 2, 0.79, 0.83, -0.04,  0,  0,  0
2586417.73726320, 44857.245971, 1000,  998, 2, 0.79, 0.83, -0.04,  0,  0,  0
2586417.74226320, 44857.929297, 1000,  998, 2, 0.79, 0.83, -0.04,  0,  0,  0
2586417.74476320, 44857.157404, 1000,  998, 2, 0.79, 0.83, -0.04,  0,  0,  0
2586417.74726320, 44855.958874, 1000,  998, 2, 0.79, 0.83, -0.04,  0,  0,  0
2586417.74976320, 44855.460759, 1000,  998, 2, 0.79, 0.83, -0.04,  0,  0,  0
2586417.75226320, 44855.579377, 1000,  998, 2, 0.79, 0.83, -0.04,  0,  0,  0
2586417.75476320, 44856.252239, 1000,  998, 2, 0.79, 0.83, -0.04,  0,  0,  0
2586417.75726320, 44857.107711, 1000,  998, 2, 0.79, 0.83, -0.04,  0,  0,  0
2586417.75976320, 44857.529219, 1000,  998, 2, 0.79, 0.83, -0.04,  0,  0,  0
2586417.76226320, 44857.491285, 1000,  998, 2, 0.79, 0.83, -0.04,  0,  0,  0
2586417.76476320, 44856.811954, 1000,  998, 2, 0.79, 0.83, -0.04,  0,  0,  0
2586417.76726320, 44856.132623, 1000,  998, 2, 0.79, 0.83, -0.04,  0,  0,  0
2586417.76976320, 44855.086956, 1000,  998, 2, 0.79, 0.83, -0.04,  0,  0,  0
2586417.77226320, 44855.004469, 1000,  998, 2, 0.79, 0.83, -0.04,  0,  0,  0
2586417.77476320, 44855.432952, 1000,  998, 2, 0.79, 0.83, -0.04,  0,  0,  0
2586417.77726320, 44857.235869, 1000,  998, 2, 0.79, 0.83, -0.04,  0,  0,  0
2586417.77976320, 44857.723091, 1000,  998, 2, 0.79, 0.83, -0.04,  0,  0,  0
2586417.78226320, 44857.694554, 1000,  998, 2, 0.79, 0.83, -0.04,  0,  0,  0
2586417.78476320, 44856.946972, 1000,  998, 2, 0.79, 0.83, -0.04,  0,  0,  0
2586417.78726320, 44856.037054, 1000,  998, 2, 0.79, 0.83, -0.04,  0,  0,  0
2586417.78976320, 44855.615624, 1000,  998, 2, 0.79, 0.83, -0.04,  0,  0,  0
2586417.79226320, 44855.695625, 1000,  998, 2, 0.79, 0.83, -0.04,  0,  0,  0
2586417.79476320, 44856.652573, 1000,  998, 2, 0.79, 0.83, -0.04,  0,  0,  0
2586417.79726320, 44857.016421, 1000,  998, 2, 0.79, 0.83, -0.04,  0,  0,  0
2586417.79976320, 44857.755921, 1000,  998, 2, 0.79, 0.83, -0.04,  0,  0,  0
2586417.80226320, 44857.598905, 1000,  998, 2, 0.79, 0.83, -0.04,  0,  0,  0
2586417.80476320, 44857.417581, 1000,  998, 2, 0.79, 0.83, -0.04,  0,  0,  0
2586417.80726320, 44856.388781, 1000,  998, 2, 0.79, 0.83, -0.04,  0,  0,  0
2586417.80976320, 44855.685998, 1000,  998, 2, 0.79, 0.83, -0.04,  0,  0,  0
2586417.81226320, 44855.307303, 1000,  998, 2, 0.79, 0.83, -0.04,  0,  0,  0
2586417.81476320, 44855.344285, 1000,  998, 2, 0.79, 0.83, -0.04,  0,  0,  0
2586417.81726320, 44856.375480, 1000,  998, 2, 0.79, 0.83, -0.04,  0,  0,  0
2586417.81976320, 44857.495651, 1000,  998, 2, 0.79, 0.83, -0.04,  0,  0,  0
2586417.82226320, 44857.313975, 1000,  998, 2, 0.79, 0.83, -0.04,  0,  0,  0
2586417.82476320, 44857.219186, 1000,  998, 2, 0.79, 0.83, -0.04,  0,  0,  0
2586417.82726320, 44857.219186, 1000,  998, 2, 0.79, 0.83, -0.04,  0,  0,  0
2586417.82976320, 44856.887967, 1000,  998, 2, 0.79, 0.83, -0.04,  0,  0,  0
2586417.83226320, 44855.179290, 1000,  998, 2, 0.79, 0.83, -0.04,  0,  0,  0
2586417.83476320, 44855.548785, 1000,  998, 2, 0.79, 0.83, -0.04,  0,  0,  0
2586417.83726320, 44856.001590, 1000,  998, 2, 0.79, 0.83, -0.04,  0,  0,  0
2586417.83976320, 44856.912761, 1000,  998, 2, 0.79, 0.83, -0.04,  0,  0,  0
2586417.84226320, 44857.445334, 1000,  998, 2, 0.79, 0.83, -0.04,  0,  0,  0
2586417.84476320, 44857.014489, 1000,  998, 2, 0.79, 0.83, -0.04,  0,  0,  0
2586417.84726320, 44855.988701, 1000,  998, 2, 0.79, 0.83, -0.04,  0,  0,  0
2586417.84976320, 44854.957809, 1000,  998, 2, 0.79, 0.83, -0.04,  0,  0,  0
2586417.85226320, 44855.452103, 1000,  998, 2, 0.79, 0.83, -0.04,  0,  0,  0
2586417.85476320, 44855.722093, 1000,  998, 2, 0.79, 0.83, -0.04,  0,  0,  0
2586417.85726320, 44857.015596, 1000,  998, 2, 0.79, 0.83, -0.04,  0,  0,  0
2586417.85976320, 44857.831237, 1000,  998, 2, 0.79, 0.83, -0.04,  0,  0,  0
2586417.86226320, 44857.373230, 1000,  998, 2, 0.79, 0.83, -0.04,  0,  0,  0
2586417.86476320, 44857.101493, 1000,  998, 2, 0.79, 0.83, -0.04,  0,  0,  0
2586417.86726320, 44855.709422, 1000,  998, 2, 0.79, 0.83, -0.04,  0,  0,  0
2586417.87226320, 44855.284149, 1000,  998, 2, 0.79, 0.83, -0.04,  0,  0,  0
2586417.87476320, 44855.465942, 1000,  998, 2, 0.79, 0.83, -0.04,  0,  0,  0
2586417.87726320, 44856.396117, 1000,  998, 2, 0.79, 0.83, -0.04,  0,  0,  0
2586417.87976320, 44857.609856, 1000,  998, 2, 0.79, 0.83, -0.04,  0,  0,  0
2586417.88226320, 44857.715606, 1000,  998, 2, 0.79, 0.83, -0.04,  0,  0,  0
2586417.88476320, 44857.368345, 1000,  998, 2, 0.79, 0.83, -0.04,  0,  0,  0
2586417.88726320, 44857.091467, 1000,  998, 2, 0.79, 0.83, -0.04,  0,  0,  0
2586417.88976320, 44856.814590, 1000,  998, 2, 0.79, 0.83, -0.04,  0,  0,  0
2586417.89226320, 44855.931518, 1000,  998, 2, 0.79, 0.83, -0.04,  0,  0,  0
2586417.89476320, 44855.599619, 1000,  998, 2, 0.79, 0.83, -0.04,  0,  0,  0
2586417.89726320, 44855.958086, 1000,  998, 2, 0.79, 0.83, -0.04,  0,  0,  0
2586417.89976320, 44856.316553, 1000,  998, 2, 0.79, 0.83, -0.04,  0,  0,  0
2586417.90226320, 44856.775475, 1000,  998, 2, 0.79, 0.83, -0.04,  0,  0,  0
2586417.90476320, 44857.320038, 1000,  998, 2, 0.79, 0.83, -0.04,  0,  0,  0
2586417.90726320, 44856.164145, 1000,  998, 2, 0.79, 0.83, -0.04,  0,  0,  0
2586417.90976320, 44855.305807, 1000,  998, 2, 0.79, 0.83, -0.04,  0,  0,  0
2586417.91226320, 44855.375401, 1000,  998, 2, 0.79, 0.83, -0.04,  0,  0,  0
2586417.91476320, 44856.240926, 1000,  998, 2, 0.79, 0.83, -0.04,  0,  0,  0
2586417.91726320, 44857.743035, 1000,  998, 2, 0.79, 0.83, -0.04,  0,  0,  0
2586417.91976320, 44857.764962, 1000,  998, 2, 0.79, 0.83, -0.04,  0,  0,  0
2586417.92226320, 44857.468526, 1000,  998, 2, 0.79, 0.83, -0.04,  0,  0,  0
2586417.92476320, 44856.464528, 1000,  998, 2, 0.79, 0.83, -0.04,  0,  0,  0
2586417.92726320, 44855.102405, 1000,  998, 2, 0.79, 0.83, -0.04,  0,  0,  0
2586417.92976320, 44855.002392, 1000,  998, 2, 0.79, 0.83, -0.04,  0,  0,  0
2586417.93226320, 44854.907608, 1000,  998, 2, 0.79, 0.83, -0.04,  0,  0,  0
2586417.93476320, 44855.816789, 1000,  998, 2, 0.79, 0.83, -0.04,  0,  0,  0
2586417.93726320, 44856.844374, 1000,  998, 2, 0.79, 0.83, -0.04,  0,  0,  0
2586417.93976320, 44857.778987, 1000,  998, 2, 0.79, 0.83, -0.04,  0,  0,  0
2586417.94226320, 44858.113644, 1000,  998, 2, 0.79, 0.83, -0.04,  0,  0,  0
2586417.94476320, 44857.170183, 1000,  998, 2, 0.79, 0.83, -0.04,  0,  0,  0
2586417.94726320, 44856.718735, 1000,  998, 2, 0.79, 0.83, -0.04,  0,  0,  0
2586417.94976320, 44856.403558, 1000,  998, 2, 0.79, 0.83, -0.04,  0,  0,  0
2586417.95226320, 44856.088381, 1000,  998, 2, 0.79, 0.83, -0.04,  0,  0,  0
2586417.95476320, 44856.345480, 1000,  998, 2, 0.79, 0.83, -0.04,  0,  0,  0
2586417.95726320, 44857.486456, 1000,  998, 2, 0.79, 0.83, -0.04,  0,  0,  0
2586417.95976320, 44857.486456, 1000,  998, 2, 0.79, 0.83, -0.04,  0,  0,  0
2586417.96226320, 44857.480471, 1000,  998, 2, 0.79, 0.83, -0.04,  0,  0,  0
2586417.96476320, 44857.427205, 1000,  998, 2, 0.79, 0.83, -0.04,  0,  0,  0
2586417.96726320, 44856.382560, 1000,  998, 2, 0.79, 0.83, -0.04,  0,  0,  0
2586417.96976320, 44855.541379, 1000,  998, 2, 0.79, 0.83, -0.04,  0,  0,  0
2586417.97226320, 44855.636946, 1000,  998, 2, 0.79, 0.83, -0.04,  0,  0,  0
2586417.97476320, 44855.848567, 1000,  998, 2, 0.79, 0.83, -0.04,  0,  0,  0
2586417.97726320, 44857.061357, 1000,  998, 2, 0.79, 0.83, -0.04,  0,  0,  0
2586417.97976320, 44858.118577, 1000,  998, 2, 0.79, 0.83, -0.04,  0,  0,  0
2586417.98226320, 44857.636127, 1000,  998, 2, 0.79, 0.83, -0.04,  0,  0,  0
2586417.98476320, 44857.255284, 1000,  998, 2, 0.79, 0.83, -0.04,  0,  0,  0
2586417.98726320, 44855.786757, 1000,  998, 2, 0.79, 0.83, -0.04,  0,  0,  0
2586417.98976320, 44854.656489, 1000,  998, 2, 0.79, 0.83, -0.04,  0,  0,  0
2586417.99226320, 44855.252077, 1000,  998, 2, 0.79, 0.83, -0.04,  0,  0,  0
2586417.99476320, 44855.716213, 1000,  998, 2, 0.79, 0.83, -0.04,  0,  0,  0
2586417.99726320, 44857.195376, 1000,  998, 2, 0.79, 0.83, -0.04,  0,  0,  0
2586417.99976320, 44857.832830, 1000,  998, 2, 0.79, 0.83, -0.04,  0,  0,  0
2586418.00226320, 44857.604055, 1000,  998, 2, 0.79, 0.83, -0.04,  0,  0,  0
2586418.00476320, 44857.535975, 1000,  998, 2, 0.79, 0.83, -0.04,  0,  0,  0
2586418.00726320, 44857.251928, 1000,  998, 2, 0.79, 0.83, -0.04,  0,  0,  0
2586418.00976320, 44856.967882, 1000,  998, 2, 0.79, 0.83, -0.04,  0,  0,  0
2586418.01226320, 44856.683835, 1000,  998, 2, 0.79, 0.83, -0.04,  0,  0,  0
2586418.01476320, 44856.676511, 1000,  998, 2, 0.79, 0.83, -0.04,  0,  0,  0
2586418.01726320, 44856.862411, 1000,  998, 2, 0.79, 0.83, -0.04,  0,  0,  0
2586418.01976320, 44857.048311, 1000,  998, 2, 0.79, 0.83, -0.04,  0,  0,  0
2586418.02226320, 44857.234210, 1000,  998, 2, 0.79, 0.83, -0.04,  0,  0,  0
2586418.02476320, 44857.033975, 1000,  998, 2, 0.79, 0.83, -0.04,  0,  0,  0
2586418.02726320, 44856.342452, 1000,  998, 2, 0.79, 0.83, -0.04,  0,  0,  0
2586418.02976320, 44855.855482, 1000,  998, 2, 0.79, 0.83, -0.04,  0,  0,  0
2586418.03226320, 44855.477342, 1000,  998, 2, 0.79, 0.83, -0.04,  0,  0,  0
2586418.03476320, 44856.228111, 1000,  998, 2, 0.79, 0.83, -0.04,  0,  0,  0
2586418.03726320, 44857.507838, 1000,  998, 2, 0.79, 0.83, -0.04,  0,  0,  0
2586418.03976320, 44857.647292, 1000,  998, 2, 0.79, 0.83, -0.04,  0,  0,  0
2586418.04226320, 44857.587800, 1000,  998, 2, 0.79, 0.83, -0.04,  0,  0,  0
2586418.04476320, 44856.579878, 1000,  998, 2, 0.79, 0.83, -0.04,  0,  0,  0
2586418.04726320, 44855.647637, 1000,  998, 2, 0.79, 0.83, -0.04,  0,  0,  0
2586418.04976320, 44855.578663, 1000,  998, 2, 0.79, 0.83, -0.04,  0,  0,  0
2586418.05226320, 44855.527882, 1000,  998, 2, 0.79, 0.83, -0.04,  0,  0,  0
2586418.05726320, 44856.902743, 1000,  998, 2, 0.79, 0.83, -0.04,  0,  0,  0
2586418.05976320, 44857.444637, 1000,  998, 2, 0.79, 0.83, -0.04,  0,  0,  0
2586418.06226320, 44857.696105, 1000,  998, 2, 0.79, 0.83, -0.04,  0,  0,  0
2586418.06476320, 44856.544187, 1000,  998, 2, 0.79, 0.83, -0.04,  0,  0,  0
2586418.06726320, 44855.260386, 1000,  998, 2, 0.79, 0.83, -0.04,  0,  0,  0
2586418.06976320, 44854.876039, 1000,  998, 2, 0.79, 0.83, -0.04,  0,  0,  0
2586418.07226320, 44854.814865, 1000,  998, 2, 0.79, 0.83, -0.04,  0,  0,  0
2586418.07476320, 44855.824346, 1000,  998, 2, 0.79, 0.83, -0.04,  0,  0,  0
2586418.07726320, 44856.736228, 1000,  998, 2, 0.79, 0.83, -0.04,  0,  0,  0
2586418.07976320, 44857.155189, 1000,  998, 2, 0.79, 0.83, -0.04,  0,  0,  0
2586418.08226320, 44857.523778, 1000,  998, 2, 0.79, 0.83, -0.04,  0,  0,  0
2586418.08476320, 44857.563317, 1000,  998, 2, 0.79, 0.83, -0.04,  0,  0,  0
2586418.08726320, 44855.669018, 1000,  998, 2, 0.79, 0.83, -0.04,  0,  0,  0
2586418.08976320, 44855.669018, 1000,  998, 2, 0.79, 0.83, -0.04,  0,  0,  0
2586418.09226320, 44855.669018, 1000,  998, 2, 0.79, 0.83, -0.04,  0,  0,  0
2586418.09476320, 44856.220620, 1000,  998, 2, 0.79, 0.83, -0.04,  0,  0,  0
2586418.09726320, 44856.823939, 1000,  998, 2, 0.79, 0.83, -0.04,  0,  0,  0
2586418.09976320, 44857.392957, 1000,  998, 2, 0.79, 0.83, -0.04,  0,  0,  0
2586418.10226320, 44857.328443, 1000,  998, 2, 0.79, 0.83, -0.04,  0,  0,  0
2586418.10476320, 44856.445659, 1000,  998, 2, 0.79, 0.83, -0.04,  0,  0,  0
2586418.10726320, 44856.258518, 1000,  998, 2, 0.79, 0.83, -0.04,  0,  0,  0
2586418.10976320, 44855.434730, 1000,  998, 2, 0.79, 0.83, -0.04,  0,  0,  0
2586418.11226320, 44855.289084, 1000,  998, 2, 0.79, 0.83, -0.04,  0,  0,  0
2586418.11476320, 44856.500944, 1000,  998, 2, 0.79, 0.83, -0.04,  0,  0,  0
2586418.11726320, 44856.686146, 1000,  998, 2, 0.79, 0.83, -0.04,  0,  0,  0
2586418.11976320, 44857.444419, 1000,  998, 2, 0.79, 0.83, -0.04,  0,  0,  0
2586418.12226320, 44857.641123, 1000,  998, 2, 0.79, 0.83, -0.04,  0,  0,  0
2586418.12476320, 44856.938879, 1000,  998, 2, 0.79, 0.83, -0.04,  0,  0,  0
2586418.12726320, 44856.732760, 1000,  998, 2, 0.79, 0.83, -0.04,  0,  0,  0
2586418.12976320, 44855.322043, 1000,  998, 2, 0.79, 0.83, -0.04,  0,  0,  0
2586418.13226320, 44855.212780, 1000,  998, 2, 0.79, 0.83, -0.04,  0,  0,  0
2586418.13476320, 44855.888725, 1000,  998, 2, 0.79, 0.83, -0.04,  0,  0,  0
2586418.13726320, 44857.392884, 1000,  998, 2, 0.79, 0.83, -0.04,  0,  0,  0
2586418.13976320, 44857.672840, 1000,  998, 2, 0.79, 0.83, -0.04,  0,  0,  0
2586418.14226320, 44857.507944, 1000,  998, 2, 0.79, 0.83, -0.04,  0,  0,  0
2586418.14476320, 44857.313857, 1000,  998, 2, 0.79, 0.83, -0.04,  0,  0,  0
2586418.14726320, 44857.020388, 1000,  998, 2, 0.79, 0.83, -0.04,  0,  0,  0
2586418.14976320, 44855.924279, 1000,  998, 2, 0.79, 0.83, -0.04,  0,  0,  0
2586418.15226320, 44855.570131, 1000,  998, 2, 0.79, 0.83, -0.04,  0,  0,  0
2586418.15476320, 44855.598225, 1000,  998, 2, 0.79, 0.83, -0.04,  0,  0,  0
2586418.15726320, 44856.771757, 1000,  998, 2, 0.79, 0.83, -0.04,  0,  0,  0
2586418.15976320, 44857.279724, 1000,  998, 2, 0.79, 0.83, -0.04,  0,  0,  0
2586418.16226320, 44857.499129, 1000,  998, 2, 0.79, 0.83, -0.04,  0,  0,  0
2586418.16476320, 44856.863600, 1000,  998, 2, 0.79, 0.83, -0.04,  0,  0,  0
2586418.16726320, 44855.584387, 1000,  998, 2, 0.79, 0.83, -0.04,  0,  0,  0
2586418.16976320, 44855.220004, 1000,  998, 2, 0.79, 0.83, -0.04,  0,  0,  0
2586418.17226320, 44855.345822, 1000,  998, 2, 0.79, 0.83, -0.04,  0,  0,  0
2586418.17476320, 44856.170821, 1000,  998, 2, 0.79, 0.83, -0.04,  0,  0,  0
2586418.17726320, 44857.327599, 1000,  998, 2, 0.79, 0.83, -0.04,  0,  0,  0
2586418.17976320, 44858.010306, 1000,  998, 2, 0.79, 0.83, -0.04,  0,  0,  0
2586418.18226320, 44857.805319, 1000,  998, 2, 0.79, 0.83, -0.04,  0,  0,  0
2586418.18476320, 44856.678000, 1000,  998, 2, 0.79, 0.83, -0.04,  0,  0,  0
2586418.18726320, 44855.572566, 1000,  998, 2, 0.79, 0.83, -0.04,  0,  0,  0
2586418.18976320, 44855.160455, 1000,  998, 2, 0.79, 0.83, -0.04,  0,  0,  0
2586418.19226320, 44855.441208, 1000,  998, 2, 0.79, 0.83, -0.04,  0,  0,  0
2586418.19476320, 44856.207729, 1000,  998, 2, 0.79, 0.83, -0.04,  0,  0,  0
2586418.19726320, 44857.002080, 1000,  998, 2, 0.79, 0.83, -0.04,  0,  0,  0
2586418.19976320, 44857.831477, 1000,  998, 2, 0.79, 0.83, -0.04,  0,  0,  0
2586418.20226320, 44858.141205, 1000,  998, 2, 0.79, 0.83, -0.04,  0,  0,  0
2586418.20476320, 44857.760817, 1000,  998, 2, 0.79, 0.83, -0.04,  0,  0,  0
2586418.20726320, 44856.871521, 1000,  998, 2, 0.79, 0.83, -0.04,  0,  0,  0
2586418.20976320, 44855.694566, 1000,  998, 2, 0.79, 0.83, -0.04,  0,  0,  0
2586418.21226320, 44855.279413, 1000,  998, 2, 0.79, 0.83, -0.04,  0,  0,  0
2586418.21476320, 44856.048348, 1000,  998, 2, 0.79, 0.83, -0.04,  0,  0,  0
2586418.21726320, 44856.912392, 1000,  998, 2, 0.79, 0.83, -0.04,  0,  0,  0
2586418.21976320, 44857.447552, 1000,  998, 2, 0.79, 0.83, -0.04,  0,  0,  0
2586418.22226320, 44857.452246, 1000,  998, 2, 0.79, 0.83, -0.04,  0,  0,  0
2586418.22476320, 44856.920960, 1000,  998, 2, 0.79, 0.83, -0.04,  0,  0,  0
2586418.22726320, 44856.188702, 1000,  998, 2, 0.79, 0.83, -0.04,  0,  0,  0
2586418.22976320, 44855.513224, 1000,  998, 2, 0.79, 0.83, -0.04,  0,  0,  0
2586418.23226320, 44855.938975, 1000,  998, 2, 0.79, 0.83, -0.04,  0,  0,  0
2586418.23476320, 44857.101587, 1000,  998, 2, 0.79, 0.83, -0.04,  0,  0,  0
2586418.23726320, 44857.281438, 1000,  998, 2, 0.79, 0.83, -0.04,  0,  0,  0
2586418.24226320, 44857.482974, 1000,  998, 2, 0.79, 0.83, -0.04,  0,  0,  0
2586418.24476320, 44856.534974, 1000,  998, 2, 0.79, 0.83, -0.04,  0,  0,  0
2586418.24726320, 44856.230944, 1000,  998, 2, 0.79, 0.83, -0.04,  0,  0,  0
2586418.24976320, 44855.361619, 1000,  998, 2, 0.79, 0.83, -0.04,  0,  0,  0
2586418.25226320, 44855.372771, 1000,  998, 2, 0.79, 0.83, -0.04,  0,  0,  0
2586418.25476320, 44855.860550, 1000,  998, 2, 0.79, 0.83, -0.04,  0,  0,  0
2586418.25726320, 44856.376380, 1000,  998, 2, 0.79, 0.83, -0.04,  0,  0,  0
2586418.25976320, 44857.546330, 1000,  998, 2, 0.79, 0.83, -0.04,  0,  0,  0
2586418.26226320, 44857.517698, 1000,  998, 2, 0.79, 0.83, -0.04,  0,  0,  0
2586418.26476320, 44856.907100, 1000,  998, 2, 0.79, 0.83, -0.04,  0,  0,  0
2586418.26726320, 44856.359351, 1000,  998, 2, 0.79, 0.83, -0.04,  0,  0,  0
2586418.26976320, 44855.556490, 1000,  998, 2, 0.79, 0.83, -0.04,  0,  0,  0
2586418.27226320, 44855.122339, 1000,  998, 2, 0.79, 0.83, -0.04,  0,  0,  0
2586418.27476320, 44855.217482, 1000,  998, 2, 0.79, 0.83, -0.04,  0,  0,  0
2586418.27726320, 44855.312625, 1000,  998, 2, 0.79, 0.83, -0.04,  0,  0,  0
2586418.27976320, 44855.821566, 1000,  998, 2, 0.79, 0.83, -0.04,  0,  0,  0
2586418.28226320, 44857.353513, 1000,  998, 2, 0.79, 0.83, -0.04,  0,  0,  0
2586418.28476320, 44857.185103, 1000,  998, 2, 0.79, 0.83, -0.04,  0,  0,  0
2586418.28726320, 44855.951094, 1000,  998, 2, 0.79, 0.83, -0.04,  0,  0,  0
2586418.28976320, 44854.831565, 1000,  998, 2, 0.79, 0.83, -0.04,  0,  0,  0
2586418.29226320, 44855.013504, 1000,  998, 2, 0.79, 0.83, -0.04,  0,  0,  0
2586418.29476320, 44856.091807, 1000,  998, 2, 0.79, 0.83, -0.04,  0,  0,  0
2586418.29726320, 44857.075409, 1000,  998, 2, 0.79, 0.83, -0.04,  0,  0,  0
2586418.29976320, 44857.529219, 1000,  998, 2, 0.79, 0.83, -0.04,  0,  0,  0
2586418.30226320, 44857.392859, 1000,  998, 2, 0.79, 0.83, -0.04,  0,  0,  0
2586418.30476320, 44856.678007, 1000,  998, 2, 0.79, 0.83, -0.04,  0,  0,  0
2586418.30726320, 44855.823216, 1000,  998, 2, 0.79, 0.83, -0.04,  0,  0,  0
2586418.30976320, 44855.358127, 1000,  998, 2, 0.79, 0.83, -0.04,  0,  0,  0
2586418.31226320, 44855.761953, 1000,  998, 2, 0.79, 0.83, -0.04,  0,  0,  0
2586418.31476320, 44856.709094, 1000,  998, 2, 0.79, 0.83, -0.04,  0,  0,  0
2586418.31726320, 44857.418387, 1000,  998, 2, 0.79, 0.83, -0.04,  0,  0,  0
2586418.31976320, 44857.755626, 1000,  998, 2, 0.79, 0.83, -0.04,  0,  0,  0
2586418.32226320, 44857.219323, 1000,  998, 2, 0.79, 0.83, -0.04,  0,  0,  0
2586418.32476320, 44856.811261, 1000,  998, 2, 0.79, 0.83, -0.04,  0,  0,  0
2586418.32726320, 44856.443305, 1000,  998, 2, 0.79, 0.83, -0.04,  0,  0,  0
2586418.32976320, 44856.047148, 1000,  998, 2, 0.79, 0.83, -0.04,  0,  0,  0
2586418.33226320, 44855.257404, 1000,  998, 2, 0.79, 0.83, -0.04,  0,  0,  0
2586418.33476320, 44855.597760, 1000,  998, 2, 0.79, 0.83, -0.04,  0,  0,  0
2586418.33726320, 44856.337366, 1000,  998, 2, 0.79, 0.83, -0.04,  0,  0,  0
2586418.33976320, 44857.377230, 1000,  998, 2, 0.79, 0.83, -0.04,  0,  0,  0
2586418.34226320, 44857.164468, 1000,  998, 2, 0.79, 0.83, -0.04,  0,  0,  0
2586418.34476320, 44856.546387, 1000,  998, 2, 0.79, 0.83, -0.04,  0,  0,  0
2586418.34726320, 44855.564057, 1000,  998, 2, 0.79, 0.83, -0.04,  0,  0,  0
2586418.34976320, 44855.198623, 1000,  998, 2, 0.79, 0.83, -0.04,  0,  0,  0
2586418.35226320, 44855.279039, 1000,  998, 2, 0.79, 0.83, -0.04,  0,  0,  0
2586418.35476320, 44855.786119, 1000,  998, 2, 0.79, 0.83, -0.04,  0,  0,  0
2586418.35726320, 44856.751675, 1000,  998, 2, 0.79, 0.83, -0.04,  0,  0,  0
2586418.35976320, 44857.720503, 1000,  998, 2, 0.79, 0.83, -0.04,  0,  0,  0
2586418.36226320, 44857.313775, 1000,  998, 2, 0.79, 0.83, -0.04,  0,  0,  0
2586418.36476320, 44857.120005, 1000,  998, 2, 0.79, 0.83, -0.04,  0,  0,  0
2586418.36726320, 44856.273200, 1000,  998, 2, 0.79, 0.83, -0.04,  0,  0,  0
2586418.36976320, 44855.725509, 1000,  998, 2, 0.79, 0.83, -0.04,  0,  0,  0
2586418.37226320, 44855.761006, 1000,  998, 2, 0.79, 0.83, -0.04,  0,  0,  0
2586418.37476320, 44855.849142, 1000,  998, 2, 0.79, 0.83, -0.04,  0,  0,  0
2586418.37726320, 44856.458293, 1000,  998, 2, 0.79, 0.83, -0.04,  0,  0,  0
2586418.37976320, 44857.268752, 1000,  998, 2, 0.79, 0.83, -0.04,  0,  0,  0
2586418.38226320, 44857.646423, 1000,  998, 2, 0.79, 0.83, -0.04,  0,  0,  0
2586418.38476320, 44857.119685, 1000,  998, 2, 0.79, 0.83, -0.04,  0,  0,  0
2586418.38726320, 44856.205523, 1000,  998, 2, 0.79, 0.83, -0.04,  0,  0,  0
2586418.38976320, 44855.707935, 1000,  998, 2, 0.79, 0.83, -0.04,  0,  0,  0
2586418.39226320, 44855.701248, 1000,  998, 2, 0.79, 0.83, -0.04,  0,  0,  0
2586418.39476320, 44855.924804, 1000,  998, 2, 0.79, 0.83, -0.04,  0,  0,  0
2586418.39726320, 44857.198274, 1000,  998, 2, 0.79, 0.83, -0.04,  0,  0,  0
2586418.39976320, 44858.063496, 1000,  998, 2, 0.79, 0.83, -0.04,  0,  0,  0
2586418.40226320, 44857.796511, 1000,  998, 2, 0.79, 0.83, -0.04,  0,  0,  0
2586418.40476320, 44857.510603, 1000,  998, 2, 0.79, 0.83, -0.04,  0,  0,  0
2586418.40976320, 44855.308848, 1000,  998, 2, 0.79, 0.83, -0.04,  0,  0,  0
2586418.41226320, 44855.829380, 1000,  998, 2, 0.79, 0.83, -0.04,  0,  0,  0
2586418.41476320, 44856.081416, 1000,  998, 2, 0.79, 0.83, -0.04,  0,  0,  0
2586418.41726320, 44857.409035, 1000,  998, 2, 0.79, 0.83, -0.04,  0,  0,  0
2586418.41976320, 44857.499594, 1000,  998, 2, 0.79, 0.83, -0.04,  0,  0,  0
2586418.42226320, 28753.892163, 1000,  998, 2, 0.79, 0.83, -0.04,  0,  0,  0
2586418.42476320, 0.655699, 1000,  998, 2, 0.79, 0.83, -0.04,  0,  0,  0
2586418.42726320, -0.481404, 1000,  998, 2, 0.79, 0.83, -0.04,  0,  0,  0
2586418.42976320, -1.172743, 1000,  997, 3, 0.79, 0.83, -0.04,  0,  0,  0
2586418.43226320, -1.075453, 1000,  997, 3, 0.79, 0.83, -0.04,  0,  0,  0
2586418.43476320, -0.901039, 1000,  997, 3, 0.79, 0.83, -0.04,  0,  0,  0
2586418.43726320, -0.554992, 1000,  997, 3, 0.79, 0.83, -0.04,  0,  0,  0
2586418.43976320, 1.008040, 1000,  996, 4, 0.79, 0.83, -0.04,  0,  0,  0
2586418.44226320, 1.181660, 1000,  996, 4, 0.79, 0.83, -0.04,  0,  0,  0
2586418.44476320, 1.072474, 1000,  996, 4, 0.79, 0.83, -0.04,  0,  0,  0
2586418.44726320, 0.413833, 1000,  996, 4, 0.79, 0.83, -0.04,  0,  0,  0
2586418.44976320, -0.837764, 1000,  996, 4, 0.79, 0.83, -0.04,  0,  0,  0
2586418.45226320, -1.122360, 1000,  996, 4, 0.79, 0.83, -0.04,  0,  0,  0
2586418.45476320, -0.939994, 1000,  997, 3, 0.79, 0.83, -0.04,  0,  0,  0
2586418.45726320, -0.056952, 1000,  997, 3, 0.79, 0.83, -0.04,  0,  0,  0
2586418.45976320, 0.934733, 1000,  997, 3, 0.79, 0.83, -0.04,  0,  0,  0
2586418.46226320, 0.976486, 1000,  998, 2, 0.79, 0.83, -0.04,  0,  0,  0
2586418.46476320, 0.711282, 1000,  998, 2, 0.79, 0.83, -0.04,  0,  0,  0
2586418.46726320, 0.353358, 1000,  998, 2, 0.79, 0.83, -0.04,  0,  0,  0
2586418.46976320, -0.004567, 1000,  998, 2, 0.79, 0.83, -0.04,  0,  0,  0
2586418.47226320, -1.421703, 1000,  998, 2, 0.79, 0.83, -0.04,  0,  0,  0
2586418.47476320, -1.421703, 1000,  998, 2, 0.79, 0.83, -0.04,  0,  0,  0
2586418.47726320, -1.421703, 1000,  998, 2, 0.79, 0.83, -0.04,  0,  0,  0
2586418.47976320, -1.421703, 1000,  998, 2, 0.79, 0.83, -0.04,  0,  0,  0
2586418.48226320, 0.528206, 1000,  998, 2, 0.79, 0.83, -0.04,  0,  0,  0
2586418.48476320, 0.086578, 1000,  998, 2, 0.79, 0.83, -0.04,  0,  0,  0
2586418.48726320, -1.147265, 1000,  998, 2, 0.79, 0.83, -0.04,  0,  0,  0
2586418.48976320, -1.329884, 1000,  998, 2, 0.79, 0.83, -0.04,  0,  0,  0
2586418.49226320, -1.274975, 1000,  998, 2, 0.79, 0.83, -0.04,  0,  0,  0
2586418.49476320, -0.151886, 1000,  998, 2, 0.79, 0.83, -0.04,  0,  0,  0
2586418.49726320, 1.069256, 1000,  998, 2, 0.79, 0.83, -0.04,  0,  0,  0
2586418.49976320, 1.145111, 1000,  998, 2, 0.79, 0.83, -0.04,  0,  0,  0
2586418.50226320, 1.433797, 1000,  998, 2, 0.79, 0.83, -0.04,  0,  0,  0
2586418.50476320, 0.853162, 1000,  998, 2, 0.79, 0.83, -0.04,  0,  0,  0
2586418.50726320, -0.714343, 1000,  998, 2, 0.79, 0.83, -0.04,  0,  0,  0
2586418.50976320, -1.297978, 1000,  998, 2, 0.79, 0.83, -0.04,  0,  0,  0
2586418.51226320, -0.726800, 1000,  998, 2, 0.79, 0.83, -0.04,  0,  0,  0
2586418.51476320, -0.726800, 1000,  998, 2, 0.79, 0.83, -0.04,  0,  0,  0
2586418.51726320, -0.585704, 1000,  998, 2, 0.79, 0.83, -0.04,  0,  0,  0
2586418.51976320, 0.380710, 1000,  998, 2, 0.79, 0.83, -0.04,  0,  0,  0
2586418.52226320, 0.798998, 1000,  998, 2, 0.79, 0.83, -0.04,  0,  0,  0
2586418.52476320, 0.754033, 1000,  998, 2, 0.79, 0.83, -0.04,  0,  0,  0
2586418.52726320, -0.801636, 1000,  998, 2, 0.79, 0.83, -0.04,  0,  0,  0
2586418.52976320, -0.801636, 1000,  998, 2, 0.79, 0.83, -0.04,  0,  0,  0
2586418.53226320, -0.801636, 1000,  998, 2, 0.79, 0.83, -0.04,  0,  0,  0
2586418.53476320, -0.438033, 1000,  998, 2, 0.79, 0.83, -0.04,  0,  0,  0
2586418.53726320, 0.782409, 1000,  998, 2, 0.79, 0.83, -0.04,  0,  0,  0
2586418.53976320, 1.351360, 1000,  998, 2, 0.79, 0.83, -0.04,  0,  0,  0
2586418.54226320, 0.866130, 1000,  998, 2, 0.79, 0.83, -0.04,  0,  0,  0
2586418.54476320, 0.571292, 1000,  998, 2, 0.79, 0.83, -0.04,  0,  0,  0
2586418.54726320, -0.883549, 1000,  998, 2, 0.79, 0.83, -0.04,  0,  0,  0
2586418.54976320, -1.536574, 1000,  998, 2, 0.79, 0.83, -0.04,  0,  0,  0
2586418.55226320, -1.047525, 1000,  998, 2, 0.79, 0.83, -0.04,  0,  0,  0
2586418.55726320, 0.715921, 1000,  998, 2, 0.79, 0.83, -0.04,  0,  0,  0
2586418.55976320, 1.300202, 1000,  998, 2, 0.79, 0.83, -0.04,  0,  0,  0
2586418.56226320, 1.133401, 1000,  998, 2, 0.79, 0.83, -0.04,  0,  0,  0
2586418.56476320, 1.133401, 1000,  998, 2, 0.79, 0.83, -0.04,  0,  0,  0
2586418.56726320, -0.748182, 1000,  998, 2, 0.79, 0.83, -0.04,  0,  0,  0
2586418.56976320, -0.799364, 1000,  998, 2, 0.79, 0.83, -0.04,  0,  0,  0
2586418.57226320, -1.021433, 1000,  998, 2, 0.79, 0.83, -0.04,  0,  0,  0
2586418.57476320, -1.243502, 1000,  998, 2, 0.79, 0.83, -0.04,  0,  0,  0
2586418.57726320, -1.163317, 1000,  998, 2, 0.79, 0.83, -0.04,  0,  0,  0
2586418.57976320, 0.588953, 1000,  998, 2, 0.79, 0.83, -0.04,  0,  0,  0
2586418.58226320, 0.617436, 1000,  998, 2, 0.79, 0.83, -0.04,  0,  0,  0
2586418.58476320, 0.203339, 1000,  998, 2, 0.79, 0.83, -0.04,  0,  0,  0
2586418.58726320, -0.530014, 1000,  998, 2, 0.79, 0.83, -0.04,  0,  0,  0
2586418.58976320, -1.041020, 1000,  998, 2, 0.79, 0.83, -0.04,  0,  0,  0
2586418.59226320, -0.555431, 1000,  998, 2, 0.79, 0.83, -0.04,  0,  0,  0
2586418.59476320, 0.246063, 1000,  998, 2, 0.79, 0.83, -0.04,  0,  0,  0
2586418.59726320, 0.599960, 1000,  998, 2, 0.79, 0.83, -0.04,  0,  0,  0
2586418.59976320, 1.230600, 1000,  998, 2, 0.79, 0.83, -0.04,  0,  0,  0
2586418.60226320, 1.119939, 1000,  998, 2, 0.79, 0.83, -0.04,  0,  0,  0
2586418.60476320, -0.089958, 1000,  998, 2, 0.79, 0.83, -0.04,  0,  0,  0
2586418.60726320, -1.022458, 1000,  998, 2, 0.79, 0.83, -0.04,  0,  0,  0
2586418.60976320, -1.645452, 1000,  998, 2, 0.79, 0.83, -0.04,  0,  0,  0
2586418.61226320, -0.951307, 1000,  998, 2, 0.79, 0.83, -0.04,  0,  0,  0
2586418.61476320, -0.607480, 1000,  998, 2, 0.79, 0.83, -0.04,  0,  0,  0
2586418.61726320, 0.363456, 1000,  998, 2, 0.79, 0.83, -0.04,  0,  0,  0
2586418.61976320, 1.114054, 1000,  998, 2, 0.79, 0.83, -0.04,  0,  0,  0
2586418.62226320, 1.108704, 1000,  998, 2, 0.79, 0.83, -0.04,  0,  0,  0
2586418.62476320, 0.573065, 1000,  998, 2, 0.79, 0.83, -0.04,  0,  0,  0
2586418.62726320, -0.041857, 1000,  998, 2, 0.79, 0.83, -0.04,  0,  0,  0
2586418.62976320, -1.166328, 1000,  998, 2, 0.79, 0.83, -0.04,  0,  0,  0
2586418.63226320, -1.231746, 1000,  998, 2, 0.79, 0.83, -0.04,  0,  0,  0
2586418.63476320, -1.061186, 1000,  998, 2, 0.79, 0.83, -0.04,  0,  0,  0
2586418.63726320, -0.890627, 1000,  998, 2, 0.79, 0.83, -0.04,  0,  0,  0
2586418.63976320, -0.117857, 1000,  998, 2, 0.79, 0.83, -0.04,  0,  0,  0
2586418.64226320, 0.947953, 1000,  998, 2, 0.79, 0.83, -0.04,  0,  0,  0
2586418.64476320, 0.777510, 1000,  998, 2, 0.79, 0.83, -0.04,  0,  0,  0
2586418.64726320, 0.607066, 1000,  998, 2, 0.79, 0.83, -0.04,  0,  0,  0
2586418.64976320, -1.298085, 1000,  998, 2, 0.79, 0.83, -0.04,  0,  0,  0
2586418.65226320, -1.336176, 1000,  998, 2, 0.79, 0.83, -0.04,  0,  0,  0
2586418.65476320, -0.215727, 1000,  998, 2, 0.79, 0.83, -0.04,  0,  0,  0
2586418.65726320, 0.576099, 1000,  998, 2, 0.79, 0.83, -0.04,  0,  0,  0
2586418.65976320, 1.030399, 1000,  998, 2, 0.79, 0.83, -0.04,  0,  0,  0
2586418.66226320, 0.911134, 1000,  998, 2, 0.79, 0.83, -0.04,  0,  0,  0
2586418.66476320, -0.087620, 1000,  998, 2, 0.79, 0.83, -0.04,  0,  0,  0
2586418.66726320, -0.283430, 1000,  998, 2, 0.79, 0.83, -0.04,  0,  0,  0
2586418.66976320, -1.045177, 1000,  998, 2, 0.79, 0.83, -0.04,  0,  0,  0
2586418.67226320, -0.860457, 1000,  998, 2, 0.79, 0.83, -0.04,  0,  0,  0
2586418.67476320, 0.224682, 1000,  998, 2, 0.79, 0.83, -0.04,  0,  0,  0
2586418.67726320, 0.411092, 1000,  998, 2, 0.79, 0.83, -0.04,  0,  0,  0
2586418.67976320, 1.086237, 1000,  998, 2, 0.79, 0.83, -0.04,  0,  0,  0
2586418.68476320, -0.267096, 1000,  998, 2, 0.79, 0.83, -0.04,  0,  0,  0
2586418.68726320, -0.267096, 1000,  998, 2, 0.79, 0.83, -0.04,  0,  0,  0
2586418.68976320, -0.764710, 1000,  998, 2, 0.79, 0.83, -0.04,  0,  0,  0
2586418.69226320, -1.618671, 1000,  998, 2, 0.79, 0.83, -0.04,  0,  0,  0
2586418.69476320, -1.350938, 1000,  998, 2, 0.79, 0.83, -0.04,  0,  0,  0
2586418.69726320, -0.805314, 1000,  998, 2, 0.79, 0.83, -0.04,  0,  0,  0
2586418.69976320, -0.259690, 1000,  998, 2, 0.79, 0.83, -0.04,  0,  0,  0
2586418.70226320, 0.597368, 1000,  998, 2, 0.79, 0.83, -0.04,  0,  0,  0
2586418.70476320, 0.686308, 1000,  998, 2, 0.79, 0.83, -0.04,  0,  0,  0
2586418.70726320, -0.287935, 1000,  998, 2, 0.79, 0.83, -0.04,  0,  0,  0
2586418.70976320, -0.810416, 1000,  998, 2, 0.79, 0.83, -0.04,  0,  0,  0
2586418.71226320, -0.994217, 1000,  998, 2, 0.79, 0.83, -0.04,  0,  0,  0
2586418.71476320, -0.259041, 1000,  998, 2, 0.79, 0.83, -0.04,  0,  0,  0
2586418.71726320, 0.830248, 1000,  998, 2, 0.79, 0.83, -0.04,  0,  0,  0
2586418.71976320, 1.464816, 1000,  998, 2, 0.79, 0.83, -0.04,  0,  0,  0
2586418.72226320, 1.327961, 1000,  998, 2, 0.79, 0.83, -0.04,  0,  0,  0
2586418.72476320, 0.283317, 1000,  998, 2, 0.79, 0.83, -0.04,  0,  0,  0
2586418.72726320, -0.765536, 1000,  998, 2, 0.79, 0.83, -0.04,  0,  0,  0
2586418.72976320, -1.165123, 1000,  998, 2, 0.79, 0.83, -0.04,  0,  0,  0
2586418.73226320, -1.028659, 1000,  998, 2, 0.79, 0.83, -0.04,  0,  0,  0
2586418.73476320, -0.188937, 1000,  998, 2, 0.79, 0.83, -0.04,  0,  0,  0
2586418.73726320, 0.923996, 1000,  998, 2, 0.79, 0.83, -0.04,  0,  0,  0
2586418.73976320, 1.315144, 1000,  998, 2, 0.79, 0.83, -0.04,  0,  0,  0
2586418.74226320, 1.107806, 1000,  998, 2, 0.79, 0.83, -0.04,  0,  0,  0
2586418.74476320, 0.012972, 1000,  998, 2, 0.79, 0.83, -0.04,  0,  0,  0
2586418.74726320, -1.082441, 1000,  998, 2, 0.79, 0.83, -0.04,  0,  0,  0
2586418.74976320, -1.614137, 1000,  998, 2, 0.79, 0.83, -0.04,  0,  0,  0
2586418.75226320, -1.440690, 1000,  998, 2, 0.79, 0.83, -0.04,  0,  0,  0
2586418.75476320, -0.458612, 1000,  998, 2, 0.79, 0.83, -0.04,  0,  0,  0
2586418.75726320, 0.620303, 1000,  998, 2, 0.79, 0.83, -0.04,  0,  0,  0
2586418.75976320, 1.360968, 1000,  998, 2, 0.79, 0.83, -0.04,  0,  0,  0
2586418.76226320, 1.290115, 1000,  998, 2, 0.79, 0.83, -0.04,  0,  0,  0
2586418.76476320, 0.917888, 1000,  998, 2, 0.79, 0.83, -0.04,  0,  0,  0
2586418.76726320, 0.600617, 1000,  998, 2, 0.79, 0.83, -0.04,  0,  0,  0
2586418.76976320, 0.283346, 1000,  998, 2, 0.79, 0.83, -0.04,  0,  0,  0
2586418.77226320, -0.407269, 1000,  998, 2, 0.79, 0.83, -0.04,  0,  0,  0
2586418.77476320, -0.949618, 1000,  998, 2, 0.79, 0.83, -0.04,  0,  0,  0
2586418.77726320, -0.224481, 1000,  998, 2, 0.79, 0.83, -0.04,  0,  0,  0
2586418.77976320, 0.531286, 1000,  998, 2, 0.79, 0.83, -0.04,  0,  0,  0
2586418.78226320, 1.190930, 1000,  998, 2, 0.79, 0.83, -0.04,  0,  0,  0
2586418.78476320, -0.106000, 1000,  998, 2, 0.79, 0.83, -0.04,  0,  0,  0
2586418.78726320, -0.496358, 1000,  998, 2, 0.79, 0.83, -0.04,  0,  0,  0
2586418.78976320, -1.097238, 1000,  998, 2, 0.79, 0.83, -0.04,  0,  0,  0
2586418.79226320, -1.238191, 1000,  998, 2, 0.79, 0.83, -0.04,  0,  0,  0
2586418.79476320, -0.329197, 1000,  998, 2, 0.79, 0.83, -0.04,  0,  0,  0
2586418.79726320, 0.833921, 1000,  998, 2, 0.79, 0.83, -0.04,  0,  0,  0
2586418.79976320, 1.422052, 1000,  998, 2, 0.79, 0.83, -0.04,  0,  0,  0
2586418.80226320, 1.276979, 1000,  998, 2, 0.79, 0.83, -0.04,  0,  0,  0
2586418.80476320, 0.252562, 1000,  998, 2, 0.79, 0.83, -0.04,  0,  0,  0
2586418.80726320, -1.093759, 1000,  998, 2, 0.79, 0.83, -0.04,  0,  0,  0
2586418.80976320, -1.378940, 1000,  998, 2, 0.79, 0.83, -0.04,  0,  0,  0
2586418.81226320, -1.164881, 1000,  998, 2, 0.79, 0.83, -0.04,  0,  0,  0
2586418.81476320, -0.326097, 1000,  998, 2, 0.79, 0.83, -0.04,  0,  0,  0
2586418.81726320, 0.654227, 1000,  998, 2, 0.79, 0.83, -0.04,  0,  0,  0
2586418.81976320, 1.512123, 1000,  998, 2, 0.79, 0.83, -0.04,  0,  0,  0
2586418.82226320, 1.610584, 1000,  998, 2, 0.79, 0.83, -0.04,  0,  0,  0
2586418.82476320, 0.949484, 1000,  998, 2, 0.79, 0.83, -0.04,  0,  0,  0
2586418.82726320, 0.395028, 1000,  998, 2, 0.79, 0.83, -0.04,  0,  0,  0
2586418.82976320, -0.197190, 1000,  998, 2, 0.79, 0.83, -0.04,  0,  0,  0
2586418.83226320, -1.044043, 1000,  998, 2, 0.79, 0.83, -0.04,  0,  0,  0
2586418.83476320, -0.515992, 1000,  998, 2, 0.79, 0.83, -0.04,  0,  0,  0
2586418.83726320, 0.351070, 1000,  998, 2, 0.79, 0.83, -0.04,  0,  0,  0
2586418.83976320, 1.088173, 1000,  998, 2, 0.79, 0.83, -0.04,  0,  0,  0
2586418.84226320, 1.322548, 1000,  998, 2, 0.79, 0.83, -0.04,  0,  0,  0
2586418.84476320, 0.627340, 1000,  998, 2, 0.79, 0.83, -0.04,  0,  0,  0
2586418.84726320, -0.329320, 1000,  998, 2, 0.79, 0.83, -0.04,  0,  0,  0
2586418.84976320, -1.038114, 1000,  998, 2, 0.79, 0.83, -0.04,  0,  0,  0
2586418.85226320, -1.017944, 1000,  998, 2, 0.79, 0.83, -0.04,  0,  0,  0
2586418.85476320, -0.095451, 1000,  998, 2, 0.79, 0.83, -0.04,  0,  0,  0
2586418.85726320, 0.803951, 1000,  998, 2, 0.79, 0.83, -0.04,  0,  0,  0
2586418.85976320, 0.940966, 1000,  998, 2, 0.79, 0.83, -0.04,  0,  0,  0
2586418.86226320, 0.801036, 1000,  998, 2, 0.79, 0.83, -0.04,  0,  0,  0
2586418.86476320, 0.284216, 1000,  998, 2, 0.79, 0.83, -0.04,  0,  0,  0
2586418.86726320, -0.624928, 1000,  998, 2, 0.79, 0.83, -0.04,  0,  0,  0
2586418.87226320, -0.685944, 1000,  998, 2, 0.79, 0.83, -0.04,  0,  0,  0
2586418.87476320, 0.377280, 1000,  998, 2, 0.79, 0.83, -0.04,  0,  0,  0
2586418.87726320, 1.503412, 1000,  998, 2, 0.79, 0.83, -0.04,  0,  0,  0
2586418.87976320, 1.539651, 1000,  998, 2, 0.79, 0.83, -0.04,  0,  0,  0
2586418.88226320, 1.093251, 1000,  998, 2, 0.79, 0.83, -0.04,  0,  0,  0
2586418.88476320, 0.742416, 1000,  998, 2, 0.79, 0.83, -0.04,  0,  0,  0
2586418.88726320, -0.289515, 1000,  998, 2, 0.79, 0.83, -0.04,  0,  0,  0
2586418.88976320, -0.659701, 1000,  998, 2, 0.79, 0.83, -0.04,  0,  0,  0
2586418.89226320, -1.029887, 1000,  998, 2, 0.79, 0.83, -0.04,  0,  0,  0
2586418.89476320, -0.550420, 1000,  998, 2, 0.79, 0.83, -0.04,  0,  0,  0
2586418.89726320, 0.349681, 1000,  998, 2, 0.79, 0.83, -0.04,  0,  0,  0
2586418.89976320, 1.234165, 1000,  998, 2, 0.79, 0.83, -0.04,  0,  0,  0
2586418.90226320, 1.409108, 1000,  998, 2, 0.79, 0.83, -0.04,  0,  0,  0
2586418.90476320, 0.545272, 1000,  998, 2, 0.79, 0.83, -0.04,  0,  0,  0
2586418.90726320, -0.139711, 1000,  998, 2, 0.79, 0.83, -0.04,  0,  0,  0
2586418.90976320, -1.080614, 1000,  998, 2, 0.79, 0.83, -0.04,  0,  0,  0
2586418.91226320, -1.384393, 1000,  998, 2, 0.79, 0.83, -0.04,  0,  0,  0
2586418.91476320, 0.096361, 1000,  998, 2, 0.79, 0.83, -0.04,  0,  0,  0
2586418.91726320, 1.315144, 1000,  998, 2, 0.79, 0.83, -0.04,  0,  0,  0
2586418.91976320, 1.320344, 1000,  998, 2, 0.79, 0.83, -0.04,  0,  0,  0
2586418.92226320, 1.035947, 1000,  998, 2, 0.79, 0.83, -0.04,  0,  0,  0
2586418.92476320, -0.092871, 1000,  998, 2, 0.79, 0.83, -0.04,  0,  0,  0
2586418.92726320, -0.935290, 1000,  998, 2, 0.79, 0.83, -0.04,  0,  0,  0
2586418.92976320, -0.986942, 1000,  998, 2, 0.79, 0.83, -0.04,  0,  0,  0
2586418.93226320, -0.799379, 1000,  998, 2, 0.79, 0.83, -0.04,  0,  0,  0
2586418.93476320, 0.130969, 1000,  998, 2, 0.79, 0.83, -0.04,  0,  0,  0
2586418.93726320, 1.218927, 1000,  998, 2, 0.79, 0.83, -0.04,  0,  0,  0
2586418.93976320, 1.249631, 1000,  998, 2, 0.79, 0.83, -0.04,  0,  0,  0
2586418.94226320, 1.395592, 1000,  998, 2, 0.79, 0.83, -0.04,  0,  0,  0
2586418.94476320, 0.641463, 1000,  998, 2, 0.79, 0.83, -0.04,  0,  0,  0
2586418.94726320, -0.572496, 1000,  998, 2, 0.79, 0.83, -0.04,  0,  0,  0
2586418.94976320, -1.272460, 1000,  998, 2, 0.79, 0.83, -0.04,  0,  0,  0
2586418.95226320, -1.051836, 1000,  998, 2, 0.79, 0.83, -0.04,  0,  0,  0
2586418.95476320, -0.673668, 1000,  998, 2, 0.79, 0.83, -0.04,  0,  0,  0
2586418.95726320, 0.806169, 1000,  998, 2, 0.79, 0.83, -0.04,  0,  0,  0
2586418.95976320, 1.439991, 1000,  998, 2, 0.79, 0.83, -0.04,  0,  0,  0
2586418.96226320, 1.504764, 1000,  998, 2, 0.79, 0.83, -0.04,  0,  0,  0
2586418.96476320, 1.569538, 1000,  998, 2, 0.79, 0.83, -0.04,  0,  0,  0
2586418.96726320, 0.693380, 1000,  998, 2, 0.79, 0.83, -0.04,  0,  0,  0
2586418.96976320, -0.720928, 1000,  998, 2, 0.79, 0.83, -0.04,  0,  0,  0
2586418.97226320, -0.705419, 1000,  998, 2, 0.79, 0.83, -0.04,  0,  0,  0
2586418.97476320, -0.401803, 1000,  998, 2, 0.79, 0.83, -0.04,  0,  0,  0
2586418.97726320, 0.758813, 1000,  998, 2, 0.79, 0.83, -0.04,  0,  0,  0
2586418.97976320, 1.030103, 1000,  998, 2, 0.79, 0.83, -0.04,  0,  0,  0
2586418.98226320, 0.727150, 1000,  998, 2, 0.79, 0.83, -0.04,  0,  0,  0
2586418.98476320, 0.501848, 1000,  998, 2, 0.79, 0.83, -0.04,  0,  0,  0
2586418.98726320, -0.471760, 1000,  998, 2, 0.79, 0.83, -0.04,  0,  0,  0
2586418.98976320, -0.831612, 1000,  998, 2, 0.79, 0.83, -0.04,  0,  0,  0
2586418.99226320, -0.684037, 1000,  998, 2, 0.79, 0.83, -0.04,  0,  0,  0
2586418.99476320, -0.445293, 1000,  998, 2, 0.79, 0.83, -0.04,  0,  0,  0
2586418.99726320, 0.606657, 1000,  998, 2, 0.79, 0.83, -0.04,  0,  0,  0
2586418.99976320, 1.466711, 1000,  998, 2, 0.79, 0.83, -0.04,  0,  0,  0
2586419.00226320, 0.940966, 1000,  998, 2, 0.79, 0.83, -0.04,  0,  0,  0
2586419.00476320, 0.940966, 1000,  998, 2, 0.79, 0.83, -0.04,  0,  0,  0
2586419.00726320, -0.180077, 1000,  998, 2, 0.79, 0.83, -0.04,  0,  0,  0
2586419.00976320, -1.177716, 1000,  998, 2, 0.79, 0.83, -0.04,  0,  0,  0
2586419.01226320, -1.155143, 1000,  998, 2, 0.79, 0.83, -0.04,  0,  0,  0
2586419.01476320, -1.092790, 1000,  998, 2, 0.79, 0.83, -0.04,  0,  0,  0
2586419.01726320, -0.741975, 1000,  998, 2, 0.79, 0.83, -0.04,  0,  0,  0
2586419.01976320, 1.348957, 1000,  998, 2, 0.79, 0.83, -0.04,  0,  0,  0
2586419.02226320, 1.117110, 1000,  998, 2, 0.79, 0.83, -0.04,  0,  0,  0
2586419.02476320, 0.236948, 1000,  998, 2, 0.79, 0.83, -0.04,  0,  0,  0
2586419.02726320, -0.634918, 1000,  998, 2, 0.79, 0.83, -0.04,  0,  0,  0
2586419.02976320, -1.273539, 1000,  998, 2, 0.79, 0.83, -0.04,  0,  0,  0
2586419.03226320, -0.675916, 1000,  998, 2, 0.79, 0.83, -0.04,  0,  0,  0
2586419.03476320, 0.501108, 1000,  998, 2, 0.79, 0.83, -0.04,  0,  0,  0
2586419.03726320, 1.347217, 1000,  998, 2, 0.79, 0.83, -0.04,  0,  0,  0
2586419.03976320, 1.380028, 1000,  998, 2, 0.79, 0.83, -0.04,  0,  0,  0
2586419.04226320, 1.204431, 1000,  998, 2, 0.79, 0.83, -0.04,  0,  0,  0
2586419.04476320, 0.129073, 1000,  998, 2, 0.79, 0.83, -0.04,  0,  0,  0
2586419.04726320, -0.897853, 1000,  998, 2, 0.79, 0.83, -0.04,  0,  0,  0
2586419.04976320, -1.040551, 1000,  998, 2, 0.79, 0.83, -0.04,  0,  0,  0
2586419.05226320, -1.067654, 1000,  998, 2, 0.79, 0.83, -0.04,  0,  0,  0
2586419.05726320, 0.620242, 1000,  998, 2, 0.79, 0.83, -0.04,  0,  0,  0
2586419.05976320, 0.789875, 1000,  998, 2, 0.79, 0.83, -0.04,  0,  0,  0
2586419.06226320, 0.988029, 1000,  998, 2, 0.79, 0.83, -0.04,  0,  0,  0
2586419.06476320, 0.423698, 1000,  998, 2, 0.79, 0.83, -0.04,  0,  0,  0
2586419.06726320, -0.344180, 1000,  998, 2, 0.79, 0.83, -0.04,  0,  0,  0
2586419.06976320, -1.547474, 1000,  998, 2, 0.79, 0.83, -0.04,  0,  0,  0
2586419.07226320, -1.622878, 1000,  998, 2, 0.79, 0.83, -0.04,  0,  0,  0
2586419.07476320, -1.439627, 1000,  998, 2, 0.79, 0.83, -0.04,  0,  0,  0
2586419.07726320, -1.256376, 1000,  998, 2, 0.79, 0.83, -0.04,  0,  0,  0
2586419.07976320, -1.073125, 1000,  998, 2, 0.79, 0.83, -0.04,  0,  0,  0
2586419.08226320, -0.007149, 1000,  998, 2, 0.79, 0.83, -0.04,  0,  0,  0
2586419.08476320, -0.153935, 1000,  998, 2, 0.79, 0.83, -0.04,  0,  0,  0
2586419.08726320, -0.933384, 1000,  998, 2, 0.79, 0.83, -0.04,  0,  0,  0
2586419.08976320, -1.519247, 1000,  998, 2, 0.79, 0.83, -0.04,  0,  0,  0
2586419.09226320, -1.716238, 1000,  998, 2, 0.79, 0.83, -0.04,  0,  0,  0
2586419.09476320, -0.815576, 1000,  998, 2, 0.79, 0.83, -0.04,  0,  0,  0
2586419.09726320, 0.522274, 1000,  997, 3, 0.79, 0.83, -0.04,  0,  0,  0
2586419.09976320, 1.045046, 1000,  997, 3, 0.79, 0.83, -0.04,  0,  0,  0
2586419.10226320, 0.960613, 1000,  997, 3, 0.79, 0.83, -0.04,  0,  0,  0
2586419.10476320, -0.062284, 1000,  996, 4, 0.79, 0.83, -0.04,  0,  0,  0
2586419.10726320, -1.071321, 1000,  996, 4, 0.79, 0.83, -0.04,  0,  0,  0
2586419.10976320, -1.529093, 1000,  996, 4, 0.79, 0.83, -0.04,  0,  0,  0
2586419.11226320, -0.940616, 1000,  996, 4, 0.79, 0.83, -0.04,  0,  0,  0
2586419.11476320, -0.346857, 1000,  996, 4, 0.79, 0.83, -0.04,  0,  0,  0
2586419.11726320, 0.770067, 1000,  996, 4, 0.79, 0.83, -0.04,  0,  0,  0
2586419.11976320, 1.200800, 1000,  997, 3, 0.79, 0.83, -0.04,  0,  0,  0
2586419.12226320, 0.825508, 1000,  997, 3, 0.79, 0.83, -0.04,  0,  0,  0
2586419.12476320, -0.024535, 1000,  997, 3, 0.79, 0.83, -0.04,  0,  0,  0
2586419.12726320, -0.476513, 1000,  997, 3, 0.79, 0.83, -0.04,  0,  0,  0
2586419.12976320, -0.840668, 1000,  998, 2, 0.79, 0.83, -0.04,  0,  0,  0
2586419.13226320, -0.667659, 1000,  998, 2, 0.79, 0.83, -0.04,  0,  0,  0
2586419.13476320, -0.125449, 1000,  998, 2, 0.79, 0.83, -0.04,  0,  0,  0
2586419.13726320, 0.154262, 1000,  998, 2, 0.79, 0.83, -0.04,  0,  0,  0
2586419.13976320, 0.433972, 1000,  998, 2, 0.79, 0.83, -0.04,  0,  0,  0
2586419.14226320, 0.628557, 1000,  998, 2, 0.79, 0.83, -0.04,  0,  0,  0
2586419.14476320, 0.329203, 1000,  998, 2, 0.79, 0.83, -0.04,  0,  0,  0
2586419.14726320, 0.058463, 1000,  998, 2, 0.79, 0.83, -0.04,  0,  0,  0
2586419.14976320, -0.212278, 1000,  998, 2, 0.79, 0.83, -0.04,  0,  0,  0
2586419.15226320, -0.422285, 1000,  998, 2, 0.79, 0.83, -0.04,  0,  0,  0
2586419.15476320, -0.570098, 1000,  998, 2, 0.79, 0.83, -0.04,  0,  0,  0
2586419.15726320, 1.090637, 1000,  998, 2, 0.79, 0.83, -0.04,  0,  0,  0
2586419.15976320, 1.090637, 1000,  998, 2, 0.79, 0.83, -0.04,  0,  0,  0
2586419.16226320, 0.942429, 1000,  998, 2, 0.79, 0.83, -0.04,  0,  0,  0
2586419.16476320, -0.215551, 1000,  998, 2, 0.79, 0.83, -0.04,  0,  0,  0
2586419.16726320, -0.460238, 1000,  998, 2, 0.79, 0.83, -0.04,  0,  0,  0
2586419.16976320, -1.211025, 1000,  998, 2, 0.79, 0.83, -0.04,  0,  0,  0
2586419.17226320, -1.143811, 1000,  998, 2, 0.79, 0.83, -0.04,  0,  0,  0
2586419.17476320, -0.075013, 1000,  998, 2, 0.79, 0.83, -0.04,  0,  0,  0
2586419.17726320, 0.196436, 1000,  998, 2, 0.79, 0.83, -0.04,  0,  0,  0
2586419.17976320, 1.056402, 1000,  998, 2, 0.79, 0.83, -0.04,  0,  0,  0
2586419.18476320, -0.372666, 1000,  998, 2, 0.79, 0.83, -0.04,  0,  0,  0
2586419.18726320, -0.471894, 1000,  998, 2, 0.79, 0.83, -0.04,  0,  0,  0
2586419.18976320, -1.010463, 1000,  998, 2, 0.79, 0.83, -0.04,  0,  0,  0
2586419.19226320, -1.097625, 1000,  998, 2, 0.79, 0.83, -0.04,  0,  0,  0
2586419.19476320, -0.515933, 1000,  998, 2, 0.79, 0.83, -0.04,  0,  0,  0
2586419.19726320, 0.488766, 1000,  998, 2, 0.79, 0.83, -0.04,  0,  0,  0
2586419.19976320, 0.912870, 1000,  998, 2, 0.79, 0.83, -0.04,  0,  0,  0
2586419.20226320, 0.944811, 1000,  998, 2, 0.79, 0.83, -0.04,  0,  0,  0
2586419.20476320, 0.507552, 1000,  998, 2, 0.79, 0.83, -0.04,  0,  0,  0
2586419.20726320, -0.104160, 1000,  998, 2, 0.79, 0.83, -0.04,  0,  0,  0
2586419.20976320, -0.954967, 1000,  998, 2, 0.79, 0.83, -0.04,  0,  0,  0
2586419.21226320, -0.720588, 1000,  998, 2, 0.79, 0.83, -0.04,  0,  0,  0
2586419.21476320, 0.068274, 1000,  998, 2, 0.79, 0.83, -0.04,  0,  0,  0
2586419.21726320, 0.970050, 1000,  998, 2, 0.79, 0.83, -0.04,  0,  0,  0
2586419.21976320, 1.506387, 1000,  998, 2, 0.79, 0.83, -0.04,  0,  0,  0
2586419.22226320, 0.792913, 1000,  998, 2, 0.79, 0.83, -0.04,  0,  0,  0
2586419.22476320, -0.202951, 1000,  998, 2, 0.79, 0.83, -0.04,  0,  0,  0
2586419.22726320, -0.403204, 1000,  998, 2, 0.79, 0.83, -0.04,  0,  0,  0
2586419.22976320, -1.244279, 1000,  998, 2, 0.79, 0.83, -0.04,  0,  0,  0
2586419.23226320, -0.803782, 1000,  998, 2, 0.79, 0.83, -0.04,  0,  0,  0
2586419.23476320, 0.203300, 1000,  998, 2, 0.79, 0.83, -0.04,  0,  0,  0
2586419.23726320, 0.423999, 1000,  998, 2, 0.79, 0.83, -0.04,  0,  0,  0
2586419.23976320, 1.028024, 1000,  998, 2, 0.79, 0.83, -0.04,  0,  0,  0
2586419.24226320, 0.762873, 1000,  998, 2, 0.79, 0.83, -0.04,  0,  0,  0
2586419.24476320, -0.267096, 1000,  998, 2, 0.79, 0.83, -0.04,  0,  0,  0
2586419.24726320, -0.456918, 1000,  998, 2, 0.79, 0.83, -0.04,  0,  0,  0
2586419.24976320, -1.052295, 1000,  998, 2, 0.79, 0.83, -0.04,  0,  0,  0
2586419.25226320, -1.217243, 1000,  998, 2, 0.79, 0.83, -0.04,  0,  0,  0
2586419.25476320, 0.224682, 1000,  998, 2, 0.79, 0.83, -0.04,  0,  0,  0
2586419.25726320, 0.393052, 1000,  998, 2, 0.79, 0.83, -0.04,  0,  0,  0
2586419.25976320, 1.313716, 1000,  998, 2, 0.79, 0.83, -0.04,  0,  0,  0
2586419.26226320, 1.485415, 1000,  998, 2, 0.79, 0.83, -0.04,  0,  0,  0
2586419.26476320, 1.619351, 1000,  998, 2, 0.79, 0.83, -0.04,  0,  0,  0
2586419.26726320, 1.451752, 1000,  998, 2, 0.79, 0.83, -0.04,  0,  0,  0
2586419.26976320, 0.319369, 1000,  998, 2, 0.79, 0.83, -0.04,  0,  0,  0
2586419.27226320, -0.813014, 1000,  998, 2, 0.79, 0.83, -0.04,  0,  0,  0
2586419.27476320, -0.897864, 1000,  998, 2, 0.79, 0.83, -0.04,  0,  0,  0
2586419.27726320, -0.116733, 1000,  998, 2, 0.79, 0.83, -0.04,  0,  0,  0
2586419.27976320, 0.741786, 1000,  998, 2, 0.79, 0.83, -0.04,  0,  0,  0
2586419.28226320, 0.774663, 1000,  997, 3, 0.79, 0.83, -0.04,  0,  0,  0
2586419.28476320, -0.213641, 1000,  997, 3, 0.79, 0.83, -0.04,  0,  0,  0
2586419.28726320, -0.486616, 1000,  997, 3, 0.79, 0.83, -0.04,  0,  0,  0
2586419.28976320, -1.219881, 1000,  996, 4, 0.79, 0.83, -0.04,  0,  0,  0
2586419.29226320, -0.971665, 1000,  996, 4, 0.79, 0.83, -0.04,  0,  0,  0
2586419.29476320, 0.363662, 1000,  996, 4, 0.79, 0.83, -0.04,  0,  0,  0
2586419.29726320, 0.684899, 1000,  996, 4, 0.79, 0.83, -0.04,  0,  0,  0
2586419.29976320, 1.325057, 1000,  996, 4, 0.79, 0.83, -0.04,  0,  0,  0
2586419.30226320, 0.950976, 1000,  996, 4, 0.79, 0.83, -0.04,  0,  0,  0
2586419.30476320, -0.149497, 1000,  997, 3, 0.79, 0.83, -0.04,  0,  0,  0
2586419.30726320, -0.470735, 1000,  997, 3, 0.79, 0.83, -0.04,  0,  0,  0
2586419.30976320, -1.447556, 1000,  997, 3, 0.79, 0.83, -0.04,  0,  0,  0
2586419.31226320, -1.362692, 1000,  997, 3, 0.79, 0.83, -0.04,  0,  0,  0
2586419.31476320, -0.866416, 1000,  998, 2, 0.79, 0.83, -0.04,  0,  0,  0
2586419.31726320, 0.070820, 1000,  998, 2, 0.79, 0.83, -0.04,  0,  0,  0
2586419.31976320, 0.792219, 1000,  998, 2, 0.79, 0.83, -0.04,  0,  0,  0
2586419.32226320, 0.873008, 1000,  998, 2, 0.79, 0.83, -0.04,  0,  0,  0
2586419.32476320, 0.737130, 1000,  998, 2, 0.79, 0.83, -0.04,  0,  0,  0
2586419.32726320, -0.108661, 1000,  998, 2, 0.79, 0.83, -0.04,  0,  0,  0
2586419.32976320, -0.803543, 1000,  998, 2, 0.79, 0.83, -0.04,  0,  0,  0
2586419.33226320, -0.959573, 1000,  998, 2, 0.79, 0.83, -0.04,  0,  0,  0
2586419.33476320, -0.718356, 1000,  998, 2, 0.79, 0.83, -0.04,  0,  0,  0
2586419.33726320, 0.379346, 1000,  998, 2, 0.79, 0.83, -0.04,  0,  0,  0
2586419.33976320, 0.926536, 1000,  998, 2, 0.79, 0.83, -0.04,  0,  0,  0
2586419.34226320, 0.725707, 1000,  998, 2, 0.79, 0.83, -0.04,  0,  0,  0
2586419.34476320, -0.012661, 1000,  998, 2, 0.79, 0.83, -0.04,  0,  0,  0
2586419.34726320, -0.776098, 1000,  998, 2, 0.79, 0.83, -0.04,  0,  0,  0
2586419.34976320, -1.137060, 1000,  998, 2, 0.79, 0.83, -0.04,  0,  0,  0
2586419.35226320, -0.625640, 1000,  998, 2, 0.79, 0.83, -0.04,  0,  0,  0
2586419.35476320, 0.716459, 1000,  998, 2, 0.79, 0.83, -0.04,  0,  0,  0
2586419.35726320, 0.948095, 1000,  998, 2, 0.79, 0.83, -0.04,  0,  0,  0
2586419.35976320, 1.348815, 1000,  998, 2, 0.79, 0.83, -0.04,  0,  0,  0
2586419.36226320, 0.834980, 1000,  998, 2, 0.79, 0.83, -0.04,  0,  0,  0
2586419.36476320, -0.105017, 1000,  998, 2, 0.79, 0.83, -0.04,  0,  0,  0
2586419.36976320, -1.432394, 1000,  998, 2, 0.79, 0.83, -0.04,  0,  0,  0
2586419.37226320, -1.329198, 1000,  998, 2, 0.79, 0.83, -0.04,  0,  0,  0
2586419.37476320, -1.006670, 1000,  998, 2, 0.79, 0.83, -0.04,  0,  0,  0
2586419.37726320, 0.828545, 1000,  998, 2, 0.79, 0.83, -0.04,  0,  0,  0
2586419.37976320, 1.785540, 1000,  998, 2, 0.79, 0.83, -0.04,  0,  0,  0
2586419.38226320, 1.693662, 1000,  998, 2, 0.79, 0.83, -0.04,  0,  0,  0
2586419.38476320, 1.428304, 1000,  998, 2, 0.79, 0.83, -0.04,  0,  0,  0
2586419.38726320, 1.162946, 1000,  998, 2, 0.79, 0.83, -0.04,  0,  0,  0
2586419.38976320, 0.764667, 1000,  998, 2, 0.79, 0.83, -0.04,  0,  0,  0
2586419.39226320, 0.171270, 1000,  998, 2, 0.79, 0.83, -0.04,  0,  0,  0
2586419.39476320, -0.422126, 1000,  998, 2, 0.79, 0.83, -0.04,  0,  0,  0
2586419.39726320, -1.015522, 1000,  998, 2, 0.79, 0.83, -0.04,  0,  0,  0
2586419.39976320, 0.438310, 1000,  998, 2, 0.79, 0.83, -0.04,  0,  0,  0
2586419.40226320, 0.632533, 1000,  998, 2, 0.79, 0.83, -0.04,  0,  0,  0
2586419.40476320, -0.128848, 1000,  998, 2, 0.79, 0.83, -0.04,  0,  0,  0
2586419.40726320, -0.971832, 1000,  998, 2, 0.79, 0.83, -0.04,  0,  0,  0
2586419.40976320, -1.314488, 1000,  998, 2, 0.79, 0.83, -0.04,  0,  0,  0
2586419.41226320, -0.858317, 1000,  998, 2, 0.79, 0.83, -0.04,  0,  0,  0
2586419.41476320, 0.044889, 1000,  998, 2, 0.79, 0.83, -0.04,  0,  0,  0
2586419.41726320, 1.192516, 1000,  998, 2, 0.79, 0.83, -0.04,  0,  0,  0
2586419.41976320, 1.389980, 1000,  998, 2, 0.79, 0.83, -0.04,  0,  0,  0
2586419.42226320, 1.095311, 1000,  998, 2, 0.79, 0.83, -0.04,  0,  0,  0
2586419.42476320, 0.179665, 1000,  998, 2, 0.79, 0.83, -0.04,  0,  0,  0
2586419.42726320, -0.809200, 1000,  998, 2, 0.79, 0.83, -0.04,  0,  0,  0
2586419.42976320, -1.676864, 1000,  998, 2, 0.79, 0.83, -0.04,  0,  0,  0
2586419.43226320, -0.993427, 1000,  998, 2, 0.79, 0.83, -0.04,  0,  0,  0
2586419.43476320, -0.718916, 1000,  998, 2, 0.79, 0.83, -0.04,  0,  0,  0
2586419.43726320, 0.660177, 1000,  998, 2, 0.79, 0.83, -0.04,  0,  0,  0
2586419.43976320, 1.315144, 1000,  998, 2, 0.79, 0.83, -0.04,  0,  0,  0
2586419.44226320, 1.209584, 1000,  998, 2, 0.79, 0.83, -0.04,  0,  0,  0
2586419.44476320, 0.927547, 1000,  998, 2, 0.79, 0.83, -0.04,  0,  0,  0
2586419.44726320, 0.255580, 1000,  998, 2, 0.79, 0.83, -0.04,  0,  0,  0
2586419.44976320, -1.477864, 1000,  998, 2, 0.79, 0.83, -0.04,  0,  0,  0
2586419.45226320, -1.303093, 1000,  998, 2, 0.79, 0.83, -0.04,  0,  0,  0
2586419.45476320, -0.786746, 1000,  998, 2, 0.79, 0.83, -0.04,  0,  0,  0
2586419.45726320, -0.244424, 1000,  998, 2, 0.79, 0.83, -0.04,  0,  0,  0
2586419.45976320, 0.297898, 1000,  998, 2, 0.79, 0.83, -0.04,  0,  0,  0
2586419.46226320, 0.687976, 1000,  998, 2, 0.79, 0.83, -0.04,  0,  0,  0
2586419.46476320, 0.237828, 1000,  998, 2, 0.79, 0.83, -0.04,  0,  0,  0
2586419.46726320, -0.711041, 1000,  998, 2, 0.79, 0.83, -0.04,  0,  0,  0
2586419.46976320, -1.140865, 1000,  998, 2, 0.79, 0.83, -0.04,  0,  0,  0
2586419.47226320, -1.209032, 1000,  998, 2, 0.79, 0.83, -0.04,  0,  0,  0
2586419.47476320, -0.769794, 1000,  998, 2, 0.79, 0.83, -0.04,  0,  0,  0
2586419.47726320, 0.635667, 1000,  998, 2, 0.79, 0.83, -0.04,  0,  0,  0
2586419.47976320, 1.359617, 1000,  998, 2, 0.79, 0.83, -0.04,  0,  0,  0
2586419.48226320, 0.780604, 1000,  998, 2, 0.79, 0.83, -0.04,  0,  0,  0
2586419.48476320, 0.477408, 1000,  998, 2, 0.79, 0.83, -0.04,  0,  0,  0
2586419.48726320, -0.915489, 1000,  998, 2, 0.79, 0.83, -0.04,  0,  0,  0
2586419.48976320, -1.486822, 1000,  998, 2, 0.79, 0.83, -0.04,  0,  0,  0
2586419.49226320, -1.004761, 1000,  998, 2, 0.79, 0.83, -0.04,  0,  0,  0
2586419.49476320, -0.623485, 1000,  998, 2, 0.79, 0.83, -0.04,  0,  0,  0
2586419.49726320, 0.828045, 1000,  998, 2, 0.79, 0.83, -0.04,  0,  0,  0
2586419.49976320, 1.337532, 1000,  998, 2, 0.79, 0.83, -0.04,  0,  0,  0
2586419.50226320, 0.866130, 1000,  998, 2, 0.79, 0.83, -0.04,  0,  0,  0
2586419.50476320, 0.560476, 1000,  998, 2, 0.79, 0.83, -0.04,  0,  0,  0
2586419.50726320, -0.484518, 1000,  998, 2, 0.79, 0.83, -0.04,  0,  0,  0
2586419.50976320, -1.066757, 1000,  998, 2, 0.79, 0.83, -0.04,  0,  0,  0
2586419.51226320, -0.953452, 1000,  998, 2, 0.79, 0.83, -0.04,  0,  0,  0
2586419.51476320, -0.114910, 1000,  998, 2, 0.79, 0.83, -0.04,  0,  0,  0
2586419.51726320, 0.643504, 1000,  998, 2, 0.79, 0.83, -0.04,  0,  0,  0
2586419.51976320, 1.029816, 1000,  998, 2, 0.79, 0.83, -0.04,  0,  0,  0
2586419.52226320, 0.889996, 1000,  998, 2, 0.79, 0.83, -0.04,  0,  0,  0
2586419.52476320, 0.112489, 1000,  998, 2, 0.79, 0.83, -0.04,  0,  0,  0
2586419.52726320, -0.588953, 1000,  998, 2, 0.79, 0.83, -0.04,  0,  0,  0
2586419.52976320, -1.034692, 1000,  998, 2, 0.79, 0.83, -0.04,  0,  0,  0
2586419.53226320, -0.838908, 1000,  998, 2, 0.79, 0.83, -0.04,  0,  0,  0
2586419.53476320, -0.257537, 1000,  998, 2, 0.79, 0.83, -0.04,  0,  0,  0
2586419.53726320, 0.915547, 1000,  998, 2, 0.79, 0.83, -0.04,  0,  0,  0
2586419.53976320, 1.240677, 1000,  998, 2, 0.79, 0.83, -0.04,  0,  0,  0
2586419.54226320, 0.320899, 1000,  998, 2, 0.79, 0.83, -0.04,  0,  0,  0
2586419.54476320, 0.070635, 1000,  998, 2, 0.79, 0.83, -0.04,  0,  0,  0
2586419.54726320, -1.057154, 1000,  998, 2, 0.79, 0.83, -0.04,  0,  0,  0
2586419.54976320, -1.427216, 1000,  998, 2, 0.79, 0.83, -0.04,  0,  0,  0
2586419.55226320, -0.641274, 1000,  998, 2, 0.79, 0.83, -0.04,  0,  0,  0
2586419.55726320, 0.974672, 1000,  998, 2, 0.79, 0.83, -0.04,  0,  0,  0
2586419.55976320, 1.279180, 1000,  998, 2, 0.79, 0.83, -0.04,  0,  0,  0
2586419.56226320, 0.491952, 1000,  998, 2, 0.79, 0.83, -0.04,  0,  0,  0
2586419.56476320, 0.215161, 1000,  998, 2, 0.79, 0.83, -0.04,  0,  0,  0
2586419.56726320, -0.541682, 1000,  998, 2, 0.79, 0.83, -0.04,  0,  0,  0
2586419.56976320, -0.938035, 1000,  998, 2, 0.79, 0.83, -0.04,  0,  0,  0
2586419.57226320, -1.047525, 1000,  998, 2, 0.79, 0.83, -0.04,  0,  0,  0
2586419.57476320, -0.871433, 1000,  998, 2, 0.79, 0.83, -0.04,  0,  0,  0
2586419.57726320, -0.063819, 1000,  998, 2, 0.79, 0.83, -0.04,  0,  0,  0
2586419.57976320, 1.080455, 1000,  998, 2, 0.79, 0.83, -0.04,  0,  0,  0
2586419.58226320, 1.316978, 1000,  998, 2, 0.79, 0.83, -0.04,  0,  0,  0
2586419.58476320, 0.743810, 1000,  998, 2, 0.79, 0.83, -0.04,  0,  0,  0
2586419.58726320, -0.040823, 1000,  998, 2, 0.79, 0.83, -0.04,  0,  0,  0
2586419.58976320, -0.795909, 1000,  998, 2, 0.79, 0.83, -0.04,  0,  0,  0
2586419.59226320, -0.743323, 1000,  998, 2, 0.79, 0.83, -0.04,  0,  0,  0
2586419.59476320, -0.259204, 1000,  998, 2, 0.79, 0.83, -0.04,  0,  0,  0
2586419.59726320, 0.191286, 1000,  998, 2, 0.79, 0.83, -0.04,  0,  0,  0
2586419.59976320, 0.762826, 1000,  998, 2, 0.79, 0.83, -0.04,  0,  0,  0
2586419.60226320, 0.837311, 1000,  998, 2, 0.79, 0.83, -0.04,  0,  0,  0
2586419.60476320, -0.412476, 1000,  998, 2, 0.79, 0.83, -0.04,  0,  0,  0
2586419.60726320, -1.496539, 1000,  998, 2, 0.79, 0.83, -0.04,  0,  0,  0
2586419.60976320, -1.423488, 1000,  998, 2, 0.79, 0.83, -0.04,  0,  0,  0
2586419.61226320, -0.922240, 1000,  998, 2, 0.79, 0.83, -0.04,  0,  0,  0
2586419.61476320, -0.090125, 1000,  998, 2, 0.79, 0.83, -0.04,  0,  0,  0
2586419.61726320, 0.899236, 1000,  998, 2, 0.79, 0.83, -0.04,  0,  0,  0
2586419.61976320, 0.985620, 1000,  998, 2, 0.79, 0.83, -0.04,  0,  0,  0
2586419.62226320, 0.342281, 1000,  998, 2, 0.79, 0.83, -0.04,  0,  0,  0
2586419.62476320, 0.039448, 1000,  998, 2, 0.79, 0.83, -0.04,  0,  0,  0
2586419.62726320, -1.043163, 1000,  998, 2, 0.79, 0.83, -0.04,  0,  0,  0
2586419.62976320, -1.165058, 1000,  998, 2, 0.79, 0.83, -0.04,  0,  0,  0
2586419.63226320, -0.734758, 1000,  998, 2, 0.79, 0.83, -0.04,  0,  0,  0
2586419.63476320, 0.642775, 1000,  998, 2, 0.79, 0.83, -0.04,  0,  0,  0
2586419.63726320, 1.033156, 1000,  998, 2, 0.79, 0.83, -0.04,  0,  0,  0
2586419.63976320, 1.267098, 1000,  998, 2, 0.79, 0.83, -0.04,  0,  0,  0
2586419.64226320, 1.501040, 1000,  998, 2, 0.79, 0.83, -0.04,  0,  0,  0
2586419.64476320, 1.150596, 1000,  998, 2, 0.79, 0.83, -0.04,  0,  0,  0
2586419.64726320, 0.342407, 1000,  998, 2, 0.79, 0.83, -0.04,  0,  0,  0
2586419.64976320, -0.465783, 1000,  998, 2, 0.79, 0.83, -0.04,  0,  0,  0
2586419.65226320, -0.940616, 1000,  998, 2, 0.79, 0.83, -0.04,  0,  0,  0
2586419.65476320, -0.940616, 1000,  998, 2, 0.79, 0.83, -0.04,  0,  0,  0
2586419.65726320, -0.078858, 1000,  998, 2, 0.79, 0.83, -0.04,  0,  0,  0
2586419.65976320, 1.060939, 1000,  998, 2, 0.79, 0.83, -0.04,  0,  0,  0
2586419.66226320, 1.147398, 1000,  998, 2, 0.79, 0.83, -0.04,  0,  0,  0
2586419.66476320, -0.145670, 1000,  998, 2, 0.79, 0.83, -0.04,  0,  0,  0
2586419.66726320, -0.897853, 1000,  998, 2, 0.79, 0.83, -0.04,  0,  0,  0
2586419.66976320, -1.071727, 1000,  998, 2, 0.79, 0.83, -0.04,  0,  0,  0
2586419.67226320, -1.012423, 1000,  998, 2, 0.79, 0.83, -0.04,  0,  0,  0
2586419.67476320, -0.161430, 1000,  998, 2, 0.79, 0.83, -0.04,  0,  0,  0
2586419.67726320, 0.855082, 1000,  998, 2, 0.79, 0.83, -0.04,  0,  0,  0
2586419.67976320, 0.973723, 1000,  998, 2, 0.79, 0.83, -0.04,  0,  0,  0
2586419.68476320, -0.602386, 1000,  998, 2, 0.79, 0.83, -0.04,  0,  0,  0
2586419.68726320, -1.027509, 1000,  998, 2, 0.79, 0.83, -0.04,  0,  0,  0
2586419.68976320, -1.171621, 1000,  998, 2, 0.79, 0.83, -0.04,  0,  0,  0
2586419.69226320, -0.801734, 1000,  998, 2, 0.79, 0.83, -0.04,  0,  0,  0
2586419.69476320, -0.102872, 1000,  998, 2, 0.79, 0.83, -0.04,  0,  0,  0
2586419.69726320, 1.138718, 1000,  998, 2, 0.79, 0.83, -0.04,  0,  0,  0
2586419.69976320, 1.445725, 1000,  998, 2, 0.79, 0.83, -0.04,  0,  0,  0
2586419.70226320, 1.434495, 1000,  998, 2, 0.79, 0.83, -0.04,  0,  0,  0
2586419.70476320, 1.423266, 1000,  998, 2, 0.79, 0.83, -0.04,  0,  0,  0
2586419.70726320, 1.412037, 1000,  998, 2, 0.79, 0.83, -0.04,  0,  0,  0
2586419.70976320, -1.186962, 1000,  998, 2, 0.79, 0.83, -0.04,  0,  0,  0
2586419.71226320, -1.314795, 1000,  998, 2, 0.79, 0.83, -0.04,  0,  0,  0
2586419.71476320, -0.999942, 1000,  998, 2, 0.79, 0.83, -0.04,  0,  0,  0
2586419.71726320, 0.287487, 1000,  998, 2, 0.79, 0.83, -0.04,  0,  0,  0
2586419.71976320, 1.026903, 1000,  998, 2, 0.79, 0.83, -0.04,  0,  0,  0
2586419.72226320, 1.306788, 1000,  998, 2, 0.79, 0.83, -0.04,  0,  0,  0
2586419.72476320, 0.937034, 1000,  998, 2, 0.79, 0.83, -0.04,  0,  0,  0
2586419.72726320, -0.396215, 1000,  998, 2, 0.79, 0.83, -0.04,  0,  0,  0
2586419.72976320, -1.325821, 1000,  998, 2, 0.79, 0.83, -0.04,  0,  0,  0
2586419.73226320, -1.008346, 1000,  998, 2, 0.79, 0.83, -0.04,  0,  0,  0
2586419.73476320, -0.061195, 1000,  998, 2, 0.79, 0.83, -0.04,  0,  0,  0
2586419.73726320, 1.149481, 1000,  998, 2, 0.79, 0.83, -0.04,  0,  0,  0
2586419.73976320, 1.593164, 1000,  998, 2, 0.79, 0.83, -0.04,  0,  0,  0
2586419.74226320, 1.443284, 1000,  998, 2, 0.79, 0.83, -0.04,  0,  0,  0
2586419.74476320, 0.229909, 1000,  998, 2, 0.79, 0.83, -0.04,  0,  0,  0
2586419.74726320, -0.907607, 1000,  998, 2, 0.79, 0.83, -0.04,  0,  0,  0
2586419.74976320, -1.281111, 1000,  998, 2, 0.79, 0.83, -0.04,  0,  0,  0
2586419.75226320, -1.045517, 1000,  998, 2, 0.79, 0.83, -0.04,  0,  0,  0
2586419.75476320, -0.476802, 1000,  998, 2, 0.79, 0.83, -0.04,  0,  0,  0
2586419.75726320, 0.616080, 1000,  998, 2, 0.79, 0.83, -0.04,  0,  0,  0
2586419.75976320, 1.075706, 1000,  998, 2, 0.79, 0.83, -0.04,  0,  0,  0
2586419.76226320, 1.075563, 1000,  998, 2, 0.79, 0.83, -0.04,  0,  0,  0
2586419.76476320, 0.941759, 1000,  998, 2, 0.79, 0.83, -0.04,  0,  0,  0
2586419.76726320, 0.807955, 1000,  998, 2, 0.79, 0.83, -0.04,  0,  0,  0
2586419.76976320, 0.674152, 1000,  998, 2, 0.79, 0.83, -0.04,  0,  0,  0
2586419.77226320, 0.544640, 1000,  998, 2, 0.79, 0.83, -0.04,  0,  0,  0
2586419.77476320, 0.524363, 1000,  998, 2, 0.79, 0.83, -0.04,  0,  0,  0
2586419.77726320, 0.524024, 1000,  998, 2, 0.79, 0.83, -0.04,  0,  0,  0
2586419.77976320, 0.524024, 1000,  998, 2, 0.79, 0.83, -0.04,  0,  0,  0
2586419.78226320, 0.524024, 1000,  998, 2, 0.79, 0.83, -0.04,  0,  0,  0
2586419.78476320, -0.512984, 1000,  998, 2, 0.79, 0.83, -0.04,  0,  0,  0
2586419.78726320, -0.512984, 1000,  998, 2, 0.79, 0.83, -0.04,  0,  0,  0
2586419.78976320, -1.025990, 1000,  998, 2, 0.79, 0.83, -0.04,  0,  0,  0
2586419.79226320, -0.960341, 1000,  998, 2, 0.79, 0.83, -0.04,  0,  0,  0
2586419.79476320, -0.173813, 1000,  998, 2, 0.79, 0.83, -0.04,  0,  0,  0
2586419.79726320, 0.837060, 1000,  998, 2, 0.79, 0.83, -0.04,  0,  0,  0
2586419.79976320, 1.197545, 1000,  998, 2, 0.79, 0.83, -0.04,  0,  0,  0
2586419.80226320, 1.037541, 1000,  998, 2, 0.79, 0.83, -0.04,  0,  0,  0
2586419.80476320, 0.078004, 1000,  998, 2, 0.79, 0.83, -0.04,  0,  0,  0
2586419.80726320, -1.010395, 1000,  998, 2, 0.79, 0.83, -0.04,  0,  0,  0
2586419.80976320, -1.421703, 1000,  998, 2, 0.79, 0.83, -0.04,  0,  0,  0
2586419.81226320, -1.327462, 1000,  998, 2, 0.79, 0.83, -0.04,  0,  0,  0
2586419.81476320, -0.913545, 1000,  998, 2, 0.79, 0.83, -0.04,  0,  0,  0
2586419.81726320, 1.164146, 1000,  998, 2, 0.79, 0.83, -0.04,  0,  0,  0
2586419.81976320, 1.571724, 1000,  998, 2, 0.79, 0.83, -0.04,  0,  0,  0
2586419.82226320, 1.571724, 1000,  998, 2, 0.79, 0.83, -0.04,  0,  0,  0
2586419.82476320, 1.571724, 1000,  998, 2, 0.79, 0.83, -0.04,  0,  0,  0
2586419.82726320, 1.571724, 1000,  998, 2, 0.79, 0.83, -0.04,  0,  0,  0
2586419.82976320, 1.571724, 1000,  998, 2, 0.79, 0.83, -0.04,  0,  0,  0
2586419.83226320, 0.517694, 1000,  998, 2, 0.79, 0.83, -0.04,  0,  0,  0
2586419.83476320, -0.613393, 1000,  998, 2, 0.79, 0.83, -0.04,  0,  0,  0
2586419.83726320, 0.136734, 1000,  998, 2, 0.79, 0.83, -0.04,  0,  0,  0
2586419.83976320, 0.951657, 1000,  998, 2, 0.79, 0.83, -0.04,  0,  0,  0
2586419.84226320, 0.951657, 1000,  998, 2, 0.79, 0.83, -0.04,  0,  0,  0
2586419.84476320, -0.630583, 1000,  998, 2, 0.79, 0.83, -0.04,  0,  0,  0
2586419.84726320, -0.630583, 1000,  998, 2, 0.79, 0.83, -0.04,  0,  0,  0
2586419.84976320, -1.325486, 1000,  998, 2, 0.79, 0.83, -0.04,  0,  0,  0
2586419.85226320, -1.064554, 1000,  998, 2, 0.79, 0.83, -0.04,  0,  0,  0
2586419.85476320, 0.058219, 1000,  998, 2, 0.79, 0.83, -0.04,  0,  0,  0
2586419.85726320, 1.062399, 1000,  998, 2, 0.79, 0.83, -0.04,  0,  0,  0
2586419.85976320, 1.475506, 1000,  998, 2, 0.79, 0.83, -0.04,  0,  0,  0
2586419.86226320, 1.309398, 1000,  998, 2, 0.79, 0.83, -0.04,  0,  0,  0
2586419.86476320, 0.283822, 1000,  998, 2, 0.79, 0.83, -0.04,  0,  0,  0
2586419.86976320, -1.004761, 1000,  998, 2, 0.79, 0.83, -0.04,  0,  0,  0
2586419.87226320, -0.837048, 1000,  998, 2, 0.79, 0.83, -0.04,  0,  0,  0
2586419.87476320, -0.265453, 1000,  998, 2, 0.79, 0.83, -0.04,  0,  0,  0
2586419.87726320, 0.311620, 1000,  998, 2, 0.79, 0.83, -0.04,  0,  0,  0
2586419.87976320, 1.368598, 1000,  998, 2, 0.79, 0.83, -0.04,  0,  0,  0
2586419.88226320, 1.288749, 1000,  998, 2, 0.79, 0.83, -0.04,  0,  0,  0
2586419.88476320, 0.998979, 1000,  998, 2, 0.79, 0.83, -0.04,  0,  0,  0
2586419.88726320, 0.709209, 1000,  998, 2, 0.79, 0.83, -0.04,  0,  0,  0
2586419.88976320, 0.360446, 1000,  998, 2, 0.79, 0.83, -0.04,  0,  0,  0
2586419.89226320, -1.070026, 1000,  998, 2, 0.79, 0.83, -0.04,  0,  0,  0
2586419.89476320, -0.533372, 1000,  998, 2, 0.79, 0.83, -0.04,  0,  0,  0
2586419.89726320, 0.432852, 1000,  998, 2, 0.79, 0.83, -0.04,  0,  0,  0
2586419.89976320, 1.261690, 1000,  998, 2, 0.79, 0.83, -0.04,  0,  0,  0
2586419.90226320, 1.044094, 1000,  998, 2, 0.79, 0.83, -0.04,  0,  0,  0
2586419.90476320, -0.135736, 1000,  998, 2, 0.79, 0.83, -0.04,  0,  0,  0
2586419.90726320, -1.263453, 1000,  998, 2, 0.79, 0.83, -0.04,  0,  0,  0
2586419.90976320, -1.688973, 1000,  998, 2, 0.79, 0.83, -0.04,  0,  0,  0
2586419.91226320, -1.178759, 1000,  998, 2, 0.79, 0.83, -0.04,  0,  0,  0
2586419.91476320, 0.152997, 1000,  998, 2, 0.79, 0.83, -0.04,  0,  0,  0
2586419.91726320, 1.165620, 1000,  998, 2, 0.79, 0.83, -0.04,  0,  0,  0
2586419.91976320, 1.589372, 1000,  998, 2, 0.79, 0.83, -0.04,  0,  0,  0
2586419.92226320, 0.550784, 1000,  998, 2, 0.79, 0.83, -0.04,  0,  0,  0
2586419.92476320, -0.919235, 1000,  998, 2, 0.79, 0.83, -0.04,  0,  0,  0
2586419.92726320, -1.146257, 1000,  998, 2, 0.79, 0.83, -0.04,  0,  0,  0
2586419.92976320, -1.678282, 1000,  998, 2, 0.79, 0.83, -0.04,  0,  0,  0
2586419.93226320, -0.771408, 1000,  998, 2, 0.79, 0.83, -0.04,  0,  0,  0
2586419.93476320, 0.513334, 1000,  998, 2, 0.79, 0.83, -0.04,  0,  0,  0
2586419.93726320, 0.587576, 1000,  998, 2, 0.79, 0.83, -0.04,  0,  0,  0
2586419.93976320, 0.812062, 1000,  998, 2, 0.79, 0.83, -0.04,  0,  0,  0
2586419.94226320, 0.565211, 1000,  998, 2, 0.79, 0.83, -0.04,  0,  0,  0
2586419.94476320, -0.158758, 1000,  998, 2, 0.79, 0.83, -0.04,  0,  0,  0
2586419.94726320, -0.693048, 1000,  998, 2, 0.79, 0.83, -0.04,  0,  0,  0
2586419.94976320, -0.992196, 1000,  998, 2, 0.79, 0.83, -0.04,  0,  0,  0
2586419.95226320, -1.092532, 1000,  998, 2, 0.79, 0.83, -0.04,  0,  0,  0
2586419.95476320, -0.693179, 1000,  998, 2, 0.79, 0.83, -0.04,  0,  0,  0
2586419.95726320, -0.169963, 1000,  998, 2, 0.79, 0.83, -0.04,  0,  0,  0
2586419.95976320, 0.313028, 1000,  998, 2, 0.79, 0.83, -0.04,  0,  0,  0
2586419.96226320, 0.487312, 1000,  998, 2, 0.79, 0.83, -0.04,  0,  0,  0
2586419.96476320, 0.097555, 1000,  998, 2, 0.79, 0.83, -0.04,  0,  0,  0
2586419.96726320, -0.614912, 1000,  998, 2, 0.79, 0.83, -0.04,  0,  0,  0
2586419.96976320, -1.549993, 1000,  998, 2, 0.79, 0.83, -0.04,  0,  0,  0
2586419.97226320, -1.214045, 1000,  998, 2, 0.79, 0.83, -0.04,  0,  0,  0
2586419.97476320, -0.140981, 1000,  998, 2, 0.79, 0.83, -0.04,  0,  0,  0
2586419.97726320, 0.999455, 1000,  998, 2, 0.79, 0.83, -0.04,  0,  0,  0
2586419.97976320, 1.671549, 1000,  998, 2, 0.79, 0.83, -0.04,  0,  0,  0
2586419.98226320, 0.790174, 1000,  998, 2, 0.79, 0.83, -0.04,  0,  0,  0
2586419.98476320, -0.336969, 1000,  998, 2, 0.79, 0.83, -0.04,  0,  0,  0
2586419.98726320, -1.497259, 1000,  998, 2, 0.79, 0.83, -0.04,  0,  0,  0
2586419.98976320, -1.462106, 1000,  998, 2, 0.79, 0.83, -0.04,  0,  0,  0
2586419.99226320, -0.736925, 1000,  998, 2, 0.79, 0.83, -0.04,  0,  0,  0
2586419.99476320, 0.244983, 1000,  998, 2, 0.79, 0.83, -0.04,  0,  0,  0
2586419.99726320, 1.312887, 1000,  998, 2, 0.79, 0.83, -0.04,  0,  0,  0
2586419.99976320, 1.210852, 1000,  998, 2, 0.79, 0.83, -0.04,  0,  0,  0
2586420.00226320, 0.833264, 1000,  998, 2, 0.79, 0.83, -0.04,  0,  0,  0
2586420.00476320, 0.300910, 1000,  998, 2, 0.79, 0.83, -0.04,  0,  0,  0
2586420.00726320, -0.344718, 1000,  998, 2, 0.79, 0.83, -0.04,  0,  0,  0
2586420.00976320, -1.099122, 1000,  998, 2, 0.79, 0.83, -0.04,  0,  0,  0
2586420.01226320, -0.800249, 1000,  998, 2, 0.79, 0.83, -0.04,  0,  0,  0
2586420.01476320, -0.140814, 1000,  998, 2, 0.79, 0.83, -0.04,  0,  0,  0
2586420.01726320, 0.696411, 1000,  998, 2, 0.79, 0.83, -0.04,  0,  0,  0
2586420.01976320, 1.230666, 1000,  998, 2, 0.79, 0.83, -0.04,  0,  0,  0
2586420.02226320, 1.026687, 1000,  998, 2, 0.79, 0.83, -0.04,  0,  0,  0
2586420.02476320, 0.776288, 1000,  998, 2, 0.79, 0.83, -0.04,  0,  0,  0
2586420.02726320, -0.946458, 1000,  998, 2, 0.79, 0.83, -0.04,  0,  0,  0
2586420.02976320, -0.766522, 1000,  998, 2, 0.79, 0.83, -0.04,  0,  0,  0
2586420.03226320, -0.274982, 1000,  998, 2, 0.79, 0.83, -0.04,  0,  0,  0
2586420.03476320, -0.031641, 1000,  998, 2, 0.79, 0.83, -0.04,  0,  0,  0
2586420.03726320, 1.106047, 1000,  998, 2, 0.79, 0.83, -0.04,  0,  0,  0
2586420.03976320, 1.349430, 1000,  998, 2, 0.79, 0.83, -0.04,  0,  0,  0
2586420.04226320, 0.761919, 1000,  998, 2, 0.79, 0.83, -0.04,  0,  0,  0
2586420.04476320, 0.427317, 1000,  998, 2, 0.79, 0.83, -0.04,  0,  0,  0
2586420.04726320, -0.640629, 1000,  998, 2, 0.79, 0.83, -0.04,  0,  0,  0
2586420.04976320, -1.159248, 1000,  998, 2, 0.79, 0.83, -0.04,  0,  0,  0
2586420.05476320, -0.259385, 1000,  998, 2, 0.79, 0.83, -0.04,  0,  0,  0
2586420.05726320, 1.026296, 1000,  998, 2, 0.79, 0.83, -0.04,  0,  0,  0
2586420.05976320, 1.484017, 1000,  998, 2, 0.79, 0.83, -0.04,  0,  0,  0
2586420.06226320, 0.834058, 1000,  998, 2, 0.79, 0.83, -0.04,  0,  0,  0
2586420.06476320, 0.513117, 1000,  998, 2, 0.79, 0.83, -0.04,  0,  0,  0
2586420.06726320, -0.837655, 1000,  998, 2, 0.79, 0.83, -0.04,  0,  0,  0
2586420.06976320, -1.369779, 1000,  998, 2, 0.79, 0.83, -0.04,  0,  0,  0
2586420.07226320, -1.459510, 1000,  998, 2, 0.79, 0.83, -0.04,  0,  0,  0
2586420.07476320, -0.344956, 1000,  998, 2, 0.79, 0.83, -0.04,  0,  0,  0
2586420.07726320, 0.529851, 1000,  998, 2, 0.79, 0.83, -0.04,  0,  0,  0
2586420.07976320, 0.965134, 1000,  998, 2, 0.79, 0.83, -0.04,  0,  0,  0
2586420.08226320, 0.736910, 1000,  998, 2, 0.79, 0.83, -0.04,  0,  0,  0
2586420.08476320, 0.460825, 1000,  998, 2, 0.79, 0.83, -0.04,  0,  0,  0
2586420.08726320, -1.421703, 1000,  998, 2, 0.79, 0.83, -0.04,  0,  0,  0
2586420.08976320, -1.421703, 1000,  998, 2, 0.79, 0.83, -0.04,  0,  0,  0
2586420.09226320, -0.737631, 1000,  998, 2, 0.79, 0.83, -0.04,  0,  0,  0
2586420.09476320, -0.528335, 1000,  998, 2, 0.79, 0.83, -0.04,  0,  0,  0
2586420.09726320, 0.291366, 1000,  998, 2, 0.79, 0.83, -0.04,  0,  0,  0
2586420.09976320, 0.784565, 1000,  998, 2, 0.79, 0.83, -0.04,  0,  0,  0
2586420.10226320, 0.385044, 1000,  998, 2, 0.79, 0.83, -0.04,  0,  0,  0
2586420.10476320, 0.020484, 1000,  998, 2, 0.79, 0.83, -0.04,  0,  0,  0
2586420.10726320, -1.251591, 1000,  998, 2, 0.79, 0.83, -0.04,  0,  0,  0
2586420.10976320, -1.584556, 1000,  998, 2, 0.79, 0.83, -0.04,  0,  0,  0
2586420.11226320, -0.705419, 1000,  998, 2, 0.79, 0.83, -0.04,  0,  0,  0
2586420.11476320, -0.252318, 1000,  998, 2, 0.79, 0.83, -0.04,  0,  0,  0
2586420.11726320, 1.111771, 1000,  998, 2, 0.79, 0.83, -0.04,  0,  0,  0
2586420.11976320, 1.346627, 1000,  998, 2, 0.79, 0.83, -0.04,  0,  0,  0
2586420.12226320, 0.748531, 1000,  998, 2, 0.79, 0.83, -0.04,  0,  0,  0
2586420.12476320, 0.476125, 1000,  998, 2, 0.79, 0.83, -0.04,  0,  0,  0
2586420.12726320, -0.724513, 1000,  998, 2, 0.79, 0.83, -0.04,  0,  0,  0
2586420.12976320, -1.616197, 1000,  998, 2, 0.79, 0.83, -0.04,  0,  0,  0
2586420.13226320, -1.296446, 1000,  998, 2, 0.79, 0.83, -0.04,  0,  0,  0
2586420.13476320, -0.513685, 1000,  998, 2, 0.79, 0.83, -0.04,  0,  0,  0
2586420.13726320, 0.776228, 1000,  998, 2, 0.79, 0.83, -0.04,  0,  0,  0
2586420.13976320, 1.490383, 1000,  998, 2, 0.79, 0.83, -0.04,  0,  0,  0
2586420.14226320, 1.259908, 1000,  998, 2, 0.79, 0.83, -0.04,  0,  0,  0
2586420.14476320, 0.914335, 1000,  998, 2, 0.79, 0.83, -0.04,  0,  0,  0
2586420.14726320, -0.146751, 1000,  998, 2, 0.79, 0.83, -0.04,  0,  0,  0
2586420.14976320, -0.986113, 1000,  998, 2, 0.79, 0.83, -0.04,  0,  0,  0
2586420.15226320, -1.172867, 1000,  998, 2, 0.79, 0.83, -0.04,  0,  0,  0
2586420.15476320, -0.486161, 1000,  998, 2, 0.79, 0.83, -0.04,  0,  0,  0
2586420.15726320, 0.483619, 1000,  998, 2, 0.79, 0.83, -0.04,  0,  0,  0
2586420.15976320, 1.245182, 1000,  998, 2, 0.79, 0.83, -0.04,  0,  0,  0
2586420.16226320, 1.415191, 1000,  998, 2, 0.79, 0.83, -0.04,  0,  0,  0
2586420.16476320, 0.370727, 1000,  998, 2, 0.79, 0.83, -0.04,  0,  0,  0
2586420.16726320, -0.782969, 1000,  998, 2, 0.79, 0.83, -0.04,  0,  0,  0
2586420.16976320, -1.041717, 1000,  998, 2, 0.79, 0.83, -0.04,  0,  0,  0
2586420.17226320, -0.374004, 1000,  998, 2, 0.79, 0.83, -0.04,  0,  0,  0
2586420.17476320, -0.095801, 1000,  998, 2, 0.79, 0.83, -0.04,  0,  0,  0
2586420.17726320, 0.865406, 1000,  998, 2, 0.79, 0.83, -0.04,  0,  0,  0
2586420.17976320, 1.174521, 1000,  998, 2, 0.79, 0.83, -0.04,  0,  0,  0
2586420.18476320, 0.074768, 1000,  998, 2, 0.79, 0.83, -0.04,  0,  0,  0
2586420.18726320, -1.075083, 1000,  998, 2, 0.79, 0.83, -0.04,  0,  0,  0
2586420.18976320, -1.222682, 1000,  998, 2, 0.79, 0.83, -0.04,  0,  0,  0
2586420.19226320, -0.363313, 1000,  998, 2, 0.79, 0.83, -0.04,  0,  0,  0
2586420.19476320, -0.363313, 1000,  998, 2, 0.79, 0.83, -0.04,  0,  0,  0
2586420.19726320, 1.240309, 1000,  998, 2, 0.79, 0.83, -0.04,  0,  0,  0
2586420.19976320, 1.253196, 1000,  998, 2, 0.79, 0.83, -0.04,  0,  0,  0
2586420.20226320, 1.160422, 1000,  998, 2, 0.79, 0.83, -0.04,  0,  0,  0
2586420.20476320, 0.864880, 1000,  998, 2, 0.79, 0.83, -0.04,  0,  0,  0
2586420.20726320, 0.569339, 1000,  998, 2, 0.79, 0.83, -0.04,  0,  0,  0
2586420.20976320, 0.273797, 1000,  998, 2, 0.79, 0.83, -0.04,  0,  0,  0
2586420.21226320, -0.705419, 1000,  998, 2, 0.79, 0.83, -0.04,  0,  0,  0
2586420.21476320, -0.428604, 1000,  998, 2, 0.79, 0.83, -0.04,  0,  0,  0
2586420.21726320, 0.818987, 1000,  998, 2, 0.79, 0.83, -0.04,  0,  0,  0
2586420.21976320, 1.092763, 1000,  998, 2, 0.79, 0.83, -0.04,  0,  0,  0
2586420.22226320, 0.623682, 1000,  998, 2, 0.79, 0.83, -0.04,  0,  0,  0
2586420.22476320, -0.480754, 1000,  998, 2, 0.79, 0.83, -0.04,  0,  0,  0
2586420.22726320, -0.915700, 1000,  998, 2, 0.79, 0.83, -0.04,  0,  0,  0
2586420.22976320, -1.042936, 1000,  998, 2, 0.79, 0.83, -0.04,  0,  0,  0
2586420.23226320, -0.637090, 1000,  998, 2, 0.79, 0.83, -0.04,  0,  0,  0
2586420.23476320, 0.445349, 1000,  998, 2, 0.79, 0.83, -0.04,  0,  0,  0
2586420.23726320, 1.026492, 1000,  998, 2, 0.79, 0.83, -0.04,  0,  0,  0
2586420.23976320, 0.917258, 1000,  998, 2, 0.79, 0.83, -0.04,  0,  0,  0
2586420.24226320, 0.574771, 1000,  998, 2, 0.79, 0.83, -0.04,  0,  0,  0
2586420.24476320, -0.037029, 1000,  998, 2, 0.79, 0.83, -0.04,  0,  0,  0
2586420.24726320, -0.818652, 1000,  998, 2, 0.79, 0.83, -0.04,  0,  0,  0
2586420.24976320, -1.232940, 1000,  998, 2, 0.79, 0.83, -0.04,  0,  0,  0
2586420.25226320, -1.147691, 1000,  998, 2, 0.79, 0.83, -0.04,  0,  0,  0
2586420.25476320, -0.499284, 1000,  998, 2, 0.79, 0.83, -0.04,  0,  0,  0
2586420.25726320, 0.553786, 1000,  998, 2, 0.79, 0.83, -0.04,  0,  0,  0
2586420.25976320, 1.339190, 1000,  998, 2, 0.79, 0.83, -0.04,  0,  0,  0
2586420.26226320, 1.245843, 1000,  998, 2, 0.79, 0.83, -0.04,  0,  0,  0
2586420.26476320, 0.798588, 1000,  998, 2, 0.79, 0.83, -0.04,  0,  0,  0
2586420.26726320, 0.246709, 1000,  998, 2, 0.79, 0.83, -0.04,  0,  0,  0
2586420.26976320, -0.305170, 1000,  998, 2, 0.79, 0.83, -0.04,  0,  0,  0
2586420.27226320, -0.609022, 1000,  998, 2, 0.79, 0.83, -0.04,  0,  0,  0
2586420.27476320, -0.478964, 1000,  998, 2, 0.79, 0.83, -0.04,  0,  0,  0
2586420.27726320, 0.056601, 1000,  998, 2, 0.79, 0.83, -0.04,  0,  0,  0
2586420.27976320, 1.469083, 1000,  998, 2, 0.79, 0.83, -0.04,  0,  0,  0
2586420.28226320, 0.561455, 1000,  998, 2, 0.79, 0.83, -0.04,  0,  0,  0
2586420.28476320, 0.275782, 1000,  998, 2, 0.79, 0.83, -0.04,  0,  0,  0
2586420.28726320, -0.544801, 1000,  998, 2, 0.79, 0.83, -0.04,  0,  0,  0
2586420.28976320, -1.242877, 1000,  998, 2, 0.79, 0.83, -0.04,  0,  0,  0
2586420.29226320, -0.643526, 1000,  998, 2, 0.79, 0.83, -0.04,  0,  0,  0
2586420.29476320, 0.258158, 1000,  998, 2, 0.79, 0.83, -0.04,  0,  0,  0
2586420.29726320, 0.985770, 1000,  998, 2, 0.79, 0.83, -0.04,  0,  0,  0
2586420.29976320, 0.884126, 1000,  998, 2, 0.79, 0.83, -0.04,  0,  0,  0
2586420.30226320, 0.280606, 1000,  998, 2, 0.79, 0.83, -0.04,  0,  0,  0
2586420.30476320, -0.757704, 1000,  998, 2, 0.79, 0.83, -0.04,  0,  0,  0
2586420.30726320, -0.955780, 1000,  998, 2, 0.79, 0.83, -0.04,  0,  0,  0
2586420.30976320, -1.325027, 1000,  998, 2, 0.79, 0.83, -0.04,  0,  0,  0
2586420.31226320, -0.752262, 1000,  998, 2, 0.79, 0.83, -0.04,  0,  0,  0
2586420.31476320, 0.145005, 1000,  998, 2, 0.79, 0.83, -0.04,  0,  0,  0
2586420.31726320, 0.931791, 1000,  998, 2, 0.79, 0.83, -0.04,  0,  0,  0
2586420.31976320, 1.464816, 1000,  998, 2, 0.79, 0.83, -0.04,  0,  0,  0
2586420.32226320, 1.411754, 1000,  998, 2, 0.79, 0.83, -0.04,  0,  0,  0
2586420.32476320, 0.403020, 1000,  998, 2, 0.79, 0.83, -0.04,  0,  0,  0
2586420.32726320, 0.005387, 1000,  998, 2, 0.79, 0.83, -0.04,  0,  0,  0
2586420.32976320, -0.392245, 1000,  998, 2, 0.79, 0.83, -0.04,  0,  0,  0
2586420.33226320, -0.539747, 1000,  998, 2, 0.79, 0.83, -0.04,  0,  0,  0
2586420.33476320, -0.469879, 1000,  998, 2, 0.79, 0.83, -0.04,  0,  0,  0
2586420.33726320, -0.400011, 1000,  998, 2, 0.79, 0.83, -0.04,  0,  0,  0
2586420.33976320, 0.532261, 1000,  998, 2, 0.79, 0.83, -0.04,  0,  0,  0
2586420.34226320, 1.152861, 1000,  998, 2, 0.79, 0.83, -0.04,  0,  0,  0
2586420.34476320, 0.268002, 1000,  998, 2, 0.79, 0.83, -0.04,  0,  0,  0
2586420.34726320, -0.530313, 1000,  998, 2, 0.79, 0.83, -0.04,  0,  0,  0
2586420.34976320, -1.364278, 1000,  998, 2, 0.79, 0.83, -0.04,  0,  0,  0
2586420.35226320, -0.804173, 1000,  998, 2, 0.79, 0.83, -0.04,  0,  0,  0
2586420.35476320, 0.246063, 1000,  998, 2, 0.79, 0.83, -0.04,  0,  0,  0
2586420.35726320, 0.428568, 1000,  998, 2, 0.79, 0.83, -0.04,  0,  0,  0
2586420.35976320, 1.142120, 1000,  998, 2, 0.79, 0.83, -0.04,  0,  0,  0
2586420.36226320, 0.754897, 1000,  998, 2, 0.79, 0.83, -0.04,  0,  0,  0
2586420.36476320, -0.651965, 1000,  998, 2, 0.79, 0.83, -0.04,  0,  0,  0
2586420.36976320, -1.213718, 1000,  998, 2, 0.79, 0.83, -0.04,  0,  0,  0
2586420.37226320, -0.722074, 1000,  998, 2, 0.79, 0.83, -0.04,  0,  0,  0
2586420.37476320, 0.417116, 1000,  998, 2, 0.79, 0.83, -0.04,  0,  0,  0
2586420.37726320, 0.417116, 1000,  998, 2, 0.79, 0.83, -0.04,  0,  0,  0
2586420.37976320, 1.031278, 1000,  998, 2, 0.79, 0.83, -0.04,  0,  0,  0
2586420.38226320, 0.817402, 1000,  998, 2, 0.79, 0.83, -0.04,  0,  0,  0
2586420.38476320, 0.001306, 1000,  998, 2, 0.79, 0.83, -0.04,  0,  0,  0
2586420.38726320, -0.610858, 1000,  998, 2, 0.79, 0.83, -0.04,  0,  0,  0
2586420.38976320, -1.028890, 1000,  998, 2, 0.79, 0.83, -0.04,  0,  0,  0
2586420.39226320, -0.998776, 1000,  998, 2, 0.79, 0.83, -0.04,  0,  0,  0
2586420.39476320, -0.697427, 1000,  998, 2, 0.79, 0.83, -0.04,  0,  0,  0
2586420.39726320, -0.145556, 1000,  998, 2, 0.79, 0.83, -0.04,  0,  0,  0
2586420.39976320, 1.111310, 1000,  998, 2, 0.79, 0.83, -0.04,  0,  0,  0
2586420.40226320, 1.292537, 1000,  998, 2, 0.79, 0.83, -0.04,  0,  0,  0
2586420.40476320, 0.399160, 1000,  998, 2, 0.79, 0.83, -0.04,  0,  0,  0
2586420.40726320, -0.812368, 1000,  998, 2, 0.79, 0.83, -0.04,  0,  0,  0
2586420.40976320, -1.138915, 1000,  998, 2, 0.79, 0.83, -0.04,  0,  0,  0
2586420.41226320, -0.649325, 1000,  998, 2, 0.79, 0.83, -0.04,  0,  0,  0
2586420.41476320, 0.097094, 1000,  998, 2, 0.79, 0.83, -0.04,  0,  0,  0
2586420.41726320, 0.932283, 1000,  998, 2, 0.79, 0.83, -0.04,  0,  0,  0
2586420.41976320, 1.379289, 1000,  998, 2, 0.79, 0.83, -0.04,  0,  0,  0
2586420.42226320, 1.195523, 1000,  998, 2, 0.79, 0.83, -0.04,  0,  0,  0
2586420.42476320, 0.102888, 1000,  998, 2, 0.79, 0.83, -0.04,  0,  0,  0
2586420.42726320, -1.094783, 1000,  998, 2, 0.79, 0.83, -0.04,  0,  0,  0
2586420.42976320, -1.239959, 1000,  998, 2, 0.79, 0.83, -0.04,  0,  0,  0
2586420.43226320, -1.079752, 1000,  998, 2, 0.79, 0.83, -0.04,  0,  0,  0
2586420.43476320, -0.062228, 1000,  998, 2, 0.79, 0.83, -0.04,  0,  0,  0
2586420.43726320, 1.178536, 1000,  998, 2, 0.79, 0.83, -0.04,  0,  0,  0
2586420.43976320, 0.978655, 1000,  998, 2, 0.79, 0.83, -0.04,  0,  0,  0
2586420.44226320, 0.620657, 1000,  998, 2, 0.79, 0.83, -0.04,  0,  0,  0
2586420.44476320, -0.428643, 1000,  998, 2, 0.79, 0.83, -0.04,  0,  0,  0
2586420.44726320, -1.008776, 1000,  998, 2, 0.79, 0.83, -0.04,  0,  0,  0
2586420.44976320, -1.263264, 1000,  998, 2, 0.79, 0.83, -0.04,  0,  0,  0
2586420.45226320, -1.202989, 1000,  998, 2, 0.79, 0.83, -0.04,  0,  0,  0
2586420.45476320, -0.685598, 1000,  998, 2, 0.79, 0.83, -0.04,  0,  0,  0
2586420.45726320, 0.223306, 1000,  998, 2, 0.79, 0.83, -0.04,  0,  0,  0
2586420.45976320, 1.101328, 1000,  998, 2, 0.79, 0.83, -0.04,  0,  0,  0
2586420.46226320, 1.101328, 1000,  998, 2, 0.79, 0.83, -0.04,  0,  0,  0
2586420.46476320, 0.194815, 1000,  998, 2, 0.79, 0.83, -0.04,  0,  0,  0
2586420.46726320, -1.038295, 1000,  998, 2, 0.79, 0.83, -0.04,  0,  0,  0
2586420.46976320, -1.638864, 1000,  998, 2, 0.79, 0.83, -0.04,  0,  0,  0
2586420.47226320, -0.907985, 1000,  998, 2, 0.79, 0.83, -0.04,  0,  0,  0
2586420.47476320, 0.235373, 1000,  998, 2, 0.79, 0.83, -0.04,  0,  0,  0
2586420.47726320, 0.505946, 1000,  998, 2, 0.79, 0.83, -0.04,  0,  0,  0
2586420.47976320, 1.219448, 1000,  998, 2, 0.79, 0.83, -0.04,  0,  0,  0
2586420.48226320, 0.621403, 1000,  998, 2, 0.79, 0.83, -0.04,  0,  0,  0
2586420.48476320, -0.769564, 1000,  998, 2, 0.79, 0.83, -0.04,  0,  0,  0
2586420.48726320, -0.926281, 1000,  998, 2, 0.79, 0.83, -0.04,  0,  0,  0
2586420.48976320, -1.311841, 1000,  998, 2, 0.79, 0.83, -0.04,  0,  0,  0
2586420.49226320, -0.869480, 1000,  998, 2, 0.79, 0.83, -0.04,  0,  0,  0
2586420.49476320, -0.063970, 1000,  998, 2, 0.79, 0.83, -0.04,  0,  0,  0
2586420.49726320, 0.173166, 1000,  998, 2, 0.79, 0.83, -0.04,  0,  0,  0
2586420.49976320, 0.653238, 1000,  998, 2, 0.79, 0.83, -0.04,  0,  0,  0
2586420.50226320, 0.860767, 1000,  998, 2, 0.79, 0.83, -0.04,  0,  0,  0
2586420.50476320, -0.662655, 1000,  998, 2, 0.79, 0.83, -0.04,  0,  0,  0
2586420.50726320, -0.867367, 1000,  998, 2, 0.79, 0.83, -0.04,  0,  0,  0
2586420.50976320, -1.266257, 1000,  998, 2, 0.79, 0.83, -0.04,  0,  0,  0
2586420.51226320, -1.277861, 1000,  998, 2, 0.79, 0.83, -0.04,  0,  0,  0
2586420.51476320, -0.320002, 1000,  998, 2, 0.79, 0.83, -0.04,  0,  0,  0
2586420.51726320, 1.014274, 1000,  998, 2, 0.79, 0.83, -0.04,  0,  0,  0
2586420.51976320, 1.339872, 1000,  998, 2, 0.79, 0.83, -0.04,  0,  0,  0
2586420.52226320, 1.203459, 1000,  998, 2, 0.79, 0.83, -0.04,  0,  0,  0
2586420.52476320, 0.774614, 1000,  998, 2, 0.79, 0.83, -0.04,  0,  0,  0
2586420.52726320, 0.120441, 1000,  998, 2, 0.79, 0.83, -0.04,  0,  0,  0
2586420.52976320, -0.619727, 1000,  998, 2, 0.79, 0.83, -0.04,  0,  0,  0
2586420.53226320, -1.041529, 1000,  998, 2, 0.79, 0.83, -0.04,  0,  0,  0
2586420.53476320, -0.024566, 1000,  998, 2, 0.79, 0.83, -0.04,  0,  0,  0
2586420.53726320, 1.089054, 1000,  998, 2, 0.79, 0.83, -0.04,  0,  0,  0
2586420.53976320, 1.661279, 1000,  998, 2, 0.79, 0.83, -0.04,  0,  0,  0
2586420.54226320, 0.946455, 1000,  998, 2, 0.79, 0.83, -0.04,  0,  0,  0
2586420.54476320, -0.043371, 1000,  998, 2, 0.79, 0.83, -0.04,  0,  0,  0
2586420.54726320, -1.120337, 1000,  998, 2, 0.79, 0.83, -0.04,  0,  0,  0
2586420.54976320, -1.614137, 1000,  998, 2, 0.79, 0.83, -0.04,  0,  0,  0
2586420.55476320, -0.071116, 1000,  998, 2, 0.79, 0.83, -0.04,  0,  0,  0
2586420.55726320, 0.782321, 1000,  998, 2, 0.79, 0.83, -0.04,  0,  0,  0
2586420.55976320, 1.218652, 1000,  998, 2, 0.79, 0.83, -0.04,  0,  0,  0
2586420.56226320, 0.892787, 1000,  998, 2, 0.79, 0.83, -0.04,  0,  0,  0
2586420.56476320, 0.299924, 1000,  998, 2, 0.79, 0.83, -0.04,  0,  0,  0
2586420.56726320, -0.330460, 1000,  998, 2, 0.79, 0.83, -0.04,  0,  0,  0
2586420.56976320, -0.479615, 1000,  998, 2, 0.79, 0.83, -0.04,  0,  0,  0
2586420.57226320, -0.628770, 1000,  998, 2, 0.79, 0.83, -0.04,  0,  0,  0
2586420.57476320, -0.777925, 1000,  998, 2, 0.79, 0.83, -0.04,  0,  0,  0
2586420.57726320, -0.772365, 1000,  998, 2, 0.79, 0.83, -0.04,  0,  0,  0
2586420.57976320, 1.471047, 1000,  998, 2, 0.79, 0.83, -0.04,  0,  0,  0
2586420.58226320, 1.391778, 1000,  998, 2, 0.79, 0.83, -0.04,  0,  0,  0
2586420.58476320, 0.794121, 1000,  998, 2, 0.79, 0.83, -0.04,  0,  0,  0
2586420.58726320, -1.280996, 1000,  998, 2, 0.79, 0.83, -0.04,  0,  0,  0
2586420.58976320, -1.539302, 1000,  998, 2, 0.79, 0.83, -0.04,  0,  0,  0
2586420.59226320, -1.327561, 1000,  998, 2, 0.79, 0.83, -0.04,  0,  0,  0
2586420.59476320, -0.731846, 1000,  998, 2, 0.79, 0.83, -0.04,  0,  0,  0
2586420.59726320, 1.591095, 1000,  998, 2, 0.79, 0.83, -0.04,  0,  0,  0
2586420.59976320, 1.605499, 1000,  998, 2, 0.79, 0.83, -0.04,  0,  0,  0
2586420.60226320, 1.141157, 1000,  998, 2, 0.79, 0.83, -0.04,  0,  0,  0
2586420.60476320, -0.054048, 1000,  998, 2, 0.79, 0.83, -0.04,  0,  0,  0
2586420.60726320, -1.351734, 1000,  998, 2, 0.79, 0.83, -0.04,  0,  0,  0
2586420.60976320, -1.753154, 1000,  998, 2, 0.79, 0.83, -0.04,  0,  0,  0
2586420.61226320, -0.847388, 1000,  998, 2, 0.79, 0.83, -0.04,  0,  0,  0
2586420.61476320, -0.583090, 1000,  998, 2, 0.79, 0.83, -0.04,  0,  0,  0
2586420.61726320, 0.759222, 1000,  998, 2, 0.79, 0.83, -0.04,  0,  0,  0
2586420.61976320, 0.767863, 1000,  998, 2, 0.79, 0.83, -0.04,  0,  0,  0
2586420.62226320, 0.640232, 1000,  998, 2, 0.79, 0.83, -0.04,  0,  0,  0
2586420.62476320, 0.280766, 1000,  998, 2, 0.79, 0.83, -0.04,  0,  0,  0
2586420.62726320, -0.932476, 1000,  998, 2, 0.79, 0.83, -0.04,  0,  0,  0
2586420.62976320, -0.983516, 1000,  998, 2, 0.79, 0.83, -0.04,  0,  0,  0
2586420.63226320, -0.867014, 1000,  998, 2, 0.79, 0.83, -0.04,  0,  0,  0
2586420.63476320, -0.539977, 1000,  998, 2, 0.79, 0.83, -0.04,  0,  0,  0
2586420.63726320, -0.085190, 1000,  998, 2, 0.79, 0.83, -0.04,  0,  0,  0
2586420.63976320, 0.655177, 1000,  998, 2, 0.79, 0.83, -0.04,  0,  0,  0
2586420.64226320, 0.358467, 1000,  998, 2, 0.79, 0.83, -0.04,  0,  0,  0
2586420.64476320, -0.173499, 1000,  998, 2, 0.79, 0.83, -0.04,  0,  0,  0
2586420.64726320, -0.662400, 1000,  998, 2, 0.79, 0.83, -0.04,  0,  0,  0
2586420.64976320, -0.940249, 1000,  998, 2, 0.79, 0.83, -0.04,  0,  0,  0
2586420.65226320, -0.884077, 1000,  998, 2, 0.79, 0.83, -0.04,  0,  0,  0
2586420.65476320, -0.021848, 1000,  998, 2, 0.79, 0.83, -0.04,  0,  0,  0
2586420.65726320, 1.065113, 1000,  998, 2, 0.79, 0.83, -0.04,  0,  0,  0
2586420.65976320, 1.332447, 1000,  998, 2, 0.79, 0.83, -0.04,  0,  0,  0
2586420.66226320, 0.577478, 1000,  998, 2, 0.79, 0.83, -0.04,  0,  0,  0
2586420.66476320, 0.164472, 1000,  998, 2, 0.79, 0.83, -0.04,  0,  0,  0
2586420.66726320, -1.365284, 1000,  998, 2, 0.79, 0.83, -0.04,  0,  0,  0
2586420.66976320, -1.500114, 1000,  998, 2, 0.79, 0.83, -0.04,  0,  0,  0
2586420.67226320, -0.651965, 1000,  998, 2, 0.79, 0.83, -0.04,  0,  0,  0
2586420.67476320, -0.166769, 1000,  998, 2, 0.79, 0.83, -0.04,  0,  0,  0
2586420.67726320, 1.376137, 1000,  998, 2, 0.79, 0.83, -0.04,  0,  0,  0
2586420.67976320, 1.448744, 1000,  998, 2, 0.79, 0.83, -0.04,  0,  0,  0
2586420.68476320, 0.522744, 1000,  998, 2, 0.79, 0.83, -0.04,  0,  0,  0
2586420.68726320, -0.657250, 1000,  998, 2, 0.79, 0.83, -0.04,  0,  0,  0
2586420.68976320, -1.009681, 1000,  998, 2, 0.79, 0.83, -0.04,  0,  0,  0
2586420.69226320, -0.128115, 1000,  998, 2, 0.79, 0.83, -0.04,  0,  0,  0
2586420.69476320, 0.066100, 1000,  998, 2, 0.79, 0.83, -0.04,  0,  0,  0
2586420.69726320, 0.755684, 1000,  998, 2, 0.79, 0.83, -0.04,  0,  0,  0
2586420.69976320, 1.330313, 1000,  998, 2, 0.79, 0.83, -0.04,  0,  0,  0
2586420.70226320, 0.934653, 1000,  998, 2, 0.79, 0.83, -0.04,  0,  0,  0
2586420.70476320, 0.057349, 1000,  998, 2, 0.79, 0.83, -0.04,  0,  0,  0
2586420.70726320, -0.546241, 1000,  998, 2, 0.79, 0.83, -0.04,  0,  0,  0
2586420.70976320, -0.773721, 1000,  998, 2, 0.79, 0.83, -0.04,  0,  0,  0
2586420.71226320, -0.249852, 1000,  998, 2, 0.79, 0.83, -0.04,  0,  0,  0
2586420.71476320, 0.439780, 1000,  998, 2, 0.79, 0.83, -0.04,  0,  0,  0
2586420.71726320, 1.129789, 1000,  998, 2, 0.79, 0.83, -0.04,  0,  0,  0
2586420.71976320, 1.310790, 1000,  998, 2, 0.79, 0.83, -0.04,  0,  0,  0
2586420.72226320, 1.303912, 1000,  998, 2, 0.79, 0.83, -0.04,  0,  0,  0
2586420.72476320, 0.323119, 1000,  998, 2, 0.79, 0.83, -0.04,  0,  0,  0
2586420.72726320, -0.412816, 1000,  998, 2, 0.79, 0.83, -0.04,  0,  0,  0
2586420.72976320, -1.298994, 1000,  998, 2, 0.79, 0.83, -0.04,  0,  0,  0
2586420.73226320, -0.363313, 1000,  998, 2, 0.79, 0.83, -0.04,  0,  0,  0
2586420.73476320, -0.063058, 1000,  998, 2, 0.79, 0.83, -0.04,  0,  0,  0
2586420.73726320, 0.803110, 1000,  998, 2, 0.79, 0.83, -0.04,  0,  0,  0
2586420.73976320, 1.341812, 1000,  998, 2, 0.79, 0.83, -0.04,  0,  0,  0
2586420.74226320, 0.363662, 1000,  998, 2, 0.79, 0.83, -0.04,  0,  0,  0
2586420.74476320, -0.119894, 1000,  998, 2, 0.79, 0.83, -0.04,  0,  0,  0
2586420.74726320, -1.524153, 1000,  998, 2, 0.79, 0.83, -0.04,  0,  0,  0
2586420.74976320, -1.627299, 1000,  998, 2, 0.79, 0.83, -0.04,  0,  0,  0
2586420.75226320, -0.716109, 1000,  998, 2, 0.79, 0.83, -0.04,  0,  0,  0
2586420.75476320, -0.548531, 1000,  998, 2, 0.79, 0.83, -0.04,  0,  0,  0
2586420.75726320, 0.044205, 1000,  998, 2, 0.79, 0.83, -0.04,  0,  0,  0
2586420.75976320, 0.837239, 1000,  998, 2, 0.79, 0.83, -0.04,  0,  0,  0
2586420.76226320, 0.220837, 1000,  998, 2, 0.79, 0.83, -0.04,  0,  0,  0
2586420.76476320, -0.742142, 1000,  998, 2, 0.79, 0.83, -0.04,  0,  0,  0
2586420.76726320, -1.274448, 1000,  998, 2, 0.79, 0.83, -0.04,  0,  0,  0
2586420.76976320, -1.404666, 1000,  998, 2, 0.79, 0.83, -0.04,  0,  0,  0
2586420.77226320, -1.361783, 1000,  998, 2, 0.79, 0.83, -0.04,  0,  0,  0
2586420.77476320, -0.948431, 1000,  998, 2, 0.79, 0.83, -0.04,  0,  0,  0
2586420.77726320, -0.247270, 1000,  998, 2, 0.79, 0.83, -0.04,  0,  0,  0
2586420.77976320, 0.823238, 1000,  998, 2, 0.79, 0.83, -0.04,  0,  0,  0
2586420.78226320, 0.716459, 1000,  998, 2, 0.79, 0.83, -0.04,  0,  0,  0
2586420.78476320, 0.523775, 1000,  998, 2, 0.79, 0.83, -0.04,  0,  0,  0
2586420.78726320, -0.824088, 1000,  998, 2, 0.79, 0.83, -0.04,  0,  0,  0
2586420.78976320, -1.251587, 1000,  998, 2, 0.79, 0.83, -0.04,  0,  0,  0
2586420.79226320, -0.714842, 1000,  998, 2, 0.79, 0.83, -0.04,  0,  0,  0
2586420.79476320, 0.590191, 1000,  998, 2, 0.79, 0.83, -0.04,  0,  0,  0
2586420.79726320, 1.768477, 1000,  998, 2, 0.79, 0.83, -0.04,  0,  0,  0
2586420.79976320, 1.782746, 1000,  998, 2, 0.79, 0.83, -0.04,  0,  0,  0
2586420.80226320, 0.588169, 1000,  998, 2, 0.79, 0.83, -0.04,  0,  0,  0
2586420.80476320, 0.149480, 1000,  998, 2, 0.79, 0.83, -0.04,  0,  0,  0
2586420.80726320, -0.750070, 1000,  998, 2, 0.79, 0.83, -0.04,  0,  0,  0
2586420.80976320, -1.111669, 1000,  998, 2, 0.79, 0.83, -0.04,  0,  0,  0
2586420.81226320, -0.828630, 1000,  998, 2, 0.79, 0.83, -0.04,  0,  0,  0
2586420.81476320, -0.169990, 1000,  998, 2, 0.79, 0.83, -0.04,  0,  0,  0
2586420.81726320, 0.742532, 1000,  998, 2, 0.79, 0.83, -0.04,  0,  0,  0
2586420.81976320, 1.354742, 1000,  998, 2, 0.79, 0.83, -0.04,  0,  0,  0
2586420.82226320, 0.925318, 1000,  998, 2, 0.79, 0.83, -0.04,  0,  0,  0
2586420.82476320, -0.114858, 1000,  998, 2, 0.79, 0.83, -0.04,  0,  0,  0
2586420.82726320, -0.577344, 1000,  998, 2, 0.79, 0.83, -0.04,  0,  0,  0
2586420.82976320, -0.955778, 1000,  998, 2, 0.79, 0.83, -0.04,  0,  0,  0
2586420.83226320, -1.334212, 1000,  998, 2, 0.79, 0.83, -0.04,  0,  0,  0
2586420.83476320, 0.178278, 1000,  998, 2, 0.79, 0.83, -0.04,  0,  0,  0
2586420.83726320, 1.001889, 1000,  998, 2, 0.79, 0.83, -0.04,  0,  0,  0
2586420.83976320, 1.289076, 1000,  998, 2, 0.79, 0.83, -0.04,  0,  0,  0
2586420.84226320, 0.913165, 1000,  998, 2, 0.79, 0.83, -0.04,  0,  0,  0
2586420.84476320, 0.221359, 1000,  998, 2, 0.79, 0.83, -0.04,  0,  0,  0
2586420.84726320, -0.508167, 1000,  998, 2, 0.79, 0.83, -0.04,  0,  0,  0
2586420.84976320, -0.962890, 1000,  998, 2, 0.79, 0.83, -0.04,  0,  0,  0
2586420.85226320, -0.243619, 1000,  998, 2, 0.79, 0.83, -0.04,  0,  0,  0
2586420.85476320, 0.652131, 1000,  998, 2, 0.79, 0.83, -0.04,  0,  0,  0
2586420.85726320, 0.788533, 1000,  998, 2, 0.79, 0.83, -0.04,  0,  0,  0
2586420.85976320, 1.101229, 1000,  998, 2, 0.79, 0.83, -0.04,  0,  0,  0
2586420.86226320, 0.482736, 1000,  998, 2, 0.79, 0.83, -0.04,  0,  0,  0
2586420.86476320, -0.398445, 1000,  998, 2, 0.79, 0.83, -0.04,  0,  0,  0
2586420.86976320, -1.400410, 1000,  998, 2, 0.79, 0.83, -0.04,  0,  0,  0
2586420.87226320, -0.908623, 1000,  998, 2, 0.79, 0.83, -0.04,  0,  0,  0
2586420.87476320, 0.705768, 1000,  998, 2, 0.79, 0.83, -0.04,  0,  0,  0
2586420.87726320, 0.852236, 1000,  998, 2, 0.79, 0.83, -0.04,  0,  0,  0
2586420.87976320, 1.504714, 1000,  998, 2, 0.79, 0.83, -0.04,  0,  0,  0
2586420.88226320, 1.304086, 1000,  998, 2, 0.79, 0.83, -0.04,  0,  0,  0
2586420.88476320, 0.402776, 1000,  998, 2, 0.79, 0.83, -0.04,  0,  0,  0
2586420.88726320, 0.017974, 1000,  998, 2, 0.79, 0.83, -0.04,  0,  0,  0
2586420.88976320, -0.366828, 1000,  998, 2, 0.79, 0.83, -0.04,  0,  0,  0
2586420.89226320, -0.521032, 1000,  998, 2, 0.79, 0.83, -0.04,  0,  0,  0
2586420.89476320, 0.288244, 1000,  998, 2, 0.79, 0.83, -0.04,  0,  0,  0
2586420.89726320, 0.995149, 1000,  998, 2, 0.79, 0.83, -0.04,  0,  0,  0
2586420.89976320, 1.235892, 1000,  998, 2, 0.79, 0.83, -0.04,  0,  0,  0
2586420.90226320, 0.640812, 1000,  998, 2, 0.79, 0.83, -0.04,  0,  0,  0
2586420.90476320, -0.046977, 1000,  998, 2, 0.79, 0.83, -0.04,  0,  0,  0
2586420.90726320, -0.571614, 1000,  998, 2, 0.79, 0.83, -0.04,  0,  0,  0
2586420.90976320, -0.902844, 1000,  998, 2, 0.79, 0.83, -0.04,  0,  0,  0
2586420.91226320, -0.340492, 1000,  998, 2, 0.79, 0.83, -0.04,  0,  0,  0
2586420.91476320, 0.930275, 1000,  998, 2, 0.79, 0.83, -0.04,  0,  0,  0
2586420.91726320, 1.155418, 1000,  998, 2, 0.79, 0.83, -0.04,  0,  0,  0
2586420.91976320, 1.611860, 1000,  998, 2, 0.79, 0.83, -0.04,  0,  0,  0
2586420.92226320, 0.559276, 1000,  998, 2, 0.79, 0.83, -0.04,  0,  0,  0
2586420.92476320, -0.587820, 1000,  998, 2, 0.79, 0.83, -0.04,  0,  0,  0
2586420.92726320, -0.676179, 1000,  998, 2, 0.79, 0.83, -0.04,  0,  0,  0
2586420.92976320, -0.798869, 1000,  998, 2, 0.79, 0.83, -0.04,  0,  0,  0
2586420.93226320, 0.054200, 1000,  998, 2, 0.79, 0.83, -0.04,  0,  0,  0
2586420.93476320, 1.240309, 1000,  998, 2, 0.79, 0.83, -0.04,  0,  0,  0
2586420.93726320, 1.307947, 1000,  998, 2, 0.79, 0.83, -0.04,  0,  0,  0
2586420.93976320, 1.553256, 1000,  998, 2, 0.79, 0.83, -0.04,  0,  0,  0
2586420.94226320, 1.197665, 1000,  998, 2, 0.79, 0.83, -0.04,  0,  0,  0
2586420.94476320, 0.381112, 1000,  998, 2, 0.79, 0.83, -0.04,  0,  0,  0
2586420.94726320, -0.497701, 1000,  998, 2, 0.79, 0.83, -0.04,  0,  0,  0
2586420.94976320, -0.975104, 1000,  998, 2, 0.79, 0.83, -0.04,  0,  0,  0
2586420.95226320, -0.781622, 1000,  998, 2, 0.79, 0.83, -0.04,  0,  0,  0
2586420.95476320, 0.265484, 1000,  998, 2, 0.79, 0.83, -0.04,  0,  0,  0
2586420.95726320, 1.257882, 1000,  998, 2, 0.79, 0.83, -0.04,  0,  0,  0
2586420.95976320, 1.541732, 1000,  998, 2, 0.79, 0.83, -0.04,  0,  0,  0
2586420.96226320, 1.256754, 1000,  998, 2, 0.79, 0.83, -0.04,  0,  0,  0
2586420.96476320, -0.473239, 1000,  998, 2, 0.79, 0.83, -0.04,  0,  0,  0
2586420.96726320, -1.744331, 1000,  998, 2, 0.79, 0.83, -0.04,  0,  0,  0
2586420.96976320, -1.425706, 1000,  998, 2, 0.79, 0.83, -0.04,  0,  0,  0
2586420.97226320, -1.175655, 1000,  998, 2, 0.79, 0.83, -0.04,  0,  0,  0
2586420.97476320, -0.330645, 1000,  998, 2, 0.79, 0.83, -0.04,  0,  0,  0
2586420.97726320, 0.518344, 1000,  998, 2, 0.79, 0.83, -0.04,  0,  0,  0
2586420.97976320, 0.825724, 1000,  998, 2, 0.79, 0.83, -0.04,  0,  0,  0
2586420.98226320, -0.382444, 1000,  998, 2, 0.79, 0.83, -0.04,  0,  0,  0
2586420.98476320, -1.122360, 1000,  998, 2, 0.79, 0.83, -0.04,  0,  0,  0
2586420.98726320, -1.133736, 1000,  998, 2, 0.79, 0.83, -0.04,  0,  0,  0
2586420.98976320, -1.235203, 1000,  998, 2, 0.79, 0.83, -0.04,  0,  0,  0
2586420.99226320, -0.957906, 1000,  998, 2, 0.79, 0.83, -0.04,  0,  0,  0
2586420.99476320, 0.474516, 1000,  998, 2, 0.79, 0.83, -0.04,  0,  0,  0
2586420.99726320, 1.168584, 1000,  998, 2, 0.79, 0.83, -0.04,  0,  0,  0
2586420.99976320, 0.739598, 1000,  998, 2, 0.79, 0.83, -0.04,  0,  0,  0
2586421.00226320, 0.376540, 1000,  998, 2, 0.79, 0.83, -0.04,  0,  0,  0
2586421.00476320, -0.540021, 1000,  998, 2, 0.79, 0.83, -0.04,  0,  0,  0
2586421.00726320, -1.170026, 1000,  998, 2, 0.79, 0.83, -0.04,  0,  0,  0
2586421.00976320, -1.650057, 1000,  998, 2, 0.79, 0.83, -0.04,  0,  0,  0
2586421.01226320, -1.176101, 1000,  998, 2, 0.79, 0.83, -0.04,  0,  0,  0
2586421.01476320, -0.351402, 1000,  998, 2, 0.79, 0.83, -0.04,  0,  0,  0
2586421.01726320, 0.394164, 1000,  998, 2, 0.79, 0.83, -0.04,  0,  0,  0
2586421.01976320, 1.013369, 1000,  998, 2, 0.79, 0.83, -0.04,  0,  0,  0
2586421.02226320, 1.010903, 1000,  998, 2, 0.79, 0.83, -0.04,  0,  0,  0
2586421.02476320, 0.172555, 1000,  998, 2, 0.79, 0.83, -0.04,  0,  0,  0
2586421.02726320, -0.609726, 1000,  998, 2, 0.79, 0.83, -0.04,  0,  0,  0
2586421.02976320, -0.985099, 1000,  998, 2, 0.79, 0.83, -0.04,  0,  0,  0
2586421.03226320, -0.608043, 1000,  998, 2, 0.79, 0.83, -0.04,  0,  0,  0
2586421.03476320, 0.588169, 1000,  998, 2, 0.79, 0.83, -0.04,  0,  0,  0
2586421.03726320, 0.856594, 1000,  998, 2, 0.79, 0.83, -0.04,  0,  0,  0
2586421.03976320, 1.171320, 1000,  998, 2, 0.79, 0.83, -0.04,  0,  0,  0
2586421.04226320, 0.486061, 1000,  998, 2, 0.79, 0.83, -0.04,  0,  0,  0
2586421.04476320, -0.545057, 1000,  998, 2, 0.79, 0.83, -0.04,  0,  0,  0
2586421.04726320, -0.888949, 1000,  998, 2, 0.79, 0.83, -0.04,  0,  0,  0
2586421.04976320, -1.094863, 1000,  998, 2, 0.79, 0.83, -0.04,  0,  0,  0
2586421.05476320, 1.272381, 1000,  998, 2, 0.79, 0.83, -0.04,  0,  0,  0
2586421.05726320, 1.499914, 1000,  998, 2, 0.79, 0.83, -0.04,  0,  0,  0
2586421.05976320, 1.590222, 1000,  998, 2, 0.79, 0.83, -0.04,  0,  0,  0
2586421.06226320, 0.783661, 1000,  998, 2, 0.79, 0.83, -0.04,  0,  0,  0
2586421.06476320, -0.062294, 1000,  998, 2, 0.79, 0.83, -0.04,  0,  0,  0
2586421.06726320, -1.022123, 1000,  998, 2, 0.79, 0.83, -0.04,  0,  0,  0
2586421.06976320, -1.475157, 1000,  998, 2, 0.79, 0.83, -0.04,  0,  0,  0
2586421.07226320, -1.332049, 1000,  998, 2, 0.79, 0.83, -0.04,  0,  0,  0
2586421.07476320, 0.392977, 1000,  998, 2, 0.79, 0.83, -0.04,  0,  0,  0
2586421.07726320, 1.545748, 1000,  998, 2, 0.79, 0.83, -0.04,  0,  0,  0
2586421.07976320, 1.541968, 1000,  998, 2, 0.79, 0.83, -0.04,  0,  0,  0
2586421.08226320, 1.499833, 1000,  998, 2, 0.79, 0.83, -0.04,  0,  0,  0
2586421.08476320, 1.457699, 1000,  998, 2, 0.79, 0.83, -0.04,  0,  0,  0
2586421.08726320, -1.447912, 1000,  998, 2, 0.79, 0.83, -0.04,  0,  0,  0
2586421.08976320, -1.229268, 1000,  998, 2, 0.79, 0.83, -0.04,  0,  0,  0
2586421.09226320, -1.229268, 1000,  998, 2, 0.79, 0.83, -0.04,  0,  0,  0
2586421.09476320, -0.635260, 1000,  998, 2, 0.79, 0.83, -0.04,  0,  0,  0
2586421.09726320, 0.176627, 1000,  998, 2, 0.79, 0.83, -0.04,  0,  0,  0
2586421.09976320, 0.772958, 1000,  998, 2, 0.79, 0.83, -0.04,  0,  0,  0
2586421.10226320, 0.152580, 1000,  998, 2, 0.79, 0.83, -0.04,  0,  0,  0
2586421.10476320, -0.065680, 1000,  998, 2, 0.79, 0.83, -0.04,  0,  0,  0
2586421.10726320, -0.960517, 1000,  998, 2, 0.79, 0.83, -0.04,  0,  0,  0
2586421.10976320, -1.393129, 1000,  998, 2, 0.79, 0.83, -0.04,  0,  0,  0
2586421.11226320, -0.701954, 1000,  997, 3, 0.79, 0.83, -0.04,  0,  0,  0
2586421.11476320, -0.445632, 1000,  997, 3, 0.79, 0.83, -0.04,  0,  0,  0
2586421.11726320, 0.710117, 1000,  997, 3, 0.79, 0.83, -0.04,  0,  0,  0
2586421.11976320, 1.052888, 1000,  997, 3, 0.79, 0.83, -0.04,  0,  0,  0
2586421.12226320, 0.023766, 1000,  996, 4, 0.79, 0.83, -0.04,  0,  0,  0
2586421.12476320, -0.186118, 1000,  996, 4, 0.79, 0.83, -0.04,  0,  0,  0
2586421.12726320, -1.014596, 1000,  996, 4, 0.79, 0.83, -0.04,  0,  0,  0
2586421.12976320, -1.165123, 1000,  996, 4, 0.79, 0.83, -0.04,  0,  0,  0
2586421.13226320, -0.764525, 1000,  996, 4, 0.79, 0.83, -0.04,  0,  0,  0
2586421.13476320, 0.076709, 1000,  996, 4, 0.79, 0.83, -0.04,  0,  0,  0
2586421.13726320, 1.230756, 1000,  997, 3, 0.79, 0.83, -0.04,  0,  0,  0
2586421.13976320, 1.740246, 1000,  997, 3, 0.79, 0.83, -0.04,  0,  0,  0
2586421.14226320, 1.700162, 1000,  997, 3, 0.79, 0.83, -0.04,  0,  0,  0
2586421.14476320, 1.660078, 1000,  997, 3, 0.79, 0.83, -0.04,  0,  0,  0
2586421.14726320, 0.107314, 1000,  998, 2, 0.79, 0.83, -0.04,  0,  0,  0
2586421.14976320, -1.378940, 1000,  998, 2, 0.79, 0.83, -0.04,  0,  0,  0
2586421.15226320, -1.378940, 1000,  998, 2, 0.79, 0.83, -0.04,  0,  0,  0
2586421.15476320, -0.280443, 1000,  998, 2, 0.79, 0.83, -0.04,  0,  0,  0
2586421.15726320, 1.118816, 1000,  998, 2, 0.79, 0.83, -0.04,  0,  0,  0
2586421.15976320, 1.361506, 1000,  998, 2, 0.79, 0.83, -0.04,  0,  0,  0
2586421.16226320, 1.228749, 1000,  998, 2, 0.79, 0.83, -0.04,  0,  0,  0
2586421.16476320, 0.354920, 1000,  998, 2, 0.79, 0.83, -0.04,  0,  0,  0
2586421.16726320, -0.248726, 1000,  998, 2, 0.79, 0.83, -0.04,  0,  0,  0
2586421.16976320, -0.527411, 1000,  998, 2, 0.79, 0.83, -0.04,  0,  0,  0
2586421.17226320, -0.256998, 1000,  998, 2, 0.79, 0.83, -0.04,  0,  0,  0
2586421.17476320, -0.012120, 1000,  998, 2, 0.79, 0.83, -0.04,  0,  0,  0
2586421.17726320, 1.020604, 1000,  998, 2, 0.79, 0.83, -0.04,  0,  0,  0
2586421.17976320, 1.493610, 1000,  998, 2, 0.79, 0.83, -0.04,  0,  0,  0
2586421.18476320, 0.271472, 1000,  998, 2, 0.79, 0.83, -0.04,  0,  0,  0
2586421.18726320, -0.957081, 1000,  998, 2, 0.79, 0.83, -0.04,  0,  0,  0
2586421.18976320, -1.130952, 1000,  998, 2, 0.79, 0.83, -0.04,  0,  0,  0
2586421.19226320, -0.374004, 1000,  998, 2, 0.79, 0.83, -0.04,  0,  0,  0
2586421.19476320, -0.374004, 1000,  998, 2, 0.79, 0.83, -0.04,  0,  0,  0
2586421.19726320, 0.850516, 1000,  998, 2, 0.79, 0.83, -0.04,  0,  0,  0
2586421.19976320, 1.310398, 1000,  998, 2, 0.79, 0.83, -0.04,  0,  0,  0
2586421.20226320, 0.300133, 1000,  998, 2, 0.79, 0.83, -0.04,  0,  0,  0
2586421.20476320, 0.171228, 1000,  998, 2, 0.79, 0.83, -0.04,  0,  0,  0
2586421.20726320, 0.171228, 1000,  998, 2, 0.79, 0.83, -0.04,  0,  0,  0
2586421.20976320, 0.171228, 1000,  998, 2, 0.79, 0.83, -0.04,  0,  0,  0
2586421.21226320, -0.331240, 1000,  998, 2, 0.79, 0.83, -0.04,  0,  0,  0
2586421.21476320, -0.331240, 1000,  998, 2, 0.79, 0.83, -0.04,  0,  0,  0
2586421.21726320, -0.331240, 1000,  998, 2, 0.79, 0.83, -0.04,  0,  0,  0
2586421.21976320, -0.331240, 1000,  998, 2, 0.79, 0.83, -0.04,  0,  0,  0
2586421.22226320, -0.042589, 1000,  998, 2, 0.79, 0.83, -0.04,  0,  0,  0
2586421.22476320, -0.042589, 1000,  998, 2, 0.79, 0.83, -0.04,  0,  0,  0
2586421.22726320, -1.678282, 1000,  998, 2, 0.79, 0.83, -0.04,  0,  0,  0
2586421.22976320, -1.678282, 1000,  998, 2, 0.79, 0.83, -0.04,  0,  0,  0
2586421.23226320, -0.341931, 1000,  998, 2, 0.79, 0.83, -0.04,  0,  0,  0
2586421.23476320, -0.129963, 1000,  998, 2, 0.79, 0.83, -0.04,  0,  0,  0
2586421.23726320, 0.633251, 1000,  998, 2, 0.79, 0.83, -0.04,  0,  0,  0
2586421.23976320, 1.112274, 1000,  998, 2, 0.79, 0.83, -0.04,  0,  0,  0
2586421.24226320, 0.491952, 1000,  998, 2, 0.79, 0.83, -0.04,  0,  0,  0
2586421.24476320, 0.272089, 1000,  998, 2, 0.79, 0.83, -0.04,  0,  0,  0
2586421.24726320, -0.728624, 1000,  998, 2, 0.79, 0.83, -0.04,  0,  0,  0
2586421.24976320, -1.039996, 1000,  998, 2, 0.79, 0.83, -0.04,  0,  0,  0
2586421.25226320, -0.566438, 1000,  998, 2, 0.79, 0.83, -0.04,  0,  0,  0
2586421.25476320, -0.566438, 1000,  998, 2, 0.79, 0.83, -0.04,  0,  0,  0
2586421.25726320, 0.106366, 1000,  998, 2, 0.79, 0.83, -0.04,  0,  0,  0
2586421.25976320, 1.064038, 1000,  998, 2, 0.79, 0.83, -0.04,  0,  0,  0
2586421.26226320, 0.708458, 1000,  998, 2, 0.79, 0.83, -0.04,  0,  0,  0
2586421.26476320, 0.406568, 1000,  998, 2, 0.79, 0.83, -0.04,  0,  0,  0
2586421.26726320, -0.188237, 1000,  998, 2, 0.79, 0.83, -0.04,  0,  0,  0
2586421.26976320, -0.899875, 1000,  998, 2, 0.79, 0.83, -0.04,  0,  0,  0
2586421.27226320, -0.591923, 1000,  998, 2, 0.79, 0.83, -0.04,  0,  0,  0
2586421.27476320, -0.205967, 1000,  998, 2, 0.79, 0.83, -0.04,  0,  0,  0
2586421.27726320, 0.400535, 1000,  998, 2, 0.79, 0.83, -0.04,  0,  0,  0
2586421.27976320, 1.691552, 1000,  998, 2, 0.79, 0.83, -0.04,  0,  0,  0
2586421.28226320, 1.753254, 1000,  998, 2, 0.79, 0.83, -0.04,  0,  0,  0
2586421.28476320, 0.434112, 1000,  998, 2, 0.79, 0.83, -0.04,  0,  0,  0
2586421.28726320, -0.973368, 1000,  998, 2, 0.79, 0.83, -0.04,  0,  0,  0
2586421.28976320, -1.190137, 1000,  998, 2, 0.79, 0.83, -0.04,  0,  0,  0
2586421.29226320, -0.406076, 1000,  998, 2, 0.79, 0.83, -0.04,  0,  0,  0
2586421.29476320, -0.036767, 1000,  998, 2, 0.79, 0.83, -0.04,  0,  0,  0
2586421.29726320, 1.067312, 1000,  998, 2, 0.79, 0.83, -0.04,  0,  0,  0
2586421.29976320, 1.339850, 1000,  998, 2, 0.79, 0.83, -0.04,  0,  0,  0
2586421.30226320, 0.898203, 1000,  998, 2, 0.79, 0.83, -0.04,  0,  0,  0
2586421.30476320, 0.454557, 1000,  998, 2, 0.79, 0.83, -0.04,  0,  0,  0
2586421.30726320, -0.891353, 1000,  998, 2, 0.79, 0.83, -0.04,  0,  0,  0
2586421.30976320, -0.903904, 1000,  998, 2, 0.79, 0.83, -0.04,  0,  0,  0
2586421.31226320, -0.277786, 1000,  998, 2, 0.79, 0.83, -0.04,  0,  0,  0
2586421.31476320, -0.052158, 1000,  998, 2, 0.79, 0.83, -0.04,  0,  0,  0
2586421.31726320, 0.639038, 1000,  998, 2, 0.79, 0.83, -0.04,  0,  0,  0
2586421.31976320, 0.743727, 1000,  998, 2, 0.79, 0.83, -0.04,  0,  0,  0
2586421.32226320, 0.325749, 1000,  998, 2, 0.79, 0.83, -0.04,  0,  0,  0
2586421.32476320, -0.157719, 1000,  998, 2, 0.79, 0.83, -0.04,  0,  0,  0
2586421.32726320, -0.622283, 1000,  998, 2, 0.79, 0.83, -0.04,  0,  0,  0
2586421.32976320, -1.214543, 1000,  998, 2, 0.79, 0.83, -0.04,  0,  0,  0
2586421.33226320, -1.397391, 1000,  998, 2, 0.79, 0.83, -0.04,  0,  0,  0
2586421.33476320, -0.829849, 1000,  998, 2, 0.79, 0.83, -0.04,  0,  0,  0
2586421.33726320, -0.095050, 1000,  998, 2, 0.79, 0.83, -0.04,  0,  0,  0
2586421.33976320, 0.620342, 1000,  998, 2, 0.79, 0.83, -0.04,  0,  0,  0
2586421.34226320, 0.003274, 1000,  998, 2, 0.79, 0.83, -0.04,  0,  0,  0
2586421.34476320, -0.723795, 1000,  998, 2, 0.79, 0.83, -0.04,  0,  0,  0
2586421.34726320, -1.268919, 1000,  998, 2, 0.79, 0.83, -0.04,  0,  0,  0
2586421.34976320, -1.411048, 1000,  998, 2, 0.79, 0.83, -0.04,  0,  0,  0
2586421.35226320, -0.942019, 1000,  998, 2, 0.79, 0.83, -0.04,  0,  0,  0
2586421.35476320, 0.336326, 1000,  998, 2, 0.79, 0.83, -0.04,  0,  0,  0
2586421.35726320, 1.005111, 1000,  998, 2, 0.79, 0.83, -0.04,  0,  0,  0
2586421.35976320, 1.083842, 1000,  998, 2, 0.79, 0.83, -0.04,  0,  0,  0
2586421.36226320, 0.673347, 1000,  998, 2, 0.79, 0.83, -0.04,  0,  0,  0
2586421.36476320, -0.571846, 1000,  998, 2, 0.79, 0.83, -0.04,  0,  0,  0
2586421.36976320, -1.252340, 1000,  998, 2, 0.79, 0.83, -0.04,  0,  0,  0
2586421.37226320, -0.954245, 1000,  998, 2, 0.79, 0.83, -0.04,  0,  0,  0
2586421.37476320, -0.233913, 1000,  998, 2, 0.79, 0.83, -0.04,  0,  0,  0
2586421.37726320, 0.773466, 1000,  998, 2, 0.79, 0.83, -0.04,  0,  0,  0
2586421.37976320, 1.603865, 1000,  998, 2, 0.79, 0.83, -0.04,  0,  0,  0
2586421.38226320, 1.529405, 1000,  998, 2, 0.79, 0.83, -0.04,  0,  0,  0
2586421.38476320, 1.197695, 1000,  998, 2, 0.79, 0.83, -0.04,  0,  0,  0
2586421.38726320, 0.865984, 1000,  998, 2, 0.79, 0.83, -0.04,  0,  0,  0
2586421.38976320, 0.353355, 1000,  998, 2, 0.79, 0.83, -0.04,  0,  0,  0
2586421.39226320, -0.328295, 1000,  998, 2, 0.79, 0.83, -0.04,  0,  0,  0
2586421.39476320, -0.331240, 1000,  998, 2, 0.79, 0.83, -0.04,  0,  0,  0
2586421.39726320, -0.331240, 1000,  998, 2, 0.79, 0.83, -0.04,  0,  0,  0
2586421.39976320, 0.277299, 1000,  998, 2, 0.79, 0.83, -0.04,  0,  0,  0
2586421.40226320, 0.888980, 1000,  998, 2, 0.79, 0.83, -0.04,  0,  0,  0
2586421.40476320, 0.045528, 1000,  998, 2, 0.79, 0.83, -0.04,  0,  0,  0
2586421.40726320, -0.884828, 1000,  998, 2, 0.79, 0.83, -0.04,  0,  0,  0
2586421.40976320, -0.918087, 1000,  998, 2, 0.79, 0.83, -0.04,  0,  0,  0
2586421.41226320, -0.021207, 1000,  998, 2, 0.79, 0.83, -0.04,  0,  0,  0
2586421.41476320, 0.336088, 1000,  998, 2, 0.79, 0.83, -0.04,  0,  0,  0
2586421.41726320, 1.305209, 1000,  998, 2, 0.79, 0.83, -0.04,  0,  0,  0
2586421.41976320, 1.425818, 1000,  998, 2, 0.79, 0.83, -0.04,  0,  0,  0
2586421.42226320, 0.919584, 1000,  998, 2, 0.79, 0.83, -0.04,  0,  0,  0
2586421.42476320, 0.474015, 1000,  998, 2, 0.79, 0.83, -0.04,  0,  0,  0
2586421.42726320, -0.601362, 1000,  998, 2, 0.79, 0.83, -0.04,  0,  0,  0
2586421.42976320, -1.151275, 1000,  998, 2, 0.79, 0.83, -0.04,  0,  0,  0
2586421.43226320, -0.726445, 1000,  998, 2, 0.79, 0.83, -0.04,  0,  0,  0
2586421.43476320, 0.004354, 1000,  998, 2, 0.79, 0.83, -0.04,  0,  0,  0
2586421.43726320, 0.726370, 1000,  998, 2, 0.79, 0.83, -0.04,  0,  0,  0
2586421.43976320, 1.130240, 1000,  998, 2, 0.79, 0.83, -0.04,  0,  0,  0
2586421.44226320, 0.956202, 1000,  998, 2, 0.79, 0.83, -0.04,  0,  0,  0
2586421.44476320, 0.484834, 1000,  998, 2, 0.79, 0.83, -0.04,  0,  0,  0
2586421.44726320, 0.095239, 1000,  997, 3, 0.79, 0.83, -0.04,  0,  0,  0
2586421.44976320, -0.294356, 1000,  997, 3, 0.79, 0.83, -0.04,  0,  0,  0
2586421.45226320, -0.406076, 1000,  997, 3, 0.79, 0.83, -0.04,  0,  0,  0
2586421.45476320, 0.170533, 1000,  997, 3, 0.79, 0.83, -0.04,  0,  0,  0
2586421.45726320, 1.074884, 1000,  996, 4, 0.79, 0.83, -0.04,  0,  0,  0
2586421.45976320, 0.930275, 1000,  996, 4, 0.79, 0.83, -0.04,  0,  0,  0
2586421.46226320, 0.930275, 1000,  996, 4, 0.79, 0.83, -0.04,  0,  0,  0
2586421.46476320, 0.306618, 1000,  996, 4, 0.79, 0.83, -0.04,  0,  0,  0
2586421.46726320, -1.076601, 1000,  996, 4, 0.79, 0.83, -0.04,  0,  0,  0
2586421.46976320, -1.389134, 1000,  996, 4, 0.79, 0.83, -0.04,  0,  0,  0
2586421.47226320, -0.564460, 1000,  997, 3, 0.79, 0.83, -0.04,  0,  0,  0
2586421.47476320, 0.598860, 1000,  997, 3, 0.79, 0.83, -0.04,  0,  0,  0
2586421.47726320, 0.651618, 1000,  997, 3, 0.79, 0.83, -0.04,  0,  0,  0
2586421.47976320, 1.133401, 1000,  998, 2, 0.79, 0.83, -0.04,  0,  0,  0
2586421.48226320, 0.803267, 1000,  998, 2, 0.79, 0.83, -0.04,  0,  0,  0
2586421.48476320, -0.519314, 1000,  998, 2, 0.79, 0.83, -0.04,  0,  0,  0
2586421.48726320, -1.576603, 1000,  998, 2, 0.79, 0.83, -0.04,  0,  0,  0
2586421.48976320, -1.453775, 1000,  998, 2, 0.79, 0.83, -0.04,  0,  0,  0
2586421.49226320, -1.196796, 1000,  998, 2, 0.79, 0.83, -0.04,  0,  0,  0
2586421.49476320, 0.047402, 1000,  998, 2, 0.79, 0.83, -0.04,  0,  0,  0
2586421.49726320, 0.928473, 1000,  998, 2, 0.79, 0.83, -0.04,  0,  0,  0
2586421.49976320, 1.440123, 1000,  998, 2, 0.79, 0.83, -0.04,  0,  0,  0
2586421.50226320, 1.416751, 1000,  998, 2, 0.79, 0.83, -0.04,  0,  0,  0
2586421.50476320, 0.205873, 1000,  998, 2, 0.79, 0.83, -0.04,  0,  0,  0
2586421.50726320, -0.624746, 1000,  998, 2, 0.79, 0.83, -0.04,  0,  0,  0
2586421.50976320, -0.991110, 1000,  998, 2, 0.79, 0.83, -0.04,  0,  0,  0
2586421.51226320, -1.130051, 1000,  998, 2, 0.79, 0.83, -0.04,  0,  0,  0
2586421.51476320, 0.180678, 1000,  998, 2, 0.79, 0.83, -0.04,  0,  0,  0
2586421.51726320, 1.455129, 1000,  998, 2, 0.79, 0.83, -0.04,  0,  0,  0
2586421.51976320, 1.452749, 1000,  998, 2, 0.79, 0.83, -0.04,  0,  0,  0
2586421.52226320, 0.850641, 1000,  998, 2, 0.79, 0.83, -0.04,  0,  0,  0
2586421.52476320, -0.105006, 1000,  998, 2, 0.79, 0.83, -0.04,  0,  0,  0
2586421.52726320, -0.625556, 1000,  998, 2, 0.79, 0.83, -0.04,  0,  0,  0
2586421.52976320, -0.531426, 1000,  998, 2, 0.79, 0.83, -0.04,  0,  0,  0
2586421.53226320, -0.210846, 1000,  998, 2, 0.79, 0.83, -0.04,  0,  0,  0
2586421.53476320, 0.834058, 1000,  998, 2, 0.79, 0.83, -0.04,  0,  0,  0
2586421.53726320, 0.926953, 1000,  998, 2, 0.79, 0.83, -0.04,  0,  0,  0
2586421.53976320, 1.149507, 1000,  998, 2, 0.79, 0.83, -0.04,  0,  0,  0
2586421.54226320, 0.400381, 1000,  998, 2, 0.79, 0.83, -0.04,  0,  0,  0
2586421.54476320, -0.780254, 1000,  998, 2, 0.79, 0.83, -0.04,  0,  0,  0
2586421.54726320, -0.947088, 1000,  998, 2, 0.79, 0.83, -0.04,  0,  0,  0
2586421.54976320, -1.146902, 1000,  998, 2, 0.79, 0.83, -0.04,  0,  0,  0
2586421.55476320, 0.684387, 1000,  998, 2, 0.79, 0.83, -0.04,  0,  0,  0
2586421.55726320, 0.871543, 1000,  998, 2, 0.79, 0.83, -0.04,  0,  0,  0
2586421.55976320, 1.179298, 1000,  998, 2, 0.79, 0.83, -0.04,  0,  0,  0
2586421.56226320, 0.059772, 1000,  998, 2, 0.79, 0.83, -0.04,  0,  0,  0
2586421.56476320, -1.336176, 1000,  998, 2, 0.79, 0.83, -0.04,  0,  0,  0
2586421.56726320, -1.401386, 1000,  998, 2, 0.79, 0.83, -0.04,  0,  0,  0
2586421.56976320, -1.526105, 1000,  998, 2, 0.79, 0.83, -0.04,  0,  0,  0
2586421.57226320, -1.303845, 1000,  998, 2, 0.79, 0.83, -0.04,  0,  0,  0
2586421.57476320, -0.168376, 1000,  998, 2, 0.79, 0.83, -0.04,  0,  0,  0
2586421.57726320, 1.147270, 1000,  998, 2, 0.79, 0.83, -0.04,  0,  0,  0
2586421.57976320, 1.398917, 1000,  998, 2, 0.79, 0.83, -0.04,  0,  0,  0
2586421.58226320, 1.410897, 1000,  998, 2, 0.79, 0.83, -0.04,  0,  0,  0
2586421.58476320, 1.218548, 1000,  998, 2, 0.79, 0.83, -0.04,  0,  0,  0
2586421.58726320, -0.990178, 1000,  998, 2, 0.79, 0.83, -0.04,  0,  0,  0
2586421.58976320, -1.247734, 1000,  998, 2, 0.79, 0.83, -0.04,  0,  0,  0
2586421.59226320, -1.096253, 1000,  998, 2, 0.79, 0.83, -0.04,  0,  0,  0
2586421.59476320, 0.153793, 1000,  998, 2, 0.79, 0.83, -0.04,  0,  0,  0
2586421.59726320, 1.101549, 1000,  998, 2, 0.79, 0.83, -0.04,  0,  0,  0
2586421.59976320, 1.005111, 1000,  998, 2, 0.79, 0.83, -0.04,  0,  0,  0
2586421.60226320, 0.721656, 1000,  998, 2, 0.79, 0.83, -0.04,  0,  0,  0
2586421.60476320, -0.514794, 1000,  998, 2, 0.79, 0.83, -0.04,  0,  0,  0
2586421.60726320, -1.313762, 1000,  998, 2, 0.79, 0.83, -0.04,  0,  0,  0
2586421.60976320, -1.090288, 1000,  998, 2, 0.79, 0.83, -0.04,  0,  0,  0
2586421.61226320, -0.686580, 1000,  998, 2, 0.79, 0.83, -0.04,  0,  0,  0
2586421.61476320, 0.400524, 1000,  998, 2, 0.79, 0.83, -0.04,  0,  0,  0
2586421.61726320, 1.384021, 1000,  998, 2, 0.79, 0.83, -0.04,  0,  0,  0
2586421.61976320, 1.550342, 1000,  998, 2, 0.79, 0.83, -0.04,  0,  0,  0
2586421.62226320, 1.235683, 1000,  998, 2, 0.79, 0.83, -0.04,  0,  0,  0
2586421.62476320, -0.186385, 1000,  998, 2, 0.79, 0.83, -0.04,  0,  0,  0
2586421.62726320, -1.450452, 1000,  998, 2, 0.79, 0.83, -0.04,  0,  0,  0
2586421.62976320, -1.389630, 1000,  998, 2, 0.79, 0.83, -0.04,  0,  0,  0
2586421.63226320, -1.381408, 1000,  998, 2, 0.79, 0.83, -0.04,  0,  0,  0
2586421.63476320, 0.983729, 1000,  998, 2, 0.79, 0.83, -0.04,  0,  0,  0
2586421.63726320, 1.050905, 1000,  998, 2, 0.79, 0.83, -0.04,  0,  0,  0
2586421.63976320, 1.261938, 1000,  998, 2, 0.79, 0.83, -0.04,  0,  0,  0
2586421.64226320, 1.168517, 1000,  998, 2, 0.79, 0.83, -0.04,  0,  0,  0
2586421.64476320, 0.490325, 1000,  998, 2, 0.79, 0.83, -0.04,  0,  0,  0
2586421.64726320, -0.297098, 1000,  998, 2, 0.79, 0.83, -0.04,  0,  0,  0
2586421.64976320, -0.621583, 1000,  998, 2, 0.79, 0.83, -0.04,  0,  0,  0
2586421.65226320, -0.804987, 1000,  998, 2, 0.79, 0.83, -0.04,  0,  0,  0
2586421.65476320, 0.090527, 1000,  998, 2, 0.79, 0.83, -0.04,  0,  0,  0
2586421.65726320, 0.974467, 1000,  998, 2, 0.79, 0.83, -0.04,  0,  0,  0
2586421.65976320, 1.058565, 1000,  998, 2, 0.79, 0.83, -0.04,  0,  0,  0
2586421.66226320, 1.058565, 1000,  998, 2, 0.79, 0.83, -0.04,  0,  0,  0
2586421.66476320, -0.256902, 1000,  998, 2, 0.79, 0.83, -0.04,  0,  0,  0
2586421.66726320, -1.137176, 1000,  998, 2, 0.79, 0.83, -0.04,  0,  0,  0
2586421.66976320, -1.068906, 1000,  998, 2, 0.79, 0.83, -0.04,  0,  0,  0
2586421.67226320, -0.608099, 1000,  998, 2, 0.79, 0.83, -0.04,  0,  0,  0
2586421.67476320, 0.287238, 1000,  998, 2, 0.79, 0.83, -0.04,  0,  0,  0
2586421.67726320, 0.882829, 1000,  998, 2, 0.79, 0.83, -0.04,  0,  0,  0
2586421.67976320, 0.834824, 1000,  998, 2, 0.79, 0.83, -0.04,  0,  0,  0
2586421.68476320, -1.073023, 1000,  998, 2, 0.79, 0.83, -0.04,  0,  0,  0
2586421.68726320, -1.637224, 1000,  998, 2, 0.79, 0.83, -0.04,  0,  0,  0
2586421.68976320, -1.357558, 1000,  998, 2, 0.79, 0.83, -0.04,  0,  0,  0
2586421.69226320, -1.155295, 1000,  998, 2, 0.79, 0.83, -0.04,  0,  0,  0
2586421.69476320, -0.605187, 1000,  998, 2, 0.79, 0.83, -0.04,  0,  0,  0
2586421.69726320, 1.368223, 1000,  998, 2, 0.79, 0.83, -0.04,  0,  0,  0
2586421.69976320, 1.445883, 1000,  998, 2, 0.79, 0.83, -0.04,  0,  0,  0
2586421.70226320, 1.131644, 1000,  998, 2, 0.79, 0.83, -0.04,  0,  0,  0
2586421.70476320, 0.393886, 1000,  998, 2, 0.79, 0.83, -0.04,  0,  0,  0
2586421.70726320, -0.343872, 1000,  998, 2, 0.79, 0.83, -0.04,  0,  0,  0
2586421.70976320, -1.082657, 1000,  998, 2, 0.79, 0.83, -0.04,  0,  0,  0
2586421.71226320, -1.384182, 1000,  998, 2, 0.79, 0.83, -0.04,  0,  0,  0
2586421.71476320, -0.418230, 1000,  998, 2, 0.79, 0.83, -0.04,  0,  0,  0
2586421.71726320, 0.460245, 1000,  998, 2, 0.79, 0.83, -0.04,  0,  0,  0
2586421.71976320, 1.173494, 1000,  998, 2, 0.79, 0.83, -0.04,  0,  0,  0
2586421.72226320, 0.820483, 1000,  998, 2, 0.79, 0.83, -0.04,  0,  0,  0
2586421.72476320, -0.844399, 1000,  998, 2, 0.79, 0.83, -0.04,  0,  0,  0
2586421.72726320, -0.844399, 1000,  998, 2, 0.79, 0.83, -0.04,  0,  0,  0
2586421.72976320, -0.792715, 1000,  998, 2, 0.79, 0.83, -0.04,  0,  0,  0
2586421.73226320, -0.433181, 1000,  998, 2, 0.79, 0.83, -0.04,  0,  0,  0
2586421.73476320, 0.344249, 1000,  998, 2, 0.79, 0.83, -0.04,  0,  0,  0
2586421.73726320, 1.195641, 1000,  998, 2, 0.79, 0.83, -0.04,  0,  0,  0
2586421.73976320, 1.293399, 1000,  998, 2, 0.79, 0.83, -0.04,  0,  0,  0
2586421.74226320, 0.278461, 1000,  998, 2, 0.79, 0.83, -0.04,  0,  0,  0
2586421.74476320, -0.619892, 1000,  998, 2, 0.79, 0.83, -0.04,  0,  0,  0
2586421.74726320, -0.935410, 1000,  998, 2, 0.79, 0.83, -0.04,  0,  0,  0
2586421.74976320, -0.870809, 1000,  998, 2, 0.79, 0.83, -0.04,  0,  0,  0
2586421.75226320, 0.203300, 1000,  998, 2, 0.79, 0.83, -0.04,  0,  0,  0
2586421.75476320, 0.203300, 1000,  998, 2, 0.79, 0.83, -0.04,  0,  0,  0
2586421.75726320, 0.966218, 1000,  998, 2, 0.79, 0.83, -0.04,  0,  0,  0
2586421.75976320, 1.443551, 1000,  998, 2, 0.79, 0.83, -0.04,  0,  0,  0
2586421.76226320, 0.728299, 1000,  998, 2, 0.79, 0.83, -0.04,  0,  0,  0
2586421.76476320, 0.109337, 1000,  998, 2, 0.79, 0.83, -0.04,  0,  0,  0
2586421.76726320, -0.153215, 1000,  998, 2, 0.79, 0.83, -0.04,  0,  0,  0
2586421.76976320, -0.415767, 1000,  998, 2, 0.79, 0.83, -0.04,  0,  0,  0
2586421.77226320, -0.678319, 1000,  998, 2, 0.79, 0.83, -0.04,  0,  0,  0
2586421.77476320, -0.357243, 1000,  998, 2, 0.79, 0.83, -0.04,  0,  0,  0
2586421.77726320, 0.884161, 1000,  998, 2, 0.79, 0.83, -0.04,  0,  0,  0
2586421.77976320, 1.087175, 1000,  998, 2, 0.79, 0.83, -0.04,  0,  0,  0
2586421.78226320, 1.231549, 1000,  998, 2, 0.79, 0.83, -0.04,  0,  0,  0
2586421.78476320, 0.766059, 1000,  998, 2, 0.79, 0.83, -0.04,  0,  0,  0
2586421.78726320, 0.013124, 1000,  998, 2, 0.79, 0.83, -0.04,  0,  0,  0
2586421.78976320, -1.365216, 1000,  998, 2, 0.79, 0.83, -0.04,  0,  0,  0
2586421.79226320, -1.432351, 1000,  998, 2, 0.79, 0.83, -0.04,  0,  0,  0
2586421.79476320, -0.223104, 1000,  998, 2, 0.79, 0.83, -0.04,  0,  0,  0
2586421.79726320, 0.901107, 1000,  998, 2, 0.79, 0.83, -0.04,  0,  0,  0
2586421.79976320, 1.179405, 1000,  998, 2, 0.79, 0.83, -0.04,  0,  0,  0
2586421.80226320, 0.117774, 1000,  998, 2, 0.79, 0.83, -0.04,  0,  0,  0
2586421.80476320, -0.255953, 1000,  998, 2, 0.79, 0.83, -0.04,  0,  0,  0
2586421.80726320, -1.319118, 1000,  998, 2, 0.79, 0.83, -0.04,  0,  0,  0
2586421.80976320, -1.321853, 1000,  998, 2, 0.79, 0.83, -0.04,  0,  0,  0
2586421.81226320, 0.085701, 1000,  998, 2, 0.79, 0.83, -0.04,  0,  0,  0
2586421.81476320, 0.262349, 1000,  998, 2, 0.79, 0.83, -0.04,  0,  0,  0
2586421.81726320, 0.934220, 1000,  998, 2, 0.79, 0.83, -0.04,  0,  0,  0
2586421.81976320, 1.163670, 1000,  998, 2, 0.79, 0.83, -0.04,  0,  0,  0
2586421.82226320, 0.053629, 1000,  998, 2, 0.79, 0.83, -0.04,  0,  0,  0
2586421.82476320, -0.043474, 1000,  998, 2, 0.79, 0.83, -0.04,  0,  0,  0
2586421.82726320, -0.640225, 1000,  998, 2, 0.79, 0.83, -0.04,  0,  0,  0
2586421.82976320, -1.236975, 1000,  998, 2, 0.79, 0.83, -0.04,  0,  0,  0
2586421.83226320, -0.527824, 1000,  998, 2, 0.79, 0.83, -0.04,  0,  0,  0
2586421.83476320, 0.309474, 1000,  998, 2, 0.79, 0.83, -0.04,  0,  0,  0
2586421.83726320, 1.154866, 1000,  998, 2, 0.79, 0.83, -0.04,  0,  0,  0
2586421.83976320, 1.395587, 1000,  998, 2, 0.79, 0.83, -0.04,  0,  0,  0
2586421.84226320, 1.315660, 1000,  998, 2, 0.79, 0.83, -0.04,  0,  0,  0
2586421.84476320, 0.820349, 1000,  998, 2, 0.79, 0.83, -0.04,  0,  0,  0
2586421.84726320, -1.272032, 1000,  998, 2, 0.79, 0.83, -0.04,  0,  0,  0
2586421.84976320, -1.272032, 1000,  998, 2, 0.79, 0.83, -0.04,  0,  0,  0
2586421.85226320, -0.684037, 1000,  998, 2, 0.79, 0.83, -0.04,  0,  0,  0
2586421.85476320, -0.219099, 1000,  998, 2, 0.79, 0.83, -0.04,  0,  0,  0
2586421.85726320, 1.098637, 1000,  998, 2, 0.79, 0.83, -0.04,  0,  0,  0
2586421.85976320, 1.222709, 1000,  998, 2, 0.79, 0.83, -0.04,  0,  0,  0
2586421.86226320, -0.042589, 1000,  998, 2, 0.79, 0.83, -0.04,  0,  0,  0
2586421.86476320, -0.366436, 1000,  998, 2, 0.79, 0.83, -0.04,  0,  0,  0
2586421.86976320, -0.811991, 1000,  998, 2, 0.79, 0.83, -0.04,  0,  0,  0
2586421.87226320, -0.224332, 1000,  998, 2, 0.79, 0.83, -0.04,  0,  0,  0
2586421.87476320, 0.174814, 1000,  998, 2, 0.79, 0.83, -0.04,  0,  0,  0
2586421.87726320, 0.937510, 1000,  998, 2, 0.79, 0.83, -0.04,  0,  0,  0
2586421.87976320, 1.222708, 1000,  998, 2, 0.79, 0.83, -0.04,  0,  0,  0
2586421.88226320, -0.010516, 1000,  998, 2, 0.79, 0.83, -0.04,  0,  0,  0
2586421.88476320, -0.188660, 1000,  998, 2, 0.79, 0.83, -0.04,  0,  0,  0
2586421.88726320, -0.964663, 1000,  998, 2, 0.79, 0.83, -0.04,  0,  0,  0
2586421.88976320, -1.053410, 1000,  998, 2, 0.79, 0.83, -0.04,  0,  0,  0
2586421.89226320, -1.007762, 1000,  998, 2, 0.79, 0.83, -0.04,  0,  0,  0
2586421.89476320, -0.962115, 1000,  998, 2, 0.79, 0.83, -0.04,  0,  0,  0
2586421.89726320, 0.385609, 1000,  998, 2, 0.79, 0.83, -0.04,  0,  0,  0
2586421.89976320, 1.097129, 1000,  998, 2, 0.79, 0.83, -0.04,  0,  0,  0
2586421.90226320, 0.898044, 1000,  998, 2, 0.79, 0.83, -0.04,  0,  0,  0
2586421.90476320, 0.518102, 1000,  998, 2, 0.79, 0.83, -0.04,  0,  0,  0
2586421.90726320, -1.250650, 1000,  998, 2, 0.79, 0.83, -0.04,  0,  0,  0
2586421.90976320, -1.250650, 1000,  998, 2, 0.79, 0.83, -0.04,  0,  0,  0
2586421.91226320, -0.725683, 1000,  998, 2, 0.79, 0.83, -0.04,  0,  0,  0
2586421.91476320, 0.739624, 1000,  998, 2, 0.79, 0.83, -0.04,  0,  0,  0
2586421.91726320, 1.507579, 1000,  998, 2, 0.79, 0.83, -0.04,  0,  0,  0
2586421.91976320, 1.390487, 1000,  998, 2, 0.79, 0.83, -0.04,  0,  0,  0
2586421.92226320, 0.864082, 1000,  998, 2, 0.79, 0.83, -0.04,  0,  0,  0
2586421.92476320, -0.060974, 1000,  998, 2, 0.79, 0.83, -0.04,  0,  0,  0
2586421.92726320, -1.010715, 1000,  998, 2, 0.79, 0.83, -0.04,  0,  0,  0
2586421.92976320, -1.397175, 1000,  998, 2, 0.79, 0.83, -0.04,  0,  0,  0
2586421.93226320, -0.933881, 1000,  998, 2, 0.79, 0.83, -0.04,  0,  0,  0
2586421.93476320, -0.056896, 1000,  998, 2, 0.79, 0.83, -0.04,  0,  0,  0
2586421.93726320, 1.063401, 1000,  998, 2, 0.79, 0.83, -0.04,  0,  0,  0
2586421.93976320, 1.409955, 1000,  998, 2, 0.79, 0.83, -0.04,  0,  0,  0
2586421.94226320, 1.076171, 1000,  998, 2, 0.79, 0.83, -0.04,  0,  0,  0
2586421.94476320, 0.276664, 1000,  998, 2, 0.79, 0.83, -0.04,  0,  0,  0
2586421.94726320, -0.927013, 1000,  998, 2, 0.79, 0.83, -0.04,  0,  0,  0
2586421.94976320, -1.097292, 1000,  998, 2, 0.79, 0.83, -0.04,  0,  0,  0
2586421.95226320, -1.267571, 1000,  998, 2, 0.79, 0.83, -0.04,  0,  0,  0
2586421.95476320, -0.260825, 1000,  998, 2, 0.79, 0.83, -0.04,  0,  0,  0
2586421.95726320, 1.052169, 1000,  998, 2, 0.79, 0.83, -0.04,  0,  0,  0
2586421.95976320, 0.986054, 1000,  998, 2, 0.79, 0.83, -0.04,  0,  0,  0
2586421.96226320, 0.919939, 1000,  998, 2, 0.79, 0.83, -0.04,  0,  0,  0
2586421.96476320, -0.290845, 1000,  998, 2, 0.79, 0.83, -0.04,  0,  0,  0
2586421.96726320, -1.351584, 1000,  998, 2, 0.79, 0.83, -0.04,  0,  0,  0
2586421.96976320, -1.525179, 1000,  998, 2, 0.79, 0.83, -0.04,  0,  0,  0
2586421.97226320, -0.840135, 1000,  998, 2, 0.79, 0.83, -0.04,  0,  0,  0
2586421.97476320, 0.552538, 1000,  998, 2, 0.79, 0.83, -0.04,  0,  0,  0
2586421.97726320, 1.256083, 1000,  998, 2, 0.79, 0.83, -0.04,  0,  0,  0
2586421.97976320, 0.987281, 1000,  998, 2, 0.79, 0.83, -0.04,  0,  0,  0
2586421.98226320, 0.867560, 1000,  998, 2, 0.79, 0.83, -0.04,  0,  0,  0
2586421.98476320, 0.129200, 1000,  998, 2, 0.79, 0.83, -0.04,  0,  0,  0
2586421.98726320, -0.571327, 1000,  998, 2, 0.79, 0.83, -0.04,  0,  0,  0
2586421.98976320, -0.662655, 1000,  998, 2, 0.79, 0.83, -0.04,  0,  0,  0
2586421.99226320, -0.507287, 1000,  998, 2, 0.79, 0.83, -0.04,  0,  0,  0
2586421.99476320, 0.380670, 1000,  998, 2, 0.79, 0.83, -0.04,  0,  0,  0
2586421.99726320, 1.282162, 1000,  998, 2, 0.79, 0.83, -0.04,  0,  0,  0
2586421.99976320, 1.336842, 1000,  998, 2, 0.79, 0.83, -0.04,  0,  0,  0
2586422.00226320, 0.957333, 1000,  998, 2, 0.79, 0.83, -0.04,  0,  0,  0
2586422.00476320, 0.198181, 1000,  998, 2, 0.79, 0.83, -0.04,  0,  0,  0
2586422.00726320, -0.622061, 1000,  998, 2, 0.79, 0.83, -0.04,  0,  0,  0
2586422.00976320, -0.761896, 1000,  998, 2, 0.79, 0.83, -0.04,  0,  0,  0
2586422.01226320, -0.711536, 1000,  998, 2, 0.79, 0.83, -0.04,  0,  0,  0
2586422.01476320, -0.661176, 1000,  998, 2, 0.79, 0.83, -0.04,  0,  0,  0
2586422.01726320, -0.610817, 1000,  998, 2, 0.79, 0.83, -0.04,  0,  0,  0
2586422.01976320, 1.336526, 1000,  998, 2, 0.79, 0.83, -0.04,  0,  0,  0
2586422.02226320, 1.336526, 1000,  998, 2, 0.79, 0.83, -0.04,  0,  0,  0
2586422.02476320, 1.336526, 1000,  998, 2, 0.79, 0.83, -0.04,  0,  0,  0
2586422.02726320, 0.420275, 1000,  998, 2, 0.79, 0.83, -0.04,  0,  0,  0
2586422.02976320, -1.114959, 1000,  998, 2, 0.79, 0.83, -0.04,  0,  0,  0
2586422.03226320, -0.956431, 1000,  998, 2, 0.79, 0.83, -0.04,  0,  0,  0
2586422.03476320, 1.005111, 1000,  998, 2, 0.79, 0.83, -0.04,  0,  0,  0
2586422.03726320, 1.123864, 1000,  998, 2, 0.79, 0.83, -0.04,  0,  0,  0
2586422.03976320, 1.343594, 1000,  998, 2, 0.79, 0.83, -0.04,  0,  0,  0
2586422.04226320, 0.563921, 1000,  998, 2, 0.79, 0.83, -0.04,  0,  0,  0
2586422.04476320, -0.855090, 1000,  998, 2, 0.79, 0.83, -0.04,  0,  0,  0
2586422.04726320, -1.020897, 1000,  998, 2, 0.79, 0.83, -0.04,  0,  0,  0
2586422.04976320, -1.548640, 1000,  998, 2, 0.79, 0.83, -0.04,  0,  0,  0
2586422.05476320, 0.331590, 1000,  998, 2, 0.79, 0.83, -0.04,  0,  0,  0
2586422.05726320, 0.586654, 1000,  998, 2, 0.79, 0.83, -0.04,  0,  0,  0
2586422.05976320, 1.122307, 1000,  998, 2, 0.79, 0.83, -0.04,  0,  0,  0
2586422.06226320, 0.679130, 1000,  998, 2, 0.79, 0.83, -0.04,  0,  0,  0
2586422.06476320, -0.407822, 1000,  998, 2, 0.79, 0.83, -0.04,  0,  0,  0
2586422.06726320, -1.431931, 1000,  998, 2, 0.79, 0.83, -0.04,  0,  0,  0
2586422.06976320, -1.491603, 1000,  998, 2, 0.79, 0.83, -0.04,  0,  0,  0
2586422.07226320, -1.274862, 1000,  998, 2, 0.79, 0.83, -0.04,  0,  0,  0
2586422.07476320, -0.019866, 1000,  998, 2, 0.79, 0.83, -0.04,  0,  0,  0
2586422.07726320, 0.575479, 1000,  998, 2, 0.79, 0.83, -0.04,  0,  0,  0
2586422.07976320, 0.834318, 1000,  998, 2, 0.79, 0.83, -0.04,  0,  0,  0
2586422.08226320, 0.708641, 1000,  998, 2, 0.79, 0.83, -0.04,  0,  0,  0
2586422.08476320, 0.582964, 1000,  998, 2, 0.79, 0.83, -0.04,  0,  0,  0
2586422.08726320, -0.030677, 1000,  998, 2, 0.79, 0.83, -0.04,  0,  0,  0
2586422.08976320, -1.241396, 1000,  998, 2, 0.79, 0.83, -0.04,  0,  0,  0
2586422.09226320, -0.856350, 1000,  998, 2, 0.79, 0.83, -0.04,  0,  0,  0
2586422.09476320, -0.332782, 1000,  998, 2, 0.79, 0.83, -0.04,  0,  0,  0
2586422.09726320, 0.397790, 1000,  998, 2, 0.79, 0.83, -0.04,  0,  0,  0
2586422.09976320, 1.365419, 1000,  998, 2, 0.79, 0.83, -0.04,  0,  0,  0
2586422.10226320, 0.440025, 1000,  998, 2, 0.79, 0.83, -0.04,  0,  0,  0
2586422.10476320, -0.961998, 1000,  998, 2, 0.79, 0.83, -0.04,  0,  0,  0
2586422.10726320, -1.119121, 1000,  998, 2, 0.79, 0.83, -0.04,  0,  0,  0
2586422.10976320, -1.179273, 1000,  998, 2, 0.79, 0.83, -0.04,  0,  0,  0
2586422.11226320, -0.418882, 1000,  998, 2, 0.79, 0.83, -0.04,  0,  0,  0
2586422.11476320, 0.719851, 1000,  998, 2, 0.79, 0.83, -0.04,  0,  0,  0
2586422.11726320, 1.540547, 1000,  998, 2, 0.79, 0.83, -0.04,  0,  0,  0
2586422.11976320, 1.550342, 1000,  998, 2, 0.79, 0.83, -0.04,  0,  0,  0
2586422.12226320, 1.162268, 1000,  998, 2, 0.79, 0.83, -0.04,  0,  0,  0
2586422.12476320, -0.255925, 1000,  998, 2, 0.79, 0.83, -0.04,  0,  0,  0
2586422.12726320, -0.897431, 1000,  998, 2, 0.79, 0.83, -0.04,  0,  0,  0
2586422.12976320, -0.934578, 1000,  998, 2, 0.79, 0.83, -0.04,  0,  0,  0
2586422.13226320, -0.233173, 1000,  998, 2, 0.79, 0.83, -0.04,  0,  0,  0
2586422.13476320, 0.695077, 1000,  998, 2, 0.79, 0.83, -0.04,  0,  0,  0
2586422.13726320, 0.695077, 1000,  998, 2, 0.79, 0.83, -0.04,  0,  0,  0
2586422.13976320, 0.828437, 1000,  998, 2, 0.79, 0.83, -0.04,  0,  0,  0
2586422.14226320, 0.970572, 1000,  998, 2, 0.79, 0.83, -0.04,  0,  0,  0
2586422.14476320, -0.890552, 1000,  998, 2, 0.79, 0.83, -0.04,  0,  0,  0
2586422.14726320, -1.158794, 1000,  998, 2, 0.79, 0.83, -0.04,  0,  0,  0
2586422.14976320, -1.422056, 1000,  998, 2, 0.79, 0.83, -0.04,  0,  0,  0
2586422.15226320, -1.439831, 1000,  998, 2, 0.79, 0.83, -0.04,  0,  0,  0
2586422.15476320, -0.944235, 1000,  998, 2, 0.79, 0.83, -0.04,  0,  0,  0
2586422.15726320, 0.795010, 1000,  998, 2, 0.79, 0.83, -0.04,  0,  0,  0
2586422.15976320, 1.164211, 1000,  998, 2, 0.79, 0.83, -0.04,  0,  0,  0
2586422.16226320, 0.513388, 1000,  998, 2, 0.79, 0.83, -0.04,  0,  0,  0
2586422.16476320, -0.462197, 1000,  998, 2, 0.79, 0.83, -0.04,  0,  0,  0
2586422.16726320, -1.104746, 1000,  998, 2, 0.79, 0.83, -0.04,  0,  0,  0
2586422.16976320, -1.160972, 1000,  998, 2, 0.79, 0.83, -0.04,  0,  0,  0
2586422.17226320, -0.098339, 1000,  998, 2, 0.79, 0.83, -0.04,  0,  0,  0
2586422.17476320, 0.706309, 1000,  998, 2, 0.79, 0.83, -0.04,  0,  0,  0
2586422.17726320, 1.077072, 1000,  998, 2, 0.79, 0.83, -0.04,  0,  0,  0
2586422.17976320, 0.908894, 1000,  998, 2, 0.79, 0.83, -0.04,  0,  0,  0
2586422.18476320, -0.485845, 1000,  998, 2, 0.79, 0.83, -0.04,  0,  0,  0
2586422.18726320, -1.390452, 1000,  998, 2, 0.79, 0.83, -0.04,  0,  0,  0
2586422.18976320, -1.784617, 1000,  998, 2, 0.79, 0.83, -0.04,  0,  0,  0
2586422.19226320, -0.677345, 1000,  998, 2, 0.79, 0.83, -0.04,  0,  0,  0
2586422.19476320, 0.296253, 1000,  998, 2, 0.79, 0.83, -0.04,  0,  0,  0
2586422.19726320, 1.141279, 1000,  998, 2, 0.79, 0.83, -0.04,  0,  0,  0
2586422.19976320, 1.366764, 1000,  998, 2, 0.79, 0.83, -0.04,  0,  0,  0
2586422.20226320, 1.406492, 1000,  998, 2, 0.79, 0.83, -0.04,  0,  0,  0
2586422.20476320, 1.208923, 1000,  998, 2, 0.79, 0.83, -0.04,  0,  0,  0
2586422.20726320, -0.867995, 1000,  998, 2, 0.79, 0.83, -0.04,  0,  0,  0
2586422.20976320, -1.008698, 1000,  998, 2, 0.79, 0.83, -0.04,  0,  0,  0
2586422.21226320, -1.149402, 1000,  998, 2, 0.79, 0.83, -0.04,  0,  0,  0
2586422.21476320, -0.358417, 1000,  998, 2, 0.79, 0.83, -0.04,  0,  0,  0
2586422.21726320, 0.911845, 1000,  998, 2, 0.79, 0.83, -0.04,  0,  0,  0
2586422.21976320, 1.464816, 1000,  998, 2, 0.79, 0.83, -0.04,  0,  0,  0
2586422.22226320, 0.408648, 1000,  998, 2, 0.79, 0.83, -0.04,  0,  0,  0
2586422.22476320, 0.053643, 1000,  998, 2, 0.79, 0.83, -0.04,  0,  0,  0
2586422.22726320, -1.231984, 1000,  998, 2, 0.79, 0.83, -0.04,  0,  0,  0
2586422.22976320, -1.192938, 1000,  998, 2, 0.79, 0.83, -0.04,  0,  0,  0
2586422.23226320, 0.032247, 1000,  998, 2, 0.79, 0.83, -0.04,  0,  0,  0
2586422.23476320, 0.315726, 1000,  998, 2, 0.79, 0.83, -0.04,  0,  0,  0
2586422.23726320, 1.340649, 1000,  998, 2, 0.79, 0.83, -0.04,  0,  0,  0
2586422.23976320, 1.115885, 1000,  998, 2, 0.79, 0.83, -0.04,  0,  0,  0
2586422.24226320, -0.031898, 1000,  998, 2, 0.79, 0.83, -0.04,  0,  0,  0
2586422.24476320, -0.252381, 1000,  998, 2, 0.79, 0.83, -0.04,  0,  0,  0
2586422.24726320, -1.182506, 1000,  998, 2, 0.79, 0.83, -0.04,  0,  0,  0
2586422.24976320, -1.234915, 1000,  998, 2, 0.79, 0.83, -0.04,  0,  0,  0
2586422.25226320, -0.224332, 1000,  998, 2, 0.79, 0.83, -0.04,  0,  0,  0
2586422.25476320, -0.066414, 1000,  998, 2, 0.79, 0.83, -0.04,  0,  0,  0
2586422.25726320, 0.613567, 1000,  998, 2, 0.79, 0.83, -0.04,  0,  0,  0
2586422.25976320, 0.864856, 1000,  998, 2, 0.79, 0.83, -0.04,  0,  0,  0
2586422.26226320, 0.270345, 1000,  998, 2, 0.79, 0.83, -0.04,  0,  0,  0
2586422.26476320, 0.170534, 1000,  998, 2, 0.79, 0.83, -0.04,  0,  0,  0
2586422.26726320, -0.018738, 1000,  998, 2, 0.79, 0.83, -0.04,  0,  0,  0
2586422.26976320, -0.208011, 1000,  998, 2, 0.79, 0.83, -0.04,  0,  0,  0
2586422.27226320, -0.396544, 1000,  998, 2, 0.79, 0.83, -0.04,  0,  0,  0
2586422.27476320, -0.581696, 1000,  998, 2, 0.79, 0.83, -0.04,  0,  0,  0
2586422.27726320, -0.207125, 1000,  998, 2, 0.79, 0.83, -0.04,  0,  0,  0
2586422.27976320, 0.509805, 1000,  998, 2, 0.79, 0.83, -0.04,  0,  0,  0
2586422.28226320, 0.664126, 1000,  998, 2, 0.79, 0.83, -0.04,  0,  0,  0
2586422.28476320, 0.192009, 1000,  998, 2, 0.79, 0.83, -0.04,  0,  0,  0
2586422.28726320, -1.443085, 1000,  998, 2, 0.79, 0.83, -0.04,  0,  0,  0
2586422.28976320, -1.330562, 1000,  998, 2, 0.79, 0.83, -0.04,  0,  0,  0
2586422.29226320, -0.642817, 1000,  998, 2, 0.79, 0.83, -0.04,  0,  0,  0
2586422.29476320, 0.276323, 1000,  998, 2, 0.79, 0.83, -0.04,  0,  0,  0
2586422.29726320, 1.108537, 1000,  998, 2, 0.79, 0.83, -0.04,  0,  0,  0
2586422.29976320, 0.928518, 1000,  998, 2, 0.79, 0.83, -0.04,  0,  0,  0
2586422.30226320, -0.128115, 1000,  998, 2, 0.79, 0.83, -0.04,  0,  0,  0
2586422.30476320, -0.426918, 1000,  998, 2, 0.79, 0.83, -0.04,  0,  0,  0
2586422.30726320, -1.239740, 1000,  998, 2, 0.79, 0.83, -0.04,  0,  0,  0
2586422.30976320, -1.267339, 1000,  998, 2, 0.79, 0.83, -0.04,  0,  0,  0
2586422.31226320, 0.032247, 1000,  998, 2, 0.79, 0.83, -0.04,  0,  0,  0
2586422.31476320, 0.444999, 1000,  998, 2, 0.79, 0.83, -0.04,  0,  0,  0
2586422.31726320, 1.328202, 1000,  998, 2, 0.79, 0.83, -0.04,  0,  0,  0
2586422.31976320, 1.356558, 1000,  998, 2, 0.79, 0.83, -0.04,  0,  0,  0
2586422.32226320, 0.730102, 1000,  998, 2, 0.79, 0.83, -0.04,  0,  0,  0
2586422.32476320, -0.395097, 1000,  998, 2, 0.79, 0.83, -0.04,  0,  0,  0
2586422.32726320, -1.114279, 1000,  998, 2, 0.79, 0.83, -0.04,  0,  0,  0
2586422.32976320, -1.384352, 1000,  998, 2, 0.79, 0.83, -0.04,  0,  0,  0
2586422.33226320, -0.842295, 1000,  998, 2, 0.79, 0.83, -0.04,  0,  0,  0
2586422.33476320, 0.116554, 1000,  998, 2, 0.79, 0.83, -0.04,  0,  0,  0
2586422.33726320, 2.042119, 1000,  998, 2, 0.79, 0.83, -0.04,  0,  0,  0
2586422.33976320, 2.042119, 1000,  998, 2, 0.79, 0.83, -0.04,  0,  0,  0
2586422.34226320, 1.276704, 1000,  998, 2, 0.79, 0.83, -0.04,  0,  0,  0
2586422.34476320, 0.299335, 1000,  998, 2, 0.79, 0.83, -0.04,  0,  0,  0
2586422.34726320, -0.541504, 1000,  998, 2, 0.79, 0.83, -0.04,  0,  0,  0
2586422.34976320, -0.877106, 1000,  998, 2, 0.79, 0.83, -0.04,  0,  0,  0
2586422.35226320, 0.041557, 1000,  998, 2, 0.79, 0.83, -0.04,  0,  0,  0
2586422.35476320, 1.215538, 1000,  998, 2, 0.79, 0.83, -0.04,  0,  0,  0
2586422.35726320, 1.229618, 1000,  998, 2, 0.79, 0.83, -0.04,  0,  0,  0
2586422.35976320, 1.172737, 1000,  998, 2, 0.79, 0.83, -0.04,  0,  0,  0
2586422.36226320, 0.672257, 1000,  998, 2, 0.79, 0.83, -0.04,  0,  0,  0
2586422.36476320, -0.324829, 1000,  998, 2, 0.79, 0.83, -0.04,  0,  0,  0
2586422.36976320, -1.249479, 1000,  998, 2, 0.79, 0.83, -0.04,  0,  0,  0
2586422.37226320, -0.447606, 1000,  998, 2, 0.79, 0.83, -0.04,  0,  0,  0
2586422.37476320, 0.594100, 1000,  998, 2, 0.79, 0.83, -0.04,  0,  0,  0
2586422.37726320, 1.218927, 1000,  998, 2, 0.79, 0.83, -0.04,  0,  0,  0
2586422.37976320, 1.218927, 1000,  998, 2, 0.79, 0.83, -0.04,  0,  0,  0
2586422.38226320, 0.472222, 1000,  998, 2, 0.79, 0.83, -0.04,  0,  0,  0
2586422.38476320, -0.635609, 1000,  998, 2, 0.79, 0.83, -0.04,  0,  0,  0
2586422.38726320, -1.361914, 1000,  998, 2, 0.79, 0.83, -0.04,  0,  0,  0
2586422.38976320, -1.509643, 1000,  998, 2, 0.79, 0.83, -0.04,  0,  0,  0
2586422.39226320, -1.657371, 1000,  998, 2, 0.79, 0.83, -0.04,  0,  0,  0
2586422.39476320, -1.701667, 1000,  998, 2, 0.79, 0.83, -0.04,  0,  0,  0
2586422.39726320, -0.191822, 1000,  998, 2, 0.79, 0.83, -0.04,  0,  0,  0
2586422.39976320, 1.122710, 1000,  998, 2, 0.79, 0.83, -0.04,  0,  0,  0
2586422.40226320, 1.122710, 1000,  998, 2, 0.79, 0.83, -0.04,  0,  0,  0
2586422.40476320, -0.767539, 1000,  998, 2, 0.79, 0.83, -0.04,  0,  0,  0
2586422.40726320, -1.269718, 1000,  998, 2, 0.79, 0.83, -0.04,  0,  0,  0
2586422.40976320, -1.193898, 1000,  998, 2, 0.79, 0.83, -0.04,  0,  0,  0
2586422.41226320, -0.894069, 1000,  998, 2, 0.79, 0.83, -0.04,  0,  0,  0
2586422.41476320, 0.296623, 1000,  998, 2, 0.79, 0.83, -0.04,  0,  0,  0
2586422.41726320, 0.844502, 1000,  998, 2, 0.79, 0.83, -0.04,  0,  0,  0
2586422.41976320, 0.511023, 1000,  998, 2, 0.79, 0.83, -0.04,  0,  0,  0
2586422.42226320, -0.059993, 1000,  998, 2, 0.79, 0.83, -0.04,  0,  0,  0
2586422.42476320, -0.685297, 1000,  998, 2, 0.79, 0.83, -0.04,  0,  0,  0
2586422.42726320, -1.270436, 1000,  998, 2, 0.79, 0.83, -0.04,  0,  0,  0
2586422.42976320, -1.271473, 1000,  998, 2, 0.79, 0.83, -0.04,  0,  0,  0
2586422.43226320, -0.371554, 1000,  998, 2, 0.79, 0.83, -0.04,  0,  0,  0
2586422.43476320, 0.812844, 1000,  998, 2, 0.79, 0.83, -0.04,  0,  0,  0
2586422.43726320, 1.379289, 1000,  998, 2, 0.79, 0.83, -0.04,  0,  0,  0
2586422.43976320, 1.322587, 1000,  998, 2, 0.79, 0.83, -0.04,  0,  0,  0
2586422.44226320, 1.167595, 1000,  998, 2, 0.79, 0.83, -0.04,  0,  0,  0
2586422.44476320, -0.783486, 1000,  998, 2, 0.79, 0.83, -0.04,  0,  0,  0
2586422.44726320, -1.390370, 1000,  998, 2, 0.79, 0.83, -0.04,  0,  0,  0
2586422.44976320, -1.352638, 1000,  998, 2, 0.79, 0.83, -0.04,  0,  0,  0
2586422.45226320, -1.198453, 1000,  998, 2, 0.79, 0.83, -0.04,  0,  0,  0
2586422.45476320, -0.796410, 1000,  998, 2, 0.79, 0.83, -0.04,  0,  0,  0
2586422.45726320, 0.908828, 1000,  998, 2, 0.79, 0.83, -0.04,  0,  0,  0
2586422.45976320, 1.292353, 1000,  998, 2, 0.79, 0.83, -0.04,  0,  0,  0
2586422.46226320, 0.954378, 1000,  998, 2, 0.79, 0.83, -0.04,  0,  0,  0
2586422.46476320, 0.608687, 1000,  998, 2, 0.79, 0.83, -0.04,  0,  0,  0
2586422.46726320, 0.207631, 1000,  998, 2, 0.79, 0.83, -0.04,  0,  0,  0
2586422.46976320, -0.879044, 1000,  998, 2, 0.79, 0.83, -0.04,  0,  0,  0
2586422.47226320, -0.825996, 1000,  998, 2, 0.79, 0.83, -0.04,  0,  0,  0
2586422.47476320, -0.099327, 1000,  998, 2, 0.79, 0.83, -0.04,  0,  0,  0
2586422.47726320, 0.932328, 1000,  998, 2, 0.79, 0.83, -0.04,  0,  0,  0
2586422.47976320, 1.196643, 1000,  998, 2, 0.79, 0.83, -0.04,  0,  0,  0
2586422.48226320, 0.689639, 1000,  998, 2, 0.79, 0.83, -0.04,  0,  0,  0
2586422.48476320, -0.220051, 1000,  998, 2, 0.79, 0.83, -0.04,  0,  0,  0
2586422.48726320, -1.135726, 1000,  998, 2, 0.79, 0.83, -0.04,  0,  0,  0
2586422.48976320, -0.952666, 1000,  998, 2, 0.79, 0.83, -0.04,  0,  0,  0
2586422.49226320, -0.694004, 1000,  998, 2, 0.79, 0.83, -0.04,  0,  0,  0
2586422.49476320, 0.486674, 1000,  998, 2, 0.79, 0.83, -0.04,  0,  0,  0
2586422.49726320, 1.241421, 1000,  998, 2, 0.79, 0.83, -0.04,  0,  0,  0
2586422.49976320, 1.047874, 1000,  998, 2, 0.79, 0.83, -0.04,  0,  0,  0
2586422.50226320, 1.047874, 1000,  998, 2, 0.79, 0.83, -0.04,  0,  0,  0
2586422.50476320, 0.298553, 1000,  998, 2, 0.79, 0.83, -0.04,  0,  0,  0
2586422.50726320, -1.150999, 1000,  998, 2, 0.79, 0.83, -0.04,  0,  0,  0
2586422.50976320, -1.584339, 1000,  998, 2, 0.79, 0.83, -0.04,  0,  0,  0
2586422.51226320, -1.486035, 1000,  998, 2, 0.79, 0.83, -0.04,  0,  0,  0
2586422.51476320, -1.387732, 1000,  998, 2, 0.79, 0.83, -0.04,  0,  0,  0
2586422.51726320, 0.007340, 1000,  998, 2, 0.79, 0.83, -0.04,  0,  0,  0
2586422.51976320, 1.024038, 1000,  998, 2, 0.79, 0.83, -0.04,  0,  0,  0
2586422.52226320, 0.320536, 1000,  998, 2, 0.79, 0.83, -0.04,  0,  0,  0
2586422.52476320, -0.339128, 1000,  998, 2, 0.79, 0.83, -0.04,  0,  0,  0
2586422.52726320, -0.761380, 1000,  998, 2, 0.79, 0.83, -0.04,  0,  0,  0
2586422.52976320, -1.183632, 1000,  998, 2, 0.79, 0.83, -0.04,  0,  0,  0
2586422.53226320, -1.022611, 1000,  998, 2, 0.79, 0.83, -0.04,  0,  0,  0
2586422.53476320, -0.410286, 1000,  998, 2, 0.79, 0.83, -0.04,  0,  0,  0
2586422.53726320, 0.673793, 1000,  998, 2, 0.79, 0.83, -0.04,  0,  0,  0
2586422.53976320, 1.049417, 1000,  998, 2, 0.79, 0.83, -0.04,  0,  0,  0
2586422.54226320, 0.110343, 1000,  998, 2, 0.79, 0.83, -0.04,  0,  0,  0
2586422.54476320, -1.111669, 1000,  998, 2, 0.79, 0.83, -0.04,  0,  0,  0
2586422.54726320, -1.125378, 1000,  998, 2, 0.79, 0.83, -0.04,  0,  0,  0
2586422.54976320, -1.088654, 1000,  998, 2, 0.79, 0.83, -0.04,  0,  0,  0
2586422.55476320, 0.855439, 1000,  998, 2, 0.79, 0.83, -0.04,  0,  0,  0
2586422.55726320, 0.957963, 1000,  998, 2, 0.79, 0.83, -0.04,  0,  0,  0
2586422.55976320, 0.980388, 1000,  998, 2, 0.79, 0.83, -0.04,  0,  0,  0
2586422.56226320, 0.435634, 1000,  998, 2, 0.79, 0.83, -0.04,  0,  0,  0
2586422.56476320, -0.381233, 1000,  998, 2, 0.79, 0.83, -0.04,  0,  0,  0
2586422.56726320, -1.056308, 1000,  998, 2, 0.79, 0.83, -0.04,  0,  0,  0
2586422.56976320, -1.052313, 1000,  998, 2, 0.79, 0.83, -0.04,  0,  0,  0
2586422.57226320, -0.937747, 1000,  998, 2, 0.79, 0.83, -0.04,  0,  0,  0
2586422.57476320, -0.543455, 1000,  998, 2, 0.79, 0.83, -0.04,  0,  0,  0
2586422.57726320, 0.202785, 1000,  998, 2, 0.79, 0.83, -0.04,  0,  0,  0
2586422.57976320, 0.956191, 1000,  998, 2, 0.79, 0.83, -0.04,  0,  0,  0
2586422.58226320, 0.187500, 1000,  998, 2, 0.79, 0.83, -0.04,  0,  0,  0
2586422.58476320, -0.824061, 1000,  998, 2, 0.79, 0.83, -0.04,  0,  0,  0
2586422.58726320, -1.612709, 1000,  998, 2, 0.79, 0.83, -0.04,  0,  0,  0
2586422.58976320, -1.430273, 1000,  998, 2, 0.79, 0.83, -0.04,  0,  0,  0
2586422.59226320, -1.077720, 1000,  998, 2, 0.79, 0.83, -0.04,  0,  0,  0
2586422.59476320, 0.855439, 1000,  998, 2, 0.79, 0.83, -0.04,  0,  0,  0
2586422.59726320, 1.095512, 1000,  998, 2, 0.79, 0.83, -0.04,  0,  0,  0
2586422.59976320, 1.197550, 1000,  998, 2, 0.79, 0.83, -0.04,  0,  0,  0
2586422.60226320, 0.021748, 1000,  998, 2, 0.79, 0.83, -0.04,  0,  0,  0
2586422.60476320, -0.630583, 1000,  998, 2, 0.79, 0.83, -0.04,  0,  0,  0
2586422.60726320, -0.727630, 1000,  998, 2, 0.79, 0.83, -0.04,  0,  0,  0
2586422.60976320, -0.747406, 1000,  998, 2, 0.79, 0.83, -0.04,  0,  0,  0
2586422.61226320, -0.003079, 1000,  998, 2, 0.79, 0.83, -0.04,  0,  0,  0
2586422.61476320, 0.716105, 1000,  998, 2, 0.79, 0.83, -0.04,  0,  0,  0
2586422.61726320, 1.197545, 1000,  998, 2, 0.79, 0.83, -0.04,  0,  0,  0
2586422.61976320, 0.944477, 1000,  998, 2, 0.79, 0.83, -0.04,  0,  0,  0
2586422.62226320, 0.123808, 1000,  998, 2, 0.79, 0.83, -0.04,  0,  0,  0
2586422.62476320, -0.642334, 1000,  998, 2, 0.79, 0.83, -0.04,  0,  0,  0
2586422.62726320, -1.168000, 1000,  998, 2, 0.79, 0.83, -0.04,  0,  0,  0
2586422.62976320, -1.004289, 1000,  998, 2, 0.79, 0.83, -0.04,  0,  0,  0
2586422.63226320, -0.059798, 1000,  998, 2, 0.79, 0.83, -0.04,  0,  0,  0
2586422.63476320, 0.844749, 1000,  998, 2, 0.79, 0.83, -0.04,  0,  0,  0
2586422.63726320, 0.844749, 1000,  998, 2, 0.79, 0.83, -0.04,  0,  0,  0
2586422.63976320, 0.840096, 1000,  998, 2, 0.79, 0.83, -0.04,  0,  0,  0
2586422.64226320, 0.754069, 1000,  998, 2, 0.79, 0.83, -0.04,  0,  0,  0
2586422.64476320, -0.940616, 1000,  998, 2, 0.79, 0.83, -0.04,  0,  0,  0
2586422.64726320, -1.005089, 1000,  998, 2, 0.79, 0.83, -0.04,  0,  0,  0
2586422.64976320, -1.214689, 1000,  998, 2, 0.79, 0.83, -0.04,  0,  0,  0
2586422.65226320, -1.424289, 1000,  998, 2, 0.79, 0.83, -0.04,  0,  0,  0
2586422.65476320, 0.237115, 1000,  998, 2, 0.79, 0.83, -0.04,  0,  0,  0
2586422.65726320, 1.367881, 1000,  998, 2, 0.79, 0.83, -0.04,  0,  0,  0
2586422.65976320, 1.656258, 1000,  998, 2, 0.79, 0.83, -0.04,  0,  0,  0
2586422.66226320, 0.693682, 1000,  998, 2, 0.79, 0.83, -0.04,  0,  0,  0
2586422.66476320, -0.405941, 1000,  998, 2, 0.79, 0.83, -0.04,  0,  0,  0
2586422.66726320, -1.163725, 1000,  998, 2, 0.79, 0.83, -0.04,  0,  0,  0
2586422.66976320, -1.212780, 1000,  998, 2, 0.79, 0.83, -0.04,  0,  0,  0
2586422.67226320, -0.680087, 1000,  998, 2, 0.79, 0.83, -0.04,  0,  0,  0
2586422.67476320, -0.114070, 1000,  998, 2, 0.79, 0.83, -0.04,  0,  0,  0
2586422.67726320, 0.439823, 1000,  998, 2, 0.79, 0.83, -0.04,  0,  0,  0
2586422.67976320, 1.229618, 1000,  998, 2, 0.79, 0.83, -0.04,  0,  0,  0
2586422.68476320, -0.482866, 1000,  998, 2, 0.79, 0.83, -0.04,  0,  0,  0
2586422.68726320, -1.227268, 1000,  998, 2, 0.79, 0.83, -0.04,  0,  0,  0
2586422.68976320, -1.254027, 1000,  998, 2, 0.79, 0.83, -0.04,  0,  0,  0
2586422.69226320, -0.351906, 1000,  998, 2, 0.79, 0.83, -0.04,  0,  0,  0
2586422.69476320, 0.350976, 1000,  998, 2, 0.79, 0.83, -0.04,  0,  0,  0
2586422.69726320, 0.478204, 1000,  998, 2, 0.79, 0.83, -0.04,  0,  0,  0
2586422.69976320, 0.640891, 1000,  998, 2, 0.79, 0.83, -0.04,  0,  0,  0
2586422.70226320, 1.029466, 1000,  998, 2, 0.79, 0.83, -0.04,  0,  0,  0
2586422.70476320, 0.249428, 1000,  998, 2, 0.79, 0.83, -0.04,  0,  0,  0
2586422.70726320, -0.833733, 1000,  998, 2, 0.79, 0.83, -0.04,  0,  0,  0
2586422.70976320, -0.861619, 1000,  998, 2, 0.79, 0.83, -0.04,  0,  0,  0
2586422.71226320, -0.510123, 1000,  998, 2, 0.79, 0.83, -0.04,  0,  0,  0
2586422.71476320, -0.036709, 1000,  998, 2, 0.79, 0.83, -0.04,  0,  0,  0
2586422.71726320, 0.436705, 1000,  998, 2, 0.79, 0.83, -0.04,  0,  0,  0
2586422.71976320, 0.910119, 1000,  998, 2, 0.79, 0.83, -0.04,  0,  0,  0
2586422.72226320, 0.293510, 1000,  998, 2, 0.79, 0.83, -0.04,  0,  0,  0
2586422.72476320, -0.595502, 1000,  998, 2, 0.79, 0.83, -0.04,  0,  0,  0
2586422.72726320, -0.977343, 1000,  998, 2, 0.79, 0.83, -0.04,  0,  0,  0
2586422.72976320, -1.229697, 1000,  998, 2, 0.79, 0.83, -0.04,  0,  0,  0
2586422.73226320, -0.449180, 1000,  998, 2, 0.79, 0.83, -0.04,  0,  0,  0
2586422.73476320, 0.536212, 1000,  998, 2, 0.79, 0.83, -0.04,  0,  0,  0
2586422.73726320, 1.387498, 1000,  998, 2, 0.79, 0.83, -0.04,  0,  0,  0
2586422.73976320, 1.672807, 1000,  998, 2, 0.79, 0.83, -0.04,  0,  0,  0
2586422.74226320, 0.274285, 1000,  998, 2, 0.79, 0.83, -0.04,  0,  0,  0
2586422.74476320, 0.032247, 1000,  998, 2, 0.79, 0.83, -0.04,  0,  0,  0
2586422.74726320, -0.632808, 1000,  998, 2, 0.79, 0.83, -0.04,  0,  0,  0
2586422.74976320, -1.008986, 1000,  998, 2, 0.79, 0.83, -0.04,  0,  0,  0
2586422.75226320, -0.387522, 1000,  998, 2, 0.79, 0.83, -0.04,  0,  0,  0
2586422.75476320, 0.270822, 1000,  998, 2, 0.79, 0.83, -0.04,  0,  0,  0
2586422.75726320, 0.649494, 1000,  998, 2, 0.79, 0.83, -0.04,  0,  0,  0
2586422.75976320, 0.940594, 1000,  998, 2, 0.79, 0.83, -0.04,  0,  0,  0
2586422.76226320, 0.682689, 1000,  998, 2, 0.79, 0.83, -0.04,  0,  0,  0
2586422.76476320, 0.031820, 1000,  998, 2, 0.79, 0.83, -0.04,  0,  0,  0
2586422.76726320, -0.891627, 1000,  998, 2, 0.79, 0.83, -0.04,  0,  0,  0
2586422.76976320, -0.966939, 1000,  998, 2, 0.79, 0.83, -0.04,  0,  0,  0
2586422.77226320, -1.042250, 1000,  998, 2, 0.79, 0.83, -0.04,  0,  0,  0
2586422.77476320, -0.479531, 1000,  998, 2, 0.79, 0.83, -0.04,  0,  0,  0
2586422.77726320, 1.436128, 1000,  998, 2, 0.79, 0.83, -0.04,  0,  0,  0
2586422.77976320, 1.562068, 1000,  998, 2, 0.79, 0.83, -0.04,  0,  0,  0
2586422.78226320, 1.277738, 1000,  998, 2, 0.79, 0.83, -0.04,  0,  0,  0
2586422.78476320, 0.706769, 1000,  998, 2, 0.79, 0.83, -0.04,  0,  0,  0
2586422.78726320, -1.293238, 1000,  998, 2, 0.79, 0.83, -0.04,  0,  0,  0
2586422.78976320, -1.452089, 1000,  998, 2, 0.79, 0.83, -0.04,  0,  0,  0
2586422.79226320, -1.127095, 1000,  998, 2, 0.79, 0.83, -0.04,  0,  0,  0
2586422.79476320, -0.120059, 1000,  998, 2, 0.79, 0.83, -0.04,  0,  0,  0
2586422.79726320, 0.944742, 1000,  998, 2, 0.79, 0.83, -0.04,  0,  0,  0
2586422.79976320, 1.334177, 1000,  998, 2, 0.79, 0.83, -0.04,  0,  0,  0
2586422.80226320, 0.942917, 1000,  998, 2, 0.79, 0.83, -0.04,  0,  0,  0
2586422.80476320, -0.055903, 1000,  998, 2, 0.79, 0.83, -0.04,  0,  0,  0
2586422.80726320, -1.312323, 1000,  998, 2, 0.79, 0.83, -0.04,  0,  0,  0
2586422.80976320, -1.248898, 1000,  998, 2, 0.79, 0.83, -0.04,  0,  0,  0
2586422.81226320, -0.341931, 1000,  998, 2, 0.79, 0.83, -0.04,  0,  0,  0
2586422.81476320, -0.341931, 1000,  998, 2, 0.79, 0.83, -0.04,  0,  0,  0
2586422.81726320, -0.341931, 1000,  998, 2, 0.79, 0.83, -0.04,  0,  0,  0
2586422.81976320, -0.341931, 1000,  998, 2, 0.79, 0.83, -0.04,  0,  0,  0
2586422.82226320, -0.186179, 1000,  998, 2, 0.79, 0.83, -0.04,  0,  0,  0
2586422.82476320, 0.280600, 1000,  998, 2, 0.79, 0.83, -0.04,  0,  0,  0
2586422.82726320, -0.924714, 1000,  998, 2, 0.79, 0.83, -0.04,  0,  0,  0
2586422.82976320, -1.180388, 1000,  998, 2, 0.79, 0.83, -0.04,  0,  0,  0
2586422.83226320, -0.330008, 1000,  998, 2, 0.79, 0.83, -0.04,  0,  0,  0
2586422.83476320, 0.341291, 1000,  998, 2, 0.79, 0.83, -0.04,  0,  0,  0
2586422.83726320, 0.690755, 1000,  998, 2, 0.79, 0.83, -0.04,  0,  0,  0
2586422.83976320, 1.040219, 1000,  998, 2, 0.79, 0.83, -0.04,  0,  0,  0
2586422.84226320, 0.282284, 1000,  998, 2, 0.79, 0.83, -0.04,  0,  0,  0
2586422.84476320, -0.517683, 1000,  998, 2, 0.79, 0.83, -0.04,  0,  0,  0
2586422.84726320, -0.788973, 1000,  998, 2, 0.79, 0.83, -0.04,  0,  0,  0
2586422.84976320, -0.811954, 1000,  998, 2, 0.79, 0.83, -0.04,  0,  0,  0
2586422.85226320, -0.771524, 1000,  998, 2, 0.79, 0.83, -0.04,  0,  0,  0
2586422.85476320, 0.239077, 1000,  998, 2, 0.79, 0.83, -0.04,  0,  0,  0
2586422.85726320, 0.837512, 1000,  998, 2, 0.79, 0.83, -0.04,  0,  0,  0
2586422.85976320, 1.173624, 1000,  998, 2, 0.79, 0.83, -0.04,  0,  0,  0
2586422.86226320, 1.205050, 1000,  998, 2, 0.79, 0.83, -0.04,  0,  0,  0
2586422.86476320, -0.559775, 1000,  998, 2, 0.79, 0.83, -0.04,  0,  0,  0
2586422.86976320, -1.129418, 1000,  998, 2, 0.79, 0.83, -0.04,  0,  0,  0
2586422.87226320, -0.316059, 1000,  998, 2, 0.79, 0.83, -0.04,  0,  0,  0
2586422.87476320, 0.793396, 1000,  998, 2, 0.79, 0.83, -0.04,  0,  0,  0
2586422.87726320, 1.122710, 1000,  998, 2, 0.79, 0.83, -0.04,  0,  0,  0
2586422.87976320, 1.122710, 1000,  998, 2, 0.79, 0.83, -0.04,  0,  0,  0
2586422.88226320, 1.122710, 1000,  998, 2, 0.79, 0.83, -0.04,  0,  0,  0
2586422.88476320, -0.856090, 1000,  998, 2, 0.79, 0.83, -0.04,  0,  0,  0
2586422.88726320, -1.721046, 1000,  998, 2, 0.79, 0.83, -0.04,  0,  0,  0
2586422.88976320, -1.681066, 1000,  998, 2, 0.79, 0.83, -0.04,  0,  0,  0
2586422.89226320, -1.535454, 1000,  998, 2, 0.79, 0.83, -0.04,  0,  0,  0
2586422.89476320, -1.389841, 1000,  998, 2, 0.79, 0.83, -0.04,  0,  0,  0
2586422.89726320, -1.244229, 1000,  998, 2, 0.79, 0.83, -0.04,  0,  0,  0
2586422.89976320, 0.892890, 1000,  998, 2, 0.79, 0.83, -0.04,  0,  0,  0
2586422.90226320, 0.706780, 1000,  998, 2, 0.79, 0.83, -0.04,  0,  0,  0
2586422.90476320, 0.520670, 1000,  998, 2, 0.79, 0.83, -0.04,  0,  0,  0
2586422.90726320, -0.729696, 1000,  998, 2, 0.79, 0.83, -0.04,  0,  0,  0
2586422.90976320, -1.331698, 1000,  998, 2, 0.79, 0.83, -0.04,  0,  0,  0
2586422.91226320, -1.208548, 1000,  998, 2, 0.79, 0.83, -0.04,  0,  0,  0
2586422.91476320, 0.022948, 1000,  998, 2, 0.79, 0.83, -0.04,  0,  0,  0
2586422.91726320, 1.032756, 1000,  998, 2, 0.79, 0.83, -0.04,  0,  0,  0
2586422.91976320, 0.881843, 1000,  998, 2, 0.79, 0.83, -0.04,  0,  0,  0
2586422.92226320, 0.117774, 1000,  998, 2, 0.79, 0.83, -0.04,  0,  0,  0
2586422.92476320, -0.456454, 1000,  998, 2, 0.79, 0.83, -0.04,  0,  0,  0
2586422.92726320, -1.739645, 1000,  998, 2, 0.79, 0.83, -0.04,  0,  0,  0
2586422.92976320, -1.358432, 1000,  998, 2, 0.79, 0.83, -0.04,  0,  0,  0
2586422.93226320, 0.128464, 1000,  998, 2, 0.79, 0.83, -0.04,  0,  0,  0
2586422.93476320, 0.532481, 1000,  998, 2, 0.79, 0.83, -0.04,  0,  0,  0
2586422.93726320, 1.519293, 1000,  998, 2, 0.79, 0.83, -0.04,  0,  0,  0
2586422.93976320, 1.572412, 1000,  998, 2, 0.79, 0.83, -0.04,  0,  0,  0
2586422.94226320, 1.223285, 1000,  998, 2, 0.79, 0.83, -0.04,  0,  0,  0
2586422.94476320, 0.029207, 1000,  998, 2, 0.79, 0.83, -0.04,  0,  0,  0
2586422.94726320, -0.866484, 1000,  998, 2, 0.79, 0.83, -0.04,  0,  0,  0
2586422.94976320, -1.062918, 1000,  998, 2, 0.79, 0.83, -0.04,  0,  0,  0
2586422.95226320, -0.849013, 1000,  998, 2, 0.79, 0.83, -0.04,  0,  0,  0
2586422.95476320, -0.584464, 1000,  998, 2, 0.79, 0.83, -0.04,  0,  0,  0
2586422.95726320, -0.319916, 1000,  998, 2, 0.79, 0.83, -0.04,  0,  0,  0
2586422.95976320, -0.055367, 1000,  998, 2, 0.79, 0.83, -0.04,  0,  0,  0
2586422.96226320, 0.209182, 1000,  998, 2, 0.79, 0.83, -0.04,  0,  0,  0
2586422.96476320, -0.348746, 1000,  998, 2, 0.79, 0.83, -0.04,  0,  0,  0
2586422.96726320, -0.510465, 1000,  998, 2, 0.79, 0.83, -0.04,  0,  0,  0
2586422.96976320, -0.652458, 1000,  998, 2, 0.79, 0.83, -0.04,  0,  0,  0
2586422.97226320, -0.794452, 1000,  998, 2, 0.79, 0.83, -0.04,  0,  0,  0
2586422.97476320, 0.241623, 1000,  998, 2, 0.79, 0.83, -0.04,  0,  0,  0
2586422.97726320, 1.300746, 1000,  998, 2, 0.79, 0.83, -0.04,  0,  0,  0
2586422.97976320, 1.129096, 1000,  998, 2, 0.79, 0.83, -0.04,  0,  0,  0
2586422.98226320, 0.423890, 1000,  998, 2, 0.79, 0.83, -0.04,  0,  0,  0
2586422.98476320, -0.250713, 1000,  998, 2, 0.79, 0.83, -0.04,  0,  0,  0
2586422.98726320, -0.997000, 1000,  998, 2, 0.79, 0.83, -0.04,  0,  0,  0
2586422.98976320, -1.133566, 1000,  998, 2, 0.79, 0.83, -0.04,  0,  0,  0
2586422.99226320, -0.312331, 1000,  998, 2, 0.79, 0.83, -0.04,  0,  0,  0
2586422.99476320, 1.001845, 1000,  998, 2, 0.79, 0.83, -0.04,  0,  0,  0
2586422.99726320, 1.079946, 1000,  998, 2, 0.79, 0.83, -0.04,  0,  0,  0
2586422.99976320, 1.079946, 1000,  998, 2, 0.79, 0.83, -0.04,  0,  0,  0
2586423.00226320, 0.721678, 1000,  998, 2, 0.79, 0.83, -0.04,  0,  0,  0
2586423.00476320, 0.014142, 1000,  998, 2, 0.79, 0.83, -0.04,  0,  0,  0
2586423.00726320, -1.143640, 1000,  998, 2, 0.79, 0.83, -0.04,  0,  0,  0
2586423.00976320, -1.416208, 1000,  998, 2, 0.79, 0.83, -0.04,  0,  0,  0
2586423.01226320, -1.334267, 1000,  998, 2, 0.79, 0.83, -0.04,  0,  0,  0
2586423.01476320, -1.252325, 1000,  998, 2, 0.79, 0.83, -0.04,  0,  0,  0
2586423.01726320, -0.897266, 1000,  998, 2, 0.79, 0.83, -0.04,  0,  0,  0
2586423.01976320, 1.417070, 1000,  998, 2, 0.79, 0.83, -0.04,  0,  0,  0
2586423.02226320, 0.955881, 1000,  998, 2, 0.79, 0.83, -0.04,  0,  0,  0
2586423.02476320, 0.513194, 1000,  998, 2, 0.79, 0.83, -0.04,  0,  0,  0
2586423.02726320, 0.070677, 1000,  998, 2, 0.79, 0.83, -0.04,  0,  0,  0
2586423.02976320, -1.435479, 1000,  998, 2, 0.79, 0.83, -0.04,  0,  0,  0
2586423.03226320, -1.464466, 1000,  998, 2, 0.79, 0.83, -0.04,  0,  0,  0
2586423.03476320, -0.670162, 1000,  998, 2, 0.79, 0.83, -0.04,  0,  0,  0
2586423.03726320, 1.052277, 1000,  998, 2, 0.79, 0.83, -0.04,  0,  0,  0
2586423.03976320, 0.635838, 1000,  998, 2, 0.79, 0.83, -0.04,  0,  0,  0
2586423.04226320, 0.387579, 1000,  998, 2, 0.79, 0.83, -0.04,  0,  0,  0
2586423.04476320, -0.546631, 1000,  998, 2, 0.79, 0.83, -0.04,  0,  0,  0
2586423.04726320, -0.977219, 1000,  998, 2, 0.79, 0.83, -0.04,  0,  0,  0
2586423.04976320, -1.142296, 1000,  998, 2, 0.79, 0.83, -0.04,  0,  0,  0
2586423.05476320, 0.601188, 1000,  998, 2, 0.79, 0.83, -0.04,  0,  0,  0
2586423.05726320, 1.494077, 1000,  998, 2, 0.79, 0.83, -0.04,  0,  0,  0
2586423.05976320, 1.176164, 1000,  998, 2, 0.79, 0.83, -0.04,  0,  0,  0
2586423.06226320, 1.176164, 1000,  998, 2, 0.79, 0.83, -0.04,  0,  0,  0
2586423.06476320, 0.212144, 1000,  998, 2, 0.79, 0.83, -0.04,  0,  0,  0
2586423.06726320, -1.265120, 1000,  998, 2, 0.79, 0.83, -0.04,  0,  0,  0
2586423.06976320, -0.984779, 1000,  998, 2, 0.79, 0.83, -0.04,  0,  0,  0
2586423.07226320, -0.547610, 1000,  998, 2, 0.79, 0.83, -0.04,  0,  0,  0
2586423.07476320, -0.089360, 1000,  998, 2, 0.79, 0.83, -0.04,  0,  0,  0
2586423.07726320, 0.465134, 1000,  998, 2, 0.79, 0.83, -0.04,  0,  0,  0
2586423.07976320, 1.298120, 1000,  998, 2, 0.79, 0.83, -0.04,  0,  0,  0
2586423.08226320, 0.877405, 1000,  998, 2, 0.79, 0.83, -0.04,  0,  0,  0
2586423.08476320, 0.297606, 1000,  998, 2, 0.79, 0.83, -0.04,  0,  0,  0
2586423.08726320, -0.273310, 1000,  998, 2, 0.79, 0.83, -0.04,  0,  0,  0
2586423.08976320, -0.839109, 1000,  998, 2, 0.79, 0.83, -0.04,  0,  0,  0
2586423.09226320, -0.419544, 1000,  998, 2, 0.79, 0.83, -0.04,  0,  0,  0
2586423.09476320, 0.345250, 1000,  998, 2, 0.79, 0.83, -0.04,  0,  0,  0
2586423.09726320, 1.083955, 1000,  998, 2, 0.79, 0.83, -0.04,  0,  0,  0
2586423.09976320, 1.269561, 1000,  998, 2, 0.79, 0.83, -0.04,  0,  0,  0
2586423.10226320, 0.406260, 1000,  998, 2, 0.79, 0.83, -0.04,  0,  0,  0
2586423.10476320, -0.459530, 1000,  998, 2, 0.79, 0.83, -0.04,  0,  0,  0
2586423.10726320, -0.604695, 1000,  998, 2, 0.79, 0.83, -0.04,  0,  0,  0
2586423.10976320, -0.693518, 1000,  998, 2, 0.79, 0.83, -0.04,  0,  0,  0
2586423.11226320, 0.120257, 1000,  998, 2, 0.79, 0.83, -0.04,  0,  0,  0
2586423.11476320, 1.240309, 1000,  998, 2, 0.79, 0.83, -0.04,  0,  0,  0
2586423.11726320, 1.412426, 1000,  998, 2, 0.79, 0.83, -0.04,  0,  0,  0
2586423.11976320, 1.435426, 1000,  998, 2, 0.79, 0.83, -0.04,  0,  0,  0
2586423.12226320, -0.111616, 1000,  998, 2, 0.79, 0.83, -0.04,  0,  0,  0
2586423.12476320, -1.507229, 1000,  998, 2, 0.79, 0.83, -0.04,  0,  0,  0
2586423.12726320, -1.507229, 1000,  998, 2, 0.79, 0.83, -0.04,  0,  0,  0
2586423.12976320, -1.239959, 1000,  998, 2, 0.79, 0.83, -0.04,  0,  0,  0
2586423.13226320, -1.239959, 1000,  998, 2, 0.79, 0.83, -0.04,  0,  0,  0
2586423.13476320, 0.017761, 1000,  998, 2, 0.79, 0.83, -0.04,  0,  0,  0
2586423.13726320, 1.314695, 1000,  998, 2, 0.79, 0.83, -0.04,  0,  0,  0
2586423.13976320, 1.209787, 1000,  998, 2, 0.79, 0.83, -0.04,  0,  0,  0
2586423.14226320, 0.601711, 1000,  998, 2, 0.79, 0.83, -0.04,  0,  0,  0
2586423.14476320, -0.828961, 1000,  998, 2, 0.79, 0.83, -0.04,  0,  0,  0
2586423.14726320, -1.634771, 1000,  998, 2, 0.79, 0.83, -0.04,  0,  0,  0
2586423.14976320, -1.654178, 1000,  998, 2, 0.79, 0.83, -0.04,  0,  0,  0
2586423.15226320, -1.340291, 1000,  998, 2, 0.79, 0.83, -0.04,  0,  0,  0
2586423.15476320, 0.068912, 1000,  998, 2, 0.79, 0.83, -0.04,  0,  0,  0
2586423.15726320, 1.001282, 1000,  998, 2, 0.79, 0.83, -0.04,  0,  0,  0
2586423.15976320, 0.930275, 1000,  998, 2, 0.79, 0.83, -0.04,  0,  0,  0
2586423.16226320, 0.600715, 1000,  998, 2, 0.79, 0.83, -0.04,  0,  0,  0
2586423.16476320, -0.738599, 1000,  998, 2, 0.79, 0.83, -0.04,  0,  0,  0
2586423.16726320, -1.485795, 1000,  998, 2, 0.79, 0.83, -0.04,  0,  0,  0
2586423.16976320, -1.165123, 1000,  998, 2, 0.79, 0.83, -0.04,  0,  0,  0
2586423.17226320, -0.755180, 1000,  998, 2, 0.79, 0.83, -0.04,  0,  0,  0
2586423.17476320, 0.563379, 1000,  998, 2, 0.79, 0.83, -0.04,  0,  0,  0
2586423.17726320, 1.162443, 1000,  998, 2, 0.79, 0.83, -0.04,  0,  0,  0
2586423.17976320, 0.534715, 1000,  998, 2, 0.79, 0.83, -0.04,  0,  0,  0
2586423.18476320, -0.706462, 1000,  998, 2, 0.79, 0.83, -0.04,  0,  0,  0
2586423.18726320, -1.047901, 1000,  998, 2, 0.79, 0.83, -0.04,  0,  0,  0
2586423.18976320, -0.803089, 1000,  998, 2, 0.79, 0.83, -0.04,  0,  0,  0
2586423.19226320, 0.171233, 1000,  998, 2, 0.79, 0.83, -0.04,  0,  0,  0
2586423.19476320, 0.901126, 1000,  998, 2, 0.79, 0.83, -0.04,  0,  0,  0
2586423.19726320, 1.522902, 1000,  998, 2, 0.79, 0.83, -0.04,  0,  0,  0
2586423.19976320, 1.281535, 1000,  998, 2, 0.79, 0.83, -0.04,  0,  0,  0
2586423.20226320, 0.578821, 1000,  998, 2, 0.79, 0.83, -0.04,  0,  0,  0
2586423.20476320, 0.143645, 1000,  998, 2, 0.79, 0.83, -0.04,  0,  0,  0
2586423.20726320, -0.059727, 1000,  998, 2, 0.79, 0.83, -0.04,  0,  0,  0
2586423.20976320, -0.263099, 1000,  998, 2, 0.79, 0.83, -0.04,  0,  0,  0
2586423.21226320, -0.229869, 1000,  998, 2, 0.79, 0.83, -0.04,  0,  0,  0
2586423.21476320, 0.405416, 1000,  998, 2, 0.79, 0.83, -0.04,  0,  0,  0
2586423.21726320, 0.932813, 1000,  998, 2, 0.79, 0.83, -0.04,  0,  0,  0
2586423.21976320, 1.397973, 1000,  998, 2, 0.79, 0.83, -0.04,  0,  0,  0
2586423.22226320, 0.807284, 1000,  998, 2, 0.79, 0.83, -0.04,  0,  0,  0
2586423.22476320, 0.383541, 1000,  998, 2, 0.79, 0.83, -0.04,  0,  0,  0
2586423.22726320, -0.500972, 1000,  998, 2, 0.79, 0.83, -0.04,  0,  0,  0
2586423.22976320, -1.141297, 1000,  998, 2, 0.79, 0.83, -0.04,  0,  0,  0
2586423.23226320, -0.633292, 1000,  998, 2, 0.79, 0.83, -0.04,  0,  0,  0
2586423.23476320, 0.107608, 1000,  998, 2, 0.79, 0.83, -0.04,  0,  0,  0
2586423.23726320, 0.625157, 1000,  998, 2, 0.79, 0.83, -0.04,  0,  0,  0
2586423.23976320, 0.727150, 1000,  998, 2, 0.79, 0.83, -0.04,  0,  0,  0
2586423.24226320, 0.284141, 1000,  998, 2, 0.79, 0.83, -0.04,  0,  0,  0
2586423.24476320, -0.705416, 1000,  998, 2, 0.79, 0.83, -0.04,  0,  0,  0
2586423.24726320, -1.052699, 1000,  998, 2, 0.79, 0.83, -0.04,  0,  0,  0
2586423.24976320, -0.936109, 1000,  998, 2, 0.79, 0.83, -0.04,  0,  0,  0
2586423.25226320, -0.220836, 1000,  998, 2, 0.79, 0.83, -0.04,  0,  0,  0
2586423.25476320, 0.608691, 1000,  998, 2, 0.79, 0.83, -0.04,  0,  0,  0
2586423.25726320, 1.001889, 1000,  998, 2, 0.79, 0.83, -0.04,  0,  0,  0
2586423.25976320, 0.812676, 1000,  998, 2, 0.79, 0.83, -0.04,  0,  0,  0
2586423.26226320, 0.812676, 1000,  998, 2, 0.79, 0.83, -0.04,  0,  0,  0
2586423.26476320, -0.039871, 1000,  998, 2, 0.79, 0.83, -0.04,  0,  0,  0
2586423.26726320, -1.055970, 1000,  998, 2, 0.79, 0.83, -0.04,  0,  0,  0
2586423.26976320, -1.327968, 1000,  998, 2, 0.79, 0.83, -0.04,  0,  0,  0
2586423.27226320, -0.801059, 1000,  998, 2, 0.79, 0.83, -0.04,  0,  0,  0
2586423.27476320, 0.727099, 1000,  998, 2, 0.79, 0.83, -0.04,  0,  0,  0
2586423.27726320, 1.545756, 1000,  998, 2, 0.79, 0.83, -0.04,  0,  0,  0
2586423.27976320, 1.299166, 1000,  998, 2, 0.79, 0.83, -0.04,  0,  0,  0
2586423.28226320, 0.581393, 1000,  998, 2, 0.79, 0.83, -0.04,  0,  0,  0
2586423.28476320, -0.423779, 1000,  998, 2, 0.79, 0.83, -0.04,  0,  0,  0
2586423.28726320, -1.125166, 1000,  998, 2, 0.79, 0.83, -0.04,  0,  0,  0
2586423.28976320, -1.230344, 1000,  998, 2, 0.79, 0.83, -0.04,  0,  0,  0
2586423.29226320, -0.790273, 1000,  998, 2, 0.79, 0.83, -0.04,  0,  0,  0
2586423.29476320, 0.323384, 1000,  998, 2, 0.79, 0.83, -0.04,  0,  0,  0
2586423.29726320, 1.080098, 1000,  998, 2, 0.79, 0.83, -0.04,  0,  0,  0
2586423.29976320, 0.940966, 1000,  998, 2, 0.79, 0.83, -0.04,  0,  0,  0
2586423.30226320, 0.522143, 1000,  998, 2, 0.79, 0.83, -0.04,  0,  0,  0
2586423.30476320, -0.613426, 1000,  998, 2, 0.79, 0.83, -0.04,  0,  0,  0
2586423.30726320, -1.417436, 1000,  998, 2, 0.79, 0.83, -0.04,  0,  0,  0
2586423.30976320, -0.914028, 1000,  998, 2, 0.79, 0.83, -0.04,  0,  0,  0
2586423.31226320, 0.332499, 1000,  998, 2, 0.79, 0.83, -0.04,  0,  0,  0
2586423.31476320, 0.869409, 1000,  998, 2, 0.79, 0.83, -0.04,  0,  0,  0
2586423.31726320, 1.193912, 1000,  998, 2, 0.79, 0.83, -0.04,  0,  0,  0
2586423.31976320, 0.933557, 1000,  998, 2, 0.79, 0.83, -0.04,  0,  0,  0
2586423.32226320, -0.072934, 1000,  998, 2, 0.79, 0.83, -0.04,  0,  0,  0
2586423.32476320, -0.096043, 1000,  998, 2, 0.79, 0.83, -0.04,  0,  0,  0
2586423.32726320, -0.096043, 1000,  998, 2, 0.79, 0.83, -0.04,  0,  0,  0
2586423.32976320, -0.096043, 1000,  998, 2, 0.79, 0.83, -0.04,  0,  0,  0
2586423.33226320, -0.096043, 1000,  998, 2, 0.79, 0.83, -0.04,  0,  0,  0
2586423.33476320, 0.774017, 1000,  998, 2, 0.79, 0.83, -0.04,  0,  0,  0
2586423.33726320, 1.416742, 1000,  998, 2, 0.79, 0.83, -0.04,  0,  0,  0
2586423.33976320, 1.592819, 1000,  998, 2, 0.79, 0.83, -0.04,  0,  0,  0
2586423.34226320, 0.545124, 1000,  998, 2, 0.79, 0.83, -0.04,  0,  0,  0
2586423.34476320, -0.644078, 1000,  998, 2, 0.79, 0.83, -0.04,  0,  0,  0
2586423.34726320, -1.252419, 1000,  998, 2, 0.79, 0.83, -0.04,  0,  0,  0
2586423.34976320, -1.598605, 1000,  998, 2, 0.79, 0.83, -0.04,  0,  0,  0
2586423.35226320, -0.545085, 1000,  998, 2, 0.79, 0.83, -0.04,  0,  0,  0
2586423.35476320, 0.817672, 1000,  998, 2, 0.79, 0.83, -0.04,  0,  0,  0
2586423.35726320, 1.817612, 1000,  998, 2, 0.79, 0.83, -0.04,  0,  0,  0
2586423.35976320, 1.687631, 1000,  998, 2, 0.79, 0.83, -0.04,  0,  0,  0
2586423.36226320, 0.863281, 1000,  998, 2, 0.79, 0.83, -0.04,  0,  0,  0
2586423.36476320, -0.356313, 1000,  998, 2, 0.79, 0.83, -0.04,  0,  0,  0
2586423.36976320, -1.078638, 1000,  998, 2, 0.79, 0.83, -0.04,  0,  0,  0
2586423.37226320, -0.292944, 1000,  998, 2, 0.79, 0.83, -0.04,  0,  0,  0
2586423.37476320, 0.551903, 1000,  998, 2, 0.79, 0.83, -0.04,  0,  0,  0
2586423.37726320, 0.923540, 1000,  998, 2, 0.79, 0.83, -0.04,  0,  0,  0
2586423.37976320, 0.950904, 1000,  998, 2, 0.79, 0.83, -0.04,  0,  0,  0
2586423.38226320, 0.105443, 1000,  998, 2, 0.79, 0.83, -0.04,  0,  0,  0
2586423.38476320, -0.403404, 1000,  998, 2, 0.79, 0.83, -0.04,  0,  0,  0
2586423.38726320, -0.550664, 1000,  998, 2, 0.79, 0.83, -0.04,  0,  0,  0
2586423.38976320, -0.697923, 1000,  998, 2, 0.79, 0.83, -0.04,  0,  0,  0
2586423.39226320, -0.762354, 1000,  998, 2, 0.79, 0.83, -0.04,  0,  0,  0
2586423.39476320, 0.178490, 1000,  998, 2, 0.79, 0.83, -0.04,  0,  0,  0
2586423.39726320, 1.100329, 1000,  998, 2, 0.79, 0.83, -0.04,  0,  0,  0
2586423.39976320, 1.379167, 1000,  998, 2, 0.79, 0.83, -0.04,  0,  0,  0
2586423.40226320, -0.320550, 1000,  998, 2, 0.79, 0.83, -0.04,  0,  0,  0
2586423.40476320, -0.320550, 1000,  998, 2, 0.79, 0.83, -0.04,  0,  0,  0
2586423.40726320, -1.004260, 1000,  998, 2, 0.79, 0.83, -0.04,  0,  0,  0
2586423.40976320, -1.343734, 1000,  998, 2, 0.79, 0.83, -0.04,  0,  0,  0
2586423.41226320, -0.420194, 1000,  998, 2, 0.79, 0.83, -0.04,  0,  0,  0
2586423.41476320, 0.763319, 1000,  998, 2, 0.79, 0.83, -0.04,  0,  0,  0
2586423.41726320, 1.892448, 1000,  998, 2, 0.79, 0.83, -0.04,  0,  0,  0
2586423.41976320, 1.763153, 1000,  998, 2, 0.79, 0.83, -0.04,  0,  0,  0
2586423.42226320, 0.865516, 1000,  998, 2, 0.79, 0.83, -0.04,  0,  0,  0
2586423.42476320, -0.627194, 1000,  998, 2, 0.79, 0.83, -0.04,  0,  0,  0
2586423.42726320, -1.560683, 1000,  998, 2, 0.79, 0.83, -0.04,  0,  0,  0
2586423.42976320, -1.402067, 1000,  998, 2, 0.79, 0.83, -0.04,  0,  0,  0
2586423.43226320, -0.462120, 1000,  998, 2, 0.79, 0.83, -0.04,  0,  0,  0
2586423.43476320, 0.939786, 1000,  998, 2, 0.79, 0.83, -0.04,  0,  0,  0
2586423.43726320, 1.571724, 1000,  998, 2, 0.79, 0.83, -0.04,  0,  0,  0
2586423.43976320, 1.571724, 1000,  998, 2, 0.79, 0.83, -0.04,  0,  0,  0
2586423.44226320, 0.000698, 1000,  998, 2, 0.79, 0.83, -0.04,  0,  0,  0
2586423.44476320, -0.553972, 1000,  998, 2, 0.79, 0.83, -0.04,  0,  0,  0
2586423.44726320, -1.138822, 1000,  998, 2, 0.79, 0.83, -0.04,  0,  0,  0
2586423.44976320, -1.043617, 1000,  998, 2, 0.79, 0.83, -0.04,  0,  0,  0
2586423.45226320, -0.857557, 1000,  998, 2, 0.79, 0.83, -0.04,  0,  0,  0
2586423.45476320, -0.671496, 1000,  998, 2, 0.79, 0.83, -0.04,  0,  0,  0
2586423.45726320, -0.485435, 1000,  998, 2, 0.79, 0.83, -0.04,  0,  0,  0
2586423.45976320, -0.066047, 1000,  998, 2, 0.79, 0.83, -0.04,  0,  0,  0
2586423.46226320, -0.067138, 1000,  998, 2, 0.79, 0.83, -0.04,  0,  0,  0
2586423.46476320, -0.938752, 1000,  998, 2, 0.79, 0.83, -0.04,  0,  0,  0
2586423.46726320, -1.086197, 1000,  998, 2, 0.79, 0.83, -0.04,  0,  0,  0
2586423.46976320, -1.233642, 1000,  998, 2, 0.79, 0.83, -0.04,  0,  0,  0
2586423.47226320, -1.349260, 1000,  998, 2, 0.79, 0.83, -0.04,  0,  0,  0
2586423.47476320, 0.329748, 1000,  998, 2, 0.79, 0.83, -0.04,  0,  0,  0
2586423.47726320, 1.154009, 1000,  998, 2, 0.79, 0.83, -0.04,  0,  0,  0
2586423.47976320, 1.013889, 1000,  998, 2, 0.79, 0.83, -0.04,  0,  0,  0
2586423.48226320, 0.628721, 1000,  998, 2, 0.79, 0.83, -0.04,  0,  0,  0
2586423.48476320, 0.195057, 1000,  998, 2, 0.79, 0.83, -0.04,  0,  0,  0
2586423.48726320, -1.325486, 1000,  998, 2, 0.79, 0.83, -0.04,  0,  0,  0
2586423.48976320, -1.074235, 1000,  998, 2, 0.79, 0.83, -0.04,  0,  0,  0
2586423.49226320, -0.209743, 1000,  998, 2, 0.79, 0.83, -0.04,  0,  0,  0
2586423.49476320, 0.611473, 1000,  998, 2, 0.79, 0.83, -0.04,  0,  0,  0
2586423.49726320, 1.176164, 1000,  998, 2, 0.79, 0.83, -0.04,  0,  0,  0
2586423.49976320, 1.131907, 1000,  998, 2, 0.79, 0.83, -0.04,  0,  0,  0
2586423.50226320, 0.991534, 1000,  998, 2, 0.79, 0.83, -0.04,  0,  0,  0
2586423.50476320, -0.316260, 1000,  998, 2, 0.79, 0.83, -0.04,  0,  0,  0
2586423.50726320, -1.099521, 1000,  998, 2, 0.79, 0.83, -0.04,  0,  0,  0
2586423.50976320, -1.416683, 1000,  998, 2, 0.79, 0.83, -0.04,  0,  0,  0
2586423.51226320, -1.123362, 1000,  998, 2, 0.79, 0.83, -0.04,  0,  0,  0
2586423.51476320, -0.830041, 1000,  998, 2, 0.79, 0.83, -0.04,  0,  0,  0
2586423.51726320, -0.536720, 1000,  998, 2, 0.79, 0.83, -0.04,  0,  0,  0
2586423.51976320, -0.243399, 1000,  998, 2, 0.79, 0.83, -0.04,  0,  0,  0
2586423.52226320, -0.110768, 1000,  998, 2, 0.79, 0.83, -0.04,  0,  0,  0
2586423.52476320, -0.627895, 1000,  998, 2, 0.79, 0.83, -0.04,  0,  0,  0
2586423.52726320, -0.893273, 1000,  998, 2, 0.79, 0.83, -0.04,  0,  0,  0
2586423.52976320, -1.158651, 1000,  998, 2, 0.79, 0.83, -0.04,  0,  0,  0
2586423.53226320, -0.330549, 1000,  998, 2, 0.79, 0.83, -0.04,  0,  0,  0
2586423.53476320, 0.712852, 1000,  998, 2, 0.79, 0.83, -0.04,  0,  0,  0
2586423.53726320, 1.332266, 1000,  998, 2, 0.79, 0.83, -0.04,  0,  0,  0
2586423.53976320, 1.304556, 1000,  998, 2, 0.79, 0.83, -0.04,  0,  0,  0
2586423.54226320, 0.989036, 1000,  998, 2, 0.79, 0.83, -0.04,  0,  0,  0
2586423.54476320, -0.360698, 1000,  998, 2, 0.79, 0.83, -0.04,  0,  0,  0
2586423.54726320, -1.477511, 1000,  998, 2, 0.79, 0.83, -0.04,  0,  0,  0
2586423.54976320, -1.149084, 1000,  998, 2, 0.79, 0.83, -0.04,  0,  0,  0
2586423.55476320, 0.566457, 1000,  998, 2, 0.79, 0.83, -0.04,  0,  0,  0
2586423.55726320, 1.185056, 1000,  998, 2, 0.79, 0.83, -0.04,  0,  0,  0
2586423.55976320, 1.189165, 1000,  998, 2, 0.79, 0.83, -0.04,  0,  0,  0
2586423.56226320, 0.582568, 1000,  998, 2, 0.79, 0.83, -0.04,  0,  0,  0
2586423.56476320, -0.219892, 1000,  998, 2, 0.79, 0.83, -0.04,  0,  0,  0
2586423.56726320, -1.197793, 1000,  998, 2, 0.79, 0.83, -0.04,  0,  0,  0
2586423.56976320, -1.277190, 1000,  998, 2, 0.79, 0.83, -0.04,  0,  0,  0
2586423.57226320, -1.052678, 1000,  998, 2, 0.79, 0.83, -0.04,  0,  0,  0
2586423.57476320, -0.823372, 1000,  998, 2, 0.79, 0.83, -0.04,  0,  0,  0
2586423.57726320, -0.594066, 1000,  998, 2, 0.79, 0.83, -0.04,  0,  0,  0
2586423.57976320, -0.364760, 1000,  998, 2, 0.79, 0.83, -0.04,  0,  0,  0
2586423.58226320, -0.134256, 1000,  998, 2, 0.79, 0.83, -0.04,  0,  0,  0
2586423.58476320, -0.380746, 1000,  998, 2, 0.79, 0.83, -0.04,  0,  0,  0
2586423.58726320, -0.940071, 1000,  998, 2, 0.79, 0.83, -0.04,  0,  0,  0
2586423.58976320, -0.994707, 1000,  998, 2, 0.79, 0.83, -0.04,  0,  0,  0
2586423.59226320, -0.739074, 1000,  998, 2, 0.79, 0.83, -0.04,  0,  0,  0
2586423.59476320, 0.321343, 1000,  998, 2, 0.79, 0.83, -0.04,  0,  0,  0
2586423.59726320, 0.923254, 1000,  998, 2, 0.79, 0.83, -0.04,  0,  0,  0
2586423.59976320, 0.868405, 1000,  998, 2, 0.79, 0.83, -0.04,  0,  0,  0
2586423.60226320, 0.142223, 1000,  998, 2, 0.79, 0.83, -0.04,  0,  0,  0
2586423.60476320, -0.959493, 1000,  998, 2, 0.79, 0.83, -0.04,  0,  0,  0
2586423.60726320, -1.496539, 1000,  998, 2, 0.79, 0.83, -0.04,  0,  0,  0
2586423.60976320, -1.208511, 1000,  998, 2, 0.79, 0.83, -0.04,  0,  0,  0
2586423.61226320, -0.263724, 1000,  998, 2, 0.79, 0.83, -0.04,  0,  0,  0
2586423.61476320, 0.668361, 1000,  998, 2, 0.79, 0.83, -0.04,  0,  0,  0
2586423.61726320, 1.223349, 1000,  998, 2, 0.79, 0.83, -0.04,  0,  0,  0
2586423.61976320, 1.267492, 1000,  998, 2, 0.79, 0.83, -0.04,  0,  0,  0
2586423.62226320, 0.848728, 1000,  998, 2, 0.79, 0.83, -0.04,  0,  0,  0
2586423.62476320, 0.422068, 1000,  998, 2, 0.79, 0.83, -0.04,  0,  0,  0
2586423.62726320, -0.004593, 1000,  998, 2, 0.79, 0.83, -0.04,  0,  0,  0
2586423.62976320, -1.212803, 1000,  998, 2, 0.79, 0.83, -0.04,  0,  0,  0
2586423.63226320, -1.172405, 1000,  998, 2, 0.79, 0.83, -0.04,  0,  0,  0
2586423.63476320, -0.234684, 1000,  998, 2, 0.79, 0.83, -0.04,  0,  0,  0
2586423.63726320, 0.129603, 1000,  998, 2, 0.79, 0.83, -0.04,  0,  0,  0
2586423.63976320, 0.480726, 1000,  998, 2, 0.79, 0.83, -0.04,  0,  0,  0
2586423.64226320, 0.831849, 1000,  998, 2, 0.79, 0.83, -0.04,  0,  0,  0
2586423.64476320, -1.050434, 1000,  998, 2, 0.79, 0.83, -0.04,  0,  0,  0
2586423.64726320, -1.337786, 1000,  998, 2, 0.79, 0.83, -0.04,  0,  0,  0
2586423.64976320, -1.618345, 1000,  998, 2, 0.79, 0.83, -0.04,  0,  0,  0
2586423.65226320, -1.006492, 1000,  998, 2, 0.79, 0.83, -0.04,  0,  0,  0
2586423.65476320, 0.293164, 1000,  998, 2, 0.79, 0.83, -0.04,  0,  0,  0
2586423.65726320, 1.094271, 1000,  998, 2, 0.79, 0.83, -0.04,  0,  0,  0
2586423.65976320, 1.069655, 1000,  998, 2, 0.79, 0.83, -0.04,  0,  0,  0
2586423.66226320, 0.529446, 1000,  998, 2, 0.79, 0.83, -0.04,  0,  0,  0
2586423.66476320, -1.036834, 1000,  998, 2, 0.79, 0.83, -0.04,  0,  0,  0
2586423.66726320, -1.165544, 1000,  998, 2, 0.79, 0.83, -0.04,  0,  0,  0
2586423.66976320, -1.305570, 1000,  998, 2, 0.79, 0.83, -0.04,  0,  0,  0
2586423.67226320, -0.019423, 1000,  998, 2, 0.79, 0.83, -0.04,  0,  0,  0
2586423.67476320, 1.133401, 1000,  998, 2, 0.79, 0.83, -0.04,  0,  0,  0
2586423.67726320, 1.185138, 1000,  998, 2, 0.79, 0.83, -0.04,  0,  0,  0
2586423.68226320, -0.187225, 1000,  998, 2, 0.79, 0.83, -0.04,  0,  0,  0
2586423.68476320, -1.325486, 1000,  998, 2, 0.79, 0.83, -0.04,  0,  0,  0
2586423.68726320, -1.368273, 1000,  998, 2, 0.79, 0.83, -0.04,  0,  0,  0
2586423.68976320, -1.268050, 1000,  998, 2, 0.79, 0.83, -0.04,  0,  0,  0
2586423.69226320, -0.418106, 1000,  998, 2, 0.79, 0.83, -0.04,  0,  0,  0
2586423.69476320, 0.296399, 1000,  998, 2, 0.79, 0.83, -0.04,  0,  0,  0
2586423.69726320, 0.480348, 1000,  998, 2, 0.79, 0.83, -0.04,  0,  0,  0
2586423.69976320, 0.664296, 1000,  998, 2, 0.79, 0.83, -0.04,  0,  0,  0
2586423.70226320, 0.848245, 1000,  998, 2, 0.79, 0.83, -0.04,  0,  0,  0
2586423.70476320, 1.032193, 1000,  998, 2, 0.79, 0.83, -0.04,  0,  0,  0
2586423.70726320, -1.070706, 1000,  998, 2, 0.79, 0.83, -0.04,  0,  0,  0
2586423.70976320, -1.268492, 1000,  998, 2, 0.79, 0.83, -0.04,  0,  0,  0
2586423.71226320, -1.261341, 1000,  998, 2, 0.79, 0.83, -0.04,  0,  0,  0
2586423.71476320, -0.252153, 1000,  998, 2, 0.79, 0.83, -0.04,  0,  0,  0
2586423.71726320, 0.916755, 1000,  998, 2, 0.79, 0.83, -0.04,  0,  0,  0
2586423.71976320, 0.812676, 1000,  998, 2, 0.79, 0.83, -0.04,  0,  0,  0
2586423.72226320, 0.782415, 1000,  998, 2, 0.79, 0.83, -0.04,  0,  0,  0
2586423.72476320, -0.195018, 1000,  998, 2, 0.79, 0.83, -0.04,  0,  0,  0
2586423.72726320, -0.936254, 1000,  998, 2, 0.79, 0.83, -0.04,  0,  0,  0
2586423.72976320, -0.920900, 1000,  998, 2, 0.79, 0.83, -0.04,  0,  0,  0
2586423.73226320, 0.107530, 1000,  998, 2, 0.79, 0.83, -0.04,  0,  0,  0
2586423.73476320, 0.855439, 1000,  998, 2, 0.79, 0.83, -0.04,  0,  0,  0
2586423.73726320, 0.881319, 1000,  998, 2, 0.79, 0.83, -0.04,  0,  0,  0
2586423.73976320, 0.656773, 1000,  998, 2, 0.79, 0.83, -0.04,  0,  0,  0
2586423.74226320, -0.238513, 1000,  998, 2, 0.79, 0.83, -0.04,  0,  0,  0
2586423.74476320, -1.036834, 1000,  998, 2, 0.79, 0.83, -0.04,  0,  0,  0
2586423.74726320, -1.203652, 1000,  998, 2, 0.79, 0.83, -0.04,  0,  0,  0
2586423.74976320, -1.278759, 1000,  998, 2, 0.79, 0.83, -0.04,  0,  0,  0
2586423.75226320, -0.354568, 1000,  998, 2, 0.79, 0.83, -0.04,  0,  0,  0
2586423.75476320, 1.037183, 1000,  998, 2, 0.79, 0.83, -0.04,  0,  0,  0
2586423.75726320, 1.136488, 1000,  998, 2, 0.79, 0.83, -0.04,  0,  0,  0
2586423.75976320, 1.466228, 1000,  998, 2, 0.79, 0.83, -0.04,  0,  0,  0
2586423.76226320, 0.931979, 1000,  998, 2, 0.79, 0.83, -0.04,  0,  0,  0
2586423.76476320, -0.409110, 1000,  998, 2, 0.79, 0.83, -0.04,  0,  0,  0
2586423.76726320, -1.302088, 1000,  998, 2, 0.79, 0.83, -0.04,  0,  0,  0
2586423.76976320, -1.570370, 1000,  998, 2, 0.79, 0.83, -0.04,  0,  0,  0
2586423.77226320, -1.063837, 1000,  998, 2, 0.79, 0.83, -0.04,  0,  0,  0
2586423.77476320, -0.308802, 1000,  998, 2, 0.79, 0.83, -0.04,  0,  0,  0
2586423.77726320, 0.797561, 1000,  998, 2, 0.79, 0.83, -0.04,  0,  0,  0
2586423.77976320, 0.766176, 1000,  998, 2, 0.79, 0.83, -0.04,  0,  0,  0
2586423.78226320, 0.718541, 1000,  998, 2, 0.79, 0.83, -0.04,  0,  0,  0
2586423.78476320, 0.201290, 1000,  998, 2, 0.79, 0.83, -0.04,  0,  0,  0
2586423.78726320, -0.992006, 1000,  998, 2, 0.79, 0.83, -0.04,  0,  0,  0
2586423.78976320, -1.053866, 1000,  998, 2, 0.79, 0.83, -0.04,  0,  0,  0
2586423.79226320, -0.640569, 1000,  998, 2, 0.79, 0.83, -0.04,  0,  0,  0
2586423.79476320, 0.669309, 1000,  998, 2, 0.79, 0.83, -0.04,  0,  0,  0
2586423.79726320, 1.066392, 1000,  998, 2, 0.79, 0.83, -0.04,  0,  0,  0
2586423.79976320, 1.026492, 1000,  998, 2, 0.79, 0.83, -0.04,  0,  0,  0
2586423.80226320, 0.566611, 1000,  998, 2, 0.79, 0.83, -0.04,  0,  0,  0
2586423.80476320, -0.721827, 1000,  998, 2, 0.79, 0.83, -0.04,  0,  0,  0
2586423.80726320, -1.441345, 1000,  998, 2, 0.79, 0.83, -0.04,  0,  0,  0
2586423.80976320, -1.026143, 1000,  998, 2, 0.79, 0.83, -0.04,  0,  0,  0
2586423.81226320, -0.619357, 1000,  998, 2, 0.79, 0.83, -0.04,  0,  0,  0
2586423.81476320, 0.754338, 1000,  998, 2, 0.79, 0.83, -0.04,  0,  0,  0
2586423.81726320, 1.422784, 1000,  998, 2, 0.79, 0.83, -0.04,  0,  0,  0
2586423.81976320, 1.003315, 1000,  998, 2, 0.79, 0.83, -0.04,  0,  0,  0
2586423.82226320, 0.056023, 1000,  998, 2, 0.79, 0.83, -0.04,  0,  0,  0
2586423.82476320, -1.229268, 1000,  998, 2, 0.79, 0.83, -0.04,  0,  0,  0
2586423.82726320, -1.274281, 1000,  998, 2, 0.79, 0.83, -0.04,  0,  0,  0
2586423.82976320, -1.263680, 1000,  998, 2, 0.79, 0.83, -0.04,  0,  0,  0
2586423.83226320, -1.125592, 1000,  998, 2, 0.79, 0.83, -0.04,  0,  0,  0
2586423.83476320, -0.987503, 1000,  998, 2, 0.79, 0.83, -0.04,  0,  0,  0
2586423.83726320, 0.226131, 1000,  998, 2, 0.79, 0.83, -0.04,  0,  0,  0
2586423.83976320, 1.811228, 1000,  998, 2, 0.79, 0.83, -0.04,  0,  0,  0
2586423.84226320, 1.478022, 1000,  998, 2, 0.79, 0.83, -0.04,  0,  0,  0
2586423.84476320, 1.144817, 1000,  998, 2, 0.79, 0.83, -0.04,  0,  0,  0
2586423.84726320, 0.077641, 1000,  998, 2, 0.79, 0.83, -0.04,  0,  0,  0
2586423.84976320, -0.930051, 1000,  998, 2, 0.79, 0.83, -0.04,  0,  0,  0
2586423.85226320, -0.495591, 1000,  998, 2, 0.79, 0.83, -0.04,  0,  0,  0
2586423.85476320, 0.204109, 1000,  998, 2, 0.79, 0.83, -0.04,  0,  0,  0
2586423.85726320, 1.037292, 1000,  998, 2, 0.79, 0.83, -0.04,  0,  0,  0
2586423.85976320, 0.901717, 1000,  998, 2, 0.79, 0.83, -0.04,  0,  0,  0
2586423.86226320, 0.003100, 1000,  998, 2, 0.79, 0.83, -0.04,  0,  0,  0
2586423.86476320, -0.791299, 1000,  998, 2, 0.79, 0.83, -0.04,  0,  0,  0
2586423.86976320, -0.774079, 1000,  998, 2, 0.79, 0.83, -0.04,  0,  0,  0
2586423.87226320, -0.105300, 1000,  998, 2, 0.79, 0.83, -0.04,  0,  0,  0
2586423.87476320, 0.666463, 1000,  998, 2, 0.79, 0.83, -0.04,  0,  0,  0
2586423.87726320, 1.173387, 1000,  998, 2, 0.79, 0.83, -0.04,  0,  0,  0
2586423.87976320, 1.146222, 1000,  998, 2, 0.79, 0.83, -0.04,  0,  0,  0
2586423.88226320, 0.205550, 1000,  998, 2, 0.79, 0.83, -0.04,  0,  0,  0
2586423.88476320, -0.753191, 1000,  998, 2, 0.79, 0.83, -0.04,  0,  0,  0
2586423.88726320, -1.159013, 1000,  998, 2, 0.79, 0.83, -0.04,  0,  0,  0
2586423.88976320, -1.071041, 1000,  998, 2, 0.79, 0.83, -0.04,  0,  0,  0
2586423.89226320, -0.866042, 1000,  998, 2, 0.79, 0.83, -0.04,  0,  0,  0
2586423.89476320, -0.273308, 1000,  998, 2, 0.79, 0.83, -0.04,  0,  0,  0
2586423.89726320, 0.699049, 1000,  998, 2, 0.79, 0.83, -0.04,  0,  0,  0
2586423.89976320, 1.185964, 1000,  998, 2, 0.79, 0.83, -0.04,  0,  0,  0
2586423.90226320, 1.014496, 1000,  998, 2, 0.79, 0.83, -0.04,  0,  0,  0
2586423.90476320, 0.819634, 1000,  998, 2, 0.79, 0.83, -0.04,  0,  0,  0
2586423.90726320, -1.666326, 1000,  998, 2, 0.79, 0.83, -0.04,  0,  0,  0
2586423.90976320, -1.445003, 1000,  998, 2, 0.79, 0.83, -0.04,  0,  0,  0
2586423.91226320, -1.223680, 1000,  998, 2, 0.79, 0.83, -0.04,  0,  0,  0
2586423.91476320, -0.317347, 1000,  998, 2, 0.79, 0.83, -0.04,  0,  0,  0
2586423.91726320, 1.454125, 1000,  998, 2, 0.79, 0.83, -0.04,  0,  0,  0
2586423.91976320, 1.367753, 1000,  998, 2, 0.79, 0.83, -0.04,  0,  0,  0
2586423.92226320, 0.460971, 1000,  998, 2, 0.79, 0.83, -0.04,  0,  0,  0
2586423.92476320, -0.623513, 1000,  998, 2, 0.79, 0.83, -0.04,  0,  0,  0
2586423.92726320, -1.152518, 1000,  998, 2, 0.79, 0.83, -0.04,  0,  0,  0
2586423.92976320, -1.075728, 1000,  998, 2, 0.79, 0.83, -0.04,  0,  0,  0
2586423.93226320, -0.379537, 1000,  998, 2, 0.79, 0.83, -0.04,  0,  0,  0
2586423.93476320, 0.641219, 1000,  998, 2, 0.79, 0.83, -0.04,  0,  0,  0
2586423.93726320, 1.098094, 1000,  998, 2, 0.79, 0.83, -0.04,  0,  0,  0
2586423.93976320, 0.505690, 1000,  998, 2, 0.79, 0.83, -0.04,  0,  0,  0
2586423.94226320, -0.231033, 1000,  998, 2, 0.79, 0.83, -0.04,  0,  0,  0
2586423.94476320, -0.911044, 1000,  998, 2, 0.79, 0.83, -0.04,  0,  0,  0
2586423.94726320, -1.337643, 1000,  998, 2, 0.79, 0.83, -0.04,  0,  0,  0
2586423.94976320, -1.156106, 1000,  998, 2, 0.79, 0.83, -0.04,  0,  0,  0
2586423.95226320, -0.984825, 1000,  998, 2, 0.79, 0.83, -0.04,  0,  0,  0
2586423.95476320, -0.813545, 1000,  998, 2, 0.79, 0.83, -0.04,  0,  0,  0
2586423.95726320, 0.280489, 1000,  998, 2, 0.79, 0.83, -0.04,  0,  0,  0
2586423.95976320, 1.097266, 1000,  998, 2, 0.79, 0.83, -0.04,  0,  0,  0
2586423.96226320, 0.837528, 1000,  998, 2, 0.79, 0.83, -0.04,  0,  0,  0
2586423.96476320, 0.401191, 1000,  998, 2, 0.79, 0.83, -0.04,  0,  0,  0
2586423.96726320, -0.223091, 1000,  998, 2, 0.79, 0.83, -0.04,  0,  0,  0
2586423.96976320, -1.230437, 1000,  998, 2, 0.79, 0.83, -0.04,  0,  0,  0
2586423.97226320, -0.875590, 1000,  998, 2, 0.79, 0.83, -0.04,  0,  0,  0
2586423.97476320, -0.368735, 1000,  998, 2, 0.79, 0.83, -0.04,  0,  0,  0
2586423.97726320, 0.759424, 1000,  998, 2, 0.79, 0.83, -0.04,  0,  0,  0
2586423.97976320, 1.115315, 1000,  998, 2, 0.79, 0.83, -0.04,  0,  0,  0
2586423.98226320, 0.520335, 1000,  998, 2, 0.79, 0.83, -0.04,  0,  0,  0
2586423.98476320, -0.644495, 1000,  998, 2, 0.79, 0.83, -0.04,  0,  0,  0
2586423.98726320, -0.844399, 1000,  998, 2, 0.79, 0.83, -0.04,  0,  0,  0
2586423.98976320, -0.737385, 1000,  998, 2, 0.79, 0.83, -0.04,  0,  0,  0
2586423.99226320, -0.097960, 1000,  998, 2, 0.79, 0.83, -0.04,  0,  0,  0
2586423.99726320, 1.229618, 1000,  998, 2, 0.79, 0.83, -0.04,  0,  0,  0
2586423.99976320, 1.136134, 1000,  998, 2, 0.79, 0.83, -0.04,  0,  0,  0
2586424.00226320, 0.376990, 1000,  998, 2, 0.79, 0.83, -0.04,  0,  0,  0
2586424.00476320, -0.618504, 1000,  998, 2, 0.79, 0.83, -0.04,  0,  0,  0
2586424.00726320, -1.099703, 1000,  998, 2, 0.79, 0.83, -0.04,  0,  0,  0
2586424.00976320, -0.879962, 1000,  998, 2, 0.79, 0.83, -0.04,  0,  0,  0
2586424.01226320, -0.756503, 1000,  998, 2, 0.79, 0.83, -0.04,  0,  0,  0
2586424.01476320, -0.633044, 1000,  998, 2, 0.79, 0.83, -0.04,  0,  0,  0
2586424.01726320, -0.119157, 1000,  998, 2, 0.79, 0.83, -0.04,  0,  0,  0
2586424.01976320, 1.249283, 1000,  998, 2, 0.79, 0.83, -0.04,  0,  0,  0
2586424.02226320, 0.763137, 1000,  998, 2, 0.79, 0.83, -0.04,  0,  0,  0
2586424.02476320, 0.030076, 1000,  998, 2, 0.79, 0.83, -0.04,  0,  0,  0
2586424.02726320, -0.906653, 1000,  998, 2, 0.79, 0.83, -0.04,  0,  0,  0
2586424.02976320, -0.928261, 1000,  998, 2, 0.79, 0.83, -0.04,  0,  0,  0
2586424.03226320, -0.329441, 1000,  998, 2, 0.79, 0.83, -0.04,  0,  0,  0
2586424.03476320, 0.480291, 1000,  998, 2, 0.79, 0.83, -0.04,  0,  0,  0
2586424.03726320, 1.378120, 1000,  998, 2, 0.79, 0.83, -0.04,  0,  0,  0
2586424.03976320, 1.123313, 1000,  998, 2, 0.79, 0.83, -0.04,  0,  0,  0
2586424.04226320, 0.010866, 1000,  998, 2, 0.79, 0.83, -0.04,  0,  0,  0
2586424.04476320, -0.132616, 1000,  998, 2, 0.79, 0.83, -0.04,  0,  0,  0
2586424.04726320, -1.710355, 1000,  998, 2, 0.79, 0.83, -0.04,  0,  0,  0
2586424.04976320, -1.446238, 1000,  998, 2, 0.79, 0.83, -0.04,  0,  0,  0
2586424.05226320, -0.333754, 1000,  998, 2, 0.79, 0.83, -0.04,  0,  0,  0
2586424.05476320, 0.861793, 1000,  998, 2, 0.79, 0.83, -0.04,  0,  0,  0
2586424.05726320, 1.753467, 1000,  998, 2, 0.79, 0.83, -0.04,  0,  0,  0
2586424.05976320, 1.439488, 1000,  998, 2, 0.79, 0.83, -0.04,  0,  0,  0
2586424.06226320, 0.515154, 1000,  998, 2, 0.79, 0.83, -0.04,  0,  0,  0
2586424.06476320, -0.332226, 1000,  998, 2, 0.79, 0.83, -0.04,  0,  0,  0
2586424.06726320, -1.095420, 1000,  998, 2, 0.79, 0.83, -0.04,  0,  0,  0
2586424.06976320, -1.034572, 1000,  998, 2, 0.79, 0.83, -0.04,  0,  0,  0
2586424.07226320, -0.755828, 1000,  998, 2, 0.79, 0.83, -0.04,  0,  0,  0
2586424.07476320, -0.403199, 1000,  998, 2, 0.79, 0.83, -0.04,  0,  0,  0
2586424.07726320, -0.050570, 1000,  998, 2, 0.79, 0.83, -0.04,  0,  0,  0
2586424.07976320, 0.625801, 1000,  998, 2, 0.79, 0.83, -0.04,  0,  0,  0
2586424.08226320, -0.128686, 1000,  998, 2, 0.79, 0.83, -0.04,  0,  0,  0
2586424.08476320, -0.919664, 1000,  998, 2, 0.79, 0.83, -0.04,  0,  0,  0
2586424.08726320, -1.263873, 1000,  998, 2, 0.79, 0.83, -0.04,  0,  0,  0
2586424.08976320, -1.203200, 1000,  998, 2, 0.79, 0.83, -0.04,  0,  0,  0
2586424.09226320, -0.627507, 1000,  998, 2, 0.79, 0.83, -0.04,  0,  0,  0
2586424.09476320, 0.264931, 1000,  998, 2, 0.79, 0.83, -0.04,  0,  0,  0
2586424.09726320, 1.015027, 1000,  998, 2, 0.79, 0.83, -0.04,  0,  0,  0
2586424.09976320, 0.730695, 1000,  998, 2, 0.79, 0.83, -0.04,  0,  0,  0
2586424.10226320, -0.053279, 1000,  998, 2, 0.79, 0.83, -0.04,  0,  0,  0
2586424.10476320, -0.415956, 1000,  998, 2, 0.79, 0.83, -0.04,  0,  0,  0
2586424.10726320, -1.116831, 1000,  998, 2, 0.79, 0.83, -0.04,  0,  0,  0
2586424.10976320, -1.025484, 1000,  998, 2, 0.79, 0.83, -0.04,  0,  0,  0
2586424.11226320, 0.096392, 1000,  998, 2, 0.79, 0.83, -0.04,  0,  0,  0
2586424.11476320, 0.578819, 1000,  998, 2, 0.79, 0.83, -0.04,  0,  0,  0
2586424.11726320, 1.316555, 1000,  998, 2, 0.79, 0.83, -0.04,  0,  0,  0
2586424.11976320, 0.700386, 1000,  998, 2, 0.79, 0.83, -0.04,  0,  0,  0
2586424.12226320, -0.096043, 1000,  998, 2, 0.79, 0.83, -0.04,  0,  0,  0
2586424.12476320, -0.096043, 1000,  998, 2, 0.79, 0.83, -0.04,  0,  0,  0
2586424.12726320, -0.810919, 1000,  998, 2, 0.79, 0.83, -0.04,  0,  0,  0
2586424.12976320, -0.937875, 1000,  998, 2, 0.79, 0.83, -0.04,  0,  0,  0
2586424.13226320, -0.220369, 1000,  998, 2, 0.79, 0.83, -0.04,  0,  0,  0
2586424.13476320, 0.185438, 1000,  998, 2, 0.79, 0.83, -0.04,  0,  0,  0
2586424.13726320, 0.348100, 1000,  998, 2, 0.79, 0.83, -0.04,  0,  0,  0
2586424.13976320, 0.510762, 1000,  998, 2, 0.79, 0.83, -0.04,  0,  0,  0
2586424.14226320, 0.673424, 1000,  998, 2, 0.79, 0.83, -0.04,  0,  0,  0
2586424.14476320, -0.927336, 1000,  998, 2, 0.79, 0.83, -0.04,  0,  0,  0
2586424.14726320, -0.961998, 1000,  998, 2, 0.79, 0.83, -0.04,  0,  0,  0
2586424.14976320, -0.961998, 1000,  998, 2, 0.79, 0.83, -0.04,  0,  0,  0
2586424.15226320, -0.080251, 1000,  998, 2, 0.79, 0.83, -0.04,  0,  0,  0
2586424.15476320, 0.694107, 1000,  998, 2, 0.79, 0.83, -0.04,  0,  0,  0
2586424.15726320, 1.132083, 1000,  998, 2, 0.79, 0.83, -0.04,  0,  0,  0
2586424.15976320, 1.425885, 1000,  998, 2, 0.79, 0.83, -0.04,  0,  0,  0
2586424.16226320, 0.086986, 1000,  998, 2, 0.79, 0.83, -0.04,  0,  0,  0
2586424.16476320, -0.901016, 1000,  998, 2, 0.79, 0.83, -0.04,  0,  0,  0
2586424.16726320, -1.275754, 1000,  998, 2, 0.79, 0.83, -0.04,  0,  0,  0
2586424.16976320, -1.026143, 1000,  998, 2, 0.79, 0.83, -0.04,  0,  0,  0
2586424.17226320, -0.741481, 1000,  998, 2, 0.79, 0.83, -0.04,  0,  0,  0
2586424.17476320, 0.698087, 1000,  998, 2, 0.79, 0.83, -0.04,  0,  0,  0
2586424.17726320, 1.550938, 1000,  998, 2, 0.79, 0.83, -0.04,  0,  0,  0
2586424.18226320, 0.593093, 1000,  998, 2, 0.79, 0.83, -0.04,  0,  0,  0
2586424.18476320, -0.304259, 1000,  997, 3, 0.79, 0.83, -0.04,  0,  0,  0
2586424.18726320, -0.889965, 1000,  997, 3, 0.79, 0.83, -0.04,  0,  0,  0
2586424.18976320, -1.234554, 1000,  997, 3, 0.79, 0.83, -0.04,  0,  0,  0
2586424.19226320, -0.792317, 1000,  997, 3, 0.79, 0.83, -0.04,  0,  0,  0
2586424.19476320, 0.150837, 1000,  996, 4, 0.79, 0.83, -0.04,  0,  0,  0
2586424.19726320, 0.582080, 1000,  996, 4, 0.79, 0.83, -0.04,  0,  0,  0
2586424.19976320, 0.976586, 1000,  996, 4, 0.79, 0.83, -0.04,  0,  0,  0
2586424.20226320, 1.353220, 1000,  996, 4, 0.79, 0.83, -0.04,  0,  0,  0
2586424.20476320, -1.080077, 1000,  996, 4, 0.79, 0.83, -0.04,  0,  0,  0
2586424.20726320, -1.282722, 1000,  996, 4, 0.79, 0.83, -0.04,  0,  0,  0
2586424.20976320, -1.282722, 1000,  996, 4, 0.79, 0.83, -0.04,  0,  0,  0
2586424.21226320, -0.431040, 1000,  997, 3, 0.79, 0.83, -0.04,  0,  0,  0
2586424.21476320, 0.705079, 1000,  997, 3, 0.79, 0.83, -0.04,  0,  0,  0
2586424.21726320, 1.491393, 1000,  997, 3, 0.79, 0.83, -0.04,  0,  0,  0
2586424.21976320, 0.748531, 1000,  998, 2, 0.79, 0.83, -0.04,  0,  0,  0
2586424.22226320, 0.480851, 1000,  998, 2, 0.79, 0.83, -0.04,  0,  0,  0
2586424.22476320, -0.693855, 1000,  998, 2, 0.79, 0.83, -0.04,  0,  0,  0
2586424.22726320, -1.119506, 1000,  998, 2, 0.79, 0.83, -0.04,  0,  0,  0
2586424.22976320, -0.811106, 1000,  998, 2, 0.79, 0.83, -0.04,  0,  0,  0
2586424.23226320, -0.019300, 1000,  998, 2, 0.79, 0.83, -0.04,  0,  0,  0
2586424.23476320, 1.037165, 1000,  998, 2, 0.79, 0.83, -0.04,  0,  0,  0
2586424.23726320, 1.445121, 1000,  998, 2, 0.79, 0.83, -0.04,  0,  0,  0
2586424.23976320, 0.834058, 1000,  998, 2, 0.79, 0.83, -0.04,  0,  0,  0
2586424.24226320, 0.563649, 1000,  998, 2, 0.79, 0.83, -0.04,  0,  0,  0
2586424.24476320, -0.581346, 1000,  998, 2, 0.79, 0.83, -0.04,  0,  0,  0
2586424.24726320, -1.158453, 1000,  998, 2, 0.79, 0.83, -0.04,  0,  0,  0
2586424.24976320, -0.951307, 1000,  998, 2, 0.79, 0.83, -0.04,  0,  0,  0
2586424.25226320, -0.951307, 1000,  998, 2, 0.79, 0.83, -0.04,  0,  0,  0
2586424.25476320, 0.084696, 1000,  998, 2, 0.79, 0.83, -0.04,  0,  0,  0
2586424.25726320, 1.098592, 1000,  998, 2, 0.79, 0.83, -0.04,  0,  0,  0
2586424.25976320, 1.092455, 1000,  998, 2, 0.79, 0.83, -0.04,  0,  0,  0
2586424.26226320, 0.489865, 1000,  998, 2, 0.79, 0.83, -0.04,  0,  0,  0
2586424.26476320, -0.365070, 1000,  998, 2, 0.79, 0.83, -0.04,  0,  0,  0
2586424.26726320, -1.223730, 1000,  998, 2, 0.79, 0.83, -0.04,  0,  0,  0
2586424.26976320, -1.122360, 1000,  998, 2, 0.79, 0.83, -0.04,  0,  0,  0
2586424.27226320, -0.634650, 1000,  998, 2, 0.79, 0.83, -0.04,  0,  0,  0
2586424.27476320, 0.594626, 1000,  998, 2, 0.79, 0.83, -0.04,  0,  0,  0
2586424.27726320, 0.991462, 1000,  998, 2, 0.79, 0.83, -0.04,  0,  0,  0
2586424.27976320, 0.713920, 1000,  998, 2, 0.79, 0.83, -0.04,  0,  0,  0
2586424.28226320, 0.178913, 1000,  998, 2, 0.79, 0.83, -0.04,  0,  0,  0
2586424.28476320, -0.713825, 1000,  998, 2, 0.79, 0.83, -0.04,  0,  0,  0
2586424.28726320, -1.343008, 1000,  998, 2, 0.79, 0.83, -0.04,  0,  0,  0
2586424.28976320, -1.375508, 1000,  998, 2, 0.79, 0.83, -0.04,  0,  0,  0
2586424.29226320, -1.307489, 1000,  998, 2, 0.79, 0.83, -0.04,  0,  0,  0
2586424.29476320, -1.239470, 1000,  998, 2, 0.79, 0.83, -0.04,  0,  0,  0
2586424.29726320, -1.171451, 1000,  998, 2, 0.79, 0.83, -0.04,  0,  0,  0
2586424.29976320, -1.103432, 1000,  998, 2, 0.79, 0.83, -0.04,  0,  0,  0
2586424.30226320, -1.035413, 1000,  998, 2, 0.79, 0.83, -0.04,  0,  0,  0
2586424.30476320, -1.319532, 1000,  998, 2, 0.79, 0.83, -0.04,  0,  0,  0
2586424.30726320, -1.505567, 1000,  998, 2, 0.79, 0.83, -0.04,  0,  0,  0
2586424.30976320, -1.275977, 1000,  998, 2, 0.79, 0.83, -0.04,  0,  0,  0
2586424.31226320, -0.853607, 1000,  998, 2, 0.79, 0.83, -0.04,  0,  0,  0
2586424.31476320, 1.004766, 1000,  998, 2, 0.79, 0.83, -0.04,  0,  0,  0
2586424.31726320, 0.868479, 1000,  998, 2, 0.79, 0.83, -0.04,  0,  0,  0
2586424.31976320, 0.231463, 1000,  998, 2, 0.79, 0.83, -0.04,  0,  0,  0
2586424.32226320, -0.405553, 1000,  998, 2, 0.79, 0.83, -0.04,  0,  0,  0
2586424.32476320, -1.042570, 1000,  998, 2, 0.79, 0.83, -0.04,  0,  0,  0
2586424.32726320, -1.087251, 1000,  998, 2, 0.79, 0.83, -0.04,  0,  0,  0
2586424.32976320, -1.189939, 1000,  998, 2, 0.79, 0.83, -0.04,  0,  0,  0
2586424.33226320, -0.808205, 1000,  998, 2, 0.79, 0.83, -0.04,  0,  0,  0
2586424.33476320, 1.325835, 1000,  998, 2, 0.79, 0.83, -0.04,  0,  0,  0
2586424.33726320, 1.336778, 1000,  998, 2, 0.79, 0.83, -0.04,  0,  0,  0
2586424.33976320, 1.389204, 1000,  998, 2, 0.79, 0.83, -0.04,  0,  0,  0
2586424.34226320, 0.533301, 1000,  998, 2, 0.79, 0.83, -0.04,  0,  0,  0
2586424.34476320, -0.294528, 1000,  998, 2, 0.79, 0.83, -0.04,  0,  0,  0
2586424.34726320, -0.723995, 1000,  998, 2, 0.79, 0.83, -0.04,  0,  0,  0
2586424.34976320, -0.790945, 1000,  998, 2, 0.79, 0.83, -0.04,  0,  0,  0
2586424.35226320, -0.400289, 1000,  998, 2, 0.79, 0.83, -0.04,  0,  0,  0
2586424.35476320, 0.572973, 1000,  998, 2, 0.79, 0.83, -0.04,  0,  0,  0
2586424.35726320, 0.898574, 1000,  998, 2, 0.79, 0.83, -0.04,  0,  0,  0
2586424.35976320, 1.224175, 1000,  998, 2, 0.79, 0.83, -0.04,  0,  0,  0
2586424.36226320, -0.025076, 1000,  998, 2, 0.79, 0.83, -0.04,  0,  0,  0
2586424.36476320, -0.772989, 1000,  998, 2, 0.79, 0.83, -0.04,  0,  0,  0
2586424.36726320, -1.165510, 1000,  998, 2, 0.79, 0.83, -0.04,  0,  0,  0
2586424.36976320, -0.983380, 1000,  998, 2, 0.79, 0.83, -0.04,  0,  0,  0
2586424.37226320, -0.691833, 1000,  998, 2, 0.79, 0.83, -0.04,  0,  0,  0
2586424.37476320, 0.484637, 1000,  998, 2, 0.79, 0.83, -0.04,  0,  0,  0
2586424.37726320, 1.277296, 1000,  998, 2, 0.79, 0.83, -0.04,  0,  0,  0
2586424.37976320, 1.380971, 1000,  998, 2, 0.79, 0.83, -0.04,  0,  0,  0
2586424.38226320, 0.916683, 1000,  998, 2, 0.79, 0.83, -0.04,  0,  0,  0
2586424.38726320, -1.418286, 1000,  998, 2, 0.79, 0.83, -0.04,  0,  0,  0
2586424.38976320, -1.254830, 1000,  998, 2, 0.79, 0.83, -0.04,  0,  0,  0
2586424.39226320, -0.558307, 1000,  998, 2, 0.79, 0.83, -0.04,  0,  0,  0
2586424.39476320, 0.414170, 1000,  998, 2, 0.79, 0.83, -0.04,  0,  0,  0
2586424.39726320, 0.840260, 1000,  998, 2, 0.79, 0.83, -0.04,  0,  0,  0
2586424.39976320, 1.059417, 1000,  998, 2, 0.79, 0.83, -0.04,  0,  0,  0
2586424.40226320, 0.517651, 1000,  998, 2, 0.79, 0.83, -0.04,  0,  0,  0
2586424.40476320, -0.300758, 1000,  998, 2, 0.79, 0.83, -0.04,  0,  0,  0
2586424.40726320, -0.889326, 1000,  998, 2, 0.79, 0.83, -0.04,  0,  0,  0
2586424.40976320, -0.810138, 1000,  998, 2, 0.79, 0.83, -0.04,  0,  0,  0
2586424.41226320, -0.730949, 1000,  998, 2, 0.79, 0.83, -0.04,  0,  0,  0
2586424.41476320, -0.651761, 1000,  998, 2, 0.79, 0.83, -0.04,  0,  0,  0
2586424.41726320, 0.338359, 1000,  998, 2, 0.79, 0.83, -0.04,  0,  0,  0
2586424.41976320, 0.841083, 1000,  998, 2, 0.79, 0.83, -0.04,  0,  0,  0
2586424.42226320, 0.237622, 1000,  998, 2, 0.79, 0.83, -0.04,  0,  0,  0
2586424.42476320, -0.370180, 1000,  998, 2, 0.79, 0.83, -0.04,  0,  0,  0
2586424.42726320, -1.154184, 1000,  998, 2, 0.79, 0.83, -0.04,  0,  0,  0
2586424.42976320, -1.065105, 1000,  998, 2, 0.79, 0.83, -0.04,  0,  0,  0
2586424.43226320, -0.230153, 1000,  998, 2, 0.79, 0.83, -0.04,  0,  0,  0
2586424.43476320, 0.719043, 1000,  998, 2, 0.79, 0.83, -0.04,  0,  0,  0
2586424.43726320, 1.331209, 1000,  998, 2, 0.79, 0.83, -0.04,  0,  0,  0
2586424.43976320, 0.893098, 1000,  998, 2, 0.79, 0.83, -0.04,  0,  0,  0
2586424.44226320, 0.248214, 1000,  998, 2, 0.79, 0.83, -0.04,  0,  0,  0
2586424.44476320, -0.356114, 1000,  998, 2, 0.79, 0.83, -0.04,  0,  0,  0
2586424.44726320, -0.860023, 1000,  998, 2, 0.79, 0.83, -0.04,  0,  0,  0
2586424.44976320, -0.880025, 1000,  998, 2, 0.79, 0.83, -0.04,  0,  0,  0
2586424.45226320, 0.391774, 1000,  998, 2, 0.79, 0.83, -0.04,  0,  0,  0
2586424.45476320, 1.290796, 1000,  998, 2, 0.79, 0.83, -0.04,  0,  0,  0
2586424.45726320, 1.474813, 1000,  998, 2, 0.79, 0.83, -0.04,  0,  0,  0
2586424.45976320, 1.361338, 1000,  998, 2, 0.79, 0.83, -0.04,  0,  0,  0
2586424.46226320, 1.034951, 1000,  998, 2, 0.79, 0.83, -0.04,  0,  0,  0
2586424.46476320, 0.441960, 1000,  998, 2, 0.79, 0.83, -0.04,  0,  0,  0
2586424.46726320, -0.951920, 1000,  998, 2, 0.79, 0.83, -0.04,  0,  0,  0
2586424.46976320, -1.143742, 1000,  998, 2, 0.79, 0.83, -0.04,  0,  0,  0
2586424.47226320, -0.620431, 1000,  998, 2, 0.79, 0.83, -0.04,  0,  0,  0
2586424.47476320, 0.446314, 1000,  998, 2, 0.79, 0.83, -0.04,  0,  0,  0
2586424.47726320, 1.080061, 1000,  998, 2, 0.79, 0.83, -0.04,  0,  0,  0
2586424.47976320, 1.154172, 1000,  998, 2, 0.79, 0.83, -0.04,  0,  0,  0
2586424.48226320, 0.314004, 1000,  998, 2, 0.79, 0.83, -0.04,  0,  0,  0
2586424.48476320, -0.467813, 1000,  998, 2, 0.79, 0.83, -0.04,  0,  0,  0
2586424.48726320, -0.679142, 1000,  998, 2, 0.79, 0.83, -0.04,  0,  0,  0
2586424.48976320, -0.721398, 1000,  998, 2, 0.79, 0.83, -0.04,  0,  0,  0
2586424.49226320, -0.094221, 1000,  998, 2, 0.79, 0.83, -0.04,  0,  0,  0
2586424.49476320, 0.787164, 1000,  998, 2, 0.79, 0.83, -0.04,  0,  0,  0
2586424.49726320, 1.228552, 1000,  998, 2, 0.79, 0.83, -0.04,  0,  0,  0
2586424.49976320, 0.910965, 1000,  998, 2, 0.79, 0.83, -0.04,  0,  0,  0
2586424.50226320, -0.641274, 1000,  998, 2, 0.79, 0.83, -0.04,  0,  0,  0
2586424.50476320, -0.893012, 1000,  998, 2, 0.79, 0.83, -0.04,  0,  0,  0
2586424.50726320, -1.380307, 1000,  998, 2, 0.79, 0.83, -0.04,  0,  0,  0
2586424.50976320, -1.076883, 1000,  998, 2, 0.79, 0.83, -0.04,  0,  0,  0
2586424.51226320, -0.550207, 1000,  998, 2, 0.79, 0.83, -0.04,  0,  0,  0
2586424.51726320, 0.417846, 1000,  998, 2, 0.79, 0.83, -0.04,  0,  0,  0
2586424.51976320, 0.756482, 1000,  998, 2, 0.79, 0.83, -0.04,  0,  0,  0
2586424.52226320, 1.095118, 1000,  998, 2, 0.79, 0.83, -0.04,  0,  0,  0
2586424.52476320, 0.049975, 1000,  998, 2, 0.79, 0.83, -0.04,  0,  0,  0
2586424.52726320, -1.310523, 1000,  998, 2, 0.79, 0.83, -0.04,  0,  0,  0
2586424.52976320, -1.222096, 1000,  998, 2, 0.79, 0.83, -0.04,  0,  0,  0
2586424.53226320, 0.064320, 1000,  998, 2, 0.79, 0.83, -0.04,  0,  0,  0
2586424.53476320, 0.382847, 1000,  998, 2, 0.79, 0.83, -0.04,  0,  0,  0
2586424.53726320, 1.228394, 1000,  998, 2, 0.79, 0.83, -0.04,  0,  0,  0
2586424.53976320, 1.305390, 1000,  998, 2, 0.79, 0.83, -0.04,  0,  0,  0
2586424.54226320, 0.857010, 1000,  998, 2, 0.79, 0.83, -0.04,  0,  0,  0
2586424.54476320, -0.385228, 1000,  998, 2, 0.79, 0.83, -0.04,  0,  0,  0
2586424.54726320, -0.739681, 1000,  998, 2, 0.79, 0.83, -0.04,  0,  0,  0
2586424.54976320, -0.872666, 1000,  998, 2, 0.79, 0.83, -0.04,  0,  0,  0
2586424.55226320, -0.883353, 1000,  998, 2, 0.79, 0.83, -0.04,  0,  0,  0
2586424.55476320, -0.015948, 1000,  998, 2, 0.79, 0.83, -0.04,  0,  0,  0
2586424.55726320, 0.829804, 1000,  998, 2, 0.79, 0.83, -0.04,  0,  0,  0
2586424.55976320, 0.978045, 1000,  998, 2, 0.79, 0.83, -0.04,  0,  0,  0
2586424.56226320, 0.109936, 1000,  998, 2, 0.79, 0.83, -0.04,  0,  0,  0
2586424.56476320, -0.883226, 1000,  998, 2, 0.79, 0.83, -0.04,  0,  0,  0
2586424.56726320, -1.434195, 1000,  998, 2, 0.79, 0.83, -0.04,  0,  0,  0
2586424.56976320, -1.149375, 1000,  998, 2, 0.79, 0.83, -0.04,  0,  0,  0
2586424.57226320, 0.130683, 1000,  998, 2, 0.79, 0.83, -0.04,  0,  0,  0
2586424.57476320, 1.250502, 1000,  998, 2, 0.79, 0.83, -0.04,  0,  0,  0
2586424.57726320, 1.482993, 1000,  998, 2, 0.79, 0.83, -0.04,  0,  0,  0
2586424.57976320, 1.478494, 1000,  998, 2, 0.79, 0.83, -0.04,  0,  0,  0
2586424.58226320, 1.076621, 1000,  998, 2, 0.79, 0.83, -0.04,  0,  0,  0
2586424.58476320, -0.110680, 1000,  998, 2, 0.79, 0.83, -0.04,  0,  0,  0
2586424.58726320, -1.297981, 1000,  998, 2, 0.79, 0.83, -0.04,  0,  0,  0
2586424.58976320, -1.298648, 1000,  998, 2, 0.79, 0.83, -0.04,  0,  0,  0
2586424.59226320, -0.687991, 1000,  998, 2, 0.79, 0.83, -0.04,  0,  0,  0
2586424.59476320, -0.102009, 1000,  998, 2, 0.79, 0.83, -0.04,  0,  0,  0
2586424.59726320, 0.556497, 1000,  998, 2, 0.79, 0.83, -0.04,  0,  0,  0
2586424.59976320, 1.648309, 1000,  998, 2, 0.79, 0.83, -0.04,  0,  0,  0
2586424.60226320, 1.041204, 1000,  998, 2, 0.79, 0.83, -0.04,  0,  0,  0
2586424.60476320, -0.303684, 1000,  998, 2, 0.79, 0.83, -0.04,  0,  0,  0
2586424.60726320, -1.048481, 1000,  998, 2, 0.79, 0.83, -0.04,  0,  0,  0
2586424.60976320, -0.878326, 1000,  998, 2, 0.79, 0.83, -0.04,  0,  0,  0
2586424.61226320, -0.136208, 1000,  998, 2, 0.79, 0.83, -0.04,  0,  0,  0
2586424.61476320, 0.682455, 1000,  998, 2, 0.79, 0.83, -0.04,  0,  0,  0
2586424.61726320, 1.283072, 1000,  998, 2, 0.79, 0.83, -0.04,  0,  0,  0
2586424.61976320, 1.197694, 1000,  998, 2, 0.79, 0.83, -0.04,  0,  0,  0
2586424.62226320, 0.403785, 1000,  998, 2, 0.79, 0.83, -0.04,  0,  0,  0
2586424.62476320, -0.689595, 1000,  998, 2, 0.79, 0.83, -0.04,  0,  0,  0
2586424.62726320, -0.876277, 1000,  998, 2, 0.79, 0.83, -0.04,  0,  0,  0
2586424.62976320, -1.021767, 1000,  998, 2, 0.79, 0.83, -0.04,  0,  0,  0
2586424.63226320, 0.395735, 1000,  998, 2, 0.79, 0.83, -0.04,  0,  0,  0
2586424.63476320, 0.692963, 1000,  998, 2, 0.79, 0.83, -0.04,  0,  0,  0
2586424.63726320, 1.176164, 1000,  998, 2, 0.79, 0.83, -0.04,  0,  0,  0
2586424.63976320, 1.057725, 1000,  998, 2, 0.79, 0.83, -0.04,  0,  0,  0
2586424.64226320, 0.802756, 1000,  998, 2, 0.79, 0.83, -0.04,  0,  0,  0
2586424.64476320, 0.101044, 1000,  998, 2, 0.79, 0.83, -0.04,  0,  0,  0
2586424.64726320, -1.656901, 1000,  998, 2, 0.79, 0.83, -0.04,  0,  0,  0
2586424.64976320, -1.480192, 1000,  998, 2, 0.79, 0.83, -0.04,  0,  0,  0
2586424.65226320, -0.884742, 1000,  998, 2, 0.79, 0.83, -0.04,  0,  0,  0
2586424.65476320, 0.504184, 1000,  998, 2, 0.79, 0.83, -0.04,  0,  0,  0
2586424.65726320, 1.357223, 1000,  998, 2, 0.79, 0.83, -0.04,  0,  0,  0
2586424.65976320, 1.132993, 1000,  998, 2, 0.79, 0.83, -0.04,  0,  0,  0
2586424.66226320, -0.149497, 1000,  998, 2, 0.79, 0.83, -0.04,  0,  0,  0
2586424.66476320, -0.385922, 1000,  998, 2, 0.79, 0.83, -0.04,  0,  0,  0
2586424.66726320, -1.094037, 1000,  998, 2, 0.79, 0.83, -0.04,  0,  0,  0
2586424.66976320, -0.797667, 1000,  998, 2, 0.79, 0.83, -0.04,  0,  0,  0
2586424.67226320, 0.352971, 1000,  998, 2, 0.79, 0.83, -0.04,  0,  0,  0
2586424.67476320, 0.699861, 1000,  998, 2, 0.79, 0.83, -0.04,  0,  0,  0
2586424.67726320, 1.281376, 1000,  998, 2, 0.79, 0.83, -0.04,  0,  0,  0
2586424.68226320, -0.491603, 1000,  998, 2, 0.79, 0.83, -0.04,  0,  0,  0
2586424.68476320, -0.836504, 1000,  998, 2, 0.79, 0.83, -0.04,  0,  0,  0
2586424.68726320, -1.343723, 1000,  998, 2, 0.79, 0.83, -0.04,  0,  0,  0
2586424.68976320, -0.399819, 1000,  998, 2, 0.79, 0.83, -0.04,  0,  0,  0
2586424.69226320, 0.191359, 1000,  998, 2, 0.79, 0.83, -0.04,  0,  0,  0
2586424.69476320, 0.933192, 1000,  998, 2, 0.79, 0.83, -0.04,  0,  0,  0
2586424.69726320, 1.386244, 1000,  998, 2, 0.79, 0.83, -0.04,  0,  0,  0
2586424.69976320, 0.808056, 1000,  998, 2, 0.79, 0.83, -0.04,  0,  0,  0
2586424.70226320, 0.307646, 1000,  998, 2, 0.79, 0.83, -0.04,  0,  0,  0
2586424.70476320, -0.120070, 1000,  998, 2, 0.79, 0.83, -0.04,  0,  0,  0
2586424.70726320, -1.105770, 1000,  998, 2, 0.79, 0.83, -0.04,  0,  0,  0
2586424.70976320, -0.960960, 1000,  998, 2, 0.79, 0.83, -0.04,  0,  0,  0
2586424.71226320, -0.185159, 1000,  998, 2, 0.79, 0.83, -0.04,  0,  0,  0
2586424.71476320, 0.584403, 1000,  998, 2, 0.79, 0.83, -0.04,  0,  0,  0
2586424.71726320, 1.020132, 1000,  998, 2, 0.79, 0.83, -0.04,  0,  0,  0
2586424.71976320, 1.115524, 1000,  998, 2, 0.79, 0.83, -0.04,  0,  0,  0
2586424.72226320, 0.626379, 1000,  998, 2, 0.79, 0.83, -0.04,  0,  0,  0
2586424.72476320, -0.552311, 1000,  998, 2, 0.79, 0.83, -0.04,  0,  0,  0
2586424.72726320, -1.583140, 1000,  998, 2, 0.79, 0.83, -0.04,  0,  0,  0
2586424.72976320, -1.207887, 1000,  998, 2, 0.79, 0.83, -0.04,  0,  0,  0
2586424.73226320, -0.762207, 1000,  998, 2, 0.79, 0.83, -0.04,  0,  0,  0
2586424.73476320, 0.901269, 1000,  998, 2, 0.79, 0.83, -0.04,  0,  0,  0
2586424.73726320, 1.554811, 1000,  998, 2, 0.79, 0.83, -0.04,  0,  0,  0
2586424.73976320, 0.834058, 1000,  998, 2, 0.79, 0.83, -0.04,  0,  0,  0
2586424.74226320, 0.560077, 1000,  998, 2, 0.79, 0.83, -0.04,  0,  0,  0
2586424.74476320, -0.467767, 1000,  998, 2, 0.79, 0.83, -0.04,  0,  0,  0
2586424.74726320, -0.929365, 1000,  998, 2, 0.79, 0.83, -0.04,  0,  0,  0
2586424.74976320, -1.180372, 1000,  998, 2, 0.79, 0.83, -0.04,  0,  0,  0
2586424.75226320, -0.123820, 1000,  998, 2, 0.79, 0.83, -0.04,  0,  0,  0
2586424.75476320, 1.090637, 1000,  998, 2, 0.79, 0.83, -0.04,  0,  0,  0
2586424.75726320, 1.085561, 1000,  998, 2, 0.79, 0.83, -0.04,  0,  0,  0
2586424.75976320, 1.051817, 1000,  998, 2, 0.79, 0.83, -0.04,  0,  0,  0
2586424.76226320, 1.018074, 1000,  998, 2, 0.79, 0.83, -0.04,  0,  0,  0
2586424.76476320, 0.387887, 1000,  998, 2, 0.79, 0.83, -0.04,  0,  0,  0
2586424.76726320, -0.614359, 1000,  998, 2, 0.79, 0.83, -0.04,  0,  0,  0
2586424.76976320, -1.369900, 1000,  998, 2, 0.79, 0.83, -0.04,  0,  0,  0
2586424.77226320, -1.029889, 1000,  998, 2, 0.79, 0.83, -0.04,  0,  0,  0
2586424.77476320, -0.298240, 1000,  998, 2, 0.79, 0.83, -0.04,  0,  0,  0
2586424.77726320, 1.450675, 1000,  998, 2, 0.79, 0.83, -0.04,  0,  0,  0
2586424.77976320, 0.898183, 1000,  998, 2, 0.79, 0.83, -0.04,  0,  0,  0
2586424.78226320, -0.490935, 1000,  998, 2, 0.79, 0.83, -0.04,  0,  0,  0
2586424.78476320, -1.411012, 1000,  998, 2, 0.79, 0.83, -0.04,  0,  0,  0
2586424.78726320, -1.401978, 1000,  998, 2, 0.79, 0.83, -0.04,  0,  0,  0
2586424.78976320, -1.141220, 1000,  998, 2, 0.79, 0.83, -0.04,  0,  0,  0
2586424.79226320, -0.387304, 1000,  998, 2, 0.79, 0.83, -0.04,  0,  0,  0
2586424.79476320, 0.754407, 1000,  998, 2, 0.79, 0.83, -0.04,  0,  0,  0
2586424.79726320, 1.458370, 1000,  998, 2, 0.79, 0.83, -0.04,  0,  0,  0
2586424.79976320, 1.037183, 1000,  998, 2, 0.79, 0.83, -0.04,  0,  0,  0
2586424.80226320, 0.511848, 1000,  998, 2, 0.79, 0.83, -0.04,  0,  0,  0
2586424.80476320, -1.132948, 1000,  998, 2, 0.79, 0.83, -0.04,  0,  0,  0
2586424.80726320, -1.550963, 1000,  998, 2, 0.79, 0.83, -0.04,  0,  0,  0
2586424.80976320, -1.100979, 1000,  998, 2, 0.79, 0.83, -0.04,  0,  0,  0
2586424.81226320, -0.834866, 1000,  998, 2, 0.79, 0.83, -0.04,  0,  0,  0
2586424.81476320, 0.276622, 1000,  998, 2, 0.79, 0.83, -0.04,  0,  0,  0
2586424.81726320, 1.174470, 1000,  998, 2, 0.79, 0.83, -0.04,  0,  0,  0
2586424.81976320, 0.791295, 1000,  998, 2, 0.79, 0.83, -0.04,  0,  0,  0
2586424.82226320, 0.791295, 1000,  998, 2, 0.79, 0.83, -0.04,  0,  0,  0
2586424.82476320, 0.486702, 1000,  998, 2, 0.79, 0.83, -0.04,  0,  0,  0
2586424.82726320, -0.983350, 1000,  998, 2, 0.79, 0.83, -0.04,  0,  0,  0
2586424.82976320, -1.063604, 1000,  998, 2, 0.79, 0.83, -0.04,  0,  0,  0
2586424.83226320, -0.539980, 1000,  998, 2, 0.79, 0.83, -0.04,  0,  0,  0
2586424.83476320, -0.170455, 1000,  998, 2, 0.79, 0.83, -0.04,  0,  0,  0
2586424.83726320, 0.199070, 1000,  998, 2, 0.79, 0.83, -0.04,  0,  0,  0
2586424.83976320, 0.476991, 1000,  998, 2, 0.79, 0.83, -0.04,  0,  0,  0
2586424.84226320, 0.217713, 1000,  998, 2, 0.79, 0.83, -0.04,  0,  0,  0
2586424.84476320, -0.472419, 1000,  998, 2, 0.79, 0.83, -0.04,  0,  0,  0
2586424.84726320, -0.722331, 1000,  998, 2, 0.79, 0.83, -0.04,  0,  0,  0
2586424.84976320, -0.849733, 1000,  998, 2, 0.79, 0.83, -0.04,  0,  0,  0
2586424.85226320, -0.744280, 1000,  998, 2, 0.79, 0.83, -0.04,  0,  0,  0
2586424.85476320, 0.144928, 1000,  998, 2, 0.79, 0.83, -0.04,  0,  0,  0
2586424.85726320, 1.164144, 1000,  998, 2, 0.79, 0.83, -0.04,  0,  0,  0
2586424.85976320, 0.844749, 1000,  998, 2, 0.79, 0.83, -0.04,  0,  0,  0
2586424.86226320, 0.480354, 1000,  998, 2, 0.79, 0.83, -0.04,  0,  0,  0
2586424.86726320, -1.203630, 1000,  998, 2, 0.79, 0.83, -0.04,  0,  0,  0
2586424.86976320, -0.566438, 1000,  998, 2, 0.79, 0.83, -0.04,  0,  0,  0
2586424.87226320, -0.284940, 1000,  998, 2, 0.79, 0.83, -0.04,  0,  0,  0
2586424.87476320, 0.732781, 1000,  998, 2, 0.79, 0.83, -0.04,  0,  0,  0
2586424.87726320, 1.176159, 1000,  998, 2, 0.79, 0.83, -0.04,  0,  0,  0
2586424.87976320, 1.295740, 1000,  998, 2, 0.79, 0.83, -0.04,  0,  0,  0
2586424.88226320, 0.364615, 1000,  998, 2, 0.79, 0.83, -0.04,  0,  0,  0
2586424.88476320, -0.486281, 1000,  998, 2, 0.79, 0.83, -0.04,  0,  0,  0
2586424.88726320, -0.894340, 1000,  998, 2, 0.79, 0.83, -0.04,  0,  0,  0
2586424.88976320, -1.024723, 1000,  998, 2, 0.79, 0.83, -0.04,  0,  0,  0
2586424.89226320, -1.155105, 1000,  998, 2, 0.79, 0.83, -0.04,  0,  0,  0
2586424.89476320, 1.315144, 1000,  998, 2, 0.79, 0.83, -0.04,  0,  0,  0
2586424.89726320, 1.315144, 1000,  998, 2, 0.79, 0.83, -0.04,  0,  0,  0
2586424.89976320, 1.315144, 1000,  998, 2, 0.79, 0.83, -0.04,  0,  0,  0
2586424.90226320, 0.445746, 1000,  998, 2, 0.79, 0.83, -0.04,  0,  0,  0
2586424.90476320, -0.862418, 1000,  998, 2, 0.79, 0.83, -0.04,  0,  0,  0
2586424.90726320, -1.382199, 1000,  998, 2, 0.79, 0.83, -0.04,  0,  0,  0
2586424.90976320, -0.855090, 1000,  998, 2, 0.79, 0.83, -0.04,  0,  0,  0
2586424.91226320, -0.424776, 1000,  998, 2, 0.79, 0.83, -0.04,  0,  0,  0
2586424.91476320, 0.784836, 1000,  998, 2, 0.79, 0.83, -0.04,  0,  0,  0
2586424.91726320, 1.407222, 1000,  998, 2, 0.79, 0.83, -0.04,  0,  0,  0
2586424.91976320, 1.165260, 1000,  998, 2, 0.79, 0.83, -0.04,  0,  0,  0
2586424.92226320, 0.007158, 1000,  998, 2, 0.79, 0.83, -0.04,  0,  0,  0
2586424.92476320, -0.994071, 1000,  998, 2, 0.79, 0.83, -0.04,  0,  0,  0
2586424.92726320, -1.116757, 1000,  998, 2, 0.79, 0.83, -0.04,  0,  0,  0
2586424.92976320, -1.051375, 1000,  998, 2, 0.79, 0.83, -0.04,  0,  0,  0
2586424.93226320, 0.166271, 1000,  998, 2, 0.79, 0.83, -0.04,  0,  0,  0
2586424.93476320, 1.347217, 1000,  998, 2, 0.79, 0.83, -0.04,  0,  0,  0
2586424.93726320, 1.402743, 1000,  998, 2, 0.79, 0.83, -0.04,  0,  0,  0
2586424.93976320, 1.196839, 1000,  998, 2, 0.79, 0.83, -0.04,  0,  0,  0
2586424.94226320, 0.685934, 1000,  998, 2, 0.79, 0.83, -0.04,  0,  0,  0
2586424.94476320, -0.758873, 1000,  998, 2, 0.79, 0.83, -0.04,  0,  0,  0
2586424.94726320, -0.758873, 1000,  998, 2, 0.79, 0.83, -0.04,  0,  0,  0
2586424.94976320, -0.721849, 1000,  998, 2, 0.79, 0.83, -0.04,  0,  0,  0
2586424.95226320, -0.683177, 1000,  998, 2, 0.79, 0.83, -0.04,  0,  0,  0
2586424.95476320, -0.644505, 1000,  998, 2, 0.79, 0.83, -0.04,  0,  0,  0
2586424.95726320, 0.282574, 1000,  998, 2, 0.79, 0.83, -0.04,  0,  0,  0
2586424.95976320, 1.116123, 1000,  998, 2, 0.79, 0.83, -0.04,  0,  0,  0
2586424.96226320, 0.454563, 1000,  998, 2, 0.79, 0.83, -0.04,  0,  0,  0
2586424.96476320, -0.258987, 1000,  998, 2, 0.79, 0.83, -0.04,  0,  0,  0
2586424.96726320, -0.906607, 1000,  998, 2, 0.79, 0.83, -0.04,  0,  0,  0
2586424.96976320, -0.635325, 1000,  998, 2, 0.79, 0.83, -0.04,  0,  0,  0
2586424.97226320, -0.630583, 1000,  998, 2, 0.79, 0.83, -0.04,  0,  0,  0
2586424.97476320, 1.272381, 1000,  998, 2, 0.79, 0.83, -0.04,  0,  0,  0
2586424.97726320, 1.352099, 1000,  998, 2, 0.79, 0.83, -0.04,  0,  0,  0
2586424.97976320, 1.118421, 1000,  998, 2, 0.79, 0.83, -0.04,  0,  0,  0
2586424.98226320, -0.148724, 1000,  998, 2, 0.79, 0.83, -0.04,  0,  0,  0
2586424.98476320, -1.186505, 1000,  998, 2, 0.79, 0.83, -0.04,  0,  0,  0
2586424.98726320, -1.313745, 1000,  998, 2, 0.79, 0.83, -0.04,  0,  0,  0
2586424.98976320, -1.083820, 1000,  998, 2, 0.79, 0.83, -0.04,  0,  0,  0
2586424.99226320, -0.082872, 1000,  998, 2, 0.79, 0.83, -0.04,  0,  0,  0
2586424.99726320, 1.373405, 1000,  998, 2, 0.79, 0.83, -0.04,  0,  0,  0
2586424.99976320, 0.620242, 1000,  998, 2, 0.79, 0.83, -0.04,  0,  0,  0
2586425.00226320, 0.149145, 1000,  998, 2, 0.79, 0.83, -0.04,  0,  0,  0
2586425.00476320, -0.770301, 1000,  998, 2, 0.79, 0.83, -0.04,  0,  0,  0
2586425.00726320, -1.367021, 1000,  998, 2, 0.79, 0.83, -0.04,  0,  0,  0
2586425.00976320, -1.264425, 1000,  998, 2, 0.79, 0.83, -0.04,  0,  0,  0
2586425.01226320, -0.295110, 1000,  998, 2, 0.79, 0.83, -0.04,  0,  0,  0
2586425.01476320, 0.463353, 1000,  998, 2, 0.79, 0.83, -0.04,  0,  0,  0
2586425.01726320, 0.620163, 1000,  998, 2, 0.79, 0.83, -0.04,  0,  0,  0
2586425.01976320, 0.776974, 1000,  998, 2, 0.79, 0.83, -0.04,  0,  0,  0
2586425.02226320, 0.933785, 1000,  998, 2, 0.79, 0.83, -0.04,  0,  0,  0
2586425.02476320, 0.490182, 1000,  998, 2, 0.79, 0.83, -0.04,  0,  0,  0
2586425.02726320, -0.815373, 1000,  998, 2, 0.79, 0.83, -0.04,  0,  0,  0
2586425.02976320, -0.717599, 1000,  998, 2, 0.79, 0.83, -0.04,  0,  0,  0
2586425.03226320, -0.560249, 1000,  998, 2, 0.79, 0.83, -0.04,  0,  0,  0
2586425.03476320, -0.140445, 1000,  998, 2, 0.79, 0.83, -0.04,  0,  0,  0
2586425.03726320, 1.093610, 1000,  998, 2, 0.79, 0.83, -0.04,  0,  0,  0
2586425.03976320, 1.299894, 1000,  998, 2, 0.79, 0.83, -0.04,  0,  0,  0
2586425.04226320, 0.245920, 1000,  998, 2, 0.79, 0.83, -0.04,  0,  0,  0
2586425.04476320, -0.778054, 1000,  998, 2, 0.79, 0.83, -0.04,  0,  0,  0
2586425.04726320, -1.261341, 1000,  998, 2, 0.79, 0.83, -0.04,  0,  0,  0
2586425.04976320, -1.132757, 1000,  998, 2, 0.79, 0.83, -0.04,  0,  0,  0
2586425.05226320, -0.158434, 1000,  998, 2, 0.79, 0.83, -0.04,  0,  0,  0
2586425.05476320, 0.811053, 1000,  998, 2, 0.79, 0.83, -0.04,  0,  0,  0
2586425.05726320, 1.239369, 1000,  998, 2, 0.79, 0.83, -0.04,  0,  0,  0
2586425.05976320, 0.818042, 1000,  998, 2, 0.79, 0.83, -0.04,  0,  0,  0
2586425.06226320, -0.384694, 1000,  998, 2, 0.79, 0.83, -0.04,  0,  0,  0
2586425.06476320, -0.384694, 1000,  998, 2, 0.79, 0.83, -0.04,  0,  0,  0
2586425.06726320, -1.614137, 1000,  998, 2, 0.79, 0.83, -0.04,  0,  0,  0
2586425.06976320, -1.590174, 1000,  998, 2, 0.79, 0.83, -0.04,  0,  0,  0
2586425.07226320, -1.480652, 1000,  998, 2, 0.79, 0.83, -0.04,  0,  0,  0
2586425.07476320, -1.371130, 1000,  998, 2, 0.79, 0.83, -0.04,  0,  0,  0
2586425.07726320, -1.261608, 1000,  998, 2, 0.79, 0.83, -0.04,  0,  0,  0
2586425.07976320, -0.805776, 1000,  998, 2, 0.79, 0.83, -0.04,  0,  0,  0
2586425.08226320, 0.419130, 1000,  998, 2, 0.79, 0.83, -0.04,  0,  0,  0
2586425.08476320, -0.343341, 1000,  998, 2, 0.79, 0.83, -0.04,  0,  0,  0
2586425.08726320, -0.781067, 1000,  998, 2, 0.79, 0.83, -0.04,  0,  0,  0
2586425.08976320, -0.941629, 1000,  998, 2, 0.79, 0.83, -0.04,  0,  0,  0
2586425.09226320, -0.742139, 1000,  998, 2, 0.79, 0.83, -0.04,  0,  0,  0
2586425.09476320, 0.609614, 1000,  998, 2, 0.79, 0.83, -0.04,  0,  0,  0
2586425.09726320, 0.836132, 1000,  998, 2, 0.79, 0.83, -0.04,  0,  0,  0
2586425.09976320, 0.433206, 1000,  998, 2, 0.79, 0.83, -0.04,  0,  0,  0
2586425.10226320, -0.288879, 1000,  998, 2, 0.79, 0.83, -0.04,  0,  0,  0
2586425.10476320, -1.036742, 1000,  998, 2, 0.79, 0.83, -0.04,  0,  0,  0
2586425.10726320, -0.908544, 1000,  998, 2, 0.79, 0.83, -0.04,  0,  0,  0
2586425.10976320, -0.690167, 1000,  998, 2, 0.79, 0.83, -0.04,  0,  0,  0
2586425.11226320, 0.242609, 1000,  998, 2, 0.79, 0.83, -0.04,  0,  0,  0
2586425.11476320, 0.924367, 1000,  998, 2, 0.79, 0.83, -0.04,  0,  0,  0
2586425.11726320, 1.101328, 1000,  998, 2, 0.79, 0.83, -0.04,  0,  0,  0
2586425.11976320, 0.958531, 1000,  998, 2, 0.79, 0.83, -0.04,  0,  0,  0
2586425.12226320, 0.004165, 1000,  998, 2, 0.79, 0.83, -0.04,  0,  0,  0
2586425.12476320, -1.298602, 1000,  998, 2, 0.79, 0.83, -0.04,  0,  0,  0
2586425.12726320, -1.438253, 1000,  998, 2, 0.79, 0.83, -0.04,  0,  0,  0
2586425.12976320, -1.395277, 1000,  998, 2, 0.79, 0.83, -0.04,  0,  0,  0
2586425.13226320, 0.577478, 1000,  998, 2, 0.79, 0.83, -0.04,  0,  0,  0
2586425.13476320, 0.869832, 1000,  998, 2, 0.79, 0.83, -0.04,  0,  0,  0
2586425.13726320, 1.711242, 1000,  998, 2, 0.79, 0.83, -0.04,  0,  0,  0
2586425.13976320, 1.695607, 1000,  998, 2, 0.79, 0.83, -0.04,  0,  0,  0
2586425.14226320, 1.384700, 1000,  998, 2, 0.79, 0.83, -0.04,  0,  0,  0
2586425.14476320, 1.073793, 1000,  998, 2, 0.79, 0.83, -0.04,  0,  0,  0
2586425.14726320, -0.342564, 1000,  998, 2, 0.79, 0.83, -0.04,  0,  0,  0
2586425.14976320, -1.467118, 1000,  998, 2, 0.79, 0.83, -0.04,  0,  0,  0
2586425.15226320, -1.133372, 1000,  998, 2, 0.79, 0.83, -0.04,  0,  0,  0
2586425.15476320, -0.364567, 1000,  998, 2, 0.79, 0.83, -0.04,  0,  0,  0
2586425.15726320, 0.641935, 1000,  998, 2, 0.79, 0.83, -0.04,  0,  0,  0
2586425.15976320, 0.935611, 1000,  998, 2, 0.79, 0.83, -0.04,  0,  0,  0
2586425.16226320, 0.084087, 1000,  998, 2, 0.79, 0.83, -0.04,  0,  0,  0
2586425.16476320, -0.846298, 1000,  998, 2, 0.79, 0.83, -0.04,  0,  0,  0
2586425.16726320, -1.458590, 1000,  998, 2, 0.79, 0.83, -0.04,  0,  0,  0
2586425.16976320, -0.683949, 1000,  998, 2, 0.79, 0.83, -0.04,  0,  0,  0
2586425.17226320, 0.470570, 1000,  998, 2, 0.79, 0.83, -0.04,  0,  0,  0
2586425.17476320, 0.647705, 1000,  998, 2, 0.79, 0.83, -0.04,  0,  0,  0
2586425.17726320, 1.046761, 1000,  998, 2, 0.79, 0.83, -0.04,  0,  0,  0
2586425.18226320, -0.267096, 1000,  998, 2, 0.79, 0.83, -0.04,  0,  0,  0
2586425.18476320, -0.466439, 1000,  998, 2, 0.79, 0.83, -0.04,  0,  0,  0
2586425.18726320, -0.966242, 1000,  998, 2, 0.79, 0.83, -0.04,  0,  0,  0
2586425.18976320, -1.138082, 1000,  998, 2, 0.79, 0.83, -0.04,  0,  0,  0
2586425.19226320, 0.740288, 1000,  998, 2, 0.79, 0.83, -0.04,  0,  0,  0
2586425.19476320, 1.304453, 1000,  998, 2, 0.79, 0.83, -0.04,  0,  0,  0
2586425.19726320, 1.162911, 1000,  998, 2, 0.79, 0.83, -0.04,  0,  0,  0
2586425.19976320, 0.882668, 1000,  998, 2, 0.79, 0.83, -0.04,  0,  0,  0
2586425.20226320, 0.624459, 1000,  998, 2, 0.79, 0.83, -0.04,  0,  0,  0
2586425.20476320, -0.127516, 1000,  998, 2, 0.79, 0.83, -0.04,  0,  0,  0
2586425.20726320, -1.192222, 1000,  998, 2, 0.79, 0.83, -0.04,  0,  0,  0
2586425.20976320, -1.297749, 1000,  998, 2, 0.79, 0.83, -0.04,  0,  0,  0
2586425.21226320, -0.771249, 1000,  998, 2, 0.79, 0.83, -0.04,  0,  0,  0
2586425.21476320, -0.128526, 1000,  998, 2, 0.79, 0.83, -0.04,  0,  0,  0
2586425.21726320, 0.967604, 1000,  998, 2, 0.79, 0.83, -0.04,  0,  0,  0
2586425.21976320, 1.077098, 1000,  998, 2, 0.79, 0.83, -0.04,  0,  0,  0
2586425.22226320, 0.592734, 1000,  998, 2, 0.79, 0.83, -0.04,  0,  0,  0
2586425.22476320, -0.298571, 1000,  998, 2, 0.79, 0.83, -0.04,  0,  0,  0
2586425.22726320, -0.989816, 1000,  998, 2, 0.79, 0.83, -0.04,  0,  0,  0
2586425.22976320, -0.720389, 1000,  998, 2, 0.79, 0.83, -0.04,  0,  0,  0
2586425.23226320, 0.203300, 1000,  998, 2, 0.79, 0.83, -0.04,  0,  0,  0
2586425.23476320, 0.576956, 1000,  998, 2, 0.79, 0.83, -0.04,  0,  0,  0
2586425.23726320, 1.201107, 1000,  998, 2, 0.79, 0.83, -0.04,  0,  0,  0
2586425.23976320, 0.639543, 1000,  998, 2, 0.79, 0.83, -0.04,  0,  0,  0
2586425.24226320, -0.758873, 1000,  998, 2, 0.79, 0.83, -0.04,  0,  0,  0
2586425.24476320, -0.895012, 1000,  998, 2, 0.79, 0.83, -0.04,  0,  0,  0
2586425.24726320, -1.193352, 1000,  998, 2, 0.79, 0.83, -0.04,  0,  0,  0
2586425.24976320, -0.687955, 1000,  998, 2, 0.79, 0.83, -0.04,  0,  0,  0
2586425.25226320, 0.577478, 1000,  998, 2, 0.79, 0.83, -0.04,  0,  0,  0
2586425.25476320, 0.779301, 1000,  998, 2, 0.79, 0.83, -0.04,  0,  0,  0
2586425.25726320, 1.043377, 1000,  998, 2, 0.79, 0.83, -0.04,  0,  0,  0
2586425.25976320, 0.665186, 1000,  998, 2, 0.79, 0.83, -0.04,  0,  0,  0
2586425.26226320, -0.414763, 1000,  998, 2, 0.79, 0.83, -0.04,  0,  0,  0
2586425.26476320, -1.131091, 1000,  998, 2, 0.79, 0.83, -0.04,  0,  0,  0
2586425.26726320, -1.501643, 1000,  998, 2, 0.79, 0.83, -0.04,  0,  0,  0
2586425.26976320, -1.538393, 1000,  998, 2, 0.79, 0.83, -0.04,  0,  0,  0
2586425.27226320, -0.828009, 1000,  998, 2, 0.79, 0.83, -0.04,  0,  0,  0
2586425.27476320, 0.608046, 1000,  998, 2, 0.79, 0.83, -0.04,  0,  0,  0
2586425.27726320, 1.234434, 1000,  998, 2, 0.79, 0.83, -0.04,  0,  0,  0
2586425.27976320, 1.359452, 1000,  998, 2, 0.79, 0.83, -0.04,  0,  0,  0
2586425.28226320, 0.982505, 1000,  998, 2, 0.79, 0.83, -0.04,  0,  0,  0
2586425.28476320, -0.105659, 1000,  998, 2, 0.79, 0.83, -0.04,  0,  0,  0
2586425.28726320, -0.852000, 1000,  998, 2, 0.79, 0.83, -0.04,  0,  0,  0
2586425.28976320, -1.131944, 1000,  998, 2, 0.79, 0.83, -0.04,  0,  0,  0
2586425.29226320, -0.534023, 1000,  998, 2, 0.79, 0.83, -0.04,  0,  0,  0
2586425.29476320, 0.621554, 1000,  998, 2, 0.79, 0.83, -0.04,  0,  0,  0
2586425.29726320, 1.330124, 1000,  998, 2, 0.79, 0.83, -0.04,  0,  0,  0
2586425.29976320, 0.556142, 1000,  998, 2, 0.79, 0.83, -0.04,  0,  0,  0
2586425.30226320, -0.130885, 1000,  998, 2, 0.79, 0.83, -0.04,  0,  0,  0
2586425.30476320, -0.737539, 1000,  998, 2, 0.79, 0.83, -0.04,  0,  0,  0
2586425.30726320, -0.876472, 1000,  998, 2, 0.79, 0.83, -0.04,  0,  0,  0
2586425.30976320, -0.634539, 1000,  998, 2, 0.79, 0.83, -0.04,  0,  0,  0
2586425.31226320, 0.047191, 1000,  998, 2, 0.79, 0.83, -0.04,  0,  0,  0
2586425.31476320, 0.970181, 1000,  998, 2, 0.79, 0.83, -0.04,  0,  0,  0
2586425.31726320, 1.276319, 1000,  998, 2, 0.79, 0.83, -0.04,  0,  0,  0
2586425.31976320, 0.576082, 1000,  998, 2, 0.79, 0.83, -0.04,  0,  0,  0
2586425.32226320, -0.274557, 1000,  998, 2, 0.79, 0.83, -0.04,  0,  0,  0
2586425.32476320, -1.021469, 1000,  998, 2, 0.79, 0.83, -0.04,  0,  0,  0
2586425.32726320, -1.583605, 1000,  998, 2, 0.79, 0.83, -0.04,  0,  0,  0
2586425.32976320, -0.865781, 1000,  998, 2, 0.79, 0.83, -0.04,  0,  0,  0
2586425.33226320, -0.659241, 1000,  998, 2, 0.79, 0.83, -0.04,  0,  0,  0
2586425.33476320, 0.272294, 1000,  998, 2, 0.79, 0.83, -0.04,  0,  0,  0
2586425.33726320, 1.205285, 1000,  998, 2, 0.79, 0.83, -0.04,  0,  0,  0
2586425.33976320, 1.511643, 1000,  998, 2, 0.79, 0.83, -0.04,  0,  0,  0
2586425.34226320, -0.069714, 1000,  998, 2, 0.79, 0.83, -0.04,  0,  0,  0
2586425.34476320, -0.839396, 1000,  998, 2, 0.79, 0.83, -0.04,  0,  0,  0
2586425.34726320, -1.045370, 1000,  998, 2, 0.79, 0.83, -0.04,  0,  0,  0
2586425.34976320, -1.064312, 1000,  998, 2, 0.79, 0.83, -0.04,  0,  0,  0
2586425.35226320, -0.549033, 1000,  998, 2, 0.79, 0.83, -0.04,  0,  0,  0
2586425.35476320, 0.378293, 1000,  998, 2, 0.79, 0.83, -0.04,  0,  0,  0
2586425.35726320, 1.304920, 1000,  998, 2, 0.79, 0.83, -0.04,  0,  0,  0
2586425.35976320, 0.769913, 1000,  998, 2, 0.79, 0.83, -0.04,  0,  0,  0
2586425.36226320, 0.465370, 1000,  998, 2, 0.79, 0.83, -0.04,  0,  0,  0
2586425.36726320, -1.561058, 1000,  998, 2, 0.79, 0.83, -0.04,  0,  0,  0
2586425.36976320, -0.790945, 1000,  998, 2, 0.79, 0.83, -0.04,  0,  0,  0
2586425.37226320, -0.389521, 1000,  998, 2, 0.79, 0.83, -0.04,  0,  0,  0
2586425.37476320, 0.885967, 1000,  998, 2, 0.79, 0.83, -0.04,  0,  0,  0
2586425.37726320, 1.142345, 1000,  998, 2, 0.79, 0.83, -0.04,  0,  0,  0
2586425.37976320, 1.056564, 1000,  998, 2, 0.79, 0.83, -0.04,  0,  0,  0
2586425.38226320, -0.029863, 1000,  998, 2, 0.79, 0.83, -0.04,  0,  0,  0
2586425.38476320, -1.107290, 1000,  998, 2, 0.79, 0.83, -0.04,  0,  0,  0
2586425.38726320, -1.507229, 1000,  998, 2, 0.79, 0.83, -0.04,  0,  0,  0
2586425.38976320, -1.327302, 1000,  998, 2, 0.79, 0.83, -0.04,  0,  0,  0
2586425.39226320, -0.985909, 1000,  998, 2, 0.79, 0.83, -0.04,  0,  0,  0
2586425.39476320, -0.358105, 1000,  998, 2, 0.79, 0.83, -0.04,  0,  0,  0
2586425.39726320, 1.317169, 1000,  998, 2, 0.79, 0.83, -0.04,  0,  0,  0
2586425.39976320, 1.179626, 1000,  998, 2, 0.79, 0.83, -0.04,  0,  0,  0
2586425.40226320, 0.780991, 1000,  998, 2, 0.79, 0.83, -0.04,  0,  0,  0
2586425.40476320, -1.272032, 1000,  998, 2, 0.79, 0.83, -0.04,  0,  0,  0
2586425.40726320, -1.272032, 1000,  998, 2, 0.79, 0.83, -0.04,  0,  0,  0
2586425.40976320, -1.272032, 1000,  998, 2, 0.79, 0.83, -0.04,  0,  0,  0
2586425.41226320, -0.742659, 1000,  998, 2, 0.79, 0.83, -0.04,  0,  0,  0
2586425.41476320, -0.018999, 1000,  998, 2, 0.79, 0.83, -0.04,  0,  0,  0
2586425.41726320, 0.813152, 1000,  998, 2, 0.79, 0.83, -0.04,  0,  0,  0
2586425.41976320, 0.556097, 1000,  998, 2, 0.79, 0.83, -0.04,  0,  0,  0
2586425.42226320, 0.282699, 1000,  998, 2, 0.79, 0.83, -0.04,  0,  0,  0
2586425.42476320, -0.599532, 1000,  998, 2, 0.79, 0.83, -0.04,  0,  0,  0
2586425.42726320, -0.940564, 1000,  998, 2, 0.79, 0.83, -0.04,  0,  0,  0
2586425.42976320, -0.735233, 1000,  998, 2, 0.79, 0.83, -0.04,  0,  0,  0
2586425.43226320, 0.061095, 1000,  998, 2, 0.79, 0.83, -0.04,  0,  0,  0
2586425.43476320, 1.037183, 1000,  998, 2, 0.79, 0.83, -0.04,  0,  0,  0
2586425.43726320, 1.101848, 1000,  998, 2, 0.79, 0.83, -0.04,  0,  0,  0
2586425.43976320, 1.039708, 1000,  998, 2, 0.79, 0.83, -0.04,  0,  0,  0
2586425.44226320, 0.189886, 1000,  998, 2, 0.79, 0.83, -0.04,  0,  0,  0
2586425.44476320, -0.709494, 1000,  998, 2, 0.79, 0.83, -0.04,  0,  0,  0
2586425.44726320, -0.883146, 1000,  998, 2, 0.79, 0.83, -0.04,  0,  0,  0
2586425.44976320, -0.636173, 1000,  998, 2, 0.79, 0.83, -0.04,  0,  0,  0
2586425.45226320, -0.352092, 1000,  998, 2, 0.79, 0.83, -0.04,  0,  0,  0
2586425.45476320, 1.539651, 1000,  998, 2, 0.79, 0.83, -0.04,  0,  0,  0
2586425.45726320, 1.515815, 1000,  998, 2, 0.79, 0.83, -0.04,  0,  0,  0
2586425.45976320, 1.398623, 1000,  998, 2, 0.79, 0.83, -0.04,  0,  0,  0
2586425.46226320, 0.376532, 1000,  998, 2, 0.79, 0.83, -0.04,  0,  0,  0
2586425.46476320, -0.968612, 1000,  998, 2, 0.79, 0.83, -0.04,  0,  0,  0
2586425.46726320, -1.332468, 1000,  998, 2, 0.79, 0.83, -0.04,  0,  0,  0
2586425.46976320, -1.180069, 1000,  998, 2, 0.79, 0.83, -0.04,  0,  0,  0
2586425.47226320, -0.114272, 1000,  998, 2, 0.79, 0.83, -0.04,  0,  0,  0
2586425.47476320, 1.106949, 1000,  998, 2, 0.79, 0.83, -0.04,  0,  0,  0
2586425.47726320, 1.540832, 1000,  998, 2, 0.79, 0.83, -0.04,  0,  0,  0
2586425.47976320, 0.673696, 1000,  998, 2, 0.79, 0.83, -0.04,  0,  0,  0
2586425.48226320, 0.229981, 1000,  998, 2, 0.79, 0.83, -0.04,  0,  0,  0
2586425.48476320, -0.746896, 1000,  998, 2, 0.79, 0.83, -0.04,  0,  0,  0
2586425.48726320, -1.277113, 1000,  998, 2, 0.79, 0.83, -0.04,  0,  0,  0
2586425.48976320, -0.470221, 1000,  998, 2, 0.79, 0.83, -0.04,  0,  0,  0
2586425.49226320, -0.077807, 1000,  998, 2, 0.79, 0.83, -0.04,  0,  0,  0
2586425.49726320, 1.382006, 1000,  998, 2, 0.79, 0.83, -0.04,  0,  0,  0
2586425.49976320, 0.630932, 1000,  998, 2, 0.79, 0.83, -0.04,  0,  0,  0
2586425.50226320, 0.168944, 1000,  998, 2, 0.79, 0.83, -0.04,  0,  0,  0
2586425.50476320, -0.771181, 1000,  998, 2, 0.79, 0.83, -0.04,  0,  0,  0
2586425.50726320, -1.242545, 1000,  999, 1, 0.79, 0.83, -0.04,  0,  0,  0
2586425.50976320, -0.895079, 1000,  999, 1, 0.79, 0.83, -0.04,  0,  0,  0
2586425.51226320, 0.071744, 1000,  999, 1, 0.79, 0.83, -0.04,  0,  0,  0
2586425.51476320, 0.908588, 1000,  999, 1, 0.79, 0.83, -0.04,  0,  0,  0
2586425.51726320, 1.369899, 1000, 1000, 0, 0.79, 0.83, -0.04,  0,  0,  0
2586425.51976320, 0.878093, 1000, 1000, 0, 0.79, 0.83, -0.04,  0,  0,  0
2586425.52226320, 0.244490, 1000,  999, 1, 0.79, 0.83, -0.04,  0,  0,  0
2586425.52476320, -1.592756, 1000,  999, 1, 0.79, 0.83, -0.04,  0,  0,  0
2586425.52726320, -1.592756, 1000,  998, 2, 0.79, 0.83, -0.04,  0,  0,  0
2586425.52976320, -0.993024, 1000,  998, 2, 0.79, 0.83, -0.04,  0,  0,  0
2586425.53226320, -0.285969, 1000,  998, 2, 0.79, 0.83, -0.04,  0,  0,  0
2586425.53476320, 0.671262, 1000,  998, 2, 0.79, 0.83, -0.04,  0,  0,  0
2586425.53726320, 1.195877, 1000,  998, 2, 0.79, 0.83, -0.04,  0,  0,  0
2586425.53976320, 0.871680, 1000,  998, 2, 0.79, 0.83, -0.04,  0,  0,  0
2586425.54226320, -0.191988, 1000,  998, 2, 0.79, 0.83, -0.04,  0,  0,  0
2586425.54476320, -1.247758, 1000,  998, 2, 0.79, 0.83, -0.04,  0,  0,  0
2586425.54726320, -1.297660, 1000,  998, 2, 0.79, 0.83, -0.04,  0,  0,  0
2586425.54976320, -0.919235, 1000,  998, 2, 0.79, 0.83, -0.04,  0,  0,  0
2586425.55226320, -0.374179, 1000,  998, 2, 0.79, 0.83, -0.04,  0,  0,  0
2586425.55476320, 0.652591, 1000,  998, 2, 0.79, 0.83, -0.04,  0,  0,  0
2586425.55726320, 1.148608, 1000,  998, 2, 0.79, 0.83, -0.04,  0,  0,  0
2586425.55976320, 0.947034, 1000,  998, 2, 0.79, 0.83, -0.04,  0,  0,  0
2586425.56226320, 0.571839, 1000,  998, 2, 0.79, 0.83, -0.04,  0,  0,  0
2586425.56476320, -0.726338, 1000,  998, 2, 0.79, 0.83, -0.04,  0,  0,  0
2586425.56726320, -1.376620, 1000,  998, 2, 0.79, 0.83, -0.04,  0,  0,  0
2586425.56976320, -1.158003, 1000,  998, 2, 0.79, 0.83, -0.04,  0,  0,  0
2586425.57226320, -0.450163, 1000,  998, 2, 0.79, 0.83, -0.04,  0,  0,  0
2586425.57476320, 1.131415, 1000,  998, 2, 0.79, 0.83, -0.04,  0,  0,  0
2586425.57726320, 1.580985, 1000,  998, 2, 0.79, 0.83, -0.04,  0,  0,  0
2586425.57976320, 1.129586, 1000,  998, 2, 0.79, 0.83, -0.04,  0,  0,  0
2586425.58226320, 0.310046, 1000,  998, 2, 0.79, 0.83, -0.04,  0,  0,  0
2586425.58476320, -0.538441, 1000,  998, 2, 0.79, 0.83, -0.04,  0,  0,  0
2586425.58726320, -1.372479, 1000,  998, 2, 0.79, 0.83, -0.04,  0,  0,  0
2586425.58976320, -1.136895, 1000,  998, 2, 0.79, 0.83, -0.04,  0,  0,  0
2586425.59226320, 0.663557, 1000,  998, 2, 0.79, 0.83, -0.04,  0,  0,  0
2586425.59476320, 1.439939, 1000,  998, 2, 0.79, 0.83, -0.04,  0,  0,  0
2586425.59726320, 1.207615, 1000,  998, 2, 0.79, 0.83, -0.04,  0,  0,  0
2586425.59976320, 0.834058, 1000,  998, 2, 0.79, 0.83, -0.04,  0,  0,  0
2586425.60226320, 0.392736, 1000,  998, 2, 0.79, 0.83, -0.04,  0,  0,  0
2586425.60476320, -0.550054, 1000,  998, 2, 0.79, 0.83, -0.04,  0,  0,  0
2586425.60726320, -1.112901, 1000,  998, 2, 0.79, 0.83, -0.04,  0,  0,  0
2586425.60976320, -0.764368, 1000,  998, 2, 0.79, 0.83, -0.04,  0,  0,  0
2586425.61226320, 0.056566, 1000,  998, 2, 0.79, 0.83, -0.04,  0,  0,  0
2586425.61476320, 0.915715, 1000,  998, 2, 0.79, 0.83, -0.04,  0,  0,  0
2586425.61726320, 1.645820, 1000,  998, 2, 0.79, 0.83, -0.04,  0,  0,  0
2586425.61976320, 0.823367, 1000,  998, 2, 0.79, 0.83, -0.04,  0,  0,  0
2586425.62226320, 0.426889, 1000,  998, 2, 0.79, 0.83, -0.04,  0,  0,  0
2586425.62476320, -0.470196, 1000,  998, 2, 0.79, 0.83, -0.04,  0,  0,  0
2586425.62726320, -1.190815, 1000,  998, 2, 0.79, 0.83, -0.04,  0,  0,  0
2586425.62976320, -1.241628, 1000,  998, 2, 0.79, 0.83, -0.04,  0,  0,  0
2586425.63226320, -1.003482, 1000,  998, 2, 0.79, 0.83, -0.04,  0,  0,  0
2586425.63476320, -0.334811, 1000,  998, 2, 0.79, 0.83, -0.04,  0,  0,  0
2586425.63726320, 0.744930, 1000,  998, 2, 0.79, 0.83, -0.04,  0,  0,  0
2586425.63976320, 0.585410, 1000,  998, 2, 0.79, 0.83, -0.04,  0,  0,  0
2586425.64226320, -0.433783, 1000,  998, 2, 0.79, 0.83, -0.04,  0,  0,  0
2586425.64476320, -0.902169, 1000,  998, 2, 0.79, 0.83, -0.04,  0,  0,  0
2586425.64726320, -1.092985, 1000,  998, 2, 0.79, 0.83, -0.04,  0,  0,  0
2586425.64976320, -1.187770, 1000,  998, 2, 0.79, 0.83, -0.04,  0,  0,  0
2586425.65226320, -0.712394, 1000,  998, 2, 0.79, 0.83, -0.04,  0,  0,  0
2586425.65476320, 0.457179, 1000,  998, 2, 0.79, 0.83, -0.04,  0,  0,  0
2586425.65726320, 1.186855, 1000,  998, 2, 0.79, 0.83, -0.04,  0,  0,  0
2586425.65976320, 0.892877, 1000,  998, 2, 0.79, 0.83, -0.04,  0,  0,  0
2586425.66226320, -0.258232, 1000,  998, 2, 0.79, 0.83, -0.04,  0,  0,  0
2586425.66476320, -1.206431, 1000,  998, 2, 0.79, 0.83, -0.04,  0,  0,  0
2586425.66726320, -1.346867, 1000,  998, 2, 0.79, 0.83, -0.04,  0,  0,  0
2586425.66976320, -0.968927, 1000,  998, 2, 0.79, 0.83, -0.04,  0,  0,  0
2586425.67226320, 0.483672, 1000,  998, 2, 0.79, 0.83, -0.04,  0,  0,  0
2586425.67476320, 1.436799, 1000,  998, 2, 0.79, 0.83, -0.04,  0,  0,  0
2586425.67726320, 1.379289, 1000,  998, 2, 0.79, 0.83, -0.04,  0,  0,  0
2586425.68226320, -0.364759, 1000,  998, 2, 0.79, 0.83, -0.04,  0,  0,  0
2586425.68476320, -1.581504, 1000,  998, 2, 0.79, 0.83, -0.04,  0,  0,  0
2586425.68726320, -1.753118, 1000,  998, 2, 0.79, 0.83, -0.04,  0,  0,  0
2586425.68976320, -1.435723, 1000,  998, 2, 0.79, 0.83, -0.04,  0,  0,  0
2586425.69226320, -0.033919, 1000,  998, 2, 0.79, 0.83, -0.04,  0,  0,  0
2586425.69476320, 1.109304, 1000,  998, 2, 0.79, 0.83, -0.04,  0,  0,  0
2586425.69726320, 1.190539, 1000,  998, 2, 0.79, 0.83, -0.04,  0,  0,  0
2586425.69976320, 1.057251, 1000,  998, 2, 0.79, 0.83, -0.04,  0,  0,  0
2586425.70226320, 0.923963, 1000,  998, 2, 0.79, 0.83, -0.04,  0,  0,  0
2586425.70476320, -0.135418, 1000,  998, 2, 0.79, 0.83, -0.04,  0,  0,  0
2586425.70726320, -1.132725, 1000,  998, 2, 0.79, 0.83, -0.04,  0,  0,  0
2586425.70976320, -1.005649, 1000,  998, 2, 0.79, 0.83, -0.04,  0,  0,  0
2586425.71226320, -0.607491, 1000,  998, 2, 0.79, 0.83, -0.04,  0,  0,  0
2586425.71476320, 0.291818, 1000,  998, 2, 0.79, 0.83, -0.04,  0,  0,  0
2586425.71726320, 1.230160, 1000,  998, 2, 0.79, 0.83, -0.04,  0,  0,  0
2586425.71976320, 1.129874, 1000,  998, 2, 0.79, 0.83, -0.04,  0,  0,  0
2586425.72226320, -0.876472, 1000,  998, 2, 0.79, 0.83, -0.04,  0,  0,  0
2586425.72476320, -1.071116, 1000,  998, 2, 0.79, 0.83, -0.04,  0,  0,  0
2586425.72726320, -1.196739, 1000,  998, 2, 0.79, 0.83, -0.04,  0,  0,  0
2586425.72976320, -0.514074, 1000,  998, 2, 0.79, 0.83, -0.04,  0,  0,  0
2586425.73226320, 0.663005, 1000,  998, 2, 0.79, 0.83, -0.04,  0,  0,  0
2586425.73476320, 0.893198, 1000,  998, 2, 0.79, 0.83, -0.04,  0,  0,  0
2586425.73726320, 1.267717, 1000,  998, 2, 0.79, 0.83, -0.04,  0,  0,  0
2586425.73976320, 0.658543, 1000,  998, 2, 0.79, 0.83, -0.04,  0,  0,  0
2586425.74226320, -0.630583, 1000,  998, 2, 0.79, 0.83, -0.04,  0,  0,  0
2586425.74476320, -0.896460, 1000,  998, 2, 0.79, 0.83, -0.04,  0,  0,  0
2586425.74726320, -1.289704, 1000,  998, 2, 0.79, 0.83, -0.04,  0,  0,  0
2586425.74976320, -0.798459, 1000,  998, 2, 0.79, 0.83, -0.04,  0,  0,  0
2586425.75226320, 0.673696, 1000,  998, 2, 0.79, 0.83, -0.04,  0,  0,  0
2586425.75476320, 0.834485, 1000,  998, 2, 0.79, 0.83, -0.04,  0,  0,  0
2586425.75726320, 1.530648, 1000,  998, 2, 0.79, 0.83, -0.04,  0,  0,  0
2586425.75976320, 1.592398, 1000,  998, 2, 0.79, 0.83, -0.04,  0,  0,  0
2586425.76226320, 0.580279, 1000,  998, 2, 0.79, 0.83, -0.04,  0,  0,  0
2586425.76476320, -0.461091, 1000,  998, 2, 0.79, 0.83, -0.04,  0,  0,  0
2586425.76726320, -1.077438, 1000,  998, 2, 0.79, 0.83, -0.04,  0,  0,  0
2586425.76976320, -0.996223, 1000,  998, 2, 0.79, 0.83, -0.04,  0,  0,  0
2586425.77226320, -0.328621, 1000,  998, 2, 0.79, 0.83, -0.04,  0,  0,  0
2586425.77476320, 0.571294, 1000,  998, 2, 0.79, 0.83, -0.04,  0,  0,  0
2586425.77726320, 1.170054, 1000,  998, 2, 0.79, 0.83, -0.04,  0,  0,  0
2586425.77976320, 1.197238, 1000,  998, 2, 0.79, 0.83, -0.04,  0,  0,  0
2586425.78226320, -0.086994, 1000,  998, 2, 0.79, 0.83, -0.04,  0,  0,  0
2586425.78476320, -1.151902, 1000,  998, 2, 0.79, 0.83, -0.04,  0,  0,  0
2586425.78726320, -1.197196, 1000,  998, 2, 0.79, 0.83, -0.04,  0,  0,  0
2586425.78976320, -0.762861, 1000,  998, 2, 0.79, 0.83, -0.04,  0,  0,  0
2586425.79226320, 0.203300, 1000,  998, 2, 0.79, 0.83, -0.04,  0,  0,  0
2586425.79476320, 0.588974, 1000,  998, 2, 0.79, 0.83, -0.04,  0,  0,  0
2586425.79726320, 1.377999, 1000,  998, 2, 0.79, 0.83, -0.04,  0,  0,  0
2586425.79976320, 0.690136, 1000,  998, 2, 0.79, 0.83, -0.04,  0,  0,  0
2586425.80226320, -0.555747, 1000,  998, 2, 0.79, 0.83, -0.04,  0,  0,  0
2586425.80476320, -0.854481, 1000,  998, 2, 0.79, 0.83, -0.04,  0,  0,  0
2586425.80726320, -1.315573, 1000,  998, 2, 0.79, 0.83, -0.04,  0,  0,  0
2586425.80976320, -0.789728, 1000,  998, 2, 0.79, 0.83, -0.04,  0,  0,  0
2586425.81226320, 0.556097, 1000,  998, 2, 0.79, 0.83, -0.04,  0,  0,  0
2586425.81476320, 0.556097, 1000,  998, 2, 0.79, 0.83, -0.04,  0,  0,  0
2586425.81726320, 1.550342, 1000,  998, 2, 0.79, 0.83, -0.04,  0,  0,  0
2586425.81976320, 1.183814, 1000,  998, 2, 0.79, 0.83, -0.04,  0,  0,  0
2586425.82226320, 0.509055, 1000,  998, 2, 0.79, 0.83, -0.04,  0,  0,  0
2586425.82476320, 0.125747, 1000,  998, 2, 0.79, 0.83, -0.04,  0,  0,  0
2586425.82726320, -0.257560, 1000,  998, 2, 0.79, 0.83, -0.04,  0,  0,  0
2586425.82976320, -0.490850, 1000,  998, 2, 0.79, 0.83, -0.04,  0,  0,  0
2586425.83226320, 0.153020, 1000,  998, 2, 0.79, 0.83, -0.04,  0,  0,  0
2586425.83476320, 0.797839, 1000,  998, 2, 0.79, 0.83, -0.04,  0,  0,  0
2586425.83726320, 0.975851, 1000,  998, 2, 0.79, 0.83, -0.04,  0,  0,  0
2586425.83976320, 0.759825, 1000,  998, 2, 0.79, 0.83, -0.04,  0,  0,  0
2586425.84226320, -0.231089, 1000,  998, 2, 0.79, 0.83, -0.04,  0,  0,  0
2586425.84476320, -0.860751, 1000,  998, 2, 0.79, 0.83, -0.04,  0,  0,  0
2586425.84726320, -1.501941, 1000,  998, 2, 0.79, 0.83, -0.04,  0,  0,  0
2586425.84976320, -0.975302, 1000,  998, 2, 0.79, 0.83, -0.04,  0,  0,  0
2586425.85226320, -0.058866, 1000,  998, 2, 0.79, 0.83, -0.04,  0,  0,  0
2586425.85476320, 0.844749, 1000,  998, 2, 0.79, 0.83, -0.04,  0,  0,  0
2586425.85726320, 0.835867, 1000,  998, 2, 0.79, 0.83, -0.04,  0,  0,  0
2586425.85976320, 0.459519, 1000,  998, 2, 0.79, 0.83, -0.04,  0,  0,  0
2586425.86226320, -0.521681, 1000,  998, 2, 0.79, 0.83, -0.04,  0,  0,  0
2586425.86726320, -1.154554, 1000,  998, 2, 0.79, 0.83, -0.04,  0,  0,  0
2586425.86976320, -0.772792, 1000,  998, 2, 0.79, 0.83, -0.04,  0,  0,  0
2586425.87226320, 0.101508, 1000,  998, 2, 0.79, 0.83, -0.04,  0,  0,  0
2586425.87476320, 0.803821, 1000,  998, 2, 0.79, 0.83, -0.04,  0,  0,  0
2586425.87726320, 1.248580, 1000,  998, 2, 0.79, 0.83, -0.04,  0,  0,  0
2586425.87976320, 0.521932, 1000,  998, 2, 0.79, 0.83, -0.04,  0,  0,  0
2586425.88226320, -0.455096, 1000,  998, 2, 0.79, 0.83, -0.04,  0,  0,  0
2586425.88476320, -1.114558, 1000,  998, 2, 0.79, 0.83, -0.04,  0,  0,  0
2586425.88726320, -1.585044, 1000,  998, 2, 0.79, 0.83, -0.04,  0,  0,  0
2586425.88976320, -1.608157, 1000,  998, 2, 0.79, 0.83, -0.04,  0,  0,  0
2586425.89226320, -1.109477, 1000,  998, 2, 0.79, 0.83, -0.04,  0,  0,  0
2586425.89476320, -0.428643, 1000,  998, 2, 0.79, 0.83, -0.04,  0,  0,  0
2586425.89726320, 0.248647, 1000,  998, 2, 0.79, 0.83, -0.04,  0,  0,  0
2586425.89976320, 0.535698, 1000,  998, 2, 0.79, 0.83, -0.04,  0,  0,  0
2586425.90226320, 0.822749, 1000,  998, 2, 0.79, 0.83, -0.04,  0,  0,  0
2586425.90476320, -0.722205, 1000,  998, 2, 0.79, 0.83, -0.04,  0,  0,  0
2586425.90726320, -1.288801, 1000,  998, 2, 0.79, 0.83, -0.04,  0,  0,  0
2586425.90976320, -0.683335, 1000,  998, 2, 0.79, 0.83, -0.04,  0,  0,  0
2586425.91226320, -0.262868, 1000,  998, 2, 0.79, 0.83, -0.04,  0,  0,  0
2586425.91476320, 0.948149, 1000,  998, 2, 0.79, 0.83, -0.04,  0,  0,  0
2586425.91726320, 1.325622, 1000,  998, 2, 0.79, 0.83, -0.04,  0,  0,  0
2586425.91976320, 0.598860, 1000,  998, 2, 0.79, 0.83, -0.04,  0,  0,  0
2586425.92226320, 0.234286, 1000,  998, 2, 0.79, 0.83, -0.04,  0,  0,  0
2586425.92476320, -0.900721, 1000,  998, 2, 0.79, 0.83, -0.04,  0,  0,  0
2586425.92726320, -1.377166, 1000,  998, 2, 0.79, 0.83, -0.04,  0,  0,  0
2586425.92976320, -0.438148, 1000,  998, 2, 0.79, 0.83, -0.04,  0,  0,  0
2586425.93226320, -0.085595, 1000,  998, 2, 0.79, 0.83, -0.04,  0,  0,  0
2586425.93476320, 1.086236, 1000,  998, 2, 0.79, 0.83, -0.04,  0,  0,  0
2586425.93726320, 1.422052, 1000,  998, 2, 0.79, 0.83, -0.04,  0,  0,  0
2586425.93976320, 0.987899, 1000,  998, 2, 0.79, 0.83, -0.04,  0,  0,  0
2586425.94226320, 0.496018, 1000,  998, 2, 0.79, 0.83, -0.04,  0,  0,  0
2586425.94476320, -1.111669, 1000,  998, 2, 0.79, 0.83, -0.04,  0,  0,  0
2586425.94726320, -1.136573, 1000,  998, 2, 0.79, 0.83, -0.04,  0,  0,  0
2586425.94976320, -1.169721, 1000,  998, 2, 0.79, 0.83, -0.04,  0,  0,  0
2586425.95226320, -0.948391, 1000,  998, 2, 0.79, 0.83, -0.04,  0,  0,  0
2586425.95476320, -0.727061, 1000,  998, 2, 0.79, 0.83, -0.04,  0,  0,  0
2586425.95726320, 1.469725, 1000,  998, 2, 0.79, 0.83, -0.04,  0,  0,  0
2586425.95976320, 1.449656, 1000,  998, 2, 0.79, 0.83, -0.04,  0,  0,  0
2586425.96226320, 1.429587, 1000,  998, 2, 0.79, 0.83, -0.04,  0,  0,  0
2586425.96476320, -0.401385, 1000,  998, 2, 0.79, 0.83, -0.04,  0,  0,  0
2586425.96726320, -1.572807, 1000,  998, 2, 0.79, 0.83, -0.04,  0,  0,  0
2586425.96976320, -1.343186, 1000,  998, 2, 0.79, 0.83, -0.04,  0,  0,  0
2586425.97226320, -0.469228, 1000,  998, 2, 0.79, 0.83, -0.04,  0,  0,  0
2586425.97476320, 0.832100, 1000,  998, 2, 0.79, 0.83, -0.04,  0,  0,  0
2586425.97726320, 1.027263, 1000,  998, 2, 0.79, 0.83, -0.04,  0,  0,  0
2586425.97976320, 0.748531, 1000,  998, 2, 0.79, 0.83, -0.04,  0,  0,  0
2586425.98226320, 0.325894, 1000,  998, 2, 0.79, 0.83, -0.04,  0,  0,  0
2586425.98476320, -0.794183, 1000,  998, 2, 0.79, 0.83, -0.04,  0,  0,  0
2586425.98726320, -1.187605, 1000,  998, 2, 0.79, 0.83, -0.04,  0,  0,  0
2586425.98976320, -0.841839, 1000,  998, 2, 0.79, 0.83, -0.04,  0,  0,  0
2586425.99226320, 0.227416, 1000,  998, 2, 0.79, 0.83, -0.04,  0,  0,  0
2586425.99726320, 1.154065, 1000,  998, 2, 0.79, 0.83, -0.04,  0,  0,  0
2586425.99976320, 0.718232, 1000,  998, 2, 0.79, 0.83, -0.04,  0,  0,  0
2586426.00226320, -0.341377, 1000,  998, 2, 0.79, 0.83, -0.04,  0,  0,  0
2586426.00476320, -1.560683, 1000,  998, 2, 0.79, 0.83, -0.04,  0,  0,  0
2586426.00726320, -1.540247, 1000,  998, 2, 0.79, 0.83, -0.04,  0,  0,  0
2586426.00976320, -1.317331, 1000,  998, 2, 0.79, 0.83, -0.04,  0,  0,  0
2586426.01226320, -1.014982, 1000,  998, 2, 0.79, 0.83, -0.04,  0,  0,  0
2586426.01476320, -0.712633, 1000,  998, 2, 0.79, 0.83, -0.04,  0,  0,  0
2586426.01726320, 0.054524, 1000,  998, 2, 0.79, 0.83, -0.04,  0,  0,  0
2586426.01976320, 0.877047, 1000,  998, 2, 0.79, 0.83, -0.04,  0,  0,  0
2586426.02226320, 0.215675, 1000,  998, 2, 0.79, 0.83, -0.04,  0,  0,  0
2586426.02476320, -0.249098, 1000,  998, 2, 0.79, 0.83, -0.04,  0,  0,  0
2586426.02726320, -0.610902, 1000,  998, 2, 0.79, 0.83, -0.04,  0,  0,  0
2586426.02976320, -0.416457, 1000,  998, 2, 0.79, 0.83, -0.04,  0,  0,  0
2586426.03226320, 0.207925, 1000,  998, 2, 0.79, 0.83, -0.04,  0,  0,  0
2586426.03476320, 1.383243, 1000,  998, 2, 0.79, 0.83, -0.04,  0,  0,  0
2586426.03726320, 1.763630, 1000,  998, 2, 0.79, 0.83, -0.04,  0,  0,  0
2586426.03976320, 0.876821, 1000,  998, 2, 0.79, 0.83, -0.04,  0,  0,  0
2586426.04226320, 0.311673, 1000,  998, 2, 0.79, 0.83, -0.04,  0,  0,  0
2586426.04476320, -1.012722, 1000,  998, 2, 0.79, 0.83, -0.04,  0,  0,  0
2586426.04726320, -1.143837, 1000,  998, 2, 0.79, 0.83, -0.04,  0,  0,  0
2586426.04976320, -0.331240, 1000,  998, 2, 0.79, 0.83, -0.04,  0,  0,  0
2586426.05226320, 0.046644, 1000,  998, 2, 0.79, 0.83, -0.04,  0,  0,  0
2586426.05476320, 1.066989, 1000,  998, 2, 0.79, 0.83, -0.04,  0,  0,  0
2586426.05726320, 1.035205, 1000,  998, 2, 0.79, 0.83, -0.04,  0,  0,  0
2586426.05976320, 0.470570, 1000,  998, 2, 0.79, 0.83, -0.04,  0,  0,  0
2586426.06226320, 0.000379, 1000,  998, 2, 0.79, 0.83, -0.04,  0,  0,  0
2586426.06476320, -0.715872, 1000,  998, 2, 0.79, 0.83, -0.04,  0,  0,  0
2586426.06726320, -0.788517, 1000,  998, 2, 0.79, 0.83, -0.04,  0,  0,  0
2586426.06976320, -0.769599, 1000,  998, 2, 0.79, 0.83, -0.04,  0,  0,  0
2586426.07226320, -0.221460, 1000,  998, 2, 0.79, 0.83, -0.04,  0,  0,  0
2586426.07476320, 0.824194, 1000,  998, 2, 0.79, 0.83, -0.04,  0,  0,  0
2586426.07726320, 1.200389, 1000,  998, 2, 0.79, 0.83, -0.04,  0,  0,  0
2586426.07976320, 0.734743, 1000,  998, 2, 0.79, 0.83, -0.04,  0,  0,  0
2586426.08226320, 0.095914, 1000,  998, 2, 0.79, 0.83, -0.04,  0,  0,  0
2586426.08476320, -0.956956, 1000,  998, 2, 0.79, 0.83, -0.04,  0,  0,  0
2586426.08726320, -1.378666, 1000,  998, 2, 0.79, 0.83, -0.04,  0,  0,  0
2586426.08976320, -1.225109, 1000,  998, 2, 0.79, 0.83, -0.04,  0,  0,  0
2586426.09226320, -0.692226, 1000,  998, 2, 0.79, 0.83, -0.04,  0,  0,  0
2586426.09476320, 0.149886, 1000,  998, 2, 0.79, 0.83, -0.04,  0,  0,  0
2586426.09726320, 0.760972, 1000,  998, 2, 0.79, 0.83, -0.04,  0,  0,  0
2586426.09976320, 1.214020, 1000,  998, 2, 0.79, 0.83, -0.04,  0,  0,  0
2586426.10226320, 0.624642, 1000,  998, 2, 0.79, 0.83, -0.04,  0,  0,  0
2586426.10476320, -0.931648, 1000,  998, 2, 0.79, 0.83, -0.04,  0,  0,  0
2586426.10726320, -1.457517, 1000,  998, 2, 0.79, 0.83, -0.04,  0,  0,  0
2586426.10976320, -1.327246, 1000,  998, 2, 0.79, 0.83, -0.04,  0,  0,  0
2586426.11226320, -0.954420, 1000,  998, 2, 0.79, 0.83, -0.04,  0,  0,  0
2586426.11476320, -0.438372, 1000,  998, 2, 0.79, 0.83, -0.04,  0,  0,  0
2586426.11726320, 0.177123, 1000,  998, 2, 0.79, 0.83, -0.04,  0,  0,  0
2586426.11976320, 0.792617, 1000,  998, 2, 0.79, 0.83, -0.04,  0,  0,  0
2586426.12226320, 0.127980, 1000,  998, 2, 0.79, 0.83, -0.04,  0,  0,  0
2586426.12476320, -0.789128, 1000,  998, 2, 0.79, 0.83, -0.04,  0,  0,  0
2586426.12726320, -1.435330, 1000,  998, 2, 0.79, 0.83, -0.04,  0,  0,  0
2586426.12976320, -0.926810, 1000,  998, 2, 0.79, 0.83, -0.04,  0,  0,  0
2586426.13226320, -0.404265, 1000,  998, 2, 0.79, 0.83, -0.04,  0,  0,  0
2586426.13476320, 0.767595, 1000,  998, 2, 0.79, 0.83, -0.04,  0,  0,  0
2586426.13726320, 1.424598, 1000,  998, 2, 0.79, 0.83, -0.04,  0,  0,  0
2586426.13976320, 0.438498, 1000,  998, 2, 0.79, 0.83, -0.04,  0,  0,  0
2586426.14226320, 0.055291, 1000,  998, 2, 0.79, 0.83, -0.04,  0,  0,  0
2586426.14476320, -1.368249, 1000,  998, 2, 0.79, 0.83, -0.04,  0,  0,  0
2586426.14726320, -1.368249, 1000,  998, 2, 0.79, 0.83, -0.04,  0,  0,  0
2586426.14976320, -1.263958, 1000,  998, 2, 0.79, 0.83, -0.04,  0,  0,  0
2586426.15226320, -1.024714, 1000,  998, 2, 0.79, 0.83, -0.04,  0,  0,  0
2586426.15476320, -0.785470, 1000,  998, 2, 0.79, 0.83, -0.04,  0,  0,  0
2586426.15726320, 0.070764, 1000,  998, 2, 0.79, 0.83, -0.04,  0,  0,  0
2586426.15976320, 0.940748, 1000,  998, 2, 0.79, 0.83, -0.04,  0,  0,  0
2586426.16226320, 0.293350, 1000,  998, 2, 0.79, 0.83, -0.04,  0,  0,  0
2586426.16476320, -0.777440, 1000,  998, 2, 0.79, 0.83, -0.04,  0,  0,  0
2586426.16726320, -1.552055, 1000,  998, 2, 0.79, 0.83, -0.04,  0,  0,  0
2586426.16976320, -1.714787, 1000,  998, 2, 0.79, 0.83, -0.04,  0,  0,  0
2586426.17226320, -1.191443, 1000,  998, 2, 0.79, 0.83, -0.04,  0,  0,  0
2586426.17476320, -0.503533, 1000,  998, 2, 0.79, 0.83, -0.04,  0,  0,  0
2586426.17726320, 0.224084, 1000,  998, 2, 0.79, 0.83, -0.04,  0,  0,  0
2586426.17976320, 1.214901, 1000,  998, 2, 0.79, 0.83, -0.04,  0,  0,  0
2586426.18226320, -0.448839, 1000,  998, 2, 0.79, 0.83, -0.04,  0,  0,  0
2586426.18476320, -0.448839, 1000,  998, 2, 0.79, 0.83, -0.04,  0,  0,  0
2586426.18726320, -0.811069, 1000,  998, 2, 0.79, 0.83, -0.04,  0,  0,  0
2586426.18976320, -0.544437, 1000,  998, 2, 0.79, 0.83, -0.04,  0,  0,  0
2586426.19226320, 0.223222, 1000,  998, 2, 0.79, 0.83, -0.04,  0,  0,  0
2586426.19476320, 0.990880, 1000,  998, 2, 0.79, 0.83, -0.04,  0,  0,  0
2586426.19726320, 1.378667, 1000,  998, 2, 0.79, 0.83, -0.04,  0,  0,  0
2586426.19976320, 1.186691, 1000,  998, 2, 0.79, 0.83, -0.04,  0,  0,  0
2586426.20226320, 0.233975, 1000,  998, 2, 0.79, 0.83, -0.04,  0,  0,  0
2586426.20476320, -0.562660, 1000,  998, 2, 0.79, 0.83, -0.04,  0,  0,  0
2586426.20726320, -0.998109, 1000,  998, 2, 0.79, 0.83, -0.04,  0,  0,  0
2586426.20976320, -1.152824, 1000,  998, 2, 0.79, 0.83, -0.04,  0,  0,  0
2586426.21226320, -0.056121, 1000,  998, 2, 0.79, 0.83, -0.04,  0,  0,  0
2586426.21476320, 0.697662, 1000,  998, 2, 0.79, 0.83, -0.04,  0,  0,  0
2586426.21726320, 1.243576, 1000,  998, 2, 0.79, 0.83, -0.04,  0,  0,  0
2586426.21976320, 1.398395, 1000,  998, 2, 0.79, 0.83, -0.04,  0,  0,  0
2586426.22226320, 0.913266, 1000,  998, 2, 0.79, 0.83, -0.04,  0,  0,  0
2586426.22476320, -0.982206, 1000,  998, 2, 0.79, 0.83, -0.04,  0,  0,  0
2586426.22726320, -1.229268, 1000,  998, 2, 0.79, 0.83, -0.04,  0,  0,  0
2586426.22976320, -1.152157, 1000,  998, 2, 0.79, 0.83, -0.04,  0,  0,  0
2586426.23226320, -0.191629, 1000,  998, 2, 0.79, 0.83, -0.04,  0,  0,  0
2586426.23476320, 0.624366, 1000,  998, 2, 0.79, 0.83, -0.04,  0,  0,  0
2586426.23726320, 1.120124, 1000,  998, 2, 0.79, 0.83, -0.04,  0,  0,  0
2586426.23976320, 0.821365, 1000,  998, 2, 0.79, 0.83, -0.04,  0,  0,  0
2586426.24226320, -0.363313, 1000,  998, 2, 0.79, 0.83, -0.04,  0,  0,  0
2586426.24476320, -0.608375, 1000,  998, 2, 0.79, 0.83, -0.04,  0,  0,  0
2586426.24726320, -1.386496, 1000,  998, 2, 0.79, 0.83, -0.04,  0,  0,  0
2586426.24976320, -1.111763, 1000,  998, 2, 0.79, 0.83, -0.04,  0,  0,  0
2586426.25226320, -0.364937, 1000,  998, 2, 0.79, 0.83, -0.04,  0,  0,  0
2586426.25476320, 0.468830, 1000,  998, 2, 0.79, 0.83, -0.04,  0,  0,  0
2586426.25726320, 0.944137, 1000,  998, 2, 0.79, 0.83, -0.04,  0,  0,  0
2586426.26226320, 0.624273, 1000,  998, 2, 0.79, 0.83, -0.04,  0,  0,  0
2586426.26476320, -1.493258, 1000,  998, 2, 0.79, 0.83, -0.04,  0,  0,  0
2586426.26726320, -1.528611, 1000,  998, 2, 0.79, 0.83, -0.04,  0,  0,  0
2586426.26976320, -1.201443, 1000,  998, 2, 0.79, 0.83, -0.04,  0,  0,  0
2586426.27226320, -0.081001, 1000,  998, 2, 0.79, 0.83, -0.04,  0,  0,  0
2586426.27476320, 0.472542, 1000,  998, 2, 0.79, 0.83, -0.04,  0,  0,  0
2586426.27726320, 0.830209, 1000,  998, 2, 0.79, 0.83, -0.04,  0,  0,  0
2586426.27976320, 0.925351, 1000,  998, 2, 0.79, 0.83, -0.04,  0,  0,  0
2586426.28226320, 0.973069, 1000,  998, 2, 0.79, 0.83, -0.04,  0,  0,  0
2586426.28476320, -0.852009, 1000,  998, 2, 0.79, 0.83, -0.04,  0,  0,  0
2586426.28726320, -1.818127, 1000,  998, 2, 0.79, 0.83, -0.04,  0,  0,  0
2586426.28976320, -1.467097, 1000,  998, 2, 0.79, 0.83, -0.04,  0,  0,  0
2586426.29226320, -1.042331, 1000,  998, 2, 0.79, 0.83, -0.04,  0,  0,  0
2586426.29476320, -0.617565, 1000,  998, 2, 0.79, 0.83, -0.04,  0,  0,  0
2586426.29726320, 0.794048, 1000,  998, 2, 0.79, 0.83, -0.04,  0,  0,  0
2586426.29976320, 0.948347, 1000,  998, 2, 0.79, 0.83, -0.04,  0,  0,  0
2586426.30226320, 0.322050, 1000,  998, 2, 0.79, 0.83, -0.04,  0,  0,  0
2586426.30476320, -1.337330, 1000,  998, 2, 0.79, 0.83, -0.04,  0,  0,  0
2586426.30726320, -1.204456, 1000,  998, 2, 0.79, 0.83, -0.04,  0,  0,  0
2586426.30976320, -0.576312, 1000,  998, 2, 0.79, 0.83, -0.04,  0,  0,  0
2586426.31226320, 0.556097, 1000,  998, 2, 0.79, 0.83, -0.04,  0,  0,  0
2586426.31476320, 0.673879, 1000,  998, 2, 0.79, 0.83, -0.04,  0,  0,  0
2586426.31726320, 1.059057, 1000,  998, 2, 0.79, 0.83, -0.04,  0,  0,  0
2586426.31976320, 1.034661, 1000,  998, 2, 0.79, 0.83, -0.04,  0,  0,  0
2586426.32226320, -0.124228, 1000,  998, 2, 0.79, 0.83, -0.04,  0,  0,  0
2586426.32476320, -1.084393, 1000,  998, 2, 0.79, 0.83, -0.04,  0,  0,  0
2586426.32726320, -1.365653, 1000,  998, 2, 0.79, 0.83, -0.04,  0,  0,  0
2586426.32976320, -1.230071, 1000,  998, 2, 0.79, 0.83, -0.04,  0,  0,  0
2586426.33226320, 0.844749, 1000,  998, 2, 0.79, 0.83, -0.04,  0,  0,  0
2586426.33476320, 0.954600, 1000,  998, 2, 0.79, 0.83, -0.04,  0,  0,  0
2586426.33726320, 1.301310, 1000,  998, 2, 0.79, 0.83, -0.04,  0,  0,  0
2586426.33976320, 1.136048, 1000,  998, 2, 0.79, 0.83, -0.04,  0,  0,  0
2586426.34226320, 0.206750, 1000,  998, 2, 0.79, 0.83, -0.04,  0,  0,  0
2586426.34476320, -0.344352, 1000,  998, 2, 0.79, 0.83, -0.04,  0,  0,  0
2586426.34726320, -1.667592, 1000,  998, 2, 0.79, 0.83, -0.04,  0,  0,  0
2586426.34976320, -1.458338, 1000,  998, 2, 0.79, 0.83, -0.04,  0,  0,  0
2586426.35226320, 0.677783, 1000,  998, 2, 0.79, 0.83, -0.04,  0,  0,  0
2586426.35476320, 1.016322, 1000,  998, 2, 0.79, 0.83, -0.04,  0,  0,  0
2586426.35726320, 1.293286, 1000,  998, 2, 0.79, 0.83, -0.04,  0,  0,  0
2586426.35976320, 0.922760, 1000,  998, 2, 0.79, 0.83, -0.04,  0,  0,  0
2586426.36226320, 0.102884, 1000,  998, 2, 0.79, 0.83, -0.04,  0,  0,  0
2586426.36476320, -0.532074, 1000,  998, 2, 0.79, 0.83, -0.04,  0,  0,  0
2586426.36976320, -0.766975, 1000,  998, 2, 0.79, 0.83, -0.04,  0,  0,  0
2586426.37226320, 0.044499, 1000,  998, 2, 0.79, 0.83, -0.04,  0,  0,  0
2586426.37476320, 0.818342, 1000,  998, 2, 0.79, 0.83, -0.04,  0,  0,  0
2586426.37726320, 1.146652, 1000,  998, 2, 0.79, 0.83, -0.04,  0,  0,  0
2586426.37976320, 0.896091, 1000,  998, 2, 0.79, 0.83, -0.04,  0,  0,  0
2586426.38226320, 0.504412, 1000,  998, 2, 0.79, 0.83, -0.04,  0,  0,  0
2586426.38476320, -1.478364, 1000,  998, 2, 0.79, 0.83, -0.04,  0,  0,  0
2586426.38726320, -1.026143, 1000,  998, 2, 0.79, 0.83, -0.04,  0,  0,  0
2586426.38976320, -0.959249, 1000,  998, 2, 0.79, 0.83, -0.04,  0,  0,  0
2586426.39226320, -0.731533, 1000,  998, 2, 0.79, 0.83, -0.04,  0,  0,  0
2586426.39476320, -0.503817, 1000,  998, 2, 0.79, 0.83, -0.04,  0,  0,  0
2586426.39726320, -0.272943, 1000,  998, 2, 0.79, 0.83, -0.04,  0,  0,  0
2586426.39976320, 0.381629, 1000,  998, 2, 0.79, 0.83, -0.04,  0,  0,  0
2586426.40226320, 0.434100, 1000,  998, 2, 0.79, 0.83, -0.04,  0,  0,  0
2586426.40476320, -0.396608, 1000,  998, 2, 0.79, 0.83, -0.04,  0,  0,  0
2586426.40726320, -1.061217, 1000,  998, 2, 0.79, 0.83, -0.04,  0,  0,  0
2586426.40976320, -1.103126, 1000,  998, 2, 0.79, 0.83, -0.04,  0,  0,  0
2586426.41226320, -0.715090, 1000,  998, 2, 0.79, 0.83, -0.04,  0,  0,  0
2586426.41476320, -0.327053, 1000,  998, 2, 0.79, 0.83, -0.04,  0,  0,  0
2586426.41726320, 0.970070, 1000,  998, 2, 0.79, 0.83, -0.04,  0,  0,  0
2586426.41976320, 1.040037, 1000,  998, 2, 0.79, 0.83, -0.04,  0,  0,  0
2586426.42226320, 0.799799, 1000,  998, 2, 0.79, 0.83, -0.04,  0,  0,  0
2586426.42476320, -1.214127, 1000,  998, 2, 0.79, 0.83, -0.04,  0,  0,  0
2586426.42726320, -1.327975, 1000,  998, 2, 0.79, 0.83, -0.04,  0,  0,  0
2586426.42976320, -1.222849, 1000,  998, 2, 0.79, 0.83, -0.04,  0,  0,  0
2586426.43226320, -0.389886, 1000,  998, 2, 0.79, 0.83, -0.04,  0,  0,  0
2586426.43476320, 1.209020, 1000,  998, 2, 0.79, 0.83, -0.04,  0,  0,  0
2586426.43726320, 1.654423, 1000,  998, 2, 0.79, 0.83, -0.04,  0,  0,  0
2586426.43976320, 1.272241, 1000,  998, 2, 0.79, 0.83, -0.04,  0,  0,  0
2586426.44226320, 0.831846, 1000,  998, 2, 0.79, 0.83, -0.04,  0,  0,  0
2586426.44476320, -0.430974, 1000,  998, 2, 0.79, 0.83, -0.04,  0,  0,  0
2586426.44726320, -1.194355, 1000,  998, 2, 0.79, 0.83, -0.04,  0,  0,  0
2586426.44976320, -0.698594, 1000,  998, 2, 0.79, 0.83, -0.04,  0,  0,  0
2586426.45226320, -0.397345, 1000,  998, 2, 0.79, 0.83, -0.04,  0,  0,  0
2586426.45476320, 0.647955, 1000,  998, 2, 0.79, 0.83, -0.04,  0,  0,  0
2586426.45726320, 1.137591, 1000,  998, 2, 0.79, 0.83, -0.04,  0,  0,  0
2586426.45976320, 1.245955, 1000,  998, 2, 0.79, 0.83, -0.04,  0,  0,  0
2586426.46226320, 0.775693, 1000,  998, 2, 0.79, 0.83, -0.04,  0,  0,  0
2586426.46476320, 0.192923, 1000,  998, 2, 0.79, 0.83, -0.04,  0,  0,  0
2586426.46726320, -0.764788, 1000,  998, 2, 0.79, 0.83, -0.04,  0,  0,  0
2586426.46976320, -0.887946, 1000,  998, 2, 0.79, 0.83, -0.04,  0,  0,  0
2586426.47226320, -0.792318, 1000,  998, 2, 0.79, 0.83, -0.04,  0,  0,  0
2586426.47476320, -0.242688, 1000,  998, 2, 0.79, 0.83, -0.04,  0,  0,  0
2586426.47726320, 1.423247, 1000,  998, 2, 0.79, 0.83, -0.04,  0,  0,  0
2586426.47976320, 1.105764, 1000,  998, 2, 0.79, 0.83, -0.04,  0,  0,  0
2586426.48226320, 0.353847, 1000,  998, 2, 0.79, 0.83, -0.04,  0,  0,  0
2586426.48476320, -0.591307, 1000,  998, 2, 0.79, 0.83, -0.04,  0,  0,  0
2586426.48726320, -1.059875, 1000,  998, 2, 0.79, 0.83, -0.04,  0,  0,  0
2586426.48976320, -0.886680, 1000,  998, 2, 0.79, 0.83, -0.04,  0,  0,  0
2586426.49226320, 0.090006, 1000,  998, 2, 0.79, 0.83, -0.04,  0,  0,  0
2586426.49476320, 1.022114, 1000,  998, 2, 0.79, 0.83, -0.04,  0,  0,  0
2586426.49726320, 1.300106, 1000,  998, 2, 0.79, 0.83, -0.04,  0,  0,  0
2586426.49976320, 0.770808, 1000,  998, 2, 0.79, 0.83, -0.04,  0,  0,  0
2586426.50226320, -0.014541, 1000,  998, 2, 0.79, 0.83, -0.04,  0,  0,  0
2586426.50476320, -0.593830, 1000,  998, 2, 0.79, 0.83, -0.04,  0,  0,  0
2586426.50726320, -1.018128, 1000,  998, 2, 0.79, 0.83, -0.04,  0,  0,  0
2586426.50976320, -0.929529, 1000,  998, 2, 0.79, 0.83, -0.04,  0,  0,  0
2586426.51226320, -0.128354, 1000,  998, 2, 0.79, 0.83, -0.04,  0,  0,  0
2586426.51476320, 1.339875, 1000,  998, 2, 0.79, 0.83, -0.04,  0,  0,  0
2586426.51726320, 1.347217, 1000,  998, 2, 0.79, 0.83, -0.04,  0,  0,  0
2586426.51976320, 1.052698, 1000,  998, 2, 0.79, 0.83, -0.04,  0,  0,  0
2586426.52226320, 0.489995, 1000,  998, 2, 0.79, 0.83, -0.04,  0,  0,  0
2586426.52476320, -0.360671, 1000,  998, 2, 0.79, 0.83, -0.04,  0,  0,  0
2586426.52726320, -0.682575, 1000,  998, 2, 0.79, 0.83, -0.04,  0,  0,  0
2586426.52976320, -0.805165, 1000,  998, 2, 0.79, 0.83, -0.04,  0,  0,  0
2586426.53226320, -0.119110, 1000,  998, 2, 0.79, 0.83, -0.04,  0,  0,  0
2586426.53476320, 0.763801, 1000,  998, 2, 0.79, 0.83, -0.04,  0,  0,  0
2586426.53726320, 1.122686, 1000,  998, 2, 0.79, 0.83, -0.04,  0,  0,  0
2586426.53976320, 1.338251, 1000,  998, 2, 0.79, 0.83, -0.04,  0,  0,  0
2586426.54226320, -0.126778, 1000,  998, 2, 0.79, 0.83, -0.04,  0,  0,  0
2586426.54476320, -0.771477, 1000,  998, 2, 0.79, 0.83, -0.04,  0,  0,  0
2586426.54726320, -0.854990, 1000,  998, 2, 0.79, 0.83, -0.04,  0,  0,  0
2586426.54976320, -0.815919, 1000,  998, 2, 0.79, 0.83, -0.04,  0,  0,  0
2586426.55476320, 1.422052, 1000,  998, 2, 0.79, 0.83, -0.04,  0,  0,  0
2586426.55726320, 1.295430, 1000,  998, 2, 0.79, 0.83, -0.04,  0,  0,  0
2586426.55976320, 0.700254, 1000,  998, 2, 0.79, 0.83, -0.04,  0,  0,  0
2586426.56226320, -0.031312, 1000,  998, 2, 0.79, 0.83, -0.04,  0,  0,  0
2586426.56476320, -0.628859, 1000,  998, 2, 0.79, 0.83, -0.04,  0,  0,  0
2586426.56726320, -1.135085, 1000,  998, 2, 0.79, 0.83, -0.04,  0,  0,  0
2586426.56976320, -0.733152, 1000,  998, 2, 0.79, 0.83, -0.04,  0,  0,  0
2586426.57226320, 0.189645, 1000,  998, 2, 0.79, 0.83, -0.04,  0,  0,  0
2586426.57476320, 1.037183, 1000,  998, 2, 0.79, 0.83, -0.04,  0,  0,  0
2586426.57726320, 1.048752, 1000,  998, 2, 0.79, 0.83, -0.04,  0,  0,  0
2586426.57976320, 0.780889, 1000,  998, 2, 0.79, 0.83, -0.04,  0,  0,  0
2586426.58226320, 0.280031, 1000,  998, 2, 0.79, 0.83, -0.04,  0,  0,  0
2586426.58476320, -0.050093, 1000,  998, 2, 0.79, 0.83, -0.04,  0,  0,  0
2586426.58726320, -0.430473, 1000,  998, 2, 0.79, 0.83, -0.04,  0,  0,  0
2586426.58976320, -0.922567, 1000,  998, 2, 0.79, 0.83, -0.04,  0,  0,  0
2586426.59226320, -1.080179, 1000,  998, 2, 0.79, 0.83, -0.04,  0,  0,  0
2586426.59476320, 1.022396, 1000,  998, 2, 0.79, 0.83, -0.04,  0,  0,  0
2586426.59726320, 1.075935, 1000,  998, 2, 0.79, 0.83, -0.04,  0,  0,  0
2586426.59976320, 1.045428, 1000,  998, 2, 0.79, 0.83, -0.04,  0,  0,  0
2586426.60226320, 0.414218, 1000,  998, 2, 0.79, 0.83, -0.04,  0,  0,  0
2586426.60476320, -0.261270, 1000,  998, 2, 0.79, 0.83, -0.04,  0,  0,  0
2586426.60726320, -1.275465, 1000,  998, 2, 0.79, 0.83, -0.04,  0,  0,  0
2586426.60976320, -0.363313, 1000,  998, 2, 0.79, 0.83, -0.04,  0,  0,  0
2586426.61226320, -0.363313, 1000,  997, 3, 0.79, 0.83, -0.04,  0,  0,  0
2586426.61476320, -0.363313, 1000,  997, 3, 0.79, 0.83, -0.04,  0,  0,  0
2586426.61726320, -0.338622, 1000,  997, 3, 0.79, 0.83, -0.04,  0,  0,  0
2586426.61976320, 0.082722, 1000,  997, 3, 0.79, 0.83, -0.04,  0,  0,  0
2586426.62226320, -0.117682, 1000,  997, 3, 0.79, 0.83, -0.04,  0,  0,  0
2586426.62476320, -1.176045, 1000,  996, 4, 0.79, 0.83, -0.04,  0,  0,  0
2586426.62726320, -1.323839, 1000,  996, 4, 0.79, 0.83, -0.04,  0,  0,  0
2586426.62976320, -1.237084, 1000,  996, 4, 0.79, 0.83, -0.04,  0,  0,  0
2586426.63226320, -1.150328, 1000,  996, 4, 0.79, 0.83, -0.04,  0,  0,  0
2586426.63476320, 1.486197, 1000,  996, 4, 0.79, 0.83, -0.04,  0,  0,  0
2586426.63726320, 1.528373, 1000,  996, 4, 0.79, 0.83, -0.04,  0,  0,  0
2586426.63976320, 0.746118, 1000,  996, 4, 0.79, 0.83, -0.04,  0,  0,  0
2586426.64226320, 0.149379, 1000,  997, 3, 0.79, 0.83, -0.04,  0,  0,  0
2586426.64476320, -0.272425, 1000,  997, 3, 0.79, 0.83, -0.04,  0,  0,  0
2586426.64726320, -0.695029, 1000,  997, 3, 0.79, 0.83, -0.04,  0,  0,  0
2586426.64976320, -1.118942, 1000,  998, 2, 0.79, 0.83, -0.04,  0,  0,  0
2586426.65226320, 0.571487, 1000,  998, 2, 0.79, 0.83, -0.04,  0,  0,  0
2586426.65476320, 1.496888, 1000,  998, 2, 0.79, 0.83, -0.04,  0,  0,  0
2586426.65726320, 1.496888, 1000,  998, 2, 0.79, 0.83, -0.04,  0,  0,  0
2586426.65976320, 1.496888, 1000,  998, 2, 0.79, 0.83, -0.04,  0,  0,  0
2586426.66226320, 0.416163, 1000,  998, 2, 0.79, 0.83, -0.04,  0,  0,  0
2586426.66476320, -0.712438, 1000,  998, 2, 0.79, 0.83, -0.04,  0,  0,  0
2586426.66726320, -0.929735, 1000,  998, 2, 0.79, 0.83, -0.04,  0,  0,  0
2586426.66976320, -0.901458, 1000,  998, 2, 0.79, 0.83, -0.04,  0,  0,  0
2586426.67226320, -0.285440, 1000,  998, 2, 0.79, 0.83, -0.04,  0,  0,  0
2586426.67476320, 0.607847, 1000,  998, 2, 0.79, 0.83, -0.04,  0,  0,  0
2586426.67726320, 1.073300, 1000,  998, 2, 0.79, 0.83, -0.04,  0,  0,  0
2586426.67976320, 0.769022, 1000,  998, 2, 0.79, 0.83, -0.04,  0,  0,  0
2586426.68226320, -0.297405, 1000,  998, 2, 0.79, 0.83, -0.04,  0,  0,  0
2586426.68476320, -1.045236, 1000,  998, 2, 0.79, 0.83, -0.04,  0,  0,  0
2586426.68726320, -1.115250, 1000,  998, 2, 0.79, 0.83, -0.04,  0,  0,  0
2586426.68976320, -0.934918, 1000,  998, 2, 0.79, 0.83, -0.04,  0,  0,  0
2586426.69226320, -0.758449, 1000,  998, 2, 0.79, 0.83, -0.04,  0,  0,  0
2586426.69476320, -0.581980, 1000,  998, 2, 0.79, 0.83, -0.04,  0,  0,  0
2586426.69726320, -0.405511, 1000,  998, 2, 0.79, 0.83, -0.04,  0,  0,  0
2586426.69976320, -0.229042, 1000,  998, 2, 0.79, 0.83, -0.04,  0,  0,  0
2586426.70226320, -0.052574, 1000,  998, 2, 0.79, 0.83, -0.04,  0,  0,  0
2586426.70476320, 0.123895, 1000,  998, 2, 0.79, 0.83, -0.04,  0,  0,  0
2586426.70726320, 0.300364, 1000,  998, 2, 0.79, 0.83, -0.04,  0,  0,  0
2586426.70976320, 0.476833, 1000,  998, 2, 0.79, 0.83, -0.04,  0,  0,  0
2586426.71226320, 0.653302, 1000,  998, 2, 0.79, 0.83, -0.04,  0,  0,  0
2586426.71476320, 0.829770, 1000,  998, 2, 0.79, 0.83, -0.04,  0,  0,  0
2586426.71726320, 1.006239, 1000,  998, 2, 0.79, 0.83, -0.04,  0,  0,  0
2586426.71976320, 1.182708, 1000,  998, 2, 0.79, 0.83, -0.04,  0,  0,  0
2586426.72226320, 0.668218, 1000,  998, 2, 0.79, 0.83, -0.04,  0,  0,  0
2586426.72476320, -0.780525, 1000,  998, 2, 0.79, 0.83, -0.04,  0,  0,  0
2586426.72726320, -1.223103, 1000,  998, 2, 0.79, 0.83, -0.04,  0,  0,  0
2586426.72976320, -1.356073, 1000,  998, 2, 0.79, 0.83, -0.04,  0,  0,  0
2586426.73226320, -0.110341, 1000,  998, 2, 0.79, 0.83, -0.04,  0,  0,  0
2586426.73476320, 0.876462, 1000,  998, 2, 0.79, 0.83, -0.04,  0,  0,  0
2586426.73726320, 1.183925, 1000,  998, 2, 0.79, 0.83, -0.04,  0,  0,  0
2586426.73976320, 0.980128, 1000,  998, 2, 0.79, 0.83, -0.04,  0,  0,  0
2586426.74226320, 0.687943, 1000,  998, 2, 0.79, 0.83, -0.04,  0,  0,  0
2586426.74476320, -0.056525, 1000,  998, 2, 0.79, 0.83, -0.04,  0,  0,  0
2586426.74726320, -1.219993, 1000,  998, 2, 0.79, 0.83, -0.04,  0,  0,  0
2586426.74976320, -1.166026, 1000,  998, 2, 0.79, 0.83, -0.04,  0,  0,  0
2586426.75226320, -0.167652, 1000,  998, 2, 0.79, 0.83, -0.04,  0,  0,  0
2586426.75476320, 1.167712, 1000,  998, 2, 0.79, 0.83, -0.04,  0,  0,  0
2586426.75976320, 1.038200, 1000,  998, 2, 0.79, 0.83, -0.04,  0,  0,  0
2586426.76226320, -0.403471, 1000,  998, 2, 0.79, 0.83, -0.04,  0,  0,  0
2586426.76476320, -1.132933, 1000,  998, 2, 0.79, 0.83, -0.04,  0,  0,  0
2586426.76726320, -1.319421, 1000,  998, 2, 0.79, 0.83, -0.04,  0,  0,  0
2586426.76976320, -1.070682, 1000,  998, 2, 0.79, 0.83, -0.04,  0,  0,  0
2586426.77226320, -0.564859, 1000,  998, 2, 0.79, 0.83, -0.04,  0,  0,  0
2586426.77476320, 1.054957, 1000,  998, 2, 0.79, 0.83, -0.04,  0,  0,  0
2586426.77726320, 1.163731, 1000,  998, 2, 0.79, 0.83, -0.04,  0,  0,  0
2586426.77976320, 0.868939, 1000,  998, 2, 0.79, 0.83, -0.04,  0,  0,  0
2586426.78226320, 0.511095, 1000,  998, 2, 0.79, 0.83, -0.04,  0,  0,  0
2586426.78476320, -0.761221, 1000,  998, 2, 0.79, 0.83, -0.04,  0,  0,  0
2586426.78726320, -1.202664, 1000,  998, 2, 0.79, 0.83, -0.04,  0,  0,  0
2586426.78976320, -0.660454, 1000,  998, 2, 0.79, 0.83, -0.04,  0,  0,  0
2586426.79226320, 0.876821, 1000,  998, 2, 0.79, 0.83, -0.04,  0,  0,  0
2586426.79476320, 1.081875, 1000,  998, 2, 0.79, 0.83, -0.04,  0,  0,  0
2586426.79726320, 1.329183, 1000,  998, 2, 0.79, 0.83, -0.04,  0,  0,  0
2586426.79976320, 0.687824, 1000,  998, 2, 0.79, 0.83, -0.04,  0,  0,  0
2586426.80226320, -0.202951, 1000,  998, 2, 0.79, 0.83, -0.04,  0,  0,  0
2586426.80476320, -0.607996, 1000,  998, 2, 0.79, 0.83, -0.04,  0,  0,  0
2586426.80726320, -1.019724, 1000,  998, 2, 0.79, 0.83, -0.04,  0,  0,  0
2586426.80976320, -0.458511, 1000,  998, 2, 0.79, 0.83, -0.04,  0,  0,  0
2586426.81226320, 0.513334, 1000,  998, 2, 0.79, 0.83, -0.04,  0,  0,  0
2586426.81476320, 0.670779, 1000,  998, 2, 0.79, 0.83, -0.04,  0,  0,  0
2586426.81726320, 1.144091, 1000,  998, 2, 0.79, 0.83, -0.04,  0,  0,  0
2586426.81976320, 0.844360, 1000,  998, 2, 0.79, 0.83, -0.04,  0,  0,  0
2586426.82226320, -0.437950, 1000,  998, 2, 0.79, 0.83, -0.04,  0,  0,  0
2586426.82476320, -1.242236, 1000,  998, 2, 0.79, 0.83, -0.04,  0,  0,  0
2586426.82726320, -1.290170, 1000,  998, 2, 0.79, 0.83, -0.04,  0,  0,  0
2586426.82976320, -0.425529, 1000,  998, 2, 0.79, 0.83, -0.04,  0,  0,  0
2586426.83226320, 0.737841, 1000,  998, 2, 0.79, 0.83, -0.04,  0,  0,  0
2586426.83476320, 0.737841, 1000,  998, 2, 0.79, 0.83, -0.04,  0,  0,  0
2586426.83726320, 1.582414, 1000,  998, 2, 0.79, 0.83, -0.04,  0,  0,  0
2586426.83976320, 1.582414, 1000,  998, 2, 0.79, 0.83, -0.04,  0,  0,  0
2586426.84226320, 0.980573, 1000,  998, 2, 0.79, 0.83, -0.04,  0,  0,  0
2586426.84476320, -1.010751, 1000,  998, 2, 0.79, 0.83, -0.04,  0,  0,  0
2586426.84726320, -1.342120, 1000,  998, 2, 0.79, 0.83, -0.04,  0,  0,  0
2586426.84976320, -1.224565, 1000,  998, 2, 0.79, 0.83, -0.04,  0,  0,  0
2586426.85226320, -1.011361, 1000,  998, 2, 0.79, 0.83, -0.04,  0,  0,  0
2586426.85476320, 0.308425, 1000,  998, 2, 0.79, 0.83, -0.04,  0,  0,  0
2586426.85726320, 1.237161, 1000,  998, 2, 0.79, 0.83, -0.04,  0,  0,  0
2586426.85976320, 1.289663, 1000,  998, 2, 0.79, 0.83, -0.04,  0,  0,  0
2586426.86226320, 0.695011, 1000,  998, 2, 0.79, 0.83, -0.04,  0,  0,  0
2586426.86476320, -0.938346, 1000,  998, 2, 0.79, 0.83, -0.04,  0,  0,  0
2586426.86976320, -0.935923, 1000,  998, 2, 0.79, 0.83, -0.04,  0,  0,  0
2586426.87226320, 0.414626, 1000,  998, 2, 0.79, 0.83, -0.04,  0,  0,  0
2586426.87476320, 1.401914, 1000,  998, 2, 0.79, 0.83, -0.04,  0,  0,  0
2586426.87726320, 1.270739, 1000,  998, 2, 0.79, 0.83, -0.04,  0,  0,  0
2586426.87976320, 0.886609, 1000,  998, 2, 0.79, 0.83, -0.04,  0,  0,  0
2586426.88226320, 0.477158, 1000,  998, 2, 0.79, 0.83, -0.04,  0,  0,  0
2586426.88476320, -0.430291, 1000,  998, 2, 0.79, 0.83, -0.04,  0,  0,  0
2586426.88726320, -1.191824, 1000,  998, 2, 0.79, 0.83, -0.04,  0,  0,  0
2586426.88976320, -0.881511, 1000,  998, 2, 0.79, 0.83, -0.04,  0,  0,  0
2586426.89226320, -0.450551, 1000,  998, 2, 0.79, 0.83, -0.04,  0,  0,  0
2586426.89476320, 0.654716, 1000,  998, 2, 0.79, 0.83, -0.04,  0,  0,  0
2586426.89726320, 1.435110, 1000,  998, 2, 0.79, 0.83, -0.04,  0,  0,  0
2586426.89976320, 1.359339, 1000,  998, 2, 0.79, 0.83, -0.04,  0,  0,  0
2586426.90226320, 0.270813, 1000,  998, 2, 0.79, 0.83, -0.04,  0,  0,  0
2586426.90476320, -0.962191, 1000,  998, 2, 0.79, 0.83, -0.04,  0,  0,  0
2586426.90726320, -1.177566, 1000,  998, 2, 0.79, 0.83, -0.04,  0,  0,  0
2586426.90976320, -0.809099, 1000,  998, 2, 0.79, 0.83, -0.04,  0,  0,  0
2586426.91226320, -0.359382, 1000,  998, 2, 0.79, 0.83, -0.04,  0,  0,  0
2586426.91476320, 1.043746, 1000,  998, 2, 0.79, 0.83, -0.04,  0,  0,  0
2586426.91726320, 1.439409, 1000,  998, 2, 0.79, 0.83, -0.04,  0,  0,  0
2586426.91976320, 1.433949, 1000,  998, 2, 0.79, 0.83, -0.04,  0,  0,  0
2586426.92226320, -0.261585, 1000,  998, 2, 0.79, 0.83, -0.04,  0,  0,  0
2586426.92476320, -0.902095, 1000,  998, 2, 0.79, 0.83, -0.04,  0,  0,  0
2586426.92726320, -1.137233, 1000,  998, 2, 0.79, 0.83, -0.04,  0,  0,  0
2586426.92976320, -1.372371, 1000,  998, 2, 0.79, 0.83, -0.04,  0,  0,  0
2586426.93226320, -0.439993, 1000,  998, 2, 0.79, 0.83, -0.04,  0,  0,  0
2586426.93476320, 0.550022, 1000,  998, 2, 0.79, 0.83, -0.04,  0,  0,  0
2586426.93726320, 1.075646, 1000,  998, 2, 0.79, 0.83, -0.04,  0,  0,  0
2586426.93976320, 1.186082, 1000,  998, 2, 0.79, 0.83, -0.04,  0,  0,  0
2586426.94226320, 0.439783, 1000,  998, 2, 0.79, 0.83, -0.04,  0,  0,  0
2586426.94476320, -0.586051, 1000,  998, 2, 0.79, 0.83, -0.04,  0,  0,  0
2586426.94726320, -1.066958, 1000,  998, 2, 0.79, 0.83, -0.04,  0,  0,  0
2586426.94976320, -0.842799, 1000,  998, 2, 0.79, 0.83, -0.04,  0,  0,  0
2586426.95226320, -0.115457, 1000,  998, 2, 0.79, 0.83, -0.04,  0,  0,  0
2586426.95476320, 0.557430, 1000,  998, 2, 0.79, 0.83, -0.04,  0,  0,  0
2586426.95726320, 0.999412, 1000,  998, 2, 0.79, 0.83, -0.04,  0,  0,  0
2586426.95976320, 0.369122, 1000,  998, 2, 0.79, 0.83, -0.04,  0,  0,  0
2586426.96226320, -0.569340, 1000,  998, 2, 0.79, 0.83, -0.04,  0,  0,  0
2586426.96476320, -1.093796, 1000,  998, 2, 0.79, 0.83, -0.04,  0,  0,  0
2586426.96726320, -1.219625, 1000,  998, 2, 0.79, 0.83, -0.04,  0,  0,  0
2586426.96976320, -1.002664, 1000,  998, 2, 0.79, 0.83, -0.04,  0,  0,  0
2586426.97226320, -0.067525, 1000,  998, 2, 0.79, 0.83, -0.04,  0,  0,  0
2586426.97476320, 0.857556, 1000,  998, 2, 0.79, 0.83, -0.04,  0,  0,  0
2586426.97726320, 1.524912, 1000,  998, 2, 0.79, 0.83, -0.04,  0,  0,  0
2586426.97976320, 1.302675, 1000,  998, 2, 0.79, 0.83, -0.04,  0,  0,  0
2586426.98226320, -0.181404, 1000,  998, 2, 0.79, 0.83, -0.04,  0,  0,  0
2586426.98476320, -1.293094, 1000,  998, 2, 0.79, 0.83, -0.04,  0,  0,  0
2586426.98726320, -1.457313, 1000,  998, 2, 0.79, 0.83, -0.04,  0,  0,  0
2586426.98976320, -0.984002, 1000,  998, 2, 0.79, 0.83, -0.04,  0,  0,  0
2586426.99226320, -0.052261, 1000,  998, 2, 0.79, 0.83, -0.04,  0,  0,  0
2586426.99476320, 1.166617, 1000,  998, 2, 0.79, 0.83, -0.04,  0,  0,  0
2586426.99726320, 1.472379, 1000,  998, 2, 0.79, 0.83, -0.04,  0,  0,  0
2586426.99976320, 0.502643, 1000,  998, 2, 0.79, 0.83, -0.04,  0,  0,  0
2586427.00226320, 0.156056, 1000,  998, 2, 0.79, 0.83, -0.04,  0,  0,  0
2586427.00476320, -0.871826, 1000,  998, 2, 0.79, 0.83, -0.04,  0,  0,  0
2586427.00726320, -1.211136, 1000,  998, 2, 0.79, 0.83, -0.04,  0,  0,  0
2586427.00976320, -0.528575, 1000,  998, 2, 0.79, 0.83, -0.04,  0,  0,  0
2586427.01226320, -0.225548, 1000,  998, 2, 0.79, 0.83, -0.04,  0,  0,  0
2586427.01476320, 0.587575, 1000,  998, 2, 0.79, 0.83, -0.04,  0,  0,  0
2586427.01726320, 1.284526, 1000,  998, 2, 0.79, 0.83, -0.04,  0,  0,  0
2586427.01976320, 0.969452, 1000,  998, 2, 0.79, 0.83, -0.04,  0,  0,  0
2586427.02226320, 0.041241, 1000,  998, 2, 0.79, 0.83, -0.04,  0,  0,  0
2586427.02476320, -0.747444, 1000,  998, 2, 0.79, 0.83, -0.04,  0,  0,  0
2586427.02726320, -1.002857, 1000,  998, 2, 0.79, 0.83, -0.04,  0,  0,  0
2586427.02976320, -0.594258, 1000,  998, 2, 0.79, 0.83, -0.04,  0,  0,  0
2586427.03226320, 0.038081, 1000,  998, 2, 0.79, 0.83, -0.04,  0,  0,  0
2586427.03476320, 0.561078, 1000,  998, 2, 0.79, 0.83, -0.04,  0,  0,  0
2586427.03726320, 1.186199, 1000,  998, 2, 0.79, 0.83, -0.04,  0,  0,  0
2586427.03976320, 0.539712, 1000,  998, 2, 0.79, 0.83, -0.04,  0,  0,  0
2586427.04226320, -0.595460, 1000,  998, 2, 0.79, 0.83, -0.04,  0,  0,  0
2586427.04476320, -1.186505, 1000,  998, 2, 0.79, 0.83, -0.04,  0,  0,  0
2586427.04726320, -1.268637, 1000,  998, 2, 0.79, 0.83, -0.04,  0,  0,  0
2586427.04976320, -0.738593, 1000,  998, 2, 0.79, 0.83, -0.04,  0,  0,  0
2586427.05226320, 0.842035, 1000,  998, 2, 0.79, 0.83, -0.04,  0,  0,  0
2586427.05476320, 1.528960, 1000,  998, 2, 0.79, 0.83, -0.04,  0,  0,  0
2586427.05726320, 1.561340, 1000,  998, 2, 0.79, 0.83, -0.04,  0,  0,  0
2586427.05976320, 0.965993, 1000,  998, 2, 0.79, 0.83, -0.04,  0,  0,  0
2586427.06226320, -0.577011, 1000,  998, 2, 0.79, 0.83, -0.04,  0,  0,  0
2586427.06476320, -1.336176, 1000,  998, 2, 0.79, 0.83, -0.04,  0,  0,  0
2586427.06726320, -1.483266, 1000,  998, 2, 0.79, 0.83, -0.04,  0,  0,  0
2586427.07226320, 0.408559, 1000,  998, 2, 0.79, 0.83, -0.04,  0,  0,  0
2586427.07476320, 0.966189, 1000,  998, 2, 0.79, 0.83, -0.04,  0,  0,  0
2586427.07726320, 1.086312, 1000,  998, 2, 0.79, 0.83, -0.04,  0,  0,  0
2586427.07976320, 0.417116, 1000,  998, 2, 0.79, 0.83, -0.04,  0,  0,  0
2586427.08226320, 0.324872, 1000,  998, 2, 0.79, 0.83, -0.04,  0,  0,  0
2586427.08476320, 0.009011, 1000,  998, 2, 0.79, 0.83, -0.04,  0,  0,  0
2586427.08726320, -0.306851, 1000,  998, 2, 0.79, 0.83, -0.04,  0,  0,  0
2586427.08976320, -0.537773, 1000,  998, 2, 0.79, 0.83, -0.04,  0,  0,  0
2586427.09226320, -0.265900, 1000,  998, 2, 0.79, 0.83, -0.04,  0,  0,  0
2586427.09476320, 0.248027, 1000,  998, 2, 0.79, 0.83, -0.04,  0,  0,  0
2586427.09726320, 1.113151, 1000,  998, 2, 0.79, 0.83, -0.04,  0,  0,  0
2586427.09976320, 0.481261, 1000,  998, 2, 0.79, 0.83, -0.04,  0,  0,  0
2586427.10226320, 0.481261, 1000,  998, 2, 0.79, 0.83, -0.04,  0,  0,  0
2586427.10476320, -1.036834, 1000,  998, 2, 0.79, 0.83, -0.04,  0,  0,  0
2586427.10726320, -1.071551, 1000,  998, 2, 0.79, 0.83, -0.04,  0,  0,  0
2586427.10976320, -0.505502, 1000,  998, 2, 0.79, 0.83, -0.04,  0,  0,  0
2586427.11226320, 0.810343, 1000,  998, 2, 0.79, 0.83, -0.04,  0,  0,  0
2586427.11476320, 1.496888, 1000,  998, 2, 0.79, 0.83, -0.04,  0,  0,  0
2586427.11726320, 1.339845, 1000,  998, 2, 0.79, 0.83, -0.04,  0,  0,  0
2586427.11976320, 0.594627, 1000,  998, 2, 0.79, 0.83, -0.04,  0,  0,  0
2586427.12226320, -0.538981, 1000,  998, 2, 0.79, 0.83, -0.04,  0,  0,  0
2586427.12476320, -1.036834, 1000,  998, 2, 0.79, 0.83, -0.04,  0,  0,  0
2586427.12726320, -1.013831, 1000,  998, 2, 0.79, 0.83, -0.04,  0,  0,  0
2586427.12976320, -0.539424, 1000,  998, 2, 0.79, 0.83, -0.04,  0,  0,  0
2586427.13226320, 0.601995, 1000,  998, 2, 0.79, 0.83, -0.04,  0,  0,  0
2586427.13476320, 1.122710, 1000,  998, 2, 0.79, 0.83, -0.04,  0,  0,  0
2586427.13726320, 0.972950, 1000,  998, 2, 0.79, 0.83, -0.04,  0,  0,  0
2586427.13976320, 0.352971, 1000,  998, 2, 0.79, 0.83, -0.04,  0,  0,  0
2586427.14226320, -0.020346, 1000,  998, 2, 0.79, 0.83, -0.04,  0,  0,  0
2586427.14476320, -0.964384, 1000,  998, 2, 0.79, 0.83, -0.04,  0,  0,  0
2586427.14726320, -1.365610, 1000,  998, 2, 0.79, 0.83, -0.04,  0,  0,  0
2586427.14976320, -1.268291, 1000,  998, 2, 0.79, 0.83, -0.04,  0,  0,  0
2586427.15226320, -0.541267, 1000,  998, 2, 0.79, 0.83, -0.04,  0,  0,  0
2586427.15476320, 0.341101, 1000,  998, 2, 0.79, 0.83, -0.04,  0,  0,  0
2586427.15726320, 0.547460, 1000,  998, 2, 0.79, 0.83, -0.04,  0,  0,  0
2586427.15976320, 0.718019, 1000,  998, 2, 0.79, 0.83, -0.04,  0,  0,  0
2586427.16226320, 0.354620, 1000,  998, 2, 0.79, 0.83, -0.04,  0,  0,  0
2586427.16476320, -0.530346, 1000,  998, 2, 0.79, 0.83, -0.04,  0,  0,  0
2586427.16726320, -1.447183, 1000,  998, 2, 0.79, 0.83, -0.04,  0,  0,  0
2586427.16976320, -0.692468, 1000,  998, 2, 0.79, 0.83, -0.04,  0,  0,  0
2586427.17226320, 0.708344, 1000,  998, 2, 0.79, 0.83, -0.04,  0,  0,  0
2586427.17476320, 1.272381, 1000,  998, 2, 0.79, 0.83, -0.04,  0,  0,  0
2586427.17726320, 1.145673, 1000,  998, 2, 0.79, 0.83, -0.04,  0,  0,  0
2586427.17976320, 0.191979, 1000,  998, 2, 0.79, 0.83, -0.04,  0,  0,  0
2586427.18476320, -1.635519, 1000,  998, 2, 0.79, 0.83, -0.04,  0,  0,  0
2586427.18726320, -1.502009, 1000,  998, 2, 0.79, 0.83, -0.04,  0,  0,  0
2586427.18976320, -0.693372, 1000,  998, 2, 0.79, 0.83, -0.04,  0,  0,  0
2586427.19226320, 0.486341, 1000,  998, 2, 0.79, 0.83, -0.04,  0,  0,  0
2586427.19476320, 1.520481, 1000,  998, 2, 0.79, 0.83, -0.04,  0,  0,  0
2586427.19726320, 1.524618, 1000,  998, 2, 0.79, 0.83, -0.04,  0,  0,  0
2586427.19976320, 0.765178, 1000,  998, 2, 0.79, 0.83, -0.04,  0,  0,  0
2586427.20226320, -0.625744, 1000,  998, 2, 0.79, 0.83, -0.04,  0,  0,  0
2586427.20476320, -0.923461, 1000,  998, 2, 0.79, 0.83, -0.04,  0,  0,  0
2586427.20726320, -1.320204, 1000,  998, 2, 0.79, 0.83, -0.04,  0,  0,  0
2586427.20976320, -1.348672, 1000,  998, 2, 0.79, 0.83, -0.04,  0,  0,  0
2586427.21226320, -0.530678, 1000,  998, 2, 0.79, 0.83, -0.04,  0,  0,  0
2586427.21476320, 0.573298, 1000,  998, 2, 0.79, 0.83, -0.04,  0,  0,  0
2586427.21726320, 0.903130, 1000,  998, 2, 0.79, 0.83, -0.04,  0,  0,  0
2586427.21976320, 0.802039, 1000,  998, 2, 0.79, 0.83, -0.04,  0,  0,  0
2586427.22226320, 0.107565, 1000,  998, 2, 0.79, 0.83, -0.04,  0,  0,  0
2586427.22476320, -0.422678, 1000,  998, 2, 0.79, 0.83, -0.04,  0,  0,  0
2586427.22726320, -1.142480, 1000,  998, 2, 0.79, 0.83, -0.04,  0,  0,  0
2586427.22976320, -0.254915, 1000,  998, 2, 0.79, 0.83, -0.04,  0,  0,  0
2586427.23226320, 1.221028, 1000,  998, 2, 0.79, 0.83, -0.04,  0,  0,  0
2586427.23476320, 1.678632, 1000,  998, 2, 0.79, 0.83, -0.04,  0,  0,  0
2586427.23726320, 1.451933, 1000,  998, 2, 0.79, 0.83, -0.04,  0,  0,  0
2586427.23976320, 0.696598, 1000,  998, 2, 0.79, 0.83, -0.04,  0,  0,  0
2586427.24226320, -0.343777, 1000,  998, 2, 0.79, 0.83, -0.04,  0,  0,  0
2586427.24476320, -0.985659, 1000,  998, 2, 0.79, 0.83, -0.04,  0,  0,  0
2586427.24726320, -1.038436, 1000,  998, 2, 0.79, 0.83, -0.04,  0,  0,  0
2586427.24976320, -0.487874, 1000,  998, 2, 0.79, 0.83, -0.04,  0,  0,  0
2586427.25226320, 0.458271, 1000,  998, 2, 0.79, 0.83, -0.04,  0,  0,  0
2586427.25476320, 1.341074, 1000,  998, 2, 0.79, 0.83, -0.04,  0,  0,  0
2586427.25726320, 1.081931, 1000,  998, 2, 0.79, 0.83, -0.04,  0,  0,  0
2586427.25976320, 0.556889, 1000,  998, 2, 0.79, 0.83, -0.04,  0,  0,  0
2586427.26226320, -0.694728, 1000,  998, 2, 0.79, 0.83, -0.04,  0,  0,  0
2586427.26476320, -0.694728, 1000,  998, 2, 0.79, 0.83, -0.04,  0,  0,  0
2586427.26726320, -1.306140, 1000,  998, 2, 0.79, 0.83, -0.04,  0,  0,  0
2586427.26976320, -1.207018, 1000,  998, 2, 0.79, 0.83, -0.04,  0,  0,  0
2586427.27226320, 0.189449, 1000,  998, 2, 0.79, 0.83, -0.04,  0,  0,  0
2586427.27476320, 0.897276, 1000,  998, 2, 0.79, 0.83, -0.04,  0,  0,  0
2586427.27726320, 1.141070, 1000,  998, 2, 0.79, 0.83, -0.04,  0,  0,  0
2586427.27976320, 1.053632, 1000,  998, 2, 0.79, 0.83, -0.04,  0,  0,  0
2586427.28226320, 0.339344, 1000,  998, 2, 0.79, 0.83, -0.04,  0,  0,  0
2586427.28476320, -0.537072, 1000,  998, 2, 0.79, 0.83, -0.04,  0,  0,  0
2586427.28726320, -0.991395, 1000,  998, 2, 0.79, 0.83, -0.04,  0,  0,  0
2586427.28976320, -1.007351, 1000,  998, 2, 0.79, 0.83, -0.04,  0,  0,  0
2586427.29226320, 0.630932, 1000,  998, 2, 0.79, 0.83, -0.04,  0,  0,  0
2586427.29476320, 0.699136, 1000,  998, 2, 0.79, 0.83, -0.04,  0,  0,  0
2586427.29726320, 0.861589, 1000,  998, 2, 0.79, 0.83, -0.04,  0,  0,  0
2586427.29976320, 0.579997, 1000,  998, 2, 0.79, 0.83, -0.04,  0,  0,  0
2586427.30226320, -0.356318, 1000,  998, 2, 0.79, 0.83, -0.04,  0,  0,  0
2586427.30476320, -1.178320, 1000,  998, 2, 0.79, 0.83, -0.04,  0,  0,  0
2586427.30726320, -1.375082, 1000,  998, 2, 0.79, 0.83, -0.04,  0,  0,  0
2586427.30976320, -0.693687, 1000,  998, 2, 0.79, 0.83, -0.04,  0,  0,  0
2586427.31226320, 0.570578, 1000,  998, 2, 0.79, 0.83, -0.04,  0,  0,  0
2586427.31476320, 1.206105, 1000,  998, 2, 0.79, 0.83, -0.04,  0,  0,  0
2586427.31726320, 1.378712, 1000,  998, 2, 0.79, 0.83, -0.04,  0,  0,  0
2586427.31976320, 0.780669, 1000,  998, 2, 0.79, 0.83, -0.04,  0,  0,  0
2586427.32226320, -0.304816, 1000,  998, 2, 0.79, 0.83, -0.04,  0,  0,  0
2586427.32476320, -1.266615, 1000,  998, 2, 0.79, 0.83, -0.04,  0,  0,  0
2586427.32726320, -1.594532, 1000,  998, 2, 0.79, 0.83, -0.04,  0,  0,  0
2586427.32976320, -1.176794, 1000,  998, 2, 0.79, 0.83, -0.04,  0,  0,  0
2586427.33226320, -0.737643, 1000,  998, 2, 0.79, 0.83, -0.04,  0,  0,  0
2586427.33476320, -0.298492, 1000,  998, 2, 0.79, 0.83, -0.04,  0,  0,  0
2586427.33726320, 1.389980, 1000,  998, 2, 0.79, 0.83, -0.04,  0,  0,  0
2586427.33976320, 1.181436, 1000,  998, 2, 0.79, 0.83, -0.04,  0,  0,  0
2586427.34226320, 0.493262, 1000,  998, 2, 0.79, 0.83, -0.04,  0,  0,  0
2586427.34476320, -0.003609, 1000,  998, 2, 0.79, 0.83, -0.04,  0,  0,  0
2586427.34726320, -0.500480, 1000,  998, 2, 0.79, 0.83, -0.04,  0,  0,  0
2586427.34976320, -0.997350, 1000,  998, 2, 0.79, 0.83, -0.04,  0,  0,  0
2586427.35226320, -0.448740, 1000,  998, 2, 0.79, 0.83, -0.04,  0,  0,  0
2586427.35476320, 1.123733, 1000,  998, 2, 0.79, 0.83, -0.04,  0,  0,  0
2586427.35726320, 1.076102, 1000,  998, 2, 0.79, 0.83, -0.04,  0,  0,  0
2586427.35976320, 0.641582, 1000,  998, 2, 0.79, 0.83, -0.04,  0,  0,  0
2586427.36226320, -0.097307, 1000,  998, 2, 0.79, 0.83, -0.04,  0,  0,  0
2586427.36476320, -0.685476, 1000,  998, 2, 0.79, 0.83, -0.04,  0,  0,  0
2586427.36976320, -0.130464, 1000,  998, 2, 0.79, 0.83, -0.04,  0,  0,  0
2586427.37226320, 0.898203, 1000,  998, 2, 0.79, 0.83, -0.04,  0,  0,  0
2586427.37476320, 1.000390, 1000,  998, 2, 0.79, 0.83, -0.04,  0,  0,  0
2586427.37726320, 1.132596, 1000,  998, 2, 0.79, 0.83, -0.04,  0,  0,  0
2586427.37976320, 0.978165, 1000,  998, 2, 0.79, 0.83, -0.04,  0,  0,  0
2586427.38226320, -0.651965, 1000,  998, 2, 0.79, 0.83, -0.04,  0,  0,  0
2586427.38476320, -0.651965, 1000,  998, 2, 0.79, 0.83, -0.04,  0,  0,  0
2586427.38726320, -1.111669, 1000,  998, 2, 0.79, 0.83, -0.04,  0,  0,  0
2586427.38976320, -1.111669, 1000,  998, 2, 0.79, 0.83, -0.04,  0,  0,  0
2586427.39226320, -0.256738, 1000,  998, 2, 0.79, 0.83, -0.04,  0,  0,  0
2586427.39476320, 1.037594, 1000,  998, 2, 0.79, 0.83, -0.04,  0,  0,  0
2586427.39726320, 1.275869, 1000,  998, 2, 0.79, 0.83, -0.04,  0,  0,  0
2586427.39976320, 1.169504, 1000,  998, 2, 0.79, 0.83, -0.04,  0,  0,  0
2586427.40226320, -0.224333, 1000,  998, 2, 0.79, 0.83, -0.04,  0,  0,  0
2586427.40476320, -0.481914, 1000,  998, 2, 0.79, 0.83, -0.04,  0,  0,  0
2586427.40726320, -0.873850, 1000,  998, 2, 0.79, 0.83, -0.04,  0,  0,  0
2586427.40976320, -0.878151, 1000,  998, 2, 0.79, 0.83, -0.04,  0,  0,  0
2586427.41226320, 0.233964, 1000,  998, 2, 0.79, 0.83, -0.04,  0,  0,  0
2586427.41476320, 0.984096, 1000,  998, 2, 0.79, 0.83, -0.04,  0,  0,  0
2586427.41726320, 1.392643, 1000,  998, 2, 0.79, 0.83, -0.04,  0,  0,  0
2586427.41976320, 0.680687, 1000,  998, 2, 0.79, 0.83, -0.04,  0,  0,  0
2586427.42226320, -0.202137, 1000,  998, 2, 0.79, 0.83, -0.04,  0,  0,  0
2586427.42476320, -0.736968, 1000,  998, 2, 0.79, 0.83, -0.04,  0,  0,  0
2586427.42726320, -1.045079, 1000,  998, 2, 0.79, 0.83, -0.04,  0,  0,  0
2586427.42976320, -0.756622, 1000,  998, 2, 0.79, 0.83, -0.04,  0,  0,  0
2586427.43226320, 0.108119, 1000,  998, 2, 0.79, 0.83, -0.04,  0,  0,  0
2586427.43476320, 1.232947, 1000,  998, 2, 0.79, 0.83, -0.04,  0,  0,  0
2586427.43726320, 1.305706, 1000,  998, 2, 0.79, 0.83, -0.04,  0,  0,  0
2586427.43976320, 1.110557, 1000,  998, 2, 0.79, 0.83, -0.04,  0,  0,  0
2586427.44226320, -0.467042, 1000,  998, 2, 0.79, 0.83, -0.04,  0,  0,  0
2586427.44476320, -1.315694, 1000,  998, 2, 0.79, 0.83, -0.04,  0,  0,  0
2586427.44726320, -0.939968, 1000,  998, 2, 0.79, 0.83, -0.04,  0,  0,  0
2586427.44976320, -0.224731, 1000,  998, 2, 0.79, 0.83, -0.04,  0,  0,  0
2586427.45226320, 0.834058, 1000,  998, 2, 0.79, 0.83, -0.04,  0,  0,  0
2586427.45476320, 0.840129, 1000,  998, 2, 0.79, 0.83, -0.04,  0,  0,  0
2586427.45726320, 1.033480, 1000,  998, 2, 0.79, 0.83, -0.04,  0,  0,  0
2586427.45976320, 0.831604, 1000,  998, 2, 0.79, 0.83, -0.04,  0,  0,  0
2586427.46226320, 0.359365, 1000,  998, 2, 0.79, 0.83, -0.04,  0,  0,  0
2586427.46476320, -0.285269, 1000,  998, 2, 0.79, 0.83, -0.04,  0,  0,  0
2586427.46726320, -1.006578, 1000,  998, 2, 0.79, 0.83, -0.04,  0,  0,  0
2586427.46976320, -0.637507, 1000,  998, 2, 0.79, 0.83, -0.04,  0,  0,  0
2586427.47226320, 0.695077, 1000,  998, 2, 0.79, 0.83, -0.04,  0,  0,  0
2586427.47476320, 0.965209, 1000,  998, 2, 0.79, 0.83, -0.04,  0,  0,  0
2586427.47726320, 1.421572, 1000,  998, 2, 0.79, 0.83, -0.04,  0,  0,  0
2586427.47976320, 0.691804, 1000,  998, 2, 0.79, 0.83, -0.04,  0,  0,  0
2586427.48226320, -0.204948, 1000,  998, 2, 0.79, 0.83, -0.04,  0,  0,  0
2586427.48476320, -1.101700, 1000,  998, 2, 0.79, 0.83, -0.04,  0,  0,  0
2586427.48726320, -1.123313, 1000,  998, 2, 0.79, 0.83, -0.04,  0,  0,  0
2586427.48976320, -1.113221, 1000,  998, 2, 0.79, 0.83, -0.04,  0,  0,  0
2586427.49226320, 0.438498, 1000,  998, 2, 0.79, 0.83, -0.04,  0,  0,  0
2586427.49476320, 0.571827, 1000,  998, 2, 0.79, 0.83, -0.04,  0,  0,  0
2586427.49726320, 0.907366, 1000,  998, 2, 0.79, 0.83, -0.04,  0,  0,  0
2586427.49976320, 1.143559, 1000,  998, 2, 0.79, 0.83, -0.04,  0,  0,  0
2586427.50226320, -0.641274, 1000,  998, 2, 0.79, 0.83, -0.04,  0,  0,  0
2586427.50476320, -0.673435, 1000,  998, 2, 0.79, 0.83, -0.04,  0,  0,  0
2586427.50726320, -1.313580, 1000,  998, 2, 0.79, 0.83, -0.04,  0,  0,  0
2586427.50976320, -0.684422, 1000,  998, 2, 0.79, 0.83, -0.04,  0,  0,  0
2586427.51226320, 0.151918, 1000,  998, 2, 0.79, 0.83, -0.04,  0,  0,  0
2586427.51476320, 0.914225, 1000,  998, 2, 0.79, 0.83, -0.04,  0,  0,  0
2586427.51726320, 1.101328, 1000,  998, 2, 0.79, 0.83, -0.04,  0,  0,  0
2586427.51976320, 1.101328, 1000,  997, 3, 0.79, 0.83, -0.04,  0,  0,  0
2586427.52226320, 0.679778, 1000,  997, 3, 0.79, 0.83, -0.04,  0,  0,  0
2586427.52476320, 0.029640, 1000,  997, 3, 0.79, 0.83, -0.04,  0,  0,  0
2586427.52726320, -0.620499, 1000,  997, 3, 0.79, 0.83, -0.04,  0,  0,  0
2586427.52976320, -1.072981, 1000,  996, 4, 0.79, 0.83, -0.04,  0,  0,  0
2586427.53226320, 0.324723, 1000,  996, 4, 0.79, 0.83, -0.04,  0,  0,  0
2586427.53476320, 1.025145, 1000,  996, 4, 0.79, 0.83, -0.04,  0,  0,  0
2586427.53726320, 1.079946, 1000,  996, 4, 0.79, 0.83, -0.04,  0,  0,  0
2586427.53976320, 0.536630, 1000,  996, 4, 0.79, 0.83, -0.04,  0,  0,  0
2586427.54226320, -0.031549, 1000,  996, 4, 0.79, 0.83, -0.04,  0,  0,  0
2586427.54476320, -0.308252, 1000,  996, 4, 0.79, 0.83, -0.04,  0,  0,  0
2586427.54726320, -0.584956, 1000,  997, 3, 0.79, 0.83, -0.04,  0,  0,  0
2586427.54976320, -0.529145, 1000,  997, 3, 0.79, 0.83, -0.04,  0,  0,  0
2586427.55476320, 0.906608, 1000,  998, 2, 0.79, 0.83, -0.04,  0,  0,  0
2586427.55726320, 0.977769, 1000,  998, 2, 0.79, 0.83, -0.04,  0,  0,  0
2586427.55976320, 0.138354, 1000,  998, 2, 0.79, 0.83, -0.04,  0,  0,  0
2586427.56226320, -0.481096, 1000,  998, 2, 0.79, 0.83, -0.04,  0,  0,  0
2586427.56476320, -0.704354, 1000,  998, 2, 0.79, 0.83, -0.04,  0,  0,  0
2586427.56726320, -0.932323, 1000,  998, 2, 0.79, 0.83, -0.04,  0,  0,  0
2586427.56976320, -0.759306, 1000,  998, 2, 0.79, 0.83, -0.04,  0,  0,  0
2586427.57226320, 0.249875, 1000,  998, 2, 0.79, 0.83, -0.04,  0,  0,  0
2586427.57476320, 1.227191, 1000,  998, 2, 0.79, 0.83, -0.04,  0,  0,  0
2586427.57726320, 1.458338, 1000,  998, 2, 0.79, 0.83, -0.04,  0,  0,  0
2586427.57976320, 0.898105, 1000,  998, 2, 0.79, 0.83, -0.04,  0,  0,  0
2586427.58226320, -0.029077, 1000,  998, 2, 0.79, 0.83, -0.04,  0,  0,  0
2586427.58476320, -0.901914, 1000,  998, 2, 0.79, 0.83, -0.04,  0,  0,  0
2586427.58726320, -1.080363, 1000,  998, 2, 0.79, 0.83, -0.04,  0,  0,  0
2586427.58976320, -0.642600, 1000,  998, 2, 0.79, 0.83, -0.04,  0,  0,  0
2586427.59226320, -0.077331, 1000,  998, 2, 0.79, 0.83, -0.04,  0,  0,  0
2586427.59476320, 1.239386, 1000,  998, 2, 0.79, 0.83, -0.04,  0,  0,  0
2586427.59726320, 1.544209, 1000,  998, 2, 0.79, 0.83, -0.04,  0,  0,  0
2586427.59976320, 0.977739, 1000,  998, 2, 0.79, 0.83, -0.04,  0,  0,  0
2586427.60226320, -0.273848, 1000,  998, 2, 0.79, 0.83, -0.04,  0,  0,  0
2586427.60476320, -1.017920, 1000,  998, 2, 0.79, 0.83, -0.04,  0,  0,  0
2586427.60726320, -1.286029, 1000,  998, 2, 0.79, 0.83, -0.04,  0,  0,  0
2586427.60976320, -0.688637, 1000,  998, 2, 0.79, 0.83, -0.04,  0,  0,  0
2586427.61226320, 0.406582, 1000,  998, 2, 0.79, 0.83, -0.04,  0,  0,  0
2586427.61476320, 1.212016, 1000,  998, 2, 0.79, 0.83, -0.04,  0,  0,  0
2586427.61726320, 1.665515, 1000,  998, 2, 0.79, 0.83, -0.04,  0,  0,  0
2586427.61976320, 0.957764, 1000,  998, 2, 0.79, 0.83, -0.04,  0,  0,  0
2586427.62226320, -0.611923, 1000,  998, 2, 0.79, 0.83, -0.04,  0,  0,  0
2586427.62476320, -1.496539, 1000,  998, 2, 0.79, 0.83, -0.04,  0,  0,  0
2586427.62726320, -1.475846, 1000,  998, 2, 0.79, 0.83, -0.04,  0,  0,  0
2586427.62976320, -0.918436, 1000,  998, 2, 0.79, 0.83, -0.04,  0,  0,  0
2586427.63226320, 0.466028, 1000,  998, 2, 0.79, 0.83, -0.04,  0,  0,  0
2586427.63476320, 1.090637, 1000,  998, 2, 0.79, 0.83, -0.04,  0,  0,  0
2586427.63726320, 1.070594, 1000,  998, 2, 0.79, 0.83, -0.04,  0,  0,  0
2586427.63976320, 0.429631, 1000,  998, 2, 0.79, 0.83, -0.04,  0,  0,  0
2586427.64226320, -0.549091, 1000,  998, 2, 0.79, 0.83, -0.04,  0,  0,  0
2586427.64476320, -1.099496, 1000,  998, 2, 0.79, 0.83, -0.04,  0,  0,  0
2586427.64726320, -1.097842, 1000,  998, 2, 0.79, 0.83, -0.04,  0,  0,  0
2586427.64976320, -0.818089, 1000,  998, 2, 0.79, 0.83, -0.04,  0,  0,  0
2586427.65226320, -0.433622, 1000,  998, 2, 0.79, 0.83, -0.04,  0,  0,  0
2586427.65476320, 0.314151, 1000,  998, 2, 0.79, 0.83, -0.04,  0,  0,  0
2586427.65726320, 1.158894, 1000,  998, 2, 0.79, 0.83, -0.04,  0,  0,  0
2586427.65976320, 0.536571, 1000,  998, 2, 0.79, 0.83, -0.04,  0,  0,  0
2586427.66226320, -0.582099, 1000,  998, 2, 0.79, 0.83, -0.04,  0,  0,  0
2586427.66476320, -1.377282, 1000,  998, 2, 0.79, 0.83, -0.04,  0,  0,  0
2586427.66726320, -1.464466, 1000,  998, 2, 0.79, 0.83, -0.04,  0,  0,  0
2586427.66976320, -0.714512, 1000,  998, 2, 0.79, 0.83, -0.04,  0,  0,  0
2586427.67226320, 0.072442, 1000,  998, 2, 0.79, 0.83, -0.04,  0,  0,  0
2586427.67476320, 0.722398, 1000,  998, 2, 0.79, 0.83, -0.04,  0,  0,  0
2586427.67726320, 1.309745, 1000,  998, 2, 0.79, 0.83, -0.04,  0,  0,  0
2586427.67976320, 0.843061, 1000,  998, 2, 0.79, 0.83, -0.04,  0,  0,  0
2586427.68476320, -0.424601, 1000,  998, 2, 0.79, 0.83, -0.04,  0,  0,  0
2586427.68726320, -0.779261, 1000,  998, 2, 0.79, 0.83, -0.04,  0,  0,  0
2586427.68976320, -0.502293, 1000,  998, 2, 0.79, 0.83, -0.04,  0,  0,  0
2586427.69226320, -0.136753, 1000,  998, 2, 0.79, 0.83, -0.04,  0,  0,  0
2586427.69476320, 0.821990, 1000,  998, 2, 0.79, 0.83, -0.04,  0,  0,  0
2586427.69726320, 1.221787, 1000,  998, 2, 0.79, 0.83, -0.04,  0,  0,  0
2586427.69976320, 0.985682, 1000,  998, 2, 0.79, 0.83, -0.04,  0,  0,  0
2586427.70226320, 0.266010, 1000,  998, 2, 0.79, 0.83, -0.04,  0,  0,  0
2586427.70476320, -0.565896, 1000,  998, 2, 0.79, 0.83, -0.04,  0,  0,  0
2586427.70726320, -0.822176, 1000,  998, 2, 0.79, 0.83, -0.04,  0,  0,  0
2586427.70976320, -0.667165, 1000,  998, 2, 0.79, 0.83, -0.04,  0,  0,  0
2586427.71226320, -0.500833, 1000,  998, 2, 0.79, 0.83, -0.04,  0,  0,  0
2586427.71476320, -0.334502, 1000,  998, 2, 0.79, 0.83, -0.04,  0,  0,  0
2586427.71726320, 0.669601, 1000,  998, 2, 0.79, 0.83, -0.04,  0,  0,  0
2586427.71976320, -0.096043, 1000,  998, 2, 0.79, 0.83, -0.04,  0,  0,  0
2586427.72226320, -0.231099, 1000,  998, 2, 0.79, 0.83, -0.04,  0,  0,  0
2586427.72476320, -0.596394, 1000,  998, 2, 0.79, 0.83, -0.04,  0,  0,  0
2586427.72726320, -0.961689, 1000,  998, 2, 0.79, 0.83, -0.04,  0,  0,  0
2586427.72976320, -0.596620, 1000,  998, 2, 0.79, 0.83, -0.04,  0,  0,  0
2586427.73226320, 0.401699, 1000,  998, 2, 0.79, 0.83, -0.04,  0,  0,  0
2586427.73476320, 1.241430, 1000,  998, 2, 0.79, 0.83, -0.04,  0,  0,  0
2586427.73726320, 1.449904, 1000,  998, 2, 0.79, 0.83, -0.04,  0,  0,  0
2586427.73976320, 0.566231, 1000,  998, 2, 0.79, 0.83, -0.04,  0,  0,  0
2586427.74226320, -0.408072, 1000,  998, 2, 0.79, 0.83, -0.04,  0,  0,  0
2586427.74476320, -1.390835, 1000,  998, 2, 0.79, 0.83, -0.04,  0,  0,  0
2586427.74726320, -1.718561, 1000,  998, 2, 0.79, 0.83, -0.04,  0,  0,  0
2586427.74976320, -0.459530, 1000,  998, 2, 0.79, 0.83, -0.04,  0,  0,  0
2586427.75226320, -0.088569, 1000,  998, 2, 0.79, 0.83, -0.04,  0,  0,  0
2586427.75476320, 0.879593, 1000,  998, 2, 0.79, 0.83, -0.04,  0,  0,  0
2586427.75726320, 1.054646, 1000,  998, 2, 0.79, 0.83, -0.04,  0,  0,  0
2586427.75976320, 0.502643, 1000,  998, 2, 0.79, 0.83, -0.04,  0,  0,  0
2586427.76226320, 0.194748, 1000,  998, 2, 0.79, 0.83, -0.04,  0,  0,  0
2586427.76476320, -0.663081, 1000,  998, 2, 0.79, 0.83, -0.04,  0,  0,  0
2586427.76726320, -0.952306, 1000,  998, 2, 0.79, 0.83, -0.04,  0,  0,  0
2586427.76976320, -0.210589, 1000,  998, 2, 0.79, 0.83, -0.04,  0,  0,  0
2586427.77226320, 0.540328, 1000,  998, 2, 0.79, 0.83, -0.04,  0,  0,  0
2586427.77476320, 0.821159, 1000,  998, 2, 0.79, 0.83, -0.04,  0,  0,  0
2586427.77726320, 0.970839, 1000,  998, 2, 0.79, 0.83, -0.04,  0,  0,  0
2586427.77976320, 1.120518, 1000,  998, 2, 0.79, 0.83, -0.04,  0,  0,  0
2586427.78226320, 1.141877, 1000,  998, 2, 0.79, 0.83, -0.04,  0,  0,  0
2586427.78476320, -0.966050, 1000,  998, 2, 0.79, 0.83, -0.04,  0,  0,  0
2586427.78726320, -1.332755, 1000,  998, 2, 0.79, 0.83, -0.04,  0,  0,  0
2586427.78976320, -1.020243, 1000,  998, 2, 0.79, 0.83, -0.04,  0,  0,  0
2586427.79226320, -0.702705, 1000,  998, 2, 0.79, 0.83, -0.04,  0,  0,  0
2586427.79476320, -0.385167, 1000,  998, 2, 0.79, 0.83, -0.04,  0,  0,  0
2586427.79726320, 1.036001, 1000,  998, 2, 0.79, 0.83, -0.04,  0,  0,  0
2586427.79976320, 0.661942, 1000,  998, 2, 0.79, 0.83, -0.04,  0,  0,  0
2586427.80226320, 0.287882, 1000,  998, 2, 0.79, 0.83, -0.04,  0,  0,  0
2586427.80476320, -0.954783, 1000,  998, 2, 0.79, 0.83, -0.04,  0,  0,  0
2586427.80726320, -1.144031, 1000,  998, 2, 0.79, 0.83, -0.04,  0,  0,  0
2586427.80976320, -0.853520, 1000,  998, 2, 0.79, 0.83, -0.04,  0,  0,  0
2586427.81226320, -0.344835, 1000,  998, 2, 0.79, 0.83, -0.04,  0,  0,  0
2586427.81476320, 0.589851, 1000,  998, 2, 0.79, 0.83, -0.04,  0,  0,  0
2586427.81726320, 1.283856, 1000,  998, 2, 0.79, 0.83, -0.04,  0,  0,  0
2586427.81976320, 0.547046, 1000,  998, 2, 0.79, 0.83, -0.04,  0,  0,  0
2586427.82226320, -0.545057, 1000,  998, 2, 0.79, 0.83, -0.04,  0,  0,  0
2586427.82476320, -0.545057, 1000,  998, 2, 0.79, 0.83, -0.04,  0,  0,  0
2586427.82726320, -0.572184, 1000,  998, 2, 0.79, 0.83, -0.04,  0,  0,  0
2586427.82976320, -0.702202, 1000,  998, 2, 0.79, 0.83, -0.04,  0,  0,  0
2586427.83226320, -0.493226, 1000,  998, 2, 0.79, 0.83, -0.04,  0,  0,  0
2586427.83476320, 0.224921, 1000,  998, 2, 0.79, 0.83, -0.04,  0,  0,  0
2586427.83726320, 0.608080, 1000,  998, 2, 0.79, 0.83, -0.04,  0,  0,  0
2586427.83976320, 0.981078, 1000,  998, 2, 0.79, 0.83, -0.04,  0,  0,  0
2586427.84226320, 0.932342, 1000,  998, 2, 0.79, 0.83, -0.04,  0,  0,  0
2586427.84476320, -0.821724, 1000,  998, 2, 0.79, 0.83, -0.04,  0,  0,  0
2586427.84726320, -1.282722, 1000,  998, 2, 0.79, 0.83, -0.04,  0,  0,  0
2586427.84976320, -1.074176, 1000,  998, 2, 0.79, 0.83, -0.04,  0,  0,  0
2586427.85226320, -0.103140, 1000,  998, 2, 0.79, 0.83, -0.04,  0,  0,  0
2586427.85476320, 0.323114, 1000,  998, 2, 0.79, 0.83, -0.04,  0,  0,  0
2586427.85726320, 0.749368, 1000,  998, 2, 0.79, 0.83, -0.04,  0,  0,  0
2586427.85976320, 0.361761, 1000,  998, 2, 0.79, 0.83, -0.04,  0,  0,  0
2586427.86226320, -0.363754, 1000,  998, 2, 0.79, 0.83, -0.04,  0,  0,  0
2586427.86476320, -1.029073, 1000,  998, 2, 0.79, 0.83, -0.04,  0,  0,  0
2586427.86976320, -0.237278, 1000,  998, 2, 0.79, 0.83, -0.04,  0,  0,  0
2586427.87226320, 0.679021, 1000,  998, 2, 0.79, 0.83, -0.04,  0,  0,  0
2586427.87476320, 1.333455, 1000,  998, 2, 0.79, 0.83, -0.04,  0,  0,  0
2586427.87726320, 1.648094, 1000,  998, 2, 0.79, 0.83, -0.04,  0,  0,  0
2586427.87976320, 1.603278, 1000,  998, 2, 0.79, 0.83, -0.04,  0,  0,  0
2586427.88226320, 0.299003, 1000,  998, 2, 0.79, 0.83, -0.04,  0,  0,  0
2586427.88476320, -0.976987, 1000,  998, 2, 0.79, 0.83, -0.04,  0,  0,  0
2586427.88726320, -1.189365, 1000,  998, 2, 0.79, 0.83, -0.04,  0,  0,  0
2586427.88976320, -1.094658, 1000,  998, 2, 0.79, 0.83, -0.04,  0,  0,  0
2586427.89226320, -0.870993, 1000,  998, 2, 0.79, 0.83, -0.04,  0,  0,  0
2586427.89476320, -0.572174, 1000,  998, 2, 0.79, 0.83, -0.04,  0,  0,  0
2586427.89726320, 0.006129, 1000,  998, 2, 0.79, 0.83, -0.04,  0,  0,  0
2586427.89976320, 0.584433, 1000,  998, 2, 0.79, 0.83, -0.04,  0,  0,  0
2586427.90226320, 1.162736, 1000,  998, 2, 0.79, 0.83, -0.04,  0,  0,  0
2586427.90476320, 0.100143, 1000,  998, 2, 0.79, 0.83, -0.04,  0,  0,  0
2586427.90726320, -1.313969, 1000,  998, 2, 0.79, 0.83, -0.04,  0,  0,  0
2586427.90976320, -0.820013, 1000,  998, 2, 0.79, 0.83, -0.04,  0,  0,  0
2586427.91226320, -0.117111, 1000,  998, 2, 0.79, 0.83, -0.04,  0,  0,  0
2586427.91476320, 1.307402, 1000,  998, 2, 0.79, 0.83, -0.04,  0,  0,  0
2586427.91726320, 1.277643, 1000,  998, 2, 0.79, 0.83, -0.04,  0,  0,  0
2586427.91976320, 0.850372, 1000,  998, 2, 0.79, 0.83, -0.04,  0,  0,  0
2586427.92226320, 0.237954, 1000,  998, 2, 0.79, 0.83, -0.04,  0,  0,  0
2586427.92476320, -0.320647, 1000,  998, 2, 0.79, 0.83, -0.04,  0,  0,  0
2586427.92726320, -0.973840, 1000,  998, 2, 0.79, 0.83, -0.04,  0,  0,  0
2586427.92976320, -0.746364, 1000,  998, 2, 0.79, 0.83, -0.04,  0,  0,  0
2586427.93226320, -0.425190, 1000,  998, 2, 0.79, 0.83, -0.04,  0,  0,  0
2586427.93476320, 1.150285, 1000,  998, 2, 0.79, 0.83, -0.04,  0,  0,  0
2586427.93726320, 0.705768, 1000,  998, 2, 0.79, 0.83, -0.04,  0,  0,  0
2586427.93976320, 0.705768, 1000,  998, 2, 0.79, 0.83, -0.04,  0,  0,  0
2586427.94226320, 0.564039, 1000,  998, 2, 0.79, 0.83, -0.04,  0,  0,  0
2586427.94476320, -0.953195, 1000,  998, 2, 0.79, 0.83, -0.04,  0,  0,  0
2586427.94726320, -1.263674, 1000,  998, 2, 0.79, 0.83, -0.04,  0,  0,  0
2586427.94976320, -1.104101, 1000,  998, 2, 0.79, 0.83, -0.04,  0,  0,  0
2586427.95226320, -0.619269, 1000,  998, 2, 0.79, 0.83, -0.04,  0,  0,  0
2586427.95476320, 0.957751, 1000,  998, 2, 0.79, 0.83, -0.04,  0,  0,  0
2586427.95726320, 1.480332, 1000,  998, 2, 0.79, 0.83, -0.04,  0,  0,  0
2586427.95976320, 0.983997, 1000,  998, 2, 0.79, 0.83, -0.04,  0,  0,  0
2586427.96226320, -0.094785, 1000,  998, 2, 0.79, 0.83, -0.04,  0,  0,  0
2586427.96476320, -1.047413, 1000,  998, 2, 0.79, 0.83, -0.04,  0,  0,  0
2586427.96726320, -1.561432, 1000,  998, 2, 0.79, 0.83, -0.04,  0,  0,  0
2586427.96976320, -0.880660, 1000,  998, 2, 0.79, 0.83, -0.04,  0,  0,  0
2586427.97226320, 0.476671, 1000,  998, 2, 0.79, 0.83, -0.04,  0,  0,  0
2586427.97476320, 1.133882, 1000,  998, 2, 0.79, 0.83, -0.04,  0,  0,  0
2586427.97726320, 1.075646, 1000,  998, 2, 0.79, 0.83, -0.04,  0,  0,  0
2586427.97976320, 0.596027, 1000,  998, 2, 0.79, 0.83, -0.04,  0,  0,  0
2586427.98226320, -0.299085, 1000,  998, 2, 0.79, 0.83, -0.04,  0,  0,  0
2586427.98476320, -1.142835, 1000,  998, 2, 0.79, 0.83, -0.04,  0,  0,  0
2586427.98726320, -0.887162, 1000,  998, 2, 0.79, 0.83, -0.04,  0,  0,  0
2586427.98976320, -0.520028, 1000,  998, 2, 0.79, 0.83, -0.04,  0,  0,  0
2586427.99226320, 0.624585, 1000,  998, 2, 0.79, 0.83, -0.04,  0,  0,  0
2586427.99726320, 0.588169, 1000,  998, 2, 0.79, 0.83, -0.04,  0,  0,  0
2586427.99976320, 0.503255, 1000,  998, 2, 0.79, 0.83, -0.04,  0,  0,  0
2586428.00226320, 0.284247, 1000,  998, 2, 0.79, 0.83, -0.04,  0,  0,  0
2586428.00476320, -0.787790, 1000,  998, 2, 0.79, 0.83, -0.04,  0,  0,  0
2586428.00726320, -1.467823, 1000,  998, 2, 0.79, 0.83, -0.04,  0,  0,  0
2586428.00976320, -0.228291, 1000,  998, 2, 0.79, 0.83, -0.04,  0,  0,  0
2586428.01226320, 1.046265, 1000,  998, 2, 0.79, 0.83, -0.04,  0,  0,  0
2586428.01476320, 1.371480, 1000,  998, 2, 0.79, 0.83, -0.04,  0,  0,  0
2586428.01726320, 1.452993, 1000,  998, 2, 0.79, 0.83, -0.04,  0,  0,  0
2586428.01976320, 0.910797, 1000,  998, 2, 0.79, 0.83, -0.04,  0,  0,  0
2586428.02226320, 0.298535, 1000,  998, 2, 0.79, 0.83, -0.04,  0,  0,  0
2586428.02476320, -0.996439, 1000,  998, 2, 0.79, 0.83, -0.04,  0,  0,  0
2586428.02726320, -1.560622, 1000,  998, 2, 0.79, 0.83, -0.04,  0,  0,  0
2586428.02976320, -0.795418, 1000,  998, 2, 0.79, 0.83, -0.04,  0,  0,  0
2586428.03226320, 0.372830, 1000,  998, 2, 0.79, 0.83, -0.04,  0,  0,  0
2586428.03476320, 0.924728, 1000,  998, 2, 0.79, 0.83, -0.04,  0,  0,  0
2586428.03726320, 1.320053, 1000,  998, 2, 0.79, 0.83, -0.04,  0,  0,  0
2586428.03976320, 0.509376, 1000,  998, 2, 0.79, 0.83, -0.04,  0,  0,  0
2586428.04226320, -0.446144, 1000,  998, 2, 0.79, 0.83, -0.04,  0,  0,  0
2586428.04476320, -1.200381, 1000,  998, 2, 0.79, 0.83, -0.04,  0,  0,  0
2586428.04726320, -1.031166, 1000,  998, 2, 0.79, 0.83, -0.04,  0,  0,  0
2586428.04976320, -0.328076, 1000,  998, 2, 0.79, 0.83, -0.04,  0,  0,  0
2586428.05226320, 0.459540, 1000,  998, 2, 0.79, 0.83, -0.04,  0,  0,  0
2586428.05476320, 1.059243, 1000,  998, 2, 0.79, 0.83, -0.04,  0,  0,  0
2586428.05726320, 0.970520, 1000,  998, 2, 0.79, 0.83, -0.04,  0,  0,  0
2586428.05976320, 0.182355, 1000,  998, 2, 0.79, 0.83, -0.04,  0,  0,  0
2586428.06226320, -0.064035, 1000,  998, 2, 0.79, 0.83, -0.04,  0,  0,  0
2586428.06476320, -0.981780, 1000,  998, 2, 0.79, 0.83, -0.04,  0,  0,  0
2586428.06726320, -1.291229, 1000,  998, 2, 0.79, 0.83, -0.04,  0,  0,  0
2586428.06976320, -1.129060, 1000,  998, 2, 0.79, 0.83, -0.04,  0,  0,  0
2586428.07226320, 0.015009, 1000,  998, 2, 0.79, 0.83, -0.04,  0,  0,  0
2586428.07476320, 1.142323, 1000,  998, 2, 0.79, 0.83, -0.04,  0,  0,  0
2586428.07726320, 1.193218, 1000,  998, 2, 0.79, 0.83, -0.04,  0,  0,  0
2586428.07976320, 1.067515, 1000,  998, 2, 0.79, 0.83, -0.04,  0,  0,  0
2586428.08226320, 0.889588, 1000,  998, 2, 0.79, 0.83, -0.04,  0,  0,  0
2586428.08476320, 0.097075, 1000,  998, 2, 0.79, 0.83, -0.04,  0,  0,  0
2586428.08726320, -0.695437, 1000,  998, 2, 0.79, 0.83, -0.04,  0,  0,  0
2586428.08976320, -1.130361, 1000,  998, 2, 0.79, 0.83, -0.04,  0,  0,  0
2586428.09226320, 0.444643, 1000,  998, 2, 0.79, 0.83, -0.04,  0,  0,  0
2586428.09476320, 1.678594, 1000,  998, 2, 0.79, 0.83, -0.04,  0,  0,  0
2586428.09726320, 1.489985, 1000,  998, 2, 0.79, 0.83, -0.04,  0,  0,  0
2586428.09976320, 0.673696, 1000,  998, 2, 0.79, 0.83, -0.04,  0,  0,  0
2586428.10226320, 0.673696, 1000,  998, 2, 0.79, 0.83, -0.04,  0,  0,  0
2586428.10476320, -0.409208, 1000,  998, 2, 0.79, 0.83, -0.04,  0,  0,  0
2586428.10726320, -1.348993, 1000,  998, 2, 0.79, 0.83, -0.04,  0,  0,  0
2586428.10976320, -1.336218, 1000,  998, 2, 0.79, 0.83, -0.04,  0,  0,  0
2586428.11226320, -1.064818, 1000,  998, 2, 0.79, 0.83, -0.04,  0,  0,  0
2586428.11476320, 0.565174, 1000,  998, 2, 0.79, 0.83, -0.04,  0,  0,  0
2586428.11726320, 1.023905, 1000,  998, 2, 0.79, 0.83, -0.04,  0,  0,  0
2586428.11976320, 0.587304, 1000,  998, 2, 0.79, 0.83, -0.04,  0,  0,  0
2586428.12226320, -0.260968, 1000,  998, 2, 0.79, 0.83, -0.04,  0,  0,  0
2586428.12476320, -0.694222, 1000,  998, 2, 0.79, 0.83, -0.04,  0,  0,  0
2586428.12726320, -1.071914, 1000,  998, 2, 0.79, 0.83, -0.04,  0,  0,  0
2586428.12976320, -0.352622, 1000,  998, 2, 0.79, 0.83, -0.04,  0,  0,  0
2586428.13226320, -0.077931, 1000,  998, 2, 0.79, 0.83, -0.04,  0,  0,  0
2586428.13476320, 1.085285, 1000,  998, 2, 0.79, 0.83, -0.04,  0,  0,  0
2586428.13726320, 1.207378, 1000,  998, 2, 0.79, 0.83, -0.04,  0,  0,  0
2586428.13976320, 0.675442, 1000,  998, 2, 0.79, 0.83, -0.04,  0,  0,  0
2586428.14226320, 0.069334, 1000,  998, 2, 0.79, 0.83, -0.04,  0,  0,  0
2586428.14476320, -0.219203, 1000,  998, 2, 0.79, 0.83, -0.04,  0,  0,  0
2586428.14726320, -0.507740, 1000,  998, 2, 0.79, 0.83, -0.04,  0,  0,  0
2586428.14976320, -0.285781, 1000,  998, 2, 0.79, 0.83, -0.04,  0,  0,  0
2586428.15226320, 0.942433, 1000,  998, 2, 0.79, 0.83, -0.04,  0,  0,  0
2586428.15476320, 1.314606, 1000,  998, 2, 0.79, 0.83, -0.04,  0,  0,  0
2586428.15726320, 1.256713, 1000,  998, 2, 0.79, 0.83, -0.04,  0,  0,  0
2586428.15976320, 1.073633, 1000,  998, 2, 0.79, 0.83, -0.04,  0,  0,  0
2586428.16226320, -0.508671, 1000,  998, 2, 0.79, 0.83, -0.04,  0,  0,  0
2586428.16476320, -1.314795, 1000,  998, 2, 0.79, 0.83, -0.04,  0,  0,  0
2586428.16726320, -1.314795, 1000,  998, 2, 0.79, 0.83, -0.04,  0,  0,  0
2586428.16976320, -0.341931, 1000,  998, 2, 0.79, 0.83, -0.04,  0,  0,  0
2586428.17226320, 0.022786, 1000,  998, 2, 0.79, 0.83, -0.04,  0,  0,  0
2586428.17476320, 0.945432, 1000,  998, 2, 0.79, 0.83, -0.04,  0,  0,  0
2586428.17726320, 0.990334, 1000,  998, 2, 0.79, 0.83, -0.04,  0,  0,  0
2586428.17976320, 0.306034, 1000,  998, 2, 0.79, 0.83, -0.04,  0,  0,  0
2586428.18476320, -1.004761, 1000,  998, 2, 0.79, 0.83, -0.04,  0,  0,  0
2586428.18726320, -0.854979, 1000,  998, 2, 0.79, 0.83, -0.04,  0,  0,  0
2586428.18976320, -0.438778, 1000,  998, 2, 0.79, 0.83, -0.04,  0,  0,  0
2586428.19226320, 0.469074, 1000,  998, 2, 0.79, 0.83, -0.04,  0,  0,  0
2586428.19476320, 1.068979, 1000,  998, 2, 0.79, 0.83, -0.04,  0,  0,  0
2586428.19726320, 1.150312, 1000,  998, 2, 0.79, 0.83, -0.04,  0,  0,  0
2586428.19976320, 0.010866, 1000,  998, 2, 0.79, 0.83, -0.04,  0,  0,  0
2586428.20226320, -0.256812, 1000,  998, 2, 0.79, 0.83, -0.04,  0,  0,  0
2586428.20476320, -1.016829, 1000,  998, 2, 0.79, 0.83, -0.04,  0,  0,  0
2586428.20726320, -0.832561, 1000,  998, 2, 0.79, 0.83, -0.04,  0,  0,  0
2586428.20976320, -0.010516, 1000,  998, 2, 0.79, 0.83, -0.04,  0,  0,  0
2586428.21226320, 0.166019, 1000,  998, 2, 0.79, 0.83, -0.04,  0,  0,  0
2586428.21476320, 0.789203, 1000,  998, 2, 0.79, 0.83, -0.04,  0,  0,  0
2586428.21726320, 1.355302, 1000,  998, 2, 0.79, 0.83, -0.04,  0,  0,  0
2586428.21976320, 0.668235, 1000,  998, 2, 0.79, 0.83, -0.04,  0,  0,  0
2586428.22226320, -0.080199, 1000,  998, 2, 0.79, 0.83, -0.04,  0,  0,  0
2586428.22476320, -0.707113, 1000,  998, 2, 0.79, 0.83, -0.04,  0,  0,  0
2586428.22726320, -1.326864, 1000,  998, 2, 0.79, 0.83, -0.04,  0,  0,  0
2586428.22976320, -0.192260, 1000,  998, 2, 0.79, 0.83, -0.04,  0,  0,  0
2586428.23226320, 0.288918, 1000,  998, 2, 0.79, 0.83, -0.04,  0,  0,  0
2586428.23476320, 1.268840, 1000,  998, 2, 0.79, 0.83, -0.04,  0,  0,  0
2586428.23726320, 1.339471, 1000,  998, 2, 0.79, 0.83, -0.04,  0,  0,  0
2586428.23976320, 0.427807, 1000,  998, 2, 0.79, 0.83, -0.04,  0,  0,  0
2586428.24226320, 0.018801, 1000,  998, 2, 0.79, 0.83, -0.04,  0,  0,  0
2586428.24476320, -1.043855, 1000,  998, 2, 0.79, 0.83, -0.04,  0,  0,  0
2586428.24726320, -1.292633, 1000,  998, 2, 0.79, 0.83, -0.04,  0,  0,  0
2586428.24976320, 0.010866, 1000,  998, 2, 0.79, 0.83, -0.04,  0,  0,  0
2586428.25226320, 0.474234, 1000,  998, 2, 0.79, 0.83, -0.04,  0,  0,  0
2586428.25476320, 1.468273, 1000,  998, 2, 0.79, 0.83, -0.04,  0,  0,  0
2586428.25726320, 1.341890, 1000,  998, 2, 0.79, 0.83, -0.04,  0,  0,  0
2586428.25976320, 0.556097, 1000,  998, 2, 0.79, 0.83, -0.04,  0,  0,  0
2586428.26226320, 0.556097, 1000,  998, 2, 0.79, 0.83, -0.04,  0,  0,  0
2586428.26476320, -0.669318, 1000,  998, 2, 0.79, 0.83, -0.04,  0,  0,  0
2586428.26726320, -1.017954, 1000,  998, 2, 0.79, 0.83, -0.04,  0,  0,  0
2586428.26976320, -0.235023, 1000,  998, 2, 0.79, 0.83, -0.04,  0,  0,  0
2586428.27226320, -0.235023, 1000,  998, 2, 0.79, 0.83, -0.04,  0,  0,  0
2586428.27476320, -0.235023, 1000,  998, 2, 0.79, 0.83, -0.04,  0,  0,  0
2586428.27726320, -0.220047, 1000,  998, 2, 0.79, 0.83, -0.04,  0,  0,  0
2586428.27976320, 0.115134, 1000,  998, 2, 0.79, 0.83, -0.04,  0,  0,  0
2586428.28226320, -0.482924, 1000,  998, 2, 0.79, 0.83, -0.04,  0,  0,  0
2586428.28476320, -0.867871, 1000,  998, 2, 0.79, 0.83, -0.04,  0,  0,  0
2586428.28726320, -1.163950, 1000,  998, 2, 0.79, 0.83, -0.04,  0,  0,  0
2586428.28976320, -0.683930, 1000,  998, 2, 0.79, 0.83, -0.04,  0,  0,  0
2586428.29226320, 0.091147, 1000,  998, 2, 0.79, 0.83, -0.04,  0,  0,  0
2586428.29476320, 0.958509, 1000,  998, 2, 0.79, 0.83, -0.04,  0,  0,  0
2586428.29726320, 1.498119, 1000,  998, 2, 0.79, 0.83, -0.04,  0,  0,  0
2586428.29976320, 0.807410, 1000,  998, 2, 0.79, 0.83, -0.04,  0,  0,  0
2586428.30226320, -0.473286, 1000,  998, 2, 0.79, 0.83, -0.04,  0,  0,  0
2586428.30476320, -1.292560, 1000,  998, 2, 0.79, 0.83, -0.04,  0,  0,  0
2586428.30726320, -1.256837, 1000,  998, 2, 0.79, 0.83, -0.04,  0,  0,  0
2586428.30976320, -0.341498, 1000,  998, 2, 0.79, 0.83, -0.04,  0,  0,  0
2586428.31226320, 0.806833, 1000,  998, 2, 0.79, 0.83, -0.04,  0,  0,  0
2586428.31476320, 1.400671, 1000,  998, 2, 0.79, 0.83, -0.04,  0,  0,  0
2586428.31726320, 1.297300, 1000,  998, 2, 0.79, 0.83, -0.04,  0,  0,  0
2586428.31976320, 0.696276, 1000,  998, 2, 0.79, 0.83, -0.04,  0,  0,  0
2586428.32226320, -0.026516, 1000,  998, 2, 0.79, 0.83, -0.04,  0,  0,  0
2586428.32476320, -0.631228, 1000,  998, 2, 0.79, 0.83, -0.04,  0,  0,  0
2586428.32726320, -0.763606, 1000,  998, 2, 0.79, 0.83, -0.04,  0,  0,  0
2586428.32976320, -0.138806, 1000,  998, 2, 0.79, 0.83, -0.04,  0,  0,  0
2586428.33226320, -0.005132, 1000,  998, 2, 0.79, 0.83, -0.04,  0,  0,  0
2586428.33476320, 0.294315, 1000,  998, 2, 0.79, 0.83, -0.04,  0,  0,  0
2586428.33726320, 0.593763, 1000,  998, 2, 0.79, 0.83, -0.04,  0,  0,  0
2586428.33976320, 0.500998, 1000,  998, 2, 0.79, 0.83, -0.04,  0,  0,  0
2586428.34226320, -0.659769, 1000,  998, 2, 0.79, 0.83, -0.04,  0,  0,  0
2586428.34476320, -1.215584, 1000,  998, 2, 0.79, 0.83, -0.04,  0,  0,  0
2586428.34726320, -1.543973, 1000,  998, 2, 0.79, 0.83, -0.04,  0,  0,  0
2586428.34976320, -0.761299, 1000,  998, 2, 0.79, 0.83, -0.04,  0,  0,  0
2586428.35226320, 0.635430, 1000,  998, 2, 0.79, 0.83, -0.04,  0,  0,  0
2586428.35476320, 1.132860, 1000,  998, 2, 0.79, 0.83, -0.04,  0,  0,  0
2586428.35726320, 1.037183, 1000,  998, 2, 0.79, 0.83, -0.04,  0,  0,  0
2586428.35976320, 0.796553, 1000,  998, 2, 0.79, 0.83, -0.04,  0,  0,  0
2586428.36226320, -0.294471, 1000,  998, 2, 0.79, 0.83, -0.04,  0,  0,  0
2586428.36476320, -1.242224, 1000,  998, 2, 0.79, 0.83, -0.04,  0,  0,  0
2586428.36726320, -1.111669, 1000,  998, 2, 0.79, 0.83, -0.04,  0,  0,  0
2586428.36976320, -0.851110, 1000,  998, 2, 0.79, 0.83, -0.04,  0,  0,  0
2586428.37226320, 0.292416, 1000,  998, 2, 0.79, 0.83, -0.04,  0,  0,  0
2586428.37476320, 1.529784, 1000,  998, 2, 0.79, 0.83, -0.04,  0,  0,  0
2586428.37726320, 1.400671, 1000,  998, 2, 0.79, 0.83, -0.04,  0,  0,  0
2586428.37976320, 1.057825, 1000,  998, 2, 0.79, 0.83, -0.04,  0,  0,  0
2586428.38226320, -0.035689, 1000,  998, 2, 0.79, 0.83, -0.04,  0,  0,  0
2586428.38476320, -0.509789, 1000,  998, 2, 0.79, 0.83, -0.04,  0,  0,  0
2586428.38976320, -0.675211, 1000,  998, 2, 0.79, 0.83, -0.04,  0,  0,  0
2586428.39226320, 0.449189, 1000,  998, 2, 0.79, 0.83, -0.04,  0,  0,  0
2586428.39476320, 0.586149, 1000,  998, 2, 0.79, 0.83, -0.04,  0,  0,  0
2586428.39726320, 0.888987, 1000,  998, 2, 0.79, 0.83, -0.04,  0,  0,  0
2586428.39976320, 0.963755, 1000,  998, 2, 0.79, 0.83, -0.04,  0,  0,  0
2586428.40226320, -0.134029, 1000,  998, 2, 0.79, 0.83, -0.04,  0,  0,  0
2586428.40476320, -1.039146, 1000,  998, 2, 0.79, 0.83, -0.04,  0,  0,  0
2586428.40726320, -0.897219, 1000,  998, 2, 0.79, 0.83, -0.04,  0,  0,  0
2586428.40976320, -0.610311, 1000,  998, 2, 0.79, 0.83, -0.04,  0,  0,  0
2586428.41226320, -0.126816, 1000,  998, 2, 0.79, 0.83, -0.04,  0,  0,  0
2586428.41476320, 0.463836, 1000,  998, 2, 0.79, 0.83, -0.04,  0,  0,  0
2586428.41726320, 1.090637, 1000,  998, 2, 0.79, 0.83, -0.04,  0,  0,  0
2586428.41976320, 0.774520, 1000,  998, 2, 0.79, 0.83, -0.04,  0,  0,  0
2586428.42226320, -0.520858, 1000,  998, 2, 0.79, 0.83, -0.04,  0,  0,  0
2586428.42476320, -1.547004, 1000,  998, 2, 0.79, 0.83, -0.04,  0,  0,  0
2586428.42726320, -1.325486, 1000,  998, 2, 0.79, 0.83, -0.04,  0,  0,  0
2586428.42976320, -0.928538, 1000,  998, 2, 0.79, 0.83, -0.04,  0,  0,  0
2586428.43226320, 0.405643, 1000,  998, 2, 0.79, 0.83, -0.04,  0,  0,  0
2586428.43476320, 1.166650, 1000,  998, 2, 0.79, 0.83, -0.04,  0,  0,  0
2586428.43726320, 1.582414, 1000,  998, 2, 0.79, 0.83, -0.04,  0,  0,  0
2586428.43976320, 1.107541, 1000,  998, 2, 0.79, 0.83, -0.04,  0,  0,  0
2586428.44226320, -0.411923, 1000,  998, 2, 0.79, 0.83, -0.04,  0,  0,  0
2586428.44476320, -1.227698, 1000,  998, 2, 0.79, 0.83, -0.04,  0,  0,  0
2586428.44726320, -1.411012, 1000,  998, 2, 0.79, 0.83, -0.04,  0,  0,  0
2586428.44976320, -1.191269, 1000,  998, 2, 0.79, 0.83, -0.04,  0,  0,  0
2586428.45226320, -0.384182, 1000,  998, 2, 0.79, 0.83, -0.04,  0,  0,  0
2586428.45476320, 0.604172, 1000,  998, 2, 0.79, 0.83, -0.04,  0,  0,  0
2586428.45726320, 0.956391, 1000,  998, 2, 0.79, 0.83, -0.04,  0,  0,  0
2586428.45976320, 0.831123, 1000,  998, 2, 0.79, 0.83, -0.04,  0,  0,  0
2586428.46226320, 0.560136, 1000,  998, 2, 0.79, 0.83, -0.04,  0,  0,  0
2586428.46476320, 0.289149, 1000,  998, 2, 0.79, 0.83, -0.04,  0,  0,  0
2586428.46726320, -0.865781, 1000,  998, 2, 0.79, 0.83, -0.04,  0,  0,  0
2586428.46976320, -0.735272, 1000,  998, 2, 0.79, 0.83, -0.04,  0,  0,  0
2586428.47226320, 0.179427, 1000,  998, 2, 0.79, 0.83, -0.04,  0,  0,  0
2586428.47476320, 0.689970, 1000,  998, 2, 0.79, 0.83, -0.04,  0,  0,  0
2586428.47726320, 1.112970, 1000,  998, 2, 0.79, 0.83, -0.04,  0,  0,  0
2586428.47976320, 0.717150, 1000,  998, 2, 0.79, 0.83, -0.04,  0,  0,  0
2586428.48226320, -0.436228, 1000,  998, 2, 0.79, 0.83, -0.04,  0,  0,  0
2586428.48476320, -0.975604, 1000,  998, 2, 0.79, 0.83, -0.04,  0,  0,  0
2586428.48726320, -1.236492, 1000,  998, 2, 0.79, 0.83, -0.04,  0,  0,  0
2586428.48976320, -1.126833, 1000,  998, 2, 0.79, 0.83, -0.04,  0,  0,  0
2586428.49226320, 0.494283, 1000,  998, 2, 0.79, 0.83, -0.04,  0,  0,  0
2586428.49476320, 1.697493, 1000,  998, 2, 0.79, 0.83, -0.04,  0,  0,  0
2586428.49726320, 1.712428, 1000,  998, 2, 0.79, 0.83, -0.04,  0,  0,  0
2586428.49976320, 1.691943, 1000,  998, 2, 0.79, 0.83, -0.04,  0,  0,  0
2586428.50226320, 1.671458, 1000,  998, 2, 0.79, 0.83, -0.04,  0,  0,  0
2586428.50726320, 1.347125, 1000,  998, 2, 0.79, 0.83, -0.04,  0,  0,  0
2586428.50976320, 0.247735, 1000,  998, 2, 0.79, 0.83, -0.04,  0,  0,  0
2586428.51226320, -0.851654, 1000,  998, 2, 0.79, 0.83, -0.04,  0,  0,  0
2586428.51476320, 1.415959, 1000,  998, 2, 0.79, 0.83, -0.04,  0,  0,  0
2586428.51726320, 1.015802, 1000,  998, 2, 0.79, 0.83, -0.04,  0,  0,  0
2586428.51976320, 0.708707, 1000,  998, 2, 0.79, 0.83, -0.04,  0,  0,  0
2586428.52226320, -0.086645, 1000,  998, 2, 0.79, 0.83, -0.04,  0,  0,  0
2586428.52476320, -0.751328, 1000,  998, 2, 0.79, 0.83, -0.04,  0,  0,  0
2586428.52726320, -0.776956, 1000,  998, 2, 0.79, 0.83, -0.04,  0,  0,  0
2586428.52976320, -0.609802, 1000,  998, 2, 0.79, 0.83, -0.04,  0,  0,  0
2586428.53226320, -0.135695, 1000,  998, 2, 0.79, 0.83, -0.04,  0,  0,  0
2586428.53476320, 0.313773, 1000,  998, 2, 0.79, 0.83, -0.04,  0,  0,  0
2586428.53726320, 0.601509, 1000,  998, 2, 0.79, 0.83, -0.04,  0,  0,  0
2586428.53976320, 0.103123, 1000,  998, 2, 0.79, 0.83, -0.04,  0,  0,  0
2586428.54226320, -0.630134, 1000,  998, 2, 0.79, 0.83, -0.04,  0,  0,  0
2586428.54476320, -1.098547, 1000,  998, 2, 0.79, 0.83, -0.04,  0,  0,  0
2586428.54726320, -1.404687, 1000,  998, 2, 0.79, 0.83, -0.04,  0,  0,  0
2586428.54976320, -0.526121, 1000,  998, 2, 0.79, 0.83, -0.04,  0,  0,  0
2586428.55226320, 0.777658, 1000,  998, 2, 0.79, 0.83, -0.04,  0,  0,  0
2586428.55476320, 1.344440, 1000,  998, 2, 0.79, 0.83, -0.04,  0,  0,  0
2586428.55726320, 1.151887, 1000,  998, 2, 0.79, 0.83, -0.04,  0,  0,  0
2586428.55976320, -0.241801, 1000,  998, 2, 0.79, 0.83, -0.04,  0,  0,  0
2586428.56226320, -0.925061, 1000,  998, 2, 0.79, 0.83, -0.04,  0,  0,  0
2586428.56476320, -1.354919, 1000,  998, 2, 0.79, 0.83, -0.04,  0,  0,  0
2586428.56726320, -1.111669, 1000,  998, 2, 0.79, 0.83, -0.04,  0,  0,  0
2586428.57226320, -0.030867, 1000,  998, 2, 0.79, 0.83, -0.04,  0,  0,  0
2586428.57476320, 0.588988, 1000,  998, 2, 0.79, 0.83, -0.04,  0,  0,  0
2586428.57726320, 1.154906, 1000,  998, 2, 0.79, 0.83, -0.04,  0,  0,  0
2586428.57976320, 0.256434, 1000,  998, 2, 0.79, 0.83, -0.04,  0,  0,  0
2586428.58226320, -0.123252, 1000,  998, 2, 0.79, 0.83, -0.04,  0,  0,  0
2586428.58476320, -0.502939, 1000,  998, 2, 0.79, 0.83, -0.04,  0,  0,  0
2586428.58726320, -0.867616, 1000,  998, 2, 0.79, 0.83, -0.04,  0,  0,  0
2586428.58976320, -0.740553, 1000,  998, 2, 0.79, 0.83, -0.04,  0,  0,  0
2586428.59226320, -0.147886, 1000,  998, 2, 0.79, 0.83, -0.04,  0,  0,  0
2586428.59476320, 0.444782, 1000,  998, 2, 0.79, 0.83, -0.04,  0,  0,  0
2586428.59726320, 0.916888, 1000,  998, 2, 0.79, 0.83, -0.04,  0,  0,  0
2586428.59976320, 1.008185, 1000,  998, 2, 0.79, 0.83, -0.04,  0,  0,  0
2586428.60226320, 0.721071, 1000,  998, 2, 0.79, 0.83, -0.04,  0,  0,  0
2586428.60476320, 0.284354, 1000,  998, 2, 0.79, 0.83, -0.04,  0,  0,  0
2586428.60726320, -0.326128, 1000,  998, 2, 0.79, 0.83, -0.04,  0,  0,  0
2586428.60976320, -0.340698, 1000,  998, 2, 0.79, 0.83, -0.04,  0,  0,  0
2586428.61226320, 0.655218, 1000,  998, 2, 0.79, 0.83, -0.04,  0,  0,  0
2586428.61476320, 1.199813, 1000,  998, 2, 0.79, 0.83, -0.04,  0,  0,  0
2586428.61726320, 1.148886, 1000,  998, 2, 0.79, 0.83, -0.04,  0,  0,  0
2586428.61976320, 0.424869, 1000,  998, 2, 0.79, 0.83, -0.04,  0,  0,  0
2586428.62226320, -0.525002, 1000,  998, 2, 0.79, 0.83, -0.04,  0,  0,  0
2586428.62476320, -1.187697, 1000,  998, 2, 0.79, 0.83, -0.04,  0,  0,  0
2586428.62726320, -1.068754, 1000,  998, 2, 0.79, 0.83, -0.04,  0,  0,  0
2586428.62976320, -0.464924, 1000,  998, 2, 0.79, 0.83, -0.04,  0,  0,  0
2586428.63226320, 0.305895, 1000,  998, 2, 0.79, 0.83, -0.04,  0,  0,  0
2586428.63476320, 1.048085, 1000,  998, 2, 0.79, 0.83, -0.04,  0,  0,  0
2586428.63726320, 1.488127, 1000,  998, 2, 0.79, 0.83, -0.04,  0,  0,  0
2586428.63976320, 0.915478, 1000,  998, 2, 0.79, 0.83, -0.04,  0,  0,  0
2586428.64226320, -0.008532, 1000,  998, 2, 0.79, 0.83, -0.04,  0,  0,  0
2586428.64476320, -0.852240, 1000,  998, 2, 0.79, 0.83, -0.04,  0,  0,  0
2586428.64726320, -1.200982, 1000,  998, 2, 0.79, 0.83, -0.04,  0,  0,  0
2586428.64976320, -1.535087, 1000,  998, 2, 0.79, 0.83, -0.04,  0,  0,  0
2586428.65226320, -0.291927, 1000,  998, 2, 0.79, 0.83, -0.04,  0,  0,  0
2586428.65476320, 0.337238, 1000,  998, 2, 0.79, 0.83, -0.04,  0,  0,  0
2586428.65726320, 0.608612, 1000,  998, 2, 0.79, 0.83, -0.04,  0,  0,  0
2586428.65976320, 0.667368, 1000,  998, 2, 0.79, 0.83, -0.04,  0,  0,  0
2586428.66226320, 0.532826, 1000,  998, 2, 0.79, 0.83, -0.04,  0,  0,  0
2586428.66476320, -0.532236, 1000,  998, 2, 0.79, 0.83, -0.04,  0,  0,  0
2586428.66726320, -1.568329, 1000,  998, 2, 0.79, 0.83, -0.04,  0,  0,  0
2586428.66976320, -0.877259, 1000,  998, 2, 0.79, 0.83, -0.04,  0,  0,  0
2586428.67226320, 0.115971, 1000,  998, 2, 0.79, 0.83, -0.04,  0,  0,  0
2586428.67476320, 0.582363, 1000,  999, 1, 0.79, 0.83, -0.04,  0,  0,  0
2586428.67726320, 0.963788, 1000,  999, 1, 0.79, 0.83, -0.04,  0,  0,  0
2586428.68226320, -0.364085, 1000, 1000, 0, 0.79, 0.83, -0.04,  0,  0,  0
2586428.68476320, -0.993677, 1000,  999, 1, 0.79, 0.83, -0.04,  0,  0,  0
2586428.68726320, -1.016514, 1000,  999, 1, 0.79, 0.83, -0.04,  0,  0,  0
2586428.68976320, -0.331240, 1000,  999, 1, 0.79, 0.83, -0.04,  0,  0,  0
2586428.69226320, 0.094447, 1000,  999, 1, 0.79, 0.83, -0.04,  0,  0,  0
2586428.69476320, 1.130183, 1000,  998, 2, 0.79, 0.83, -0.04,  0,  0,  0
2586428.69726320, 1.325599, 1000,  998, 2, 0.79, 0.83, -0.04,  0,  0,  0
2586428.69976320, 0.447944, 1000,  998, 2, 0.79, 0.83, -0.04,  0,  0,  0
2586428.70226320, -0.215780, 1000,  998, 2, 0.79, 0.83, -0.04,  0,  0,  0
2586428.70476320, -0.528886, 1000,  998, 2, 0.79, 0.83, -0.04,  0,  0,  0
2586428.70726320, -0.841991, 1000,  998, 2, 0.79, 0.83, -0.04,  0,  0,  0
2586428.70976320, -0.567529, 1000,  998, 2, 0.79, 0.83, -0.04,  0,  0,  0
2586428.71226320, -0.112173, 1000,  998, 2, 0.79, 0.83, -0.04,  0,  0,  0
2586428.71476320, 0.263244, 1000,  998, 2, 0.79, 0.83, -0.04,  0,  0,  0
2586428.71726320, 0.631034, 1000,  998, 2, 0.79, 0.83, -0.04,  0,  0,  0
2586428.71976320, 0.785469, 1000,  998, 2, 0.79, 0.83, -0.04,  0,  0,  0
2586428.72226320, 0.076796, 1000,  998, 2, 0.79, 0.83, -0.04,  0,  0,  0
2586428.72476320, -0.529723, 1000,  998, 2, 0.79, 0.83, -0.04,  0,  0,  0
2586428.72726320, -1.139865, 1000,  998, 2, 0.79, 0.83, -0.04,  0,  0,  0
2586428.72976320, -1.197736, 1000,  998, 2, 0.79, 0.83, -0.04,  0,  0,  0
2586428.73226320, -0.386886, 1000,  998, 2, 0.79, 0.83, -0.04,  0,  0,  0
2586428.73476320, 1.317572, 1000,  998, 2, 0.79, 0.83, -0.04,  0,  0,  0
2586428.73726320, 1.073926, 1000,  998, 2, 0.79, 0.83, -0.04,  0,  0,  0
2586428.73976320, 0.181918, 1000,  998, 2, 0.79, 0.83, -0.04,  0,  0,  0
2586428.74226320, -0.205701, 1000,  998, 2, 0.79, 0.83, -0.04,  0,  0,  0
2586428.74476320, -1.139590, 1000,  998, 2, 0.79, 0.83, -0.04,  0,  0,  0
2586428.74726320, -1.168228, 1000,  998, 2, 0.79, 0.83, -0.04,  0,  0,  0
2586428.74976320, 0.171228, 1000,  998, 2, 0.79, 0.83, -0.04,  0,  0,  0
2586428.75226320, 0.667890, 1000,  998, 2, 0.79, 0.83, -0.04,  0,  0,  0
2586428.75476320, 1.372527, 1000,  998, 2, 0.79, 0.83, -0.04,  0,  0,  0
2586428.75726320, 1.399887, 1000,  998, 2, 0.79, 0.83, -0.04,  0,  0,  0
2586428.75976320, -0.320550, 1000,  998, 2, 0.79, 0.83, -0.04,  0,  0,  0
2586428.76226320, -0.494719, 1000,  998, 2, 0.79, 0.83, -0.04,  0,  0,  0
2586428.76476320, -1.390281, 1000,  998, 2, 0.79, 0.83, -0.04,  0,  0,  0
2586428.76726320, -1.584277, 1000,  998, 2, 0.79, 0.83, -0.04,  0,  0,  0
2586428.76976320, -0.869894, 1000,  998, 2, 0.79, 0.83, -0.04,  0,  0,  0
2586428.77226320, -0.155512, 1000,  998, 2, 0.79, 0.83, -0.04,  0,  0,  0
2586428.77476320, 1.621494, 1000,  998, 2, 0.79, 0.83, -0.04,  0,  0,  0
2586428.77726320, 1.629831, 1000,  998, 2, 0.79, 0.83, -0.04,  0,  0,  0
2586428.77976320, 1.154408, 1000,  998, 2, 0.79, 0.83, -0.04,  0,  0,  0
2586428.78226320, 0.398687, 1000,  998, 2, 0.79, 0.83, -0.04,  0,  0,  0
2586428.78476320, -0.829042, 1000,  998, 2, 0.79, 0.83, -0.04,  0,  0,  0
2586428.78726320, -1.319226, 1000,  998, 2, 0.79, 0.83, -0.04,  0,  0,  0
2586428.78976320, -1.134645, 1000,  998, 2, 0.79, 0.83, -0.04,  0,  0,  0
2586428.79226320, -0.334709, 1000,  998, 2, 0.79, 0.83, -0.04,  0,  0,  0
2586428.79476320, 0.101901, 1000,  998, 2, 0.79, 0.83, -0.04,  0,  0,  0
2586428.79726320, 0.465242, 1000,  998, 2, 0.79, 0.83, -0.04,  0,  0,  0
2586428.79976320, 0.256754, 1000,  998, 2, 0.79, 0.83, -0.04,  0,  0,  0
2586428.80226320, -0.218399, 1000,  998, 2, 0.79, 0.83, -0.04,  0,  0,  0
2586428.80476320, -1.166740, 1000,  998, 2, 0.79, 0.83, -0.04,  0,  0,  0
2586428.80726320, -1.242747, 1000,  998, 2, 0.79, 0.83, -0.04,  0,  0,  0
2586428.80976320, -0.363313, 1000,  998, 2, 0.79, 0.83, -0.04,  0,  0,  0
2586428.81226320, 0.257688, 1000,  998, 2, 0.79, 0.83, -0.04,  0,  0,  0
2586428.81476320, 1.143254, 1000,  998, 2, 0.79, 0.83, -0.04,  0,  0,  0
2586428.81726320, 1.207185, 1000,  998, 2, 0.79, 0.83, -0.04,  0,  0,  0
2586428.81976320, 0.738815, 1000,  998, 2, 0.79, 0.83, -0.04,  0,  0,  0
2586428.82226320, -0.647660, 1000,  998, 2, 0.79, 0.83, -0.04,  0,  0,  0
2586428.82476320, -1.198341, 1000,  998, 2, 0.79, 0.83, -0.04,  0,  0,  0
2586428.82726320, -1.144938, 1000,  998, 2, 0.79, 0.83, -0.04,  0,  0,  0
2586428.82976320, -0.932530, 1000,  998, 2, 0.79, 0.83, -0.04,  0,  0,  0
2586428.83226320, -0.603085, 1000,  998, 2, 0.79, 0.83, -0.04,  0,  0,  0
2586428.83476320, 0.166268, 1000,  998, 2, 0.79, 0.83, -0.04,  0,  0,  0
2586428.83726320, 1.012919, 1000,  998, 2, 0.79, 0.83, -0.04,  0,  0,  0
2586428.83976320, 0.978625, 1000,  998, 2, 0.79, 0.83, -0.04,  0,  0,  0
2586428.84226320, 0.944330, 1000,  998, 2, 0.79, 0.83, -0.04,  0,  0,  0
2586428.84476320, 0.910036, 1000,  998, 2, 0.79, 0.83, -0.04,  0,  0,  0
2586428.84726320, -0.010406, 1000,  998, 2, 0.79, 0.83, -0.04,  0,  0,  0
2586428.84976320, -0.667158, 1000,  998, 2, 0.79, 0.83, -0.04,  0,  0,  0
2586428.85226320, -0.305767, 1000,  998, 2, 0.79, 0.83, -0.04,  0,  0,  0
2586428.85476320, 0.059705, 1000,  998, 2, 0.79, 0.83, -0.04,  0,  0,  0
2586428.85726320, 1.151367, 1000,  998, 2, 0.79, 0.83, -0.04,  0,  0,  0
2586428.85976320, 0.494594, 1000,  998, 2, 0.79, 0.83, -0.04,  0,  0,  0
2586428.86226320, -0.449407, 1000,  998, 2, 0.79, 0.83, -0.04,  0,  0,  0
2586428.86726320, -0.959723, 1000,  998, 2, 0.79, 0.83, -0.04,  0,  0,  0
2586428.86976320, -0.289188, 1000,  998, 2, 0.79, 0.83, -0.04,  0,  0,  0
2586428.87226320, 0.768164, 1000,  998, 2, 0.79, 0.83, -0.04,  0,  0,  0
2586428.87476320, 1.154782, 1000,  998, 2, 0.79, 0.83, -0.04,  0,  0,  0
2586428.87726320, 1.154782, 1000,  998, 2, 0.79, 0.83, -0.04,  0,  0,  0
2586428.87976320, 0.814465, 1000,  998, 2, 0.79, 0.83, -0.04,  0,  0,  0
2586428.88226320, 0.272143, 1000,  998, 2, 0.79, 0.83, -0.04,  0,  0,  0
2586428.88476320, -0.859059, 1000,  998, 2, 0.79, 0.83, -0.04,  0,  0,  0
2586428.88726320, -0.705419, 1000,  998, 2, 0.79, 0.83, -0.04,  0,  0,  0
2586428.88976320, -0.705419, 1000,  998, 2, 0.79, 0.83, -0.04,  0,  0,  0
2586428.89226320, 0.905188, 1000,  998, 2, 0.79, 0.83, -0.04,  0,  0,  0
2586428.89476320, 1.058565, 1000,  998, 2, 0.79, 0.83, -0.04,  0,  0,  0
2586428.89726320, 1.031999, 1000,  998, 2, 0.79, 0.83, -0.04,  0,  0,  0
2586428.89976320, 0.862601, 1000,  998, 2, 0.79, 0.83, -0.04,  0,  0,  0
2586428.90226320, 0.623149, 1000,  998, 2, 0.79, 0.83, -0.04,  0,  0,  0
2586428.90476320, 0.383698, 1000,  998, 2, 0.79, 0.83, -0.04,  0,  0,  0
2586428.90726320, 0.144246, 1000,  998, 2, 0.79, 0.83, -0.04,  0,  0,  0
2586428.90976320, -0.133064, 1000,  998, 2, 0.79, 0.83, -0.04,  0,  0,  0
2586428.91226320, 0.016739, 1000,  998, 2, 0.79, 0.83, -0.04,  0,  0,  0
2586428.91476320, 0.810716, 1000,  998, 2, 0.79, 0.83, -0.04,  0,  0,  0
2586428.91726320, 1.006152, 1000,  998, 2, 0.79, 0.83, -0.04,  0,  0,  0
2586428.91976320, 1.159700, 1000,  998, 2, 0.79, 0.83, -0.04,  0,  0,  0
2586428.92226320, -0.594824, 1000,  998, 2, 0.79, 0.83, -0.04,  0,  0,  0
2586428.92476320, -0.942055, 1000,  998, 2, 0.79, 0.83, -0.04,  0,  0,  0
2586428.92726320, -1.079597, 1000,  998, 2, 0.79, 0.83, -0.04,  0,  0,  0
2586428.92976320, -0.842587, 1000,  998, 2, 0.79, 0.83, -0.04,  0,  0,  0
2586428.93226320, 0.223271, 1000,  998, 2, 0.79, 0.83, -0.04,  0,  0,  0
2586428.93476320, 0.971079, 1000,  998, 2, 0.79, 0.83, -0.04,  0,  0,  0
2586428.93726320, 0.844749, 1000,  998, 2, 0.79, 0.83, -0.04,  0,  0,  0
2586428.93976320, 0.549892, 1000,  998, 2, 0.79, 0.83, -0.04,  0,  0,  0
2586428.94226320, -0.591966, 1000,  998, 2, 0.79, 0.83, -0.04,  0,  0,  0
2586428.94476320, -1.236826, 1000,  998, 2, 0.79, 0.83, -0.04,  0,  0,  0
2586428.94726320, -1.229268, 1000,  998, 2, 0.79, 0.83, -0.04,  0,  0,  0
2586428.94976320, -1.229268, 1000,  998, 2, 0.79, 0.83, -0.04,  0,  0,  0
2586428.95226320, 0.919584, 1000,  998, 2, 0.79, 0.83, -0.04,  0,  0,  0
2586428.95476320, 0.919584, 1000,  998, 2, 0.79, 0.83, -0.04,  0,  0,  0
2586428.95726320, 0.445119, 1000,  998, 2, 0.79, 0.83, -0.04,  0,  0,  0
2586428.95976320, 0.427807, 1000,  998, 2, 0.79, 0.83, -0.04,  0,  0,  0
2586428.96226320, -0.200388, 1000,  998, 2, 0.79, 0.83, -0.04,  0,  0,  0
2586428.96476320, -0.714575, 1000,  998, 2, 0.79, 0.83, -0.04,  0,  0,  0
2586428.96726320, -0.853033, 1000,  998, 2, 0.79, 0.83, -0.04,  0,  0,  0
2586428.96976320, -0.991491, 1000,  998, 2, 0.79, 0.83, -0.04,  0,  0,  0
2586428.97226320, 1.069256, 1000,  998, 2, 0.79, 0.83, -0.04,  0,  0,  0
2586428.97476320, 1.069256, 1000,  998, 2, 0.79, 0.83, -0.04,  0,  0,  0
2586428.97726320, 1.230689, 1000,  998, 2, 0.79, 0.83, -0.04,  0,  0,  0
2586428.97976320, 0.896803, 1000,  998, 2, 0.79, 0.83, -0.04,  0,  0,  0
2586428.98226320, 0.187942, 1000,  998, 2, 0.79, 0.83, -0.04,  0,  0,  0
2586428.98476320, -1.073127, 1000,  998, 2, 0.79, 0.83, -0.04,  0,  0,  0
2586428.98726320, -1.281002, 1000,  998, 2, 0.79, 0.83, -0.04,  0,  0,  0
2586428.98976320, -0.517732, 1000,  998, 2, 0.79, 0.83, -0.04,  0,  0,  0
2586428.99226320, 0.449568, 1000,  998, 2, 0.79, 0.83, -0.04,  0,  0,  0
2586428.99726320, 1.015802, 1000,  998, 2, 0.79, 0.83, -0.04,  0,  0,  0
2586428.99976320, 0.682919, 1000,  998, 2, 0.79, 0.83, -0.04,  0,  0,  0
2586429.00226320, -0.094322, 1000,  998, 2, 0.79, 0.83, -0.04,  0,  0,  0
2586429.00476320, -0.623084, 1000,  998, 2, 0.79, 0.83, -0.04,  0,  0,  0
2586429.00726320, -1.271059, 1000,  998, 2, 0.79, 0.83, -0.04,  0,  0,  0
2586429.00976320, -0.714350, 1000,  998, 2, 0.79, 0.83, -0.04,  0,  0,  0
2586429.01226320, 0.356732, 1000,  998, 2, 0.79, 0.83, -0.04,  0,  0,  0
2586429.01476320, 0.910605, 1000,  998, 2, 0.79, 0.83, -0.04,  0,  0,  0
2586429.01726320, 1.138377, 1000,  998, 2, 0.79, 0.83, -0.04,  0,  0,  0
2586429.01976320, 1.023010, 1000,  998, 2, 0.79, 0.83, -0.04,  0,  0,  0
2586429.02226320, 0.884685, 1000,  998, 2, 0.79, 0.83, -0.04,  0,  0,  0
2586429.02476320, -0.808851, 1000,  998, 2, 0.79, 0.83, -0.04,  0,  0,  0
2586429.02726320, -0.880556, 1000,  998, 2, 0.79, 0.83, -0.04,  0,  0,  0
2586429.02976320, -0.952260, 1000,  998, 2, 0.79, 0.83, -0.04,  0,  0,  0
2586429.03226320, -0.485139, 1000,  998, 2, 0.79, 0.83, -0.04,  0,  0,  0
2586429.03476320, 0.395146, 1000,  998, 2, 0.79, 0.83, -0.04,  0,  0,  0
2586429.03726320, 1.275432, 1000,  998, 2, 0.79, 0.83, -0.04,  0,  0,  0
2586429.03976320, 0.111619, 1000,  998, 2, 0.79, 0.83, -0.04,  0,  0,  0
2586429.04226320, -0.125963, 1000,  998, 2, 0.79, 0.83, -0.04,  0,  0,  0
2586429.04476320, -0.282446, 1000,  998, 2, 0.79, 0.83, -0.04,  0,  0,  0
2586429.04726320, -0.438929, 1000,  998, 2, 0.79, 0.83, -0.04,  0,  0,  0
2586429.04976320, -0.595412, 1000,  998, 2, 0.79, 0.83, -0.04,  0,  0,  0
2586429.05226320, 0.876821, 1000,  998, 2, 0.79, 0.83, -0.04,  0,  0,  0
2586429.05476320, 0.876821, 1000,  998, 2, 0.79, 0.83, -0.04,  0,  0,  0
2586429.05726320, 0.876821, 1000,  998, 2, 0.79, 0.83, -0.04,  0,  0,  0
2586429.05976320, 0.740961, 1000,  998, 2, 0.79, 0.83, -0.04,  0,  0,  0
2586429.06226320, 0.087776, 1000,  998, 2, 0.79, 0.83, -0.04,  0,  0,  0
2586429.06476320, -0.550825, 1000,  998, 2, 0.79, 0.83, -0.04,  0,  0,  0
2586429.06726320, -1.108244, 1000,  998, 2, 0.79, 0.83, -0.04,  0,  0,  0
2586429.06976320, -0.694852, 1000,  998, 2, 0.79, 0.83, -0.04,  0,  0,  0
2586429.07226320, 0.095840, 1000,  998, 2, 0.79, 0.83, -0.04,  0,  0,  0
2586429.07476320, 0.884065, 1000,  998, 2, 0.79, 0.83, -0.04,  0,  0,  0
2586429.07726320, 1.086849, 1000,  998, 2, 0.79, 0.83, -0.04,  0,  0,  0
2586429.07976320, 0.515700, 1000,  998, 2, 0.79, 0.83, -0.04,  0,  0,  0
2586429.08226320, -0.078775, 1000,  998, 2, 0.79, 0.83, -0.04,  0,  0,  0
2586429.08476320, -0.749031, 1000,  998, 2, 0.79, 0.83, -0.04,  0,  0,  0
2586429.08726320, -0.988162, 1000,  998, 2, 0.79, 0.83, -0.04,  0,  0,  0
2586429.08976320, -0.781684, 1000,  998, 2, 0.79, 0.83, -0.04,  0,  0,  0
2586429.09226320, 0.285710, 1000,  998, 2, 0.79, 0.83, -0.04,  0,  0,  0
2586429.09476320, 1.256951, 1000,  998, 2, 0.79, 0.83, -0.04,  0,  0,  0
2586429.09726320, 1.244415, 1000,  998, 2, 0.79, 0.83, -0.04,  0,  0,  0
2586429.09976320, 1.090103, 1000,  998, 2, 0.79, 0.83, -0.04,  0,  0,  0
2586429.10226320, 0.935791, 1000,  998, 2, 0.79, 0.83, -0.04,  0,  0,  0
2586429.10476320, 0.781480, 1000,  998, 2, 0.79, 0.83, -0.04,  0,  0,  0
2586429.10726320, -0.552688, 1000,  998, 2, 0.79, 0.83, -0.04,  0,  0,  0
2586429.10976320, -0.433723, 1000,  998, 2, 0.79, 0.83, -0.04,  0,  0,  0
2586429.11226320, 0.213040, 1000,  998, 2, 0.79, 0.83, -0.04,  0,  0,  0
2586429.11476320, 0.623186, 1000,  998, 2, 0.79, 0.83, -0.04,  0,  0,  0
2586429.11726320, 1.033331, 1000,  998, 2, 0.79, 0.83, -0.04,  0,  0,  0
2586429.11976320, 0.381937, 1000,  998, 2, 0.79, 0.83, -0.04,  0,  0,  0
2586429.12226320, 0.006035, 1000,  998, 2, 0.79, 0.83, -0.04,  0,  0,  0
2586429.12476320, -0.353544, 1000,  998, 2, 0.79, 0.83, -0.04,  0,  0,  0
2586429.12726320, -0.711035, 1000,  998, 2, 0.79, 0.83, -0.04,  0,  0,  0
2586429.12976320, -1.066146, 1000,  998, 2, 0.79, 0.83, -0.04,  0,  0,  0
2586429.13226320, -1.421256, 1000,  998, 2, 0.79, 0.83, -0.04,  0,  0,  0
2586429.13476320, 0.760641, 1000,  998, 2, 0.79, 0.83, -0.04,  0,  0,  0
2586429.13726320, 1.340707, 1000,  998, 2, 0.79, 0.83, -0.04,  0,  0,  0
2586429.13976320, 0.313778, 1000,  998, 2, 0.79, 0.83, -0.04,  0,  0,  0
2586429.14226320, -0.609782, 1000,  998, 2, 0.79, 0.83, -0.04,  0,  0,  0
2586429.14476320, -1.192641, 1000,  998, 2, 0.79, 0.83, -0.04,  0,  0,  0
2586429.14726320, -1.192022, 1000,  998, 2, 0.79, 0.83, -0.04,  0,  0,  0
2586429.14976320, -0.508507, 1000,  998, 2, 0.79, 0.83, -0.04,  0,  0,  0
2586429.15226320, 0.320839, 1000,  998, 2, 0.79, 0.83, -0.04,  0,  0,  0
2586429.15476320, 1.124712, 1000,  998, 2, 0.79, 0.83, -0.04,  0,  0,  0
2586429.15726320, 1.169172, 1000,  998, 2, 0.79, 0.83, -0.04,  0,  0,  0
2586429.15976320, 0.723120, 1000,  998, 2, 0.79, 0.83, -0.04,  0,  0,  0
2586429.16226320, 0.337181, 1000,  998, 2, 0.79, 0.83, -0.04,  0,  0,  0
2586429.16476320, -0.048757, 1000,  998, 2, 0.79, 0.83, -0.04,  0,  0,  0
2586429.16726320, -0.661714, 1000,  998, 2, 0.79, 0.83, -0.04,  0,  0,  0
2586429.16976320, 0.260183, 1000,  998, 2, 0.79, 0.83, -0.04,  0,  0,  0
2586429.17226320, 0.889898, 1000,  998, 2, 0.79, 0.83, -0.04,  0,  0,  0
2586429.17476320, 1.313325, 1000,  998, 2, 0.79, 0.83, -0.04,  0,  0,  0
2586429.17726320, 1.338979, 1000,  998, 2, 0.79, 0.83, -0.04,  0,  0,  0
2586429.17976320, 1.201140, 1000,  998, 2, 0.79, 0.83, -0.04,  0,  0,  0
2586429.18226320, 1.063301, 1000,  998, 2, 0.79, 0.83, -0.04,  0,  0,  0
2586429.18476320, 0.925462, 1000,  998, 2, 0.79, 0.83, -0.04,  0,  0,  0
2586429.18726320, -0.563200, 1000,  998, 2, 0.79, 0.83, -0.04,  0,  0,  0
2586429.18976320, -0.533017, 1000,  998, 2, 0.79, 0.83, -0.04,  0,  0,  0
2586429.19226320, 0.867151, 1000,  998, 2, 0.79, 0.83, -0.04,  0,  0,  0
2586429.19476320, 1.808909, 1000,  998, 2, 0.79, 0.83, -0.04,  0,  0,  0
2586429.19726320, 1.312656, 1000,  998, 2, 0.79, 0.83, -0.04,  0,  0,  0
2586429.19976320, 0.268253, 1000,  998, 2, 0.79, 0.83, -0.04,  0,  0,  0
2586429.20226320, -0.147024, 1000,  998, 2, 0.79, 0.83, -0.04,  0,  0,  0
2586429.20476320, -1.303462, 1000,  998, 2, 0.79, 0.83, -0.04,  0,  0,  0
2586429.20726320, -1.609616, 1000,  998, 2, 0.79, 0.83, -0.04,  0,  0,  0
2586429.20976320, -1.373836, 1000,  998, 2, 0.79, 0.83, -0.04,  0,  0,  0
2586429.21226320, -0.525521, 1000,  998, 2, 0.79, 0.83, -0.04,  0,  0,  0
2586429.21476320, 0.322795, 1000,  998, 2, 0.79, 0.83, -0.04,  0,  0,  0
2586429.21726320, 1.015802, 1000,  998, 2, 0.79, 0.83, -0.04,  0,  0,  0
2586429.21976320, 0.580017, 1000,  998, 2, 0.79, 0.83, -0.04,  0,  0,  0
2586429.22226320, -0.069145, 1000,  998, 2, 0.79, 0.83, -0.04,  0,  0,  0
2586429.22476320, -0.285742, 1000,  998, 2, 0.79, 0.83, -0.04,  0,  0,  0
2586429.22726320, -0.502338, 1000,  998, 2, 0.79, 0.83, -0.04,  0,  0,  0
2586429.22976320, -0.718934, 1000,  998, 2, 0.79, 0.83, -0.04,  0,  0,  0
2586429.23226320, -0.935530, 1000,  998, 2, 0.79, 0.83, -0.04,  0,  0,  0
2586429.23476320, 1.272748, 1000,  998, 2, 0.79, 0.83, -0.04,  0,  0,  0
2586429.23976320, -0.074661, 1000,  998, 2, 0.79, 0.83, -0.04,  0,  0,  0
2586429.24226320, -0.074661, 1000,  998, 2, 0.79, 0.83, -0.04,  0,  0,  0
2586429.24476320, -0.074661, 1000,  998, 2, 0.79, 0.83, -0.04,  0,  0,  0
2586429.24726320, -0.074661, 1000,  998, 2, 0.79, 0.83, -0.04,  0,  0,  0
2586429.24976320, -0.070640, 1000,  998, 2, 0.79, 0.83, -0.04,  0,  0,  0
2586429.25226320, -0.065308, 1000,  998, 2, 0.79, 0.83, -0.04,  0,  0,  0
2586429.25476320, 1.667941, 1000,  998, 2, 0.79, 0.83, -0.04,  0,  0,  0
2586429.25726320, 1.612248, 1000,  998, 2, 0.79, 0.83, -0.04,  0,  0,  0
2586429.25976320, 1.423356, 1000,  998, 2, 0.79, 0.83, -0.04,  0,  0,  0
2586429.26226320, 0.780795, 1000,  998, 2, 0.79, 0.83, -0.04,  0,  0,  0
2586429.26476320, -0.168112, 1000,  998, 2, 0.79, 0.83, -0.04,  0,  0,  0
2586429.26726320, -0.649362, 1000,  998, 2, 0.79, 0.83, -0.04,  0,  0,  0
2586429.26976320, -0.776318, 1000,  998, 2, 0.79, 0.83, -0.04,  0,  0,  0
2586429.27226320, -0.903273, 1000,  998, 2, 0.79, 0.83, -0.04,  0,  0,  0
2586429.27476320, 0.608418, 1000,  998, 2, 0.79, 0.83, -0.04,  0,  0,  0
2586429.27726320, 1.167045, 1000,  998, 2, 0.79, 0.83, -0.04,  0,  0,  0
2586429.27976320, 0.472809, 1000,  998, 2, 0.79, 0.83, -0.04,  0,  0,  0
2586429.28226320, -0.088370, 1000,  998, 2, 0.79, 0.83, -0.04,  0,  0,  0
2586429.28476320, -0.256843, 1000,  998, 2, 0.79, 0.83, -0.04,  0,  0,  0
2586429.28726320, -0.425317, 1000,  998, 2, 0.79, 0.83, -0.04,  0,  0,  0
2586429.28976320, -0.555021, 1000,  998, 2, 0.79, 0.83, -0.04,  0,  0,  0
2586429.29226320, 0.501116, 1000,  998, 2, 0.79, 0.83, -0.04,  0,  0,  0
2586429.29476320, 1.367449, 1000,  997, 3, 0.79, 0.83, -0.04,  0,  0,  0
2586429.29726320, 1.595495, 1000,  997, 3, 0.79, 0.83, -0.04,  0,  0,  0
2586429.29976320, 1.823541, 1000,  997, 3, 0.79, 0.83, -0.04,  0,  0,  0
2586429.30226320, -0.094579, 1000,  997, 3, 0.79, 0.83, -0.04,  0,  0,  0
2586429.30476320, -0.398901, 1000,  996, 4, 0.79, 0.83, -0.04,  0,  0,  0
2586429.30726320, -0.703223, 1000,  996, 4, 0.79, 0.83, -0.04,  0,  0,  0
2586429.30976320, -1.007546, 1000,  996, 4, 0.79, 0.83, -0.04,  0,  0,  0
2586429.31226320, 0.100005, 1000,  996, 4, 0.79, 0.83, -0.04,  0,  0,  0
2586429.31476320, 1.061282, 1000,  996, 4, 0.79, 0.83, -0.04,  0,  0,  0
2586429.31726320, 1.349698, 1000,  996, 4, 0.79, 0.83, -0.04,  0,  0,  0
2586429.31976320, 0.331590, 1000,  996, 4, 0.79, 0.83, -0.04,  0,  0,  0
2586429.32226320, -0.056355, 1000,  997, 3, 0.79, 0.83, -0.04,  0,  0,  0
2586429.32476320, -1.160324, 1000,  997, 3, 0.79, 0.83, -0.04,  0,  0,  0
2586429.32726320, -1.310159, 1000,  997, 3, 0.79, 0.83, -0.04,  0,  0,  0
2586429.32976320, -0.551077, 1000,  997, 3, 0.79, 0.83, -0.04,  0,  0,  0
2586429.33226320, 0.403368, 1000,  998, 2, 0.79, 0.83, -0.04,  0,  0,  0
2586429.33476320, 1.048131, 1000,  998, 2, 0.79, 0.83, -0.04,  0,  0,  0
2586429.33726320, 1.544332, 1000,  998, 2, 0.79, 0.83, -0.04,  0,  0,  0
2586429.33976320, 1.402810, 1000,  998, 2, 0.79, 0.83, -0.04,  0,  0,  0
2586429.34226320, 0.544458, 1000,  998, 2, 0.79, 0.83, -0.04,  0,  0,  0
2586429.34476320, -0.218924, 1000,  998, 2, 0.79, 0.83, -0.04,  0,  0,  0
2586429.34726320, -0.800249, 1000,  998, 2, 0.79, 0.83, -0.04,  0,  0,  0
2586429.34976320, -0.878367, 1000,  998, 2, 0.79, 0.83, -0.04,  0,  0,  0
2586429.35226320, -0.203675, 1000,  998, 2, 0.79, 0.83, -0.04,  0,  0,  0
2586429.35476320, 1.212274, 1000,  998, 2, 0.79, 0.83, -0.04,  0,  0,  0
2586429.35726320, 1.642857, 1000,  998, 2, 0.79, 0.83, -0.04,  0,  0,  0
2586429.35976320, 1.432953, 1000,  998, 2, 0.79, 0.83, -0.04,  0,  0,  0
2586429.36226320, 0.913450, 1000,  998, 2, 0.79, 0.83, -0.04,  0,  0,  0
2586429.36476320, -1.304104, 1000,  998, 2, 0.79, 0.83, -0.04,  0,  0,  0
2586429.36726320, -1.304104, 1000,  998, 2, 0.79, 0.83, -0.04,  0,  0,  0
2586429.37226320, 0.286362, 1000,  998, 2, 0.79, 0.83, -0.04,  0,  0,  0
2586429.37476320, 0.937737, 1000,  998, 2, 0.79, 0.83, -0.04,  0,  0,  0
2586429.37726320, 1.172667, 1000,  998, 2, 0.79, 0.83, -0.04,  0,  0,  0
2586429.37976320, 0.827191, 1000,  998, 2, 0.79, 0.83, -0.04,  0,  0,  0
2586429.38226320, -0.643826, 1000,  998, 2, 0.79, 0.83, -0.04,  0,  0,  0
2586429.38476320, -1.507229, 1000,  998, 2, 0.79, 0.83, -0.04,  0,  0,  0
2586429.38726320, -1.325493, 1000,  998, 2, 0.79, 0.83, -0.04,  0,  0,  0
2586429.38976320, -0.661026, 1000,  998, 2, 0.79, 0.83, -0.04,  0,  0,  0
2586429.39226320, 0.139635, 1000,  998, 2, 0.79, 0.83, -0.04,  0,  0,  0
2586429.39476320, 0.900899, 1000,  998, 2, 0.79, 0.83, -0.04,  0,  0,  0
2586429.39726320, 1.431796, 1000,  998, 2, 0.79, 0.83, -0.04,  0,  0,  0
2586429.39976320, 1.383250, 1000,  998, 2, 0.79, 0.83, -0.04,  0,  0,  0
2586429.40226320, 0.364669, 1000,  998, 2, 0.79, 0.83, -0.04,  0,  0,  0
2586429.40476320, -1.050236, 1000,  998, 2, 0.79, 0.83, -0.04,  0,  0,  0
2586429.40726320, -1.325453, 1000,  998, 2, 0.79, 0.83, -0.04,  0,  0,  0
2586429.40976320, -1.138743, 1000,  998, 2, 0.79, 0.83, -0.04,  0,  0,  0
2586429.41226320, -0.960894, 1000,  998, 2, 0.79, 0.83, -0.04,  0,  0,  0
2586429.41476320, -0.288806, 1000,  998, 2, 0.79, 0.83, -0.04,  0,  0,  0
2586429.41726320, 0.951469, 1000,  998, 2, 0.79, 0.83, -0.04,  0,  0,  0
2586429.41976320, 0.357277, 1000,  998, 2, 0.79, 0.83, -0.04,  0,  0,  0
2586429.42226320, -0.685002, 1000,  998, 2, 0.79, 0.83, -0.04,  0,  0,  0
2586429.42476320, -1.364887, 1000,  998, 2, 0.79, 0.83, -0.04,  0,  0,  0
2586429.42726320, -1.125791, 1000,  998, 2, 0.79, 0.83, -0.04,  0,  0,  0
2586429.42976320, -0.553256, 1000,  998, 2, 0.79, 0.83, -0.04,  0,  0,  0
2586429.43226320, -0.185051, 1000,  998, 2, 0.79, 0.83, -0.04,  0,  0,  0
2586429.43476320, 0.183153, 1000,  998, 2, 0.79, 0.83, -0.04,  0,  0,  0
2586429.43726320, 0.490819, 1000,  998, 2, 0.79, 0.83, -0.04,  0,  0,  0
2586429.43976320, 0.740263, 1000,  998, 2, 0.79, 0.83, -0.04,  0,  0,  0
2586429.44226320, -1.132021, 1000,  998, 2, 0.79, 0.83, -0.04,  0,  0,  0
2586429.44476320, -1.060907, 1000,  998, 2, 0.79, 0.83, -0.04,  0,  0,  0
2586429.44726320, -0.812670, 1000,  998, 2, 0.79, 0.83, -0.04,  0,  0,  0
2586429.44976320, -0.353669, 1000,  998, 2, 0.79, 0.83, -0.04,  0,  0,  0
2586429.45226320, 0.486628, 1000,  998, 2, 0.79, 0.83, -0.04,  0,  0,  0
2586429.45476320, 1.405642, 1000,  998, 2, 0.79, 0.83, -0.04,  0,  0,  0
2586429.45726320, 1.762513, 1000,  998, 2, 0.79, 0.83, -0.04,  0,  0,  0
2586429.45976320, 1.183007, 1000,  998, 2, 0.79, 0.83, -0.04,  0,  0,  0
2586429.46226320, 0.603501, 1000,  998, 2, 0.79, 0.83, -0.04,  0,  0,  0
2586429.46476320, 0.023995, 1000,  998, 2, 0.79, 0.83, -0.04,  0,  0,  0
2586429.46726320, -1.402918, 1000,  998, 2, 0.79, 0.83, -0.04,  0,  0,  0
2586429.46976320, -0.830883, 1000,  998, 2, 0.79, 0.83, -0.04,  0,  0,  0
2586429.47226320, -0.258848, 1000,  998, 2, 0.79, 0.83, -0.04,  0,  0,  0
2586429.47476320, 0.291932, 1000,  998, 2, 0.79, 0.83, -0.04,  0,  0,  0
2586429.47726320, 0.842212, 1000,  998, 2, 0.79, 0.83, -0.04,  0,  0,  0
2586429.47976320, 0.591095, 1000,  998, 2, 0.79, 0.83, -0.04,  0,  0,  0
2586429.48226320, -0.186869, 1000,  998, 2, 0.79, 0.83, -0.04,  0,  0,  0
2586429.48476320, -0.655742, 1000,  998, 2, 0.79, 0.83, -0.04,  0,  0,  0
2586429.48726320, -0.914523, 1000,  998, 2, 0.79, 0.83, -0.04,  0,  0,  0
2586429.48976320, -1.044778, 1000,  998, 2, 0.79, 0.83, -0.04,  0,  0,  0
2586429.49226320, -1.175033, 1000,  998, 2, 0.79, 0.83, -0.04,  0,  0,  0
2586429.49726320, 0.766160, 1000,  998, 2, 0.79, 0.83, -0.04,  0,  0,  0
2586429.49976320, 0.117120, 1000,  998, 2, 0.79, 0.83, -0.04,  0,  0,  0
2586429.50226320, -0.761634, 1000,  998, 2, 0.79, 0.83, -0.04,  0,  0,  0
2586429.50476320, -1.126272, 1000,  998, 2, 0.79, 0.83, -0.04,  0,  0,  0
2586429.50726320, -1.225409, 1000,  998, 2, 0.79, 0.83, -0.04,  0,  0,  0
2586429.50976320, -0.356677, 1000,  998, 2, 0.79, 0.83, -0.04,  0,  0,  0
2586429.51226320, 0.562517, 1000,  998, 2, 0.79, 0.83, -0.04,  0,  0,  0
2586429.51476320, 0.982494, 1000,  998, 2, 0.79, 0.83, -0.04,  0,  0,  0
2586429.51726320, 0.895383, 1000,  998, 2, 0.79, 0.83, -0.04,  0,  0,  0
2586429.51976320, 0.520855, 1000,  998, 2, 0.79, 0.83, -0.04,  0,  0,  0
2586429.52226320, -0.099988, 1000,  998, 2, 0.79, 0.83, -0.04,  0,  0,  0
2586429.52476320, -0.516464, 1000,  998, 2, 0.79, 0.83, -0.04,  0,  0,  0
2586429.52726320, -0.927228, 1000,  998, 2, 0.79, 0.83, -0.04,  0,  0,  0
2586429.52976320, -1.025245, 1000,  998, 2, 0.79, 0.83, -0.04,  0,  0,  0
2586429.53226320, -0.434835, 1000,  998, 2, 0.79, 0.83, -0.04,  0,  0,  0
2586429.53476320, 0.258473, 1000,  998, 2, 0.79, 0.83, -0.04,  0,  0,  0
2586429.53726320, 0.865380, 1000,  998, 2, 0.79, 0.83, -0.04,  0,  0,  0
2586429.53976320, 1.143786, 1000,  998, 2, 0.79, 0.83, -0.04,  0,  0,  0
2586429.54226320, 0.083974, 1000,  998, 2, 0.79, 0.83, -0.04,  0,  0,  0
2586429.54476320, -0.785620, 1000,  998, 2, 0.79, 0.83, -0.04,  0,  0,  0
2586429.54726320, -1.210057, 1000,  998, 2, 0.79, 0.83, -0.04,  0,  0,  0
2586429.54976320, -0.303684, 1000,  998, 2, 0.79, 0.83, -0.04,  0,  0,  0
2586429.55226320, 0.129107, 1000,  998, 2, 0.79, 0.83, -0.04,  0,  0,  0
2586429.55476320, 0.464342, 1000,  998, 2, 0.79, 0.83, -0.04,  0,  0,  0
2586429.55726320, 0.776716, 1000,  998, 2, 0.79, 0.83, -0.04,  0,  0,  0
2586429.55976320, 0.403765, 1000,  998, 2, 0.79, 0.83, -0.04,  0,  0,  0
2586429.56226320, -0.570286, 1000,  998, 2, 0.79, 0.83, -0.04,  0,  0,  0
2586429.56476320, -1.157607, 1000,  998, 2, 0.79, 0.83, -0.04,  0,  0,  0
2586429.56726320, -1.262812, 1000,  998, 2, 0.79, 0.83, -0.04,  0,  0,  0
2586429.56976320, -0.434776, 1000,  998, 2, 0.79, 0.83, -0.04,  0,  0,  0
2586429.57226320, 0.619753, 1000,  998, 2, 0.79, 0.83, -0.04,  0,  0,  0
2586429.57476320, 0.908894, 1000,  998, 2, 0.79, 0.83, -0.04,  0,  0,  0
2586429.57726320, 0.716459, 1000,  998, 2, 0.79, 0.83, -0.04,  0,  0,  0
2586429.57976320, 0.618343, 1000,  998, 2, 0.79, 0.83, -0.04,  0,  0,  0
2586429.58226320, -0.161144, 1000,  998, 2, 0.79, 0.83, -0.04,  0,  0,  0
2586429.58476320, -0.789443, 1000,  998, 2, 0.79, 0.83, -0.04,  0,  0,  0
2586429.58726320, -1.153622, 1000,  998, 2, 0.79, 0.83, -0.04,  0,  0,  0
2586429.58976320, -0.506737, 1000,  998, 2, 0.79, 0.83, -0.04,  0,  0,  0
2586429.59226320, 0.876821, 1000,  998, 2, 0.79, 0.83, -0.04,  0,  0,  0
2586429.59476320, 0.876821, 1000,  998, 2, 0.79, 0.83, -0.04,  0,  0,  0
2586429.59726320, 0.876821, 1000,  998, 2, 0.79, 0.83, -0.04,  0,  0,  0
2586429.59976320, 0.775097, 1000,  998, 2, 0.79, 0.83, -0.04,  0,  0,  0
2586429.60226320, 0.600493, 1000,  998, 2, 0.79, 0.83, -0.04,  0,  0,  0
2586429.60476320, 0.425889, 1000,  998, 2, 0.79, 0.83, -0.04,  0,  0,  0
2586429.60726320, -0.441132, 1000,  998, 2, 0.79, 0.83, -0.04,  0,  0,  0
2586429.60976320, -0.668113, 1000,  998, 2, 0.79, 0.83, -0.04,  0,  0,  0
2586429.61226320, 0.200467, 1000,  998, 2, 0.79, 0.83, -0.04,  0,  0,  0
2586429.61476320, 0.368966, 1000,  998, 2, 0.79, 0.83, -0.04,  0,  0,  0
2586429.61726320, 0.537466, 1000,  998, 2, 0.79, 0.83, -0.04,  0,  0,  0
2586429.61976320, 0.490412, 1000,  998, 2, 0.79, 0.83, -0.04,  0,  0,  0
2586429.62226320, 0.135552, 1000,  998, 2, 0.79, 0.83, -0.04,  0,  0,  0
2586429.62476320, -0.358075, 1000,  998, 2, 0.79, 0.83, -0.04,  0,  0,  0
2586429.62726320, -0.851702, 1000,  998, 2, 0.79, 0.83, -0.04,  0,  0,  0
2586429.62976320, -0.167524, 1000,  998, 2, 0.79, 0.83, -0.04,  0,  0,  0
2586429.63226320, 0.629662, 1000,  998, 2, 0.79, 0.83, -0.04,  0,  0,  0
2586429.63476320, 1.051497, 1000,  998, 2, 0.79, 0.83, -0.04,  0,  0,  0
2586429.63726320, 1.395151, 1000,  998, 2, 0.79, 0.83, -0.04,  0,  0,  0
2586429.63976320, 0.494838, 1000,  998, 2, 0.79, 0.83, -0.04,  0,  0,  0
2586429.64226320, -0.733815, 1000,  998, 2, 0.79, 0.83, -0.04,  0,  0,  0
2586429.64476320, -1.396299, 1000,  998, 2, 0.79, 0.83, -0.04,  0,  0,  0
2586429.64726320, -1.470802, 1000,  998, 2, 0.79, 0.83, -0.04,  0,  0,  0
2586429.64976320, -1.057822, 1000,  998, 2, 0.79, 0.83, -0.04,  0,  0,  0
2586429.65226320, -0.460697, 1000,  998, 2, 0.79, 0.83, -0.04,  0,  0,  0
2586429.65476320, 0.136427, 1000,  998, 2, 0.79, 0.83, -0.04,  0,  0,  0
2586429.65726320, 0.774419, 1000,  998, 2, 0.79, 0.83, -0.04,  0,  0,  0
2586429.65976320, 0.154475, 1000,  998, 2, 0.79, 0.83, -0.04,  0,  0,  0
2586429.66226320, -0.787923, 1000,  998, 2, 0.79, 0.83, -0.04,  0,  0,  0
2586429.66476320, -1.291562, 1000,  998, 2, 0.79, 0.83, -0.04,  0,  0,  0
2586429.66726320, -1.439985, 1000,  998, 2, 0.79, 0.83, -0.04,  0,  0,  0
2586429.66976320, -1.290355, 1000,  998, 2, 0.79, 0.83, -0.04,  0,  0,  0
2586429.67226320, 0.335425, 1000,  998, 2, 0.79, 0.83, -0.04,  0,  0,  0
2586429.67476320, 1.105833, 1000,  998, 2, 0.79, 0.83, -0.04,  0,  0,  0
2586429.67726320, 1.246272, 1000,  998, 2, 0.79, 0.83, -0.04,  0,  0,  0
2586429.68226320, -1.068906, 1000,  998, 2, 0.79, 0.83, -0.04,  0,  0,  0
2586429.68476320, -1.068906, 1000,  998, 2, 0.79, 0.83, -0.04,  0,  0,  0
2586429.68726320, -1.247490, 1000,  998, 2, 0.79, 0.83, -0.04,  0,  0,  0
2586429.68976320, -1.046227, 1000,  998, 2, 0.79, 0.83, -0.04,  0,  0,  0
2586429.69226320, -0.054513, 1000,  998, 2, 0.79, 0.83, -0.04,  0,  0,  0
2586429.69476320, 0.450964, 1000,  998, 2, 0.79, 0.83, -0.04,  0,  0,  0
2586429.69726320, 0.588169, 1000,  998, 2, 0.79, 0.83, -0.04,  0,  0,  0
2586429.69976320, 0.534725, 1000,  998, 2, 0.79, 0.83, -0.04,  0,  0,  0
2586429.70226320, 0.207704, 1000,  998, 2, 0.79, 0.83, -0.04,  0,  0,  0
2586429.70476320, -0.537196, 1000,  998, 2, 0.79, 0.83, -0.04,  0,  0,  0
2586429.70726320, -0.791671, 1000,  998, 2, 0.79, 0.83, -0.04,  0,  0,  0
2586429.70976320, -0.220781, 1000,  998, 2, 0.79, 0.83, -0.04,  0,  0,  0
2586429.71226320, 0.698087, 1000,  998, 2, 0.79, 0.83, -0.04,  0,  0,  0
2586429.71476320, 1.365441, 1000,  998, 2, 0.79, 0.83, -0.04,  0,  0,  0
2586429.71726320, 1.534738, 1000,  998, 2, 0.79, 0.83, -0.04,  0,  0,  0
2586429.71976320, 0.862019, 1000,  998, 2, 0.79, 0.83, -0.04,  0,  0,  0
2586429.72226320, 0.026566, 1000,  998, 2, 0.79, 0.83, -0.04,  0,  0,  0
2586429.72476320, -0.685858, 1000,  998, 2, 0.79, 0.83, -0.04,  0,  0,  0
2586429.72726320, -0.756231, 1000,  998, 2, 0.79, 0.83, -0.04,  0,  0,  0
2586429.72976320, -0.826604, 1000,  998, 2, 0.79, 0.83, -0.04,  0,  0,  0
2586429.73226320, 0.808422, 1000,  998, 2, 0.79, 0.83, -0.04,  0,  0,  0
2586429.73476320, 1.437830, 1000,  998, 2, 0.79, 0.83, -0.04,  0,  0,  0
2586429.73726320, 1.808147, 1000,  998, 2, 0.79, 0.83, -0.04,  0,  0,  0
2586429.73976320, 0.419971, 1000,  998, 2, 0.79, 0.83, -0.04,  0,  0,  0
2586429.74226320, -0.504653, 1000,  998, 2, 0.79, 0.83, -0.04,  0,  0,  0
2586429.74476320, -0.997805, 1000,  998, 2, 0.79, 0.83, -0.04,  0,  0,  0
2586429.74726320, -0.988040, 1000,  998, 2, 0.79, 0.83, -0.04,  0,  0,  0
2586429.74976320, -0.324437, 1000,  998, 2, 0.79, 0.83, -0.04,  0,  0,  0
2586429.75226320, 0.390587, 1000,  998, 2, 0.79, 0.83, -0.04,  0,  0,  0
2586429.75476320, 1.176164, 1000,  998, 2, 0.79, 0.83, -0.04,  0,  0,  0
2586429.75726320, 1.176164, 1000,  998, 2, 0.79, 0.83, -0.04,  0,  0,  0
2586429.75976320, 0.460183, 1000,  998, 2, 0.79, 0.83, -0.04,  0,  0,  0
2586429.76226320, -0.545048, 1000,  998, 2, 0.79, 0.83, -0.04,  0,  0,  0
2586429.76476320, -0.705419, 1000,  998, 2, 0.79, 0.83, -0.04,  0,  0,  0
2586429.76726320, -0.705419, 1000,  998, 2, 0.79, 0.83, -0.04,  0,  0,  0
2586429.76976320, -0.322003, 1000,  998, 2, 0.79, 0.83, -0.04,  0,  0,  0
2586429.77226320, 0.134770, 1000,  998, 2, 0.79, 0.83, -0.04,  0,  0,  0
2586429.77476320, 0.864947, 1000,  998, 2, 0.79, 0.83, -0.04,  0,  0,  0
2586429.77726320, 0.985120, 1000,  998, 2, 0.79, 0.83, -0.04,  0,  0,  0
2586429.77976320, 0.734954, 1000,  998, 2, 0.79, 0.83, -0.04,  0,  0,  0
2586429.78226320, 0.234892, 1000,  998, 2, 0.79, 0.83, -0.04,  0,  0,  0
2586429.78476320, -1.336176, 1000,  998, 2, 0.79, 0.83, -0.04,  0,  0,  0
2586429.78726320, -1.336176, 1000,  998, 2, 0.79, 0.83, -0.04,  0,  0,  0
2586429.78976320, -0.824704, 1000,  998, 2, 0.79, 0.83, -0.04,  0,  0,  0
2586429.79226320, -0.180921, 1000,  998, 2, 0.79, 0.83, -0.04,  0,  0,  0
2586429.79476320, 1.443434, 1000,  998, 2, 0.79, 0.83, -0.04,  0,  0,  0
2586429.79726320, 1.287438, 1000,  998, 2, 0.79, 0.83, -0.04,  0,  0,  0
2586429.79976320, 0.597686, 1000,  998, 2, 0.79, 0.83, -0.04,  0,  0,  0
2586429.80226320, -0.871451, 1000,  998, 2, 0.79, 0.83, -0.04,  0,  0,  0
2586429.80476320, -1.785190, 1000,  998, 2, 0.79, 0.83, -0.04,  0,  0,  0
2586429.80726320, -1.781099, 1000,  998, 2, 0.79, 0.83, -0.04,  0,  0,  0
2586429.80976320, -0.956705, 1000,  998, 2, 0.79, 0.83, -0.04,  0,  0,  0
2586429.81226320, 0.567858, 1000,  998, 2, 0.79, 0.83, -0.04,  0,  0,  0
2586429.81476320, 0.765652, 1000,  998, 2, 0.79, 0.83, -0.04,  0,  0,  0
2586429.81726320, 0.675774, 1000,  998, 2, 0.79, 0.83, -0.04,  0,  0,  0
2586429.81976320, 0.512958, 1000,  998, 2, 0.79, 0.83, -0.04,  0,  0,  0
2586429.82226320, -0.829514, 1000,  998, 2, 0.79, 0.83, -0.04,  0,  0,  0
2586429.82476320, -1.443085, 1000,  998, 2, 0.79, 0.83, -0.04,  0,  0,  0
2586429.82726320, -1.407646, 1000,  998, 2, 0.79, 0.83, -0.04,  0,  0,  0
2586429.82976320, -1.263960, 1000,  998, 2, 0.79, 0.83, -0.04,  0,  0,  0
2586429.83226320, -0.892794, 1000,  998, 2, 0.79, 0.83, -0.04,  0,  0,  0
2586429.83476320, -0.521628, 1000,  998, 2, 0.79, 0.83, -0.04,  0,  0,  0
2586429.83726320, 0.962206, 1000,  998, 2, 0.79, 0.83, -0.04,  0,  0,  0
2586429.83976320, 0.507510, 1000,  998, 2, 0.79, 0.83, -0.04,  0,  0,  0
2586429.84226320, 0.123981, 1000,  998, 2, 0.79, 0.83, -0.04,  0,  0,  0
2586429.84476320, -0.226955, 1000,  998, 2, 0.79, 0.83, -0.04,  0,  0,  0
2586429.84726320, -0.577891, 1000,  998, 2, 0.79, 0.83, -0.04,  0,  0,  0
2586429.84976320, -0.183513, 1000,  998, 2, 0.79, 0.83, -0.04,  0,  0,  0
2586429.85226320, 0.623537, 1000,  998, 2, 0.79, 0.83, -0.04,  0,  0,  0
2586429.85476320, 1.308074, 1000,  998, 2, 0.79, 0.83, -0.04,  0,  0,  0
2586429.85726320, 1.483376, 1000,  998, 2, 0.79, 0.83, -0.04,  0,  0,  0
2586429.85976320, 1.256996, 1000,  998, 2, 0.79, 0.83, -0.04,  0,  0,  0
2586429.86226320, 1.030616, 1000,  998, 2, 0.79, 0.83, -0.04,  0,  0,  0
2586429.86726320, -1.065449, 1000,  998, 2, 0.79, 0.83, -0.04,  0,  0,  0
2586429.86976320, 0.022116, 1000,  998, 2, 0.79, 0.83, -0.04,  0,  0,  0
2586429.87226320, 1.103880, 1000,  998, 2, 0.79, 0.83, -0.04,  0,  0,  0
2586429.87476320, 1.411362, 1000,  998, 2, 0.79, 0.83, -0.04,  0,  0,  0
2586429.87726320, 1.265042, 1000,  998, 2, 0.79, 0.83, -0.04,  0,  0,  0
2586429.87976320, 0.881164, 1000,  998, 2, 0.79, 0.83, -0.04,  0,  0,  0
2586429.88226320, -0.165755, 1000,  998, 2, 0.79, 0.83, -0.04,  0,  0,  0
2586429.88476320, -1.405524, 1000,  998, 2, 0.79, 0.83, -0.04,  0,  0,  0
2586429.88726320, -1.478895, 1000,  998, 2, 0.79, 0.83, -0.04,  0,  0,  0
2586429.88976320, -0.979779, 1000,  998, 2, 0.79, 0.83, -0.04,  0,  0,  0
2586429.89226320, -0.457662, 1000,  998, 2, 0.79, 0.83, -0.04,  0,  0,  0
2586429.89476320, 0.620051, 1000,  998, 2, 0.79, 0.83, -0.04,  0,  0,  0
2586429.89726320, 0.921833, 1000,  998, 2, 0.79, 0.83, -0.04,  0,  0,  0
2586429.89976320, 0.308901, 1000,  998, 2, 0.79, 0.83, -0.04,  0,  0,  0
2586429.90226320, -0.769526, 1000,  998, 2, 0.79, 0.83, -0.04,  0,  0,  0
2586429.90476320, -1.549993, 1000,  998, 2, 0.79, 0.83, -0.04,  0,  0,  0
2586429.90726320, -1.549993, 1000,  998, 2, 0.79, 0.83, -0.04,  0,  0,  0
2586429.90976320, -0.010516, 1000,  998, 2, 0.79, 0.83, -0.04,  0,  0,  0
2586429.91226320, -0.010516, 1000,  998, 2, 0.79, 0.83, -0.04,  0,  0,  0
2586429.91476320, 0.430218, 1000,  998, 2, 0.79, 0.83, -0.04,  0,  0,  0
2586429.91726320, 1.202423, 1000,  998, 2, 0.79, 0.83, -0.04,  0,  0,  0
2586429.91976320, 0.200127, 1000,  998, 2, 0.79, 0.83, -0.04,  0,  0,  0
2586429.92226320, -0.991028, 1000,  998, 2, 0.79, 0.83, -0.04,  0,  0,  0
2586429.92476320, -1.528611, 1000,  998, 2, 0.79, 0.83, -0.04,  0,  0,  0
2586429.92726320, -1.254437, 1000,  998, 2, 0.79, 0.83, -0.04,  0,  0,  0
2586429.92976320, -0.574191, 1000,  998, 2, 0.79, 0.83, -0.04,  0,  0,  0
2586429.93226320, 0.405388, 1000,  998, 2, 0.79, 0.83, -0.04,  0,  0,  0
2586429.93476320, 1.317825, 1000,  998, 2, 0.79, 0.83, -0.04,  0,  0,  0
2586429.93726320, 1.126245, 1000,  998, 2, 0.79, 0.83, -0.04,  0,  0,  0
2586429.93976320, -0.050798, 1000,  998, 2, 0.79, 0.83, -0.04,  0,  0,  0
2586429.94226320, -1.119195, 1000,  998, 2, 0.79, 0.83, -0.04,  0,  0,  0
2586429.94476320, -1.428145, 1000,  998, 2, 0.79, 0.83, -0.04,  0,  0,  0
2586429.94726320, -1.008521, 1000,  998, 2, 0.79, 0.83, -0.04,  0,  0,  0
2586429.94976320, -0.310684, 1000,  998, 2, 0.79, 0.83, -0.04,  0,  0,  0
2586429.95226320, 0.220091, 1000,  998, 2, 0.79, 0.83, -0.04,  0,  0,  0
2586429.95476320, 0.653426, 1000,  998, 2, 0.79, 0.83, -0.04,  0,  0,  0
2586429.95726320, 0.980084, 1000,  998, 2, 0.79, 0.83, -0.04,  0,  0,  0
2586429.95976320, 0.795759, 1000,  998, 2, 0.79, 0.83, -0.04,  0,  0,  0
2586429.96226320, -0.219915, 1000,  998, 2, 0.79, 0.83, -0.04,  0,  0,  0
2586429.96476320, -0.713330, 1000,  998, 2, 0.79, 0.83, -0.04,  0,  0,  0
2586429.96726320, -1.039496, 1000,  998, 2, 0.79, 0.83, -0.04,  0,  0,  0
2586429.96976320, -0.933564, 1000,  998, 2, 0.79, 0.83, -0.04,  0,  0,  0
2586429.97226320, -0.339358, 1000,  998, 2, 0.79, 0.83, -0.04,  0,  0,  0
2586429.97476320, 0.868187, 1000,  998, 2, 0.79, 0.83, -0.04,  0,  0,  0
2586429.97726320, 1.172351, 1000,  998, 2, 0.79, 0.83, -0.04,  0,  0,  0
2586429.97976320, 1.154331, 1000,  998, 2, 0.79, 0.83, -0.04,  0,  0,  0
2586429.98226320, 0.035219, 1000,  998, 2, 0.79, 0.83, -0.04,  0,  0,  0
2586429.98476320, -1.080587, 1000,  998, 2, 0.79, 0.83, -0.04,  0,  0,  0
2586429.98726320, -0.490496, 1000,  998, 2, 0.79, 0.83, -0.04,  0,  0,  0
2586429.98976320, 0.222729, 1000,  998, 2, 0.79, 0.83, -0.04,  0,  0,  0
2586429.99226320, 1.421305, 1000,  998, 2, 0.79, 0.83, -0.04,  0,  0,  0
2586429.99476320, 1.635869, 1000,  998, 2, 0.79, 0.83, -0.04,  0,  0,  0
2586429.99726320, 1.281121, 1000,  998, 2, 0.79, 0.83, -0.04,  0,  0,  0
2586429.99976320, 0.495169, 1000,  998, 2, 0.79, 0.83, -0.04,  0,  0,  0
2586430.00226320, -0.468942, 1000,  998, 2, 0.79, 0.83, -0.04,  0,  0,  0
2586430.00476320, -1.052559, 1000,  998, 2, 0.79, 0.83, -0.04,  0,  0,  0
2586430.00726320, -1.008659, 1000,  998, 2, 0.79, 0.83, -0.04,  0,  0,  0
2586430.00976320, -0.021750, 1000,  998, 2, 0.79, 0.83, -0.04,  0,  0,  0
2586430.01476320, 0.844125, 1000,  998, 2, 0.79, 0.83, -0.04,  0,  0,  0
2586430.01726320, 1.272381, 1000,  998, 2, 0.79, 0.83, -0.04,  0,  0,  0
2586430.01976320, 1.011899, 1000,  998, 2, 0.79, 0.83, -0.04,  0,  0,  0
2586430.02226320, 0.306339, 1000,  998, 2, 0.79, 0.83, -0.04,  0,  0,  0
2586430.02476320, -0.162325, 1000,  998, 2, 0.79, 0.83, -0.04,  0,  0,  0
2586430.02726320, -0.632445, 1000,  998, 2, 0.79, 0.83, -0.04,  0,  0,  0
2586430.02976320, -0.783875, 1000,  998, 2, 0.79, 0.83, -0.04,  0,  0,  0
2586430.03226320, 0.275186, 1000,  998, 2, 0.79, 0.83, -0.04,  0,  0,  0
2586430.03476320, 1.075087, 1000,  998, 2, 0.79, 0.83, -0.04,  0,  0,  0
2586430.03726320, 1.000744, 1000,  998, 2, 0.79, 0.83, -0.04,  0,  0,  0
2586430.03976320, 0.983729, 1000,  998, 2, 0.79, 0.83, -0.04,  0,  0,  0
2586430.04226320, 0.166268, 1000,  998, 2, 0.79, 0.83, -0.04,  0,  0,  0
2586430.04476320, -0.733941, 1000,  998, 2, 0.79, 0.83, -0.04,  0,  0,  0
2586430.04726320, -1.175558, 1000,  998, 2, 0.79, 0.83, -0.04,  0,  0,  0
2586430.04976320, -1.082369, 1000,  998, 2, 0.79, 0.83, -0.04,  0,  0,  0
2586430.05226320, 0.107172, 1000,  998, 2, 0.79, 0.83, -0.04,  0,  0,  0
2586430.05476320, 1.345160, 1000,  998, 2, 0.79, 0.83, -0.04,  0,  0,  0
2586430.05726320, 1.383694, 1000,  998, 2, 0.79, 0.83, -0.04,  0,  0,  0
2586430.05976320, 1.294064, 1000,  998, 2, 0.79, 0.83, -0.04,  0,  0,  0
2586430.06226320, -0.085974, 1000,  998, 2, 0.79, 0.83, -0.04,  0,  0,  0
2586430.06476320, -1.266375, 1000,  998, 2, 0.79, 0.83, -0.04,  0,  0,  0
2586430.06726320, -1.422057, 1000,  998, 2, 0.79, 0.83, -0.04,  0,  0,  0
2586430.06976320, -1.189945, 1000,  998, 2, 0.79, 0.83, -0.04,  0,  0,  0
2586430.07226320, -0.808952, 1000,  998, 2, 0.79, 0.83, -0.04,  0,  0,  0
2586430.07476320, -0.427959, 1000,  998, 2, 0.79, 0.83, -0.04,  0,  0,  0
2586430.07726320, 0.224272, 1000,  998, 2, 0.79, 0.83, -0.04,  0,  0,  0
2586430.07976320, 0.955612, 1000,  998, 2, 0.79, 0.83, -0.04,  0,  0,  0
2586430.08226320, -0.349336, 1000,  998, 2, 0.79, 0.83, -0.04,  0,  0,  0
2586430.08476320, -1.117942, 1000,  998, 2, 0.79, 0.83, -0.04,  0,  0,  0
2586430.08726320, -0.891963, 1000,  998, 2, 0.79, 0.83, -0.04,  0,  0,  0
2586430.08976320, -0.202951, 1000,  998, 2, 0.79, 0.83, -0.04,  0,  0,  0
2586430.09226320, 0.330017, 1000,  998, 2, 0.79, 0.83, -0.04,  0,  0,  0
2586430.09476320, 1.165968, 1000,  998, 2, 0.79, 0.83, -0.04,  0,  0,  0
2586430.09726320, 1.517198, 1000,  998, 2, 0.79, 0.83, -0.04,  0,  0,  0
2586430.09976320, 1.413073, 1000,  998, 2, 0.79, 0.83, -0.04,  0,  0,  0
2586430.10226320, 1.125219, 1000,  998, 2, 0.79, 0.83, -0.04,  0,  0,  0
2586430.10476320, 0.521175, 1000,  998, 2, 0.79, 0.83, -0.04,  0,  0,  0
2586430.10726320, -0.082869, 1000,  998, 2, 0.79, 0.83, -0.04,  0,  0,  0
2586430.10976320, -0.424718, 1000,  998, 2, 0.79, 0.83, -0.04,  0,  0,  0
2586430.11226320, -0.170907, 1000,  998, 2, 0.79, 0.83, -0.04,  0,  0,  0
2586430.11476320, 0.958813, 1000,  998, 2, 0.79, 0.83, -0.04,  0,  0,  0
2586430.11726320, 0.973009, 1000,  998, 2, 0.79, 0.83, -0.04,  0,  0,  0
2586430.11976320, 0.689262, 1000,  998, 2, 0.79, 0.83, -0.04,  0,  0,  0
2586430.12226320, -0.106601, 1000,  998, 2, 0.79, 0.83, -0.04,  0,  0,  0
2586430.12476320, -0.581187, 1000,  998, 2, 0.79, 0.83, -0.04,  0,  0,  0
2586430.12726320, -0.845211, 1000,  998, 2, 0.79, 0.83, -0.04,  0,  0,  0
2586430.12976320, -0.347952, 1000,  998, 2, 0.79, 0.83, -0.04,  0,  0,  0
2586430.13226320, 0.782417, 1000,  998, 2, 0.79, 0.83, -0.04,  0,  0,  0
2586430.13476320, 1.354466, 1000,  998, 2, 0.79, 0.83, -0.04,  0,  0,  0
2586430.13726320, 0.866130, 1000,  998, 2, 0.79, 0.83, -0.04,  0,  0,  0
2586430.13976320, 0.492019, 1000,  998, 2, 0.79, 0.83, -0.04,  0,  0,  0
2586430.14226320, -0.592883, 1000,  998, 2, 0.79, 0.83, -0.04,  0,  0,  0
2586430.14476320, -1.147035, 1000,  998, 2, 0.79, 0.83, -0.04,  0,  0,  0
2586430.14726320, -1.455815, 1000,  998, 2, 0.79, 0.83, -0.04,  0,  0,  0
2586430.14976320, -0.561597, 1000,  998, 2, 0.79, 0.83, -0.04,  0,  0,  0
2586430.15226320, 0.762807, 1000,  998, 2, 0.79, 0.83, -0.04,  0,  0,  0
2586430.15476320, 1.657328, 1000,  998, 2, 0.79, 0.83, -0.04,  0,  0,  0
2586430.15726320, 1.617063, 1000,  998, 2, 0.79, 0.83, -0.04,  0,  0,  0
2586430.15976320, 1.614487, 1000,  998, 2, 0.79, 0.83, -0.04,  0,  0,  0
2586430.16226320, 0.740298, 1000,  998, 2, 0.79, 0.83, -0.04,  0,  0,  0
2586430.16476320, -0.938168, 1000,  998, 2, 0.79, 0.83, -0.04,  0,  0,  0
2586430.16726320, -1.272032, 1000,  998, 2, 0.79, 0.83, -0.04,  0,  0,  0
2586430.16976320, -1.272032, 1000,  998, 2, 0.79, 0.83, -0.04,  0,  0,  0
2586430.17226320, -0.649346, 1000,  998, 2, 0.79, 0.83, -0.04,  0,  0,  0
2586430.17476320, 0.707321, 1000,  998, 2, 0.79, 0.83, -0.04,  0,  0,  0
2586430.17726320, 1.037183, 1000,  998, 2, 0.79, 0.83, -0.04,  0,  0,  0
2586430.17976320, 1.037183, 1000,  998, 2, 0.79, 0.83, -0.04,  0,  0,  0
2586430.18226320, 0.176516, 1000,  998, 2, 0.79, 0.83, -0.04,  0,  0,  0
2586430.18476320, -1.214948, 1000,  998, 2, 0.79, 0.83, -0.04,  0,  0,  0
2586430.18726320, -1.774472, 1000,  998, 2, 0.79, 0.83, -0.04,  0,  0,  0
2586430.18976320, -0.716887, 1000,  998, 2, 0.79, 0.83, -0.04,  0,  0,  0
2586430.19226320, 0.834067, 1000,  998, 2, 0.79, 0.83, -0.04,  0,  0,  0
2586430.19476320, 1.331880, 1000,  998, 2, 0.79, 0.83, -0.04,  0,  0,  0
2586430.19976320, -0.039649, 1000,  998, 2, 0.79, 0.83, -0.04,  0,  0,  0
2586430.20226320, -1.154433, 1000,  998, 2, 0.79, 0.83, -0.04,  0,  0,  0
2586430.20476320, -1.216589, 1000,  998, 2, 0.79, 0.83, -0.04,  0,  0,  0
2586430.20726320, -1.365118, 1000,  998, 2, 0.79, 0.83, -0.04,  0,  0,  0
2586430.20976320, -0.673575, 1000,  998, 2, 0.79, 0.83, -0.04,  0,  0,  0
2586430.21226320, 0.467371, 1000,  998, 2, 0.79, 0.83, -0.04,  0,  0,  0
2586430.21476320, 1.180776, 1000,  998, 2, 0.79, 0.83, -0.04,  0,  0,  0
2586430.21726320, 1.195951, 1000,  998, 2, 0.79, 0.83, -0.04,  0,  0,  0
2586430.21976320, 0.126677, 1000,  998, 2, 0.79, 0.83, -0.04,  0,  0,  0
2586430.22226320, -0.429424, 1000,  998, 2, 0.79, 0.83, -0.04,  0,  0,  0
2586430.22476320, -1.018073, 1000,  998, 2, 0.79, 0.83, -0.04,  0,  0,  0
2586430.22726320, -1.170485, 1000,  998, 2, 0.79, 0.83, -0.04,  0,  0,  0
2586430.22976320, -0.745861, 1000,  998, 2, 0.79, 0.83, -0.04,  0,  0,  0
2586430.23226320, -0.299197, 1000,  998, 2, 0.79, 0.83, -0.04,  0,  0,  0
2586430.23476320, 0.457028, 1000,  998, 2, 0.79, 0.83, -0.04,  0,  0,  0
2586430.23726320, 1.628558, 1000,  998, 2, 0.79, 0.83, -0.04,  0,  0,  0
2586430.23976320, 1.131554, 1000,  998, 2, 0.79, 0.83, -0.04,  0,  0,  0
2586430.24226320, 0.539703, 1000,  998, 2, 0.79, 0.83, -0.04,  0,  0,  0
2586430.24476320, -0.619408, 1000,  998, 2, 0.79, 0.83, -0.04,  0,  0,  0
2586430.24726320, -1.084130, 1000,  998, 2, 0.79, 0.83, -0.04,  0,  0,  0
2586430.24976320, -0.970306, 1000,  998, 2, 0.79, 0.83, -0.04,  0,  0,  0
2586430.25226320, 0.313917, 1000,  998, 2, 0.79, 0.83, -0.04,  0,  0,  0
2586430.25476320, 1.388064, 1000,  998, 2, 0.79, 0.83, -0.04,  0,  0,  0
2586430.25726320, 1.228213, 1000,  998, 2, 0.79, 0.83, -0.04,  0,  0,  0
2586430.25976320, 0.340597, 1000,  998, 2, 0.79, 0.83, -0.04,  0,  0,  0
2586430.26226320, -0.545057, 1000,  998, 2, 0.79, 0.83, -0.04,  0,  0,  0
2586430.26476320, -0.645775, 1000,  998, 2, 0.79, 0.83, -0.04,  0,  0,  0
2586430.26726320, -0.597993, 1000,  998, 2, 0.79, 0.83, -0.04,  0,  0,  0
2586430.26976320, 0.256754, 1000,  998, 2, 0.79, 0.83, -0.04,  0,  0,  0
2586430.27226320, 0.375497, 1000,  998, 2, 0.79, 0.83, -0.04,  0,  0,  0
2586430.27476320, 0.853990, 1000,  998, 2, 0.79, 0.83, -0.04,  0,  0,  0
2586430.27726320, 1.060672, 1000,  998, 2, 0.79, 0.83, -0.04,  0,  0,  0
2586430.27976320, 0.507913, 1000,  998, 2, 0.79, 0.83, -0.04,  0,  0,  0
2586430.28226320, -0.519593, 1000,  998, 2, 0.79, 0.83, -0.04,  0,  0,  0
2586430.28476320, -1.279449, 1000,  998, 2, 0.79, 0.83, -0.04,  0,  0,  0
2586430.28726320, -1.534248, 1000,  998, 2, 0.79, 0.83, -0.04,  0,  0,  0
2586430.28976320, -1.432819, 1000,  998, 2, 0.79, 0.83, -0.04,  0,  0,  0
2586430.29226320, -0.123232, 1000,  998, 2, 0.79, 0.83, -0.04,  0,  0,  0
2586430.29476320, 1.180494, 1000,  998, 2, 0.79, 0.83, -0.04,  0,  0,  0
2586430.29726320, 1.292101, 1000,  998, 2, 0.79, 0.83, -0.04,  0,  0,  0
2586430.29976320, 1.022667, 1000,  998, 2, 0.79, 0.83, -0.04,  0,  0,  0
2586430.30226320, 0.219434, 1000,  998, 2, 0.79, 0.83, -0.04,  0,  0,  0
2586430.30476320, -1.868958, 1000,  998, 2, 0.79, 0.83, -0.04,  0,  0,  0
2586430.30726320, -1.702700, 1000,  998, 2, 0.79, 0.83, -0.04,  0,  0,  0
2586430.30976320, -0.733860, 1000,  998, 2, 0.79, 0.83, -0.04,  0,  0,  0
2586430.31226320, 0.407319, 1000,  998, 2, 0.79, 0.83, -0.04,  0,  0,  0
2586430.31476320, 0.716052, 1000,  998, 2, 0.79, 0.83, -0.04,  0,  0,  0
2586430.31726320, 1.024784, 1000,  998, 2, 0.79, 0.83, -0.04,  0,  0,  0
2586430.31976320, -0.245714, 1000,  998, 2, 0.79, 0.83, -0.04,  0,  0,  0
2586430.32226320, -0.593680, 1000,  998, 2, 0.79, 0.83, -0.04,  0,  0,  0
2586430.32476320, -1.214383, 1000,  998, 2, 0.79, 0.83, -0.04,  0,  0,  0
2586430.32976320, -0.303221, 1000,  998, 2, 0.79, 0.83, -0.04,  0,  0,  0
2586430.33226320, 0.529357, 1000,  998, 2, 0.79, 0.83, -0.04,  0,  0,  0
2586430.33476320, 1.111581, 1000,  998, 2, 0.79, 0.83, -0.04,  0,  0,  0
2586430.33726320, 1.188625, 1000,  998, 2, 0.79, 0.83, -0.04,  0,  0,  0
2586430.33976320, 0.948797, 1000,  998, 2, 0.79, 0.83, -0.04,  0,  0,  0
2586430.34226320, -1.116043, 1000,  998, 2, 0.79, 0.83, -0.04,  0,  0,  0
2586430.34476320, -1.683742, 1000,  998, 2, 0.79, 0.83, -0.04,  0,  0,  0
2586430.34726320, -1.345772, 1000,  998, 2, 0.79, 0.83, -0.04,  0,  0,  0
2586430.34976320, -0.397678, 1000,  998, 2, 0.79, 0.83, -0.04,  0,  0,  0
2586430.35226320, 0.495923, 1000,  998, 2, 0.79, 0.83, -0.04,  0,  0,  0
2586430.35476320, 1.147926, 1000,  998, 2, 0.79, 0.83, -0.04,  0,  0,  0
2586430.35726320, 1.144262, 1000,  998, 2, 0.79, 0.83, -0.04,  0,  0,  0
2586430.35976320, 0.535446, 1000,  998, 2, 0.79, 0.83, -0.04,  0,  0,  0
2586430.36226320, -0.104082, 1000,  998, 2, 0.79, 0.83, -0.04,  0,  0,  0
2586430.36476320, -1.058215, 1000,  998, 2, 0.79, 0.83, -0.04,  0,  0,  0
2586430.36726320, -0.992055, 1000,  998, 2, 0.79, 0.83, -0.04,  0,  0,  0
2586430.36976320, -0.737984, 1000,  998, 2, 0.79, 0.83, -0.04,  0,  0,  0
2586430.37226320, 0.310485, 1000,  998, 2, 0.79, 0.83, -0.04,  0,  0,  0
2586430.37476320, 1.277497, 1000,  998, 2, 0.79, 0.83, -0.04,  0,  0,  0
2586430.37726320, 1.226891, 1000,  998, 2, 0.79, 0.83, -0.04,  0,  0,  0
2586430.37976320, 0.597755, 1000,  998, 2, 0.79, 0.83, -0.04,  0,  0,  0
2586430.38226320, -0.212637, 1000,  998, 2, 0.79, 0.83, -0.04,  0,  0,  0
2586430.38476320, -0.707350, 1000,  998, 2, 0.79, 0.83, -0.04,  0,  0,  0
2586430.38726320, -0.631064, 1000,  998, 2, 0.79, 0.83, -0.04,  0,  0,  0
2586430.38976320, -0.133146, 1000,  998, 2, 0.79, 0.83, -0.04,  0,  0,  0
2586430.39226320, 0.641674, 1000,  998, 2, 0.79, 0.83, -0.04,  0,  0,  0
2586430.39476320, 1.220812, 1000,  998, 2, 0.79, 0.83, -0.04,  0,  0,  0
2586430.39726320, 0.976132, 1000,  998, 2, 0.79, 0.83, -0.04,  0,  0,  0
2586430.39976320, 0.090538, 1000,  998, 2, 0.79, 0.83, -0.04,  0,  0,  0
2586430.40226320, -0.613005, 1000,  998, 2, 0.79, 0.83, -0.04,  0,  0,  0
2586430.40476320, -1.043764, 1000,  998, 2, 0.79, 0.83, -0.04,  0,  0,  0
2586430.40726320, -1.251641, 1000,  998, 2, 0.79, 0.83, -0.04,  0,  0,  0
2586430.40976320, -1.112687, 1000,  998, 2, 0.79, 0.83, -0.04,  0,  0,  0
2586430.41226320, -0.973732, 1000,  998, 2, 0.79, 0.83, -0.04,  0,  0,  0
2586430.41476320, 0.027649, 1000,  998, 2, 0.79, 0.83, -0.04,  0,  0,  0
2586430.41726320, 1.170353, 1000,  998, 2, 0.79, 0.83, -0.04,  0,  0,  0
2586430.41976320, 0.082515, 1000,  998, 2, 0.79, 0.83, -0.04,  0,  0,  0
2586430.42226320, -1.111161, 1000,  998, 2, 0.79, 0.83, -0.04,  0,  0,  0
2586430.42476320, -1.899684, 1000,  998, 2, 0.79, 0.83, -0.04,  0,  0,  0
2586430.42726320, -1.704174, 1000,  998, 2, 0.79, 0.83, -0.04,  0,  0,  0
2586430.42976320, -0.846367, 1000,  998, 2, 0.79, 0.83, -0.04,  0,  0,  0
2586430.43226320, -0.125780, 1000,  998, 2, 0.79, 0.83, -0.04,  0,  0,  0
2586430.43476320, 0.348113, 1000,  998, 2, 0.79, 0.83, -0.04,  0,  0,  0
2586430.43726320, 0.681715, 1000,  998, 2, 0.79, 0.83, -0.04,  0,  0,  0
2586430.43976320, 0.096902, 1000,  998, 2, 0.79, 0.83, -0.04,  0,  0,  0
2586430.44226320, -1.308329, 1000,  998, 2, 0.79, 0.83, -0.04,  0,  0,  0
2586430.44476320, -1.892099, 1000,  998, 2, 0.79, 0.83, -0.04,  0,  0,  0
2586430.44726320, -1.720135, 1000,  998, 2, 0.79, 0.83, -0.04,  0,  0,  0
2586430.44976320, -0.690503, 1000,  998, 2, 0.79, 0.83, -0.04,  0,  0,  0
2586430.45226320, 0.456960, 1000,  998, 2, 0.79, 0.83, -0.04,  0,  0,  0
2586430.45476320, 0.577478, 1000,  998, 2, 0.79, 0.83, -0.04,  0,  0,  0
2586430.45726320, 0.512431, 1000,  998, 2, 0.79, 0.83, -0.04,  0,  0,  0
2586430.45976320, -0.342554, 1000,  998, 2, 0.79, 0.83, -0.04,  0,  0,  0
2586430.46226320, -0.903597, 1000,  998, 2, 0.79, 0.83, -0.04,  0,  0,  0
2586430.46476320, -1.198117, 1000,  998, 2, 0.79, 0.83, -0.04,  0,  0,  0
2586430.46726320, -0.930980, 1000,  998, 2, 0.79, 0.83, -0.04,  0,  0,  0
2586430.46976320, -0.332375, 1000,  998, 2, 0.79, 0.83, -0.04,  0,  0,  0
2586430.47226320, 0.563959, 1000,  998, 2, 0.79, 0.83, -0.04,  0,  0,  0
2586430.47476320, 1.140062, 1000,  998, 2, 0.79, 0.83, -0.04,  0,  0,  0
2586430.47726320, 1.152054, 1000,  998, 2, 0.79, 0.83, -0.04,  0,  0,  0
2586430.47976320, 1.061625, 1000,  998, 2, 0.79, 0.83, -0.04,  0,  0,  0
2586430.48226320, 0.971196, 1000,  998, 2, 0.79, 0.83, -0.04,  0,  0,  0
2586430.48476320, 0.511191, 1000,  998, 2, 0.79, 0.83, -0.04,  0,  0,  0
2586430.48726320, -0.767435, 1000,  998, 2, 0.79, 0.83, -0.04,  0,  0,  0
2586430.48976320, -0.966014, 1000,  998, 2, 0.79, 0.83, -0.04,  0,  0,  0
2586430.49226320, 0.513879, 1000,  998, 2, 0.79, 0.83, -0.04,  0,  0,  0
2586430.49476320, 1.059218, 1000,  998, 2, 0.79, 0.83, -0.04,  0,  0,  0
2586430.49726320, 1.358239, 1000,  998, 2, 0.79, 0.83, -0.04,  0,  0,  0
2586430.49976320, 1.016419, 1000,  998, 2, 0.79, 0.83, -0.04,  0,  0,  0
2586430.50226320, 0.342833, 1000,  998, 2, 0.79, 0.83, -0.04,  0,  0,  0
2586430.50476320, -0.848628, 1000,  998, 2, 0.79, 0.83, -0.04,  0,  0,  0
2586430.50726320, -0.398503, 1000,  998, 2, 0.79, 0.83, -0.04,  0,  0,  0
2586430.50976320, 0.641623, 1000,  998, 2, 0.79, 0.83, -0.04,  0,  0,  0
2586430.51476320, 1.410503, 1000,  998, 2, 0.79, 0.83, -0.04,  0,  0,  0
2586430.51726320, 0.873650, 1000,  998, 2, 0.79, 0.83, -0.04,  0,  0,  0
2586430.51976320, -0.021207, 1000,  998, 2, 0.79, 0.83, -0.04,  0,  0,  0
2586430.52226320, -0.348682, 1000,  998, 2, 0.79, 0.83, -0.04,  0,  0,  0
2586430.52476320, -0.805725, 1000,  998, 2, 0.79, 0.83, -0.04,  0,  0,  0
2586430.52726320, -1.082270, 1000,  998, 2, 0.79, 0.83, -0.04,  0,  0,  0
2586430.52976320, -0.243561, 1000,  998, 2, 0.79, 0.83, -0.04,  0,  0,  0
2586430.53226320, 0.773516, 1000,  998, 2, 0.79, 0.83, -0.04,  0,  0,  0
2586430.53476320, 1.230935, 1000,  998, 2, 0.79, 0.83, -0.04,  0,  0,  0
2586430.53726320, 1.027299, 1000,  998, 2, 0.79, 0.83, -0.04,  0,  0,  0
2586430.53976320, 0.688957, 1000,  998, 2, 0.79, 0.83, -0.04,  0,  0,  0
2586430.54226320, 0.376229, 1000,  998, 2, 0.79, 0.83, -0.04,  0,  0,  0
2586430.54476320, 0.063501, 1000,  998, 2, 0.79, 0.83, -0.04,  0,  0,  0
2586430.54726320, -0.249227, 1000,  998, 2, 0.79, 0.83, -0.04,  0,  0,  0
2586430.54976320, 0.050715, 1000,  998, 2, 0.79, 0.83, -0.04,  0,  0,  0
2586430.55226320, 0.299611, 1000,  998, 2, 0.79, 0.83, -0.04,  0,  0,  0
2586430.55476320, 0.513516, 1000,  998, 2, 0.79, 0.83, -0.04,  0,  0,  0
2586430.55726320, 0.727422, 1000,  998, 2, 0.79, 0.83, -0.04,  0,  0,  0
2586430.55976320, 0.941328, 1000,  998, 2, 0.79, 0.83, -0.04,  0,  0,  0
2586430.56226320, 0.292363, 1000,  998, 2, 0.79, 0.83, -0.04,  0,  0,  0
2586430.56476320, -0.817480, 1000,  998, 2, 0.79, 0.83, -0.04,  0,  0,  0
2586430.56726320, -1.276294, 1000,  998, 2, 0.79, 0.83, -0.04,  0,  0,  0
2586430.56976320, -1.366673, 1000,  998, 2, 0.79, 0.83, -0.04,  0,  0,  0
2586430.57226320, -0.338248, 1000,  998, 2, 0.79, 0.83, -0.04,  0,  0,  0
2586430.57476320, 1.048712, 1000,  998, 2, 0.79, 0.83, -0.04,  0,  0,  0
2586430.57726320, 0.824561, 1000,  998, 2, 0.79, 0.83, -0.04,  0,  0,  0
2586430.57976320, -0.070923, 1000,  998, 2, 0.79, 0.83, -0.04,  0,  0,  0
2586430.58226320, -1.036834, 1000,  998, 2, 0.79, 0.83, -0.04,  0,  0,  0
2586430.58476320, -1.054295, 1000,  998, 2, 0.79, 0.83, -0.04,  0,  0,  0
2586430.58726320, -1.116726, 1000,  998, 2, 0.79, 0.83, -0.04,  0,  0,  0
2586430.58976320, -0.180922, 1000,  998, 2, 0.79, 0.83, -0.04,  0,  0,  0
2586430.59226320, 0.742488, 1000,  998, 2, 0.79, 0.83, -0.04,  0,  0,  0
2586430.59476320, 1.048624, 1000,  998, 2, 0.79, 0.83, -0.04,  0,  0,  0
2586430.59726320, 0.709347, 1000,  998, 2, 0.79, 0.83, -0.04,  0,  0,  0
2586430.59976320, 0.335994, 1000,  998, 2, 0.79, 0.83, -0.04,  0,  0,  0
2586430.60226320, 0.152969, 1000,  998, 2, 0.79, 0.83, -0.04,  0,  0,  0
2586430.60476320, -0.030056, 1000,  998, 2, 0.79, 0.83, -0.04,  0,  0,  0
2586430.60726320, -0.994071, 1000,  998, 2, 0.79, 0.83, -0.04,  0,  0,  0
2586430.60976320, -0.994071, 1000,  998, 2, 0.79, 0.83, -0.04,  0,  0,  0
2586430.61226320, -0.414071, 1000,  998, 2, 0.79, 0.83, -0.04,  0,  0,  0
2586430.61476320, 0.347363, 1000,  998, 2, 0.79, 0.83, -0.04,  0,  0,  0
2586430.61726320, 1.108797, 1000,  998, 2, 0.79, 0.83, -0.04,  0,  0,  0
2586430.61976320, 0.871672, 1000,  998, 2, 0.79, 0.83, -0.04,  0,  0,  0
2586430.62226320, 0.117382, 1000,  998, 2, 0.79, 0.83, -0.04,  0,  0,  0
2586430.62476320, -0.805018, 1000,  998, 2, 0.79, 0.83, -0.04,  0,  0,  0
2586430.62726320, -0.983874, 1000,  998, 2, 0.79, 0.83, -0.04,  0,  0,  0
2586430.62976320, -1.162731, 1000,  998, 2, 0.79, 0.83, -0.04,  0,  0,  0
2586430.63226320, 0.358234, 1000,  998, 2, 0.79, 0.83, -0.04,  0,  0,  0
2586430.63476320, 1.518331, 1000,  998, 2, 0.79, 0.83, -0.04,  0,  0,  0
2586430.63726320, 1.047874, 1000,  998, 2, 0.79, 0.83, -0.04,  0,  0,  0
2586430.63976320, 0.755362, 1000,  998, 2, 0.79, 0.83, -0.04,  0,  0,  0
2586430.64226320, 0.014050, 1000,  998, 2, 0.79, 0.83, -0.04,  0,  0,  0
2586430.64476320, -0.384538, 1000,  998, 2, 0.79, 0.83, -0.04,  0,  0,  0
2586430.64726320, -0.754298, 1000,  998, 2, 0.79, 0.83, -0.04,  0,  0,  0
2586430.64976320, -0.169942, 1000,  998, 2, 0.79, 0.83, -0.04,  0,  0,  0
2586430.65226320, 0.743493, 1000,  998, 2, 0.79, 0.83, -0.04,  0,  0,  0
2586430.65476320, 1.323374, 1000,  998, 2, 0.79, 0.83, -0.04,  0,  0,  0
2586430.65726320, 1.291204, 1000,  998, 2, 0.79, 0.83, -0.04,  0,  0,  0
2586430.65976320, 0.723937, 1000,  998, 2, 0.79, 0.83, -0.04,  0,  0,  0
2586430.66226320, 0.117650, 1000,  998, 2, 0.79, 0.83, -0.04,  0,  0,  0
2586430.66476320, -0.491562, 1000,  998, 2, 0.79, 0.83, -0.04,  0,  0,  0
2586430.66726320, -1.068412, 1000,  998, 2, 0.79, 0.83, -0.04,  0,  0,  0
2586430.66976320, -0.789628, 1000,  998, 2, 0.79, 0.83, -0.04,  0,  0,  0
2586430.67226320, -0.595402, 1000,  998, 2, 0.79, 0.83, -0.04,  0,  0,  0
2586430.67476320, -0.401177, 1000,  998, 2, 0.79, 0.83, -0.04,  0,  0,  0
2586430.67726320, -0.206951, 1000,  998, 2, 0.79, 0.83, -0.04,  0,  0,  0
2586430.67976320, -0.121316, 1000,  998, 2, 0.79, 0.83, -0.04,  0,  0,  0
2586430.68226320, -0.683490, 1000,  998, 2, 0.79, 0.83, -0.04,  0,  0,  0
2586430.68476320, -1.398189, 1000,  998, 2, 0.79, 0.83, -0.04,  0,  0,  0
2586430.68726320, -1.548796, 1000,  998, 2, 0.79, 0.83, -0.04,  0,  0,  0
2586430.68976320, -1.391036, 1000,  998, 2, 0.79, 0.83, -0.04,  0,  0,  0
2586430.69226320, -1.112900, 1000,  998, 2, 0.79, 0.83, -0.04,  0,  0,  0
2586430.69476320, 1.173539, 1000,  998, 2, 0.79, 0.83, -0.04,  0,  0,  0
2586430.69976320, 0.173629, 1000,  998, 2, 0.79, 0.83, -0.04,  0,  0,  0
2586430.70226320, -0.961998, 1000,  998, 2, 0.79, 0.83, -0.04,  0,  0,  0
2586430.70476320, -1.128569, 1000,  998, 2, 0.79, 0.83, -0.04,  0,  0,  0
2586430.70726320, -1.344641, 1000,  998, 2, 0.79, 0.83, -0.04,  0,  0,  0
2586430.70976320, -0.789681, 1000,  998, 2, 0.79, 0.83, -0.04,  0,  0,  0
2586430.71226320, 0.394144, 1000,  998, 2, 0.79, 0.83, -0.04,  0,  0,  0
2586430.71476320, 1.435097, 1000,  998, 2, 0.79, 0.83, -0.04,  0,  0,  0
2586430.71726320, 1.444762, 1000,  998, 2, 0.79, 0.83, -0.04,  0,  0,  0
2586430.71976320, 0.717654, 1000,  998, 2, 0.79, 0.83, -0.04,  0,  0,  0
2586430.72226320, -0.165605, 1000,  998, 2, 0.79, 0.83, -0.04,  0,  0,  0
2586430.72476320, -0.670880, 1000,  998, 2, 0.79, 0.83, -0.04,  0,  0,  0
2586430.72726320, -1.176154, 1000,  998, 2, 0.79, 0.83, -0.04,  0,  0,  0
2586430.72976320, -0.345106, 1000,  998, 2, 0.79, 0.83, -0.04,  0,  0,  0
2586430.73226320, 0.608424, 1000,  998, 2, 0.79, 0.83, -0.04,  0,  0,  0
2586430.73476320, 0.882143, 1000,  998, 2, 0.79, 0.83, -0.04,  0,  0,  0
2586430.73726320, 1.114586, 1000,  998, 2, 0.79, 0.83, -0.04,  0,  0,  0
2586430.73976320, 0.813924, 1000,  998, 2, 0.79, 0.83, -0.04,  0,  0,  0
2586430.74226320, -0.487067, 1000,  998, 2, 0.79, 0.83, -0.04,  0,  0,  0
2586430.74476320, -0.906457, 1000,  998, 2, 0.79, 0.83, -0.04,  0,  0,  0
2586430.74726320, -1.181983, 1000,  998, 2, 0.79, 0.83, -0.04,  0,  0,  0
2586430.74976320, -1.132391, 1000,  998, 2, 0.79, 0.83, -0.04,  0,  0,  0
2586430.75226320, -0.418802, 1000,  998, 2, 0.79, 0.83, -0.04,  0,  0,  0
2586430.75476320, 0.926525, 1000,  998, 2, 0.79, 0.83, -0.04,  0,  0,  0
2586430.75726320, 0.956546, 1000,  998, 2, 0.79, 0.83, -0.04,  0,  0,  0
2586430.75976320, 0.073509, 1000,  998, 2, 0.79, 0.83, -0.04,  0,  0,  0
2586430.76226320, -1.047502, 1000,  998, 2, 0.79, 0.83, -0.04,  0,  0,  0
2586430.76476320, -1.808141, 1000,  998, 2, 0.79, 0.83, -0.04,  0,  0,  0
2586430.76726320, -1.411012, 1000,  998, 2, 0.79, 0.83, -0.04,  0,  0,  0
2586430.76976320, -0.938403, 1000,  998, 2, 0.79, 0.83, -0.04,  0,  0,  0
2586430.77226320, 0.453295, 1000,  998, 2, 0.79, 0.83, -0.04,  0,  0,  0
2586430.77476320, 1.570418, 1000,  998, 2, 0.79, 0.83, -0.04,  0,  0,  0
2586430.77726320, 0.990033, 1000,  998, 2, 0.79, 0.83, -0.04,  0,  0,  0
2586430.77976320, 0.511063, 1000,  998, 2, 0.79, 0.83, -0.04,  0,  0,  0
2586430.78226320, 0.032093, 1000,  998, 2, 0.79, 0.83, -0.04,  0,  0,  0
2586430.78476320, -0.507975, 1000,  998, 2, 0.79, 0.83, -0.04,  0,  0,  0
2586430.78726320, -1.057463, 1000,  998, 2, 0.79, 0.83, -0.04,  0,  0,  0
2586430.78976320, -0.526863, 1000,  998, 2, 0.79, 0.83, -0.04,  0,  0,  0
2586430.79226320, 0.136818, 1000,  998, 2, 0.79, 0.83, -0.04,  0,  0,  0
2586430.79476320, 0.493683, 1000,  998, 2, 0.79, 0.83, -0.04,  0,  0,  0
2586430.79726320, 0.850549, 1000,  998, 2, 0.79, 0.83, -0.04,  0,  0,  0
2586430.79976320, 0.658827, 1000,  998, 2, 0.79, 0.83, -0.04,  0,  0,  0
2586430.80226320, -0.444689, 1000,  998, 2, 0.79, 0.83, -0.04,  0,  0,  0
2586430.80476320, -0.765065, 1000,  998, 2, 0.79, 0.83, -0.04,  0,  0,  0
2586430.80726320, -0.818569, 1000,  998, 2, 0.79, 0.83, -0.04,  0,  0,  0
2586430.80976320, -0.872073, 1000,  998, 2, 0.79, 0.83, -0.04,  0,  0,  0
2586430.81226320, 0.513885, 1000,  998, 2, 0.79, 0.83, -0.04,  0,  0,  0
2586430.81476320, 1.499730, 1000,  998, 2, 0.79, 0.83, -0.04,  0,  0,  0
2586430.81726320, 1.838994, 1000,  998, 2, 0.79, 0.83, -0.04,  0,  0,  0
2586430.81976320, 1.142698, 1000,  998, 2, 0.79, 0.83, -0.04,  0,  0,  0
2586430.82226320, -0.344900, 1000,  998, 2, 0.79, 0.83, -0.04,  0,  0,  0
2586430.82476320, -1.172245, 1000,  998, 2, 0.79, 0.83, -0.04,  0,  0,  0
2586430.82976320, -0.247073, 1000,  998, 2, 0.79, 0.83, -0.04,  0,  0,  0
2586430.83226320, 0.998839, 1000,  998, 2, 0.79, 0.83, -0.04,  0,  0,  0
2586430.83476320, 1.656729, 1000,  998, 2, 0.79, 0.83, -0.04,  0,  0,  0
2586430.83726320, 1.169827, 1000,  998, 2, 0.79, 0.83, -0.04,  0,  0,  0
2586430.83976320, 0.047981, 1000,  998, 2, 0.79, 0.83, -0.04,  0,  0,  0
2586430.84226320, -0.607648, 1000,  998, 2, 0.79, 0.83, -0.04,  0,  0,  0
2586430.84476320, -1.036643, 1000,  998, 2, 0.79, 0.83, -0.04,  0,  0,  0
2586430.84726320, -1.265235, 1000,  998, 2, 0.79, 0.83, -0.04,  0,  0,  0
2586430.84976320, -1.015413, 1000,  998, 2, 0.79, 0.83, -0.04,  0,  0,  0
2586430.85226320, -0.391641, 1000,  998, 2, 0.79, 0.83, -0.04,  0,  0,  0
2586430.85476320, 1.196866, 1000,  998, 2, 0.79, 0.83, -0.04,  0,  0,  0
2586430.85726320, 1.243048, 1000,  998, 2, 0.79, 0.83, -0.04,  0,  0,  0
2586430.85976320, 1.289229, 1000,  998, 2, 0.79, 0.83, -0.04,  0,  0,  0
2586430.86226320, -0.293266, 1000,  998, 2, 0.79, 0.83, -0.04,  0,  0,  0
2586430.86476320, -1.109243, 1000,  998, 2, 0.79, 0.83, -0.04,  0,  0,  0
2586430.86726320, -1.034055, 1000,  998, 2, 0.79, 0.83, -0.04,  0,  0,  0
2586430.86976320, -0.511996, 1000,  998, 2, 0.79, 0.83, -0.04,  0,  0,  0
2586430.87226320, 0.151949, 1000,  998, 2, 0.79, 0.83, -0.04,  0,  0,  0
2586430.87476320, 0.622603, 1000,  998, 2, 0.79, 0.83, -0.04,  0,  0,  0
2586430.87726320, 0.817224, 1000,  998, 2, 0.79, 0.83, -0.04,  0,  0,  0
2586430.87976320, -0.109989, 1000,  998, 2, 0.79, 0.83, -0.04,  0,  0,  0
2586430.88226320, -0.908544, 1000,  998, 2, 0.79, 0.83, -0.04,  0,  0,  0
2586430.88476320, -1.271629, 1000,  998, 2, 0.79, 0.83, -0.04,  0,  0,  0
2586430.88726320, -1.217512, 1000,  998, 2, 0.79, 0.83, -0.04,  0,  0,  0
2586430.88976320, -0.497849, 1000,  998, 2, 0.79, 0.83, -0.04,  0,  0,  0
2586430.89226320, 0.327982, 1000,  998, 2, 0.79, 0.83, -0.04,  0,  0,  0
2586430.89476320, 1.073998, 1000,  998, 2, 0.79, 0.83, -0.04,  0,  0,  0
2586430.89726320, 1.004670, 1000,  998, 2, 0.79, 0.83, -0.04,  0,  0,  0
2586430.89976320, 0.206714, 1000,  998, 2, 0.79, 0.83, -0.04,  0,  0,  0
2586430.90226320, -0.588041, 1000,  998, 2, 0.79, 0.83, -0.04,  0,  0,  0
2586430.90476320, -0.972788, 1000,  998, 2, 0.79, 0.83, -0.04,  0,  0,  0
2586430.90726320, -1.357536, 1000,  998, 2, 0.79, 0.83, -0.04,  0,  0,  0
2586430.90976320, -1.427518, 1000,  998, 2, 0.79, 0.83, -0.04,  0,  0,  0
2586430.91226320, 0.459428, 1000,  998, 2, 0.79, 0.83, -0.04,  0,  0,  0
2586430.91476320, 1.130980, 1000,  998, 2, 0.79, 0.83, -0.04,  0,  0,  0
2586430.91726320, 1.244454, 1000,  998, 2, 0.79, 0.83, -0.04,  0,  0,  0
2586430.91976320, 1.146073, 1000,  998, 2, 0.79, 0.83, -0.04,  0,  0,  0
2586430.92226320, 1.047692, 1000,  998, 2, 0.79, 0.83, -0.04,  0,  0,  0
2586430.92476320, -1.336176, 1000,  998, 2, 0.79, 0.83, -0.04,  0,  0,  0
2586430.92726320, -1.233688, 1000,  998, 2, 0.79, 0.83, -0.04,  0,  0,  0
2586430.92976320, -0.718361, 1000,  998, 2, 0.79, 0.83, -0.04,  0,  0,  0
2586430.93226320, 0.073161, 1000,  998, 2, 0.79, 0.83, -0.04,  0,  0,  0
2586430.93476320, 0.929926, 1000,  998, 2, 0.79, 0.83, -0.04,  0,  0,  0
2586430.93726320, 1.272381, 1000,  998, 2, 0.79, 0.83, -0.04,  0,  0,  0
2586430.93976320, 0.774376, 1000,  998, 2, 0.79, 0.83, -0.04,  0,  0,  0
2586430.94226320, -0.661663, 1000,  998, 2, 0.79, 0.83, -0.04,  0,  0,  0
2586430.94476320, -1.004761, 1000,  998, 2, 0.79, 0.83, -0.04,  0,  0,  0
2586430.94726320, -0.794356, 1000,  998, 2, 0.79, 0.83, -0.04,  0,  0,  0
2586430.94976320, 0.219833, 1000,  998, 2, 0.79, 0.83, -0.04,  0,  0,  0
2586430.95226320, 0.963313, 1000,  998, 2, 0.79, 0.83, -0.04,  0,  0,  0
2586430.95476320, 1.443434, 1000,  998, 2, 0.79, 0.83, -0.04,  0,  0,  0
2586430.95726320, 1.408877, 1000,  998, 2, 0.79, 0.83, -0.04,  0,  0,  0
2586430.95976320, 1.293303, 1000,  998, 2, 0.79, 0.83, -0.04,  0,  0,  0
2586430.96226320, 0.974318, 1000,  998, 2, 0.79, 0.83, -0.04,  0,  0,  0
2586430.96476320, -1.539302, 1000,  998, 2, 0.79, 0.83, -0.04,  0,  0,  0
2586430.96726320, -1.460171, 1000,  998, 2, 0.79, 0.83, -0.04,  0,  0,  0
2586430.96976320, -1.180792, 1000,  998, 2, 0.79, 0.83, -0.04,  0,  0,  0
2586430.97226320, 0.261079, 1000,  998, 2, 0.79, 0.83, -0.04,  0,  0,  0
2586430.97476320, 0.903601, 1000,  998, 2, 0.79, 0.83, -0.04,  0,  0,  0
2586430.97726320, 1.031534, 1000,  998, 2, 0.79, 0.83, -0.04,  0,  0,  0
2586430.97976320, -0.085352, 1000,  998, 2, 0.79, 0.83, -0.04,  0,  0,  0
2586430.98226320, -0.208951, 1000,  998, 2, 0.79, 0.83, -0.04,  0,  0,  0
2586430.98476320, -0.895005, 1000,  998, 2, 0.79, 0.83, -0.04,  0,  0,  0
2586430.98726320, -1.477147, 1000,  998, 2, 0.79, 0.83, -0.04,  0,  0,  0
2586430.98976320, -0.938323, 1000,  998, 2, 0.79, 0.83, -0.04,  0,  0,  0
2586430.99226320, 0.232128, 1000,  998, 2, 0.79, 0.83, -0.04,  0,  0,  0
2586430.99476320, 1.167105, 1000,  998, 2, 0.79, 0.83, -0.04,  0,  0,  0
2586430.99726320, 1.344887, 1000,  998, 2, 0.79, 0.83, -0.04,  0,  0,  0
2586430.99976320, 0.889847, 1000,  998, 2, 0.79, 0.83, -0.04,  0,  0,  0
2586431.00226320, -0.250134, 1000,  998, 2, 0.79, 0.83, -0.04,  0,  0,  0
2586431.00476320, -1.176900, 1000,  998, 2, 0.79, 0.83, -0.04,  0,  0,  0
2586431.00726320, -1.158376, 1000,  998, 2, 0.79, 0.83, -0.04,  0,  0,  0
2586431.00976320, 0.139155, 1000,  998, 2, 0.79, 0.83, -0.04,  0,  0,  0
2586431.01476320, 1.092189, 1000,  998, 2, 0.79, 0.83, -0.04,  0,  0,  0
2586431.01726320, 0.867149, 1000,  998, 2, 0.79, 0.83, -0.04,  0,  0,  0
2586431.01976320, 0.353108, 1000,  998, 2, 0.79, 0.83, -0.04,  0,  0,  0
2586431.02226320, -0.319624, 1000,  998, 2, 0.79, 0.83, -0.04,  0,  0,  0
2586431.02476320, -0.872428, 1000,  998, 2, 0.79, 0.83, -0.04,  0,  0,  0
2586431.02726320, -0.863047, 1000,  998, 2, 0.79, 0.83, -0.04,  0,  0,  0
2586431.02976320, -0.351686, 1000,  998, 2, 0.79, 0.83, -0.04,  0,  0,  0
2586431.03226320, 0.445383, 1000,  998, 2, 0.79, 0.83, -0.04,  0,  0,  0
2586431.03476320, 1.136001, 1000,  998, 2, 0.79, 0.83, -0.04,  0,  0,  0
2586431.03726320, 1.637384, 1000,  998, 2, 0.79, 0.83, -0.04,  0,  0,  0
2586431.03976320, 1.067557, 1000,  998, 2, 0.79, 0.83, -0.04,  0,  0,  0
2586431.04226320, 0.631841, 1000,  998, 2, 0.79, 0.83, -0.04,  0,  0,  0
2586431.04476320, 0.196126, 1000,  998, 2, 0.79, 0.83, -0.04,  0,  0,  0
2586431.04726320, -0.229494, 1000,  998, 2, 0.79, 0.83, -0.04,  0,  0,  0
2586431.04976320, 0.213991, 1000,  998, 2, 0.79, 0.83, -0.04,  0,  0,  0
2586431.05226320, 0.272563, 1000,  998, 2, 0.79, 0.83, -0.04,  0,  0,  0
2586431.05476320, 0.899680, 1000,  998, 2, 0.79, 0.83, -0.04,  0,  0,  0
2586431.05726320, 1.526797, 1000,  998, 2, 0.79, 0.83, -0.04,  0,  0,  0
2586431.05976320, 0.427807, 1000,  998, 2, 0.79, 0.83, -0.04,  0,  0,  0
2586431.06226320, 0.037516, 1000,  998, 2, 0.79, 0.83, -0.04,  0,  0,  0
2586431.06476320, -1.027542, 1000,  998, 2, 0.79, 0.83, -0.04,  0,  0,  0
2586431.06726320, -0.388354, 1000,  998, 2, 0.79, 0.83, -0.04,  0,  0,  0
2586431.06976320, 0.566788, 1000,  998, 2, 0.79, 0.83, -0.04,  0,  0,  0
2586431.07226320, 0.808226, 1000,  998, 2, 0.79, 0.83, -0.04,  0,  0,  0
2586431.07476320, 1.277937, 1000,  998, 2, 0.79, 0.83, -0.04,  0,  0,  0
2586431.07726320, 1.010153, 1000,  998, 2, 0.79, 0.83, -0.04,  0,  0,  0
2586431.07976320, 0.021556, 1000,  998, 2, 0.79, 0.83, -0.04,  0,  0,  0
2586431.08226320, -0.594720, 1000,  998, 2, 0.79, 0.83, -0.04,  0,  0,  0
2586431.08476320, -1.399734, 1000,  998, 2, 0.79, 0.83, -0.04,  0,  0,  0
2586431.08726320, -1.429495, 1000,  998, 2, 0.79, 0.83, -0.04,  0,  0,  0
2586431.08976320, -0.789011, 1000,  998, 2, 0.79, 0.83, -0.04,  0,  0,  0
2586431.09226320, 0.383567, 1000,  998, 2, 0.79, 0.83, -0.04,  0,  0,  0
2586431.09476320, 1.054978, 1000,  998, 2, 0.79, 0.83, -0.04,  0,  0,  0
2586431.09726320, 0.839849, 1000,  998, 2, 0.79, 0.83, -0.04,  0,  0,  0
2586431.09976320, 0.588352, 1000,  998, 2, 0.79, 0.83, -0.04,  0,  0,  0
2586431.10226320, 0.207082, 1000,  998, 2, 0.79, 0.83, -0.04,  0,  0,  0
2586431.10476320, -2.069611, 1000,  998, 2, 0.79, 0.83, -0.04,  0,  0,  0
2586431.10726320, -1.172282, 1000,  998, 2, 0.79, 0.83, -0.04,  0,  0,  0
2586431.10976320, -0.509648, 1000,  998, 2, 0.79, 0.83, -0.04,  0,  0,  0
2586431.11226320, 0.105992, 1000,  998, 2, 0.79, 0.83, -0.04,  0,  0,  0
2586431.11476320, 1.164589, 1000,  998, 2, 0.79, 0.83, -0.04,  0,  0,  0
2586431.11726320, 1.155735, 1000,  998, 2, 0.79, 0.83, -0.04,  0,  0,  0
2586431.11976320, 1.146880, 1000,  998, 2, 0.79, 0.83, -0.04,  0,  0,  0
2586431.12226320, 1.138026, 1000,  998, 2, 0.79, 0.83, -0.04,  0,  0,  0
2586431.12476320, 1.129172, 1000,  998, 2, 0.79, 0.83, -0.04,  0,  0,  0
2586431.12726320, 0.777559, 1000,  998, 2, 0.79, 0.83, -0.04,  0,  0,  0
2586431.12976320, -0.500023, 1000,  998, 2, 0.79, 0.83, -0.04,  0,  0,  0
2586431.13476320, 0.688311, 1000,  998, 2, 0.79, 0.83, -0.04,  0,  0,  0
2586431.13726320, 0.696576, 1000,  998, 2, 0.79, 0.83, -0.04,  0,  0,  0
2586431.13976320, 0.331645, 1000,  998, 2, 0.79, 0.83, -0.04,  0,  0,  0
2586431.14226320, -0.033286, 1000,  998, 2, 0.79, 0.83, -0.04,  0,  0,  0
2586431.14476320, -0.563506, 1000,  998, 2, 0.79, 0.83, -0.04,  0,  0,  0
2586431.14726320, -1.143255, 1000,  998, 2, 0.79, 0.83, -0.04,  0,  0,  0
2586431.14976320, -0.226243, 1000,  998, 2, 0.79, 0.83, -0.04,  0,  0,  0
2586431.15226320, 1.119324, 1000,  998, 2, 0.79, 0.83, -0.04,  0,  0,  0
2586431.15476320, 1.550342, 1000,  998, 2, 0.79, 0.83, -0.04,  0,  0,  0
2586431.15726320, 1.140698, 1000,  998, 2, 0.79, 0.83, -0.04,  0,  0,  0
2586431.15976320, -0.012189, 1000,  998, 2, 0.79, 0.83, -0.04,  0,  0,  0
2586431.16226320, -0.596443, 1000,  998, 2, 0.79, 0.83, -0.04,  0,  0,  0
2586431.16476320, -0.931670, 1000,  998, 2, 0.79, 0.83, -0.04,  0,  0,  0
2586431.16726320, -0.786892, 1000,  998, 2, 0.79, 0.83, -0.04,  0,  0,  0
2586431.16976320, 0.021231, 1000,  998, 2, 0.79, 0.83, -0.04,  0,  0,  0
2586431.17226320, 0.908045, 1000,  998, 2, 0.79, 0.83, -0.04,  0,  0,  0
2586431.17476320, 1.511942, 1000,  998, 2, 0.79, 0.83, -0.04,  0,  0,  0
2586431.17726320, 1.752120, 1000,  998, 2, 0.79, 0.83, -0.04,  0,  0,  0
2586431.17976320, 1.348216, 1000,  998, 2, 0.79, 0.83, -0.04,  0,  0,  0
2586431.18226320, 0.702839, 1000,  998, 2, 0.79, 0.83, -0.04,  0,  0,  0
2586431.18476320, -0.176265, 1000,  998, 2, 0.79, 0.83, -0.04,  0,  0,  0
2586431.18726320, -1.062933, 1000,  998, 2, 0.79, 0.83, -0.04,  0,  0,  0
2586431.18976320, -0.576309, 1000,  998, 2, 0.79, 0.83, -0.04,  0,  0,  0
2586431.19226320, 0.079761, 1000,  998, 2, 0.79, 0.83, -0.04,  0,  0,  0
2586431.19476320, 0.735831, 1000,  998, 2, 0.79, 0.83, -0.04,  0,  0,  0
2586431.19726320, 0.867964, 1000,  998, 2, 0.79, 0.83, -0.04,  0,  0,  0
2586431.19976320, 0.248161, 1000,  998, 2, 0.79, 0.83, -0.04,  0,  0,  0
2586431.20226320, -0.448121, 1000,  998, 2, 0.79, 0.83, -0.04,  0,  0,  0
2586431.20476320, -0.856041, 1000,  998, 2, 0.79, 0.83, -0.04,  0,  0,  0
2586431.20726320, -0.807531, 1000,  998, 2, 0.79, 0.83, -0.04,  0,  0,  0
2586431.20976320, 0.116166, 1000,  998, 2, 0.79, 0.83, -0.04,  0,  0,  0
2586431.21226320, 0.839098, 1000,  998, 2, 0.79, 0.83, -0.04,  0,  0,  0
2586431.21476320, 0.900292, 1000,  998, 2, 0.79, 0.83, -0.04,  0,  0,  0
2586431.21726320, 0.961486, 1000,  998, 2, 0.79, 0.83, -0.04,  0,  0,  0
2586431.21976320, 1.022681, 1000,  998, 2, 0.79, 0.83, -0.04,  0,  0,  0
2586431.22226320, 1.019663, 1000,  998, 2, 0.79, 0.83, -0.04,  0,  0,  0
2586431.22476320, 0.080662, 1000,  998, 2, 0.79, 0.83, -0.04,  0,  0,  0
2586431.22726320, -0.858339, 1000,  998, 2, 0.79, 0.83, -0.04,  0,  0,  0
2586431.22976320, -0.618259, 1000,  998, 2, 0.79, 0.83, -0.04,  0,  0,  0
2586431.23226320, 1.101328, 1000,  998, 2, 0.79, 0.83, -0.04,  0,  0,  0
2586431.23476320, 1.177699, 1000,  998, 2, 0.79, 0.83, -0.04,  0,  0,  0
2586431.23726320, 1.290589, 1000,  998, 2, 0.79, 0.83, -0.04,  0,  0,  0
2586431.23976320, 1.239808, 1000,  998, 2, 0.79, 0.83, -0.04,  0,  0,  0
2586431.24226320, 1.189028, 1000,  998, 2, 0.79, 0.83, -0.04,  0,  0,  0
2586431.24476320, -0.031579, 1000,  998, 2, 0.79, 0.83, -0.04,  0,  0,  0
2586431.24726320, -1.304495, 1000,  998, 2, 0.79, 0.83, -0.04,  0,  0,  0
2586431.24976320, -0.160301, 1000,  998, 2, 0.79, 0.83, -0.04,  0,  0,  0
2586431.25226320, 0.726952, 1000,  998, 2, 0.79, 0.83, -0.04,  0,  0,  0
2586431.25476320, 1.175683, 1000,  998, 2, 0.79, 0.83, -0.04,  0,  0,  0
2586431.25726320, 1.236244, 1000,  998, 2, 0.79, 0.83, -0.04,  0,  0,  0
2586431.25976320, 0.517094, 1000,  998, 2, 0.79, 0.83, -0.04,  0,  0,  0
2586431.26226320, -0.202057, 1000,  998, 2, 0.79, 0.83, -0.04,  0,  0,  0
2586431.26476320, -1.358010, 1000,  998, 2, 0.79, 0.83, -0.04,  0,  0,  0
2586431.26726320, -1.250650, 1000,  998, 2, 0.79, 0.83, -0.04,  0,  0,  0
2586431.26976320, -1.020238, 1000,  998, 2, 0.79, 0.83, -0.04,  0,  0,  0
2586431.27226320, -0.272437, 1000,  998, 2, 0.79, 0.83, -0.04,  0,  0,  0
2586431.27476320, 0.269337, 1000,  998, 2, 0.79, 0.83, -0.04,  0,  0,  0
2586431.27726320, 0.669448, 1000,  998, 2, 0.79, 0.83, -0.04,  0,  0,  0
2586431.27976320, 1.069558, 1000,  998, 2, 0.79, 0.83, -0.04,  0,  0,  0
2586431.28226320, -0.435348, 1000,  998, 2, 0.79, 0.83, -0.04,  0,  0,  0
2586431.28476320, -1.254674, 1000,  998, 2, 0.79, 0.83, -0.04,  0,  0,  0
2586431.28726320, -1.255732, 1000,  998, 2, 0.79, 0.83, -0.04,  0,  0,  0
2586431.28976320, -0.659438, 1000,  998, 2, 0.79, 0.83, -0.04,  0,  0,  0
2586431.29226320, 0.345922, 1000,  998, 2, 0.79, 0.83, -0.04,  0,  0,  0
2586431.29476320, 1.332086, 1000,  998, 2, 0.79, 0.83, -0.04,  0,  0,  0
2586431.29726320, 1.109636, 1000,  998, 2, 0.79, 0.83, -0.04,  0,  0,  0
2586431.29976320, 0.205684, 1000,  998, 2, 0.79, 0.83, -0.04,  0,  0,  0
2586431.30226320, -0.874521, 1000,  998, 2, 0.79, 0.83, -0.04,  0,  0,  0
2586431.30476320, -1.099860, 1000,  998, 2, 0.79, 0.83, -0.04,  0,  0,  0
2586431.30726320, -0.998279, 1000,  998, 2, 0.79, 0.83, -0.04,  0,  0,  0
2586431.30976320, -0.456180, 1000,  998, 2, 0.79, 0.83, -0.04,  0,  0,  0
2586431.31226320, 0.234267, 1000,  998, 2, 0.79, 0.83, -0.04,  0,  0,  0
2586431.31476320, 1.176509, 1000,  998, 2, 0.79, 0.83, -0.04,  0,  0,  0
2586431.31726320, 1.335104, 1000,  998, 2, 0.79, 0.83, -0.04,  0,  0,  0
2586431.31976320, 0.272922, 1000,  998, 2, 0.79, 0.83, -0.04,  0,  0,  0
2586431.32226320, -0.838662, 1000,  998, 2, 0.79, 0.83, -0.04,  0,  0,  0
2586431.32476320, -0.878500, 1000,  998, 2, 0.79, 0.83, -0.04,  0,  0,  0
2586431.32726320, -0.905200, 1000,  998, 2, 0.79, 0.83, -0.04,  0,  0,  0
2586431.32976320, -0.931900, 1000,  998, 2, 0.79, 0.83, -0.04,  0,  0,  0
2586431.33226320, -0.958601, 1000,  998, 2, 0.79, 0.83, -0.04,  0,  0,  0
2586431.33476320, 0.057258, 1000,  998, 2, 0.79, 0.83, -0.04,  0,  0,  0
2586431.33726320, 0.796662, 1000,  998, 2, 0.79, 0.83, -0.04,  0,  0,  0
2586431.33976320, 0.492563, 1000,  998, 2, 0.79, 0.83, -0.04,  0,  0,  0
2586431.34226320, -0.146204, 1000,  998, 2, 0.79, 0.83, -0.04,  0,  0,  0
2586431.34726320, -1.325486, 1000,  998, 2, 0.79, 0.83, -0.04,  0,  0,  0
2586431.34976320, -1.325486, 1000,  998, 2, 0.79, 0.83, -0.04,  0,  0,  0
2586431.35226320, 1.218927, 1000,  998, 2, 0.79, 0.83, -0.04,  0,  0,  0
2586431.35476320, 1.218927, 1000,  998, 2, 0.79, 0.83, -0.04,  0,  0,  0
2586431.35726320, 1.045398, 1000,  998, 2, 0.79, 0.83, -0.04,  0,  0,  0
2586431.35976320, 0.366356, 1000,  998, 2, 0.79, 0.83, -0.04,  0,  0,  0
2586431.36226320, -0.653148, 1000,  998, 2, 0.79, 0.83, -0.04,  0,  0,  0
2586431.36476320, -1.314299, 1000,  998, 2, 0.79, 0.83, -0.04,  0,  0,  0
2586431.36726320, -0.972689, 1000,  998, 2, 0.79, 0.83, -0.04,  0,  0,  0
2586431.36976320, -0.467455, 1000,  998, 2, 0.79, 0.83, -0.04,  0,  0,  0
2586431.37226320, 0.478881, 1000,  998, 2, 0.79, 0.83, -0.04,  0,  0,  0
2586431.37476320, 0.964968, 1000,  998, 2, 0.79, 0.83, -0.04,  0,  0,  0
2586431.37726320, 0.716806, 1000,  998, 2, 0.79, 0.83, -0.04,  0,  0,  0
2586431.37976320, 0.468645, 1000,  998, 2, 0.79, 0.83, -0.04,  0,  0,  0
2586431.38226320, 0.220483, 1000,  998, 2, 0.79, 0.83, -0.04,  0,  0,  0
2586431.38476320, -0.462359, 1000,  998, 2, 0.79, 0.83, -0.04,  0,  0,  0
2586431.38726320, -1.089262, 1000,  998, 2, 0.79, 0.83, -0.04,  0,  0,  0
2586431.38976320, -1.070966, 1000,  998, 2, 0.79, 0.83, -0.04,  0,  0,  0
2586431.39226320, -1.052670, 1000,  998, 2, 0.79, 0.83, -0.04,  0,  0,  0
2586431.39476320, -0.879645, 1000,  998, 2, 0.79, 0.83, -0.04,  0,  0,  0
2586431.39726320, 0.289223, 1000,  998, 2, 0.79, 0.83, -0.04,  0,  0,  0
2586431.39976320, 1.458092, 1000,  998, 2, 0.79, 0.83, -0.04,  0,  0,  0
2586431.40226320, -0.748182, 1000,  998, 2, 0.79, 0.83, -0.04,  0,  0,  0
2586431.40476320, -0.748182, 1000,  998, 2, 0.79, 0.83, -0.04,  0,  0,  0
2586431.40726320, -0.325048, 1000,  998, 2, 0.79, 0.83, -0.04,  0,  0,  0
2586431.40976320, 0.165950, 1000,  998, 2, 0.79, 0.83, -0.04,  0,  0,  0
2586431.41226320, 0.594809, 1000,  998, 2, 0.79, 0.83, -0.04,  0,  0,  0
2586431.41476320, 1.266887, 1000,  998, 2, 0.79, 0.83, -0.04,  0,  0,  0
2586431.41726320, 1.390583, 1000,  998, 2, 0.79, 0.83, -0.04,  0,  0,  0
2586431.41976320, 0.205542, 1000,  998, 2, 0.79, 0.83, -0.04,  0,  0,  0
2586431.42226320, -0.448839, 1000,  998, 2, 0.79, 0.83, -0.04,  0,  0,  0
2586431.42476320, -0.448839, 1000,  998, 2, 0.79, 0.83, -0.04,  0,  0,  0
2586431.42726320, -0.594761, 1000,  998, 2, 0.79, 0.83, -0.04,  0,  0,  0
2586431.42976320, -0.852647, 1000,  998, 2, 0.79, 0.83, -0.04,  0,  0,  0
2586431.43226320, 0.262727, 1000,  998, 2, 0.79, 0.83, -0.04,  0,  0,  0
2586431.43476320, 1.301454, 1000,  998, 2, 0.79, 0.83, -0.04,  0,  0,  0
2586431.43726320, 1.343106, 1000,  998, 2, 0.79, 0.83, -0.04,  0,  0,  0
2586431.43976320, 0.382273, 1000,  998, 2, 0.79, 0.83, -0.04,  0,  0,  0
2586431.44226320, -0.648190, 1000,  998, 2, 0.79, 0.83, -0.04,  0,  0,  0
2586431.44476320, -1.067807, 1000,  998, 2, 0.79, 0.83, -0.04,  0,  0,  0
2586431.44726320, -0.979973, 1000,  998, 2, 0.79, 0.83, -0.04,  0,  0,  0
2586431.44976320, -0.867702, 1000,  998, 2, 0.79, 0.83, -0.04,  0,  0,  0
2586431.45226320, -0.225114, 1000,  998, 2, 0.79, 0.83, -0.04,  0,  0,  0
2586431.45476320, 0.556378, 1000,  998, 2, 0.79, 0.83, -0.04,  0,  0,  0
2586431.45726320, 0.983976, 1000,  998, 2, 0.79, 0.83, -0.04,  0,  0,  0
2586431.45976320, 0.670136, 1000,  998, 2, 0.79, 0.83, -0.04,  0,  0,  0
2586431.46226320, 0.087386, 1000,  998, 2, 0.79, 0.83, -0.04,  0,  0,  0
2586431.46476320, -1.549993, 1000,  998, 2, 0.79, 0.83, -0.04,  0,  0,  0
2586431.46726320, -1.347603, 1000,  998, 2, 0.79, 0.83, -0.04,  0,  0,  0
2586431.46976320, -0.586611, 1000,  998, 2, 0.79, 0.83, -0.04,  0,  0,  0
2586431.47226320, 0.349840, 1000,  998, 2, 0.79, 0.83, -0.04,  0,  0,  0
2586431.47476320, 1.156879, 1000,  998, 2, 0.79, 0.83, -0.04,  0,  0,  0
2586431.47726320, 1.287088, 1000,  998, 2, 0.79, 0.83, -0.04,  0,  0,  0
2586431.47976320, 1.417298, 1000,  998, 2, 0.79, 0.83, -0.04,  0,  0,  0
2586431.48226320, 0.203650, 1000,  998, 2, 0.79, 0.83, -0.04,  0,  0,  0
2586431.48476320, -1.097966, 1000,  998, 2, 0.79, 0.83, -0.04,  0,  0,  0
2586431.48726320, -1.230665, 1000,  998, 2, 0.79, 0.83, -0.04,  0,  0,  0
2586431.48976320, -1.363364, 1000,  998, 2, 0.79, 0.83, -0.04,  0,  0,  0
2586431.49226320, -0.247150, 1000,  998, 2, 0.79, 0.83, -0.04,  0,  0,  0
2586431.49476320, 1.140499, 1000,  998, 2, 0.79, 0.83, -0.04,  0,  0,  0
2586431.49726320, 1.335187, 1000,  998, 2, 0.79, 0.83, -0.04,  0,  0,  0
2586431.49976320, 0.814022, 1000,  998, 2, 0.79, 0.83, -0.04,  0,  0,  0
2586431.50226320, 0.012477, 1000,  998, 2, 0.79, 0.83, -0.04,  0,  0,  0
2586431.50476320, -1.062913, 1000,  998, 2, 0.79, 0.83, -0.04,  0,  0,  0
2586431.50726320, -1.009766, 1000,  998, 2, 0.79, 0.83, -0.04,  0,  0,  0
2586431.50976320, 0.042938, 1000,  998, 2, 0.79, 0.83, -0.04,  0,  0,  0
2586431.51476320, 1.168374, 1000,  998, 2, 0.79, 0.83, -0.04,  0,  0,  0
2586431.51726320, 0.970061, 1000,  998, 2, 0.79, 0.83, -0.04,  0,  0,  0
2586431.51976320, -0.165926, 1000,  998, 2, 0.79, 0.83, -0.04,  0,  0,  0
2586431.52226320, -1.085612, 1000,  998, 2, 0.79, 0.83, -0.04,  0,  0,  0
2586431.52476320, -1.662565, 1000,  998, 2, 0.79, 0.83, -0.04,  0,  0,  0
2586431.52726320, -1.760292, 1000,  998, 2, 0.79, 0.83, -0.04,  0,  0,  0
2586431.52976320, -1.365493, 1000,  998, 2, 0.79, 0.83, -0.04,  0,  0,  0
2586431.53226320, -0.360784, 1000,  998, 2, 0.79, 0.83, -0.04,  0,  0,  0
2586431.53476320, 0.304619, 1000,  998, 2, 0.79, 0.83, -0.04,  0,  0,  0
2586431.53726320, 0.915232, 1000,  998, 2, 0.79, 0.83, -0.04,  0,  0,  0
2586431.53976320, -0.224332, 1000,  998, 2, 0.79, 0.83, -0.04,  0,  0,  0
2586431.54226320, -0.261404, 1000,  998, 2, 0.79, 0.83, -0.04,  0,  0,  0
2586431.54476320, -0.647564, 1000,  998, 2, 0.79, 0.83, -0.04,  0,  0,  0
2586431.54726320, -1.033724, 1000,  998, 2, 0.79, 0.83, -0.04,  0,  0,  0
2586431.54976320, -1.235038, 1000,  998, 2, 0.79, 0.83, -0.04,  0,  0,  0
2586431.55226320, -0.475925, 1000,  998, 2, 0.79, 0.83, -0.04,  0,  0,  0
2586431.55476320, 0.601868, 1000,  998, 2, 0.79, 0.83, -0.04,  0,  0,  0
2586431.55726320, 0.747697, 1000,  998, 2, 0.79, 0.83, -0.04,  0,  0,  0
2586431.55976320, 0.511943, 1000,  998, 2, 0.79, 0.83, -0.04,  0,  0,  0
2586431.56226320, -0.199568, 1000,  998, 2, 0.79, 0.83, -0.04,  0,  0,  0
2586431.56476320, -1.475157, 1000,  998, 2, 0.79, 0.83, -0.04,  0,  0,  0
2586431.56726320, -1.231002, 1000,  998, 2, 0.79, 0.83, -0.04,  0,  0,  0
2586431.56976320, -0.054561, 1000,  998, 2, 0.79, 0.83, -0.04,  0,  0,  0
2586431.57226320, 0.946686, 1000,  998, 2, 0.79, 0.83, -0.04,  0,  0,  0
2586431.57476320, 1.090637, 1000,  998, 2, 0.79, 0.83, -0.04,  0,  0,  0
2586431.57726320, 1.081892, 1000,  998, 2, 0.79, 0.83, -0.04,  0,  0,  0
2586431.57976320, 0.325354, 1000,  998, 2, 0.79, 0.83, -0.04,  0,  0,  0
2586431.58226320, -0.655208, 1000,  998, 2, 0.79, 0.83, -0.04,  0,  0,  0
2586431.58476320, -1.377320, 1000,  998, 2, 0.79, 0.83, -0.04,  0,  0,  0
2586431.58726320, -1.187155, 1000,  998, 2, 0.79, 0.83, -0.04,  0,  0,  0
2586431.58976320, -0.731089, 1000,  998, 2, 0.79, 0.83, -0.04,  0,  0,  0
2586431.59226320, 0.160601, 1000,  998, 2, 0.79, 0.83, -0.04,  0,  0,  0
2586431.59476320, 1.187342, 1000,  998, 2, 0.79, 0.83, -0.04,  0,  0,  0
2586431.59726320, 1.376077, 1000,  998, 2, 0.79, 0.83, -0.04,  0,  0,  0
2586431.59976320, 1.564812, 1000,  998, 2, 0.79, 0.83, -0.04,  0,  0,  0
2586431.60226320, 1.753547, 1000,  998, 2, 0.79, 0.83, -0.04,  0,  0,  0
2586431.60476320, -0.269187, 1000,  998, 2, 0.79, 0.83, -0.04,  0,  0,  0
2586431.60726320, -0.688363, 1000,  998, 2, 0.79, 0.83, -0.04,  0,  0,  0
2586431.60976320, -0.305992, 1000,  998, 2, 0.79, 0.83, -0.04,  0,  0,  0
2586431.61226320, 0.055402, 1000,  998, 2, 0.79, 0.83, -0.04,  0,  0,  0
2586431.61476320, 0.416796, 1000,  998, 2, 0.79, 0.83, -0.04,  0,  0,  0
2586431.61726320, 0.843680, 1000,  998, 2, 0.79, 0.83, -0.04,  0,  0,  0
2586431.61976320, 0.161123, 1000,  998, 2, 0.79, 0.83, -0.04,  0,  0,  0
2586431.62226320, -0.195491, 1000,  998, 2, 0.79, 0.83, -0.04,  0,  0,  0
2586431.62476320, -0.516511, 1000,  998, 2, 0.79, 0.83, -0.04,  0,  0,  0
2586431.62726320, -0.328406, 1000,  998, 2, 0.79, 0.83, -0.04,  0,  0,  0
2586431.62976320, 0.342281, 1000,  998, 2, 0.79, 0.83, -0.04,  0,  0,  0
2586431.63226320, 0.699012, 1000,  998, 2, 0.79, 0.83, -0.04,  0,  0,  0
2586431.63476320, 1.152037, 1000,  998, 2, 0.79, 0.83, -0.04,  0,  0,  0
2586431.63726320, 0.266766, 1000,  998, 2, 0.79, 0.83, -0.04,  0,  0,  0
2586431.63976320, -0.758873, 1000,  998, 2, 0.79, 0.83, -0.04,  0,  0,  0
2586431.64226320, -0.971199, 1000,  998, 2, 0.79, 0.83, -0.04,  0,  0,  0
2586431.64476320, -1.512352, 1000,  998, 2, 0.79, 0.83, -0.04,  0,  0,  0
2586431.64726320, -1.141602, 1000,  998, 2, 0.79, 0.83, -0.04,  0,  0,  0
2586431.64976320, 0.107089, 1000,  998, 2, 0.79, 0.83, -0.04,  0,  0,  0
2586431.65226320, 1.382033, 1000,  998, 2, 0.79, 0.83, -0.04,  0,  0,  0
2586431.65476320, 1.585613, 1000,  998, 2, 0.79, 0.83, -0.04,  0,  0,  0
2586431.65726320, 1.210478, 1000,  998, 2, 0.79, 0.83, -0.04,  0,  0,  0
2586431.65976320, 0.361520, 1000,  998, 2, 0.79, 0.83, -0.04,  0,  0,  0
2586431.66226320, -0.656516, 1000,  998, 2, 0.79, 0.83, -0.04,  0,  0,  0
2586431.66476320, -1.110778, 1000,  998, 2, 0.79, 0.83, -0.04,  0,  0,  0
2586431.66726320, -1.565040, 1000,  998, 2, 0.79, 0.83, -0.04,  0,  0,  0
2586431.66976320, -1.055843, 1000,  998, 2, 0.79, 0.83, -0.04,  0,  0,  0
2586431.67226320, 0.011853, 1000,  998, 2, 0.79, 0.83, -0.04,  0,  0,  0
2586431.67476320, 0.857512, 1000,  998, 2, 0.79, 0.83, -0.04,  0,  0,  0
2586431.67726320, 0.782334, 1000,  998, 2, 0.79, 0.83, -0.04,  0,  0,  0
2586431.67976320, 0.507829, 1000,  998, 2, 0.79, 0.83, -0.04,  0,  0,  0
2586431.68226320, -0.577510, 1000,  998, 2, 0.79, 0.83, -0.04,  0,  0,  0
2586431.68476320, -1.259762, 1000,  998, 2, 0.79, 0.83, -0.04,  0,  0,  0
2586431.68726320, -0.877240, 1000,  998, 2, 0.79, 0.83, -0.04,  0,  0,  0
2586431.68976320, -0.202951, 1000,  998, 2, 0.79, 0.83, -0.04,  0,  0,  0
2586431.69226320, 0.346677, 1000,  998, 2, 0.79, 0.83, -0.04,  0,  0,  0
2586431.69476320, 1.275678, 1000,  998, 2, 0.79, 0.83, -0.04,  0,  0,  0
2586431.69976320, -0.133988, 1000,  998, 2, 0.79, 0.83, -0.04,  0,  0,  0
2586431.70226320, -1.047525, 1000,  998, 2, 0.79, 0.83, -0.04,  0,  0,  0
2586431.70476320, -1.063954, 1000,  998, 2, 0.79, 0.83, -0.04,  0,  0,  0
2586431.70726320, -1.214835, 1000,  998, 2, 0.79, 0.83, -0.04,  0,  0,  0
2586431.70976320, -0.461025, 1000,  998, 2, 0.79, 0.83, -0.04,  0,  0,  0
2586431.71226320, 0.712813, 1000,  998, 2, 0.79, 0.83, -0.04,  0,  0,  0
2586431.71476320, 1.570337, 1000,  998, 2, 0.79, 0.83, -0.04,  0,  0,  0
2586431.71726320, 1.362434, 1000,  998, 2, 0.79, 0.83, -0.04,  0,  0,  0
2586431.71976320, 1.039699, 1000,  998, 2, 0.79, 0.83, -0.04,  0,  0,  0
2586431.72226320, -1.015452, 1000,  998, 2, 0.79, 0.83, -0.04,  0,  0,  0
2586431.72476320, -1.015452, 1000,  998, 2, 0.79, 0.83, -0.04,  0,  0,  0
2586431.72726320, -0.815535, 1000,  998, 2, 0.79, 0.83, -0.04,  0,  0,  0
2586431.72976320, -0.396305, 1000,  998, 2, 0.79, 0.83, -0.04,  0,  0,  0
2586431.73226320, 0.691602, 1000,  998, 2, 0.79, 0.83, -0.04,  0,  0,  0
2586431.73476320, 1.164819, 1000,  998, 2, 0.79, 0.83, -0.04,  0,  0,  0
2586431.73726320, 1.228940, 1000,  998, 2, 0.79, 0.83, -0.04,  0,  0,  0
2586431.73976320, 0.861792, 1000,  998, 2, 0.79, 0.83, -0.04,  0,  0,  0
2586431.74226320, 0.483497, 1000,  998, 2, 0.79, 0.83, -0.04,  0,  0,  0
2586431.74476320, -0.269134, 1000,  998, 2, 0.79, 0.83, -0.04,  0,  0,  0
2586431.74726320, -0.705167, 1000,  998, 2, 0.79, 0.83, -0.04,  0,  0,  0
2586431.74976320, 0.258103, 1000,  998, 2, 0.79, 0.83, -0.04,  0,  0,  0
2586431.75226320, 1.165473, 1000,  998, 2, 0.79, 0.83, -0.04,  0,  0,  0
2586431.75476320, 1.113845, 1000,  998, 2, 0.79, 0.83, -0.04,  0,  0,  0
2586431.75726320, 0.807311, 1000,  998, 2, 0.79, 0.83, -0.04,  0,  0,  0
2586431.75976320, 0.109221, 1000,  998, 2, 0.79, 0.83, -0.04,  0,  0,  0
2586431.76226320, -0.745919, 1000,  998, 2, 0.79, 0.83, -0.04,  0,  0,  0
2586431.76476320, -1.125295, 1000,  998, 2, 0.79, 0.83, -0.04,  0,  0,  0
2586431.76726320, -0.619892, 1000,  998, 2, 0.79, 0.83, -0.04,  0,  0,  0
2586431.76976320, -0.423850, 1000,  998, 2, 0.79, 0.83, -0.04,  0,  0,  0
2586431.77226320, 0.196771, 1000,  998, 2, 0.79, 0.83, -0.04,  0,  0,  0
2586431.77476320, 1.371224, 1000,  998, 2, 0.79, 0.83, -0.04,  0,  0,  0
2586431.77726320, 1.135500, 1000,  998, 2, 0.79, 0.83, -0.04,  0,  0,  0
2586431.77976320, 0.352628, 1000,  998, 2, 0.79, 0.83, -0.04,  0,  0,  0
2586431.78226320, -0.347433, 1000,  998, 2, 0.79, 0.83, -0.04,  0,  0,  0
2586431.78476320, -0.968209, 1000,  998, 2, 0.79, 0.83, -0.04,  0,  0,  0
2586431.78726320, -1.036834, 1000,  998, 2, 0.79, 0.83, -0.04,  0,  0,  0
2586431.78976320, -0.509855, 1000,  998, 2, 0.79, 0.83, -0.04,  0,  0,  0
2586431.79226320, 1.026492, 1000,  998, 2, 0.79, 0.83, -0.04,  0,  0,  0
2586431.79476320, 1.042862, 1000,  998, 2, 0.79, 0.83, -0.04,  0,  0,  0
2586431.79726320, 1.093541, 1000,  998, 2, 0.79, 0.83, -0.04,  0,  0,  0
2586431.79976320, 1.144220, 1000,  998, 2, 0.79, 0.83, -0.04,  0,  0,  0
2586431.80226320, -0.333049, 1000,  998, 2, 0.79, 0.83, -0.04,  0,  0,  0
2586431.80476320, -1.579499, 1000,  998, 2, 0.79, 0.83, -0.04,  0,  0,  0
2586431.80726320, -1.434388, 1000,  998, 2, 0.79, 0.83, -0.04,  0,  0,  0
2586431.80976320, -1.057995, 1000,  998, 2, 0.79, 0.83, -0.04,  0,  0,  0
2586431.81226320, -0.693929, 1000,  998, 2, 0.79, 0.83, -0.04,  0,  0,  0
2586431.81476320, -0.329863, 1000,  998, 2, 0.79, 0.83, -0.04,  0,  0,  0
2586431.81726320, 0.395735, 1000,  998, 2, 0.79, 0.83, -0.04,  0,  0,  0
2586431.81976320, 0.029255, 1000,  998, 2, 0.79, 0.83, -0.04,  0,  0,  0
2586431.82226320, -0.997463, 1000,  998, 2, 0.79, 0.83, -0.04,  0,  0,  0
2586431.82476320, -1.570218, 1000,  998, 2, 0.79, 0.83, -0.04,  0,  0,  0
2586431.82726320, -1.539302, 1000,  998, 2, 0.79, 0.83, -0.04,  0,  0,  0
2586431.82976320, -1.083965, 1000,  998, 2, 0.79, 0.83, -0.04,  0,  0,  0
2586431.83226320, 0.290416, 1000,  998, 2, 0.79, 0.83, -0.04,  0,  0,  0
2586431.83476320, 1.116452, 1000,  998, 2, 0.79, 0.83, -0.04,  0,  0,  0
2586431.83726320, 0.598860, 1000,  998, 2, 0.79, 0.83, -0.04,  0,  0,  0
2586431.83976320, 0.264129, 1000,  998, 2, 0.79, 0.83, -0.04,  0,  0,  0
2586431.84226320, -0.671388, 1000,  998, 2, 0.79, 0.83, -0.04,  0,  0,  0
2586431.84476320, -1.227326, 1000,  998, 2, 0.79, 0.83, -0.04,  0,  0,  0
2586431.84726320, -0.968922, 1000,  998, 2, 0.79, 0.83, -0.04,  0,  0,  0
2586431.84976320, -0.252932, 1000,  998, 2, 0.79, 0.83, -0.04,  0,  0,  0
2586431.85226320, 0.297937, 1000,  998, 2, 0.79, 0.83, -0.04,  0,  0,  0
2586431.85476320, 1.414082, 1000,  998, 2, 0.79, 0.83, -0.04,  0,  0,  0
2586431.85726320, 1.363446, 1000,  998, 2, 0.79, 0.83, -0.04,  0,  0,  0
2586431.85976320, 0.822754, 1000,  998, 2, 0.79, 0.83, -0.04,  0,  0,  0
2586431.86226320, 0.276719, 1000,  998, 2, 0.79, 0.83, -0.04,  0,  0,  0
2586431.86476320, -0.388327, 1000,  998, 2, 0.79, 0.83, -0.04,  0,  0,  0
2586431.86726320, -0.995033, 1000,  998, 2, 0.79, 0.83, -0.04,  0,  0,  0
2586431.86976320, -0.030245, 1000,  998, 2, 0.79, 0.83, -0.04,  0,  0,  0
2586431.87226320, 1.197918, 1000,  998, 2, 0.79, 0.83, -0.04,  0,  0,  0
2586431.87476320, 1.922367, 1000,  998, 2, 0.79, 0.83, -0.04,  0,  0,  0
2586431.87726320, 1.700013, 1000,  998, 2, 0.79, 0.83, -0.04,  0,  0,  0
2586431.87976320, 1.041680, 1000,  998, 2, 0.79, 0.83, -0.04,  0,  0,  0
2586431.88476320, -0.875604, 1000,  998, 2, 0.79, 0.83, -0.04,  0,  0,  0
2586431.88726320, -0.534366, 1000,  998, 2, 0.79, 0.83, -0.04,  0,  0,  0
2586431.88976320, 0.034112, 1000,  998, 2, 0.79, 0.83, -0.04,  0,  0,  0
2586431.89226320, 1.080084, 1000,  998, 2, 0.79, 0.83, -0.04,  0,  0,  0
2586431.89476320, 1.206013, 1000,  998, 2, 0.79, 0.83, -0.04,  0,  0,  0
2586431.89726320, 0.449189, 1000,  998, 2, 0.79, 0.83, -0.04,  0,  0,  0
2586431.89976320, 0.145682, 1000,  998, 2, 0.79, 0.83, -0.04,  0,  0,  0
2586431.90226320, -0.843743, 1000,  998, 2, 0.79, 0.83, -0.04,  0,  0,  0
2586431.90476320, -1.009463, 1000,  998, 2, 0.79, 0.83, -0.04,  0,  0,  0
2586431.90726320, -0.636491, 1000,  998, 2, 0.79, 0.83, -0.04,  0,  0,  0
2586431.90976320, 0.067688, 1000,  998, 2, 0.79, 0.83, -0.04,  0,  0,  0
2586431.91226320, 0.672571, 1000,  998, 2, 0.79, 0.83, -0.04,  0,  0,  0
2586431.91476320, 1.015467, 1000,  998, 2, 0.79, 0.83, -0.04,  0,  0,  0
2586431.91726320, 0.945978, 1000,  998, 2, 0.79, 0.83, -0.04,  0,  0,  0
2586431.91976320, 0.472537, 1000,  998, 2, 0.79, 0.83, -0.04,  0,  0,  0
2586431.92226320, -0.167745, 1000,  998, 2, 0.79, 0.83, -0.04,  0,  0,  0
2586431.92476320, -1.726205, 1000,  998, 2, 0.79, 0.83, -0.04,  0,  0,  0
2586431.92726320, -1.481900, 1000,  998, 2, 0.79, 0.83, -0.04,  0,  0,  0
2586431.92976320, -1.237594, 1000,  998, 2, 0.79, 0.83, -0.04,  0,  0,  0
2586431.93226320, 0.178455, 1000,  998, 2, 0.79, 0.83, -0.04,  0,  0,  0
2586431.93476320, 1.389943, 1000,  998, 2, 0.79, 0.83, -0.04,  0,  0,  0
2586431.93726320, 1.148300, 1000,  998, 2, 0.79, 0.83, -0.04,  0,  0,  0
2586431.93976320, -0.073937, 1000,  998, 2, 0.79, 0.83, -0.04,  0,  0,  0
2586431.94226320, -0.798270, 1000,  998, 2, 0.79, 0.83, -0.04,  0,  0,  0
2586431.94476320, -1.386556, 1000,  998, 2, 0.79, 0.83, -0.04,  0,  0,  0
2586431.94726320, -1.325486, 1000,  998, 2, 0.79, 0.83, -0.04,  0,  0,  0
2586431.94976320, -0.741788, 1000,  998, 2, 0.79, 0.83, -0.04,  0,  0,  0
2586431.95226320, 0.277391, 1000,  998, 2, 0.79, 0.83, -0.04,  0,  0,  0
2586431.95476320, 0.921846, 1000,  998, 2, 0.79, 0.83, -0.04,  0,  0,  0
2586431.95726320, 0.972103, 1000,  998, 2, 0.79, 0.83, -0.04,  0,  0,  0
2586431.95976320, 0.405170, 1000,  998, 2, 0.79, 0.83, -0.04,  0,  0,  0
2586431.96226320, -0.534366, 1000,  998, 2, 0.79, 0.83, -0.04,  0,  0,  0
2586431.96476320, -0.579084, 1000,  998, 2, 0.79, 0.83, -0.04,  0,  0,  0
2586431.96726320, -1.016472, 1000,  998, 2, 0.79, 0.83, -0.04,  0,  0,  0
2586431.96976320, -0.650428, 1000,  998, 2, 0.79, 0.83, -0.04,  0,  0,  0
2586431.97226320, 0.397303, 1000,  998, 2, 0.79, 0.83, -0.04,  0,  0,  0
2586431.97476320, 1.018391, 1000,  998, 2, 0.79, 0.83, -0.04,  0,  0,  0
2586431.97726320, 1.071472, 1000,  998, 2, 0.79, 0.83, -0.04,  0,  0,  0
2586431.97976320, 0.709788, 1000,  998, 2, 0.79, 0.83, -0.04,  0,  0,  0
2586431.98226320, 0.070287, 1000,  998, 2, 0.79, 0.83, -0.04,  0,  0,  0
2586431.98476320, -0.748464, 1000,  998, 2, 0.79, 0.83, -0.04,  0,  0,  0
2586431.98726320, -1.005278, 1000,  998, 2, 0.79, 0.83, -0.04,  0,  0,  0
2586431.98976320, -0.736609, 1000,  998, 2, 0.79, 0.83, -0.04,  0,  0,  0
2586431.99226320, 1.040465, 1000,  998, 2, 0.79, 0.83, -0.04,  0,  0,  0
2586431.99476320, 1.429076, 1000,  998, 2, 0.79, 0.83, -0.04,  0,  0,  0
2586431.99726320, 1.498263, 1000,  998, 2, 0.79, 0.83, -0.04,  0,  0,  0
2586431.99976320, 0.737385, 1000,  998, 2, 0.79, 0.83, -0.04,  0,  0,  0
2586432.00226320, -0.794152, 1000,  998, 2, 0.79, 0.83, -0.04,  0,  0,  0
2586432.00476320, -1.261341, 1000,  998, 2, 0.79, 0.83, -0.04,  0,  0,  0
2586432.00726320, -1.092242, 1000,  998, 2, 0.79, 0.83, -0.04,  0,  0,  0
2586432.00976320, -0.122733, 1000,  998, 2, 0.79, 0.83, -0.04,  0,  0,  0
2586432.01476320, 1.333210, 1000,  998, 2, 0.79, 0.83, -0.04,  0,  0,  0
2586432.01726320, 1.132350, 1000,  998, 2, 0.79, 0.83, -0.04,  0,  0,  0
2586432.01976320, 0.406503, 1000,  998, 2, 0.79, 0.83, -0.04,  0,  0,  0
2586432.02226320, -0.349371, 1000,  998, 2, 0.79, 0.83, -0.04,  0,  0,  0
2586432.02476320, -0.677444, 1000,  998, 2, 0.79, 0.83, -0.04,  0,  0,  0
2586432.02726320, -0.826279, 1000,  998, 2, 0.79, 0.83, -0.04,  0,  0,  0
2586432.02976320, -0.975115, 1000,  998, 2, 0.79, 0.83, -0.04,  0,  0,  0
2586432.03226320, 0.530463, 1000,  998, 2, 0.79, 0.83, -0.04,  0,  0,  0
2586432.03476320, 1.146776, 1000,  998, 2, 0.79, 0.83, -0.04,  0,  0,  0
2586432.03726320, 1.167202, 1000,  998, 2, 0.79, 0.83, -0.04,  0,  0,  0
2586432.03976320, 1.127466, 1000,  998, 2, 0.79, 0.83, -0.04,  0,  0,  0
2586432.04226320, -0.178421, 1000,  998, 2, 0.79, 0.83, -0.04,  0,  0,  0
2586432.04476320, -0.893127, 1000,  998, 2, 0.79, 0.83, -0.04,  0,  0,  0
2586432.04726320, -0.941890, 1000,  998, 2, 0.79, 0.83, -0.04,  0,  0,  0
2586432.04976320, -0.814793, 1000,  998, 2, 0.79, 0.83, -0.04,  0,  0,  0
2586432.05226320, 0.993065, 1000,  998, 2, 0.79, 0.83, -0.04,  0,  0,  0
2586432.05476320, 1.357908, 1000,  998, 2, 0.79, 0.83, -0.04,  0,  0,  0
2586432.05726320, 1.132762, 1000,  998, 2, 0.79, 0.83, -0.04,  0,  0,  0
2586432.05976320, 0.179345, 1000,  998, 2, 0.79, 0.83, -0.04,  0,  0,  0
2586432.06226320, -1.102095, 1000,  998, 2, 0.79, 0.83, -0.04,  0,  0,  0
2586432.06476320, -1.517920, 1000,  998, 2, 0.79, 0.83, -0.04,  0,  0,  0
2586432.06726320, -1.304270, 1000,  998, 2, 0.79, 0.83, -0.04,  0,  0,  0
2586432.06976320, -0.335184, 1000,  998, 2, 0.79, 0.83, -0.04,  0,  0,  0
2586432.07226320, 0.900816, 1000,  998, 2, 0.79, 0.83, -0.04,  0,  0,  0
2586432.07476320, 1.197545, 1000,  998, 2, 0.79, 0.83, -0.04,  0,  0,  0
2586432.07726320, 1.031210, 1000,  998, 2, 0.79, 0.83, -0.04,  0,  0,  0
2586432.07976320, 0.107217, 1000,  998, 2, 0.79, 0.83, -0.04,  0,  0,  0
2586432.08226320, -1.182013, 1000,  998, 2, 0.79, 0.83, -0.04,  0,  0,  0
2586432.08476320, -1.624828, 1000,  998, 2, 0.79, 0.83, -0.04,  0,  0,  0
2586432.08726320, -1.624828, 1000,  998, 2, 0.79, 0.83, -0.04,  0,  0,  0
2586432.08976320, -1.283608, 1000,  998, 2, 0.79, 0.83, -0.04,  0,  0,  0
2586432.09226320, -0.032799, 1000,  998, 2, 0.79, 0.83, -0.04,  0,  0,  0
2586432.09476320, 1.133401, 1000,  998, 2, 0.79, 0.83, -0.04,  0,  0,  0
2586432.09726320, 1.133401, 1000,  998, 2, 0.79, 0.83, -0.04,  0,  0,  0
2586432.09976320, 0.891570, 1000,  998, 2, 0.79, 0.83, -0.04,  0,  0,  0
2586432.10226320, -0.300284, 1000,  998, 2, 0.79, 0.83, -0.04,  0,  0,  0
2586432.10476320, -1.121456, 1000,  998, 2, 0.79, 0.83, -0.04,  0,  0,  0
2586432.10726320, -1.194013, 1000,  998, 2, 0.79, 0.83, -0.04,  0,  0,  0
2586432.10976320, -0.943566, 1000,  998, 2, 0.79, 0.83, -0.04,  0,  0,  0
2586432.11226320, -0.135427, 1000,  998, 2, 0.79, 0.83, -0.04,  0,  0,  0
2586432.11476320, 0.838325, 1000,  998, 2, 0.79, 0.83, -0.04,  0,  0,  0
2586432.11726320, 0.762314, 1000,  998, 2, 0.79, 0.83, -0.04,  0,  0,  0
2586432.11976320, -0.577129, 1000,  998, 2, 0.79, 0.83, -0.04,  0,  0,  0
2586432.12226320, -0.757399, 1000,  998, 2, 0.79, 0.83, -0.04,  0,  0,  0
2586432.12476320, -0.928416, 1000,  998, 2, 0.79, 0.83, -0.04,  0,  0,  0
2586432.12726320, -0.847203, 1000,  998, 2, 0.79, 0.83, -0.04,  0,  0,  0
2586432.12976320, -0.042589, 1000,  998, 2, 0.79, 0.83, -0.04,  0,  0,  0
2586432.13226320, 0.559791, 1000,  998, 2, 0.79, 0.83, -0.04,  0,  0,  0
2586432.13476320, 1.497577, 1000,  998, 2, 0.79, 0.83, -0.04,  0,  0,  0
2586432.13726320, 0.992661, 1000,  998, 2, 0.79, 0.83, -0.04,  0,  0,  0
2586432.13976320, 0.267445, 1000,  998, 2, 0.79, 0.83, -0.04,  0,  0,  0
2586432.14226320, 0.267445, 1000,  998, 2, 0.79, 0.83, -0.04,  0,  0,  0
2586432.14476320, -0.814044, 1000,  998, 2, 0.79, 0.83, -0.04,  0,  0,  0
2586432.14726320, -0.992944, 1000,  998, 2, 0.79, 0.83, -0.04,  0,  0,  0
2586432.14976320, -0.201707, 1000,  998, 2, 0.79, 0.83, -0.04,  0,  0,  0
2586432.15226320, 0.539841, 1000,  998, 2, 0.79, 0.83, -0.04,  0,  0,  0
2586432.15476320, 0.968228, 1000,  998, 2, 0.79, 0.83, -0.04,  0,  0,  0
2586432.15726320, 0.996812, 1000,  998, 2, 0.79, 0.83, -0.04,  0,  0,  0
2586432.15976320, 0.465688, 1000,  998, 2, 0.79, 0.83, -0.04,  0,  0,  0
2586432.16226320, 0.138507, 1000,  998, 2, 0.79, 0.83, -0.04,  0,  0,  0
2586432.16476320, -0.282805, 1000,  998, 2, 0.79, 0.83, -0.04,  0,  0,  0
2586432.16726320, -0.659009, 1000,  998, 2, 0.79, 0.83, -0.04,  0,  0,  0
2586432.16976320, -0.114825, 1000,  998, 2, 0.79, 0.83, -0.04,  0,  0,  0
2586432.17226320, 0.307815, 1000,  998, 2, 0.79, 0.83, -0.04,  0,  0,  0
2586432.17476320, 0.673100, 1000,  998, 2, 0.79, 0.83, -0.04,  0,  0,  0
2586432.17726320, 0.947023, 1000,  998, 2, 0.79, 0.83, -0.04,  0,  0,  0
2586432.17976320, 0.564269, 1000,  998, 2, 0.79, 0.83, -0.04,  0,  0,  0
2586432.18226320, -0.927851, 1000,  998, 2, 0.79, 0.83, -0.04,  0,  0,  0
2586432.18476320, -1.169821, 1000,  998, 2, 0.79, 0.83, -0.04,  0,  0,  0
2586432.18726320, -0.708858, 1000,  998, 2, 0.79, 0.83, -0.04,  0,  0,  0
2586432.18976320, 0.112989, 1000,  998, 2, 0.79, 0.83, -0.04,  0,  0,  0
2586432.19226320, 1.427667, 1000,  998, 2, 0.79, 0.83, -0.04,  0,  0,  0
2586432.19476320, 1.293763, 1000,  998, 2, 0.79, 0.83, -0.04,  0,  0,  0
2586432.19976320, -0.002337, 1000,  998, 2, 0.79, 0.83, -0.04,  0,  0,  0
2586432.20226320, -1.089206, 1000,  998, 2, 0.79, 0.83, -0.04,  0,  0,  0
2586432.20476320, -1.819160, 1000,  998, 2, 0.79, 0.83, -0.04,  0,  0,  0
2586432.20726320, -1.248738, 1000,  998, 2, 0.79, 0.83, -0.04,  0,  0,  0
2586432.20976320, -0.256212, 1000,  998, 2, 0.79, 0.83, -0.04,  0,  0,  0
2586432.21226320, 0.760572, 1000,  998, 2, 0.79, 0.83, -0.04,  0,  0,  0
2586432.21476320, 1.162647, 1000,  998, 2, 0.79, 0.83, -0.04,  0,  0,  0
2586432.21726320, 0.941078, 1000,  998, 2, 0.79, 0.83, -0.04,  0,  0,  0
2586432.21976320, 0.540356, 1000,  998, 2, 0.79, 0.83, -0.04,  0,  0,  0
2586432.22226320, 0.139634, 1000,  998, 2, 0.79, 0.83, -0.04,  0,  0,  0
2586432.22476320, -0.346860, 1000,  998, 2, 0.79, 0.83, -0.04,  0,  0,  0
2586432.22726320, -0.902484, 1000,  998, 2, 0.79, 0.83, -0.04,  0,  0,  0
2586432.22976320, -0.958293, 1000,  998, 2, 0.79, 0.83, -0.04,  0,  0,  0
2586432.23226320, -1.014103, 1000,  998, 2, 0.79, 0.83, -0.04,  0,  0,  0
2586432.23476320, 0.966789, 1000,  998, 2, 0.79, 0.83, -0.04,  0,  0,  0
2586432.23726320, 1.056553, 1000,  998, 2, 0.79, 0.83, -0.04,  0,  0,  0
2586432.23976320, 0.618917, 1000,  998, 2, 0.79, 0.83, -0.04,  0,  0,  0
2586432.24226320, 0.179633, 1000,  998, 2, 0.79, 0.83, -0.04,  0,  0,  0
2586432.24476320, -0.235591, 1000,  998, 2, 0.79, 0.83, -0.04,  0,  0,  0
2586432.24726320, -0.363313, 1000,  998, 2, 0.79, 0.83, -0.04,  0,  0,  0
2586432.24976320, -0.122148, 1000,  998, 2, 0.79, 0.83, -0.04,  0,  0,  0
2586432.25226320, 0.884877, 1000,  998, 2, 0.79, 0.83, -0.04,  0,  0,  0
2586432.25476320, 1.511162, 1000,  998, 2, 0.79, 0.83, -0.04,  0,  0,  0
2586432.25726320, 0.971128, 1000,  998, 2, 0.79, 0.83, -0.04,  0,  0,  0
2586432.25976320, 0.024115, 1000,  998, 2, 0.79, 0.83, -0.04,  0,  0,  0
2586432.26226320, -0.929926, 1000,  998, 2, 0.79, 0.83, -0.04,  0,  0,  0
2586432.26476320, -0.943468, 1000,  998, 2, 0.79, 0.83, -0.04,  0,  0,  0
2586432.26726320, -0.533738, 1000,  998, 2, 0.79, 0.83, -0.04,  0,  0,  0
2586432.26976320, 0.316125, 1000,  998, 2, 0.79, 0.83, -0.04,  0,  0,  0
2586432.27226320, 1.172550, 1000,  998, 2, 0.79, 0.83, -0.04,  0,  0,  0
2586432.27476320, 1.564519, 1000,  998, 2, 0.79, 0.83, -0.04,  0,  0,  0
2586432.27726320, 1.147943, 1000,  998, 2, 0.79, 0.83, -0.04,  0,  0,  0
2586432.27976320, 0.769874, 1000,  998, 2, 0.79, 0.83, -0.04,  0,  0,  0
2586432.28226320, 0.461900, 1000,  998, 2, 0.79, 0.83, -0.04,  0,  0,  0
2586432.28476320, 0.153926, 1000,  998, 2, 0.79, 0.83, -0.04,  0,  0,  0
2586432.28726320, -0.182381, 1000,  998, 2, 0.79, 0.83, -0.04,  0,  0,  0
2586432.28976320, -0.661797, 1000,  998, 2, 0.79, 0.83, -0.04,  0,  0,  0
2586432.29226320, -0.389252, 1000,  998, 2, 0.79, 0.83, -0.04,  0,  0,  0
2586432.29476320, -0.116706, 1000,  998, 2, 0.79, 0.83, -0.04,  0,  0,  0
2586432.29726320, 0.218175, 1000,  998, 2, 0.79, 0.83, -0.04,  0,  0,  0
2586432.29976320, 0.429261, 1000,  998, 2, 0.79, 0.83, -0.04,  0,  0,  0
2586432.30226320, -0.276055, 1000,  998, 2, 0.79, 0.83, -0.04,  0,  0,  0
2586432.30476320, -0.884427, 1000,  998, 2, 0.79, 0.83, -0.04,  0,  0,  0
2586432.30976320, -0.542194, 1000,  998, 2, 0.79, 0.83, -0.04,  0,  0,  0
2586432.31226320, 0.505341, 1000,  998, 2, 0.79, 0.83, -0.04,  0,  0,  0
2586432.31476320, 0.762620, 1000,  998, 2, 0.79, 0.83, -0.04,  0,  0,  0
2586432.31726320, -0.085352, 1000,  998, 2, 0.79, 0.83, -0.04,  0,  0,  0
2586432.31976320, -0.535341, 1000,  998, 2, 0.79, 0.83, -0.04,  0,  0,  0
2586432.32226320, -1.436778, 1000,  998, 2, 0.79, 0.83, -0.04,  0,  0,  0
2586432.32476320, -1.472515, 1000,  998, 2, 0.79, 0.83, -0.04,  0,  0,  0
2586432.32726320, -1.044311, 1000,  998, 2, 0.79, 0.83, -0.04,  0,  0,  0
2586432.32976320, -0.113891, 1000,  998, 2, 0.79, 0.83, -0.04,  0,  0,  0
2586432.33226320, 0.825876, 1000,  998, 2, 0.79, 0.83, -0.04,  0,  0,  0
2586432.33476320, 1.156568, 1000,  998, 2, 0.79, 0.83, -0.04,  0,  0,  0
2586432.33726320, 1.161925, 1000,  998, 2, 0.79, 0.83, -0.04,  0,  0,  0
2586432.33976320, 0.964936, 1000,  998, 2, 0.79, 0.83, -0.04,  0,  0,  0
2586432.34226320, 0.767947, 1000,  998, 2, 0.79, 0.83, -0.04,  0,  0,  0
2586432.34476320, 0.570958, 1000,  998, 2, 0.79, 0.83, -0.04,  0,  0,  0
2586432.34726320, -1.432394, 1000,  998, 2, 0.79, 0.83, -0.04,  0,  0,  0
2586432.34976320, -1.432394, 1000,  998, 2, 0.79, 0.83, -0.04,  0,  0,  0
2586432.35226320, -1.432394, 1000,  998, 2, 0.79, 0.83, -0.04,  0,  0,  0
2586432.35476320, -1.432394, 1000,  998, 2, 0.79, 0.83, -0.04,  0,  0,  0
2586432.35726320, 0.853968, 1000,  998, 2, 0.79, 0.83, -0.04,  0,  0,  0
2586432.35976320, 0.454169, 1000,  998, 2, 0.79, 0.83, -0.04,  0,  0,  0
2586432.36226320, 0.054371, 1000,  998, 2, 0.79, 0.83, -0.04,  0,  0,  0
2586432.36476320, -0.489835, 1000,  998, 2, 0.79, 0.83, -0.04,  0,  0,  0
2586432.36726320, -1.094756, 1000,  998, 2, 0.79, 0.83, -0.04,  0,  0,  0
2586432.36976320, -0.272418, 1000,  998, 2, 0.79, 0.83, -0.04,  0,  0,  0
2586432.37226320, 0.960520, 1000,  998, 2, 0.79, 0.83, -0.04,  0,  0,  0
2586432.37476320, 1.498215, 1000,  998, 2, 0.79, 0.83, -0.04,  0,  0,  0
2586432.37726320, 1.073070, 1000,  998, 2, 0.79, 0.83, -0.04,  0,  0,  0
2586432.37976320, -0.074023, 1000,  998, 2, 0.79, 0.83, -0.04,  0,  0,  0
2586432.38226320, -1.004761, 1000,  998, 2, 0.79, 0.83, -0.04,  0,  0,  0
2586432.38476320, -0.871381, 1000,  998, 2, 0.79, 0.83, -0.04,  0,  0,  0
2586432.38726320, -0.217189, 1000,  998, 2, 0.79, 0.83, -0.04,  0,  0,  0
2586432.38976320, 0.393025, 1000,  998, 2, 0.79, 0.83, -0.04,  0,  0,  0
2586432.39226320, 0.922163, 1000,  998, 2, 0.79, 0.83, -0.04,  0,  0,  0
2586432.39476320, 1.857857, 1000,  998, 2, 0.79, 0.83, -0.04,  0,  0,  0
2586432.39726320, 1.229618, 1000,  998, 2, 0.79, 0.83, -0.04,  0,  0,  0
2586432.39976320, 1.229618, 1000,  998, 2, 0.79, 0.83, -0.04,  0,  0,  0
2586432.40226320, 0.487380, 1000,  998, 2, 0.79, 0.83, -0.04,  0,  0,  0
2586432.40476320, -0.290712, 1000,  998, 2, 0.79, 0.83, -0.04,  0,  0,  0
2586432.40726320, -0.483486, 1000,  998, 2, 0.79, 0.83, -0.04,  0,  0,  0
2586432.40976320, -0.297119, 1000,  998, 2, 0.79, 0.83, -0.04,  0,  0,  0
2586432.41226320, -0.131183, 1000,  998, 2, 0.79, 0.83, -0.04,  0,  0,  0
2586432.41476320, 0.034753, 1000,  998, 2, 0.79, 0.83, -0.04,  0,  0,  0
2586432.41726320, 0.200688, 1000,  998, 2, 0.79, 0.83, -0.04,  0,  0,  0
2586432.41976320, 0.115622, 1000,  998, 2, 0.79, 0.83, -0.04,  0,  0,  0
2586432.42226320, -0.253811, 1000,  998, 2, 0.79, 0.83, -0.04,  0,  0,  0
2586432.42476320, -1.694051, 1000,  998, 2, 0.79, 0.83, -0.04,  0,  0,  0
2586432.42726320, -1.390820, 1000,  998, 2, 0.79, 0.83, -0.04,  0,  0,  0
2586432.42976320, -1.056475, 1000,  998, 2, 0.79, 0.83, -0.04,  0,  0,  0
2586432.43226320, 0.641623, 1000,  998, 2, 0.79, 0.83, -0.04,  0,  0,  0
2586432.43476320, 0.690649, 1000,  998, 2, 0.79, 0.83, -0.04,  0,  0,  0
2586432.43726320, 0.526024, 1000,  998, 2, 0.79, 0.83, -0.04,  0,  0,  0
2586432.43976320, -0.489456, 1000,  998, 2, 0.79, 0.83, -0.04,  0,  0,  0
2586432.44226320, -1.635519, 1000,  998, 2, 0.79, 0.83, -0.04,  0,  0,  0
2586432.44476320, -1.802614, 1000,  998, 2, 0.79, 0.83, -0.04,  0,  0,  0
2586432.44726320, -1.618661, 1000,  998, 2, 0.79, 0.83, -0.04,  0,  0,  0
2586432.44976320, -0.618737, 1000,  998, 2, 0.79, 0.83, -0.04,  0,  0,  0
2586432.45226320, 0.128464, 1000,  998, 2, 0.79, 0.83, -0.04,  0,  0,  0
2586432.45476320, 0.194503, 1000,  998, 2, 0.79, 0.83, -0.04,  0,  0,  0
2586432.45726320, 0.024502, 1000,  998, 2, 0.79, 0.83, -0.04,  0,  0,  0
2586432.45976320, -0.762198, 1000,  998, 2, 0.79, 0.83, -0.04,  0,  0,  0
2586432.46226320, -1.667569, 1000,  998, 2, 0.79, 0.83, -0.04,  0,  0,  0
2586432.46476320, -2.221615, 1000,  998, 2, 0.79, 0.83, -0.04,  0,  0,  0
2586432.46726320, -1.322659, 1000,  998, 2, 0.79, 0.83, -0.04,  0,  0,  0
2586432.46976320, -0.064096, 1000,  998, 2, 0.79, 0.83, -0.04,  0,  0,  0
2586432.47226320, 0.557362, 1000,  998, 2, 0.79, 0.83, -0.04,  0,  0,  0
2586432.47476320, 0.822287, 1000,  998, 2, 0.79, 0.83, -0.04,  0,  0,  0
2586432.47726320, 1.087212, 1000,  998, 2, 0.79, 0.83, -0.04,  0,  0,  0
2586432.47976320, 1.352137, 1000,  998, 2, 0.79, 0.83, -0.04,  0,  0,  0
2586432.48226320, 1.223369, 1000,  998, 2, 0.79, 0.83, -0.04,  0,  0,  0
2586432.48476320, 0.140950, 1000,  998, 2, 0.79, 0.83, -0.04,  0,  0,  0
2586432.48726320, -0.857219, 1000,  998, 2, 0.79, 0.83, -0.04,  0,  0,  0
2586432.48976320, -0.235002, 1000,  998, 2, 0.79, 0.83, -0.04,  0,  0,  0
2586432.49226320, 0.758707, 1000,  998, 2, 0.79, 0.83, -0.04,  0,  0,  0
2586432.49476320, 2.261301, 1000,  998, 2, 0.79, 0.83, -0.04,  0,  0,  0
2586432.49726320, 1.700493, 1000,  998, 2, 0.79, 0.83, -0.04,  0,  0,  0
2586432.49976320, 0.778248, 1000,  998, 2, 0.79, 0.83, -0.04,  0,  0,  0
2586432.50226320, 0.085791, 1000,  998, 2, 0.79, 0.83, -0.04,  0,  0,  0
2586432.50476320, -0.341192, 1000,  998, 2, 0.79, 0.83, -0.04,  0,  0,  0
2586432.50726320, -0.331240, 1000,  998, 2, 0.79, 0.83, -0.04,  0,  0,  0
2586432.50976320, 0.171570, 1000,  998, 2, 0.79, 0.83, -0.04,  0,  0,  0
2586432.51476320, 1.630011, 1000,  998, 2, 0.79, 0.83, -0.04,  0,  0,  0
2586432.51726320, 1.419990, 1000,  998, 2, 0.79, 0.83, -0.04,  0,  0,  0
2586432.51976320, 0.167089, 1000,  998, 2, 0.79, 0.83, -0.04,  0,  0,  0
2586432.52226320, -0.287798, 1000,  998, 2, 0.79, 0.83, -0.04,  0,  0,  0
2586432.52476320, -0.725915, 1000,  998, 2, 0.79, 0.83, -0.04,  0,  0,  0
2586432.52726320, -0.695520, 1000,  998, 2, 0.79, 0.83, -0.04,  0,  0,  0
2586432.52976320, -0.665125, 1000,  998, 2, 0.79, 0.83, -0.04,  0,  0,  0
2586432.53226320, 0.943713, 1000,  998, 2, 0.79, 0.83, -0.04,  0,  0,  0
2586432.53476320, 1.649838, 1000,  998, 2, 0.79, 0.83, -0.04,  0,  0,  0
2586432.53726320, 1.447325, 1000,  998, 2, 0.79, 0.83, -0.04,  0,  0,  0
2586432.53976320, 1.153441, 1000,  998, 2, 0.79, 0.83, -0.04,  0,  0,  0
2586432.54226320, 0.859557, 1000,  998, 2, 0.79, 0.83, -0.04,  0,  0,  0
2586432.54476320, 0.107396, 1000,  998, 2, 0.79, 0.83, -0.04,  0,  0,  0
2586432.54726320, -1.703067, 1000,  998, 2, 0.79, 0.83, -0.04,  0,  0,  0
2586432.54976320, -0.843298, 1000,  998, 2, 0.79, 0.83, -0.04,  0,  0,  0
2586432.55226320, -0.059614, 1000,  998, 2, 0.79, 0.83, -0.04,  0,  0,  0
2586432.55476320, 0.307531, 1000,  998, 2, 0.79, 0.83, -0.04,  0,  0,  0
2586432.55726320, 0.229736, 1000,  998, 2, 0.79, 0.83, -0.04,  0,  0,  0
2586432.55976320, -0.411950, 1000,  998, 2, 0.79, 0.83, -0.04,  0,  0,  0
2586432.56226320, -1.407877, 1000,  998, 2, 0.79, 0.83, -0.04,  0,  0,  0
2586432.56476320, -2.075917, 1000,  998, 2, 0.79, 0.83, -0.04,  0,  0,  0
2586432.56726320, -1.613909, 1000,  998, 2, 0.79, 0.83, -0.04,  0,  0,  0
2586432.56976320, -0.823018, 1000,  998, 2, 0.79, 0.83, -0.04,  0,  0,  0
2586432.57226320, -0.550067, 1000,  998, 2, 0.79, 0.83, -0.04,  0,  0,  0
2586432.57476320, 0.184815, 1000,  998, 2, 0.79, 0.83, -0.04,  0,  0,  0
2586432.57726320, 0.170143, 1000,  998, 2, 0.79, 0.83, -0.04,  0,  0,  0
2586432.57976320, -0.431621, 1000,  998, 2, 0.79, 0.83, -0.04,  0,  0,  0
2586432.58226320, -1.138514, 1000,  998, 2, 0.79, 0.83, -0.04,  0,  0,  0
2586432.58476320, -1.548191, 1000,  998, 2, 0.79, 0.83, -0.04,  0,  0,  0
2586432.58726320, -1.758736, 1000,  998, 2, 0.79, 0.83, -0.04,  0,  0,  0
2586432.58976320, -1.654989, 1000,  998, 2, 0.79, 0.83, -0.04,  0,  0,  0
2586432.59226320, -1.551242, 1000,  998, 2, 0.79, 0.83, -0.04,  0,  0,  0
2586432.59476320, -1.447495, 1000,  998, 2, 0.79, 0.83, -0.04,  0,  0,  0
2586432.59726320, 0.622468, 1000,  998, 2, 0.79, 0.83, -0.04,  0,  0,  0
2586432.59976320, 0.427196, 1000,  998, 2, 0.79, 0.83, -0.04,  0,  0,  0
2586432.60226320, 0.022041, 1000,  998, 2, 0.79, 0.83, -0.04,  0,  0,  0
2586432.60476320, -1.094292, 1000,  998, 2, 0.79, 0.83, -0.04,  0,  0,  0
2586432.60726320, -0.990021, 1000,  998, 2, 0.79, 0.83, -0.04,  0,  0,  0
2586432.60976320, -0.491312, 1000,  998, 2, 0.79, 0.83, -0.04,  0,  0,  0
2586432.61226320, 0.102378, 1000,  998, 2, 0.79, 0.83, -0.04,  0,  0,  0
2586432.61476320, 0.902998, 1000,  998, 2, 0.79, 0.83, -0.04,  0,  0,  0
2586432.61726320, 1.491949, 1000,  998, 2, 0.79, 0.83, -0.04,  0,  0,  0
2586432.61976320, 0.822428, 1000,  998, 2, 0.79, 0.83, -0.04,  0,  0,  0
2586432.62226320, -0.313988, 1000,  998, 2, 0.79, 0.83, -0.04,  0,  0,  0
2586432.62476320, -0.844399, 1000,  998, 2, 0.79, 0.83, -0.04,  0,  0,  0
2586432.62726320, -0.700713, 1000,  998, 2, 0.79, 0.83, -0.04,  0,  0,  0
2586432.62976320, 0.180019, 1000,  998, 2, 0.79, 0.83, -0.04,  0,  0,  0
2586432.63226320, 1.740180, 1000,  998, 2, 0.79, 0.83, -0.04,  0,  0,  0
2586432.63476320, 2.031428, 1000,  998, 2, 0.79, 0.83, -0.04,  0,  0,  0
2586432.63726320, 1.768807, 1000,  998, 2, 0.79, 0.83, -0.04,  0,  0,  0
2586432.63976320, 0.995306, 1000,  998, 2, 0.79, 0.83, -0.04,  0,  0,  0
2586432.64226320, -0.069080, 1000,  998, 2, 0.79, 0.83, -0.04,  0,  0,  0
2586432.64476320, -0.427458, 1000,  998, 2, 0.79, 0.83, -0.04,  0,  0,  0
2586432.64726320, -0.412886, 1000,  998, 2, 0.79, 0.83, -0.04,  0,  0,  0
2586432.64976320, -0.373182, 1000,  998, 2, 0.79, 0.83, -0.04,  0,  0,  0
2586432.65226320, 1.338700, 1000,  998, 2, 0.79, 0.83, -0.04,  0,  0,  0
2586432.65476320, 1.977974, 1000,  998, 2, 0.79, 0.83, -0.04,  0,  0,  0
2586432.65726320, 1.734701, 1000,  998, 2, 0.79, 0.83, -0.04,  0,  0,  0
2586432.65976320, 0.869396, 1000,  998, 2, 0.79, 0.83, -0.04,  0,  0,  0
2586432.66226320, 0.234528, 1000,  998, 2, 0.79, 0.83, -0.04,  0,  0,  0
2586432.66476320, -0.373661, 1000,  998, 2, 0.79, 0.83, -0.04,  0,  0,  0
2586432.66726320, -0.857108, 1000,  998, 2, 0.79, 0.83, -0.04,  0,  0,  0
2586432.66976320, -0.395781, 1000,  998, 2, 0.79, 0.83, -0.04,  0,  0,  0
2586432.67226320, 0.152500, 1000,  998, 2, 0.79, 0.83, -0.04,  0,  0,  0
2586432.67476320, 0.974254, 1000,  998, 2, 0.79, 0.83, -0.04,  0,  0,  0
2586432.67726320, 0.518472, 1000,  998, 2, 0.79, 0.83, -0.04,  0,  0,  0
2586432.67976320, -0.216659, 1000,  998, 2, 0.79, 0.83, -0.04,  0,  0,  0
2586432.68226320, -0.881931, 1000,  998, 2, 0.79, 0.83, -0.04,  0,  0,  0
2586432.68476320, -1.710294, 1000,  998, 2, 0.79, 0.83, -0.04,  0,  0,  0
2586432.68726320, -1.644140, 1000,  998, 2, 0.79, 0.83, -0.04,  0,  0,  0
2586432.68976320, -0.598511, 1000,  998, 2, 0.79, 0.83, -0.04,  0,  0,  0
2586432.69226320, -0.232663, 1000,  998, 2, 0.79, 0.83, -0.04,  0,  0,  0
2586432.69476320, 0.337197, 1000,  998, 2, 0.79, 0.83, -0.04,  0,  0,  0
2586432.69976320, -0.876472, 1000,  998, 2, 0.79, 0.83, -0.04,  0,  0,  0
2586432.70226320, -1.419225, 1000,  998, 2, 0.79, 0.83, -0.04,  0,  0,  0
2586432.70476320, -2.313056, 1000,  998, 2, 0.79, 0.83, -0.04,  0,  0,  0
2586432.70726320, -2.098361, 1000,  998, 2, 0.79, 0.83, -0.04,  0,  0,  0
2586432.70976320, -1.476942, 1000,  998, 2, 0.79, 0.83, -0.04,  0,  0,  0
2586432.71226320, -0.512559, 1000,  998, 2, 0.79, 0.83, -0.04,  0,  0,  0
2586432.71476320, 0.678383, 1000,  998, 2, 0.79, 0.83, -0.04,  0,  0,  0
2586432.71726320, 0.385019, 1000,  998, 2, 0.79, 0.83, -0.04,  0,  0,  0
2586432.71976320, -0.505630, 1000,  998, 2, 0.79, 0.83, -0.04,  0,  0,  0
2586432.72226320, -1.484385, 1000,  998, 2, 0.79, 0.83, -0.04,  0,  0,  0
2586432.72476320, -1.228724, 1000,  998, 2, 0.79, 0.83, -0.04,  0,  0,  0
2586432.72726320, -0.925445, 1000,  998, 2, 0.79, 0.83, -0.04,  0,  0,  0
2586432.72976320, -0.589962, 1000,  998, 2, 0.79, 0.83, -0.04,  0,  0,  0
2586432.73226320, 0.953025, 1000,  998, 2, 0.79, 0.83, -0.04,  0,  0,  0
2586432.73476320, 1.534026, 1000,  998, 2, 0.79, 0.83, -0.04,  0,  0,  0
2586432.73726320, 1.663467, 1000,  998, 2, 0.79, 0.83, -0.04,  0,  0,  0
2586432.73976320, 1.034312, 1000,  998, 2, 0.79, 0.83, -0.04,  0,  0,  0
2586432.74226320, 0.304486, 1000,  998, 2, 0.79, 0.83, -0.04,  0,  0,  0
2586432.74476320, -0.108627, 1000,  998, 2, 0.79, 0.83, -0.04,  0,  0,  0
2586432.74726320, -0.136517, 1000,  998, 2, 0.79, 0.83, -0.04,  0,  0,  0
2586432.74976320, 1.149533, 1000,  998, 2, 0.79, 0.83, -0.04,  0,  0,  0
2586432.75226320, 2.191390, 1000,  998, 2, 0.79, 0.83, -0.04,  0,  0,  0
2586432.75476320, 2.181100, 1000,  998, 2, 0.79, 0.83, -0.04,  0,  0,  0
2586432.75726320, 1.835802, 1000,  998, 2, 0.79, 0.83, -0.04,  0,  0,  0
2586432.75976320, 0.706437, 1000,  998, 2, 0.79, 0.83, -0.04,  0,  0,  0
2586432.76226320, -0.698713, 1000,  998, 2, 0.79, 0.83, -0.04,  0,  0,  0
2586432.76476320, -0.737491, 1000,  998, 2, 0.79, 0.83, -0.04,  0,  0,  0
2586432.76726320, -0.405220, 1000,  998, 2, 0.79, 0.83, -0.04,  0,  0,  0
2586432.76976320, 0.273609, 1000,  998, 2, 0.79, 0.83, -0.04,  0,  0,  0
2586432.77226320, 0.946821, 1000,  998, 2, 0.79, 0.83, -0.04,  0,  0,  0
2586432.77476320, 1.628530, 1000,  998, 2, 0.79, 0.83, -0.04,  0,  0,  0
2586432.77726320, 1.101328, 1000,  998, 2, 0.79, 0.83, -0.04,  0,  0,  0
2586432.77976320, 0.829247, 1000,  998, 2, 0.79, 0.83, -0.04,  0,  0,  0
2586432.78226320, -0.164474, 1000,  998, 2, 0.79, 0.83, -0.04,  0,  0,  0
2586432.78476320, -0.460286, 1000,  998, 2, 0.79, 0.83, -0.04,  0,  0,  0
2586432.78726320, -0.727986, 1000,  998, 2, 0.79, 0.83, -0.04,  0,  0,  0
2586432.78976320, -0.173307, 1000,  998, 2, 0.79, 0.83, -0.04,  0,  0,  0
2586432.79226320, 1.037183, 1000,  998, 2, 0.79, 0.83, -0.04,  0,  0,  0
2586432.79476320, 1.037183, 1000,  998, 2, 0.79, 0.83, -0.04,  0,  0,  0
2586432.79726320, 1.037183, 1000,  998, 2, 0.79, 0.83, -0.04,  0,  0,  0
2586432.79976320, 1.037183, 1000,  998, 2, 0.79, 0.83, -0.04,  0,  0,  0
2586432.80226320, -1.239959, 1000,  998, 2, 0.79, 0.83, -0.04,  0,  0,  0
2586432.80476320, -1.239959, 1000,  998, 2, 0.79, 0.83, -0.04,  0,  0,  0
2586432.80726320, -0.950434, 1000,  998, 2, 0.79, 0.83, -0.04,  0,  0,  0
2586432.80976320, -0.196515, 1000,  998, 2, 0.79, 0.83, -0.04,  0,  0,  0
2586432.81226320, 0.535739, 1000,  998, 2, 0.79, 0.83, -0.04,  0,  0,  0
2586432.81476320, 0.997564, 1000,  998, 2, 0.79, 0.83, -0.04,  0,  0,  0
2586432.81726320, 0.973038, 1000,  998, 2, 0.79, 0.83, -0.04,  0,  0,  0
2586432.81976320, 0.535513, 1000,  999, 1, 0.79, 0.83, -0.04,  0,  0,  0
2586432.82226320, -0.667033, 1000,  999, 1, 0.79, 0.83, -0.04,  0,  0,  0
2586432.82476320, -1.459886, 1000,  999, 1, 0.79, 0.83, -0.04,  0,  0,  0
2586432.82976320, -0.642063, 1000,  999, 1, 0.79, 0.83, -0.04,  0,  0,  0
2586432.83226320, 0.265907, 1000,  999, 1, 0.79, 0.83, -0.04,  0,  0,  0
2586432.83476320, 1.283411, 1000,  999, 1, 0.79, 0.83, -0.04,  0,  0,  0
2586432.83726320, 1.303899, 1000,  999, 1, 0.79, 0.83, -0.04,  0,  0,  0
2586432.83976320, 0.731352, 1000,  998, 2, 0.79, 0.83, -0.04,  0,  0,  0
2586432.84226320, 0.343162, 1000,  998, 2, 0.79, 0.83, -0.04,  0,  0,  0
2586432.84476320, -0.045028, 1000,  998, 2, 0.79, 0.83, -0.04,  0,  0,  0
2586432.84726320, -0.493523, 1000,  998, 2, 0.79, 0.83, -0.04,  0,  0,  0
2586432.84976320, -0.937918, 1000,  998, 2, 0.79, 0.83, -0.04,  0,  0,  0
2586432.85226320, -0.551659, 1000,  998, 2, 0.79, 0.83, -0.04,  0,  0,  0
2586432.85476320, -0.165399, 1000,  998, 2, 0.79, 0.83, -0.04,  0,  0,  0
2586432.85726320, 0.335966, 1000,  998, 2, 0.79, 0.83, -0.04,  0,  0,  0
2586432.85976320, 0.600206, 1000,  998, 2, 0.79, 0.83, -0.04,  0,  0,  0
2586432.86226320, -0.353199, 1000,  998, 2, 0.79, 0.83, -0.04,  0,  0,  0
2586432.86476320, -1.212172, 1000,  998, 2, 0.79, 0.83, -0.04,  0,  0,  0
2586432.86726320, -1.382715, 1000,  998, 2, 0.79, 0.83, -0.04,  0,  0,  0
2586432.86976320, 0.222865, 1000,  998, 2, 0.79, 0.83, -0.04,  0,  0,  0
2586432.87226320, 1.047874, 1000,  998, 2, 0.79, 0.83, -0.04,  0,  0,  0
2586432.87476320, 1.237820, 1000,  998, 2, 0.79, 0.83, -0.04,  0,  0,  0
2586432.87726320, 0.946325, 1000,  998, 2, 0.79, 0.83, -0.04,  0,  0,  0
2586432.87976320, -0.956511, 1000,  998, 2, 0.79, 0.83, -0.04,  0,  0,  0
2586432.88226320, -1.646210, 1000,  998, 2, 0.79, 0.83, -0.04,  0,  0,  0
2586432.88476320, -1.623549, 1000,  998, 2, 0.79, 0.83, -0.04,  0,  0,  0
2586432.88726320, -1.170230, 1000,  998, 2, 0.79, 0.83, -0.04,  0,  0,  0
2586432.88976320, 0.268852, 1000,  998, 2, 0.79, 0.83, -0.04,  0,  0,  0
2586432.89226320, 0.962348, 1000,  998, 2, 0.79, 0.83, -0.04,  0,  0,  0
2586432.89476320, 0.962348, 1000,  998, 2, 0.79, 0.83, -0.04,  0,  0,  0
2586432.89726320, 0.331590, 1000,  998, 2, 0.79, 0.83, -0.04,  0,  0,  0
2586432.89976320, 0.205973, 1000,  998, 2, 0.79, 0.83, -0.04,  0,  0,  0
2586432.90226320, -0.424479, 1000,  998, 2, 0.79, 0.83, -0.04,  0,  0,  0
2586432.90476320, -1.209334, 1000,  998, 2, 0.79, 0.83, -0.04,  0,  0,  0
2586432.90726320, -1.499736, 1000,  998, 2, 0.79, 0.83, -0.04,  0,  0,  0
2586432.90976320, -1.377992, 1000,  998, 2, 0.79, 0.83, -0.04,  0,  0,  0
2586432.91226320, 1.026492, 1000,  998, 2, 0.79, 0.83, -0.04,  0,  0,  0
2586432.91476320, 1.026492, 1000,  998, 2, 0.79, 0.83, -0.04,  0,  0,  0
2586432.91726320, 1.026492, 1000,  998, 2, 0.79, 0.83, -0.04,  0,  0,  0
2586432.91976320, 1.026492, 1000,  998, 2, 0.79, 0.83, -0.04,  0,  0,  0
2586432.92226320, -0.955319, 1000,  998, 2, 0.79, 0.83, -0.04,  0,  0,  0
2586432.92476320, -1.488128, 1000,  998, 2, 0.79, 0.83, -0.04,  0,  0,  0
2586432.92726320, -1.129116, 1000,  998, 2, 0.79, 0.83, -0.04,  0,  0,  0
2586432.92976320, -0.211559, 1000,  998, 2, 0.79, 0.83, -0.04,  0,  0,  0
2586432.93226320, 0.567388, 1000,  998, 2, 0.79, 0.83, -0.04,  0,  0,  0
2586432.93476320, 1.241625, 1000,  998, 2, 0.79, 0.83, -0.04,  0,  0,  0
2586432.93726320, 0.534715, 1000,  998, 2, 0.79, 0.83, -0.04,  0,  0,  0
2586432.93976320, 0.534715, 1000,  998, 2, 0.79, 0.83, -0.04,  0,  0,  0
2586432.94226320, 0.534715, 1000,  998, 2, 0.79, 0.83, -0.04,  0,  0,  0
2586432.94476320, 0.534715, 1000,  998, 2, 0.79, 0.83, -0.04,  0,  0,  0
2586432.94726320, -0.384694, 1000,  998, 2, 0.79, 0.83, -0.04,  0,  0,  0
2586432.94976320, 0.080741, 1000,  998, 2, 0.79, 0.83, -0.04,  0,  0,  0
2586432.95226320, 1.002088, 1000,  998, 2, 0.79, 0.83, -0.04,  0,  0,  0
2586432.95476320, 1.154782, 1000,  998, 2, 0.79, 0.83, -0.04,  0,  0,  0
2586432.95726320, 1.122388, 1000,  998, 2, 0.79, 0.83, -0.04,  0,  0,  0
2586432.95976320, 0.452034, 1000,  998, 2, 0.79, 0.83, -0.04,  0,  0,  0
2586432.96226320, -0.628703, 1000,  998, 2, 0.79, 0.83, -0.04,  0,  0,  0
2586432.96476320, -1.035724, 1000,  998, 2, 0.79, 0.83, -0.04,  0,  0,  0
2586432.96726320, -1.052612, 1000,  998, 2, 0.79, 0.83, -0.04,  0,  0,  0
2586432.96976320, 0.199789, 1000,  998, 2, 0.79, 0.83, -0.04,  0,  0,  0
2586432.97226320, 1.090637, 1000,  998, 2, 0.79, 0.83, -0.04,  0,  0,  0
2586432.97476320, 1.082437, 1000,  998, 2, 0.79, 0.83, -0.04,  0,  0,  0
2586432.97726320, 1.016942, 1000,  998, 2, 0.79, 0.83, -0.04,  0,  0,  0
2586432.97976320, 0.944638, 1000,  998, 2, 0.79, 0.83, -0.04,  0,  0,  0
2586432.98226320, -0.758873, 1000,  998, 2, 0.79, 0.83, -0.04,  0,  0,  0
2586432.98476320, -0.802578, 1000,  998, 2, 0.79, 0.83, -0.04,  0,  0,  0
2586432.98726320, -0.963233, 1000,  998, 2, 0.79, 0.83, -0.04,  0,  0,  0
2586432.98976320, 0.032732, 1000,  998, 2, 0.79, 0.83, -0.04,  0,  0,  0
2586432.99226320, 1.189273, 1000,  998, 2, 0.79, 0.83, -0.04,  0,  0,  0
2586432.99476320, 1.594175, 1000,  998, 2, 0.79, 0.83, -0.04,  0,  0,  0
2586432.99726320, 1.606902, 1000,  998, 2, 0.79, 0.83, -0.04,  0,  0,  0
2586432.99976320, 1.209924, 1000,  998, 2, 0.79, 0.83, -0.04,  0,  0,  0
2586433.00226320, -0.240263, 1000,  998, 2, 0.79, 0.83, -0.04,  0,  0,  0
2586433.00476320, -0.580017, 1000,  998, 2, 0.79, 0.83, -0.04,  0,  0,  0
2586433.00726320, -0.074661, 1000,  998, 2, 0.79, 0.83, -0.04,  0,  0,  0
2586433.00976320, 0.352397, 1000,  998, 2, 0.79, 0.83, -0.04,  0,  0,  0
2586433.01476320, 1.330745, 1000,  998, 2, 0.79, 0.83, -0.04,  0,  0,  0
2586433.01726320, 1.110546, 1000,  998, 2, 0.79, 0.83, -0.04,  0,  0,  0
2586433.01976320, 0.240585, 1000,  998, 2, 0.79, 0.83, -0.04,  0,  0,  0
2586433.02226320, -0.712184, 1000,  998, 2, 0.79, 0.83, -0.04,  0,  0,  0
2586433.02476320, -1.091960, 1000,  998, 2, 0.79, 0.83, -0.04,  0,  0,  0
2586433.02726320, -1.024160, 1000,  998, 2, 0.79, 0.83, -0.04,  0,  0,  0
2586433.02976320, -0.875242, 1000,  998, 2, 0.79, 0.83, -0.04,  0,  0,  0
2586433.03226320, -0.309472, 1000,  998, 2, 0.79, 0.83, -0.04,  0,  0,  0
2586433.03476320, 0.561243, 1000,  998, 2, 0.79, 0.83, -0.04,  0,  0,  0
2586433.03726320, 0.907237, 1000,  998, 2, 0.79, 0.83, -0.04,  0,  0,  0
2586433.03976320, 0.439378, 1000,  998, 2, 0.79, 0.83, -0.04,  0,  0,  0
2586433.04226320, -0.528086, 1000,  998, 2, 0.79, 0.83, -0.04,  0,  0,  0
2586433.04476320, -1.496492, 1000,  998, 2, 0.79, 0.83, -0.04,  0,  0,  0
2586433.04726320, -1.506345, 1000,  998, 2, 0.79, 0.83, -0.04,  0,  0,  0
2586433.04976320, -1.211244, 1000,  998, 2, 0.79, 0.83, -0.04,  0,  0,  0
2586433.05226320, 0.469931, 1000,  998, 2, 0.79, 0.83, -0.04,  0,  0,  0
2586433.05476320, 0.858078, 1000,  998, 2, 0.79, 0.83, -0.04,  0,  0,  0
2586433.05726320, -0.027159, 1000,  998, 2, 0.79, 0.83, -0.04,  0,  0,  0
2586433.05976320, -1.238888, 1000,  998, 2, 0.79, 0.83, -0.04,  0,  0,  0
2586433.06226320, -1.838644, 1000,  998, 2, 0.79, 0.83, -0.04,  0,  0,  0
2586433.06476320, -1.825775, 1000,  998, 2, 0.79, 0.83, -0.04,  0,  0,  0
2586433.06726320, -1.550293, 1000,  998, 2, 0.79, 0.83, -0.04,  0,  0,  0
2586433.06976320, -0.356391, 1000,  998, 2, 0.79, 0.83, -0.04,  0,  0,  0
2586433.07226320, 0.288827, 1000,  998, 2, 0.79, 0.83, -0.04,  0,  0,  0
2586433.07476320, 0.391287, 1000,  998, 2, 0.79, 0.83, -0.04,  0,  0,  0
2586433.07726320, 0.453740, 1000,  998, 2, 0.79, 0.83, -0.04,  0,  0,  0
2586433.07976320, -0.326329, 1000,  998, 2, 0.79, 0.83, -0.04,  0,  0,  0
2586433.08226320, -1.341083, 1000,  998, 2, 0.79, 0.83, -0.04,  0,  0,  0
2586433.08476320, -1.632988, 1000,  998, 2, 0.79, 0.83, -0.04,  0,  0,  0
2586433.08726320, -1.440775, 1000,  998, 2, 0.79, 0.83, -0.04,  0,  0,  0
2586433.08976320, -1.273092, 1000,  998, 2, 0.79, 0.83, -0.04,  0,  0,  0
2586433.09226320, -0.471177, 1000,  998, 2, 0.79, 0.83, -0.04,  0,  0,  0
2586433.09476320, 1.295838, 1000,  998, 2, 0.79, 0.83, -0.04,  0,  0,  0
2586433.09726320, 1.011720, 1000,  998, 2, 0.79, 0.83, -0.04,  0,  0,  0
2586433.09976320, 0.063737, 1000,  998, 2, 0.79, 0.83, -0.04,  0,  0,  0
2586433.10226320, -0.556374, 1000,  998, 2, 0.79, 0.83, -0.04,  0,  0,  0
2586433.10476320, -0.810135, 1000,  998, 2, 0.79, 0.83, -0.04,  0,  0,  0
2586433.10726320, -0.774582, 1000,  998, 2, 0.79, 0.83, -0.04,  0,  0,  0
2586433.10976320, -0.128678, 1000,  998, 2, 0.79, 0.83, -0.04,  0,  0,  0
2586433.11226320, 0.794196, 1000,  998, 2, 0.79, 0.83, -0.04,  0,  0,  0
2586433.11476320, 1.892448, 1000,  998, 2, 0.79, 0.83, -0.04,  0,  0,  0
2586433.11726320, 1.599242, 1000,  998, 2, 0.79, 0.83, -0.04,  0,  0,  0
2586433.11976320, 0.441958, 1000,  998, 2, 0.79, 0.83, -0.04,  0,  0,  0
2586433.12226320, -0.604417, 1000,  998, 2, 0.79, 0.83, -0.04,  0,  0,  0
2586433.12476320, -0.470221, 1000,  998, 2, 0.79, 0.83, -0.04,  0,  0,  0
2586433.12726320, -0.351689, 1000,  998, 2, 0.79, 0.83, -0.04,  0,  0,  0
2586433.12976320, 0.395768, 1000,  998, 2, 0.79, 0.83, -0.04,  0,  0,  0
2586433.13226320, 1.113816, 1000,  998, 2, 0.79, 0.83, -0.04,  0,  0,  0
2586433.13476320, 1.614487, 1000,  998, 2, 0.79, 0.83, -0.04,  0,  0,  0
2586433.13726320, 1.529040, 1000,  998, 2, 0.79, 0.83, -0.04,  0,  0,  0
2586433.13976320, 1.261515, 1000,  998, 2, 0.79, 0.83, -0.04,  0,  0,  0
2586433.14226320, -1.119186, 1000,  998, 2, 0.79, 0.83, -0.04,  0,  0,  0
2586433.14476320, -1.389630, 1000,  998, 2, 0.79, 0.83, -0.04,  0,  0,  0
2586433.14726320, -0.957023, 1000,  998, 2, 0.79, 0.83, -0.04,  0,  0,  0
2586433.14976320, -0.049181, 1000,  998, 2, 0.79, 0.83, -0.04,  0,  0,  0
2586433.15226320, 0.284594, 1000,  998, 2, 0.79, 0.83, -0.04,  0,  0,  0
2586433.15476320, 0.618369, 1000,  998, 2, 0.79, 0.83, -0.04,  0,  0,  0
2586433.15726320, 1.281616, 1000,  998, 2, 0.79, 0.83, -0.04,  0,  0,  0
2586433.15976320, 0.706886, 1000,  998, 2, 0.79, 0.83, -0.04,  0,  0,  0
2586433.16226320, -0.408878, 1000,  998, 2, 0.79, 0.83, -0.04,  0,  0,  0
2586433.16476320, -1.285164, 1000,  998, 2, 0.79, 0.83, -0.04,  0,  0,  0
2586433.16726320, -1.340476, 1000,  998, 2, 0.79, 0.83, -0.04,  0,  0,  0
2586433.16976320, -0.686549, 1000,  998, 2, 0.79, 0.83, -0.04,  0,  0,  0
2586433.17226320, 0.296946, 1000,  998, 2, 0.79, 0.83, -0.04,  0,  0,  0
2586433.17476320, 1.238217, 1000,  998, 2, 0.79, 0.83, -0.04,  0,  0,  0
2586433.17726320, 1.427130, 1000,  998, 2, 0.79, 0.83, -0.04,  0,  0,  0
2586433.17976320, 0.091244, 1000,  998, 2, 0.79, 0.83, -0.04,  0,  0,  0
2586433.18226320, -1.384101, 1000,  998, 2, 0.79, 0.83, -0.04,  0,  0,  0
2586433.18476320, -1.742427, 1000,  998, 2, 0.79, 0.83, -0.04,  0,  0,  0
2586433.18726320, -1.508635, 1000,  998, 2, 0.79, 0.83, -0.04,  0,  0,  0
2586433.18976320, -0.681531, 1000,  998, 2, 0.79, 0.83, -0.04,  0,  0,  0
2586433.19226320, 0.152133, 1000,  998, 2, 0.79, 0.83, -0.04,  0,  0,  0
2586433.19476320, 0.581076, 1000,  998, 2, 0.79, 0.83, -0.04,  0,  0,  0
2586433.19976320, -0.438148, 1000,  998, 2, 0.79, 0.83, -0.04,  0,  0,  0
2586433.20226320, -0.701130, 1000,  998, 2, 0.79, 0.83, -0.04,  0,  0,  0
2586433.20476320, -1.038752, 1000,  998, 2, 0.79, 0.83, -0.04,  0,  0,  0
2586433.20726320, -1.006151, 1000,  998, 2, 0.79, 0.83, -0.04,  0,  0,  0
2586433.20976320, 0.256754, 1000,  998, 2, 0.79, 0.83, -0.04,  0,  0,  0
2586433.21226320, 0.264909, 1000,  998, 2, 0.79, 0.83, -0.04,  0,  0,  0
2586433.21476320, 1.121517, 1000,  998, 2, 0.79, 0.83, -0.04,  0,  0,  0
2586433.21726320, 1.030610, 1000,  998, 2, 0.79, 0.83, -0.04,  0,  0,  0
2586433.21976320, 0.604705, 1000,  998, 2, 0.79, 0.83, -0.04,  0,  0,  0
2586433.22226320, 0.014492, 1000,  998, 2, 0.79, 0.83, -0.04,  0,  0,  0
2586433.22476320, -0.575721, 1000,  998, 2, 0.79, 0.83, -0.04,  0,  0,  0
2586433.22726320, -0.485335, 1000,  998, 2, 0.79, 0.83, -0.04,  0,  0,  0
2586433.22976320, -0.020295, 1000,  998, 2, 0.79, 0.83, -0.04,  0,  0,  0
2586433.23226320, 0.481811, 1000,  998, 2, 0.79, 0.83, -0.04,  0,  0,  0
2586433.23476320, 1.037737, 1000,  998, 2, 0.79, 0.83, -0.04,  0,  0,  0
2586433.23726320, 1.044501, 1000,  998, 2, 0.79, 0.83, -0.04,  0,  0,  0
2586433.23976320, 0.088190, 1000,  998, 2, 0.79, 0.83, -0.04,  0,  0,  0
2586433.24226320, -0.561698, 1000,  998, 2, 0.79, 0.83, -0.04,  0,  0,  0
2586433.24476320, -0.739733, 1000,  998, 2, 0.79, 0.83, -0.04,  0,  0,  0
2586433.24726320, -0.917768, 1000,  998, 2, 0.79, 0.83, -0.04,  0,  0,  0
2586433.24976320, 0.096392, 1000,  998, 2, 0.79, 0.83, -0.04,  0,  0,  0
2586433.25226320, 0.523110, 1000,  998, 2, 0.79, 0.83, -0.04,  0,  0,  0
2586433.25476320, 1.156141, 1000,  998, 2, 0.79, 0.83, -0.04,  0,  0,  0
2586433.25726320, 0.915376, 1000,  998, 2, 0.79, 0.83, -0.04,  0,  0,  0
2586433.25976320, -0.031898, 1000,  998, 2, 0.79, 0.83, -0.04,  0,  0,  0
2586433.26226320, -0.486117, 1000,  998, 2, 0.79, 0.83, -0.04,  0,  0,  0
2586433.26476320, -1.082056, 1000,  998, 2, 0.79, 0.83, -0.04,  0,  0,  0
2586433.26726320, -1.070465, 1000,  998, 2, 0.79, 0.83, -0.04,  0,  0,  0
2586433.26976320, -0.105299, 1000,  998, 2, 0.79, 0.83, -0.04,  0,  0,  0
2586433.27226320, 0.645489, 1000,  998, 2, 0.79, 0.83, -0.04,  0,  0,  0
2586433.27476320, 1.165931, 1000,  998, 2, 0.79, 0.83, -0.04,  0,  0,  0
2586433.27726320, 0.780820, 1000,  998, 2, 0.79, 0.83, -0.04,  0,  0,  0
2586433.27976320, -0.397443, 1000,  998, 2, 0.79, 0.83, -0.04,  0,  0,  0
2586433.28226320, -0.672999, 1000,  998, 2, 0.79, 0.83, -0.04,  0,  0,  0
2586433.28476320, -0.761565, 1000,  998, 2, 0.79, 0.83, -0.04,  0,  0,  0
2586433.28726320, -0.850132, 1000,  998, 2, 0.79, 0.83, -0.04,  0,  0,  0
2586433.28976320, -0.157697, 1000,  998, 2, 0.79, 0.83, -0.04,  0,  0,  0
2586433.29226320, 0.626454, 1000,  998, 2, 0.79, 0.83, -0.04,  0,  0,  0
2586433.29476320, 0.885624, 1000,  998, 2, 0.79, 0.83, -0.04,  0,  0,  0
2586433.29726320, 1.144794, 1000,  998, 2, 0.79, 0.83, -0.04,  0,  0,  0
2586433.29976320, 1.071523, 1000,  998, 2, 0.79, 0.83, -0.04,  0,  0,  0
2586433.30226320, -0.187586, 1000,  998, 2, 0.79, 0.83, -0.04,  0,  0,  0
2586433.30476320, -0.971743, 1000,  998, 2, 0.79, 0.83, -0.04,  0,  0,  0
2586433.30726320, -1.412308, 1000,  998, 2, 0.79, 0.83, -0.04,  0,  0,  0
2586433.30976320, -0.010106, 1000,  998, 2, 0.79, 0.83, -0.04,  0,  0,  0
2586433.31226320, 0.730406, 1000,  998, 2, 0.79, 0.83, -0.04,  0,  0,  0
2586433.31476320, 0.641623, 1000,  998, 2, 0.79, 0.83, -0.04,  0,  0,  0
2586433.31726320, 0.342919, 1000,  998, 2, 0.79, 0.83, -0.04,  0,  0,  0
2586433.31976320, -0.388684, 1000,  998, 2, 0.79, 0.83, -0.04,  0,  0,  0
2586433.32226320, -1.307625, 1000,  998, 2, 0.79, 0.83, -0.04,  0,  0,  0
2586433.32476320, -1.229268, 1000,  998, 2, 0.79, 0.83, -0.04,  0,  0,  0
2586433.32976320, -0.057736, 1000,  998, 2, 0.79, 0.83, -0.04,  0,  0,  0
2586433.33226320, 0.800472, 1000,  998, 2, 0.79, 0.83, -0.04,  0,  0,  0
2586433.33476320, 0.914001, 1000,  998, 2, 0.79, 0.83, -0.04,  0,  0,  0
2586433.33726320, 0.289953, 1000,  998, 2, 0.79, 0.83, -0.04,  0,  0,  0
2586433.33976320, -0.037610, 1000,  998, 2, 0.79, 0.83, -0.04,  0,  0,  0
2586433.34226320, -0.795198, 1000,  998, 2, 0.79, 0.83, -0.04,  0,  0,  0
2586433.34476320, -1.015857, 1000,  998, 2, 0.79, 0.83, -0.04,  0,  0,  0
2586433.34726320, -1.236516, 1000,  998, 2, 0.79, 0.83, -0.04,  0,  0,  0
2586433.34976320, 0.070818, 1000,  998, 2, 0.79, 0.83, -0.04,  0,  0,  0
2586433.35226320, 0.757882, 1000,  998, 2, 0.79, 0.83, -0.04,  0,  0,  0
2586433.35476320, 1.253528, 1000,  998, 2, 0.79, 0.83, -0.04,  0,  0,  0
2586433.35726320, 1.272238, 1000,  998, 2, 0.79, 0.83, -0.04,  0,  0,  0
2586433.35976320, 0.513600, 1000,  998, 2, 0.79, 0.83, -0.04,  0,  0,  0
2586433.36226320, -0.264367, 1000,  998, 2, 0.79, 0.83, -0.04,  0,  0,  0
2586433.36476320, -0.772549, 1000,  998, 2, 0.79, 0.83, -0.04,  0,  0,  0
2586433.36726320, -1.196874, 1000,  998, 2, 0.79, 0.83, -0.04,  0,  0,  0
2586433.36976320, -0.331415, 1000,  998, 2, 0.79, 0.83, -0.04,  0,  0,  0
2586433.37226320, 0.853492, 1000,  998, 2, 0.79, 0.83, -0.04,  0,  0,  0
2586433.37476320, 1.190277, 1000,  998, 2, 0.79, 0.83, -0.04,  0,  0,  0
2586433.37726320, 0.722565, 1000,  998, 2, 0.79, 0.83, -0.04,  0,  0,  0
2586433.37976320, -0.187810, 1000,  998, 2, 0.79, 0.83, -0.04,  0,  0,  0
2586433.38226320, -0.909743, 1000,  998, 2, 0.79, 0.83, -0.04,  0,  0,  0
2586433.38476320, -1.214723, 1000,  998, 2, 0.79, 0.83, -0.04,  0,  0,  0
2586433.38726320, -0.415106, 1000,  998, 2, 0.79, 0.83, -0.04,  0,  0,  0
2586433.38976320, 0.342281, 1000,  998, 2, 0.79, 0.83, -0.04,  0,  0,  0
2586433.39226320, 1.013493, 1000,  998, 2, 0.79, 0.83, -0.04,  0,  0,  0
2586433.39476320, 1.561244, 1000,  998, 2, 0.79, 0.83, -0.04,  0,  0,  0
2586433.39726320, 1.058565, 1000,  998, 2, 0.79, 0.83, -0.04,  0,  0,  0
2586433.39976320, 0.620962, 1000,  998, 2, 0.79, 0.83, -0.04,  0,  0,  0
2586433.40226320, -0.271340, 1000,  998, 2, 0.79, 0.83, -0.04,  0,  0,  0
2586433.40476320, -0.612350, 1000,  998, 2, 0.79, 0.83, -0.04,  0,  0,  0
2586433.40726320, -0.791555, 1000,  998, 2, 0.79, 0.83, -0.04,  0,  0,  0
2586433.40976320, -0.212889, 1000,  998, 2, 0.79, 0.83, -0.04,  0,  0,  0
2586433.41226320, 0.669209, 1000,  998, 2, 0.79, 0.83, -0.04,  0,  0,  0
2586433.41476320, 1.012654, 1000,  998, 2, 0.79, 0.83, -0.04,  0,  0,  0
2586433.41726320, 1.156502, 1000,  998, 2, 0.79, 0.83, -0.04,  0,  0,  0
2586433.41976320, 1.300351, 1000,  998, 2, 0.79, 0.83, -0.04,  0,  0,  0
2586433.42226320, -1.304104, 1000,  998, 2, 0.79, 0.83, -0.04,  0,  0,  0
2586433.42476320, -1.304104, 1000,  998, 2, 0.79, 0.83, -0.04,  0,  0,  0
2586433.42726320, -1.220541, 1000,  998, 2, 0.79, 0.83, -0.04,  0,  0,  0
2586433.42976320, -0.963236, 1000,  998, 2, 0.79, 0.83, -0.04,  0,  0,  0
2586433.43226320, -0.323379, 1000,  998, 2, 0.79, 0.83, -0.04,  0,  0,  0
2586433.43476320, 1.312657, 1000,  998, 2, 0.79, 0.83, -0.04,  0,  0,  0
2586433.43726320, 0.945536, 1000,  998, 2, 0.79, 0.83, -0.04,  0,  0,  0
2586433.43976320, -0.609709, 1000,  998, 2, 0.79, 0.83, -0.04,  0,  0,  0
2586433.44226320, -1.389630, 1000,  998, 2, 0.79, 0.83, -0.04,  0,  0,  0
2586433.44476320, -1.341278, 1000,  998, 2, 0.79, 0.83, -0.04,  0,  0,  0
2586433.44726320, -1.069217, 1000,  998, 2, 0.79, 0.83, -0.04,  0,  0,  0
2586433.44976320, -0.250806, 1000,  998, 2, 0.79, 0.83, -0.04,  0,  0,  0
2586433.45226320, 0.673696, 1000,  998, 2, 0.79, 0.83, -0.04,  0,  0,  0
2586433.45476320, 0.706795, 1000,  998, 2, 0.79, 0.83, -0.04,  0,  0,  0
2586433.45726320, 0.802140, 1000,  998, 2, 0.79, 0.83, -0.04,  0,  0,  0
2586433.45976320, 0.155415, 1000,  998, 2, 0.79, 0.83, -0.04,  0,  0,  0
2586433.46226320, -0.903836, 1000,  998, 2, 0.79, 0.83, -0.04,  0,  0,  0
2586433.46476320, -1.539946, 1000,  998, 2, 0.79, 0.83, -0.04,  0,  0,  0
2586433.46726320, -0.609502, 1000,  998, 2, 0.79, 0.83, -0.04,  0,  0,  0
2586433.46976320, 0.086470, 1000,  998, 2, 0.79, 0.83, -0.04,  0,  0,  0
2586433.47226320, 0.632828, 1000,  998, 2, 0.79, 0.83, -0.04,  0,  0,  0
2586433.47476320, 0.986524, 1000,  998, 2, 0.79, 0.83, -0.04,  0,  0,  0
2586433.47726320, 1.200224, 1000,  998, 2, 0.79, 0.83, -0.04,  0,  0,  0
2586433.47976320, 1.152045, 1000,  998, 2, 0.79, 0.83, -0.04,  0,  0,  0
2586433.48226320, 1.103866, 1000,  998, 2, 0.79, 0.83, -0.04,  0,  0,  0
2586433.48476320, 0.522644, 1000,  998, 2, 0.79, 0.83, -0.04,  0,  0,  0
2586433.48726320, -0.584171, 1000,  998, 2, 0.79, 0.83, -0.04,  0,  0,  0
2586433.48976320, -0.482322, 1000,  998, 2, 0.79, 0.83, -0.04,  0,  0,  0
2586433.49226320, 0.360322, 1000,  998, 2, 0.79, 0.83, -0.04,  0,  0,  0
2586433.49476320, 1.315466, 1000,  998, 2, 0.79, 0.83, -0.04,  0,  0,  0
2586433.49726320, 1.241131, 1000,  998, 2, 0.79, 0.83, -0.04,  0,  0,  0
2586433.49976320, -0.394071, 1000,  998, 2, 0.79, 0.83, -0.04,  0,  0,  0
2586433.50226320, -1.272032, 1000,  998, 2, 0.79, 0.83, -0.04,  0,  0,  0
2586433.50476320, -1.251508, 1000,  998, 2, 0.79, 0.83, -0.04,  0,  0,  0
2586433.50726320, -0.481509, 1000,  998, 2, 0.79, 0.83, -0.04,  0,  0,  0
2586433.50976320, 0.813393, 1000,  998, 2, 0.79, 0.83, -0.04,  0,  0,  0
2586433.51476320, 1.387464, 1000,  998, 2, 0.79, 0.83, -0.04,  0,  0,  0
2586433.51726320, 1.199686, 1000,  998, 2, 0.79, 0.83, -0.04,  0,  0,  0
2586433.51976320, -0.241693, 1000,  998, 2, 0.79, 0.83, -0.04,  0,  0,  0
2586433.52226320, -1.175814, 1000,  998, 2, 0.79, 0.83, -0.04,  0,  0,  0
2586433.52476320, -1.242881, 1000,  998, 2, 0.79, 0.83, -0.04,  0,  0,  0
2586433.52726320, -1.581694, 1000,  998, 2, 0.79, 0.83, -0.04,  0,  0,  0
2586433.52976320, -1.332007, 1000,  998, 2, 0.79, 0.83, -0.04,  0,  0,  0
2586433.53226320, -0.710471, 1000,  998, 2, 0.79, 0.83, -0.04,  0,  0,  0
2586433.53476320, 0.844086, 1000,  998, 2, 0.79, 0.83, -0.04,  0,  0,  0
2586433.53726320, 0.946479, 1000,  998, 2, 0.79, 0.83, -0.04,  0,  0,  0
2586433.53976320, 1.048873, 1000,  998, 2, 0.79, 0.83, -0.04,  0,  0,  0
2586433.54226320, 1.151266, 1000,  998, 2, 0.79, 0.83, -0.04,  0,  0,  0
2586433.54476320, 0.181060, 1000,  998, 2, 0.79, 0.83, -0.04,  0,  0,  0
2586433.54726320, -1.330973, 1000,  998, 2, 0.79, 0.83, -0.04,  0,  0,  0
2586433.54976320, -0.519818, 1000,  998, 2, 0.79, 0.83, -0.04,  0,  0,  0
2586433.55226320, 0.563021, 1000,  998, 2, 0.79, 0.83, -0.04,  0,  0,  0
2586433.55476320, 0.806185, 1000,  998, 2, 0.79, 0.83, -0.04,  0,  0,  0
2586433.55726320, -0.117424, 1000,  998, 2, 0.79, 0.83, -0.04,  0,  0,  0
2586433.55976320, -0.460734, 1000,  998, 2, 0.79, 0.83, -0.04,  0,  0,  0
2586433.56226320, -1.179576, 1000,  998, 2, 0.79, 0.83, -0.04,  0,  0,  0
2586433.56476320, -1.387774, 1000,  998, 2, 0.79, 0.83, -0.04,  0,  0,  0
2586433.56726320, -0.919235, 1000,  998, 2, 0.79, 0.83, -0.04,  0,  0,  0
2586433.56976320, -0.334706, 1000,  998, 2, 0.79, 0.83, -0.04,  0,  0,  0
2586433.57226320, 0.679956, 1000,  998, 2, 0.79, 0.83, -0.04,  0,  0,  0
2586433.57476320, 1.182822, 1000,  998, 2, 0.79, 0.83, -0.04,  0,  0,  0
2586433.57726320, 0.577478, 1000,  998, 2, 0.79, 0.83, -0.04,  0,  0,  0
2586433.57976320, 0.577478, 1000,  998, 2, 0.79, 0.83, -0.04,  0,  0,  0
2586433.58226320, -0.684037, 1000,  998, 2, 0.79, 0.83, -0.04,  0,  0,  0
2586433.58476320, -0.788702, 1000,  998, 2, 0.79, 0.83, -0.04,  0,  0,  0
2586433.58726320, -1.030289, 1000,  998, 2, 0.79, 0.83, -0.04,  0,  0,  0
2586433.58976320, -0.669074, 1000,  998, 2, 0.79, 0.83, -0.04,  0,  0,  0
2586433.59226320, 0.495396, 1000,  998, 2, 0.79, 0.83, -0.04,  0,  0,  0
2586433.59476320, 1.435318, 1000,  998, 2, 0.79, 0.83, -0.04,  0,  0,  0
2586433.59726320, 1.556341, 1000,  998, 2, 0.79, 0.83, -0.04,  0,  0,  0
2586433.59976320, 0.968328, 1000,  998, 2, 0.79, 0.83, -0.04,  0,  0,  0
2586433.60226320, 0.051031, 1000,  998, 2, 0.79, 0.83, -0.04,  0,  0,  0
2586433.60476320, -0.313706, 1000,  998, 2, 0.79, 0.83, -0.04,  0,  0,  0
2586433.60726320, -0.461733, 1000,  998, 2, 0.79, 0.83, -0.04,  0,  0,  0
2586433.60976320, 0.858993, 1000,  998, 2, 0.79, 0.83, -0.04,  0,  0,  0
2586433.61226320, 1.385945, 1000,  998, 2, 0.79, 0.83, -0.04,  0,  0,  0
2586433.61476320, 1.313137, 1000,  998, 2, 0.79, 0.83, -0.04,  0,  0,  0
2586433.61726320, 0.866130, 1000,  998, 2, 0.79, 0.83, -0.04,  0,  0,  0
2586433.61976320, 0.369151, 1000,  998, 2, 0.79, 0.83, -0.04,  0,  0,  0
2586433.62226320, -0.509846, 1000,  998, 2, 0.79, 0.83, -0.04,  0,  0,  0
2586433.62476320, -0.928814, 1000,  998, 2, 0.79, 0.83, -0.04,  0,  0,  0
2586433.62726320, -0.383084, 1000,  997, 3, 0.79, 0.83, -0.04,  0,  0,  0
2586433.62976320, 0.647090, 1000,  997, 3, 0.79, 0.83, -0.04,  0,  0,  0
2586433.63226320, 1.272381, 1000,  997, 3, 0.79, 0.83, -0.04,  0,  0,  0
2586433.63476320, 1.329320, 1000,  996, 4, 0.79, 0.83, -0.04,  0,  0,  0
2586433.63726320, 0.715668, 1000,  996, 4, 0.79, 0.83, -0.04,  0,  0,  0
2586433.63976320, -0.083331, 1000,  996, 4, 0.79, 0.83, -0.04,  0,  0,  0
2586433.64226320, -0.822797, 1000,  996, 4, 0.79, 0.83, -0.04,  0,  0,  0
2586433.64476320, -1.070343, 1000,  996, 4, 0.79, 0.83, -0.04,  0,  0,  0
2586433.64726320, -0.633680, 1000,  996, 4, 0.79, 0.83, -0.04,  0,  0,  0
2586433.64976320, 0.199841, 1000,  996, 4, 0.79, 0.83, -0.04,  0,  0,  0
2586433.65226320, 0.897735, 1000,  996, 4, 0.79, 0.83, -0.04,  0,  0,  0
2586433.65476320, 1.080055, 1000,  997, 3, 0.79, 0.83, -0.04,  0,  0,  0
2586433.65726320, 0.943706, 1000,  997, 3, 0.79, 0.83, -0.04,  0,  0,  0
2586433.65976320, 0.553996, 1000,  997, 3, 0.79, 0.83, -0.04,  0,  0,  0
2586433.66226320, 0.094922, 1000,  997, 3, 0.79, 0.83, -0.04,  0,  0,  0
2586433.66476320, -0.364152, 1000,  998, 2, 0.79, 0.83, -0.04,  0,  0,  0
2586433.66726320, -0.945339, 1000,  998, 2, 0.79, 0.83, -0.04,  0,  0,  0
2586433.66976320, -0.505427, 1000,  998, 2, 0.79, 0.83, -0.04,  0,  0,  0
2586433.67226320, 0.106226, 1000,  998, 2, 0.79, 0.83, -0.04,  0,  0,  0
2586433.67476320, 0.647252, 1000,  998, 2, 0.79, 0.83, -0.04,  0,  0,  0
2586433.67726320, 0.682041, 1000,  998, 2, 0.79, 0.83, -0.04,  0,  0,  0
2586433.67976320, -0.426070, 1000,  998, 2, 0.79, 0.83, -0.04,  0,  0,  0
2586433.68226320, -1.932303, 1000,  998, 2, 0.79, 0.83, -0.04,  0,  0,  0
2586433.68476320, -1.870717, 1000,  998, 2, 0.79, 0.83, -0.04,  0,  0,  0
2586433.68726320, -1.737480, 1000,  998, 2, 0.79, 0.83, -0.04,  0,  0,  0
2586433.68976320, -0.855772, 1000,  998, 2, 0.79, 0.83, -0.04,  0,  0,  0
2586433.69226320, 0.267544, 1000,  998, 2, 0.79, 0.83, -0.04,  0,  0,  0
2586433.69476320, 0.898613, 1000,  998, 2, 0.79, 0.83, -0.04,  0,  0,  0
2586433.69976320, -0.919235, 1000,  998, 2, 0.79, 0.83, -0.04,  0,  0,  0
2586433.70226320, -0.919235, 1000,  998, 2, 0.79, 0.83, -0.04,  0,  0,  0
2586433.70476320, -1.314795, 1000,  998, 2, 0.79, 0.83, -0.04,  0,  0,  0
2586433.70726320, -1.267720, 1000,  998, 2, 0.79, 0.83, -0.04,  0,  0,  0
2586433.70976320, -0.756928, 1000,  998, 2, 0.79, 0.83, -0.04,  0,  0,  0
2586433.71226320, -0.246135, 1000,  998, 2, 0.79, 0.83, -0.04,  0,  0,  0
2586433.71476320, 0.264658, 1000,  998, 2, 0.79, 0.83, -0.04,  0,  0,  0
2586433.71726320, 0.776562, 1000,  998, 2, 0.79, 0.83, -0.04,  0,  0,  0
2586433.71976320, 0.777343, 1000,  998, 2, 0.79, 0.83, -0.04,  0,  0,  0
2586433.72226320, 0.333517, 1000,  998, 2, 0.79, 0.83, -0.04,  0,  0,  0
2586433.72476320, -0.117298, 1000,  998, 2, 0.79, 0.83, -0.04,  0,  0,  0
2586433.72726320, -0.648137, 1000,  998, 2, 0.79, 0.83, -0.04,  0,  0,  0
2586433.72976320, -0.194444, 1000,  998, 2, 0.79, 0.83, -0.04,  0,  0,  0
2586433.73226320, 0.836774, 1000,  998, 2, 0.79, 0.83, -0.04,  0,  0,  0
2586433.73476320, 1.860376, 1000,  998, 2, 0.79, 0.83, -0.04,  0,  0,  0
2586433.73726320, 1.860376, 1000,  998, 2, 0.79, 0.83, -0.04,  0,  0,  0
2586433.73976320, 0.000175, 1000,  998, 2, 0.79, 0.83, -0.04,  0,  0,  0
2586433.74226320, -0.340628, 1000,  998, 2, 0.79, 0.83, -0.04,  0,  0,  0
2586433.74476320, -0.779391, 1000,  998, 2, 0.79, 0.83, -0.04,  0,  0,  0
2586433.74726320, -0.045832, 1000,  998, 2, 0.79, 0.83, -0.04,  0,  0,  0
2586433.74976320, 0.716459, 1000,  998, 2, 0.79, 0.83, -0.04,  0,  0,  0
2586433.75226320, 0.998523, 1000,  998, 2, 0.79, 0.83, -0.04,  0,  0,  0
2586433.75476320, 1.426642, 1000,  998, 2, 0.79, 0.83, -0.04,  0,  0,  0
2586433.75726320, 0.977955, 1000,  998, 2, 0.79, 0.83, -0.04,  0,  0,  0
2586433.75976320, 0.085701, 1000,  998, 2, 0.79, 0.83, -0.04,  0,  0,  0
2586433.76226320, -0.240114, 1000,  998, 2, 0.79, 0.83, -0.04,  0,  0,  0
2586433.76476320, -1.116432, 1000,  998, 2, 0.79, 0.83, -0.04,  0,  0,  0
2586433.76726320, -0.615609, 1000,  998, 2, 0.79, 0.83, -0.04,  0,  0,  0
2586433.76976320, 0.427807, 1000,  998, 2, 0.79, 0.83, -0.04,  0,  0,  0
2586433.77226320, 0.427807, 1000,  998, 2, 0.79, 0.83, -0.04,  0,  0,  0
2586433.77476320, 1.293763, 1000,  998, 2, 0.79, 0.83, -0.04,  0,  0,  0
2586433.77726320, 1.293763, 1000,  998, 2, 0.79, 0.83, -0.04,  0,  0,  0
2586433.77976320, 0.935540, 1000,  998, 2, 0.79, 0.83, -0.04,  0,  0,  0
2586433.78226320, -1.034081, 1000,  998, 2, 0.79, 0.83, -0.04,  0,  0,  0
2586433.78476320, -1.382414, 1000,  998, 2, 0.79, 0.83, -0.04,  0,  0,  0
2586433.78726320, -1.499038, 1000,  998, 2, 0.79, 0.83, -0.04,  0,  0,  0
2586433.78976320, -1.590391, 1000,  998, 2, 0.79, 0.83, -0.04,  0,  0,  0
2586433.79226320, -0.070957, 1000,  998, 2, 0.79, 0.83, -0.04,  0,  0,  0
2586433.79476320, 0.562023, 1000,  998, 2, 0.79, 0.83, -0.04,  0,  0,  0
2586433.79726320, 0.713733, 1000,  998, 2, 0.79, 0.83, -0.04,  0,  0,  0
2586433.79976320, -0.204146, 1000,  998, 2, 0.79, 0.83, -0.04,  0,  0,  0
2586433.80226320, -1.183490, 1000,  998, 2, 0.79, 0.83, -0.04,  0,  0,  0
2586433.80476320, -1.572772, 1000,  998, 2, 0.79, 0.83, -0.04,  0,  0,  0
2586433.80726320, -1.183210, 1000,  998, 2, 0.79, 0.83, -0.04,  0,  0,  0
2586433.80976320, -0.074661, 1000,  998, 2, 0.79, 0.83, -0.04,  0,  0,  0
2586433.81226320, 0.335753, 1000,  998, 2, 0.79, 0.83, -0.04,  0,  0,  0
2586433.81476320, 0.716264, 1000,  998, 2, 0.79, 0.83, -0.04,  0,  0,  0
2586433.81726320, 0.321779, 1000,  998, 2, 0.79, 0.83, -0.04,  0,  0,  0
2586433.81976320, -0.526324, 1000,  998, 2, 0.79, 0.83, -0.04,  0,  0,  0
2586433.82226320, -1.267565, 1000,  998, 2, 0.79, 0.83, -0.04,  0,  0,  0
2586433.82726320, -1.156596, 1000,  998, 2, 0.79, 0.83, -0.04,  0,  0,  0
2586433.82976320, 0.071644, 1000,  998, 2, 0.79, 0.83, -0.04,  0,  0,  0
2586433.83226320, 1.029967, 1000,  998, 2, 0.79, 0.83, -0.04,  0,  0,  0
2586433.83476320, 1.400671, 1000,  998, 2, 0.79, 0.83, -0.04,  0,  0,  0
2586433.83726320, 1.184810, 1000,  998, 2, 0.79, 0.83, -0.04,  0,  0,  0
2586433.83976320, -0.021929, 1000,  998, 2, 0.79, 0.83, -0.04,  0,  0,  0
2586433.84226320, -0.823803, 1000,  998, 2, 0.79, 0.83, -0.04,  0,  0,  0
2586433.84476320, -1.018539, 1000,  998, 2, 0.79, 0.83, -0.04,  0,  0,  0
2586433.84726320, -0.511939, 1000,  998, 2, 0.79, 0.83, -0.04,  0,  0,  0
2586433.84976320, 0.547034, 1000,  998, 2, 0.79, 0.83, -0.04,  0,  0,  0
2586433.85226320, 1.274747, 1000,  998, 2, 0.79, 0.83, -0.04,  0,  0,  0
2586433.85476320, 1.571162, 1000,  998, 2, 0.79, 0.83, -0.04,  0,  0,  0
2586433.85726320, 1.867578, 1000,  998, 2, 0.79, 0.83, -0.04,  0,  0,  0
2586433.85976320, 1.140904, 1000,  998, 2, 0.79, 0.83, -0.04,  0,  0,  0
2586433.86226320, -0.136243, 1000,  998, 2, 0.79, 0.83, -0.04,  0,  0,  0
2586433.86476320, -0.667402, 1000,  998, 2, 0.79, 0.83, -0.04,  0,  0,  0
2586433.86726320, -0.695180, 1000,  998, 2, 0.79, 0.83, -0.04,  0,  0,  0
2586433.86976320, -0.619540, 1000,  998, 2, 0.79, 0.83, -0.04,  0,  0,  0
2586433.87226320, -0.543901, 1000,  998, 2, 0.79, 0.83, -0.04,  0,  0,  0
2586433.87476320, 0.903649, 1000,  998, 2, 0.79, 0.83, -0.04,  0,  0,  0
2586433.87726320, 0.924189, 1000,  998, 2, 0.79, 0.83, -0.04,  0,  0,  0
2586433.87976320, 0.616847, 1000,  998, 2, 0.79, 0.83, -0.04,  0,  0,  0
2586433.88226320, 0.076529, 1000,  998, 2, 0.79, 0.83, -0.04,  0,  0,  0
2586433.88476320, -0.509120, 1000,  998, 2, 0.79, 0.83, -0.04,  0,  0,  0
2586433.88726320, -0.278222, 1000,  998, 2, 0.79, 0.83, -0.04,  0,  0,  0
2586433.88976320, 0.299517, 1000,  998, 2, 0.79, 0.83, -0.04,  0,  0,  0
2586433.89226320, 0.847814, 1000,  998, 2, 0.79, 0.83, -0.04,  0,  0,  0
2586433.89476320, 1.291026, 1000,  998, 2, 0.79, 0.83, -0.04,  0,  0,  0
2586433.89726320, 0.583434, 1000,  998, 2, 0.79, 0.83, -0.04,  0,  0,  0
2586433.89976320, -0.394559, 1000,  998, 2, 0.79, 0.83, -0.04,  0,  0,  0
2586433.90226320, -1.564359, 1000,  998, 2, 0.79, 0.83, -0.04,  0,  0,  0
2586433.90476320, -1.806572, 1000,  998, 2, 0.79, 0.83, -0.04,  0,  0,  0
2586433.90726320, -1.567506, 1000,  998, 2, 0.79, 0.83, -0.04,  0,  0,  0
2586433.90976320, -0.700572, 1000,  998, 2, 0.79, 0.83, -0.04,  0,  0,  0
2586433.91226320, 0.657174, 1000,  998, 2, 0.79, 0.83, -0.04,  0,  0,  0
2586433.91476320, 1.383562, 1000,  998, 2, 0.79, 0.83, -0.04,  0,  0,  0
2586433.91726320, 0.494142, 1000,  998, 2, 0.79, 0.83, -0.04,  0,  0,  0
2586433.91976320, -0.550993, 1000,  998, 2, 0.79, 0.83, -0.04,  0,  0,  0
2586433.92226320, -1.105154, 1000,  998, 2, 0.79, 0.83, -0.04,  0,  0,  0
2586433.92476320, -1.189356, 1000,  998, 2, 0.79, 0.83, -0.04,  0,  0,  0
2586433.92726320, -0.829900, 1000,  998, 2, 0.79, 0.83, -0.04,  0,  0,  0
2586433.92976320, -0.249829, 1000,  998, 2, 0.79, 0.83, -0.04,  0,  0,  0
2586433.93226320, 0.770857, 1000,  998, 2, 0.79, 0.83, -0.04,  0,  0,  0
2586433.93476320, 1.298029, 1000,  998, 2, 0.79, 0.83, -0.04,  0,  0,  0
2586433.93726320, 0.865710, 1000,  998, 2, 0.79, 0.83, -0.04,  0,  0,  0
2586433.93976320, -0.312112, 1000,  998, 2, 0.79, 0.83, -0.04,  0,  0,  0
2586433.94226320, -1.314795, 1000,  998, 2, 0.79, 0.83, -0.04,  0,  0,  0
2586433.94476320, -1.414441, 1000,  998, 2, 0.79, 0.83, -0.04,  0,  0,  0
2586433.94726320, -1.207817, 1000,  998, 2, 0.79, 0.83, -0.04,  0,  0,  0
2586433.94976320, 0.057514, 1000,  998, 2, 0.79, 0.83, -0.04,  0,  0,  0
2586433.95226320, 0.898203, 1000,  998, 2, 0.79, 0.83, -0.04,  0,  0,  0
2586433.95476320, 0.880561, 1000,  998, 2, 0.79, 0.83, -0.04,  0,  0,  0
2586433.95726320, 0.614251, 1000,  998, 2, 0.79, 0.83, -0.04,  0,  0,  0
2586433.95976320, 0.163836, 1000,  998, 2, 0.79, 0.83, -0.04,  0,  0,  0
2586433.96226320, -1.528611, 1000,  998, 2, 0.79, 0.83, -0.04,  0,  0,  0
2586433.96476320, -1.563293, 1000,  998, 2, 0.79, 0.83, -0.04,  0,  0,  0
2586433.96726320, -1.485890, 1000,  998, 2, 0.79, 0.83, -0.04,  0,  0,  0
2586433.96976320, -1.194378, 1000,  998, 2, 0.79, 0.83, -0.04,  0,  0,  0
2586433.97226320, -0.868826, 1000,  998, 2, 0.79, 0.83, -0.04,  0,  0,  0
2586433.97476320, -0.543274, 1000,  998, 2, 0.79, 0.83, -0.04,  0,  0,  0
2586433.97726320, -0.053279, 1000,  998, 2, 0.79, 0.83, -0.04,  0,  0,  0
2586433.97976320, -0.150026, 1000,  998, 2, 0.79, 0.83, -0.04,  0,  0,  0
2586433.98226320, -0.611250, 1000,  998, 2, 0.79, 0.83, -0.04,  0,  0,  0
2586433.98476320, -1.072474, 1000,  998, 2, 0.79, 0.83, -0.04,  0,  0,  0
2586433.98726320, -0.770781, 1000,  998, 2, 0.79, 0.83, -0.04,  0,  0,  0
2586433.98976320, 0.110519, 1000,  998, 2, 0.79, 0.83, -0.04,  0,  0,  0
2586433.99226320, 0.620092, 1000,  998, 2, 0.79, 0.83, -0.04,  0,  0,  0
2586433.99476320, 0.640335, 1000,  998, 2, 0.79, 0.83, -0.04,  0,  0,  0
2586433.99726320, 0.660578, 1000,  998, 2, 0.79, 0.83, -0.04,  0,  0,  0
2586433.99976320, 0.206120, 1000,  998, 2, 0.79, 0.83, -0.04,  0,  0,  0
2586434.00226320, -0.927416, 1000,  998, 2, 0.79, 0.83, -0.04,  0,  0,  0
2586434.00476320, -1.533116, 1000,  998, 2, 0.79, 0.83, -0.04,  0,  0,  0
2586434.00726320, -1.068906, 1000,  998, 2, 0.79, 0.83, -0.04,  0,  0,  0
2586434.00976320, -0.485013, 1000,  998, 2, 0.79, 0.83, -0.04,  0,  0,  0
2586434.01476320, 1.217711, 1000,  998, 2, 0.79, 0.83, -0.04,  0,  0,  0
2586434.01726320, 0.935073, 1000,  998, 2, 0.79, 0.83, -0.04,  0,  0,  0
2586434.01976320, 0.372751, 1000,  998, 2, 0.79, 0.83, -0.04,  0,  0,  0
2586434.02226320, -0.331773, 1000,  998, 2, 0.79, 0.83, -0.04,  0,  0,  0
2586434.02476320, -0.736073, 1000,  998, 2, 0.79, 0.83, -0.04,  0,  0,  0
2586434.02726320, -0.479877, 1000,  998, 2, 0.79, 0.83, -0.04,  0,  0,  0
2586434.02976320, 0.258851, 1000,  998, 2, 0.79, 0.83, -0.04,  0,  0,  0
2586434.03226320, 1.055976, 1000,  998, 2, 0.79, 0.83, -0.04,  0,  0,  0
2586434.03476320, 1.477648, 1000,  998, 2, 0.79, 0.83, -0.04,  0,  0,  0
2586434.03726320, 0.438498, 1000,  998, 2, 0.79, 0.83, -0.04,  0,  0,  0
2586434.03976320, 0.438498, 1000,  998, 2, 0.79, 0.83, -0.04,  0,  0,  0
2586434.04226320, 0.071192, 1000,  998, 2, 0.79, 0.83, -0.04,  0,  0,  0
2586434.04476320, -0.730857, 1000,  998, 2, 0.79, 0.83, -0.04,  0,  0,  0
2586434.04726320, -0.742616, 1000,  998, 2, 0.79, 0.83, -0.04,  0,  0,  0
2586434.04976320, -0.074375, 1000,  998, 2, 0.79, 0.83, -0.04,  0,  0,  0
2586434.05226320, 0.946068, 1000,  998, 2, 0.79, 0.83, -0.04,  0,  0,  0
2586434.05476320, 1.501554, 1000,  998, 2, 0.79, 0.83, -0.04,  0,  0,  0
2586434.05726320, 0.620242, 1000,  998, 2, 0.79, 0.83, -0.04,  0,  0,  0
2586434.05976320, 0.055305, 1000,  998, 2, 0.79, 0.83, -0.04,  0,  0,  0
2586434.06226320, -1.048931, 1000,  998, 2, 0.79, 0.83, -0.04,  0,  0,  0
2586434.06476320, -1.502832, 1000,  998, 2, 0.79, 0.83, -0.04,  0,  0,  0
2586434.06726320, -0.983380, 1000,  998, 2, 0.79, 0.83, -0.04,  0,  0,  0
2586434.06976320, -0.304038, 1000,  998, 2, 0.79, 0.83, -0.04,  0,  0,  0
2586434.07226320, 0.723628, 1000,  998, 2, 0.79, 0.83, -0.04,  0,  0,  0
2586434.07476320, 0.948092, 1000,  998, 2, 0.79, 0.83, -0.04,  0,  0,  0
2586434.07726320, 0.342281, 1000,  998, 2, 0.79, 0.83, -0.04,  0,  0,  0
2586434.07976320, 0.110596, 1000,  998, 2, 0.79, 0.83, -0.04,  0,  0,  0
2586434.08226320, -0.454104, 1000,  998, 2, 0.79, 0.83, -0.04,  0,  0,  0
2586434.08476320, -1.264789, 1000,  998, 2, 0.79, 0.83, -0.04,  0,  0,  0
2586434.08726320, -0.673346, 1000,  998, 2, 0.79, 0.83, -0.04,  0,  0,  0
2586434.08976320, -0.315776, 1000,  998, 2, 0.79, 0.83, -0.04,  0,  0,  0
2586434.09226320, 0.798698, 1000,  998, 2, 0.79, 0.83, -0.04,  0,  0,  0
2586434.09476320, 1.254210, 1000,  998, 2, 0.79, 0.83, -0.04,  0,  0,  0
2586434.09726320, 0.608447, 1000,  998, 2, 0.79, 0.83, -0.04,  0,  0,  0
2586434.09976320, 0.033806, 1000,  998, 2, 0.79, 0.83, -0.04,  0,  0,  0
2586434.10226320, -0.338421, 1000,  998, 2, 0.79, 0.83, -0.04,  0,  0,  0
2586434.10476320, -0.710649, 1000,  998, 2, 0.79, 0.83, -0.04,  0,  0,  0
2586434.10726320, -0.271613, 1000,  998, 2, 0.79, 0.83, -0.04,  0,  0,  0
2586434.10976320, 0.558454, 1000,  998, 2, 0.79, 0.83, -0.04,  0,  0,  0
2586434.11226320, 1.194208, 1000,  998, 2, 0.79, 0.83, -0.04,  0,  0,  0
2586434.11476320, 1.353551, 1000,  998, 2, 0.79, 0.83, -0.04,  0,  0,  0
2586434.11726320, 0.739078, 1000,  998, 2, 0.79, 0.83, -0.04,  0,  0,  0
2586434.11976320, -0.623456, 1000,  998, 2, 0.79, 0.83, -0.04,  0,  0,  0
2586434.12226320, -1.229594, 1000,  998, 2, 0.79, 0.83, -0.04,  0,  0,  0
2586434.12476320, -1.416453, 1000,  998, 2, 0.79, 0.83, -0.04,  0,  0,  0
2586434.12726320, -0.785495, 1000,  998, 2, 0.79, 0.83, -0.04,  0,  0,  0
2586434.12976320, 0.339127, 1000,  998, 2, 0.79, 0.83, -0.04,  0,  0,  0
2586434.13226320, 0.785023, 1000,  998, 2, 0.79, 0.83, -0.04,  0,  0,  0
2586434.13476320, 0.821875, 1000,  998, 2, 0.79, 0.83, -0.04,  0,  0,  0
2586434.13726320, 0.791295, 1000,  998, 2, 0.79, 0.83, -0.04,  0,  0,  0
2586434.13976320, 0.510286, 1000,  998, 2, 0.79, 0.83, -0.04,  0,  0,  0
2586434.14226320, -0.110534, 1000,  998, 2, 0.79, 0.83, -0.04,  0,  0,  0
2586434.14476320, -1.496284, 1000,  998, 2, 0.79, 0.83, -0.04,  0,  0,  0
2586434.14726320, -0.781216, 1000,  998, 2, 0.79, 0.83, -0.04,  0,  0,  0
2586434.14976320, -0.302964, 1000,  998, 2, 0.79, 0.83, -0.04,  0,  0,  0
2586434.15226320, 0.086873, 1000,  998, 2, 0.79, 0.83, -0.04,  0,  0,  0
2586434.15476320, 0.851551, 1000,  998, 2, 0.79, 0.83, -0.04,  0,  0,  0
2586434.15726320, 0.783819, 1000,  998, 2, 0.79, 0.83, -0.04,  0,  0,  0
2586434.15976320, -0.252058, 1000,  998, 2, 0.79, 0.83, -0.04,  0,  0,  0
2586434.16226320, -0.709126, 1000,  998, 2, 0.79, 0.83, -0.04,  0,  0,  0
2586434.16476320, -1.116788, 1000,  998, 2, 0.79, 0.83, -0.04,  0,  0,  0
2586434.16726320, -0.877268, 1000,  998, 2, 0.79, 0.83, -0.04,  0,  0,  0
2586434.16976320, -0.188207, 1000,  998, 2, 0.79, 0.83, -0.04,  0,  0,  0
2586434.17226320, 0.718200, 1000,  998, 2, 0.79, 0.83, -0.04,  0,  0,  0
2586434.17476320, 1.218562, 1000,  998, 2, 0.79, 0.83, -0.04,  0,  0,  0
2586434.17726320, 0.615759, 1000,  998, 2, 0.79, 0.83, -0.04,  0,  0,  0
2586434.17976320, -0.587820, 1000,  998, 2, 0.79, 0.83, -0.04,  0,  0,  0
2586434.18226320, -0.591611, 1000,  998, 2, 0.79, 0.83, -0.04,  0,  0,  0
2586434.18476320, -0.591923, 1000,  998, 2, 0.79, 0.83, -0.04,  0,  0,  0
2586434.18726320, -0.201859, 1000,  998, 2, 0.79, 0.83, -0.04,  0,  0,  0
2586434.18976320, 0.730032, 1000,  998, 2, 0.79, 0.83, -0.04,  0,  0,  0
2586434.19226320, 1.410530, 1000,  998, 2, 0.79, 0.83, -0.04,  0,  0,  0
2586434.19476320, 1.422052, 1000,  998, 2, 0.79, 0.83, -0.04,  0,  0,  0
2586434.19976320, 0.357148, 1000,  998, 2, 0.79, 0.83, -0.04,  0,  0,  0
2586434.20226320, -0.489801, 1000,  998, 2, 0.79, 0.83, -0.04,  0,  0,  0
2586434.20476320, -0.866936, 1000,  998, 2, 0.79, 0.83, -0.04,  0,  0,  0
2586434.20726320, -0.493948, 1000,  998, 2, 0.79, 0.83, -0.04,  0,  0,  0
2586434.20976320, 0.530222, 1000,  998, 2, 0.79, 0.83, -0.04,  0,  0,  0
2586434.21226320, 0.684813, 1000,  998, 2, 0.79, 0.83, -0.04,  0,  0,  0
2586434.21476320, 1.411362, 1000,  998, 2, 0.79, 0.83, -0.04,  0,  0,  0
2586434.21726320, 1.393196, 1000,  998, 2, 0.79, 0.83, -0.04,  0,  0,  0
2586434.21976320, 0.785229, 1000,  998, 2, 0.79, 0.83, -0.04,  0,  0,  0
2586434.22226320, 0.177263, 1000,  998, 2, 0.79, 0.83, -0.04,  0,  0,  0
2586434.22476320, -0.651988, 1000,  998, 2, 0.79, 0.83, -0.04,  0,  0,  0
2586434.22726320, -1.300947, 1000,  998, 2, 0.79, 0.83, -0.04,  0,  0,  0
2586434.22976320, -0.113282, 1000,  998, 2, 0.79, 0.83, -0.04,  0,  0,  0
2586434.23226320, 0.637300, 1000,  998, 2, 0.79, 0.83, -0.04,  0,  0,  0
2586434.23476320, 0.933688, 1000,  998, 2, 0.79, 0.83, -0.04,  0,  0,  0
2586434.23726320, 0.388224, 1000,  998, 2, 0.79, 0.83, -0.04,  0,  0,  0
2586434.23976320, -0.642287, 1000,  998, 2, 0.79, 0.83, -0.04,  0,  0,  0
2586434.24226320, -1.218256, 1000,  998, 2, 0.79, 0.83, -0.04,  0,  0,  0
2586434.24476320, -1.368249, 1000,  998, 2, 0.79, 0.83, -0.04,  0,  0,  0
2586434.24726320, -1.132796, 1000,  998, 2, 0.79, 0.83, -0.04,  0,  0,  0
2586434.24976320, -0.257695, 1000,  998, 2, 0.79, 0.83, -0.04,  0,  0,  0
2586434.25226320, 0.437798, 1000,  998, 2, 0.79, 0.83, -0.04,  0,  0,  0
2586434.25476320, 0.620242, 1000,  998, 2, 0.79, 0.83, -0.04,  0,  0,  0
2586434.25726320, 0.357723, 1000,  998, 2, 0.79, 0.83, -0.04,  0,  0,  0
2586434.25976320, -0.791190, 1000,  998, 2, 0.79, 0.83, -0.04,  0,  0,  0
2586434.26226320, -1.946923, 1000,  998, 2, 0.79, 0.83, -0.04,  0,  0,  0
2586434.26476320, -2.394567, 1000,  998, 2, 0.79, 0.83, -0.04,  0,  0,  0
2586434.26726320, -2.002590, 1000,  998, 2, 0.79, 0.83, -0.04,  0,  0,  0
2586434.26976320, -0.329146, 1000,  998, 2, 0.79, 0.83, -0.04,  0,  0,  0
2586434.27226320, 0.844529, 1000,  998, 2, 0.79, 0.83, -0.04,  0,  0,  0
2586434.27476320, 0.741355, 1000,  998, 2, 0.79, 0.83, -0.04,  0,  0,  0
2586434.27726320, 0.298503, 1000,  998, 2, 0.79, 0.83, -0.04,  0,  0,  0
2586434.27976320, -0.769429, 1000,  998, 2, 0.79, 0.83, -0.04,  0,  0,  0
2586434.28226320, -1.345534, 1000,  998, 2, 0.79, 0.83, -0.04,  0,  0,  0
2586434.28476320, -1.703805, 1000,  998, 2, 0.79, 0.83, -0.04,  0,  0,  0
2586434.28726320, -1.108436, 1000,  998, 2, 0.79, 0.83, -0.04,  0,  0,  0
2586434.28976320, -0.226403, 1000,  998, 2, 0.79, 0.83, -0.04,  0,  0,  0
2586434.29226320, 0.206748, 1000,  998, 2, 0.79, 0.83, -0.04,  0,  0,  0
2586434.29476320, 0.483982, 1000,  998, 2, 0.79, 0.83, -0.04,  0,  0,  0
2586434.29726320, 0.761216, 1000,  998, 2, 0.79, 0.83, -0.04,  0,  0,  0
2586434.29976320, 0.211774, 1000,  998, 2, 0.79, 0.83, -0.04,  0,  0,  0
2586434.30226320, -0.922152, 1000,  998, 2, 0.79, 0.83, -0.04,  0,  0,  0
2586434.30476320, -1.154433, 1000,  998, 2, 0.79, 0.83, -0.04,  0,  0,  0
2586434.30726320, -1.154433, 1000,  998, 2, 0.79, 0.83, -0.04,  0,  0,  0
2586434.30976320, 0.541705, 1000,  998, 2, 0.79, 0.83, -0.04,  0,  0,  0
2586434.31226320, 1.473988, 1000,  998, 2, 0.79, 0.83, -0.04,  0,  0,  0
2586434.31476320, 1.229618, 1000,  998, 2, 0.79, 0.83, -0.04,  0,  0,  0
2586434.31726320, 0.892827, 1000,  998, 2, 0.79, 0.83, -0.04,  0,  0,  0
2586434.31976320, -0.312417, 1000,  998, 2, 0.79, 0.83, -0.04,  0,  0,  0
2586434.32226320, -1.108239, 1000,  998, 2, 0.79, 0.83, -0.04,  0,  0,  0
2586434.32726320, -0.534520, 1000,  998, 2, 0.79, 0.83, -0.04,  0,  0,  0
2586434.32976320, 0.501920, 1000,  998, 2, 0.79, 0.83, -0.04,  0,  0,  0
2586434.33226320, 1.615164, 1000,  998, 2, 0.79, 0.83, -0.04,  0,  0,  0
2586434.33476320, 1.774849, 1000,  998, 2, 0.79, 0.83, -0.04,  0,  0,  0
2586434.33726320, 1.333102, 1000,  998, 2, 0.79, 0.83, -0.04,  0,  0,  0
2586434.33976320, -0.012900, 1000,  998, 2, 0.79, 0.83, -0.04,  0,  0,  0
2586434.34226320, -0.671739, 1000,  998, 2, 0.79, 0.83, -0.04,  0,  0,  0
2586434.34476320, -1.028995, 1000,  998, 2, 0.79, 0.83, -0.04,  0,  0,  0
2586434.34726320, -1.046264, 1000,  998, 2, 0.79, 0.83, -0.04,  0,  0,  0
2586434.34976320, 0.079308, 1000,  998, 2, 0.79, 0.83, -0.04,  0,  0,  0
2586434.35226320, 1.561068, 1000,  998, 2, 0.79, 0.83, -0.04,  0,  0,  0
2586434.35476320, 1.796231, 1000,  998, 2, 0.79, 0.83, -0.04,  0,  0,  0
2586434.35726320, 1.796231, 1000,  998, 2, 0.79, 0.83, -0.04,  0,  0,  0
2586434.35976320, 0.664924, 1000,  998, 2, 0.79, 0.83, -0.04,  0,  0,  0
2586434.36226320, -0.831359, 1000,  998, 2, 0.79, 0.83, -0.04,  0,  0,  0
2586434.36476320, -1.444854, 1000,  998, 2, 0.79, 0.83, -0.04,  0,  0,  0
2586434.36726320, -1.202228, 1000,  998, 2, 0.79, 0.83, -0.04,  0,  0,  0
2586434.36976320, -0.559273, 1000,  998, 2, 0.79, 0.83, -0.04,  0,  0,  0
2586434.37226320, 0.000852, 1000,  998, 2, 0.79, 0.83, -0.04,  0,  0,  0
2586434.37476320, 0.547194, 1000,  998, 2, 0.79, 0.83, -0.04,  0,  0,  0
2586434.37726320, 0.576106, 1000,  998, 2, 0.79, 0.83, -0.04,  0,  0,  0
2586434.37976320, -0.256405, 1000,  998, 2, 0.79, 0.83, -0.04,  0,  0,  0
2586434.38226320, -0.539730, 1000,  998, 2, 0.79, 0.83, -0.04,  0,  0,  0
2586434.38476320, -0.954817, 1000,  998, 2, 0.79, 0.83, -0.04,  0,  0,  0
2586434.38726320, -0.439959, 1000,  998, 2, 0.79, 0.83, -0.04,  0,  0,  0
2586434.38976320, 0.780289, 1000,  998, 2, 0.79, 0.83, -0.04,  0,  0,  0
2586434.39226320, 1.701413, 1000,  998, 2, 0.79, 0.83, -0.04,  0,  0,  0
2586434.39476320, 1.561033, 1000,  998, 2, 0.79, 0.83, -0.04,  0,  0,  0
2586434.39726320, 1.178456, 1000,  998, 2, 0.79, 0.83, -0.04,  0,  0,  0
2586434.39976320, 0.213817, 1000,  998, 2, 0.79, 0.83, -0.04,  0,  0,  0
2586434.40226320, -0.852360, 1000,  998, 2, 0.79, 0.83, -0.04,  0,  0,  0
2586434.40476320, -1.361851, 1000,  998, 2, 0.79, 0.83, -0.04,  0,  0,  0
2586434.40726320, -0.503025, 1000,  998, 2, 0.79, 0.83, -0.04,  0,  0,  0
2586434.40976320, 0.216792, 1000,  998, 2, 0.79, 0.83, -0.04,  0,  0,  0
2586434.41226320, 0.865405, 1000,  998, 2, 0.79, 0.83, -0.04,  0,  0,  0
2586434.41476320, 1.024410, 1000,  998, 2, 0.79, 0.83, -0.04,  0,  0,  0
2586434.41726320, 1.174642, 1000,  998, 2, 0.79, 0.83, -0.04,  0,  0,  0
2586434.41976320, 1.324875, 1000,  998, 2, 0.79, 0.83, -0.04,  0,  0,  0
2586434.42226320, -0.223579, 1000,  998, 2, 0.79, 0.83, -0.04,  0,  0,  0
2586434.42476320, -1.249088, 1000,  998, 2, 0.79, 0.83, -0.04,  0,  0,  0
2586434.42726320, -0.995541, 1000,  998, 2, 0.79, 0.83, -0.04,  0,  0,  0
2586434.42976320, 0.192609, 1000,  998, 2, 0.79, 0.83, -0.04,  0,  0,  0
2586434.43226320, 0.192609, 1000,  998, 2, 0.79, 0.83, -0.04,  0,  0,  0
2586434.43476320, 1.161909, 1000,  998, 2, 0.79, 0.83, -0.04,  0,  0,  0
2586434.43726320, 0.553817, 1000,  998, 2, 0.79, 0.83, -0.04,  0,  0,  0
2586434.43976320, -0.453976, 1000,  998, 2, 0.79, 0.83, -0.04,  0,  0,  0
2586434.44226320, -0.913444, 1000,  998, 2, 0.79, 0.83, -0.04,  0,  0,  0
2586434.44476320, -0.961998, 1000,  998, 2, 0.79, 0.83, -0.04,  0,  0,  0
2586434.44726320, -0.661470, 1000,  998, 2, 0.79, 0.83, -0.04,  0,  0,  0
2586434.44976320, 0.070564, 1000,  998, 2, 0.79, 0.83, -0.04,  0,  0,  0
2586434.45226320, 0.926841, 1000,  998, 2, 0.79, 0.83, -0.04,  0,  0,  0
2586434.45476320, 0.984907, 1000,  998, 2, 0.79, 0.83, -0.04,  0,  0,  0
2586434.45726320, 0.169230, 1000,  998, 2, 0.79, 0.83, -0.04,  0,  0,  0
2586434.45976320, -0.790945, 1000,  998, 2, 0.79, 0.83, -0.04,  0,  0,  0
2586434.46226320, -1.128522, 1000,  998, 2, 0.79, 0.83, -0.04,  0,  0,  0
2586434.46476320, -1.620704, 1000,  998, 2, 0.79, 0.83, -0.04,  0,  0,  0
2586434.46726320, -1.078038, 1000,  998, 2, 0.79, 0.83, -0.04,  0,  0,  0
2586434.46976320, 0.100672, 1000,  998, 2, 0.79, 0.83, -0.04,  0,  0,  0
2586434.47226320, 0.759908, 1000,  998, 2, 0.79, 0.83, -0.04,  0,  0,  0
2586434.47476320, 1.212714, 1000,  998, 2, 0.79, 0.83, -0.04,  0,  0,  0
2586434.47726320, 0.516974, 1000,  998, 2, 0.79, 0.83, -0.04,  0,  0,  0
2586434.47976320, 0.176051, 1000,  998, 2, 0.79, 0.83, -0.04,  0,  0,  0
2586434.48226320, -0.164872, 1000,  998, 2, 0.79, 0.83, -0.04,  0,  0,  0
2586434.48476320, -1.367195, 1000,  998, 2, 0.79, 0.83, -0.04,  0,  0,  0
2586434.48726320, -1.263242, 1000,  998, 2, 0.79, 0.83, -0.04,  0,  0,  0
2586434.48976320, -0.816055, 1000,  998, 2, 0.79, 0.83, -0.04,  0,  0,  0
2586434.49226320, -0.252152, 1000,  998, 2, 0.79, 0.83, -0.04,  0,  0,  0
2586434.49476320, 0.462727, 1000,  998, 2, 0.79, 0.83, -0.04,  0,  0,  0
2586434.49726320, 0.869999, 1000,  998, 2, 0.79, 0.83, -0.04,  0,  0,  0
2586434.49976320, 0.140439, 1000,  998, 2, 0.79, 0.83, -0.04,  0,  0,  0
2586434.50226320, -1.023321, 1000,  998, 2, 0.79, 0.83, -0.04,  0,  0,  0
2586434.50476320, -1.578986, 1000,  998, 2, 0.79, 0.83, -0.04,  0,  0,  0
2586434.50726320, -0.652548, 1000,  998, 2, 0.79, 0.83, -0.04,  0,  0,  0
2586434.51226320, 1.283072, 1000,  998, 2, 0.79, 0.83, -0.04,  0,  0,  0
2586434.51476320, 1.143373, 1000,  998, 2, 0.79, 0.83, -0.04,  0,  0,  0
2586434.51726320, 0.667019, 1000,  998, 2, 0.79, 0.83, -0.04,  0,  0,  0
2586434.51976320, 0.109413, 1000,  998, 2, 0.79, 0.83, -0.04,  0,  0,  0
2586434.52226320, -1.165123, 1000,  998, 2, 0.79, 0.83, -0.04,  0,  0,  0
2586434.52476320, -1.186435, 1000,  998, 2, 0.79, 0.83, -0.04,  0,  0,  0
2586434.52726320, -0.987752, 1000,  998, 2, 0.79, 0.83, -0.04,  0,  0,  0
2586434.52976320, -0.273751, 1000,  998, 2, 0.79, 0.83, -0.04,  0,  0,  0
2586434.53226320, 0.769162, 1000,  998, 2, 0.79, 0.83, -0.04,  0,  0,  0
2586434.53476320, 1.197499, 1000,  998, 2, 0.79, 0.83, -0.04,  0,  0,  0
2586434.53726320, 0.746388, 1000,  998, 2, 0.79, 0.83, -0.04,  0,  0,  0
2586434.53976320, -0.262762, 1000,  998, 2, 0.79, 0.83, -0.04,  0,  0,  0
2586434.54226320, -0.622435, 1000,  998, 2, 0.79, 0.83, -0.04,  0,  0,  0
2586434.54476320, -0.840620, 1000,  998, 2, 0.79, 0.83, -0.04,  0,  0,  0
2586434.54726320, -1.058806, 1000,  998, 2, 0.79, 0.83, -0.04,  0,  0,  0
2586434.54976320, -0.793385, 1000,  998, 2, 0.79, 0.83, -0.04,  0,  0,  0
2586434.55226320, 0.154531, 1000,  998, 2, 0.79, 0.83, -0.04,  0,  0,  0
2586434.55476320, 0.809693, 1000,  998, 2, 0.79, 0.83, -0.04,  0,  0,  0
2586434.55726320, 1.303049, 1000,  998, 2, 0.79, 0.83, -0.04,  0,  0,  0
2586434.55976320, 0.363002, 1000,  998, 2, 0.79, 0.83, -0.04,  0,  0,  0
2586434.56226320, -0.911870, 1000,  998, 2, 0.79, 0.83, -0.04,  0,  0,  0
2586434.56476320, -1.214452, 1000,  998, 2, 0.79, 0.83, -0.04,  0,  0,  0
2586434.56726320, -0.705419, 1000,  998, 2, 0.79, 0.83, -0.04,  0,  0,  0
2586434.56976320, -0.322968, 1000,  998, 2, 0.79, 0.83, -0.04,  0,  0,  0
2586434.57226320, 0.928672, 1000,  998, 2, 0.79, 0.83, -0.04,  0,  0,  0
2586434.57476320, 1.292846, 1000,  998, 2, 0.79, 0.83, -0.04,  0,  0,  0
2586434.57726320, 0.042938, 1000,  998, 2, 0.79, 0.83, -0.04,  0,  0,  0
2586434.57976320, 0.042938, 1000,  998, 2, 0.79, 0.83, -0.04,  0,  0,  0
2586434.58226320, -0.732009, 1000,  998, 2, 0.79, 0.83, -0.04,  0,  0,  0
2586434.58476320, -1.405507, 1000,  998, 2, 0.79, 0.83, -0.04,  0,  0,  0
2586434.58726320, -1.176259, 1000,  998, 2, 0.79, 0.83, -0.04,  0,  0,  0
2586434.58976320, -0.609713, 1000,  998, 2, 0.79, 0.83, -0.04,  0,  0,  0
2586434.59226320, 0.084147, 1000,  998, 2, 0.79, 0.83, -0.04,  0,  0,  0
2586434.59476320, 0.576230, 1000,  998, 2, 0.79, 0.83, -0.04,  0,  0,  0
2586434.59726320, 0.542412, 1000,  998, 2, 0.79, 0.83, -0.04,  0,  0,  0
2586434.59976320, -0.108331, 1000,  998, 2, 0.79, 0.83, -0.04,  0,  0,  0
2586434.60226320, -1.064906, 1000,  998, 2, 0.79, 0.83, -0.04,  0,  0,  0
2586434.60476320, -0.964114, 1000,  998, 2, 0.79, 0.83, -0.04,  0,  0,  0
2586434.60726320, -0.527907, 1000,  998, 2, 0.79, 0.83, -0.04,  0,  0,  0
2586434.60976320, -0.001948, 1000,  998, 2, 0.79, 0.83, -0.04,  0,  0,  0
2586434.61226320, 0.672436, 1000,  998, 2, 0.79, 0.83, -0.04,  0,  0,  0
2586434.61476320, 1.186863, 1000,  998, 2, 0.79, 0.83, -0.04,  0,  0,  0
2586434.61726320, 0.748531, 1000,  998, 2, 0.79, 0.83, -0.04,  0,  0,  0
2586434.61976320, 0.227255, 1000,  998, 2, 0.79, 0.83, -0.04,  0,  0,  0
2586434.62226320, -1.067861, 1000,  998, 2, 0.79, 0.83, -0.04,  0,  0,  0
2586434.62476320, -1.563861, 1000,  998, 2, 0.79, 0.83, -0.04,  0,  0,  0
2586434.62726320, -0.577129, 1000,  998, 2, 0.79, 0.83, -0.04,  0,  0,  0
2586434.62976320, -0.039238, 1000,  998, 2, 0.79, 0.83, -0.04,  0,  0,  0
2586434.63226320, 1.088867, 1000,  998, 2, 0.79, 0.83, -0.04,  0,  0,  0
2586434.63476320, 1.141076, 1000,  998, 2, 0.79, 0.83, -0.04,  0,  0,  0
2586434.63726320, 0.673696, 1000,  998, 2, 0.79, 0.83, -0.04,  0,  0,  0
2586434.63976320, 0.426854, 1000,  998, 2, 0.79, 0.83, -0.04,  0,  0,  0
2586434.64226320, -0.199487, 1000,  998, 2, 0.79, 0.83, -0.04,  0,  0,  0
2586434.64476320, -0.592508, 1000,  998, 2, 0.79, 0.83, -0.04,  0,  0,  0
2586434.64726320, 0.141609, 1000,  998, 2, 0.79, 0.83, -0.04,  0,  0,  0
2586434.64976320, -1.753361, 1000,  998, 2, 0.79, 0.83, -0.04,  0,  0,  0
2586434.65226320, -3.791640, 1000,  998, 2, 0.79, 0.83, -0.04,  0,  0,  0
2586434.65476320, -5.790705, 1000,  998, 2, 0.79, 0.83, -0.04,  0,  0,  0
2586434.65726320, 5.901771, 1000,  998, 2, 0.79, 0.83, -0.04,  0,  0,  0
2586434.65976320, 12.224776, 1000,  998, 2, 0.79, 0.83, -0.04,  0,  0,  0
2586434.66226320, 12.701616, 1000,  998, 2, 0.79, 0.83, -0.04,  0,  0,  0
2586434.66476320, 10.067806, 1000,  998, 2, 0.79, 0.83, -0.04,  0,  0,  0
2586434.66726320, 4.350400, 1000,  998, 2, 0.79, 0.83, -0.04,  0,  0,  0
2586434.66976320, -9.626017, 1000,  998, 2, 0.79, 0.83, -0.04,  0,  0,  0
2586434.67226320, -8.130930, 1000,  998, 2, 0.79, 0.83, -0.04,  0,  0,  0
2586434.67476320, -1.895853, 1000,  998, 2, 0.79, 0.83, -0.04,  0,  0,  0
2586434.67726320, 1.038733, 1000,  998, 2, 0.79, 0.83, -0.04,  0,  0,  0
2586434.67976320, -0.444489, 1000,  998, 2, 0.79, 0.83, -0.04,  0,  0,  0
2586434.68226320, -2.871247, 1000,  998, 2, 0.79, 0.83, -0.04,  0,  0,  0
2586434.68476320, -1.532771, 1000,  998, 2, 0.79, 0.83, -0.04,  0,  0,  0
2586434.68726320, 1.347217, 1000,  998, 2, 0.79, 0.83, -0.04,  0,  0,  0
2586434.68976320, 2.467967, 1000,  998, 2, 0.79, 0.83, -0.04,  0,  0,  0
2586434.69226320, 2.940719, 1000,  998, 2, 0.79, 0.83, -0.04,  0,  0,  0
2586434.69726320, -1.729913, 1000,  998, 2, 0.79, 0.83, -0.04,  0,  0,  0
2586434.69976320, -1.114919, 1000,  998, 2, 0.79, 0.83, -0.04,  0,  0,  0
2586434.70226320, 0.438498, 1000,  998, 2, 0.79, 0.83, -0.04,  0,  0,  0
2586434.70476320, -0.026297, 1000,  998, 2, 0.79, 0.83, -0.04,  0,  0,  0
2586434.70726320, -1.506420, 1000,  998, 2, 0.79, 0.83, -0.04,  0,  0,  0
2586434.70976320, -3.012357, 1000,  998, 2, 0.79, 0.83, -0.04,  0,  0,  0
2586434.71226320, -3.341378, 1000,  998, 2, 0.79, 0.83, -0.04,  0,  0,  0
2586434.71476320, -2.017862, 1000,  998, 2, 0.79, 0.83, -0.04,  0,  0,  0
2586434.71726320, -0.259219, 1000,  998, 2, 0.79, 0.83, -0.04,  0,  0,  0
2586434.71976320, 0.942381, 1000,  998, 2, 0.79, 0.83, -0.04,  0,  0,  0
2586434.72226320, 1.284380, 1000,  998, 2, 0.79, 0.83, -0.04,  0,  0,  0
2586434.72476320, 1.336879, 1000,  998, 2, 0.79, 0.83, -0.04,  0,  0,  0
2586434.72726320, 1.209740, 1000,  998, 2, 0.79, 0.83, -0.04,  0,  0,  0
2586434.72976320, 0.962564, 1000,  998, 2, 0.79, 0.83, -0.04,  0,  0,  0
2586434.73226320, 0.715389, 1000,  998, 2, 0.79, 0.83, -0.04,  0,  0,  0
2586434.73476320, 0.468213, 1000,  998, 2, 0.79, 0.83, -0.04,  0,  0,  0
2586434.73726320, 0.311412, 1000,  998, 2, 0.79, 0.83, -0.04,  0,  0,  0
2586434.73976320, 0.178163, 1000,  998, 2, 0.79, 0.83, -0.04,  0,  0,  0
2586434.74226320, -0.467297, 1000,  998, 2, 0.79, 0.83, -0.04,  0,  0,  0
2586434.74476320, -2.036105, 1000,  998, 2, 0.79, 0.83, -0.04,  0,  0,  0
2586434.74726320, -1.103602, 1000,  998, 2, 0.79, 0.83, -0.04,  0,  0,  0
2586434.74976320, 0.408534, 1000,  998, 2, 0.79, 0.83, -0.04,  0,  0,  0
2586434.75226320, 1.454907, 1000,  998, 2, 0.79, 0.83, -0.04,  0,  0,  0
2586434.75476320, 1.610341, 1000,  998, 2, 0.79, 0.83, -0.04,  0,  0,  0
2586434.75726320, 0.726231, 1000,  998, 2, 0.79, 0.83, -0.04,  0,  0,  0
2586434.75976320, -0.715522, 1000,  998, 2, 0.79, 0.83, -0.04,  0,  0,  0
2586434.76226320, -1.224224, 1000,  998, 2, 0.79, 0.83, -0.04,  0,  0,  0
2586434.76476320, -0.103266, 1000,  998, 2, 0.79, 0.83, -0.04,  0,  0,  0
2586434.76726320, 0.224682, 1000,  998, 2, 0.79, 0.83, -0.04,  0,  0,  0
2586434.76976320, 0.440016, 1000,  998, 2, 0.79, 0.83, -0.04,  0,  0,  0
2586434.77226320, 0.737345, 1000,  998, 2, 0.79, 0.83, -0.04,  0,  0,  0
2586434.77476320, 0.966868, 1000,  998, 2, 0.79, 0.83, -0.04,  0,  0,  0
2586434.77726320, 0.906398, 1000,  998, 2, 0.79, 0.83, -0.04,  0,  0,  0
2586434.77976320, -0.062943, 1000,  998, 2, 0.79, 0.83, -0.04,  0,  0,  0
2586434.78226320, -0.733812, 1000,  998, 2, 0.79, 0.83, -0.04,  0,  0,  0
2586434.78476320, -0.878478, 1000,  998, 2, 0.79, 0.83, -0.04,  0,  0,  0
2586434.78726320, -0.571926, 1000,  998, 2, 0.79, 0.83, -0.04,  0,  0,  0
2586434.78976320, -0.287172, 1000,  998, 2, 0.79, 0.83, -0.04,  0,  0,  0
2586434.79226320, -0.071460, 1000,  998, 2, 0.79, 0.83, -0.04,  0,  0,  0
2586434.79476320, 0.377592, 1000,  998, 2, 0.79, 0.83, -0.04,  0,  0,  0
2586434.79726320, 0.851214, 1000,  998, 2, 0.79, 0.83, -0.04,  0,  0,  0
2586434.79976320, 0.408770, 1000,  998, 2, 0.79, 0.83, -0.04,  0,  0,  0
2586434.80226320, -0.320043, 1000,  998, 2, 0.79, 0.83, -0.04,  0,  0,  0
2586434.80476320, -0.829712, 1000,  998, 2, 0.79, 0.83, -0.04,  0,  0,  0
2586434.80726320, -0.837852, 1000,  998, 2, 0.79, 0.83, -0.04,  0,  0,  0
2586434.80976320, -0.062579, 1000,  998, 2, 0.79, 0.83, -0.04,  0,  0,  0
2586434.81226320, 0.925867, 1000,  998, 2, 0.79, 0.83, -0.04,  0,  0,  0
2586434.81476320, 1.357908, 1000,  998, 2, 0.79, 0.83, -0.04,  0,  0,  0
2586434.81726320, 1.082126, 1000,  998, 2, 0.79, 0.83, -0.04,  0,  0,  0
2586434.81976320, -0.121407, 1000,  998, 2, 0.79, 0.83, -0.04,  0,  0,  0
2586434.82226320, -1.822596, 1000,  998, 2, 0.79, 0.83, -0.04,  0,  0,  0
2586434.82726320, -2.399188, 1000,  998, 2, 0.79, 0.83, -0.04,  0,  0,  0
2586434.82976320, -0.959472, 1000,  998, 2, 0.79, 0.83, -0.04,  0,  0,  0
2586434.83226320, 0.588960, 1000,  998, 2, 0.79, 0.83, -0.04,  0,  0,  0
2586434.83476320, 1.344582, 1000,  998, 2, 0.79, 0.83, -0.04,  0,  0,  0
2586434.83726320, 1.075581, 1000,  998, 2, 0.79, 0.83, -0.04,  0,  0,  0
2586434.83976320, -0.865781, 1000,  998, 2, 0.79, 0.83, -0.04,  0,  0,  0
2586434.84226320, -0.983303, 1000,  998, 2, 0.79, 0.83, -0.04,  0,  0,  0
2586434.84476320, -1.561548, 1000,  998, 2, 0.79, 0.83, -0.04,  0,  0,  0
2586434.84726320, -1.193454, 1000,  998, 2, 0.79, 0.83, -0.04,  0,  0,  0
2586434.84976320, 0.175018, 1000,  998, 2, 0.79, 0.83, -0.04,  0,  0,  0
2586434.85226320, 1.261376, 1000,  998, 2, 0.79, 0.83, -0.04,  0,  0,  0
2586434.85476320, 1.170228, 1000,  998, 2, 0.79, 0.83, -0.04,  0,  0,  0
2586434.85726320, 0.570694, 1000,  998, 2, 0.79, 0.83, -0.04,  0,  0,  0
2586434.85976320, -0.658221, 1000,  998, 2, 0.79, 0.83, -0.04,  0,  0,  0
2586434.86226320, -1.172696, 1000,  998, 2, 0.79, 0.83, -0.04,  0,  0,  0
2586434.86476320, -1.331256, 1000,  998, 2, 0.79, 0.83, -0.04,  0,  0,  0
2586434.86726320, -0.606831, 1000,  998, 2, 0.79, 0.83, -0.04,  0,  0,  0
2586434.86976320, 0.687311, 1000,  998, 2, 0.79, 0.83, -0.04,  0,  0,  0
2586434.87226320, 1.951822, 1000,  998, 2, 0.79, 0.83, -0.04,  0,  0,  0
2586434.87476320, 1.678632, 1000,  998, 2, 0.79, 0.83, -0.04,  0,  0,  0
2586434.87726320, 1.318459, 1000,  998, 2, 0.79, 0.83, -0.04,  0,  0,  0
2586434.87976320, 0.246817, 1000,  998, 2, 0.79, 0.83, -0.04,  0,  0,  0
2586434.88226320, -0.424658, 1000,  998, 2, 0.79, 0.83, -0.04,  0,  0,  0
2586434.88476320, -0.363313, 1000,  998, 2, 0.79, 0.83, -0.04,  0,  0,  0
2586434.88726320, -0.138803, 1000,  998, 2, 0.79, 0.83, -0.04,  0,  0,  0
2586434.88976320, 0.450940, 1000,  998, 2, 0.79, 0.83, -0.04,  0,  0,  0
2586434.89226320, 1.224817, 1000,  998, 2, 0.79, 0.83, -0.04,  0,  0,  0
2586434.89476320, 1.593105, 1000,  998, 2, 0.79, 0.83, -0.04,  0,  0,  0
2586434.89726320, 1.593105, 1000,  998, 2, 0.79, 0.83, -0.04,  0,  0,  0
2586434.89976320, 0.430911, 1000,  998, 2, 0.79, 0.83, -0.04,  0,  0,  0
2586434.90226320, -0.630366, 1000,  998, 2, 0.79, 0.83, -0.04,  0,  0,  0
2586434.90476320, -0.722532, 1000,  998, 2, 0.79, 0.83, -0.04,  0,  0,  0
2586434.90726320, -0.659905, 1000,  998, 2, 0.79, 0.83, -0.04,  0,  0,  0
2586434.90976320, -0.461191, 1000,  998, 2, 0.79, 0.83, -0.04,  0,  0,  0
2586434.91226320, 0.378002, 1000,  998, 2, 0.79, 0.83, -0.04,  0,  0,  0
2586434.91476320, 1.779936, 1000,  998, 2, 0.79, 0.83, -0.04,  0,  0,  0
2586434.91726320, 1.617077, 1000,  998, 2, 0.79, 0.83, -0.04,  0,  0,  0
2586434.91976320, 1.033984, 1000,  998, 2, 0.79, 0.83, -0.04,  0,  0,  0
2586434.92226320, -0.398249, 1000,  998, 2, 0.79, 0.83, -0.04,  0,  0,  0
2586434.92476320, -1.313520, 1000,  998, 2, 0.79, 0.83, -0.04,  0,  0,  0
2586434.92726320, -1.292369, 1000,  998, 2, 0.79, 0.83, -0.04,  0,  0,  0
2586434.92976320, -0.283509, 1000,  998, 2, 0.79, 0.83, -0.04,  0,  0,  0
2586434.93226320, 0.615855, 1000,  998, 2, 0.79, 0.83, -0.04,  0,  0,  0
2586434.93476320, 0.534191, 1000,  998, 2, 0.79, 0.83, -0.04,  0,  0,  0
2586434.93726320, -0.481856, 1000,  998, 2, 0.79, 0.83, -0.04,  0,  0,  0
2586434.93976320, -1.571374, 1000,  998, 2, 0.79, 0.83, -0.04,  0,  0,  0
2586434.94226320, -1.898296, 1000,  998, 2, 0.79, 0.83, -0.04,  0,  0,  0
2586434.94476320, -1.929768, 1000,  998, 2, 0.79, 0.83, -0.04,  0,  0,  0
2586434.94726320, -0.701822, 1000,  998, 2, 0.79, 0.83, -0.04,  0,  0,  0
2586434.94976320, 0.459880, 1000,  998, 2, 0.79, 0.83, -0.04,  0,  0,  0
2586434.95226320, 0.677175, 1000,  998, 2, 0.79, 0.83, -0.04,  0,  0,  0
2586434.95476320, 0.616753, 1000,  998, 2, 0.79, 0.83, -0.04,  0,  0,  0
2586434.95726320, -0.428751, 1000,  998, 2, 0.79, 0.83, -0.04,  0,  0,  0
2586434.95976320, -1.384241, 1000,  998, 2, 0.79, 0.83, -0.04,  0,  0,  0
2586434.96226320, -1.942573, 1000,  998, 2, 0.79, 0.83, -0.04,  0,  0,  0
2586434.96476320, -2.180750, 1000,  998, 2, 0.79, 0.83, -0.04,  0,  0,  0
2586434.96726320, -1.811546, 1000,  998, 2, 0.79, 0.83, -0.04,  0,  0,  0
2586434.96976320, -0.854952, 1000,  998, 2, 0.79, 0.83, -0.04,  0,  0,  0
2586434.97226320, -0.346806, 1000,  998, 2, 0.79, 0.83, -0.04,  0,  0,  0
2586434.97476320, 0.390574, 1000,  998, 2, 0.79, 0.83, -0.04,  0,  0,  0
2586434.97726320, 1.008926, 1000,  998, 2, 0.79, 0.83, -0.04,  0,  0,  0
2586434.97976320, 0.191110, 1000,  998, 2, 0.79, 0.83, -0.04,  0,  0,  0
2586434.98226320, -0.484829, 1000,  998, 2, 0.79, 0.83, -0.04,  0,  0,  0
2586434.98476320, -0.757813, 1000,  998, 2, 0.79, 0.83, -0.04,  0,  0,  0
2586434.98726320, -1.030796, 1000,  998, 2, 0.79, 0.83, -0.04,  0,  0,  0
2586434.98976320, 0.393304, 1000,  998, 2, 0.79, 0.83, -0.04,  0,  0,  0
2586434.99226320, 1.438807, 1000,  998, 2, 0.79, 0.83, -0.04,  0,  0,  0
2586434.99476320, 1.229413, 1000,  998, 2, 0.79, 0.83, -0.04,  0,  0,  0
2586434.99726320, 0.370869, 1000,  998, 2, 0.79, 0.83, -0.04,  0,  0,  0
2586434.99976320, 0.010866, 1000,  998, 2, 0.79, 0.83, -0.04,  0,  0,  0
2586435.00226320, -0.348207, 1000,  998, 2, 0.79, 0.83, -0.04,  0,  0,  0
2586435.00476320, -0.707222, 1000,  998, 2, 0.79, 0.83, -0.04,  0,  0,  0
2586435.00726320, 0.180053, 1000,  998, 2, 0.79, 0.83, -0.04,  0,  0,  0
2586435.01226320, 1.968791, 1000,  998, 2, 0.79, 0.83, -0.04,  0,  0,  0
2586435.01476320, 1.291378, 1000,  998, 2, 0.79, 0.83, -0.04,  0,  0,  0
2586435.01726320, 0.940966, 1000,  998, 2, 0.79, 0.83, -0.04,  0,  0,  0
2586435.01976320, 0.495938, 1000,  998, 2, 0.79, 0.83, -0.04,  0,  0,  0
2586435.02226320, -0.187706, 1000,  998, 2, 0.79, 0.83, -0.04,  0,  0,  0
2586435.02476320, -0.923020, 1000,  998, 2, 0.79, 0.83, -0.04,  0,  0,  0
2586435.02726320, -0.732062, 1000,  998, 2, 0.79, 0.83, -0.04,  0,  0,  0
2586435.02976320, 0.028545, 1000,  998, 2, 0.79, 0.83, -0.04,  0,  0,  0
2586435.03226320, 0.926421, 1000,  998, 2, 0.79, 0.83, -0.04,  0,  0,  0
2586435.03476320, 1.595689, 1000,  998, 2, 0.79, 0.83, -0.04,  0,  0,  0
2586435.03726320, 1.280499, 1000,  998, 2, 0.79, 0.83, -0.04,  0,  0,  0
2586435.03976320, 0.736808, 1000,  998, 2, 0.79, 0.83, -0.04,  0,  0,  0
2586435.04226320, 0.471839, 1000,  998, 2, 0.79, 0.83, -0.04,  0,  0,  0
2586435.04476320, 0.206869, 1000,  998, 2, 0.79, 0.83, -0.04,  0,  0,  0
2586435.04726320, 0.082650, 1000,  998, 2, 0.79, 0.83, -0.04,  0,  0,  0
2586435.04976320, 0.358445, 1000,  998, 2, 0.79, 0.83, -0.04,  0,  0,  0
2586435.05226320, 0.803605, 1000,  998, 2, 0.79, 0.83, -0.04,  0,  0,  0
2586435.05476320, 1.287401, 1000,  998, 2, 0.79, 0.83, -0.04,  0,  0,  0
2586435.05726320, 0.834563, 1000,  998, 2, 0.79, 0.83, -0.04,  0,  0,  0
2586435.05976320, -0.050860, 1000,  998, 2, 0.79, 0.83, -0.04,  0,  0,  0
2586435.06226320, -0.920493, 1000,  998, 2, 0.79, 0.83, -0.04,  0,  0,  0
2586435.06476320, -1.306936, 1000,  998, 2, 0.79, 0.83, -0.04,  0,  0,  0
2586435.06726320, -0.622722, 1000,  998, 2, 0.79, 0.83, -0.04,  0,  0,  0
2586435.06976320, 0.213991, 1000,  998, 2, 0.79, 0.83, -0.04,  0,  0,  0
2586435.07226320, 0.666534, 1000,  998, 2, 0.79, 0.83, -0.04,  0,  0,  0
2586435.07476320, 0.983729, 1000,  998, 2, 0.79, 0.83, -0.04,  0,  0,  0
2586435.07726320, 0.107083, 1000,  998, 2, 0.79, 0.83, -0.04,  0,  0,  0
2586435.07976320, -0.148912, 1000,  998, 2, 0.79, 0.83, -0.04,  0,  0,  0
2586435.08226320, -1.066147, 1000,  998, 2, 0.79, 0.83, -0.04,  0,  0,  0
2586435.08476320, -1.636660, 1000,  998, 2, 0.79, 0.83, -0.04,  0,  0,  0
2586435.08726320, -1.384490, 1000,  998, 2, 0.79, 0.83, -0.04,  0,  0,  0
2586435.08976320, -0.859756, 1000,  998, 2, 0.79, 0.83, -0.04,  0,  0,  0
2586435.09226320, -0.565889, 1000,  998, 2, 0.79, 0.83, -0.04,  0,  0,  0
2586435.09476320, -0.272023, 1000,  998, 2, 0.79, 0.83, -0.04,  0,  0,  0
2586435.09726320, 0.021844, 1000,  998, 2, 0.79, 0.83, -0.04,  0,  0,  0
2586435.09976320, -0.719861, 1000,  998, 2, 0.79, 0.83, -0.04,  0,  0,  0
2586435.10226320, -0.763185, 1000,  998, 2, 0.79, 0.83, -0.04,  0,  0,  0
2586435.10476320, -0.732947, 1000,  998, 2, 0.79, 0.83, -0.04,  0,  0,  0
2586435.10726320, -0.705419, 1000,  998, 2, 0.79, 0.83, -0.04,  0,  0,  0
2586435.10976320, -0.499500, 1000,  998, 2, 0.79, 0.83, -0.04,  0,  0,  0
2586435.11226320, 0.348181, 1000,  998, 2, 0.79, 0.83, -0.04,  0,  0,  0
2586435.11476320, 0.981783, 1000,  998, 2, 0.79, 0.83, -0.04,  0,  0,  0
2586435.11726320, 0.906777, 1000,  998, 2, 0.79, 0.83, -0.04,  0,  0,  0
2586435.11976320, 0.030384, 1000,  998, 2, 0.79, 0.83, -0.04,  0,  0,  0
2586435.12226320, -0.684816, 1000,  998, 2, 0.79, 0.83, -0.04,  0,  0,  0
2586435.12476320, -0.643802, 1000,  998, 2, 0.79, 0.83, -0.04,  0,  0,  0
2586435.12726320, -0.031898, 1000,  998, 2, 0.79, 0.83, -0.04,  0,  0,  0
2586435.12976320, 0.391258, 1000,  998, 2, 0.79, 0.83, -0.04,  0,  0,  0
2586435.13226320, 1.240856, 1000,  998, 2, 0.79, 0.83, -0.04,  0,  0,  0
2586435.13476320, 1.240666, 1000,  998, 2, 0.79, 0.83, -0.04,  0,  0,  0
2586435.13726320, 0.502643, 1000,  998, 2, 0.79, 0.83, -0.04,  0,  0,  0
2586435.14226320, -0.892826, 1000,  998, 2, 0.79, 0.83, -0.04,  0,  0,  0
2586435.14476320, -1.327099, 1000,  998, 2, 0.79, 0.83, -0.04,  0,  0,  0
2586435.14726320, 0.010866, 1000,  998, 2, 0.79, 0.83, -0.04,  0,  0,  0
2586435.14976320, 0.301551, 1000,  998, 2, 0.79, 0.83, -0.04,  0,  0,  0
2586435.15226320, 1.252383, 1000,  998, 2, 0.79, 0.83, -0.04,  0,  0,  0
2586435.15476320, 1.561033, 1000,  998, 2, 0.79, 0.83, -0.04,  0,  0,  0
2586435.15726320, 1.223392, 1000,  998, 2, 0.79, 0.83, -0.04,  0,  0,  0
2586435.15976320, 0.256269, 1000,  998, 2, 0.79, 0.83, -0.04,  0,  0,  0
2586435.16226320, -0.910826, 1000,  998, 2, 0.79, 0.83, -0.04,  0,  0,  0
2586435.16476320, -1.182101, 1000,  998, 2, 0.79, 0.83, -0.04,  0,  0,  0
2586435.16726320, -1.282186, 1000,  998, 2, 0.79, 0.83, -0.04,  0,  0,  0
2586435.16976320, -0.273802, 1000,  998, 2, 0.79, 0.83, -0.04,  0,  0,  0
2586435.17226320, 0.289364, 1000,  998, 2, 0.79, 0.83, -0.04,  0,  0,  0
2586435.17476320, 0.723360, 1000,  998, 2, 0.79, 0.83, -0.04,  0,  0,  0
2586435.17726320, 1.065086, 1000,  998, 2, 0.79, 0.83, -0.04,  0,  0,  0
2586435.17976320, 0.270450, 1000,  998, 2, 0.79, 0.83, -0.04,  0,  0,  0
2586435.18226320, -0.476921, 1000,  998, 2, 0.79, 0.83, -0.04,  0,  0,  0
2586435.18476320, -1.064682, 1000,  998, 2, 0.79, 0.83, -0.04,  0,  0,  0
2586435.18726320, -0.951307, 1000,  998, 2, 0.79, 0.83, -0.04,  0,  0,  0
2586435.18976320, -0.291269, 1000,  998, 2, 0.79, 0.83, -0.04,  0,  0,  0
2586435.19226320, 1.229618, 1000,  998, 2, 0.79, 0.83, -0.04,  0,  0,  0
2586435.19476320, 1.239972, 1000,  998, 2, 0.79, 0.83, -0.04,  0,  0,  0
2586435.19726320, 0.586302, 1000,  998, 2, 0.79, 0.83, -0.04,  0,  0,  0
2586435.19976320, -1.048332, 1000,  998, 2, 0.79, 0.83, -0.04,  0,  0,  0
2586435.20226320, -1.881408, 1000,  998, 2, 0.79, 0.83, -0.04,  0,  0,  0
2586435.20476320, -1.881408, 1000,  998, 2, 0.79, 0.83, -0.04,  0,  0,  0
2586435.20726320, -0.865781, 1000,  998, 2, 0.79, 0.83, -0.04,  0,  0,  0
2586435.20976320, -0.484067, 1000,  998, 2, 0.79, 0.83, -0.04,  0,  0,  0
2586435.21226320, 0.873784, 1000,  998, 2, 0.79, 0.83, -0.04,  0,  0,  0
2586435.21476320, 0.889115, 1000,  998, 2, 0.79, 0.83, -0.04,  0,  0,  0
2586435.21726320, 0.453672, 1000,  998, 2, 0.79, 0.83, -0.04,  0,  0,  0
2586435.21976320, -0.317735, 1000,  998, 2, 0.79, 0.83, -0.04,  0,  0,  0
2586435.22226320, -1.099852, 1000,  998, 2, 0.79, 0.83, -0.04,  0,  0,  0
2586435.22476320, -1.302212, 1000,  998, 2, 0.79, 0.83, -0.04,  0,  0,  0
2586435.22726320, -1.504572, 1000,  998, 2, 0.79, 0.83, -0.04,  0,  0,  0
2586435.22976320, -0.218745, 1000,  998, 2, 0.79, 0.83, -0.04,  0,  0,  0
2586435.23226320, 0.892042, 1000,  998, 2, 0.79, 0.83, -0.04,  0,  0,  0
2586435.23476320, 1.287887, 1000,  998, 2, 0.79, 0.83, -0.04,  0,  0,  0
2586435.23726320, 0.502643, 1000,  998, 2, 0.79, 0.83, -0.04,  0,  0,  0
2586435.23976320, -0.054152, 1000,  998, 2, 0.79, 0.83, -0.04,  0,  0,  0
2586435.24226320, -1.149770, 1000,  998, 2, 0.79, 0.83, -0.04,  0,  0,  0
2586435.24476320, -1.139410, 1000,  998, 2, 0.79, 0.83, -0.04,  0,  0,  0
2586435.24726320, -0.406076, 1000,  998, 2, 0.79, 0.83, -0.04,  0,  0,  0
2586435.24976320, 0.155851, 1000,  998, 2, 0.79, 0.83, -0.04,  0,  0,  0
2586435.25226320, 1.068598, 1000,  998, 2, 0.79, 0.83, -0.04,  0,  0,  0
2586435.25476320, 1.267267, 1000,  998, 2, 0.79, 0.83, -0.04,  0,  0,  0
2586435.25726320, 0.545406, 1000,  998, 2, 0.79, 0.83, -0.04,  0,  0,  0
2586435.25976320, 0.041107, 1000,  998, 2, 0.79, 0.83, -0.04,  0,  0,  0
2586435.26226320, -0.944485, 1000,  998, 2, 0.79, 0.83, -0.04,  0,  0,  0
2586435.26476320, -1.064426, 1000,  998, 2, 0.79, 0.83, -0.04,  0,  0,  0
2586435.26726320, -0.452714, 1000,  998, 2, 0.79, 0.83, -0.04,  0,  0,  0
2586435.26976320, 0.548408, 1000,  998, 2, 0.79, 0.83, -0.04,  0,  0,  0
2586435.27226320, 1.186855, 1000,  998, 2, 0.79, 0.83, -0.04,  0,  0,  0
2586435.27476320, 1.149307, 1000,  998, 2, 0.79, 0.83, -0.04,  0,  0,  0
2586435.27726320, 0.620770, 1000,  998, 2, 0.79, 0.83, -0.04,  0,  0,  0
2586435.27976320, 0.011790, 1000,  998, 2, 0.79, 0.83, -0.04,  0,  0,  0
2586435.28226320, -0.733012, 1000,  998, 2, 0.79, 0.83, -0.04,  0,  0,  0
2586435.28476320, -1.137277, 1000,  998, 2, 0.79, 0.83, -0.04,  0,  0,  0
2586435.28726320, -0.820540, 1000,  998, 2, 0.79, 0.83, -0.04,  0,  0,  0
2586435.28976320, -0.322668, 1000,  998, 2, 0.79, 0.83, -0.04,  0,  0,  0
2586435.29226320, 0.175204, 1000,  998, 2, 0.79, 0.83, -0.04,  0,  0,  0
2586435.29476320, 1.325948, 1000,  998, 2, 0.79, 0.83, -0.04,  0,  0,  0
2586435.29726320, 0.674232, 1000,  998, 2, 0.79, 0.83, -0.04,  0,  0,  0
2586435.29976320, -0.224785, 1000,  998, 2, 0.79, 0.83, -0.04,  0,  0,  0
2586435.30226320, -1.123688, 1000,  998, 2, 0.79, 0.83, -0.04,  0,  0,  0
2586435.30476320, -1.476225, 1000,  998, 2, 0.79, 0.83, -0.04,  0,  0,  0
2586435.30976320, -0.341612, 1000,  998, 2, 0.79, 0.83, -0.04,  0,  0,  0
2586435.31226320, 0.596336, 1000,  998, 2, 0.79, 0.83, -0.04,  0,  0,  0
2586435.31476320, 0.977132, 1000,  998, 2, 0.79, 0.83, -0.04,  0,  0,  0
2586435.31726320, 0.589892, 1000,  998, 2, 0.79, 0.83, -0.04,  0,  0,  0
2586435.31976320, -0.305607, 1000,  998, 2, 0.79, 0.83, -0.04,  0,  0,  0
2586435.32226320, -1.200292, 1000,  998, 2, 0.79, 0.83, -0.04,  0,  0,  0
2586435.32476320, -1.735343, 1000,  998, 2, 0.79, 0.83, -0.04,  0,  0,  0
2586435.32726320, -1.389061, 1000,  998, 2, 0.79, 0.83, -0.04,  0,  0,  0
2586435.32976320, -0.395233, 1000,  998, 2, 0.79, 0.83, -0.04,  0,  0,  0
2586435.33226320, 0.421845, 1000,  998, 2, 0.79, 0.83, -0.04,  0,  0,  0
2586435.33476320, 0.775192, 1000,  998, 2, 0.79, 0.83, -0.04,  0,  0,  0
2586435.33726320, 0.503694, 1000,  998, 2, 0.79, 0.83, -0.04,  0,  0,  0
2586435.33976320, 0.232196, 1000,  998, 2, 0.79, 0.83, -0.04,  0,  0,  0
2586435.34226320, -0.414567, 1000,  998, 2, 0.79, 0.83, -0.04,  0,  0,  0
2586435.34476320, -1.297998, 1000,  998, 2, 0.79, 0.83, -0.04,  0,  0,  0
2586435.34726320, -0.949836, 1000,  998, 2, 0.79, 0.83, -0.04,  0,  0,  0
2586435.34976320, -0.024963, 1000,  998, 2, 0.79, 0.83, -0.04,  0,  0,  0
2586435.35226320, 0.967973, 1000,  998, 2, 0.79, 0.83, -0.04,  0,  0,  0
2586435.35476320, 1.599870, 1000,  998, 2, 0.79, 0.83, -0.04,  0,  0,  0
2586435.35726320, 0.797854, 1000,  998, 2, 0.79, 0.83, -0.04,  0,  0,  0
2586435.35976320, -0.436971, 1000,  998, 2, 0.79, 0.83, -0.04,  0,  0,  0
2586435.36226320, -1.302194, 1000,  998, 2, 0.79, 0.83, -0.04,  0,  0,  0
2586435.36476320, -1.026143, 1000,  998, 2, 0.79, 0.83, -0.04,  0,  0,  0
2586435.36726320, -0.627686, 1000,  998, 2, 0.79, 0.83, -0.04,  0,  0,  0
2586435.36976320, 0.718710, 1000,  998, 2, 0.79, 0.83, -0.04,  0,  0,  0
2586435.37226320, 1.755024, 1000,  998, 2, 0.79, 0.83, -0.04,  0,  0,  0
2586435.37476320, 1.967284, 1000,  998, 2, 0.79, 0.83, -0.04,  0,  0,  0
2586435.37726320, 1.498031, 1000,  998, 2, 0.79, 0.83, -0.04,  0,  0,  0
2586435.37976320, -0.054941, 1000,  998, 2, 0.79, 0.83, -0.04,  0,  0,  0
2586435.38226320, -1.318446, 1000,  998, 2, 0.79, 0.83, -0.04,  0,  0,  0
2586435.38476320, -0.919235, 1000,  998, 2, 0.79, 0.83, -0.04,  0,  0,  0
2586435.38726320, -0.603404, 1000,  998, 2, 0.79, 0.83, -0.04,  0,  0,  0
2586435.38976320, 0.324978, 1000,  998, 2, 0.79, 0.83, -0.04,  0,  0,  0
2586435.39226320, 1.217623, 1000,  998, 2, 0.79, 0.83, -0.04,  0,  0,  0
2586435.39476320, 1.461704, 1000,  998, 2, 0.79, 0.83, -0.04,  0,  0,  0
2586435.39726320, 1.258573, 1000,  998, 2, 0.79, 0.83, -0.04,  0,  0,  0
2586435.39976320, 0.700959, 1000,  998, 2, 0.79, 0.83, -0.04,  0,  0,  0
2586435.40226320, -0.506863, 1000,  998, 2, 0.79, 0.83, -0.04,  0,  0,  0
2586435.40476320, -1.400321, 1000,  998, 2, 0.79, 0.83, -0.04,  0,  0,  0
2586435.40726320, -1.381127, 1000,  998, 2, 0.79, 0.83, -0.04,  0,  0,  0
2586435.40976320, -0.066462, 1000,  998, 2, 0.79, 0.83, -0.04,  0,  0,  0
2586435.41226320, 0.855570, 1000,  998, 2, 0.79, 0.83, -0.04,  0,  0,  0
2586435.41476320, 1.177993, 1000,  998, 2, 0.79, 0.83, -0.04,  0,  0,  0
2586435.41726320, 1.068342, 1000,  998, 2, 0.79, 0.83, -0.04,  0,  0,  0
2586435.41976320, 0.958692, 1000,  998, 2, 0.79, 0.83, -0.04,  0,  0,  0
2586435.42226320, 0.849041, 1000,  998, 2, 0.79, 0.83, -0.04,  0,  0,  0
2586435.42476320, 0.149475, 1000,  998, 2, 0.79, 0.83, -0.04,  0,  0,  0
2586435.42726320, -1.188105, 1000,  998, 2, 0.79, 0.83, -0.04,  0,  0,  0
2586435.42976320, -0.536928, 1000,  998, 2, 0.79, 0.83, -0.04,  0,  0,  0
2586435.43226320, 0.568972, 1000,  998, 2, 0.79, 0.83, -0.04,  0,  0,  0
2586435.43476320, 0.955417, 1000,  998, 2, 0.79, 0.83, -0.04,  0,  0,  0
2586435.43726320, 0.397272, 1000,  998, 2, 0.79, 0.83, -0.04,  0,  0,  0
2586435.43976320, -0.593006, 1000,  998, 2, 0.79, 0.83, -0.04,  0,  0,  0
2586435.44226320, -1.491062, 1000,  998, 2, 0.79, 0.83, -0.04,  0,  0,  0
2586435.44476320, -1.678282, 1000,  998, 2, 0.79, 0.83, -0.04,  0,  0,  0
2586435.44726320, -1.427901, 1000,  998, 2, 0.79, 0.83, -0.04,  0,  0,  0
2586435.44976320, -0.062531, 1000,  998, 2, 0.79, 0.83, -0.04,  0,  0,  0
2586435.45226320, 1.132216, 1000,  998, 2, 0.79, 0.83, -0.04,  0,  0,  0
2586435.45476320, 1.347217, 1000,  998, 2, 0.79, 0.83, -0.04,  0,  0,  0
2586435.45726320, 0.997698, 1000,  998, 2, 0.79, 0.83, -0.04,  0,  0,  0
2586435.45976320, 0.236046, 1000,  998, 2, 0.79, 0.83, -0.04,  0,  0,  0
2586435.46226320, -0.406158, 1000,  998, 2, 0.79, 0.83, -0.04,  0,  0,  0
2586435.46476320, -1.225518, 1000,  998, 2, 0.79, 0.83, -0.04,  0,  0,  0
2586435.46726320, -0.850582, 1000,  998, 2, 0.79, 0.83, -0.04,  0,  0,  0
2586435.46976320, -0.176397, 1000,  998, 2, 0.79, 0.83, -0.04,  0,  0,  0
2586435.47226320, 0.126037, 1000,  998, 2, 0.79, 0.83, -0.04,  0,  0,  0
2586435.47476320, 0.428471, 1000,  998, 2, 0.79, 0.83, -0.04,  0,  0,  0
2586435.47726320, 0.493567, 1000,  998, 2, 0.79, 0.83, -0.04,  0,  0,  0
2586435.47976320, 0.466089, 1000,  998, 2, 0.79, 0.83, -0.04,  0,  0,  0
2586435.48226320, 0.438612, 1000,  998, 2, 0.79, 0.83, -0.04,  0,  0,  0
2586435.48476320, -0.686367, 1000,  998, 2, 0.79, 0.83, -0.04,  0,  0,  0
2586435.48726320, -0.655554, 1000,  998, 2, 0.79, 0.83, -0.04,  0,  0,  0
2586435.48976320, 0.026877, 1000,  998, 2, 0.79, 0.83, -0.04,  0,  0,  0
2586435.49226320, 1.352011, 1000,  998, 2, 0.79, 0.83, -0.04,  0,  0,  0
2586435.49476320, 1.845083, 1000,  998, 2, 0.79, 0.83, -0.04,  0,  0,  0
2586435.49726320, 0.878613, 1000,  998, 2, 0.79, 0.83, -0.04,  0,  0,  0
2586435.49976320, -0.235023, 1000,  998, 2, 0.79, 0.83, -0.04,  0,  0,  0
2586435.50226320, -0.837589, 1000,  998, 2, 0.79, 0.83, -0.04,  0,  0,  0
2586435.50476320, -1.416544, 1000,  998, 2, 0.79, 0.83, -0.04,  0,  0,  0
2586435.50726320, -0.671712, 1000,  998, 2, 0.79, 0.83, -0.04,  0,  0,  0
2586435.51226320, 0.668194, 1000,  998, 2, 0.79, 0.83, -0.04,  0,  0,  0
2586435.51476320, 1.226731, 1000,  998, 2, 0.79, 0.83, -0.04,  0,  0,  0
2586435.51726320, 0.598845, 1000,  998, 2, 0.79, 0.83, -0.04,  0,  0,  0
2586435.51976320, 0.032247, 1000,  998, 2, 0.79, 0.83, -0.04,  0,  0,  0
2586435.52226320, 0.032247, 1000,  998, 2, 0.79, 0.83, -0.04,  0,  0,  0
2586435.52476320, -0.435699, 1000,  998, 2, 0.79, 0.83, -0.04,  0,  0,  0
2586435.52726320, -0.829011, 1000,  998, 2, 0.79, 0.83, -0.04,  0,  0,  0
2586435.52976320, 0.230398, 1000,  998, 2, 0.79, 0.83, -0.04,  0,  0,  0
2586435.53226320, 1.129643, 1000,  998, 2, 0.79, 0.83, -0.04,  0,  0,  0
2586435.53476320, 0.945674, 1000,  998, 2, 0.79, 0.83, -0.04,  0,  0,  0
2586435.53726320, 0.757057, 1000,  998, 2, 0.79, 0.83, -0.04,  0,  0,  0
2586435.53976320, -0.145856, 1000,  998, 2, 0.79, 0.83, -0.04,  0,  0,  0
2586435.54226320, -0.986875, 1000,  998, 2, 0.79, 0.83, -0.04,  0,  0,  0
2586435.54476320, -1.005011, 1000,  998, 2, 0.79, 0.83, -0.04,  0,  0,  0
2586435.54726320, -1.023146, 1000,  998, 2, 0.79, 0.83, -0.04,  0,  0,  0
2586435.54976320, -0.188591, 1000,  998, 2, 0.79, 0.83, -0.04,  0,  0,  0
2586435.55226320, 0.723102, 1000,  998, 2, 0.79, 0.83, -0.04,  0,  0,  0
2586435.55476320, 0.957977, 1000,  998, 2, 0.79, 0.83, -0.04,  0,  0,  0
2586435.55726320, 0.047323, 1000,  998, 2, 0.79, 0.83, -0.04,  0,  0,  0
2586435.55976320, -1.039212, 1000,  998, 2, 0.79, 0.83, -0.04,  0,  0,  0
2586435.56226320, -1.821194, 1000,  998, 2, 0.79, 0.83, -0.04,  0,  0,  0
2586435.56476320, -1.988316, 1000,  998, 2, 0.79, 0.83, -0.04,  0,  0,  0
2586435.56726320, -1.426830, 1000,  998, 2, 0.79, 0.83, -0.04,  0,  0,  0
2586435.56976320, -0.100893, 1000,  998, 2, 0.79, 0.83, -0.04,  0,  0,  0
2586435.57226320, 0.884815, 1000,  998, 2, 0.79, 0.83, -0.04,  0,  0,  0
2586435.57476320, 0.868090, 1000,  998, 2, 0.79, 0.83, -0.04,  0,  0,  0
2586435.57726320, 0.229941, 1000,  998, 2, 0.79, 0.83, -0.04,  0,  0,  0
2586435.57976320, -0.897853, 1000,  998, 2, 0.79, 0.83, -0.04,  0,  0,  0
2586435.58226320, -1.077585, 1000,  998, 2, 0.79, 0.83, -0.04,  0,  0,  0
2586435.58476320, -1.452183, 1000,  998, 2, 0.79, 0.83, -0.04,  0,  0,  0
2586435.58726320, -1.075427, 1000,  998, 2, 0.79, 0.83, -0.04,  0,  0,  0
2586435.58976320, -0.044164, 1000,  998, 2, 0.79, 0.83, -0.04,  0,  0,  0
2586435.59226320, 1.004929, 1000,  998, 2, 0.79, 0.83, -0.04,  0,  0,  0
2586435.59476320, 1.192864, 1000,  998, 2, 0.79, 0.83, -0.04,  0,  0,  0
2586435.59726320, 0.982806, 1000,  998, 2, 0.79, 0.83, -0.04,  0,  0,  0
2586435.59976320, 0.139941, 1000,  998, 2, 0.79, 0.83, -0.04,  0,  0,  0
2586435.60226320, -0.836599, 1000,  998, 2, 0.79, 0.83, -0.04,  0,  0,  0
2586435.60476320, -1.121222, 1000,  998, 2, 0.79, 0.83, -0.04,  0,  0,  0
2586435.60726320, -0.813087, 1000,  998, 2, 0.79, 0.83, -0.04,  0,  0,  0
2586435.60976320, -0.166161, 1000,  998, 2, 0.79, 0.83, -0.04,  0,  0,  0
2586435.61226320, 0.485007, 1000,  998, 2, 0.79, 0.83, -0.04,  0,  0,  0
2586435.61476320, 0.474097, 1000,  998, 2, 0.79, 0.83, -0.04,  0,  0,  0
2586435.61726320, 0.213141, 1000,  998, 2, 0.79, 0.83, -0.04,  0,  0,  0
2586435.61976320, -0.395385, 1000,  998, 2, 0.79, 0.83, -0.04,  0,  0,  0
2586435.62226320, -0.525657, 1000,  998, 2, 0.79, 0.83, -0.04,  0,  0,  0
2586435.62476320, -0.668834, 1000,  998, 2, 0.79, 0.83, -0.04,  0,  0,  0
2586435.62726320, -0.341931, 1000,  998, 2, 0.79, 0.83, -0.04,  0,  0,  0
2586435.62976320, 0.166955, 1000,  998, 2, 0.79, 0.83, -0.04,  0,  0,  0
2586435.63226320, 1.483884, 1000,  998, 2, 0.79, 0.83, -0.04,  0,  0,  0
2586435.63476320, 1.824374, 1000,  998, 2, 0.79, 0.83, -0.04,  0,  0,  0
2586435.63726320, 1.329769, 1000,  998, 2, 0.79, 0.83, -0.04,  0,  0,  0
2586435.64226320, -1.090288, 1000,  998, 2, 0.79, 0.83, -0.04,  0,  0,  0
2586435.64476320, -1.074575, 1000,  998, 2, 0.79, 0.83, -0.04,  0,  0,  0
2586435.64726320, -0.887332, 1000,  998, 2, 0.79, 0.83, -0.04,  0,  0,  0
2586435.64976320, 0.097224, 1000,  998, 2, 0.79, 0.83, -0.04,  0,  0,  0
2586435.65226320, 0.829713, 1000,  998, 2, 0.79, 0.83, -0.04,  0,  0,  0
2586435.65476320, 1.250260, 1000,  998, 2, 0.79, 0.83, -0.04,  0,  0,  0
2586435.65726320, 1.416295, 1000,  998, 2, 0.79, 0.83, -0.04,  0,  0,  0
2586435.65976320, 0.878253, 1000,  998, 2, 0.79, 0.83, -0.04,  0,  0,  0
2586435.66226320, 0.133929, 1000,  998, 2, 0.79, 0.83, -0.04,  0,  0,  0
2586435.66476320, -0.619529, 1000,  998, 2, 0.79, 0.83, -0.04,  0,  0,  0
2586435.66726320, -1.179123, 1000,  998, 2, 0.79, 0.83, -0.04,  0,  0,  0
2586435.66976320, -0.417383, 1000,  998, 2, 0.79, 0.83, -0.04,  0,  0,  0
2586435.67226320, 0.155779, 1000,  998, 2, 0.79, 0.83, -0.04,  0,  0,  0
2586435.67476320, 0.435351, 1000,  998, 2, 0.79, 0.83, -0.04,  0,  0,  0
2586435.67726320, 0.660031, 1000,  998, 2, 0.79, 0.83, -0.04,  0,  0,  0
2586435.67976320, -0.857254, 1000,  998, 2, 0.79, 0.83, -0.04,  0,  0,  0
2586435.68226320, -1.464466, 1000,  998, 2, 0.79, 0.83, -0.04,  0,  0,  0
2586435.68476320, -1.488698, 1000,  998, 2, 0.79, 0.83, -0.04,  0,  0,  0
2586435.68726320, -0.810141, 1000,  998, 2, 0.79, 0.83, -0.04,  0,  0,  0
2586435.68976320, 0.733111, 1000,  998, 2, 0.79, 0.83, -0.04,  0,  0,  0
2586435.69226320, 1.293763, 1000,  998, 2, 0.79, 0.83, -0.04,  0,  0,  0
2586435.69476320, 1.062521, 1000,  998, 2, 0.79, 0.83, -0.04,  0,  0,  0
2586435.69726320, 0.090561, 1000,  998, 2, 0.79, 0.83, -0.04,  0,  0,  0
2586435.69976320, -1.321564, 1000,  998, 2, 0.79, 0.83, -0.04,  0,  0,  0
2586435.70226320, -1.881408, 1000,  998, 2, 0.79, 0.83, -0.04,  0,  0,  0
2586435.70476320, -1.802858, 1000,  998, 2, 0.79, 0.83, -0.04,  0,  0,  0
2586435.70726320, -1.588076, 1000,  998, 2, 0.79, 0.83, -0.04,  0,  0,  0
2586435.70976320, -0.641746, 1000,  998, 2, 0.79, 0.83, -0.04,  0,  0,  0
2586435.71226320, 0.673929, 1000,  998, 2, 0.79, 0.83, -0.04,  0,  0,  0
2586435.71476320, 1.173755, 1000,  998, 2, 0.79, 0.83, -0.04,  0,  0,  0
2586435.71726320, 1.201911, 1000,  998, 2, 0.79, 0.83, -0.04,  0,  0,  0
2586435.71976320, 0.144888, 1000,  998, 2, 0.79, 0.83, -0.04,  0,  0,  0
2586435.72226320, -1.234346, 1000,  998, 2, 0.79, 0.83, -0.04,  0,  0,  0
2586435.72476320, -1.535660, 1000,  998, 2, 0.79, 0.83, -0.04,  0,  0,  0
2586435.72726320, -1.279714, 1000,  998, 2, 0.79, 0.83, -0.04,  0,  0,  0
2586435.72976320, -0.969424, 1000,  998, 2, 0.79, 0.83, -0.04,  0,  0,  0
2586435.73226320, -0.659135, 1000,  998, 2, 0.79, 0.83, -0.04,  0,  0,  0
2586435.73476320, 0.518061, 1000,  998, 2, 0.79, 0.83, -0.04,  0,  0,  0
2586435.73726320, 0.913245, 1000,  998, 2, 0.79, 0.83, -0.04,  0,  0,  0
2586435.73976320, 0.030167, 1000,  998, 2, 0.79, 0.83, -0.04,  0,  0,  0
2586435.74226320, -0.893015, 1000,  998, 2, 0.79, 0.83, -0.04,  0,  0,  0
2586435.74476320, -1.018125, 1000,  998, 2, 0.79, 0.83, -0.04,  0,  0,  0
2586435.74726320, -0.256405, 1000,  998, 2, 0.79, 0.83, -0.04,  0,  0,  0
2586435.74976320, 0.323993, 1000,  998, 2, 0.79, 0.83, -0.04,  0,  0,  0
2586435.75226320, 1.131878, 1000,  998, 2, 0.79, 0.83, -0.04,  0,  0,  0
2586435.75476320, 1.030816, 1000,  998, 2, 0.79, 0.83, -0.04,  0,  0,  0
2586435.75726320, 0.470570, 1000,  998, 2, 0.79, 0.83, -0.04,  0,  0,  0
2586435.75976320, -0.153603, 1000,  998, 2, 0.79, 0.83, -0.04,  0,  0,  0
2586435.76226320, -1.166237, 1000,  998, 2, 0.79, 0.83, -0.04,  0,  0,  0
2586435.76476320, -0.826422, 1000,  998, 2, 0.79, 0.83, -0.04,  0,  0,  0
2586435.76726320, 0.481261, 1000,  998, 2, 0.79, 0.83, -0.04,  0,  0,  0
2586435.76976320, 0.481261, 1000,  998, 2, 0.79, 0.83, -0.04,  0,  0,  0
2586435.77226320, 2.031428, 1000,  998, 2, 0.79, 0.83, -0.04,  0,  0,  0
2586435.77476320, 1.997232, 1000,  998, 2, 0.79, 0.83, -0.04,  0,  0,  0
2586435.77726320, 1.649469, 1000,  998, 2, 0.79, 0.83, -0.04,  0,  0,  0
2586435.77976320, 0.395737, 1000,  998, 2, 0.79, 0.83, -0.04,  0,  0,  0
2586435.78226320, -0.744092, 1000,  998, 2, 0.79, 0.83, -0.04,  0,  0,  0
2586435.78476320, -1.033364, 1000,  998, 2, 0.79, 0.83, -0.04,  0,  0,  0
2586435.78726320, -0.669824, 1000,  998, 2, 0.79, 0.83, -0.04,  0,  0,  0
2586435.78976320, 0.151481, 1000,  998, 2, 0.79, 0.83, -0.04,  0,  0,  0
2586435.79226320, 1.231727, 1000,  998, 2, 0.79, 0.83, -0.04,  0,  0,  0
2586435.79476320, 1.362238, 1000,  998, 2, 0.79, 0.83, -0.04,  0,  0,  0
2586435.79726320, 1.212056, 1000,  998, 2, 0.79, 0.83, -0.04,  0,  0,  0
2586435.79976320, 0.647474, 1000,  998, 2, 0.79, 0.83, -0.04,  0,  0,  0
2586435.80226320, -0.835417, 1000,  998, 2, 0.79, 0.83, -0.04,  0,  0,  0
2586435.80476320, -1.147136, 1000,  998, 2, 0.79, 0.83, -0.04,  0,  0,  0
2586435.80726320, -0.352622, 1000,  998, 2, 0.79, 0.83, -0.04,  0,  0,  0
2586435.80976320, -0.022888, 1000,  998, 2, 0.79, 0.83, -0.04,  0,  0,  0
2586435.81226320, 0.767639, 1000,  998, 2, 0.79, 0.83, -0.04,  0,  0,  0
2586435.81476320, 0.758442, 1000,  998, 2, 0.79, 0.83, -0.04,  0,  0,  0
2586435.81726320, 0.073774, 1000,  998, 2, 0.79, 0.83, -0.04,  0,  0,  0
2586435.81976320, -0.770203, 1000,  998, 2, 0.79, 0.83, -0.04,  0,  0,  0
2586435.82226320, -1.387327, 1000,  998, 2, 0.79, 0.83, -0.04,  0,  0,  0
2586435.82726320, -0.775050, 1000,  998, 2, 0.79, 0.83, -0.04,  0,  0,  0
2586435.82976320, 0.533619, 1000,  998, 2, 0.79, 0.83, -0.04,  0,  0,  0
2586435.83226320, 0.919584, 1000,  998, 2, 0.79, 0.83, -0.04,  0,  0,  0
2586435.83476320, 0.749868, 1000,  998, 2, 0.79, 0.83, -0.04,  0,  0,  0
2586435.83726320, 0.171603, 1000,  998, 2, 0.79, 0.83, -0.04,  0,  0,  0
2586435.83976320, -0.635952, 1000,  998, 2, 0.79, 0.83, -0.04,  0,  0,  0
2586435.84226320, -1.539302, 1000,  998, 2, 0.79, 0.83, -0.04,  0,  0,  0
2586435.84476320, -1.539302, 1000,  998, 2, 0.79, 0.83, -0.04,  0,  0,  0
2586435.84726320, -1.314055, 1000,  998, 2, 0.79, 0.83, -0.04,  0,  0,  0
2586435.84976320, -0.326415, 1000,  998, 2, 0.79, 0.83, -0.04,  0,  0,  0
2586435.85226320, 0.506582, 1000,  998, 2, 0.79, 0.83, -0.04,  0,  0,  0
2586435.85476320, 1.030921, 1000,  998, 2, 0.79, 0.83, -0.04,  0,  0,  0
2586435.85726320, 0.248567, 1000,  998, 2, 0.79, 0.83, -0.04,  0,  0,  0
2586435.85976320, -0.351305, 1000,  998, 2, 0.79, 0.83, -0.04,  0,  0,  0
2586435.86226320, -0.926468, 1000,  998, 2, 0.79, 0.83, -0.04,  0,  0,  0
2586435.86476320, -1.539542, 1000,  998, 2, 0.79, 0.83, -0.04,  0,  0,  0
2586435.86726320, -0.417131, 1000,  998, 2, 0.79, 0.83, -0.04,  0,  0,  0
2586435.86976320, 1.036570, 1000,  998, 2, 0.79, 0.83, -0.04,  0,  0,  0
2586435.87226320, 1.293763, 1000,  998, 2, 0.79, 0.83, -0.04,  0,  0,  0
2586435.87476320, 1.093647, 1000,  998, 2, 0.79, 0.83, -0.04,  0,  0,  0
2586435.87726320, 0.534573, 1000,  998, 2, 0.79, 0.83, -0.04,  0,  0,  0
2586435.87976320, -0.405881, 1000,  998, 2, 0.79, 0.83, -0.04,  0,  0,  0
2586435.88226320, -0.876472, 1000,  998, 2, 0.79, 0.83, -0.04,  0,  0,  0
2586435.88476320, -0.778094, 1000,  998, 2, 0.79, 0.83, -0.04,  0,  0,  0
2586435.88726320, 0.082325, 1000,  998, 2, 0.79, 0.83, -0.04,  0,  0,  0
2586435.88976320, 1.255781, 1000,  998, 2, 0.79, 0.83, -0.04,  0,  0,  0
2586435.89226320, 1.486197, 1000,  998, 2, 0.79, 0.83, -0.04,  0,  0,  0
2586435.89476320, 1.486197, 1000,  998, 2, 0.79, 0.83, -0.04,  0,  0,  0
2586435.89726320, 0.765843, 1000,  998, 2, 0.79, 0.83, -0.04,  0,  0,  0
2586435.89976320, -0.318076, 1000,  998, 2, 0.79, 0.83, -0.04,  0,  0,  0
2586435.90226320, -0.927032, 1000,  998, 2, 0.79, 0.83, -0.04,  0,  0,  0
2586435.90476320, -0.939260, 1000,  998, 2, 0.79, 0.83, -0.04,  0,  0,  0
2586435.90726320, -0.809596, 1000,  998, 2, 0.79, 0.83, -0.04,  0,  0,  0
2586435.90976320, -0.242668, 1000,  998, 2, 0.79, 0.83, -0.04,  0,  0,  0
2586435.91226320, 0.717728, 1000,  998, 2, 0.79, 0.83, -0.04,  0,  0,  0
2586435.91476320, 1.229986, 1000,  998, 2, 0.79, 0.83, -0.04,  0,  0,  0
2586435.91726320, 1.075958, 1000,  998, 2, 0.79, 0.83, -0.04,  0,  0,  0
2586435.91976320, 0.494989, 1000,  998, 2, 0.79, 0.83, -0.04,  0,  0,  0
2586435.92226320, -0.499274, 1000,  998, 2, 0.79, 0.83, -0.04,  0,  0,  0
2586435.92476320, -1.032908, 1000,  998, 2, 0.79, 0.83, -0.04,  0,  0,  0
2586435.92726320, -0.559291, 1000,  998, 2, 0.79, 0.83, -0.04,  0,  0,  0
2586435.92976320, 0.513334, 1000,  998, 2, 0.79, 0.83, -0.04,  0,  0,  0
2586435.93226320, 0.751208, 1000,  998, 2, 0.79, 0.83, -0.04,  0,  0,  0
2586435.93476320, 1.138298, 1000,  998, 2, 0.79, 0.83, -0.04,  0,  0,  0
2586435.93726320, 0.601048, 1000,  998, 2, 0.79, 0.83, -0.04,  0,  0,  0
2586435.93976320, -0.694728, 1000,  998, 2, 0.79, 0.83, -0.04,  0,  0,  0
2586435.94226320, -0.956573, 1000,  998, 2, 0.79, 0.83, -0.04,  0,  0,  0
2586435.94476320, -1.558202, 1000,  998, 2, 0.79, 0.83, -0.04,  0,  0,  0
2586435.94726320, -0.921031, 1000,  998, 2, 0.79, 0.83, -0.04,  0,  0,  0
2586435.94976320, 0.278136, 1000,  998, 2, 0.79, 0.83, -0.04,  0,  0,  0
2586435.95226320, 0.323220, 1000,  998, 2, 0.79, 0.83, -0.04,  0,  0,  0
2586435.95476320, 0.452743, 1000,  998, 2, 0.79, 0.83, -0.04,  0,  0,  0
2586435.95726320, -0.509080, 1000,  998, 2, 0.79, 0.83, -0.04,  0,  0,  0
2586435.95976320, -1.425144, 1000,  998, 2, 0.79, 0.83, -0.04,  0,  0,  0
2586435.96226320, -1.733146, 1000,  998, 2, 0.79, 0.83, -0.04,  0,  0,  0
2586435.96476320, -1.464466, 1000,  998, 2, 0.79, 0.83, -0.04,  0,  0,  0
2586435.96726320, -1.347931, 1000,  998, 2, 0.79, 0.83, -0.04,  0,  0,  0
2586435.96976320, -0.592189, 1000,  998, 2, 0.79, 0.83, -0.04,  0,  0,  0
2586435.97226320, 0.008871, 1000,  998, 2, 0.79, 0.83, -0.04,  0,  0,  0
2586435.97476320, 0.573723, 1000,  998, 2, 0.79, 0.83, -0.04,  0,  0,  0
2586435.97726320, 1.138575, 1000,  998, 2, 0.79, 0.83, -0.04,  0,  0,  0
2586435.97976320, 0.081338, 1000,  998, 2, 0.79, 0.83, -0.04,  0,  0,  0
2586435.98226320, -1.235750, 1000,  998, 2, 0.79, 0.83, -0.04,  0,  0,  0
2586435.98476320, -1.641280, 1000,  998, 2, 0.79, 0.83, -0.04,  0,  0,  0
2586435.98726320, -0.638868, 1000,  998, 2, 0.79, 0.83, -0.04,  0,  0,  0
2586435.98976320, 0.429930, 1000,  998, 2, 0.79, 0.83, -0.04,  0,  0,  0
2586435.99226320, 1.159142, 1000,  998, 2, 0.79, 0.83, -0.04,  0,  0,  0
2586435.99476320, 1.515473, 1000,  998, 2, 0.79, 0.83, -0.04,  0,  0,  0
2586435.99726320, 0.639716, 1000,  998, 2, 0.79, 0.83, -0.04,  0,  0,  0
2586435.99976320, -0.160187, 1000,  998, 2, 0.79, 0.83, -0.04,  0,  0,  0
2586436.00226320, -0.444506, 1000,  998, 2, 0.79, 0.83, -0.04,  0,  0,  0
2586436.00476320, -0.777435, 1000,  998, 2, 0.79, 0.83, -0.04,  0,  0,  0
2586436.00726320, 0.215246, 1000,  998, 2, 0.79, 0.83, -0.04,  0,  0,  0
2586436.01226320, 1.080414, 1000,  998, 2, 0.79, 0.83, -0.04,  0,  0,  0
2586436.01476320, 1.410572, 1000,  998, 2, 0.79, 0.83, -0.04,  0,  0,  0
2586436.01726320, 1.534271, 1000,  998, 2, 0.79, 0.83, -0.04,  0,  0,  0
2586436.01976320, -0.523675, 1000,  998, 2, 0.79, 0.83, -0.04,  0,  0,  0
2586436.02226320, -0.636400, 1000,  998, 2, 0.79, 0.83, -0.04,  0,  0,  0
2586436.02476320, -0.703510, 1000,  998, 2, 0.79, 0.83, -0.04,  0,  0,  0
2586436.02726320, -0.415053, 1000,  998, 2, 0.79, 0.83, -0.04,  0,  0,  0
2586436.02976320, 0.000398, 1000,  998, 2, 0.79, 0.83, -0.04,  0,  0,  0
2586436.03226320, 1.090638, 1000,  998, 2, 0.79, 0.83, -0.04,  0,  0,  0
2586436.03476320, 1.756678, 1000,  998, 2, 0.79, 0.83, -0.04,  0,  0,  0
2586436.03726320, 1.572881, 1000,  998, 2, 0.79, 0.83, -0.04,  0,  0,  0
2586436.03976320, -0.189422, 1000,  998, 2, 0.79, 0.83, -0.04,  0,  0,  0
2586436.04226320, -1.181179, 1000,  998, 2, 0.79, 0.83, -0.04,  0,  0,  0
2586436.04476320, -1.234615, 1000,  998, 2, 0.79, 0.83, -0.04,  0,  0,  0
2586436.04726320, -0.897039, 1000,  998, 2, 0.79, 0.83, -0.04,  0,  0,  0
2586436.04976320, -0.155221, 1000,  998, 2, 0.79, 0.83, -0.04,  0,  0,  0
2586436.05226320, 0.642583, 1000,  998, 2, 0.79, 0.83, -0.04,  0,  0,  0
2586436.05476320, 1.037032, 1000,  998, 2, 0.79, 0.83, -0.04,  0,  0,  0
2586436.05726320, -0.386559, 1000,  998, 2, 0.79, 0.83, -0.04,  0,  0,  0
2586436.05976320, -1.945553, 1000,  998, 2, 0.79, 0.83, -0.04,  0,  0,  0
2586436.06226320, -2.239638, 1000,  998, 2, 0.79, 0.83, -0.04,  0,  0,  0
2586436.06476320, -2.004547, 1000,  998, 2, 0.79, 0.83, -0.04,  0,  0,  0
2586436.06726320, -0.587319, 1000,  998, 2, 0.79, 0.83, -0.04,  0,  0,  0
2586436.06976320, 1.283072, 1000,  998, 2, 0.79, 0.83, -0.04,  0,  0,  0
2586436.07226320, 2.602789, 1000,  998, 2, 0.79, 0.83, -0.04,  0,  0,  0
2586436.07476320, 3.061282, 1000,  998, 2, 0.79, 0.83, -0.04,  0,  0,  0
2586436.07726320, 1.045490, 1000,  998, 2, 0.79, 0.83, -0.04,  0,  0,  0
2586436.07976320, -1.646440, 1000,  998, 2, 0.79, 0.83, -0.04,  0,  0,  0
2586436.08226320, -3.095847, 1000,  998, 2, 0.79, 0.83, -0.04,  0,  0,  0
2586436.08476320, -2.982561, 1000,  998, 2, 0.79, 0.83, -0.04,  0,  0,  0
2586436.08726320, -2.601736, 1000,  998, 2, 0.79, 0.83, -0.04,  0,  0,  0
2586436.08976320, -1.268871, 1000,  998, 2, 0.79, 0.83, -0.04,  0,  0,  0
2586436.09226320, -0.972020, 1000,  998, 2, 0.79, 0.83, -0.04,  0,  0,  0
2586436.09476320, -0.578102, 1000,  998, 2, 0.79, 0.83, -0.04,  0,  0,  0
2586436.09726320, -0.389891, 1000,  998, 2, 0.79, 0.83, -0.04,  0,  0,  0
2586436.09976320, -0.798521, 1000,  998, 2, 0.79, 0.83, -0.04,  0,  0,  0
2586436.10226320, -1.207152, 1000,  998, 2, 0.79, 0.83, -0.04,  0,  0,  0
2586436.10476320, -0.737491, 1000,  998, 2, 0.79, 0.83, -0.04,  0,  0,  0
2586436.10726320, -0.737491, 1000,  998, 2, 0.79, 0.83, -0.04,  0,  0,  0
2586436.10976320, 0.299517, 1000,  998, 2, 0.79, 0.83, -0.04,  0,  0,  0
2586436.11226320, 0.299517, 1000,  998, 2, 0.79, 0.83, -0.04,  0,  0,  0
2586436.11476320, -0.106733, 1000,  998, 2, 0.79, 0.83, -0.04,  0,  0,  0
2586436.11726320, -0.793697, 1000,  998, 2, 0.79, 0.83, -0.04,  0,  0,  0
2586436.11976320, -2.277334, 1000,  998, 2, 0.79, 0.83, -0.04,  0,  0,  0
2586436.12226320, -2.781380, 1000,  998, 2, 0.79, 0.83, -0.04,  0,  0,  0
2586436.12476320, -2.355126, 1000,  998, 2, 0.79, 0.83, -0.04,  0,  0,  0
2586436.12726320, -0.727165, 1000,  998, 2, 0.79, 0.83, -0.04,  0,  0,  0
2586436.12976320, 0.504166, 1000,  998, 2, 0.79, 0.83, -0.04,  0,  0,  0
2586436.13226320, 1.704546, 1000,  998, 2, 0.79, 0.83, -0.04,  0,  0,  0
2586436.13476320, 1.753467, 1000,  998, 2, 0.79, 0.83, -0.04,  0,  0,  0
2586436.13726320, 1.441561, 1000,  998, 2, 0.79, 0.83, -0.04,  0,  0,  0
2586436.13976320, 0.769406, 1000,  998, 2, 0.79, 0.83, -0.04,  0,  0,  0
2586436.14226320, -0.790105, 1000,  998, 2, 0.79, 0.83, -0.04,  0,  0,  0
2586436.14476320, -0.192260, 1000,  998, 2, 0.79, 0.83, -0.04,  0,  0,  0
2586436.14726320, 0.033768, 1000,  998, 2, 0.79, 0.83, -0.04,  0,  0,  0
2586436.14976320, 0.517459, 1000,  998, 2, 0.79, 0.83, -0.04,  0,  0,  0
2586436.15226320, 1.007432, 1000,  998, 2, 0.79, 0.83, -0.04,  0,  0,  0
2586436.15476320, 1.299214, 1000,  998, 2, 0.79, 0.83, -0.04,  0,  0,  0
2586436.15726320, 0.525453, 1000,  998, 2, 0.79, 0.83, -0.04,  0,  0,  0
2586436.15976320, -0.015294, 1000,  998, 2, 0.79, 0.83, -0.04,  0,  0,  0
2586436.16226320, -0.443520, 1000,  998, 2, 0.79, 0.83, -0.04,  0,  0,  0
2586436.16476320, -0.817174, 1000,  998, 2, 0.79, 0.83, -0.04,  0,  0,  0
2586436.16726320, -0.134436, 1000,  998, 2, 0.79, 0.83, -0.04,  0,  0,  0
2586436.16976320, 0.559070, 1000,  998, 2, 0.79, 0.83, -0.04,  0,  0,  0
2586436.17226320, 1.281628, 1000,  998, 2, 0.79, 0.83, -0.04,  0,  0,  0
2586436.17476320, 2.110052, 1000,  998, 2, 0.79, 0.83, -0.04,  0,  0,  0
2586436.17726320, 1.296890, 1000,  998, 2, 0.79, 0.83, -0.04,  0,  0,  0
2586436.17976320, 0.534715, 1000,  998, 2, 0.79, 0.83, -0.04,  0,  0,  0
2586436.18226320, -0.753671, 1000,  998, 2, 0.79, 0.83, -0.04,  0,  0,  0
2586436.18476320, -1.914547, 1000,  998, 2, 0.79, 0.83, -0.04,  0,  0,  0
2586436.18726320, 0.297177, 1000,  998, 2, 0.79, 0.83, -0.04,  0,  0,  0
2586436.18976320, 0.832164, 1000,  998, 2, 0.79, 0.83, -0.04,  0,  0,  0
2586436.19226320, 1.518270, 1000,  998, 2, 0.79, 0.83, -0.04,  0,  0,  0
2586436.19726320, 0.506383, 1000,  998, 2, 0.79, 0.83, -0.04,  0,  0,  0
2586436.19976320, -0.939015, 1000,  998, 2, 0.79, 0.83, -0.04,  0,  0,  0
2586436.20226320, -1.652678, 1000,  998, 2, 0.79, 0.83, -0.04,  0,  0,  0
2586436.20476320, -1.888642, 1000,  998, 2, 0.79, 0.83, -0.04,  0,  0,  0
2586436.20726320, -1.304104, 1000,  998, 2, 0.79, 0.83, -0.04,  0,  0,  0
2586436.20976320, -1.304104, 1000,  998, 2, 0.79, 0.83, -0.04,  0,  0,  0
2586436.21226320, -0.134923, 1000,  998, 2, 0.79, 0.83, -0.04,  0,  0,  0
2586436.21476320, 0.211628, 1000,  998, 2, 0.79, 0.83, -0.04,  0,  0,  0
2586436.21726320, -0.099170, 1000,  998, 2, 0.79, 0.83, -0.04,  0,  0,  0
2586436.21976320, -0.514024, 1000,  998, 2, 0.79, 0.83, -0.04,  0,  0,  0
2586436.22226320, -0.973373, 1000,  998, 2, 0.79, 0.83, -0.04,  0,  0,  0
2586436.22476320, -1.432721, 1000,  998, 2, 0.79, 0.83, -0.04,  0,  0,  0
2586436.22726320, -1.013592, 1000,  998, 2, 0.79, 0.83, -0.04,  0,  0,  0
2586436.22976320, -0.403681, 1000,  998, 2, 0.79, 0.83, -0.04,  0,  0,  0
2586436.23226320, 0.302441, 1000,  998, 2, 0.79, 0.83, -0.04,  0,  0,  0
2586436.23476320, 0.475419, 1000,  998, 2, 0.79, 0.83, -0.04,  0,  0,  0
2586436.23726320, -0.011875, 1000,  998, 2, 0.79, 0.83, -0.04,  0,  0,  0
2586436.23976320, -0.694034, 1000,  998, 2, 0.79, 0.83, -0.04,  0,  0,  0
2586436.24226320, -1.459446, 1000,  998, 2, 0.79, 0.83, -0.04,  0,  0,  0
2586436.24476320, -1.620684, 1000,  998, 2, 0.79, 0.83, -0.04,  0,  0,  0
2586436.24726320, -0.602753, 1000,  998, 2, 0.79, 0.83, -0.04,  0,  0,  0
2586436.24976320, 1.190223, 1000,  998, 2, 0.79, 0.83, -0.04,  0,  0,  0
2586436.25226320, 1.913830, 1000,  998, 2, 0.79, 0.83, -0.04,  0,  0,  0
2586436.25476320, 1.742554, 1000,  998, 2, 0.79, 0.83, -0.04,  0,  0,  0
2586436.25726320, 0.863398, 1000,  998, 2, 0.79, 0.83, -0.04,  0,  0,  0
2586436.25976320, -0.619811, 1000,  998, 2, 0.79, 0.83, -0.04,  0,  0,  0
2586436.26226320, -1.239959, 1000,  998, 2, 0.79, 0.83, -0.04,  0,  0,  0
2586436.26476320, -1.229857, 1000,  998, 2, 0.79, 0.83, -0.04,  0,  0,  0
2586436.26726320, -0.515773, 1000,  998, 2, 0.79, 0.83, -0.04,  0,  0,  0
2586436.26976320, 0.626027, 1000,  998, 2, 0.79, 0.83, -0.04,  0,  0,  0
2586436.27226320, 1.331490, 1000,  998, 2, 0.79, 0.83, -0.04,  0,  0,  0
2586436.27476320, 1.129335, 1000,  998, 2, 0.79, 0.83, -0.04,  0,  0,  0
2586436.27726320, 0.331451, 1000,  998, 2, 0.79, 0.83, -0.04,  0,  0,  0
2586436.27976320, -0.029868, 1000,  998, 2, 0.79, 0.83, -0.04,  0,  0,  0
2586436.28226320, -0.457512, 1000,  998, 2, 0.79, 0.83, -0.04,  0,  0,  0
2586436.28476320, -0.712576, 1000,  998, 2, 0.79, 0.83, -0.04,  0,  0,  0
2586436.28726320, -0.074499, 1000,  998, 2, 0.79, 0.83, -0.04,  0,  0,  0
2586436.28976320, 0.594245, 1000,  998, 2, 0.79, 0.83, -0.04,  0,  0,  0
2586436.29226320, 1.077680, 1000,  998, 2, 0.79, 0.83, -0.04,  0,  0,  0
2586436.29476320, 1.390999, 1000,  998, 2, 0.79, 0.83, -0.04,  0,  0,  0
2586436.29726320, 1.020431, 1000,  998, 2, 0.79, 0.83, -0.04,  0,  0,  0
2586436.29976320, 0.533499, 1000,  998, 2, 0.79, 0.83, -0.04,  0,  0,  0
2586436.30226320, -0.101920, 1000,  998, 2, 0.79, 0.83, -0.04,  0,  0,  0
2586436.30476320, -0.127722, 1000,  998, 2, 0.79, 0.83, -0.04,  0,  0,  0
2586436.30726320, 0.203300, 1000,  998, 2, 0.79, 0.83, -0.04,  0,  0,  0
2586436.30976320, 0.657547, 1000,  998, 2, 0.79, 0.83, -0.04,  0,  0,  0
2586436.31226320, 1.412866, 1000,  998, 2, 0.79, 0.83, -0.04,  0,  0,  0
2586436.31476320, 1.048735, 1000,  998, 2, 0.79, 0.83, -0.04,  0,  0,  0
2586436.31726320, 0.181918, 1000,  998, 2, 0.79, 0.83, -0.04,  0,  0,  0
2586436.31976320, -0.433320, 1000,  998, 2, 0.79, 0.83, -0.04,  0,  0,  0
2586436.32226320, -1.468386, 1000,  998, 2, 0.79, 0.83, -0.04,  0,  0,  0
2586436.32726320, 0.160537, 1000,  998, 2, 0.79, 0.83, -0.04,  0,  0,  0
2586436.32976320, 0.399193, 1000,  998, 2, 0.79, 0.83, -0.04,  0,  0,  0
2586436.33226320, 0.650352, 1000,  998, 2, 0.79, 0.83, -0.04,  0,  0,  0
2586436.33476320, 0.524663, 1000,  998, 2, 0.79, 0.83, -0.04,  0,  0,  0
2586436.33726320, -0.106733, 1000,  998, 2, 0.79, 0.83, -0.04,  0,  0,  0
2586436.33976320, -0.412624, 1000,  998, 2, 0.79, 0.83, -0.04,  0,  0,  0
2586436.34226320, -1.678282, 1000,  998, 2, 0.79, 0.83, -0.04,  0,  0,  0
2586436.34476320, -1.678282, 1000,  998, 2, 0.79, 0.83, -0.04,  0,  0,  0
2586436.34726320, -1.307187, 1000,  998, 2, 0.79, 0.83, -0.04,  0,  0,  0
2586436.34976320, -0.962028, 1000,  998, 2, 0.79, 0.83, -0.04,  0,  0,  0
2586436.35226320, -0.687055, 1000,  998, 2, 0.79, 0.83, -0.04,  0,  0,  0
2586436.35476320, -0.412082, 1000,  998, 2, 0.79, 0.83, -0.04,  0,  0,  0
2586436.35726320, -0.172277, 1000,  998, 2, 0.79, 0.83, -0.04,  0,  0,  0
2586436.35976320, -0.512601, 1000,  998, 2, 0.79, 0.83, -0.04,  0,  0,  0
2586436.36226320, -0.962558, 1000,  998, 2, 0.79, 0.83, -0.04,  0,  0,  0
2586436.36476320, -1.444781, 1000,  998, 2, 0.79, 0.83, -0.04,  0,  0,  0
2586436.36726320, -0.592234, 1000,  998, 2, 0.79, 0.83, -0.04,  0,  0,  0
2586436.36976320, 0.765807, 1000,  998, 2, 0.79, 0.83, -0.04,  0,  0,  0
2586436.37226320, 1.144091, 1000,  998, 2, 0.79, 0.83, -0.04,  0,  0,  0
2586436.37476320, 0.773642, 1000,  998, 2, 0.79, 0.83, -0.04,  0,  0,  0
2586436.37726320, -0.164024, 1000,  998, 2, 0.79, 0.83, -0.04,  0,  0,  0
2586436.37976320, -1.178353, 1000,  998, 2, 0.79, 0.83, -0.04,  0,  0,  0
2586436.38226320, -1.752634, 1000,  998, 2, 0.79, 0.83, -0.04,  0,  0,  0
2586436.38476320, -1.468275, 1000,  998, 2, 0.79, 0.83, -0.04,  0,  0,  0
2586436.38726320, -0.633055, 1000,  998, 2, 0.79, 0.83, -0.04,  0,  0,  0
2586436.38976320, 0.495528, 1000,  998, 2, 0.79, 0.83, -0.04,  0,  0,  0
2586436.39226320, 1.196110, 1000,  998, 2, 0.79, 0.83, -0.04,  0,  0,  0
2586436.39476320, 1.539651, 1000,  998, 2, 0.79, 0.83, -0.04,  0,  0,  0
2586436.39726320, 0.834909, 1000,  998, 2, 0.79, 0.83, -0.04,  0,  0,  0
2586436.39976320, 0.040777, 1000,  998, 2, 0.79, 0.83, -0.04,  0,  0,  0
2586436.40226320, -0.573033, 1000,  998, 2, 0.79, 0.83, -0.04,  0,  0,  0
2586436.40476320, -0.821577, 1000,  998, 2, 0.79, 0.83, -0.04,  0,  0,  0
2586436.40726320, -1.070122, 1000,  998, 2, 0.79, 0.83, -0.04,  0,  0,  0
2586436.40976320, 1.147848, 1000,  998, 2, 0.79, 0.83, -0.04,  0,  0,  0
2586436.41226320, 1.814336, 1000,  998, 2, 0.79, 0.83, -0.04,  0,  0,  0
2586436.41476320, 1.252460, 1000,  998, 2, 0.79, 0.83, -0.04,  0,  0,  0
2586436.41726320, 0.695077, 1000,  998, 2, 0.79, 0.83, -0.04,  0,  0,  0
2586436.41976320, 0.695077, 1000,  998, 2, 0.79, 0.83, -0.04,  0,  0,  0
2586436.42226320, -0.359076, 1000,  998, 2, 0.79, 0.83, -0.04,  0,  0,  0
2586436.42476320, -0.356262, 1000,  998, 2, 0.79, 0.83, -0.04,  0,  0,  0
2586436.42726320, -0.003000, 1000,  998, 2, 0.79, 0.83, -0.04,  0,  0,  0
2586436.42976320, 0.604570, 1000,  998, 2, 0.79, 0.83, -0.04,  0,  0,  0
2586436.43226320, 1.502319, 1000,  998, 2, 0.79, 0.83, -0.04,  0,  0,  0
2586436.43476320, 1.197545, 1000,  998, 2, 0.79, 0.83, -0.04,  0,  0,  0
2586436.43726320, 0.862615, 1000,  998, 2, 0.79, 0.83, -0.04,  0,  0,  0
2586436.43976320, -0.294764, 1000,  998, 2, 0.79, 0.83, -0.04,  0,  0,  0
2586436.44226320, -1.085286, 1000,  998, 2, 0.79, 0.83, -0.04,  0,  0,  0
2586436.44476320, -1.336530, 1000,  998, 2, 0.79, 0.83, -0.04,  0,  0,  0
2586436.44726320, -0.741175, 1000,  998, 2, 0.79, 0.83, -0.04,  0,  0,  0
2586436.44976320, 0.604313, 1000,  998, 2, 0.79, 0.83, -0.04,  0,  0,  0
2586436.45226320, 1.502898, 1000,  998, 2, 0.79, 0.83, -0.04,  0,  0,  0
2586436.45476320, 0.875220, 1000,  998, 2, 0.79, 0.83, -0.04,  0,  0,  0
2586436.45726320, -0.014578, 1000,  998, 2, 0.79, 0.83, -0.04,  0,  0,  0
2586436.45976320, -1.181518, 1000,  998, 2, 0.79, 0.83, -0.04,  0,  0,  0
2586436.46226320, -2.058388, 1000,  998, 2, 0.79, 0.83, -0.04,  0,  0,  0
2586436.46476320, -2.334553, 1000,  998, 2, 0.79, 0.83, -0.04,  0,  0,  0
2586436.46726320, -2.036925, 1000,  998, 2, 0.79, 0.83, -0.04,  0,  0,  0
2586436.46976320, -1.608852, 1000,  998, 2, 0.79, 0.83, -0.04,  0,  0,  0
2586436.47226320, 0.500242, 1000,  998, 2, 0.79, 0.83, -0.04,  0,  0,  0
2586436.47476320, 0.641603, 1000,  998, 2, 0.79, 0.83, -0.04,  0,  0,  0
2586436.47726320, 0.520169, 1000,  998, 2, 0.79, 0.83, -0.04,  0,  0,  0
2586436.47976320, -0.990690, 1000,  998, 2, 0.79, 0.83, -0.04,  0,  0,  0
2586436.48226320, -2.119546, 1000,  998, 2, 0.79, 0.83, -0.04,  0,  0,  0
2586436.48476320, -2.458049, 1000,  998, 2, 0.79, 0.83, -0.04,  0,  0,  0
2586436.48726320, -2.301991, 1000,  998, 2, 0.79, 0.83, -0.04,  0,  0,  0
2586436.48976320, -0.914897, 1000,  998, 2, 0.79, 0.83, -0.04,  0,  0,  0
2586436.49226320, 0.423079, 1000,  998, 2, 0.79, 0.83, -0.04,  0,  0,  0
2586436.49476320, 0.555471, 1000,  998, 2, 0.79, 0.83, -0.04,  0,  0,  0
2586436.49726320, 0.149838, 1000,  998, 2, 0.79, 0.83, -0.04,  0,  0,  0
2586436.49976320, -0.758873, 1000,  998, 2, 0.79, 0.83, -0.04,  0,  0,  0
2586436.50226320, -0.986891, 1000,  998, 2, 0.79, 0.83, -0.04,  0,  0,  0
2586436.50476320, -1.127640, 1000,  998, 2, 0.79, 0.83, -0.04,  0,  0,  0
2586436.50726320, -0.197438, 1000,  998, 2, 0.79, 0.83, -0.04,  0,  0,  0
2586436.51226320, 1.205052, 1000,  998, 2, 0.79, 0.83, -0.04,  0,  0,  0
2586436.51476320, 1.667941, 1000,  998, 2, 0.79, 0.83, -0.04,  0,  0,  0
2586436.51726320, 1.293469, 1000,  998, 2, 0.79, 0.83, -0.04,  0,  0,  0
2586436.51976320, 0.079092, 1000,  998, 2, 0.79, 0.83, -0.04,  0,  0,  0
2586436.52226320, -0.261210, 1000,  998, 2, 0.79, 0.83, -0.04,  0,  0,  0
2586436.52476320, -0.365529, 1000,  998, 2, 0.79, 0.83, -0.04,  0,  0,  0
2586436.52726320, -0.112014, 1000,  998, 2, 0.79, 0.83, -0.04,  0,  0,  0
2586436.52976320, 0.369015, 1000,  998, 2, 0.79, 0.83, -0.04,  0,  0,  0
2586436.53226320, 1.303819, 1000,  998, 2, 0.79, 0.83, -0.04,  0,  0,  0
2586436.53476320, 2.360061, 1000,  998, 2, 0.79, 0.83, -0.04,  0,  0,  0
2586436.53726320, 2.075161, 1000,  998, 2, 0.79, 0.83, -0.04,  0,  0,  0
2586436.53976320, -0.609201, 1000,  998, 2, 0.79, 0.83, -0.04,  0,  0,  0
2586436.54226320, -0.609201, 1000,  998, 2, 0.79, 0.83, -0.04,  0,  0,  0
2586436.54476320, -0.719689, 1000,  998, 2, 0.79, 0.83, -0.04,  0,  0,  0
2586436.54726320, -0.569238, 1000,  998, 2, 0.79, 0.83, -0.04,  0,  0,  0
2586436.54976320, 0.844749, 1000,  998, 2, 0.79, 0.83, -0.04,  0,  0,  0
2586436.55226320, 1.166981, 1000,  998, 2, 0.79, 0.83, -0.04,  0,  0,  0
2586436.55476320, 1.401141, 1000,  998, 2, 0.79, 0.83, -0.04,  0,  0,  0
2586436.55726320, 0.329719, 1000,  998, 2, 0.79, 0.83, -0.04,  0,  0,  0
2586436.55976320, -0.833708, 1000,  998, 2, 0.79, 0.83, -0.04,  0,  0,  0
2586436.56226320, -1.108858, 1000,  998, 2, 0.79, 0.83, -0.04,  0,  0,  0
2586436.56476320, -1.134219, 1000,  998, 2, 0.79, 0.83, -0.04,  0,  0,  0
2586436.56726320, -0.186279, 1000,  998, 2, 0.79, 0.83, -0.04,  0,  0,  0
2586436.56976320, 0.449189, 1000,  998, 2, 0.79, 0.83, -0.04,  0,  0,  0
2586436.57226320, 0.633117, 1000,  998, 2, 0.79, 0.83, -0.04,  0,  0,  0
2586436.57476320, 0.443893, 1000,  998, 2, 0.79, 0.83, -0.04,  0,  0,  0
2586436.57726320, -0.459568, 1000,  998, 2, 0.79, 0.83, -0.04,  0,  0,  0
2586436.57976320, -1.507229, 1000,  998, 2, 0.79, 0.83, -0.04,  0,  0,  0
2586436.58226320, -1.668404, 1000,  998, 2, 0.79, 0.83, -0.04,  0,  0,  0
2586436.58476320, -1.627670, 1000,  998, 2, 0.79, 0.83, -0.04,  0,  0,  0
2586436.58726320, -0.788364, 1000,  998, 2, 0.79, 0.83, -0.04,  0,  0,  0
2586436.58976320, 0.247657, 1000,  998, 2, 0.79, 0.83, -0.04,  0,  0,  0
2586436.59226320, 1.153077, 1000,  998, 2, 0.79, 0.83, -0.04,  0,  0,  0
2586436.59476320, 0.880767, 1000,  998, 2, 0.79, 0.83, -0.04,  0,  0,  0
2586436.59726320, 0.025779, 1000,  998, 2, 0.79, 0.83, -0.04,  0,  0,  0
2586436.59976320, -0.734072, 1000,  998, 2, 0.79, 0.83, -0.04,  0,  0,  0
2586436.60226320, -1.162632, 1000,  998, 2, 0.79, 0.83, -0.04,  0,  0,  0
2586436.60476320, -1.282722, 1000,  998, 2, 0.79, 0.83, -0.04,  0,  0,  0
2586436.60726320, -1.282722, 1000,  998, 2, 0.79, 0.83, -0.04,  0,  0,  0
2586436.60976320, -0.071707, 1000,  998, 2, 0.79, 0.83, -0.04,  0,  0,  0
2586436.61226320, 0.663005, 1000,  998, 2, 0.79, 0.83, -0.04,  0,  0,  0
2586436.61476320, 0.663005, 1000,  998, 2, 0.79, 0.83, -0.04,  0,  0,  0
2586436.61726320, 0.043357, 1000,  998, 2, 0.79, 0.83, -0.04,  0,  0,  0
2586436.61976320, -0.980084, 1000,  998, 2, 0.79, 0.83, -0.04,  0,  0,  0
2586436.62226320, -1.563984, 1000,  998, 2, 0.79, 0.83, -0.04,  0,  0,  0
2586436.62476320, -1.635519, 1000,  998, 2, 0.79, 0.83, -0.04,  0,  0,  0
2586436.62726320, -1.236065, 1000,  998, 2, 0.79, 0.83, -0.04,  0,  0,  0
2586436.62976320, -0.313276, 1000,  998, 2, 0.79, 0.83, -0.04,  0,  0,  0
2586436.63226320, 0.552176, 1000,  998, 2, 0.79, 0.83, -0.04,  0,  0,  0
2586436.63476320, 0.524382, 1000,  998, 2, 0.79, 0.83, -0.04,  0,  0,  0
2586436.63726320, -0.164863, 1000,  998, 2, 0.79, 0.83, -0.04,  0,  0,  0
2586436.64226320, -1.019470, 1000,  998, 2, 0.79, 0.83, -0.04,  0,  0,  0
2586436.64476320, -0.867904, 1000,  998, 2, 0.79, 0.83, -0.04,  0,  0,  0
2586436.64726320, -0.406947, 1000,  998, 2, 0.79, 0.83, -0.04,  0,  0,  0
2586436.64976320, 0.059389, 1000,  998, 2, 0.79, 0.83, -0.04,  0,  0,  0
2586436.65226320, 1.312493, 1000,  998, 2, 0.79, 0.83, -0.04,  0,  0,  0
2586436.65476320, 1.293763, 1000,  998, 2, 0.79, 0.83, -0.04,  0,  0,  0
2586436.65726320, 0.792014, 1000,  998, 2, 0.79, 0.83, -0.04,  0,  0,  0
2586436.65976320, -0.007443, 1000,  998, 2, 0.79, 0.83, -0.04,  0,  0,  0
2586436.66226320, -0.530858, 1000,  998, 2, 0.79, 0.83, -0.04,  0,  0,  0
2586436.66476320, -0.407889, 1000,  998, 2, 0.79, 0.83, -0.04,  0,  0,  0
2586436.66726320, 0.463762, 1000,  998, 2, 0.79, 0.83, -0.04,  0,  0,  0
2586436.66976320, 1.258254, 1000,  998, 2, 0.79, 0.83, -0.04,  0,  0,  0
2586436.67226320, 2.029344, 1000,  998, 2, 0.79, 0.83, -0.04,  0,  0,  0
2586436.67476320, 2.041257, 1000,  998, 2, 0.79, 0.83, -0.04,  0,  0,  0
2586436.67726320, 1.076248, 1000,  998, 2, 0.79, 0.83, -0.04,  0,  0,  0
2586436.67976320, 0.156136, 1000,  998, 2, 0.79, 0.83, -0.04,  0,  0,  0
2586436.68226320, -0.564176, 1000,  998, 2, 0.79, 0.83, -0.04,  0,  0,  0
2586436.68476320, -0.889436, 1000,  998, 2, 0.79, 0.83, -0.04,  0,  0,  0
2586436.68726320, 0.001952, 1000,  998, 2, 0.79, 0.83, -0.04,  0,  0,  0
2586436.68976320, 0.803015, 1000,  998, 2, 0.79, 0.83, -0.04,  0,  0,  0
2586436.69226320, 2.576660, 1000,  998, 2, 0.79, 0.83, -0.04,  0,  0,  0
2586436.69476320, 2.424792, 1000,  998, 2, 0.79, 0.83, -0.04,  0,  0,  0
2586436.69726320, 1.123320, 1000,  998, 2, 0.79, 0.83, -0.04,  0,  0,  0
2586436.69976320, -0.280718, 1000,  998, 2, 0.79, 0.83, -0.04,  0,  0,  0
2586436.70226320, -1.172345, 1000,  998, 2, 0.79, 0.83, -0.04,  0,  0,  0
2586436.70476320, -1.206311, 1000,  998, 2, 0.79, 0.83, -0.04,  0,  0,  0
2586436.70726320, -0.413992, 1000,  998, 2, 0.79, 0.83, -0.04,  0,  0,  0
2586436.70976320, 0.160537, 1000,  998, 2, 0.79, 0.83, -0.04,  0,  0,  0
2586436.71226320, 0.168654, 1000,  998, 2, 0.79, 0.83, -0.04,  0,  0,  0
2586436.71476320, 0.145142, 1000,  998, 2, 0.79, 0.83, -0.04,  0,  0,  0
2586436.71726320, -0.292591,  974,  998, -23, 0.77, 0.83, -0.06,  0,  0,  0
2586436.71976320, -0.837184,  862,  998, -136, 0.68, 0.83, -0.15,  0,  0,  0
2586436.72226320, -1.273534,  750,  998, -248, 0.59, 0.83, -0.24,  0,  0,  0
2586436.72476320, -1.770961,  638,  998, -360, 0.50, 0.83, -0.33,  0,  0,  0
2586436.72726320, -1.684181,  526,  998, -472, 0.42, 0.83, -0.41,  0,  0,  0
2586436.72976320, -1.488138,  414,  998, -584, 0.33, 0.83, -0.50,  0,  0,  0
2586436.73226320, -0.358357,  301,  998, -696, 0.24, 0.83, -0.59,  0,  0,  0
2586436.73476320, 0.883218,  189,  998, -808, 0.15, 0.83, -0.68,  0,  0,  0
2586436.73726320, 0.864166,   77,  998, -921, 0.06, 0.83, -0.77,  0,  0,  0
2586436.73976320, -0.401650,    0,  998, -998, 0.00, 0.83, -0.83,  0,  0,  0
2586436.74226320, -1.702732,    0,  998, -998, 0.00, 0.83, -0.83,  0,  0,  0
2586436.74476320, -2.076284,    0,  998, -998, 0.00, 0.83, -0.83,  0,  0,  0
2586436.74726320, -1.171004,    0,  998, -998, 0.00, 0.83, -0.83,  0,  0,  0
2586436.74976320, -0.046104,    0,  998, -998, 0.00, 0.83, -0.83,  0,  0,  0
2586436.75226320, 0.481261,    0,  998, -998, 0.00, 0.83, -0.83,  0,  0,  0
2586436.75476320, 0.438159,    0,  998, -998, 0.00, 0.83, -0.83,  0,  0,  0
2586436.75726320, 0.064637,    0,  998, -998, 0.00, 0.83, -0.83,  0,  0,  0
2586436.75976320, -0.811168,    0,  998, -998, 0.00, 0.83, -0.83,  0,  0,  0
2586436.76226320, -1.186505,    0,  998, -998, 0.00, 0.83, -0.83,  0,  0,  0
2586436.76476320, -0.846264,    0,  998, -998, 0.00, 0.83, -0.83,  0,  0,  0
2586436.76726320, -0.060274,    0,  998, -998, 0.00, 0.83, -0.83,  0,  0,  0
2586436.76976320, 0.624107,    0,  998, -998, 0.00, 0.83, -0.83,  0,  0,  0
2586436.77226320, 1.750113,    0,  998, -998, 0.00, 0.83, -0.83,  0,  0,  0
2586436.77476320, 1.968676,    0,  998, -998, 0.00, 0.83, -0.83,  0,  0,  0
2586436.77726320, 1.521964,    0,  998, -998, 0.00, 0.83, -0.83,  0,  0,  0
2586436.77976320, 1.035999,    0,  998, -998, 0.00, 0.83, -0.83,  0,  0,  0
2586436.78226320, -0.083034,    0,  998, -998, 0.00, 0.83, -0.83,  0,  0,  0
2586436.78476320, -0.089765,    0,  998, -998, 0.00, 0.83, -0.83,  0,  0,  0
2586436.78726320, 1.122710,    0,  998, -998, 0.00, 0.83, -0.83,  0,  0,  0
2586436.78976320, 1.122710,    0,  998, -998, 0.00, 0.83, -0.83,  0,  0,  0
2586436.79226320, 1.346684,    0,  998, -998, 0.00, 0.83, -0.83,  0,  0,  0
2586436.79476320, 1.567452,    0,  998, -998, 0.00, 0.83, -0.83,  0,  0,  0
2586436.79726320, 1.133577,    0,  998, -998, 0.00, 0.83, -0.83,  0,  0,  0
2586436.79976320, 0.743159,    0,  998, -998, 0.00, 0.83, -0.83,  0,  0,  0
2586436.80226320, -0.472609,    0,  998, -998, 0.00, 0.83, -0.83,  0,  0,  0
2586436.80476320, -0.892632,    0,  998, -998, 0.00, 0.83, -0.83,  0,  0,  0
2586436.80726320, -0.225427,    0,  998, -998, 0.00, 0.83, -0.83,  0,  0,  0
2586436.80976320, 0.309549,    0,  998, -998, 0.00, 0.83, -0.83,  0,  0,  0
2586436.81226320, 0.801985,    0,  998, -998, 0.00, 0.83, -0.83,  0,  0,  0
2586436.81476320, 0.597516,    0,  998, -998, 0.00, 0.83, -0.83,  0,  0,  0
2586436.81726320, 0.160537,    0,  998, -998, 0.00, 0.83, -0.83,  0,  0,  0
2586436.81976320, -0.157199,    0,  998, -998, 0.00, 0.83, -0.83,  0,  0,  0
2586436.82226320, -1.699249,    0,  998, -998, 0.00, 0.83, -0.83,  0,  0,  0
2586436.82726320, -0.716109,    0,  998, -998, 0.00, 0.83, -0.83,  0,  0,  0
2586436.82976320, -0.716109,    0,  998, -998, 0.00, 0.83, -0.83,  0,  0,  0
2586436.83226320, 0.470570,    0,  998, -998, 0.00, 0.83, -0.83,  0,  0,  0
2586436.83476320, 0.305074,    0,  998, -998, 0.00, 0.83, -0.83,  0,  0,  0
2586436.83726320, -0.234067,    0,  998, -998, 0.00, 0.83, -0.83,  0,  0,  0
2586436.83976320, -0.832004,    0,  998, -998, 0.00, 0.83, -0.83,  0,  0,  0
2586436.84226320, -1.226805,    0,  998, -998, 0.00, 0.83, -0.83,  0,  0,  0
2586436.84476320, -1.621607,    0,  998, -998, 0.00, 0.83, -0.83,  0,  0,  0
2586436.84726320, -2.016408,    0,  998, -998, 0.00, 0.83, -0.83,  0,  0,  0
2586436.84976320, 0.089363,    0,  998, -998, 0.00, 0.83, -0.83,  0,  0,  0
2586436.85226320, 0.363431,    0,  998, -998, 0.00, 0.83, -0.83,  0,  0,  0
2586436.85476320, 0.637499,    0,  998, -998, 0.00, 0.83, -0.83,  0,  0,  0
2586436.85726320, -0.598511,    0,  998, -998, 0.00, 0.83, -0.83,  0,  0,  0
2586436.85976320, -0.598511,    0,  998, -998, 0.00, 0.83, -0.83,  0,  0,  0
2586436.86226320, -0.804644,    0,  998, -998, 0.00, 0.83, -0.83,  0,  0,  0
2586436.86476320, -1.537487,    0,  998, -998, 0.00, 0.83, -0.83,  0,  0,  0
2586436.86726320, -0.160187,    0,  998, -998, 0.00, 0.83, -0.83,  0,  0,  0
2586436.86976320, 0.451053,    0,  998, -998, 0.00, 0.83, -0.83,  0,  0,  0
2586436.87226320, 1.370045,    0,  998, -998, 0.00, 0.83, -0.83,  0,  0,  0
2586436.87476320, 1.264274,    0,  998, -998, 0.00, 0.83, -0.83,  0,  0,  0
2586436.87726320, 0.256754,    0,  998, -998, 0.00, 0.83, -0.83,  0,  0,  0
2586436.87976320, -0.334482,    0,  998, -998, 0.00, 0.83, -0.83,  0,  0,  0
2586436.88226320, -0.932648,    0,  998, -998, 0.00, 0.83, -0.83,  0,  0,  0
2586436.88476320, -0.647423,    0,  998, -998, 0.00, 0.83, -0.83,  0,  0,  0
2586436.88726320, 0.267445,    0,  998, -998, 0.00, 0.83, -0.83,  0,  0,  0
2586436.88976320, 0.456761,    0,  998, -998, 0.00, 0.83, -0.83,  0,  0,  0
2586436.89226320, 0.888201,    0,  998, -998, 0.00, 0.83, -0.83,  0,  0,  0
2586436.89476320, 1.358096,    0,  998, -998, 0.00, 0.83, -0.83,  0,  0,  0
2586436.89726320, 0.940966,    0,  998, -998, 0.00, 0.83, -0.83,  0,  0,  0
2586436.89976320, 0.736059,    0,  998, -998, 0.00, 0.83, -0.83,  0,  0,  0
2586436.90226320, 0.238555,    0,  998, -998, 0.00, 0.83, -0.83,  0,  0,  0
2586436.90476320, -0.323708,    0,  998, -998, 0.00, 0.83, -0.83,  0,  0,  0
2586436.90726320, -0.230406,    0,  998, -998, 0.00, 0.83, -0.83,  0,  0,  0
2586436.90976320, 0.523598,    0,  998, -998, 0.00, 0.83, -0.83,  0,  0,  0
2586436.91226320, 1.132767,    0,  998, -998, 0.00, 0.83, -0.83,  0,  0,  0
2586436.91476320, 1.487593,    0,  998, -998, 0.00, 0.83, -0.83,  0,  0,  0
2586436.91726320, 1.081738,    0,  998, -998, 0.00, 0.83, -0.83,  0,  0,  0
2586436.91976320, 0.417993,    0,  998, -998, 0.00, 0.83, -0.83,  0,  0,  0
2586436.92226320, -0.450719,    0,  998, -998, 0.00, 0.83, -0.83,  0,  0,  0
2586436.92476320, -0.880268,    0,  998, -998, 0.00, 0.83, -0.83,  0,  0,  0
2586436.92726320, -0.072189,    0,  998, -998, 0.00, 0.83, -0.83,  0,  0,  0
2586436.92976320, 1.109306,    0,  998, -998, 0.00, 0.83, -0.83,  0,  0,  0
2586436.93226320, 1.496888,    0,  998, -998, 0.00, 0.83, -0.83,  0,  0,  0
2586436.93476320, 1.288032,    0,  998, -998, 0.00, 0.83, -0.83,  0,  0,  0
2586436.93726320, 0.138069,    0,  998, -998, 0.00, 0.83, -0.83,  0,  0,  0
2586436.93976320, -0.980103,    0,  998, -998, 0.00, 0.83, -0.83,  0,  0,  0
2586436.94226320, -1.453775,    0,  998, -998, 0.00, 0.83, -0.83,  0,  0,  0
2586436.94476320, -1.497266,    0,  998, -998, 0.00, 0.83, -0.83,  0,  0,  0
2586436.94726320, -0.951651,    0,  998, -998, 0.00, 0.83, -0.83,  0,  0,  0
2586436.94976320, 0.155737,    0,  998, -998, 0.00, 0.83, -0.83,  0,  0,  0
2586436.95226320, 0.859618,    0,  998, -998, 0.00, 0.83, -0.83,  0,  0,  0
2586436.95476320, 0.821431,    0,  998, -998, 0.00, 0.83, -0.83,  0,  0,  0
2586436.95726320, -0.038855,    0,  998, -998, 0.00, 0.83, -0.83,  0,  0,  0
2586436.95976320, -0.799791,    0,  998, -998, 0.00, 0.83, -0.83,  0,  0,  0
2586436.96226320, -1.533420,    0,  998, -998, 0.00, 0.83, -0.83,  0,  0,  0
2586436.96476320, -1.713966,    0,  998, -998, 0.00, 0.83, -0.83,  0,  0,  0
2586436.96726320, -1.641306,    0,  998, -998, 0.00, 0.83, -0.83,  0,  0,  0
2586436.96976320, -0.243017,    0,  998, -998, 0.00, 0.83, -0.83,  0,  0,  0
2586436.97226320, 0.328462,    0,  998, -998, 0.00, 0.83, -0.83,  0,  0,  0
2586436.97476320, 0.478677,    0,  998, -998, 0.00, 0.83, -0.83,  0,  0,  0
2586436.97726320, 0.128967,    0,  998, -998, 0.00, 0.83, -0.83,  0,  0,  0
2586436.97976320, -0.289223,    0,  998, -998, 0.00, 0.83, -0.83,  0,  0,  0
2586436.98226320, -1.012955,    0,  998, -998, 0.00, 0.83, -0.83,  0,  0,  0
2586436.98476320, -1.090288,    0,  998, -998, 0.00, 0.83, -0.83,  0,  0,  0
2586436.98726320, -0.746097,    0,  998, -998, 0.00, 0.83, -0.83,  0,  0,  0
2586436.98976320, 0.193792,    0,  998, -998, 0.00, 0.83, -0.83,  0,  0,  0
2586436.99226320, 0.812231,    0,  998, -998, 0.00, 0.83, -0.83,  0,  0,  0
2586436.99476320, 0.606767,    0,  998, -998, 0.00, 0.83, -0.83,  0,  0,  0
2586436.99726320, -0.017926,    0,  998, -998, 0.00, 0.83, -0.83,  0,  0,  0
2586436.99976320, -1.102239,    0,  998, -998, 0.00, 0.83, -0.83,  0,  0,  0
2586437.00226320, -1.843273,    0,  998, -998, 0.00, 0.83, -0.83,  0,  0,  0
2586437.00476320, -1.528611,    0,  998, -998, 0.00, 0.83, -0.83,  0,  0,  0
2586437.00976320, 0.732200,    0,  998, -998, 0.00, 0.83, -0.83,  0,  0,  0
2586437.01226320, 1.666408,    0,  998, -998, 0.00, 0.83, -0.83,  0,  0,  0
2586437.01476320, 1.418483,    0,  998, -998, 0.00, 0.83, -0.83,  0,  0,  0
2586437.01726320, 0.447823,    0,  998, -998, 0.00, 0.83, -0.83,  0,  0,  0
2586437.01976320, -0.684037,    0,  998, -998, 0.00, 0.83, -0.83,  0,  0,  0
2586437.02226320, -0.755388,    0,  998, -998, 0.00, 0.83, -0.83,  0,  0,  0
2586437.02476320, -0.965740,    0,  998, -998, 0.00, 0.83, -0.83,  0,  0,  0
2586437.02726320, 0.163106,    0,  998, -998, 0.00, 0.83, -0.83,  0,  0,  0
2586437.02976320, 1.272381,    0,  998, -998, 0.00, 0.83, -0.83,  0,  0,  0
2586437.03226320, 1.272381,    0,  998, -998, 0.00, 0.83, -0.83,  0,  0,  0
2586437.03476320, 1.312286,    0,  998, -998, 0.00, 0.83, -0.83,  0,  0,  0
2586437.03726320, 1.355175,    0,  998, -998, 0.00, 0.83, -0.83,  0,  0,  0
2586437.03976320, 0.753020,    0,  998, -998, 0.00, 0.83, -0.83,  0,  0,  0
2586437.04226320, -0.118259,    0,  998, -998, 0.00, 0.83, -0.83,  0,  0,  0
2586437.04476320, -0.403271,    0,  998, -998, 0.00, 0.83, -0.83,  0,  0,  0
2586437.04726320, -0.493405,    0,  998, -998, 0.00, 0.83, -0.83,  0,  0,  0
2586437.04976320, 0.033714,    0,  998, -998, 0.00, 0.83, -0.83,  0,  0,  0
2586437.05226320, 1.024101,    0,  998, -998, 0.00, 0.83, -0.83,  0,  0,  0
2586437.05476320, 1.405050,    0,  998, -998, 0.00, 0.83, -0.83,  0,  0,  0
2586437.05726320, 0.413904,    0,  998, -998, 0.00, 0.83, -0.83,  0,  0,  0
2586437.05976320, -0.673369,    0,  998, -998, 0.00, 0.83, -0.83,  0,  0,  0
2586437.06226320, -1.073889,    0,  998, -998, 0.00, 0.83, -0.83,  0,  0,  0
2586437.06476320, -0.630583,    0,  998, -998, 0.00, 0.83, -0.83,  0,  0,  0
2586437.06726320, -0.150152,    0,  998, -998, 0.00, 0.83, -0.83,  0,  0,  0
2586437.06976320, 1.106719,    0,  998, -998, 0.00, 0.83, -0.83,  0,  0,  0
2586437.07226320, 1.421820,    0,  998, -998, 0.00, 0.83, -0.83,  0,  0,  0
2586437.07476320, 0.673696,    0,  998, -998, 0.00, 0.83, -0.83,  0,  0,  0
2586437.07726320, 0.045975,    0,  998, -998, 0.00, 0.83, -0.83,  0,  0,  0
2586437.07976320, -1.019224,    0,  998, -998, 0.00, 0.83, -0.83,  0,  0,  0
2586437.08226320, -1.346063,    0,  998, -998, 0.00, 0.83, -0.83,  0,  0,  0
2586437.08476320, -1.228405,    0,  998, -998, 0.00, 0.83, -0.83,  0,  0,  0
2586437.08726320, -0.924566,    0,  998, -998, 0.00, 0.83, -0.83,  0,  0,  0
2586437.08976320, -0.009810,    0,  998, -998, 0.00, 0.83, -0.83,  0,  0,  0
2586437.09226320, 0.680533,    0,  998, -998, 0.00, 0.83, -0.83,  0,  0,  0
2586437.09476320, 0.907448,    0,  998, -998, 0.00, 0.83, -0.83,  0,  0,  0
2586437.09726320, 0.747877,    0,  998, -998, 0.00, 0.83, -0.83,  0,  0,  0
2586437.09976320, 0.588305,    0,  998, -998, 0.00, 0.83, -0.83,  0,  0,  0
2586437.10226320, -1.945039,    0,  998, -998, 0.00, 0.83, -0.83,  0,  0,  0
2586437.10476320, -1.919009,    0,  998, -998, 0.00, 0.83, -0.83,  0,  0,  0
2586437.10726320, -1.892979,    0,  998, -998, 0.00, 0.83, -0.83,  0,  0,  0
2586437.10976320, -1.381236,    0,  998, -998, 0.00, 0.83, -0.83,  0,  0,  0
2586437.11226320, -0.480804,    0,  998, -998, 0.00, 0.83, -0.83,  0,  0,  0
2586437.11476320, 0.519364,    0,  998, -998, 0.00, 0.83, -0.83,  0,  0,  0
2586437.11726320, -0.434088,    0,  998, -998, 0.00, 0.83, -0.83,  0,  0,  0
2586437.11976320, -1.346867,    0,  998, -998, 0.00, 0.83, -0.83,  0,  0,  0
2586437.12226320, -1.538992,    0,  998, -998, 0.00, 0.83, -0.83,  0,  0,  0
2586437.12476320, -1.503811,    0,  998, -998, 0.00, 0.83, -0.83,  0,  0,  0
2586437.12726320, -0.425499,    0,  998, -998, 0.00, 0.83, -0.83,  0,  0,  0
2586437.12976320, 1.015802,    0,  998, -998, 0.00, 0.83, -0.83,  0,  0,  0
2586437.13226320, 1.146374,    0,  998, -998, 0.00, 0.83, -0.83,  0,  0,  0
2586437.13726320, -0.185511,    0,  998, -998, 0.00, 0.83, -0.83,  0,  0,  0
2586437.13976320, -1.207887,    0,  998, -998, 0.00, 0.83, -0.83,  0,  0,  0
2586437.14226320, -1.440186,    0,  998, -998, 0.00, 0.83, -0.83,  0,  0,  0
2586437.14476320, -1.207847,    0,  998, -998, 0.00, 0.83, -0.83,  0,  0,  0
2586437.14726320, 0.041547,    0,  998, -998, 0.00, 0.83, -0.83,  0,  0,  0
2586437.14976320, 1.475506,    0,  998, -998, 0.00, 0.83, -0.83,  0,  0,  0
2586437.15226320, 1.606537,    0,  998, -998, 0.00, 0.83, -0.83,  0,  0,  0
2586437.15476320, 1.899432,    0,  998, -998, 0.00, 0.83, -0.83,  0,  0,  0
2586437.15726320, 1.652663,    0,  998, -998, 0.00, 0.83, -0.83,  0,  0,  0
2586437.15976320, 0.432662,    0,  998, -998, 0.00, 0.83, -0.83,  0,  0,  0
2586437.16226320, -0.766041,    0,  998, -998, 0.00, 0.83, -0.83,  0,  0,  0
2586437.16476320, -1.031581,    0,  998, -998, 0.00, 0.83, -0.83,  0,  0,  0
2586437.16726320, -0.744277,    0,  998, -998, 0.00, 0.83, -0.83,  0,  0,  0
2586437.16976320, 1.275966,    0,  998, -998, 0.00, 0.83, -0.83,  0,  0,  0
2586437.17226320, 2.077453,    0,  998, -998, 0.00, 0.83, -0.83,  0,  0,  0
2586437.17476320, 1.674614,    0,  998, -998, 0.00, 0.83, -0.83,  0,  0,  0
2586437.17726320, 0.822102,    0,  998, -998, 0.00, 0.83, -0.83,  0,  0,  0
2586437.17976320, -0.410890,    0,  998, -998, 0.00, 0.83, -0.83,  0,  0,  0
2586437.18226320, -1.157760,    0,  998, -998, 0.00, 0.83, -0.83,  0,  0,  0
2586437.18476320, -0.869725,    0,  998, -998, 0.00, 0.83, -0.83,  0,  0,  0
2586437.18726320, -0.040840,    0,  998, -998, 0.00, 0.83, -0.83,  0,  0,  0
2586437.18976320, 0.406534,    0,  998, -998, 0.00, 0.83, -0.83,  0,  0,  0
2586437.19226320, 1.026497,    0,  998, -998, 0.00, 0.83, -0.83,  0,  0,  0
2586437.19476320, 0.930275,    0,  998, -998, 0.00, 0.83, -0.83,  0,  0,  0
2586437.19726320, 0.317916,    0,  998, -998, 0.00, 0.83, -0.83,  0,  0,  0
2586437.19976320, -0.561903,    0,  998, -998, 0.00, 0.83, -0.83,  0,  0,  0
2586437.20226320, -1.226428,    0,  998, -998, 0.00, 0.83, -0.83,  0,  0,  0
2586437.20476320, -1.233654,    0,  998, -998, 0.00, 0.83, -0.83,  0,  0,  0
2586437.20726320, -0.748796,    0,  998, -998, 0.00, 0.83, -0.83,  0,  0,  0
2586437.20976320, -0.183498,    0,  998, -998, 0.00, 0.83, -0.83,  0,  0,  0
2586437.21226320, 0.476764,    0,  998, -998, 0.00, 0.83, -0.83,  0,  0,  0
2586437.21476320, 0.164247,    0,  998, -998, 0.00, 0.83, -0.83,  0,  0,  0
2586437.21726320, -0.468018,    0,  998, -998, 0.00, 0.83, -0.83,  0,  0,  0
2586437.21976320, -1.320165,    0,  998, -998, 0.00, 0.83, -0.83,  0,  0,  0
2586437.22226320, -1.908531,    0,  998, -998, 0.00, 0.83, -0.83,  0,  0,  0
2586437.22476320, -2.104100,    0,  998, -998, 0.00, 0.83, -0.83,  0,  0,  0
2586437.22726320, -1.815227,    0,  998, -998, 0.00, 0.83, -0.83,  0,  0,  0
2586437.22976320, -0.771754,    0,  998, -998, 0.00, 0.83, -0.83,  0,  0,  0
2586437.23226320, 0.524551,    0,  998, -998, 0.00, 0.83, -0.83,  0,  0,  0
2586437.23476320, 0.908894,    0,  998, -998, 0.00, 0.83, -0.83,  0,  0,  0
2586437.23726320, 0.908894,    0,  998, -998, 0.00, 0.83, -0.83,  0,  0,  0
2586437.23976320, -0.033886,    0,  998, -998, 0.00, 0.83, -0.83,  0,  0,  0
2586437.24226320, -1.092390,    0,  998, -998, 0.00, 0.83, -0.83,  0,  0,  0
2586437.24476320, -1.368249,    0,  998, -998, 0.00, 0.83, -0.83,  0,  0,  0
2586437.24726320, -0.756440,    0,  998, -998, 0.00, 0.83, -0.83,  0,  0,  0
2586437.24976320, 0.270488,    0,  998, -998, 0.00, 0.83, -0.83,  0,  0,  0
2586437.25226320, 0.930275,    0,  998, -998, 0.00, 0.83, -0.83,  0,  0,  0
2586437.25476320, 0.988379,    0,  998, -998, 0.00, 0.83, -0.83,  0,  0,  0
2586437.25726320, 0.472331,    0,  998, -998, 0.00, 0.83, -0.83,  0,  0,  0
2586437.25976320, -0.649387,    0,  998, -998, 0.00, 0.83, -0.83,  0,  0,  0
2586437.26476320, -0.883538,    0,  998, -998, 0.00, 0.83, -0.83,  0,  0,  0
2586437.26726320, -0.144304,    0,  998, -998, 0.00, 0.83, -0.83,  0,  0,  0
2586437.26976320, 1.042082,    0,  998, -998, 0.00, 0.83, -0.83,  0,  0,  0
2586437.27226320, 1.971298,    0,  998, -998, 0.00, 0.83, -0.83,  0,  0,  0
2586437.27476320, 1.806153,    0,  998, -998, 0.00, 0.83, -0.83,  0,  0,  0
2586437.27726320, 0.872950,    0,  998, -998, 0.00, 0.83, -0.83,  0,  0,  0
2586437.27976320, -0.280749,    0,  998, -998, 0.00, 0.83, -0.83,  0,  0,  0
2586437.28226320, -1.148888,    0,  998, -998, 0.00, 0.83, -0.83,  0,  0,  0
2586437.28476320, -1.304972,    0,  998, -998, 0.00, 0.83, -0.83,  0,  0,  0
2586437.28726320, 0.267445,    0,  998, -998, 0.00, 0.83, -0.83,  0,  0,  0
2586437.28976320, 0.267445,    0,  998, -998, 0.00, 0.83, -0.83,  0,  0,  0
2586437.29226320, 0.267445,    0,  998, -998, 0.00, 0.83, -0.83,  0,  0,  0
2586437.29476320, 0.613179,    0,  998, -998, 0.00, 0.83, -0.83,  0,  0,  0
2586437.29726320, 0.746685,    0,  998, -998, 0.00, 0.83, -0.83,  0,  0,  0
2586437.29976320, 0.053155,    0,  998, -998, 0.00, 0.83, -0.83,  0,  0,  0
2586437.30226320, -1.304104,    0,  998, -998, 0.00, 0.83, -0.83,  0,  0,  0
2586437.30476320, -1.194699,    0,  998, -998, 0.00, 0.83, -0.83,  0,  0,  0
2586437.30726320, -0.363080,    0,  998, -998, 0.00, 0.83, -0.83,  0,  0,  0
2586437.30976320, 0.612917,    0,  998, -998, 0.00, 0.83, -0.83,  0,  0,  0
2586437.31226320, 1.175289,    0,  998, -998, 0.00, 0.83, -0.83,  0,  0,  0
2586437.31476320, 0.905125,    0,  998, -998, 0.00, 0.83, -0.83,  0,  0,  0
2586437.31726320, -0.106733,    0,  998, -998, 0.00, 0.83, -0.83,  0,  0,  0
2586437.31976320, -0.577051,    0,  998, -998, 0.00, 0.83, -0.83,  0,  0,  0
2586437.32226320, -1.246125,    0,  998, -998, 0.00, 0.83, -0.83,  0,  0,  0
2586437.32476320, -0.905309,    0,  998, -998, 0.00, 0.83, -0.83,  0,  0,  0
2586437.32726320, -0.085352,    0,  998, -998, 0.00, 0.83, -0.83,  0,  0,  0
2586437.32976320, 0.306683,    0,  998, -998, 0.00, 0.83, -0.83,  0,  0,  0
2586437.33226320, 0.732761,    0,  998, -998, 0.00, 0.83, -0.83,  0,  0,  0
2586437.33476320, 0.675638,    0,  998, -998, 0.00, 0.83, -0.83,  0,  0,  0
2586437.33726320, 0.362199,    0,  998, -998, 0.00, 0.83, -0.83,  0,  0,  0
2586437.33976320, -0.663099,    0,  998, -998, 0.00, 0.83, -0.83,  0,  0,  0
2586437.34226320, -1.425914,    0,  998, -998, 0.00, 0.83, -0.83,  0,  0,  0
2586437.34476320, -1.013737,    0,  998, -998, 0.00, 0.83, -0.83,  0,  0,  0
2586437.34726320, -0.601560,    0,  998, -998, 0.00, 0.83, -0.83,  0,  0,  0
2586437.34976320, 0.015897,    0,  998, -998, 0.00, 0.83, -0.83,  0,  0,  0
2586437.35226320, 0.861008,    0,  998, -998, 0.00, 0.83, -0.83,  0,  0,  0
2586437.35476320, 1.445944,    0,  998, -998, 0.00, 0.83, -0.83,  0,  0,  0
2586437.35726320, 0.139155,    0,  998, -998, 0.00, 0.83, -0.83,  0,  0,  0
2586437.35976320, 0.139155,    0,  998, -998, 0.00, 0.83, -0.83,  0,  0,  0
2586437.36226320, -0.077383,    0,  998, -998, 0.00, 0.83, -0.83,  0,  0,  0
2586437.36476320, -1.375919,    0,  998, -998, 0.00, 0.83, -0.83,  0,  0,  0
2586437.36726320, -0.370747,    0,  998, -998, 0.00, 0.83, -0.83,  0,  0,  0
2586437.36976320, 0.920305,    0,  998, -998, 0.00, 0.83, -0.83,  0,  0,  0
2586437.37226320, 1.496888,    0,  998, -998, 0.00, 0.83, -0.83,  0,  0,  0
2586437.37476320, 1.200336,    0,  998, -998, 0.00, 0.83, -0.83,  0,  0,  0
2586437.37726320, 0.350384,    0,  998, -998, 0.00, 0.83, -0.83,  0,  0,  0
2586437.37976320, -0.672328,    0,  998, -998, 0.00, 0.83, -0.83,  0,  0,  0
2586437.38226320, -1.122360,    0,  998, -998, 0.00, 0.83, -0.83,  0,  0,  0
2586437.38476320, -1.099712,    0,  998, -998, 0.00, 0.83, -0.83,  0,  0,  0
2586437.38726320, -0.150378,    0,  998, -998, 0.00, 0.83, -0.83,  0,  0,  0
2586437.39226320, 1.161927,    0,  998, -998, 0.00, 0.83, -0.83,  0,  0,  0
2586437.39476320, 0.925446,    0,  998, -998, 0.00, 0.83, -0.83,  0,  0,  0
2586437.39726320, 0.065621,    0,  998, -998, 0.00, 0.83, -0.83,  0,  0,  0
2586437.39976320, -0.636763,    0,  998, -998, 0.00, 0.83, -0.83,  0,  0,  0
2586437.40226320, -1.111669,    0,  998, -998, 0.00, 0.83, -0.83,  0,  0,  0
2586437.40476320, -1.054531,    0,  998, -998, 0.00, 0.83, -0.83,  0,  0,  0
2586437.40726320, -0.364115,    0,  998, -998, 0.00, 0.83, -0.83,  0,  0,  0
2586437.40976320, 0.463070,    0,  998, -998, 0.00, 0.83, -0.83,  0,  0,  0
2586437.41226320, 1.486197,    0,  998, -998, 0.00, 0.83, -0.83,  0,  0,  0
2586437.41476320, 1.385021,    0,  998, -998, 0.00, 0.83, -0.83,  0,  0,  0
2586437.41726320, -0.116124,    0,  998, -998, 0.00, 0.83, -0.83,  0,  0,  0
2586437.41976320, -1.232413,    0,  998, -998, 0.00, 0.83, -0.83,  0,  0,  0
2586437.42226320, -1.286788,    0,  998, -998, 0.00, 0.83, -0.83,  0,  0,  0
2586437.42476320, -1.310944,    0,  998, -998, 0.00, 0.83, -0.83,  0,  0,  0
2586437.42726320, -1.049030,    0,  998, -998, 0.00, 0.83, -0.83,  0,  0,  0
2586437.42976320, 0.836856,    0,  998, -998, 0.00, 0.83, -0.83,  0,  0,  0
2586437.43226320, 1.882231,    0,  998, -998, 0.00, 0.83, -0.83,  0,  0,  0
2586437.43476320, 1.385918,    0,  998, -998, 0.00, 0.83, -0.83,  0,  0,  0
2586437.43726320, 0.352971,    0,  998, -998, 0.00, 0.83, -0.83,  0,  0,  0
2586437.43976320, -0.253845,    0,  998, -998, 0.00, 0.83, -0.83,  0,  0,  0
2586437.44226320, -1.209515,    0,  998, -998, 0.00, 0.83, -0.83,  0,  0,  0
2586437.44476320, -1.124535,    0,  998, -998, 0.00, 0.83, -0.83,  0,  0,  0
2586437.44726320, -0.455601,    0,  998, -998, 0.00, 0.83, -0.83,  0,  0,  0
2586437.44976320, 0.439165,    0,  998, -998, 0.00, 0.83, -0.83,  0,  0,  0
2586437.45226320, 0.849225,    0,  998, -998, 0.00, 0.83, -0.83,  0,  0,  0
2586437.45476320, 0.693415,    0,  998, -998, 0.00, 0.83, -0.83,  0,  0,  0
2586437.45726320, 0.123691,    0,  998, -998, 0.00, 0.83, -0.83,  0,  0,  0
2586437.45976320, -0.863586,    0,  998, -998, 0.00, 0.83, -0.83,  0,  0,  0
2586437.46226320, -1.350135,    0,  998, -998, 0.00, 0.83, -0.83,  0,  0,  0
2586437.46476320, -1.329367,    0,  998, -998, 0.00, 0.83, -0.83,  0,  0,  0
2586437.46726320, -1.255664,    0,  998, -998, 0.00, 0.83, -0.83,  0,  0,  0
2586437.46976320, -1.046078,    0,  998, -998, 0.00, 0.83, -0.83,  0,  0,  0
2586437.47226320, -0.315052,    0,  998, -998, 0.00, 0.83, -0.83,  0,  0,  0
2586437.47476320, 0.415974,    0,  998, -998, 0.00, 0.83, -0.83,  0,  0,  0
2586437.47726320, 1.147000,    0,  998, -998, 0.00, 0.83, -0.83,  0,  0,  0
2586437.47976320, -0.125363,    0,  998, -998, 0.00, 0.83, -0.83,  0,  0,  0
2586437.48226320, -1.237149,    0,  998, -998, 0.00, 0.83, -0.83,  0,  0,  0
2586437.48476320, -1.145380,    0,  998, -998, 0.00, 0.83, -0.83,  0,  0,  0
2586437.48726320, 0.053629,    0,  998, -998, 0.00, 0.83, -0.83,  0,  0,  0
2586437.48976320, 0.373106,    0,  998, -998, 0.00, 0.83, -0.83,  0,  0,  0
2586437.49226320, 0.864813,    0,  998, -998, 0.00, 0.83, -0.83,  0,  0,  0
2586437.49476320, 0.808389,    0,  998, -998, 0.00, 0.83, -0.83,  0,  0,  0
2586437.49726320, -0.011710,    0,  998, -998, 0.00, 0.83, -0.83,  0,  0,  0
2586437.49976320, -1.197196,    0,  998, -998, 0.00, 0.83, -0.83,  0,  0,  0
2586437.50226320, -1.365136,    0,  998, -998, 0.00, 0.83, -0.83,  0,  0,  0
2586437.50476320, -1.448153,    0,  998, -998, 0.00, 0.83, -0.83,  0,  0,  0
2586437.50726320, -0.702048,    0,  998, -998, 0.00, 0.83, -0.83,  0,  0,  0
2586437.50976320, 0.613284,    0,  998, -998, 0.00, 0.83, -0.83,  0,  0,  0
2586437.51226320, 1.401421,    0,  998, -998, 0.00, 0.83, -0.83,  0,  0,  0
2586437.51476320, 1.272381,    0,  998, -998, 0.00, 0.83, -0.83,  0,  0,  0
2586437.51726320, 1.272381,    0,  998, -998, 0.00, 0.83, -0.83,  0,  0,  0
2586437.51976320, -1.186505,    0,  998, -998, 0.00, 0.83, -0.83,  0,  0,  0
2586437.52226320, -1.204357,    0,  998, -998, 0.00, 0.83, -0.83,  0,  0,  0
2586437.52476320, -1.058455,    0,  998, -998, 0.00, 0.83, -0.83,  0,  0,  0
2586437.52726320, -0.574904,    0,  998, -998, 0.00, 0.83, -0.83,  0,  0,  0
2586437.52976320, -0.042231,    0,  998, -998, 0.00, 0.83, -0.83,  0,  0,  0
2586437.53226320, 1.339120,    0,  998, -998, 0.00, 0.83, -0.83,  0,  0,  0
2586437.53476320, 1.115082,    0,  998, -998, 0.00, 0.83, -0.83,  0,  0,  0
2586437.53726320, 0.443633,    0,  998, -998, 0.00, 0.83, -0.83,  0,  0,  0
2586437.53976320, -0.306986,    0,  998, -998, 0.00, 0.83, -0.83,  0,  0,  0
2586437.54226320, -0.686276,    0,  998, -998, 0.00, 0.83, -0.83,  0,  0,  0
2586437.54476320, -0.950477,    0,  998, -998, 0.00, 0.83, -0.83,  0,  0,  0
2586437.54726320, -0.192553,    0,  998, -998, 0.00, 0.83, -0.83,  0,  0,  0
2586437.54976320, 1.090977,    0,  998, -998, 0.00, 0.83, -0.83,  0,  0,  0
2586437.55226320, 1.619653,    0,  998, -998, 0.00, 0.83, -0.83,  0,  0,  0
2586437.55476320, 0.919584,    0,  998, -998, 0.00, 0.83, -0.83,  0,  0,  0
2586437.55726320, 0.577065,    0,  998, -998, 0.00, 0.83, -0.83,  0,  0,  0
2586437.55976320, -0.452127,    0,  998, -998, 0.00, 0.83, -0.83,  0,  0,  0
2586437.56226320, -1.113776,    0,  998, -998, 0.00, 0.83, -0.83,  0,  0,  0
2586437.56476320, -1.336176,    0,  998, -998, 0.00, 0.83, -0.83,  0,  0,  0
2586437.56726320, -0.369863,    0,  998, -998, 0.00, 0.83, -0.83,  0,  0,  0
2586437.56976320, 0.834058,    0,  998, -998, 0.00, 0.83, -0.83,  0,  0,  0
2586437.57476320, 0.653379,    0,  998, -998, 0.00, 0.83, -0.83,  0,  0,  0
2586437.57726320, 0.068573,    0,  998, -998, 0.00, 0.83, -0.83,  0,  0,  0
2586437.57976320, -0.651971,    0,  998, -998, 0.00, 0.83, -0.83,  0,  0,  0
2586437.58226320, -1.472050,    0,  998, -998, 0.00, 0.83, -0.83,  0,  0,  0
2586437.58476320, -1.431296,    0,  998, -998, 0.00, 0.83, -0.83,  0,  0,  0
2586437.58726320, -0.359708,    0,  998, -998, 0.00, 0.83, -0.83,  0,  0,  0
2586437.58976320, 0.303092,    0,  998, -998, 0.00, 0.83, -0.83,  0,  0,  0
2586437.59226320, 0.797248,    0,  998, -998, 0.00, 0.83, -0.83,  0,  0,  0
2586437.59476320, 0.617147,    0,  998, -998, 0.00, 0.83, -0.83,  0,  0,  0
2586437.59726320, 0.146328,    0,  998, -998, 0.00, 0.83, -0.83,  0,  0,  0
2586437.59976320, -0.385833,    0,  998, -998, 0.00, 0.83, -0.83,  0,  0,  0
2586437.60226320, -1.374246,    0,  998, -998, 0.00, 0.83, -0.83,  0,  0,  0
2586437.60476320, -1.184644,    0,  998, -998, 0.00, 0.83, -0.83,  0,  0,  0
2586437.60726320, -0.620159,    0,  998, -998, 0.00, 0.83, -0.83,  0,  0,  0
2586437.60976320, 0.355085,    0,  998, -998, 0.00, 0.83, -0.83,  0,  0,  0
2586437.61226320, 0.737345,    0,  998, -998, 0.00, 0.83, -0.83,  0,  0,  0
2586437.61476320, -0.229683,    0,  998, -998, 0.00, 0.83, -0.83,  0,  0,  0
2586437.61726320, -0.876472,    0,  998, -998, 0.00, 0.83, -0.83,  0,  0,  0
2586437.61976320, -1.623990,    0,  998, -998, 0.00, 0.83, -0.83,  0,  0,  0
2586437.62226320, -1.881622,    0,  998, -998, 0.00, 0.83, -0.83,  0,  0,  0
2586437.62476320, -1.293413,    0,  998, -998, 0.00, 0.83, -0.83,  0,  0,  0
2586437.62726320, -0.733854,    0,  998, -998, 0.00, 0.83, -0.83,  0,  0,  0
2586437.62976320, 0.853395,    0,  998, -998, 0.00, 0.83, -0.83,  0,  0,  0
2586437.63226320, 1.615398,    0,  998, -998, 0.00, 0.83, -0.83,  0,  0,  0
2586437.63476320, 1.122710,    0,  998, -998, 0.00, 0.83, -0.83,  0,  0,  0
2586437.63726320, 0.634480,    0,  998, -998, 0.00, 0.83, -0.83,  0,  0,  0
2586437.63976320, -0.514216,    0,  998, -998, 0.00, 0.83, -0.83,  0,  0,  0
2586437.64226320, -1.338649,    0,  998, -998, 0.00, 0.83, -0.83,  0,  0,  0
2586437.64476320, -1.026466,    0,  998, -998, 0.00, 0.83, -0.83,  0,  0,  0
2586437.64726320, -0.383299,    0,  998, -998, 0.00, 0.83, -0.83,  0,  0,  0
2586437.64976320, 0.128163,    0,  998, -998, 0.00, 0.83, -0.83,  0,  0,  0
2586437.65226320, 0.671865,    0,  998, -998, 0.00, 0.83, -0.83,  0,  0,  0
2586437.65476320, 1.218531,    0,  998, -998, 0.00, 0.83, -0.83,  0,  0,  0
2586437.65726320, 0.257781,    0,  998, -998, 0.00, 0.83, -0.83,  0,  0,  0
2586437.65976320, -0.682311,    0,  998, -998, 0.00, 0.83, -0.83,  0,  0,  0
2586437.66226320, -0.987295,    0,  998, -998, 0.00, 0.83, -0.83,  0,  0,  0
2586437.66476320, -1.235970,    0,  998, -998, 0.00, 0.83, -0.83,  0,  0,  0
2586437.66726320, -0.432552,    0,  998, -998, 0.00, 0.83, -0.83,  0,  0,  0
2586437.66976320, 0.801899,    0,  998, -998, 0.00, 0.83, -0.83,  0,  0,  0
2586437.67226320, 1.317527,    0,  998, -998, 0.00, 0.83, -0.83,  0,  0,  0
2586437.67476320, 1.357930,    0,  998, -998, 0.00, 0.83, -0.83,  0,  0,  0
2586437.67726320, 0.237815,    0,  998, -998, 0.00, 0.83, -0.83,  0,  0,  0
2586437.67976320, -0.855612,    0,  998, -998, 0.00, 0.83, -0.83,  0,  0,  0
2586437.68226320, -1.151620,    0,  998, -998, 0.00, 0.83, -0.83,  0,  0,  0
2586437.68476320, -0.790945,    0,  998, -998, 0.00, 0.83, -0.83,  0,  0,  0
2586437.68726320, -0.302777,    0,  998, -998, 0.00, 0.83, -0.83,  0,  0,  0
2586437.68976320, 0.675771,    0,  998, -998, 0.00, 0.83, -0.83,  0,  0,  0
2586437.69226320, 1.183717,    0,  998, -998, 0.00, 0.83, -0.83,  0,  0,  0
2586437.69476320, 0.748531,    0,  998, -998, 0.00, 0.83, -0.83,  0,  0,  0
2586437.69726320, 0.252413,    0,  998, -998, 0.00, 0.83, -0.83,  0,  0,  0
2586437.70226320, -1.823563,    0,  998, -998, 0.00, 0.83, -0.83,  0,  0,  0
2586437.70476320, -1.710355,    0,  998, -998, 0.00, 0.83, -0.83,  0,  0,  0
2586437.70726320, -1.146529,    0,  998, -998, 0.00, 0.83, -0.83,  0,  0,  0
2586437.70976320, 0.403521,    0,  998, -998, 0.00, 0.83, -0.83,  0,  0,  0
2586437.71226320, 0.809696,    0,  998, -998, 0.00, 0.83, -0.83,  0,  0,  0
2586437.71476320, 0.566788,    0,  998, -998, 0.00, 0.83, -0.83,  0,  0,  0
2586437.71726320, 0.566788,    0,  998, -998, 0.00, 0.83, -0.83,  0,  0,  0
2586437.71976320, -0.087546,    0,  998, -998, 0.00, 0.83, -0.83,  0,  0,  0
2586437.72226320, -1.073226,    0,  998, -998, 0.00, 0.83, -0.83,  0,  0,  0
2586437.72476320, -1.741416,    0,  998, -998, 0.00, 0.83, -0.83,  0,  0,  0
2586437.72726320, -1.440022,    0,  998, -998, 0.00, 0.83, -0.83,  0,  0,  0
2586437.72976320, -1.083137,    0,  998, -998, 0.00, 0.83, -0.83,  0,  0,  0
2586437.73226320, -0.726252,    0,  998, -998, 0.00, 0.83, -0.83,  0,  0,  0
2586437.73476320, 0.339817,    0,  998, -998, 0.00, 0.83, -0.83,  0,  0,  0
2586437.73726320, -0.035710,    0,  998, -998, 0.00, 0.83, -0.83,  0,  0,  0
2586437.73976320, -0.750265,    0,  998, -998, 0.00, 0.83, -0.83,  0,  0,  0
2586437.74226320, -1.279777,    0,  998, -998, 0.00, 0.83, -0.83,  0,  0,  0
2586437.74476320, -1.014937,    0,  998, -998, 0.00, 0.83, -0.83,  0,  0,  0
2586437.74726320, -0.184412,    0,  998, -998, 0.00, 0.83, -0.83,  0,  0,  0
2586437.74976320, 0.538476,    0,  998, -998, 0.00, 0.83, -0.83,  0,  0,  0
2586437.75226320, 1.129160,    0,  998, -998, 0.00, 0.83, -0.83,  0,  0,  0
2586437.75476320, 0.885267,    0,  998, -998, 0.00, 0.83, -0.83,  0,  0,  0
2586437.75726320, -0.462983,    0,  998, -998, 0.00, 0.83, -0.83,  0,  0,  0
2586437.75976320, -1.084500,    0,  998, -998, 0.00, 0.83, -0.83,  0,  0,  0
2586437.76226320, -1.046149,    0,  998, -998, 0.00, 0.83, -0.83,  0,  0,  0
2586437.76476320, -0.752279,    0,  998, -998, 0.00, 0.83, -0.83,  0,  0,  0
2586437.76726320, 0.355808,    0,  998, -998, 0.00, 0.83, -0.83,  0,  0,  0
2586437.76976320, 0.759660,    0,  998, -998, 0.00, 0.83, -0.83,  0,  0,  0
2586437.77226320, 1.139024,    0,  998, -998, 0.00, 0.83, -0.83,  0,  0,  0
2586437.77476320, 1.197545,    0,  998, -998, 0.00, 0.83, -0.83,  0,  0,  0
2586437.77726320, 0.848255,    0,  998, -998, 0.00, 0.83, -0.83,  0,  0,  0
2586437.77976320, 0.034125,    0,  998, -998, 0.00, 0.83, -0.83,  0,  0,  0
2586437.78226320, -0.851808,    0,  998, -998, 0.00, 0.83, -0.83,  0,  0,  0
2586437.78476320, -0.793319,    0,  998, -998, 0.00, 0.83, -0.83,  0,  0,  0
2586437.78726320, -0.496971,    0,  998, -998, 0.00, 0.83, -0.83,  0,  0,  0
2586437.78976320, 0.603483,    0,  998, -998, 0.00, 0.83, -0.83,  0,  0,  0
2586437.79226320, 1.340958,    0,  998, -998, 0.00, 0.83, -0.83,  0,  0,  0
2586437.79476320, 1.660714,    0,  998, -998, 0.00, 0.83, -0.83,  0,  0,  0
2586437.79726320, 0.662574,    0,  998, -998, 0.00, 0.83, -0.83,  0,  0,  0
2586437.79976320, -0.284540,    0,  998, -998, 0.00, 0.83, -0.83,  0,  0,  0
2586437.80226320, -0.801041,    0,  998, -998, 0.00, 0.83, -0.83,  0,  0,  0
2586437.80476320, -1.036834,    0,  998, -998, 0.00, 0.83, -0.83,  0,  0,  0
2586437.80726320, -0.352904,    0,  998, -998, 0.00, 0.83, -0.83,  0,  0,  0
2586437.80976320, 0.616954,    0,  998, -998, 0.00, 0.83, -0.83,  0,  0,  0
2586437.81226320, 1.156743,    0,  998, -998, 0.00, 0.83, -0.83,  0,  0,  0
2586437.81476320, 0.543176,    0,  998, -998, 0.00, 0.83, -0.83,  0,  0,  0
2586437.81726320, -0.320550,    0,  998, -998, 0.00, 0.83, -0.83,  0,  0,  0
2586437.81976320, -0.621243,    0,  998, -998, 0.00, 0.83, -0.83,  0,  0,  0
2586437.82226320, -1.177137,    0,  998, -998, 0.00, 0.83, -0.83,  0,  0,  0
2586437.82476320, -1.015246,    0,  998, -998, 0.00, 0.83, -0.83,  0,  0,  0
2586437.82976320, 0.637674,    0,  998, -998, 0.00, 0.83, -0.83,  0,  0,  0
2586437.83226320, 1.279403,    0,  998, -998, 0.00, 0.83, -0.83,  0,  0,  0
2586437.83476320, 1.372620,    0,  998, -998, 0.00, 0.83, -0.83,  0,  0,  0
2586437.83726320, 0.102500,    0,  998, -998, 0.00, 0.83, -0.83,  0,  0,  0
2586437.83976320, -0.797413,    0,  998, -998, 0.00, 0.83, -0.83,  0,  0,  0
2586437.84226320, -1.292480,    0,  998, -998, 0.00, 0.83, -0.83,  0,  0,  0
2586437.84476320, -1.481448,    0,  998, -998, 0.00, 0.83, -0.83,  0,  0,  0
2586437.84726320, -1.670416,    0,  998, -998, 0.00, 0.83, -0.83,  0,  0,  0
2586437.84976320, 0.431265,    0,  998, -998, 0.00, 0.83, -0.83,  0,  0,  0
2586437.85226320, 0.906983,    0,  998, -998, 0.00, 0.83, -0.83,  0,  0,  0
2586437.85476320, 1.296385,    0,  998, -998, 0.00, 0.83, -0.83,  0,  0,  0
2586437.85726320, 0.125440,    0,  998, -998, 0.00, 0.83, -0.83,  0,  0,  0
2586437.85976320, -0.686213,    0,  998, -998, 0.00, 0.83, -0.83,  0,  0,  0
2586437.86226320, -1.124198,    0,  998, -998, 0.00, 0.83, -0.83,  0,  0,  0
2586437.86476320, -1.067095,    0,  998, -998, 0.00, 0.83, -0.83,  0,  0,  0
2586437.86726320, -0.168815,    0,  998, -998, 0.00, 0.83, -0.83,  0,  0,  0
2586437.86976320, 0.581288,    0,  998, -998, 0.00, 0.83, -0.83,  0,  0,  0
2586437.87226320, 0.755620,    0,  998, -998, 0.00, 0.83, -0.83,  0,  0,  0
2586437.87476320, 0.655733,    0,  998, -998, 0.00, 0.83, -0.83,  0,  0,  0
2586437.87726320, -0.352622,    0,  998, -998, 0.00, 0.83, -0.83,  0,  0,  0
2586437.87976320, -0.695798,    0,  998, -998, 0.00, 0.83, -0.83,  0,  0,  0
2586437.88226320, -1.257287,    0,  998, -998, 0.00, 0.83, -0.83,  0,  0,  0
2586437.88476320, -1.074693,    0,  998, -998, 0.00, 0.83, -0.83,  0,  0,  0
2586437.88726320, -0.063970,    0,  998, -998, 0.00, 0.83, -0.83,  0,  0,  0
2586437.88976320, 0.446446,    0,  998, -998, 0.00, 0.83, -0.83,  0,  0,  0
2586437.89226320, 1.316593,    0,  998, -998, 0.00, 0.83, -0.83,  0,  0,  0
2586437.89476320, 1.222994,    0,  998, -998, 0.00, 0.83, -0.83,  0,  0,  0
2586437.89726320, 0.964891,    0,  998, -998, 0.00, 0.83, -0.83,  0,  0,  0
2586437.89976320, -0.851934,    0,  998, -998, 0.00, 0.83, -0.83,  0,  0,  0
2586437.90226320, -1.357558,    0,  998, -998, 0.00, 0.83, -0.83,  0,  0,  0
2586437.90476320, -1.357558,    0,  998, -998, 0.00, 0.83, -0.83,  0,  0,  0
2586437.90726320, -0.831266,    0,  998, -998, 0.00, 0.83, -0.83,  0,  0,  0
2586437.90976320, 0.013669,    0,  998, -998, 0.00, 0.83, -0.83,  0,  0,  0
2586437.91226320, 1.155766,    0,  998, -998, 0.00, 0.83, -0.83,  0,  0,  0
2586437.91476320, 0.978851,    0,  998, -998, 0.00, 0.83, -0.83,  0,  0,  0
2586437.91726320, 0.496087,    0,  998, -998, 0.00, 0.83, -0.83,  0,  0,  0
2586437.91976320, -0.161538,    0,  998, -998, 0.00, 0.83, -0.83,  0,  0,  0
2586437.92226320, -1.261341,    0,  998, -998, 0.00, 0.83, -0.83,  0,  0,  0
2586437.92476320, -1.261341,    0,  998, -998, 0.00, 0.83, -0.83,  0,  0,  0
2586437.92726320, -1.088706,    0,  998, -998, 0.00, 0.83, -0.83,  0,  0,  0
2586437.92976320, 0.172512,    0,  998, -998, 0.00, 0.83, -0.83,  0,  0,  0
2586437.93226320, 1.593105,    0,  998, -998, 0.00, 0.83, -0.83,  0,  0,  0
2586437.93476320, 1.251385,    0,  998, -998, 0.00, 0.83, -0.83,  0,  0,  0
2586437.93726320, 0.289201,    0,  998, -998, 0.00, 0.83, -0.83,  0,  0,  0
2586437.93976320, -0.690673,    0,  998, -998, 0.00, 0.83, -0.83,  0,  0,  0
2586437.94226320, -1.143742,    0,  998, -998, 0.00, 0.83, -0.83,  0,  0,  0
2586437.94476320, -0.838367,    0,  998, -998, 0.00, 0.83, -0.83,  0,  0,  0
2586437.94726320, 0.157409,    0,  998, -998, 0.00, 0.83, -0.83,  0,  0,  0
2586437.94976320, 1.034146,    0,  998, -998, 0.00, 0.83, -0.83,  0,  0,  0
2586437.95226320, 0.908894,    0,  998, -998, 0.00, 0.83, -0.83,  0,  0,  0
2586437.95476320, 0.870291,    0,  998, -998, 0.00, 0.83, -0.83,  0,  0,  0
2586437.95726320, 0.534107,    0,  998, -998, 0.00, 0.83, -0.83,  0,  0,  0
2586437.95976320, -0.451590,    0,  998, -998, 0.00, 0.83, -0.83,  0,  0,  0
2586437.96226320, -1.196206,    0,  998, -998, 0.00, 0.83, -0.83,  0,  0,  0
2586437.96476320, -1.487350,    0,  998, -998, 0.00, 0.83, -0.83,  0,  0,  0
2586437.96726320, -0.530562,    0,  998, -998, 0.00, 0.83, -0.83,  0,  0,  0
2586437.96976320, 0.270316,    0,  998, -998, 0.00, 0.83, -0.83,  0,  0,  0
2586437.97226320, 0.960329,    0,  998, -998, 0.00, 0.83, -0.83,  0,  0,  0
2586437.97476320, 1.055744,    0,  998, -998, 0.00, 0.83, -0.83,  0,  0,  0
2586437.97726320, 0.681967,    0,  998, -998, 0.00, 0.83, -0.83,  0,  0,  0
2586437.97976320, -0.053951,    0,  998, -998, 0.00, 0.83, -0.83,  0,  0,  0
2586437.98226320, -1.372925,    0,  998, -998, 0.00, 0.83, -0.83,  0,  0,  0
2586437.98476320, -1.110567,    0,  998, -998, 0.00, 0.83, -0.83,  0,  0,  0
2586437.98726320, -0.397769,    0,  998, -998, 0.00, 0.83, -0.83,  0,  0,  0
2586437.98976320, 0.186842,    0,  998, -998, 0.00, 0.83, -0.83,  0,  0,  0
2586437.99226320, 0.805064,    0,  998, -998, 0.00, 0.83, -0.83,  0,  0,  0
2586437.99476320, 1.022799,    0,  998, -998, 0.00, 0.83, -0.83,  0,  0,  0
2586437.99726320, -0.286055,    0,  998, -998, 0.00, 0.83, -0.83,  0,  0,  0
2586437.99976320, -1.706213,    0,  998, -998, 0.00, 0.83, -0.83,  0,  0,  0
2586438.00226320, -1.934862,    0,  998, -998, 0.00, 0.83, -0.83,  0,  0,  0
2586438.00476320, -1.442317,    0,  998, -998, 0.00, 0.83, -0.83,  0,  0,  0
2586438.00726320, -0.197816,    0,  998, -998, 0.00, 0.83, -0.83,  0,  0,  0
2586438.01226320, 1.122710,    0,  998, -998, 0.00, 0.83, -0.83,  0,  0,  0
2586438.01476320, 0.754464,    0,  998, -998, 0.00, 0.83, -0.83,  0,  0,  0
2586438.01726320, -0.005872,    0,  998, -998, 0.00, 0.83, -0.83,  0,  0,  0
2586438.01976320, -0.923810,    0,  998, -998, 0.00, 0.83, -0.83,  0,  0,  0
2586438.02226320, -1.115696,    0,  998, -998, 0.00, 0.83, -0.83,  0,  0,  0
2586438.02476320, -0.689407,    0,  998, -998, 0.00, 0.83, -0.83,  0,  0,  0
2586438.02726320, -0.300090,    0,  998, -998, 0.00, 0.83, -0.83,  0,  0,  0
2586438.02976320, 0.067769,    0,  998, -998, 0.00, 0.83, -0.83,  0,  0,  0
2586438.03226320, 0.435629,    0,  998, -998, 0.00, 0.83, -0.83,  0,  0,  0
2586438.03476320, 0.883580,    0,  998, -998, 0.00, 0.83, -0.83,  0,  0,  0
2586438.03726320, 0.438010,    0,  998, -998, 0.00, 0.83, -0.83,  0,  0,  0
2586438.03976320, -0.007559,    0,  998, -998, 0.00, 0.83, -0.83,  0,  0,  0
2586438.04226320, -1.357720,    0,  998, -998, 0.00, 0.83, -0.83,  0,  0,  0
2586438.04476320, -1.071018,    0,  998, -998, 0.00, 0.83, -0.83,  0,  0,  0
2586438.04726320, 0.044505,    0,  998, -998, 0.00, 0.83, -0.83,  0,  0,  0
2586438.04976320, 1.254412,    0,  998, -998, 0.00, 0.83, -0.83,  0,  0,  0
2586438.05226320, 1.539651,    0,  998, -998, 0.00, 0.83, -0.83,  0,  0,  0
2586438.05476320, 1.119978,    0,  998, -998, 0.00, 0.83, -0.83,  0,  0,  0
2586438.05726320, 0.513518,    0,  998, -998, 0.00, 0.83, -0.83,  0,  0,  0
2586438.05976320, -0.232024,    0,  998, -998, 0.00, 0.83, -0.83,  0,  0,  0
2586438.06226320, -0.959338,    0,  998, -998, 0.00, 0.83, -0.83,  0,  0,  0
2586438.06476320, -1.071120,    0,  998, -998, 0.00, 0.83, -0.83,  0,  0,  0
2586438.06726320, -0.570519,    0,  998, -998, 0.00, 0.83, -0.83,  0,  0,  0
2586438.06976320, 0.395682,    0,  998, -998, 0.00, 0.83, -0.83,  0,  0,  0
2586438.07226320, 1.153550,    0,  998, -998, 0.00, 0.83, -0.83,  0,  0,  0
2586438.07476320, 0.598860,    0,  998, -998, 0.00, 0.83, -0.83,  0,  0,  0
2586438.07726320, 0.394419,    0,  998, -998, 0.00, 0.83, -0.83,  0,  0,  0
2586438.07976320, -0.287085,    0,  998, -998, 0.00, 0.83, -0.83,  0,  0,  0
2586438.08226320, -1.193441,    0,  998, -998, 0.00, 0.83, -0.83,  0,  0,  0
2586438.08476320, -0.965211,    0,  998, -998, 0.00, 0.83, -0.83,  0,  0,  0
2586438.08726320, -0.095474,    0,  998, -998, 0.00, 0.83, -0.83,  0,  0,  0
2586438.08976320, 0.503690,    0,  998, -998, 0.00, 0.83, -0.83,  0,  0,  0
2586438.09226320, 0.912206,    0,  998, -998, 0.00, 0.83, -0.83,  0,  0,  0
2586438.09476320, 1.005111,    0,  998, -998, 0.00, 0.83, -0.83,  0,  0,  0
2586438.09726320, 1.005111,    0,  998, -998, 0.00, 0.83, -0.83,  0,  0,  0
2586438.09976320, 1.005111,    0,  998, -998, 0.00, 0.83, -0.83,  0,  0,  0
2586438.10226320, -0.008997,    0,  998, -998, 0.00, 0.83, -0.83,  0,  0,  0
2586438.10476320, -1.143956,    0,  998, -998, 0.00, 0.83, -0.83,  0,  0,  0
2586438.10726320, -0.051565,    0,  998, -998, 0.00, 0.83, -0.83,  0,  0,  0
2586438.10976320, 1.528960,    0,  998, -998, 0.00, 0.83, -0.83,  0,  0,  0
2586438.11226320, 1.632947,    0,  998, -998, 0.00, 0.83, -0.83,  0,  0,  0
2586438.11476320, 1.003571,    0,  998, -998, 0.00, 0.83, -0.83,  0,  0,  0
2586438.11726320, 0.040802,    0,  998, -998, 0.00, 0.83, -0.83,  0,  0,  0
2586438.11976320, -0.908544,    0,  998, -998, 0.00, 0.83, -0.83,  0,  0,  0
2586438.12226320, -1.131146,    0,  998, -998, 0.00, 0.83, -0.83,  0,  0,  0
2586438.12476320, -1.332549,    0,  998, -998, 0.00, 0.83, -0.83,  0,  0,  0
2586438.12726320, -0.572279,    0,  998, -998, 0.00, 0.83, -0.83,  0,  0,  0
2586438.12976320, 0.614572,    0,  998, -998, 0.00, 0.83, -0.83,  0,  0,  0
2586438.13226320, 1.270343,    0,  998, -998, 0.00, 0.83, -0.83,  0,  0,  0
2586438.13476320, 0.866130,    0,  998, -998, 0.00, 0.83, -0.83,  0,  0,  0
2586438.13726320, 0.411946,    0,  998, -998, 0.00, 0.83, -0.83,  0,  0,  0
2586438.14226320, -1.075878,    0,  998, -998, 0.00, 0.83, -0.83,  0,  0,  0
2586438.14476320, -1.012163,    0,  998, -998, 0.00, 0.83, -0.83,  0,  0,  0
2586438.14726320, -0.400576,    0,  998, -998, 0.00, 0.83, -0.83,  0,  0,  0
2586438.14976320, 0.361921,    0,  998, -998, 0.00, 0.83, -0.83,  0,  0,  0
2586438.15226320, 1.019965,    0,  998, -998, 0.00, 0.83, -0.83,  0,  0,  0
2586438.15476320, 1.342358,    0,  998, -998, 0.00, 0.83, -0.83,  0,  0,  0
2586438.15726320, 1.158401,    0,  998, -998, 0.00, 0.83, -0.83,  0,  0,  0
2586438.15976320, 0.664312,    0,  998, -998, 0.00, 0.83, -0.83,  0,  0,  0
2586438.16226320, 0.170222,    0,  998, -998, 0.00, 0.83, -0.83,  0,  0,  0
2586438.16476320, -0.662052,    0,  998, -998, 0.00, 0.83, -0.83,  0,  0,  0
2586438.16726320, -0.134748,    0,  998, -998, 0.00, 0.83, -0.83,  0,  0,  0
2586438.16976320, 0.658900,    0,  998, -998, 0.00, 0.83, -0.83,  0,  0,  0
2586438.17226320, 1.103516,    0,  998, -998, 0.00, 0.83, -0.83,  0,  0,  0
2586438.17476320, 0.684387,    0,  998, -998, 0.00, 0.83, -0.83,  0,  0,  0
2586438.17726320, 0.171375,    0,  998, -998, 0.00, 0.83, -0.83,  0,  0,  0
2586438.17976320, -1.142173,    0,  998, -998, 0.00, 0.83, -0.83,  0,  0,  0
2586438.18226320, -1.705792,    0,  998, -998, 0.00, 0.83, -0.83,  0,  0,  0
2586438.18476320, -1.186505,    0,  998, -998, 0.00, 0.83, -0.83,  0,  0,  0
2586438.18726320, -0.723475,    0,  998, -998, 0.00, 0.83, -0.83,  0,  0,  0
2586438.18976320, 0.312606,    0,  998, -998, 0.00, 0.83, -0.83,  0,  0,  0
2586438.19226320, 1.193514,    0,  998, -998, 0.00, 0.83, -0.83,  0,  0,  0
2586438.19476320, 1.042779,    0,  998, -998, 0.00, 0.83, -0.83,  0,  0,  0
2586438.19726320, -0.309578,    0,  998, -998, 0.00, 0.83, -0.83,  0,  0,  0
2586438.19976320, -1.239959,    0,  998, -998, 0.00, 0.83, -0.83,  0,  0,  0
2586438.20226320, -1.379851,    0,  998, -998, 0.00, 0.83, -0.83,  0,  0,  0
2586438.20476320, -1.307643,    0,  998, -998, 0.00, 0.83, -0.83,  0,  0,  0
2586438.20726320, -0.276521,    0,  998, -998, 0.00, 0.83, -0.83,  0,  0,  0
2586438.20976320, 0.556097,    0,  998, -998, 0.00, 0.83, -0.83,  0,  0,  0
2586438.21226320, 0.715653,    0,  998, -998, 0.00, 0.83, -0.83,  0,  0,  0
2586438.21476320, 0.694541,    0,  998, -998, 0.00, 0.83, -0.83,  0,  0,  0
2586438.21726320, 0.437989,    0,  998, -998, 0.00, 0.83, -0.83,  0,  0,  0
2586438.21976320, -0.366088,    0,  998, -998, 0.00, 0.83, -0.83,  0,  0,  0
2586438.22226320, -1.170166,    0,  998, -998, 0.00, 0.83, -0.83,  0,  0,  0
2586438.22476320, -0.545057,    0,  998, -998, 0.00, 0.83, -0.83,  0,  0,  0
2586438.22726320, -0.371943,    0,  998, -998, 0.00, 0.83, -0.83,  0,  0,  0
2586438.22976320, 0.887512,    0,  998, -998, 0.00, 0.83, -0.83,  0,  0,  0
2586438.23226320, 0.952544,    0,  998, -998, 0.00, 0.83, -0.83,  0,  0,  0
2586438.23476320, 1.099343,    0,  998, -998, 0.00, 0.83, -0.83,  0,  0,  0
2586438.23726320, 0.532130,    0,  998, -998, 0.00, 0.83, -0.83,  0,  0,  0
2586438.23976320, -0.365326,    0,  998, -998, 0.00, 0.83, -0.83,  0,  0,  0
2586438.24226320, -0.832958,    0,  998, -998, 0.00, 0.83, -0.83,  0,  0,  0
2586438.24476320, -0.331240,    0,  998, -998, 0.00, 0.83, -0.83,  0,  0,  0
2586438.24726320, 0.244449,    0,  998, -998, 0.00, 0.83, -0.83,  0,  0,  0
2586438.24976320, 1.389736,    0,  998, -998, 0.00, 0.83, -0.83,  0,  0,  0
2586438.25226320, 1.765742,    0,  998, -998, 0.00, 0.83, -0.83,  0,  0,  0
2586438.25476320, 1.058565,    0,  998, -998, 0.00, 0.83, -0.83,  0,  0,  0
2586438.25726320, 0.409589,    0,  998, -998, 0.00, 0.83, -0.83,  0,  0,  0
2586438.25976320, -0.593990,    0,  998, -998, 0.00, 0.83, -0.83,  0,  0,  0
2586438.26226320, -0.910416,    0,  998, -998, 0.00, 0.83, -0.83,  0,  0,  0
2586438.26476320, -0.831591,    0,  998, -998, 0.00, 0.83, -0.83,  0,  0,  0
2586438.26726320, -0.285815,    0,  998, -998, 0.00, 0.83, -0.83,  0,  0,  0
2586438.26976320, 0.889564,    0,  998, -998, 0.00, 0.83, -0.83,  0,  0,  0
2586438.27226320, 1.501745,    0,  998, -998, 0.00, 0.83, -0.83,  0,  0,  0
2586438.27476320, 0.930475,    0,  998, -998, 0.00, 0.83, -0.83,  0,  0,  0
2586438.27726320, 0.048555,    0,  998, -998, 0.00, 0.83, -0.83,  0,  0,  0
2586438.27976320, -1.032477,    0,  998, -998, 0.00, 0.83, -0.83,  0,  0,  0
2586438.28226320, -1.548166,    0,  998, -998, 0.00, 0.83, -0.83,  0,  0,  0
2586438.28476320, -1.313219,    0,  998, -998, 0.00, 0.83, -0.83,  0,  0,  0
2586438.28726320, -1.058447,    0,  998, -998, 0.00, 0.83, -0.83,  0,  0,  0
2586438.28976320, 0.005347,    0,  998, -998, 0.00, 0.83, -0.83,  0,  0,  0
2586438.29226320, 0.822458,    0,  998, -998, 0.00, 0.83, -0.83,  0,  0,  0
2586438.29476320, 0.495348,    0,  998, -998, 0.00, 0.83, -0.83,  0,  0,  0
2586438.29726320, 0.129427,    0,  998, -998, 0.00, 0.83, -0.83,  0,  0,  0
2586438.29976320, -0.251324,    0,  998, -998, 0.00, 0.83, -0.83,  0,  0,  0
2586438.30226320, -0.963335,    0,  998, -998, 0.00, 0.83, -0.83,  0,  0,  0
2586438.30476320, -1.675345,    0,  998, -998, 0.00, 0.83, -0.83,  0,  0,  0
2586438.30726320, 0.429165,    0,  998, -998, 0.00, 0.83, -0.83,  0,  0,  0
2586438.30976320, 0.889864,    0,  998, -998, 0.00, 0.83, -0.83,  0,  0,  0
2586438.31226320, 1.234783,    0,  998, -998, 0.00, 0.83, -0.83,  0,  0,  0
2586438.31476320, 1.119387,    0,  998, -998, 0.00, 0.83, -0.83,  0,  0,  0
2586438.31726320, 0.854426,    0,  998, -998, 0.00, 0.83, -0.83,  0,  0,  0
2586438.31976320, -0.595243,    0,  998, -998, 0.00, 0.83, -0.83,  0,  0,  0
2586438.32476320, -1.421263,    0,  998, -998, 0.00, 0.83, -0.83,  0,  0,  0
2586438.32726320, -0.546117,    0,  998, -998, 0.00, 0.83, -0.83,  0,  0,  0
2586438.32976320, 0.549356,    0,  998, -998, 0.00, 0.83, -0.83,  0,  0,  0
2586438.33226320, 1.318581,    0,  998, -998, 0.00, 0.83, -0.83,  0,  0,  0
2586438.33476320, 1.048274,    0,  998, -998, 0.00, 0.83, -0.83,  0,  0,  0
2586438.33726320, 0.192544,    0,  998, -998, 0.00, 0.83, -0.83,  0,  0,  0
2586438.33976320, -0.718484,    0,  998, -998, 0.00, 0.83, -0.83,  0,  0,  0
2586438.34226320, -1.213670,    0,  998, -998, 0.00, 0.83, -0.83,  0,  0,  0
2586438.34476320, -1.039245,    0,  998, -998, 0.00, 0.83, -0.83,  0,  0,  0
2586438.34726320, -0.634214,    0,  998, -998, 0.00, 0.83, -0.83,  0,  0,  0
2586438.34976320, -0.238655,    0,  998, -998, 0.00, 0.83, -0.83,  0,  0,  0
2586438.35226320, 0.913157,    0,  998, -998, 0.00, 0.83, -0.83,  0,  0,  0
2586438.35476320, 0.708051,    0,  998, -998, 0.00, 0.83, -0.83,  0,  0,  0
2586438.35726320, 0.363467,    0,  998, -998, 0.00, 0.83, -0.83,  0,  0,  0
2586438.35976320, 0.060319,    0,  998, -998, 0.00, 0.83, -0.83,  0,  0,  0
2586438.36226320, -0.598262,    0,  998, -998, 0.00, 0.83, -0.83,  0,  0,  0
2586438.36476320, -0.853877,    0,  998, -998, 0.00, 0.83, -0.83,  0,  0,  0
2586438.36726320, -0.449535,    0,  998, -998, 0.00, 0.83, -0.83,  0,  0,  0
2586438.36976320, 1.371244,    0,  998, -998, 0.00, 0.83, -0.83,  0,  0,  0
2586438.37226320, 1.764158,    0,  998, -998, 0.00, 0.83, -0.83,  0,  0,  0
2586438.37476320, 1.545115,    0,  998, -998, 0.00, 0.83, -0.83,  0,  0,  0
2586438.37726320, 0.488099,    0,  998, -998, 0.00, 0.83, -0.83,  0,  0,  0
2586438.37976320, -0.629722,    0,  998, -998, 0.00, 0.83, -0.83,  0,  0,  0
2586438.38226320, -0.598511,    0,  998, -998, 0.00, 0.83, -0.83,  0,  0,  0
2586438.38476320, -0.696428,    0,  998, -998, 0.00, 0.83, -0.83,  0,  0,  0
2586438.38726320, -0.115348,    0,  998, -998, 0.00, 0.83, -0.83,  0,  0,  0
2586438.38976320, 0.821994,    0,  998, -998, 0.00, 0.83, -0.83,  0,  0,  0
2586438.39226320, 1.587491,    0,  998, -998, 0.00, 0.83, -0.83,  0,  0,  0
2586438.39476320, 1.115594,    0,  998, -998, 0.00, 0.83, -0.83,  0,  0,  0
2586438.39726320, -0.074661,    0,  998, -998, 0.00, 0.83, -0.83,  0,  0,  0
2586438.39976320, -0.443320,    0,  998, -998, 0.00, 0.83, -0.83,  0,  0,  0
2586438.40226320, -1.378927,    0,  998, -998, 0.00, 0.83, -0.83,  0,  0,  0
2586438.40476320, -0.907008,    0,  998, -998, 0.00, 0.83, -0.83,  0,  0,  0
2586438.40726320, 0.427807,    0,  998, -998, 0.00, 0.83, -0.83,  0,  0,  0
2586438.40976320, 0.427807,    0,  998, -998, 0.00, 0.83, -0.83,  0,  0,  0
2586438.41226320, 0.427807,    0,  998, -998, 0.00, 0.83, -0.83,  0,  0,  0
2586438.41476320, 0.323576,    0,  998, -998, 0.00, 0.83, -0.83,  0,  0,  0
2586438.41726320, 0.195245,    0,  998, -998, 0.00, 0.83, -0.83,  0,  0,  0
2586438.41976320, 0.066914,    0,  998, -998, 0.00, 0.83, -0.83,  0,  0,  0
2586438.42226320, -0.248905,    0,  998, -998, 0.00, 0.83, -0.83,  0,  0,  0
2586438.42476320, -1.193933,    0,  998, -998, 0.00, 0.83, -0.83,  0,  0,  0
2586438.42726320, -1.247090,    0,  998, -998, 0.00, 0.83, -0.83,  0,  0,  0
2586438.42976320, -0.566452,    0,  998, -998, 0.00, 0.83, -0.83,  0,  0,  0
2586438.43226320, 0.566842,    0,  998, -998, 0.00, 0.83, -0.83,  0,  0,  0
2586438.43476320, 0.420210,    0,  998, -998, 0.00, 0.83, -0.83,  0,  0,  0
2586438.43726320, -0.296624,    0,  998, -998, 0.00, 0.83, -0.83,  0,  0,  0
2586438.43976320, -1.388710,    0,  998, -998, 0.00, 0.83, -0.83,  0,  0,  0
2586438.44226320, -1.849335,    0,  998, -998, 0.00, 0.83, -0.83,  0,  0,  0
2586438.44476320, -1.670427,    0,  998, -998, 0.00, 0.83, -0.83,  0,  0,  0
2586438.44726320, -0.742740,    0,  998, -998, 0.00, 0.83, -0.83,  0,  0,  0
2586438.45226320, 1.026492,    0,  998, -998, 0.00, 0.83, -0.83,  0,  0,  0
2586438.45476320, 0.820459,    0,  998, -998, 0.00, 0.83, -0.83,  0,  0,  0
2586438.45726320, 0.210809,    0,  998, -998, 0.00, 0.83, -0.83,  0,  0,  0
2586438.45976320, -0.468814,    0,  998, -998, 0.00, 0.83, -0.83,  0,  0,  0
2586438.46226320, -1.817263,    0,  998, -998, 0.00, 0.83, -0.83,  0,  0,  0
2586438.46476320, -1.594962,    0,  998, -998, 0.00, 0.83, -0.83,  0,  0,  0
2586438.46726320, -0.873355,    0,  998, -998, 0.00, 0.83, -0.83,  0,  0,  0
2586438.46976320, -0.275760,    0,  998, -998, 0.00, 0.83, -0.83,  0,  0,  0
2586438.47226320, 0.321834,    0,  998, -998, 0.00, 0.83, -0.83,  0,  0,  0
2586438.47476320, 0.989705,    0,  998, -998, 0.00, 0.83, -0.83,  0,  0,  0
2586438.47726320, 0.419109,    0,  998, -998, 0.00, 0.83, -0.83,  0,  0,  0
2586438.47976320, -0.151487,    0,  998, -998, 0.00, 0.83, -0.83,  0,  0,  0
2586438.48226320, -1.057595,    0,  998, -998, 0.00, 0.83, -0.83,  0,  0,  0
2586438.48476320, -1.007475,    0,  998, -998, 0.00, 0.83, -0.83,  0,  0,  0
2586438.48726320, -0.512811,    0,  998, -998, 0.00, 0.83, -0.83,  0,  0,  0
2586438.48976320, 0.463012,    0,  998, -998, 0.00, 0.83, -0.83,  0,  0,  0
2586438.49226320, 1.453065,    0,  998, -998, 0.00, 0.83, -0.83,  0,  0,  0
2586438.49476320, 0.902714,    0,  998, -998, 0.00, 0.83, -0.83,  0,  0,  0
2586438.49726320, -0.192260,    0,  998, -998, 0.00, 0.83, -0.83,  0,  0,  0
2586438.49976320, -0.593452,    0,  998, -998, 0.00, 0.83, -0.83,  0,  0,  0
2586438.50226320, -0.927824,    0,  998, -998, 0.00, 0.83, -0.83,  0,  0,  0
2586438.50476320, -0.166986,    0,  998, -998, 0.00, 0.83, -0.83,  0,  0,  0
2586438.50726320, 0.620242,    0,  998, -998, 0.00, 0.83, -0.83,  0,  0,  0
2586438.50976320, 1.038435,    0,  998, -998, 0.00, 0.83, -0.83,  0,  0,  0
2586438.51226320, 1.554726,    0,  998, -998, 0.00, 0.83, -0.83,  0,  0,  0
2586438.51476320, 0.578225,    0,  998, -998, 0.00, 0.83, -0.83,  0,  0,  0
2586438.51726320, -0.427458,    0,  998, -998, 0.00, 0.83, -0.83,  0,  0,  0
2586438.51976320, -0.642342,    0,  998, -998, 0.00, 0.83, -0.83,  0,  0,  0
2586438.52226320, -1.196678,    0,  998, -998, 0.00, 0.83, -0.83,  0,  0,  0
2586438.52476320, -1.016692,    0,  998, -998, 0.00, 0.83, -0.83,  0,  0,  0
2586438.52726320, -0.018005,    0,  998, -998, 0.00, 0.83, -0.83,  0,  0,  0
2586438.52976320, 0.688160,    0,  998, -998, 0.00, 0.83, -0.83,  0,  0,  0
2586438.53226320, 1.118550,    0,  998, -998, 0.00, 0.83, -0.83,  0,  0,  0
2586438.53476320, 1.256729,    0,  998, -998, 0.00, 0.83, -0.83,  0,  0,  0
2586438.53726320, 0.252310,    0,  998, -998, 0.00, 0.83, -0.83,  0,  0,  0
2586438.53976320, -0.571267,    0,  998, -998, 0.00, 0.83, -0.83,  0,  0,  0
2586438.54226320, -1.201179,    0,  998, -998, 0.00, 0.83, -0.83,  0,  0,  0
2586438.54476320, -1.004520,    0,  998, -998, 0.00, 0.83, -0.83,  0,  0,  0
2586438.54726320, -0.159814,    0,  998, -998, 0.00, 0.83, -0.83,  0,  0,  0
2586438.54976320, 0.425664,    0,  998, -998, 0.00, 0.83, -0.83,  0,  0,  0
2586438.55226320, 0.877181,    0,  998, -998, 0.00, 0.83, -0.83,  0,  0,  0
2586438.55476320, 0.537680,    0,  998, -998, 0.00, 0.83, -0.83,  0,  0,  0
2586438.55726320, -0.239745,    0,  998, -998, 0.00, 0.83, -0.83,  0,  0,  0
2586438.55976320, -1.018941,    0,  998, -998, 0.00, 0.83, -0.83,  0,  0,  0
2586438.56226320, -1.364566,    0,  998, -998, 0.00, 0.83, -0.83,  0,  0,  0
2586438.56476320, -0.563559,    0,  998, -998, 0.00, 0.83, -0.83,  0,  0,  0
2586438.56726320, 0.181918,    0,  998, -998, 0.00, 0.83, -0.83,  0,  0,  0
2586438.56976320, 0.492764,    0,  998, -998, 0.00, 0.83, -0.83,  0,  0,  0
2586438.57226320, 1.000893,    0,  998, -998, 0.00, 0.83, -0.83,  0,  0,  0
2586438.57476320, 0.705330,    0,  998, -998, 0.00, 0.83, -0.83,  0,  0,  0
2586438.57976320, -1.053670,    0,  998, -998, 0.00, 0.83, -0.83,  0,  0,  0
2586438.58226320, -1.602243,    0,  998, -998, 0.00, 0.83, -0.83,  0,  0,  0
2586438.58476320, -1.405675,    0,  998, -998, 0.00, 0.83, -0.83,  0,  0,  0
2586438.58726320, -0.412992,    0,  998, -998, 0.00, 0.83, -0.83,  0,  0,  0
2586438.58976320, 0.395344,    0,  998, -998, 0.00, 0.83, -0.83,  0,  0,  0
2586438.59226320, 0.909455,    0,  998, -998, 0.00, 0.83, -0.83,  0,  0,  0
2586438.59476320, 1.423566,    0,  998, -998, 0.00, 0.83, -0.83,  0,  0,  0
2586438.59726320, 0.157878,    0,  998, -998, 0.00, 0.83, -0.83,  0,  0,  0
2586438.59976320, -0.513817,    0,  998, -998, 0.00, 0.83, -0.83,  0,  0,  0
2586438.60226320, -1.009159,    0,  998, -998, 0.00, 0.83, -0.83,  0,  0,  0
2586438.60476320, -1.111669,    0,  998, -998, 0.00, 0.83, -0.83,  0,  0,  0
2586438.60726320, -1.111669,    0,  998, -998, 0.00, 0.83, -0.83,  0,  0,  0
2586438.60976320, 0.549879,    0,  998, -998, 0.00, 0.83, -0.83,  0,  0,  0
2586438.61226320, 1.662115,    0,  998, -998, 0.00, 0.83, -0.83,  0,  0,  0
2586438.61476320, 1.209688,    0,  998, -998, 0.00, 0.83, -0.83,  0,  0,  0
2586438.61726320, 0.499304,    0,  998, -998, 0.00, 0.83, -0.83,  0,  0,  0
2586438.61976320, -0.380500,    0,  998, -998, 0.00, 0.83, -0.83,  0,  0,  0
2586438.62226320, -0.923993,    0,  998, -998, 0.00, 0.83, -0.83,  0,  0,  0
2586438.62476320, -1.004700,    0,  998, -998, 0.00, 0.83, -0.83,  0,  0,  0
2586438.62726320, -0.291041,    0,  998, -998, 0.00, 0.83, -0.83,  0,  0,  0
2586438.62976320, 0.665612,    0,  998, -998, 0.00, 0.83, -0.83,  0,  0,  0
2586438.63226320, 1.299587,    0,  998, -998, 0.00, 0.83, -0.83,  0,  0,  0
2586438.63476320, 0.791295,    0,  998, -998, 0.00, 0.83, -0.83,  0,  0,  0
2586438.63726320, 0.349287,    0,  998, -998, 0.00, 0.83, -0.83,  0,  0,  0
2586438.63976320, -0.359849,    0,  998, -998, 0.00, 0.83, -0.83,  0,  0,  0
2586438.64226320, -0.693838,    0,  998, -998, 0.00, 0.83, -0.83,  0,  0,  0
2586438.64476320, -0.673346,    0,  998, -998, 0.00, 0.83, -0.83,  0,  0,  0
2586438.64726320, -0.366330,    0,  998, -998, 0.00, 0.83, -0.83,  0,  0,  0
2586438.64976320, 1.078768,    0,  998, -998, 0.00, 0.83, -0.83,  0,  0,  0
2586438.65226320, 1.446856,    0,  998, -998, 0.00, 0.83, -0.83,  0,  0,  0
2586438.65476320, 1.144792,    0,  998, -998, 0.00, 0.83, -0.83,  0,  0,  0
2586438.65726320, 0.456480,    0,  998, -998, 0.00, 0.83, -0.83,  0,  0,  0
2586438.65976320, -1.218578,    0,  998, -998, 0.00, 0.83, -0.83,  0,  0,  0
2586438.66226320, -1.215754,    0,  998, -998, 0.00, 0.83, -0.83,  0,  0,  0
2586438.66476320, -1.164859,    0,  998, -998, 0.00, 0.83, -0.83,  0,  0,  0
2586438.66726320, -0.709486,    0,  998, -998, 0.00, 0.83, -0.83,  0,  0,  0
2586438.66976320, 0.441121,    0,  998, -998, 0.00, 0.83, -0.83,  0,  0,  0
2586438.67226320, 1.249669,    0,  998, -998, 0.00, 0.83, -0.83,  0,  0,  0
2586438.67476320, 1.211185,    0,  998, -998, 0.00, 0.83, -0.83,  0,  0,  0
2586438.67726320, 0.393023,    0,  998, -998, 0.00, 0.83, -0.83,  0,  0,  0
2586438.67976320, -0.815505,    0,  998, -998, 0.00, 0.83, -0.83,  0,  0,  0
2586438.68226320, -1.504685,    0,  998, -998, 0.00, 0.83, -0.83,  0,  0,  0
2586438.68476320, -1.186505,    0,  998, -998, 0.00, 0.83, -0.83,  0,  0,  0
2586438.68726320, -0.676990,    0,  998, -998, 0.00, 0.83, -0.83,  0,  0,  0
2586438.68976320, 0.619031,    0,  998, -998, 0.00, 0.83, -0.83,  0,  0,  0
2586438.69226320, 1.117663,    0,  998, -998, 0.00, 0.83, -0.83,  0,  0,  0
2586438.69476320, 0.310208,    0,  998, -998, 0.00, 0.83, -0.83,  0,  0,  0
2586438.69726320, 0.101181,    0,  998, -998, 0.00, 0.83, -0.83,  0,  0,  0
2586438.69976320, -0.627949,    0,  998, -998, 0.00, 0.83, -0.83,  0,  0,  0
2586438.70226320, -1.075314,    0,  998, -998, 0.00, 0.83, -0.83,  0,  0,  0
2586438.70476320, -0.673346,    0,  998, -998, 0.00, 0.83, -0.83,  0,  0,  0
2586438.70726320, -0.281073,    0,  998, -998, 0.00, 0.83, -0.83,  0,  0,  0
2586438.70976320, 0.481814,    0,  998, -998, 0.00, 0.83, -0.83,  0,  0,  0
2586438.71226320, 0.740596,    0,  998, -998, 0.00, 0.83, -0.83,  0,  0,  0
2586438.71476320, 0.999378,    0,  998, -998, 0.00, 0.83, -0.83,  0,  0,  0
2586438.71726320, 0.931129,    0,  998, -998, 0.00, 0.83, -0.83,  0,  0,  0
2586438.71976320, -0.505256,    0,  998, -998, 0.00, 0.83, -0.83,  0,  0,  0
2586438.72226320, -0.989855,    0,  998, -998, 0.00, 0.83, -0.83,  0,  0,  0
2586438.72476320, -1.129740,    0,  998, -998, 0.00, 0.83, -0.83,  0,  0,  0
2586438.72726320, -0.691505,    0,  998, -998, 0.00, 0.83, -0.83,  0,  0,  0
2586438.72976320, 0.141548,    0,  998, -998, 0.00, 0.83, -0.83,  0,  0,  0
2586438.73226320, 1.267125,    0,  998, -998, 0.00, 0.83, -0.83,  0,  0,  0
2586438.73476320, 1.047874,    0,  998, -998, 0.00, 0.83, -0.83,  0,  0,  0
2586438.73726320, 0.316772,    0,  998, -998, 0.00, 0.83, -0.83,  0,  0,  0
2586438.73976320, -1.122583,    0,  998, -998, 0.00, 0.83, -0.83,  0,  0,  0
2586438.74226320, -1.461922,    0,  998, -998, 0.00, 0.83, -0.83,  0,  0,  0
2586438.74476320, -0.983380,    0,  998, -998, 0.00, 0.83, -0.83,  0,  0,  0
2586438.74726320, -0.161717,    0,  998, -998, 0.00, 0.83, -0.83,  0,  0,  0
2586438.74976320, 1.056781,    0,  998, -998, 0.00, 0.83, -0.83,  0,  0,  0
2586438.75226320, 1.233752,    0,  998, -998, 0.00, 0.83, -0.83,  0,  0,  0
2586438.75476320, 0.855439,    0,  998, -998, 0.00, 0.83, -0.83,  0,  0,  0
2586438.75726320, 0.255844,    0,  998, -998, 0.00, 0.83, -0.83,  0,  0,  0
2586438.76226320, -1.094645,    0,  998, -998, 0.00, 0.83, -0.83,  0,  0,  0
2586438.76476320, -0.619892,    0,  998, -998, 0.00, 0.83, -0.83,  0,  0,  0
2586438.76726320, -0.099665,    0,  998, -998, 0.00, 0.83, -0.83,  0,  0,  0
2586438.76976320, 1.293760,    0,  998, -998, 0.00, 0.83, -0.83,  0,  0,  0
2586438.77226320, 1.263574,    0,  998, -998, 0.00, 0.83, -0.83,  0,  0,  0
2586438.77476320, 0.491869,    0,  998, -998, 0.00, 0.83, -0.83,  0,  0,  0
2586438.77726320, -0.866853,    0,  998, -998, 0.00, 0.83, -0.83,  0,  0,  0
2586438.77976320, -1.368249,    0,  998, -998, 0.00, 0.83, -0.83,  0,  0,  0
2586438.78226320, -1.400384,    0,  998, -998, 0.00, 0.83, -0.83,  0,  0,  0
2586438.78476320, -1.466218,    0,  998, -998, 0.00, 0.83, -0.83,  0,  0,  0
2586438.78726320, -1.532052,    0,  998, -998, 0.00, 0.83, -0.83,  0,  0,  0
2586438.78976320, -1.597886,    0,  998, -998, 0.00, 0.83, -0.83,  0,  0,  0
2586438.79226320, 0.113437,    0,  998, -998, 0.00, 0.83, -0.83,  0,  0,  0
2586438.79476320, 0.795355,    0,  998, -998, 0.00, 0.83, -0.83,  0,  0,  0
2586438.79726320, 0.145484,    0,  998, -998, 0.00, 0.83, -0.83,  0,  0,  0
2586438.79976320, -0.750559,    0,  998, -998, 0.00, 0.83, -0.83,  0,  0,  0
2586438.80226320, -1.685477,    0,  998, -998, 0.00, 0.83, -0.83,  0,  0,  0
2586438.80476320, -1.097370,    0,  998, -998, 0.00, 0.83, -0.83,  0,  0,  0
2586438.80726320, -0.224661,    0,  998, -998, 0.00, 0.83, -0.83,  0,  0,  0
2586438.80976320, 0.968456,    0,  998, -998, 0.00, 0.83, -0.83,  0,  0,  0
2586438.81226320, 1.198065,    0,  998, -998, 0.00, 0.83, -0.83,  0,  0,  0
2586438.81476320, 0.915068,    0,  998, -998, 0.00, 0.83, -0.83,  0,  0,  0
2586438.81726320, 0.146140,    0,  998, -998, 0.00, 0.83, -0.83,  0,  0,  0
2586438.81976320, -1.151080,    0,  998, -998, 0.00, 0.83, -0.83,  0,  0,  0
2586438.82226320, -1.447612,    0,  998, -998, 0.00, 0.83, -0.83,  0,  0,  0
2586438.82476320, -0.780254,    0,  998, -998, 0.00, 0.83, -0.83,  0,  0,  0
2586438.82726320, -0.039221,    0,  998, -998, 0.00, 0.83, -0.83,  0,  0,  0
2586438.82976320, 0.959446,    0,  998, -998, 0.00, 0.83, -0.83,  0,  0,  0
2586438.83226320, 1.217272,    0,  998, -998, 0.00, 0.83, -0.83,  0,  0,  0
2586438.83476320, 0.470570,    0,  998, -998, 0.00, 0.83, -0.83,  0,  0,  0
2586438.83726320, 0.216354,    0,  998, -998, 0.00, 0.83, -0.83,  0,  0,  0
2586438.83976320, -0.469871,    0,  998, -998, 0.00, 0.83, -0.83,  0,  0,  0
2586438.84226320, -0.919088,    0,  998, -998, 0.00, 0.83, -0.83,  0,  0,  0
2586438.84476320, -1.076429,    0,  998, -998, 0.00, 0.83, -0.83,  0,  0,  0
2586438.84726320, -1.233770,    0,  998, -998, 0.00, 0.83, -0.83,  0,  0,  0
2586438.84976320, -0.443943,    0,  998, -998, 0.00, 0.83, -0.83,  0,  0,  0
2586438.85226320, 0.459709,    0,  998, -998, 0.00, 0.83, -0.83,  0,  0,  0
2586438.85476320, 0.779818,    0,  998, -998, 0.00, 0.83, -0.83,  0,  0,  0
2586438.85726320, -0.220522,    0,  998, -998, 0.00, 0.83, -0.83,  0,  0,  0
2586438.85976320, -1.206970,    0,  998, -998, 0.00, 0.83, -0.83,  0,  0,  0
2586438.86226320, -1.626222,    0,  998, -998, 0.00, 0.83, -0.83,  0,  0,  0
2586438.86476320, -1.338742,    0,  998, -998, 0.00, 0.83, -0.83,  0,  0,  0
2586438.86726320, -0.190355,    0,  998, -998, 0.00, 0.83, -0.83,  0,  0,  0
2586438.86976320, 0.826017,    0,  998, -998, 0.00, 0.83, -0.83,  0,  0,  0
2586438.87226320, 1.495088,    0,  998, -998, 0.00, 0.83, -0.83,  0,  0,  0
2586438.87476320, 1.363224,    0,  998, -998, 0.00, 0.83, -0.83,  0,  0,  0
2586438.87726320, 0.247725,    0,  998, -998, 0.00, 0.83, -0.83,  0,  0,  0
2586438.87976320, -0.794550,    0,  998, -998, 0.00, 0.83, -0.83,  0,  0,  0
2586438.88226320, -1.578050,    0,  998, -998, 0.00, 0.83, -0.83,  0,  0,  0
2586438.88476320, -1.203469,    0,  998, -998, 0.00, 0.83, -0.83,  0,  0,  0
2586438.88976320, 0.852370,    0,  998, -998, 0.00, 0.83, -0.83,  0,  0,  0
2586438.89226320, 1.154782,    0,  998, -998, 0.00, 0.83, -0.83,  0,  0,  0
2586438.89476320, 1.154782,    0,  998, -998, 0.00, 0.83, -0.83,  0,  0,  0
2586438.89726320, -0.577129,    0,  998, -998, 0.00, 0.83, -0.83,  0,  0,  0
2586438.89976320, -0.748878,    0,  998, -998, 0.00, 0.83, -0.83,  0,  0,  0
2586438.90226320, -1.126248,    0,  998, -998, 0.00, 0.83, -0.83,  0,  0,  0
2586438.90476320, -1.153156,    0,  998, -998, 0.00, 0.83, -0.83,  0,  0,  0
2586438.90726320, -0.414402,    0,  998, -998, 0.00, 0.83, -0.83,  0,  0,  0
2586438.90976320, 0.305788,    0,  998, -998, 0.00, 0.83, -0.83,  0,  0,  0
2586438.91226320, 0.889854,    0,  998, -998, 0.00, 0.83, -0.83,  0,  0,  0
2586438.91476320, 1.118227,    0,  998, -998, 0.00, 0.83, -0.83,  0,  0,  0
2586438.91726320, -0.545057,    0,  998, -998, 0.00, 0.83, -0.83,  0,  0,  0
2586438.91976320, -0.781043,    0,  998, -998, 0.00, 0.83, -0.83,  0,  0,  0
2586438.92226320, -1.441748,    0,  998, -998, 0.00, 0.83, -0.83,  0,  0,  0
2586438.92476320, -1.411355,    0,  998, -998, 0.00, 0.83, -0.83,  0,  0,  0
2586438.92726320, -0.969165,    0,  998, -998, 0.00, 0.83, -0.83,  0,  0,  0
2586438.92976320, 0.317690,    0,  998, -998, 0.00, 0.83, -0.83,  0,  0,  0
2586438.93226320, 1.086011,    0,  998, -998, 0.00, 0.83, -0.83,  0,  0,  0
2586438.93476320, 0.610269,    0,  998, -998, 0.00, 0.83, -0.83,  0,  0,  0
2586438.93726320, -0.075161,    0,  998, -998, 0.00, 0.83, -0.83,  0,  0,  0
2586438.93976320, -1.101797,    0,  998, -998, 0.00, 0.83, -0.83,  0,  0,  0
2586438.94226320, -1.554752,    0,  998, -998, 0.00, 0.83, -0.83,  0,  0,  0
2586438.94476320, -1.036834,    0,  998, -998, 0.00, 0.83, -0.83,  0,  0,  0
2586438.94726320, -0.043885,    0,  998, -998, 0.00, 0.83, -0.83,  0,  0,  0
2586438.94976320, 1.294577,    0,  998, -998, 0.00, 0.83, -0.83,  0,  0,  0
2586438.95226320, 1.496888,    0,  998, -998, 0.00, 0.83, -0.83,  0,  0,  0
2586438.95476320, 1.403594,    0,  998, -998, 0.00, 0.83, -0.83,  0,  0,  0
2586438.95726320, 1.160868,    0,  998, -998, 0.00, 0.83, -0.83,  0,  0,  0
2586438.95976320, 0.038766,    0,  998, -998, 0.00, 0.83, -0.83,  0,  0,  0
2586438.96226320, -1.293703,    0,  998, -998, 0.00, 0.83, -0.83,  0,  0,  0
2586438.96476320, -1.353508,    0,  998, -998, 0.00, 0.83, -0.83,  0,  0,  0
2586438.96726320, -1.050788,    0,  998, -998, 0.00, 0.83, -0.83,  0,  0,  0
2586438.96976320, -0.636632,    0,  998, -998, 0.00, 0.83, -0.83,  0,  0,  0
2586438.97226320, -0.222477,    0,  998, -998, 0.00, 0.83, -0.83,  0,  0,  0
2586438.97476320, 0.519949,    0,  998, -998, 0.00, 0.83, -0.83,  0,  0,  0
2586438.97726320, -0.012307,    0,  998, -998, 0.00, 0.83, -0.83,  0,  0,  0
2586438.97976320, -0.833051,    0,  998, -998, 0.00, 0.83, -0.83,  0,  0,  0
2586438.98226320, -1.447582,    0,  998, -998, 0.00, 0.83, -0.83,  0,  0,  0
2586438.98476320, -0.837523,    0,  998, -998, 0.00, 0.83, -0.83,  0,  0,  0
2586438.98726320, 0.075305,    0,  998, -998, 0.00, 0.83, -0.83,  0,  0,  0
2586438.98976320, 0.611944,    0,  998, -998, 0.00, 0.83, -0.83,  0,  0,  0
2586438.99226320, 0.982124,    0,  998, -998, 0.00, 0.83, -0.83,  0,  0,  0
2586438.99476320, 0.576693,    0,  998, -998, 0.00, 0.83, -0.83,  0,  0,  0
2586438.99726320, -0.523675,    0,  998, -998, 0.00, 0.83, -0.83,  0,  0,  0
2586438.99976320, -0.869595,    0,  998, -998, 0.00, 0.83, -0.83,  0,  0,  0
2586439.00226320, -1.251178,    0,  998, -998, 0.00, 0.83, -0.83,  0,  0,  0
2586439.00476320, -0.805157,    0,  998, -998, 0.00, 0.83, -0.83,  0,  0,  0
2586439.00726320, 0.075010,    0,  998, -998, 0.00, 0.83, -0.83,  0,  0,  0
2586439.00976320, 0.723689,    0,  998, -998, 0.00, 0.83, -0.83,  0,  0,  0
2586439.01226320, 1.540859,    0,  998, -998, 0.00, 0.83, -0.83,  0,  0,  0
2586439.01726320, 0.081381,    0,  998, -998, 0.00, 0.83, -0.83,  0,  0,  0
2586439.01976320, -0.981932,    0,  998, -998, 0.00, 0.83, -0.83,  0,  0,  0
2586439.02226320, -1.528611,    0,  998, -998, 0.00, 0.83, -0.83,  0,  0,  0
2586439.02476320, -1.313759,    0,  998, -998, 0.00, 0.83, -0.83,  0,  0,  0
2586439.02726320, -0.827273,    0,  998, -998, 0.00, 0.83, -0.83,  0,  0,  0
2586439.02976320, 0.377362,    0,  998, -998, 0.00, 0.83, -0.83,  0,  0,  0
2586439.03226320, 1.013633,    0,  998, -998, 0.00, 0.83, -0.83,  0,  0,  0
2586439.03476320, 1.156910,    0,  998, -998, 0.00, 0.83, -0.83,  0,  0,  0
2586439.03726320, 0.023210,    0,  998, -998, 0.00, 0.83, -0.83,  0,  0,  0
2586439.03976320, -0.394075,    0,  998, -998, 0.00, 0.83, -0.83,  0,  0,  0
2586439.04226320, -0.640946,    0,  998, -998, 0.00, 0.83, -0.83,  0,  0,  0
2586439.04476320, -0.887816,    0,  998, -998, 0.00, 0.83, -0.83,  0,  0,  0
2586439.04726320, -1.134687,    0,  998, -998, 0.00, 0.83, -0.83,  0,  0,  0
2586439.04976320, 0.657111,    0,  998, -998, 0.00, 0.83, -0.83,  0,  0,  0
2586439.05226320, 1.264719,    0,  998, -998, 0.00, 0.83, -0.83,  0,  0,  0
2586439.05476320, 0.860472,    0,  998, -998, 0.00, 0.83, -0.83,  0,  0,  0
2586439.05726320, 0.194227,    0,  998, -998, 0.00, 0.83, -0.83,  0,  0,  0
2586439.05976320, -0.865857,    0,  998, -998, 0.00, 0.83, -0.83,  0,  0,  0
2586439.06226320, -1.514162,    0,  998, -998, 0.00, 0.83, -0.83,  0,  0,  0
2586439.06476320, -0.912270,    0,  998, -998, 0.00, 0.83, -0.83,  0,  0,  0
2586439.06726320, 0.310208,    0,  998, -998, 0.00, 0.83, -0.83,  0,  0,  0
2586439.06976320, 0.890974,    0,  998, -998, 0.00, 0.83, -0.83,  0,  0,  0
2586439.07226320, 1.528719,    0,  998, -998, 0.00, 0.83, -0.83,  0,  0,  0
2586439.07476320, 0.788444,    0,  998, -998, 0.00, 0.83, -0.83,  0,  0,  0
2586439.07726320, -0.416767,    0,  998, -998, 0.00, 0.83, -0.83,  0,  0,  0
2586439.07976320, -0.700092,    0,  998, -998, 0.00, 0.83, -0.83,  0,  0,  0
2586439.08226320, -1.225724,    0,  998, -998, 0.00, 0.83, -0.83,  0,  0,  0
2586439.08476320, -1.141312,    0,  998, -998, 0.00, 0.83, -0.83,  0,  0,  0
2586439.08726320, -0.733815,    0,  998, -998, 0.00, 0.83, -0.83,  0,  0,  0
2586439.08976320, -0.384073,    0,  998, -998, 0.00, 0.83, -0.83,  0,  0,  0
2586439.09226320, -0.034330,    0,  998, -998, 0.00, 0.83, -0.83,  0,  0,  0
2586439.09476320, 0.307279,    0,  998, -998, 0.00, 0.83, -0.83,  0,  0,  0
2586439.09726320, 0.110405,    0,  998, -998, 0.00, 0.83, -0.83,  0,  0,  0
2586439.09976320, -0.334373,    0,  998, -998, 0.00, 0.83, -0.83,  0,  0,  0
2586439.10226320, -0.814721,    0,  998, -998, 0.00, 0.83, -0.83,  0,  0,  0
2586439.10476320, -0.649999,    0,  998, -998, 0.00, 0.83, -0.83,  0,  0,  0
2586439.10726320, -0.229613,    0,  998, -998, 0.00, 0.83, -0.83,  0,  0,  0
2586439.10976320, 0.218063,    0,  998, -998, 0.00, 0.83, -0.83,  0,  0,  0
2586439.11226320, 0.775531,    0,  998, -998, 0.00, 0.83, -0.83,  0,  0,  0
2586439.11476320, 0.475825,    0,  998, -998, 0.00, 0.83, -0.83,  0,  0,  0
2586439.11726320, -0.500488,    0,  998, -998, 0.00, 0.83, -0.83,  0,  0,  0
2586439.11976320, -1.537201,    0,  998, -998, 0.00, 0.83, -0.83,  0,  0,  0
2586439.12226320, -1.261341,    0,  998, -998, 0.00, 0.83, -0.83,  0,  0,  0
2586439.12476320, -0.907725,    0,  998, -998, 0.00, 0.83, -0.83,  0,  0,  0
2586439.12726320, 0.050941,    0,  998, -998, 0.00, 0.83, -0.83,  0,  0,  0
2586439.12976320, 0.993619,    0,  998, -998, 0.00, 0.83, -0.83,  0,  0,  0
2586439.13226320, 0.992438,    0,  998, -998, 0.00, 0.83, -0.83,  0,  0,  0
2586439.13476320, 0.228917,    0,  998, -998, 0.00, 0.83, -0.83,  0,  0,  0
2586439.13726320, -0.245714,    0,  998, -998, 0.00, 0.83, -0.83,  0,  0,  0
2586439.13976320, -0.993795,    0,  998, -998, 0.00, 0.83, -0.83,  0,  0,  0
2586439.14226320, -1.699157,    0,  998, -998, 0.00, 0.83, -0.83,  0,  0,  0
2586439.14476320, -0.700204,    0,  998, -998, 0.00, 0.83, -0.83,  0,  0,  0
2586439.14726320, 0.246063,    0,  998, -998, 0.00, 0.83, -0.83,  0,  0,  0
2586439.14976320, 0.919562,    0,  998, -998, 0.00, 0.83, -0.83,  0,  0,  0
2586439.15226320, 1.351167,    0,  998, -998, 0.00, 0.83, -0.83,  0,  0,  0
2586439.15476320, 1.079946,    0,  998, -998, 0.00, 0.83, -0.83,  0,  0,  0
2586439.15726320, 0.662345,    0,  998, -998, 0.00, 0.83, -0.83,  0,  0,  0
2586439.15976320, -0.296070,    0,  998, -998, 0.00, 0.83, -0.83,  0,  0,  0
2586439.16476320, -1.099168,    0,  998, -998, 0.00, 0.83, -0.83,  0,  0,  0
2586439.16726320, -0.494988,    0,  998, -998, 0.00, 0.83, -0.83,  0,  0,  0
2586439.16976320, 0.339640,    0,  998, -998, 0.00, 0.83, -0.83,  0,  0,  0
2586439.17226320, 1.097372,    0,  998, -998, 0.00, 0.83, -0.83,  0,  0,  0
2586439.17476320, 1.149133,    0,  998, -998, 0.00, 0.83, -0.83,  0,  0,  0
2586439.17726320, 1.200894,    0,  998, -998, 0.00, 0.83, -0.83,  0,  0,  0
2586439.17976320, -0.955771,    0,  998, -998, 0.00, 0.83, -0.83,  0,  0,  0
2586439.18226320, -1.062345,    0,  998, -998, 0.00, 0.83, -0.83,  0,  0,  0
2586439.18476320, -1.085998,    0,  998, -998, 0.00, 0.83, -0.83,  0,  0,  0
2586439.18726320, -0.317409,    0,  998, -998, 0.00, 0.83, -0.83,  0,  0,  0
2586439.18976320, 0.630164,    0,  998, -998, 0.00, 0.83, -0.83,  0,  0,  0
2586439.19226320, 0.948495,    0,  998, -998, 0.00, 0.83, -0.83,  0,  0,  0
2586439.19476320, 0.995514,    0,  998, -998, 0.00, 0.83, -0.83,  0,  0,  0
2586439.19726320, 0.610159,    0,  998, -998, 0.00, 0.83, -0.83,  0,  0,  0
2586439.19976320, -1.133051,    0,  998, -998, 0.00, 0.83, -0.83,  0,  0,  0
2586439.20226320, -1.084666,    0,  998, -998, 0.00, 0.83, -0.83,  0,  0,  0
2586439.20476320, -0.928010,    0,  998, -998, 0.00, 0.83, -0.83,  0,  0,  0
2586439.20726320, 0.092922,    0,  998, -998, 0.00, 0.83, -0.83,  0,  0,  0
2586439.20976320, 1.250999,    0,  998, -998, 0.00, 0.83, -0.83,  0,  0,  0
2586439.21226320, 1.369116,    0,  998, -998, 0.00, 0.83, -0.83,  0,  0,  0
2586439.21476320, 1.113855,    0,  998, -998, 0.00, 0.83, -0.83,  0,  0,  0
2586439.21726320, 0.215219,    0,  998, -998, 0.00, 0.83, -0.83,  0,  0,  0
2586439.21976320, -0.998622,    0,  998, -998, 0.00, 0.83, -0.83,  0,  0,  0
2586439.22226320, -1.548552,    0,  998, -998, 0.00, 0.83, -0.83,  0,  0,  0
2586439.22476320, -0.880155,    0,  998, -998, 0.00, 0.83, -0.83,  0,  0,  0
2586439.22726320, 0.068632,    0,  998, -998, 0.00, 0.83, -0.83,  0,  0,  0
2586439.22976320, 0.914558,    0,  998, -998, 0.00, 0.83, -0.83,  0,  0,  0
2586439.23226320, 1.532125,    0,  998, -998, 0.00, 0.83, -0.83,  0,  0,  0
2586439.23476320, 1.328983,    0,  998, -998, 0.00, 0.83, -0.83,  0,  0,  0
2586439.23726320, 0.254829,    0,  998, -998, 0.00, 0.83, -0.83,  0,  0,  0
2586439.23976320, -1.074730,    0,  998, -998, 0.00, 0.83, -0.83,  0,  0,  0
2586439.24226320, -1.473327,    0,  998, -998, 0.00, 0.83, -0.83,  0,  0,  0
2586439.24476320, -0.630583,    0,  998, -998, 0.00, 0.83, -0.83,  0,  0,  0
2586439.24726320, -0.630583,    0,  998, -998, 0.00, 0.83, -0.83,  0,  0,  0
2586439.24976320, 1.144091,    0,  998, -998, 0.00, 0.83, -0.83,  0,  0,  0
2586439.25226320, 1.144091,    0,  998, -998, 0.00, 0.83, -0.83,  0,  0,  0
2586439.25476320, 1.057610,    0,  998, -998, 0.00, 0.83, -0.83,  0,  0,  0
2586439.25726320, 0.884929,    0,  998, -998, 0.00, 0.83, -0.83,  0,  0,  0
2586439.25976320, 0.521011,    0,  998, -998, 0.00, 0.83, -0.83,  0,  0,  0
2586439.26226320, 0.157092,    0,  998, -998, 0.00, 0.83, -0.83,  0,  0,  0
2586439.26476320, -0.206826,    0,  998, -998, 0.00, 0.83, -0.83,  0,  0,  0
2586439.26726320, 0.409196,    0,  998, -998, 0.00, 0.83, -0.83,  0,  0,  0
2586439.26976320, 1.332000,    0,  998, -998, 0.00, 0.83, -0.83,  0,  0,  0
2586439.27226320, 1.365635,    0,  998, -998, 0.00, 0.83, -0.83,  0,  0,  0
2586439.27476320, 1.101328,    0,  998, -998, 0.00, 0.83, -0.83,  0,  0,  0
2586439.27726320, 1.101328,    0,  998, -998, 0.00, 0.83, -0.83,  0,  0,  0
2586439.27976320, -0.320954,    0,  998, -998, 0.00, 0.83, -0.83,  0,  0,  0
2586439.28226320, -1.329292,    0,  998, -998, 0.00, 0.83, -0.83,  0,  0,  0
2586439.28476320, -1.071977,    0,  998, -998, 0.00, 0.83, -0.83,  0,  0,  0
2586439.28726320, -0.326181,    0,  998, -998, 0.00, 0.83, -0.83,  0,  0,  0
2586439.28976320, 1.411362,    0,  998, -998, 0.00, 0.83, -0.83,  0,  0,  0
2586439.29226320, 1.411362,    0,  998, -998, 0.00, 0.83, -0.83,  0,  0,  0
2586439.29476320, 1.082552,    0,  998, -998, 0.00, 0.83, -0.83,  0,  0,  0
2586439.29726320, 0.536016,    0,  998, -998, 0.00, 0.83, -0.83,  0,  0,  0
2586439.29976320, -0.301508,    0,  998, -998, 0.00, 0.83, -0.83,  0,  0,  0
2586439.30226320, -1.139033,    0,  998, -998, 0.00, 0.83, -0.83,  0,  0,  0
2586439.30476320, -0.944917,    0,  998, -998, 0.00, 0.83, -0.83,  0,  0,  0
2586439.30726320, -0.219611,    0,  998, -998, 0.00, 0.83, -0.83,  0,  0,  0
2586439.30976320, 0.165751,    0,  998, -998, 0.00, 0.83, -0.83,  0,  0,  0
2586439.31226320, 0.443764,    0,  998, -998, 0.00, 0.83, -0.83,  0,  0,  0
2586439.31476320, 0.594686,    0,  998, -998, 0.00, 0.83, -0.83,  0,  0,  0
2586439.31726320, 0.271513,    0,  998, -998, 0.00, 0.83, -0.83,  0,  0,  0
2586439.31976320, -0.201730,    0,  998, -998, 0.00, 0.83, -0.83,  0,  0,  0
2586439.32226320, -0.830419,    0,  998, -998, 0.00, 0.83, -0.83,  0,  0,  0
2586439.32476320, -1.459109,    0,  998, -998, 0.00, 0.83, -0.83,  0,  0,  0
2586439.32726320, -0.158212,    0,  998, -998, 0.00, 0.83, -0.83,  0,  0,  0
2586439.32976320, 0.706762,    0,  998, -998, 0.00, 0.83, -0.83,  0,  0,  0
2586439.33226320, 0.975347,    0,  998, -998, 0.00, 0.83, -0.83,  0,  0,  0
2586439.33476320, 1.243931,    0,  998, -998, 0.00, 0.83, -0.83,  0,  0,  0
2586439.33726320, 0.294273,    0,  998, -998, 0.00, 0.83, -0.83,  0,  0,  0
2586439.33976320, -0.741639,    0,  998, -998, 0.00, 0.83, -0.83,  0,  0,  0
2586439.34226320, -1.623808,    0,  998, -998, 0.00, 0.83, -0.83,  0,  0,  0
2586439.34476320, -1.456988,    0,  998, -998, 0.00, 0.83, -0.83,  0,  0,  0
2586439.34726320, -1.290167,    0,  998, -998, 0.00, 0.83, -0.83,  0,  0,  0
2586439.34976320, -1.123346,    0,  998, -998, 0.00, 0.83, -0.83,  0,  0,  0
2586439.35226320, 0.311457,    0,  998, -998, 0.00, 0.83, -0.83,  0,  0,  0
2586439.35476320, 1.126778,    0,  998, -998, 0.00, 0.83, -0.83,  0,  0,  0
2586439.35726320, 0.506559,    0,  998, -998, 0.00, 0.83, -0.83,  0,  0,  0
2586439.35976320, -0.755118,    0,  998, -998, 0.00, 0.83, -0.83,  0,  0,  0
2586439.36226320, -1.332534,    0,  998, -998, 0.00, 0.83, -0.83,  0,  0,  0
2586439.36476320, -0.951307,    0,  998, -998, 0.00, 0.83, -0.83,  0,  0,  0
2586439.36726320, -0.356779,    0,  998, -998, 0.00, 0.83, -0.83,  0,  0,  0
2586439.36976320, 0.573216,    0,  998, -998, 0.00, 0.83, -0.83,  0,  0,  0
2586439.37226320, 1.221497,    0,  998, -998, 0.00, 0.83, -0.83,  0,  0,  0
2586439.37476320, 0.973038,    0,  998, -998, 0.00, 0.83, -0.83,  0,  0,  0
2586439.37726320, 0.882629,    0,  998, -998, 0.00, 0.83, -0.83,  0,  0,  0
2586439.37976320, 0.690382,    0,  998, -998, 0.00, 0.83, -0.83,  0,  0,  0
2586439.38226320, 0.498135,    0,  998, -998, 0.00, 0.83, -0.83,  0,  0,  0
2586439.38476320, 0.305888,    0,  998, -998, 0.00, 0.83, -0.83,  0,  0,  0
2586439.38726320, 0.113641,    0,  998, -998, 0.00, 0.83, -0.83,  0,  0,  0
2586439.38976320, -0.078606,    0,  998, -998, 0.00, 0.83, -0.83,  0,  0,  0
2586439.39226320, 1.089634,    0,  998, -998, 0.00, 0.83, -0.83,  0,  0,  0
2586439.39476320, 0.808785,    0,  998, -998, 0.00, 0.83, -0.83,  0,  0,  0
2586439.39726320, 0.527936,    0,  998, -998, 0.00, 0.83, -0.83,  0,  0,  0
2586439.39976320, -0.353654,    0,  998, -998, 0.00, 0.83, -0.83,  0,  0,  0
2586439.40226320, -1.128061,    0,  998, -998, 0.00, 0.83, -0.83,  0,  0,  0
2586439.40476320, -0.895443,    0,  998, -998, 0.00, 0.83, -0.83,  0,  0,  0
2586439.40726320, -0.662825,    0,  998, -998, 0.00, 0.83, -0.83,  0,  0,  0
2586439.40976320, 1.203937,    0,  998, -998, 0.00, 0.83, -0.83,  0,  0,  0
2586439.41226320, 1.460894,    0,  998, -998, 0.00, 0.83, -0.83,  0,  0,  0
2586439.41476320, 1.123566,    0,  998, -998, 0.00, 0.83, -0.83,  0,  0,  0
2586439.41726320, 0.786238,    0,  998, -998, 0.00, 0.83, -0.83,  0,  0,  0
2586439.42226320, -1.174316,    0,  998, -998, 0.00, 0.83, -0.83,  0,  0,  0
2586439.42476320, -0.932372,    0,  998, -998, 0.00, 0.83, -0.83,  0,  0,  0
2586439.42726320, -0.149792,    0,  998, -998, 0.00, 0.83, -0.83,  0,  0,  0
2586439.42976320, 1.218927,    0,  998, -998, 0.00, 0.83, -0.83,  0,  0,  0
2586439.43226320, 1.282326,    0,  998, -998, 0.00, 0.83, -0.83,  0,  0,  0
2586439.43476320, 1.043868,    0,  998, -998, 0.00, 0.83, -0.83,  0,  0,  0
2586439.43726320, -0.185287,    0,  998, -998, 0.00, 0.83, -0.83,  0,  0,  0
2586439.43976320, -0.943296,    0,  998, -998, 0.00, 0.83, -0.83,  0,  0,  0
2586439.44226320, -1.265043,    0,  998, -998, 0.00, 0.83, -0.83,  0,  0,  0
2586439.44476320, -1.240282,    0,  998, -998, 0.00, 0.83, -0.83,  0,  0,  0
2586439.44726320, -1.119610,    0,  998, -998, 0.00, 0.83, -0.83,  0,  0,  0
2586439.44976320, -0.679427,    0,  998, -998, 0.00, 0.83, -0.83,  0,  0,  0
2586439.45226320, -0.180903,    0,  998, -998, 0.00, 0.83, -0.83,  0,  0,  0
2586439.45476320, 0.232965,    0,  998, -998, 0.00, 0.83, -0.83,  0,  0,  0
2586439.45726320, -0.598511,    0,  998, -998, 0.00, 0.83, -0.83,  0,  0,  0
2586439.45976320, -0.598511,    0,  998, -998, 0.00, 0.83, -0.83,  0,  0,  0
2586439.46226320, -0.852485,    0,  998, -998, 0.00, 0.83, -0.83,  0,  0,  0
2586439.46476320, -1.127420,    0,  998, -998, 0.00, 0.83, -0.83,  0,  0,  0
2586439.46726320, -1.382232,    0,  998, -998, 0.00, 0.83, -0.83,  0,  0,  0
2586439.46976320, 1.062437,    0,  998, -998, 0.00, 0.83, -0.83,  0,  0,  0
2586439.47476320, 0.602678,    0,  998, -998, 0.00, 0.83, -0.83,  0,  0,  0
2586439.47726320, 0.124837,    0,  998, -998, 0.00, 0.83, -0.83,  0,  0,  0
2586439.47976320, -1.491791,    0,  998, -998, 0.00, 0.83, -0.83,  0,  0,  0
2586439.48226320, -1.399830,    0,  998, -998, 0.00, 0.83, -0.83,  0,  0,  0
2586439.48476320, -1.134247,    0,  998, -998, 0.00, 0.83, -0.83,  0,  0,  0
2586439.48726320, -0.868664,    0,  998, -998, 0.00, 0.83, -0.83,  0,  0,  0
2586439.48976320, -0.160635,    0,  998, -998, 0.00, 0.83, -0.83,  0,  0,  0
2586439.49226320, 1.054729,    0,  998, -998, 0.00, 0.83, -0.83,  0,  0,  0
2586439.49476320, 0.695031,    0,  998, -998, 0.00, 0.83, -0.83,  0,  0,  0
2586439.49726320, -0.544298,    0,  998, -998, 0.00, 0.83, -0.83,  0,  0,  0
2586439.49976320, -1.155443,    0,  998, -998, 0.00, 0.83, -0.83,  0,  0,  0
2586439.50226320, -1.519882,    0,  998, -998, 0.00, 0.83, -0.83,  0,  0,  0
2586439.50476320, -1.169149,    0,  998, -998, 0.00, 0.83, -0.83,  0,  0,  0
2586439.50726320, -0.639667,    0,  998, -998, 0.00, 0.83, -0.83,  0,  0,  0
2586439.50976320, 0.689813,    0,  998, -998, 0.00, 0.83, -0.83,  0,  0,  0
2586439.51226320, 1.205469,    0,  998, -998, 0.00, 0.83, -0.83,  0,  0,  0
2586439.51476320, 1.148477,    0,  998, -998, 0.00, 0.83, -0.83,  0,  0,  0
2586439.51726320, 0.820766,    0,  998, -998, 0.00, 0.83, -0.83,  0,  0,  0
2586439.51976320, 0.012357,    0,  998, -998, 0.00, 0.83, -0.83,  0,  0,  0
2586439.52226320, -0.895744,    0,  998, -998, 0.00, 0.83, -0.83,  0,  0,  0
2586439.52476320, -0.798241,    0,  998, -998, 0.00, 0.83, -0.83,  0,  0,  0
2586439.52726320, -0.383766,    0,  998, -998, 0.00, 0.83, -0.83,  0,  0,  0
2586439.52976320, 0.409012,    0,  998, -998, 0.00, 0.83, -0.83,  0,  0,  0
2586439.53226320, 1.422052,    0,  998, -998, 0.00, 0.83, -0.83,  0,  0,  0
2586439.53476320, 1.059532,    0,  998, -998, 0.00, 0.83, -0.83,  0,  0,  0
2586439.53726320, 0.123206,    0,  998, -998, 0.00, 0.83, -0.83,  0,  0,  0
2586439.53976320, -0.610719,    0,  998, -998, 0.00, 0.83, -0.83,  0,  0,  0
2586439.54226320, -1.121606,    0,  998, -998, 0.00, 0.83, -0.83,  0,  0,  0
2586439.54476320, -1.234010,    0,  998, -998, 0.00, 0.83, -0.83,  0,  0,  0
2586439.54726320, 0.534715,    0,  998, -998, 0.00, 0.83, -0.83,  0,  0,  0
2586439.54976320, 0.557607,    0,  998, -998, 0.00, 0.83, -0.83,  0,  0,  0
2586439.55226320, 1.228547,    0,  998, -998, 0.00, 0.83, -0.83,  0,  0,  0
2586439.55476320, 0.973678,    0,  998, -998, 0.00, 0.83, -0.83,  0,  0,  0
2586439.55726320, 0.619131,    0,  998, -998, 0.00, 0.83, -0.83,  0,  0,  0
2586439.55976320, -0.410442,    0,  998, -998, 0.00, 0.83, -0.83,  0,  0,  0
2586439.56226320, -1.483804,    0,  998, -998, 0.00, 0.83, -0.83,  0,  0,  0
2586439.56476320, -1.047798,    0,  998, -998, 0.00, 0.83, -0.83,  0,  0,  0
2586439.56726320, 0.384270,    0,  998, -998, 0.00, 0.83, -0.83,  0,  0,  0
2586439.56976320, 1.370623,    0,  998, -998, 0.00, 0.83, -0.83,  0,  0,  0
2586439.57226320, 1.261690,    0,  998, -998, 0.00, 0.83, -0.83,  0,  0,  0
2586439.57476320, 0.755411,    0,  998, -998, 0.00, 0.83, -0.83,  0,  0,  0
2586439.57726320, -0.201116,    0,  998, -998, 0.00, 0.83, -0.83,  0,  0,  0
2586439.57976320, -1.021686,    0,  998, -998, 0.00, 0.83, -0.83,  0,  0,  0
2586439.58226320, -1.476212,    0,  998, -998, 0.00, 0.83, -0.83,  0,  0,  0
2586439.58476320, -1.137572,    0,  998, -998, 0.00, 0.83, -0.83,  0,  0,  0
2586439.58726320, -0.077657,    0,  998, -998, 0.00, 0.83, -0.83,  0,  0,  0
2586439.58976320, 0.764452,    0,  998, -998, 0.00, 0.83, -0.83,  0,  0,  0
2586439.59226320, 1.206221,    0,  998, -998, 0.00, 0.83, -0.83,  0,  0,  0
2586439.59476320, 0.756030,    0,  998, -998, 0.00, 0.83, -0.83,  0,  0,  0
2586439.59726320, -0.034003,    0,  998, -998, 0.00, 0.83, -0.83,  0,  0,  0
2586439.59976320, -0.785094,    0,  998, -998, 0.00, 0.83, -0.83,  0,  0,  0
2586439.60226320, -0.947540,    0,  998, -998, 0.00, 0.83, -0.83,  0,  0,  0
2586439.60476320, -0.987804,    0,  998, -998, 0.00, 0.83, -0.83,  0,  0,  0
2586439.60726320, 0.695077,    0,  998, -998, 0.00, 0.83, -0.83,  0,  0,  0
2586439.60976320, 0.695077,    0,  998, -998, 0.00, 0.83, -0.83,  0,  0,  0
2586439.61226320, 1.370739,    0,  998, -998, 0.00, 0.83, -0.83,  0,  0,  0
2586439.61476320, 0.329979,    0,  998, -998, 0.00, 0.83, -0.83,  0,  0,  0
2586439.61726320, -0.566438,    0,  998, -998, 0.00, 0.83, -0.83,  0,  0,  0
2586439.61976320, -1.074032,    0,  998, -998, 0.00, 0.83, -0.83,  0,  0,  0
2586439.62226320, -1.574569,    0,  998, -998, 0.00, 0.83, -0.83,  0,  0,  0
2586439.62476320, -0.461993,    0,  998, -998, 0.00, 0.83, -0.83,  0,  0,  0
2586439.62726320, 0.791295,    0,  998, -998, 0.00, 0.83, -0.83,  0,  0,  0
2586439.62976320, 1.155153,    0,  998, -998, 0.00, 0.83, -0.83,  0,  0,  0
2586439.63226320, 1.619053,    0,  998, -998, 0.00, 0.83, -0.83,  0,  0,  0
2586439.63726320, -0.060443,    0,  998, -998, 0.00, 0.83, -0.83,  0,  0,  0
2586439.63976320, -0.568960,    0,  998, -998, 0.00, 0.83, -0.83,  0,  0,  0
2586439.64226320, -1.024875,    0,  998, -998, 0.00, 0.83, -0.83,  0,  0,  0
2586439.64476320, -0.620730,    0,  998, -998, 0.00, 0.83, -0.83,  0,  0,  0
2586439.64726320, 0.646361,    0,  998, -998, 0.00, 0.83, -0.83,  0,  0,  0
2586439.64976320, 1.363823,    0,  998, -998, 0.00, 0.83, -0.83,  0,  0,  0
2586439.65226320, 1.298659,    0,  998, -998, 0.00, 0.83, -0.83,  0,  0,  0
2586439.65476320, 0.921990,    0,  998, -998, 0.00, 0.83, -0.83,  0,  0,  0
2586439.65726320, 0.254438,    0,  998, -998, 0.00, 0.83, -0.83,  0,  0,  0
2586439.65976320, -0.542574,    0,  998, -998, 0.00, 0.83, -0.83,  0,  0,  0
2586439.66226320, -1.124461,    0,  998, -998, 0.00, 0.83, -0.83,  0,  0,  0
2586439.66476320, -1.359374,    0,  998, -998, 0.00, 0.83, -0.83,  0,  0,  0
2586439.66726320, -0.026404,    0,  998, -998, 0.00, 0.83, -0.83,  0,  0,  0
2586439.66976320, 1.044130,    0,  998, -998, 0.00, 0.83, -0.83,  0,  0,  0
2586439.67226320, 1.085217,    0,  998, -998, 0.00, 0.83, -0.83,  0,  0,  0
2586439.67476320, 0.847120,    0,  998, -998, 0.00, 0.83, -0.83,  0,  0,  0
2586439.67726320, 0.115944,    0,  998, -998, 0.00, 0.83, -0.83,  0,  0,  0
2586439.67976320, -0.998050,    0,  998, -998, 0.00, 0.83, -0.83,  0,  0,  0
2586439.68226320, -1.643760,    0,  998, -998, 0.00, 0.83, -0.83,  0,  0,  0
2586439.68476320, -0.634115,    0,  998, -998, 0.00, 0.83, -0.83,  0,  0,  0
2586439.68726320, 0.359818,    0,  998, -998, 0.00, 0.83, -0.83,  0,  0,  0
2586439.68976320, 1.094880,    0,  998, -998, 0.00, 0.83, -0.83,  0,  0,  0
2586439.69226320, 0.855439,    0,  998, -998, 0.00, 0.83, -0.83,  0,  0,  0
2586439.69476320, 0.423534,    0,  998, -998, 0.00, 0.83, -0.83,  0,  0,  0
2586439.69726320, -0.766212,    0,  998, -998, 0.00, 0.83, -0.83,  0,  0,  0
2586439.69976320, -1.965022,    0,  998, -998, 0.00, 0.83, -0.83,  0,  0,  0
2586439.70226320, -1.795881,    0,  998, -998, 0.00, 0.83, -0.83,  0,  0,  0
2586439.70476320, -1.698606,    0,  998, -998, 0.00, 0.83, -0.83,  0,  0,  0
2586439.70726320, -0.429893,    0,  998, -998, 0.00, 0.83, -0.83,  0,  0,  0
2586439.70976320, 0.854017,    0,  998, -998, 0.00, 0.83, -0.83,  0,  0,  0
2586439.71226320, 1.224982,    0,  998, -998, 0.00, 0.83, -0.83,  0,  0,  0
2586439.71476320, 1.198614,    0,  998, -998, 0.00, 0.83, -0.83,  0,  0,  0
2586439.71726320, 0.963362,    0,  998, -998, 0.00, 0.83, -0.83,  0,  0,  0
2586439.71976320, 0.728110,    0,  998, -998, 0.00, 0.83, -0.83,  0,  0,  0
2586439.72226320, -1.582104,    0,  998, -998, 0.00, 0.83, -0.83,  0,  0,  0
2586439.72476320, -1.298699,    0,  998, -998, 0.00, 0.83, -0.83,  0,  0,  0
2586439.72726320, -0.555053,    0,  998, -998, 0.00, 0.83, -0.83,  0,  0,  0
2586439.72976320, 0.188593,    0,  998, -998, 0.00, 0.83, -0.83,  0,  0,  0
2586439.73226320, 0.965780,    0,  998, -998, 0.00, 0.83, -0.83,  0,  0,  0
2586439.73476320, 1.063502,    0,  998, -998, 0.00, 0.83, -0.83,  0,  0,  0
2586439.73726320, 0.012260,    0,  998, -998, 0.00, 0.83, -0.83,  0,  0,  0
2586439.73976320, -0.931172,    0,  998, -998, 0.00, 0.83, -0.83,  0,  0,  0
2586439.74226320, -1.300303,    0,  998, -998, 0.00, 0.83, -0.83,  0,  0,  0
2586439.74726320, 0.947392,    0,  998, -998, 0.00, 0.83, -0.83,  0,  0,  0
2586439.74976320, 1.571724,    0,  998, -998, 0.00, 0.83, -0.83,  0,  0,  0
2586439.75226320, 1.474270,    0,  998, -998, 0.00, 0.83, -0.83,  0,  0,  0
2586439.75476320, 0.884647,    0,  998, -998, 0.00, 0.83, -0.83,  0,  0,  0
2586439.75726320, -0.303185,    0,  998, -998, 0.00, 0.83, -0.83,  0,  0,  0
2586439.75976320, -1.485848,    0,  998, -998, 0.00, 0.83, -0.83,  0,  0,  0
2586439.76226320, -1.209766,    0,  998, -998, 0.00, 0.83, -0.83,  0,  0,  0
2586439.76476320, -0.698709,    0,  998, -998, 0.00, 0.83, -0.83,  0,  0,  0
2586439.76726320, -0.148787,    0,  998, -998, 0.00, 0.83, -0.83,  0,  0,  0
2586439.76976320, 1.432743,    0,  998, -998, 0.00, 0.83, -0.83,  0,  0,  0
2586439.77226320, 1.516732,    0,  998, -998, 0.00, 0.83, -0.83,  0,  0,  0
2586439.77476320, 1.599694,    0,  998, -998, 0.00, 0.83, -0.83,  0,  0,  0
2586439.77726320, 0.993733,    0,  998, -998, 0.00, 0.83, -0.83,  0,  0,  0
2586439.77976320, -0.160638,    0,  998, -998, 0.00, 0.83, -0.83,  0,  0,  0
2586439.78226320, -1.315009,    0,  998, -998, 0.00, 0.83, -0.83,  0,  0,  0
2586439.78476320, -0.331240,    0,  998, -998, 0.00, 0.83, -0.83,  0,  0,  0
2586439.78726320, -0.331240,    0,  998, -998, 0.00, 0.83, -0.83,  0,  0,  0
2586439.78976320, -0.331240,    0,  998, -998, 0.00, 0.83, -0.83,  0,  0,  0
2586439.79226320, 0.817862,    0,  998, -998, 0.00, 0.83, -0.83,  0,  0,  0
2586439.79476320, 0.607960,    0,  998, -998, 0.00, 0.83, -0.83,  0,  0,  0
2586439.79726320, -0.252117,    0,  998, -998, 0.00, 0.83, -0.83,  0,  0,  0
2586439.79976320, -1.272690,    0,  998, -998, 0.00, 0.83, -0.83,  0,  0,  0
2586439.80226320, -1.535691,    0,  998, -998, 0.00, 0.83, -0.83,  0,  0,  0
2586439.80476320, -0.865781,    0,  998, -998, 0.00, 0.83, -0.83,  0,  0,  0
2586439.80726320, -0.338027,    0,  998, -998, 0.00, 0.83, -0.83,  0,  0,  0
2586439.80976320, 0.973090,    0,  998, -998, 0.00, 0.83, -0.83,  0,  0,  0
2586439.81226320, 0.956462,    0,  998, -998, 0.00, 0.83, -0.83,  0,  0,  0
2586439.81476320, -0.009575,    0,  998, -998, 0.00, 0.83, -0.83,  0,  0,  0
2586439.81726320, -0.972695,    0,  998, -998, 0.00, 0.83, -0.83,  0,  0,  0
2586439.81976320, -1.635519,    0,  998, -998, 0.00, 0.83, -0.83,  0,  0,  0
2586439.82226320, -1.699199,    0,  998, -998, 0.00, 0.83, -0.83,  0,  0,  0
2586439.82476320, -1.026259,    0,  998, -998, 0.00, 0.83, -0.83,  0,  0,  0
2586439.82726320, -0.168562,    0,  998, -998, 0.00, 0.83, -0.83,  0,  0,  0
2586439.82976320, 0.903983,    0,  998, -998, 0.00, 0.83, -0.83,  0,  0,  0
2586439.83226320, 1.237227,    0,  998, -998, 0.00, 0.83, -0.83,  0,  0,  0
2586439.83476320, 0.727782,    0,  998, -998, 0.00, 0.83, -0.83,  0,  0,  0
2586439.83726320, 0.192413,    0,  998, -998, 0.00, 0.83, -0.83,  0,  0,  0
2586439.83976320, -0.350948,    0,  998, -998, 0.00, 0.83, -0.83,  0,  0,  0
2586439.84226320, -0.765043,    0,  998, -998, 0.00, 0.83, -0.83,  0,  0,  0
2586439.84476320, -0.523675,    0,  998, -998, 0.00, 0.83, -0.83,  0,  0,  0
2586439.84726320, -0.523675,    0,  998, -998, 0.00, 0.83, -0.83,  0,  0,  0
2586439.84976320, -0.311905,    0,  998, -998, 0.00, 0.83, -0.83,  0,  0,  0
2586439.85226320, 1.331032,    0,  998, -998, 0.00, 0.83, -0.83,  0,  0,  0
2586439.85476320, 1.224270,    0,  998, -998, 0.00, 0.83, -0.83,  0,  0,  0
2586439.85726320, 0.602566,    0,  998, -998, 0.00, 0.83, -0.83,  0,  0,  0
2586439.85976320, 0.104763,    0,  998, -998, 0.00, 0.83, -0.83,  0,  0,  0
2586439.86226320, -0.966248,    0,  998, -998, 0.00, 0.83, -0.83,  0,  0,  0
2586439.86476320, -0.737491,    0,  998, -998, 0.00, 0.83, -0.83,  0,  0,  0
2586439.86726320, 0.038601,    0,  998, -998, 0.00, 0.83, -0.83,  0,  0,  0
2586439.86976320, 1.172024,    0,  998, -998, 0.00, 0.83, -0.83,  0,  0,  0
2586439.87226320, 1.171515,    0,  998, -998, 0.00, 0.83, -0.83,  0,  0,  0
2586439.87476320, 0.534715,    0,  998, -998, 0.00, 0.83, -0.83,  0,  0,  0
2586439.87726320, 0.010382,    0,  998, -998, 0.00, 0.83, -0.83,  0,  0,  0
2586439.87976320, -0.884908,    0,  998, -998, 0.00, 0.83, -0.83,  0,  0,  0
2586439.88226320, -0.841911,    0,  998, -998, 0.00, 0.83, -0.83,  0,  0,  0
2586439.88476320, -0.384694,    0,  998, -998, 0.00, 0.83, -0.83,  0,  0,  0
2586439.88726320, 0.295292,    0,  998, -998, 0.00, 0.83, -0.83,  0,  0,  0
2586439.88976320, 1.251920,    0,  998, -998, 0.00, 0.83, -0.83,  0,  0,  0
2586439.89226320, 1.365241,    0,  998, -998, 0.00, 0.83, -0.83,  0,  0,  0
2586439.89476320, 0.583469,    0,  998, -998, 0.00, 0.83, -0.83,  0,  0,  0
2586439.89726320, -0.336594,    0,  998, -998, 0.00, 0.83, -0.83,  0,  0,  0
2586439.89976320, -0.748839,    0,  998, -998, 0.00, 0.83, -0.83,  0,  0,  0
2586439.90226320, -1.099966,    0,  998, -998, 0.00, 0.83, -0.83,  0,  0,  0
2586439.90476320, -1.351034,    0,  998, -998, 0.00, 0.83, -0.83,  0,  0,  0
2586439.90726320, -0.983386,    0,  998, -998, 0.00, 0.83, -0.83,  0,  0,  0
2586439.90976320, -0.105823,    0,  998, -998, 0.00, 0.83, -0.83,  0,  0,  0
2586439.91226320, 0.850126,    0,  998, -998, 0.00, 0.83, -0.83,  0,  0,  0
2586439.91476320, 0.775535,    0,  998, -998, 0.00, 0.83, -0.83,  0,  0,  0
2586439.91726320, -0.158003,    0,  998, -998, 0.00, 0.83, -0.83,  0,  0,  0
2586439.91976320, -1.389630,    0,  998, -998, 0.00, 0.83, -0.83,  0,  0,  0
2586439.92226320, -1.389630,    0,  998, -998, 0.00, 0.83, -0.83,  0,  0,  0
2586439.92476320, -0.613994,    0,  998, -998, 0.00, 0.83, -0.83,  0,  0,  0
2586439.92726320, 0.520641,    0,  998, -998, 0.00, 0.83, -0.83,  0,  0,  0
2586439.92976320, 0.994420,    0,  998, -998, 0.00, 0.83, -0.83,  0,  0,  0
2586439.93226320, 1.014498,    0,  998, -998, 0.00, 0.83, -0.83,  0,  0,  0
2586439.93476320, 0.352391,    0,  998, -998, 0.00, 0.83, -0.83,  0,  0,  0
2586439.93726320, -1.127701,    0,  998, -998, 0.00, 0.83, -0.83,  0,  0,  0
2586439.93976320, -1.368249,    0,  998, -998, 0.00, 0.83, -0.83,  0,  0,  0
2586439.94226320, -1.495574,    0,  998, -998, 0.00, 0.83, -0.83,  0,  0,  0
2586439.94726320, -0.077459,    0,  998, -998, 0.00, 0.83, -0.83,  0,  0,  0
2586439.94976320, 0.697994,    0,  998, -998, 0.00, 0.83, -0.83,  0,  0,  0
2586439.95226320, 0.757114,    0,  998, -998, 0.00, 0.83, -0.83,  0,  0,  0
2586439.95476320, 0.332212,    0,  998, -998, 0.00, 0.83, -0.83,  0,  0,  0
2586439.95726320, -0.401303,    0,  998, -998, 0.00, 0.83, -0.83,  0,  0,  0
2586439.95976320, -1.051348,    0,  998, -998, 0.00, 0.83, -0.83,  0,  0,  0
2586439.96226320, -1.198178,    0,  998, -998, 0.00, 0.83, -0.83,  0,  0,  0
2586439.96476320, -0.781029,    0,  998, -998, 0.00, 0.83, -0.83,  0,  0,  0
2586439.96726320, -0.227856,    0,  998, -998, 0.00, 0.83, -0.83,  0,  0,  0
2586439.96976320, 0.120879,    0,  998, -998, 0.00, 0.83, -0.83,  0,  0,  0
2586439.97226320, 0.469613,    0,  998, -998, 0.00, 0.83, -0.83,  0,  0,  0
2586439.97476320, 0.818348,    0,  998, -998, 0.00, 0.83, -0.83,  0,  0,  0
2586439.97726320, 0.925099,    0,  998, -998, 0.00, 0.83, -0.83,  0,  0,  0
2586439.97976320, -0.627960,    0,  998, -998, 0.00, 0.83, -0.83,  0,  0,  0
2586439.98226320, -1.457333,    0,  998, -998, 0.00, 0.83, -0.83,  0,  0,  0
2586439.98476320, -1.287656,    0,  998, -998, 0.00, 0.83, -0.83,  0,  0,  0
2586439.98726320, 0.035675,    0,  998, -998, 0.00, 0.83, -0.83,  0,  0,  0
2586439.98976320, 1.016847,    0,  998, -998, 0.00, 0.83, -0.83,  0,  0,  0
2586439.99226320, 1.368433,    0,  998, -998, 0.00, 0.83, -0.83,  0,  0,  0
2586439.99476320, 0.912493,    0,  998, -998, 0.00, 0.83, -0.83,  0,  0,  0
2586439.99726320, 0.085968,    0,  998, -998, 0.00, 0.83, -0.83,  0,  0,  0
2586439.99976320, -0.856880,    0,  998, -998, 0.00, 0.83, -0.83,  0,  0,  0
2586440.00226320, -1.090288,    0,  998, -998, 0.00, 0.83, -0.83,  0,  0,  0
2586440.00476320, -0.686664,    0,  998, -998, 0.00, 0.83, -0.83,  0,  0,  0
2586440.00726320, 0.420060,    0,  998, -998, 0.00, 0.83, -0.83,  0,  0,  0
2586440.00976320, 1.238857,    0,  998, -998, 0.00, 0.83, -0.83,  0,  0,  0
2586440.01226320, 1.113316,    0,  998, -998, 0.00, 0.83, -0.83,  0,  0,  0
2586440.01476320, 0.111450,    0,  998, -998, 0.00, 0.83, -0.83,  0,  0,  0
2586440.01726320, -0.737491,    0,  998, -998, 0.00, 0.83, -0.83,  0,  0,  0
2586440.01976320, -1.006514,    0,  998, -998, 0.00, 0.83, -0.83,  0,  0,  0
2586440.02226320, -1.529406,    0,  998, -998, 0.00, 0.83, -0.83,  0,  0,  0
2586440.02476320, -0.682956,    0,  998, -998, 0.00, 0.83, -0.83,  0,  0,  0
2586440.02726320, 0.208856,    0,  998, -998, 0.00, 0.83, -0.83,  0,  0,  0
2586440.02976320, 0.949497,    0,  998, -998, 0.00, 0.83, -0.83,  0,  0,  0
2586440.03226320, 1.265193,    0,  998, -998, 0.00, 0.83, -0.83,  0,  0,  0
2586440.03476320, 1.234005,    0,  998, -998, 0.00, 0.83, -0.83,  0,  0,  0
2586440.03726320, 0.790401,    0,  998, -998, 0.00, 0.83, -0.83,  0,  0,  0
2586440.03976320, -0.776800,    0,  998, -998, 0.00, 0.83, -0.83,  0,  0,  0
2586440.04226320, -0.991423,    0,  998, -998, 0.00, 0.83, -0.83,  0,  0,  0
2586440.04476320, -1.152505,    0,  998, -998, 0.00, 0.83, -0.83,  0,  0,  0
2586440.04726320, -1.210655,    0,  998, -998, 0.00, 0.83, -0.83,  0,  0,  0
2586440.04976320, 0.913055,    0,  998, -998, 0.00, 0.83, -0.83,  0,  0,  0
2586440.05226320, 1.384232,    0,  998, -998, 0.00, 0.83, -0.83,  0,  0,  0
2586440.05476320, 0.546000,    0,  998, -998, 0.00, 0.83, -0.83,  0,  0,  0
2586440.05726320, -0.812327,    0,  998, -998, 0.00, 0.83, -0.83,  0,  0,  0
2586440.05976320, -1.087327,    0,  998, -998, 0.00, 0.83, -0.83,  0,  0,  0
2586440.06226320, -1.311224,    0,  998, -998, 0.00, 0.83, -0.83,  0,  0,  0
2586440.06476320, -0.520150,    0,  998, -998, 0.00, 0.83, -0.83,  0,  0,  0
2586440.06726320, 0.310208,    0,  998, -998, 0.00, 0.83, -0.83,  0,  0,  0
2586440.06976320, 0.557837,    0,  998, -998, 0.00, 0.83, -0.83,  0,  0,  0
2586440.07476320, 0.002821,    0,  998, -998, 0.00, 0.83, -0.83,  0,  0,  0
2586440.07726320, -0.812327,    0,  998, -998, 0.00, 0.83, -0.83,  0,  0,  0
2586440.07976320, -1.136267,    0,  998, -998, 0.00, 0.83, -0.83,  0,  0,  0
2586440.08226320, -1.267672,    0,  998, -998, 0.00, 0.83, -0.83,  0,  0,  0
2586440.08476320, -0.461105,    0,  998, -998, 0.00, 0.83, -0.83,  0,  0,  0
2586440.08726320, 0.355712,    0,  998, -998, 0.00, 0.83, -0.83,  0,  0,  0
2586440.08976320, 1.217885,    0,  998, -998, 0.00, 0.83, -0.83,  0,  0,  0
2586440.09226320, 1.090637,    0,  998, -998, 0.00, 0.83, -0.83,  0,  0,  0
2586440.09476320, 0.930009,    0,  998, -998, 0.00, 0.83, -0.83,  0,  0,  0
2586440.09726320, 0.213415,    0,  998, -998, 0.00, 0.83, -0.83,  0,  0,  0
2586440.09976320, -0.459746,    0,  998, -998, 0.00, 0.83, -0.83,  0,  0,  0
2586440.10226320, -0.921625,    0,  998, -998, 0.00, 0.83, -0.83,  0,  0,  0
2586440.10476320, -1.037758,    0,  998, -998, 0.00, 0.83, -0.83,  0,  0,  0
2586440.10726320, -0.723590,    0,  998, -998, 0.00, 0.83, -0.83,  0,  0,  0
2586440.10976320, 0.363128,    0,  998, -998, 0.00, 0.83, -0.83,  0,  0,  0
2586440.11226320, 1.530981,    0,  998, -998, 0.00, 0.83, -0.83,  0,  0,  0
2586440.11476320, 0.542875,    0,  998, -998, 0.00, 0.83, -0.83,  0,  0,  0
2586440.11726320, -0.716109,    0,  998, -998, 0.00, 0.83, -0.83,  0,  0,  0
2586440.11976320, -1.138509,    0,  998, -998, 0.00, 0.83, -0.83,  0,  0,  0
2586440.12226320, -1.262055,    0,  998, -998, 0.00, 0.83, -0.83,  0,  0,  0
2586440.12476320, -0.127976,    0,  998, -998, 0.00, 0.83, -0.83,  0,  0,  0
2586440.12726320, 1.047874,    0,  998, -998, 0.00, 0.83, -0.83,  0,  0,  0
2586440.12976320, 1.098935,    0,  998, -998, 0.00, 0.83, -0.83,  0,  0,  0
2586440.13226320, 1.127499,    0,  998, -998, 0.00, 0.83, -0.83,  0,  0,  0
2586440.13476320, 0.378934,    0,  998, -998, 0.00, 0.83, -0.83,  0,  0,  0
2586440.13726320, -0.630583,    0,  998, -998, 0.00, 0.83, -0.83,  0,  0,  0
2586440.13976320, -1.042761,    0,  998, -998, 0.00, 0.83, -0.83,  0,  0,  0
2586440.14226320, -1.596536,    0,  998, -998, 0.00, 0.83, -0.83,  0,  0,  0
2586440.14476320, -0.338010,    0,  998, -998, 0.00, 0.83, -0.83,  0,  0,  0
2586440.14726320, 0.668135,    0,  998, -998, 0.00, 0.83, -0.83,  0,  0,  0
2586440.14976320, 1.018383,    0,  998, -998, 0.00, 0.83, -0.83,  0,  0,  0
2586440.15226320, 1.058070,    0,  998, -998, 0.00, 0.83, -0.83,  0,  0,  0
2586440.15476320, 0.425390,    0,  998, -998, 0.00, 0.83, -0.83,  0,  0,  0
2586440.15726320, -0.387230,    0,  998, -998, 0.00, 0.83, -0.83,  0,  0,  0
2586440.15976320, -1.067468,    0,  998, -998, 0.00, 0.83, -0.83,  0,  0,  0
2586440.16226320, -1.469172,    0,  998, -998, 0.00, 0.83, -0.83,  0,  0,  0
2586440.16476320, -0.994204,    0,  998, -998, 0.00, 0.83, -0.83,  0,  0,  0
2586440.16726320, -0.187993,    0,  998, -998, 0.00, 0.83, -0.83,  0,  0,  0
2586440.16976320, 0.323092,    0,  998, -998, 0.00, 0.83, -0.83,  0,  0,  0
2586440.17226320, 0.916791,    0,  998, -998, 0.00, 0.83, -0.83,  0,  0,  0
2586440.17476320, 1.074247,    0,  998, -998, 0.00, 0.83, -0.83,  0,  0,  0
2586440.17726320, 0.486284,    0,  998, -998, 0.00, 0.83, -0.83,  0,  0,  0
2586440.17976320, -0.824674,    0,  998, -998, 0.00, 0.83, -0.83,  0,  0,  0
2586440.18476320, -0.967374,    0,  998, -998, 0.00, 0.83, -0.83,  0,  0,  0
2586440.18726320, 0.501922,    0,  998, -998, 0.00, 0.83, -0.83,  0,  0,  0
2586440.18976320, 1.262883,    0,  998, -998, 0.00, 0.83, -0.83,  0,  0,  0
2586440.19226320, 0.994420,    0,  998, -998, 0.00, 0.83, -0.83,  0,  0,  0
2586440.19476320, 0.605503,    0,  998, -998, 0.00, 0.83, -0.83,  0,  0,  0
2586440.19726320, -0.536714,    0,  998, -998, 0.00, 0.83, -0.83,  0,  0,  0
2586440.19976320, -1.244399,    0,  998, -998, 0.00, 0.83, -0.83,  0,  0,  0
2586440.20226320, -1.448209,    0,  998, -998, 0.00, 0.83, -0.83,  0,  0,  0
2586440.20476320, -1.019978,    0,  998, -998, 0.00, 0.83, -0.83,  0,  0,  0
2586440.20726320, 0.303987,    0,  998, -998, 0.00, 0.83, -0.83,  0,  0,  0
2586440.20976320, 1.189155,    0,  998, -998, 0.00, 0.83, -0.83,  0,  0,  0
2586440.21226320, 1.208236,    0,  998, -998, 0.00, 0.83, -0.83,  0,  0,  0
2586440.21476320, 1.208236,    0,  998, -998, 0.00, 0.83, -0.83,  0,  0,  0
2586440.21726320, 0.687464,    0,  998, -998, 0.00, 0.83, -0.83,  0,  0,  0
2586440.21976320, -0.520451,    0,  998, -998, 0.00, 0.83, -0.83,  0,  0,  0
2586440.22226320, -0.896409,    0,  998, -998, 0.00, 0.83, -0.83,  0,  0,  0
2586440.22476320, -1.035052,    0,  998, -998, 0.00, 0.83, -0.83,  0,  0,  0
2586440.22726320, 0.630932,    0,  998, -998, 0.00, 0.83, -0.83,  0,  0,  0
2586440.22976320, 0.630932,    0,  998, -998, 0.00, 0.83, -0.83,  0,  0,  0
2586440.23226320, 1.122669,    0,  998, -998, 0.00, 0.83, -0.83,  0,  0,  0
2586440.23476320, 1.002752,    0,  998, -998, 0.00, 0.83, -0.83,  0,  0,  0
2586440.23726320, -0.155808,    0,  998, -998, 0.00, 0.83, -0.83,  0,  0,  0
2586440.23976320, -1.170606,    0,  998, -998, 0.00, 0.83, -0.83,  0,  0,  0
2586440.24226320, -1.381648,    0,  998, -998, 0.00, 0.83, -0.83,  0,  0,  0
2586440.24476320, -0.291421,    0,  998, -998, 0.00, 0.83, -0.83,  0,  0,  0
2586440.24726320, 0.852058,    0,  998, -998, 0.00, 0.83, -0.83,  0,  0,  0
2586440.24976320, 1.675752,    0,  998, -998, 0.00, 0.83, -0.83,  0,  0,  0
2586440.25226320, 1.732086,    0,  998, -998, 0.00, 0.83, -0.83,  0,  0,  0
2586440.25476320, 1.012081,    0,  998, -998, 0.00, 0.83, -0.83,  0,  0,  0
2586440.25726320, -0.127864,    0,  998, -998, 0.00, 0.83, -0.83,  0,  0,  0
2586440.25976320, -0.845461,    0,  998, -998, 0.00, 0.83, -0.83,  0,  0,  0
2586440.26226320, -1.049706,    0,  998, -998, 0.00, 0.83, -0.83,  0,  0,  0
2586440.26476320, -0.577129,    0,  998, -998, 0.00, 0.83, -0.83,  0,  0,  0
2586440.26726320, -0.577129,    0,  998, -998, 0.00, 0.83, -0.83,  0,  0,  0
2586440.26976320, 0.628899,    0,  998, -998, 0.00, 0.83, -0.83,  0,  0,  0
2586440.27226320, 1.211294,    0,  998, -998, 0.00, 0.83, -0.83,  0,  0,  0
2586440.27476320, 1.081719,    0,  998, -998, 0.00, 0.83, -0.83,  0,  0,  0
2586440.27726320, 0.438679,    0,  998, -998, 0.00, 0.83, -0.83,  0,  0,  0
2586440.27976320, -0.211482,    0,  998, -998, 0.00, 0.83, -0.83,  0,  0,  0
2586440.28226320, -1.402098,    0,  998, -998, 0.00, 0.83, -0.83,  0,  0,  0
2586440.28476320, -0.758801,    0,  998, -998, 0.00, 0.83, -0.83,  0,  0,  0
2586440.28726320, -0.031278,    0,  998, -998, 0.00, 0.83, -0.83,  0,  0,  0
2586440.28976320, 0.653516,    0,  998, -998, 0.00, 0.83, -0.83,  0,  0,  0
2586440.29226320, 0.850773,    0,  998, -998, 0.00, 0.83, -0.83,  0,  0,  0
2586440.29476320, 0.858715,    0,  998, -998, 0.00, 0.83, -0.83,  0,  0,  0
2586440.29726320, -0.827317,    0,  998, -998, 0.00, 0.83, -0.83,  0,  0,  0
2586440.29976320, -1.870717,    0,  998, -998, 0.00, 0.83, -0.83,  0,  0,  0
2586440.30226320, -1.733227,    0,  998, -998, 0.00, 0.83, -0.83,  0,  0,  0
2586440.30476320, -0.805553,    0,  998, -998, 0.00, 0.83, -0.83,  0,  0,  0
2586440.30726320, 0.269063,    0,  998, -998, 0.00, 0.83, -0.83,  0,  0,  0
2586440.30976320, 0.962348,    0,  998, -998, 0.00, 0.83, -0.83,  0,  0,  0
2586440.31226320, 0.962348,    0,  998, -998, 0.00, 0.83, -0.83,  0,  0,  0
2586440.31476320, 0.525691,    0,  998, -998, 0.00, 0.83, -0.83,  0,  0,  0
2586440.31726320, -0.600420,    0,  998, -998, 0.00, 0.83, -0.83,  0,  0,  0
2586440.31976320, -1.421703,    0,  998, -998, 0.00, 0.83, -0.83,  0,  0,  0
2586440.32226320, -1.469812,    0,  998, -998, 0.00, 0.83, -0.83,  0,  0,  0
2586440.32476320, -0.914801,    0,  998, -998, 0.00, 0.83, -0.83,  0,  0,  0
2586440.32726320, -0.086377,    0,  998, -998, 0.00, 0.83, -0.83,  0,  0,  0
2586440.32976320, 0.615426,    0,  998, -998, 0.00, 0.83, -0.83,  0,  0,  0
2586440.33226320, 1.006570,    0,  998, -998, 0.00, 0.83, -0.83,  0,  0,  0
2586440.33476320, 0.707837,    0,  998, -998, 0.00, 0.83, -0.83,  0,  0,  0
2586440.33726320, -0.095282,    0,  998, -998, 0.00, 0.83, -0.83,  0,  0,  0
2586440.33976320, -0.621080,    0,  998, -998, 0.00, 0.83, -0.83,  0,  0,  0
2586440.34226320, -0.911195,    0,  998, -998, 0.00, 0.83, -0.83,  0,  0,  0
2586440.34476320, -1.049792,    0,  998, -998, 0.00, 0.83, -0.83,  0,  0,  0
2586440.34726320, -0.643197,    0,  998, -998, 0.00, 0.83, -0.83,  0,  0,  0
2586440.34976320, -0.142526,    0,  998, -998, 0.00, 0.83, -0.83,  0,  0,  0
2586440.35226320, 0.358144,    0,  998, -998, 0.00, 0.83, -0.83,  0,  0,  0
2586440.35476320, 0.278136,    0,  998, -998, 0.00, 0.83, -0.83,  0,  0,  0
2586440.35726320, 0.187581,    0,  998, -998, 0.00, 0.83, -0.83,  0,  0,  0
2586440.35976320, -1.004761,    0,  998, -998, 0.00, 0.83, -0.83,  0,  0,  0
2586440.36226320, -1.004761,    0,  998, -998, 0.00, 0.83, -0.83,  0,  0,  0
2586440.36476320, -0.147868,    0,  998, -998, 0.00, 0.83, -0.83,  0,  0,  0
2586440.36726320, 0.955502,    0,  998, -998, 0.00, 0.83, -0.83,  0,  0,  0
2586440.36976320, 1.261690,    0,  998, -998, 0.00, 0.83, -0.83,  0,  0,  0
2586440.37226320, 1.246611,    0,  998, -998, 0.00, 0.83, -0.83,  0,  0,  0
2586440.37476320, 0.769495,    0,  998, -998, 0.00, 0.83, -0.83,  0,  0,  0
2586440.37726320, -0.020654,    0,  998, -998, 0.00, 0.83, -0.83,  0,  0,  0
2586440.37976320, -0.776019,    0,  998, -998, 0.00, 0.83, -0.83,  0,  0,  0
2586440.38476320, -0.299168,    0,  998, -998, 0.00, 0.83, -0.83,  0,  0,  0
2586440.38726320, 0.334964,    0,  998, -998, 0.00, 0.83, -0.83,  0,  0,  0
2586440.38976320, 1.321408,    0,  998, -998, 0.00, 0.83, -0.83,  0,  0,  0
2586440.39226320, 1.552625,    0,  998, -998, 0.00, 0.83, -0.83,  0,  0,  0
2586440.39476320, 0.932488,    0,  998, -998, 0.00, 0.83, -0.83,  0,  0,  0
2586440.39726320, -0.366789,    0,  998, -998, 0.00, 0.83, -0.83,  0,  0,  0
2586440.39976320, -1.062138,    0,  998, -998, 0.00, 0.83, -0.83,  0,  0,  0
2586440.40226320, -1.091004,    0,  998, -998, 0.00, 0.83, -0.83,  0,  0,  0
2586440.40476320, -0.267096,    0,  998, -998, 0.00, 0.83, -0.83,  0,  0,  0
2586440.40726320, -0.151223,    0,  998, -998, 0.00, 0.83, -0.83,  0,  0,  0
2586440.40976320, 0.667779,    0,  998, -998, 0.00, 0.83, -0.83,  0,  0,  0
2586440.41226320, 0.867904,    0,  998, -998, 0.00, 0.83, -0.83,  0,  0,  0
2586440.41476320, 0.400042,    0,  998, -998, 0.00, 0.83, -0.83,  0,  0,  0
2586440.41726320, -0.621633,    0,  998, -998, 0.00, 0.83, -0.83,  0,  0,  0
2586440.41976320, -0.983390,    0,  998, -998, 0.00, 0.83, -0.83,  0,  0,  0
2586440.42226320, -1.141080,    0,  998, -998, 0.00, 0.83, -0.83,  0,  0,  0
2586440.42476320, -0.523675,    0,  998, -998, 0.00, 0.83, -0.83,  0,  0,  0
2586440.42726320, -0.523675,    0,  998, -998, 0.00, 0.83, -0.83,  0,  0,  0
2586440.42976320, 0.618448,    0,  998, -998, 0.00, 0.83, -0.83,  0,  0,  0
2586440.43226320, 0.879582,    0,  998, -998, 0.00, 0.83, -0.83,  0,  0,  0
2586440.43476320, -0.053279,    0,  998, -998, 0.00, 0.83, -0.83,  0,  0,  0
2586440.43726320, -0.576277,    0,  998, -998, 0.00, 0.83, -0.83,  0,  0,  0
2586440.43976320, -1.505058,    0,  998, -998, 0.00, 0.83, -0.83,  0,  0,  0
2586440.44226320, -1.117487,    0,  998, -998, 0.00, 0.83, -0.83,  0,  0,  0
2586440.44476320, -0.662655,    0,  998, -998, 0.00, 0.83, -0.83,  0,  0,  0
2586440.44726320, -0.070333,    0,  998, -998, 0.00, 0.83, -0.83,  0,  0,  0
2586440.44976320, 0.904231,    0,  998, -998, 0.00, 0.83, -0.83,  0,  0,  0
2586440.45226320, 0.829324,    0,  998, -998, 0.00, 0.83, -0.83,  0,  0,  0
2586440.45476320, 0.171228,    0,  998, -998, 0.00, 0.83, -0.83,  0,  0,  0
2586440.45726320, -0.382554,    0,  998, -998, 0.00, 0.83, -0.83,  0,  0,  0
2586440.45976320, -1.168790,    0,  998, -998, 0.00, 0.83, -0.83,  0,  0,  0
2586440.46226320, -1.611078,    0,  998, -998, 0.00, 0.83, -0.83,  0,  0,  0
2586440.46476320, -1.038182,    0,  998, -998, 0.00, 0.83, -0.83,  0,  0,  0
2586440.46726320, 0.280338,    0,  998, -998, 0.00, 0.83, -0.83,  0,  0,  0
2586440.46976320, 0.721346,    0,  998, -998, 0.00, 0.83, -0.83,  0,  0,  0
2586440.47226320, 0.873354,    0,  998, -998, 0.00, 0.83, -0.83,  0,  0,  0
2586440.47476320, 0.864699,    0,  998, -998, 0.00, 0.83, -0.83,  0,  0,  0
2586440.47726320, 0.479387,    0,  998, -998, 0.00, 0.83, -0.83,  0,  0,  0
2586440.47976320, -0.897853,    0,  998, -998, 0.00, 0.83, -0.83,  0,  0,  0
2586440.48226320, -0.897853,    0,  998, -998, 0.00, 0.83, -0.83,  0,  0,  0
2586440.48476320, -0.897853,    0,  998, -998, 0.00, 0.83, -0.83,  0,  0,  0
2586440.48726320, -0.223601,    0,  998, -998, 0.00, 0.83, -0.83,  0,  0,  0
2586440.48976320, 0.474615,    0,  998, -998, 0.00, 0.83, -0.83,  0,  0,  0
2586440.49226320, 0.897611,    0,  998, -998, 0.00, 0.83, -0.83,  0,  0,  0
2586440.49476320, 0.831588,    0,  998, -998, 0.00, 0.83, -0.83,  0,  0,  0
2586440.49726320, -0.025917,    0,  998, -998, 0.00, 0.83, -0.83,  0,  0,  0
2586440.49976320, -1.536648,    0,  998, -998, 0.00, 0.83, -0.83,  0,  0,  0
2586440.50226320, -0.998706,    0,  998, -998, 0.00, 0.83, -0.83,  0,  0,  0
2586440.50476320, 0.203300,    0,  998, -998, 0.00, 0.83, -0.83,  0,  0,  0
2586440.50726320, 0.756516,    0,  998, -998, 0.00, 0.83, -0.83,  0,  0,  0
2586440.51226320, 1.270867,    0,  998, -998, 0.00, 0.83, -0.83,  0,  0,  0
2586440.51476320, 0.256754,    0,  998, -998, 0.00, 0.83, -0.83,  0,  0,  0
2586440.51726320, -0.578665,    0,  998, -998, 0.00, 0.83, -0.83,  0,  0,  0
2586440.51976320, -1.351606,    0,  998, -998, 0.00, 0.83, -0.83,  0,  0,  0
2586440.52226320, -1.674569,    0,  998, -998, 0.00, 0.83, -0.83,  0,  0,  0
2586440.52476320, 0.042938,    0,  998, -998, 0.00, 0.83, -0.83,  0,  0,  0
2586440.52726320, 0.494714,    0,  998, -998, 0.00, 0.83, -0.83,  0,  0,  0
2586440.52976320, 0.931541,    0,  998, -998, 0.00, 0.83, -0.83,  0,  0,  0
2586440.53226320, 1.001759,    0,  998, -998, 0.00, 0.83, -0.83,  0,  0,  0
2586440.53476320, 1.071976,    0,  998, -998, 0.00, 0.83, -0.83,  0,  0,  0
2586440.53726320, 1.142194,    0,  998, -998, 0.00, 0.83, -0.83,  0,  0,  0
2586440.53976320, -1.278811,    0,  998, -998, 0.00, 0.83, -0.83,  0,  0,  0
2586440.54226320, -1.490938,    0,  998, -998, 0.00, 0.83, -0.83,  0,  0,  0
2586440.54476320, -1.212367,    0,  998, -998, 0.00, 0.83, -0.83,  0,  0,  0
2586440.54726320, -0.543146,    0,  998, -998, 0.00, 0.83, -0.83,  0,  0,  0
2586440.54976320, 1.101328,    0,  998, -998, 0.00, 0.83, -0.83,  0,  0,  0
2586440.55226320, 1.000558,    0,  998, -998, 0.00, 0.83, -0.83,  0,  0,  0
2586440.55476320, 0.349085,    0,  998, -998, 0.00, 0.83, -0.83,  0,  0,  0
2586440.55726320, -0.441681,    0,  998, -998, 0.00, 0.83, -0.83,  0,  0,  0
2586440.55976320, -1.064119,    0,  998, -998, 0.00, 0.83, -0.83,  0,  0,  0
2586440.56226320, -1.320255,    0,  998, -998, 0.00, 0.83, -0.83,  0,  0,  0
2586440.56476320, -0.829102,    0,  998, -998, 0.00, 0.83, -0.83,  0,  0,  0
2586440.56726320, 0.511603,    0,  998, -998, 0.00, 0.83, -0.83,  0,  0,  0
2586440.56976320, 1.427721,    0,  998, -998, 0.00, 0.83, -0.83,  0,  0,  0
2586440.57226320, 1.090354,    0,  998, -998, 0.00, 0.83, -0.83,  0,  0,  0
2586440.57476320, 0.328824,    0,  998, -998, 0.00, 0.83, -0.83,  0,  0,  0
2586440.57726320, -0.898953,    0,  998, -998, 0.00, 0.83, -0.83,  0,  0,  0
2586440.57976320, -1.455178,    0,  998, -998, 0.00, 0.83, -0.83,  0,  0,  0
2586440.58226320, -1.165100,    0,  998, -998, 0.00, 0.83, -0.83,  0,  0,  0
2586440.58476320, -0.502937,    0,  998, -998, 0.00, 0.83, -0.83,  0,  0,  0
2586440.58726320, 0.695107,    0,  998, -998, 0.00, 0.83, -0.83,  0,  0,  0
2586440.58976320, 1.152020,    0,  998, -998, 0.00, 0.83, -0.83,  0,  0,  0
2586440.59226320, 1.249428,    0,  998, -998, 0.00, 0.83, -0.83,  0,  0,  0
2586440.59476320, 1.346835,    0,  998, -998, 0.00, 0.83, -0.83,  0,  0,  0
2586440.59726320, 1.444243,    0,  998, -998, 0.00, 0.83, -0.83,  0,  0,  0
2586440.59976320, 1.482475,    0,  998, -998, 0.00, 0.83, -0.83,  0,  0,  0
2586440.60226320, -0.844399,    0,  998, -998, 0.00, 0.83, -0.83,  0,  0,  0
2586440.60476320, -0.844399,    0,  998, -998, 0.00, 0.83, -0.83,  0,  0,  0
2586440.60726320, -0.840999,    0,  998, -998, 0.00, 0.83, -0.83,  0,  0,  0
2586440.60976320, 0.093141,    0,  998, -998, 0.00, 0.83, -0.83,  0,  0,  0
2586440.61226320, 1.251108,    0,  998, -998, 0.00, 0.83, -0.83,  0,  0,  0
2586440.61476320, 0.689334,    0,  998, -998, 0.00, 0.83, -0.83,  0,  0,  0
2586440.61726320, -0.299168,    0,  998, -998, 0.00, 0.83, -0.83,  0,  0,  0
2586440.61976320, -0.458047,    0,  998, -998, 0.00, 0.83, -0.83,  0,  0,  0
2586440.62226320, -1.108739,    0,  998, -998, 0.00, 0.83, -0.83,  0,  0,  0
2586440.62476320, -0.597098,    0,  998, -998, 0.00, 0.83, -0.83,  0,  0,  0
2586440.62726320, 0.267479,    0,  998, -998, 0.00, 0.83, -0.83,  0,  0,  0
2586440.62976320, 0.955802,    0,  998, -998, 0.00, 0.83, -0.83,  0,  0,  0
2586440.63226320, 0.919584,    0,  998, -998, 0.00, 0.83, -0.83,  0,  0,  0
2586440.63476320, 0.683512,    0,  998, -998, 0.00, 0.83, -0.83,  0,  0,  0
2586440.63726320, -0.474235,    0,  998, -998, 0.00, 0.83, -0.83,  0,  0,  0
2586440.64226320, -1.109437,    0,  998, -998, 0.00, 0.83, -0.83,  0,  0,  0
2586440.64476320, -0.637422,    0,  998, -998, 0.00, 0.83, -0.83,  0,  0,  0
2586440.64726320, 0.610620,    0,  998, -998, 0.00, 0.83, -0.83,  0,  0,  0
2586440.64976320, 1.572123,    0,  998, -998, 0.00, 0.83, -0.83,  0,  0,  0
2586440.65226320, 1.325835,    0,  998, -998, 0.00, 0.83, -0.83,  0,  0,  0
2586440.65476320, 1.121786,    0,  998, -998, 0.00, 0.83, -0.83,  0,  0,  0
2586440.65726320, 0.436875,    0,  998, -998, 0.00, 0.83, -0.83,  0,  0,  0
2586440.65976320, -0.934318,    0,  998, -998, 0.00, 0.83, -0.83,  0,  0,  0
2586440.66226320, -1.261970,    0,  998, -998, 0.00, 0.83, -0.83,  0,  0,  0
2586440.66476320, -1.425278,    0,  998, -998, 0.00, 0.83, -0.83,  0,  0,  0
2586440.66726320, 0.107847,    0,  998, -998, 0.00, 0.83, -0.83,  0,  0,  0
2586440.66976320, 1.462614,    0,  998, -998, 0.00, 0.83, -0.83,  0,  0,  0
2586440.67226320, 1.716894,    0,  998, -998, 0.00, 0.83, -0.83,  0,  0,  0
2586440.67476320, 1.115200,    0,  998, -998, 0.00, 0.83, -0.83,  0,  0,  0
2586440.67726320, -0.202951,    0,  998, -998, 0.00, 0.83, -0.83,  0,  0,  0
2586440.67976320, -0.718423,    0,  998, -998, 0.00, 0.83, -0.83,  0,  0,  0
2586440.68226320, -1.583034,    0,  998, -998, 0.00, 0.83, -0.83,  0,  0,  0
2586440.68476320, -0.813042,    0,  998, -998, 0.00, 0.83, -0.83,  0,  0,  0
2586440.68726320, 0.374353,    0,  998, -998, 0.00, 0.83, -0.83,  0,  0,  0
2586440.68976320, 0.537128,    0,  998, -998, 0.00, 0.83, -0.83,  0,  0,  0
2586440.69226320, 0.699960,    0,  998, -998, 0.00, 0.83, -0.83,  0,  0,  0
2586440.69476320, -0.277808,    0,  998, -998, 0.00, 0.83, -0.83,  0,  0,  0
2586440.69726320, -1.036834,    0,  998, -998, 0.00, 0.83, -0.83,  0,  0,  0
2586440.69976320, -1.285252,    0,  998, -998, 0.00, 0.83, -0.83,  0,  0,  0
2586440.70226320, -1.429148,    0,  998, -998, 0.00, 0.83, -0.83,  0,  0,  0
2586440.70476320, -0.895141,    0,  998, -998, 0.00, 0.83, -0.83,  0,  0,  0
2586440.70726320, -0.013369,    0,  998, -998, 0.00, 0.83, -0.83,  0,  0,  0
2586440.70976320, 0.628939,    0,  998, -998, 0.00, 0.83, -0.83,  0,  0,  0
2586440.71226320, 0.940384,    0,  998, -998, 0.00, 0.83, -0.83,  0,  0,  0
2586440.71476320, 0.887361,    0,  998, -998, 0.00, 0.83, -0.83,  0,  0,  0
2586440.71726320, 0.834338,    0,  998, -998, 0.00, 0.83, -0.83,  0,  0,  0
2586440.71976320, -1.572896,    0,  998, -998, 0.00, 0.83, -0.83,  0,  0,  0
2586440.72226320, -1.629000,    0,  998, -998, 0.00, 0.83, -0.83,  0,  0,  0
2586440.72476320, -1.685104,    0,  998, -998, 0.00, 0.83, -0.83,  0,  0,  0
2586440.72726320, 0.297372,    0,  998, -998, 0.00, 0.83, -0.83,  0,  0,  0
2586440.72976320, 1.357592,    0,  998, -998, 0.00, 0.83, -0.83,  0,  0,  0
2586440.73226320, 1.176164,    0,  998, -998, 0.00, 0.83, -0.83,  0,  0,  0
2586440.73476320, 0.755201,    0,  998, -998, 0.00, 0.83, -0.83,  0,  0,  0
2586440.73726320, -0.481206,    0,  998, -998, 0.00, 0.83, -0.83,  0,  0,  0
2586440.73976320, -1.332496,    0,  998, -998, 0.00, 0.83, -0.83,  0,  0,  0
2586440.74226320, -1.079597,    0,  998, -998, 0.00, 0.83, -0.83,  0,  0,  0
2586440.74476320, -0.758458,    0,  998, -998, 0.00, 0.83, -0.83,  0,  0,  0
2586440.74726320, 0.624075,    0,  998, -998, 0.00, 0.83, -0.83,  0,  0,  0
2586440.74976320, 1.680161,    0,  998, -998, 0.00, 0.83, -0.83,  0,  0,  0
2586440.75226320, 1.753467,    0,  998, -998, 0.00, 0.83, -0.83,  0,  0,  0
2586440.75476320, 1.184827,    0,  998, -998, 0.00, 0.83, -0.83,  0,  0,  0
2586440.75726320, -0.050331,    0,  998, -998, 0.00, 0.83, -0.83,  0,  0,  0
2586440.75976320, -0.947642,    0,  998, -998, 0.00, 0.83, -0.83,  0,  0,  0
2586440.76226320, -1.111669,    0,  998, -998, 0.00, 0.83, -0.83,  0,  0,  0
2586440.76476320, -0.837757,    0,  998, -998, 0.00, 0.83, -0.83,  0,  0,  0
2586440.76726320, -0.260125,    0,  998, -998, 0.00, 0.83, -0.83,  0,  0,  0
2586440.76976320, 1.388014,    0,  998, -998, 0.00, 0.83, -0.83,  0,  0,  0
2586440.77226320, 0.973038,    0,  998, -998, 0.00, 0.83, -0.83,  0,  0,  0
2586440.77476320, 0.900722,    0,  998, -998, 0.00, 0.83, -0.83,  0,  0,  0
2586440.77726320, -0.619892,    0,  998, -998, 0.00, 0.83, -0.83,  0,  0,  0
2586440.77976320, -0.619892,    0,  998, -998, 0.00, 0.83, -0.83,  0,  0,  0
2586440.78226320, -0.619892,    0,  998, -998, 0.00, 0.83, -0.83,  0,  0,  0
2586440.78476320, -0.424395,    0,  998, -998, 0.00, 0.83, -0.83,  0,  0,  0
2586440.78726320, 0.235430,    0,  998, -998, 0.00, 0.83, -0.83,  0,  0,  0
2586440.78976320, 0.884173,    0,  998, -998, 0.00, 0.83, -0.83,  0,  0,  0
2586440.79226320, 1.125778,    0,  998, -998, 0.00, 0.83, -0.83,  0,  0,  0
2586440.79476320, 0.834832,    0,  998, -998, 0.00, 0.83, -0.83,  0,  0,  0
2586440.79726320, 0.344905,    0,  998, -998, 0.00, 0.83, -0.83,  0,  0,  0
2586440.79976320, -0.881847,    0,  998, -998, 0.00, 0.83, -0.83,  0,  0,  0
2586440.80226320, -1.290025,    0,  998, -998, 0.00, 0.83, -0.83,  0,  0,  0
2586440.80476320, -0.923151,    0,  998, -998, 0.00, 0.83, -0.83,  0,  0,  0
2586440.80726320, 0.055429,    0,  998, -998, 0.00, 0.83, -0.83,  0,  0,  0
2586440.80976320, 1.046815,    0,  998, -998, 0.00, 0.83, -0.83,  0,  0,  0
2586440.81226320, 1.284815,    0,  998, -998, 0.00, 0.83, -0.83,  0,  0,  0
2586440.81476320, 0.264730,    0,  998, -998, 0.00, 0.83, -0.83,  0,  0,  0
2586440.81726320, -0.875611,    0,  998, -998, 0.00, 0.83, -0.83,  0,  0,  0
2586440.81976320, -1.436894,    0,  998, -998, 0.00, 0.83, -0.83,  0,  0,  0
2586440.82476320, -0.671252,    0,  998, -998, 0.00, 0.83, -0.83,  0,  0,  0
2586440.82726320, 0.180309,    0,  998, -998, 0.00, 0.83, -0.83,  0,  0,  0
2586440.82976320, 0.886868,    0,  998, -998, 0.00, 0.83, -0.83,  0,  0,  0
2586440.83226320, 0.799317,    0,  998, -998, 0.00, 0.83, -0.83,  0,  0,  0
2586440.83476320, 0.328516,    0,  998, -998, 0.00, 0.83, -0.83,  0,  0,  0
2586440.83726320, -0.937459,    0,  998, -998, 0.00, 0.83, -0.83,  0,  0,  0
2586440.83976320, -1.511045,    0,  998, -998, 0.00, 0.83, -0.83,  0,  0,  0
2586440.84226320, -1.566048,    0,  998, -998, 0.00, 0.83, -0.83,  0,  0,  0
2586440.84476320, -1.475583,    0,  998, -998, 0.00, 0.83, -0.83,  0,  0,  0
2586440.84726320, -1.272262,    0,  998, -998, 0.00, 0.83, -0.83,  0,  0,  0
2586440.84976320, 0.838742,    0,  998, -998, 0.00, 0.83, -0.83,  0,  0,  0
2586440.85226320, 0.705768,    0,  998, -998, 0.00, 0.83, -0.83,  0,  0,  0
2586440.85476320, 0.705768,    0,  998, -998, 0.00, 0.83, -0.83,  0,  0,  0
2586440.85726320, -0.142528,    0,  998, -998, 0.00, 0.83, -0.83,  0,  0,  0
2586440.85976320, -1.136663,    0,  998, -998, 0.00, 0.83, -0.83,  0,  0,  0
2586440.86226320, -1.326553,    0,  998, -998, 0.00, 0.83, -0.83,  0,  0,  0
2586440.86476320, -0.265958,    0,  998, -998, 0.00, 0.83, -0.83,  0,  0,  0
2586440.86726320, 0.609266,    0,  998, -998, 0.00, 0.83, -0.83,  0,  0,  0
2586440.86976320, 1.357908,    0,  998, -998, 0.00, 0.83, -0.83,  0,  0,  0
2586440.87226320, 1.375483,    0,  998, -998, 0.00, 0.83, -0.83,  0,  0,  0
2586440.87476320, 0.896056,    0,  998, -998, 0.00, 0.83, -0.83,  0,  0,  0
2586440.87726320, -0.238220,    0,  998, -998, 0.00, 0.83, -0.83,  0,  0,  0
2586440.87976320, -1.045798,    0,  998, -998, 0.00, 0.83, -0.83,  0,  0,  0
2586440.88226320, -1.026783,    0,  998, -998, 0.00, 0.83, -0.83,  0,  0,  0
2586440.88476320, -0.277786,    0,  998, -998, 0.00, 0.83, -0.83,  0,  0,  0
2586440.88726320, 0.263711,    0,  998, -998, 0.00, 0.83, -0.83,  0,  0,  0
2586440.88976320, 1.225383,    0,  998, -998, 0.00, 0.83, -0.83,  0,  0,  0
2586440.89226320, 1.186676,    0,  998, -998, 0.00, 0.83, -0.83,  0,  0,  0
2586440.89476320, 0.720385,    0,  998, -998, 0.00, 0.83, -0.83,  0,  0,  0
2586440.89726320, -0.073916,    0,  998, -998, 0.00, 0.83, -0.83,  0,  0,  0
2586440.89976320, -0.790169,    0,  998, -998, 0.00, 0.83, -0.83,  0,  0,  0
2586440.90226320, -0.796999,    0,  998, -998, 0.00, 0.83, -0.83,  0,  0,  0
2586440.90476320, -0.375537,    0,  998, -998, 0.00, 0.83, -0.83,  0,  0,  0
2586440.90726320, 0.360883,    0,  998, -998, 0.00, 0.83, -0.83,  0,  0,  0
2586440.90976320, 0.786453,    0,  998, -998, 0.00, 0.83, -0.83,  0,  0,  0
2586440.91226320, 0.802452,    0,  998, -998, 0.00, 0.83, -0.83,  0,  0,  0
2586440.91476320, 0.517996,    0,  998, -998, 0.00, 0.83, -0.83,  0,  0,  0
2586440.91726320, 0.359922,    0,  998, -998, 0.00, 0.83, -0.83,  0,  0,  0
2586440.91976320, -0.284818,    0,  998, -998, 0.00, 0.83, -0.83,  0,  0,  0
2586440.92226320, -1.327355,    0,  998, -998, 0.00, 0.83, -0.83,  0,  0,  0
2586440.92476320, -0.384694,    0,  998, -998, 0.00, 0.83, -0.83,  0,  0,  0
2586440.92726320, -0.384694,    0,  998, -998, 0.00, 0.83, -0.83,  0,  0,  0
2586440.92976320, 0.770074,    0,  998, -998, 0.00, 0.83, -0.83,  0,  0,  0
2586440.93226320, 0.798640,    0,  998, -998, 0.00, 0.83, -0.83,  0,  0,  0
2586440.93476320, 0.053629,    0,  998, -998, 0.00, 0.83, -0.83,  0,  0,  0
2586440.93726320, -0.453968,    0,  998, -998, 0.00, 0.83, -0.83,  0,  0,  0
2586440.93976320, -1.612254,    0,  998, -998, 0.00, 0.83, -0.83,  0,  0,  0
2586440.94226320, -1.577563,    0,  998, -998, 0.00, 0.83, -0.83,  0,  0,  0
2586440.94476320, -0.758873,    0,  998, -998, 0.00, 0.83, -0.83,  0,  0,  0
2586440.94726320, -0.240023,    0,  998, -998, 0.00, 0.83, -0.83,  0,  0,  0
2586440.95226320, 1.070114,    0,  998, -998, 0.00, 0.83, -0.83,  0,  0,  0
2586440.95476320, 0.021556,    0,  998, -998, 0.00, 0.83, -0.83,  0,  0,  0
2586440.95726320, 0.021556,    0,  998, -998, 0.00, 0.83, -0.83,  0,  0,  0
2586440.95976320, -1.110097,    0,  998, -998, 0.00, 0.83, -0.83,  0,  0,  0
2586440.96226320, -1.218801,    0,  998, -998, 0.00, 0.83, -0.83,  0,  0,  0
2586440.96476320, -0.577129,    0,  998, -998, 0.00, 0.83, -0.83,  0,  0,  0
2586440.96726320, -0.577129,    0,  998, -998, 0.00, 0.83, -0.83,  0,  0,  0
2586440.96976320, -0.577129,    0,  998, -998, 0.00, 0.83, -0.83,  0,  0,  0
2586440.97226320, -0.405187,    0,  998, -998, 0.00, 0.83, -0.83,  0,  0,  0
2586440.97476320, 0.267445,    0,  998, -998, 0.00, 0.83, -0.83,  0,  0,  0
2586440.97726320, 0.267445,    0,  998, -998, 0.00, 0.83, -0.83,  0,  0,  0
2586440.97976320, 0.267445,    0,  998, -998, 0.00, 0.83, -0.83,  0,  0,  0
2586440.98226320, -1.124086,    0,  998, -998, 0.00, 0.83, -0.83,  0,  0,  0
2586440.98476320, -0.190900,    0,  998, -998, 0.00, 0.83, -0.83,  0,  0,  0
2586440.98726320, 1.087211,    0,  998, -998, 0.00, 0.83, -0.83,  0,  0,  0
2586440.98976320, 1.380127,    0,  998, -998, 0.00, 0.83, -0.83,  0,  0,  0
2586440.99226320, 1.306106,    0,  998, -998, 0.00, 0.83, -0.83,  0,  0,  0
2586440.99476320, 0.453813,    0,  998, -998, 0.00, 0.83, -0.83,  0,  0,  0
2586440.99726320, -0.443165,    0,  998, -998, 0.00, 0.83, -0.83,  0,  0,  0
2586440.99976320, -1.378940,    0,  998, -998, 0.00, 0.83, -0.83,  0,  0,  0
2586441.00226320, -1.355762,    0,  998, -998, 0.00, 0.83, -0.83,  0,  0,  0
2586441.00476320, -0.377441,    0,  998, -998, 0.00, 0.83, -0.83,  0,  0,  0
2586441.00726320, 1.038603,    0,  998, -998, 0.00, 0.83, -0.83,  0,  0,  0
2586441.00976320, 1.838994,    0,  998, -998, 0.00, 0.83, -0.83,  0,  0,  0
2586441.01226320, 1.785178,    0,  998, -998, 0.00, 0.83, -0.83,  0,  0,  0
2586441.01476320, 1.185489,    0,  998, -998, 0.00, 0.83, -0.83,  0,  0,  0
2586441.01726320, 0.141686,    0,  998, -998, 0.00, 0.83, -0.83,  0,  0,  0
2586441.01976320, -0.866607,    0,  998, -998, 0.00, 0.83, -0.83,  0,  0,  0
2586441.02226320, -0.990521,    0,  998, -998, 0.00, 0.83, -0.83,  0,  0,  0
2586441.02476320, -0.663096,    0,  998, -998, 0.00, 0.83, -0.83,  0,  0,  0
2586441.02726320, -0.322411,    0,  998, -998, 0.00, 0.83, -0.83,  0,  0,  0
2586441.02976320, 0.698525,    0,  998, -998, 0.00, 0.83, -0.83,  0,  0,  0
2586441.03226320, 1.113104,    0,  998, -998, 0.00, 0.83, -0.83,  0,  0,  0
2586441.03476320, 0.794465,    0,  998, -998, 0.00, 0.83, -0.83,  0,  0,  0
2586441.03726320, 0.518787,    0,  998, -998, 0.00, 0.83, -0.83,  0,  0,  0
2586441.03976320, 0.243108,    0,  998, -998, 0.00, 0.83, -0.83,  0,  0,  0
2586441.04226320, -0.933881,    0,  998, -998, 0.00, 0.83, -0.83,  0,  0,  0
2586441.04476320, -0.293193,    0,  998, -998, 0.00, 0.83, -0.83,  0,  0,  0
2586441.04726320, 0.298202,    0,  998, -998, 0.00, 0.83, -0.83,  0,  0,  0
2586441.04976320, 0.835193,    0,  998, -998, 0.00, 0.83, -0.83,  0,  0,  0
2586441.05226320, 0.772235,    0,  998, -998, 0.00, 0.83, -0.83,  0,  0,  0
2586441.05476320, -0.213641,    0,  998, -998, 0.00, 0.83, -0.83,  0,  0,  0
2586441.05726320, -0.696529,    0,  998, -998, 0.00, 0.83, -0.83,  0,  0,  0
2586441.05976320, -1.444070,    0,  998, -998, 0.00, 0.83, -0.83,  0,  0,  0
2586441.06226320, -1.455178,    0,  998, -998, 0.00, 0.83, -0.83,  0,  0,  0
2586441.06476320, -0.459530,    0,  998, -998, 0.00, 0.83, -0.83,  0,  0,  0
2586441.06726320, 0.228315,    0,  998, -998, 0.00, 0.83, -0.83,  0,  0,  0
2586441.06976320, 1.000165,    0,  998, -998, 0.00, 0.83, -0.83,  0,  0,  0
2586441.07226320, 0.792324,    0,  998, -998, 0.00, 0.83, -0.83,  0,  0,  0
2586441.07476320, 0.021556,    0,  998, -998, 0.00, 0.83, -0.83,  0,  0,  0
2586441.07976320, -1.471844,    0,  998, -998, 0.00, 0.83, -0.83,  0,  0,  0
2586441.08226320, -1.673251,    0,  998, -998, 0.00, 0.83, -0.83,  0,  0,  0
2586441.08476320, -0.878412,    0,  998, -998, 0.00, 0.83, -0.83,  0,  0,  0
2586441.08726320, 0.435944,    0,  998, -998, 0.00, 0.83, -0.83,  0,  0,  0
2586441.08976320, 0.926904,    0,  998, -998, 0.00, 0.83, -0.83,  0,  0,  0
2586441.09226320, 0.911534,    0,  998, -998, 0.00, 0.83, -0.83,  0,  0,  0
2586441.09476320, 0.470245,    0,  998, -998, 0.00, 0.83, -0.83,  0,  0,  0
2586441.09726320, -0.520931,    0,  998, -998, 0.00, 0.83, -0.83,  0,  0,  0
2586441.09976320, -1.195270,    0,  998, -998, 0.00, 0.83, -0.83,  0,  0,  0
2586441.10226320, -1.338141,    0,  998, -998, 0.00, 0.83, -0.83,  0,  0,  0
2586441.10476320, -1.134344,    0,  998, -998, 0.00, 0.83, -0.83,  0,  0,  0
2586441.10726320, -0.114724,    0,  998, -998, 0.00, 0.83, -0.83,  0,  0,  0
2586441.10976320, 0.285467,    0,  998, -998, 0.00, 0.83, -0.83,  0,  0,  0
2586441.11226320, 0.498842,    0,  998, -998, 0.00, 0.83, -0.83,  0,  0,  0
2586441.11476320, 0.400747,    0,  998, -998, 0.00, 0.83, -0.83,  0,  0,  0
2586441.11726320, -0.600846,    0,  998, -998, 0.00, 0.83, -0.83,  0,  0,  0
2586441.11976320, -1.016140,    0,  998, -998, 0.00, 0.83, -0.83,  0,  0,  0
2586441.12226320, -1.058726,    0,  998, -998, 0.00, 0.83, -0.83,  0,  0,  0
2586441.12476320, -0.603514,    0,  998, -998, 0.00, 0.83, -0.83,  0,  0,  0
2586441.12726320, 0.510001,    0,  998, -998, 0.00, 0.83, -0.83,  0,  0,  0
2586441.12976320, 1.496846,    0,  998, -998, 0.00, 0.83, -0.83,  0,  0,  0
2586441.13226320, 0.904162,    0,  998, -998, 0.00, 0.83, -0.83,  0,  0,  0
2586441.13476320, 0.477583,    0,  998, -998, 0.00, 0.83, -0.83,  0,  0,  0
2586441.13726320, -0.028743,    0,  998, -998, 0.00, 0.83, -0.83,  0,  0,  0
2586441.13976320, -1.067764,    0,  998, -998, 0.00, 0.83, -0.83,  0,  0,  0
2586441.14226320, -1.487257,    0,  998, -998, 0.00, 0.83, -0.83,  0,  0,  0
2586441.14476320, -1.070815,    0,  998, -998, 0.00, 0.83, -0.83,  0,  0,  0
2586441.14726320, -0.468830,    0,  998, -998, 0.00, 0.83, -0.83,  0,  0,  0
2586441.14976320, 0.750113,    0,  998, -998, 0.00, 0.83, -0.83,  0,  0,  0
2586441.15226320, 1.262661,    0,  998, -998, 0.00, 0.83, -0.83,  0,  0,  0
2586441.15476320, 1.079190,    0,  998, -998, 0.00, 0.83, -0.83,  0,  0,  0
2586441.15726320, 0.856199,    0,  998, -998, 0.00, 0.83, -0.83,  0,  0,  0
2586441.15976320, 0.524525,    0,  998, -998, 0.00, 0.83, -0.83,  0,  0,  0
2586441.16226320, -0.966948,    0,  998, -998, 0.00, 0.83, -0.83,  0,  0,  0
2586441.16476320, -0.604709,    0,  998, -998, 0.00, 0.83, -0.83,  0,  0,  0
2586441.16726320, 0.561668,    0,  998, -998, 0.00, 0.83, -0.83,  0,  0,  0
2586441.16976320, 1.102476,    0,  998, -998, 0.00, 0.83, -0.83,  0,  0,  0
2586441.17226320, 0.794668,    0,  998, -998, 0.00, 0.83, -0.83,  0,  0,  0
2586441.17476320, 0.062107,    0,  998, -998, 0.00, 0.83, -0.83,  0,  0,  0
2586441.17726320, -0.269236,    0,  998, -998, 0.00, 0.83, -0.83,  0,  0,  0
2586441.17976320, -0.583530,    0,  998, -998, 0.00, 0.83, -0.83,  0,  0,  0
2586441.18226320, -0.897824,    0,  998, -998, 0.00, 0.83, -0.83,  0,  0,  0
2586441.18476320, -0.669949,    0,  998, -998, 0.00, 0.83, -0.83,  0,  0,  0
2586441.18726320, -0.272548,    0,  998, -998, 0.00, 0.83, -0.83,  0,  0,  0
2586441.18976320, 0.592051,    0,  998, -998, 0.00, 0.83, -0.83,  0,  0,  0
2586441.19226320, 1.200367,    0,  998, -998, 0.00, 0.83, -0.83,  0,  0,  0
2586441.19476320, 0.996382,    0,  998, -998, 0.00, 0.83, -0.83,  0,  0,  0
2586441.19726320, 0.756904,    0,  998, -998, 0.00, 0.83, -0.83,  0,  0,  0
2586441.19976320, 0.517427,    0,  998, -998, 0.00, 0.83, -0.83,  0,  0,  0
2586441.20226320, 0.277950,    0,  998, -998, 0.00, 0.83, -0.83,  0,  0,  0
2586441.20476320, 0.049785,    0,  998, -998, 0.00, 0.83, -0.83,  0,  0,  0
2586441.20726320, -0.172116,    0,  998, -998, 0.00, 0.83, -0.83,  0,  0,  0
2586441.20976320, 0.430638,    0,  998, -998, 0.00, 0.83, -0.83,  0,  0,  0
2586441.21226320, 1.242875,    0,  998, -998, 0.00, 0.83, -0.83,  0,  0,  0
2586441.21476320, 1.184679,    0,  998, -998, 0.00, 0.83, -0.83,  0,  0,  0
2586441.21726320, -0.215990,    0,  998, -998, 0.00, 0.83, -0.83,  0,  0,  0
2586441.21976320, -1.127455,    0,  998, -998, 0.00, 0.83, -0.83,  0,  0,  0
2586441.22226320, -1.507958,    0,  998, -998, 0.00, 0.83, -0.83,  0,  0,  0
2586441.22476320, 0.010180,    0,  998, -998, 0.00, 0.83, -0.83,  0,  0,  0
2586441.22726320, 0.980241,    0,  998, -998, 0.00, 0.83, -0.83,  0,  0,  0
2586441.22976320, 1.385547,    0,  998, -998, 0.00, 0.83, -0.83,  0,  0,  0
2586441.23226320, 1.290980,    0,  998, -998, 0.00, 0.83, -0.83,  0,  0,  0
2586441.23476320, 0.515452,    0,  998, -998, 0.00, 0.83, -0.83,  0,  0,  0
2586441.23726320, -0.475114,    0,  998, -998, 0.00, 0.83, -0.83,  0,  0,  0
2586441.23976320, -0.876173,    0,  998, -998, 0.00, 0.83, -0.83,  0,  0,  0
2586441.24226320, -1.003144,    0,  998, -998, 0.00, 0.83, -0.83,  0,  0,  0
2586441.24476320, -1.130115,    0,  998, -998, 0.00, 0.83, -0.83,  0,  0,  0
2586441.24726320, 0.268816,    0,  998, -998, 0.00, 0.83, -0.83,  0,  0,  0
2586441.24976320, 1.089302,    0,  998, -998, 0.00, 0.83, -0.83,  0,  0,  0
2586441.25226320, 0.919745,    0,  998, -998, 0.00, 0.83, -0.83,  0,  0,  0
2586441.25476320, 0.674461,    0,  998, -998, 0.00, 0.83, -0.83,  0,  0,  0
2586441.25726320, 0.379456,    0,  998, -998, 0.00, 0.83, -0.83,  0,  0,  0
2586441.25976320, 0.025061,    0,  998, -998, 0.00, 0.83, -0.83,  0,  0,  0
2586441.26226320, -1.044053,    0,  998, -998, 0.00, 0.83, -0.83,  0,  0,  0
2586441.26476320, -0.620959,    0,  998, -998, 0.00, 0.83, -0.83,  0,  0,  0
2586441.26726320, 0.159828,    0,  998, -998, 0.00, 0.83, -0.83,  0,  0,  0
2586441.26976320, 0.839176,    0,  998, -998, 0.00, 0.83, -0.83,  0,  0,  0
2586441.27226320, 0.951657,    0,  998, -998, 0.00, 0.83, -0.83,  0,  0,  0
2586441.27476320, 0.644733,    0,  998, -998, 0.00, 0.83, -0.83,  0,  0,  0
2586441.27726320, -1.207887,    0,  998, -998, 0.00, 0.83, -0.83,  0,  0,  0
2586441.27976320, -1.207887,    0,  998, -998, 0.00, 0.83, -0.83,  0,  0,  0
2586441.28476320, -0.783720,    0,  998, -998, 0.00, 0.83, -0.83,  0,  0,  0
2586441.28726320, 0.002247,    0,  998, -998, 0.00, 0.83, -0.83,  0,  0,  0
2586441.28976320, 0.622751,    0,  998, -998, 0.00, 0.83, -0.83,  0,  0,  0
2586441.29226320, 0.640619,    0,  998, -998, 0.00, 0.83, -0.83,  0,  0,  0
2586441.29476320, 0.658486,    0,  998, -998, 0.00, 0.83, -0.83,  0,  0,  0
2586441.29726320, 0.676354,    0,  998, -998, 0.00, 0.83, -0.83,  0,  0,  0
2586441.29976320, 0.694222,    0,  998, -998, 0.00, 0.83, -0.83,  0,  0,  0
2586441.30226320, 0.712090,    0,  998, -998, 0.00, 0.83, -0.83,  0,  0,  0
2586441.30476320, 0.729957,    0,  998, -998, 0.00, 0.83, -0.83,  0,  0,  0
2586441.30726320, 0.581505,    0,  998, -998, 0.00, 0.83, -0.83,  0,  0,  0
2586441.30976320, 0.634471,    0,  998, -998, 0.00, 0.83, -0.83,  0,  0,  0
2586441.31226320, 0.818046,    0,  998, -998, 0.00, 0.83, -0.83,  0,  0,  0
2586441.31476320, 0.156270,    0,  998, -998, 0.00, 0.83, -0.83,  0,  0,  0
2586441.31726320, -1.024640,    0,  998, -998, 0.00, 0.83, -0.83,  0,  0,  0
2586441.31976320, -1.374052,    0,  998, -998, 0.00, 0.83, -0.83,  0,  0,  0
2586441.32226320, -1.554293,    0,  998, -998, 0.00, 0.83, -0.83,  0,  0,  0
2586441.32476320, 0.141493,    0,  998, -998, 0.00, 0.83, -0.83,  0,  0,  0
2586441.32726320, 1.229618,    0,  998, -998, 0.00, 0.83, -0.83,  0,  0,  0
2586441.32976320, 1.215794,    0,  998, -998, 0.00, 0.83, -0.83,  0,  0,  0
2586441.33226320, 1.151259,    0,  998, -998, 0.00, 0.83, -0.83,  0,  0,  0
2586441.33476320, 0.507540,    0,  998, -998, 0.00, 0.83, -0.83,  0,  0,  0
2586441.33726320, -0.400250,    0,  998, -998, 0.00, 0.83, -0.83,  0,  0,  0
2586441.33976320, -1.304454,    0,  998, -998, 0.00, 0.83, -0.83,  0,  0,  0
2586441.34226320, -1.499818,    0,  998, -998, 0.00, 0.83, -0.83,  0,  0,  0
2586441.34476320, -0.510423,    0,  998, -998, 0.00, 0.83, -0.83,  0,  0,  0
2586441.34726320, 1.261690,    0,  998, -998, 0.00, 0.83, -0.83,  0,  0,  0
2586441.34976320, 1.571086,    0,  998, -998, 0.00, 0.83, -0.83,  0,  0,  0
2586441.35226320, 1.686240,    0,  998, -998, 0.00, 0.83, -0.83,  0,  0,  0
2586441.35476320, 0.961657,    0,  998, -998, 0.00, 0.83, -0.83,  0,  0,  0
2586441.35726320, -0.737491,    0,  998, -998, 0.00, 0.83, -0.83,  0,  0,  0
2586441.35976320, -0.775753,    0,  998, -998, 0.00, 0.83, -0.83,  0,  0,  0
2586441.36226320, -0.865765,    0,  998, -998, 0.00, 0.83, -0.83,  0,  0,  0
2586441.36476320, -0.955777,    0,  998, -998, 0.00, 0.83, -0.83,  0,  0,  0
2586441.36726320, 0.453454,    0,  998, -998, 0.00, 0.83, -0.83,  0,  0,  0
2586441.36976320, 1.279353,    0,  998, -998, 0.00, 0.83, -0.83,  0,  0,  0
2586441.37226320, 1.310534,    0,  998, -998, 0.00, 0.83, -0.83,  0,  0,  0
2586441.37476320, 0.626960,    0,  998, -998, 0.00, 0.83, -0.83,  0,  0,  0
2586441.37726320, -0.489738,    0,  998, -998, 0.00, 0.83, -0.83,  0,  0,  0
2586441.37976320, -1.014789,    0,  998, -998, 0.00, 0.83, -0.83,  0,  0,  0
2586441.38226320, -0.837407,    0,  998, -998, 0.00, 0.83, -0.83,  0,  0,  0
2586441.38476320, 0.039474,    0,  998, -998, 0.00, 0.83, -0.83,  0,  0,  0
2586441.38976320, 1.230850,    0,  998, -998, 0.00, 0.83, -0.83,  0,  0,  0
2586441.39226320, 1.176164,    0,  998, -998, 0.00, 0.83, -0.83,  0,  0,  0
2586441.39476320, 0.510638,    0,  998, -998, 0.00, 0.83, -0.83,  0,  0,  0
2586441.39726320, -0.538771,    0,  998, -998, 0.00, 0.83, -0.83,  0,  0,  0
2586441.39976320, -1.129574,    0,  998, -998, 0.00, 0.83, -0.83,  0,  0,  0
2586441.40226320, -1.013381,    0,  998, -998, 0.00, 0.83, -0.83,  0,  0,  0
2586441.40476320, -0.077866,    0,  998, -998, 0.00, 0.83, -0.83,  0,  0,  0
2586441.40726320, -0.063970,    0,  998, -998, 0.00, 0.83, -0.83,  0,  0,  0
2586441.40976320, -0.063970,    0,  998, -998, 0.00, 0.83, -0.83,  0,  0,  0
2586441.41226320, 0.243278,    0,  998, -998, 0.00, 0.83, -0.83,  0,  0,  0
2586441.41476320, 0.360387,    0,  998, -998, 0.00, 0.83, -0.83,  0,  0,  0
2586441.41726320, -0.365349,    0,  998, -998, 0.00, 0.83, -0.83,  0,  0,  0
2586441.41976320, -1.074529,    0,  998, -998, 0.00, 0.83, -0.83,  0,  0,  0
2586441.42226320, -1.197196,    0,  998, -998, 0.00, 0.83, -0.83,  0,  0,  0
2586441.42476320, -1.197196,    0,  998, -998, 0.00, 0.83, -0.83,  0,  0,  0
2586441.42726320, -0.007549,    0,  998, -998, 0.00, 0.83, -0.83,  0,  0,  0
2586441.42976320, 0.863956,    0,  998, -998, 0.00, 0.83, -0.83,  0,  0,  0
2586441.43226320, 0.847804,    0,  998, -998, 0.00, 0.83, -0.83,  0,  0,  0
2586441.43476320, -0.179924,    0,  998, -998, 0.00, 0.83, -0.83,  0,  0,  0
2586441.43726320, -0.958222,    0,  998, -998, 0.00, 0.83, -0.83,  0,  0,  0
2586441.43976320, -1.417002,    0,  998, -998, 0.00, 0.83, -0.83,  0,  0,  0
2586441.44226320, -1.145214,    0,  998, -998, 0.00, 0.83, -0.83,  0,  0,  0
2586441.44476320, -0.345128,    0,  998, -998, 0.00, 0.83, -0.83,  0,  0,  0
2586441.44726320, 0.308245,    0,  998, -998, 0.00, 0.83, -0.83,  0,  0,  0
2586441.44976320, 0.813238,    0,  998, -998, 0.00, 0.83, -0.83,  0,  0,  0
2586441.45226320, 0.805955,    0,  998, -998, 0.00, 0.83, -0.83,  0,  0,  0
2586441.45476320, -0.256405,    0,  998, -998, 0.00, 0.83, -0.83,  0,  0,  0
2586441.45726320, -0.256405,    0,  998, -998, 0.00, 0.83, -0.83,  0,  0,  0
2586441.45976320, -0.954696,    0,  998, -998, 0.00, 0.83, -0.83,  0,  0,  0
2586441.46226320, -0.857190,    0,  998, -998, 0.00, 0.83, -0.83,  0,  0,  0
2586441.46476320, -0.170878,    0,  998, -998, 0.00, 0.83, -0.83,  0,  0,  0
2586441.46726320, -0.170878,    0,  998, -998, 0.00, 0.83, -0.83,  0,  0,  0
2586441.46976320, -0.170878,    0,  998, -998, 0.00, 0.83, -0.83,  0,  0,  0
2586441.47226320, 0.342966,    0,  998, -998, 0.00, 0.83, -0.83,  0,  0,  0
2586441.47476320, 1.062375,    0,  998, -998, 0.00, 0.83, -0.83,  0,  0,  0
2586441.47726320, 0.720191,    0,  998, -998, 0.00, 0.83, -0.83,  0,  0,  0
2586441.47976320, 0.378007,    0,  998, -998, 0.00, 0.83, -0.83,  0,  0,  0
2586441.48226320, -0.320549,    0,  998, -998, 0.00, 0.83, -0.83,  0,  0,  0
2586441.48476320, -0.413486,    0,  998, -998, 0.00, 0.83, -0.83,  0,  0,  0
2586441.48726320, 0.555075,    0,  998, -998, 0.00, 0.83, -0.83,  0,  0,  0
2586441.48976320, 1.491102,    0,  998, -998, 0.00, 0.83, -0.83,  0,  0,  0
2586441.49226320, 1.505898,    0,  998, -998, 0.00, 0.83, -0.83,  0,  0,  0
2586441.49476320, 0.534715,    0,  998, -998, 0.00, 0.83, -0.83,  0,  0,  0
2586441.49726320, -0.004024,    0,  998, -998, 0.00, 0.83, -0.83,  0,  0,  0
2586441.49976320, -0.740950,    0,  998, -998, 0.00, 0.83, -0.83,  0,  0,  0
2586441.50226320, -0.854746,    0,  998, -998, 0.00, 0.83, -0.83,  0,  0,  0
2586441.50476320, -0.192260,    0,  998, -998, 0.00, 0.83, -0.83,  0,  0,  0
2586441.50726320, 0.317407,    0,  998, -998, 0.00, 0.83, -0.83,  0,  0,  0
2586441.50976320, 1.155344,    0,  998, -998, 0.00, 0.83, -0.83,  0,  0,  0
2586441.51226320, 1.063011,    0,  998, -998, 0.00, 0.83, -0.83,  0,  0,  0
2586441.51726320, -0.227265,    0,  998, -998, 0.00, 0.83, -0.83,  0,  0,  0
2586441.51976320, -0.873343,    0,  998, -998, 0.00, 0.83, -0.83,  0,  0,  0
2586441.52226320, -1.042694,    0,  998, -998, 0.00, 0.83, -0.83,  0,  0,  0
2586441.52476320, -0.116011,    0,  998, -998, 0.00, 0.83, -0.83,  0,  0,  0
2586441.52726320, 0.633789,    0,  998, -998, 0.00, 0.83, -0.83,  0,  0,  0
2586441.52976320, 0.951604,    0,  998, -998, 0.00, 0.83, -0.83,  0,  0,  0
2586441.53226320, 0.982282,    0,  998, -998, 0.00, 0.83, -0.83,  0,  0,  0
2586441.53476320, 1.012961,    0,  998, -998, 0.00, 0.83, -0.83,  0,  0,  0
2586441.53726320, -1.207634,    0,  998, -998, 0.00, 0.83, -0.83,  0,  0,  0
2586441.53976320, -1.485848,    0,  998, -998, 0.00, 0.83, -0.83,  0,  0,  0
2586441.54226320, -1.440804,    0,  998, -998, 0.00, 0.83, -0.83,  0,  0,  0
2586441.54476320, -0.395214,    0,  998, -998, 0.00, 0.83, -0.83,  0,  0,  0
2586441.54726320, 0.952821,    0,  998, -998, 0.00, 0.83, -0.83,  0,  0,  0
2586441.54976320, 0.973038,    0,  998, -998, 0.00, 0.83, -0.83,  0,  0,  0
2586441.55226320, 0.720868,    0,  998, -998, 0.00, 0.83, -0.83,  0,  0,  0
2586441.55476320, -0.304304,    0,  998, -998, 0.00, 0.83, -0.83,  0,  0,  0
2586441.55726320, -1.393604,    0,  998, -998, 0.00, 0.83, -0.83,  0,  0,  0
2586441.55976320, -1.560683,    0,  998, -998, 0.00, 0.83, -0.83,  0,  0,  0
2586441.56226320, -1.390983,    0,  998, -998, 0.00, 0.83, -0.83,  0,  0,  0
2586441.56476320, -0.371646,    0,  998, -998, 0.00, 0.83, -0.83,  0,  0,  0
2586441.56726320, 0.609978,    0,  998, -998, 0.00, 0.83, -0.83,  0,  0,  0
2586441.56976320, 1.015802,    0,  998, -998, 0.00, 0.83, -0.83,  0,  0,  0
2586441.57226320, 1.092525,    0,  998, -998, 0.00, 0.83, -0.83,  0,  0,  0
2586441.57476320, 0.379892,    0,  998, -998, 0.00, 0.83, -0.83,  0,  0,  0
2586441.57726320, -0.974472,    0,  998, -998, 0.00, 0.83, -0.83,  0,  0,  0
2586441.57976320, -1.421703,    0,  998, -998, 0.00, 0.83, -0.83,  0,  0,  0
2586441.58226320, -1.260159,    0,  998, -998, 0.00, 0.83, -0.83,  0,  0,  0
2586441.58476320, -0.269583,    0,  998, -998, 0.00, 0.83, -0.83,  0,  0,  0
2586441.58726320, 0.293478,    0,  998, -998, 0.00, 0.83, -0.83,  0,  0,  0
2586441.58976320, 0.641547,    0,  998, -998, 0.00, 0.83, -0.83,  0,  0,  0
2586441.59226320, 0.704777,    0,  998, -998, 0.00, 0.83, -0.83,  0,  0,  0
2586441.59476320, 0.403313,    0,  998, -998, 0.00, 0.83, -0.83,  0,  0,  0
2586441.59726320, -0.361540,    0,  998, -998, 0.00, 0.83, -0.83,  0,  0,  0
2586441.59976320, -0.988859,    0,  998, -998, 0.00, 0.83, -0.83,  0,  0,  0
2586441.60226320, -1.293230,    0,  998, -998, 0.00, 0.83, -0.83,  0,  0,  0
2586441.60476320, -0.721462,    0,  998, -998, 0.00, 0.83, -0.83,  0,  0,  0
2586441.60726320, 0.853442,    0,  998, -998, 0.00, 0.83, -0.83,  0,  0,  0
2586441.60976320, 1.455909,    0,  998, -998, 0.00, 0.83, -0.83,  0,  0,  0
2586441.61226320, 1.470661,    0,  998, -998, 0.00, 0.83, -0.83,  0,  0,  0
2586441.61476320, 0.591715,    0,  998, -998, 0.00, 0.83, -0.83,  0,  0,  0
2586441.61726320, -0.895975,    0,  998, -998, 0.00, 0.83, -0.83,  0,  0,  0
2586441.61976320, -1.004761,    0,  998, -998, 0.00, 0.83, -0.83,  0,  0,  0
2586441.62226320, -0.935187,    0,  998, -998, 0.00, 0.83, -0.83,  0,  0,  0
2586441.62476320, -0.107489,    0,  998, -998, 0.00, 0.83, -0.83,  0,  0,  0
2586441.62726320, 1.034715,    0,  998, -998, 0.00, 0.83, -0.83,  0,  0,  0
2586441.62976320, 1.710704,    0,  998, -998, 0.00, 0.83, -0.83,  0,  0,  0
2586441.63226320, 1.373387,    0,  998, -998, 0.00, 0.83, -0.83,  0,  0,  0
2586441.63476320, 0.446973,    0,  998, -998, 0.00, 0.83, -0.83,  0,  0,  0
2586441.63726320, -0.638855,    0,  998, -998, 0.00, 0.83, -0.83,  0,  0,  0
2586441.63976320, -1.176492,    0,  998, -998, 0.00, 0.83, -0.83,  0,  0,  0
2586441.64226320, -1.476534,    0,  998, -998, 0.00, 0.83, -0.83,  0,  0,  0
2586441.64476320, -0.578228,    0,  998, -998, 0.00, 0.83, -0.83,  0,  0,  0
2586441.64726320, 0.560570,    0,  998, -998, 0.00, 0.83, -0.83,  0,  0,  0
2586441.64976320, 0.929316,    0,  998, -998, 0.00, 0.83, -0.83,  0,  0,  0
2586441.65226320, 0.571524,    0,  998, -998, 0.00, 0.83, -0.83,  0,  0,  0
2586441.65476320, 0.106441,    0,  998, -998, 0.00, 0.83, -0.83,  0,  0,  0
2586441.65726320, -0.644108,    0,  998, -998, 0.00, 0.83, -0.83,  0,  0,  0
2586441.65976320, -1.125935,    0,  998, -998, 0.00, 0.83, -0.83,  0,  0,  0
2586441.66226320, -1.216952,    0,  998, -998, 0.00, 0.83, -0.83,  0,  0,  0
2586441.66476320, -1.307969,    0,  998, -998, 0.00, 0.83, -0.83,  0,  0,  0
2586441.66726320, 0.293984,    0,  998, -998, 0.00, 0.83, -0.83,  0,  0,  0
2586441.66976320, 1.175860,    0,  998, -998, 0.00, 0.83, -0.83,  0,  0,  0
2586441.67226320, 1.358687,    0,  998, -998, 0.00, 0.83, -0.83,  0,  0,  0
2586441.67476320, 0.364593,    0,  998, -998, 0.00, 0.83, -0.83,  0,  0,  0
2586441.67726320, -0.649763,    0,  998, -998, 0.00, 0.83, -0.83,  0,  0,  0
2586441.67976320, -1.226405,    0,  998, -998, 0.00, 0.83, -0.83,  0,  0,  0
2586441.68226320, -1.219381,    0,  998, -998, 0.00, 0.83, -0.83,  0,  0,  0
2586441.68476320, -0.529153,    0,  998, -998, 0.00, 0.83, -0.83,  0,  0,  0
2586441.68726320, 0.401687,    0,  998, -998, 0.00, 0.83, -0.83,  0,  0,  0
2586441.68976320, 1.066043,    0,  998, -998, 0.00, 0.83, -0.83,  0,  0,  0
2586441.69226320, 0.823662,    0,  998, -998, 0.00, 0.83, -0.83,  0,  0,  0
2586441.69476320, -0.215986,    0,  998, -998, 0.00, 0.83, -0.83,  0,  0,  0
2586441.69976320, -1.475157,    0,  998, -998, 0.00, 0.83, -0.83,  0,  0,  0
2586441.70226320, -1.387647,    0,  998, -998, 0.00, 0.83, -0.83,  0,  0,  0
2586441.70476320, -0.819860,    0,  998, -998, 0.00, 0.83, -0.83,  0,  0,  0
2586441.70726320, 0.240336,    0,  998, -998, 0.00, 0.83, -0.83,  0,  0,  0
2586441.70976320, 1.160558,    0,  998, -998, 0.00, 0.83, -0.83,  0,  0,  0
2586441.71226320, 0.919584,    0,  998, -998, 0.00, 0.83, -0.83,  0,  0,  0
2586441.71476320, 0.776680,    0,  998, -998, 0.00, 0.83, -0.83,  0,  0,  0
2586441.71726320, 0.363898,    0,  998, -998, 0.00, 0.83, -0.83,  0,  0,  0
2586441.71976320, -0.624700,    0,  998, -998, 0.00, 0.83, -0.83,  0,  0,  0
2586441.72226320, -1.024374,    0,  998, -998, 0.00, 0.83, -0.83,  0,  0,  0
2586441.72476320, -0.580505,    0,  998, -998, 0.00, 0.83, -0.83,  0,  0,  0
2586441.72726320, -0.186924,    0,  998, -998, 0.00, 0.83, -0.83,  0,  0,  0
2586441.72976320, 1.227910,    0,  998, -998, 0.00, 0.83, -0.83,  0,  0,  0
2586441.73226320, 1.066508,    0,  998, -998, 0.00, 0.83, -0.83,  0,  0,  0
2586441.73476320, 0.561361,    0,  998, -998, 0.00, 0.83, -0.83,  0,  0,  0
2586441.73726320, -0.097822,    0,  998, -998, 0.00, 0.83, -0.83,  0,  0,  0
2586441.73976320, -1.460113,    0,  998, -998, 0.00, 0.83, -0.83,  0,  0,  0
2586441.74226320, -1.090288,    0,  998, -998, 0.00, 0.83, -0.83,  0,  0,  0
2586441.74476320, -0.444370,    0,  998, -998, 0.00, 0.83, -0.83,  0,  0,  0
2586441.74726320, 0.925600,    0,  998, -998, 0.00, 0.83, -0.83,  0,  0,  0
2586441.74976320, 1.577226,    0,  998, -998, 0.00, 0.83, -0.83,  0,  0,  0
2586441.75226320, 0.940966,    0,  998, -998, 0.00, 0.83, -0.83,  0,  0,  0
2586441.75476320, 0.453390,    0,  998, -998, 0.00, 0.83, -0.83,  0,  0,  0
2586441.75726320, -0.797838,    0,  998, -998, 0.00, 0.83, -0.83,  0,  0,  0
2586441.75976320, -1.752040,    0,  998, -998, 0.00, 0.83, -0.83,  0,  0,  0
2586441.76226320, -1.175814,    0,  998, -998, 0.00, 0.83, -0.83,  0,  0,  0
2586441.76476320, -0.600655,    0,  998, -998, 0.00, 0.83, -0.83,  0,  0,  0
2586441.76726320, 0.594910,    0,  998, -998, 0.00, 0.83, -0.83,  0,  0,  0
2586441.76976320, 1.430939,    0,  998, -998, 0.00, 0.83, -0.83,  0,  0,  0
2586441.77226320, 1.229618,    0,  998, -998, 0.00, 0.83, -0.83,  0,  0,  0
2586441.77476320, 1.195360,    0,  998, -998, 0.00, 0.83, -0.83,  0,  0,  0
2586441.77726320, -1.485848,    0,  998, -998, 0.00, 0.83, -0.83,  0,  0,  0
2586441.77976320, -1.508157,    0,  998, -998, 0.00, 0.83, -0.83,  0,  0,  0
2586441.78226320, -1.396675,    0,  998, -998, 0.00, 0.83, -0.83,  0,  0,  0
2586441.78476320, -1.109330,    0,  998, -998, 0.00, 0.83, -0.83,  0,  0,  0
2586441.78726320, -0.821985,    0,  998, -998, 0.00, 0.83, -0.83,  0,  0,  0
2586441.78976320, 0.090104,    0,  998, -998, 0.00, 0.83, -0.83,  0,  0,  0
2586441.79226320, 0.932232,    0,  998, -998, 0.00, 0.83, -0.83,  0,  0,  0
2586441.79476320, 0.838881,    0,  998, -998, 0.00, 0.83, -0.83,  0,  0,  0
2586441.79726320, 0.349644,    0,  998, -998, 0.00, 0.83, -0.83,  0,  0,  0
2586441.79976320, -1.319796,    0,  998, -998, 0.00, 0.83, -0.83,  0,  0,  0
2586441.80226320, -1.314952,    0,  998, -998, 0.00, 0.83, -0.83,  0,  0,  0
2586441.80476320, -0.142820,    0,  998, -998, 0.00, 0.83, -0.83,  0,  0,  0
2586441.80726320, 1.304453,    0,  998, -998, 0.00, 0.83, -0.83,  0,  0,  0
2586441.80976320, 1.287389,    0,  998, -998, 0.00, 0.83, -0.83,  0,  0,  0
2586441.81226320, 0.744786,    0,  998, -998, 0.00, 0.83, -0.83,  0,  0,  0
2586441.81476320, -0.205469,    0,  998, -998, 0.00, 0.83, -0.83,  0,  0,  0
2586441.81726320, -1.181025,    0,  998, -998, 0.00, 0.83, -0.83,  0,  0,  0
2586441.81976320, -1.552936,    0,  998, -998, 0.00, 0.83, -0.83,  0,  0,  0
2586441.82226320, -1.047525,    0,  998, -998, 0.00, 0.83, -0.83,  0,  0,  0
2586441.82726320, 0.463675,    0,  998, -998, 0.00, 0.83, -0.83,  0,  0,  0
2586441.82976320, 1.227589,    0,  998, -998, 0.00, 0.83, -0.83,  0,  0,  0
2586441.83226320, 1.443434,    0,  998, -998, 0.00, 0.83, -0.83,  0,  0,  0
2586441.83476320, 1.019741,    0,  998, -998, 0.00, 0.83, -0.83,  0,  0,  0
2586441.83726320, -0.412317,    0,  998, -998, 0.00, 0.83, -0.83,  0,  0,  0
2586441.83976320, -1.286119,    0,  998, -998, 0.00, 0.83, -0.83,  0,  0,  0
2586441.84226320, -1.200091,    0,  998, -998, 0.00, 0.83, -0.83,  0,  0,  0
2586441.84476320, -0.920125,    0,  998, -998, 0.00, 0.83, -0.83,  0,  0,  0
2586441.84726320, -0.670875,    0,  998, -998, 0.00, 0.83, -0.83,  0,  0,  0
2586441.84976320, -0.217148,    0,  998, -998, 0.00, 0.83, -0.83,  0,  0,  0
2586441.85226320, 0.908894,    0,  998, -998, 0.00, 0.83, -0.83,  0,  0,  0
2586441.85476320, 0.882841,    0,  998, -998, 0.00, 0.83, -0.83,  0,  0,  0
2586441.85726320, -0.379421,    0,  998, -998, 0.00, 0.83, -0.83,  0,  0,  0
2586441.85976320, -1.265956,    0,  998, -998, 0.00, 0.83, -0.83,  0,  0,  0
2586441.86226320, -1.116659,    0,  998, -998, 0.00, 0.83, -0.83,  0,  0,  0
2586441.86476320, -0.435073,    0,  998, -998, 0.00, 0.83, -0.83,  0,  0,  0
2586441.86726320, 0.320342,    0,  998, -998, 0.00, 0.83, -0.83,  0,  0,  0
2586441.86976320, 0.726345,    0,  998, -998, 0.00, 0.83, -0.83,  0,  0,  0
2586441.87226320, 0.559527,    0,  998, -998, 0.00, 0.83, -0.83,  0,  0,  0
2586441.87476320, -0.311065,    0,  998, -998, 0.00, 0.83, -0.83,  0,  0,  0
2586441.87726320, -1.047525,    0,  998, -998, 0.00, 0.83, -0.83,  0,  0,  0
2586441.87976320, -1.341451,    0,  998, -998, 0.00, 0.83, -0.83,  0,  0,  0
2586441.88226320, -1.383794,    0,  998, -998, 0.00, 0.83, -0.83,  0,  0,  0
2586441.88476320, 0.039767,    0,  998, -998, 0.00, 0.83, -0.83,  0,  0,  0
2586441.88726320, 0.823367,    0,  998, -998, 0.00, 0.83, -0.83,  0,  0,  0
2586441.88976320, 0.842588,    0,  998, -998, 0.00, 0.83, -0.83,  0,  0,  0
2586441.89226320, 0.497394,    0,  998, -998, 0.00, 0.83, -0.83,  0,  0,  0
2586441.89476320, -0.007267,    0,  998, -998, 0.00, 0.83, -0.83,  0,  0,  0
2586441.89726320, -0.650050,    0,  998, -998, 0.00, 0.83, -0.83,  0,  0,  0
2586441.89976320, -1.492933,    0,  998, -998, 0.00, 0.83, -0.83,  0,  0,  0
2586441.90226320, -1.421393,    0,  998, -998, 0.00, 0.83, -0.83,  0,  0,  0
2586441.90476320, -0.854692,    0,  998, -998, 0.00, 0.83, -0.83,  0,  0,  0
2586441.90726320, -0.266697,    0,  998, -998, 0.00, 0.83, -0.83,  0,  0,  0
2586441.90976320, 0.220922,    0,  998, -998, 0.00, 0.83, -0.83,  0,  0,  0
2586441.91226320, 0.834211,    0,  998, -998, 0.00, 0.83, -0.83,  0,  0,  0
2586441.91476320, 1.015952,    0,  998, -998, 0.00, 0.83, -0.83,  0,  0,  0
2586441.91726320, 0.612321,    0,  998, -998, 0.00, 0.83, -0.83,  0,  0,  0
2586441.91976320, -0.147294,    0,  998, -998, 0.00, 0.83, -0.83,  0,  0,  0
2586441.92226320, -1.304104,    0,  998, -998, 0.00, 0.83, -0.83,  0,  0,  0
2586441.92476320, -1.304104,    0,  998, -998, 0.00, 0.83, -0.83,  0,  0,  0
2586441.92726320, -0.218274,    0,  998, -998, 0.00, 0.83, -0.83,  0,  0,  0
