Time (s), Force (mN), hv_set (V), hv_vm (V), hv_err (V), lv_set (V), lv_vm (V), lv_err (V), cm_w1 (uA), cm_w2 (uA), cm_w3 (uA)
1036768.56897480, 44840.584286,    0.0,    2.0, -2.0,  0.00,  0.00,  0.00,  0.0,  0.0,  0.0
1036768.57147480, 44840.584286,    0.0,    2.0, -2.0,  0.00,  0.00,  0.00,  0.0,  0.0,  0.0
1036768.57397480, 44840.584286,    0.0,    2.0, -2.0,  0.00,  0.00,  0.00,  0.0,  0.0,  0.0
1036768.57647480, 44840.584286,    0.0,    2.0, -2.0,  0.00,  0.00,  0.00,  0.0,  0.0,  0.0
1036768.57897480, 44840.584286,    0.0,    2.0, -2.0,  0.00,  0.00,  0.00,  0.0,  0.0,  0.0
1036768.58147480, 44840.584286,    0.0,    2.0, -2.0,  0.00,  0.00,  0.00,  0.0,  0.0,  0.0
1036768.58397480, 44841.575431,    0.0,    2.0, -2.0,  0.00,  0.00,  0.00,  0.0,  0.0,  0.0
1036768.58647480, 44842.262743,    0.0,    2.0, -2.0,  0.00,  0.00,  0.00,  0.0,  0.0,  0.0
1036768.58897480, 44844.102928,    0.0,    2.0, -2.0,  0.00,  0.00,  0.00,  0.0,  0.0,  0.0
1036768.59147480, 44844.926088,    0.0,    2.0, -2.0,  0.00,  0.00,  0.00,  0.0,  0.0,  0.0
1036768.59397480, 44843.413958,    0.0,    2.0, -2.0,  0.00,  0.00,  0.00,  0.0,  0.0,  0.0
1036768.59647480, 44842.668994,    0.0,    2.0, -2.0,  0.00,  0.00,  0.00,  0.0,  0.0,  0.0
1036768.59897480, 44840.801107,    0.0,    2.0, -2.0,  0.00,  0.00,  0.00,  0.0,  0.0,  0.0
1036768.60147480, 44840.328472,    0.0,    2.0, -2.0,  0.00,  0.00,  0.00,  0.0,  0.0,  0.0
1036768.60397480, 44841.659616,    0.0,    2.0, -2.0,  0.00,  0.00,  0.00,  0.0,  0.0,  0.0
1036768.60647480, 44842.294816,    0.0,    2.0, -2.0,  0.00,  0.00,  0.00,  0.0,  0.0,  0.0
1036768.60897480, 44843.965649,    0.0,    2.0, -2.0,  0.00,  0.00,  0.00,  0.0,  0.0,  0.0
1036768.61147480, 44844.946106,    0.0,    2.0, -2.0,  0.00,  0.00,  0.00,  0.0,  0.0,  0.0
1036768.61397480, 44844.279260,    0.0,    2.0, -2.0,  0.00,  0.00,  0.00,  0.0,  0.0,  0.0
1036768.61647480, 44842.280187,    0.0,    2.0, -2.0,  0.00,  0.00,  0.00,  0.0,  0.0,  0.0
1036768.61897480, 44840.321197,    0.0,    2.0, -2.0,  0.00,  0.00,  0.00,  0.0,  0.0,  0.0
1036768.62147480, 44840.428203,    0.0,    2.0, -2.0,  0.00,  0.00,  0.00,  0.0,  0.0,  0.0
1036768.62397480, 44841.927744,    0.0,    2.0, -2.0,  0.00,  0.00,  0.00,  0.0,  0.0,  0.0
1036768.62647480, 44842.626231,    0.0,    2.0, -2.0,  0.00,  0.00,  0.00,  0.0,  0.0,  0.0
1036768.62897480, 44844.253357,    0.0,    2.0, -2.0,  0.00,  0.00,  0.00,  0.0,  0.0,  0.0
1036768.63147480, 44844.963484,    0.0,    2.0, -2.0,  0.00,  0.00,  0.00,  0.0,  0.0,  0.0
1036768.63397480, 44843.492782,    0.0,    2.0, -2.0,  0.00,  0.00,  0.00,  0.0,  0.0,  0.0
1036768.63647480, 44841.828518,    0.0,    2.0, -2.0,  0.00,  0.00,  0.00,  0.0,  0.0,  0.0
1036768.63897480, 44840.566743,    0.0,    2.0, -2.0,  0.00,  0.00,  0.00,  0.0,  0.0,  0.0
1036768.64147480, 44839.981796,    0.0,    2.0, -2.0,  0.00,  0.00,  0.00,  0.0,  0.0,  0.0
1036768.64397480, 44840.234055,    0.0,    2.0, -2.0,  0.00,  0.00,  0.00,  0.0,  0.0,  0.0
1036768.64647480, 44840.486314,    0.0,    2.0, -2.0,  0.00,  0.00,  0.00,  0.0,  0.0,  0.0
1036768.64897480, 44843.572613,    0.0,    2.0, -2.0,  0.00,  0.00,  0.00,  0.0,  0.0,  0.0
1036768.65147480, 44844.978209,    0.0,    2.0, -2.0,  0.00,  0.00,  0.00,  0.0,  0.0,  0.0
1036768.65397480, 44844.030356,    0.0,    2.0, -2.0,  0.00,  0.00,  0.00,  0.0,  0.0,  0.0
1036768.65647480, 44842.642651,    0.0,    2.0, -2.0,  0.00,  0.00,  0.00,  0.0,  0.0,  0.0
1036768.65897480, 44841.800795,    0.0,    2.0, -2.0,  0.00,  0.00,  0.00,  0.0,  0.0,  0.0
1036768.66147480, 44840.997361,    0.0,    2.0, -2.0,  0.00,  0.00,  0.00,  0.0,  0.0,  0.0
1036768.66397480, 44840.798069,    0.0,    2.0, -2.0,  0.00,  0.00,  0.00,  0.0,  0.0,  0.0
1036768.66647480, 44841.532991,    0.0,    2.0, -2.0,  0.00,  0.00,  0.00,  0.0,  0.0,  0.0
1036768.66897480, 44843.110175,    0.0,    2.0, -2.0,  0.00,  0.00,  0.00,  0.0,  0.0,  0.0
1036768.67147480, 44844.784691,    0.0,    2.0, -2.0,  0.00,  0.00,  0.00,  0.0,  0.0,  0.0
1036768.67397480, 44844.270480,    0.0,    2.0, -2.0,  0.00,  0.00,  0.00,  0.0,  0.0,  0.0
1036768.67647480, 44843.044831,    0.0,    2.0, -2.0,  0.00,  0.00,  0.00,  0.0,  0.0,  0.0
1036768.67897480, 44840.961544,    0.0,    2.0, -2.0,  0.00,  0.00,  0.00,  0.0,  0.0,  0.0
1036768.68147480, 44840.755342,    0.0,    2.0, -2.0,  0.00,  0.00,  0.00,  0.0,  0.0,  0.0
1036768.68397480, 44840.679010,    0.0,    2.0, -2.0,  0.00,  0.00,  0.00,  0.0,  0.0,  0.0
1036768.68647480, 44841.567839,    0.0,    2.0, -2.0,  0.00,  0.00,  0.00,  0.0,  0.0,  0.0
1036768.68897480, 44842.789395,    0.0,    2.0, -2.0,  0.00,  0.00,  0.00,  0.0,  0.0,  0.0
1036768.69147480, 44844.765408,    0.0,    2.0, -2.0,  0.00,  0.00,  0.00,  0.0,  0.0,  0.0
1036768.69397480, 44844.560935,    0.0,    2.0, -2.0,  0.00,  0.00,  0.00,  0.0,  0.0,  0.0
1036768.69647480, 44843.862913,    0.0,    2.0, -2.0,  0.00,  0.00,  0.00,  0.0,  0.0,  0.0
1036768.69897480, 44841.387789,    0.0,    2.0, -2.0,  0.00,  0.00,  0.00,  0.0,  0.0,  0.0
1036768.70147480, 44839.836759,    0.0,    2.0, -2.0,  0.00,  0.00,  0.00,  0.0,  0.0,  0.0
1036768.70397480, 44839.944311,    0.0,    2.0, -2.0,  0.00,  0.00,  0.00,  0.0,  0.0,  0.0
1036768.70647480, 44840.166721,    0.0,    2.0, -2.0,  0.00,  0.00,  0.00,  0.0,  0.0,  0.0
1036768.70897480, 44840.389131,    0.0,    2.0, -2.0,  0.00,  0.00,  0.00,  0.0,  0.0,  0.0
1036768.71147480, 44841.960331,    0.0,    2.0, -2.0,  0.00,  0.00,  0.00,  0.0,  0.0,  0.0
1036768.71397480, 44843.781668,    0.0,    2.0, -2.0,  0.00,  0.00,  0.00,  0.0,  0.0,  0.0
1036768.71647480, 44844.645948,    0.0,    2.0, -2.0,  0.00,  0.00,  0.00,  0.0,  0.0,  0.0
1036768.71897480, 44840.995888,    0.0,    2.0, -2.0,  0.00,  0.00,  0.00,  0.0,  0.0,  0.0
1036768.72147480, 44840.395591,    0.0,    2.0, -2.0,  0.00,  0.00,  0.00,  0.0,  0.0,  0.0
1036768.72397480, 44840.310689,    0.0,    2.0, -2.0,  0.00,  0.00,  0.00,  0.0,  0.0,  0.0
1036768.72647480, 44840.592675,    0.0,    2.0, -2.0,  0.00,  0.00,  0.00,  0.0,  0.0,  0.0
1036768.72897480, 44841.487987,    0.0,    2.0, -2.0,  0.00,  0.00,  0.00,  0.0,  0.0,  0.0
1036768.73147480, 44842.836999,    0.0,    2.0, -2.0,  0.00,  0.00,  0.00,  0.0,  0.0,  0.0
1036768.73397480, 44844.186010,    0.0,    2.0, -2.0,  0.00,  0.00,  0.00,  0.0,  0.0,  0.0
1036768.73647480, 44842.736872,    0.0,    2.0, -2.0,  0.00,  0.00,  0.00,  0.0,  0.0,  0.0
1036768.73897480, 44840.808793,    0.0,    2.0, -2.0,  0.00,  0.00,  0.00,  0.0,  0.0,  0.0
1036768.74147480, 44840.808793,    0.0,    2.0, -2.0,  0.00,  0.00,  0.00,  0.0,  0.0,  0.0
1036768.74397480, 44840.808793,    0.0,    2.0, -2.0,  0.00,  0.00,  0.00,  0.0,  0.0,  0.0
1036768.74647480, 44841.856984,    0.0,    2.0, -2.0,  0.00,  0.00,  0.00,  0.0,  0.0,  0.0
1036768.74897480, 44843.867457,    0.0,    2.0, -2.0,  0.00,  0.00,  0.00,  0.0,  0.0,  0.0
1036768.75147480, 44844.941305,    0.0,    2.0, -2.0,  0.00,  0.00,  0.00,  0.0,  0.0,  0.0
1036768.75397480, 44844.260251,    0.0,    2.0, -2.0,  0.00,  0.00,  0.00,  0.0,  0.0,  0.0
1036768.75647480, 44841.858443,    0.0,    2.0, -2.0,  0.00,  0.00,  0.00,  0.0,  0.0,  0.0
1036768.75897480, 44840.744649,    0.0,    2.0, -2.0,  0.00,  0.00,  0.00,  0.0,  0.0,  0.0
1036768.76147480, 44839.771639,    0.0,    2.0, -2.0,  0.00,  0.00,  0.00,  0.0,  0.0,  0.0
1036768.76397480, 44840.629684,    0.0,    2.0, -2.0,  0.00,  0.00,  0.00,  0.0,  0.0,  0.0
1036768.76647480, 44842.233717,    0.0,    2.0, -2.0,  0.00,  0.00,  0.00,  0.0,  0.0,  0.0
1036768.76897480, 44843.123408,    0.0,    2.0, -2.0,  0.00,  0.00,  0.00,  0.0,  0.0,  0.0
1036768.77147480, 44843.878919,    0.0,    2.0, -2.0,  0.00,  0.00,  0.00,  0.0,  0.0,  0.0
1036768.77397480, 44843.951891,    0.0,    2.0, -2.0,  0.00,  0.00,  0.00,  0.0,  0.0,  0.0
1036768.77647480, 44843.207020,    0.0,    2.0, -2.0,  0.00,  0.00,  0.00,  0.0,  0.0,  0.0
1036768.77897480, 44841.841785,    0.0,    2.0, -2.0,  0.00,  0.00,  0.00,  0.0,  0.0,  0.0
1036768.78147480, 44840.674712,    0.0,    2.0, -2.0,  0.00,  0.00,  0.00,  0.0,  0.0,  0.0
1036768.78397480, 44840.709321,    0.0,    2.0, -2.0,  0.00,  0.00,  0.00,  0.0,  0.0,  0.0
1036768.78647480, 44841.670303,    0.0,    2.0, -2.0,  0.00,  0.00,  0.00,  0.0,  0.0,  0.0
1036768.78897480, 44844.104159,    0.0,    2.0, -2.0,  0.00,  0.00,  0.00,  0.0,  0.0,  0.0
1036768.79147480, 44844.674398,    0.0,    2.0, -2.0,  0.00,  0.00,  0.00,  0.0,  0.0,  0.0
1036768.79397480, 44844.558029,    0.0,    2.0, -2.0,  0.00,  0.00,  0.00,  0.0,  0.0,  0.0
1036768.79647480, 44844.122933,    0.0,    2.0, -2.0,  0.00,  0.00,  0.00,  0.0,  0.0,  0.0
1036768.79897480, 44841.339822,    0.0,    2.0, -2.0,  0.00,  0.00,  0.00,  0.0,  0.0,  0.0
1036768.80147480, 44840.117249,    0.0,    2.0, -2.0,  0.00,  0.00,  0.00,  0.0,  0.0,  0.0
1036768.80397480, 44841.137349,    0.0,    2.0, -2.0,  0.00,  0.00,  0.00,  0.0,  0.0,  0.0
1036768.80647480, 44843.049142,    0.0,    2.0, -2.0,  0.00,  0.00,  0.00,  0.0,  0.0,  0.0
1036768.80897480, 44843.684621,    0.0,    2.0, -2.0,  0.00,  0.00,  0.00,  0.0,  0.0,  0.0
1036768.81147480, 44844.731406,    0.0,    2.0, -2.0,  0.00,  0.00,  0.00,  0.0,  0.0,  0.0
1036768.81397480, 44843.551479,    0.0,    2.0, -2.0,  0.00,  0.00,  0.00,  0.0,  0.0,  0.0
1036768.81647480, 44841.119124,    0.0,    2.0, -2.0,  0.00,  0.00,  0.00,  0.0,  0.0,  0.0
1036768.81897480, 44840.434615,    0.0,    2.0, -2.0,  0.00,  0.00,  0.00,  0.0,  0.0,  0.0
1036768.82147480, 44840.050062,    0.0,    2.0, -2.0,  0.00,  0.00,  0.00,  0.0,  0.0,  0.0
1036768.82397480, 44840.859237,    0.0,    2.0, -2.0,  0.00,  0.00,  0.00,  0.0,  0.0,  0.0
1036768.82647480, 44842.961088,    0.0,    2.0, -2.0,  0.00,  0.00,  0.00,  0.0,  0.0,  0.0
1036768.82897480, 44843.834292,    0.0,    2.0, -2.0,  0.00,  0.00,  0.00,  0.0,  0.0,  0.0
1036768.83147480, 44843.834292,    0.0,    2.0, -2.0,  0.00,  0.00,  0.00,  0.0,  0.0,  0.0
1036768.83397480, 44843.397448,    0.0,    2.0, -2.0,  0.00,  0.00,  0.00,  0.0,  0.0,  0.0
1036768.83647480, 44842.415701,    0.0,    2.0, -2.0,  0.00,  0.00,  0.00,  0.0,  0.0,  0.0
1036768.83897480, 44841.837194,    0.0,    2.0, -2.0,  0.00,  0.00,  0.00,  0.0,  0.0,  0.0
1036768.84147480, 44841.258687,    0.0,    2.0, -2.0,  0.00,  0.00,  0.00,  0.0,  0.0,  0.0
1036768.84397480, 44840.790910,    0.0,    2.0, -2.0,  0.00,  0.00,  0.00,  0.0,  0.0,  0.0
1036768.84647480, 44840.369959,    0.0,    2.0, -2.0,  0.00,  0.00,  0.00,  0.0,  0.0,  0.0
1036768.84897480, 44843.646269,    0.0,    2.0, -2.0,  0.00,  0.00,  0.00,  0.0,  0.0,  0.0
1036768.85147480, 44844.844313,    0.0,    2.0, -2.0,  0.00,  0.00,  0.00,  0.0,  0.0,  0.0
1036768.85397480, 44845.483923,    0.0,    2.0, -2.0,  0.00,  0.00,  0.00,  0.0,  0.0,  0.0
1036768.85647480, 44843.132536,    0.0,    2.0, -2.0,  0.00,  0.00,  0.00,  0.0,  0.0,  0.0
1036768.85897480, 44841.173899,    0.0,    2.0, -2.0,  0.00,  0.00,  0.00,  0.0,  0.0,  0.0
1036768.86147480, 44840.594017,    0.0,    2.0, -2.0,  0.00,  0.00,  0.00,  0.0,  0.0,  0.0
1036768.86397480, 44841.281283,    0.0,    2.0, -2.0,  0.00,  0.00,  0.00,  0.0,  0.0,  0.0
1036768.86647480, 44843.137534,    0.0,    2.0, -2.0,  0.00,  0.00,  0.00,  0.0,  0.0,  0.0
1036768.86897480, 44843.983964,    0.0,    2.0, -2.0,  0.00,  0.00,  0.00,  0.0,  0.0,  0.0
1036768.87147480, 44844.941179,    0.0,    2.0, -2.0,  0.00,  0.00,  0.00,  0.0,  0.0,  0.0
1036768.87397480, 44843.922125,    0.0,    2.0, -2.0,  0.00,  0.00,  0.00,  0.0,  0.0,  0.0
1036768.87647480, 44841.821445,    0.0,    2.0, -2.0,  0.00,  0.00,  0.00,  0.0,  0.0,  0.0
1036768.87897480, 44841.129518,    0.0,    2.0, -2.0,  0.00,  0.00,  0.00,  0.0,  0.0,  0.0
1036768.88147480, 44840.844707,    0.0,    2.0, -2.0,  0.00,  0.00,  0.00,  0.0,  0.0,  0.0
1036768.88397480, 44841.289971,    0.0,    2.0, -2.0,  0.00,  0.00,  0.00,  0.0,  0.0,  0.0
1036768.88647480, 44843.479843,    0.0,    2.0, -2.0,  0.00,  0.00,  0.00,  0.0,  0.0,  0.0
1036768.88897480, 44844.101563,    0.0,    2.0, -2.0,  0.00,  0.00,  0.00,  0.0,  0.0,  0.0
1036768.89147480, 44844.907319,    0.0,    2.0, -2.0,  0.00,  0.00,  0.00,  0.0,  0.0,  0.0
1036768.89397480, 44843.865688,    0.0,    2.0, -2.0,  0.00,  0.00,  0.00,  0.0,  0.0,  0.0
1036768.89647480, 44841.614456,    0.0,    2.0, -2.0,  0.00,  0.00,  0.00,  0.0,  0.0,  0.0
1036768.89897480, 44840.926392,    0.0,    2.0, -2.0,  0.00,  0.00,  0.00,  0.0,  0.0,  0.0
1036768.90147480, 44840.138741,    0.0,    2.0, -2.0,  0.00,  0.00,  0.00,  0.0,  0.0,  0.0
1036768.90397480, 44841.283914,    0.0,    2.0, -2.0,  0.00,  0.00,  0.00,  0.0,  0.0,  0.0
1036768.90647480, 44842.902094,    0.0,    2.0, -2.0,  0.00,  0.00,  0.00,  0.0,  0.0,  0.0
1036768.90897480, 44843.460114,    0.0,    2.0, -2.0,  0.00,  0.00,  0.00,  0.0,  0.0,  0.0
1036768.91147480, 44844.755732,    0.0,    2.0, -2.0,  0.00,  0.00,  0.00,  0.0,  0.0,  0.0
1036768.91397480, 44843.775069,    0.0,    2.0, -2.0,  0.00,  0.00,  0.00,  0.0,  0.0,  0.0
1036768.91647480, 44842.379266,    0.0,    2.0, -2.0,  0.00,  0.00,  0.00,  0.0,  0.0,  0.0
1036768.91897480, 44841.681678,    0.0,    2.0, -2.0,  0.00,  0.00,  0.00,  0.0,  0.0,  0.0
1036768.92147480, 44840.984089,    0.0,    2.0, -2.0,  0.00,  0.00,  0.00,  0.0,  0.0,  0.0
1036768.92397480, 44840.523584,    0.0,    2.0, -2.0,  0.00,  0.00,  0.00,  0.0,  0.0,  0.0
1036768.92647480, 44842.686207,    0.0,    2.0, -2.0,  0.00,  0.00,  0.00,  0.0,  0.0,  0.0
1036768.92897480, 44843.620476,    0.0,    2.0, -2.0,  0.00,  0.00,  0.00,  0.0,  0.0,  0.0
1036768.93147480, 44843.620476,    0.0,    2.0, -2.0,  0.00,  0.00,  0.00,  0.0,  0.0,  0.0
1036768.93397480, 44843.500746,    0.0,    2.0, -2.0,  0.00,  0.00,  0.00,  0.0,  0.0,  0.0
1036768.93647480, 44843.100093,    0.0,    2.0, -2.0,  0.00,  0.00,  0.00,  0.0,  0.0,  0.0
1036768.93897480, 44842.699441,    0.0,    2.0, -2.0,  0.00,  0.00,  0.00,  0.0,  0.0,  0.0
1036768.94147480, 44840.063273,    0.0,    2.0, -2.0,  0.00,  0.00,  0.00,  0.0,  0.0,  0.0
1036768.94397480, 44840.702998,    0.0,    2.0, -2.0,  0.00,  0.00,  0.00,  0.0,  0.0,  0.0
1036768.94647480, 44841.741740,    0.0,    2.0, -2.0,  0.00,  0.00,  0.00,  0.0,  0.0,  0.0
1036768.94897480, 44843.209083,    0.0,    2.0, -2.0,  0.00,  0.00,  0.00,  0.0,  0.0,  0.0
1036768.95147480, 44844.725155,    0.0,    2.0, -2.0,  0.00,  0.00,  0.00,  0.0,  0.0,  0.0
1036768.95397480, 44843.708960,    0.0,    2.0, -2.0,  0.00,  0.00,  0.00,  0.0,  0.0,  0.0
1036768.95647480, 44841.814867,    0.0,    2.0, -2.0,  0.00,  0.00,  0.00,  0.0,  0.0,  0.0
1036768.95897480, 44840.268210,    0.0,    2.0, -2.0,  0.00,  0.00,  0.00,  0.0,  0.0,  0.0
1036768.96147480, 44839.877762,    0.0,    2.0, -2.0,  0.00,  0.00,  0.00,  0.0,  0.0,  0.0
1036768.96397480, 44839.974910,    0.0,    2.0, -2.0,  0.00,  0.00,  0.00,  0.0,  0.0,  0.0
1036768.96647480, 44842.049012,    0.0,    2.0, -2.0,  0.00,  0.00,  0.00,  0.0,  0.0,  0.0
1036768.96897480, 44843.993639,    0.0,    2.0, -2.0,  0.00,  0.00,  0.00,  0.0,  0.0,  0.0
1036768.97147480, 44845.079048,    0.0,    2.0, -2.0,  0.00,  0.00,  0.00,  0.0,  0.0,  0.0
1036768.97397480, 44844.468452,    0.0,    2.0, -2.0,  0.00,  0.00,  0.00,  0.0,  0.0,  0.0
1036768.97647480, 44842.663035,    0.0,    2.0, -2.0,  0.00,  0.00,  0.00,  0.0,  0.0,  0.0
1036768.97897480, 44840.919775,    0.0,    2.0, -2.0,  0.00,  0.00,  0.00,  0.0,  0.0,  0.0
1036768.98147480, 44840.121688,    0.0,    2.0, -2.0,  0.00,  0.00,  0.00,  0.0,  0.0,  0.0
1036768.98397480, 44840.925603,    0.0,    2.0, -2.0,  0.00,  0.00,  0.00,  0.0,  0.0,  0.0
1036768.98647480, 44842.726209,    0.0,    2.0, -2.0,  0.00,  0.00,  0.00,  0.0,  0.0,  0.0
1036768.98897480, 44843.606790,    0.0,    2.0, -2.0,  0.00,  0.00,  0.00,  0.0,  0.0,  0.0
1036768.99147480, 44844.487370,    0.0,    2.0, -2.0,  0.00,  0.00,  0.00,  0.0,  0.0,  0.0
1036768.99397480, 44844.745827,    0.0,    2.0, -2.0,  0.00,  0.00,  0.00,  0.0,  0.0,  0.0
1036768.99647480, 44842.671394,    0.0,    2.0, -2.0,  0.00,  0.00,  0.00,  0.0,  0.0,  0.0
1036768.99897480, 44841.858547,    0.0,    2.0, -2.0,  0.00,  0.00,  0.00,  0.0,  0.0,  0.0
1036769.00147480, 44841.045700,    0.0,    2.0, -2.0,  0.00,  0.00,  0.00,  0.0,  0.0,  0.0
1036769.00397480, 44840.863476,    0.0,    2.0, -2.0,  0.00,  0.00,  0.00,  0.0,  0.0,  0.0
1036769.00647480, 44840.757067,    0.0,    2.0, -2.0,  0.00,  0.00,  0.00,  0.0,  0.0,  0.0
1036769.00897480, 44841.063779,    0.0,    2.0, -2.0,  0.00,  0.00,  0.00,  0.0,  0.0,  0.0
1036769.01147480, 44842.430279,    0.0,    2.0, -2.0,  0.00,  0.00,  0.00,  0.0,  0.0,  0.0
1036769.01397480, 44843.796779,    0.0,    2.0, -2.0,  0.00,  0.00,  0.00,  0.0,  0.0,  0.0
1036769.01647480, 44845.163280,    0.0,    2.0, -2.0,  0.00,  0.00,  0.00,  0.0,  0.0,  0.0
1036769.01897480, 44841.953166,    0.0,    2.0, -2.0,  0.00,  0.00,  0.00,  0.0,  0.0,  0.0
1036769.02147480, 44840.488089,    0.0,    2.0, -2.0,  0.00,  0.00,  0.00,  0.0,  0.0,  0.0
1036769.02397480, 44840.821282,    0.0,    2.0, -2.0,  0.00,  0.00,  0.00,  0.0,  0.0,  0.0
1036769.02647480, 44842.967526,    0.0,    2.0, -2.0,  0.00,  0.00,  0.00,  0.0,  0.0,  0.0
1036769.02897480, 44844.386523,    0.0,    2.0, -2.0,  0.00,  0.00,  0.00,  0.0,  0.0,  0.0
1036769.03147480, 44844.905339,    0.0,    2.0, -2.0,  0.00,  0.00,  0.00,  0.0,  0.0,  0.0
1036769.03397480, 44844.466746,    0.0,    2.0, -2.0,  0.00,  0.00,  0.00,  0.0,  0.0,  0.0
1036769.03647480, 44842.605847,    0.0,    2.0, -2.0,  0.00,  0.00,  0.00,  0.0,  0.0,  0.0
1036769.03897480, 44840.948289,    0.0,    2.0, -2.0,  0.00,  0.00,  0.00,  0.0,  0.0,  0.0
1036769.04147480, 44840.133883,    0.0,    2.0, -2.0,  0.00,  0.00,  0.00,  0.0,  0.0,  0.0
1036769.04397480, 44840.558304,    0.0,    2.0, -2.0,  0.00,  0.00,  0.00,  0.0,  0.0,  0.0
1036769.04647480, 44842.520740,    0.0,    2.0, -2.0,  0.00,  0.00,  0.00,  0.0,  0.0,  0.0
1036769.04897480, 44843.165664,    0.0,    2.0, -2.0,  0.00,  0.00,  0.00,  0.0,  0.0,  0.0
1036769.05147480, 44843.810587,    0.0,    2.0, -2.0,  0.00,  0.00,  0.00,  0.0,  0.0,  0.0
1036769.05397480, 44843.741823,    0.0,    2.0, -2.0,  0.00,  0.00,  0.00,  0.0,  0.0,  0.0
1036769.05647480, 44842.798517,    0.0,    2.0, -2.0,  0.00,  0.00,  0.00,  0.0,  0.0,  0.0
1036769.05897480, 44842.086170,    0.0,    2.0, -2.0,  0.00,  0.00,  0.00,  0.0,  0.0,  0.0
1036769.06147480, 44841.385121,    0.0,    2.0, -2.0,  0.00,  0.00,  0.00,  0.0,  0.0,  0.0
1036769.06397480, 44841.584501,    0.0,    2.0, -2.0,  0.00,  0.00,  0.00,  0.0,  0.0,  0.0
1036769.06647480, 44841.995473,    0.0,    2.0, -2.0,  0.00,  0.00,  0.00,  0.0,  0.0,  0.0
1036769.06897480, 44842.508426,    0.0,    2.0, -2.0,  0.00,  0.00,  0.00,  0.0,  0.0,  0.0
1036769.07147480, 44844.644792,    0.0,    2.0, -2.0,  0.00,  0.00,  0.00,  0.0,  0.0,  0.0
1036769.07397480, 44844.472333,    0.0,    2.0, -2.0,  0.00,  0.00,  0.00,  0.0,  0.0,  0.0
1036769.07647480, 44844.299874,    0.0,    2.0, -2.0,  0.00,  0.00,  0.00,  0.0,  0.0,  0.0
1036769.07897480, 44842.376531,    0.0,    2.0, -2.0,  0.00,  0.00,  0.00,  0.0,  0.0,  0.0
1036769.08147480, 44840.861638,    0.0,    2.0, -2.0,  0.00,  0.00,  0.00,  0.0,  0.0,  0.0
1036769.08397480, 44840.649726,    0.0,    2.0, -2.0,  0.00,  0.00,  0.00,  0.0,  0.0,  0.0
1036769.08647480, 44842.947838,    0.0,    2.0, -2.0,  0.00,  0.00,  0.00,  0.0,  0.0,  0.0
1036769.08897480, 44844.765426,    0.0,    2.0, -2.0,  0.00,  0.00,  0.00,  0.0,  0.0,  0.0
1036769.09147480, 44845.213407,    0.0,    2.0, -2.0,  0.00,  0.00,  0.00,  0.0,  0.0,  0.0
1036769.09397480, 44844.683474,    0.0,    2.0, -2.0,  0.00,  0.00,  0.00,  0.0,  0.0,  0.0
1036769.09647480, 44842.227887,    0.0,    2.0, -2.0,  0.00,  0.00,  0.00,  0.0,  0.0,  0.0
1036769.09897480, 44840.272104,    0.0,    2.0, -2.0,  0.00,  0.00,  0.00,  0.0,  0.0,  0.0
1036769.10147480, 44839.793167,    0.0,    2.0, -2.0,  0.00,  0.00,  0.00,  0.0,  0.0,  0.0
1036769.10397480, 44840.417933,    0.0,    2.0, -2.0,  0.00,  0.00,  0.00,  0.0,  0.0,  0.0
1036769.10647480, 44842.436739,    0.0,    2.0, -2.0,  0.00,  0.00,  0.00,  0.0,  0.0,  0.0
1036769.10897480, 44844.336631,    0.0,    2.0, -2.0,  0.00,  0.00,  0.00,  0.0,  0.0,  0.0
1036769.11147480, 44844.871301,    0.0,    2.0, -2.0,  0.00,  0.00,  0.00,  0.0,  0.0,  0.0
1036769.11397480, 44844.871301,    0.0,    2.0, -2.0,  0.00,  0.00,  0.00,  0.0,  0.0,  0.0
1036769.11647480, 44843.665580,    0.0,    2.0, -2.0,  0.00,  0.00,  0.00,  0.0,  0.0,  0.0
1036769.11897480, 44841.919446,    0.0,    2.0, -2.0,  0.00,  0.00,  0.00,  0.0,  0.0,  0.0
1036769.12147480, 44839.995939,    0.0,    2.0, -2.0,  0.00,  0.00,  0.00,  0.0,  0.0,  0.0
1036769.12397480, 44840.085539,    0.0,    2.0, -2.0,  0.00,  0.00,  0.00,  0.0,  0.0,  0.0
1036769.12647480, 44840.619691,    0.0,    2.0, -2.0,  0.00,  0.00,  0.00,  0.0,  0.0,  0.0
1036769.12897480, 44841.196162,    0.0,    2.0, -2.0,  0.00,  0.00,  0.00,  0.0,  0.0,  0.0
1036769.13147480, 44841.772634,    0.0,    2.0, -2.0,  0.00,  0.00,  0.00,  0.0,  0.0,  0.0
1036769.13397480, 44842.782493,    0.0,    2.0, -2.0,  0.00,  0.00,  0.00,  0.0,  0.0,  0.0
1036769.13647480, 44843.889141,    0.0,    2.0, -2.0,  0.00,  0.00,  0.00,  0.0,  0.0,  0.0
1036769.13897480, 44843.492453,    0.0,    2.0, -2.0,  0.00,  0.00,  0.00,  0.0,  0.0,  0.0
1036769.14147480, 44840.081704,    0.0,    2.0, -2.0,  0.00,  0.00,  0.00,  0.0,  0.0,  0.0
1036769.14397480, 44840.873296,    0.0,    2.0, -2.0,  0.00,  0.00,  0.00,  0.0,  0.0,  0.0
1036769.14647480, 44842.832269,    0.0,    2.0, -2.0,  0.00,  0.00,  0.00,  0.0,  0.0,  0.0
1036769.14897480, 44844.668385,    0.0,    2.0, -2.0,  0.00,  0.00,  0.00,  0.0,  0.0,  0.0
1036769.15147480, 44845.053045,    0.0,    2.0, -2.0,  0.00,  0.00,  0.00,  0.0,  0.0,  0.0
1036769.15397480, 44844.256990,    0.0,    2.0, -2.0,  0.00,  0.00,  0.00,  0.0,  0.0,  0.0
1036769.15647480, 44841.931263,    0.0,    2.0, -2.0,  0.00,  0.00,  0.00,  0.0,  0.0,  0.0
1036769.15897480, 44840.292255,    0.0,    2.0, -2.0,  0.00,  0.00,  0.00,  0.0,  0.0,  0.0
1036769.16147480, 44840.060437,    0.0,    2.0, -2.0,  0.00,  0.00,  0.00,  0.0,  0.0,  0.0
1036769.16397480, 44840.451198,    0.0,    2.0, -2.0,  0.00,  0.00,  0.00,  0.0,  0.0,  0.0
1036769.16647480, 44842.308754,    0.0,    2.0, -2.0,  0.00,  0.00,  0.00,  0.0,  0.0,  0.0
1036769.16897480, 44844.336535,    0.0,    2.0, -2.0,  0.00,  0.00,  0.00,  0.0,  0.0,  0.0
1036769.17147480, 44844.721630,    0.0,    2.0, -2.0,  0.00,  0.00,  0.00,  0.0,  0.0,  0.0
1036769.17397480, 44844.519541,    0.0,    2.0, -2.0,  0.00,  0.00,  0.00,  0.0,  0.0,  0.0
1036769.17647480, 44844.296041,    0.0,    2.0, -2.0,  0.00,  0.00,  0.00,  0.0,  0.0,  0.0
1036769.17897480, 44841.519143,    0.0,    2.0, -2.0,  0.00,  0.00,  0.00,  0.0,  0.0,  0.0
1036769.18147480, 44839.921456,    0.0,    2.0, -2.0,  0.00,  0.00,  0.00,  0.0,  0.0,  0.0
1036769.18397480, 44840.468910,    0.0,    2.0, -2.0,  0.00,  0.00,  0.00,  0.0,  0.0,  0.0
1036769.18647480, 44841.338437,    0.0,    2.0, -2.0,  0.00,  0.00,  0.00,  0.0,  0.0,  0.0
1036769.18897480, 44842.574989,    0.0,    2.0, -2.0,  0.00,  0.00,  0.00,  0.0,  0.0,  0.0
1036769.19147480, 44845.025976,    0.0,    2.0, -2.0,  0.00,  0.00,  0.00,  0.0,  0.0,  0.0
1036769.19397480, 44844.685364,    0.0,    2.0, -2.0,  0.00,  0.00,  0.00,  0.0,  0.0,  0.0
1036769.19647480, 44844.166196,    0.0,    2.0, -2.0,  0.00,  0.00,  0.00,  0.0,  0.0,  0.0
1036769.19897480, 44842.371718,    0.0,    2.0, -2.0,  0.00,  0.00,  0.00,  0.0,  0.0,  0.0
1036769.20147480, 44840.801113,    0.0,    2.0, -2.0,  0.00,  0.00,  0.00,  0.0,  0.0,  0.0
1036769.20397480, 44840.825574,    0.0,    2.0, -2.0,  0.00,  0.00,  0.00,  0.0,  0.0,  0.0
1036769.20647480, 44842.111240,    0.0,    2.0, -2.0,  0.00,  0.00,  0.00,  0.0,  0.0,  0.0
1036769.20897480, 44843.262237,    0.0,    2.0, -2.0,  0.00,  0.00,  0.00,  0.0,  0.0,  0.0
1036769.21147480, 44844.290702,    0.0,    2.0, -2.0,  0.00,  0.00,  0.00,  0.0,  0.0,  0.0
1036769.21397480, 44843.521411,    0.0,    2.0, -2.0,  0.00,  0.00,  0.00,  0.0,  0.0,  0.0
1036769.21647480, 44842.861429,    0.0,    2.0, -2.0,  0.00,  0.00,  0.00,  0.0,  0.0,  0.0
1036769.21897480, 44841.076340,    0.0,    2.0, -2.0,  0.00,  0.00,  0.00,  0.0,  0.0,  0.0
1036769.22397480, 44841.894093,    0.0,    2.0, -2.0,  0.00,  0.00,  0.00,  0.0,  0.0,  0.0
1036769.22647480, 44842.615540,    0.0,    2.0, -2.0,  0.00,  0.00,  0.00,  0.0,  0.0,  0.0
1036769.22897480, 44844.361482,    0.0,    2.0, -2.0,  0.00,  0.00,  0.00,  0.0,  0.0,  0.0
1036769.23147480, 44844.908010,    0.0,    2.0, -2.0,  0.00,  0.00,  0.00,  0.0,  0.0,  0.0
1036769.23397480, 44844.670336,    0.0,    2.0, -2.0,  0.00,  0.00,  0.00,  0.0,  0.0,  0.0
1036769.23647480, 44843.952204,    0.0,    2.0, -2.0,  0.00,  0.00,  0.00,  0.0,  0.0,  0.0
1036769.23897480, 44843.234071,    0.0,    2.0, -2.0,  0.00,  0.00,  0.00,  0.0,  0.0,  0.0
1036769.24147480, 44841.238619,    0.0,    2.0, -2.0,  0.00,  0.00,  0.00,  0.0,  0.0,  0.0
1036769.24397480, 44840.483184,    0.0,    2.0, -2.0,  0.00,  0.00,  0.00,  0.0,  0.0,  0.0
1036769.24647480, 44841.172211,    0.0,    2.0, -2.0,  0.00,  0.00,  0.00,  0.0,  0.0,  0.0
1036769.24897480, 44841.861238,    0.0,    2.0, -2.0,  0.00,  0.00,  0.00,  0.0,  0.0,  0.0
1036769.25147480, 44844.093342,    0.0,    2.0, -2.0,  0.00,  0.00,  0.00,  0.0,  0.0,  0.0
1036769.25397480, 44844.672618,    0.0,    2.0, -2.0,  0.00,  0.00,  0.00,  0.0,  0.0,  0.0
1036769.25647480, 44844.398532,    0.0,    2.0, -2.0,  0.00,  0.00,  0.00,  0.0,  0.0,  0.0
1036769.25897480, 44842.908302,    0.0,    2.0, -2.0,  0.00,  0.00,  0.00,  0.0,  0.0,  0.0
1036769.26147480, 44841.423248,    0.0,    2.0, -2.0,  0.00,  0.00,  0.00,  0.0,  0.0,  0.0
1036769.26397480, 44840.647990,    0.0,    2.0, -2.0,  0.00,  0.00,  0.00,  0.0,  0.0,  0.0
1036769.26647480, 44841.955243,    0.0,    2.0, -2.0,  0.00,  0.00,  0.00,  0.0,  0.0,  0.0
1036769.26897480, 44844.101058,    0.0,    2.0, -2.0,  0.00,  0.00,  0.00,  0.0,  0.0,  0.0
1036769.27147480, 44844.885335,    0.0,    2.0, -2.0,  0.00,  0.00,  0.00,  0.0,  0.0,  0.0
1036769.27397480, 44844.406864,    0.0,    2.0, -2.0,  0.00,  0.00,  0.00,  0.0,  0.0,  0.0
1036769.27647480, 44843.058076,    0.0,    2.0, -2.0,  0.00,  0.00,  0.00,  0.0,  0.0,  0.0
1036769.27897480, 44840.949190,    0.0,    2.0, -2.0,  0.00,  0.00,  0.00,  0.0,  0.0,  0.0
1036769.28147480, 44840.573744,    0.0,    2.0, -2.0,  0.00,  0.00,  0.00,  0.0,  0.0,  0.0
1036769.28397480, 44840.413233,    0.0,    2.0, -2.0,  0.00,  0.00,  0.00,  0.0,  0.0,  0.0
1036769.28647480, 44841.963155,    0.0,    2.0, -2.0,  0.00,  0.00,  0.00,  0.0,  0.0,  0.0
1036769.28897480, 44843.769118,    0.0,    2.0, -2.0,  0.00,  0.00,  0.00,  0.0,  0.0,  0.0
1036769.29147480, 44844.431965,    0.0,    2.0, -2.0,  0.00,  0.00,  0.00,  0.0,  0.0,  0.0
1036769.29397480, 44843.476854,    0.0,    2.0, -2.0,  0.00,  0.00,  0.00,  0.0,  0.0,  0.0
1036769.29647480, 44842.314895,    0.0,    2.0, -2.0,  0.00,  0.00,  0.00,  0.0,  0.0,  0.0
1036769.29897480, 44841.507662,    0.0,    2.0, -2.0,  0.00,  0.00,  0.00,  0.0,  0.0,  0.0
1036769.30147480, 44840.700429,    0.0,    2.0, -2.0,  0.00,  0.00,  0.00,  0.0,  0.0,  0.0
1036769.30397480, 44840.121033,    0.0,    2.0, -2.0,  0.00,  0.00,  0.00,  0.0,  0.0,  0.0
1036769.30647480, 44840.856414,    0.0,    2.0, -2.0,  0.00,  0.00,  0.00,  0.0,  0.0,  0.0
1036769.30897480, 44841.633660,    0.0,    2.0, -2.0,  0.00,  0.00,  0.00,  0.0,  0.0,  0.0
1036769.31147480, 44842.415250,    0.0,    2.0, -2.0,  0.00,  0.00,  0.00,  0.0,  0.0,  0.0
1036769.31397480, 44843.201825,    0.0,    2.0, -2.0,  0.00,  0.00,  0.00,  0.0,  0.0,  0.0
1036769.31647480, 44843.988399,    0.0,    2.0, -2.0,  0.00,  0.00,  0.00,  0.0,  0.0,  0.0
1036769.31897480, 44843.162023,    0.0,    2.0, -2.0,  0.00,  0.00,  0.00,  0.0,  0.0,  0.0
1036769.32147480, 44841.574656,    0.0,    2.0, -2.0,  0.00,  0.00,  0.00,  0.0,  0.0,  0.0
1036769.32397480, 44840.781397,    0.0,    2.0, -2.0,  0.00,  0.00,  0.00,  0.0,  0.0,  0.0
1036769.32647480, 44842.262598,    0.0,    2.0, -2.0,  0.00,  0.00,  0.00,  0.0,  0.0,  0.0
1036769.32897480, 44843.759457,    0.0,    2.0, -2.0,  0.00,  0.00,  0.00,  0.0,  0.0,  0.0
1036769.33147480, 44844.083622,    0.0,    2.0, -2.0,  0.00,  0.00,  0.00,  0.0,  0.0,  0.0
1036769.33397480, 44844.315379,    0.0,    2.0, -2.0,  0.00,  0.00,  0.00,  0.0,  0.0,  0.0
1036769.33647480, 44842.505311,    0.0,    2.0, -2.0,  0.00,  0.00,  0.00,  0.0,  0.0,  0.0
1036769.33897480, 44840.791574,    0.0,    2.0, -2.0,  0.00,  0.00,  0.00,  0.0,  0.0,  0.0
1036769.34147480, 44840.374048,    0.0,    2.0, -2.0,  0.00,  0.00,  0.00,  0.0,  0.0,  0.0
1036769.34397480, 44840.552214,    0.0,    2.0, -2.0,  0.00,  0.00,  0.00,  0.0,  0.0,  0.0
1036769.34647480, 44842.188619,    0.0,    2.0, -2.0,  0.00,  0.00,  0.00,  0.0,  0.0,  0.0
1036769.34897480, 44844.248628,    0.0,    2.0, -2.0,  0.00,  0.00,  0.00,  0.0,  0.0,  0.0
1036769.35147480, 44844.750925,    0.0,    2.0, -2.0,  0.00,  0.00,  0.00,  0.0,  0.0,  0.0
1036769.35397480, 44844.497123,    0.0,    2.0, -2.0,  0.00,  0.00,  0.00,  0.0,  0.0,  0.0
1036769.35647480, 44842.591810,    0.0,    2.0, -2.0,  0.00,  0.00,  0.00,  0.0,  0.0,  0.0
1036769.35897480, 44840.728351,    0.0,    2.0, -2.0,  0.00,  0.00,  0.00,  0.0,  0.0,  0.0
1036769.36147480, 44840.322811,    0.0,    2.0, -2.0,  0.00,  0.00,  0.00,  0.0,  0.0,  0.0
1036769.36397480, 44839.917271,    0.0,    2.0, -2.0,  0.00,  0.00,  0.00,  0.0,  0.0,  0.0
1036769.36647480, 44841.826377,    0.0,    2.0, -2.0,  0.00,  0.00,  0.00,  0.0,  0.0,  0.0
1036769.36897480, 44844.347451,    0.0,    2.0, -2.0,  0.00,  0.00,  0.00,  0.0,  0.0,  0.0
1036769.37147480, 44844.621104,    0.0,    2.0, -2.0,  0.00,  0.00,  0.00,  0.0,  0.0,  0.0
1036769.37397480, 44845.098849,    0.0,    2.0, -2.0,  0.00,  0.00,  0.00,  0.0,  0.0,  0.0
1036769.37647480, 44843.194507,    0.0,    2.0, -2.0,  0.00,  0.00,  0.00,  0.0,  0.0,  0.0
1036769.37897480, 44842.347292,    0.0,    2.0, -2.0,  0.00,  0.00,  0.00,  0.0,  0.0,  0.0
1036769.38147480, 44841.524431,    0.0,    2.0, -2.0,  0.00,  0.00,  0.00,  0.0,  0.0,  0.0
1036769.38397480, 44840.999227,    0.0,    2.0, -2.0,  0.00,  0.00,  0.00,  0.0,  0.0,  0.0
1036769.38647480, 44840.849615,    0.0,    2.0, -2.0,  0.00,  0.00,  0.00,  0.0,  0.0,  0.0
1036769.38897480, 44842.610830,    0.0,    2.0, -2.0,  0.00,  0.00,  0.00,  0.0,  0.0,  0.0
1036769.39147480, 44844.854172,    0.0,    2.0, -2.0,  0.00,  0.00,  0.00,  0.0,  0.0,  0.0
1036769.39397480, 44844.614722,    0.0,    2.0, -2.0,  0.00,  0.00,  0.00,  0.0,  0.0,  0.0
1036769.39647480, 44842.764717,    0.0,    2.0, -2.0,  0.00,  0.00,  0.00,  0.0,  0.0,  0.0
1036769.39897480, 44840.617207,    0.0,    2.0, -2.0,  0.00,  0.00,  0.00,  0.0,  0.0,  0.0
1036769.40147480, 44840.537945,    0.0,    2.0, -2.0,  0.00,  0.00,  0.00,  0.0,  0.0,  0.0
1036769.40397480, 44840.905011,    0.0,    2.0, -2.0,  0.00,  0.00,  0.00,  0.0,  0.0,  0.0
1036769.40647480, 44842.025175,    0.0,    2.0, -2.0,  0.00,  0.00,  0.00,  0.0,  0.0,  0.0
1036769.40897480, 44844.344995,    0.0,    2.0, -2.0,  0.00,  0.00,  0.00,  0.0,  0.0,  0.0
1036769.41147480, 44844.879244,    0.0,    2.0, -2.0,  0.00,  0.00,  0.00,  0.0,  0.0,  0.0
1036769.41397480, 44844.571958,    0.0,    2.0, -2.0,  0.00,  0.00,  0.00,  0.0,  0.0,  0.0
1036769.41647480, 44842.806102,    0.0,    2.0, -2.0,  0.00,  0.00,  0.00,  0.0,  0.0,  0.0
1036769.41897480, 44841.037123,    0.0,    2.0, -2.0,  0.00,  0.00,  0.00,  0.0,  0.0,  0.0
1036769.42147480, 44840.590697,    0.0,    2.0, -2.0,  0.00,  0.00,  0.00,  0.0,  0.0,  0.0
1036769.42397480, 44840.736220,    0.0,    2.0, -2.0,  0.00,  0.00,  0.00,  0.0,  0.0,  0.0
1036769.42647480, 44842.378730,    0.0,    2.0, -2.0,  0.00,  0.00,  0.00,  0.0,  0.0,  0.0
1036769.42897480, 44843.834292,    0.0,    2.0, -2.0,  0.00,  0.00,  0.00,  0.0,  0.0,  0.0
1036769.43147480, 44844.069410,    0.0,    2.0, -2.0,  0.00,  0.00,  0.00,  0.0,  0.0,  0.0
1036769.43397480, 44844.402381,    0.0,    2.0, -2.0,  0.00,  0.00,  0.00,  0.0,  0.0,  0.0
1036769.43647480, 44843.967149,    0.0,    2.0, -2.0,  0.00,  0.00,  0.00,  0.0,  0.0,  0.0
1036769.43897480, 44840.782001,    0.0,    2.0, -2.0,  0.00,  0.00,  0.00,  0.0,  0.0,  0.0
1036769.44147480, 44840.291678,    0.0,    2.0, -2.0,  0.00,  0.00,  0.00,  0.0,  0.0,  0.0
1036769.44397480, 44839.801356,    0.0,    2.0, -2.0,  0.00,  0.00,  0.00,  0.0,  0.0,  0.0
1036769.44647480, 44840.600396,    0.0,    2.0, -2.0,  0.00,  0.00,  0.00,  0.0,  0.0,  0.0
1036769.44897480, 44841.584845,    0.0,    2.0, -2.0,  0.00,  0.00,  0.00,  0.0,  0.0,  0.0
1036769.45147480, 44844.304646,    0.0,    2.0, -2.0,  0.00,  0.00,  0.00,  0.0,  0.0,  0.0
1036769.45397480, 44844.422503,    0.0,    2.0, -2.0,  0.00,  0.00,  0.00,  0.0,  0.0,  0.0
1036769.45647480, 44842.005887,    0.0,    2.0, -2.0,  0.00,  0.00,  0.00,  0.0,  0.0,  0.0
1036769.45897480, 44841.043991,    0.0,    2.0, -2.0,  0.00,  0.00,  0.00,  0.0,  0.0,  0.0
1036769.46147480, 44840.330759,    0.0,    2.0, -2.0,  0.00,  0.00,  0.00,  0.0,  0.0,  0.0
1036769.46397480, 44840.941484,    0.0,    2.0, -2.0,  0.00,  0.00,  0.00,  0.0,  0.0,  0.0
1036769.46647480, 44842.753120,    0.0,    2.0, -2.0,  0.00,  0.00,  0.00,  0.0,  0.0,  0.0
1036769.46897480, 44843.417351,    0.0,    2.0, -2.0,  0.00,  0.00,  0.00,  0.0,  0.0,  0.0
1036769.47147480, 44844.508110,    0.0,    2.0, -2.0,  0.00,  0.00,  0.00,  0.0,  0.0,  0.0
1036769.47397480, 44843.669989,    0.0,    2.0, -2.0,  0.00,  0.00,  0.00,  0.0,  0.0,  0.0
1036769.47647480, 44841.623759,    0.0,    2.0, -2.0,  0.00,  0.00,  0.00,  0.0,  0.0,  0.0
1036769.47897480, 44840.990537,    0.0,    2.0, -2.0,  0.00,  0.00,  0.00,  0.0,  0.0,  0.0
1036769.48147480, 44840.677704,    0.0,    2.0, -2.0,  0.00,  0.00,  0.00,  0.0,  0.0,  0.0
1036769.48397480, 44840.622259,    0.0,    2.0, -2.0,  0.00,  0.00,  0.00,  0.0,  0.0,  0.0
1036769.48647480, 44841.244007,    0.0,    2.0, -2.0,  0.00,  0.00,  0.00,  0.0,  0.0,  0.0
1036769.48897480, 44841.865755,    0.0,    2.0, -2.0,  0.00,  0.00,  0.00,  0.0,  0.0,  0.0
1036769.49147480, 44843.950728,    0.0,    2.0, -2.0,  0.00,  0.00,  0.00,  0.0,  0.0,  0.0
1036769.49397480, 44844.679422,    0.0,    2.0, -2.0,  0.00,  0.00,  0.00,  0.0,  0.0,  0.0
1036769.49647480, 44844.517438,    0.0,    2.0, -2.0,  0.00,  0.00,  0.00,  0.0,  0.0,  0.0
1036769.49897480, 44843.853202,    0.0,    2.0, -2.0,  0.00,  0.00,  0.00,  0.0,  0.0,  0.0
1036769.50147480, 44840.487783,    0.0,    2.0, -2.0,  0.00,  0.00,  0.00,  0.0,  0.0,  0.0
1036769.50397480, 44840.441122,    0.0,    2.0, -2.0,  0.00,  0.00,  0.00,  0.0,  0.0,  0.0
1036769.50647480, 44841.117643,    0.0,    2.0, -2.0,  0.00,  0.00,  0.00,  0.0,  0.0,  0.0
1036769.50897480, 44842.868514,    0.0,    2.0, -2.0,  0.00,  0.00,  0.00,  0.0,  0.0,  0.0
1036769.51147480, 44844.317718,    0.0,    2.0, -2.0,  0.00,  0.00,  0.00,  0.0,  0.0,  0.0
1036769.51397480, 44844.367846,    0.0,    2.0, -2.0,  0.00,  0.00,  0.00,  0.0,  0.0,  0.0
1036769.51647480, 44842.630442,    0.0,    2.0, -2.0,  0.00,  0.00,  0.00,  0.0,  0.0,  0.0
1036769.51897480, 44840.667841,    0.0,    2.0, -2.0,  0.00,  0.00,  0.00,  0.0,  0.0,  0.0
1036769.52147480, 44840.039755,    0.0,    2.0, -2.0,  0.00,  0.00,  0.00,  0.0,  0.0,  0.0
1036769.52397480, 44841.267959,    0.0,    2.0, -2.0,  0.00,  0.00,  0.00,  0.0,  0.0,  0.0
1036769.52647480, 44843.511812,    0.0,    2.0, -2.0,  0.00,  0.00,  0.00,  0.0,  0.0,  0.0
1036769.52897480, 44844.176398,    0.0,    2.0, -2.0,  0.00,  0.00,  0.00,  0.0,  0.0,  0.0
1036769.53147480, 44845.277109,    0.0,    2.0, -2.0,  0.00,  0.00,  0.00,  0.0,  0.0,  0.0
1036769.53397480, 44844.234530,    0.0,    2.0, -2.0,  0.00,  0.00,  0.00,  0.0,  0.0,  0.0
1036769.53647480, 44842.383928,    0.0,    2.0, -2.0,  0.00,  0.00,  0.00,  0.0,  0.0,  0.0
1036769.53897480, 44840.872537,    0.0,    2.0, -2.0,  0.00,  0.00,  0.00,  0.0,  0.0,  0.0
1036769.54147480, 44840.573653,    0.0,    2.0, -2.0,  0.00,  0.00,  0.00,  0.0,  0.0,  0.0
1036769.54397480, 44841.475689,    0.0,    2.0, -2.0,  0.00,  0.00,  0.00,  0.0,  0.0,  0.0
1036769.54647480, 44843.102164,    0.0,    2.0, -2.0,  0.00,  0.00,  0.00,  0.0,  0.0,  0.0
1036769.54897480, 44844.466338,    0.0,    2.0, -2.0,  0.00,  0.00,  0.00,  0.0,  0.0,  0.0
1036769.55147480, 44844.814460,    0.0,    2.0, -2.0,  0.00,  0.00,  0.00,  0.0,  0.0,  0.0
1036769.55397480, 44844.598584,    0.0,    2.0, -2.0,  0.00,  0.00,  0.00,  0.0,  0.0,  0.0
1036769.55647480, 44844.382708,    0.0,    2.0, -2.0,  0.00,  0.00,  0.00,  0.0,  0.0,  0.0
1036769.55897480, 44841.157173,    0.0,    2.0, -2.0,  0.00,  0.00,  0.00,  0.0,  0.0,  0.0
1036769.56147480, 44840.177421,    0.0,    2.0, -2.0,  0.00,  0.00,  0.00,  0.0,  0.0,  0.0
1036769.56397480, 44840.689350,    0.0,    2.0, -2.0,  0.00,  0.00,  0.00,  0.0,  0.0,  0.0
1036769.56647480, 44841.442078,    0.0,    2.0, -2.0,  0.00,  0.00,  0.00,  0.0,  0.0,  0.0
1036769.56897480, 44842.262849,    0.0,    2.0, -2.0,  0.00,  0.00,  0.00,  0.0,  0.0,  0.0
1036769.57147480, 44843.366677,    0.0,    2.0, -2.0,  0.00,  0.00,  0.00,  0.0,  0.0,  0.0
1036769.57397480, 44844.470505,    0.0,    2.0, -2.0,  0.00,  0.00,  0.00,  0.0,  0.0,  0.0
1036769.57647480, 44843.699185,    0.0,    2.0, -2.0,  0.00,  0.00,  0.00,  0.0,  0.0,  0.0
1036769.57897480, 44841.987305,    0.0,    2.0, -2.0,  0.00,  0.00,  0.00,  0.0,  0.0,  0.0
1036769.58147480, 44840.756490,    0.0,    2.0, -2.0,  0.00,  0.00,  0.00,  0.0,  0.0,  0.0
1036769.58397480, 44840.728277,    0.0,    2.0, -2.0,  0.00,  0.00,  0.00,  0.0,  0.0,  0.0
1036769.58647480, 44842.254748,    0.0,    2.0, -2.0,  0.00,  0.00,  0.00,  0.0,  0.0,  0.0
1036769.58897480, 44843.731628,    0.0,    2.0, -2.0,  0.00,  0.00,  0.00,  0.0,  0.0,  0.0
1036769.59147480, 44844.952608,    0.0,    2.0, -2.0,  0.00,  0.00,  0.00,  0.0,  0.0,  0.0
1036769.59397480, 44843.833709,    0.0,    2.0, -2.0,  0.00,  0.00,  0.00,  0.0,  0.0,  0.0
1036769.59647480, 44841.936307,    0.0,    2.0, -2.0,  0.00,  0.00,  0.00,  0.0,  0.0,  0.0
1036769.59897480, 44840.506847,    0.0,    2.0, -2.0,  0.00,  0.00,  0.00,  0.0,  0.0,  0.0
1036769.60147480, 44840.017674,    0.0,    2.0, -2.0,  0.00,  0.00,  0.00,  0.0,  0.0,  0.0
1036769.60397480, 44840.571879,    0.0,    2.0, -2.0,  0.00,  0.00,  0.00,  0.0,  0.0,  0.0
1036769.60647480, 44842.443305,    0.0,    2.0, -2.0,  0.00,  0.00,  0.00,  0.0,  0.0,  0.0
1036769.60897480, 44843.928482,    0.0,    2.0, -2.0,  0.00,  0.00,  0.00,  0.0,  0.0,  0.0
1036769.61147480, 44844.963702,    0.0,    2.0, -2.0,  0.00,  0.00,  0.00,  0.0,  0.0,  0.0
1036769.61397480, 44843.847652,    0.0,    2.0, -2.0,  0.00,  0.00,  0.00,  0.0,  0.0,  0.0
1036769.61647480, 44842.115062,    0.0,    2.0, -2.0,  0.00,  0.00,  0.00,  0.0,  0.0,  0.0
1036769.61897480, 44840.761015,    0.0,    2.0, -2.0,  0.00,  0.00,  0.00,  0.0,  0.0,  0.0
1036769.62147480, 44840.284944,    0.0,    2.0, -2.0,  0.00,  0.00,  0.00,  0.0,  0.0,  0.0
1036769.62397480, 44840.823372,    0.0,    2.0, -2.0,  0.00,  0.00,  0.00,  0.0,  0.0,  0.0
1036769.62647480, 44842.567951,    0.0,    2.0, -2.0,  0.00,  0.00,  0.00,  0.0,  0.0,  0.0
1036769.62897480, 44843.871582,    0.0,    2.0, -2.0,  0.00,  0.00,  0.00,  0.0,  0.0,  0.0
1036769.63147480, 44844.540458,    0.0,    2.0, -2.0,  0.00,  0.00,  0.00,  0.0,  0.0,  0.0
1036769.63397480, 44844.002767,    0.0,    2.0, -2.0,  0.00,  0.00,  0.00,  0.0,  0.0,  0.0
1036769.63647480, 44842.289966,    0.0,    2.0, -2.0,  0.00,  0.00,  0.00,  0.0,  0.0,  0.0
1036769.63897480, 44841.415042,    0.0,    2.0, -2.0,  0.00,  0.00,  0.00,  0.0,  0.0,  0.0
1036769.64147480, 44840.534984,    0.0,    2.0, -2.0,  0.00,  0.00,  0.00,  0.0,  0.0,  0.0
1036769.64397480, 44840.905546,    0.0,    2.0, -2.0,  0.00,  0.00,  0.00,  0.0,  0.0,  0.0
1036769.64647480, 44842.113072,    0.0,    2.0, -2.0,  0.00,  0.00,  0.00,  0.0,  0.0,  0.0
1036769.64897480, 44843.564909,    0.0,    2.0, -2.0,  0.00,  0.00,  0.00,  0.0,  0.0,  0.0
1036769.65147480, 44844.764393,    0.0,    2.0, -2.0,  0.00,  0.00,  0.00,  0.0,  0.0,  0.0
1036769.65397480, 44844.329477,    0.0,    2.0, -2.0,  0.00,  0.00,  0.00,  0.0,  0.0,  0.0
1036769.65647480, 44842.784790,    0.0,    2.0, -2.0,  0.00,  0.00,  0.00,  0.0,  0.0,  0.0
1036769.65897480, 44840.693809,    0.0,    2.0, -2.0,  0.00,  0.00,  0.00,  0.0,  0.0,  0.0
1036769.66147480, 44839.666996,    0.0,    2.0, -2.0,  0.00,  0.00,  0.00,  0.0,  0.0,  0.0
1036769.66397480, 44840.550144,    0.0,    2.0, -2.0,  0.00,  0.00,  0.00,  0.0,  0.0,  0.0
1036769.66647480, 44842.645949,    0.0,    2.0, -2.0,  0.00,  0.00,  0.00,  0.0,  0.0,  0.0
1036769.66897480, 44844.320595,    0.0,    2.0, -2.0,  0.00,  0.00,  0.00,  0.0,  0.0,  0.0
1036769.67147480, 44844.678866,    0.0,    2.0, -2.0,  0.00,  0.00,  0.00,  0.0,  0.0,  0.0
1036769.67397480, 44844.307745,    0.0,    2.0, -2.0,  0.00,  0.00,  0.00,  0.0,  0.0,  0.0
1036769.67647480, 44842.120062,    0.0,    2.0, -2.0,  0.00,  0.00,  0.00,  0.0,  0.0,  0.0
1036769.67897480, 44840.574331,    0.0,    2.0, -2.0,  0.00,  0.00,  0.00,  0.0,  0.0,  0.0
1036769.68147480, 44840.595697,    0.0,    2.0, -2.0,  0.00,  0.00,  0.00,  0.0,  0.0,  0.0
1036769.68397480, 44840.676696,    0.0,    2.0, -2.0,  0.00,  0.00,  0.00,  0.0,  0.0,  0.0
1036769.68647480, 44842.220835,    0.0,    2.0, -2.0,  0.00,  0.00,  0.00,  0.0,  0.0,  0.0
1036769.68897480, 44842.877576,    0.0,    2.0, -2.0,  0.00,  0.00,  0.00,  0.0,  0.0,  0.0
1036769.69147480, 44843.534318,    0.0,    2.0, -2.0,  0.00,  0.00,  0.00,  0.0,  0.0,  0.0
1036769.69397480, 44843.385762,    0.0,    2.0, -2.0,  0.00,  0.00,  0.00,  0.0,  0.0,  0.0
1036769.69647480, 44843.075245,    0.0,    2.0, -2.0,  0.00,  0.00,  0.00,  0.0,  0.0,  0.0
1036769.69897480, 44841.815593,    0.0,    2.0, -2.0,  0.00,  0.00,  0.00,  0.0,  0.0,  0.0
1036769.70147480, 44840.798403,    0.0,    2.0, -2.0,  0.00,  0.00,  0.00,  0.0,  0.0,  0.0
1036769.70397480, 44841.208129,    0.0,    2.0, -2.0,  0.00,  0.00,  0.00,  0.0,  0.0,  0.0
1036769.70647480, 44842.348264,    0.0,    2.0, -2.0,  0.00,  0.00,  0.00,  0.0,  0.0,  0.0
1036769.70897480, 44843.238128,    0.0,    2.0, -2.0,  0.00,  0.00,  0.00,  0.0,  0.0,  0.0
1036769.71147480, 44844.213628,    0.0,    2.0, -2.0,  0.00,  0.00,  0.00,  0.0,  0.0,  0.0
1036769.71397480, 44844.267111,    0.0,    2.0, -2.0,  0.00,  0.00,  0.00,  0.0,  0.0,  0.0
1036769.71647480, 44843.478966,    0.0,    2.0, -2.0,  0.00,  0.00,  0.00,  0.0,  0.0,  0.0
1036769.71897480, 44842.274818,    0.0,    2.0, -2.0,  0.00,  0.00,  0.00,  0.0,  0.0,  0.0
1036769.72147480, 44840.641307,    0.0,    2.0, -2.0,  0.00,  0.00,  0.00,  0.0,  0.0,  0.0
1036769.72397480, 44840.392298,    0.0,    2.0, -2.0,  0.00,  0.00,  0.00,  0.0,  0.0,  0.0
1036769.72647480, 44842.781214,    0.0,    2.0, -2.0,  0.00,  0.00,  0.00,  0.0,  0.0,  0.0
1036769.72897480, 44844.661488,    0.0,    2.0, -2.0,  0.00,  0.00,  0.00,  0.0,  0.0,  0.0
1036769.73147480, 44845.053045,    0.0,    2.0, -2.0,  0.00,  0.00,  0.00,  0.0,  0.0,  0.0
1036769.73397480, 44844.383473,    0.0,    2.0, -2.0,  0.00,  0.00,  0.00,  0.0,  0.0,  0.0
1036769.73647480, 44842.224755,    0.0,    2.0, -2.0,  0.00,  0.00,  0.00,  0.0,  0.0,  0.0
1036769.73897480, 44840.460101,    0.0,    2.0, -2.0,  0.00,  0.00,  0.00,  0.0,  0.0,  0.0
1036769.74147480, 44840.049746,    0.0,    2.0, -2.0,  0.00,  0.00,  0.00,  0.0,  0.0,  0.0
1036769.74397480, 44840.806818,    0.0,    2.0, -2.0,  0.00,  0.00,  0.00,  0.0,  0.0,  0.0
1036769.74647480, 44842.680770,    0.0,    2.0, -2.0,  0.00,  0.00,  0.00,  0.0,  0.0,  0.0
1036769.74897480, 44844.660758,    0.0,    2.0, -2.0,  0.00,  0.00,  0.00,  0.0,  0.0,  0.0
1036769.75147480, 44845.127880,    0.0,    2.0, -2.0,  0.00,  0.00,  0.00,  0.0,  0.0,  0.0
1036769.75397480, 44845.127880,    0.0,    2.0, -2.0,  0.00,  0.00,  0.00,  0.0,  0.0,  0.0
1036769.75647480, 44843.195634,    0.0,    2.0, -2.0,  0.00,  0.00,  0.00,  0.0,  0.0,  0.0
1036769.75897480, 44840.456029,    0.0,    2.0, -2.0,  0.00,  0.00,  0.00,  0.0,  0.0,  0.0
1036769.76147480, 44840.096084,    0.0,    2.0, -2.0,  0.00,  0.00,  0.00,  0.0,  0.0,  0.0
1036769.76397480, 44840.482786,    0.0,    2.0, -2.0,  0.00,  0.00,  0.00,  0.0,  0.0,  0.0
1036769.76647480, 44841.325724,    0.0,    2.0, -2.0,  0.00,  0.00,  0.00,  0.0,  0.0,  0.0
1036769.76897480, 44842.759240,    0.0,    2.0, -2.0,  0.00,  0.00,  0.00,  0.0,  0.0,  0.0
1036769.77147480, 44844.647829,    0.0,    2.0, -2.0,  0.00,  0.00,  0.00,  0.0,  0.0,  0.0
1036769.77397480, 44844.795692,    0.0,    2.0, -2.0,  0.00,  0.00,  0.00,  0.0,  0.0,  0.0
1036769.77647480, 44843.804245,    0.0,    2.0, -2.0,  0.00,  0.00,  0.00,  0.0,  0.0,  0.0
1036769.77897480, 44841.623787,    0.0,    2.0, -2.0,  0.00,  0.00,  0.00,  0.0,  0.0,  0.0
1036769.78147480, 44840.062119,    0.0,    2.0, -2.0,  0.00,  0.00,  0.00,  0.0,  0.0,  0.0
1036769.78397480, 44841.377745,    0.0,    2.0, -2.0,  0.00,  0.00,  0.00,  0.0,  0.0,  0.0
1036769.78647480, 44842.177217,    0.0,    2.0, -2.0,  0.00,  0.00,  0.00,  0.0,  0.0,  0.0
1036769.78897480, 44843.693921,    0.0,    2.0, -2.0,  0.00,  0.00,  0.00,  0.0,  0.0,  0.0
1036769.79147480, 44844.639755,    0.0,    2.0, -2.0,  0.00,  0.00,  0.00,  0.0,  0.0,  0.0
1036769.79397480, 44843.658293,    0.0,    2.0, -2.0,  0.00,  0.00,  0.00,  0.0,  0.0,  0.0
1036769.79647480, 44843.150081,    0.0,    2.0, -2.0,  0.00,  0.00,  0.00,  0.0,  0.0,  0.0
1036769.79897480, 44840.718594,    0.0,    2.0, -2.0,  0.00,  0.00,  0.00,  0.0,  0.0,  0.0
1036769.80147480, 44840.284884,    0.0,    2.0, -2.0,  0.00,  0.00,  0.00,  0.0,  0.0,  0.0
1036769.80397480, 44841.613249,    0.0,    2.0, -2.0,  0.00,  0.00,  0.00,  0.0,  0.0,  0.0
1036769.80647480, 44842.027546,    0.0,    2.0, -2.0,  0.00,  0.00,  0.00,  0.0,  0.0,  0.0
1036769.80897480, 44843.648428,    0.0,    2.0, -2.0,  0.00,  0.00,  0.00,  0.0,  0.0,  0.0
1036769.81147480, 44844.473235,    0.0,    2.0, -2.0,  0.00,  0.00,  0.00,  0.0,  0.0,  0.0
1036769.81397480, 44843.922012,    0.0,    2.0, -2.0,  0.00,  0.00,  0.00,  0.0,  0.0,  0.0
1036769.81647480, 44842.972148,    0.0,    2.0, -2.0,  0.00,  0.00,  0.00,  0.0,  0.0,  0.0
1036769.81897480, 44840.387365,    0.0,    2.0, -2.0,  0.00,  0.00,  0.00,  0.0,  0.0,  0.0
1036769.82147480, 44839.854873,    0.0,    2.0, -2.0,  0.00,  0.00,  0.00,  0.0,  0.0,  0.0
1036769.82397480, 44840.464865,    0.0,    2.0, -2.0,  0.00,  0.00,  0.00,  0.0,  0.0,  0.0
1036769.82647480, 44841.663719,    0.0,    2.0, -2.0,  0.00,  0.00,  0.00,  0.0,  0.0,  0.0
1036769.82897480, 44842.598422,    0.0,    2.0, -2.0,  0.00,  0.00,  0.00,  0.0,  0.0,  0.0
1036769.83147480, 44843.542871,    0.0,    2.0, -2.0,  0.00,  0.00,  0.00,  0.0,  0.0,  0.0
1036769.83397480, 44843.388639,    0.0,    2.0, -2.0,  0.00,  0.00,  0.00,  0.0,  0.0,  0.0
1036769.83647480, 44842.572777,    0.0,    2.0, -2.0,  0.00,  0.00,  0.00,  0.0,  0.0,  0.0
1036769.83897480, 44841.124128,    0.0,    2.0, -2.0,  0.00,  0.00,  0.00,  0.0,  0.0,  0.0
1036769.84147480, 44840.053775,    0.0,    2.0, -2.0,  0.00,  0.00,  0.00,  0.0,  0.0,  0.0
1036769.84397480, 44840.495988,    0.0,    2.0, -2.0,  0.00,  0.00,  0.00,  0.0,  0.0,  0.0
1036769.84647480, 44842.480304,    0.0,    2.0, -2.0,  0.00,  0.00,  0.00,  0.0,  0.0,  0.0
1036769.84897480, 44844.216215,    0.0,    2.0, -2.0,  0.00,  0.00,  0.00,  0.0,  0.0,  0.0
1036769.85147480, 44844.811168,    0.0,    2.0, -2.0,  0.00,  0.00,  0.00,  0.0,  0.0,  0.0
1036769.85397480, 44843.763682,    0.0,    2.0, -2.0,  0.00,  0.00,  0.00,  0.0,  0.0,  0.0
1036769.85647480, 44842.087348,    0.0,    2.0, -2.0,  0.00,  0.00,  0.00,  0.0,  0.0,  0.0
1036769.85897480, 44840.537812,    0.0,    2.0, -2.0,  0.00,  0.00,  0.00,  0.0,  0.0,  0.0
1036769.86147480, 44840.284944,    0.0,    2.0, -2.0,  0.00,  0.00,  0.00,  0.0,  0.0,  0.0
1036769.86397480, 44840.912908,    0.0,    2.0, -2.0,  0.00,  0.00,  0.00,  0.0,  0.0,  0.0
1036769.86647480, 44842.235055,    0.0,    2.0, -2.0,  0.00,  0.00,  0.00,  0.0,  0.0,  0.0
1036769.86897480, 44844.096420,    0.0,    2.0, -2.0,  0.00,  0.00,  0.00,  0.0,  0.0,  0.0
1036769.87147480, 44844.719059,    0.0,    2.0, -2.0,  0.00,  0.00,  0.00,  0.0,  0.0,  0.0
1036769.87397480, 44843.583562,    0.0,    2.0, -2.0,  0.00,  0.00,  0.00,  0.0,  0.0,  0.0
1036769.87647480, 44843.107317,    0.0,    2.0, -2.0,  0.00,  0.00,  0.00,  0.0,  0.0,  0.0
1036769.87897480, 44843.107317,    0.0,    2.0, -2.0,  0.00,  0.00,  0.00,  0.0,  0.0,  0.0
1036769.88147480, 44842.186234,    0.0,    2.0, -2.0,  0.00,  0.00,  0.00,  0.0,  0.0,  0.0
1036769.88397480, 44841.060986,    0.0,    2.0, -2.0,  0.00,  0.00,  0.00,  0.0,  0.0,  0.0
1036769.88647480, 44842.704944,    0.0,    2.0, -2.0,  0.00,  0.00,  0.00,  0.0,  0.0,  0.0
1036769.88897480, 44844.096053,    0.0,    2.0, -2.0,  0.00,  0.00,  0.00,  0.0,  0.0,  0.0
1036769.89147480, 44844.724800,    0.0,    2.0, -2.0,  0.00,  0.00,  0.00,  0.0,  0.0,  0.0
1036769.89397480, 44844.813029,    0.0,    2.0, -2.0,  0.00,  0.00,  0.00,  0.0,  0.0,  0.0
1036769.89647480, 44844.003920,    0.0,    2.0, -2.0,  0.00,  0.00,  0.00,  0.0,  0.0,  0.0
1036769.89897480, 44842.814366,    0.0,    2.0, -2.0,  0.00,  0.00,  0.00,  0.0,  0.0,  0.0
1036769.90147480, 44841.201341,    0.0,    2.0, -2.0,  0.00,  0.00,  0.00,  0.0,  0.0,  0.0
1036769.90397480, 44841.178422,    0.0,    2.0, -2.0,  0.00,  0.00,  0.00,  0.0,  0.0,  0.0
1036769.90647480, 44842.952535,    0.0,    2.0, -2.0,  0.00,  0.00,  0.00,  0.0,  0.0,  0.0
1036769.90897480, 44844.121451,    0.0,    2.0, -2.0,  0.00,  0.00,  0.00,  0.0,  0.0,  0.0
1036769.91147480, 44844.602563,    0.0,    2.0, -2.0,  0.00,  0.00,  0.00,  0.0,  0.0,  0.0
1036769.91397480, 44844.256686,    0.0,    2.0, -2.0,  0.00,  0.00,  0.00,  0.0,  0.0,  0.0
1036769.91647480, 44842.991398,    0.0,    2.0, -2.0,  0.00,  0.00,  0.00,  0.0,  0.0,  0.0
1036769.91897480, 44840.901799,    0.0,    2.0, -2.0,  0.00,  0.00,  0.00,  0.0,  0.0,  0.0
1036769.92147480, 44840.216034,    0.0,    2.0, -2.0,  0.00,  0.00,  0.00,  0.0,  0.0,  0.0
1036769.92397480, 44840.638142,    0.0,    2.0, -2.0,  0.00,  0.00,  0.00,  0.0,  0.0,  0.0
1036769.92647480, 44841.865479,    0.0,    2.0, -2.0,  0.00,  0.00,  0.00,  0.0,  0.0,  0.0
1036769.92897480, 44843.999601,    0.0,    2.0, -2.0,  0.00,  0.00,  0.00,  0.0,  0.0,  0.0
1036769.93147480, 44845.077485,    0.0,    2.0, -2.0,  0.00,  0.00,  0.00,  0.0,  0.0,  0.0
1036769.93397480, 44844.272445,    0.0,    2.0, -2.0,  0.00,  0.00,  0.00,  0.0,  0.0,  0.0
1036769.93647480, 44842.726965,    0.0,    2.0, -2.0,  0.00,  0.00,  0.00,  0.0,  0.0,  0.0
1036769.93897480, 44840.843109,    0.0,    2.0, -2.0,  0.00,  0.00,  0.00,  0.0,  0.0,  0.0
1036769.94147480, 44840.574316,    0.0,    2.0, -2.0,  0.00,  0.00,  0.00,  0.0,  0.0,  0.0
1036769.94397480, 44840.305523,    0.0,    2.0, -2.0,  0.00,  0.00,  0.00,  0.0,  0.0,  0.0
1036769.94647480, 44842.360501,    0.0,    2.0, -2.0,  0.00,  0.00,  0.00,  0.0,  0.0,  0.0
1036769.94897480, 44844.198686,    0.0,    2.0, -2.0,  0.00,  0.00,  0.00,  0.0,  0.0,  0.0
1036769.95147480, 44844.675170,    0.0,    2.0, -2.0,  0.00,  0.00,  0.00,  0.0,  0.0,  0.0
1036769.95397480, 44845.151654,    0.0,    2.0, -2.0,  0.00,  0.00,  0.00,  0.0,  0.0,  0.0
1036769.95647480, 44843.003403,    0.0,    2.0, -2.0,  0.00,  0.00,  0.00,  0.0,  0.0,  0.0
1036769.95897480, 44841.400782,    0.0,    2.0, -2.0,  0.00,  0.00,  0.00,  0.0,  0.0,  0.0
1036769.96147480, 44840.672258,    0.0,    2.0, -2.0,  0.00,  0.00,  0.00,  0.0,  0.0,  0.0
1036769.96397480, 44840.494250,    0.0,    2.0, -2.0,  0.00,  0.00,  0.00,  0.0,  0.0,  0.0
1036769.96647480, 44841.342837,    0.0,    2.0, -2.0,  0.00,  0.00,  0.00,  0.0,  0.0,  0.0
1036769.96897480, 44842.721446,    0.0,    2.0, -2.0,  0.00,  0.00,  0.00,  0.0,  0.0,  0.0
1036769.97147480, 44844.280300,    0.0,    2.0, -2.0,  0.00,  0.00,  0.00,  0.0,  0.0,  0.0
1036769.97397480, 44844.337369,    0.0,    2.0, -2.0,  0.00,  0.00,  0.00,  0.0,  0.0,  0.0
1036769.97647480, 44842.590923,    0.0,    2.0, -2.0,  0.00,  0.00,  0.00,  0.0,  0.0,  0.0
1036769.97897480, 44840.558611,    0.0,    2.0, -2.0,  0.00,  0.00,  0.00,  0.0,  0.0,  0.0
1036769.98147480, 44839.872356,    0.0,    2.0, -2.0,  0.00,  0.00,  0.00,  0.0,  0.0,  0.0
1036769.98397480, 44839.846621,    0.0,    2.0, -2.0,  0.00,  0.00,  0.00,  0.0,  0.0,  0.0
1036769.98647480, 44841.548981,    0.0,    2.0, -2.0,  0.00,  0.00,  0.00,  0.0,  0.0,  0.0
1036769.98897480, 44844.030512,    0.0,    2.0, -2.0,  0.00,  0.00,  0.00,  0.0,  0.0,  0.0
1036769.99147480, 44844.516948,    0.0,    2.0, -2.0,  0.00,  0.00,  0.00,  0.0,  0.0,  0.0
1036769.99397480, 44844.176398,    0.0,    2.0, -2.0,  0.00,  0.00,  0.00,  0.0,  0.0,  0.0
1036769.99647480, 44842.364415,    0.0,    2.0, -2.0,  0.00,  0.00,  0.00,  0.0,  0.0,  0.0
1036769.99897480, 44840.405198,    0.0,    2.0, -2.0,  0.00,  0.00,  0.00,  0.0,  0.0,  0.0
1036770.00147480, 44840.071160,    0.0,    2.0, -2.0,  0.00,  0.00,  0.00,  0.0,  0.0,  0.0
1036770.00397480, 44840.327707,    0.0,    2.0, -2.0,  0.00,  0.00,  0.00,  0.0,  0.0,  0.0
1036770.00647480, 44840.327707,    0.0,    2.0, -2.0,  0.00,  0.00,  0.00,  0.0,  0.0,  0.0
1036770.00897480, 44842.104082,    0.0,    2.0, -2.0,  0.00,  0.00,  0.00,  0.0,  0.0,  0.0
1036770.01147480, 44844.816948,    0.0,    2.0, -2.0,  0.00,  0.00,  0.00,  0.0,  0.0,  0.0
1036770.01397480, 44844.700248,    0.0,    2.0, -2.0,  0.00,  0.00,  0.00,  0.0,  0.0,  0.0
1036770.01647480, 44844.700248,    0.0,    2.0, -2.0,  0.00,  0.00,  0.00,  0.0,  0.0,  0.0
1036770.01897480, 44842.041693,    0.0,    2.0, -2.0,  0.00,  0.00,  0.00,  0.0,  0.0,  0.0
1036770.02147480, 44840.327628,    0.0,    2.0, -2.0,  0.00,  0.00,  0.00,  0.0,  0.0,  0.0
1036770.02397480, 44840.250773,    0.0,    2.0, -2.0,  0.00,  0.00,  0.00,  0.0,  0.0,  0.0
1036770.02647480, 44841.331536,    0.0,    2.0, -2.0,  0.00,  0.00,  0.00,  0.0,  0.0,  0.0
1036770.02897480, 44842.944716,    0.0,    2.0, -2.0,  0.00,  0.00,  0.00,  0.0,  0.0,  0.0
1036770.03147480, 44844.152681,    0.0,    2.0, -2.0,  0.00,  0.00,  0.00,  0.0,  0.0,  0.0
1036770.03397480, 44843.881783,    0.0,    2.0, -2.0,  0.00,  0.00,  0.00,  0.0,  0.0,  0.0
1036770.03647480, 44842.273915,    0.0,    2.0, -2.0,  0.00,  0.00,  0.00,  0.0,  0.0,  0.0
1036770.03897480, 44840.847761,    0.0,    2.0, -2.0,  0.00,  0.00,  0.00,  0.0,  0.0,  0.0
1036770.04147480, 44840.285701,    0.0,    2.0, -2.0,  0.00,  0.00,  0.00,  0.0,  0.0,  0.0
1036770.04397480, 44841.097118,    0.0,    2.0, -2.0,  0.00,  0.00,  0.00,  0.0,  0.0,  0.0
1036770.04647480, 44843.248962,    0.0,    2.0, -2.0,  0.00,  0.00,  0.00,  0.0,  0.0,  0.0
1036770.04897480, 44844.090872,    0.0,    2.0, -2.0,  0.00,  0.00,  0.00,  0.0,  0.0,  0.0
1036770.05147480, 44845.067699,    0.0,    2.0, -2.0,  0.00,  0.00,  0.00,  0.0,  0.0,  0.0
1036770.05397480, 44844.469858,    0.0,    2.0, -2.0,  0.00,  0.00,  0.00,  0.0,  0.0,  0.0
1036770.05647480, 44842.740375,    0.0,    2.0, -2.0,  0.00,  0.00,  0.00,  0.0,  0.0,  0.0
1036770.05897480, 44840.801424,    0.0,    2.0, -2.0,  0.00,  0.00,  0.00,  0.0,  0.0,  0.0
1036770.06147480, 44840.206681,    0.0,    2.0, -2.0,  0.00,  0.00,  0.00,  0.0,  0.0,  0.0
1036770.06397480, 44841.227968,    0.0,    2.0, -2.0,  0.00,  0.00,  0.00,  0.0,  0.0,  0.0
1036770.06647480, 44842.897470,    0.0,    2.0, -2.0,  0.00,  0.00,  0.00,  0.0,  0.0,  0.0
1036770.06897480, 44843.897733,    0.0,    2.0, -2.0,  0.00,  0.00,  0.00,  0.0,  0.0,  0.0
1036770.07147480, 44844.675489,    0.0,    2.0, -2.0,  0.00,  0.00,  0.00,  0.0,  0.0,  0.0
1036770.07397480, 44844.988900,    0.0,    2.0, -2.0,  0.00,  0.00,  0.00,  0.0,  0.0,  0.0
1036770.07647480, 44844.341842,    0.0,    2.0, -2.0,  0.00,  0.00,  0.00,  0.0,  0.0,  0.0
1036770.07897480, 44843.618647,    0.0,    2.0, -2.0,  0.00,  0.00,  0.00,  0.0,  0.0,  0.0
1036770.08147480, 44842.579542,    0.0,    2.0, -2.0,  0.00,  0.00,  0.00,  0.0,  0.0,  0.0
1036770.08397480, 44841.480228,    0.0,    2.0, -2.0,  0.00,  0.00,  0.00,  0.0,  0.0,  0.0
1036770.08647480, 44840.710351,    0.0,    2.0, -2.0,  0.00,  0.00,  0.00,  0.0,  0.0,  0.0
1036770.08897480, 44842.684156,    0.0,    2.0, -2.0,  0.00,  0.00,  0.00,  0.0,  0.0,  0.0
1036770.09147480, 44844.087577,    0.0,    2.0, -2.0,  0.00,  0.00,  0.00,  0.0,  0.0,  0.0
1036770.09397480, 44844.092487,    0.0,    2.0, -2.0,  0.00,  0.00,  0.00,  0.0,  0.0,  0.0
1036770.09647480, 44842.790757,    0.0,    2.0, -2.0,  0.00,  0.00,  0.00,  0.0,  0.0,  0.0
1036770.09897480, 44841.048187,    0.0,    2.0, -2.0,  0.00,  0.00,  0.00,  0.0,  0.0,  0.0
1036770.10147480, 44839.988742,    0.0,    2.0, -2.0,  0.00,  0.00,  0.00,  0.0,  0.0,  0.0
1036770.10397480, 44840.762092,    0.0,    2.0, -2.0,  0.00,  0.00,  0.00,  0.0,  0.0,  0.0
1036770.10647480, 44843.208595,    0.0,    2.0, -2.0,  0.00,  0.00,  0.00,  0.0,  0.0,  0.0
1036770.10897480, 44844.090872,    0.0,    2.0, -2.0,  0.00,  0.00,  0.00,  0.0,  0.0,  0.0
1036770.11147480, 44844.789456,    0.0,    2.0, -2.0,  0.00,  0.00,  0.00,  0.0,  0.0,  0.0
1036770.11397480, 44843.950875,    0.0,    2.0, -2.0,  0.00,  0.00,  0.00,  0.0,  0.0,  0.0
1036770.11647480, 44841.797950,    0.0,    2.0, -2.0,  0.00,  0.00,  0.00,  0.0,  0.0,  0.0
1036770.11897480, 44841.118827,    0.0,    2.0, -2.0,  0.00,  0.00,  0.00,  0.0,  0.0,  0.0
1036770.12147480, 44840.290370,    0.0,    2.0, -2.0,  0.00,  0.00,  0.00,  0.0,  0.0,  0.0
1036770.12397480, 44841.357524,    0.0,    2.0, -2.0,  0.00,  0.00,  0.00,  0.0,  0.0,  0.0
1036770.12647480, 44843.467163,    0.0,    2.0, -2.0,  0.00,  0.00,  0.00,  0.0,  0.0,  0.0
1036770.12897480, 44844.155017,    0.0,    2.0, -2.0,  0.00,  0.00,  0.00,  0.0,  0.0,  0.0
1036770.13147480, 44844.476444,    0.0,    2.0, -2.0,  0.00,  0.00,  0.00,  0.0,  0.0,  0.0
1036770.13397480, 44844.397837,    0.0,    2.0, -2.0,  0.00,  0.00,  0.00,  0.0,  0.0,  0.0
1036770.13647480, 44842.623345,    0.0,    2.0, -2.0,  0.00,  0.00,  0.00,  0.0,  0.0,  0.0
1036770.13897480, 44840.555646,    0.0,    2.0, -2.0,  0.00,  0.00,  0.00,  0.0,  0.0,  0.0
1036770.14147480, 44840.124299,    0.0,    2.0, -2.0,  0.00,  0.00,  0.00,  0.0,  0.0,  0.0
1036770.14397480, 44840.280378,    0.0,    2.0, -2.0,  0.00,  0.00,  0.00,  0.0,  0.0,  0.0
1036770.14647480, 44842.308993,    0.0,    2.0, -2.0,  0.00,  0.00,  0.00,  0.0,  0.0,  0.0
1036770.14897480, 44844.265626,    0.0,    2.0, -2.0,  0.00,  0.00,  0.00,  0.0,  0.0,  0.0
1036770.15147480, 44844.574826,    0.0,    2.0, -2.0,  0.00,  0.00,  0.00,  0.0,  0.0,  0.0
1036770.15397480, 44844.400905,    0.0,    2.0, -2.0,  0.00,  0.00,  0.00,  0.0,  0.0,  0.0
1036770.15647480, 44843.379704,    0.0,    2.0, -2.0,  0.00,  0.00,  0.00,  0.0,  0.0,  0.0
1036770.15897480, 44841.548138,    0.0,    2.0, -2.0,  0.00,  0.00,  0.00,  0.0,  0.0,  0.0
1036770.16147480, 44840.726131,    0.0,    2.0, -2.0,  0.00,  0.00,  0.00,  0.0,  0.0,  0.0
1036770.16397480, 44841.071854,    0.0,    2.0, -2.0,  0.00,  0.00,  0.00,  0.0,  0.0,  0.0
1036770.16647480, 44842.893135,    0.0,    2.0, -2.0,  0.00,  0.00,  0.00,  0.0,  0.0,  0.0
1036770.16897480, 44843.631167,    0.0,    2.0, -2.0,  0.00,  0.00,  0.00,  0.0,  0.0,  0.0
1036770.17147480, 44844.883929,    0.0,    2.0, -2.0,  0.00,  0.00,  0.00,  0.0,  0.0,  0.0
1036770.17647480, 44841.788698,    0.0,    2.0, -2.0,  0.00,  0.00,  0.00,  0.0,  0.0,  0.0
1036770.17897480, 44841.215044,    0.0,    2.0, -2.0,  0.00,  0.00,  0.00,  0.0,  0.0,  0.0
1036770.18147480, 44840.171062,    0.0,    2.0, -2.0,  0.00,  0.00,  0.00,  0.0,  0.0,  0.0
1036770.18397480, 44840.880922,    0.0,    2.0, -2.0,  0.00,  0.00,  0.00,  0.0,  0.0,  0.0
1036770.18647480, 44842.581253,    0.0,    2.0, -2.0,  0.00,  0.00,  0.00,  0.0,  0.0,  0.0
1036770.18897480, 44843.708273,    0.0,    2.0, -2.0,  0.00,  0.00,  0.00,  0.0,  0.0,  0.0
1036770.19147480, 44844.287634,    0.0,    2.0, -2.0,  0.00,  0.00,  0.00,  0.0,  0.0,  0.0
1036770.19397480, 44843.973401,    0.0,    2.0, -2.0,  0.00,  0.00,  0.00,  0.0,  0.0,  0.0
1036770.19647480, 44842.163591,    0.0,    2.0, -2.0,  0.00,  0.00,  0.00,  0.0,  0.0,  0.0
1036770.19897480, 44841.069917,    0.0,    2.0, -2.0,  0.00,  0.00,  0.00,  0.0,  0.0,  0.0
1036770.20147480, 44840.511076,    0.0,    2.0, -2.0,  0.00,  0.00,  0.00,  0.0,  0.0,  0.0
1036770.20397480, 44840.510330,    0.0,    2.0, -2.0,  0.00,  0.00,  0.00,  0.0,  0.0,  0.0
1036770.20647480, 44841.761137,    0.0,    2.0, -2.0,  0.00,  0.00,  0.00,  0.0,  0.0,  0.0
1036770.20897480, 44843.655336,    0.0,    2.0, -2.0,  0.00,  0.00,  0.00,  0.0,  0.0,  0.0
1036770.21147480, 44844.747619,    0.0,    2.0, -2.0,  0.00,  0.00,  0.00,  0.0,  0.0,  0.0
1036770.21397480, 44844.492077,    0.0,    2.0, -2.0,  0.00,  0.00,  0.00,  0.0,  0.0,  0.0
1036770.21647480, 44844.097256,    0.0,    2.0, -2.0,  0.00,  0.00,  0.00,  0.0,  0.0,  0.0
1036770.21897480, 44841.420282,    0.0,    2.0, -2.0,  0.00,  0.00,  0.00,  0.0,  0.0,  0.0
1036770.22147480, 44840.213481,    0.0,    2.0, -2.0,  0.00,  0.00,  0.00,  0.0,  0.0,  0.0
1036770.22397480, 44840.553106,    0.0,    2.0, -2.0,  0.00,  0.00,  0.00,  0.0,  0.0,  0.0
1036770.22647480, 44842.561488,    0.0,    2.0, -2.0,  0.00,  0.00,  0.00,  0.0,  0.0,  0.0
1036770.22897480, 44844.530835,    0.0,    2.0, -2.0,  0.00,  0.00,  0.00,  0.0,  0.0,  0.0
1036770.23147480, 44844.736547,    0.0,    2.0, -2.0,  0.00,  0.00,  0.00,  0.0,  0.0,  0.0
1036770.23397480, 44843.548857,    0.0,    2.0, -2.0,  0.00,  0.00,  0.00,  0.0,  0.0,  0.0
1036770.23647480, 44841.934400,    0.0,    2.0, -2.0,  0.00,  0.00,  0.00,  0.0,  0.0,  0.0
1036770.23897480, 44840.859201,    0.0,    2.0, -2.0,  0.00,  0.00,  0.00,  0.0,  0.0,  0.0
1036770.24147480, 44840.638948,    0.0,    2.0, -2.0,  0.00,  0.00,  0.00,  0.0,  0.0,  0.0
1036770.24397480, 44841.443349,    0.0,    2.0, -2.0,  0.00,  0.00,  0.00,  0.0,  0.0,  0.0
1036770.24647480, 44842.924335,    0.0,    2.0, -2.0,  0.00,  0.00,  0.00,  0.0,  0.0,  0.0
1036770.24897480, 44844.413624,    0.0,    2.0, -2.0,  0.00,  0.00,  0.00,  0.0,  0.0,  0.0
1036770.25147480, 44845.117190,    0.0,    2.0, -2.0,  0.00,  0.00,  0.00,  0.0,  0.0,  0.0
1036770.25397480, 44845.117190,    0.0,    2.0, -2.0,  0.00,  0.00,  0.00,  0.0,  0.0,  0.0
1036770.25647480, 44844.056734,    0.0,    2.0, -2.0,  0.00,  0.00,  0.00,  0.0,  0.0,  0.0
1036770.25897480, 44840.778788,    0.0,    2.0, -2.0,  0.00,  0.00,  0.00,  0.0,  0.0,  0.0
1036770.26147480, 44840.221910,    0.0,    2.0, -2.0,  0.00,  0.00,  0.00,  0.0,  0.0,  0.0
1036770.26397480, 44840.878357,    0.0,    2.0, -2.0,  0.00,  0.00,  0.00,  0.0,  0.0,  0.0
1036770.26647480, 44841.974092,    0.0,    2.0, -2.0,  0.00,  0.00,  0.00,  0.0,  0.0,  0.0
1036770.26897480, 44842.644971,    0.0,    2.0, -2.0,  0.00,  0.00,  0.00,  0.0,  0.0,  0.0
1036770.27147480, 44843.569163,    0.0,    2.0, -2.0,  0.00,  0.00,  0.00,  0.0,  0.0,  0.0
1036770.27397480, 44844.022725,    0.0,    2.0, -2.0,  0.00,  0.00,  0.00,  0.0,  0.0,  0.0
1036770.27647480, 44843.169702,    0.0,    2.0, -2.0,  0.00,  0.00,  0.00,  0.0,  0.0,  0.0
1036770.27897480, 44841.356510,    0.0,    2.0, -2.0,  0.00,  0.00,  0.00,  0.0,  0.0,  0.0
1036770.28147480, 44840.676333,    0.0,    2.0, -2.0,  0.00,  0.00,  0.00,  0.0,  0.0,  0.0
1036770.28397480, 44840.624444,    0.0,    2.0, -2.0,  0.00,  0.00,  0.00,  0.0,  0.0,  0.0
1036770.28647480, 44842.502625,    0.0,    2.0, -2.0,  0.00,  0.00,  0.00,  0.0,  0.0,  0.0
1036770.28897480, 44844.258718,    0.0,    2.0, -2.0,  0.00,  0.00,  0.00,  0.0,  0.0,  0.0
1036770.29147480, 44844.849664,    0.0,    2.0, -2.0,  0.00,  0.00,  0.00,  0.0,  0.0,  0.0
1036770.29397480, 44844.436613,    0.0,    2.0, -2.0,  0.00,  0.00,  0.00,  0.0,  0.0,  0.0
1036770.29647480, 44842.586057,    0.0,    2.0, -2.0,  0.00,  0.00,  0.00,  0.0,  0.0,  0.0
1036770.29897480, 44840.996757,    0.0,    2.0, -2.0,  0.00,  0.00,  0.00,  0.0,  0.0,  0.0
1036770.30147480, 44840.060099,    0.0,    2.0, -2.0,  0.00,  0.00,  0.00,  0.0,  0.0,  0.0
1036770.30397480, 44841.360326,    0.0,    2.0, -2.0,  0.00,  0.00,  0.00,  0.0,  0.0,  0.0
1036770.30647480, 44842.102381,    0.0,    2.0, -2.0,  0.00,  0.00,  0.00,  0.0,  0.0,  0.0
1036770.30897480, 44844.048719,    0.0,    2.0, -2.0,  0.00,  0.00,  0.00,  0.0,  0.0,  0.0
1036770.31147480, 44844.958301,    0.0,    2.0, -2.0,  0.00,  0.00,  0.00,  0.0,  0.0,  0.0
1036770.31397480, 44844.455767,    0.0,    2.0, -2.0,  0.00,  0.00,  0.00,  0.0,  0.0,  0.0
1036770.31647480, 44843.539199,    0.0,    2.0, -2.0,  0.00,  0.00,  0.00,  0.0,  0.0,  0.0
1036770.31897480, 44842.622632,    0.0,    2.0, -2.0,  0.00,  0.00,  0.00,  0.0,  0.0,  0.0
1036770.32147480, 44840.193861,    0.0,    2.0, -2.0,  0.00,  0.00,  0.00,  0.0,  0.0,  0.0
1036770.32397480, 44840.442061,    0.0,    2.0, -2.0,  0.00,  0.00,  0.00,  0.0,  0.0,  0.0
1036770.32647480, 44841.332930,    0.0,    2.0, -2.0,  0.00,  0.00,  0.00,  0.0,  0.0,  0.0
1036770.32897480, 44842.223800,    0.0,    2.0, -2.0,  0.00,  0.00,  0.00,  0.0,  0.0,  0.0
1036770.33147480, 44843.347085,    0.0,    2.0, -2.0,  0.00,  0.00,  0.00,  0.0,  0.0,  0.0
1036770.33397480, 44844.532793,    0.0,    2.0, -2.0,  0.00,  0.00,  0.00,  0.0,  0.0,  0.0
1036770.33647480, 44842.591912,    0.0,    2.0, -2.0,  0.00,  0.00,  0.00,  0.0,  0.0,  0.0
1036770.33897480, 44841.451100,    0.0,    2.0, -2.0,  0.00,  0.00,  0.00,  0.0,  0.0,  0.0
1036770.34147480, 44840.595450,    0.0,    2.0, -2.0,  0.00,  0.00,  0.00,  0.0,  0.0,  0.0
1036770.34397480, 44840.567865,    0.0,    2.0, -2.0,  0.00,  0.00,  0.00,  0.0,  0.0,  0.0
1036770.34647480, 44842.646749,    0.0,    2.0, -2.0,  0.00,  0.00,  0.00,  0.0,  0.0,  0.0
1036770.34897480, 44844.377886,    0.0,    2.0, -2.0,  0.00,  0.00,  0.00,  0.0,  0.0,  0.0
1036770.35147480, 44844.817847,    0.0,    2.0, -2.0,  0.00,  0.00,  0.00,  0.0,  0.0,  0.0
1036770.35397480, 44844.316886,    0.0,    2.0, -2.0,  0.00,  0.00,  0.00,  0.0,  0.0,  0.0
1036770.35647480, 44842.450574,    0.0,    2.0, -2.0,  0.00,  0.00,  0.00,  0.0,  0.0,  0.0
1036770.35897480, 44840.858546,    0.0,    2.0, -2.0,  0.00,  0.00,  0.00,  0.0,  0.0,  0.0
1036770.36397480, 44840.375881,    0.0,    2.0, -2.0,  0.00,  0.00,  0.00,  0.0,  0.0,  0.0
1036770.36647480, 44842.348301,    0.0,    2.0, -2.0,  0.00,  0.00,  0.00,  0.0,  0.0,  0.0
1036770.36897480, 44844.273415,    0.0,    2.0, -2.0,  0.00,  0.00,  0.00,  0.0,  0.0,  0.0
1036770.37147480, 44844.636103,    0.0,    2.0, -2.0,  0.00,  0.00,  0.00,  0.0,  0.0,  0.0
1036770.37397480, 44844.136275,    0.0,    2.0, -2.0,  0.00,  0.00,  0.00,  0.0,  0.0,  0.0
1036770.37647480, 44842.984142,    0.0,    2.0, -2.0,  0.00,  0.00,  0.00,  0.0,  0.0,  0.0
1036770.37897480, 44842.205636,    0.0,    2.0, -2.0,  0.00,  0.00,  0.00,  0.0,  0.0,  0.0
1036770.38147480, 44841.427131,    0.0,    2.0, -2.0,  0.00,  0.00,  0.00,  0.0,  0.0,  0.0
1036770.38397480, 44840.747148,    0.0,    2.0, -2.0,  0.00,  0.00,  0.00,  0.0,  0.0,  0.0
1036770.38647480, 44842.300707,    0.0,    2.0, -2.0,  0.00,  0.00,  0.00,  0.0,  0.0,  0.0
1036770.38897480, 44842.976872,    0.0,    2.0, -2.0,  0.00,  0.00,  0.00,  0.0,  0.0,  0.0
1036770.39147480, 44843.653038,    0.0,    2.0, -2.0,  0.00,  0.00,  0.00,  0.0,  0.0,  0.0
1036770.39397480, 44844.093813,    0.0,    2.0, -2.0,  0.00,  0.00,  0.00,  0.0,  0.0,  0.0
1036770.39647480, 44844.461697,    0.0,    2.0, -2.0,  0.00,  0.00,  0.00,  0.0,  0.0,  0.0
1036770.39897480, 44844.451224,    0.0,    2.0, -2.0,  0.00,  0.00,  0.00,  0.0,  0.0,  0.0
1036770.40147480, 44840.235436,    0.0,    2.0, -2.0,  0.00,  0.00,  0.00,  0.0,  0.0,  0.0
1036770.40397480, 44840.533314,    0.0,    2.0, -2.0,  0.00,  0.00,  0.00,  0.0,  0.0,  0.0
1036770.40647480, 44842.130124,    0.0,    2.0, -2.0,  0.00,  0.00,  0.00,  0.0,  0.0,  0.0
1036770.40897480, 44843.885702,    0.0,    2.0, -2.0,  0.00,  0.00,  0.00,  0.0,  0.0,  0.0
1036770.41147480, 44844.927194,    0.0,    2.0, -2.0,  0.00,  0.00,  0.00,  0.0,  0.0,  0.0
1036770.41397480, 44844.316517,    0.0,    2.0, -2.0,  0.00,  0.00,  0.00,  0.0,  0.0,  0.0
1036770.41647480, 44842.015936,    0.0,    2.0, -2.0,  0.00,  0.00,  0.00,  0.0,  0.0,  0.0
1036770.41897480, 44840.316799,    0.0,    2.0, -2.0,  0.00,  0.00,  0.00,  0.0,  0.0,  0.0
1036770.42147480, 44840.092509,    0.0,    2.0, -2.0,  0.00,  0.00,  0.00,  0.0,  0.0,  0.0
1036770.42397480, 44840.741011,    0.0,    2.0, -2.0,  0.00,  0.00,  0.00,  0.0,  0.0,  0.0
1036770.42647480, 44842.709410,    0.0,    2.0, -2.0,  0.00,  0.00,  0.00,  0.0,  0.0,  0.0
1036770.42897480, 44844.299489,    0.0,    2.0, -2.0,  0.00,  0.00,  0.00,  0.0,  0.0,  0.0
1036770.43147480, 44844.721630,    0.0,    2.0, -2.0,  0.00,  0.00,  0.00,  0.0,  0.0,  0.0
1036770.43397480, 44844.376001,    0.0,    2.0, -2.0,  0.00,  0.00,  0.00,  0.0,  0.0,  0.0
1036770.43647480, 44842.405206,    0.0,    2.0, -2.0,  0.00,  0.00,  0.00,  0.0,  0.0,  0.0
1036770.43897480, 44841.196240,    0.0,    2.0, -2.0,  0.00,  0.00,  0.00,  0.0,  0.0,  0.0
1036770.44147480, 44840.680462,    0.0,    2.0, -2.0,  0.00,  0.00,  0.00,  0.0,  0.0,  0.0
1036770.44397480, 44841.222143,    0.0,    2.0, -2.0,  0.00,  0.00,  0.00,  0.0,  0.0,  0.0
1036770.44647480, 44841.920638,    0.0,    2.0, -2.0,  0.00,  0.00,  0.00,  0.0,  0.0,  0.0
1036770.44897480, 44842.784253,    0.0,    2.0, -2.0,  0.00,  0.00,  0.00,  0.0,  0.0,  0.0
1036770.45147480, 44843.828035,    0.0,    2.0, -2.0,  0.00,  0.00,  0.00,  0.0,  0.0,  0.0
1036770.45397480, 44844.292016,    0.0,    2.0, -2.0,  0.00,  0.00,  0.00,  0.0,  0.0,  0.0
1036770.45647480, 44843.576540,    0.0,    2.0, -2.0,  0.00,  0.00,  0.00,  0.0,  0.0,  0.0
1036770.45897480, 44842.861063,    0.0,    2.0, -2.0,  0.00,  0.00,  0.00,  0.0,  0.0,  0.0
1036770.46147480, 44841.236217,    0.0,    2.0, -2.0,  0.00,  0.00,  0.00,  0.0,  0.0,  0.0
1036770.46397480, 44841.362504,    0.0,    2.0, -2.0,  0.00,  0.00,  0.00,  0.0,  0.0,  0.0
1036770.46647480, 44842.219980,    0.0,    2.0, -2.0,  0.00,  0.00,  0.00,  0.0,  0.0,  0.0
1036770.46897480, 44844.171558,    0.0,    2.0, -2.0,  0.00,  0.00,  0.00,  0.0,  0.0,  0.0
1036770.47147480, 44844.967518,    0.0,    2.0, -2.0,  0.00,  0.00,  0.00,  0.0,  0.0,  0.0
1036770.47397480, 44844.658999,    0.0,    2.0, -2.0,  0.00,  0.00,  0.00,  0.0,  0.0,  0.0
1036770.47647480, 44843.470371,    0.0,    2.0, -2.0,  0.00,  0.00,  0.00,  0.0,  0.0,  0.0
1036770.47897480, 44841.329806,    0.0,    2.0, -2.0,  0.00,  0.00,  0.00,  0.0,  0.0,  0.0
1036770.48147480, 44840.983525,    0.0,    2.0, -2.0,  0.00,  0.00,  0.00,  0.0,  0.0,  0.0
1036770.48397480, 44840.863680,    0.0,    2.0, -2.0,  0.00,  0.00,  0.00,  0.0,  0.0,  0.0
1036770.48897480, 44843.937358,    0.0,    2.0, -2.0,  0.00,  0.00,  0.00,  0.0,  0.0,  0.0
1036770.49147480, 44845.068274,    0.0,    2.0, -2.0,  0.00,  0.00,  0.00,  0.0,  0.0,  0.0
1036770.49397480, 44844.415575,    0.0,    2.0, -2.0,  0.00,  0.00,  0.00,  0.0,  0.0,  0.0
1036770.49647480, 44843.110053,    0.0,    2.0, -2.0,  0.00,  0.00,  0.00,  0.0,  0.0,  0.0
1036770.49897480, 44840.914748,    0.0,    2.0, -2.0,  0.00,  0.00,  0.00,  0.0,  0.0,  0.0
1036770.50147480, 44840.535211,    0.0,    2.0, -2.0,  0.00,  0.00,  0.00,  0.0,  0.0,  0.0
1036770.50397480, 44840.155673,    0.0,    2.0, -2.0,  0.00,  0.00,  0.00,  0.0,  0.0,  0.0
1036770.50647480, 44841.541103,    0.0,    2.0, -2.0,  0.00,  0.00,  0.00,  0.0,  0.0,  0.0
1036770.50897480, 44842.346155,    0.0,    2.0, -2.0,  0.00,  0.00,  0.00,  0.0,  0.0,  0.0
1036770.51147480, 44843.046997,    0.0,    2.0, -2.0,  0.00,  0.00,  0.00,  0.0,  0.0,  0.0
1036770.51397480, 44843.494778,    0.0,    2.0, -2.0,  0.00,  0.00,  0.00,  0.0,  0.0,  0.0
1036770.51647480, 44843.214760,    0.0,    2.0, -2.0,  0.00,  0.00,  0.00,  0.0,  0.0,  0.0
1036770.51897480, 44842.934743,    0.0,    2.0, -2.0,  0.00,  0.00,  0.00,  0.0,  0.0,  0.0
1036770.52147480, 44841.503734,    0.0,    2.0, -2.0,  0.00,  0.00,  0.00,  0.0,  0.0,  0.0
1036770.52397480, 44839.741167,    0.0,    2.0, -2.0,  0.00,  0.00,  0.00,  0.0,  0.0,  0.0
1036770.52647480, 44841.516371,    0.0,    2.0, -2.0,  0.00,  0.00,  0.00,  0.0,  0.0,  0.0
1036770.52897480, 44843.740383,    0.0,    2.0, -2.0,  0.00,  0.00,  0.00,  0.0,  0.0,  0.0
1036770.53147480, 44844.885721,    0.0,    2.0, -2.0,  0.00,  0.00,  0.00,  0.0,  0.0,  0.0
1036770.53397480, 44844.261597,    0.0,    2.0, -2.0,  0.00,  0.00,  0.00,  0.0,  0.0,  0.0
1036770.53647480, 44842.611450,    0.0,    2.0, -2.0,  0.00,  0.00,  0.00,  0.0,  0.0,  0.0
1036770.53897480, 44841.072799,    0.0,    2.0, -2.0,  0.00,  0.00,  0.00,  0.0,  0.0,  0.0
1036770.54147480, 44840.195534,    0.0,    2.0, -2.0,  0.00,  0.00,  0.00,  0.0,  0.0,  0.0
1036770.54397480, 44840.900164,    0.0,    2.0, -2.0,  0.00,  0.00,  0.00,  0.0,  0.0,  0.0
1036770.54647480, 44842.226463,    0.0,    2.0, -2.0,  0.00,  0.00,  0.00,  0.0,  0.0,  0.0
1036770.54897480, 44844.183274,    0.0,    2.0, -2.0,  0.00,  0.00,  0.00,  0.0,  0.0,  0.0
1036770.55147480, 44845.146924,    0.0,    2.0, -2.0,  0.00,  0.00,  0.00,  0.0,  0.0,  0.0
1036770.55397480, 44844.163697,    0.0,    2.0, -2.0,  0.00,  0.00,  0.00,  0.0,  0.0,  0.0
1036770.55647480, 44841.790144,    0.0,    2.0, -2.0,  0.00,  0.00,  0.00,  0.0,  0.0,  0.0
1036770.55897480, 44840.883629,    0.0,    2.0, -2.0,  0.00,  0.00,  0.00,  0.0,  0.0,  0.0
1036770.56147480, 44839.878919,    0.0,    2.0, -2.0,  0.00,  0.00,  0.00,  0.0,  0.0,  0.0
1036770.56397480, 44840.050088,    0.0,    2.0, -2.0,  0.00,  0.00,  0.00,  0.0,  0.0,  0.0
1036770.56647480, 44840.231730,    0.0,    2.0, -2.0,  0.00,  0.00,  0.00,  0.0,  0.0,  0.0
1036770.56897480, 44843.824184,    0.0,    2.0, -2.0,  0.00,  0.00,  0.00,  0.0,  0.0,  0.0
1036770.57147480, 44844.157816,    0.0,    2.0, -2.0,  0.00,  0.00,  0.00,  0.0,  0.0,  0.0
1036770.57397480, 44844.491449,    0.0,    2.0, -2.0,  0.00,  0.00,  0.00,  0.0,  0.0,  0.0
1036770.57647480, 44844.212555,    0.0,    2.0, -2.0,  0.00,  0.00,  0.00,  0.0,  0.0,  0.0
1036770.57897480, 44842.755803,    0.0,    2.0, -2.0,  0.00,  0.00,  0.00,  0.0,  0.0,  0.0
1036770.58147480, 44841.299050,    0.0,    2.0, -2.0,  0.00,  0.00,  0.00,  0.0,  0.0,  0.0
1036770.58397480, 44840.342162,    0.0,    2.0, -2.0,  0.00,  0.00,  0.00,  0.0,  0.0,  0.0
1036770.58647480, 44840.935366,    0.0,    2.0, -2.0,  0.00,  0.00,  0.00,  0.0,  0.0,  0.0
1036770.58897480, 44841.943338,    0.0,    2.0, -2.0,  0.00,  0.00,  0.00,  0.0,  0.0,  0.0
1036770.59397480, 44844.490485,    0.0,    2.0, -2.0,  0.00,  0.00,  0.00,  0.0,  0.0,  0.0
1036770.59647480, 44843.170724,    0.0,    2.0, -2.0,  0.00,  0.00,  0.00,  0.0,  0.0,  0.0
1036770.59897480, 44840.787230,    0.0,    2.0, -2.0,  0.00,  0.00,  0.00,  0.0,  0.0,  0.0
1036770.60147480, 44840.223632,    0.0,    2.0, -2.0,  0.00,  0.00,  0.00,  0.0,  0.0,  0.0
1036770.60397480, 44841.257863,    0.0,    2.0, -2.0,  0.00,  0.00,  0.00,  0.0,  0.0,  0.0
1036770.60647480, 44843.227176,    0.0,    2.0, -2.0,  0.00,  0.00,  0.00,  0.0,  0.0,  0.0
1036770.60897480, 44844.101563,    0.0,    2.0, -2.0,  0.00,  0.00,  0.00,  0.0,  0.0,  0.0
1036770.61147480, 44845.196947,    0.0,    2.0, -2.0,  0.00,  0.00,  0.00,  0.0,  0.0,  0.0
1036770.61397480, 44844.239055,    0.0,    2.0, -2.0,  0.00,  0.00,  0.00,  0.0,  0.0,  0.0
1036770.61647480, 44841.801360,    0.0,    2.0, -2.0,  0.00,  0.00,  0.00,  0.0,  0.0,  0.0
1036770.61897480, 44840.958465,    0.0,    2.0, -2.0,  0.00,  0.00,  0.00,  0.0,  0.0,  0.0
1036770.62147480, 44840.013741,    0.0,    2.0, -2.0,  0.00,  0.00,  0.00,  0.0,  0.0,  0.0
1036770.62397480, 44840.537757,    0.0,    2.0, -2.0,  0.00,  0.00,  0.00,  0.0,  0.0,  0.0
1036770.62647480, 44841.229253,    0.0,    2.0, -2.0,  0.00,  0.00,  0.00,  0.0,  0.0,  0.0
1036770.62897480, 44841.920750,    0.0,    2.0, -2.0,  0.00,  0.00,  0.00,  0.0,  0.0,  0.0
1036770.63147480, 44844.130921,    0.0,    2.0, -2.0,  0.00,  0.00,  0.00,  0.0,  0.0,  0.0
1036770.63397480, 44845.088980,    0.0,    2.0, -2.0,  0.00,  0.00,  0.00,  0.0,  0.0,  0.0
1036770.63647480, 44844.963348,    0.0,    2.0, -2.0,  0.00,  0.00,  0.00,  0.0,  0.0,  0.0
1036770.63897480, 44844.473613,    0.0,    2.0, -2.0,  0.00,  0.00,  0.00,  0.0,  0.0,  0.0
1036770.64147480, 44842.350052,    0.0,    2.0, -2.0,  0.00,  0.00,  0.00,  0.0,  0.0,  0.0
1036770.64397480, 44840.226490,    0.0,    2.0, -2.0,  0.00,  0.00,  0.00,  0.0,  0.0,  0.0
1036770.64647480, 44841.570358,    0.0,    2.0, -2.0,  0.00,  0.00,  0.00,  0.0,  0.0,  0.0
1036770.64897480, 44843.765715,    0.0,    2.0, -2.0,  0.00,  0.00,  0.00,  0.0,  0.0,  0.0
1036770.65147480, 44844.511895,    0.0,    2.0, -2.0,  0.00,  0.00,  0.00,  0.0,  0.0,  0.0
1036770.65397480, 44844.441363,    0.0,    2.0, -2.0,  0.00,  0.00,  0.00,  0.0,  0.0,  0.0
1036770.65647480, 44842.551364,    0.0,    2.0, -2.0,  0.00,  0.00,  0.00,  0.0,  0.0,  0.0
1036770.65897480, 44840.612521,    0.0,    2.0, -2.0,  0.00,  0.00,  0.00,  0.0,  0.0,  0.0
1036770.66147480, 44839.976578,    0.0,    2.0, -2.0,  0.00,  0.00,  0.00,  0.0,  0.0,  0.0
1036770.66397480, 44840.866353,    0.0,    2.0, -2.0,  0.00,  0.00,  0.00,  0.0,  0.0,  0.0
1036770.66647480, 44842.996507,    0.0,    2.0, -2.0,  0.00,  0.00,  0.00,  0.0,  0.0,  0.0
1036770.66897480, 44843.877056,    0.0,    2.0, -2.0,  0.00,  0.00,  0.00,  0.0,  0.0,  0.0
1036770.67147480, 44844.771907,    0.0,    2.0, -2.0,  0.00,  0.00,  0.00,  0.0,  0.0,  0.0
1036770.67397480, 44843.779750,    0.0,    2.0, -2.0,  0.00,  0.00,  0.00,  0.0,  0.0,  0.0
1036770.67647480, 44841.523124,    0.0,    2.0, -2.0,  0.00,  0.00,  0.00,  0.0,  0.0,  0.0
1036770.67897480, 44840.701885,    0.0,    2.0, -2.0,  0.00,  0.00,  0.00,  0.0,  0.0,  0.0
1036770.68147480, 44840.417422,    0.0,    2.0, -2.0,  0.00,  0.00,  0.00,  0.0,  0.0,  0.0
1036770.68397480, 44840.707803,    0.0,    2.0, -2.0,  0.00,  0.00,  0.00,  0.0,  0.0,  0.0
1036770.68647480, 44842.804965,    0.0,    2.0, -2.0,  0.00,  0.00,  0.00,  0.0,  0.0,  0.0
1036770.68897480, 44843.545641,    0.0,    2.0, -2.0,  0.00,  0.00,  0.00,  0.0,  0.0,  0.0
1036770.69147480, 44843.545641,    0.0,    2.0, -2.0,  0.00,  0.00,  0.00,  0.0,  0.0,  0.0
1036770.69397480, 44844.022984,    0.0,    2.0, -2.0,  0.00,  0.00,  0.00,  0.0,  0.0,  0.0
1036770.69647480, 44843.830092,    0.0,    2.0, -2.0,  0.00,  0.00,  0.00,  0.0,  0.0,  0.0
1036770.69897480, 44843.274437,    0.0,    2.0, -2.0,  0.00,  0.00,  0.00,  0.0,  0.0,  0.0
1036770.70147480, 44842.718781,    0.0,    2.0, -2.0,  0.00,  0.00,  0.00,  0.0,  0.0,  0.0
1036770.70397480, 44840.937942,    0.0,    2.0, -2.0,  0.00,  0.00,  0.00,  0.0,  0.0,  0.0
1036770.70647480, 44841.832899,    0.0,    2.0, -2.0,  0.00,  0.00,  0.00,  0.0,  0.0,  0.0
1036770.70897480, 44843.407468,    0.0,    2.0, -2.0,  0.00,  0.00,  0.00,  0.0,  0.0,  0.0
1036770.71147480, 44844.755710,    0.0,    2.0, -2.0,  0.00,  0.00,  0.00,  0.0,  0.0,  0.0
1036770.71397480, 44844.497950,    0.0,    2.0, -2.0,  0.00,  0.00,  0.00,  0.0,  0.0,  0.0
1036770.71647480, 44843.021595,    0.0,    2.0, -2.0,  0.00,  0.00,  0.00,  0.0,  0.0,  0.0
1036770.71897480, 44841.626934,    0.0,    2.0, -2.0,  0.00,  0.00,  0.00,  0.0,  0.0,  0.0
1036770.72147480, 44840.589800,    0.0,    2.0, -2.0,  0.00,  0.00,  0.00,  0.0,  0.0,  0.0
1036770.72397480, 44840.370470,    0.0,    2.0, -2.0,  0.00,  0.00,  0.00,  0.0,  0.0,  0.0
1036770.72647480, 44842.154803,    0.0,    2.0, -2.0,  0.00,  0.00,  0.00,  0.0,  0.0,  0.0
1036770.72897480, 44844.285121,    0.0,    2.0, -2.0,  0.00,  0.00,  0.00,  0.0,  0.0,  0.0
1036770.73147480, 44844.762872,    0.0,    2.0, -2.0,  0.00,  0.00,  0.00,  0.0,  0.0,  0.0
1036770.73397480, 44844.593340,    0.0,    2.0, -2.0,  0.00,  0.00,  0.00,  0.0,  0.0,  0.0
1036770.73647480, 44842.863809,    0.0,    2.0, -2.0,  0.00,  0.00,  0.00,  0.0,  0.0,  0.0
1036770.73897480, 44840.802802,    0.0,    2.0, -2.0,  0.00,  0.00,  0.00,  0.0,  0.0,  0.0
1036770.74147480, 44840.393826,    0.0,    2.0, -2.0,  0.00,  0.00,  0.00,  0.0,  0.0,  0.0
1036770.74397480, 44840.552214,    0.0,    2.0, -2.0,  0.00,  0.00,  0.00,  0.0,  0.0,  0.0
1036770.74647480, 44842.360714,    0.0,    2.0, -2.0,  0.00,  0.00,  0.00,  0.0,  0.0,  0.0
1036770.74897480, 44844.303401,    0.0,    2.0, -2.0,  0.00,  0.00,  0.00,  0.0,  0.0,  0.0
1036770.75147480, 44844.805252,    0.0,    2.0, -2.0,  0.00,  0.00,  0.00,  0.0,  0.0,  0.0
1036770.75397480, 44844.677190,    0.0,    2.0, -2.0,  0.00,  0.00,  0.00,  0.0,  0.0,  0.0
1036770.75647480, 44842.559834,    0.0,    2.0, -2.0,  0.00,  0.00,  0.00,  0.0,  0.0,  0.0
1036770.75897480, 44841.268498,    0.0,    2.0, -2.0,  0.00,  0.00,  0.00,  0.0,  0.0,  0.0
1036770.76147480, 44841.268498,    0.0,    2.0, -2.0,  0.00,  0.00,  0.00,  0.0,  0.0,  0.0
1036770.76397480, 44841.327909,    0.0,    2.0, -2.0,  0.00,  0.00,  0.00,  0.0,  0.0,  0.0
1036770.76647480, 44841.671720,    0.0,    2.0, -2.0,  0.00,  0.00,  0.00,  0.0,  0.0,  0.0
1036770.76897480, 44842.015531,    0.0,    2.0, -2.0,  0.00,  0.00,  0.00,  0.0,  0.0,  0.0
1036770.77147480, 44844.072078,    0.0,    2.0, -2.0,  0.00,  0.00,  0.00,  0.0,  0.0,  0.0
1036770.77397480, 44844.628683,    0.0,    2.0, -2.0,  0.00,  0.00,  0.00,  0.0,  0.0,  0.0
1036770.77647480, 44843.788127,    0.0,    2.0, -2.0,  0.00,  0.00,  0.00,  0.0,  0.0,  0.0
1036770.77897480, 44841.081418,    0.0,    2.0, -2.0,  0.00,  0.00,  0.00,  0.0,  0.0,  0.0
1036770.78147480, 44840.077466,    0.0,    2.0, -2.0,  0.00,  0.00,  0.00,  0.0,  0.0,  0.0
1036770.78397480, 44840.850952,    0.0,    2.0, -2.0,  0.00,  0.00,  0.00,  0.0,  0.0,  0.0
1036770.78647480, 44842.548168,    0.0,    2.0, -2.0,  0.00,  0.00,  0.00,  0.0,  0.0,  0.0
1036770.78897480, 44844.549895,    0.0,    2.0, -2.0,  0.00,  0.00,  0.00,  0.0,  0.0,  0.0
1036770.79147480, 44844.536127,    0.0,    2.0, -2.0,  0.00,  0.00,  0.00,  0.0,  0.0,  0.0
1036770.79397480, 44844.261925,    0.0,    2.0, -2.0,  0.00,  0.00,  0.00,  0.0,  0.0,  0.0
1036770.79647480, 44841.988732,    0.0,    2.0, -2.0,  0.00,  0.00,  0.00,  0.0,  0.0,  0.0
1036770.79897480, 44840.668025,    0.0,    2.0, -2.0,  0.00,  0.00,  0.00,  0.0,  0.0,  0.0
1036770.80147480, 44840.056098,    0.0,    2.0, -2.0,  0.00,  0.00,  0.00,  0.0,  0.0,  0.0
1036770.80397480, 44841.074337,    0.0,    2.0, -2.0,  0.00,  0.00,  0.00,  0.0,  0.0,  0.0
1036770.80647480, 44842.769885,    0.0,    2.0, -2.0,  0.00,  0.00,  0.00,  0.0,  0.0,  0.0
1036770.80897480, 44844.451197,    0.0,    2.0, -2.0,  0.00,  0.00,  0.00,  0.0,  0.0,  0.0
1036770.81147480, 44845.088645,    0.0,    2.0, -2.0,  0.00,  0.00,  0.00,  0.0,  0.0,  0.0
1036770.81397480, 44844.829248,    0.0,    2.0, -2.0,  0.00,  0.00,  0.00,  0.0,  0.0,  0.0
1036770.81647480, 44844.544145,    0.0,    2.0, -2.0,  0.00,  0.00,  0.00,  0.0,  0.0,  0.0
1036770.81897480, 44841.118730,    0.0,    2.0, -2.0,  0.00,  0.00,  0.00,  0.0,  0.0,  0.0
1036770.82147480, 44840.236683,    0.0,    2.0, -2.0,  0.00,  0.00,  0.00,  0.0,  0.0,  0.0
1036770.82397480, 44840.813495,    0.0,    2.0, -2.0,  0.00,  0.00,  0.00,  0.0,  0.0,  0.0
1036770.82647480, 44842.705988,    0.0,    2.0, -2.0,  0.00,  0.00,  0.00,  0.0,  0.0,  0.0
1036770.82897480, 44843.806586,    0.0,    2.0, -2.0,  0.00,  0.00,  0.00,  0.0,  0.0,  0.0
1036770.83147480, 44844.645863,    0.0,    2.0, -2.0,  0.00,  0.00,  0.00,  0.0,  0.0,  0.0
1036770.83397480, 44844.481475,    0.0,    2.0, -2.0,  0.00,  0.00,  0.00,  0.0,  0.0,  0.0
1036770.83647480, 44843.435662,    0.0,    2.0, -2.0,  0.00,  0.00,  0.00,  0.0,  0.0,  0.0
1036770.83897480, 44841.320403,    0.0,    2.0, -2.0,  0.00,  0.00,  0.00,  0.0,  0.0,  0.0
1036770.84147480, 44840.210004,    0.0,    2.0, -2.0,  0.00,  0.00,  0.00,  0.0,  0.0,  0.0
1036770.84397480, 44840.601102,    0.0,    2.0, -2.0,  0.00,  0.00,  0.00,  0.0,  0.0,  0.0
1036770.84647480, 44842.568057,    0.0,    2.0, -2.0,  0.00,  0.00,  0.00,  0.0,  0.0,  0.0
1036770.84897480, 44843.933717,    0.0,    2.0, -2.0,  0.00,  0.00,  0.00,  0.0,  0.0,  0.0
1036770.85147480, 44844.809723,    0.0,    2.0, -2.0,  0.00,  0.00,  0.00,  0.0,  0.0,  0.0
1036770.85397480, 44844.471775,    0.0,    2.0, -2.0,  0.00,  0.00,  0.00,  0.0,  0.0,  0.0
1036770.85647480, 44842.336752,    0.0,    2.0, -2.0,  0.00,  0.00,  0.00,  0.0,  0.0,  0.0
1036770.85897480, 44840.520874,    0.0,    2.0, -2.0,  0.00,  0.00,  0.00,  0.0,  0.0,  0.0
1036770.86147480, 44839.964219,    0.0,    2.0, -2.0,  0.00,  0.00,  0.00,  0.0,  0.0,  0.0
1036770.86397480, 44840.525422,    0.0,    2.0, -2.0,  0.00,  0.00,  0.00,  0.0,  0.0,  0.0
1036770.86647480, 44842.566650,    0.0,    2.0, -2.0,  0.00,  0.00,  0.00,  0.0,  0.0,  0.0
1036770.86897480, 44843.980976,    0.0,    2.0, -2.0,  0.00,  0.00,  0.00,  0.0,  0.0,  0.0
1036770.87147480, 44844.680247,    0.0,    2.0, -2.0,  0.00,  0.00,  0.00,  0.0,  0.0,  0.0
1036770.87397480, 44844.436101,    0.0,    2.0, -2.0,  0.00,  0.00,  0.00,  0.0,  0.0,  0.0
1036770.87647480, 44842.789625,    0.0,    2.0, -2.0,  0.00,  0.00,  0.00,  0.0,  0.0,  0.0
1036770.87897480, 44841.790154,    0.0,    2.0, -2.0,  0.00,  0.00,  0.00,  0.0,  0.0,  0.0
1036770.88147480, 44841.022276,    0.0,    2.0, -2.0,  0.00,  0.00,  0.00,  0.0,  0.0,  0.0
1036770.88397480, 44840.629385,    0.0,    2.0, -2.0,  0.00,  0.00,  0.00,  0.0,  0.0,  0.0
1036770.88647480, 44841.010350,    0.0,    2.0, -2.0,  0.00,  0.00,  0.00,  0.0,  0.0,  0.0
1036770.88897480, 44841.650425,    0.0,    2.0, -2.0,  0.00,  0.00,  0.00,  0.0,  0.0,  0.0
1036770.89147480, 44843.654992,    0.0,    2.0, -2.0,  0.00,  0.00,  0.00,  0.0,  0.0,  0.0
1036770.89397480, 44844.678022,    0.0,    2.0, -2.0,  0.00,  0.00,  0.00,  0.0,  0.0,  0.0
1036770.89647480, 44844.540868,    0.0,    2.0, -2.0,  0.00,  0.00,  0.00,  0.0,  0.0,  0.0
1036770.89897480, 44841.869164,    0.0,    2.0, -2.0,  0.00,  0.00,  0.00,  0.0,  0.0,  0.0
1036770.90147480, 44840.194905,    0.0,    2.0, -2.0,  0.00,  0.00,  0.00,  0.0,  0.0,  0.0
1036770.90397480, 44840.551297,    0.0,    2.0, -2.0,  0.00,  0.00,  0.00,  0.0,  0.0,  0.0
1036770.90647480, 44842.561552,    0.0,    2.0, -2.0,  0.00,  0.00,  0.00,  0.0,  0.0,  0.0
1036770.90897480, 44844.213265,    0.0,    2.0, -2.0,  0.00,  0.00,  0.00,  0.0,  0.0,  0.0
1036770.91147480, 44845.061106,    0.0,    2.0, -2.0,  0.00,  0.00,  0.00,  0.0,  0.0,  0.0
1036770.91397480, 44843.989621,    0.0,    2.0, -2.0,  0.00,  0.00,  0.00,  0.0,  0.0,  0.0
1036770.91647480, 44843.342515,    0.0,    2.0, -2.0,  0.00,  0.00,  0.00,  0.0,  0.0,  0.0
1036770.91897480, 44841.421012,    0.0,    2.0, -2.0,  0.00,  0.00,  0.00,  0.0,  0.0,  0.0
1036770.92147480, 44840.362358,    0.0,    2.0, -2.0,  0.00,  0.00,  0.00,  0.0,  0.0,  0.0
1036770.92397480, 44841.319386,    0.0,    2.0, -2.0,  0.00,  0.00,  0.00,  0.0,  0.0,  0.0
1036770.92647480, 44841.824420,    0.0,    2.0, -2.0,  0.00,  0.00,  0.00,  0.0,  0.0,  0.0
1036770.92897480, 44844.117802,    0.0,    2.0, -2.0,  0.00,  0.00,  0.00,  0.0,  0.0,  0.0
1036770.93147480, 44845.109870,    0.0,    2.0, -2.0,  0.00,  0.00,  0.00,  0.0,  0.0,  0.0
1036770.93397480, 44843.950605,    0.0,    2.0, -2.0,  0.00,  0.00,  0.00,  0.0,  0.0,  0.0
1036770.93647480, 44843.278370,    0.0,    2.0, -2.0,  0.00,  0.00,  0.00,  0.0,  0.0,  0.0
1036770.93897480, 44840.930529,    0.0,    2.0, -2.0,  0.00,  0.00,  0.00,  0.0,  0.0,  0.0
1036770.94147480, 44840.440076,    0.0,    2.0, -2.0,  0.00,  0.00,  0.00,  0.0,  0.0,  0.0
1036770.94397480, 44839.949622,    0.0,    2.0, -2.0,  0.00,  0.00,  0.00,  0.0,  0.0,  0.0
1036770.94647480, 44841.365237,    0.0,    2.0, -2.0,  0.00,  0.00,  0.00,  0.0,  0.0,  0.0
1036770.94897480, 44843.079645,    0.0,    2.0, -2.0,  0.00,  0.00,  0.00,  0.0,  0.0,  0.0
1036770.95147480, 44844.020889,    0.0,    2.0, -2.0,  0.00,  0.00,  0.00,  0.0,  0.0,  0.0
1036770.95397480, 44844.962134,    0.0,    2.0, -2.0,  0.00,  0.00,  0.00,  0.0,  0.0,  0.0
1036770.95647480, 44844.517063,    0.0,    2.0, -2.0,  0.00,  0.00,  0.00,  0.0,  0.0,  0.0
1036770.95897480, 44843.595980,    0.0,    2.0, -2.0,  0.00,  0.00,  0.00,  0.0,  0.0,  0.0
1036770.96147480, 44842.234398,    0.0,    2.0, -2.0,  0.00,  0.00,  0.00,  0.0,  0.0,  0.0
1036770.96397480, 44841.167261,    0.0,    2.0, -2.0,  0.00,  0.00,  0.00,  0.0,  0.0,  0.0
1036770.96647480, 44842.081000,    0.0,    2.0, -2.0,  0.00,  0.00,  0.00,  0.0,  0.0,  0.0
1036770.96897480, 44843.441499,    0.0,    2.0, -2.0,  0.00,  0.00,  0.00,  0.0,  0.0,  0.0
1036770.97147480, 44844.909468,    0.0,    2.0, -2.0,  0.00,  0.00,  0.00,  0.0,  0.0,  0.0
1036770.97397480, 44844.150651,    0.0,    2.0, -2.0,  0.00,  0.00,  0.00,  0.0,  0.0,  0.0
1036770.97647480, 44842.232638,    0.0,    2.0, -2.0,  0.00,  0.00,  0.00,  0.0,  0.0,  0.0
1036770.97897480, 44840.442554,    0.0,    2.0, -2.0,  0.00,  0.00,  0.00,  0.0,  0.0,  0.0
1036770.98147480, 44840.006983,    0.0,    2.0, -2.0,  0.00,  0.00,  0.00,  0.0,  0.0,  0.0
1036770.98397480, 44840.816100,    0.0,    2.0, -2.0,  0.00,  0.00,  0.00,  0.0,  0.0,  0.0
1036770.98647480, 44842.630401,    0.0,    2.0, -2.0,  0.00,  0.00,  0.00,  0.0,  0.0,  0.0
1036770.98897480, 44844.375440,    0.0,    2.0, -2.0,  0.00,  0.00,  0.00,  0.0,  0.0,  0.0
1036770.99147480, 44844.849919,    0.0,    2.0, -2.0,  0.00,  0.00,  0.00,  0.0,  0.0,  0.0
1036770.99397480, 44844.520955,    0.0,    2.0, -2.0,  0.00,  0.00,  0.00,  0.0,  0.0,  0.0
1036770.99647480, 44842.115604,    0.0,    2.0, -2.0,  0.00,  0.00,  0.00,  0.0,  0.0,  0.0
1036770.99897480, 44840.209356,    0.0,    2.0, -2.0,  0.00,  0.00,  0.00,  0.0,  0.0,  0.0
1036771.00147480, 44839.964219,    0.0,    2.0, -2.0,  0.00,  0.00,  0.00,  0.0,  0.0,  0.0
1036771.00397480, 44840.180969,    0.0,    2.0, -2.0,  0.00,  0.00,  0.00,  0.0,  0.0,  0.0
1036771.00647480, 44840.423613,    0.0,    2.0, -2.0,  0.00,  0.00,  0.00,  0.0,  0.0,  0.0
1036771.00897480, 44844.112633,    0.0,    2.0, -2.0,  0.00,  0.00,  0.00,  0.0,  0.0,  0.0
1036771.01147480, 44845.136920,    0.0,    2.0, -2.0,  0.00,  0.00,  0.00,  0.0,  0.0,  0.0
1036771.01397480, 44844.550769,    0.0,    2.0, -2.0,  0.00,  0.00,  0.00,  0.0,  0.0,  0.0
1036771.01647480, 44843.792686,    0.0,    2.0, -2.0,  0.00,  0.00,  0.00,  0.0,  0.0,  0.0
1036771.01897480, 44842.724062,    0.0,    2.0, -2.0,  0.00,  0.00,  0.00,  0.0,  0.0,  0.0
1036771.02147480, 44840.051822,    0.0,    2.0, -2.0,  0.00,  0.00,  0.00,  0.0,  0.0,  0.0
1036771.02397480, 44840.335068,    0.0,    2.0, -2.0,  0.00,  0.00,  0.00,  0.0,  0.0,  0.0
1036771.02647480, 44841.661563,    0.0,    2.0, -2.0,  0.00,  0.00,  0.00,  0.0,  0.0,  0.0
1036771.02897480, 44843.078123,    0.0,    2.0, -2.0,  0.00,  0.00,  0.00,  0.0,  0.0,  0.0
1036771.03147480, 44844.084328,    0.0,    2.0, -2.0,  0.00,  0.00,  0.00,  0.0,  0.0,  0.0
1036771.03397480, 44843.868285,    0.0,    2.0, -2.0,  0.00,  0.00,  0.00,  0.0,  0.0,  0.0
1036771.03647480, 44843.363897,    0.0,    2.0, -2.0,  0.00,  0.00,  0.00,  0.0,  0.0,  0.0
1036771.03897480, 44841.053160,    0.0,    2.0, -2.0,  0.00,  0.00,  0.00,  0.0,  0.0,  0.0
1036771.04147480, 44840.224752,    0.0,    2.0, -2.0,  0.00,  0.00,  0.00,  0.0,  0.0,  0.0
1036771.04397480, 44841.519662,    0.0,    2.0, -2.0,  0.00,  0.00,  0.00,  0.0,  0.0,  0.0
1036771.04647480, 44842.048927,    0.0,    2.0, -2.0,  0.00,  0.00,  0.00,  0.0,  0.0,  0.0
1036771.04897480, 44844.117364,    0.0,    2.0, -2.0,  0.00,  0.00,  0.00,  0.0,  0.0,  0.0
1036771.05147480, 44844.724563,    0.0,    2.0, -2.0,  0.00,  0.00,  0.00,  0.0,  0.0,  0.0
1036771.05397480, 44843.799419,    0.0,    2.0, -2.0,  0.00,  0.00,  0.00,  0.0,  0.0,  0.0
1036771.05647480, 44842.012528,    0.0,    2.0, -2.0,  0.00,  0.00,  0.00,  0.0,  0.0,  0.0
1036771.05897480, 44840.260605,    0.0,    2.0, -2.0,  0.00,  0.00,  0.00,  0.0,  0.0,  0.0
1036771.06147480, 44839.996292,    0.0,    2.0, -2.0,  0.00,  0.00,  0.00,  0.0,  0.0,  0.0
1036771.06397480, 44840.827610,    0.0,    2.0, -2.0,  0.00,  0.00,  0.00,  0.0,  0.0,  0.0
1036771.06647480, 44842.164435,    0.0,    2.0, -2.0,  0.00,  0.00,  0.00,  0.0,  0.0,  0.0
1036771.06897480, 44842.886019,    0.0,    2.0, -2.0,  0.00,  0.00,  0.00,  0.0,  0.0,  0.0
1036771.07147480, 44843.662055,    0.0,    2.0, -2.0,  0.00,  0.00,  0.00,  0.0,  0.0,  0.0
1036771.07397480, 44843.550903,    0.0,    2.0, -2.0,  0.00,  0.00,  0.00,  0.0,  0.0,  0.0
1036771.07647480, 44842.321588,    0.0,    2.0, -2.0,  0.00,  0.00,  0.00,  0.0,  0.0,  0.0
1036771.07897480, 44841.443119,    0.0,    2.0, -2.0,  0.00,  0.00,  0.00,  0.0,  0.0,  0.0
1036771.08147480, 44840.727395,    0.0,    2.0, -2.0,  0.00,  0.00,  0.00,  0.0,  0.0,  0.0
1036771.08397480, 44840.434511,    0.0,    2.0, -2.0,  0.00,  0.00,  0.00,  0.0,  0.0,  0.0
1036771.08647480, 44841.520591,    0.0,    2.0, -2.0,  0.00,  0.00,  0.00,  0.0,  0.0,  0.0
1036771.08897480, 44842.887751,    0.0,    2.0, -2.0,  0.00,  0.00,  0.00,  0.0,  0.0,  0.0
1036771.09147480, 44844.071505,    0.0,    2.0, -2.0,  0.00,  0.00,  0.00,  0.0,  0.0,  0.0
1036771.09397480, 44843.823626,    0.0,    2.0, -2.0,  0.00,  0.00,  0.00,  0.0,  0.0,  0.0
1036771.09647480, 44841.900270,    0.0,    2.0, -2.0,  0.00,  0.00,  0.00,  0.0,  0.0,  0.0
1036771.09897480, 44840.660983,    0.0,    2.0, -2.0,  0.00,  0.00,  0.00,  0.0,  0.0,  0.0
1036771.10147480, 44840.533564,    0.0,    2.0, -2.0,  0.00,  0.00,  0.00,  0.0,  0.0,  0.0
1036771.10397480, 44841.488249,    0.0,    2.0, -2.0,  0.00,  0.00,  0.00,  0.0,  0.0,  0.0
1036771.10647480, 44843.040874,    0.0,    2.0, -2.0,  0.00,  0.00,  0.00,  0.0,  0.0,  0.0
1036771.10897480, 44844.394647,    0.0,    2.0, -2.0,  0.00,  0.00,  0.00,  0.0,  0.0,  0.0
1036771.11147480, 44844.675297,    0.0,    2.0, -2.0,  0.00,  0.00,  0.00,  0.0,  0.0,  0.0
1036771.11397480, 44843.505156,    0.0,    2.0, -2.0,  0.00,  0.00,  0.00,  0.0,  0.0,  0.0
1036771.11647480, 44841.699830,    0.0,    2.0, -2.0,  0.00,  0.00,  0.00,  0.0,  0.0,  0.0
1036771.11897480, 44840.379572,    0.0,    2.0, -2.0,  0.00,  0.00,  0.00,  0.0,  0.0,  0.0
1036771.12147480, 44840.342897,    0.0,    2.0, -2.0,  0.00,  0.00,  0.00,  0.0,  0.0,  0.0
1036771.12397480, 44841.599219,    0.0,    2.0, -2.0,  0.00,  0.00,  0.00,  0.0,  0.0,  0.0
1036771.12647480, 44843.130768,    0.0,    2.0, -2.0,  0.00,  0.00,  0.00,  0.0,  0.0,  0.0
1036771.12897480, 44844.140803,    0.0,    2.0, -2.0,  0.00,  0.00,  0.00,  0.0,  0.0,  0.0
1036771.13147480, 44844.569887,    0.0,    2.0, -2.0,  0.00,  0.00,  0.00,  0.0,  0.0,  0.0
1036771.13397480, 44844.682680,    0.0,    2.0, -2.0,  0.00,  0.00,  0.00,  0.0,  0.0,  0.0
1036771.13647480, 44843.513362,    0.0,    2.0, -2.0,  0.00,  0.00,  0.00,  0.0,  0.0,  0.0
1036771.13897480, 44841.739396,    0.0,    2.0, -2.0,  0.00,  0.00,  0.00,  0.0,  0.0,  0.0
1036771.14147480, 44840.980334,    0.0,    2.0, -2.0,  0.00,  0.00,  0.00,  0.0,  0.0,  0.0
1036771.14397480, 44840.529549,    0.0,    2.0, -2.0,  0.00,  0.00,  0.00,  0.0,  0.0,  0.0
1036771.14647480, 44841.234013,    0.0,    2.0, -2.0,  0.00,  0.00,  0.00,  0.0,  0.0,  0.0
1036771.14897480, 44841.938476,    0.0,    2.0, -2.0,  0.00,  0.00,  0.00,  0.0,  0.0,  0.0
1036771.15147480, 44844.977962,    0.0,    2.0, -2.0,  0.00,  0.00,  0.00,  0.0,  0.0,  0.0
1036771.15397480, 44844.961632,    0.0,    2.0, -2.0,  0.00,  0.00,  0.00,  0.0,  0.0,  0.0
1036771.15647480, 44843.617959,    0.0,    2.0, -2.0,  0.00,  0.00,  0.00,  0.0,  0.0,  0.0
1036771.15897480, 44840.964372,    0.0,    2.0, -2.0,  0.00,  0.00,  0.00,  0.0,  0.0,  0.0
1036771.16147480, 44840.178150,    0.0,    2.0, -2.0,  0.00,  0.00,  0.00,  0.0,  0.0,  0.0
1036771.16397480, 44840.872091,    0.0,    2.0, -2.0,  0.00,  0.00,  0.00,  0.0,  0.0,  0.0
1036771.16647480, 44842.699899,    0.0,    2.0, -2.0,  0.00,  0.00,  0.00,  0.0,  0.0,  0.0
1036771.16897480, 44843.577713,    0.0,    2.0, -2.0,  0.00,  0.00,  0.00,  0.0,  0.0,  0.0
1036771.17147480, 44844.699695,    0.0,    2.0, -2.0,  0.00,  0.00,  0.00,  0.0,  0.0,  0.0
1036771.17397480, 44843.818089,    0.0,    2.0, -2.0,  0.00,  0.00,  0.00,  0.0,  0.0,  0.0
1036771.17647480, 44841.581050,    0.0,    2.0, -2.0,  0.00,  0.00,  0.00,  0.0,  0.0,  0.0
1036771.17897480, 44840.776721,    0.0,    2.0, -2.0,  0.00,  0.00,  0.00,  0.0,  0.0,  0.0
1036771.18147480, 44839.626122,    0.0,    2.0, -2.0,  0.00,  0.00,  0.00,  0.0,  0.0,  0.0
1036771.18397480, 44840.687317,    0.0,    2.0, -2.0,  0.00,  0.00,  0.00,  0.0,  0.0,  0.0
1036771.18647480, 44843.189578,    0.0,    2.0, -2.0,  0.00,  0.00,  0.00,  0.0,  0.0,  0.0
1036771.18897480, 44844.048109,    0.0,    2.0, -2.0,  0.00,  0.00,  0.00,  0.0,  0.0,  0.0
1036771.19147480, 44844.776820,    0.0,    2.0, -2.0,  0.00,  0.00,  0.00,  0.0,  0.0,  0.0
1036771.19397480, 44844.313457,    0.0,    2.0, -2.0,  0.00,  0.00,  0.00,  0.0,  0.0,  0.0
1036771.19647480, 44843.653658,    0.0,    2.0, -2.0,  0.00,  0.00,  0.00,  0.0,  0.0,  0.0
1036771.19897480, 44842.993860,    0.0,    2.0, -2.0,  0.00,  0.00,  0.00,  0.0,  0.0,  0.0
1036771.20147480, 44839.778103,    0.0,    2.0, -2.0,  0.00,  0.00,  0.00,  0.0,  0.0,  0.0
1036771.20397480, 44840.279856,    0.0,    2.0, -2.0,  0.00,  0.00,  0.00,  0.0,  0.0,  0.0
1036771.20647480, 44840.795490,    0.0,    2.0, -2.0,  0.00,  0.00,  0.00,  0.0,  0.0,  0.0
1036771.20897480, 44841.311124,    0.0,    2.0, -2.0,  0.00,  0.00,  0.00,  0.0,  0.0,  0.0
1036771.21147480, 44842.150075,    0.0,    2.0, -2.0,  0.00,  0.00,  0.00,  0.0,  0.0,  0.0
1036771.21397480, 44843.337330,    0.0,    2.0, -2.0,  0.00,  0.00,  0.00,  0.0,  0.0,  0.0
1036771.21647480, 44844.524585,    0.0,    2.0, -2.0,  0.00,  0.00,  0.00,  0.0,  0.0,  0.0
1036771.21897480, 44842.889389,    0.0,    2.0, -2.0,  0.00,  0.00,  0.00,  0.0,  0.0,  0.0
1036771.22147480, 44841.022306,    0.0,    2.0, -2.0,  0.00,  0.00,  0.00,  0.0,  0.0,  0.0
1036771.22397480, 44840.312618,    0.0,    2.0, -2.0,  0.00,  0.00,  0.00,  0.0,  0.0,  0.0
1036771.22647480, 44841.351075,    0.0,    2.0, -2.0,  0.00,  0.00,  0.00,  0.0,  0.0,  0.0
1036771.22897480, 44843.002738,    0.0,    2.0, -2.0,  0.00,  0.00,  0.00,  0.0,  0.0,  0.0
1036771.23147480, 44844.418581,    0.0,    2.0, -2.0,  0.00,  0.00,  0.00,  0.0,  0.0,  0.0
1036771.23397480, 44844.646794,    0.0,    2.0, -2.0,  0.00,  0.00,  0.00,  0.0,  0.0,  0.0
1036771.23647480, 44842.728614,    0.0,    2.0, -2.0,  0.00,  0.00,  0.00,  0.0,  0.0,  0.0
1036771.23897480, 44840.660022,    0.0,    2.0, -2.0,  0.00,  0.00,  0.00,  0.0,  0.0,  0.0
1036771.24147480, 44840.236036,    0.0,    2.0, -2.0,  0.00,  0.00,  0.00,  0.0,  0.0,  0.0
1036771.24397480, 44840.477378,    0.0,    2.0, -2.0,  0.00,  0.00,  0.00,  0.0,  0.0,  0.0
1036771.24647480, 44842.193899,    0.0,    2.0, -2.0,  0.00,  0.00,  0.00,  0.0,  0.0,  0.0
1036771.24897480, 44844.298128,    0.0,    2.0, -2.0,  0.00,  0.00,  0.00,  0.0,  0.0,  0.0
1036771.25147480, 44844.778177,    0.0,    2.0, -2.0,  0.00,  0.00,  0.00,  0.0,  0.0,  0.0
1036771.25397480, 44844.700248,    0.0,    2.0, -2.0,  0.00,  0.00,  0.00,  0.0,  0.0,  0.0
1036771.25647480, 44843.452374,    0.0,    2.0, -2.0,  0.00,  0.00,  0.00,  0.0,  0.0,  0.0
1036771.25897480, 44842.074909,    0.0,    2.0, -2.0,  0.00,  0.00,  0.00,  0.0,  0.0,  0.0
1036771.26147480, 44841.019087,    0.0,    2.0, -2.0,  0.00,  0.00,  0.00,  0.0,  0.0,  0.0
1036771.26397480, 44840.787412,    0.0,    2.0, -2.0,  0.00,  0.00,  0.00,  0.0,  0.0,  0.0
1036771.26647480, 44841.177345,    0.0,    2.0, -2.0,  0.00,  0.00,  0.00,  0.0,  0.0,  0.0
1036771.26897480, 44841.616044,    0.0,    2.0, -2.0,  0.00,  0.00,  0.00,  0.0,  0.0,  0.0
1036771.27147480, 44842.054744,    0.0,    2.0, -2.0,  0.00,  0.00,  0.00,  0.0,  0.0,  0.0
1036771.27397480, 44843.848904,    0.0,    2.0, -2.0,  0.00,  0.00,  0.00,  0.0,  0.0,  0.0
1036771.27647480, 44843.694698,    0.0,    2.0, -2.0,  0.00,  0.00,  0.00,  0.0,  0.0,  0.0
1036771.27897480, 44841.866315,    0.0,    2.0, -2.0,  0.00,  0.00,  0.00,  0.0,  0.0,  0.0
1036771.28147480, 44840.970780,    0.0,    2.0, -2.0,  0.00,  0.00,  0.00,  0.0,  0.0,  0.0
1036771.28397480, 44840.591370,    0.0,    2.0, -2.0,  0.00,  0.00,  0.00,  0.0,  0.0,  0.0
1036771.28647480, 44841.767272,    0.0,    2.0, -2.0,  0.00,  0.00,  0.00,  0.0,  0.0,  0.0
1036771.28897480, 44844.017279,    0.0,    2.0, -2.0,  0.00,  0.00,  0.00,  0.0,  0.0,  0.0
1036771.29147480, 44844.539624,    0.0,    2.0, -2.0,  0.00,  0.00,  0.00,  0.0,  0.0,  0.0
1036771.29397480, 44844.550577,    0.0,    2.0, -2.0,  0.00,  0.00,  0.00,  0.0,  0.0,  0.0
1036771.29647480, 44842.904163,    0.0,    2.0, -2.0,  0.00,  0.00,  0.00,  0.0,  0.0,  0.0
1036771.29897480, 44840.922196,    0.0,    2.0, -2.0,  0.00,  0.00,  0.00,  0.0,  0.0,  0.0
1036771.30147480, 44840.355530,    0.0,    2.0, -2.0,  0.00,  0.00,  0.00,  0.0,  0.0,  0.0
1036771.30397480, 44840.434615,    0.0,    2.0, -2.0,  0.00,  0.00,  0.00,  0.0,  0.0,  0.0
1036771.30647480, 44842.308115,    0.0,    2.0, -2.0,  0.00,  0.00,  0.00,  0.0,  0.0,  0.0
1036771.30897480, 44844.435337,    0.0,    2.0, -2.0,  0.00,  0.00,  0.00,  0.0,  0.0,  0.0
1036771.31147480, 44844.702263,    0.0,    2.0, -2.0,  0.00,  0.00,  0.00,  0.0,  0.0,  0.0
1036771.31397480, 44844.550577,    0.0,    2.0, -2.0,  0.00,  0.00,  0.00,  0.0,  0.0,  0.0
1036771.31647480, 44842.494905,    0.0,    2.0, -2.0,  0.00,  0.00,  0.00,  0.0,  0.0,  0.0
1036771.31897480, 44840.403896,    0.0,    2.0, -2.0,  0.00,  0.00,  0.00,  0.0,  0.0,  0.0
1036771.32147480, 44840.328760,    0.0,    2.0, -2.0,  0.00,  0.00,  0.00,  0.0,  0.0,  0.0
1036771.32397480, 44840.573596,    0.0,    2.0, -2.0,  0.00,  0.00,  0.00,  0.0,  0.0,  0.0
1036771.32647480, 44841.581377,    0.0,    2.0, -2.0,  0.00,  0.00,  0.00,  0.0,  0.0,  0.0
1036771.32897480, 44843.185295,    0.0,    2.0, -2.0,  0.00,  0.00,  0.00,  0.0,  0.0,  0.0
1036771.33147480, 44844.675059,    0.0,    2.0, -2.0,  0.00,  0.00,  0.00,  0.0,  0.0,  0.0
1036771.33397480, 44844.422287,    0.0,    2.0, -2.0,  0.00,  0.00,  0.00,  0.0,  0.0,  0.0
1036771.33647480, 44844.422287,    0.0,    2.0, -2.0,  0.00,  0.00,  0.00,  0.0,  0.0,  0.0
1036771.33897480, 44844.422287,    0.0,    2.0, -2.0,  0.00,  0.00,  0.00,  0.0,  0.0,  0.0
1036771.34147480, 44840.460606,    0.0,    2.0, -2.0,  0.00,  0.00,  0.00,  0.0,  0.0,  0.0
1036771.34397480, 44840.760890,    0.0,    2.0, -2.0,  0.00,  0.00,  0.00,  0.0,  0.0,  0.0
1036771.34647480, 44841.762952,    0.0,    2.0, -2.0,  0.00,  0.00,  0.00,  0.0,  0.0,  0.0
1036771.34897480, 44843.957816,    0.0,    2.0, -2.0,  0.00,  0.00,  0.00,  0.0,  0.0,  0.0
1036771.35147480, 44844.583424,    0.0,    2.0, -2.0,  0.00,  0.00,  0.00,  0.0,  0.0,  0.0
1036771.35397480, 44844.479802,    0.0,    2.0, -2.0,  0.00,  0.00,  0.00,  0.0,  0.0,  0.0
1036771.35897480, 44840.437772,    0.0,    2.0, -2.0,  0.00,  0.00,  0.00,  0.0,  0.0,  0.0
1036771.36147480, 44840.013604,    0.0,    2.0, -2.0,  0.00,  0.00,  0.00,  0.0,  0.0,  0.0
1036771.36397480, 44840.113891,    0.0,    2.0, -2.0,  0.00,  0.00,  0.00,  0.0,  0.0,  0.0
1036771.36647480, 44841.994192,    0.0,    2.0, -2.0,  0.00,  0.00,  0.00,  0.0,  0.0,  0.0
1036771.36897480, 44843.484250,    0.0,    2.0, -2.0,  0.00,  0.00,  0.00,  0.0,  0.0,  0.0
1036771.37147480, 44844.720170,    0.0,    2.0, -2.0,  0.00,  0.00,  0.00,  0.0,  0.0,  0.0
1036771.37397480, 44843.760361,    0.0,    2.0, -2.0,  0.00,  0.00,  0.00,  0.0,  0.0,  0.0
1036771.37647480, 44842.159209,    0.0,    2.0, -2.0,  0.00,  0.00,  0.00,  0.0,  0.0,  0.0
1036771.37897480, 44841.132313,    0.0,    2.0, -2.0,  0.00,  0.00,  0.00,  0.0,  0.0,  0.0
1036771.38147480, 44839.997964,    0.0,    2.0, -2.0,  0.00,  0.00,  0.00,  0.0,  0.0,  0.0
1036771.38397480, 44840.539561,    0.0,    2.0, -2.0,  0.00,  0.00,  0.00,  0.0,  0.0,  0.0
1036771.38647480, 44841.126689,    0.0,    2.0, -2.0,  0.00,  0.00,  0.00,  0.0,  0.0,  0.0
1036771.38897480, 44841.713817,    0.0,    2.0, -2.0,  0.00,  0.00,  0.00,  0.0,  0.0,  0.0
1036771.39147480, 44844.807685,    0.0,    2.0, -2.0,  0.00,  0.00,  0.00,  0.0,  0.0,  0.0
1036771.39397480, 44844.600134,    0.0,    2.0, -2.0,  0.00,  0.00,  0.00,  0.0,  0.0,  0.0
1036771.39647480, 44843.976065,    0.0,    2.0, -2.0,  0.00,  0.00,  0.00,  0.0,  0.0,  0.0
1036771.39897480, 44840.858237,    0.0,    2.0, -2.0,  0.00,  0.00,  0.00,  0.0,  0.0,  0.0
1036771.40147480, 44840.362643,    0.0,    2.0, -2.0,  0.00,  0.00,  0.00,  0.0,  0.0,  0.0
1036771.40397480, 44840.243116,    0.0,    2.0, -2.0,  0.00,  0.00,  0.00,  0.0,  0.0,  0.0
1036771.40647480, 44841.283373,    0.0,    2.0, -2.0,  0.00,  0.00,  0.00,  0.0,  0.0,  0.0
1036771.40897480, 44843.447521,    0.0,    2.0, -2.0,  0.00,  0.00,  0.00,  0.0,  0.0,  0.0
1036771.41147480, 44844.914064,    0.0,    2.0, -2.0,  0.00,  0.00,  0.00,  0.0,  0.0,  0.0
1036771.41397480, 44844.161887,    0.0,    2.0, -2.0,  0.00,  0.00,  0.00,  0.0,  0.0,  0.0
1036771.41647480, 44842.486601,    0.0,    2.0, -2.0,  0.00,  0.00,  0.00,  0.0,  0.0,  0.0
1036771.41897480, 44841.308587,    0.0,    2.0, -2.0,  0.00,  0.00,  0.00,  0.0,  0.0,  0.0
1036771.42147480, 44840.353328,    0.0,    2.0, -2.0,  0.00,  0.00,  0.00,  0.0,  0.0,  0.0
1036771.42397480, 44840.597269,    0.0,    2.0, -2.0,  0.00,  0.00,  0.00,  0.0,  0.0,  0.0
1036771.42647480, 44842.385350,    0.0,    2.0, -2.0,  0.00,  0.00,  0.00,  0.0,  0.0,  0.0
1036771.42897480, 44843.921139,    0.0,    2.0, -2.0,  0.00,  0.00,  0.00,  0.0,  0.0,  0.0
1036771.43147480, 44844.886428,    0.0,    2.0, -2.0,  0.00,  0.00,  0.00,  0.0,  0.0,  0.0
1036771.43397480, 44844.353876,    0.0,    2.0, -2.0,  0.00,  0.00,  0.00,  0.0,  0.0,  0.0
1036771.43647480, 44842.173618,    0.0,    2.0, -2.0,  0.00,  0.00,  0.00,  0.0,  0.0,  0.0
1036771.43897480, 44840.464981,    0.0,    2.0, -2.0,  0.00,  0.00,  0.00,  0.0,  0.0,  0.0
1036771.44147480, 44840.071128,    0.0,    2.0, -2.0,  0.00,  0.00,  0.00,  0.0,  0.0,  0.0
1036771.44397480, 44840.209579,    0.0,    2.0, -2.0,  0.00,  0.00,  0.00,  0.0,  0.0,  0.0
1036771.44647480, 44840.377375,    0.0,    2.0, -2.0,  0.00,  0.00,  0.00,  0.0,  0.0,  0.0
1036771.44897480, 44843.142221,    0.0,    2.0, -2.0,  0.00,  0.00,  0.00,  0.0,  0.0,  0.0
1036771.45147480, 44844.581752,    0.0,    2.0, -2.0,  0.00,  0.00,  0.00,  0.0,  0.0,  0.0
1036771.45397480, 44844.577822,    0.0,    2.0, -2.0,  0.00,  0.00,  0.00,  0.0,  0.0,  0.0
1036771.45647480, 44844.573891,    0.0,    2.0, -2.0,  0.00,  0.00,  0.00,  0.0,  0.0,  0.0
1036771.45897480, 44843.657323,    0.0,    2.0, -2.0,  0.00,  0.00,  0.00,  0.0,  0.0,  0.0
1036771.46147480, 44841.857851,    0.0,    2.0, -2.0,  0.00,  0.00,  0.00,  0.0,  0.0,  0.0
1036771.46397480, 44840.058379,    0.0,    2.0, -2.0,  0.00,  0.00,  0.00,  0.0,  0.0,  0.0
1036771.46647480, 44842.413631,    0.0,    2.0, -2.0,  0.00,  0.00,  0.00,  0.0,  0.0,  0.0
1036771.46897480, 44843.529906,    0.0,    2.0, -2.0,  0.00,  0.00,  0.00,  0.0,  0.0,  0.0
1036771.47147480, 44844.756822,    0.0,    2.0, -2.0,  0.00,  0.00,  0.00,  0.0,  0.0,  0.0
1036771.47397480, 44844.807844,    0.0,    2.0, -2.0,  0.00,  0.00,  0.00,  0.0,  0.0,  0.0
1036771.47647480, 44842.875951,    0.0,    2.0, -2.0,  0.00,  0.00,  0.00,  0.0,  0.0,  0.0
1036771.47897480, 44840.744981,    0.0,    2.0, -2.0,  0.00,  0.00,  0.00,  0.0,  0.0,  0.0
1036771.48147480, 44840.606338,    0.0,    2.0, -2.0,  0.00,  0.00,  0.00,  0.0,  0.0,  0.0
1036771.48397480, 44841.613856,    0.0,    2.0, -2.0,  0.00,  0.00,  0.00,  0.0,  0.0,  0.0
1036771.48647480, 44842.423106,    0.0,    2.0, -2.0,  0.00,  0.00,  0.00,  0.0,  0.0,  0.0
1036771.48897480, 44844.010651,    0.0,    2.0, -2.0,  0.00,  0.00,  0.00,  0.0,  0.0,  0.0
1036771.49147480, 44844.684533,    0.0,    2.0, -2.0,  0.00,  0.00,  0.00,  0.0,  0.0,  0.0
1036771.49397480, 44843.526035,    0.0,    2.0, -2.0,  0.00,  0.00,  0.00,  0.0,  0.0,  0.0
1036771.49647480, 44842.765212,    0.0,    2.0, -2.0,  0.00,  0.00,  0.00,  0.0,  0.0,  0.0
1036771.49897480, 44840.884456,    0.0,    2.0, -2.0,  0.00,  0.00,  0.00,  0.0,  0.0,  0.0
1036771.50147480, 44839.835833,    0.0,    2.0, -2.0,  0.00,  0.00,  0.00,  0.0,  0.0,  0.0
1036771.50397480, 44840.055155,    0.0,    2.0, -2.0,  0.00,  0.00,  0.00,  0.0,  0.0,  0.0
1036771.50647480, 44840.274478,    0.0,    2.0, -2.0,  0.00,  0.00,  0.00,  0.0,  0.0,  0.0
1036771.50897480, 44844.080299,    0.0,    2.0, -2.0,  0.00,  0.00,  0.00,  0.0,  0.0,  0.0
1036771.51147480, 44844.996366,    0.0,    2.0, -2.0,  0.00,  0.00,  0.00,  0.0,  0.0,  0.0
1036771.51397480, 44844.893488,    0.0,    2.0, -2.0,  0.00,  0.00,  0.00,  0.0,  0.0,  0.0
1036771.51647480, 44844.787010,    0.0,    2.0, -2.0,  0.00,  0.00,  0.00,  0.0,  0.0,  0.0
1036771.51897480, 44843.360614,    0.0,    2.0, -2.0,  0.00,  0.00,  0.00,  0.0,  0.0,  0.0
1036771.52147480, 44841.918728,    0.0,    2.0, -2.0,  0.00,  0.00,  0.00,  0.0,  0.0,  0.0
1036771.52397480, 44841.446854,    0.0,    2.0, -2.0,  0.00,  0.00,  0.00,  0.0,  0.0,  0.0
1036771.52647480, 44842.183596,    0.0,    2.0, -2.0,  0.00,  0.00,  0.00,  0.0,  0.0,  0.0
1036771.52897480, 44843.452784,    0.0,    2.0, -2.0,  0.00,  0.00,  0.00,  0.0,  0.0,  0.0
1036771.53147480, 44844.327648,    0.0,    2.0, -2.0,  0.00,  0.00,  0.00,  0.0,  0.0,  0.0
1036771.53397480, 44844.231100,    0.0,    2.0, -2.0,  0.00,  0.00,  0.00,  0.0,  0.0,  0.0
1036771.53647480, 44842.456369,    0.0,    2.0, -2.0,  0.00,  0.00,  0.00,  0.0,  0.0,  0.0
1036771.53897480, 44841.077286,    0.0,    2.0, -2.0,  0.00,  0.00,  0.00,  0.0,  0.0,  0.0
1036771.54147480, 44840.268640,    0.0,    2.0, -2.0,  0.00,  0.00,  0.00,  0.0,  0.0,  0.0
1036771.54397480, 44841.390763,    0.0,    2.0, -2.0,  0.00,  0.00,  0.00,  0.0,  0.0,  0.0
1036771.54647480, 44841.995473,    0.0,    2.0, -2.0,  0.00,  0.00,  0.00,  0.0,  0.0,  0.0
1036771.54897480, 44843.758613,    0.0,    2.0, -2.0,  0.00,  0.00,  0.00,  0.0,  0.0,  0.0
1036771.55147480, 44844.680885,    0.0,    2.0, -2.0,  0.00,  0.00,  0.00,  0.0,  0.0,  0.0
1036771.55397480, 44843.151990,    0.0,    2.0, -2.0,  0.00,  0.00,  0.00,  0.0,  0.0,  0.0
1036771.55647480, 44842.241362,    0.0,    2.0, -2.0,  0.00,  0.00,  0.00,  0.0,  0.0,  0.0
1036771.55897480, 44840.875882,    0.0,    2.0, -2.0,  0.00,  0.00,  0.00,  0.0,  0.0,  0.0
1036771.56147480, 44840.784537,    0.0,    2.0, -2.0,  0.00,  0.00,  0.00,  0.0,  0.0,  0.0
1036771.56397480, 44841.887497,    0.0,    2.0, -2.0,  0.00,  0.00,  0.00,  0.0,  0.0,  0.0
1036771.56647480, 44842.209289,    0.0,    2.0, -2.0,  0.00,  0.00,  0.00,  0.0,  0.0,  0.0
1036771.56897480, 44843.143613,    0.0,    2.0, -2.0,  0.00,  0.00,  0.00,  0.0,  0.0,  0.0
1036771.57147480, 44843.914001,    0.0,    2.0, -2.0,  0.00,  0.00,  0.00,  0.0,  0.0,  0.0
1036771.57397480, 44843.392047,    0.0,    2.0, -2.0,  0.00,  0.00,  0.00,  0.0,  0.0,  0.0
1036771.57647480, 44843.032482,    0.0,    2.0, -2.0,  0.00,  0.00,  0.00,  0.0,  0.0,  0.0
1036771.57897480, 44843.032482,    0.0,    2.0, -2.0,  0.00,  0.00,  0.00,  0.0,  0.0,  0.0
1036771.58147480, 44842.756877,    0.0,    2.0, -2.0,  0.00,  0.00,  0.00,  0.0,  0.0,  0.0
1036771.58397480, 44841.789976,    0.0,    2.0, -2.0,  0.00,  0.00,  0.00,  0.0,  0.0,  0.0
1036771.58647480, 44840.823075,    0.0,    2.0, -2.0,  0.00,  0.00,  0.00,  0.0,  0.0,  0.0
1036771.58897480, 44841.527217,    0.0,    2.0, -2.0,  0.00,  0.00,  0.00,  0.0,  0.0,  0.0
1036771.59147480, 44843.033590,    0.0,    2.0, -2.0,  0.00,  0.00,  0.00,  0.0,  0.0,  0.0
1036771.59397480, 44843.295693,    0.0,    2.0, -2.0,  0.00,  0.00,  0.00,  0.0,  0.0,  0.0
1036771.59647480, 44842.797284,    0.0,    2.0, -2.0,  0.00,  0.00,  0.00,  0.0,  0.0,  0.0
1036771.59897480, 44841.667724,    0.0,    2.0, -2.0,  0.00,  0.00,  0.00,  0.0,  0.0,  0.0
1036771.60147480, 44840.549043,    0.0,    2.0, -2.0,  0.00,  0.00,  0.00,  0.0,  0.0,  0.0
1036771.60397480, 44841.513855,    0.0,    2.0, -2.0,  0.00,  0.00,  0.00,  0.0,  0.0,  0.0
1036771.60647480, 44842.048927,    0.0,    2.0, -2.0,  0.00,  0.00,  0.00,  0.0,  0.0,  0.0
1036771.60897480, 44843.756188,    0.0,    2.0, -2.0,  0.00,  0.00,  0.00,  0.0,  0.0,  0.0
1036771.61147480, 44844.797221,    0.0,    2.0, -2.0,  0.00,  0.00,  0.00,  0.0,  0.0,  0.0
1036771.61397480, 44843.617144,    0.0,    2.0, -2.0,  0.00,  0.00,  0.00,  0.0,  0.0,  0.0
1036771.61647480, 44843.043173,    0.0,    2.0, -2.0,  0.00,  0.00,  0.00,  0.0,  0.0,  0.0
1036771.61897480, 44840.929792,    0.0,    2.0, -2.0,  0.00,  0.00,  0.00,  0.0,  0.0,  0.0
1036771.62147480, 44840.027590,    0.0,    2.0, -2.0,  0.00,  0.00,  0.00,  0.0,  0.0,  0.0
1036771.62397480, 44841.384994,    0.0,    2.0, -2.0,  0.00,  0.00,  0.00,  0.0,  0.0,  0.0
1036771.62647480, 44841.952710,    0.0,    2.0, -2.0,  0.00,  0.00,  0.00,  0.0,  0.0,  0.0
1036771.62897480, 44844.173237,    0.0,    2.0, -2.0,  0.00,  0.00,  0.00,  0.0,  0.0,  0.0
1036771.63147480, 44844.427815,    0.0,    2.0, -2.0,  0.00,  0.00,  0.00,  0.0,  0.0,  0.0
1036771.63397480, 44844.682394,    0.0,    2.0, -2.0,  0.00,  0.00,  0.00,  0.0,  0.0,  0.0
1036771.63647480, 44844.936972,    0.0,    2.0, -2.0,  0.00,  0.00,  0.00,  0.0,  0.0,  0.0
1036771.63897480, 44842.416442,    0.0,    2.0, -2.0,  0.00,  0.00,  0.00,  0.0,  0.0,  0.0
1036771.64147480, 44839.922553,    0.0,    2.0, -2.0,  0.00,  0.00,  0.00,  0.0,  0.0,  0.0
1036771.64397480, 44840.113517,    0.0,    2.0, -2.0,  0.00,  0.00,  0.00,  0.0,  0.0,  0.0
1036771.64647480, 44840.304482,    0.0,    2.0, -2.0,  0.00,  0.00,  0.00,  0.0,  0.0,  0.0
1036771.64897480, 44841.460108,    0.0,    2.0, -2.0,  0.00,  0.00,  0.00,  0.0,  0.0,  0.0
1036771.65147480, 44843.429317,    0.0,    2.0, -2.0,  0.00,  0.00,  0.00,  0.0,  0.0,  0.0
1036771.65397480, 44845.172134,    0.0,    2.0, -2.0,  0.00,  0.00,  0.00,  0.0,  0.0,  0.0
1036771.65647480, 44844.228416,    0.0,    2.0, -2.0,  0.00,  0.00,  0.00,  0.0,  0.0,  0.0
1036771.65897480, 44843.284698,    0.0,    2.0, -2.0,  0.00,  0.00,  0.00,  0.0,  0.0,  0.0
1036771.66147480, 44841.849019,    0.0,    2.0, -2.0,  0.00,  0.00,  0.00,  0.0,  0.0,  0.0
1036771.66397480, 44841.123942,    0.0,    2.0, -2.0,  0.00,  0.00,  0.00,  0.0,  0.0,  0.0
1036771.66647480, 44842.783455,    0.0,    2.0, -2.0,  0.00,  0.00,  0.00,  0.0,  0.0,  0.0
1036771.66897480, 44844.254075,    0.0,    2.0, -2.0,  0.00,  0.00,  0.00,  0.0,  0.0,  0.0
1036771.67147480, 44844.861728,    0.0,    2.0, -2.0,  0.00,  0.00,  0.00,  0.0,  0.0,  0.0
1036771.67397480, 44844.038116,    0.0,    2.0, -2.0,  0.00,  0.00,  0.00,  0.0,  0.0,  0.0
1036771.67647480, 44842.547484,    0.0,    2.0, -2.0,  0.00,  0.00,  0.00,  0.0,  0.0,  0.0
1036771.67897480, 44840.992242,    0.0,    2.0, -2.0,  0.00,  0.00,  0.00,  0.0,  0.0,  0.0
1036771.68147480, 44840.447145,    0.0,    2.0, -2.0,  0.00,  0.00,  0.00,  0.0,  0.0,  0.0
1036771.68397480, 44841.194066,    0.0,    2.0, -2.0,  0.00,  0.00,  0.00,  0.0,  0.0,  0.0
1036771.68647480, 44842.800598,    0.0,    2.0, -2.0,  0.00,  0.00,  0.00,  0.0,  0.0,  0.0
1036771.68897480, 44844.198215,    0.0,    2.0, -2.0,  0.00,  0.00,  0.00,  0.0,  0.0,  0.0
1036771.69147480, 44844.465050,    0.0,    2.0, -2.0,  0.00,  0.00,  0.00,  0.0,  0.0,  0.0
1036771.69397480, 44844.465050,    0.0,    2.0, -2.0,  0.00,  0.00,  0.00,  0.0,  0.0,  0.0
1036771.69647480, 44843.557838,    0.0,    2.0, -2.0,  0.00,  0.00,  0.00,  0.0,  0.0,  0.0
1036771.69897480, 44841.501847,    0.0,    2.0, -2.0,  0.00,  0.00,  0.00,  0.0,  0.0,  0.0
1036771.70147480, 44840.709959,    0.0,    2.0, -2.0,  0.00,  0.00,  0.00,  0.0,  0.0,  0.0
1036771.70397480, 44839.986707,    0.0,    2.0, -2.0,  0.00,  0.00,  0.00,  0.0,  0.0,  0.0
1036771.70647480, 44841.571554,    0.0,    2.0, -2.0,  0.00,  0.00,  0.00,  0.0,  0.0,  0.0
1036771.70897480, 44842.935489,    0.0,    2.0, -2.0,  0.00,  0.00,  0.00,  0.0,  0.0,  0.0
1036771.71147480, 44844.017817,    0.0,    2.0, -2.0,  0.00,  0.00,  0.00,  0.0,  0.0,  0.0
1036771.71397480, 44844.164851,    0.0,    2.0, -2.0,  0.00,  0.00,  0.00,  0.0,  0.0,  0.0
1036771.71647480, 44844.311885,    0.0,    2.0, -2.0,  0.00,  0.00,  0.00,  0.0,  0.0,  0.0
1036771.71897480, 44841.633080,    0.0,    2.0, -2.0,  0.00,  0.00,  0.00,  0.0,  0.0,  0.0
1036771.72147480, 44839.658882,    0.0,    2.0, -2.0,  0.00,  0.00,  0.00,  0.0,  0.0,  0.0
1036771.72397480, 44839.749319,    0.0,    2.0, -2.0,  0.00,  0.00,  0.00,  0.0,  0.0,  0.0
1036771.72647480, 44841.468744,    0.0,    2.0, -2.0,  0.00,  0.00,  0.00,  0.0,  0.0,  0.0
1036771.72897480, 44843.658709,    0.0,    2.0, -2.0,  0.00,  0.00,  0.00,  0.0,  0.0,  0.0
1036771.73147480, 44844.722477,    0.0,    2.0, -2.0,  0.00,  0.00,  0.00,  0.0,  0.0,  0.0
1036771.73397480, 44844.421331,    0.0,    2.0, -2.0,  0.00,  0.00,  0.00,  0.0,  0.0,  0.0
1036771.73897480, 44840.660256,    0.0,    2.0, -2.0,  0.00,  0.00,  0.00,  0.0,  0.0,  0.0
1036771.74147480, 44839.688876,    0.0,    2.0, -2.0,  0.00,  0.00,  0.00,  0.0,  0.0,  0.0
1036771.74397480, 44840.586401,    0.0,    2.0, -2.0,  0.00,  0.00,  0.00,  0.0,  0.0,  0.0
1036771.74647480, 44842.043751,    0.0,    2.0, -2.0,  0.00,  0.00,  0.00,  0.0,  0.0,  0.0
1036771.74897480, 44843.881021,    0.0,    2.0, -2.0,  0.00,  0.00,  0.00,  0.0,  0.0,  0.0
1036771.75147480, 44844.408279,    0.0,    2.0, -2.0,  0.00,  0.00,  0.00,  0.0,  0.0,  0.0
1036771.75397480, 44844.935537,    0.0,    2.0, -2.0,  0.00,  0.00,  0.00,  0.0,  0.0,  0.0
1036771.75647480, 44842.884969,    0.0,    2.0, -2.0,  0.00,  0.00,  0.00,  0.0,  0.0,  0.0
1036771.75897480, 44841.063945,    0.0,    2.0, -2.0,  0.00,  0.00,  0.00,  0.0,  0.0,  0.0
1036771.76147480, 44840.729076,    0.0,    2.0, -2.0,  0.00,  0.00,  0.00,  0.0,  0.0,  0.0
1036771.76397480, 44840.394206,    0.0,    2.0, -2.0,  0.00,  0.00,  0.00,  0.0,  0.0,  0.0
1036771.76647480, 44840.828820,    0.0,    2.0, -2.0,  0.00,  0.00,  0.00,  0.0,  0.0,  0.0
1036771.76897480, 44842.203003,    0.0,    2.0, -2.0,  0.00,  0.00,  0.00,  0.0,  0.0,  0.0
1036771.77147480, 44843.577185,    0.0,    2.0, -2.0,  0.00,  0.00,  0.00,  0.0,  0.0,  0.0
1036771.77397480, 44844.471939,    0.0,    2.0, -2.0,  0.00,  0.00,  0.00,  0.0,  0.0,  0.0
1036771.77647480, 44843.448799,    0.0,    2.0, -2.0,  0.00,  0.00,  0.00,  0.0,  0.0,  0.0
1036771.77897480, 44841.332643,    0.0,    2.0, -2.0,  0.00,  0.00,  0.00,  0.0,  0.0,  0.0
1036771.78147480, 44840.871953,    0.0,    2.0, -2.0,  0.00,  0.00,  0.00,  0.0,  0.0,  0.0
1036771.78397480, 44840.402543,    0.0,    2.0, -2.0,  0.00,  0.00,  0.00,  0.0,  0.0,  0.0
1036771.78647480, 44840.708266,    0.0,    2.0, -2.0,  0.00,  0.00,  0.00,  0.0,  0.0,  0.0
1036771.78897480, 44844.288629,    0.0,    2.0, -2.0,  0.00,  0.00,  0.00,  0.0,  0.0,  0.0
1036771.79147480, 44844.833198,    0.0,    2.0, -2.0,  0.00,  0.00,  0.00,  0.0,  0.0,  0.0
1036771.79397480, 44844.700248,    0.0,    2.0, -2.0,  0.00,  0.00,  0.00,  0.0,  0.0,  0.0
1036771.79647480, 44842.981486,    0.0,    2.0, -2.0,  0.00,  0.00,  0.00,  0.0,  0.0,  0.0
1036771.79897480, 44841.040674,    0.0,    2.0, -2.0,  0.00,  0.00,  0.00,  0.0,  0.0,  0.0
1036771.80147480, 44840.489478,    0.0,    2.0, -2.0,  0.00,  0.00,  0.00,  0.0,  0.0,  0.0
1036771.80397480, 44840.594977,    0.0,    2.0, -2.0,  0.00,  0.00,  0.00,  0.0,  0.0,  0.0
1036771.80647480, 44842.015428,    0.0,    2.0, -2.0,  0.00,  0.00,  0.00,  0.0,  0.0,  0.0
1036771.80897480, 44844.143629,    0.0,    2.0, -2.0,  0.00,  0.00,  0.00,  0.0,  0.0,  0.0
1036771.81147480, 44845.022454,    0.0,    2.0, -2.0,  0.00,  0.00,  0.00,  0.0,  0.0,  0.0
1036771.81397480, 44844.154657,    0.0,    2.0, -2.0,  0.00,  0.00,  0.00,  0.0,  0.0,  0.0
1036771.81647480, 44843.285749,    0.0,    2.0, -2.0,  0.00,  0.00,  0.00,  0.0,  0.0,  0.0
1036771.81897480, 44841.509377,    0.0,    2.0, -2.0,  0.00,  0.00,  0.00,  0.0,  0.0,  0.0
1036771.82147480, 44840.166912,    0.0,    2.0, -2.0,  0.00,  0.00,  0.00,  0.0,  0.0,  0.0
1036771.82397480, 44840.377895,    0.0,    2.0, -2.0,  0.00,  0.00,  0.00,  0.0,  0.0,  0.0
1036771.82647480, 44841.184611,    0.0,    2.0, -2.0,  0.00,  0.00,  0.00,  0.0,  0.0,  0.0
1036771.82897480, 44841.991328,    0.0,    2.0, -2.0,  0.00,  0.00,  0.00,  0.0,  0.0,  0.0
1036771.83147480, 44844.909646,    0.0,    2.0, -2.0,  0.00,  0.00,  0.00,  0.0,  0.0,  0.0
1036771.83397480, 44844.732910,    0.0,    2.0, -2.0,  0.00,  0.00,  0.00,  0.0,  0.0,  0.0
1036771.83647480, 44844.348967,    0.0,    2.0, -2.0,  0.00,  0.00,  0.00,  0.0,  0.0,  0.0
1036771.83897480, 44842.789007,    0.0,    2.0, -2.0,  0.00,  0.00,  0.00,  0.0,  0.0,  0.0
1036771.84147480, 44841.229046,    0.0,    2.0, -2.0,  0.00,  0.00,  0.00,  0.0,  0.0,  0.0
1036771.84397480, 44840.391146,    0.0,    2.0, -2.0,  0.00,  0.00,  0.00,  0.0,  0.0,  0.0
1036771.84647480, 44841.434142,    0.0,    2.0, -2.0,  0.00,  0.00,  0.00,  0.0,  0.0,  0.0
1036771.84897480, 44843.368717,    0.0,    2.0, -2.0,  0.00,  0.00,  0.00,  0.0,  0.0,  0.0
1036771.85147480, 44844.900562,    0.0,    2.0, -2.0,  0.00,  0.00,  0.00,  0.0,  0.0,  0.0
1036771.85397480, 44843.995881,    0.0,    2.0, -2.0,  0.00,  0.00,  0.00,  0.0,  0.0,  0.0
1036771.85647480, 44842.341790,    0.0,    2.0, -2.0,  0.00,  0.00,  0.00,  0.0,  0.0,  0.0
1036771.85897480, 44840.192601,    0.0,    2.0, -2.0,  0.00,  0.00,  0.00,  0.0,  0.0,  0.0
1036771.86147480, 44840.073001,    0.0,    2.0, -2.0,  0.00,  0.00,  0.00,  0.0,  0.0,  0.0
1036771.86397480, 44840.370470,    0.0,    2.0, -2.0,  0.00,  0.00,  0.00,  0.0,  0.0,  0.0
1036771.86647480, 44842.263153,    0.0,    2.0, -2.0,  0.00,  0.00,  0.00,  0.0,  0.0,  0.0
1036771.86897480, 44844.158169,    0.0,    2.0, -2.0,  0.00,  0.00,  0.00,  0.0,  0.0,  0.0
1036771.87147480, 44844.689695,    0.0,    2.0, -2.0,  0.00,  0.00,  0.00,  0.0,  0.0,  0.0
1036771.87397480, 44844.636103,    0.0,    2.0, -2.0,  0.00,  0.00,  0.00,  0.0,  0.0,  0.0
1036771.87647480, 44843.037855,    0.0,    2.0, -2.0,  0.00,  0.00,  0.00,  0.0,  0.0,  0.0
1036771.87897480, 44841.939990,    0.0,    2.0, -2.0,  0.00,  0.00,  0.00,  0.0,  0.0,  0.0
1036771.88147480, 44840.886546,    0.0,    2.0, -2.0,  0.00,  0.00,  0.00,  0.0,  0.0,  0.0
1036771.88397480, 44840.306935,    0.0,    2.0, -2.0,  0.00,  0.00,  0.00,  0.0,  0.0,  0.0
1036771.88647480, 44840.896271,    0.0,    2.0, -2.0,  0.00,  0.00,  0.00,  0.0,  0.0,  0.0
1036771.88897480, 44841.485607,    0.0,    2.0, -2.0,  0.00,  0.00,  0.00,  0.0,  0.0,  0.0
1036771.89147480, 44844.580620,    0.0,    2.0, -2.0,  0.00,  0.00,  0.00,  0.0,  0.0,  0.0
1036771.89397480, 44844.733027,    0.0,    2.0, -2.0,  0.00,  0.00,  0.00,  0.0,  0.0,  0.0
1036771.89647480, 44844.700153,    0.0,    2.0, -2.0,  0.00,  0.00,  0.00,  0.0,  0.0,  0.0
1036771.89897480, 44842.066372,    0.0,    2.0, -2.0,  0.00,  0.00,  0.00,  0.0,  0.0,  0.0
1036771.90147480, 44840.896399,    0.0,    2.0, -2.0,  0.00,  0.00,  0.00,  0.0,  0.0,  0.0
1036771.90397480, 44840.668488,    0.0,    2.0, -2.0,  0.00,  0.00,  0.00,  0.0,  0.0,  0.0
1036771.90647480, 44841.882022,    0.0,    2.0, -2.0,  0.00,  0.00,  0.00,  0.0,  0.0,  0.0
1036771.90897480, 44844.290889,    0.0,    2.0, -2.0,  0.00,  0.00,  0.00,  0.0,  0.0,  0.0
1036771.91147480, 44845.016616,    0.0,    2.0, -2.0,  0.00,  0.00,  0.00,  0.0,  0.0,  0.0
1036771.91397480, 44844.034131,    0.0,    2.0, -2.0,  0.00,  0.00,  0.00,  0.0,  0.0,  0.0
1036771.91647480, 44842.013812,    0.0,    2.0, -2.0,  0.00,  0.00,  0.00,  0.0,  0.0,  0.0
1036771.91897480, 44841.482314,    0.0,    2.0, -2.0,  0.00,  0.00,  0.00,  0.0,  0.0,  0.0
1036771.92147480, 44840.624713,    0.0,    2.0, -2.0,  0.00,  0.00,  0.00,  0.0,  0.0,  0.0
1036771.92397480, 44841.467536,    0.0,    2.0, -2.0,  0.00,  0.00,  0.00,  0.0,  0.0,  0.0
1036771.92647480, 44843.248267,    0.0,    2.0, -2.0,  0.00,  0.00,  0.00,  0.0,  0.0,  0.0
1036771.92897480, 44843.791529,    0.0,    2.0, -2.0,  0.00,  0.00,  0.00,  0.0,  0.0,  0.0
1036771.93147480, 44844.837919,    0.0,    2.0, -2.0,  0.00,  0.00,  0.00,  0.0,  0.0,  0.0
1036771.93397480, 44843.698415,    0.0,    2.0, -2.0,  0.00,  0.00,  0.00,  0.0,  0.0,  0.0
1036771.93647480, 44841.607300,    0.0,    2.0, -2.0,  0.00,  0.00,  0.00,  0.0,  0.0,  0.0
1036771.93897480, 44841.065373,    0.0,    2.0, -2.0,  0.00,  0.00,  0.00,  0.0,  0.0,  0.0
1036771.94147480, 44841.065373,    0.0,    2.0, -2.0,  0.00,  0.00,  0.00,  0.0,  0.0,  0.0
1036771.94397480, 44840.264172,    0.0,    2.0, -2.0,  0.00,  0.00,  0.00,  0.0,  0.0,  0.0
1036771.94647480, 44842.047047,    0.0,    2.0, -2.0,  0.00,  0.00,  0.00,  0.0,  0.0,  0.0
1036771.94897480, 44842.765084,    0.0,    2.0, -2.0,  0.00,  0.00,  0.00,  0.0,  0.0,  0.0
1036771.95147480, 44843.483121,    0.0,    2.0, -2.0,  0.00,  0.00,  0.00,  0.0,  0.0,  0.0
1036771.95397480, 44844.651499,    0.0,    2.0, -2.0,  0.00,  0.00,  0.00,  0.0,  0.0,  0.0
1036771.95647480, 44843.607772,    0.0,    2.0, -2.0,  0.00,  0.00,  0.00,  0.0,  0.0,  0.0
1036771.95897480, 44842.143390,    0.0,    2.0, -2.0,  0.00,  0.00,  0.00,  0.0,  0.0,  0.0
1036771.96147480, 44841.227057,    0.0,    2.0, -2.0,  0.00,  0.00,  0.00,  0.0,  0.0,  0.0
1036771.96397480, 44840.848436,    0.0,    2.0, -2.0,  0.00,  0.00,  0.00,  0.0,  0.0,  0.0
1036771.96647480, 44841.991114,    0.0,    2.0, -2.0,  0.00,  0.00,  0.00,  0.0,  0.0,  0.0
1036771.96897480, 44844.318951,    0.0,    2.0, -2.0,  0.00,  0.00,  0.00,  0.0,  0.0,  0.0
1036771.97147480, 44844.662745,    0.0,    2.0, -2.0,  0.00,  0.00,  0.00,  0.0,  0.0,  0.0
1036771.97397480, 44843.923232,    0.0,    2.0, -2.0,  0.00,  0.00,  0.00,  0.0,  0.0,  0.0
1036771.97647480, 44842.188519,    0.0,    2.0, -2.0,  0.00,  0.00,  0.00,  0.0,  0.0,  0.0
1036771.97897480, 44840.524728,    0.0,    2.0, -2.0,  0.00,  0.00,  0.00,  0.0,  0.0,  0.0
1036771.98147480, 44840.249349,    0.0,    2.0, -2.0,  0.00,  0.00,  0.00,  0.0,  0.0,  0.0
1036771.98397480, 44840.391852,    0.0,    2.0, -2.0,  0.00,  0.00,  0.00,  0.0,  0.0,  0.0
1036771.98647480, 44842.313216,    0.0,    2.0, -2.0,  0.00,  0.00,  0.00,  0.0,  0.0,  0.0
1036771.98897480, 44843.875289,    0.0,    2.0, -2.0,  0.00,  0.00,  0.00,  0.0,  0.0,  0.0
1036771.99147480, 44844.691425,    0.0,    2.0, -2.0,  0.00,  0.00,  0.00,  0.0,  0.0,  0.0
1036771.99397480, 44844.394825,    0.0,    2.0, -2.0,  0.00,  0.00,  0.00,  0.0,  0.0,  0.0
1036771.99647480, 44842.672237,    0.0,    2.0, -2.0,  0.00,  0.00,  0.00,  0.0,  0.0,  0.0
1036771.99897480, 44840.998702,    0.0,    2.0, -2.0,  0.00,  0.00,  0.00,  0.0,  0.0,  0.0
1036772.00147480, 44840.385509,    0.0,    2.0, -2.0,  0.00,  0.00,  0.00,  0.0,  0.0,  0.0
1036772.00397480, 44839.772317,    0.0,    2.0, -2.0,  0.00,  0.00,  0.00,  0.0,  0.0,  0.0
1036772.00647480, 44841.380246,    0.0,    2.0, -2.0,  0.00,  0.00,  0.00,  0.0,  0.0,  0.0
1036772.00897480, 44843.319770,    0.0,    2.0, -2.0,  0.00,  0.00,  0.00,  0.0,  0.0,  0.0
1036772.01147480, 44844.153086,    0.0,    2.0, -2.0,  0.00,  0.00,  0.00,  0.0,  0.0,  0.0
1036772.01397480, 44844.528680,    0.0,    2.0, -2.0,  0.00,  0.00,  0.00,  0.0,  0.0,  0.0
1036772.01647480, 44844.043555,    0.0,    2.0, -2.0,  0.00,  0.00,  0.00,  0.0,  0.0,  0.0
1036772.01897480, 44843.466858,    0.0,    2.0, -2.0,  0.00,  0.00,  0.00,  0.0,  0.0,  0.0
1036772.02147480, 44842.650989,    0.0,    2.0, -2.0,  0.00,  0.00,  0.00,  0.0,  0.0,  0.0
1036772.02397480, 44841.283379,    0.0,    2.0, -2.0,  0.00,  0.00,  0.00,  0.0,  0.0,  0.0
1036772.02647480, 44840.211276,    0.0,    2.0, -2.0,  0.00,  0.00,  0.00,  0.0,  0.0,  0.0
1036772.02897480, 44843.825842,    0.0,    2.0, -2.0,  0.00,  0.00,  0.00,  0.0,  0.0,  0.0
1036772.03147480, 44844.874226,    0.0,    2.0, -2.0,  0.00,  0.00,  0.00,  0.0,  0.0,  0.0
1036772.03397480, 44844.012359,    0.0,    2.0, -2.0,  0.00,  0.00,  0.00,  0.0,  0.0,  0.0
1036772.03647480, 44843.289061,    0.0,    2.0, -2.0,  0.00,  0.00,  0.00,  0.0,  0.0,  0.0
1036772.03897480, 44841.179358,    0.0,    2.0, -2.0,  0.00,  0.00,  0.00,  0.0,  0.0,  0.0
1036772.04147480, 44840.161023,    0.0,    2.0, -2.0,  0.00,  0.00,  0.00,  0.0,  0.0,  0.0
1036772.04397480, 44840.700813,    0.0,    2.0, -2.0,  0.00,  0.00,  0.00,  0.0,  0.0,  0.0
1036772.04647480, 44842.665978,    0.0,    2.0, -2.0,  0.00,  0.00,  0.00,  0.0,  0.0,  0.0
1036772.04897480, 44844.063236,    0.0,    2.0, -2.0,  0.00,  0.00,  0.00,  0.0,  0.0,  0.0
1036772.05147480, 44844.821823,    0.0,    2.0, -2.0,  0.00,  0.00,  0.00,  0.0,  0.0,  0.0
1036772.05397480, 44844.293726,    0.0,    2.0, -2.0,  0.00,  0.00,  0.00,  0.0,  0.0,  0.0
1036772.05647480, 44842.781606,    0.0,    2.0, -2.0,  0.00,  0.00,  0.00,  0.0,  0.0,  0.0
1036772.05897480, 44840.737450,    0.0,    2.0, -2.0,  0.00,  0.00,  0.00,  0.0,  0.0,  0.0
1036772.06147480, 44840.066383,    0.0,    2.0, -2.0,  0.00,  0.00,  0.00,  0.0,  0.0,  0.0
1036772.06397480, 44840.857558,    0.0,    2.0, -2.0,  0.00,  0.00,  0.00,  0.0,  0.0,  0.0
1036772.06647480, 44841.834645,    0.0,    2.0, -2.0,  0.00,  0.00,  0.00,  0.0,  0.0,  0.0
1036772.06897480, 44843.488098,    0.0,    2.0, -2.0,  0.00,  0.00,  0.00,  0.0,  0.0,  0.0
1036772.07147480, 44844.643871,    0.0,    2.0, -2.0,  0.00,  0.00,  0.00,  0.0,  0.0,  0.0
1036772.07397480, 44844.496559,    0.0,    2.0, -2.0,  0.00,  0.00,  0.00,  0.0,  0.0,  0.0
1036772.07647480, 44844.349247,    0.0,    2.0, -2.0,  0.00,  0.00,  0.00,  0.0,  0.0,  0.0
1036772.07897480, 44841.246625,    0.0,    2.0, -2.0,  0.00,  0.00,  0.00,  0.0,  0.0,  0.0
1036772.08147480, 44840.671392,    0.0,    2.0, -2.0,  0.00,  0.00,  0.00,  0.0,  0.0,  0.0
1036772.08397480, 44840.755320,    0.0,    2.0, -2.0,  0.00,  0.00,  0.00,  0.0,  0.0,  0.0
1036772.08647480, 44842.153641,    0.0,    2.0, -2.0,  0.00,  0.00,  0.00,  0.0,  0.0,  0.0
1036772.08897480, 44843.651170,    0.0,    2.0, -2.0,  0.00,  0.00,  0.00,  0.0,  0.0,  0.0
1036772.09147480, 44844.657206,    0.0,    2.0, -2.0,  0.00,  0.00,  0.00,  0.0,  0.0,  0.0
1036772.09397480, 44844.222503,    0.0,    2.0, -2.0,  0.00,  0.00,  0.00,  0.0,  0.0,  0.0
1036772.09647480, 44842.563177,    0.0,    2.0, -2.0,  0.00,  0.00,  0.00,  0.0,  0.0,  0.0
1036772.09897480, 44841.005252,    0.0,    2.0, -2.0,  0.00,  0.00,  0.00,  0.0,  0.0,  0.0
1036772.10147480, 44840.376134,    0.0,    2.0, -2.0,  0.00,  0.00,  0.00,  0.0,  0.0,  0.0
1036772.10397480, 44841.295693,    0.0,    2.0, -2.0,  0.00,  0.00,  0.00,  0.0,  0.0,  0.0
1036772.10647480, 44841.728203,    0.0,    2.0, -2.0,  0.00,  0.00,  0.00,  0.0,  0.0,  0.0
1036772.10897480, 44843.387479,    0.0,    2.0, -2.0,  0.00,  0.00,  0.00,  0.0,  0.0,  0.0
1036772.11147480, 44844.487119,    0.0,    2.0, -2.0,  0.00,  0.00,  0.00,  0.0,  0.0,  0.0
1036772.11397480, 44843.620308,    0.0,    2.0, -2.0,  0.00,  0.00,  0.00,  0.0,  0.0,  0.0
1036772.11647480, 44843.075245,    0.0,    2.0, -2.0,  0.00,  0.00,  0.00,  0.0,  0.0,  0.0
1036772.11897480, 44840.931154,    0.0,    2.0, -2.0,  0.00,  0.00,  0.00,  0.0,  0.0,  0.0
1036772.12147480, 44839.988382,    0.0,    2.0, -2.0,  0.00,  0.00,  0.00,  0.0,  0.0,  0.0
1036772.12397480, 44841.240973,    0.0,    2.0, -2.0,  0.00,  0.00,  0.00,  0.0,  0.0,  0.0
1036772.12647480, 44841.877874,    0.0,    2.0, -2.0,  0.00,  0.00,  0.00,  0.0,  0.0,  0.0
1036772.12897480, 44842.780857,    0.0,    2.0, -2.0,  0.00,  0.00,  0.00,  0.0,  0.0,  0.0
1036772.13147480, 44843.793942,    0.0,    2.0, -2.0,  0.00,  0.00,  0.00,  0.0,  0.0,  0.0
1036772.13397480, 44844.765817,    0.0,    2.0, -2.0,  0.00,  0.00,  0.00,  0.0,  0.0,  0.0
1036772.13647480, 44842.843716,    0.0,    2.0, -2.0,  0.00,  0.00,  0.00,  0.0,  0.0,  0.0
1036772.13897480, 44842.189369,    0.0,    2.0, -2.0,  0.00,  0.00,  0.00,  0.0,  0.0,  0.0
1036772.14147480, 44841.535022,    0.0,    2.0, -2.0,  0.00,  0.00,  0.00,  0.0,  0.0,  0.0
1036772.14397480, 44841.739993,    0.0,    2.0, -2.0,  0.00,  0.00,  0.00,  0.0,  0.0,  0.0
1036772.14647480, 44841.942019,    0.0,    2.0, -2.0,  0.00,  0.00,  0.00,  0.0,  0.0,  0.0
1036772.14897480, 44841.942019,    0.0,    2.0, -2.0,  0.00,  0.00,  0.00,  0.0,  0.0,  0.0
1036772.15147480, 44841.942019,    0.0,    2.0, -2.0,  0.00,  0.00,  0.00,  0.0,  0.0,  0.0
1036772.15397480, 44841.942019,    0.0,    2.0, -2.0,  0.00,  0.00,  0.00,  0.0,  0.0,  0.0
1036772.15647480, 44841.653989,    0.0,    2.0, -2.0,  0.00,  0.00,  0.00,  0.0,  0.0,  0.0
1036772.15897480, 44841.113897,    0.0,    2.0, -2.0,  0.00,  0.00,  0.00,  0.0,  0.0,  0.0
1036772.16147480, 44840.454930,    0.0,    2.0, -2.0,  0.00,  0.00,  0.00,  0.0,  0.0,  0.0
1036772.16397480, 44840.130858,    0.0,    2.0, -2.0,  0.00,  0.00,  0.00,  0.0,  0.0,  0.0
1036772.16647480, 44841.230427,    0.0,    2.0, -2.0,  0.00,  0.00,  0.00,  0.0,  0.0,  0.0
1036772.16897480, 44842.428492,    0.0,    2.0, -2.0,  0.00,  0.00,  0.00,  0.0,  0.0,  0.0
1036772.17147480, 44843.823490,    0.0,    2.0, -2.0,  0.00,  0.00,  0.00,  0.0,  0.0,  0.0
1036772.17397480, 44844.163652,    0.0,    2.0, -2.0,  0.00,  0.00,  0.00,  0.0,  0.0,  0.0
1036772.17647480, 44843.244397,    0.0,    2.0, -2.0,  0.00,  0.00,  0.00,  0.0,  0.0,  0.0
1036772.17897480, 44841.991838,    0.0,    2.0, -2.0,  0.00,  0.00,  0.00,  0.0,  0.0,  0.0
1036772.18147480, 44841.000346,    0.0,    2.0, -2.0,  0.00,  0.00,  0.00,  0.0,  0.0,  0.0
1036772.18397480, 44841.152142,    0.0,    2.0, -2.0,  0.00,  0.00,  0.00,  0.0,  0.0,  0.0
1036772.18647480, 44842.451576,    0.0,    2.0, -2.0,  0.00,  0.00,  0.00,  0.0,  0.0,  0.0
1036772.18897480, 44842.962595,    0.0,    2.0, -2.0,  0.00,  0.00,  0.00,  0.0,  0.0,  0.0
1036772.19147480, 44843.473613,    0.0,    2.0, -2.0,  0.00,  0.00,  0.00,  0.0,  0.0,  0.0
1036772.19397480, 44843.284122,    0.0,    2.0, -2.0,  0.00,  0.00,  0.00,  0.0,  0.0,  0.0
1036772.19647480, 44842.989719,    0.0,    2.0, -2.0,  0.00,  0.00,  0.00,  0.0,  0.0,  0.0
1036772.19897480, 44840.731407,    0.0,    2.0, -2.0,  0.00,  0.00,  0.00,  0.0,  0.0,  0.0
1036772.20147480, 44839.518576,    0.0,    2.0, -2.0,  0.00,  0.00,  0.00,  0.0,  0.0,  0.0
1036772.20397480, 44840.154285,    0.0,    2.0, -2.0,  0.00,  0.00,  0.00,  0.0,  0.0,  0.0
1036772.20647480, 44841.195490,    0.0,    2.0, -2.0,  0.00,  0.00,  0.00,  0.0,  0.0,  0.0
1036772.20897480, 44842.252432,    0.0,    2.0, -2.0,  0.00,  0.00,  0.00,  0.0,  0.0,  0.0
1036772.21147480, 44843.309373,    0.0,    2.0, -2.0,  0.00,  0.00,  0.00,  0.0,  0.0,  0.0
1036772.21397480, 44844.366315,    0.0,    2.0, -2.0,  0.00,  0.00,  0.00,  0.0,  0.0,  0.0
1036772.21647480, 44843.986473,    0.0,    2.0, -2.0,  0.00,  0.00,  0.00,  0.0,  0.0,  0.0
1036772.21897480, 44843.403699,    0.0,    2.0, -2.0,  0.00,  0.00,  0.00,  0.0,  0.0,  0.0
1036772.22147480, 44842.820924,    0.0,    2.0, -2.0,  0.00,  0.00,  0.00,  0.0,  0.0,  0.0
1036772.22397480, 44842.147731,    0.0,    2.0, -2.0,  0.00,  0.00,  0.00,  0.0,  0.0,  0.0
1036772.22647480, 44841.875440,    0.0,    2.0, -2.0,  0.00,  0.00,  0.00,  0.0,  0.0,  0.0
1036772.22897480, 44842.462668,    0.0,    2.0, -2.0,  0.00,  0.00,  0.00,  0.0,  0.0,  0.0
1036772.23147480, 44843.049896,    0.0,    2.0, -2.0,  0.00,  0.00,  0.00,  0.0,  0.0,  0.0
1036772.23397480, 44843.224042,    0.0,    2.0, -2.0,  0.00,  0.00,  0.00,  0.0,  0.0,  0.0
1036772.23647480, 44842.395451,    0.0,    2.0, -2.0,  0.00,  0.00,  0.00,  0.0,  0.0,  0.0
1036772.23897480, 44841.351518,    0.0,    2.0, -2.0,  0.00,  0.00,  0.00,  0.0,  0.0,  0.0
1036772.24147480, 44840.742143,    0.0,    2.0, -2.0,  0.00,  0.00,  0.00,  0.0,  0.0,  0.0
1036772.24397480, 44840.293698,    0.0,    2.0, -2.0,  0.00,  0.00,  0.00,  0.0,  0.0,  0.0
1036772.24647480, 44841.968996,    0.0,    2.0, -2.0,  0.00,  0.00,  0.00,  0.0,  0.0,  0.0
1036772.24897480, 44844.127141,    0.0,    2.0, -2.0,  0.00,  0.00,  0.00,  0.0,  0.0,  0.0
1036772.25147480, 44844.602876,    0.0,    2.0, -2.0,  0.00,  0.00,  0.00,  0.0,  0.0,  0.0
1036772.25397480, 44845.078611,    0.0,    2.0, -2.0,  0.00,  0.00,  0.00,  0.0,  0.0,  0.0
1036772.25647480, 44842.821952,    0.0,    2.0, -2.0,  0.00,  0.00,  0.00,  0.0,  0.0,  0.0
1036772.25897480, 44840.893853,    0.0,    2.0, -2.0,  0.00,  0.00,  0.00,  0.0,  0.0,  0.0
1036772.26147480, 44840.036482,    0.0,    2.0, -2.0,  0.00,  0.00,  0.00,  0.0,  0.0,  0.0
1036772.26397480, 44840.619642,    0.0,    2.0, -2.0,  0.00,  0.00,  0.00,  0.0,  0.0,  0.0
1036772.26647480, 44841.938936,    0.0,    2.0, -2.0,  0.00,  0.00,  0.00,  0.0,  0.0,  0.0
1036772.26897480, 44843.784219,    0.0,    2.0, -2.0,  0.00,  0.00,  0.00,  0.0,  0.0,  0.0
1036772.27147480, 44844.666370,    0.0,    2.0, -2.0,  0.00,  0.00,  0.00,  0.0,  0.0,  0.0
1036772.27397480, 44844.151531,    0.0,    2.0, -2.0,  0.00,  0.00,  0.00,  0.0,  0.0,  0.0
1036772.27647480, 44842.915872,    0.0,    2.0, -2.0,  0.00,  0.00,  0.00,  0.0,  0.0,  0.0
1036772.27897480, 44842.164240,    0.0,    2.0, -2.0,  0.00,  0.00,  0.00,  0.0,  0.0,  0.0
1036772.28147480, 44841.411121,    0.0,    2.0, -2.0,  0.00,  0.00,  0.00,  0.0,  0.0,  0.0
1036772.28397480, 44840.458533,    0.0,    2.0, -2.0,  0.00,  0.00,  0.00,  0.0,  0.0,  0.0
1036772.28647480, 44841.776214,    0.0,    2.0, -2.0,  0.00,  0.00,  0.00,  0.0,  0.0,  0.0
1036772.28897480, 44843.539021,    0.0,    2.0, -2.0,  0.00,  0.00,  0.00,  0.0,  0.0,  0.0
1036772.29147480, 44844.796630,    0.0,    2.0, -2.0,  0.00,  0.00,  0.00,  0.0,  0.0,  0.0
1036772.29397480, 44844.559877,    0.0,    2.0, -2.0,  0.00,  0.00,  0.00,  0.0,  0.0,  0.0
1036772.29647480, 44843.180095,    0.0,    2.0, -2.0,  0.00,  0.00,  0.00,  0.0,  0.0,  0.0
1036772.29897480, 44840.940005,    0.0,    2.0, -2.0,  0.00,  0.00,  0.00,  0.0,  0.0,  0.0
1036772.30147480, 44840.535167,    0.0,    2.0, -2.0,  0.00,  0.00,  0.00,  0.0,  0.0,  0.0
1036772.30397480, 44840.691195,    0.0,    2.0, -2.0,  0.00,  0.00,  0.00,  0.0,  0.0,  0.0
1036772.30647480, 44842.111032,    0.0,    2.0, -2.0,  0.00,  0.00,  0.00,  0.0,  0.0,  0.0
1036772.30897480, 44844.004314,    0.0,    2.0, -2.0,  0.00,  0.00,  0.00,  0.0,  0.0,  0.0
1036772.31147480, 44844.820133,    0.0,    2.0, -2.0,  0.00,  0.00,  0.00,  0.0,  0.0,  0.0
1036772.31397480, 44844.678866,    0.0,    2.0, -2.0,  0.00,  0.00,  0.00,  0.0,  0.0,  0.0
1036772.31647480, 44844.105565,    0.0,    2.0, -2.0,  0.00,  0.00,  0.00,  0.0,  0.0,  0.0
1036772.31897480, 44843.409337,    0.0,    2.0, -2.0,  0.00,  0.00,  0.00,  0.0,  0.0,  0.0
1036772.32147480, 44841.705017,    0.0,    2.0, -2.0,  0.00,  0.00,  0.00,  0.0,  0.0,  0.0
1036772.32397480, 44840.338398,    0.0,    2.0, -2.0,  0.00,  0.00,  0.00,  0.0,  0.0,  0.0
1036772.32647480, 44841.804820,    0.0,    2.0, -2.0,  0.00,  0.00,  0.00,  0.0,  0.0,  0.0
1036772.32897480, 44843.442231,    0.0,    2.0, -2.0,  0.00,  0.00,  0.00,  0.0,  0.0,  0.0
1036772.33147480, 44844.742381,    0.0,    2.0, -2.0,  0.00,  0.00,  0.00,  0.0,  0.0,  0.0
1036772.33397480, 44844.787196,    0.0,    2.0, -2.0,  0.00,  0.00,  0.00,  0.0,  0.0,  0.0
1036772.33647480, 44843.823581,    0.0,    2.0, -2.0,  0.00,  0.00,  0.00,  0.0,  0.0,  0.0
1036772.33897480, 44842.479058,    0.0,    2.0, -2.0,  0.00,  0.00,  0.00,  0.0,  0.0,  0.0
1036772.34147480, 44840.149589,    0.0,    2.0, -2.0,  0.00,  0.00,  0.00,  0.0,  0.0,  0.0
1036772.34397480, 44840.118291,    0.0,    2.0, -2.0,  0.00,  0.00,  0.00,  0.0,  0.0,  0.0
1036772.34647480, 44841.426609,    0.0,    2.0, -2.0,  0.00,  0.00,  0.00,  0.0,  0.0,  0.0
1036772.34897480, 44843.542481,    0.0,    2.0, -2.0,  0.00,  0.00,  0.00,  0.0,  0.0,  0.0
1036772.35147480, 44844.428385,    0.0,    2.0, -2.0,  0.00,  0.00,  0.00,  0.0,  0.0,  0.0
1036772.35397480, 44843.924370,    0.0,    2.0, -2.0,  0.00,  0.00,  0.00,  0.0,  0.0,  0.0
1036772.35647480, 44842.126757,    0.0,    2.0, -2.0,  0.00,  0.00,  0.00,  0.0,  0.0,  0.0
1036772.35897480, 44841.450242,    0.0,    2.0, -2.0,  0.00,  0.00,  0.00,  0.0,  0.0,  0.0
1036772.36147480, 44840.167197,    0.0,    2.0, -2.0,  0.00,  0.00,  0.00,  0.0,  0.0,  0.0
1036772.36397480, 44840.997053,    0.0,    2.0, -2.0,  0.00,  0.00,  0.00,  0.0,  0.0,  0.0
1036772.36647480, 44843.030101,    0.0,    2.0, -2.0,  0.00,  0.00,  0.00,  0.0,  0.0,  0.0
1036772.36897480, 44843.759457,    0.0,    2.0, -2.0,  0.00,  0.00,  0.00,  0.0,  0.0,  0.0
1036772.37147480, 44844.698645,    0.0,    2.0, -2.0,  0.00,  0.00,  0.00,  0.0,  0.0,  0.0
1036772.37397480, 44843.722896,    0.0,    2.0, -2.0,  0.00,  0.00,  0.00,  0.0,  0.0,  0.0
1036772.37647480, 44841.846937,    0.0,    2.0, -2.0,  0.00,  0.00,  0.00,  0.0,  0.0,  0.0
1036772.37897480, 44840.969156,    0.0,    2.0, -2.0,  0.00,  0.00,  0.00,  0.0,  0.0,  0.0
1036772.38147480, 44840.271429,    0.0,    2.0, -2.0,  0.00,  0.00,  0.00,  0.0,  0.0,  0.0
1036772.38397480, 44840.271750,    0.0,    2.0, -2.0,  0.00,  0.00,  0.00,  0.0,  0.0,  0.0
1036772.38647480, 44841.741943,    0.0,    2.0, -2.0,  0.00,  0.00,  0.00,  0.0,  0.0,  0.0
1036772.38897480, 44842.565310,    0.0,    2.0, -2.0,  0.00,  0.00,  0.00,  0.0,  0.0,  0.0
1036772.39147480, 44843.388678,    0.0,    2.0, -2.0,  0.00,  0.00,  0.00,  0.0,  0.0,  0.0
1036772.39397480, 44844.227333,    0.0,    2.0, -2.0,  0.00,  0.00,  0.00,  0.0,  0.0,  0.0
1036772.39647480, 44843.779845,    0.0,    2.0, -2.0,  0.00,  0.00,  0.00,  0.0,  0.0,  0.0
1036772.39897480, 44843.049599,    0.0,    2.0, -2.0,  0.00,  0.00,  0.00,  0.0,  0.0,  0.0
1036772.40147480, 44841.996277,    0.0,    2.0, -2.0,  0.00,  0.00,  0.00,  0.0,  0.0,  0.0
1036772.40397480, 44840.930166,    0.0,    2.0, -2.0,  0.00,  0.00,  0.00,  0.0,  0.0,  0.0
1036772.40647480, 44842.139982,    0.0,    2.0, -2.0,  0.00,  0.00,  0.00,  0.0,  0.0,  0.0
1036772.40897480, 44843.951891,    0.0,    2.0, -2.0,  0.00,  0.00,  0.00,  0.0,  0.0,  0.0
1036772.41147480, 44844.250819,    0.0,    2.0, -2.0,  0.00,  0.00,  0.00,  0.0,  0.0,  0.0
1036772.41397480, 44844.110928,    0.0,    2.0, -2.0,  0.00,  0.00,  0.00,  0.0,  0.0,  0.0
1036772.41647480, 44842.057694,    0.0,    2.0, -2.0,  0.00,  0.00,  0.00,  0.0,  0.0,  0.0
1036772.41897480, 44841.332643,    0.0,    2.0, -2.0,  0.00,  0.00,  0.00,  0.0,  0.0,  0.0
1036772.42147480, 44840.312592,    0.0,    2.0, -2.0,  0.00,  0.00,  0.00,  0.0,  0.0,  0.0
1036772.42397480, 44840.945482,    0.0,    2.0, -2.0,  0.00,  0.00,  0.00,  0.0,  0.0,  0.0
1036772.42647480, 44843.212892,    0.0,    2.0, -2.0,  0.00,  0.00,  0.00,  0.0,  0.0,  0.0
1036772.42897480, 44843.951891,    0.0,    2.0, -2.0,  0.00,  0.00,  0.00,  0.0,  0.0,  0.0
1036772.43147480, 44845.037176,    0.0,    2.0, -2.0,  0.00,  0.00,  0.00,  0.0,  0.0,  0.0
1036772.43397480, 44844.301705,    0.0,    2.0, -2.0,  0.00,  0.00,  0.00,  0.0,  0.0,  0.0
1036772.43647480, 44842.380641,    0.0,    2.0, -2.0,  0.00,  0.00,  0.00,  0.0,  0.0,  0.0
1036772.43897480, 44841.792348,    0.0,    2.0, -2.0,  0.00,  0.00,  0.00,  0.0,  0.0,  0.0
1036772.44147480, 44841.527369,    0.0,    2.0, -2.0,  0.00,  0.00,  0.00,  0.0,  0.0,  0.0
1036772.44397480, 44841.024443,    0.0,    2.0, -2.0,  0.00,  0.00,  0.00,  0.0,  0.0,  0.0
1036772.44647480, 44842.807548,    0.0,    2.0, -2.0,  0.00,  0.00,  0.00,  0.0,  0.0,  0.0
1036772.44897480, 44843.513568,    0.0,    2.0, -2.0,  0.00,  0.00,  0.00,  0.0,  0.0,  0.0
1036772.45147480, 44843.513568,    0.0,    2.0, -2.0,  0.00,  0.00,  0.00,  0.0,  0.0,  0.0
1036772.45397480, 44844.231795,    0.0,    2.0, -2.0,  0.00,  0.00,  0.00,  0.0,  0.0,  0.0
1036772.45647480, 44843.265514,    0.0,    2.0, -2.0,  0.00,  0.00,  0.00,  0.0,  0.0,  0.0
1036772.45897480, 44841.512171,    0.0,    2.0, -2.0,  0.00,  0.00,  0.00,  0.0,  0.0,  0.0
1036772.46147480, 44840.766230,    0.0,    2.0, -2.0,  0.00,  0.00,  0.00,  0.0,  0.0,  0.0
1036772.46397480, 44840.234812,    0.0,    2.0, -2.0,  0.00,  0.00,  0.00,  0.0,  0.0,  0.0
1036772.46647480, 44842.165087,    0.0,    2.0, -2.0,  0.00,  0.00,  0.00,  0.0,  0.0,  0.0
1036772.46897480, 44843.983964,    0.0,    2.0, -2.0,  0.00,  0.00,  0.00,  0.0,  0.0,  0.0
1036772.47147480, 44844.937986,    0.0,    2.0, -2.0,  0.00,  0.00,  0.00,  0.0,  0.0,  0.0
1036772.47397480, 44844.248851,    0.0,    2.0, -2.0,  0.00,  0.00,  0.00,  0.0,  0.0,  0.0
1036772.47647480, 44841.876051,    0.0,    2.0, -2.0,  0.00,  0.00,  0.00,  0.0,  0.0,  0.0
1036772.47897480, 44841.108136,    0.0,    2.0, -2.0,  0.00,  0.00,  0.00,  0.0,  0.0,  0.0
1036772.48147480, 44840.676799,    0.0,    2.0, -2.0,  0.00,  0.00,  0.00,  0.0,  0.0,  0.0
1036772.48397480, 44841.053204,    0.0,    2.0, -2.0,  0.00,  0.00,  0.00,  0.0,  0.0,  0.0
1036772.48647480, 44843.166020,    0.0,    2.0, -2.0,  0.00,  0.00,  0.00,  0.0,  0.0,  0.0
1036772.48897480, 44843.727384,    0.0,    2.0, -2.0,  0.00,  0.00,  0.00,  0.0,  0.0,  0.0
1036772.49147480, 44844.952583,    0.0,    2.0, -2.0,  0.00,  0.00,  0.00,  0.0,  0.0,  0.0
1036772.49397480, 44843.940369,    0.0,    2.0, -2.0,  0.00,  0.00,  0.00,  0.0,  0.0,  0.0
1036772.49647480, 44841.898446,    0.0,    2.0, -2.0,  0.00,  0.00,  0.00,  0.0,  0.0,  0.0
1036772.49897480, 44841.332643,    0.0,    2.0, -2.0,  0.00,  0.00,  0.00,  0.0,  0.0,  0.0
1036772.50147480, 44840.135272,    0.0,    2.0, -2.0,  0.00,  0.00,  0.00,  0.0,  0.0,  0.0
1036772.50397480, 44840.135272,    0.0,    2.0, -2.0,  0.00,  0.00,  0.00,  0.0,  0.0,  0.0
1036772.50647480, 44842.412149,    0.0,    2.0, -2.0,  0.00,  0.00,  0.00,  0.0,  0.0,  0.0
1036772.50897480, 44844.026727,    0.0,    2.0, -2.0,  0.00,  0.00,  0.00,  0.0,  0.0,  0.0
1036772.51147480, 44844.475503,    0.0,    2.0, -2.0,  0.00,  0.00,  0.00,  0.0,  0.0,  0.0
1036772.51397480, 44844.953841,    0.0,    2.0, -2.0,  0.00,  0.00,  0.00,  0.0,  0.0,  0.0
1036772.51647480, 44845.221025,    0.0,    2.0, -2.0,  0.00,  0.00,  0.00,  0.0,  0.0,  0.0
1036772.51897480, 44843.582745,    0.0,    2.0, -2.0,  0.00,  0.00,  0.00,  0.0,  0.0,  0.0
1036772.52147480, 44841.944465,    0.0,    2.0, -2.0,  0.00,  0.00,  0.00,  0.0,  0.0,  0.0
1036772.52397480, 44840.239003,    0.0,    2.0, -2.0,  0.00,  0.00,  0.00,  0.0,  0.0,  0.0
1036772.52647480, 44841.770444,    0.0,    2.0, -2.0,  0.00,  0.00,  0.00,  0.0,  0.0,  0.0
1036772.52897480, 44842.832604,    0.0,    2.0, -2.0,  0.00,  0.00,  0.00,  0.0,  0.0,  0.0
1036772.53147480, 44843.914760,    0.0,    2.0, -2.0,  0.00,  0.00,  0.00,  0.0,  0.0,  0.0
1036772.53397480, 44844.465050,    0.0,    2.0, -2.0,  0.00,  0.00,  0.00,  0.0,  0.0,  0.0
1036772.53647480, 44842.224590,    0.0,    2.0, -2.0,  0.00,  0.00,  0.00,  0.0,  0.0,  0.0
1036772.53897480, 44840.862247,    0.0,    2.0, -2.0,  0.00,  0.00,  0.00,  0.0,  0.0,  0.0
1036772.54147480, 44840.060830,    0.0,    2.0, -2.0,  0.00,  0.00,  0.00,  0.0,  0.0,  0.0
1036772.54397480, 44841.150604,    0.0,    2.0, -2.0,  0.00,  0.00,  0.00,  0.0,  0.0,  0.0
1036772.54647480, 44842.873523,    0.0,    2.0, -2.0,  0.00,  0.00,  0.00,  0.0,  0.0,  0.0
1036772.54897480, 44844.104970,    0.0,    2.0, -2.0,  0.00,  0.00,  0.00,  0.0,  0.0,  0.0
1036772.55147480, 44844.539566,    0.0,    2.0, -2.0,  0.00,  0.00,  0.00,  0.0,  0.0,  0.0
1036772.55397480, 44844.518504,    0.0,    2.0, -2.0,  0.00,  0.00,  0.00,  0.0,  0.0,  0.0
1036772.55647480, 44842.536022,    0.0,    2.0, -2.0,  0.00,  0.00,  0.00,  0.0,  0.0,  0.0
1036772.55897480, 44841.023155,    0.0,    2.0, -2.0,  0.00,  0.00,  0.00,  0.0,  0.0,  0.0
1036772.56147480, 44839.958497,    0.0,    2.0, -2.0,  0.00,  0.00,  0.00,  0.0,  0.0,  0.0
1036772.56397480, 44841.176391,    0.0,    2.0, -2.0,  0.00,  0.00,  0.00,  0.0,  0.0,  0.0
1036772.56647480, 44842.651659,    0.0,    2.0, -2.0,  0.00,  0.00,  0.00,  0.0,  0.0,  0.0
1036772.56897480, 44843.741668,    0.0,    2.0, -2.0,  0.00,  0.00,  0.00,  0.0,  0.0,  0.0
1036772.57147480, 44844.723911,    0.0,    2.0, -2.0,  0.00,  0.00,  0.00,  0.0,  0.0,  0.0
1036772.57397480, 44844.597115,    0.0,    2.0, -2.0,  0.00,  0.00,  0.00,  0.0,  0.0,  0.0
1036772.57647480, 44844.470320,    0.0,    2.0, -2.0,  0.00,  0.00,  0.00,  0.0,  0.0,  0.0
1036772.57897480, 44844.343524,    0.0,    2.0, -2.0,  0.00,  0.00,  0.00,  0.0,  0.0,  0.0
1036772.58147480, 44841.671951,    0.0,    2.0, -2.0,  0.00,  0.00,  0.00,  0.0,  0.0,  0.0
1036772.58397480, 44840.188726,    0.0,    2.0, -2.0,  0.00,  0.00,  0.00,  0.0,  0.0,  0.0
1036772.58647480, 44840.188726,    0.0,    2.0, -2.0,  0.00,  0.00,  0.00,  0.0,  0.0,  0.0
1036772.58897480, 44841.336006,    0.0,    2.0, -2.0,  0.00,  0.00,  0.00,  0.0,  0.0,  0.0
1036772.59147480, 44842.748773,    0.0,    2.0, -2.0,  0.00,  0.00,  0.00,  0.0,  0.0,  0.0
1036772.59397480, 44843.566627,    0.0,    2.0, -2.0,  0.00,  0.00,  0.00,  0.0,  0.0,  0.0
1036772.59647480, 44842.732224,    0.0,    2.0, -2.0,  0.00,  0.00,  0.00,  0.0,  0.0,  0.0
1036772.59897480, 44841.360962,    0.0,    2.0, -2.0,  0.00,  0.00,  0.00,  0.0,  0.0,  0.0
1036772.60147480, 44840.334500,    0.0,    2.0, -2.0,  0.00,  0.00,  0.00,  0.0,  0.0,  0.0
1036772.60397480, 44840.622799,    0.0,    2.0, -2.0,  0.00,  0.00,  0.00,  0.0,  0.0,  0.0
1036772.60647480, 44842.218641,    0.0,    2.0, -2.0,  0.00,  0.00,  0.00,  0.0,  0.0,  0.0
1036772.60897480, 44843.463149,    0.0,    2.0, -2.0,  0.00,  0.00,  0.00,  0.0,  0.0,  0.0
1036772.61147480, 44844.442156,    0.0,    2.0, -2.0,  0.00,  0.00,  0.00,  0.0,  0.0,  0.0
1036772.61397480, 44843.422932,    0.0,    2.0, -2.0,  0.00,  0.00,  0.00,  0.0,  0.0,  0.0
1036772.61647480, 44842.754521,    0.0,    2.0, -2.0,  0.00,  0.00,  0.00,  0.0,  0.0,  0.0
1036772.61897480, 44840.768093,    0.0,    2.0, -2.0,  0.00,  0.00,  0.00,  0.0,  0.0,  0.0
1036772.62147480, 44840.272325,    0.0,    2.0, -2.0,  0.00,  0.00,  0.00,  0.0,  0.0,  0.0
1036772.62397480, 44840.600609,    0.0,    2.0, -2.0,  0.00,  0.00,  0.00,  0.0,  0.0,  0.0
1036772.62647480, 44841.313997,    0.0,    2.0, -2.0,  0.00,  0.00,  0.00,  0.0,  0.0,  0.0
1036772.62897480, 44842.027385,    0.0,    2.0, -2.0,  0.00,  0.00,  0.00,  0.0,  0.0,  0.0
1036772.63147480, 44843.922067,    0.0,    2.0, -2.0,  0.00,  0.00,  0.00,  0.0,  0.0,  0.0
1036772.63397480, 44844.359175,    0.0,    2.0, -2.0,  0.00,  0.00,  0.00,  0.0,  0.0,  0.0
1036772.63647480, 44843.742640,    0.0,    2.0, -2.0,  0.00,  0.00,  0.00,  0.0,  0.0,  0.0
1036772.63897480, 44843.107866,    0.0,    2.0, -2.0,  0.00,  0.00,  0.00,  0.0,  0.0,  0.0
1036772.64147480, 44842.210141,    0.0,    2.0, -2.0,  0.00,  0.00,  0.00,  0.0,  0.0,  0.0
1036772.64397480, 44841.271165,    0.0,    2.0, -2.0,  0.00,  0.00,  0.00,  0.0,  0.0,  0.0
1036772.64647480, 44840.662729,    0.0,    2.0, -2.0,  0.00,  0.00,  0.00,  0.0,  0.0,  0.0
1036772.64897480, 44842.031356,    0.0,    2.0, -2.0,  0.00,  0.00,  0.00,  0.0,  0.0,  0.0
1036772.65147480, 44843.399984,    0.0,    2.0, -2.0,  0.00,  0.00,  0.00,  0.0,  0.0,  0.0
1036772.65397480, 44844.332097,    0.0,    2.0, -2.0,  0.00,  0.00,  0.00,  0.0,  0.0,  0.0
1036772.65647480, 44843.164947,    0.0,    2.0, -2.0,  0.00,  0.00,  0.00,  0.0,  0.0,  0.0
1036772.65897480, 44841.359107,    0.0,    2.0, -2.0,  0.00,  0.00,  0.00,  0.0,  0.0,  0.0
1036772.66147480, 44840.303241,    0.0,    2.0, -2.0,  0.00,  0.00,  0.00,  0.0,  0.0,  0.0
1036772.66397480, 44840.817475,    0.0,    2.0, -2.0,  0.00,  0.00,  0.00,  0.0,  0.0,  0.0
1036772.66647480, 44842.302015,    0.0,    2.0, -2.0,  0.00,  0.00,  0.00,  0.0,  0.0,  0.0
1036772.66897480, 44843.788694,    0.0,    2.0, -2.0,  0.00,  0.00,  0.00,  0.0,  0.0,  0.0
1036772.67147480, 44845.047243,    0.0,    2.0, -2.0,  0.00,  0.00,  0.00,  0.0,  0.0,  0.0
1036772.67397480, 44843.812571,    0.0,    2.0, -2.0,  0.00,  0.00,  0.00,  0.0,  0.0,  0.0
1036772.67647480, 44842.979028,    0.0,    2.0, -2.0,  0.00,  0.00,  0.00,  0.0,  0.0,  0.0
1036772.67897480, 44840.853022,    0.0,    2.0, -2.0,  0.00,  0.00,  0.00,  0.0,  0.0,  0.0
1036772.68147480, 44840.681424,    0.0,    2.0, -2.0,  0.00,  0.00,  0.00,  0.0,  0.0,  0.0
1036772.68397480, 44840.633241,    0.0,    2.0, -2.0,  0.00,  0.00,  0.00,  0.0,  0.0,  0.0
1036772.68647480, 44842.562055,    0.0,    2.0, -2.0,  0.00,  0.00,  0.00,  0.0,  0.0,  0.0
1036772.68897480, 44844.399795,    0.0,    2.0, -2.0,  0.00,  0.00,  0.00,  0.0,  0.0,  0.0
1036772.69147480, 44844.967518,    0.0,    2.0, -2.0,  0.00,  0.00,  0.00,  0.0,  0.0,  0.0
1036772.69397480, 44844.796706,    0.0,    2.0, -2.0,  0.00,  0.00,  0.00,  0.0,  0.0,  0.0
1036772.69647480, 44843.726784,    0.0,    2.0, -2.0,  0.00,  0.00,  0.00,  0.0,  0.0,  0.0
1036772.69897480, 44841.398625,    0.0,    2.0, -2.0,  0.00,  0.00,  0.00,  0.0,  0.0,  0.0
1036772.70147480, 44839.750403,    0.0,    2.0, -2.0,  0.00,  0.00,  0.00,  0.0,  0.0,  0.0
1036772.70397480, 44839.944471,    0.0,    2.0, -2.0,  0.00,  0.00,  0.00,  0.0,  0.0,  0.0
1036772.70647480, 44840.164752,    0.0,    2.0, -2.0,  0.00,  0.00,  0.00,  0.0,  0.0,  0.0
1036772.70897480, 44840.771426,    0.0,    2.0, -2.0,  0.00,  0.00,  0.00,  0.0,  0.0,  0.0
1036772.71147480, 44842.476467,    0.0,    2.0, -2.0,  0.00,  0.00,  0.00,  0.0,  0.0,  0.0
1036772.71397480, 44844.181507,    0.0,    2.0, -2.0,  0.00,  0.00,  0.00,  0.0,  0.0,  0.0
1036772.71647480, 44844.227917,    0.0,    2.0, -2.0,  0.00,  0.00,  0.00,  0.0,  0.0,  0.0
1036772.71897480, 44843.459899,    0.0,    2.0, -2.0,  0.00,  0.00,  0.00,  0.0,  0.0,  0.0
1036772.72147480, 44842.232037,    0.0,    2.0, -2.0,  0.00,  0.00,  0.00,  0.0,  0.0,  0.0
1036772.72397480, 44840.987453,    0.0,    2.0, -2.0,  0.00,  0.00,  0.00,  0.0,  0.0,  0.0
1036772.72647480, 44842.501079,    0.0,    2.0, -2.0,  0.00,  0.00,  0.00,  0.0,  0.0,  0.0
1036772.72897480, 44844.160401,    0.0,    2.0, -2.0,  0.00,  0.00,  0.00,  0.0,  0.0,  0.0
1036772.73147480, 44844.604031,    0.0,    2.0, -2.0,  0.00,  0.00,  0.00,  0.0,  0.0,  0.0
1036772.73397480, 44844.403253,    0.0,    2.0, -2.0,  0.00,  0.00,  0.00,  0.0,  0.0,  0.0
1036772.73647480, 44842.102186,    0.0,    2.0, -2.0,  0.00,  0.00,  0.00,  0.0,  0.0,  0.0
1036772.73897480, 44840.167271,    0.0,    2.0, -2.0,  0.00,  0.00,  0.00,  0.0,  0.0,  0.0
1036772.74147480, 44839.814548,    0.0,    2.0, -2.0,  0.00,  0.00,  0.00,  0.0,  0.0,  0.0
1036772.74397480, 44840.444515,    0.0,    2.0, -2.0,  0.00,  0.00,  0.00,  0.0,  0.0,  0.0
1036772.74647480, 44842.510910,    0.0,    2.0, -2.0,  0.00,  0.00,  0.00,  0.0,  0.0,  0.0
1036772.74897480, 44844.561394,    0.0,    2.0, -2.0,  0.00,  0.00,  0.00,  0.0,  0.0,  0.0
1036772.75147480, 44845.042354,    0.0,    2.0, -2.0,  0.00,  0.00,  0.00,  0.0,  0.0,  0.0
1036772.75397480, 44844.407926,    0.0,    2.0, -2.0,  0.00,  0.00,  0.00,  0.0,  0.0,  0.0
1036772.75647480, 44842.234631,    0.0,    2.0, -2.0,  0.00,  0.00,  0.00,  0.0,  0.0,  0.0
1036772.75897480, 44840.888502,    0.0,    2.0, -2.0,  0.00,  0.00,  0.00,  0.0,  0.0,  0.0
1036772.76147480, 44840.377713,    0.0,    2.0, -2.0,  0.00,  0.00,  0.00,  0.0,  0.0,  0.0
1036772.76397480, 44840.302083,    0.0,    2.0, -2.0,  0.00,  0.00,  0.00,  0.0,  0.0,  0.0
1036772.76647480, 44841.991826,    0.0,    2.0, -2.0,  0.00,  0.00,  0.00,  0.0,  0.0,  0.0
1036772.76897480, 44843.361779,    0.0,    2.0, -2.0,  0.00,  0.00,  0.00,  0.0,  0.0,  0.0
1036772.77147480, 44844.150442,    0.0,    2.0, -2.0,  0.00,  0.00,  0.00,  0.0,  0.0,  0.0
1036772.77397480, 44844.796821,    0.0,    2.0, -2.0,  0.00,  0.00,  0.00,  0.0,  0.0,  0.0
1036772.77647480, 44843.423429,    0.0,    2.0, -2.0,  0.00,  0.00,  0.00,  0.0,  0.0,  0.0
1036772.77897480, 44842.491044,    0.0,    2.0, -2.0,  0.00,  0.00,  0.00,  0.0,  0.0,  0.0
1036772.78147480, 44841.637796,    0.0,    2.0, -2.0,  0.00,  0.00,  0.00,  0.0,  0.0,  0.0
1036772.78397480, 44840.657780,    0.0,    2.0, -2.0,  0.00,  0.00,  0.00,  0.0,  0.0,  0.0
1036772.78647480, 44841.616318,    0.0,    2.0, -2.0,  0.00,  0.00,  0.00,  0.0,  0.0,  0.0
1036772.78897480, 44843.085549,    0.0,    2.0, -2.0,  0.00,  0.00,  0.00,  0.0,  0.0,  0.0
1036772.79147480, 44845.147680,    0.0,    2.0, -2.0,  0.00,  0.00,  0.00,  0.0,  0.0,  0.0
1036772.79397480, 44844.803024,    0.0,    2.0, -2.0,  0.00,  0.00,  0.00,  0.0,  0.0,  0.0
1036772.79647480, 44843.241125,    0.0,    2.0, -2.0,  0.00,  0.00,  0.00,  0.0,  0.0,  0.0
1036772.80147480, 44840.497474,    0.0,    2.0, -2.0,  0.00,  0.00,  0.00,  0.0,  0.0,  0.0
1036772.80397480, 44841.694099,    0.0,    2.0, -2.0,  0.00,  0.00,  0.00,  0.0,  0.0,  0.0
1036772.80647480, 44842.145145,    0.0,    2.0, -2.0,  0.00,  0.00,  0.00,  0.0,  0.0,  0.0
1036772.80897480, 44843.957900,    0.0,    2.0, -2.0,  0.00,  0.00,  0.00,  0.0,  0.0,  0.0
1036772.81147480, 44844.877043,    0.0,    2.0, -2.0,  0.00,  0.00,  0.00,  0.0,  0.0,  0.0
1036772.81397480, 44843.935081,    0.0,    2.0, -2.0,  0.00,  0.00,  0.00,  0.0,  0.0,  0.0
1036772.81647480, 44842.230765,    0.0,    2.0, -2.0,  0.00,  0.00,  0.00,  0.0,  0.0,  0.0
1036772.81897480, 44840.515500,    0.0,    2.0, -2.0,  0.00,  0.00,  0.00,  0.0,  0.0,  0.0
1036772.82147480, 44839.794573,    0.0,    2.0, -2.0,  0.00,  0.00,  0.00,  0.0,  0.0,  0.0
1036772.82397480, 44840.032878,    0.0,    2.0, -2.0,  0.00,  0.00,  0.00,  0.0,  0.0,  0.0
1036772.82647480, 44841.721657,    0.0,    2.0, -2.0,  0.00,  0.00,  0.00,  0.0,  0.0,  0.0
1036772.82897480, 44843.707322,    0.0,    2.0, -2.0,  0.00,  0.00,  0.00,  0.0,  0.0,  0.0
1036772.83147480, 44844.174414,    0.0,    2.0, -2.0,  0.00,  0.00,  0.00,  0.0,  0.0,  0.0
1036772.83397480, 44844.641506,    0.0,    2.0, -2.0,  0.00,  0.00,  0.00,  0.0,  0.0,  0.0
1036772.83647480, 44843.576694,    0.0,    2.0, -2.0,  0.00,  0.00,  0.00,  0.0,  0.0,  0.0
1036772.83897480, 44840.670909,    0.0,    2.0, -2.0,  0.00,  0.00,  0.00,  0.0,  0.0,  0.0
1036772.84147480, 44840.135768,    0.0,    2.0, -2.0,  0.00,  0.00,  0.00,  0.0,  0.0,  0.0
1036772.84397480, 44840.163406,    0.0,    2.0, -2.0,  0.00,  0.00,  0.00,  0.0,  0.0,  0.0
1036772.84647480, 44840.852550,    0.0,    2.0, -2.0,  0.00,  0.00,  0.00,  0.0,  0.0,  0.0
1036772.84897480, 44841.541693,    0.0,    2.0, -2.0,  0.00,  0.00,  0.00,  0.0,  0.0,  0.0
1036772.85147480, 44844.148510,    0.0,    2.0, -2.0,  0.00,  0.00,  0.00,  0.0,  0.0,  0.0
1036772.85397480, 44843.885551,    0.0,    2.0, -2.0,  0.00,  0.00,  0.00,  0.0,  0.0,  0.0
1036772.85647480, 44842.005539,    0.0,    2.0, -2.0,  0.00,  0.00,  0.00,  0.0,  0.0,  0.0
1036772.85897480, 44840.731549,    0.0,    2.0, -2.0,  0.00,  0.00,  0.00,  0.0,  0.0,  0.0
1036772.86147480, 44840.236687,    0.0,    2.0, -2.0,  0.00,  0.00,  0.00,  0.0,  0.0,  0.0
1036772.86397480, 44840.242181,    0.0,    2.0, -2.0,  0.00,  0.00,  0.00,  0.0,  0.0,  0.0
1036772.86647480, 44841.647819,    0.0,    2.0, -2.0,  0.00,  0.00,  0.00,  0.0,  0.0,  0.0
1036772.86897480, 44843.893302,    0.0,    2.0, -2.0,  0.00,  0.00,  0.00,  0.0,  0.0,  0.0
1036772.87147480, 44844.844420,    0.0,    2.0, -2.0,  0.00,  0.00,  0.00,  0.0,  0.0,  0.0
1036772.87397480, 44844.335934,    0.0,    2.0, -2.0,  0.00,  0.00,  0.00,  0.0,  0.0,  0.0
1036772.87647480, 44843.064000,    0.0,    2.0, -2.0,  0.00,  0.00,  0.00,  0.0,  0.0,  0.0
1036772.87897480, 44841.332477,    0.0,    2.0, -2.0,  0.00,  0.00,  0.00,  0.0,  0.0,  0.0
1036772.88147480, 44840.992608,    0.0,    2.0, -2.0,  0.00,  0.00,  0.00,  0.0,  0.0,  0.0
1036772.88397480, 44840.862247,    0.0,    2.0, -2.0,  0.00,  0.00,  0.00,  0.0,  0.0,  0.0
1036772.88647480, 44840.862247,    0.0,    2.0, -2.0,  0.00,  0.00,  0.00,  0.0,  0.0,  0.0
1036772.88897480, 44843.039706,    0.0,    2.0, -2.0,  0.00,  0.00,  0.00,  0.0,  0.0,  0.0
1036772.89147480, 44844.736574,    0.0,    2.0, -2.0,  0.00,  0.00,  0.00,  0.0,  0.0,  0.0
1036772.89397480, 44844.758169,    0.0,    2.0, -2.0,  0.00,  0.00,  0.00,  0.0,  0.0,  0.0
1036772.89647480, 44844.203954,    0.0,    2.0, -2.0,  0.00,  0.00,  0.00,  0.0,  0.0,  0.0
1036772.90147480, 44842.614480,    0.0,    2.0, -2.0,  0.00,  0.00,  0.00,  0.0,  0.0,  0.0
1036772.90397480, 44841.453561,    0.0,    2.0, -2.0,  0.00,  0.00,  0.00,  0.0,  0.0,  0.0
1036772.90647480, 44840.292642,    0.0,    2.0, -2.0,  0.00,  0.00,  0.00,  0.0,  0.0,  0.0
1036772.90897480, 44843.492498,    0.0,    2.0, -2.0,  0.00,  0.00,  0.00,  0.0,  0.0,  0.0
1036772.91147480, 44844.567949,    0.0,    2.0, -2.0,  0.00,  0.00,  0.00,  0.0,  0.0,  0.0
1036772.91397480, 44844.531082,    0.0,    2.0, -2.0,  0.00,  0.00,  0.00,  0.0,  0.0,  0.0
1036772.91647480, 44842.778288,    0.0,    2.0, -2.0,  0.00,  0.00,  0.00,  0.0,  0.0,  0.0
1036772.91897480, 44840.588204,    0.0,    2.0, -2.0,  0.00,  0.00,  0.00,  0.0,  0.0,  0.0
1036772.92147480, 44839.544449,    0.0,    2.0, -2.0,  0.00,  0.00,  0.00,  0.0,  0.0,  0.0
1036772.92397480, 44839.643495,    0.0,    2.0, -2.0,  0.00,  0.00,  0.00,  0.0,  0.0,  0.0
1036772.92647480, 44841.785726,    0.0,    2.0, -2.0,  0.00,  0.00,  0.00,  0.0,  0.0,  0.0
1036772.92897480, 44844.097145,    0.0,    2.0, -2.0,  0.00,  0.00,  0.00,  0.0,  0.0,  0.0
1036772.93147480, 44844.953821,    0.0,    2.0, -2.0,  0.00,  0.00,  0.00,  0.0,  0.0,  0.0
1036772.93397480, 44844.967518,    0.0,    2.0, -2.0,  0.00,  0.00,  0.00,  0.0,  0.0,  0.0
1036772.93647480, 44842.801902,    0.0,    2.0, -2.0,  0.00,  0.00,  0.00,  0.0,  0.0,  0.0
1036772.93897480, 44840.407742,    0.0,    2.0, -2.0,  0.00,  0.00,  0.00,  0.0,  0.0,  0.0
1036772.94147480, 44839.976124,    0.0,    2.0, -2.0,  0.00,  0.00,  0.00,  0.0,  0.0,  0.0
1036772.94397480, 44840.049746,    0.0,    2.0, -2.0,  0.00,  0.00,  0.00,  0.0,  0.0,  0.0
1036772.94647480, 44841.899013,    0.0,    2.0, -2.0,  0.00,  0.00,  0.00,  0.0,  0.0,  0.0
1036772.94897480, 44842.654362,    0.0,    2.0, -2.0,  0.00,  0.00,  0.00,  0.0,  0.0,  0.0
1036772.95147480, 44843.409711,    0.0,    2.0, -2.0,  0.00,  0.00,  0.00,  0.0,  0.0,  0.0
1036772.95397480, 44843.579644,    0.0,    2.0, -2.0,  0.00,  0.00,  0.00,  0.0,  0.0,  0.0
1036772.95647480, 44842.530042,    0.0,    2.0, -2.0,  0.00,  0.00,  0.00,  0.0,  0.0,  0.0
1036772.95897480, 44841.877874,    0.0,    2.0, -2.0,  0.00,  0.00,  0.00,  0.0,  0.0,  0.0
1036772.96147480, 44841.877874,    0.0,    2.0, -2.0,  0.00,  0.00,  0.00,  0.0,  0.0,  0.0
1036772.96397480, 44841.882217,    0.0,    2.0, -2.0,  0.00,  0.00,  0.00,  0.0,  0.0,  0.0
1036772.96647480, 44841.938208,    0.0,    2.0, -2.0,  0.00,  0.00,  0.00,  0.0,  0.0,  0.0
1036772.96897480, 44841.994200,    0.0,    2.0, -2.0,  0.00,  0.00,  0.00,  0.0,  0.0,  0.0
1036772.97147480, 44842.050191,    0.0,    2.0, -2.0,  0.00,  0.00,  0.00,  0.0,  0.0,  0.0
1036772.97397480, 44843.435427,    0.0,    2.0, -2.0,  0.00,  0.00,  0.00,  0.0,  0.0,  0.0
1036772.97647480, 44843.665383,    0.0,    2.0, -2.0,  0.00,  0.00,  0.00,  0.0,  0.0,  0.0
1036772.97897480, 44842.397794,    0.0,    2.0, -2.0,  0.00,  0.00,  0.00,  0.0,  0.0,  0.0
1036772.98147480, 44841.143351,    0.0,    2.0, -2.0,  0.00,  0.00,  0.00,  0.0,  0.0,  0.0
1036772.98397480, 44840.614548,    0.0,    2.0, -2.0,  0.00,  0.00,  0.00,  0.0,  0.0,  0.0
1036772.98647480, 44842.465600,    0.0,    2.0, -2.0,  0.00,  0.00,  0.00,  0.0,  0.0,  0.0
1036772.98897480, 44844.379478,    0.0,    2.0, -2.0,  0.00,  0.00,  0.00,  0.0,  0.0,  0.0
1036772.99147480, 44844.945433,    0.0,    2.0, -2.0,  0.00,  0.00,  0.00,  0.0,  0.0,  0.0
1036772.99397480, 44844.914064,    0.0,    2.0, -2.0,  0.00,  0.00,  0.00,  0.0,  0.0,  0.0
1036772.99647480, 44842.525705,    0.0,    2.0, -2.0,  0.00,  0.00,  0.00,  0.0,  0.0,  0.0
1036772.99897480, 44840.394571,    0.0,    2.0, -2.0,  0.00,  0.00,  0.00,  0.0,  0.0,  0.0
1036773.00147480, 44839.975784,    0.0,    2.0, -2.0,  0.00,  0.00,  0.00,  0.0,  0.0,  0.0
1036773.00397480, 44840.167345,    0.0,    2.0, -2.0,  0.00,  0.00,  0.00,  0.0,  0.0,  0.0
1036773.00647480, 44842.155771,    0.0,    2.0, -2.0,  0.00,  0.00,  0.00,  0.0,  0.0,  0.0
1036773.00897480, 44844.382534,    0.0,    2.0, -2.0,  0.00,  0.00,  0.00,  0.0,  0.0,  0.0
1036773.01147480, 44844.870791,    0.0,    2.0, -2.0,  0.00,  0.00,  0.00,  0.0,  0.0,  0.0
1036773.01397480, 44844.775084,    0.0,    2.0, -2.0,  0.00,  0.00,  0.00,  0.0,  0.0,  0.0
1036773.01647480, 44842.782376,    0.0,    2.0, -2.0,  0.00,  0.00,  0.00,  0.0,  0.0,  0.0
1036773.01897480, 44840.610466,    0.0,    2.0, -2.0,  0.00,  0.00,  0.00,  0.0,  0.0,  0.0
1036773.02147480, 44839.986253,    0.0,    2.0, -2.0,  0.00,  0.00,  0.00,  0.0,  0.0,  0.0
1036773.02397480, 44840.175302,    0.0,    2.0, -2.0,  0.00,  0.00,  0.00,  0.0,  0.0,  0.0
1036773.02647480, 44841.861327,    0.0,    2.0, -2.0,  0.00,  0.00,  0.00,  0.0,  0.0,  0.0
1036773.02897480, 44844.166740,    0.0,    2.0, -2.0,  0.00,  0.00,  0.00,  0.0,  0.0,  0.0
1036773.03147480, 44844.518891,    0.0,    2.0, -2.0,  0.00,  0.00,  0.00,  0.0,  0.0,  0.0
1036773.03397480, 44844.871041,    0.0,    2.0, -2.0,  0.00,  0.00,  0.00,  0.0,  0.0,  0.0
1036773.03647480, 44844.050126,    0.0,    2.0, -2.0,  0.00,  0.00,  0.00,  0.0,  0.0,  0.0
1036773.03897480, 44842.462041,    0.0,    2.0, -2.0,  0.00,  0.00,  0.00,  0.0,  0.0,  0.0
1036773.04147480, 44840.873955,    0.0,    2.0, -2.0,  0.00,  0.00,  0.00,  0.0,  0.0,  0.0
1036773.04397480, 44840.548371,    0.0,    2.0, -2.0,  0.00,  0.00,  0.00,  0.0,  0.0,  0.0
1036773.04647480, 44841.333506,    0.0,    2.0, -2.0,  0.00,  0.00,  0.00,  0.0,  0.0,  0.0
1036773.04897480, 44842.699072,    0.0,    2.0, -2.0,  0.00,  0.00,  0.00,  0.0,  0.0,  0.0
1036773.05147480, 44844.992336,    0.0,    2.0, -2.0,  0.00,  0.00,  0.00,  0.0,  0.0,  0.0
1036773.05397480, 44844.277157,    0.0,    2.0, -2.0,  0.00,  0.00,  0.00,  0.0,  0.0,  0.0
1036773.05647480, 44842.147661,    0.0,    2.0, -2.0,  0.00,  0.00,  0.00,  0.0,  0.0,  0.0
1036773.05897480, 44841.589223,    0.0,    2.0, -2.0,  0.00,  0.00,  0.00,  0.0,  0.0,  0.0
1036773.06147480, 44840.033772,    0.0,    2.0, -2.0,  0.00,  0.00,  0.00,  0.0,  0.0,  0.0
1036773.06397480, 44840.965183,    0.0,    2.0, -2.0,  0.00,  0.00,  0.00,  0.0,  0.0,  0.0
1036773.06647480, 44843.145288,    0.0,    2.0, -2.0,  0.00,  0.00,  0.00,  0.0,  0.0,  0.0
1036773.06897480, 44843.802220,    0.0,    2.0, -2.0,  0.00,  0.00,  0.00,  0.0,  0.0,  0.0
1036773.07147480, 44845.229396,    0.0,    2.0, -2.0,  0.00,  0.00,  0.00,  0.0,  0.0,  0.0
1036773.07397480, 44844.436015,    0.0,    2.0, -2.0,  0.00,  0.00,  0.00,  0.0,  0.0,  0.0
1036773.07647480, 44842.295185,    0.0,    2.0, -2.0,  0.00,  0.00,  0.00,  0.0,  0.0,  0.0
1036773.07897480, 44841.674749,    0.0,    2.0, -2.0,  0.00,  0.00,  0.00,  0.0,  0.0,  0.0
1036773.08147480, 44840.899844,    0.0,    2.0, -2.0,  0.00,  0.00,  0.00,  0.0,  0.0,  0.0
1036773.08397480, 44840.692492,    0.0,    2.0, -2.0,  0.00,  0.00,  0.00,  0.0,  0.0,  0.0
1036773.08647480, 44841.612557,    0.0,    2.0, -2.0,  0.00,  0.00,  0.00,  0.0,  0.0,  0.0
1036773.08897480, 44843.329648,    0.0,    2.0, -2.0,  0.00,  0.00,  0.00,  0.0,  0.0,  0.0
1036773.09147480, 44844.909493,    0.0,    2.0, -2.0,  0.00,  0.00,  0.00,  0.0,  0.0,  0.0
1036773.09397480, 44844.081179,    0.0,    2.0, -2.0,  0.00,  0.00,  0.00,  0.0,  0.0,  0.0
1036773.09647480, 44842.548084,    0.0,    2.0, -2.0,  0.00,  0.00,  0.00,  0.0,  0.0,  0.0
1036773.09897480, 44841.319056,    0.0,    2.0, -2.0,  0.00,  0.00,  0.00,  0.0,  0.0,  0.0
1036773.10147480, 44841.007523,    0.0,    2.0, -2.0,  0.00,  0.00,  0.00,  0.0,  0.0,  0.0
1036773.10397480, 44840.710001,    0.0,    2.0, -2.0,  0.00,  0.00,  0.00,  0.0,  0.0,  0.0
1036773.10647480, 44840.940839,    0.0,    2.0, -2.0,  0.00,  0.00,  0.00,  0.0,  0.0,  0.0
1036773.10897480, 44841.971524,    0.0,    2.0, -2.0,  0.00,  0.00,  0.00,  0.0,  0.0,  0.0
1036773.11147480, 44843.002210,    0.0,    2.0, -2.0,  0.00,  0.00,  0.00,  0.0,  0.0,  0.0
1036773.11397480, 44844.391436,    0.0,    2.0, -2.0,  0.00,  0.00,  0.00,  0.0,  0.0,  0.0
1036773.11647480, 44842.906609,    0.0,    2.0, -2.0,  0.00,  0.00,  0.00,  0.0,  0.0,  0.0
1036773.11897480, 44841.046935,    0.0,    2.0, -2.0,  0.00,  0.00,  0.00,  0.0,  0.0,  0.0
1036773.12147480, 44840.005655,    0.0,    2.0, -2.0,  0.00,  0.00,  0.00,  0.0,  0.0,  0.0
1036773.12397480, 44840.885706,    0.0,    2.0, -2.0,  0.00,  0.00,  0.00,  0.0,  0.0,  0.0
1036773.12647480, 44842.623144,    0.0,    2.0, -2.0,  0.00,  0.00,  0.00,  0.0,  0.0,  0.0
1036773.12897480, 44844.353594,    0.0,    2.0, -2.0,  0.00,  0.00,  0.00,  0.0,  0.0,  0.0
1036773.13147480, 44844.751052,    0.0,    2.0, -2.0,  0.00,  0.00,  0.00,  0.0,  0.0,  0.0
1036773.13397480, 44844.613445,    0.0,    2.0, -2.0,  0.00,  0.00,  0.00,  0.0,  0.0,  0.0
1036773.13647480, 44842.576226,    0.0,    2.0, -2.0,  0.00,  0.00,  0.00,  0.0,  0.0,  0.0
1036773.13897480, 44841.090439,    0.0,    2.0, -2.0,  0.00,  0.00,  0.00,  0.0,  0.0,  0.0
1036773.14147480, 44839.983086,    0.0,    2.0, -2.0,  0.00,  0.00,  0.00,  0.0,  0.0,  0.0
1036773.14397480, 44841.108470,    0.0,    2.0, -2.0,  0.00,  0.00,  0.00,  0.0,  0.0,  0.0
1036773.14647480, 44842.278079,    0.0,    2.0, -2.0,  0.00,  0.00,  0.00,  0.0,  0.0,  0.0
1036773.14897480, 44842.961407,    0.0,    2.0, -2.0,  0.00,  0.00,  0.00,  0.0,  0.0,  0.0
1036773.15147480, 44843.644736,    0.0,    2.0, -2.0,  0.00,  0.00,  0.00,  0.0,  0.0,  0.0
1036773.15397480, 44844.640979,    0.0,    2.0, -2.0,  0.00,  0.00,  0.00,  0.0,  0.0,  0.0
1036773.15647480, 44843.064570,    0.0,    2.0, -2.0,  0.00,  0.00,  0.00,  0.0,  0.0,  0.0
1036773.15897480, 44842.104790,    0.0,    2.0, -2.0,  0.00,  0.00,  0.00,  0.0,  0.0,  0.0
1036773.16147480, 44841.145010,    0.0,    2.0, -2.0,  0.00,  0.00,  0.00,  0.0,  0.0,  0.0
1036773.16397480, 44840.611843,    0.0,    2.0, -2.0,  0.00,  0.00,  0.00,  0.0,  0.0,  0.0
1036773.16647480, 44840.196657,    0.0,    2.0, -2.0,  0.00,  0.00,  0.00,  0.0,  0.0,  0.0
1036773.16897480, 44839.898347,    0.0,    2.0, -2.0,  0.00,  0.00,  0.00,  0.0,  0.0,  0.0
1036773.17147480, 44841.650766,    0.0,    2.0, -2.0,  0.00,  0.00,  0.00,  0.0,  0.0,  0.0
1036773.17397480, 44843.403185,    0.0,    2.0, -2.0,  0.00,  0.00,  0.00,  0.0,  0.0,  0.0
1036773.17647480, 44844.316170,    0.0,    2.0, -2.0,  0.00,  0.00,  0.00,  0.0,  0.0,  0.0
1036773.17897480, 44842.090972,    0.0,    2.0, -2.0,  0.00,  0.00,  0.00,  0.0,  0.0,  0.0
1036773.18147480, 44840.472841,    0.0,    2.0, -2.0,  0.00,  0.00,  0.00,  0.0,  0.0,  0.0
1036773.18397480, 44841.177573,    0.0,    2.0, -2.0,  0.00,  0.00,  0.00,  0.0,  0.0,  0.0
1036773.18647480, 44841.952710,    0.0,    2.0, -2.0,  0.00,  0.00,  0.00,  0.0,  0.0,  0.0
1036773.18897480, 44843.589549,    0.0,    2.0, -2.0,  0.00,  0.00,  0.00,  0.0,  0.0,  0.0
1036773.19147480, 44844.646158,    0.0,    2.0, -2.0,  0.00,  0.00,  0.00,  0.0,  0.0,  0.0
1036773.19397480, 44844.254565,    0.0,    2.0, -2.0,  0.00,  0.00,  0.00,  0.0,  0.0,  0.0
1036773.19647480, 44842.371552,    0.0,    2.0, -2.0,  0.00,  0.00,  0.00,  0.0,  0.0,  0.0
1036773.19897480, 44840.876017,    0.0,    2.0, -2.0,  0.00,  0.00,  0.00,  0.0,  0.0,  0.0
1036773.20147480, 44839.800964,    0.0,    2.0, -2.0,  0.00,  0.00,  0.00,  0.0,  0.0,  0.0
1036773.20397480, 44840.746418,    0.0,    2.0, -2.0,  0.00,  0.00,  0.00,  0.0,  0.0,  0.0
1036773.20647480, 44841.418170,    0.0,    2.0, -2.0,  0.00,  0.00,  0.00,  0.0,  0.0,  0.0
1036773.20897480, 44843.458222,    0.0,    2.0, -2.0,  0.00,  0.00,  0.00,  0.0,  0.0,  0.0
1036773.21147480, 44844.711149,    0.0,    2.0, -2.0,  0.00,  0.00,  0.00,  0.0,  0.0,  0.0
1036773.21397480, 44844.587038,    0.0,    2.0, -2.0,  0.00,  0.00,  0.00,  0.0,  0.0,  0.0
1036773.21647480, 44844.462926,    0.0,    2.0, -2.0,  0.00,  0.00,  0.00,  0.0,  0.0,  0.0
1036773.21897480, 44841.732179,    0.0,    2.0, -2.0,  0.00,  0.00,  0.00,  0.0,  0.0,  0.0
1036773.22147480, 44840.609211,    0.0,    2.0, -2.0,  0.00,  0.00,  0.00,  0.0,  0.0,  0.0
1036773.22397480, 44840.249065,    0.0,    2.0, -2.0,  0.00,  0.00,  0.00,  0.0,  0.0,  0.0
1036773.22647480, 44840.180703,    0.0,    2.0, -2.0,  0.00,  0.00,  0.00,  0.0,  0.0,  0.0
1036773.22897480, 44841.447007,    0.0,    2.0, -2.0,  0.00,  0.00,  0.00,  0.0,  0.0,  0.0
1036773.23147480, 44842.713310,    0.0,    2.0, -2.0,  0.00,  0.00,  0.00,  0.0,  0.0,  0.0
1036773.23397480, 44843.037648,    0.0,    2.0, -2.0,  0.00,  0.00,  0.00,  0.0,  0.0,  0.0
1036773.23647480, 44842.818666,    0.0,    2.0, -2.0,  0.00,  0.00,  0.00,  0.0,  0.0,  0.0
1036773.23897480, 44842.818666,    0.0,    2.0, -2.0,  0.00,  0.00,  0.00,  0.0,  0.0,  0.0
1036773.24147480, 44841.236429,    0.0,    2.0, -2.0,  0.00,  0.00,  0.00,  0.0,  0.0,  0.0
1036773.24397480, 44841.221283,    0.0,    2.0, -2.0,  0.00,  0.00,  0.00,  0.0,  0.0,  0.0
1036773.24647480, 44841.909947,    0.0,    2.0, -2.0,  0.00,  0.00,  0.00,  0.0,  0.0,  0.0
1036773.24897480, 44843.779696,    0.0,    2.0, -2.0,  0.00,  0.00,  0.00,  0.0,  0.0,  0.0
1036773.25147480, 44844.903373,    0.0,    2.0, -2.0,  0.00,  0.00,  0.00,  0.0,  0.0,  0.0
1036773.25397480, 44844.650526,    0.0,    2.0, -2.0,  0.00,  0.00,  0.00,  0.0,  0.0,  0.0
1036773.25647480, 44843.408032,    0.0,    2.0, -2.0,  0.00,  0.00,  0.00,  0.0,  0.0,  0.0
1036773.25897480, 44841.078954,    0.0,    2.0, -2.0,  0.00,  0.00,  0.00,  0.0,  0.0,  0.0
1036773.26147480, 44840.164848,    0.0,    2.0, -2.0,  0.00,  0.00,  0.00,  0.0,  0.0,  0.0
1036773.26397480, 44840.976670,    0.0,    2.0, -2.0,  0.00,  0.00,  0.00,  0.0,  0.0,  0.0
1036773.26647480, 44841.569287,    0.0,    2.0, -2.0,  0.00,  0.00,  0.00,  0.0,  0.0,  0.0
1036773.26897480, 44842.524492,    0.0,    2.0, -2.0,  0.00,  0.00,  0.00,  0.0,  0.0,  0.0
1036773.27147480, 44844.790138,    0.0,    2.0, -2.0,  0.00,  0.00,  0.00,  0.0,  0.0,  0.0
1036773.27397480, 44844.809073,    0.0,    2.0, -2.0,  0.00,  0.00,  0.00,  0.0,  0.0,  0.0
1036773.27647480, 44844.828007,    0.0,    2.0, -2.0,  0.00,  0.00,  0.00,  0.0,  0.0,  0.0
1036773.27897480, 44844.213176,    0.0,    2.0, -2.0,  0.00,  0.00,  0.00,  0.0,  0.0,  0.0
1036773.28147480, 44842.676323,    0.0,    2.0, -2.0,  0.00,  0.00,  0.00,  0.0,  0.0,  0.0
1036773.28397480, 44841.139470,    0.0,    2.0, -2.0,  0.00,  0.00,  0.00,  0.0,  0.0,  0.0
1036773.28647480, 44840.970380,    0.0,    2.0, -2.0,  0.00,  0.00,  0.00,  0.0,  0.0,  0.0
1036773.28897480, 44841.383687,    0.0,    2.0, -2.0,  0.00,  0.00,  0.00,  0.0,  0.0,  0.0
1036773.29147480, 44842.332202,    0.0,    2.0, -2.0,  0.00,  0.00,  0.00,  0.0,  0.0,  0.0
1036773.29397480, 44844.409510,    0.0,    2.0, -2.0,  0.00,  0.00,  0.00,  0.0,  0.0,  0.0
1036773.29647480, 44843.361863,    0.0,    2.0, -2.0,  0.00,  0.00,  0.00,  0.0,  0.0,  0.0
1036773.30147480, 44840.074480,    0.0,    2.0, -2.0,  0.00,  0.00,  0.00,  0.0,  0.0,  0.0
1036773.30397480, 44840.740015,    0.0,    2.0, -2.0,  0.00,  0.00,  0.00,  0.0,  0.0,  0.0
1036773.30647480, 44842.835954,    0.0,    2.0, -2.0,  0.00,  0.00,  0.00,  0.0,  0.0,  0.0
1036773.30897480, 44844.654722,    0.0,    2.0, -2.0,  0.00,  0.00,  0.00,  0.0,  0.0,  0.0
1036773.31147480, 44845.138571,    0.0,    2.0, -2.0,  0.00,  0.00,  0.00,  0.0,  0.0,  0.0
1036773.31397480, 44844.555244,    0.0,    2.0, -2.0,  0.00,  0.00,  0.00,  0.0,  0.0,  0.0
1036773.31647480, 44842.326366,    0.0,    2.0, -2.0,  0.00,  0.00,  0.00,  0.0,  0.0,  0.0
1036773.31897480, 44840.535348,    0.0,    2.0, -2.0,  0.00,  0.00,  0.00,  0.0,  0.0,  0.0
1036773.32147480, 44840.178036,    0.0,    2.0, -2.0,  0.00,  0.00,  0.00,  0.0,  0.0,  0.0
1036773.32397480, 44840.797763,    0.0,    2.0, -2.0,  0.00,  0.00,  0.00,  0.0,  0.0,  0.0
1036773.32647480, 44842.611387,    0.0,    2.0, -2.0,  0.00,  0.00,  0.00,  0.0,  0.0,  0.0
1036773.32897480, 44843.987280,    0.0,    2.0, -2.0,  0.00,  0.00,  0.00,  0.0,  0.0,  0.0
1036773.33147480, 44844.559671,    0.0,    2.0, -2.0,  0.00,  0.00,  0.00,  0.0,  0.0,  0.0
1036773.33397480, 44844.249358,    0.0,    2.0, -2.0,  0.00,  0.00,  0.00,  0.0,  0.0,  0.0
1036773.33647480, 44842.635470,    0.0,    2.0, -2.0,  0.00,  0.00,  0.00,  0.0,  0.0,  0.0
1036773.33897480, 44841.526770,    0.0,    2.0, -2.0,  0.00,  0.00,  0.00,  0.0,  0.0,  0.0
1036773.34147480, 44840.396296,    0.0,    2.0, -2.0,  0.00,  0.00,  0.00,  0.0,  0.0,  0.0
1036773.34397480, 44841.170097,    0.0,    2.0, -2.0,  0.00,  0.00,  0.00,  0.0,  0.0,  0.0
1036773.34647480, 44841.781657,    0.0,    2.0, -2.0,  0.00,  0.00,  0.00,  0.0,  0.0,  0.0
1036773.34897480, 44841.781657,    0.0,    2.0, -2.0,  0.00,  0.00,  0.00,  0.0,  0.0,  0.0
1036773.35147480, 44843.340662,    0.0,    2.0, -2.0,  0.00,  0.00,  0.00,  0.0,  0.0,  0.0
1036773.35397480, 44844.377906,    0.0,    2.0, -2.0,  0.00,  0.00,  0.00,  0.0,  0.0,  0.0
1036773.35647480, 44843.051550,    0.0,    2.0, -2.0,  0.00,  0.00,  0.00,  0.0,  0.0,  0.0
1036773.35897480, 44841.303507,    0.0,    2.0, -2.0,  0.00,  0.00,  0.00,  0.0,  0.0,  0.0
1036773.36147480, 44840.380745,    0.0,    2.0, -2.0,  0.00,  0.00,  0.00,  0.0,  0.0,  0.0
1036773.36397480, 44840.485816,    0.0,    2.0, -2.0,  0.00,  0.00,  0.00,  0.0,  0.0,  0.0
1036773.36647480, 44841.620551,    0.0,    2.0, -2.0,  0.00,  0.00,  0.00,  0.0,  0.0,  0.0
1036773.36897480, 44844.035484,    0.0,    2.0, -2.0,  0.00,  0.00,  0.00,  0.0,  0.0,  0.0
1036773.37147480, 44845.235718,    0.0,    2.0, -2.0,  0.00,  0.00,  0.00,  0.0,  0.0,  0.0
1036773.37397480, 44844.399356,    0.0,    2.0, -2.0,  0.00,  0.00,  0.00,  0.0,  0.0,  0.0
1036773.37647480, 44842.326471,    0.0,    2.0, -2.0,  0.00,  0.00,  0.00,  0.0,  0.0,  0.0
1036773.37897480, 44840.771819,    0.0,    2.0, -2.0,  0.00,  0.00,  0.00,  0.0,  0.0,  0.0
1036773.38147480, 44840.341543,    0.0,    2.0, -2.0,  0.00,  0.00,  0.00,  0.0,  0.0,  0.0
1036773.38397480, 44841.115665,    0.0,    2.0, -2.0,  0.00,  0.00,  0.00,  0.0,  0.0,  0.0
1036773.38647480, 44842.577766,    0.0,    2.0, -2.0,  0.00,  0.00,  0.00,  0.0,  0.0,  0.0
1036773.38897480, 44843.791213,    0.0,    2.0, -2.0,  0.00,  0.00,  0.00,  0.0,  0.0,  0.0
1036773.39147480, 44844.353412,    0.0,    2.0, -2.0,  0.00,  0.00,  0.00,  0.0,  0.0,  0.0
1036773.39397480, 44844.790613,    0.0,    2.0, -2.0,  0.00,  0.00,  0.00,  0.0,  0.0,  0.0
1036773.39647480, 44843.262525,    0.0,    2.0, -2.0,  0.00,  0.00,  0.00,  0.0,  0.0,  0.0
1036773.39897480, 44841.903883,    0.0,    2.0, -2.0,  0.00,  0.00,  0.00,  0.0,  0.0,  0.0
1036773.40147480, 44840.790171,    0.0,    2.0, -2.0,  0.00,  0.00,  0.00,  0.0,  0.0,  0.0
1036773.40397480, 44840.155890,    0.0,    2.0, -2.0,  0.00,  0.00,  0.00,  0.0,  0.0,  0.0
1036773.40647480, 44841.349316,    0.0,    2.0, -2.0,  0.00,  0.00,  0.00,  0.0,  0.0,  0.0
1036773.40897480, 44842.499970,    0.0,    2.0, -2.0,  0.00,  0.00,  0.00,  0.0,  0.0,  0.0
1036773.41147480, 44843.602190,    0.0,    2.0, -2.0,  0.00,  0.00,  0.00,  0.0,  0.0,  0.0
1036773.41397480, 44843.975593,    0.0,    2.0, -2.0,  0.00,  0.00,  0.00,  0.0,  0.0,  0.0
1036773.41647480, 44844.208019,    0.0,    2.0, -2.0,  0.00,  0.00,  0.00,  0.0,  0.0,  0.0
1036773.41897480, 44843.921538,    0.0,    2.0, -2.0,  0.00,  0.00,  0.00,  0.0,  0.0,  0.0
1036773.42147480, 44839.973260,    0.0,    2.0, -2.0,  0.00,  0.00,  0.00,  0.0,  0.0,  0.0
1036773.42397480, 44840.607248,    0.0,    2.0, -2.0,  0.00,  0.00,  0.00,  0.0,  0.0,  0.0
1036773.42647480, 44842.142823,    0.0,    2.0, -2.0,  0.00,  0.00,  0.00,  0.0,  0.0,  0.0
1036773.42897480, 44844.175782,    0.0,    2.0, -2.0,  0.00,  0.00,  0.00,  0.0,  0.0,  0.0
1036773.43147480, 44845.169856,    0.0,    2.0, -2.0,  0.00,  0.00,  0.00,  0.0,  0.0,  0.0
1036773.43397480, 44844.415721,    0.0,    2.0, -2.0,  0.00,  0.00,  0.00,  0.0,  0.0,  0.0
1036773.43647480, 44843.164240,    0.0,    2.0, -2.0,  0.00,  0.00,  0.00,  0.0,  0.0,  0.0
1036773.43897480, 44841.262315,    0.0,    2.0, -2.0,  0.00,  0.00,  0.00,  0.0,  0.0,  0.0
1036773.44147480, 44840.175993,    0.0,    2.0, -2.0,  0.00,  0.00,  0.00,  0.0,  0.0,  0.0
1036773.44397480, 44840.667641,    0.0,    2.0, -2.0,  0.00,  0.00,  0.00,  0.0,  0.0,  0.0
1036773.44647480, 44841.885728,    0.0,    2.0, -2.0,  0.00,  0.00,  0.00,  0.0,  0.0,  0.0
1036773.44897480, 44843.695253,    0.0,    2.0, -2.0,  0.00,  0.00,  0.00,  0.0,  0.0,  0.0
1036773.45147480, 44844.661014,    0.0,    2.0, -2.0,  0.00,  0.00,  0.00,  0.0,  0.0,  0.0
1036773.45397480, 44844.486533,    0.0,    2.0, -2.0,  0.00,  0.00,  0.00,  0.0,  0.0,  0.0
1036773.45647480, 44842.793644,    0.0,    2.0, -2.0,  0.00,  0.00,  0.00,  0.0,  0.0,  0.0
1036773.45897480, 44841.262142,    0.0,    2.0, -2.0,  0.00,  0.00,  0.00,  0.0,  0.0,  0.0
1036773.46147480, 44840.623563,    0.0,    2.0, -2.0,  0.00,  0.00,  0.00,  0.0,  0.0,  0.0
1036773.46397480, 44840.589950,    0.0,    2.0, -2.0,  0.00,  0.00,  0.00,  0.0,  0.0,  0.0
1036773.46647480, 44840.556338,    0.0,    2.0, -2.0,  0.00,  0.00,  0.00,  0.0,  0.0,  0.0
1036773.46897480, 44840.892637,    0.0,    2.0, -2.0,  0.00,  0.00,  0.00,  0.0,  0.0,  0.0
1036773.47147480, 44842.392655,    0.0,    2.0, -2.0,  0.00,  0.00,  0.00,  0.0,  0.0,  0.0
1036773.47397480, 44843.892674,    0.0,    2.0, -2.0,  0.00,  0.00,  0.00,  0.0,  0.0,  0.0
1036773.47647480, 44844.151511,    0.0,    2.0, -2.0,  0.00,  0.00,  0.00,  0.0,  0.0,  0.0
1036773.47897480, 44842.528902,    0.0,    2.0, -2.0,  0.00,  0.00,  0.00,  0.0,  0.0,  0.0
1036773.48147480, 44841.081295,    0.0,    2.0, -2.0,  0.00,  0.00,  0.00,  0.0,  0.0,  0.0
1036773.48397480, 44840.839000,    0.0,    2.0, -2.0,  0.00,  0.00,  0.00,  0.0,  0.0,  0.0
1036773.48647480, 44841.538913,    0.0,    2.0, -2.0,  0.00,  0.00,  0.00,  0.0,  0.0,  0.0
1036773.48897480, 44842.996724,    0.0,    2.0, -2.0,  0.00,  0.00,  0.00,  0.0,  0.0,  0.0
1036773.49147480, 44844.473777,    0.0,    2.0, -2.0,  0.00,  0.00,  0.00,  0.0,  0.0,  0.0
1036773.49397480, 44843.931759,    0.0,    2.0, -2.0,  0.00,  0.00,  0.00,  0.0,  0.0,  0.0
1036773.49647480, 44841.892243,    0.0,    2.0, -2.0,  0.00,  0.00,  0.00,  0.0,  0.0,  0.0
1036773.49897480, 44841.182972,    0.0,    2.0, -2.0,  0.00,  0.00,  0.00,  0.0,  0.0,  0.0
1036773.50147480, 44839.871444,    0.0,    2.0, -2.0,  0.00,  0.00,  0.00,  0.0,  0.0,  0.0
1036773.50397480, 44840.655472,    0.0,    2.0, -2.0,  0.00,  0.00,  0.00,  0.0,  0.0,  0.0
1036773.50647480, 44842.389631,    0.0,    2.0, -2.0,  0.00,  0.00,  0.00,  0.0,  0.0,  0.0
1036773.50897480, 44842.968337,    0.0,    2.0, -2.0,  0.00,  0.00,  0.00,  0.0,  0.0,  0.0
1036773.51147480, 44844.318682,    0.0,    2.0, -2.0,  0.00,  0.00,  0.00,  0.0,  0.0,  0.0
1036773.51397480, 44843.975732,    0.0,    2.0, -2.0,  0.00,  0.00,  0.00,  0.0,  0.0,  0.0
1036773.51647480, 44842.057595,    0.0,    2.0, -2.0,  0.00,  0.00,  0.00,  0.0,  0.0,  0.0
1036773.51897480, 44841.225735,    0.0,    2.0, -2.0,  0.00,  0.00,  0.00,  0.0,  0.0,  0.0
1036773.52147480, 44841.225735,    0.0,    2.0, -2.0,  0.00,  0.00,  0.00,  0.0,  0.0,  0.0
1036773.52397480, 44840.295000,    0.0,    2.0, -2.0,  0.00,  0.00,  0.00,  0.0,  0.0,  0.0
1036773.52647480, 44841.616861,    0.0,    2.0, -2.0,  0.00,  0.00,  0.00,  0.0,  0.0,  0.0
1036773.52897480, 44842.674687,    0.0,    2.0, -2.0,  0.00,  0.00,  0.00,  0.0,  0.0,  0.0
1036773.53147480, 44843.718064,    0.0,    2.0, -2.0,  0.00,  0.00,  0.00,  0.0,  0.0,  0.0
1036773.53397480, 44844.156624,    0.0,    2.0, -2.0,  0.00,  0.00,  0.00,  0.0,  0.0,  0.0
1036773.53647480, 44844.459602,    0.0,    2.0, -2.0,  0.00,  0.00,  0.00,  0.0,  0.0,  0.0
1036773.53897480, 44844.104230,    0.0,    2.0, -2.0,  0.00,  0.00,  0.00,  0.0,  0.0,  0.0
1036773.54147480, 44839.981204,    0.0,    2.0, -2.0,  0.00,  0.00,  0.00,  0.0,  0.0,  0.0
1036773.54397480, 44840.162503,    0.0,    2.0, -2.0,  0.00,  0.00,  0.00,  0.0,  0.0,  0.0
1036773.54647480, 44840.343803,    0.0,    2.0, -2.0,  0.00,  0.00,  0.00,  0.0,  0.0,  0.0
1036773.54897480, 44842.882394,    0.0,    2.0, -2.0,  0.00,  0.00,  0.00,  0.0,  0.0,  0.0
1036773.55147480, 44844.721549,    0.0,    2.0, -2.0,  0.00,  0.00,  0.00,  0.0,  0.0,  0.0
1036773.55397480, 44844.597076,    0.0,    2.0, -2.0,  0.00,  0.00,  0.00,  0.0,  0.0,  0.0
1036773.55647480, 44842.768533,    0.0,    2.0, -2.0,  0.00,  0.00,  0.00,  0.0,  0.0,  0.0
1036773.55897480, 44840.848555,    0.0,    2.0, -2.0,  0.00,  0.00,  0.00,  0.0,  0.0,  0.0
1036773.56147480, 44840.482721,    0.0,    2.0, -2.0,  0.00,  0.00,  0.00,  0.0,  0.0,  0.0
1036773.56397480, 44840.573596,    0.0,    2.0, -2.0,  0.00,  0.00,  0.00,  0.0,  0.0,  0.0
1036773.56647480, 44842.156794,    0.0,    2.0, -2.0,  0.00,  0.00,  0.00,  0.0,  0.0,  0.0
1036773.56897480, 44844.168497,    0.0,    2.0, -2.0,  0.00,  0.00,  0.00,  0.0,  0.0,  0.0
1036773.57147480, 44844.931248,    0.0,    2.0, -2.0,  0.00,  0.00,  0.00,  0.0,  0.0,  0.0
1036773.57397480, 44844.892683,    0.0,    2.0, -2.0,  0.00,  0.00,  0.00,  0.0,  0.0,  0.0
1036773.57647480, 44843.211721,    0.0,    2.0, -2.0,  0.00,  0.00,  0.00,  0.0,  0.0,  0.0
1036773.57897480, 44840.936199,    0.0,    2.0, -2.0,  0.00,  0.00,  0.00,  0.0,  0.0,  0.0
1036773.58147480, 44840.051540,    0.0,    2.0, -2.0,  0.00,  0.00,  0.00,  0.0,  0.0,  0.0
1036773.58397480, 44840.017674,    0.0,    2.0, -2.0,  0.00,  0.00,  0.00,  0.0,  0.0,  0.0
1036773.58647480, 44840.017674,    0.0,    2.0, -2.0,  0.00,  0.00,  0.00,  0.0,  0.0,  0.0
1036773.58897480, 44840.709748,    0.0,    2.0, -2.0,  0.00,  0.00,  0.00,  0.0,  0.0,  0.0
1036773.59147480, 44844.772419,    0.0,    2.0, -2.0,  0.00,  0.00,  0.00,  0.0,  0.0,  0.0
1036773.59397480, 44844.241585,    0.0,    2.0, -2.0,  0.00,  0.00,  0.00,  0.0,  0.0,  0.0
1036773.59647480, 44843.060881,    0.0,    2.0, -2.0,  0.00,  0.00,  0.00,  0.0,  0.0,  0.0
1036773.59897480, 44842.004233,    0.0,    2.0, -2.0,  0.00,  0.00,  0.00,  0.0,  0.0,  0.0
1036773.60147480, 44841.104894,    0.0,    2.0, -2.0,  0.00,  0.00,  0.00,  0.0,  0.0,  0.0
1036773.60397480, 44840.517571,    0.0,    2.0, -2.0,  0.00,  0.00,  0.00,  0.0,  0.0,  0.0
1036773.60647480, 44841.374005,    0.0,    2.0, -2.0,  0.00,  0.00,  0.00,  0.0,  0.0,  0.0
1036773.60897480, 44842.970392,    0.0,    2.0, -2.0,  0.00,  0.00,  0.00,  0.0,  0.0,  0.0
1036773.61147480, 44844.336097,    0.0,    2.0, -2.0,  0.00,  0.00,  0.00,  0.0,  0.0,  0.0
1036773.61397480, 44844.333795,    0.0,    2.0, -2.0,  0.00,  0.00,  0.00,  0.0,  0.0,  0.0
1036773.61647480, 44842.473476,    0.0,    2.0, -2.0,  0.00,  0.00,  0.00,  0.0,  0.0,  0.0
1036773.61897480, 44841.428860,    0.0,    2.0, -2.0,  0.00,  0.00,  0.00,  0.0,  0.0,  0.0
1036773.62147480, 44839.889752,    0.0,    2.0, -2.0,  0.00,  0.00,  0.00,  0.0,  0.0,  0.0
1036773.62397480, 44840.422153,    0.0,    2.0, -2.0,  0.00,  0.00,  0.00,  0.0,  0.0,  0.0
1036773.62647480, 44842.720373,    0.0,    2.0, -2.0,  0.00,  0.00,  0.00,  0.0,  0.0,  0.0
1036773.62897480, 44843.438733,    0.0,    2.0, -2.0,  0.00,  0.00,  0.00,  0.0,  0.0,  0.0
1036773.63147480, 44844.604561,    0.0,    2.0, -2.0,  0.00,  0.00,  0.00,  0.0,  0.0,  0.0
1036773.63647480, 44841.737370,    0.0,    2.0, -2.0,  0.00,  0.00,  0.00,  0.0,  0.0,  0.0
1036773.63897480, 44841.193663,    0.0,    2.0, -2.0,  0.00,  0.00,  0.00,  0.0,  0.0,  0.0
1036773.64147480, 44840.115429,    0.0,    2.0, -2.0,  0.00,  0.00,  0.00,  0.0,  0.0,  0.0
1036773.64397480, 44840.980065,    0.0,    2.0, -2.0,  0.00,  0.00,  0.00,  0.0,  0.0,  0.0
1036773.64647480, 44843.373704,    0.0,    2.0, -2.0,  0.00,  0.00,  0.00,  0.0,  0.0,  0.0
1036773.64897480, 44844.005345,    0.0,    2.0, -2.0,  0.00,  0.00,  0.00,  0.0,  0.0,  0.0
1036773.65147480, 44844.005345,    0.0,    2.0, -2.0,  0.00,  0.00,  0.00,  0.0,  0.0,  0.0
1036773.65397480, 44843.612984,    0.0,    2.0, -2.0,  0.00,  0.00,  0.00,  0.0,  0.0,  0.0
1036773.65647480, 44843.047937,    0.0,    2.0, -2.0,  0.00,  0.00,  0.00,  0.0,  0.0,  0.0
1036773.65897480, 44842.320499,    0.0,    2.0, -2.0,  0.00,  0.00,  0.00,  0.0,  0.0,  0.0
1036773.66147480, 44841.593062,    0.0,    2.0, -2.0,  0.00,  0.00,  0.00,  0.0,  0.0,  0.0
1036773.66397480, 44840.977296,    0.0,    2.0, -2.0,  0.00,  0.00,  0.00,  0.0,  0.0,  0.0
1036773.66647480, 44841.874001,    0.0,    2.0, -2.0,  0.00,  0.00,  0.00,  0.0,  0.0,  0.0
1036773.66897480, 44842.794161,    0.0,    2.0, -2.0,  0.00,  0.00,  0.00,  0.0,  0.0,  0.0
1036773.67147480, 44843.714320,    0.0,    2.0, -2.0,  0.00,  0.00,  0.00,  0.0,  0.0,  0.0
1036773.67397480, 44844.389364,    0.0,    2.0, -2.0,  0.00,  0.00,  0.00,  0.0,  0.0,  0.0
1036773.67647480, 44843.553035,    0.0,    2.0, -2.0,  0.00,  0.00,  0.00,  0.0,  0.0,  0.0
1036773.67897480, 44842.663297,    0.0,    2.0, -2.0,  0.00,  0.00,  0.00,  0.0,  0.0,  0.0
1036773.68147480, 44841.773559,    0.0,    2.0, -2.0,  0.00,  0.00,  0.00,  0.0,  0.0,  0.0
1036773.68397480, 44840.883821,    0.0,    2.0, -2.0,  0.00,  0.00,  0.00,  0.0,  0.0,  0.0
1036773.68647480, 44842.308802,    0.0,    2.0, -2.0,  0.00,  0.00,  0.00,  0.0,  0.0,  0.0
1036773.68897480, 44843.779196,    0.0,    2.0, -2.0,  0.00,  0.00,  0.00,  0.0,  0.0,  0.0
1036773.69147480, 44844.565314,    0.0,    2.0, -2.0,  0.00,  0.00,  0.00,  0.0,  0.0,  0.0
1036773.69397480, 44844.696823,    0.0,    2.0, -2.0,  0.00,  0.00,  0.00,  0.0,  0.0,  0.0
1036773.69647480, 44843.159566,    0.0,    2.0, -2.0,  0.00,  0.00,  0.00,  0.0,  0.0,  0.0
1036773.69897480, 44841.256364,    0.0,    2.0, -2.0,  0.00,  0.00,  0.00,  0.0,  0.0,  0.0
1036773.70147480, 44840.225217,    0.0,    2.0, -2.0,  0.00,  0.00,  0.00,  0.0,  0.0,  0.0
1036773.70397480, 44840.613166,    0.0,    2.0, -2.0,  0.00,  0.00,  0.00,  0.0,  0.0,  0.0
1036773.70647480, 44842.392440,    0.0,    2.0, -2.0,  0.00,  0.00,  0.00,  0.0,  0.0,  0.0
1036773.70897480, 44843.901765,    0.0,    2.0, -2.0,  0.00,  0.00,  0.00,  0.0,  0.0,  0.0
1036773.71147480, 44844.301758,    0.0,    2.0, -2.0,  0.00,  0.00,  0.00,  0.0,  0.0,  0.0
1036773.71397480, 44844.701750,    0.0,    2.0, -2.0,  0.00,  0.00,  0.00,  0.0,  0.0,  0.0
1036773.71647480, 44845.101743,    0.0,    2.0, -2.0,  0.00,  0.00,  0.00,  0.0,  0.0,  0.0
1036773.71897480, 44842.464918,    0.0,    2.0, -2.0,  0.00,  0.00,  0.00,  0.0,  0.0,  0.0
1036773.72147480, 44841.295663,    0.0,    2.0, -2.0,  0.00,  0.00,  0.00,  0.0,  0.0,  0.0
1036773.72397480, 44840.820354,    0.0,    2.0, -2.0,  0.00,  0.00,  0.00,  0.0,  0.0,  0.0
1036773.72647480, 44841.358048,    0.0,    2.0, -2.0,  0.00,  0.00,  0.00,  0.0,  0.0,  0.0
1036773.72897480, 44844.015097,    0.0,    2.0, -2.0,  0.00,  0.00,  0.00,  0.0,  0.0,  0.0
1036773.73147480, 44845.175238,    0.0,    2.0, -2.0,  0.00,  0.00,  0.00,  0.0,  0.0,  0.0
1036773.73397480, 44844.709380,    0.0,    2.0, -2.0,  0.00,  0.00,  0.00,  0.0,  0.0,  0.0
1036773.73647480, 44844.006968,    0.0,    2.0, -2.0,  0.00,  0.00,  0.00,  0.0,  0.0,  0.0
1036773.73897480, 44843.304556,    0.0,    2.0, -2.0,  0.00,  0.00,  0.00,  0.0,  0.0,  0.0
1036773.74147480, 44841.340702,    0.0,    2.0, -2.0,  0.00,  0.00,  0.00,  0.0,  0.0,  0.0
1036773.74397480, 44840.919969,    0.0,    2.0, -2.0,  0.00,  0.00,  0.00,  0.0,  0.0,  0.0
1036773.74647480, 44841.856493,    0.0,    2.0, -2.0,  0.00,  0.00,  0.00,  0.0,  0.0,  0.0
1036773.74897480, 44843.488247,    0.0,    2.0, -2.0,  0.00,  0.00,  0.00,  0.0,  0.0,  0.0
1036773.75147480, 44844.828538,    0.0,    2.0, -2.0,  0.00,  0.00,  0.00,  0.0,  0.0,  0.0
1036773.75397480, 44844.563249,    0.0,    2.0, -2.0,  0.00,  0.00,  0.00,  0.0,  0.0,  0.0
1036773.75647480, 44842.676443,    0.0,    2.0, -2.0,  0.00,  0.00,  0.00,  0.0,  0.0,  0.0
1036773.75897480, 44841.021736,    0.0,    2.0, -2.0,  0.00,  0.00,  0.00,  0.0,  0.0,  0.0
1036773.76147480, 44839.982473,    0.0,    2.0, -2.0,  0.00,  0.00,  0.00,  0.0,  0.0,  0.0
1036773.76397480, 44840.588119,    0.0,    2.0, -2.0,  0.00,  0.00,  0.00,  0.0,  0.0,  0.0
1036773.76647480, 44841.336136,    0.0,    2.0, -2.0,  0.00,  0.00,  0.00,  0.0,  0.0,  0.0
1036773.76897480, 44842.154167,    0.0,    2.0, -2.0,  0.00,  0.00,  0.00,  0.0,  0.0,  0.0
1036773.77147480, 44844.607895,    0.0,    2.0, -2.0,  0.00,  0.00,  0.00,  0.0,  0.0,  0.0
1036773.77397480, 44844.404956,    0.0,    2.0, -2.0,  0.00,  0.00,  0.00,  0.0,  0.0,  0.0
1036773.77647480, 44843.817732,    0.0,    2.0, -2.0,  0.00,  0.00,  0.00,  0.0,  0.0,  0.0
1036773.77897480, 44843.200407,    0.0,    2.0, -2.0,  0.00,  0.00,  0.00,  0.0,  0.0,  0.0
1036773.78147480, 44841.970109,    0.0,    2.0, -2.0,  0.00,  0.00,  0.00,  0.0,  0.0,  0.0
1036773.78397480, 44840.672580,    0.0,    2.0, -2.0,  0.00,  0.00,  0.00,  0.0,  0.0,  0.0
1036773.78647480, 44841.052007,    0.0,    2.0, -2.0,  0.00,  0.00,  0.00,  0.0,  0.0,  0.0
1036773.78897480, 44843.660802,    0.0,    2.0, -2.0,  0.00,  0.00,  0.00,  0.0,  0.0,  0.0
1036773.79147480, 44844.110011,    0.0,    2.0, -2.0,  0.00,  0.00,  0.00,  0.0,  0.0,  0.0
1036773.79397480, 44844.352865,    0.0,    2.0, -2.0,  0.00,  0.00,  0.00,  0.0,  0.0,  0.0
1036773.79647480, 44843.005277,    0.0,    2.0, -2.0,  0.00,  0.00,  0.00,  0.0,  0.0,  0.0
1036773.80147480, 44840.124511,    0.0,    2.0, -2.0,  0.00,  0.00,  0.00,  0.0,  0.0,  0.0
1036773.80397480, 44840.412396,    0.0,    2.0, -2.0,  0.00,  0.00,  0.00,  0.0,  0.0,  0.0
1036773.80647480, 44842.437079,    0.0,    2.0, -2.0,  0.00,  0.00,  0.00,  0.0,  0.0,  0.0
1036773.80897480, 44844.340450,    0.0,    2.0, -2.0,  0.00,  0.00,  0.00,  0.0,  0.0,  0.0
1036773.81147480, 44844.849919,    0.0,    2.0, -2.0,  0.00,  0.00,  0.00,  0.0,  0.0,  0.0
1036773.81397480, 44844.605198,    0.0,    2.0, -2.0,  0.00,  0.00,  0.00,  0.0,  0.0,  0.0
1036773.81647480, 44842.630880,    0.0,    2.0, -2.0,  0.00,  0.00,  0.00,  0.0,  0.0,  0.0
1036773.81897480, 44840.643828,    0.0,    2.0, -2.0,  0.00,  0.00,  0.00,  0.0,  0.0,  0.0
1036773.82147480, 44840.081818,    0.0,    2.0, -2.0,  0.00,  0.00,  0.00,  0.0,  0.0,  0.0
1036773.82397480, 44840.626164,    0.0,    2.0, -2.0,  0.00,  0.00,  0.00,  0.0,  0.0,  0.0
1036773.82647480, 44842.497094,    0.0,    2.0, -2.0,  0.00,  0.00,  0.00,  0.0,  0.0,  0.0
1036773.82897480, 44843.932589,    0.0,    2.0, -2.0,  0.00,  0.00,  0.00,  0.0,  0.0,  0.0
1036773.83147480, 44844.570126,    0.0,    2.0, -2.0,  0.00,  0.00,  0.00,  0.0,  0.0,  0.0
1036773.83397480, 44843.858143,    0.0,    2.0, -2.0,  0.00,  0.00,  0.00,  0.0,  0.0,  0.0
1036773.83647480, 44843.096627,    0.0,    2.0, -2.0,  0.00,  0.00,  0.00,  0.0,  0.0,  0.0
1036773.83897480, 44842.155921,    0.0,    2.0, -2.0,  0.00,  0.00,  0.00,  0.0,  0.0,  0.0
1036773.84147480, 44841.032645,    0.0,    2.0, -2.0,  0.00,  0.00,  0.00,  0.0,  0.0,  0.0
1036773.84397480, 44840.498778,    0.0,    2.0, -2.0,  0.00,  0.00,  0.00,  0.0,  0.0,  0.0
1036773.84647480, 44841.011670,    0.0,    2.0, -2.0,  0.00,  0.00,  0.00,  0.0,  0.0,  0.0
1036773.84897480, 44841.524562,    0.0,    2.0, -2.0,  0.00,  0.00,  0.00,  0.0,  0.0,  0.0
1036773.85147480, 44843.907107,    0.0,    2.0, -2.0,  0.00,  0.00,  0.00,  0.0,  0.0,  0.0
1036773.85397480, 44844.761624,    0.0,    2.0, -2.0,  0.00,  0.00,  0.00,  0.0,  0.0,  0.0
1036773.85647480, 44843.417420,    0.0,    2.0, -2.0,  0.00,  0.00,  0.00,  0.0,  0.0,  0.0
1036773.85897480, 44840.875689,    0.0,    2.0, -2.0,  0.00,  0.00,  0.00,  0.0,  0.0,  0.0
1036773.86147480, 44840.302489,    0.0,    2.0, -2.0,  0.00,  0.00,  0.00,  0.0,  0.0,  0.0
1036773.86397480, 44841.374528,    0.0,    2.0, -2.0,  0.00,  0.00,  0.00,  0.0,  0.0,  0.0
1036773.86647480, 44842.038236,    0.0,    2.0, -2.0,  0.00,  0.00,  0.00,  0.0,  0.0,  0.0
1036773.86897480, 44843.854279,    0.0,    2.0, -2.0,  0.00,  0.00,  0.00,  0.0,  0.0,  0.0
1036773.87147480, 44845.028446,    0.0,    2.0, -2.0,  0.00,  0.00,  0.00,  0.0,  0.0,  0.0
1036773.87397480, 44843.995060,    0.0,    2.0, -2.0,  0.00,  0.00,  0.00,  0.0,  0.0,  0.0
1036773.87647480, 44843.438733,    0.0,    2.0, -2.0,  0.00,  0.00,  0.00,  0.0,  0.0,  0.0
1036773.87897480, 44841.083807,    0.0,    2.0, -2.0,  0.00,  0.00,  0.00,  0.0,  0.0,  0.0
1036773.88147480, 44840.460268,    0.0,    2.0, -2.0,  0.00,  0.00,  0.00,  0.0,  0.0,  0.0
1036773.88397480, 44841.265231,    0.0,    2.0, -2.0,  0.00,  0.00,  0.00,  0.0,  0.0,  0.0
1036773.88647480, 44841.867184,    0.0,    2.0, -2.0,  0.00,  0.00,  0.00,  0.0,  0.0,  0.0
1036773.88897480, 44843.752225,    0.0,    2.0, -2.0,  0.00,  0.00,  0.00,  0.0,  0.0,  0.0
1036773.89147480, 44844.641331,    0.0,    2.0, -2.0,  0.00,  0.00,  0.00,  0.0,  0.0,  0.0
1036773.89397480, 44844.344175,    0.0,    2.0, -2.0,  0.00,  0.00,  0.00,  0.0,  0.0,  0.0
1036773.89647480, 44843.018798,    0.0,    2.0, -2.0,  0.00,  0.00,  0.00,  0.0,  0.0,  0.0
1036773.89897480, 44841.197337,    0.0,    2.0, -2.0,  0.00,  0.00,  0.00,  0.0,  0.0,  0.0
1036773.90147480, 44840.664837,    0.0,    2.0, -2.0,  0.00,  0.00,  0.00,  0.0,  0.0,  0.0
1036773.90397480, 44840.132337,    0.0,    2.0, -2.0,  0.00,  0.00,  0.00,  0.0,  0.0,  0.0
1036773.90647480, 44841.758189,    0.0,    2.0, -2.0,  0.00,  0.00,  0.00,  0.0,  0.0,  0.0
1036773.90897480, 44842.830272,    0.0,    2.0, -2.0,  0.00,  0.00,  0.00,  0.0,  0.0,  0.0
1036773.91147480, 44843.880731,    0.0,    2.0, -2.0,  0.00,  0.00,  0.00,  0.0,  0.0,  0.0
1036773.91397480, 44844.224061,    0.0,    2.0, -2.0,  0.00,  0.00,  0.00,  0.0,  0.0,  0.0
1036773.91647480, 44843.488408,    0.0,    2.0, -2.0,  0.00,  0.00,  0.00,  0.0,  0.0,  0.0
1036773.91897480, 44841.714899,    0.0,    2.0, -2.0,  0.00,  0.00,  0.00,  0.0,  0.0,  0.0
1036773.92147480, 44840.060437,    0.0,    2.0, -2.0,  0.00,  0.00,  0.00,  0.0,  0.0,  0.0
1036773.92397480, 44839.995409,    0.0,    2.0, -2.0,  0.00,  0.00,  0.00,  0.0,  0.0,  0.0
1036773.92647480, 44841.663533,    0.0,    2.0, -2.0,  0.00,  0.00,  0.00,  0.0,  0.0,  0.0
1036773.92897480, 44843.801093,    0.0,    2.0, -2.0,  0.00,  0.00,  0.00,  0.0,  0.0,  0.0
1036773.93147480, 44844.544584,    0.0,    2.0, -2.0,  0.00,  0.00,  0.00,  0.0,  0.0,  0.0
1036773.93397480, 44843.514432,    0.0,    2.0, -2.0,  0.00,  0.00,  0.00,  0.0,  0.0,  0.0
1036773.93647480, 44843.096627,    0.0,    2.0, -2.0,  0.00,  0.00,  0.00,  0.0,  0.0,  0.0
1036773.93897480, 44840.738489,    0.0,    2.0, -2.0,  0.00,  0.00,  0.00,  0.0,  0.0,  0.0
1036773.94147480, 44840.028362,    0.0,    2.0, -2.0,  0.00,  0.00,  0.00,  0.0,  0.0,  0.0
1036773.94397480, 44841.255939,    0.0,    2.0, -2.0,  0.00,  0.00,  0.00,  0.0,  0.0,  0.0
1036773.94647480, 44841.631986,    0.0,    2.0, -2.0,  0.00,  0.00,  0.00,  0.0,  0.0,  0.0
1036773.94897480, 44843.660007,    0.0,    2.0, -2.0,  0.00,  0.00,  0.00,  0.0,  0.0,  0.0
1036773.95147480, 44844.826935,    0.0,    2.0, -2.0,  0.00,  0.00,  0.00,  0.0,  0.0,  0.0
1036773.95397480, 44844.413457,    0.0,    2.0, -2.0,  0.00,  0.00,  0.00,  0.0,  0.0,  0.0
1036773.95647480, 44843.766446,    0.0,    2.0, -2.0,  0.00,  0.00,  0.00,  0.0,  0.0,  0.0
1036773.95897480, 44841.760997,    0.0,    2.0, -2.0,  0.00,  0.00,  0.00,  0.0,  0.0,  0.0
1036773.96147480, 44840.371138,    0.0,    2.0, -2.0,  0.00,  0.00,  0.00,  0.0,  0.0,  0.0
1036773.96397480, 44841.224511,    0.0,    2.0, -2.0,  0.00,  0.00,  0.00,  0.0,  0.0,  0.0
1036773.96647480, 44841.696131,    0.0,    2.0, -2.0,  0.00,  0.00,  0.00,  0.0,  0.0,  0.0
1036773.96897480, 44841.696131,    0.0,    2.0, -2.0,  0.00,  0.00,  0.00,  0.0,  0.0,  0.0
1036773.97147480, 44842.156157,    0.0,    2.0, -2.0,  0.00,  0.00,  0.00,  0.0,  0.0,  0.0
1036773.97397480, 44843.273162,    0.0,    2.0, -2.0,  0.00,  0.00,  0.00,  0.0,  0.0,  0.0
1036773.97647480, 44844.390166,    0.0,    2.0, -2.0,  0.00,  0.00,  0.00,  0.0,  0.0,  0.0
1036773.97897480, 44843.320185,    0.0,    2.0, -2.0,  0.00,  0.00,  0.00,  0.0,  0.0,  0.0
1036773.98147480, 44841.794878,    0.0,    2.0, -2.0,  0.00,  0.00,  0.00,  0.0,  0.0,  0.0
1036773.98397480, 44841.540773,    0.0,    2.0, -2.0,  0.00,  0.00,  0.00,  0.0,  0.0,  0.0
1036773.98647480, 44842.173218,    0.0,    2.0, -2.0,  0.00,  0.00,  0.00,  0.0,  0.0,  0.0
1036773.98897480, 44844.261629,    0.0,    2.0, -2.0,  0.00,  0.00,  0.00,  0.0,  0.0,  0.0
1036773.99147480, 44845.095749,    0.0,    2.0, -2.0,  0.00,  0.00,  0.00,  0.0,  0.0,  0.0
1036773.99397480, 44844.331147,    0.0,    2.0, -2.0,  0.00,  0.00,  0.00,  0.0,  0.0,  0.0
1036773.99647480, 44842.998159,    0.0,    2.0, -2.0,  0.00,  0.00,  0.00,  0.0,  0.0,  0.0
1036773.99897480, 44840.890362,    0.0,    2.0, -2.0,  0.00,  0.00,  0.00,  0.0,  0.0,  0.0
1036774.00147480, 44839.799064,    0.0,    2.0, -2.0,  0.00,  0.00,  0.00,  0.0,  0.0,  0.0
1036774.00397480, 44840.630470,    0.0,    2.0, -2.0,  0.00,  0.00,  0.00,  0.0,  0.0,  0.0
1036774.00647480, 44841.942995,    0.0,    2.0, -2.0,  0.00,  0.00,  0.00,  0.0,  0.0,  0.0
1036774.00897480, 44844.033583,    0.0,    2.0, -2.0,  0.00,  0.00,  0.00,  0.0,  0.0,  0.0
1036774.01147480, 44844.783525,    0.0,    2.0, -2.0,  0.00,  0.00,  0.00,  0.0,  0.0,  0.0
1036774.01397480, 44844.021436,    0.0,    2.0, -2.0,  0.00,  0.00,  0.00,  0.0,  0.0,  0.0
1036774.01647480, 44842.975449,    0.0,    2.0, -2.0,  0.00,  0.00,  0.00,  0.0,  0.0,  0.0
1036774.01897480, 44842.109568,    0.0,    2.0, -2.0,  0.00,  0.00,  0.00,  0.0,  0.0,  0.0
1036774.02147480, 44841.243687,    0.0,    2.0, -2.0,  0.00,  0.00,  0.00,  0.0,  0.0,  0.0
1036774.02397480, 44840.632315,    0.0,    2.0, -2.0,  0.00,  0.00,  0.00,  0.0,  0.0,  0.0
1036774.02647480, 44841.497147,    0.0,    2.0, -2.0,  0.00,  0.00,  0.00,  0.0,  0.0,  0.0
1036774.02897480, 44842.400166,    0.0,    2.0, -2.0,  0.00,  0.00,  0.00,  0.0,  0.0,  0.0
1036774.03147480, 44843.313053,    0.0,    2.0, -2.0,  0.00,  0.00,  0.00,  0.0,  0.0,  0.0
1036774.03397480, 44843.912428,    0.0,    2.0, -2.0,  0.00,  0.00,  0.00,  0.0,  0.0,  0.0
1036774.03647480, 44843.780568,    0.0,    2.0, -2.0,  0.00,  0.00,  0.00,  0.0,  0.0,  0.0
1036774.03897480, 44840.943679,    0.0,    2.0, -2.0,  0.00,  0.00,  0.00,  0.0,  0.0,  0.0
1036774.04147480, 44840.435141,    0.0,    2.0, -2.0,  0.00,  0.00,  0.00,  0.0,  0.0,  0.0
1036774.04397480, 44839.926603,    0.0,    2.0, -2.0,  0.00,  0.00,  0.00,  0.0,  0.0,  0.0
1036774.04647480, 44841.704601,    0.0,    2.0, -2.0,  0.00,  0.00,  0.00,  0.0,  0.0,  0.0
1036774.04897480, 44843.620476,    0.0,    2.0, -2.0,  0.00,  0.00,  0.00,  0.0,  0.0,  0.0
1036774.05147480, 44844.613607,    0.0,    2.0, -2.0,  0.00,  0.00,  0.00,  0.0,  0.0,  0.0
1036774.05397480, 44844.135853,    0.0,    2.0, -2.0,  0.00,  0.00,  0.00,  0.0,  0.0,  0.0
1036774.05647480, 44841.858775,    0.0,    2.0, -2.0,  0.00,  0.00,  0.00,  0.0,  0.0,  0.0
1036774.05897480, 44841.001228,    0.0,    2.0, -2.0,  0.00,  0.00,  0.00,  0.0,  0.0,  0.0
1036774.06147480, 44840.019681,    0.0,    2.0, -2.0,  0.00,  0.00,  0.00,  0.0,  0.0,  0.0
1036774.06397480, 44840.746357,    0.0,    2.0, -2.0,  0.00,  0.00,  0.00,  0.0,  0.0,  0.0
1036774.06647480, 44841.971440,    0.0,    2.0, -2.0,  0.00,  0.00,  0.00,  0.0,  0.0,  0.0
1036774.06897480, 44844.200566,    0.0,    2.0, -2.0,  0.00,  0.00,  0.00,  0.0,  0.0,  0.0
1036774.07147480, 44844.917228,    0.0,    2.0, -2.0,  0.00,  0.00,  0.00,  0.0,  0.0,  0.0
1036774.07397480, 44844.817847,    0.0,    2.0, -2.0,  0.00,  0.00,  0.00,  0.0,  0.0,  0.0
1036774.07647480, 44843.118888,    0.0,    2.0, -2.0,  0.00,  0.00,  0.00,  0.0,  0.0,  0.0
1036774.07897480, 44841.126992,    0.0,    2.0, -2.0,  0.00,  0.00,  0.00,  0.0,  0.0,  0.0
1036774.08147480, 44840.734654,    0.0,    2.0, -2.0,  0.00,  0.00,  0.00,  0.0,  0.0,  0.0
1036774.08397480, 44840.342317,    0.0,    2.0, -2.0,  0.00,  0.00,  0.00,  0.0,  0.0,  0.0
1036774.08647480, 44840.791460,    0.0,    2.0, -2.0,  0.00,  0.00,  0.00,  0.0,  0.0,  0.0
1036774.08897480, 44843.974407,    0.0,    2.0, -2.0,  0.00,  0.00,  0.00,  0.0,  0.0,  0.0
1036774.09147480, 44844.644439,    0.0,    2.0, -2.0,  0.00,  0.00,  0.00,  0.0,  0.0,  0.0
1036774.09397480, 44845.314471,    0.0,    2.0, -2.0,  0.00,  0.00,  0.00,  0.0,  0.0,  0.0
1036774.09647480, 44844.307256,    0.0,    2.0, -2.0,  0.00,  0.00,  0.00,  0.0,  0.0,  0.0
1036774.09897480, 44841.897056,    0.0,    2.0, -2.0,  0.00,  0.00,  0.00,  0.0,  0.0,  0.0
1036774.10147480, 44840.777306,    0.0,    2.0, -2.0,  0.00,  0.00,  0.00,  0.0,  0.0,  0.0
1036774.10397480, 44840.639124,    0.0,    2.0, -2.0,  0.00,  0.00,  0.00,  0.0,  0.0,  0.0
1036774.10647480, 44840.736264,    0.0,    2.0, -2.0,  0.00,  0.00,  0.00,  0.0,  0.0,  0.0
1036774.10897480, 44842.017387,    0.0,    2.0, -2.0,  0.00,  0.00,  0.00,  0.0,  0.0,  0.0
1036774.11147480, 44844.877293,    0.0,    2.0, -2.0,  0.00,  0.00,  0.00,  0.0,  0.0,  0.0
1036774.11397480, 44844.176253,    0.0,    2.0, -2.0,  0.00,  0.00,  0.00,  0.0,  0.0,  0.0
1036774.11647480, 44843.088822,    0.0,    2.0, -2.0,  0.00,  0.00,  0.00,  0.0,  0.0,  0.0
1036774.11897480, 44841.418705,    0.0,    2.0, -2.0,  0.00,  0.00,  0.00,  0.0,  0.0,  0.0
1036774.12147480, 44840.529334,    0.0,    2.0, -2.0,  0.00,  0.00,  0.00,  0.0,  0.0,  0.0
1036774.12397480, 44840.562905,    0.0,    2.0, -2.0,  0.00,  0.00,  0.00,  0.0,  0.0,  0.0
1036774.12647480, 44841.832152,    0.0,    2.0, -2.0,  0.00,  0.00,  0.00,  0.0,  0.0,  0.0
1036774.12897480, 44844.126664,    0.0,    2.0, -2.0,  0.00,  0.00,  0.00,  0.0,  0.0,  0.0
1036774.13147480, 44845.231659,    0.0,    2.0, -2.0,  0.00,  0.00,  0.00,  0.0,  0.0,  0.0
1036774.13397480, 44845.256170,    0.0,    2.0, -2.0,  0.00,  0.00,  0.00,  0.0,  0.0,  0.0
1036774.13647480, 44843.385491,    0.0,    2.0, -2.0,  0.00,  0.00,  0.00,  0.0,  0.0,  0.0
1036774.13897480, 44840.791620,    0.0,    2.0, -2.0,  0.00,  0.00,  0.00,  0.0,  0.0,  0.0
1036774.14147480, 44839.926528,    0.0,    2.0, -2.0,  0.00,  0.00,  0.00,  0.0,  0.0,  0.0
1036774.14397480, 44839.942838,    0.0,    2.0, -2.0,  0.00,  0.00,  0.00,  0.0,  0.0,  0.0
1036774.14647480, 44839.942838,    0.0,    2.0, -2.0,  0.00,  0.00,  0.00,  0.0,  0.0,  0.0
1036774.14897480, 44842.531863,    0.0,    2.0, -2.0,  0.00,  0.00,  0.00,  0.0,  0.0,  0.0
1036774.15147480, 44845.049968,    0.0,    2.0, -2.0,  0.00,  0.00,  0.00,  0.0,  0.0,  0.0
1036774.15397480, 44845.116224,    0.0,    2.0, -2.0,  0.00,  0.00,  0.00,  0.0,  0.0,  0.0
1036774.15647480, 44844.376148,    0.0,    2.0, -2.0,  0.00,  0.00,  0.00,  0.0,  0.0,  0.0
1036774.15897480, 44843.584546,    0.0,    2.0, -2.0,  0.00,  0.00,  0.00,  0.0,  0.0,  0.0
1036774.16147480, 44842.058993,    0.0,    2.0, -2.0,  0.00,  0.00,  0.00,  0.0,  0.0,  0.0
1036774.16397480, 44840.533441,    0.0,    2.0, -2.0,  0.00,  0.00,  0.00,  0.0,  0.0,  0.0
1036774.16647480, 44840.239530,    0.0,    2.0, -2.0,  0.00,  0.00,  0.00,  0.0,  0.0,  0.0
1036774.16897480, 44841.440783,    0.0,    2.0, -2.0,  0.00,  0.00,  0.00,  0.0,  0.0,  0.0
1036774.17147480, 44842.642036,    0.0,    2.0, -2.0,  0.00,  0.00,  0.00,  0.0,  0.0,  0.0
1036774.17397480, 44843.366297,    0.0,    2.0, -2.0,  0.00,  0.00,  0.00,  0.0,  0.0,  0.0
1036774.17647480, 44842.713163,    0.0,    2.0, -2.0,  0.00,  0.00,  0.00,  0.0,  0.0,  0.0
1036774.17897480, 44840.979749,    0.0,    2.0, -2.0,  0.00,  0.00,  0.00,  0.0,  0.0,  0.0
1036774.18147480, 44839.986902,    0.0,    2.0, -2.0,  0.00,  0.00,  0.00,  0.0,  0.0,  0.0
1036774.18397480, 44840.665456,    0.0,    2.0, -2.0,  0.00,  0.00,  0.00,  0.0,  0.0,  0.0
1036774.18647480, 44842.900928,    0.0,    2.0, -2.0,  0.00,  0.00,  0.00,  0.0,  0.0,  0.0
1036774.18897480, 44843.620476,    0.0,    2.0, -2.0,  0.00,  0.00,  0.00,  0.0,  0.0,  0.0
1036774.19147480, 44844.752696,    0.0,    2.0, -2.0,  0.00,  0.00,  0.00,  0.0,  0.0,  0.0
1036774.19397480, 44844.171549,    0.0,    2.0, -2.0,  0.00,  0.00,  0.00,  0.0,  0.0,  0.0
1036774.19647480, 44842.130610,    0.0,    2.0, -2.0,  0.00,  0.00,  0.00,  0.0,  0.0,  0.0
1036774.19897480, 44841.514387,    0.0,    2.0, -2.0,  0.00,  0.00,  0.00,  0.0,  0.0,  0.0
1036774.20147480, 44840.280110,    0.0,    2.0, -2.0,  0.00,  0.00,  0.00,  0.0,  0.0,  0.0
1036774.20397480, 44841.166737,    0.0,    2.0, -2.0,  0.00,  0.00,  0.00,  0.0,  0.0,  0.0
1036774.20647480, 44843.279153,    0.0,    2.0, -2.0,  0.00,  0.00,  0.00,  0.0,  0.0,  0.0
1036774.20897480, 44843.791529,    0.0,    2.0, -2.0,  0.00,  0.00,  0.00,  0.0,  0.0,  0.0
1036774.21147480, 44844.043254,    0.0,    2.0, -2.0,  0.00,  0.00,  0.00,  0.0,  0.0,  0.0
1036774.21397480, 44843.969686,    0.0,    2.0, -2.0,  0.00,  0.00,  0.00,  0.0,  0.0,  0.0
1036774.21647480, 44841.697451,    0.0,    2.0, -2.0,  0.00,  0.00,  0.00,  0.0,  0.0,  0.0
1036774.21897480, 44840.915702,    0.0,    2.0, -2.0,  0.00,  0.00,  0.00,  0.0,  0.0,  0.0
1036774.22147480, 44840.915702,    0.0,    2.0, -2.0,  0.00,  0.00,  0.00,  0.0,  0.0,  0.0
1036774.22397480, 44840.757195,    0.0,    2.0, -2.0,  0.00,  0.00,  0.00,  0.0,  0.0,  0.0
1036774.22647480, 44840.561344,    0.0,    2.0, -2.0,  0.00,  0.00,  0.00,  0.0,  0.0,  0.0
1036774.22897480, 44840.572820,    0.0,    2.0, -2.0,  0.00,  0.00,  0.00,  0.0,  0.0,  0.0
1036774.23147480, 44842.968564,    0.0,    2.0, -2.0,  0.00,  0.00,  0.00,  0.0,  0.0,  0.0
1036774.23397480, 44845.364308,    0.0,    2.0, -2.0,  0.00,  0.00,  0.00,  0.0,  0.0,  0.0
1036774.23647480, 44843.440134,    0.0,    2.0, -2.0,  0.00,  0.00,  0.00,  0.0,  0.0,  0.0
1036774.23897480, 44841.035998,    0.0,    2.0, -2.0,  0.00,  0.00,  0.00,  0.0,  0.0,  0.0
1036774.24147480, 44840.198927,    0.0,    2.0, -2.0,  0.00,  0.00,  0.00,  0.0,  0.0,  0.0
1036774.24397480, 44841.128066,    0.0,    2.0, -2.0,  0.00,  0.00,  0.00,  0.0,  0.0,  0.0
1036774.24647480, 44843.298868,    0.0,    2.0, -2.0,  0.00,  0.00,  0.00,  0.0,  0.0,  0.0
1036774.24897480, 44843.834292,    0.0,    2.0, -2.0,  0.00,  0.00,  0.00,  0.0,  0.0,  0.0
1036774.25147480, 44844.771029,    0.0,    2.0, -2.0,  0.00,  0.00,  0.00,  0.0,  0.0,  0.0
1036774.25397480, 44843.972423,    0.0,    2.0, -2.0,  0.00,  0.00,  0.00,  0.0,  0.0,  0.0
1036774.25647480, 44842.414523,    0.0,    2.0, -2.0,  0.00,  0.00,  0.00,  0.0,  0.0,  0.0
1036774.25897480, 44840.237833,    0.0,    2.0, -2.0,  0.00,  0.00,  0.00,  0.0,  0.0,  0.0
1036774.26147480, 44839.675744,    0.0,    2.0, -2.0,  0.00,  0.00,  0.00,  0.0,  0.0,  0.0
1036774.26397480, 44839.718331,    0.0,    2.0, -2.0,  0.00,  0.00,  0.00,  0.0,  0.0,  0.0
1036774.26647480, 44841.803814,    0.0,    2.0, -2.0,  0.00,  0.00,  0.00,  0.0,  0.0,  0.0
1036774.26897480, 44844.138660,    0.0,    2.0, -2.0,  0.00,  0.00,  0.00,  0.0,  0.0,  0.0
1036774.27147480, 44844.674274,    0.0,    2.0, -2.0,  0.00,  0.00,  0.00,  0.0,  0.0,  0.0
1036774.27397480, 44844.381761,    0.0,    2.0, -2.0,  0.00,  0.00,  0.00,  0.0,  0.0,  0.0
1036774.27647480, 44842.523342,    0.0,    2.0, -2.0,  0.00,  0.00,  0.00,  0.0,  0.0,  0.0
1036774.27897480, 44841.132750,    0.0,    2.0, -2.0,  0.00,  0.00,  0.00,  0.0,  0.0,  0.0
1036774.28147480, 44840.634361,    0.0,    2.0, -2.0,  0.00,  0.00,  0.00,  0.0,  0.0,  0.0
1036774.28397480, 44840.135972,    0.0,    2.0, -2.0,  0.00,  0.00,  0.00,  0.0,  0.0,  0.0
1036774.28647480, 44840.632938,    0.0,    2.0, -2.0,  0.00,  0.00,  0.00,  0.0,  0.0,  0.0
1036774.28897480, 44842.024416,    0.0,    2.0, -2.0,  0.00,  0.00,  0.00,  0.0,  0.0,  0.0
1036774.29147480, 44843.405354,    0.0,    2.0, -2.0,  0.00,  0.00,  0.00,  0.0,  0.0,  0.0
1036774.29397480, 44844.060734,    0.0,    2.0, -2.0,  0.00,  0.00,  0.00,  0.0,  0.0,  0.0
1036774.29647480, 44843.302459,    0.0,    2.0, -2.0,  0.00,  0.00,  0.00,  0.0,  0.0,  0.0
1036774.29897480, 44840.123917,    0.0,    2.0, -2.0,  0.00,  0.00,  0.00,  0.0,  0.0,  0.0
1036774.30147480, 44839.521434,    0.0,    2.0, -2.0,  0.00,  0.00,  0.00,  0.0,  0.0,  0.0
1036774.30397480, 44839.579350,    0.0,    2.0, -2.0,  0.00,  0.00,  0.00,  0.0,  0.0,  0.0
1036774.30647480, 44841.769245,    0.0,    2.0, -2.0,  0.00,  0.00,  0.00,  0.0,  0.0,  0.0
1036774.30897480, 44843.270862,    0.0,    2.0, -2.0,  0.00,  0.00,  0.00,  0.0,  0.0,  0.0
1036774.31147480, 44844.219409,    0.0,    2.0, -2.0,  0.00,  0.00,  0.00,  0.0,  0.0,  0.0
1036774.31397480, 44843.744873,    0.0,    2.0, -2.0,  0.00,  0.00,  0.00,  0.0,  0.0,  0.0
1036774.31647480, 44842.159517,    0.0,    2.0, -2.0,  0.00,  0.00,  0.00,  0.0,  0.0,  0.0
1036774.31897480, 44840.490826,    0.0,    2.0, -2.0,  0.00,  0.00,  0.00,  0.0,  0.0,  0.0
1036774.32147480, 44839.889384,    0.0,    2.0, -2.0,  0.00,  0.00,  0.00,  0.0,  0.0,  0.0
1036774.32397480, 44840.344125,    0.0,    2.0, -2.0,  0.00,  0.00,  0.00,  0.0,  0.0,  0.0
1036774.32647480, 44841.998464,    0.0,    2.0, -2.0,  0.00,  0.00,  0.00,  0.0,  0.0,  0.0
1036774.32897480, 44843.625227,    0.0,    2.0, -2.0,  0.00,  0.00,  0.00,  0.0,  0.0,  0.0
1036774.33147480, 44844.881595,    0.0,    2.0, -2.0,  0.00,  0.00,  0.00,  0.0,  0.0,  0.0
1036774.33397480, 44844.368039,    0.0,    2.0, -2.0,  0.00,  0.00,  0.00,  0.0,  0.0,  0.0
1036774.33647480, 44843.614663,    0.0,    2.0, -2.0,  0.00,  0.00,  0.00,  0.0,  0.0,  0.0
1036774.33897480, 44841.772464,    0.0,    2.0, -2.0,  0.00,  0.00,  0.00,  0.0,  0.0,  0.0
1036774.34147480, 44840.113891,    0.0,    2.0, -2.0,  0.00,  0.00,  0.00,  0.0,  0.0,  0.0
1036774.34397480, 44840.176803,    0.0,    2.0, -2.0,  0.00,  0.00,  0.00,  0.0,  0.0,  0.0
1036774.34647480, 44840.775860,    0.0,    2.0, -2.0,  0.00,  0.00,  0.00,  0.0,  0.0,  0.0
1036774.34897480, 44841.463563,    0.0,    2.0, -2.0,  0.00,  0.00,  0.00,  0.0,  0.0,  0.0
1036774.35147480, 44843.179936,    0.0,    2.0, -2.0,  0.00,  0.00,  0.00,  0.0,  0.0,  0.0
1036774.35397480, 44844.818849,    0.0,    2.0, -2.0,  0.00,  0.00,  0.00,  0.0,  0.0,  0.0
1036774.35647480, 44843.381611,    0.0,    2.0, -2.0,  0.00,  0.00,  0.00,  0.0,  0.0,  0.0
1036774.35897480, 44842.833463,    0.0,    2.0, -2.0,  0.00,  0.00,  0.00,  0.0,  0.0,  0.0
1036774.36147480, 44842.317218,    0.0,    2.0, -2.0,  0.00,  0.00,  0.00,  0.0,  0.0,  0.0
1036774.36397480, 44841.800973,    0.0,    2.0, -2.0,  0.00,  0.00,  0.00,  0.0,  0.0,  0.0
1036774.36647480, 44842.146729,    0.0,    2.0, -2.0,  0.00,  0.00,  0.00,  0.0,  0.0,  0.0
1036774.36897480, 44844.156394,    0.0,    2.0, -2.0,  0.00,  0.00,  0.00,  0.0,  0.0,  0.0
1036774.37147480, 44844.840218,    0.0,    2.0, -2.0,  0.00,  0.00,  0.00,  0.0,  0.0,  0.0
1036774.37397480, 44844.181098,    0.0,    2.0, -2.0,  0.00,  0.00,  0.00,  0.0,  0.0,  0.0
1036774.37647480, 44843.545641,    0.0,    2.0, -2.0,  0.00,  0.00,  0.00,  0.0,  0.0,  0.0
1036774.37897480, 44841.417283,    0.0,    2.0, -2.0,  0.00,  0.00,  0.00,  0.0,  0.0,  0.0
1036774.38147480, 44839.960112,    0.0,    2.0, -2.0,  0.00,  0.00,  0.00,  0.0,  0.0,  0.0
1036774.38647480, 44841.599913,    0.0,    2.0, -2.0,  0.00,  0.00,  0.00,  0.0,  0.0,  0.0
1036774.38897480, 44843.601403,    0.0,    2.0, -2.0,  0.00,  0.00,  0.00,  0.0,  0.0,  0.0
1036774.39147480, 44844.778447,    0.0,    2.0, -2.0,  0.00,  0.00,  0.00,  0.0,  0.0,  0.0
1036774.39397480, 44843.873035,    0.0,    2.0, -2.0,  0.00,  0.00,  0.00,  0.0,  0.0,  0.0
1036774.39647480, 44843.160771,    0.0,    2.0, -2.0,  0.00,  0.00,  0.00,  0.0,  0.0,  0.0
1036774.39897480, 44842.244278,    0.0,    2.0, -2.0,  0.00,  0.00,  0.00,  0.0,  0.0,  0.0
1036774.40147480, 44841.122687,    0.0,    2.0, -2.0,  0.00,  0.00,  0.00,  0.0,  0.0,  0.0
1036774.40397480, 44840.667639,    0.0,    2.0, -2.0,  0.00,  0.00,  0.00,  0.0,  0.0,  0.0
1036774.40647480, 44841.300571,    0.0,    2.0, -2.0,  0.00,  0.00,  0.00,  0.0,  0.0,  0.0
1036774.40897480, 44842.200071,    0.0,    2.0, -2.0,  0.00,  0.00,  0.00,  0.0,  0.0,  0.0
1036774.41147480, 44843.275616,    0.0,    2.0, -2.0,  0.00,  0.00,  0.00,  0.0,  0.0,  0.0
1036774.41397480, 44843.798728,    0.0,    2.0, -2.0,  0.00,  0.00,  0.00,  0.0,  0.0,  0.0
1036774.41647480, 44844.309158,    0.0,    2.0, -2.0,  0.00,  0.00,  0.00,  0.0,  0.0,  0.0
1036774.41897480, 44841.836704,    0.0,    2.0, -2.0,  0.00,  0.00,  0.00,  0.0,  0.0,  0.0
1036774.42147480, 44839.568660,    0.0,    2.0, -2.0,  0.00,  0.00,  0.00,  0.0,  0.0,  0.0
1036774.42397480, 44839.577335,    0.0,    2.0, -2.0,  0.00,  0.00,  0.00,  0.0,  0.0,  0.0
1036774.42647480, 44841.790688,    0.0,    2.0, -2.0,  0.00,  0.00,  0.00,  0.0,  0.0,  0.0
1036774.42897480, 44843.851614,    0.0,    2.0, -2.0,  0.00,  0.00,  0.00,  0.0,  0.0,  0.0
1036774.43147480, 44844.942471,    0.0,    2.0, -2.0,  0.00,  0.00,  0.00,  0.0,  0.0,  0.0
1036774.43397480, 44844.348116,    0.0,    2.0, -2.0,  0.00,  0.00,  0.00,  0.0,  0.0,  0.0
1036774.43647480, 44842.588447,    0.0,    2.0, -2.0,  0.00,  0.00,  0.00,  0.0,  0.0,  0.0
1036774.43897480, 44840.573811,    0.0,    2.0, -2.0,  0.00,  0.00,  0.00,  0.0,  0.0,  0.0
1036774.44147480, 44840.017674,    0.0,    2.0, -2.0,  0.00,  0.00,  0.00,  0.0,  0.0,  0.0
1036774.44397480, 44840.654137,    0.0,    2.0, -2.0,  0.00,  0.00,  0.00,  0.0,  0.0,  0.0
1036774.44647480, 44842.386597,    0.0,    2.0, -2.0,  0.00,  0.00,  0.00,  0.0,  0.0,  0.0
1036774.44897480, 44844.402660,    0.0,    2.0, -2.0,  0.00,  0.00,  0.00,  0.0,  0.0,  0.0
1036774.45147480, 44844.935446,    0.0,    2.0, -2.0,  0.00,  0.00,  0.00,  0.0,  0.0,  0.0
1036774.45397480, 44844.580423,    0.0,    2.0, -2.0,  0.00,  0.00,  0.00,  0.0,  0.0,  0.0
1036774.45647480, 44843.275788,    0.0,    2.0, -2.0,  0.00,  0.00,  0.00,  0.0,  0.0,  0.0
1036774.45897480, 44841.585768,    0.0,    2.0, -2.0,  0.00,  0.00,  0.00,  0.0,  0.0,  0.0
1036774.46147480, 44841.118542,    0.0,    2.0, -2.0,  0.00,  0.00,  0.00,  0.0,  0.0,  0.0
1036774.46397480, 44840.651316,    0.0,    2.0, -2.0,  0.00,  0.00,  0.00,  0.0,  0.0,  0.0
1036774.46647480, 44841.538525,    0.0,    2.0, -2.0,  0.00,  0.00,  0.00,  0.0,  0.0,  0.0
1036774.46897480, 44843.598715,    0.0,    2.0, -2.0,  0.00,  0.00,  0.00,  0.0,  0.0,  0.0
1036774.47147480, 44844.218042,    0.0,    2.0, -2.0,  0.00,  0.00,  0.00,  0.0,  0.0,  0.0
1036774.47397480, 44844.837369,    0.0,    2.0, -2.0,  0.00,  0.00,  0.00,  0.0,  0.0,  0.0
1036774.47647480, 44844.522870,    0.0,    2.0, -2.0,  0.00,  0.00,  0.00,  0.0,  0.0,  0.0
1036774.47897480, 44844.032665,    0.0,    2.0, -2.0,  0.00,  0.00,  0.00,  0.0,  0.0,  0.0
1036774.48147480, 44843.231665,    0.0,    2.0, -2.0,  0.00,  0.00,  0.00,  0.0,  0.0,  0.0
1036774.48397480, 44841.917594,    0.0,    2.0, -2.0,  0.00,  0.00,  0.00,  0.0,  0.0,  0.0
1036774.48647480, 44840.733960,    0.0,    2.0, -2.0,  0.00,  0.00,  0.00,  0.0,  0.0,  0.0
1036774.48897480, 44844.092230,    0.0,    2.0, -2.0,  0.00,  0.00,  0.00,  0.0,  0.0,  0.0
1036774.49147480, 44844.667254,    0.0,    2.0, -2.0,  0.00,  0.00,  0.00,  0.0,  0.0,  0.0
1036774.49397480, 44844.224636,    0.0,    2.0, -2.0,  0.00,  0.00,  0.00,  0.0,  0.0,  0.0
1036774.49647480, 44842.169285,    0.0,    2.0, -2.0,  0.00,  0.00,  0.00,  0.0,  0.0,  0.0
1036774.49897480, 44840.497007,    0.0,    2.0, -2.0,  0.00,  0.00,  0.00,  0.0,  0.0,  0.0
1036774.50147480, 44840.145963,    0.0,    2.0, -2.0,  0.00,  0.00,  0.00,  0.0,  0.0,  0.0
1036774.50397480, 44840.712261,    0.0,    2.0, -2.0,  0.00,  0.00,  0.00,  0.0,  0.0,  0.0
1036774.50647480, 44842.735445,    0.0,    2.0, -2.0,  0.00,  0.00,  0.00,  0.0,  0.0,  0.0
1036774.50897480, 44844.536347,    0.0,    2.0, -2.0,  0.00,  0.00,  0.00,  0.0,  0.0,  0.0
1036774.51147480, 44844.871301,    0.0,    2.0, -2.0,  0.00,  0.00,  0.00,  0.0,  0.0,  0.0
1036774.51397480, 44844.317419,    0.0,    2.0, -2.0,  0.00,  0.00,  0.00,  0.0,  0.0,  0.0
1036774.51647480, 44843.665220,    0.0,    2.0, -2.0,  0.00,  0.00,  0.00,  0.0,  0.0,  0.0
1036774.51897480, 44843.013021,    0.0,    2.0, -2.0,  0.00,  0.00,  0.00,  0.0,  0.0,  0.0
1036774.52147480, 44840.486138,    0.0,    2.0, -2.0,  0.00,  0.00,  0.00,  0.0,  0.0,  0.0
1036774.52397480, 44840.719013,    0.0,    2.0, -2.0,  0.00,  0.00,  0.00,  0.0,  0.0,  0.0
1036774.52647480, 44841.333087,    0.0,    2.0, -2.0,  0.00,  0.00,  0.00,  0.0,  0.0,  0.0
1036774.52897480, 44841.947161,    0.0,    2.0, -2.0,  0.00,  0.00,  0.00,  0.0,  0.0,  0.0
1036774.53147480, 44843.075041,    0.0,    2.0, -2.0,  0.00,  0.00,  0.00,  0.0,  0.0,  0.0
1036774.53397480, 44844.428404,    0.0,    2.0, -2.0,  0.00,  0.00,  0.00,  0.0,  0.0,  0.0
1036774.53647480, 44844.255074,    0.0,    2.0, -2.0,  0.00,  0.00,  0.00,  0.0,  0.0,  0.0
1036774.53897480, 44843.511446,    0.0,    2.0, -2.0,  0.00,  0.00,  0.00,  0.0,  0.0,  0.0
1036774.54147480, 44842.118420,    0.0,    2.0, -2.0,  0.00,  0.00,  0.00,  0.0,  0.0,  0.0
1036774.54397480, 44839.936943,    0.0,    2.0, -2.0,  0.00,  0.00,  0.00,  0.0,  0.0,  0.0
1036774.54647480, 44841.725274,    0.0,    2.0, -2.0,  0.00,  0.00,  0.00,  0.0,  0.0,  0.0
1036774.54897480, 44843.827677,    0.0,    2.0, -2.0,  0.00,  0.00,  0.00,  0.0,  0.0,  0.0
1036774.55147480, 44844.933245,    0.0,    2.0, -2.0,  0.00,  0.00,  0.00,  0.0,  0.0,  0.0
1036774.55397480, 44843.605665,    0.0,    2.0, -2.0,  0.00,  0.00,  0.00,  0.0,  0.0,  0.0
1036774.55647480, 44843.118008,    0.0,    2.0, -2.0,  0.00,  0.00,  0.00,  0.0,  0.0,  0.0
1036774.55897480, 44840.895949,    0.0,    2.0, -2.0,  0.00,  0.00,  0.00,  0.0,  0.0,  0.0
1036774.56147480, 44840.031235,    0.0,    2.0, -2.0,  0.00,  0.00,  0.00,  0.0,  0.0,  0.0
1036774.56397480, 44840.607584,    0.0,    2.0, -2.0,  0.00,  0.00,  0.00,  0.0,  0.0,  0.0
1036774.56647480, 44842.580934,    0.0,    2.0, -2.0,  0.00,  0.00,  0.00,  0.0,  0.0,  0.0
1036774.56897480, 44844.349798,    0.0,    2.0, -2.0,  0.00,  0.00,  0.00,  0.0,  0.0,  0.0
1036774.57147480, 44844.668912,    0.0,    2.0, -2.0,  0.00,  0.00,  0.00,  0.0,  0.0,  0.0
1036774.57397480, 44844.727945,    0.0,    2.0, -2.0,  0.00,  0.00,  0.00,  0.0,  0.0,  0.0
1036774.57647480, 44843.462771,    0.0,    2.0, -2.0,  0.00,  0.00,  0.00,  0.0,  0.0,  0.0
1036774.57897480, 44842.595609,    0.0,    2.0, -2.0,  0.00,  0.00,  0.00,  0.0,  0.0,  0.0
1036774.58147480, 44841.736156,    0.0,    2.0, -2.0,  0.00,  0.00,  0.00,  0.0,  0.0,  0.0
1036774.58397480, 44840.497855,    0.0,    2.0, -2.0,  0.00,  0.00,  0.00,  0.0,  0.0,  0.0
1036774.58647480, 44840.842809,    0.0,    2.0, -2.0,  0.00,  0.00,  0.00,  0.0,  0.0,  0.0
1036774.58897480, 44841.187764,    0.0,    2.0, -2.0,  0.00,  0.00,  0.00,  0.0,  0.0,  0.0
1036774.59147480, 44841.532719,    0.0,    2.0, -2.0,  0.00,  0.00,  0.00,  0.0,  0.0,  0.0
1036774.59397480, 44842.075958,    0.0,    2.0, -2.0,  0.00,  0.00,  0.00,  0.0,  0.0,  0.0
1036774.59647480, 44842.797679,    0.0,    2.0, -2.0,  0.00,  0.00,  0.00,  0.0,  0.0,  0.0
1036774.59897480, 44843.407915,    0.0,    2.0, -2.0,  0.00,  0.00,  0.00,  0.0,  0.0,  0.0
1036774.60147480, 44842.006889,    0.0,    2.0, -2.0,  0.00,  0.00,  0.00,  0.0,  0.0,  0.0
1036774.60397480, 44840.605863,    0.0,    2.0, -2.0,  0.00,  0.00,  0.00,  0.0,  0.0,  0.0
1036774.60647480, 44841.485257,    0.0,    2.0, -2.0,  0.00,  0.00,  0.00,  0.0,  0.0,  0.0
1036774.60897480, 44843.319139,    0.0,    2.0, -2.0,  0.00,  0.00,  0.00,  0.0,  0.0,  0.0
1036774.61147480, 44845.072858,    0.0,    2.0, -2.0,  0.00,  0.00,  0.00,  0.0,  0.0,  0.0
1036774.61397480, 44844.417715,    0.0,    2.0, -2.0,  0.00,  0.00,  0.00,  0.0,  0.0,  0.0
1036774.61647480, 44842.875883,    0.0,    2.0, -2.0,  0.00,  0.00,  0.00,  0.0,  0.0,  0.0
1036774.61897480, 44840.986447,    0.0,    2.0, -2.0,  0.00,  0.00,  0.00,  0.0,  0.0,  0.0
1036774.62147480, 44840.285750,    0.0,    2.0, -2.0,  0.00,  0.00,  0.00,  0.0,  0.0,  0.0
1036774.62397480, 44840.579321,    0.0,    2.0, -2.0,  0.00,  0.00,  0.00,  0.0,  0.0,  0.0
1036774.62647480, 44841.841256,    0.0,    2.0, -2.0,  0.00,  0.00,  0.00,  0.0,  0.0,  0.0
1036774.62897480, 44843.912011,    0.0,    2.0, -2.0,  0.00,  0.00,  0.00,  0.0,  0.0,  0.0
1036774.63147480, 44844.267260,    0.0,    2.0, -2.0,  0.00,  0.00,  0.00,  0.0,  0.0,  0.0
1036774.63397480, 44844.197780,    0.0,    2.0, -2.0,  0.00,  0.00,  0.00,  0.0,  0.0,  0.0
1036774.63647480, 44842.699995,    0.0,    2.0, -2.0,  0.00,  0.00,  0.00,  0.0,  0.0,  0.0
1036774.63897480, 44840.994540,    0.0,    2.0, -2.0,  0.00,  0.00,  0.00,  0.0,  0.0,  0.0
1036774.64147480, 44840.600730,    0.0,    2.0, -2.0,  0.00,  0.00,  0.00,  0.0,  0.0,  0.0
1036774.64397480, 44840.206920,    0.0,    2.0, -2.0,  0.00,  0.00,  0.00,  0.0,  0.0,  0.0
1036774.64647480, 44841.407179,    0.0,    2.0, -2.0,  0.00,  0.00,  0.00,  0.0,  0.0,  0.0
1036774.64897480, 44843.630223,    0.0,    2.0, -2.0,  0.00,  0.00,  0.00,  0.0,  0.0,  0.0
1036774.65147480, 44844.202812,    0.0,    2.0, -2.0,  0.00,  0.00,  0.00,  0.0,  0.0,  0.0
1036774.65397480, 44844.775401,    0.0,    2.0, -2.0,  0.00,  0.00,  0.00,  0.0,  0.0,  0.0
1036774.65647480, 44843.843448,    0.0,    2.0, -2.0,  0.00,  0.00,  0.00,  0.0,  0.0,  0.0
1036774.65897480, 44842.380562,    0.0,    2.0, -2.0,  0.00,  0.00,  0.00,  0.0,  0.0,  0.0
1036774.66147480, 44841.071300,    0.0,    2.0, -2.0,  0.00,  0.00,  0.00,  0.0,  0.0,  0.0
1036774.66397480, 44840.618313,    0.0,    2.0, -2.0,  0.00,  0.00,  0.00,  0.0,  0.0,  0.0
1036774.66647480, 44840.165326,    0.0,    2.0, -2.0,  0.00,  0.00,  0.00,  0.0,  0.0,  0.0
1036774.66897480, 44840.939391,    0.0,    2.0, -2.0,  0.00,  0.00,  0.00,  0.0,  0.0,  0.0
1036774.67147480, 44843.827689,    0.0,    2.0, -2.0,  0.00,  0.00,  0.00,  0.0,  0.0,  0.0
1036774.67397480, 44844.728892,    0.0,    2.0, -2.0,  0.00,  0.00,  0.00,  0.0,  0.0,  0.0
1036774.67647480, 44842.606779,    0.0,    2.0, -2.0,  0.00,  0.00,  0.00,  0.0,  0.0,  0.0
1036774.67897480, 44841.311261,    0.0,    2.0, -2.0,  0.00,  0.00,  0.00,  0.0,  0.0,  0.0
1036774.68147480, 44840.614634,    0.0,    2.0, -2.0,  0.00,  0.00,  0.00,  0.0,  0.0,  0.0
1036774.68397480, 44840.511820,    0.0,    2.0, -2.0,  0.00,  0.00,  0.00,  0.0,  0.0,  0.0
1036774.68647480, 44842.789848,    0.0,    2.0, -2.0,  0.00,  0.00,  0.00,  0.0,  0.0,  0.0
1036774.68897480, 44843.770148,    0.0,    2.0, -2.0,  0.00,  0.00,  0.00,  0.0,  0.0,  0.0
1036774.69147480, 44844.995272,    0.0,    2.0, -2.0,  0.00,  0.00,  0.00,  0.0,  0.0,  0.0
1036774.69397480, 44844.280784,    0.0,    2.0, -2.0,  0.00,  0.00,  0.00,  0.0,  0.0,  0.0
1036774.69647480, 44842.876648,    0.0,    2.0, -2.0,  0.00,  0.00,  0.00,  0.0,  0.0,  0.0
1036774.69897480, 44841.088115,    0.0,    2.0, -2.0,  0.00,  0.00,  0.00,  0.0,  0.0,  0.0
1036774.70147480, 44840.165095,    0.0,    2.0, -2.0,  0.00,  0.00,  0.00,  0.0,  0.0,  0.0
1036774.70397480, 44840.081818,    0.0,    2.0, -2.0,  0.00,  0.00,  0.00,  0.0,  0.0,  0.0
1036774.70647480, 44840.081818,    0.0,    2.0, -2.0,  0.00,  0.00,  0.00,  0.0,  0.0,  0.0
1036774.70897480, 44842.003107,    0.0,    2.0, -2.0,  0.00,  0.00,  0.00,  0.0,  0.0,  0.0
1036774.71147480, 44844.835461,    0.0,    2.0, -2.0,  0.00,  0.00,  0.00,  0.0,  0.0,  0.0
1036774.71397480, 44844.807156,    0.0,    2.0, -2.0,  0.00,  0.00,  0.00,  0.0,  0.0,  0.0
1036774.71647480, 44844.807156,    0.0,    2.0, -2.0,  0.00,  0.00,  0.00,  0.0,  0.0,  0.0
1036774.71897480, 44843.100005,    0.0,    2.0, -2.0,  0.00,  0.00,  0.00,  0.0,  0.0,  0.0
1036774.72147480, 44840.353891,    0.0,    2.0, -2.0,  0.00,  0.00,  0.00,  0.0,  0.0,  0.0
1036774.72397480, 44840.477705,    0.0,    2.0, -2.0,  0.00,  0.00,  0.00,  0.0,  0.0,  0.0
1036774.72647480, 44841.686195,    0.0,    2.0, -2.0,  0.00,  0.00,  0.00,  0.0,  0.0,  0.0
1036774.72897480, 44842.413275,    0.0,    2.0, -2.0,  0.00,  0.00,  0.00,  0.0,  0.0,  0.0
1036774.73147480, 44843.014924,    0.0,    2.0, -2.0,  0.00,  0.00,  0.00,  0.0,  0.0,  0.0
1036774.73397480, 44844.059781,    0.0,    2.0, -2.0,  0.00,  0.00,  0.00,  0.0,  0.0,  0.0
1036774.73647480, 44842.523167,    0.0,    2.0, -2.0,  0.00,  0.00,  0.00,  0.0,  0.0,  0.0
1036774.73897480, 44841.332643,    0.0,    2.0, -2.0,  0.00,  0.00,  0.00,  0.0,  0.0,  0.0
1036774.74147480, 44839.932272,    0.0,    2.0, -2.0,  0.00,  0.00,  0.00,  0.0,  0.0,  0.0
1036774.74397480, 44840.489939,    0.0,    2.0, -2.0,  0.00,  0.00,  0.00,  0.0,  0.0,  0.0
1036774.74647480, 44842.737084,    0.0,    2.0, -2.0,  0.00,  0.00,  0.00,  0.0,  0.0,  0.0
1036774.74897480, 44843.588404,    0.0,    2.0, -2.0,  0.00,  0.00,  0.00,  0.0,  0.0,  0.0
1036774.75147480, 44845.213691,    0.0,    2.0, -2.0,  0.00,  0.00,  0.00,  0.0,  0.0,  0.0
1036774.75397480, 44844.280774,    0.0,    2.0, -2.0,  0.00,  0.00,  0.00,  0.0,  0.0,  0.0
1036774.75647480, 44842.064080,    0.0,    2.0, -2.0,  0.00,  0.00,  0.00,  0.0,  0.0,  0.0
1036774.75897480, 44841.332643,    0.0,    2.0, -2.0,  0.00,  0.00,  0.00,  0.0,  0.0,  0.0
1036774.76147480, 44840.017782,    0.0,    2.0, -2.0,  0.00,  0.00,  0.00,  0.0,  0.0,  0.0
1036774.76397480, 44841.173902,    0.0,    2.0, -2.0,  0.00,  0.00,  0.00,  0.0,  0.0,  0.0
1036774.76647480, 44842.991154,    0.0,    2.0, -2.0,  0.00,  0.00,  0.00,  0.0,  0.0,  0.0
1036774.76897480, 44843.481496,    0.0,    2.0, -2.0,  0.00,  0.00,  0.00,  0.0,  0.0,  0.0
1036774.77147480, 44843.481496,    0.0,    2.0, -2.0,  0.00,  0.00,  0.00,  0.0,  0.0,  0.0
1036774.77397480, 44844.296596,    0.0,    2.0, -2.0,  0.00,  0.00,  0.00,  0.0,  0.0,  0.0
1036774.77647480, 44843.720664,    0.0,    2.0, -2.0,  0.00,  0.00,  0.00,  0.0,  0.0,  0.0
1036774.77897480, 44842.371508,    0.0,    2.0, -2.0,  0.00,  0.00,  0.00,  0.0,  0.0,  0.0
1036774.78147480, 44841.181852,    0.0,    2.0, -2.0,  0.00,  0.00,  0.00,  0.0,  0.0,  0.0
1036774.78397480, 44840.746630,    0.0,    2.0, -2.0,  0.00,  0.00,  0.00,  0.0,  0.0,  0.0
1036774.78647480, 44842.174153,    0.0,    2.0, -2.0,  0.00,  0.00,  0.00,  0.0,  0.0,  0.0
1036774.78897480, 44844.058799,    0.0,    2.0, -2.0,  0.00,  0.00,  0.00,  0.0,  0.0,  0.0
1036774.79147480, 44844.238425,    0.0,    2.0, -2.0,  0.00,  0.00,  0.00,  0.0,  0.0,  0.0
1036774.79397480, 44844.543785,    0.0,    2.0, -2.0,  0.00,  0.00,  0.00,  0.0,  0.0,  0.0
1036774.79647480, 44843.076221,    0.0,    2.0, -2.0,  0.00,  0.00,  0.00,  0.0,  0.0,  0.0
1036774.79897480, 44841.209041,    0.0,    2.0, -2.0,  0.00,  0.00,  0.00,  0.0,  0.0,  0.0
1036774.80147480, 44840.393514,    0.0,    2.0, -2.0,  0.00,  0.00,  0.00,  0.0,  0.0,  0.0
1036774.80397480, 44841.250888,    0.0,    2.0, -2.0,  0.00,  0.00,  0.00,  0.0,  0.0,  0.0
1036774.80647480, 44843.131519,    0.0,    2.0, -2.0,  0.00,  0.00,  0.00,  0.0,  0.0,  0.0
1036774.80897480, 44843.599095,    0.0,    2.0, -2.0,  0.00,  0.00,  0.00,  0.0,  0.0,  0.0
1036774.81147480, 44844.749187,    0.0,    2.0, -2.0,  0.00,  0.00,  0.00,  0.0,  0.0,  0.0
1036774.81397480, 44843.985209,    0.0,    2.0, -2.0,  0.00,  0.00,  0.00,  0.0,  0.0,  0.0
1036774.81647480, 44841.718237,    0.0,    2.0, -2.0,  0.00,  0.00,  0.00,  0.0,  0.0,  0.0
1036774.81897480, 44841.140209,    0.0,    2.0, -2.0,  0.00,  0.00,  0.00,  0.0,  0.0,  0.0
1036774.82147480, 44840.109679,    0.0,    2.0, -2.0,  0.00,  0.00,  0.00,  0.0,  0.0,  0.0
1036774.82397480, 44841.209957,    0.0,    2.0, -2.0,  0.00,  0.00,  0.00,  0.0,  0.0,  0.0
1036774.82647480, 44843.172605,    0.0,    2.0, -2.0,  0.00,  0.00,  0.00,  0.0,  0.0,  0.0
1036774.82897480, 44843.609785,    0.0,    2.0, -2.0,  0.00,  0.00,  0.00,  0.0,  0.0,  0.0
1036774.83147480, 44844.147713,    0.0,    2.0, -2.0,  0.00,  0.00,  0.00,  0.0,  0.0,  0.0
1036774.83397480, 44844.703561,    0.0,    2.0, -2.0,  0.00,  0.00,  0.00,  0.0,  0.0,  0.0
1036774.83647480, 44842.822152,    0.0,    2.0, -2.0,  0.00,  0.00,  0.00,  0.0,  0.0,  0.0
1036774.83897480, 44841.206591,    0.0,    2.0, -2.0,  0.00,  0.00,  0.00,  0.0,  0.0,  0.0
1036774.84147480, 44840.555952,    0.0,    2.0, -2.0,  0.00,  0.00,  0.00,  0.0,  0.0,  0.0
1036774.84397480, 44840.097438,    0.0,    2.0, -2.0,  0.00,  0.00,  0.00,  0.0,  0.0,  0.0
1036774.84647480, 44841.003739,    0.0,    2.0, -2.0,  0.00,  0.00,  0.00,  0.0,  0.0,  0.0
1036774.84897480, 44841.910039,    0.0,    2.0, -2.0,  0.00,  0.00,  0.00,  0.0,  0.0,  0.0
1036774.85147480, 44843.867176,    0.0,    2.0, -2.0,  0.00,  0.00,  0.00,  0.0,  0.0,  0.0
1036774.85397480, 44844.604031,    0.0,    2.0, -2.0,  0.00,  0.00,  0.00,  0.0,  0.0,  0.0
1036774.85647480, 44843.946001,    0.0,    2.0, -2.0,  0.00,  0.00,  0.00,  0.0,  0.0,  0.0
1036774.85897480, 44841.209677,    0.0,    2.0, -2.0,  0.00,  0.00,  0.00,  0.0,  0.0,  0.0
1036774.86147480, 44840.165015,    0.0,    2.0, -2.0,  0.00,  0.00,  0.00,  0.0,  0.0,  0.0
1036774.86397480, 44840.821432,    0.0,    2.0, -2.0,  0.00,  0.00,  0.00,  0.0,  0.0,  0.0
1036774.86647480, 44842.564343,    0.0,    2.0, -2.0,  0.00,  0.00,  0.00,  0.0,  0.0,  0.0
1036774.86897480, 44844.141221,    0.0,    2.0, -2.0,  0.00,  0.00,  0.00,  0.0,  0.0,  0.0
1036774.87147480, 44844.624267,    0.0,    2.0, -2.0,  0.00,  0.00,  0.00,  0.0,  0.0,  0.0
1036774.87397480, 44843.831102,    0.0,    2.0, -2.0,  0.00,  0.00,  0.00,  0.0,  0.0,  0.0
1036774.87647480, 44842.079946,    0.0,    2.0, -2.0,  0.00,  0.00,  0.00,  0.0,  0.0,  0.0
1036774.87897480, 44840.733062,    0.0,    2.0, -2.0,  0.00,  0.00,  0.00,  0.0,  0.0,  0.0
1036774.88147480, 44839.929990,    0.0,    2.0, -2.0,  0.00,  0.00,  0.00,  0.0,  0.0,  0.0
1036774.88397480, 44839.830631,    0.0,    2.0, -2.0,  0.00,  0.00,  0.00,  0.0,  0.0,  0.0
1036774.88647480, 44841.587366,    0.0,    2.0, -2.0,  0.00,  0.00,  0.00,  0.0,  0.0,  0.0
1036774.88897480, 44843.232116,    0.0,    2.0, -2.0,  0.00,  0.00,  0.00,  0.0,  0.0,  0.0
1036774.89147480, 44844.462187,    0.0,    2.0, -2.0,  0.00,  0.00,  0.00,  0.0,  0.0,  0.0
1036774.89397480, 44843.803986,    0.0,    2.0, -2.0,  0.00,  0.00,  0.00,  0.0,  0.0,  0.0
1036774.89647480, 44843.085936,    0.0,    2.0, -2.0,  0.00,  0.00,  0.00,  0.0,  0.0,  0.0
1036774.89897480, 44843.085936,    0.0,    2.0, -2.0,  0.00,  0.00,  0.00,  0.0,  0.0,  0.0
1036774.90147480, 44840.010120,    0.0,    2.0, -2.0,  0.00,  0.00,  0.00,  0.0,  0.0,  0.0
1036774.90397480, 44840.097629,    0.0,    2.0, -2.0,  0.00,  0.00,  0.00,  0.0,  0.0,  0.0
1036774.90647480, 44840.754903,    0.0,    2.0, -2.0,  0.00,  0.00,  0.00,  0.0,  0.0,  0.0
1036774.90897480, 44841.463789,    0.0,    2.0, -2.0,  0.00,  0.00,  0.00,  0.0,  0.0,  0.0
1036774.91147480, 44843.421766,    0.0,    2.0, -2.0,  0.00,  0.00,  0.00,  0.0,  0.0,  0.0
1036774.91647480, 44843.118008,    0.0,    2.0, -2.0,  0.00,  0.00,  0.00,  0.0,  0.0,  0.0
1036774.91897480, 44841.933346,    0.0,    2.0, -2.0,  0.00,  0.00,  0.00,  0.0,  0.0,  0.0
1036774.92147480, 44840.128936,    0.0,    2.0, -2.0,  0.00,  0.00,  0.00,  0.0,  0.0,  0.0
1036774.92397480, 44840.528532,    0.0,    2.0, -2.0,  0.00,  0.00,  0.00,  0.0,  0.0,  0.0
1036774.92647480, 44842.103390,    0.0,    2.0, -2.0,  0.00,  0.00,  0.00,  0.0,  0.0,  0.0
1036774.92897480, 44843.562979,    0.0,    2.0, -2.0,  0.00,  0.00,  0.00,  0.0,  0.0,  0.0
1036774.93147480, 44845.152074,    0.0,    2.0, -2.0,  0.00,  0.00,  0.00,  0.0,  0.0,  0.0
1036774.93397480, 44844.027583,    0.0,    2.0, -2.0,  0.00,  0.00,  0.00,  0.0,  0.0,  0.0
1036774.93647480, 44839.981780,    0.0,    2.0, -2.0,  0.00,  0.00,  0.00,  0.0,  0.0,  0.0
1036774.93897480, 44841.114403,    0.0,    2.0, -2.0,  0.00,  0.00,  0.00,  0.0,  0.0,  0.0
1036774.94147480, 44844.067556,    0.0,    2.0, -2.0,  0.00,  0.00,  0.00,  0.0,  0.0,  0.0
1036774.94397480, 44845.610829,    0.0,    2.0, -2.0,  0.00,  0.00,  0.00,  0.0,  0.0,  0.0
1036774.94647480, 44847.487700,    0.0,    2.0, -2.0,  0.00,  0.00,  0.00,  0.0,  0.0,  0.0
1036774.94897480, 44847.954480,    0.0,    2.0, -2.0,  0.00,  0.00,  0.00,  0.0,  0.0,  0.0
1036774.95147480, 44843.730459,    0.0,    2.0, -2.0,  0.00,  0.00,  0.00,  0.0,  0.0,  0.0
1036774.95397480, 44842.120519,    0.0,    2.0, -2.0,  0.00,  0.00,  0.00,  0.0,  0.0,  0.0
1036774.95647480, 44844.089664,    0.0,    2.0, -2.0,  0.00,  0.00,  0.00,  0.0,  0.0,  0.0
1036774.95897480, 44843.341895,    0.0,    2.0, -2.0,  0.00,  0.00,  0.00,  0.0,  0.0,  0.0
1036774.96147480, 44842.594126,    0.0,    2.0, -2.0,  0.00,  0.00,  0.00,  0.0,  0.0,  0.0
1036774.96397480, 44841.160535,    0.0,    2.0, -2.0,  0.00,  0.00,  0.00,  0.0,  0.0,  0.0
1036774.96647480, 44840.349089,    0.0,    2.0, -2.0,  0.00,  0.00,  0.00,  0.0,  0.0,  0.0
1036774.96897480, 44841.433194,    0.0,    2.0, -2.0,  0.00,  0.00,  0.00,  0.0,  0.0,  0.0
1036774.97147480, 44843.555233,    0.0,    2.0, -2.0,  0.00,  0.00,  0.00,  0.0,  0.0,  0.0
1036774.97397480, 44843.999319,    0.0,    2.0, -2.0,  0.00,  0.00,  0.00,  0.0,  0.0,  0.0
1036774.97647480, 44842.925574,    0.0,    2.0, -2.0,  0.00,  0.00,  0.00,  0.0,  0.0,  0.0
1036774.97897480, 44842.925574,    0.0,    2.0, -2.0,  0.00,  0.00,  0.00,  0.0,  0.0,  0.0
1036774.98147480, 44839.595986,    0.0,    2.0, -2.0,  0.00,  0.00,  0.00,  0.0,  0.0,  0.0
1036774.98397480, 44838.526127,    0.0,    2.0, -2.0,  0.00,  0.00,  0.00,  0.0,  0.0,  0.0
1036774.98647480, 44838.702683,    0.0,    2.0, -2.0,  0.00,  0.00,  0.00,  0.0,  0.0,  0.0
1036774.98897480, 44840.949857,    0.0,    2.0, -2.0,  0.00,  0.00,  0.00,  0.0,  0.0,  0.0
1036774.99147480, 44844.953519,    0.0,    2.0, -2.0,  0.00,  0.00,  0.00,  0.0,  0.0,  0.0
1036774.99397480, 44844.294844,    0.0,    2.0, -2.0,  0.00,  0.00,  0.00,  0.0,  0.0,  0.0
1036774.99647480, 44842.641583,    0.0,    2.0, -2.0,  0.00,  0.00,  0.00,  0.0,  0.0,  0.0
1036774.99897480, 44840.295195,    0.0,    2.0, -2.0,  0.00,  0.00,  0.00,  0.0,  0.0,  0.0
1036775.00147480, 44837.962623,    0.0,    2.0, -2.0,  0.00,  0.00,  0.00,  0.0,  0.0,  0.0
1036775.00397480, 44837.860427,    0.0,    2.0, -2.0,  0.00,  0.00,  0.00,  0.0,  0.0,  0.0
1036775.00647480, 44838.221618,    0.0,    2.0, -2.0,  0.00,  0.00,  0.00,  0.0,  0.0,  0.0
1036775.00897480, 44841.741700,    0.0,    2.0, -2.0,  0.00,  0.00,  0.00,  0.0,  0.0,  0.0
1036775.01147480, 44843.965656,    0.0,    2.0, -2.0,  0.00,  0.00,  0.00,  0.0,  0.0,  0.0
1036775.01397480, 44844.337828,    0.0,    2.0, -2.0,  0.00,  0.00,  0.00,  0.0,  0.0,  0.0
1036775.01647480, 44844.293997,    0.0,    2.0, -2.0,  0.00,  0.00,  0.00,  0.0,  0.0,  0.0
1036775.01897480, 44842.508555,    0.0,    2.0, -2.0,  0.00,  0.00,  0.00,  0.0,  0.0,  0.0
1036775.02147480, 44841.659888,    0.0,    2.0, -2.0,  0.00,  0.00,  0.00,  0.0,  0.0,  0.0
1036775.02397480, 44841.722600,    0.0,    2.0, -2.0,  0.00,  0.00,  0.00,  0.0,  0.0,  0.0
1036775.02647480, 44842.668994,    0.0,    2.0, -2.0,  0.00,  0.00,  0.00,  0.0,  0.0,  0.0
1036775.02897480, 44843.733265,    0.0,    2.0, -2.0,  0.00,  0.00,  0.00,  0.0,  0.0,  0.0
1036775.03147480, 44843.837245,    0.0,    2.0, -2.0,  0.00,  0.00,  0.00,  0.0,  0.0,  0.0
1036775.03647480, 44843.504038,    0.0,    2.0, -2.0,  0.00,  0.00,  0.00,  0.0,  0.0,  0.0
1036775.03897480, 44843.117405,    0.0,    2.0, -2.0,  0.00,  0.00,  0.00,  0.0,  0.0,  0.0
1036775.04147480, 44842.633081,    0.0,    2.0, -2.0,  0.00,  0.00,  0.00,  0.0,  0.0,  0.0
1036775.04397480, 44842.052553,    0.0,    2.0, -2.0,  0.00,  0.00,  0.00,  0.0,  0.0,  0.0
1036775.04647480, 44841.472025,    0.0,    2.0, -2.0,  0.00,  0.00,  0.00,  0.0,  0.0,  0.0
1036775.04897480, 44842.366063,    0.0,    2.0, -2.0,  0.00,  0.00,  0.00,  0.0,  0.0,  0.0
1036775.05147480, 44844.956807,    0.0,    2.0, -2.0,  0.00,  0.00,  0.00,  0.0,  0.0,  0.0
1036775.05397480, 44844.704379,    0.0,    2.0, -2.0,  0.00,  0.00,  0.00,  0.0,  0.0,  0.0
1036775.05647480, 44843.093815,    0.0,    2.0, -2.0,  0.00,  0.00,  0.00,  0.0,  0.0,  0.0
1036775.05897480, 44841.174535,    0.0,    2.0, -2.0,  0.00,  0.00,  0.00,  0.0,  0.0,  0.0
1036775.06147480, 44840.798103,    0.0,    2.0, -2.0,  0.00,  0.00,  0.00,  0.0,  0.0,  0.0
1036775.06397480, 44841.996890,    0.0,    2.0, -2.0,  0.00,  0.00,  0.00,  0.0,  0.0,  0.0
1036775.06647480, 44844.364659,    0.0,    2.0, -2.0,  0.00,  0.00,  0.00,  0.0,  0.0,  0.0
1036775.06897480, 44845.772125,    0.0,    2.0, -2.0,  0.00,  0.00,  0.00,  0.0,  0.0,  0.0
1036775.07147480, 44845.919000,    0.0,    2.0, -2.0,  0.00,  0.00,  0.00,  0.0,  0.0,  0.0
1036775.07397480, 44843.592979,    0.0,    2.0, -2.0,  0.00,  0.00,  0.00,  0.0,  0.0,  0.0
1036775.07647480, 44841.123814,    0.0,    2.0, -2.0,  0.00,  0.00,  0.00,  0.0,  0.0,  0.0
1036775.07897480, 44840.002706,    0.0,    2.0, -2.0,  0.00,  0.00,  0.00,  0.0,  0.0,  0.0
1036775.08147480, 44839.668689,    0.0,    2.0, -2.0,  0.00,  0.00,  0.00,  0.0,  0.0,  0.0
1036775.08397480, 44840.135133,    0.0,    2.0, -2.0,  0.00,  0.00,  0.00,  0.0,  0.0,  0.0
1036775.08647480, 44841.481066,    0.0,    2.0, -2.0,  0.00,  0.00,  0.00,  0.0,  0.0,  0.0
1036775.08897480, 44844.306204,    0.0,    2.0, -2.0,  0.00,  0.00,  0.00,  0.0,  0.0,  0.0
1036775.09147480, 44845.698282,    0.0,    2.0, -2.0,  0.00,  0.00,  0.00,  0.0,  0.0,  0.0
1036775.09397480, 44845.656277,    0.0,    2.0, -2.0,  0.00,  0.00,  0.00,  0.0,  0.0,  0.0
1036775.09647480, 44845.614273,    0.0,    2.0, -2.0,  0.00,  0.00,  0.00,  0.0,  0.0,  0.0
1036775.09897480, 44844.237841,    0.0,    2.0, -2.0,  0.00,  0.00,  0.00,  0.0,  0.0,  0.0
1036775.10147480, 44842.040613,    0.0,    2.0, -2.0,  0.00,  0.00,  0.00,  0.0,  0.0,  0.0
1036775.10397480, 44839.843384,    0.0,    2.0, -2.0,  0.00,  0.00,  0.00,  0.0,  0.0,  0.0
1036775.10647480, 44841.163654,    0.0,    2.0, -2.0,  0.00,  0.00,  0.00,  0.0,  0.0,  0.0
1036775.10897480, 44842.749850,    0.0,    2.0, -2.0,  0.00,  0.00,  0.00,  0.0,  0.0,  0.0
1036775.11147480, 44844.458823,    0.0,    2.0, -2.0,  0.00,  0.00,  0.00,  0.0,  0.0,  0.0
1036775.11397480, 44844.792261,    0.0,    2.0, -2.0,  0.00,  0.00,  0.00,  0.0,  0.0,  0.0
1036775.11647480, 44843.435657,    0.0,    2.0, -2.0,  0.00,  0.00,  0.00,  0.0,  0.0,  0.0
1036775.11897480, 44840.889101,    0.0,    2.0, -2.0,  0.00,  0.00,  0.00,  0.0,  0.0,  0.0
1036775.12147480, 44839.157949,    0.0,    2.0, -2.0,  0.00,  0.00,  0.00,  0.0,  0.0,  0.0
1036775.12397480, 44840.094857,    0.0,    2.0, -2.0,  0.00,  0.00,  0.00,  0.0,  0.0,  0.0
1036775.12647480, 44840.509451,    0.0,    2.0, -2.0,  0.00,  0.00,  0.00,  0.0,  0.0,  0.0
1036775.12897480, 44842.957153,    0.0,    2.0, -2.0,  0.00,  0.00,  0.00,  0.0,  0.0,  0.0
1036775.13147480, 44844.692059,    0.0,    2.0, -2.0,  0.00,  0.00,  0.00,  0.0,  0.0,  0.0
1036775.13397480, 44844.877182,    0.0,    2.0, -2.0,  0.00,  0.00,  0.00,  0.0,  0.0,  0.0
1036775.13647480, 44843.233699,    0.0,    2.0, -2.0,  0.00,  0.00,  0.00,  0.0,  0.0,  0.0
1036775.13897480, 44840.683670,    0.0,    2.0, -2.0,  0.00,  0.00,  0.00,  0.0,  0.0,  0.0
1036775.14147480, 44840.060437,    0.0,    2.0, -2.0,  0.00,  0.00,  0.00,  0.0,  0.0,  0.0
1036775.14397480, 44839.929694,    0.0,    2.0, -2.0,  0.00,  0.00,  0.00,  0.0,  0.0,  0.0
1036775.14647480, 44840.758179,    0.0,    2.0, -2.0,  0.00,  0.00,  0.00,  0.0,  0.0,  0.0
1036775.14897480, 44841.586664,    0.0,    2.0, -2.0,  0.00,  0.00,  0.00,  0.0,  0.0,  0.0
1036775.15147480, 44844.207905,    0.0,    2.0, -2.0,  0.00,  0.00,  0.00,  0.0,  0.0,  0.0
1036775.15397480, 44843.786309,    0.0,    2.0, -2.0,  0.00,  0.00,  0.00,  0.0,  0.0,  0.0
1036775.15647480, 44842.943692,    0.0,    2.0, -2.0,  0.00,  0.00,  0.00,  0.0,  0.0,  0.0
1036775.15897480, 44842.235324,    0.0,    2.0, -2.0,  0.00,  0.00,  0.00,  0.0,  0.0,  0.0
1036775.16147480, 44841.618540,    0.0,    2.0, -2.0,  0.00,  0.00,  0.00,  0.0,  0.0,  0.0
1036775.16397480, 44841.349131,    0.0,    2.0, -2.0,  0.00,  0.00,  0.00,  0.0,  0.0,  0.0
1036775.16647480, 44841.079723,    0.0,    2.0, -2.0,  0.00,  0.00,  0.00,  0.0,  0.0,  0.0
1036775.16897480, 44842.571154,    0.0,    2.0, -2.0,  0.00,  0.00,  0.00,  0.0,  0.0,  0.0
1036775.17147480, 44844.786562,    0.0,    2.0, -2.0,  0.00,  0.00,  0.00,  0.0,  0.0,  0.0
1036775.17397480, 44844.684462,    0.0,    2.0, -2.0,  0.00,  0.00,  0.00,  0.0,  0.0,  0.0
1036775.17647480, 44843.042486,    0.0,    2.0, -2.0,  0.00,  0.00,  0.00,  0.0,  0.0,  0.0
1036775.17897480, 44841.556220,    0.0,    2.0, -2.0,  0.00,  0.00,  0.00,  0.0,  0.0,  0.0
1036775.18147480, 44840.964141,    0.0,    2.0, -2.0,  0.00,  0.00,  0.00,  0.0,  0.0,  0.0
1036775.18397480, 44841.708338,    0.0,    2.0, -2.0,  0.00,  0.00,  0.00,  0.0,  0.0,  0.0
1036775.18647480, 44843.347929,    0.0,    2.0, -2.0,  0.00,  0.00,  0.00,  0.0,  0.0,  0.0
1036775.18897480, 44844.774866,    0.0,    2.0, -2.0,  0.00,  0.00,  0.00,  0.0,  0.0,  0.0
1036775.19147480, 44845.184386,    0.0,    2.0, -2.0,  0.00,  0.00,  0.00,  0.0,  0.0,  0.0
1036775.19397480, 44844.230158,    0.0,    2.0, -2.0,  0.00,  0.00,  0.00,  0.0,  0.0,  0.0
1036775.19647480, 44842.391388,    0.0,    2.0, -2.0,  0.00,  0.00,  0.00,  0.0,  0.0,  0.0
1036775.19897480, 44841.460933,    0.0,    2.0, -2.0,  0.00,  0.00,  0.00,  0.0,  0.0,  0.0
1036775.20147480, 44839.795654,    0.0,    2.0, -2.0,  0.00,  0.00,  0.00,  0.0,  0.0,  0.0
1036775.20397480, 44840.181975,    0.0,    2.0, -2.0,  0.00,  0.00,  0.00,  0.0,  0.0,  0.0
1036775.20647480, 44841.582055,    0.0,    2.0, -2.0,  0.00,  0.00,  0.00,  0.0,  0.0,  0.0
1036775.20897480, 44842.642712,    0.0,    2.0, -2.0,  0.00,  0.00,  0.00,  0.0,  0.0,  0.0
1036775.21147480, 44843.703368,    0.0,    2.0, -2.0,  0.00,  0.00,  0.00,  0.0,  0.0,  0.0
1036775.21397480, 44844.697067,    0.0,    2.0, -2.0,  0.00,  0.00,  0.00,  0.0,  0.0,  0.0
1036775.21647480, 44844.208395,    0.0,    2.0, -2.0,  0.00,  0.00,  0.00,  0.0,  0.0,  0.0
1036775.21897480, 44843.719723,    0.0,    2.0, -2.0,  0.00,  0.00,  0.00,  0.0,  0.0,  0.0
1036775.22147480, 44841.805891,    0.0,    2.0, -2.0,  0.00,  0.00,  0.00,  0.0,  0.0,  0.0
1036775.22397480, 44839.664877,    0.0,    2.0, -2.0,  0.00,  0.00,  0.00,  0.0,  0.0,  0.0
1036775.22647480, 44839.664877,    0.0,    2.0, -2.0,  0.00,  0.00,  0.00,  0.0,  0.0,  0.0
1036775.22897480, 44840.508070,    0.0,    2.0, -2.0,  0.00,  0.00,  0.00,  0.0,  0.0,  0.0
1036775.23147480, 44842.546741,    0.0,    2.0, -2.0,  0.00,  0.00,  0.00,  0.0,  0.0,  0.0
1036775.23397480, 44843.841186,    0.0,    2.0, -2.0,  0.00,  0.00,  0.00,  0.0,  0.0,  0.0
1036775.23647480, 44843.111157,    0.0,    2.0, -2.0,  0.00,  0.00,  0.00,  0.0,  0.0,  0.0
1036775.23897480, 44842.016126,    0.0,    2.0, -2.0,  0.00,  0.00,  0.00,  0.0,  0.0,  0.0
1036775.24397480, 44840.017693,    0.0,    2.0, -2.0,  0.00,  0.00,  0.00,  0.0,  0.0,  0.0
1036775.24647480, 44841.232495,    0.0,    2.0, -2.0,  0.00,  0.00,  0.00,  0.0,  0.0,  0.0
1036775.24897480, 44843.611220,    0.0,    2.0, -2.0,  0.00,  0.00,  0.00,  0.0,  0.0,  0.0
1036775.25147480, 44844.632405,    0.0,    2.0, -2.0,  0.00,  0.00,  0.00,  0.0,  0.0,  0.0
1036775.25397480, 44844.721630,    0.0,    2.0, -2.0,  0.00,  0.00,  0.00,  0.0,  0.0,  0.0
1036775.25647480, 44842.109780,    0.0,    2.0, -2.0,  0.00,  0.00,  0.00,  0.0,  0.0,  0.0
1036775.25897480, 44841.150899,    0.0,    2.0, -2.0,  0.00,  0.00,  0.00,  0.0,  0.0,  0.0
1036775.26147480, 44840.093680,    0.0,    2.0, -2.0,  0.00,  0.00,  0.00,  0.0,  0.0,  0.0
1036775.26397480, 44840.964296,    0.0,    2.0, -2.0,  0.00,  0.00,  0.00,  0.0,  0.0,  0.0
1036775.26647480, 44843.016904,    0.0,    2.0, -2.0,  0.00,  0.00,  0.00,  0.0,  0.0,  0.0
1036775.26897480, 44843.727384,    0.0,    2.0, -2.0,  0.00,  0.00,  0.00,  0.0,  0.0,  0.0
1036775.27147480, 44844.396706,    0.0,    2.0, -2.0,  0.00,  0.00,  0.00,  0.0,  0.0,  0.0
1036775.27397480, 44844.868533,    0.0,    2.0, -2.0,  0.00,  0.00,  0.00,  0.0,  0.0,  0.0
1036775.27647480, 44843.869937,    0.0,    2.0, -2.0,  0.00,  0.00,  0.00,  0.0,  0.0,  0.0
1036775.27897480, 44841.888284,    0.0,    2.0, -2.0,  0.00,  0.00,  0.00,  0.0,  0.0,  0.0
1036775.28147480, 44841.418023,    0.0,    2.0, -2.0,  0.00,  0.00,  0.00,  0.0,  0.0,  0.0
1036775.28397480, 44841.026387,    0.0,    2.0, -2.0,  0.00,  0.00,  0.00,  0.0,  0.0,  0.0
1036775.28647480, 44841.420520,    0.0,    2.0, -2.0,  0.00,  0.00,  0.00,  0.0,  0.0,  0.0
1036775.28897480, 44841.814653,    0.0,    2.0, -2.0,  0.00,  0.00,  0.00,  0.0,  0.0,  0.0
1036775.29147480, 44843.157673,    0.0,    2.0, -2.0,  0.00,  0.00,  0.00,  0.0,  0.0,  0.0
1036775.29397480, 44844.844966,    0.0,    2.0, -2.0,  0.00,  0.00,  0.00,  0.0,  0.0,  0.0
1036775.29647480, 44843.784752,    0.0,    2.0, -2.0,  0.00,  0.00,  0.00,  0.0,  0.0,  0.0
1036775.29897480, 44842.026002,    0.0,    2.0, -2.0,  0.00,  0.00,  0.00,  0.0,  0.0,  0.0
1036775.30147480, 44840.539484,    0.0,    2.0, -2.0,  0.00,  0.00,  0.00,  0.0,  0.0,  0.0
1036775.30397480, 44841.127768,    0.0,    2.0, -2.0,  0.00,  0.00,  0.00,  0.0,  0.0,  0.0
1036775.30647480, 44842.459063,    0.0,    2.0, -2.0,  0.00,  0.00,  0.00,  0.0,  0.0,  0.0
1036775.30897480, 44844.465298,    0.0,    2.0, -2.0,  0.00,  0.00,  0.00,  0.0,  0.0,  0.0
1036775.31147480, 44844.799066,    0.0,    2.0, -2.0,  0.00,  0.00,  0.00,  0.0,  0.0,  0.0
1036775.31397480, 44844.582649,    0.0,    2.0, -2.0,  0.00,  0.00,  0.00,  0.0,  0.0,  0.0
1036775.31647480, 44842.573047,    0.0,    2.0, -2.0,  0.00,  0.00,  0.00,  0.0,  0.0,  0.0
1036775.31897480, 44840.243216,    0.0,    2.0, -2.0,  0.00,  0.00,  0.00,  0.0,  0.0,  0.0
1036775.32147480, 44839.565090,    0.0,    2.0, -2.0,  0.00,  0.00,  0.00,  0.0,  0.0,  0.0
1036775.32397480, 44839.568660,    0.0,    2.0, -2.0,  0.00,  0.00,  0.00,  0.0,  0.0,  0.0
1036775.32647480, 44841.421298,    0.0,    2.0, -2.0,  0.00,  0.00,  0.00,  0.0,  0.0,  0.0
1036775.32897480, 44843.383757,    0.0,    2.0, -2.0,  0.00,  0.00,  0.00,  0.0,  0.0,  0.0
1036775.33147480, 44844.118866,    0.0,    2.0, -2.0,  0.00,  0.00,  0.00,  0.0,  0.0,  0.0
1036775.33397480, 44844.011535,    0.0,    2.0, -2.0,  0.00,  0.00,  0.00,  0.0,  0.0,  0.0
1036775.33647480, 44843.691212,    0.0,    2.0, -2.0,  0.00,  0.00,  0.00,  0.0,  0.0,  0.0
1036775.33897480, 44840.195212,    0.0,    2.0, -2.0,  0.00,  0.00,  0.00,  0.0,  0.0,  0.0
1036775.34147480, 44839.475725,    0.0,    2.0, -2.0,  0.00,  0.00,  0.00,  0.0,  0.0,  0.0
1036775.34397480, 44839.521800,    0.0,    2.0, -2.0,  0.00,  0.00,  0.00,  0.0,  0.0,  0.0
1036775.34647480, 44841.071757,    0.0,    2.0, -2.0,  0.00,  0.00,  0.00,  0.0,  0.0,  0.0
1036775.34897480, 44842.572777,    0.0,    2.0, -2.0,  0.00,  0.00,  0.00,  0.0,  0.0,  0.0
1036775.35147480, 44842.572777,    0.0,    2.0, -2.0,  0.00,  0.00,  0.00,  0.0,  0.0,  0.0
1036775.35397480, 44843.020041,    0.0,    2.0, -2.0,  0.00,  0.00,  0.00,  0.0,  0.0,  0.0
1036775.35647480, 44843.595079,    0.0,    2.0, -2.0,  0.00,  0.00,  0.00,  0.0,  0.0,  0.0
1036775.35897480, 44842.366750,    0.0,    2.0, -2.0,  0.00,  0.00,  0.00,  0.0,  0.0,  0.0
1036775.36397480, 44840.366188,    0.0,    2.0, -2.0,  0.00,  0.00,  0.00,  0.0,  0.0,  0.0
1036775.36647480, 44842.572235,    0.0,    2.0, -2.0,  0.00,  0.00,  0.00,  0.0,  0.0,  0.0
1036775.36897480, 44843.235607,    0.0,    2.0, -2.0,  0.00,  0.00,  0.00,  0.0,  0.0,  0.0
1036775.37147480, 44844.338928,    0.0,    2.0, -2.0,  0.00,  0.00,  0.00,  0.0,  0.0,  0.0
1036775.37397480, 44844.055078,    0.0,    2.0, -2.0,  0.00,  0.00,  0.00,  0.0,  0.0,  0.0
1036775.37647480, 44842.092346,    0.0,    2.0, -2.0,  0.00,  0.00,  0.00,  0.0,  0.0,  0.0
1036775.37897480, 44841.482314,    0.0,    2.0, -2.0,  0.00,  0.00,  0.00,  0.0,  0.0,  0.0
1036775.38147480, 44840.148251,    0.0,    2.0, -2.0,  0.00,  0.00,  0.00,  0.0,  0.0,  0.0
1036775.38397480, 44841.188559,    0.0,    2.0, -2.0,  0.00,  0.00,  0.00,  0.0,  0.0,  0.0
1036775.38647480, 44843.335484,    0.0,    2.0, -2.0,  0.00,  0.00,  0.00,  0.0,  0.0,  0.0
1036775.38897480, 44843.812911,    0.0,    2.0, -2.0,  0.00,  0.00,  0.00,  0.0,  0.0,  0.0
1036775.39147480, 44845.126472,    0.0,    2.0, -2.0,  0.00,  0.00,  0.00,  0.0,  0.0,  0.0
1036775.39397480, 44844.811168,    0.0,    2.0, -2.0,  0.00,  0.00,  0.00,  0.0,  0.0,  0.0
1036775.39647480, 44844.308921,    0.0,    2.0, -2.0,  0.00,  0.00,  0.00,  0.0,  0.0,  0.0
1036775.39897480, 44842.509640,    0.0,    2.0, -2.0,  0.00,  0.00,  0.00,  0.0,  0.0,  0.0
1036775.40147480, 44840.711520,    0.0,    2.0, -2.0,  0.00,  0.00,  0.00,  0.0,  0.0,  0.0
1036775.40397480, 44840.809718,    0.0,    2.0, -2.0,  0.00,  0.00,  0.00,  0.0,  0.0,  0.0
1036775.40647480, 44840.907916,    0.0,    2.0, -2.0,  0.00,  0.00,  0.00,  0.0,  0.0,  0.0
1036775.40897480, 44843.157652,    0.0,    2.0, -2.0,  0.00,  0.00,  0.00,  0.0,  0.0,  0.0
1036775.41147480, 44845.522499,    0.0,    2.0, -2.0,  0.00,  0.00,  0.00,  0.0,  0.0,  0.0
1036775.41397480, 44845.542796,    0.0,    2.0, -2.0,  0.00,  0.00,  0.00,  0.0,  0.0,  0.0
1036775.41647480, 44844.944566,    0.0,    2.0, -2.0,  0.00,  0.00,  0.00,  0.0,  0.0,  0.0
1036775.41897480, 44844.277734,    0.0,    2.0, -2.0,  0.00,  0.00,  0.00,  0.0,  0.0,  0.0
1036775.42147480, 44842.273312,    0.0,    2.0, -2.0,  0.00,  0.00,  0.00,  0.0,  0.0,  0.0
1036775.42397480, 44841.145105,    0.0,    2.0, -2.0,  0.00,  0.00,  0.00,  0.0,  0.0,  0.0
1036775.42647480, 44843.030565,    0.0,    2.0, -2.0,  0.00,  0.00,  0.00,  0.0,  0.0,  0.0
1036775.42897480, 44844.949320,    0.0,    2.0, -2.0,  0.00,  0.00,  0.00,  0.0,  0.0,  0.0
1036775.43147480, 44845.151866,    0.0,    2.0, -2.0,  0.00,  0.00,  0.00,  0.0,  0.0,  0.0
1036775.43397480, 44844.968908,    0.0,    2.0, -2.0,  0.00,  0.00,  0.00,  0.0,  0.0,  0.0
1036775.43647480, 44842.998560,    0.0,    2.0, -2.0,  0.00,  0.00,  0.00,  0.0,  0.0,  0.0
1036775.43897480, 44841.353468,    0.0,    2.0, -2.0,  0.00,  0.00,  0.00,  0.0,  0.0,  0.0
1036775.44147480, 44839.843862,    0.0,    2.0, -2.0,  0.00,  0.00,  0.00,  0.0,  0.0,  0.0
1036775.44397480, 44840.785983,    0.0,    2.0, -2.0,  0.00,  0.00,  0.00,  0.0,  0.0,  0.0
1036775.44647480, 44842.535861,    0.0,    2.0, -2.0,  0.00,  0.00,  0.00,  0.0,  0.0,  0.0
1036775.44897480, 44843.996299,    0.0,    2.0, -2.0,  0.00,  0.00,  0.00,  0.0,  0.0,  0.0
1036775.45147480, 44844.274446,    0.0,    2.0, -2.0,  0.00,  0.00,  0.00,  0.0,  0.0,  0.0
1036775.45397480, 44844.208471,    0.0,    2.0, -2.0,  0.00,  0.00,  0.00,  0.0,  0.0,  0.0
1036775.45647480, 44844.208471,    0.0,    2.0, -2.0,  0.00,  0.00,  0.00,  0.0,  0.0,  0.0
1036775.45897480, 44841.444623,    0.0,    2.0, -2.0,  0.00,  0.00,  0.00,  0.0,  0.0,  0.0
1036775.46147480, 44840.911903,    0.0,    2.0, -2.0,  0.00,  0.00,  0.00,  0.0,  0.0,  0.0
1036775.46397480, 44840.522351,    0.0,    2.0, -2.0,  0.00,  0.00,  0.00,  0.0,  0.0,  0.0
1036775.46647480, 44840.233126,    0.0,    2.0, -2.0,  0.00,  0.00,  0.00,  0.0,  0.0,  0.0
1036775.46897480, 44841.481856,    0.0,    2.0, -2.0,  0.00,  0.00,  0.00,  0.0,  0.0,  0.0
1036775.47147480, 44842.730585,    0.0,    2.0, -2.0,  0.00,  0.00,  0.00,  0.0,  0.0,  0.0
1036775.47397480, 44843.177250,    0.0,    2.0, -2.0,  0.00,  0.00,  0.00,  0.0,  0.0,  0.0
1036775.47647480, 44842.679255,    0.0,    2.0, -2.0,  0.00,  0.00,  0.00,  0.0,  0.0,  0.0
1036775.47897480, 44841.502444,    0.0,    2.0, -2.0,  0.00,  0.00,  0.00,  0.0,  0.0,  0.0
1036775.48147480, 44840.745123,    0.0,    2.0, -2.0,  0.00,  0.00,  0.00,  0.0,  0.0,  0.0
1036775.48397480, 44840.149675,    0.0,    2.0, -2.0,  0.00,  0.00,  0.00,  0.0,  0.0,  0.0
1036775.48647480, 44841.597276,    0.0,    2.0, -2.0,  0.00,  0.00,  0.00,  0.0,  0.0,  0.0
1036775.48897480, 44843.663973,    0.0,    2.0, -2.0,  0.00,  0.00,  0.00,  0.0,  0.0,  0.0
1036775.49147480, 44844.751704,    0.0,    2.0, -2.0,  0.00,  0.00,  0.00,  0.0,  0.0,  0.0
1036775.49397480, 44844.017024,    0.0,    2.0, -2.0,  0.00,  0.00,  0.00,  0.0,  0.0,  0.0
1036775.49647480, 44843.513568,    0.0,    2.0, -2.0,  0.00,  0.00,  0.00,  0.0,  0.0,  0.0
1036775.49897480, 44841.768738,    0.0,    2.0, -2.0,  0.00,  0.00,  0.00,  0.0,  0.0,  0.0
1036775.50147480, 44840.595279,    0.0,    2.0, -2.0,  0.00,  0.00,  0.00,  0.0,  0.0,  0.0
1036775.50397480, 44841.393808,    0.0,    2.0, -2.0,  0.00,  0.00,  0.00,  0.0,  0.0,  0.0
1036775.50647480, 44842.006164,    0.0,    2.0, -2.0,  0.00,  0.00,  0.00,  0.0,  0.0,  0.0
1036775.50897480, 44843.754021,    0.0,    2.0, -2.0,  0.00,  0.00,  0.00,  0.0,  0.0,  0.0
1036775.51147480, 44844.616023,    0.0,    2.0, -2.0,  0.00,  0.00,  0.00,  0.0,  0.0,  0.0
1036775.51397480, 44844.506561,    0.0,    2.0, -2.0,  0.00,  0.00,  0.00,  0.0,  0.0,  0.0
1036775.51647480, 44843.963094,    0.0,    2.0, -2.0,  0.00,  0.00,  0.00,  0.0,  0.0,  0.0
1036775.51897480, 44843.419627,    0.0,    2.0, -2.0,  0.00,  0.00,  0.00,  0.0,  0.0,  0.0
1036775.52147480, 44840.732094,    0.0,    2.0, -2.0,  0.00,  0.00,  0.00,  0.0,  0.0,  0.0
1036775.52397480, 44841.115954,    0.0,    2.0, -2.0,  0.00,  0.00,  0.00,  0.0,  0.0,  0.0
1036775.52647480, 44841.633877,    0.0,    2.0, -2.0,  0.00,  0.00,  0.00,  0.0,  0.0,  0.0
1036775.52897480, 44842.151799,    0.0,    2.0, -2.0,  0.00,  0.00,  0.00,  0.0,  0.0,  0.0
1036775.53147480, 44844.361922,    0.0,    2.0, -2.0,  0.00,  0.00,  0.00,  0.0,  0.0,  0.0
1036775.53397480, 44845.015500,    0.0,    2.0, -2.0,  0.00,  0.00,  0.00,  0.0,  0.0,  0.0
1036775.53647480, 44845.046510,    0.0,    2.0, -2.0,  0.00,  0.00,  0.00,  0.0,  0.0,  0.0
1036775.53897480, 44843.933094,    0.0,    2.0, -2.0,  0.00,  0.00,  0.00,  0.0,  0.0,  0.0
1036775.54147480, 44842.514141,    0.0,    2.0, -2.0,  0.00,  0.00,  0.00,  0.0,  0.0,  0.0
1036775.54397480, 44841.811163,    0.0,    2.0, -2.0,  0.00,  0.00,  0.00,  0.0,  0.0,  0.0
1036775.54647480, 44841.728203,    0.0,    2.0, -2.0,  0.00,  0.00,  0.00,  0.0,  0.0,  0.0
1036775.54897480, 44843.436443,    0.0,    2.0, -2.0,  0.00,  0.00,  0.00,  0.0,  0.0,  0.0
1036775.55147480, 44844.708945,    0.0,    2.0, -2.0,  0.00,  0.00,  0.00,  0.0,  0.0,  0.0
1036775.55397480, 44843.636480,    0.0,    2.0, -2.0,  0.00,  0.00,  0.00,  0.0,  0.0,  0.0
1036775.55647480, 44842.957646,    0.0,    2.0, -2.0,  0.00,  0.00,  0.00,  0.0,  0.0,  0.0
1036775.55897480, 44840.678596,    0.0,    2.0, -2.0,  0.00,  0.00,  0.00,  0.0,  0.0,  0.0
1036775.56147480, 44839.685195,    0.0,    2.0, -2.0,  0.00,  0.00,  0.00,  0.0,  0.0,  0.0
1036775.56397480, 44840.807865,    0.0,    2.0, -2.0,  0.00,  0.00,  0.00,  0.0,  0.0,  0.0
1036775.56647480, 44841.428860,    0.0,    2.0, -2.0,  0.00,  0.00,  0.00,  0.0,  0.0,  0.0
1036775.56897480, 44843.486391,    0.0,    2.0, -2.0,  0.00,  0.00,  0.00,  0.0,  0.0,  0.0
1036775.57147480, 44844.459112,    0.0,    2.0, -2.0,  0.00,  0.00,  0.00,  0.0,  0.0,  0.0
1036775.57397480, 44843.273779,    0.0,    2.0, -2.0,  0.00,  0.00,  0.00,  0.0,  0.0,  0.0
1036775.57647480, 44842.658303,    0.0,    2.0, -2.0,  0.00,  0.00,  0.00,  0.0,  0.0,  0.0
1036775.57897480, 44841.064773,    0.0,    2.0, -2.0,  0.00,  0.00,  0.00,  0.0,  0.0,  0.0
1036775.58147480, 44840.481268,    0.0,    2.0, -2.0,  0.00,  0.00,  0.00,  0.0,  0.0,  0.0
1036775.58397480, 44840.752929,    0.0,    2.0, -2.0,  0.00,  0.00,  0.00,  0.0,  0.0,  0.0
1036775.58647480, 44841.182972,    0.0,    2.0, -2.0,  0.00,  0.00,  0.00,  0.0,  0.0,  0.0
1036775.58897480, 44841.705741,    0.0,    2.0, -2.0,  0.00,  0.00,  0.00,  0.0,  0.0,  0.0
1036775.59147480, 44842.281326,    0.0,    2.0, -2.0,  0.00,  0.00,  0.00,  0.0,  0.0,  0.0
1036775.59397480, 44842.740289,    0.0,    2.0, -2.0,  0.00,  0.00,  0.00,  0.0,  0.0,  0.0
1036775.59647480, 44842.885151,    0.0,    2.0, -2.0,  0.00,  0.00,  0.00,  0.0,  0.0,  0.0
1036775.59897480, 44843.030013,    0.0,    2.0, -2.0,  0.00,  0.00,  0.00,  0.0,  0.0,  0.0
1036775.60147480, 44842.483119,    0.0,    2.0, -2.0,  0.00,  0.00,  0.00,  0.0,  0.0,  0.0
1036775.60397480, 44841.144668,    0.0,    2.0, -2.0,  0.00,  0.00,  0.00,  0.0,  0.0,  0.0
1036775.60647480, 44841.203220,    0.0,    2.0, -2.0,  0.00,  0.00,  0.00,  0.0,  0.0,  0.0
1036775.60897480, 44843.843569,    0.0,    2.0, -2.0,  0.00,  0.00,  0.00,  0.0,  0.0,  0.0
1036775.61147480, 44844.827839,    0.0,    2.0, -2.0,  0.00,  0.00,  0.00,  0.0,  0.0,  0.0
1036775.61397480, 44844.729834,    0.0,    2.0, -2.0,  0.00,  0.00,  0.00,  0.0,  0.0,  0.0
1036775.61647480, 44843.192149,    0.0,    2.0, -2.0,  0.00,  0.00,  0.00,  0.0,  0.0,  0.0
1036775.61897480, 44841.122318,    0.0,    2.0, -2.0,  0.00,  0.00,  0.00,  0.0,  0.0,  0.0
1036775.62147480, 44840.680504,    0.0,    2.0, -2.0,  0.00,  0.00,  0.00,  0.0,  0.0,  0.0
1036775.62397480, 44841.185101,    0.0,    2.0, -2.0,  0.00,  0.00,  0.00,  0.0,  0.0,  0.0
1036775.62647480, 44842.832577,    0.0,    2.0, -2.0,  0.00,  0.00,  0.00,  0.0,  0.0,  0.0
1036775.62897480, 44844.381290,    0.0,    2.0, -2.0,  0.00,  0.00,  0.00,  0.0,  0.0,  0.0
1036775.63147480, 44844.710939,    0.0,    2.0, -2.0,  0.00,  0.00,  0.00,  0.0,  0.0,  0.0
1036775.63397480, 44844.379364,    0.0,    2.0, -2.0,  0.00,  0.00,  0.00,  0.0,  0.0,  0.0
1036775.63647480, 44842.582186,    0.0,    2.0, -2.0,  0.00,  0.00,  0.00,  0.0,  0.0,  0.0
1036775.63897480, 44840.655686,    0.0,    2.0, -2.0,  0.00,  0.00,  0.00,  0.0,  0.0,  0.0
1036775.64147480, 44840.252871,    0.0,    2.0, -2.0,  0.00,  0.00,  0.00,  0.0,  0.0,  0.0
1036775.64397480, 44840.252871,    0.0,    2.0, -2.0,  0.00,  0.00,  0.00,  0.0,  0.0,  0.0
1036775.64647480, 44841.429627,    0.0,    2.0, -2.0,  0.00,  0.00,  0.00,  0.0,  0.0,  0.0
1036775.64897480, 44843.976768,    0.0,    2.0, -2.0,  0.00,  0.00,  0.00,  0.0,  0.0,  0.0
1036775.65147480, 44844.556790,    0.0,    2.0, -2.0,  0.00,  0.00,  0.00,  0.0,  0.0,  0.0
1036775.65397480, 44845.136811,    0.0,    2.0, -2.0,  0.00,  0.00,  0.00,  0.0,  0.0,  0.0
1036775.65647480, 44844.800760,    0.0,    2.0, -2.0,  0.00,  0.00,  0.00,  0.0,  0.0,  0.0
1036775.65897480, 44844.278513,    0.0,    2.0, -2.0,  0.00,  0.00,  0.00,  0.0,  0.0,  0.0
1036775.66147480, 44843.756265,    0.0,    2.0, -2.0,  0.00,  0.00,  0.00,  0.0,  0.0,  0.0
1036775.66397480, 44843.118506,    0.0,    2.0, -2.0,  0.00,  0.00,  0.00,  0.0,  0.0,  0.0
1036775.66647480, 44842.435719,    0.0,    2.0, -2.0,  0.00,  0.00,  0.00,  0.0,  0.0,  0.0
1036775.66897480, 44843.905582,    0.0,    2.0, -2.0,  0.00,  0.00,  0.00,  0.0,  0.0,  0.0
1036775.67147480, 44845.587585,    0.0,    2.0, -2.0,  0.00,  0.00,  0.00,  0.0,  0.0,  0.0
1036775.67397480, 44845.191216,    0.0,    2.0, -2.0,  0.00,  0.00,  0.00,  0.0,  0.0,  0.0
1036775.67647480, 44843.268772,    0.0,    2.0, -2.0,  0.00,  0.00,  0.00,  0.0,  0.0,  0.0
1036775.67897480, 44841.158234,    0.0,    2.0, -2.0,  0.00,  0.00,  0.00,  0.0,  0.0,  0.0
1036775.68147480, 44840.669685,    0.0,    2.0, -2.0,  0.00,  0.00,  0.00,  0.0,  0.0,  0.0
1036775.68397480, 44841.286385,    0.0,    2.0, -2.0,  0.00,  0.00,  0.00,  0.0,  0.0,  0.0
1036775.68647480, 44842.895018,    0.0,    2.0, -2.0,  0.00,  0.00,  0.00,  0.0,  0.0,  0.0
1036775.68897480, 44844.564398,    0.0,    2.0, -2.0,  0.00,  0.00,  0.00,  0.0,  0.0,  0.0
1036775.69147480, 44845.192025,    0.0,    2.0, -2.0,  0.00,  0.00,  0.00,  0.0,  0.0,  0.0
1036775.69397480, 44844.485632,    0.0,    2.0, -2.0,  0.00,  0.00,  0.00,  0.0,  0.0,  0.0
1036775.69647480, 44842.695356,    0.0,    2.0, -2.0,  0.00,  0.00,  0.00,  0.0,  0.0,  0.0
1036775.69897480, 44840.859124,    0.0,    2.0, -2.0,  0.00,  0.00,  0.00,  0.0,  0.0,  0.0
1036775.70147480, 44839.956744,    0.0,    2.0, -2.0,  0.00,  0.00,  0.00,  0.0,  0.0,  0.0
1036775.70397480, 44840.231493,    0.0,    2.0, -2.0,  0.00,  0.00,  0.00,  0.0,  0.0,  0.0
1036775.70647480, 44840.956104,    0.0,    2.0, -2.0,  0.00,  0.00,  0.00,  0.0,  0.0,  0.0
1036775.70897480, 44842.932819,    0.0,    2.0, -2.0,  0.00,  0.00,  0.00,  0.0,  0.0,  0.0
1036775.71147480, 44844.629295,    0.0,    2.0, -2.0,  0.00,  0.00,  0.00,  0.0,  0.0,  0.0
1036775.71397480, 44844.345661,    0.0,    2.0, -2.0,  0.00,  0.00,  0.00,  0.0,  0.0,  0.0
1036775.71647480, 44843.597442,    0.0,    2.0, -2.0,  0.00,  0.00,  0.00,  0.0,  0.0,  0.0
1036775.71897480, 44842.032158,    0.0,    2.0, -2.0,  0.00,  0.00,  0.00,  0.0,  0.0,  0.0
1036775.72147480, 44839.646134,    0.0,    2.0, -2.0,  0.00,  0.00,  0.00,  0.0,  0.0,  0.0
1036775.72397480, 44839.837732,    0.0,    2.0, -2.0,  0.00,  0.00,  0.00,  0.0,  0.0,  0.0
1036775.72647480, 44840.242011,    0.0,    2.0, -2.0,  0.00,  0.00,  0.00,  0.0,  0.0,  0.0
1036775.72897480, 44841.666967,    0.0,    2.0, -2.0,  0.00,  0.00,  0.00,  0.0,  0.0,  0.0
1036775.73147480, 44843.091924,    0.0,    2.0, -2.0,  0.00,  0.00,  0.00,  0.0,  0.0,  0.0
1036775.73397480, 44844.423202,    0.0,    2.0, -2.0,  0.00,  0.00,  0.00,  0.0,  0.0,  0.0
1036775.73647480, 44843.540185,    0.0,    2.0, -2.0,  0.00,  0.00,  0.00,  0.0,  0.0,  0.0
1036775.73897480, 44841.228828,    0.0,    2.0, -2.0,  0.00,  0.00,  0.00,  0.0,  0.0,  0.0
1036775.74147480, 44839.919554,    0.0,    2.0, -2.0,  0.00,  0.00,  0.00,  0.0,  0.0,  0.0
1036775.74397480, 44840.389206,    0.0,    2.0, -2.0,  0.00,  0.00,  0.00,  0.0,  0.0,  0.0
1036775.74647480, 44841.442123,    0.0,    2.0, -2.0,  0.00,  0.00,  0.00,  0.0,  0.0,  0.0
1036775.74897480, 44843.391261,    0.0,    2.0, -2.0,  0.00,  0.00,  0.00,  0.0,  0.0,  0.0
1036775.75147480, 44844.310429,    0.0,    2.0, -2.0,  0.00,  0.00,  0.00,  0.0,  0.0,  0.0
1036775.75397480, 44844.199244,    0.0,    2.0, -2.0,  0.00,  0.00,  0.00,  0.0,  0.0,  0.0
1036775.75647480, 44843.083535,    0.0,    2.0, -2.0,  0.00,  0.00,  0.00,  0.0,  0.0,  0.0
1036775.75897480, 44841.153517,    0.0,    2.0, -2.0,  0.00,  0.00,  0.00,  0.0,  0.0,  0.0
1036775.76147480, 44840.049746,    0.0,    2.0, -2.0,  0.00,  0.00,  0.00,  0.0,  0.0,  0.0
1036775.76397480, 44840.181987,    0.0,    2.0, -2.0,  0.00,  0.00,  0.00,  0.0,  0.0,  0.0
1036775.76647480, 44840.712310,    0.0,    2.0, -2.0,  0.00,  0.00,  0.00,  0.0,  0.0,  0.0
1036775.76897480, 44841.242633,    0.0,    2.0, -2.0,  0.00,  0.00,  0.00,  0.0,  0.0,  0.0
1036775.77147480, 44845.170551,    0.0,    2.0, -2.0,  0.00,  0.00,  0.00,  0.0,  0.0,  0.0
1036775.77397480, 44844.740997,    0.0,    2.0, -2.0,  0.00,  0.00,  0.00,  0.0,  0.0,  0.0
1036775.77647480, 44844.068795,    0.0,    2.0, -2.0,  0.00,  0.00,  0.00,  0.0,  0.0,  0.0
1036775.77897480, 44843.370945,    0.0,    2.0, -2.0,  0.00,  0.00,  0.00,  0.0,  0.0,  0.0
1036775.78147480, 44841.868154,    0.0,    2.0, -2.0,  0.00,  0.00,  0.00,  0.0,  0.0,  0.0
1036775.78397480, 44840.365362,    0.0,    2.0, -2.0,  0.00,  0.00,  0.00,  0.0,  0.0,  0.0
1036775.78647480, 44841.998728,    0.0,    2.0, -2.0,  0.00,  0.00,  0.00,  0.0,  0.0,  0.0
1036775.78897480, 44843.812911,    0.0,    2.0, -2.0,  0.00,  0.00,  0.00,  0.0,  0.0,  0.0
1036775.79147480, 44843.897769,    0.0,    2.0, -2.0,  0.00,  0.00,  0.00,  0.0,  0.0,  0.0
1036775.79397480, 44844.861634,    0.0,    2.0, -2.0,  0.00,  0.00,  0.00,  0.0,  0.0,  0.0
1036775.79647480, 44843.371782,    0.0,    2.0, -2.0,  0.00,  0.00,  0.00,  0.0,  0.0,  0.0
1036775.79897480, 44841.375452,    0.0,    2.0, -2.0,  0.00,  0.00,  0.00,  0.0,  0.0,  0.0
1036775.80147480, 44840.328119,    0.0,    2.0, -2.0,  0.00,  0.00,  0.00,  0.0,  0.0,  0.0
1036775.80397480, 44840.199417,    0.0,    2.0, -2.0,  0.00,  0.00,  0.00,  0.0,  0.0,  0.0
1036775.80647480, 44841.852321,    0.0,    2.0, -2.0,  0.00,  0.00,  0.00,  0.0,  0.0,  0.0
1036775.80897480, 44843.271652,    0.0,    2.0, -2.0,  0.00,  0.00,  0.00,  0.0,  0.0,  0.0
1036775.81147480, 44843.942379,    0.0,    2.0, -2.0,  0.00,  0.00,  0.00,  0.0,  0.0,  0.0
1036775.81397480, 44843.430453,    0.0,    2.0, -2.0,  0.00,  0.00,  0.00,  0.0,  0.0,  0.0
1036775.81647480, 44841.741757,    0.0,    2.0, -2.0,  0.00,  0.00,  0.00,  0.0,  0.0,  0.0
1036775.81897480, 44841.150899,    0.0,    2.0, -2.0,  0.00,  0.00,  0.00,  0.0,  0.0,  0.0
1036775.82147480, 44839.773790,    0.0,    2.0, -2.0,  0.00,  0.00,  0.00,  0.0,  0.0,  0.0
1036775.82397480, 44840.654659,    0.0,    2.0, -2.0,  0.00,  0.00,  0.00,  0.0,  0.0,  0.0
1036775.82647480, 44842.764890,    0.0,    2.0, -2.0,  0.00,  0.00,  0.00,  0.0,  0.0,  0.0
1036775.82897480, 44843.524259,    0.0,    2.0, -2.0,  0.00,  0.00,  0.00,  0.0,  0.0,  0.0
1036775.83147480, 44844.169281,    0.0,    2.0, -2.0,  0.00,  0.00,  0.00,  0.0,  0.0,  0.0
1036775.83397480, 44844.253385,    0.0,    2.0, -2.0,  0.00,  0.00,  0.00,  0.0,  0.0,  0.0
1036775.83647480, 44843.273548,    0.0,    2.0, -2.0,  0.00,  0.00,  0.00,  0.0,  0.0,  0.0
1036775.83897480, 44842.697709,    0.0,    2.0, -2.0,  0.00,  0.00,  0.00,  0.0,  0.0,  0.0
1036775.84147480, 44842.121869,    0.0,    2.0, -2.0,  0.00,  0.00,  0.00,  0.0,  0.0,  0.0
1036775.84397480, 44840.523138,    0.0,    2.0, -2.0,  0.00,  0.00,  0.00,  0.0,  0.0,  0.0
1036775.84647480, 44840.904292,    0.0,    2.0, -2.0,  0.00,  0.00,  0.00,  0.0,  0.0,  0.0
1036775.84897480, 44841.548008,    0.0,    2.0, -2.0,  0.00,  0.00,  0.00,  0.0,  0.0,  0.0
1036775.85147480, 44844.860136,    0.0,    2.0, -2.0,  0.00,  0.00,  0.00,  0.0,  0.0,  0.0
1036775.85397480, 44844.743929,    0.0,    2.0, -2.0,  0.00,  0.00,  0.00,  0.0,  0.0,  0.0
1036775.85897480, 44840.843172,    0.0,    2.0, -2.0,  0.00,  0.00,  0.00,  0.0,  0.0,  0.0
1036775.86147480, 44840.248014,    0.0,    2.0, -2.0,  0.00,  0.00,  0.00,  0.0,  0.0,  0.0
1036775.86397480, 44840.724669,    0.0,    2.0, -2.0,  0.00,  0.00,  0.00,  0.0,  0.0,  0.0
1036775.86647480, 44842.090147,    0.0,    2.0, -2.0,  0.00,  0.00,  0.00,  0.0,  0.0,  0.0
1036775.86897480, 44844.145257,    0.0,    2.0, -2.0,  0.00,  0.00,  0.00,  0.0,  0.0,  0.0
1036775.87147480, 44845.071032,    0.0,    2.0, -2.0,  0.00,  0.00,  0.00,  0.0,  0.0,  0.0
1036775.87397480, 44845.053045,    0.0,    2.0, -2.0,  0.00,  0.00,  0.00,  0.0,  0.0,  0.0
1036775.87647480, 44842.881035,    0.0,    2.0, -2.0,  0.00,  0.00,  0.00,  0.0,  0.0,  0.0
1036775.87897480, 44840.862220,    0.0,    2.0, -2.0,  0.00,  0.00,  0.00,  0.0,  0.0,  0.0
1036775.88147480, 44840.494255,    0.0,    2.0, -2.0,  0.00,  0.00,  0.00,  0.0,  0.0,  0.0
1036775.88397480, 44840.402543,    0.0,    2.0, -2.0,  0.00,  0.00,  0.00,  0.0,  0.0,  0.0
1036775.88647480, 44842.310472,    0.0,    2.0, -2.0,  0.00,  0.00,  0.00,  0.0,  0.0,  0.0
1036775.88897480, 44844.113129,    0.0,    2.0, -2.0,  0.00,  0.00,  0.00,  0.0,  0.0,  0.0
1036775.89147480, 44844.656380,    0.0,    2.0, -2.0,  0.00,  0.00,  0.00,  0.0,  0.0,  0.0
1036775.89397480, 44845.171266,    0.0,    2.0, -2.0,  0.00,  0.00,  0.00,  0.0,  0.0,  0.0
1036775.89647480, 44843.649911,    0.0,    2.0, -2.0,  0.00,  0.00,  0.00,  0.0,  0.0,  0.0
1036775.89897480, 44841.685084,    0.0,    2.0, -2.0,  0.00,  0.00,  0.00,  0.0,  0.0,  0.0
1036775.90147480, 44840.827628,    0.0,    2.0, -2.0,  0.00,  0.00,  0.00,  0.0,  0.0,  0.0
1036775.90397480, 44840.231680,    0.0,    2.0, -2.0,  0.00,  0.00,  0.00,  0.0,  0.0,  0.0
1036775.90647480, 44840.826411,    0.0,    2.0, -2.0,  0.00,  0.00,  0.00,  0.0,  0.0,  0.0
1036775.90897480, 44841.421141,    0.0,    2.0, -2.0,  0.00,  0.00,  0.00,  0.0,  0.0,  0.0
1036775.91147480, 44842.273990,    0.0,    2.0, -2.0,  0.00,  0.00,  0.00,  0.0,  0.0,  0.0
1036775.91397480, 44843.422955,    0.0,    2.0, -2.0,  0.00,  0.00,  0.00,  0.0,  0.0,  0.0
1036775.91647480, 44844.152878,    0.0,    2.0, -2.0,  0.00,  0.00,  0.00,  0.0,  0.0,  0.0
1036775.91897480, 44841.220142,    0.0,    2.0, -2.0,  0.00,  0.00,  0.00,  0.0,  0.0,  0.0
1036775.92147480, 44840.367548,    0.0,    2.0, -2.0,  0.00,  0.00,  0.00,  0.0,  0.0,  0.0
1036775.92397480, 44839.964935,    0.0,    2.0, -2.0,  0.00,  0.00,  0.00,  0.0,  0.0,  0.0
1036775.92647480, 44842.014258,    0.0,    2.0, -2.0,  0.00,  0.00,  0.00,  0.0,  0.0,  0.0
1036775.92897480, 44843.982306,    0.0,    2.0, -2.0,  0.00,  0.00,  0.00,  0.0,  0.0,  0.0
1036775.93147480, 44844.244803,    0.0,    2.0, -2.0,  0.00,  0.00,  0.00,  0.0,  0.0,  0.0
1036775.93397480, 44844.176398,    0.0,    2.0, -2.0,  0.00,  0.00,  0.00,  0.0,  0.0,  0.0
1036775.93647480, 44842.884642,    0.0,    2.0, -2.0,  0.00,  0.00,  0.00,  0.0,  0.0,  0.0
1036775.93897480, 44840.777484,    0.0,    2.0, -2.0,  0.00,  0.00,  0.00,  0.0,  0.0,  0.0
1036775.94147480, 44840.178102,    0.0,    2.0, -2.0,  0.00,  0.00,  0.00,  0.0,  0.0,  0.0
1036775.94397480, 44840.263562,    0.0,    2.0, -2.0,  0.00,  0.00,  0.00,  0.0,  0.0,  0.0
1036775.94647480, 44842.123926,    0.0,    2.0, -2.0,  0.00,  0.00,  0.00,  0.0,  0.0,  0.0
1036775.94897480, 44844.177265,    0.0,    2.0, -2.0,  0.00,  0.00,  0.00,  0.0,  0.0,  0.0
1036775.95147480, 44844.737928,    0.0,    2.0, -2.0,  0.00,  0.00,  0.00,  0.0,  0.0,  0.0
1036775.95397480, 44844.710939,    0.0,    2.0, -2.0,  0.00,  0.00,  0.00,  0.0,  0.0,  0.0
1036775.95647480, 44843.152262,    0.0,    2.0, -2.0,  0.00,  0.00,  0.00,  0.0,  0.0,  0.0
1036775.95897480, 44842.204611,    0.0,    2.0, -2.0,  0.00,  0.00,  0.00,  0.0,  0.0,  0.0
1036775.96147480, 44841.190264,    0.0,    2.0, -2.0,  0.00,  0.00,  0.00,  0.0,  0.0,  0.0
1036775.96397480, 44841.204704,    0.0,    2.0, -2.0,  0.00,  0.00,  0.00,  0.0,  0.0,  0.0
1036775.96647480, 44842.401831,    0.0,    2.0, -2.0,  0.00,  0.00,  0.00,  0.0,  0.0,  0.0
1036775.96897480, 44843.044100,    0.0,    2.0, -2.0,  0.00,  0.00,  0.00,  0.0,  0.0,  0.0
1036775.97147480, 44843.686370,    0.0,    2.0, -2.0,  0.00,  0.00,  0.00,  0.0,  0.0,  0.0
1036775.97397480, 44844.222213,    0.0,    2.0, -2.0,  0.00,  0.00,  0.00,  0.0,  0.0,  0.0
1036775.97647480, 44844.742093,    0.0,    2.0, -2.0,  0.00,  0.00,  0.00,  0.0,  0.0,  0.0
1036775.97897480, 44844.760974,    0.0,    2.0, -2.0,  0.00,  0.00,  0.00,  0.0,  0.0,  0.0
1036775.98147480, 44842.969975,    0.0,    2.0, -2.0,  0.00,  0.00,  0.00,  0.0,  0.0,  0.0
1036775.98397480, 44841.178975,    0.0,    2.0, -2.0,  0.00,  0.00,  0.00,  0.0,  0.0,  0.0
1036775.98647480, 44841.996815,    0.0,    2.0, -2.0,  0.00,  0.00,  0.00,  0.0,  0.0,  0.0
1036775.98897480, 44843.798399,    0.0,    2.0, -2.0,  0.00,  0.00,  0.00,  0.0,  0.0,  0.0
1036775.99147480, 44845.185419,    0.0,    2.0, -2.0,  0.00,  0.00,  0.00,  0.0,  0.0,  0.0
1036775.99397480, 44845.052072,    0.0,    2.0, -2.0,  0.00,  0.00,  0.00,  0.0,  0.0,  0.0
1036775.99647480, 44842.998783,    0.0,    2.0, -2.0,  0.00,  0.00,  0.00,  0.0,  0.0,  0.0
1036775.99897480, 44841.309773,    0.0,    2.0, -2.0,  0.00,  0.00,  0.00,  0.0,  0.0,  0.0
1036776.00147480, 44840.326326,    0.0,    2.0, -2.0,  0.00,  0.00,  0.00,  0.0,  0.0,  0.0
1036776.00397480, 44841.095853,    0.0,    2.0, -2.0,  0.00,  0.00,  0.00,  0.0,  0.0,  0.0
1036776.00897480, 44844.044449,    0.0,    2.0, -2.0,  0.00,  0.00,  0.00,  0.0,  0.0,  0.0
1036776.01147480, 44844.669070,    0.0,    2.0, -2.0,  0.00,  0.00,  0.00,  0.0,  0.0,  0.0
1036776.01397480, 44844.665761,    0.0,    2.0, -2.0,  0.00,  0.00,  0.00,  0.0,  0.0,  0.0
1036776.01647480, 44844.073305,    0.0,    2.0, -2.0,  0.00,  0.00,  0.00,  0.0,  0.0,  0.0
1036776.01897480, 44843.480848,    0.0,    2.0, -2.0,  0.00,  0.00,  0.00,  0.0,  0.0,  0.0
1036776.02147480, 44841.082655,    0.0,    2.0, -2.0,  0.00,  0.00,  0.00,  0.0,  0.0,  0.0
1036776.02397480, 44840.156654,    0.0,    2.0, -2.0,  0.00,  0.00,  0.00,  0.0,  0.0,  0.0
1036776.02647480, 44840.156654,    0.0,    2.0, -2.0,  0.00,  0.00,  0.00,  0.0,  0.0,  0.0
1036776.02897480, 44840.156654,    0.0,    2.0, -2.0,  0.00,  0.00,  0.00,  0.0,  0.0,  0.0
1036776.03147480, 44841.611922,    0.0,    2.0, -2.0,  0.00,  0.00,  0.00,  0.0,  0.0,  0.0
1036776.03397480, 44843.216053,    0.0,    2.0, -2.0,  0.00,  0.00,  0.00,  0.0,  0.0,  0.0
1036776.03647480, 44844.243868,    0.0,    2.0, -2.0,  0.00,  0.00,  0.00,  0.0,  0.0,  0.0
1036776.03897480, 44842.670949,    0.0,    2.0, -2.0,  0.00,  0.00,  0.00,  0.0,  0.0,  0.0
1036776.04147480, 44841.098030,    0.0,    2.0, -2.0,  0.00,  0.00,  0.00,  0.0,  0.0,  0.0
1036776.04397480, 44839.952261,    0.0,    2.0, -2.0,  0.00,  0.00,  0.00,  0.0,  0.0,  0.0
1036776.04647480, 44841.799528,    0.0,    2.0, -2.0,  0.00,  0.00,  0.00,  0.0,  0.0,  0.0
1036776.04897480, 44843.777032,    0.0,    2.0, -2.0,  0.00,  0.00,  0.00,  0.0,  0.0,  0.0
1036776.05147480, 44844.790482,    0.0,    2.0, -2.0,  0.00,  0.00,  0.00,  0.0,  0.0,  0.0
1036776.05397480, 44843.974384,    0.0,    2.0, -2.0,  0.00,  0.00,  0.00,  0.0,  0.0,  0.0
1036776.05647480, 44842.820460,    0.0,    2.0, -2.0,  0.00,  0.00,  0.00,  0.0,  0.0,  0.0
1036776.05897480, 44841.559883,    0.0,    2.0, -2.0,  0.00,  0.00,  0.00,  0.0,  0.0,  0.0
1036776.06147480, 44840.553216,    0.0,    2.0, -2.0,  0.00,  0.00,  0.00,  0.0,  0.0,  0.0
1036776.06397480, 44841.378738,    0.0,    2.0, -2.0,  0.00,  0.00,  0.00,  0.0,  0.0,  0.0
1036776.06647480, 44841.888565,    0.0,    2.0, -2.0,  0.00,  0.00,  0.00,  0.0,  0.0,  0.0
1036776.06897480, 44843.672162,    0.0,    2.0, -2.0,  0.00,  0.00,  0.00,  0.0,  0.0,  0.0
1036776.07147480, 44844.855082,    0.0,    2.0, -2.0,  0.00,  0.00,  0.00,  0.0,  0.0,  0.0
1036776.07397480, 44844.244219,    0.0,    2.0, -2.0,  0.00,  0.00,  0.00,  0.0,  0.0,  0.0
1036776.07647480, 44843.716694,    0.0,    2.0, -2.0,  0.00,  0.00,  0.00,  0.0,  0.0,  0.0
1036776.07897480, 44841.838679,    0.0,    2.0, -2.0,  0.00,  0.00,  0.00,  0.0,  0.0,  0.0
1036776.08147480, 44841.056023,    0.0,    2.0, -2.0,  0.00,  0.00,  0.00,  0.0,  0.0,  0.0
1036776.08397480, 44840.992054,    0.0,    2.0, -2.0,  0.00,  0.00,  0.00,  0.0,  0.0,  0.0
1036776.08647480, 44841.667537,    0.0,    2.0, -2.0,  0.00,  0.00,  0.00,  0.0,  0.0,  0.0
1036776.08897480, 44843.404215,    0.0,    2.0, -2.0,  0.00,  0.00,  0.00,  0.0,  0.0,  0.0
1036776.09147480, 44845.016833,    0.0,    2.0, -2.0,  0.00,  0.00,  0.00,  0.0,  0.0,  0.0
1036776.09397480, 44845.041482,    0.0,    2.0, -2.0,  0.00,  0.00,  0.00,  0.0,  0.0,  0.0
1036776.09647480, 44845.066131,    0.0,    2.0, -2.0,  0.00,  0.00,  0.00,  0.0,  0.0,  0.0
1036776.09897480, 44844.144262,    0.0,    2.0, -2.0,  0.00,  0.00,  0.00,  0.0,  0.0,  0.0
1036776.10147480, 44842.742230,    0.0,    2.0, -2.0,  0.00,  0.00,  0.00,  0.0,  0.0,  0.0
1036776.10397480, 44841.694872,    0.0,    2.0, -2.0,  0.00,  0.00,  0.00,  0.0,  0.0,  0.0
1036776.10647480, 44841.610745,    0.0,    2.0, -2.0,  0.00,  0.00,  0.00,  0.0,  0.0,  0.0
1036776.10897480, 44841.526619,    0.0,    2.0, -2.0,  0.00,  0.00,  0.00,  0.0,  0.0,  0.0
1036776.11147480, 44843.723231,    0.0,    2.0, -2.0,  0.00,  0.00,  0.00,  0.0,  0.0,  0.0
1036776.11397480, 44843.941782,    0.0,    2.0, -2.0,  0.00,  0.00,  0.00,  0.0,  0.0,  0.0
1036776.11647480, 44843.331824,    0.0,    2.0, -2.0,  0.00,  0.00,  0.00,  0.0,  0.0,  0.0
1036776.11897480, 44841.160988,    0.0,    2.0, -2.0,  0.00,  0.00,  0.00,  0.0,  0.0,  0.0
1036776.12147480, 44840.071128,    0.0,    2.0, -2.0,  0.00,  0.00,  0.00,  0.0,  0.0,  0.0
1036776.12397480, 44840.386476,    0.0,    2.0, -2.0,  0.00,  0.00,  0.00,  0.0,  0.0,  0.0
1036776.12647480, 44842.309646,    0.0,    2.0, -2.0,  0.00,  0.00,  0.00,  0.0,  0.0,  0.0
1036776.12897480, 44844.350059,    0.0,    2.0, -2.0,  0.00,  0.00,  0.00,  0.0,  0.0,  0.0
1036776.13147480, 44844.785774,    0.0,    2.0, -2.0,  0.00,  0.00,  0.00,  0.0,  0.0,  0.0
1036776.13397480, 44844.380122,    0.0,    2.0, -2.0,  0.00,  0.00,  0.00,  0.0,  0.0,  0.0
1036776.13647480, 44842.410543,    0.0,    2.0, -2.0,  0.00,  0.00,  0.00,  0.0,  0.0,  0.0
1036776.13897480, 44840.438433,    0.0,    2.0, -2.0,  0.00,  0.00,  0.00,  0.0,  0.0,  0.0
1036776.14147480, 44839.985601,    0.0,    2.0, -2.0,  0.00,  0.00,  0.00,  0.0,  0.0,  0.0
1036776.14397480, 44840.209394,    0.0,    2.0, -2.0,  0.00,  0.00,  0.00,  0.0,  0.0,  0.0
1036776.14647480, 44840.841866,    0.0,    2.0, -2.0,  0.00,  0.00,  0.00,  0.0,  0.0,  0.0
1036776.14897480, 44841.474339,    0.0,    2.0, -2.0,  0.00,  0.00,  0.00,  0.0,  0.0,  0.0
1036776.15147480, 44844.821948,    0.0,    2.0, -2.0,  0.00,  0.00,  0.00,  0.0,  0.0,  0.0
1036776.15397480, 44844.722119,    0.0,    2.0, -2.0,  0.00,  0.00,  0.00,  0.0,  0.0,  0.0
1036776.15647480, 44844.121975,    0.0,    2.0, -2.0,  0.00,  0.00,  0.00,  0.0,  0.0,  0.0
1036776.15897480, 44843.521830,    0.0,    2.0, -2.0,  0.00,  0.00,  0.00,  0.0,  0.0,  0.0
1036776.16147480, 44840.472203,    0.0,    2.0, -2.0,  0.00,  0.00,  0.00,  0.0,  0.0,  0.0
1036776.16397480, 44840.244090,    0.0,    2.0, -2.0,  0.00,  0.00,  0.00,  0.0,  0.0,  0.0
1036776.16647480, 44840.201457,    0.0,    2.0, -2.0,  0.00,  0.00,  0.00,  0.0,  0.0,  0.0
1036776.16897480, 44841.594238,    0.0,    2.0, -2.0,  0.00,  0.00,  0.00,  0.0,  0.0,  0.0
1036776.17147480, 44843.059141,    0.0,    2.0, -2.0,  0.00,  0.00,  0.00,  0.0,  0.0,  0.0
1036776.17397480, 44844.250682,    0.0,    2.0, -2.0,  0.00,  0.00,  0.00,  0.0,  0.0,  0.0
1036776.17647480, 44843.154057,    0.0,    2.0, -2.0,  0.00,  0.00,  0.00,  0.0,  0.0,  0.0
1036776.17897480, 44840.589938,    0.0,    2.0, -2.0,  0.00,  0.00,  0.00,  0.0,  0.0,  0.0
1036776.18147480, 44840.124582,    0.0,    2.0, -2.0,  0.00,  0.00,  0.00,  0.0,  0.0,  0.0
1036776.18397480, 44840.228326,    0.0,    2.0, -2.0,  0.00,  0.00,  0.00,  0.0,  0.0,  0.0
1036776.18647480, 44842.136671,    0.0,    2.0, -2.0,  0.00,  0.00,  0.00,  0.0,  0.0,  0.0
1036776.18897480, 44844.282110,    0.0,    2.0, -2.0,  0.00,  0.00,  0.00,  0.0,  0.0,  0.0
1036776.19147480, 44844.689557,    0.0,    2.0, -2.0,  0.00,  0.00,  0.00,  0.0,  0.0,  0.0
1036776.19397480, 44844.406081,    0.0,    2.0, -2.0,  0.00,  0.00,  0.00,  0.0,  0.0,  0.0
1036776.19647480, 44842.223385,    0.0,    2.0, -2.0,  0.00,  0.00,  0.00,  0.0,  0.0,  0.0
1036776.19897480, 44840.380107,    0.0,    2.0, -2.0,  0.00,  0.00,  0.00,  0.0,  0.0,  0.0
1036776.20147480, 44840.103200,    0.0,    2.0, -2.0,  0.00,  0.00,  0.00,  0.0,  0.0,  0.0
1036776.20397480, 44840.364479,    0.0,    2.0, -2.0,  0.00,  0.00,  0.00,  0.0,  0.0,  0.0
1036776.20647480, 44841.770543,    0.0,    2.0, -2.0,  0.00,  0.00,  0.00,  0.0,  0.0,  0.0
1036776.20897480, 44842.656115,    0.0,    2.0, -2.0,  0.00,  0.00,  0.00,  0.0,  0.0,  0.0
1036776.21147480, 44844.104898,    0.0,    2.0, -2.0,  0.00,  0.00,  0.00,  0.0,  0.0,  0.0
1036776.21397480, 44844.446858,    0.0,    2.0, -2.0,  0.00,  0.00,  0.00,  0.0,  0.0,  0.0
1036776.21647480, 44843.491810,    0.0,    2.0, -2.0,  0.00,  0.00,  0.00,  0.0,  0.0,  0.0
1036776.21897480, 44842.535983,    0.0,    2.0, -2.0,  0.00,  0.00,  0.00,  0.0,  0.0,  0.0
1036776.22147480, 44841.598264,    0.0,    2.0, -2.0,  0.00,  0.00,  0.00,  0.0,  0.0,  0.0
1036776.22397480, 44841.063145,    0.0,    2.0, -2.0,  0.00,  0.00,  0.00,  0.0,  0.0,  0.0
1036776.22647480, 44840.528026,    0.0,    2.0, -2.0,  0.00,  0.00,  0.00,  0.0,  0.0,  0.0
1036776.22897480, 44841.469652,    0.0,    2.0, -2.0,  0.00,  0.00,  0.00,  0.0,  0.0,  0.0
1036776.23147480, 44843.544916,    0.0,    2.0, -2.0,  0.00,  0.00,  0.00,  0.0,  0.0,  0.0
1036776.23397480, 44844.871681,    0.0,    2.0, -2.0,  0.00,  0.00,  0.00,  0.0,  0.0,  0.0
1036776.23647480, 44843.648423,    0.0,    2.0, -2.0,  0.00,  0.00,  0.00,  0.0,  0.0,  0.0
1036776.23897480, 44841.570226,    0.0,    2.0, -2.0,  0.00,  0.00,  0.00,  0.0,  0.0,  0.0
1036776.24147480, 44840.547634,    0.0,    2.0, -2.0,  0.00,  0.00,  0.00,  0.0,  0.0,  0.0
1036776.24397480, 44840.984229,    0.0,    2.0, -2.0,  0.00,  0.00,  0.00,  0.0,  0.0,  0.0
1036776.24647480, 44842.494401,    0.0,    2.0, -2.0,  0.00,  0.00,  0.00,  0.0,  0.0,  0.0
1036776.24897480, 44844.187005,    0.0,    2.0, -2.0,  0.00,  0.00,  0.00,  0.0,  0.0,  0.0
1036776.25147480, 44844.468047,    0.0,    2.0, -2.0,  0.00,  0.00,  0.00,  0.0,  0.0,  0.0
1036776.25397480, 44844.482972,    0.0,    2.0, -2.0,  0.00,  0.00,  0.00,  0.0,  0.0,  0.0
1036776.25647480, 44843.398062,    0.0,    2.0, -2.0,  0.00,  0.00,  0.00,  0.0,  0.0,  0.0
1036776.25897480, 44841.048556,    0.0,    2.0, -2.0,  0.00,  0.00,  0.00,  0.0,  0.0,  0.0
1036776.26147480, 44839.808295,    0.0,    2.0, -2.0,  0.00,  0.00,  0.00,  0.0,  0.0,  0.0
1036776.26397480, 44840.340884,    0.0,    2.0, -2.0,  0.00,  0.00,  0.00,  0.0,  0.0,  0.0
1036776.26647480, 44841.693141,    0.0,    2.0, -2.0,  0.00,  0.00,  0.00,  0.0,  0.0,  0.0
1036776.26897480, 44843.798161,    0.0,    2.0, -2.0,  0.00,  0.00,  0.00,  0.0,  0.0,  0.0
1036776.27147480, 44844.510281,    0.0,    2.0, -2.0,  0.00,  0.00,  0.00,  0.0,  0.0,  0.0
1036776.27397480, 44844.186239,    0.0,    2.0, -2.0,  0.00,  0.00,  0.00,  0.0,  0.0,  0.0
1036776.27647480, 44843.024904,    0.0,    2.0, -2.0,  0.00,  0.00,  0.00,  0.0,  0.0,  0.0
1036776.27897480, 44841.447789,    0.0,    2.0, -2.0,  0.00,  0.00,  0.00,  0.0,  0.0,  0.0
1036776.28147480, 44840.736464,    0.0,    2.0, -2.0,  0.00,  0.00,  0.00,  0.0,  0.0,  0.0
1036776.28397480, 44840.151363,    0.0,    2.0, -2.0,  0.00,  0.00,  0.00,  0.0,  0.0,  0.0
1036776.28647480, 44840.190062,    0.0,    2.0, -2.0,  0.00,  0.00,  0.00,  0.0,  0.0,  0.0
1036776.28897480, 44843.583415,    0.0,    2.0, -2.0,  0.00,  0.00,  0.00,  0.0,  0.0,  0.0
1036776.29147480, 44844.204240,    0.0,    2.0, -2.0,  0.00,  0.00,  0.00,  0.0,  0.0,  0.0
1036776.29397480, 44844.018153,    0.0,    2.0, -2.0,  0.00,  0.00,  0.00,  0.0,  0.0,  0.0
1036776.29647480, 44843.566796,    0.0,    2.0, -2.0,  0.00,  0.00,  0.00,  0.0,  0.0,  0.0
1036776.29897480, 44843.115439,    0.0,    2.0, -2.0,  0.00,  0.00,  0.00,  0.0,  0.0,  0.0
1036776.30147480, 44839.560945,    0.0,    2.0, -2.0,  0.00,  0.00,  0.00,  0.0,  0.0,  0.0
1036776.30397480, 44839.993126,    0.0,    2.0, -2.0,  0.00,  0.00,  0.00,  0.0,  0.0,  0.0
1036776.30647480, 44841.418071,    0.0,    2.0, -2.0,  0.00,  0.00,  0.00,  0.0,  0.0,  0.0
1036776.30897480, 44843.493491,    0.0,    2.0, -2.0,  0.00,  0.00,  0.00,  0.0,  0.0,  0.0
1036776.31147480, 44844.536770,    0.0,    2.0, -2.0,  0.00,  0.00,  0.00,  0.0,  0.0,  0.0
1036776.31397480, 44844.523591,    0.0,    2.0, -2.0,  0.00,  0.00,  0.00,  0.0,  0.0,  0.0
1036776.31647480, 44843.285299,    0.0,    2.0, -2.0,  0.00,  0.00,  0.00,  0.0,  0.0,  0.0
1036776.31897480, 44841.284634,    0.0,    2.0, -2.0,  0.00,  0.00,  0.00,  0.0,  0.0,  0.0
1036776.32147480, 44840.135969,    0.0,    2.0, -2.0,  0.00,  0.00,  0.00,  0.0,  0.0,  0.0
1036776.32397480, 44840.926371,    0.0,    2.0, -2.0,  0.00,  0.00,  0.00,  0.0,  0.0,  0.0
1036776.32647480, 44842.984800,    0.0,    2.0, -2.0,  0.00,  0.00,  0.00,  0.0,  0.0,  0.0
1036776.32897480, 44843.855674,    0.0,    2.0, -2.0,  0.00,  0.00,  0.00,  0.0,  0.0,  0.0
1036776.33147480, 44845.457944,    0.0,    2.0, -2.0,  0.00,  0.00,  0.00,  0.0,  0.0,  0.0
1036776.33397480, 44845.177146,    0.0,    2.0, -2.0,  0.00,  0.00,  0.00,  0.0,  0.0,  0.0
1036776.33647480, 44843.117835,    0.0,    2.0, -2.0,  0.00,  0.00,  0.00,  0.0,  0.0,  0.0
1036776.33897480, 44841.407479,    0.0,    2.0, -2.0,  0.00,  0.00,  0.00,  0.0,  0.0,  0.0
1036776.34147480, 44841.407479,    0.0,    2.0, -2.0,  0.00,  0.00,  0.00,  0.0,  0.0,  0.0
1036776.34397480, 44841.407479,    0.0,    2.0, -2.0,  0.00,  0.00,  0.00,  0.0,  0.0,  0.0
1036776.34647480, 44841.586798,    0.0,    2.0, -2.0,  0.00,  0.00,  0.00,  0.0,  0.0,  0.0
1036776.34897480, 44842.504882,    0.0,    2.0, -2.0,  0.00,  0.00,  0.00,  0.0,  0.0,  0.0
1036776.35147480, 44843.422965,    0.0,    2.0, -2.0,  0.00,  0.00,  0.00,  0.0,  0.0,  0.0
1036776.35397480, 44844.628524,    0.0,    2.0, -2.0,  0.00,  0.00,  0.00,  0.0,  0.0,  0.0
1036776.35647480, 44843.594396,    0.0,    2.0, -2.0,  0.00,  0.00,  0.00,  0.0,  0.0,  0.0
1036776.35897480, 44841.718342,    0.0,    2.0, -2.0,  0.00,  0.00,  0.00,  0.0,  0.0,  0.0
1036776.36147480, 44840.364168,    0.0,    2.0, -2.0,  0.00,  0.00,  0.00,  0.0,  0.0,  0.0
1036776.36397480, 44840.735922,    0.0,    2.0, -2.0,  0.00,  0.00,  0.00,  0.0,  0.0,  0.0
1036776.36647480, 44841.951114,    0.0,    2.0, -2.0,  0.00,  0.00,  0.00,  0.0,  0.0,  0.0
1036776.36897480, 44843.890882,    0.0,    2.0, -2.0,  0.00,  0.00,  0.00,  0.0,  0.0,  0.0
1036776.37147480, 44844.827064,    0.0,    2.0, -2.0,  0.00,  0.00,  0.00,  0.0,  0.0,  0.0
1036776.37397480, 44844.839229,    0.0,    2.0, -2.0,  0.00,  0.00,  0.00,  0.0,  0.0,  0.0
1036776.37647480, 44843.660050,    0.0,    2.0, -2.0,  0.00,  0.00,  0.00,  0.0,  0.0,  0.0
1036776.37897480, 44841.194856,    0.0,    2.0, -2.0,  0.00,  0.00,  0.00,  0.0,  0.0,  0.0
1036776.38147480, 44839.741087,    0.0,    2.0, -2.0,  0.00,  0.00,  0.00,  0.0,  0.0,  0.0
1036776.38397480, 44839.622114,    0.0,    2.0, -2.0,  0.00,  0.00,  0.00,  0.0,  0.0,  0.0
1036776.38647480, 44841.081635,    0.0,    2.0, -2.0,  0.00,  0.00,  0.00,  0.0,  0.0,  0.0
1036776.38897480, 44843.467685,    0.0,    2.0, -2.0,  0.00,  0.00,  0.00,  0.0,  0.0,  0.0
1036776.39147480, 44844.581656,    0.0,    2.0, -2.0,  0.00,  0.00,  0.00,  0.0,  0.0,  0.0
1036776.39397480, 44844.614722,    0.0,    2.0, -2.0,  0.00,  0.00,  0.00,  0.0,  0.0,  0.0
1036776.39647480, 44843.075016,    0.0,    2.0, -2.0,  0.00,  0.00,  0.00,  0.0,  0.0,  0.0
1036776.39897480, 44842.189858,    0.0,    2.0, -2.0,  0.00,  0.00,  0.00,  0.0,  0.0,  0.0
1036776.40147480, 44841.279106,    0.0,    2.0, -2.0,  0.00,  0.00,  0.00,  0.0,  0.0,  0.0
1036776.40397480, 44840.280567,    0.0,    2.0, -2.0,  0.00,  0.00,  0.00,  0.0,  0.0,  0.0
1036776.40647480, 44841.463440,    0.0,    2.0, -2.0,  0.00,  0.00,  0.00,  0.0,  0.0,  0.0
1036776.40897480, 44842.142654,    0.0,    2.0, -2.0,  0.00,  0.00,  0.00,  0.0,  0.0,  0.0
1036776.41147480, 44842.712326,    0.0,    2.0, -2.0,  0.00,  0.00,  0.00,  0.0,  0.0,  0.0
1036776.41397480, 44843.183715,    0.0,    2.0, -2.0,  0.00,  0.00,  0.00,  0.0,  0.0,  0.0
1036776.41647480, 44842.901941,    0.0,    2.0, -2.0,  0.00,  0.00,  0.00,  0.0,  0.0,  0.0
1036776.41897480, 44841.939370,    0.0,    2.0, -2.0,  0.00,  0.00,  0.00,  0.0,  0.0,  0.0
1036776.42147480, 44841.155266,    0.0,    2.0, -2.0,  0.00,  0.00,  0.00,  0.0,  0.0,  0.0
1036776.42397480, 44840.547530,    0.0,    2.0, -2.0,  0.00,  0.00,  0.00,  0.0,  0.0,  0.0
1036776.42647480, 44840.037481,    0.0,    2.0, -2.0,  0.00,  0.00,  0.00,  0.0,  0.0,  0.0
1036776.42897480, 44843.606932,    0.0,    2.0, -2.0,  0.00,  0.00,  0.00,  0.0,  0.0,  0.0
1036776.43147480, 44844.847006,    0.0,    2.0, -2.0,  0.00,  0.00,  0.00,  0.0,  0.0,  0.0
1036776.43397480, 44844.194904,    0.0,    2.0, -2.0,  0.00,  0.00,  0.00,  0.0,  0.0,  0.0
1036776.43647480, 44842.249121,    0.0,    2.0, -2.0,  0.00,  0.00,  0.00,  0.0,  0.0,  0.0
1036776.43897480, 44841.653367,    0.0,    2.0, -2.0,  0.00,  0.00,  0.00,  0.0,  0.0,  0.0
1036776.44147480, 44840.221881,    0.0,    2.0, -2.0,  0.00,  0.00,  0.00,  0.0,  0.0,  0.0
1036776.44397480, 44840.853074,    0.0,    2.0, -2.0,  0.00,  0.00,  0.00,  0.0,  0.0,  0.0
1036776.44647480, 44842.506703,    0.0,    2.0, -2.0,  0.00,  0.00,  0.00,  0.0,  0.0,  0.0
1036776.44897480, 44842.914883,    0.0,    2.0, -2.0,  0.00,  0.00,  0.00,  0.0,  0.0,  0.0
1036776.45147480, 44844.882611,    0.0,    2.0, -2.0,  0.00,  0.00,  0.00,  0.0,  0.0,  0.0
1036776.45397480, 44844.746393,    0.0,    2.0, -2.0,  0.00,  0.00,  0.00,  0.0,  0.0,  0.0
1036776.45647480, 44843.238187,    0.0,    2.0, -2.0,  0.00,  0.00,  0.00,  0.0,  0.0,  0.0
1036776.45897480, 44841.044508,    0.0,    2.0, -2.0,  0.00,  0.00,  0.00,  0.0,  0.0,  0.0
1036776.46147480, 44840.327507,    0.0,    2.0, -2.0,  0.00,  0.00,  0.00,  0.0,  0.0,  0.0
1036776.46397480, 44840.248790,    0.0,    2.0, -2.0,  0.00,  0.00,  0.00,  0.0,  0.0,  0.0
1036776.46647480, 44841.879374,    0.0,    2.0, -2.0,  0.00,  0.00,  0.00,  0.0,  0.0,  0.0
1036776.46897480, 44843.246298,    0.0,    2.0, -2.0,  0.00,  0.00,  0.00,  0.0,  0.0,  0.0
1036776.47147480, 44843.708315,    0.0,    2.0, -2.0,  0.00,  0.00,  0.00,  0.0,  0.0,  0.0
1036776.47397480, 44844.225946,    0.0,    2.0, -2.0,  0.00,  0.00,  0.00,  0.0,  0.0,  0.0
1036776.47647480, 44844.353329,    0.0,    2.0, -2.0,  0.00,  0.00,  0.00,  0.0,  0.0,  0.0
1036776.47897480, 44843.161440,    0.0,    2.0, -2.0,  0.00,  0.00,  0.00,  0.0,  0.0,  0.0
1036776.48147480, 44841.969551,    0.0,    2.0, -2.0,  0.00,  0.00,  0.00,  0.0,  0.0,  0.0
1036776.48397480, 44841.591857,    0.0,    2.0, -2.0,  0.00,  0.00,  0.00,  0.0,  0.0,  0.0
1036776.48647480, 44842.354110,    0.0,    2.0, -2.0,  0.00,  0.00,  0.00,  0.0,  0.0,  0.0
1036776.48897480, 44843.421992,    0.0,    2.0, -2.0,  0.00,  0.00,  0.00,  0.0,  0.0,  0.0
1036776.49147480, 44844.464862,    0.0,    2.0, -2.0,  0.00,  0.00,  0.00,  0.0,  0.0,  0.0
1036776.49397480, 44844.362209,    0.0,    2.0, -2.0,  0.00,  0.00,  0.00,  0.0,  0.0,  0.0
1036776.49647480, 44843.029106,    0.0,    2.0, -2.0,  0.00,  0.00,  0.00,  0.0,  0.0,  0.0
1036776.49897480, 44840.564488,    0.0,    2.0, -2.0,  0.00,  0.00,  0.00,  0.0,  0.0,  0.0
1036776.50147480, 44839.699920,    0.0,    2.0, -2.0,  0.00,  0.00,  0.00,  0.0,  0.0,  0.0
1036776.50397480, 44839.702305,    0.0,    2.0, -2.0,  0.00,  0.00,  0.00,  0.0,  0.0,  0.0
1036776.50647480, 44841.582905,    0.0,    2.0, -2.0,  0.00,  0.00,  0.00,  0.0,  0.0,  0.0
1036776.50897480, 44843.982073,    0.0,    2.0, -2.0,  0.00,  0.00,  0.00,  0.0,  0.0,  0.0
1036776.51147480, 44844.936977,    0.0,    2.0, -2.0,  0.00,  0.00,  0.00,  0.0,  0.0,  0.0
1036776.51397480, 44844.978209,    0.0,    2.0, -2.0,  0.00,  0.00,  0.00,  0.0,  0.0,  0.0
1036776.51647480, 44843.237232,    0.0,    2.0, -2.0,  0.00,  0.00,  0.00,  0.0,  0.0,  0.0
1036776.51897480, 44840.849251,    0.0,    2.0, -2.0,  0.00,  0.00,  0.00,  0.0,  0.0,  0.0
1036776.52147480, 44840.095167,    0.0,    2.0, -2.0,  0.00,  0.00,  0.00,  0.0,  0.0,  0.0
1036776.52397480, 44840.092509,    0.0,    2.0, -2.0,  0.00,  0.00,  0.00,  0.0,  0.0,  0.0
1036776.52647480, 44841.575903,    0.0,    2.0, -2.0,  0.00,  0.00,  0.00,  0.0,  0.0,  0.0
1036776.52897480, 44842.294605,    0.0,    2.0, -2.0,  0.00,  0.00,  0.00,  0.0,  0.0,  0.0
1036776.53147480, 44843.013307,    0.0,    2.0, -2.0,  0.00,  0.00,  0.00,  0.0,  0.0,  0.0
1036776.53397480, 44843.905308,    0.0,    2.0, -2.0,  0.00,  0.00,  0.00,  0.0,  0.0,  0.0
1036776.53647480, 44842.901730,    0.0,    2.0, -2.0,  0.00,  0.00,  0.00,  0.0,  0.0,  0.0
1036776.53897480, 44842.120344,    0.0,    2.0, -2.0,  0.00,  0.00,  0.00,  0.0,  0.0,  0.0
1036776.54147480, 44841.338957,    0.0,    2.0, -2.0,  0.00,  0.00,  0.00,  0.0,  0.0,  0.0
1036776.54397480, 44840.407710,    0.0,    2.0, -2.0,  0.00,  0.00,  0.00,  0.0,  0.0,  0.0
1036776.54647480, 44840.923640,    0.0,    2.0, -2.0,  0.00,  0.00,  0.00,  0.0,  0.0,  0.0
1036776.54897480, 44841.511620,    0.0,    2.0, -2.0,  0.00,  0.00,  0.00,  0.0,  0.0,  0.0
1036776.55147480, 44844.967229,    0.0,    2.0, -2.0,  0.00,  0.00,  0.00,  0.0,  0.0,  0.0
1036776.55397480, 44845.262514,    0.0,    2.0, -2.0,  0.00,  0.00,  0.00,  0.0,  0.0,  0.0
1036776.55647480, 44843.564325,    0.0,    2.0, -2.0,  0.00,  0.00,  0.00,  0.0,  0.0,  0.0
1036776.55897480, 44841.528804,    0.0,    2.0, -2.0,  0.00,  0.00,  0.00,  0.0,  0.0,  0.0
1036776.56147480, 44840.878018,    0.0,    2.0, -2.0,  0.00,  0.00,  0.00,  0.0,  0.0,  0.0
1036776.56397480, 44840.904655,    0.0,    2.0, -2.0,  0.00,  0.00,  0.00,  0.0,  0.0,  0.0
1036776.56647480, 44842.537272,    0.0,    2.0, -2.0,  0.00,  0.00,  0.00,  0.0,  0.0,  0.0
1036776.56897480, 44844.092852,    0.0,    2.0, -2.0,  0.00,  0.00,  0.00,  0.0,  0.0,  0.0
1036776.57147480, 44844.956441,    0.0,    2.0, -2.0,  0.00,  0.00,  0.00,  0.0,  0.0,  0.0
1036776.57397480, 44844.511874,    0.0,    2.0, -2.0,  0.00,  0.00,  0.00,  0.0,  0.0,  0.0
1036776.57647480, 44842.888102,    0.0,    2.0, -2.0,  0.00,  0.00,  0.00,  0.0,  0.0,  0.0
1036776.57897480, 44841.266154,    0.0,    2.0, -2.0,  0.00,  0.00,  0.00,  0.0,  0.0,  0.0
1036776.58147480, 44840.746031,    0.0,    2.0, -2.0,  0.00,  0.00,  0.00,  0.0,  0.0,  0.0
1036776.58397480, 44840.859338,    0.0,    2.0, -2.0,  0.00,  0.00,  0.00,  0.0,  0.0,  0.0
1036776.58647480, 44842.571371,    0.0,    2.0, -2.0,  0.00,  0.00,  0.00,  0.0,  0.0,  0.0
1036776.58897480, 44843.384624,    0.0,    2.0, -2.0,  0.00,  0.00,  0.00,  0.0,  0.0,  0.0
1036776.59147480, 44844.320947,    0.0,    2.0, -2.0,  0.00,  0.00,  0.00,  0.0,  0.0,  0.0
1036776.59397480, 44845.479784,    0.0,    2.0, -2.0,  0.00,  0.00,  0.00,  0.0,  0.0,  0.0
1036776.59647480, 44844.937897,    0.0,    2.0, -2.0,  0.00,  0.00,  0.00,  0.0,  0.0,  0.0
1036776.59897480, 44844.396010,    0.0,    2.0, -2.0,  0.00,  0.00,  0.00,  0.0,  0.0,  0.0
1036776.60147480, 44843.016772,    0.0,    2.0, -2.0,  0.00,  0.00,  0.00,  0.0,  0.0,  0.0
1036776.60397480, 44841.362215,    0.0,    2.0, -2.0,  0.00,  0.00,  0.00,  0.0,  0.0,  0.0
1036776.60647480, 44840.998545,    0.0,    2.0, -2.0,  0.00,  0.00,  0.00,  0.0,  0.0,  0.0
1036776.60897480, 44842.139838,    0.0,    2.0, -2.0,  0.00,  0.00,  0.00,  0.0,  0.0,  0.0
1036776.61147480, 44844.197780,    0.0,    2.0, -2.0,  0.00,  0.00,  0.00,  0.0,  0.0,  0.0
1036776.61397480, 44844.197780,    0.0,    2.0, -2.0,  0.00,  0.00,  0.00,  0.0,  0.0,  0.0
1036776.61647480, 44842.689022,    0.0,    2.0, -2.0,  0.00,  0.00,  0.00,  0.0,  0.0,  0.0
1036776.61897480, 44841.236570,    0.0,    2.0, -2.0,  0.00,  0.00,  0.00,  0.0,  0.0,  0.0
1036776.62147480, 44839.845737,    0.0,    2.0, -2.0,  0.00,  0.00,  0.00,  0.0,  0.0,  0.0
1036776.62397480, 44840.411670,    0.0,    2.0, -2.0,  0.00,  0.00,  0.00,  0.0,  0.0,  0.0
1036776.62647480, 44842.081042,    0.0,    2.0, -2.0,  0.00,  0.00,  0.00,  0.0,  0.0,  0.0
1036776.62897480, 44844.035493,    0.0,    2.0, -2.0,  0.00,  0.00,  0.00,  0.0,  0.0,  0.0
1036776.63147480, 44844.710939,    0.0,    2.0, -2.0,  0.00,  0.00,  0.00,  0.0,  0.0,  0.0
1036776.63397480, 44844.582678,    0.0,    2.0, -2.0,  0.00,  0.00,  0.00,  0.0,  0.0,  0.0
1036776.63647480, 44842.614193,    0.0,    2.0, -2.0,  0.00,  0.00,  0.00,  0.0,  0.0,  0.0
1036776.63897480, 44840.869466,    0.0,    2.0, -2.0,  0.00,  0.00,  0.00,  0.0,  0.0,  0.0
1036776.64147480, 44839.727959,    0.0,    2.0, -2.0,  0.00,  0.00,  0.00,  0.0,  0.0,  0.0
1036776.64397480, 44839.685954,    0.0,    2.0, -2.0,  0.00,  0.00,  0.00,  0.0,  0.0,  0.0
1036776.64647480, 44840.209256,    0.0,    2.0, -2.0,  0.00,  0.00,  0.00,  0.0,  0.0,  0.0
1036776.64897480, 44842.486751,    0.0,    2.0, -2.0,  0.00,  0.00,  0.00,  0.0,  0.0,  0.0
1036776.65147480, 44843.076763,    0.0,    2.0, -2.0,  0.00,  0.00,  0.00,  0.0,  0.0,  0.0
1036776.65397480, 44843.583253,    0.0,    2.0, -2.0,  0.00,  0.00,  0.00,  0.0,  0.0,  0.0
1036776.65647480, 44842.898907,    0.0,    2.0, -2.0,  0.00,  0.00,  0.00,  0.0,  0.0,  0.0
1036776.65897480, 44840.076642,    0.0,    2.0, -2.0,  0.00,  0.00,  0.00,  0.0,  0.0,  0.0
1036776.66147480, 44839.493824,    0.0,    2.0, -2.0,  0.00,  0.00,  0.00,  0.0,  0.0,  0.0
1036776.66397480, 44839.677626,    0.0,    2.0, -2.0,  0.00,  0.00,  0.00,  0.0,  0.0,  0.0
1036776.66647480, 44840.425518,    0.0,    2.0, -2.0,  0.00,  0.00,  0.00,  0.0,  0.0,  0.0
1036776.67147480, 44843.455321,    0.0,    2.0, -2.0,  0.00,  0.00,  0.00,  0.0,  0.0,  0.0
1036776.67397480, 44843.973837,    0.0,    2.0, -2.0,  0.00,  0.00,  0.00,  0.0,  0.0,  0.0
1036776.67647480, 44843.502877,    0.0,    2.0, -2.0,  0.00,  0.00,  0.00,  0.0,  0.0,  0.0
1036776.67897480, 44841.437642,    0.0,    2.0, -2.0,  0.00,  0.00,  0.00,  0.0,  0.0,  0.0
1036776.68147480, 44840.361263,    0.0,    2.0, -2.0,  0.00,  0.00,  0.00,  0.0,  0.0,  0.0
1036776.68397480, 44840.739687,    0.0,    2.0, -2.0,  0.00,  0.00,  0.00,  0.0,  0.0,  0.0
1036776.68647480, 44841.279189,    0.0,    2.0, -2.0,  0.00,  0.00,  0.00,  0.0,  0.0,  0.0
1036776.68897480, 44843.584445,    0.0,    2.0, -2.0,  0.00,  0.00,  0.00,  0.0,  0.0,  0.0
1036776.69147480, 44845.035369,    0.0,    2.0, -2.0,  0.00,  0.00,  0.00,  0.0,  0.0,  0.0
1036776.69397480, 44844.039917,    0.0,    2.0, -2.0,  0.00,  0.00,  0.00,  0.0,  0.0,  0.0
1036776.69647480, 44843.428042,    0.0,    2.0, -2.0,  0.00,  0.00,  0.00,  0.0,  0.0,  0.0
1036776.69897480, 44841.393594,    0.0,    2.0, -2.0,  0.00,  0.00,  0.00,  0.0,  0.0,  0.0
1036776.70147480, 44840.509876,    0.0,    2.0, -2.0,  0.00,  0.00,  0.00,  0.0,  0.0,  0.0
1036776.70397480, 44841.435820,    0.0,    2.0, -2.0,  0.00,  0.00,  0.00,  0.0,  0.0,  0.0
1036776.70647480, 44841.856493,    0.0,    2.0, -2.0,  0.00,  0.00,  0.00,  0.0,  0.0,  0.0
1036776.70897480, 44842.641332,    0.0,    2.0, -2.0,  0.00,  0.00,  0.00,  0.0,  0.0,  0.0
1036776.71147480, 44843.479335,    0.0,    2.0, -2.0,  0.00,  0.00,  0.00,  0.0,  0.0,  0.0
1036776.71397480, 44844.812719,    0.0,    2.0, -2.0,  0.00,  0.00,  0.00,  0.0,  0.0,  0.0
1036776.71647480, 44843.326962,    0.0,    2.0, -2.0,  0.00,  0.00,  0.00,  0.0,  0.0,  0.0
1036776.71897480, 44842.656132,    0.0,    2.0, -2.0,  0.00,  0.00,  0.00,  0.0,  0.0,  0.0
1036776.72147480, 44841.985303,    0.0,    2.0, -2.0,  0.00,  0.00,  0.00,  0.0,  0.0,  0.0
1036776.72397480, 44841.859526,    0.0,    2.0, -2.0,  0.00,  0.00,  0.00,  0.0,  0.0,  0.0
1036776.72647480, 44841.909947,    0.0,    2.0, -2.0,  0.00,  0.00,  0.00,  0.0,  0.0,  0.0
1036776.72897480, 44841.909947,    0.0,    2.0, -2.0,  0.00,  0.00,  0.00,  0.0,  0.0,  0.0
1036776.73147480, 44844.311027,    0.0,    2.0, -2.0,  0.00,  0.00,  0.00,  0.0,  0.0,  0.0
1036776.73397480, 44845.158749,    0.0,    2.0, -2.0,  0.00,  0.00,  0.00,  0.0,  0.0,  0.0
1036776.73647480, 44844.991088,    0.0,    2.0, -2.0,  0.00,  0.00,  0.00,  0.0,  0.0,  0.0
1036776.73897480, 44841.388764,    0.0,    2.0, -2.0,  0.00,  0.00,  0.00,  0.0,  0.0,  0.0
1036776.74147480, 44840.417081,    0.0,    2.0, -2.0,  0.00,  0.00,  0.00,  0.0,  0.0,  0.0
1036776.74397480, 44840.694479,    0.0,    2.0, -2.0,  0.00,  0.00,  0.00,  0.0,  0.0,  0.0
1036776.74647480, 44842.410655,    0.0,    2.0, -2.0,  0.00,  0.00,  0.00,  0.0,  0.0,  0.0
1036776.74897480, 44844.376973,    0.0,    2.0, -2.0,  0.00,  0.00,  0.00,  0.0,  0.0,  0.0
1036776.75147480, 44844.764393,    0.0,    2.0, -2.0,  0.00,  0.00,  0.00,  0.0,  0.0,  0.0
1036776.75397480, 44844.563528,    0.0,    2.0, -2.0,  0.00,  0.00,  0.00,  0.0,  0.0,  0.0
1036776.75647480, 44842.473250,    0.0,    2.0, -2.0,  0.00,  0.00,  0.00,  0.0,  0.0,  0.0
1036776.75897480, 44840.521043,    0.0,    2.0, -2.0,  0.00,  0.00,  0.00,  0.0,  0.0,  0.0
1036776.76147480, 44840.200409,    0.0,    2.0, -2.0,  0.00,  0.00,  0.00,  0.0,  0.0,  0.0
1036776.76397480, 44840.718031,    0.0,    2.0, -2.0,  0.00,  0.00,  0.00,  0.0,  0.0,  0.0
1036776.76647480, 44842.633514,    0.0,    2.0, -2.0,  0.00,  0.00,  0.00,  0.0,  0.0,  0.0
1036776.76897480, 44844.437590,    0.0,    2.0, -2.0,  0.00,  0.00,  0.00,  0.0,  0.0,  0.0
1036776.77147480, 44844.743011,    0.0,    2.0, -2.0,  0.00,  0.00,  0.00,  0.0,  0.0,  0.0
1036776.77397480, 44844.649175,    0.0,    2.0, -2.0,  0.00,  0.00,  0.00,  0.0,  0.0,  0.0
1036776.77647480, 44842.681356,    0.0,    2.0, -2.0,  0.00,  0.00,  0.00,  0.0,  0.0,  0.0
1036776.77897480, 44840.377869,    0.0,    2.0, -2.0,  0.00,  0.00,  0.00,  0.0,  0.0,  0.0
1036776.78147480, 44839.910765,    0.0,    2.0, -2.0,  0.00,  0.00,  0.00,  0.0,  0.0,  0.0
1036776.78397480, 44839.910765,    0.0,    2.0, -2.0,  0.00,  0.00,  0.00,  0.0,  0.0,  0.0
1036776.78647480, 44840.504041,    0.0,    2.0, -2.0,  0.00,  0.00,  0.00,  0.0,  0.0,  0.0
1036776.78897480, 44841.629290,    0.0,    2.0, -2.0,  0.00,  0.00,  0.00,  0.0,  0.0,  0.0
1036776.79147480, 44842.754539,    0.0,    2.0, -2.0,  0.00,  0.00,  0.00,  0.0,  0.0,  0.0
1036776.79397480, 44843.572647,    0.0,    2.0, -2.0,  0.00,  0.00,  0.00,  0.0,  0.0,  0.0
1036776.79647480, 44844.318709,    0.0,    2.0, -2.0,  0.00,  0.00,  0.00,  0.0,  0.0,  0.0
1036776.79897480, 44842.955920,    0.0,    2.0, -2.0,  0.00,  0.00,  0.00,  0.0,  0.0,  0.0
1036776.80147480, 44840.075069,    0.0,    2.0, -2.0,  0.00,  0.00,  0.00,  0.0,  0.0,  0.0
1036776.80397480, 44840.800498,    0.0,    2.0, -2.0,  0.00,  0.00,  0.00,  0.0,  0.0,  0.0
1036776.80647480, 44842.279416,    0.0,    2.0, -2.0,  0.00,  0.00,  0.00,  0.0,  0.0,  0.0
1036776.80897480, 44844.519633,    0.0,    2.0, -2.0,  0.00,  0.00,  0.00,  0.0,  0.0,  0.0
1036776.81147480, 44844.991360,    0.0,    2.0, -2.0,  0.00,  0.00,  0.00,  0.0,  0.0,  0.0
1036776.81397480, 44844.895777,    0.0,    2.0, -2.0,  0.00,  0.00,  0.00,  0.0,  0.0,  0.0
1036776.81647480, 44843.929299,    0.0,    2.0, -2.0,  0.00,  0.00,  0.00,  0.0,  0.0,  0.0
1036776.81897480, 44841.665279,    0.0,    2.0, -2.0,  0.00,  0.00,  0.00,  0.0,  0.0,  0.0
1036776.82147480, 44840.619520,    0.0,    2.0, -2.0,  0.00,  0.00,  0.00,  0.0,  0.0,  0.0
1036776.82397480, 44841.265121,    0.0,    2.0, -2.0,  0.00,  0.00,  0.00,  0.0,  0.0,  0.0
1036776.82647480, 44842.893798,    0.0,    2.0, -2.0,  0.00,  0.00,  0.00,  0.0,  0.0,  0.0
1036776.82897480, 44844.054163,    0.0,    2.0, -2.0,  0.00,  0.00,  0.00,  0.0,  0.0,  0.0
1036776.83147480, 44844.525392,    0.0,    2.0, -2.0,  0.00,  0.00,  0.00,  0.0,  0.0,  0.0
1036776.83397480, 44844.514374,    0.0,    2.0, -2.0,  0.00,  0.00,  0.00,  0.0,  0.0,  0.0
1036776.83647480, 44843.887467,    0.0,    2.0, -2.0,  0.00,  0.00,  0.00,  0.0,  0.0,  0.0
1036776.83897480, 44843.154393,    0.0,    2.0, -2.0,  0.00,  0.00,  0.00,  0.0,  0.0,  0.0
1036776.84147480, 44842.421319,    0.0,    2.0, -2.0,  0.00,  0.00,  0.00,  0.0,  0.0,  0.0
1036776.84397480, 44841.940069,    0.0,    2.0, -2.0,  0.00,  0.00,  0.00,  0.0,  0.0,  0.0
1036776.84647480, 44841.787665,    0.0,    2.0, -2.0,  0.00,  0.00,  0.00,  0.0,  0.0,  0.0
1036776.84897480, 44841.635261,    0.0,    2.0, -2.0,  0.00,  0.00,  0.00,  0.0,  0.0,  0.0
1036776.85147480, 44842.811994,    0.0,    2.0, -2.0,  0.00,  0.00,  0.00,  0.0,  0.0,  0.0
1036776.85397480, 44844.122818,    0.0,    2.0, -2.0,  0.00,  0.00,  0.00,  0.0,  0.0,  0.0
1036776.85647480, 44843.231389,    0.0,    2.0, -2.0,  0.00,  0.00,  0.00,  0.0,  0.0,  0.0
1036776.85897480, 44840.827309,    0.0,    2.0, -2.0,  0.00,  0.00,  0.00,  0.0,  0.0,  0.0
1036776.86147480, 44839.981643,    0.0,    2.0, -2.0,  0.00,  0.00,  0.00,  0.0,  0.0,  0.0
1036776.86397480, 44840.872734,    0.0,    2.0, -2.0,  0.00,  0.00,  0.00,  0.0,  0.0,  0.0
1036776.86647480, 44842.580820,    0.0,    2.0, -2.0,  0.00,  0.00,  0.00,  0.0,  0.0,  0.0
1036776.86897480, 44844.102383,    0.0,    2.0, -2.0,  0.00,  0.00,  0.00,  0.0,  0.0,  0.0
1036776.87147480, 44844.833279,    0.0,    2.0, -2.0,  0.00,  0.00,  0.00,  0.0,  0.0,  0.0
1036776.87397480, 44843.996488,    0.0,    2.0, -2.0,  0.00,  0.00,  0.00,  0.0,  0.0,  0.0
1036776.87647480, 44842.207926,    0.0,    2.0, -2.0,  0.00,  0.00,  0.00,  0.0,  0.0,  0.0
1036776.87897480, 44840.726936,    0.0,    2.0, -2.0,  0.00,  0.00,  0.00,  0.0,  0.0,  0.0
1036776.88147480, 44840.252871,    0.0,    2.0, -2.0,  0.00,  0.00,  0.00,  0.0,  0.0,  0.0
1036776.88397480, 44840.491728,    0.0,    2.0, -2.0,  0.00,  0.00,  0.00,  0.0,  0.0,  0.0
1036776.88647480, 44841.573773,    0.0,    2.0, -2.0,  0.00,  0.00,  0.00,  0.0,  0.0,  0.0
1036776.88897480, 44843.266317,    0.0,    2.0, -2.0,  0.00,  0.00,  0.00,  0.0,  0.0,  0.0
1036776.89147480, 44844.416783,    0.0,    2.0, -2.0,  0.00,  0.00,  0.00,  0.0,  0.0,  0.0
1036776.89397480, 44844.553770,    0.0,    2.0, -2.0,  0.00,  0.00,  0.00,  0.0,  0.0,  0.0
1036776.89647480, 44843.664643,    0.0,    2.0, -2.0,  0.00,  0.00,  0.00,  0.0,  0.0,  0.0
1036776.89897480, 44841.601202,    0.0,    2.0, -2.0,  0.00,  0.00,  0.00,  0.0,  0.0,  0.0
1036776.90147480, 44839.794038,    0.0,    2.0, -2.0,  0.00,  0.00,  0.00,  0.0,  0.0,  0.0
1036776.90397480, 44839.771785,    0.0,    2.0, -2.0,  0.00,  0.00,  0.00,  0.0,  0.0,  0.0
1036776.90647480, 44839.771785,    0.0,    2.0, -2.0,  0.00,  0.00,  0.00,  0.0,  0.0,  0.0
1036776.90897480, 44840.458814,    0.0,    2.0, -2.0,  0.00,  0.00,  0.00,  0.0,  0.0,  0.0
1036776.91147480, 44842.380470,    0.0,    2.0, -2.0,  0.00,  0.00,  0.00,  0.0,  0.0,  0.0
1036776.91397480, 44844.302125,    0.0,    2.0, -2.0,  0.00,  0.00,  0.00,  0.0,  0.0,  0.0
1036776.91647480, 44842.928254,    0.0,    2.0, -2.0,  0.00,  0.00,  0.00,  0.0,  0.0,  0.0
1036776.91897480, 44841.853994,    0.0,    2.0, -2.0,  0.00,  0.00,  0.00,  0.0,  0.0,  0.0
1036776.92147480, 44840.887133,    0.0,    2.0, -2.0,  0.00,  0.00,  0.00,  0.0,  0.0,  0.0
1036776.92397480, 44840.595199,    0.0,    2.0, -2.0,  0.00,  0.00,  0.00,  0.0,  0.0,  0.0
1036776.92647480, 44841.676583,    0.0,    2.0, -2.0,  0.00,  0.00,  0.00,  0.0,  0.0,  0.0
1036776.92897480, 44843.468403,    0.0,    2.0, -2.0,  0.00,  0.00,  0.00,  0.0,  0.0,  0.0
1036776.93147480, 44844.696831,    0.0,    2.0, -2.0,  0.00,  0.00,  0.00,  0.0,  0.0,  0.0
1036776.93397480, 44844.486538,    0.0,    2.0, -2.0,  0.00,  0.00,  0.00,  0.0,  0.0,  0.0
1036776.93647480, 44843.382504,    0.0,    2.0, -2.0,  0.00,  0.00,  0.00,  0.0,  0.0,  0.0
1036776.93897480, 44841.309859,    0.0,    2.0, -2.0,  0.00,  0.00,  0.00,  0.0,  0.0,  0.0
1036776.94147480, 44840.320836,    0.0,    2.0, -2.0,  0.00,  0.00,  0.00,  0.0,  0.0,  0.0
1036776.94397480, 44840.740914,    0.0,    2.0, -2.0,  0.00,  0.00,  0.00,  0.0,  0.0,  0.0
1036776.94647480, 44842.267611,    0.0,    2.0, -2.0,  0.00,  0.00,  0.00,  0.0,  0.0,  0.0
1036776.94897480, 44844.400087,    0.0,    2.0, -2.0,  0.00,  0.00,  0.00,  0.0,  0.0,  0.0
1036776.95147480, 44845.134978,    0.0,    2.0, -2.0,  0.00,  0.00,  0.00,  0.0,  0.0,  0.0
1036776.95397480, 44845.042354,    0.0,    2.0, -2.0,  0.00,  0.00,  0.00,  0.0,  0.0,  0.0
1036776.95647480, 44843.641161,    0.0,    2.0, -2.0,  0.00,  0.00,  0.00,  0.0,  0.0,  0.0
1036776.95897480, 44841.774842,    0.0,    2.0, -2.0,  0.00,  0.00,  0.00,  0.0,  0.0,  0.0
1036776.96147480, 44841.186576,    0.0,    2.0, -2.0,  0.00,  0.00,  0.00,  0.0,  0.0,  0.0
1036776.96397480, 44840.598311,    0.0,    2.0, -2.0,  0.00,  0.00,  0.00,  0.0,  0.0,  0.0
1036776.96647480, 44841.983683,    0.0,    2.0, -2.0,  0.00,  0.00,  0.00,  0.0,  0.0,  0.0
1036776.96897480, 44843.770513,    0.0,    2.0, -2.0,  0.00,  0.00,  0.00,  0.0,  0.0,  0.0
1036776.97147480, 44844.397333,    0.0,    2.0, -2.0,  0.00,  0.00,  0.00,  0.0,  0.0,  0.0
1036776.97397480, 44844.958279,    0.0,    2.0, -2.0,  0.00,  0.00,  0.00,  0.0,  0.0,  0.0
1036776.97647480, 44844.445037,    0.0,    2.0, -2.0,  0.00,  0.00,  0.00,  0.0,  0.0,  0.0
1036776.97897480, 44843.742409,    0.0,    2.0, -2.0,  0.00,  0.00,  0.00,  0.0,  0.0,  0.0
1036776.98147480, 44842.336171,    0.0,    2.0, -2.0,  0.00,  0.00,  0.00,  0.0,  0.0,  0.0
1036776.98397480, 44840.281413,    0.0,    2.0, -2.0,  0.00,  0.00,  0.00,  0.0,  0.0,  0.0
1036776.98647480, 44841.064540,    0.0,    2.0, -2.0,  0.00,  0.00,  0.00,  0.0,  0.0,  0.0
1036776.98897480, 44842.526732,    0.0,    2.0, -2.0,  0.00,  0.00,  0.00,  0.0,  0.0,  0.0
1036776.99397480, 44844.904530,    0.0,    2.0, -2.0,  0.00,  0.00,  0.00,  0.0,  0.0,  0.0
1036776.99647480, 44844.013750,    0.0,    2.0, -2.0,  0.00,  0.00,  0.00,  0.0,  0.0,  0.0
1036776.99897480, 44841.852040,    0.0,    2.0, -2.0,  0.00,  0.00,  0.00,  0.0,  0.0,  0.0
1036777.00147480, 44839.936341,    0.0,    2.0, -2.0,  0.00,  0.00,  0.00,  0.0,  0.0,  0.0
1036777.00397480, 44839.536587,    0.0,    2.0, -2.0,  0.00,  0.00,  0.00,  0.0,  0.0,  0.0
1036777.00647480, 44841.079038,    0.0,    2.0, -2.0,  0.00,  0.00,  0.00,  0.0,  0.0,  0.0
1036777.00897480, 44843.126361,    0.0,    2.0, -2.0,  0.00,  0.00,  0.00,  0.0,  0.0,  0.0
1036777.01147480, 44844.123772,    0.0,    2.0, -2.0,  0.00,  0.00,  0.00,  0.0,  0.0,  0.0
1036777.01397480, 44843.660154,    0.0,    2.0, -2.0,  0.00,  0.00,  0.00,  0.0,  0.0,  0.0
1036777.01647480, 44841.393459,    0.0,    2.0, -2.0,  0.00,  0.00,  0.00,  0.0,  0.0,  0.0
1036777.01897480, 44840.701885,    0.0,    2.0, -2.0,  0.00,  0.00,  0.00,  0.0,  0.0,  0.0
1036777.02147480, 44839.236261,    0.0,    2.0, -2.0,  0.00,  0.00,  0.00,  0.0,  0.0,  0.0
1036777.02397480, 44839.442477,    0.0,    2.0, -2.0,  0.00,  0.00,  0.00,  0.0,  0.0,  0.0
1036777.02647480, 44839.648692,    0.0,    2.0, -2.0,  0.00,  0.00,  0.00,  0.0,  0.0,  0.0
1036777.02897480, 44843.422327,    0.0,    2.0, -2.0,  0.00,  0.00,  0.00,  0.0,  0.0,  0.0
1036777.03147480, 44844.063465,    0.0,    2.0, -2.0,  0.00,  0.00,  0.00,  0.0,  0.0,  0.0
1036777.03397480, 44843.933153,    0.0,    2.0, -2.0,  0.00,  0.00,  0.00,  0.0,  0.0,  0.0
1036777.03647480, 44843.802840,    0.0,    2.0, -2.0,  0.00,  0.00,  0.00,  0.0,  0.0,  0.0
1036777.03897480, 44840.810803,    0.0,    2.0, -2.0,  0.00,  0.00,  0.00,  0.0,  0.0,  0.0
1036777.04147480, 44840.478500,    0.0,    2.0, -2.0,  0.00,  0.00,  0.00,  0.0,  0.0,  0.0
1036777.04397480, 44840.146196,    0.0,    2.0, -2.0,  0.00,  0.00,  0.00,  0.0,  0.0,  0.0
1036777.04647480, 44840.434545,    0.0,    2.0, -2.0,  0.00,  0.00,  0.00,  0.0,  0.0,  0.0
1036777.04897480, 44840.842488,    0.0,    2.0, -2.0,  0.00,  0.00,  0.00,  0.0,  0.0,  0.0
1036777.05147480, 44841.653450,    0.0,    2.0, -2.0,  0.00,  0.00,  0.00,  0.0,  0.0,  0.0
1036777.05397480, 44844.252104,    0.0,    2.0, -2.0,  0.00,  0.00,  0.00,  0.0,  0.0,  0.0
1036777.05647480, 44841.674008,    0.0,    2.0, -2.0,  0.00,  0.00,  0.00,  0.0,  0.0,  0.0
1036777.05897480, 44841.033300,    0.0,    2.0, -2.0,  0.00,  0.00,  0.00,  0.0,  0.0,  0.0
1036777.06147480, 44840.095853,    0.0,    2.0, -2.0,  0.00,  0.00,  0.00,  0.0,  0.0,  0.0
1036777.06397480, 44841.031141,    0.0,    2.0, -2.0,  0.00,  0.00,  0.00,  0.0,  0.0,  0.0
1036777.06647480, 44843.681155,    0.0,    2.0, -2.0,  0.00,  0.00,  0.00,  0.0,  0.0,  0.0
1036777.06897480, 44844.379524,    0.0,    2.0, -2.0,  0.00,  0.00,  0.00,  0.0,  0.0,  0.0
1036777.07147480, 44845.533823,    0.0,    2.0, -2.0,  0.00,  0.00,  0.00,  0.0,  0.0,  0.0
1036777.07397480, 44845.027549,    0.0,    2.0, -2.0,  0.00,  0.00,  0.00,  0.0,  0.0,  0.0
1036777.07647480, 44842.888029,    0.0,    2.0, -2.0,  0.00,  0.00,  0.00,  0.0,  0.0,  0.0
1036777.07897480, 44842.027546,    0.0,    2.0, -2.0,  0.00,  0.00,  0.00,  0.0,  0.0,  0.0
1036777.08147480, 44841.332334,    0.0,    2.0, -2.0,  0.00,  0.00,  0.00,  0.0,  0.0,  0.0
1036777.08397480, 44841.503856,    0.0,    2.0, -2.0,  0.00,  0.00,  0.00,  0.0,  0.0,  0.0
1036777.08647480, 44842.693080,    0.0,    2.0, -2.0,  0.00,  0.00,  0.00,  0.0,  0.0,  0.0
1036777.08897480, 44843.544988,    0.0,    2.0, -2.0,  0.00,  0.00,  0.00,  0.0,  0.0,  0.0
1036777.09147480, 44844.489417,    0.0,    2.0, -2.0,  0.00,  0.00,  0.00,  0.0,  0.0,  0.0
1036777.09397480, 44844.518746,    0.0,    2.0, -2.0,  0.00,  0.00,  0.00,  0.0,  0.0,  0.0
1036777.09647480, 44843.001005,    0.0,    2.0, -2.0,  0.00,  0.00,  0.00,  0.0,  0.0,  0.0
1036777.09897480, 44841.621842,    0.0,    2.0, -2.0,  0.00,  0.00,  0.00,  0.0,  0.0,  0.0
1036777.10147480, 44840.285863,    0.0,    2.0, -2.0,  0.00,  0.00,  0.00,  0.0,  0.0,  0.0
1036777.10397480, 44840.392993,    0.0,    2.0, -2.0,  0.00,  0.00,  0.00,  0.0,  0.0,  0.0
1036777.10647480, 44841.094959,    0.0,    2.0, -2.0,  0.00,  0.00,  0.00,  0.0,  0.0,  0.0
1036777.10897480, 44841.949675,    0.0,    2.0, -2.0,  0.00,  0.00,  0.00,  0.0,  0.0,  0.0
1036777.11147480, 44843.458643,    0.0,    2.0, -2.0,  0.00,  0.00,  0.00,  0.0,  0.0,  0.0
1036777.11397480, 44844.967611,    0.0,    2.0, -2.0,  0.00,  0.00,  0.00,  0.0,  0.0,  0.0
1036777.11647480, 44843.985166,    0.0,    2.0, -2.0,  0.00,  0.00,  0.00,  0.0,  0.0,  0.0
1036777.11897480, 44841.852036,    0.0,    2.0, -2.0,  0.00,  0.00,  0.00,  0.0,  0.0,  0.0
1036777.12147480, 44840.106699,    0.0,    2.0, -2.0,  0.00,  0.00,  0.00,  0.0,  0.0,  0.0
1036777.12397480, 44840.203379,    0.0,    2.0, -2.0,  0.00,  0.00,  0.00,  0.0,  0.0,  0.0
1036777.12647480, 44841.526365,    0.0,    2.0, -2.0,  0.00,  0.00,  0.00,  0.0,  0.0,  0.0
1036777.12897480, 44843.170286,    0.0,    2.0, -2.0,  0.00,  0.00,  0.00,  0.0,  0.0,  0.0
1036777.13147480, 44844.273605,    0.0,    2.0, -2.0,  0.00,  0.00,  0.00,  0.0,  0.0,  0.0
1036777.13397480, 44844.345353,    0.0,    2.0, -2.0,  0.00,  0.00,  0.00,  0.0,  0.0,  0.0
1036777.13647480, 44842.737346,    0.0,    2.0, -2.0,  0.00,  0.00,  0.00,  0.0,  0.0,  0.0
1036777.13897480, 44840.770238,    0.0,    2.0, -2.0,  0.00,  0.00,  0.00,  0.0,  0.0,  0.0
1036777.14147480, 44839.765126,    0.0,    2.0, -2.0,  0.00,  0.00,  0.00,  0.0,  0.0,  0.0
1036777.14397480, 44840.623456,    0.0,    2.0, -2.0,  0.00,  0.00,  0.00,  0.0,  0.0,  0.0
1036777.14647480, 44842.157635,    0.0,    2.0, -2.0,  0.00,  0.00,  0.00,  0.0,  0.0,  0.0
1036777.14897480, 44843.354998,    0.0,    2.0, -2.0,  0.00,  0.00,  0.00,  0.0,  0.0,  0.0
1036777.15147480, 44844.178627,    0.0,    2.0, -2.0,  0.00,  0.00,  0.00,  0.0,  0.0,  0.0
1036777.15397480, 44843.957458,    0.0,    2.0, -2.0,  0.00,  0.00,  0.00,  0.0,  0.0,  0.0
1036777.15647480, 44842.929593,    0.0,    2.0, -2.0,  0.00,  0.00,  0.00,  0.0,  0.0,  0.0
1036777.15897480, 44842.425550,    0.0,    2.0, -2.0,  0.00,  0.00,  0.00,  0.0,  0.0,  0.0
1036777.16147480, 44841.921507,    0.0,    2.0, -2.0,  0.00,  0.00,  0.00,  0.0,  0.0,  0.0
1036777.16397480, 44841.418134,    0.0,    2.0, -2.0,  0.00,  0.00,  0.00,  0.0,  0.0,  0.0
1036777.16647480, 44841.392877,    0.0,    2.0, -2.0,  0.00,  0.00,  0.00,  0.0,  0.0,  0.0
1036777.16897480, 44841.367620,    0.0,    2.0, -2.0,  0.00,  0.00,  0.00,  0.0,  0.0,  0.0
1036777.17147480, 44841.905114,    0.0,    2.0, -2.0,  0.00,  0.00,  0.00,  0.0,  0.0,  0.0
1036777.17397480, 44843.098673,    0.0,    2.0, -2.0,  0.00,  0.00,  0.00,  0.0,  0.0,  0.0
1036777.17647480, 44843.842172,    0.0,    2.0, -2.0,  0.00,  0.00,  0.00,  0.0,  0.0,  0.0
1036777.17897480, 44841.451151,    0.0,    2.0, -2.0,  0.00,  0.00,  0.00,  0.0,  0.0,  0.0
1036777.18147480, 44840.513778,    0.0,    2.0, -2.0,  0.00,  0.00,  0.00,  0.0,  0.0,  0.0
1036777.18397480, 44840.398156,    0.0,    2.0, -2.0,  0.00,  0.00,  0.00,  0.0,  0.0,  0.0
1036777.18647480, 44842.128804,    0.0,    2.0, -2.0,  0.00,  0.00,  0.00,  0.0,  0.0,  0.0
1036777.18897480, 44843.905808,    0.0,    2.0, -2.0,  0.00,  0.00,  0.00,  0.0,  0.0,  0.0
1036777.19147480, 44845.020104,    0.0,    2.0, -2.0,  0.00,  0.00,  0.00,  0.0,  0.0,  0.0
1036777.19397480, 44844.294380,    0.0,    2.0, -2.0,  0.00,  0.00,  0.00,  0.0,  0.0,  0.0
1036777.19647480, 44843.866365,    0.0,    2.0, -2.0,  0.00,  0.00,  0.00,  0.0,  0.0,  0.0
1036777.19897480, 44841.579884,    0.0,    2.0, -2.0,  0.00,  0.00,  0.00,  0.0,  0.0,  0.0
1036777.20147480, 44840.093865,    0.0,    2.0, -2.0,  0.00,  0.00,  0.00,  0.0,  0.0,  0.0
1036777.20397480, 44840.964103,    0.0,    2.0, -2.0,  0.00,  0.00,  0.00,  0.0,  0.0,  0.0
1036777.20647480, 44841.493005,    0.0,    2.0, -2.0,  0.00,  0.00,  0.00,  0.0,  0.0,  0.0
1036777.20897480, 44843.374618,    0.0,    2.0, -2.0,  0.00,  0.00,  0.00,  0.0,  0.0,  0.0
1036777.21147480, 44844.737565,    0.0,    2.0, -2.0,  0.00,  0.00,  0.00,  0.0,  0.0,  0.0
1036777.21397480, 44844.802543,    0.0,    2.0, -2.0,  0.00,  0.00,  0.00,  0.0,  0.0,  0.0
1036777.21647480, 44844.593925,    0.0,    2.0, -2.0,  0.00,  0.00,  0.00,  0.0,  0.0,  0.0
1036777.21897480, 44843.648875,    0.0,    2.0, -2.0,  0.00,  0.00,  0.00,  0.0,  0.0,  0.0
1036777.22147480, 44842.703825,    0.0,    2.0, -2.0,  0.00,  0.00,  0.00,  0.0,  0.0,  0.0
1036777.22397480, 44841.758775,    0.0,    2.0, -2.0,  0.00,  0.00,  0.00,  0.0,  0.0,  0.0
1036777.22647480, 44842.044934,    0.0,    2.0, -2.0,  0.00,  0.00,  0.00,  0.0,  0.0,  0.0
1036777.22897480, 44842.897690,    0.0,    2.0, -2.0,  0.00,  0.00,  0.00,  0.0,  0.0,  0.0
1036777.23147480, 44843.750447,    0.0,    2.0, -2.0,  0.00,  0.00,  0.00,  0.0,  0.0,  0.0
1036777.23397480, 44844.217380,    0.0,    2.0, -2.0,  0.00,  0.00,  0.00,  0.0,  0.0,  0.0
1036777.23647480, 44844.596105,    0.0,    2.0, -2.0,  0.00,  0.00,  0.00,  0.0,  0.0,  0.0
1036777.23897480, 44842.587366,    0.0,    2.0, -2.0,  0.00,  0.00,  0.00,  0.0,  0.0,  0.0
1036777.24147480, 44840.092509,    0.0,    2.0, -2.0,  0.00,  0.00,  0.00,  0.0,  0.0,  0.0
1036777.24397480, 44840.748756,    0.0,    2.0, -2.0,  0.00,  0.00,  0.00,  0.0,  0.0,  0.0
1036777.24647480, 44841.418170,    0.0,    2.0, -2.0,  0.00,  0.00,  0.00,  0.0,  0.0,  0.0
1036777.24897480, 44843.440683,    0.0,    2.0, -2.0,  0.00,  0.00,  0.00,  0.0,  0.0,  0.0
1036777.25147480, 44844.717308,    0.0,    2.0, -2.0,  0.00,  0.00,  0.00,  0.0,  0.0,  0.0
1036777.25397480, 44844.424282,    0.0,    2.0, -2.0,  0.00,  0.00,  0.00,  0.0,  0.0,  0.0
1036777.25647480, 44843.286168,    0.0,    2.0, -2.0,  0.00,  0.00,  0.00,  0.0,  0.0,  0.0
1036777.25897480, 44841.842320,    0.0,    2.0, -2.0,  0.00,  0.00,  0.00,  0.0,  0.0,  0.0
1036777.26147480, 44840.376658,    0.0,    2.0, -2.0,  0.00,  0.00,  0.00,  0.0,  0.0,  0.0
1036777.26397480, 44840.947478,    0.0,    2.0, -2.0,  0.00,  0.00,  0.00,  0.0,  0.0,  0.0
1036777.26647480, 44841.364716,    0.0,    2.0, -2.0,  0.00,  0.00,  0.00,  0.0,  0.0,  0.0
1036777.26897480, 44841.865853,    0.0,    2.0, -2.0,  0.00,  0.00,  0.00,  0.0,  0.0,  0.0
1036777.27147480, 44844.677912,    0.0,    2.0, -2.0,  0.00,  0.00,  0.00,  0.0,  0.0,  0.0
1036777.27397480, 44844.499363,    0.0,    2.0, -2.0,  0.00,  0.00,  0.00,  0.0,  0.0,  0.0
1036777.27647480, 44843.864854,    0.0,    2.0, -2.0,  0.00,  0.00,  0.00,  0.0,  0.0,  0.0
1036777.27897480, 44843.230345,    0.0,    2.0, -2.0,  0.00,  0.00,  0.00,  0.0,  0.0,  0.0
1036777.28147480, 44842.182096,    0.0,    2.0, -2.0,  0.00,  0.00,  0.00,  0.0,  0.0,  0.0
1036777.28397480, 44840.999993,    0.0,    2.0, -2.0,  0.00,  0.00,  0.00,  0.0,  0.0,  0.0
1036777.28647480, 44840.179362,    0.0,    2.0, -2.0,  0.00,  0.00,  0.00,  0.0,  0.0,  0.0
1036777.28897480, 44841.392395,    0.0,    2.0, -2.0,  0.00,  0.00,  0.00,  0.0,  0.0,  0.0
1036777.29147480, 44842.605427,    0.0,    2.0, -2.0,  0.00,  0.00,  0.00,  0.0,  0.0,  0.0
1036777.29397480, 44843.294747,    0.0,    2.0, -2.0,  0.00,  0.00,  0.00,  0.0,  0.0,  0.0
1036777.29647480, 44842.233854,    0.0,    2.0, -2.0,  0.00,  0.00,  0.00,  0.0,  0.0,  0.0
1036777.29897480, 44839.990005,    0.0,    2.0, -2.0,  0.00,  0.00,  0.00,  0.0,  0.0,  0.0
1036777.30147480, 44839.173100,    0.0,    2.0, -2.0,  0.00,  0.00,  0.00,  0.0,  0.0,  0.0
1036777.30397480, 44840.500176,    0.0,    2.0, -2.0,  0.00,  0.00,  0.00,  0.0,  0.0,  0.0
1036777.30647480, 44843.416179,    0.0,    2.0, -2.0,  0.00,  0.00,  0.00,  0.0,  0.0,  0.0
1036777.30897480, 44844.417082,    0.0,    2.0, -2.0,  0.00,  0.00,  0.00,  0.0,  0.0,  0.0
1036777.31147480, 44844.497123,    0.0,    2.0, -2.0,  0.00,  0.00,  0.00,  0.0,  0.0,  0.0
1036777.31397480, 44844.910605,    0.0,    2.0, -2.0,  0.00,  0.00,  0.00,  0.0,  0.0,  0.0
1036777.31647480, 44843.280349,    0.0,    2.0, -2.0,  0.00,  0.00,  0.00,  0.0,  0.0,  0.0
1036777.31897480, 44840.848393,    0.0,    2.0, -2.0,  0.00,  0.00,  0.00,  0.0,  0.0,  0.0
1036777.32147480, 44840.210108,    0.0,    2.0, -2.0,  0.00,  0.00,  0.00,  0.0,  0.0,  0.0
1036777.32397480, 44839.859205,    0.0,    2.0, -2.0,  0.00,  0.00,  0.00,  0.0,  0.0,  0.0
1036777.32647480, 44841.158119,    0.0,    2.0, -2.0,  0.00,  0.00,  0.00,  0.0,  0.0,  0.0
1036777.32897480, 44842.094932,    0.0,    2.0, -2.0,  0.00,  0.00,  0.00,  0.0,  0.0,  0.0
1036777.33147480, 44843.286562,    0.0,    2.0, -2.0,  0.00,  0.00,  0.00,  0.0,  0.0,  0.0
1036777.33397480, 44844.257035,    0.0,    2.0, -2.0,  0.00,  0.00,  0.00,  0.0,  0.0,  0.0
1036777.33647480, 44843.973273,    0.0,    2.0, -2.0,  0.00,  0.00,  0.00,  0.0,  0.0,  0.0
1036777.33897480, 44843.172006,    0.0,    2.0, -2.0,  0.00,  0.00,  0.00,  0.0,  0.0,  0.0
1036777.34147480, 44842.265760,    0.0,    2.0, -2.0,  0.00,  0.00,  0.00,  0.0,  0.0,  0.0
1036777.34397480, 44840.083041,    0.0,    2.0, -2.0,  0.00,  0.00,  0.00,  0.0,  0.0,  0.0
1036777.34647480, 44840.854809,    0.0,    2.0, -2.0,  0.00,  0.00,  0.00,  0.0,  0.0,  0.0
1036777.34897480, 44841.680069,    0.0,    2.0, -2.0,  0.00,  0.00,  0.00,  0.0,  0.0,  0.0
1036777.35147480, 44843.046451,    0.0,    2.0, -2.0,  0.00,  0.00,  0.00,  0.0,  0.0,  0.0
1036777.35397480, 44844.412833,    0.0,    2.0, -2.0,  0.00,  0.00,  0.00,  0.0,  0.0,  0.0
1036777.35647480, 44844.417164,    0.0,    2.0, -2.0,  0.00,  0.00,  0.00,  0.0,  0.0,  0.0
1036777.35897480, 44841.900766,    0.0,    2.0, -2.0,  0.00,  0.00,  0.00,  0.0,  0.0,  0.0
1036777.36147480, 44840.391852,    0.0,    2.0, -2.0,  0.00,  0.00,  0.00,  0.0,  0.0,  0.0
1036777.36397480, 44841.254296,    0.0,    2.0, -2.0,  0.00,  0.00,  0.00,  0.0,  0.0,  0.0
1036777.36647480, 44841.610604,    0.0,    2.0, -2.0,  0.00,  0.00,  0.00,  0.0,  0.0,  0.0
1036777.36897480, 44843.766531,    0.0,    2.0, -2.0,  0.00,  0.00,  0.00,  0.0,  0.0,  0.0
1036777.37147480, 44844.704463,    0.0,    2.0, -2.0,  0.00,  0.00,  0.00,  0.0,  0.0,  0.0
1036777.37397480, 44843.479422,    0.0,    2.0, -2.0,  0.00,  0.00,  0.00,  0.0,  0.0,  0.0
1036777.37647480, 44842.968337,    0.0,    2.0, -2.0,  0.00,  0.00,  0.00,  0.0,  0.0,  0.0
1036777.37897480, 44840.976106,    0.0,    2.0, -2.0,  0.00,  0.00,  0.00,  0.0,  0.0,  0.0
1036777.38147480, 44840.402278,    0.0,    2.0, -2.0,  0.00,  0.00,  0.00,  0.0,  0.0,  0.0
1036777.38397480, 44841.510278,    0.0,    2.0, -2.0,  0.00,  0.00,  0.00,  0.0,  0.0,  0.0
1036777.38647480, 44841.920638,    0.0,    2.0, -2.0,  0.00,  0.00,  0.00,  0.0,  0.0,  0.0
1036777.38897480, 44843.748166,    0.0,    2.0, -2.0,  0.00,  0.00,  0.00,  0.0,  0.0,  0.0
1036777.39147480, 44844.658052,    0.0,    2.0, -2.0,  0.00,  0.00,  0.00,  0.0,  0.0,  0.0
1036777.39397480, 44844.574423,    0.0,    2.0, -2.0,  0.00,  0.00,  0.00,  0.0,  0.0,  0.0
1036777.39647480, 44843.858858,    0.0,    2.0, -2.0,  0.00,  0.00,  0.00,  0.0,  0.0,  0.0
1036777.39897480, 44840.670197,    0.0,    2.0, -2.0,  0.00,  0.00,  0.00,  0.0,  0.0,  0.0
1036777.40147480, 44840.346219,    0.0,    2.0, -2.0,  0.00,  0.00,  0.00,  0.0,  0.0,  0.0
1036777.40397480, 44840.022586,    0.0,    2.0, -2.0,  0.00,  0.00,  0.00,  0.0,  0.0,  0.0
1036777.40647480, 44840.055601,    0.0,    2.0, -2.0,  0.00,  0.00,  0.00,  0.0,  0.0,  0.0
1036777.40897480, 44841.113898,    0.0,    2.0, -2.0,  0.00,  0.00,  0.00,  0.0,  0.0,  0.0
1036777.41147480, 44842.172195,    0.0,    2.0, -2.0,  0.00,  0.00,  0.00,  0.0,  0.0,  0.0
1036777.41647480, 44842.983436,    0.0,    2.0, -2.0,  0.00,  0.00,  0.00,  0.0,  0.0,  0.0
1036777.41897480, 44843.165752,    0.0,    2.0, -2.0,  0.00,  0.00,  0.00,  0.0,  0.0,  0.0
1036777.42147480, 44840.094878,    0.0,    2.0, -2.0,  0.00,  0.00,  0.00,  0.0,  0.0,  0.0
1036777.42397480, 44839.304078,    0.0,    2.0, -2.0,  0.00,  0.00,  0.00,  0.0,  0.0,  0.0
1036777.42647480, 44840.680719,    0.0,    2.0, -2.0,  0.00,  0.00,  0.00,  0.0,  0.0,  0.0
1036777.42897480, 44843.167272,    0.0,    2.0, -2.0,  0.00,  0.00,  0.00,  0.0,  0.0,  0.0
1036777.43147480, 44844.336760,    0.0,    2.0, -2.0,  0.00,  0.00,  0.00,  0.0,  0.0,  0.0
1036777.43397480, 44844.087231,    0.0,    2.0, -2.0,  0.00,  0.00,  0.00,  0.0,  0.0,  0.0
1036777.43647480, 44842.577135,    0.0,    2.0, -2.0,  0.00,  0.00,  0.00,  0.0,  0.0,  0.0
1036777.43897480, 44840.747333,    0.0,    2.0, -2.0,  0.00,  0.00,  0.00,  0.0,  0.0,  0.0
1036777.44147480, 44840.381161,    0.0,    2.0, -2.0,  0.00,  0.00,  0.00,  0.0,  0.0,  0.0
1036777.44397480, 44840.480841,    0.0,    2.0, -2.0,  0.00,  0.00,  0.00,  0.0,  0.0,  0.0
1036777.44647480, 44841.864087,    0.0,    2.0, -2.0,  0.00,  0.00,  0.00,  0.0,  0.0,  0.0
1036777.44897480, 44843.842061,    0.0,    2.0, -2.0,  0.00,  0.00,  0.00,  0.0,  0.0,  0.0
1036777.45147480, 44844.760791,    0.0,    2.0, -2.0,  0.00,  0.00,  0.00,  0.0,  0.0,  0.0
1036777.45397480, 44845.058536,    0.0,    2.0, -2.0,  0.00,  0.00,  0.00,  0.0,  0.0,  0.0
1036777.45647480, 44844.625602,    0.0,    2.0, -2.0,  0.00,  0.00,  0.00,  0.0,  0.0,  0.0
1036777.45897480, 44843.747502,    0.0,    2.0, -2.0,  0.00,  0.00,  0.00,  0.0,  0.0,  0.0
1036777.46147480, 44841.188245,    0.0,    2.0, -2.0,  0.00,  0.00,  0.00,  0.0,  0.0,  0.0
1036777.46397480, 44841.002553,    0.0,    2.0, -2.0,  0.00,  0.00,  0.00,  0.0,  0.0,  0.0
1036777.46647480, 44841.483524,    0.0,    2.0, -2.0,  0.00,  0.00,  0.00,  0.0,  0.0,  0.0
1036777.46897480, 44841.964495,    0.0,    2.0, -2.0,  0.00,  0.00,  0.00,  0.0,  0.0,  0.0
1036777.47147480, 44845.019117,    0.0,    2.0, -2.0,  0.00,  0.00,  0.00,  0.0,  0.0,  0.0
1036777.47397480, 44843.988300,    0.0,    2.0, -2.0,  0.00,  0.00,  0.00,  0.0,  0.0,  0.0
1036777.47647480, 44842.957482,    0.0,    2.0, -2.0,  0.00,  0.00,  0.00,  0.0,  0.0,  0.0
1036777.47897480, 44841.926665,    0.0,    2.0, -2.0,  0.00,  0.00,  0.00,  0.0,  0.0,  0.0
1036777.48147480, 44841.155857,    0.0,    2.0, -2.0,  0.00,  0.00,  0.00,  0.0,  0.0,  0.0
1036777.48397480, 44840.781263,    0.0,    2.0, -2.0,  0.00,  0.00,  0.00,  0.0,  0.0,  0.0
1036777.48647480, 44842.388351,    0.0,    2.0, -2.0,  0.00,  0.00,  0.00,  0.0,  0.0,  0.0
1036777.48897480, 44844.306916,    0.0,    2.0, -2.0,  0.00,  0.00,  0.00,  0.0,  0.0,  0.0
1036777.49147480, 44845.147885,    0.0,    2.0, -2.0,  0.00,  0.00,  0.00,  0.0,  0.0,  0.0
1036777.49397480, 44844.756012,    0.0,    2.0, -2.0,  0.00,  0.00,  0.00,  0.0,  0.0,  0.0
1036777.49647480, 44843.060190,    0.0,    2.0, -2.0,  0.00,  0.00,  0.00,  0.0,  0.0,  0.0
1036777.49897480, 44840.727424,    0.0,    2.0, -2.0,  0.00,  0.00,  0.00,  0.0,  0.0,  0.0
1036777.50147480, 44839.521424,    0.0,    2.0, -2.0,  0.00,  0.00,  0.00,  0.0,  0.0,  0.0
1036777.50397480, 44840.314066,    0.0,    2.0, -2.0,  0.00,  0.00,  0.00,  0.0,  0.0,  0.0
1036777.50647480, 44842.083570,    0.0,    2.0, -2.0,  0.00,  0.00,  0.00,  0.0,  0.0,  0.0
1036777.50897480, 44843.437672,    0.0,    2.0, -2.0,  0.00,  0.00,  0.00,  0.0,  0.0,  0.0
1036777.51147480, 44844.020860,    0.0,    2.0, -2.0,  0.00,  0.00,  0.00,  0.0,  0.0,  0.0
1036777.51397480, 44844.122944,    0.0,    2.0, -2.0,  0.00,  0.00,  0.00,  0.0,  0.0,  0.0
1036777.51647480, 44843.026616,    0.0,    2.0, -2.0,  0.00,  0.00,  0.00,  0.0,  0.0,  0.0
1036777.51897480, 44842.100384,    0.0,    2.0, -2.0,  0.00,  0.00,  0.00,  0.0,  0.0,  0.0
1036777.52147480, 44840.762658,    0.0,    2.0, -2.0,  0.00,  0.00,  0.00,  0.0,  0.0,  0.0
1036777.52397480, 44840.060437,    0.0,    2.0, -2.0,  0.00,  0.00,  0.00,  0.0,  0.0,  0.0
1036777.52647480, 44840.060437,    0.0,    2.0, -2.0,  0.00,  0.00,  0.00,  0.0,  0.0,  0.0
1036777.52897480, 44840.060437,    0.0,    2.0, -2.0,  0.00,  0.00,  0.00,  0.0,  0.0,  0.0
1036777.53147480, 44840.668644,    0.0,    2.0, -2.0,  0.00,  0.00,  0.00,  0.0,  0.0,  0.0
1036777.53397480, 44844.034221,    0.0,    2.0, -2.0,  0.00,  0.00,  0.00,  0.0,  0.0,  0.0
1036777.53647480, 44843.557404,    0.0,    2.0, -2.0,  0.00,  0.00,  0.00,  0.0,  0.0,  0.0
1036777.53897480, 44842.761760,    0.0,    2.0, -2.0,  0.00,  0.00,  0.00,  0.0,  0.0,  0.0
1036777.54147480, 44841.516314,    0.0,    2.0, -2.0,  0.00,  0.00,  0.00,  0.0,  0.0,  0.0
1036777.54397480, 44840.270868,    0.0,    2.0, -2.0,  0.00,  0.00,  0.00,  0.0,  0.0,  0.0
1036777.54647480, 44841.047161,    0.0,    2.0, -2.0,  0.00,  0.00,  0.00,  0.0,  0.0,  0.0
1036777.54897480, 44843.161039,    0.0,    2.0, -2.0,  0.00,  0.00,  0.00,  0.0,  0.0,  0.0
1036777.55147480, 44844.862476,    0.0,    2.0, -2.0,  0.00,  0.00,  0.00,  0.0,  0.0,  0.0
1036777.55397480, 44844.514038,    0.0,    2.0, -2.0,  0.00,  0.00,  0.00,  0.0,  0.0,  0.0
1036777.55647480, 44842.237375,    0.0,    2.0, -2.0,  0.00,  0.00,  0.00,  0.0,  0.0,  0.0
1036777.55897480, 44841.450242,    0.0,    2.0, -2.0,  0.00,  0.00,  0.00,  0.0,  0.0,  0.0
1036777.56147480, 44840.104769,    0.0,    2.0, -2.0,  0.00,  0.00,  0.00,  0.0,  0.0,  0.0
1036777.56397480, 44840.933374,    0.0,    2.0, -2.0,  0.00,  0.00,  0.00,  0.0,  0.0,  0.0
1036777.56647480, 44842.770548,    0.0,    2.0, -2.0,  0.00,  0.00,  0.00,  0.0,  0.0,  0.0
1036777.56897480, 44843.428042,    0.0,    2.0, -2.0,  0.00,  0.00,  0.00,  0.0,  0.0,  0.0
1036777.57147480, 44844.694445,    0.0,    2.0, -2.0,  0.00,  0.00,  0.00,  0.0,  0.0,  0.0
1036777.57397480, 44844.482296,    0.0,    2.0, -2.0,  0.00,  0.00,  0.00,  0.0,  0.0,  0.0
1036777.57647480, 44842.304177,    0.0,    2.0, -2.0,  0.00,  0.00,  0.00,  0.0,  0.0,  0.0
1036777.57897480, 44841.375406,    0.0,    2.0, -2.0,  0.00,  0.00,  0.00,  0.0,  0.0,  0.0
1036777.58147480, 44840.729130,    0.0,    2.0, -2.0,  0.00,  0.00,  0.00,  0.0,  0.0,  0.0
1036777.58397480, 44839.995324,    0.0,    2.0, -2.0,  0.00,  0.00,  0.00,  0.0,  0.0,  0.0
1036777.58647480, 44841.927879,    0.0,    2.0, -2.0,  0.00,  0.00,  0.00,  0.0,  0.0,  0.0
1036777.58897480, 44843.118008,    0.0,    2.0, -2.0,  0.00,  0.00,  0.00,  0.0,  0.0,  0.0
1036777.59147480, 44843.584389,    0.0,    2.0, -2.0,  0.00,  0.00,  0.00,  0.0,  0.0,  0.0
1036777.59397480, 44844.103304,    0.0,    2.0, -2.0,  0.00,  0.00,  0.00,  0.0,  0.0,  0.0
1036777.59647480, 44844.187426,    0.0,    2.0, -2.0,  0.00,  0.00,  0.00,  0.0,  0.0,  0.0
1036777.59897480, 44843.166044,    0.0,    2.0, -2.0,  0.00,  0.00,  0.00,  0.0,  0.0,  0.0
1036777.60147480, 44842.144662,    0.0,    2.0, -2.0,  0.00,  0.00,  0.00,  0.0,  0.0,  0.0
1036777.60397480, 44841.562689,    0.0,    2.0, -2.0,  0.00,  0.00,  0.00,  0.0,  0.0,  0.0
1036777.60647480, 44841.688831,    0.0,    2.0, -2.0,  0.00,  0.00,  0.00,  0.0,  0.0,  0.0
1036777.60897480, 44841.814973,    0.0,    2.0, -2.0,  0.00,  0.00,  0.00,  0.0,  0.0,  0.0
1036777.61147480, 44844.264049,    0.0,    2.0, -2.0,  0.00,  0.00,  0.00,  0.0,  0.0,  0.0
1036777.61397480, 44844.736580,    0.0,    2.0, -2.0,  0.00,  0.00,  0.00,  0.0,  0.0,  0.0
1036777.61647480, 44843.498391,    0.0,    2.0, -2.0,  0.00,  0.00,  0.00,  0.0,  0.0,  0.0
1036777.61897480, 44841.065853,    0.0,    2.0, -2.0,  0.00,  0.00,  0.00,  0.0,  0.0,  0.0
1036777.62147480, 44840.444907,    0.0,    2.0, -2.0,  0.00,  0.00,  0.00,  0.0,  0.0,  0.0
1036777.62397480, 44840.488069,    0.0,    2.0, -2.0,  0.00,  0.00,  0.00,  0.0,  0.0,  0.0
1036777.62647480, 44841.929608,    0.0,    2.0, -2.0,  0.00,  0.00,  0.00,  0.0,  0.0,  0.0
1036777.62897480, 44843.969975,    0.0,    2.0, -2.0,  0.00,  0.00,  0.00,  0.0,  0.0,  0.0
1036777.63147480, 44844.530381,    0.0,    2.0, -2.0,  0.00,  0.00,  0.00,  0.0,  0.0,  0.0
1036777.63397480, 44844.475741,    0.0,    2.0, -2.0,  0.00,  0.00,  0.00,  0.0,  0.0,  0.0
1036777.63647480, 44843.037059,    0.0,    2.0, -2.0,  0.00,  0.00,  0.00,  0.0,  0.0,  0.0
1036777.63897480, 44840.994141,    0.0,    2.0, -2.0,  0.00,  0.00,  0.00,  0.0,  0.0,  0.0
1036777.64147480, 44840.113382,    0.0,    2.0, -2.0,  0.00,  0.00,  0.00,  0.0,  0.0,  0.0
1036777.64397480, 44840.049746,    0.0,    2.0, -2.0,  0.00,  0.00,  0.00,  0.0,  0.0,  0.0
1036777.64647480, 44840.564474,    0.0,    2.0, -2.0,  0.00,  0.00,  0.00,  0.0,  0.0,  0.0
1036777.64897480, 44841.110664,    0.0,    2.0, -2.0,  0.00,  0.00,  0.00,  0.0,  0.0,  0.0
1036777.65147480, 44844.742398,    0.0,    2.0, -2.0,  0.00,  0.00,  0.00,  0.0,  0.0,  0.0
1036777.65397480, 44844.723759,    0.0,    2.0, -2.0,  0.00,  0.00,  0.00,  0.0,  0.0,  0.0
1036777.65647480, 44843.138705,    0.0,    2.0, -2.0,  0.00,  0.00,  0.00,  0.0,  0.0,  0.0
1036777.65897480, 44841.553651,    0.0,    2.0, -2.0,  0.00,  0.00,  0.00,  0.0,  0.0,  0.0
1036777.66147480, 44840.280227,    0.0,    2.0, -2.0,  0.00,  0.00,  0.00,  0.0,  0.0,  0.0
1036777.66397480, 44840.993335,    0.0,    2.0, -2.0,  0.00,  0.00,  0.00,  0.0,  0.0,  0.0
1036777.66647480, 44841.706444,    0.0,    2.0, -2.0,  0.00,  0.00,  0.00,  0.0,  0.0,  0.0
1036777.66897480, 44842.419553,    0.0,    2.0, -2.0,  0.00,  0.00,  0.00,  0.0,  0.0,  0.0
1036777.67147480, 44843.132661,    0.0,    2.0, -2.0,  0.00,  0.00,  0.00,  0.0,  0.0,  0.0
1036777.67397480, 44844.064046,    0.0,    2.0, -2.0,  0.00,  0.00,  0.00,  0.0,  0.0,  0.0
1036777.67647480, 44842.275310,    0.0,    2.0, -2.0,  0.00,  0.00,  0.00,  0.0,  0.0,  0.0
1036777.68147480, 44840.909110,    0.0,    2.0, -2.0,  0.00,  0.00,  0.00,  0.0,  0.0,  0.0
1036777.68397480, 44840.987883,    0.0,    2.0, -2.0,  0.00,  0.00,  0.00,  0.0,  0.0,  0.0
1036777.68647480, 44843.075551,    0.0,    2.0, -2.0,  0.00,  0.00,  0.00,  0.0,  0.0,  0.0
1036777.68897480, 44843.641858,    0.0,    2.0, -2.0,  0.00,  0.00,  0.00,  0.0,  0.0,  0.0
1036777.69147480, 44845.175260,    0.0,    2.0, -2.0,  0.00,  0.00,  0.00,  0.0,  0.0,  0.0
1036777.69397480, 44844.369520,    0.0,    2.0, -2.0,  0.00,  0.00,  0.00,  0.0,  0.0,  0.0
1036777.69647480, 44841.958613,    0.0,    2.0, -2.0,  0.00,  0.00,  0.00,  0.0,  0.0,  0.0
1036777.69897480, 44841.375406,    0.0,    2.0, -2.0,  0.00,  0.00,  0.00,  0.0,  0.0,  0.0
1036777.70147480, 44840.141254,    0.0,    2.0, -2.0,  0.00,  0.00,  0.00,  0.0,  0.0,  0.0
1036777.70397480, 44840.896459,    0.0,    2.0, -2.0,  0.00,  0.00,  0.00,  0.0,  0.0,  0.0
1036777.70647480, 44842.287785,    0.0,    2.0, -2.0,  0.00,  0.00,  0.00,  0.0,  0.0,  0.0
1036777.70897480, 44843.515907,    0.0,    2.0, -2.0,  0.00,  0.00,  0.00,  0.0,  0.0,  0.0
1036777.71147480, 44844.813353,    0.0,    2.0, -2.0,  0.00,  0.00,  0.00,  0.0,  0.0,  0.0
1036777.71397480, 44844.743219,    0.0,    2.0, -2.0,  0.00,  0.00,  0.00,  0.0,  0.0,  0.0
1036777.71647480, 44844.370505,    0.0,    2.0, -2.0,  0.00,  0.00,  0.00,  0.0,  0.0,  0.0
1036777.71897480, 44843.997791,    0.0,    2.0, -2.0,  0.00,  0.00,  0.00,  0.0,  0.0,  0.0
1036777.72147480, 44843.002886,    0.0,    2.0, -2.0,  0.00,  0.00,  0.00,  0.0,  0.0,  0.0
1036777.72397480, 44840.649657,    0.0,    2.0, -2.0,  0.00,  0.00,  0.00,  0.0,  0.0,  0.0
1036777.72647480, 44841.220210,    0.0,    2.0, -2.0,  0.00,  0.00,  0.00,  0.0,  0.0,  0.0
1036777.72897480, 44841.790762,    0.0,    2.0, -2.0,  0.00,  0.00,  0.00,  0.0,  0.0,  0.0
1036777.73147480, 44842.807976,    0.0,    2.0, -2.0,  0.00,  0.00,  0.00,  0.0,  0.0,  0.0
1036777.73397480, 44843.905675,    0.0,    2.0, -2.0,  0.00,  0.00,  0.00,  0.0,  0.0,  0.0
1036777.73647480, 44843.593116,    0.0,    2.0, -2.0,  0.00,  0.00,  0.00,  0.0,  0.0,  0.0
1036777.73897480, 44841.460999,    0.0,    2.0, -2.0,  0.00,  0.00,  0.00,  0.0,  0.0,  0.0
1036777.74147480, 44840.808665,    0.0,    2.0, -2.0,  0.00,  0.00,  0.00,  0.0,  0.0,  0.0
1036777.74397480, 44841.080746,    0.0,    2.0, -2.0,  0.00,  0.00,  0.00,  0.0,  0.0,  0.0
1036777.74647480, 44842.597537,    0.0,    2.0, -2.0,  0.00,  0.00,  0.00,  0.0,  0.0,  0.0
1036777.74897480, 44844.302378,    0.0,    2.0, -2.0,  0.00,  0.00,  0.00,  0.0,  0.0,  0.0
1036777.75147480, 44845.067664,    0.0,    2.0, -2.0,  0.00,  0.00,  0.00,  0.0,  0.0,  0.0
1036777.75397480, 44845.085117,    0.0,    2.0, -2.0,  0.00,  0.00,  0.00,  0.0,  0.0,  0.0
1036777.75647480, 44842.920736,    0.0,    2.0, -2.0,  0.00,  0.00,  0.00,  0.0,  0.0,  0.0
1036777.75897480, 44841.076417,    0.0,    2.0, -2.0,  0.00,  0.00,  0.00,  0.0,  0.0,  0.0
1036777.76147480, 44839.921456,    0.0,    2.0, -2.0,  0.00,  0.00,  0.00,  0.0,  0.0,  0.0
1036777.76397480, 44840.596123,    0.0,    2.0, -2.0,  0.00,  0.00,  0.00,  0.0,  0.0,  0.0
1036777.76647480, 44842.143485,    0.0,    2.0, -2.0,  0.00,  0.00,  0.00,  0.0,  0.0,  0.0
1036777.76897480, 44843.200469,    0.0,    2.0, -2.0,  0.00,  0.00,  0.00,  0.0,  0.0,  0.0
1036777.77147480, 44843.687537,    0.0,    2.0, -2.0,  0.00,  0.00,  0.00,  0.0,  0.0,  0.0
1036777.77397480, 44843.678148,    0.0,    2.0, -2.0,  0.00,  0.00,  0.00,  0.0,  0.0,  0.0
1036777.77647480, 44842.849316,    0.0,    2.0, -2.0,  0.00,  0.00,  0.00,  0.0,  0.0,  0.0
1036777.77897480, 44842.237009,    0.0,    2.0, -2.0,  0.00,  0.00,  0.00,  0.0,  0.0,  0.0
1036777.78147480, 44841.624702,    0.0,    2.0, -2.0,  0.00,  0.00,  0.00,  0.0,  0.0,  0.0
1036777.78397480, 44841.157090,    0.0,    2.0, -2.0,  0.00,  0.00,  0.00,  0.0,  0.0,  0.0
1036777.78647480, 44841.286598,    0.0,    2.0, -2.0,  0.00,  0.00,  0.00,  0.0,  0.0,  0.0
1036777.78897480, 44842.145391,    0.0,    2.0, -2.0,  0.00,  0.00,  0.00,  0.0,  0.0,  0.0
1036777.79147480, 44842.998999,    0.0,    2.0, -2.0,  0.00,  0.00,  0.00,  0.0,  0.0,  0.0
1036777.79397480, 44843.836268,    0.0,    2.0, -2.0,  0.00,  0.00,  0.00,  0.0,  0.0,  0.0
1036777.79647480, 44844.673538,    0.0,    2.0, -2.0,  0.00,  0.00,  0.00,  0.0,  0.0,  0.0
1036777.79897480, 44841.978808,    0.0,    2.0, -2.0,  0.00,  0.00,  0.00,  0.0,  0.0,  0.0
1036777.80147480, 44839.632804,    0.0,    2.0, -2.0,  0.00,  0.00,  0.00,  0.0,  0.0,  0.0
1036777.80397480, 44840.025562,    0.0,    2.0, -2.0,  0.00,  0.00,  0.00,  0.0,  0.0,  0.0
1036777.80647480, 44841.906907,    0.0,    2.0, -2.0,  0.00,  0.00,  0.00,  0.0,  0.0,  0.0
1036777.80897480, 44843.567090,    0.0,    2.0, -2.0,  0.00,  0.00,  0.00,  0.0,  0.0,  0.0
1036777.81147480, 44844.922572,    0.0,    2.0, -2.0,  0.00,  0.00,  0.00,  0.0,  0.0,  0.0
1036777.81397480, 44843.997854,    0.0,    2.0, -2.0,  0.00,  0.00,  0.00,  0.0,  0.0,  0.0
1036777.81647480, 44843.353206,    0.0,    2.0, -2.0,  0.00,  0.00,  0.00,  0.0,  0.0,  0.0
1036777.81897480, 44841.638683,    0.0,    2.0, -2.0,  0.00,  0.00,  0.00,  0.0,  0.0,  0.0
1036777.82147480, 44840.548314,    0.0,    2.0, -2.0,  0.00,  0.00,  0.00,  0.0,  0.0,  0.0
1036777.82397480, 44841.150325,    0.0,    2.0, -2.0,  0.00,  0.00,  0.00,  0.0,  0.0,  0.0
1036777.82647480, 44841.546459,    0.0,    2.0, -2.0,  0.00,  0.00,  0.00,  0.0,  0.0,  0.0
1036777.82897480, 44843.408143,    0.0,    2.0, -2.0,  0.00,  0.00,  0.00,  0.0,  0.0,  0.0
1036777.83147480, 44844.732320,    0.0,    2.0, -2.0,  0.00,  0.00,  0.00,  0.0,  0.0,  0.0
1036777.83397480, 44844.732320,    0.0,    2.0, -2.0,  0.00,  0.00,  0.00,  0.0,  0.0,  0.0
1036777.83647480, 44844.732320,    0.0,    2.0, -2.0,  0.00,  0.00,  0.00,  0.0,  0.0,  0.0
1036777.83897480, 44841.460138,    0.0,    2.0, -2.0,  0.00,  0.00,  0.00,  0.0,  0.0,  0.0
1036777.84147480, 44840.177828,    0.0,    2.0, -2.0,  0.00,  0.00,  0.00,  0.0,  0.0,  0.0
1036777.84397480, 44840.172969,    0.0,    2.0, -2.0,  0.00,  0.00,  0.00,  0.0,  0.0,  0.0
1036777.84647480, 44840.168109,    0.0,    2.0, -2.0,  0.00,  0.00,  0.00,  0.0,  0.0,  0.0
1036777.84897480, 44842.761735,    0.0,    2.0, -2.0,  0.00,  0.00,  0.00,  0.0,  0.0,  0.0
1036777.85147480, 44843.772178,    0.0,    2.0, -2.0,  0.00,  0.00,  0.00,  0.0,  0.0,  0.0
1036777.85397480, 44844.591807,    0.0,    2.0, -2.0,  0.00,  0.00,  0.00,  0.0,  0.0,  0.0
1036777.85647480, 44844.087700,    0.0,    2.0, -2.0,  0.00,  0.00,  0.00,  0.0,  0.0,  0.0
1036777.85897480, 44843.527000,    0.0,    2.0, -2.0,  0.00,  0.00,  0.00,  0.0,  0.0,  0.0
1036777.86147480, 44842.147182,    0.0,    2.0, -2.0,  0.00,  0.00,  0.00,  0.0,  0.0,  0.0
1036777.86397480, 44840.313415,    0.0,    2.0, -2.0,  0.00,  0.00,  0.00,  0.0,  0.0,  0.0
1036777.86647480, 44841.948510,    0.0,    2.0, -2.0,  0.00,  0.00,  0.00,  0.0,  0.0,  0.0
1036777.86897480, 44843.879229,    0.0,    2.0, -2.0,  0.00,  0.00,  0.00,  0.0,  0.0,  0.0
1036777.87147480, 44844.304688,    0.0,    2.0, -2.0,  0.00,  0.00,  0.00,  0.0,  0.0,  0.0
1036777.87397480, 44844.098601,    0.0,    2.0, -2.0,  0.00,  0.00,  0.00,  0.0,  0.0,  0.0
1036777.87647480, 44842.344296,    0.0,    2.0, -2.0,  0.00,  0.00,  0.00,  0.0,  0.0,  0.0
1036777.87897480, 44840.654205,    0.0,    2.0, -2.0,  0.00,  0.00,  0.00,  0.0,  0.0,  0.0
1036777.88147480, 44839.489038,    0.0,    2.0, -2.0,  0.00,  0.00,  0.00,  0.0,  0.0,  0.0
1036777.88397480, 44839.660647,    0.0,    2.0, -2.0,  0.00,  0.00,  0.00,  0.0,  0.0,  0.0
1036777.88647480, 44841.906445,    0.0,    2.0, -2.0,  0.00,  0.00,  0.00,  0.0,  0.0,  0.0
1036777.88897480, 44844.191517,    0.0,    2.0, -2.0,  0.00,  0.00,  0.00,  0.0,  0.0,  0.0
1036777.89147480, 44844.614722,    0.0,    2.0, -2.0,  0.00,  0.00,  0.00,  0.0,  0.0,  0.0
1036777.89397480, 44844.531389,    0.0,    2.0, -2.0,  0.00,  0.00,  0.00,  0.0,  0.0,  0.0
1036777.89647480, 44844.443828,    0.0,    2.0, -2.0,  0.00,  0.00,  0.00,  0.0,  0.0,  0.0
1036777.89897480, 44841.396090,    0.0,    2.0, -2.0,  0.00,  0.00,  0.00,  0.0,  0.0,  0.0
1036777.90147480, 44840.902353,    0.0,    2.0, -2.0,  0.00,  0.00,  0.00,  0.0,  0.0,  0.0
1036777.90397480, 44840.408617,    0.0,    2.0, -2.0,  0.00,  0.00,  0.00,  0.0,  0.0,  0.0
1036777.90647480, 44839.960046,    0.0,    2.0, -2.0,  0.00,  0.00,  0.00,  0.0,  0.0,  0.0
1036777.90897480, 44842.857258,    0.0,    2.0, -2.0,  0.00,  0.00,  0.00,  0.0,  0.0,  0.0
1036777.91147480, 44843.879454,    0.0,    2.0, -2.0,  0.00,  0.00,  0.00,  0.0,  0.0,  0.0
1036777.91397480, 44844.682235,    0.0,    2.0, -2.0,  0.00,  0.00,  0.00,  0.0,  0.0,  0.0
1036777.91647480, 44844.223255,    0.0,    2.0, -2.0,  0.00,  0.00,  0.00,  0.0,  0.0,  0.0
1036777.91897480, 44843.752660,    0.0,    2.0, -2.0,  0.00,  0.00,  0.00,  0.0,  0.0,  0.0
1036777.92147480, 44842.678850,    0.0,    2.0, -2.0,  0.00,  0.00,  0.00,  0.0,  0.0,  0.0
1036777.92397480, 44840.369602,    0.0,    2.0, -2.0,  0.00,  0.00,  0.00,  0.0,  0.0,  0.0
1036777.92647480, 44841.491280,    0.0,    2.0, -2.0,  0.00,  0.00,  0.00,  0.0,  0.0,  0.0
1036777.92897480, 44843.582962,    0.0,    2.0, -2.0,  0.00,  0.00,  0.00,  0.0,  0.0,  0.0
1036777.93147480, 44844.534999,    0.0,    2.0, -2.0,  0.00,  0.00,  0.00,  0.0,  0.0,  0.0
1036777.93397480, 44844.032816,    0.0,    2.0, -2.0,  0.00,  0.00,  0.00,  0.0,  0.0,  0.0
1036777.93647480, 44843.791529,    0.0,    2.0, -2.0,  0.00,  0.00,  0.00,  0.0,  0.0,  0.0
1036777.93897480, 44841.612834,    0.0,    2.0, -2.0,  0.00,  0.00,  0.00,  0.0,  0.0,  0.0
1036777.94147480, 44840.542957,    0.0,    2.0, -2.0,  0.00,  0.00,  0.00,  0.0,  0.0,  0.0
1036777.94397480, 44841.196622,    0.0,    2.0, -2.0,  0.00,  0.00,  0.00,  0.0,  0.0,  0.0
1036777.94647480, 44841.471624,    0.0,    2.0, -2.0,  0.00,  0.00,  0.00,  0.0,  0.0,  0.0
1036777.94897480, 44844.013604,    0.0,    2.0, -2.0,  0.00,  0.00,  0.00,  0.0,  0.0,  0.0
1036777.95147480, 44845.054800,    0.0,    2.0, -2.0,  0.00,  0.00,  0.00,  0.0,  0.0,  0.0
1036777.95397480, 44844.864903,    0.0,    2.0, -2.0,  0.00,  0.00,  0.00,  0.0,  0.0,  0.0
1036777.95647480, 44844.017761,    0.0,    2.0, -2.0,  0.00,  0.00,  0.00,  0.0,  0.0,  0.0
1036777.95897480, 44841.630547,    0.0,    2.0, -2.0,  0.00,  0.00,  0.00,  0.0,  0.0,  0.0
1036777.96147480, 44841.190526,    0.0,    2.0, -2.0,  0.00,  0.00,  0.00,  0.0,  0.0,  0.0
1036777.96397480, 44840.750504,    0.0,    2.0, -2.0,  0.00,  0.00,  0.00,  0.0,  0.0,  0.0
1036777.96647480, 44840.622943,    0.0,    2.0, -2.0,  0.00,  0.00,  0.00,  0.0,  0.0,  0.0
1036777.96897480, 44841.872630,    0.0,    2.0, -2.0,  0.00,  0.00,  0.00,  0.0,  0.0,  0.0
1036777.97147480, 44843.122316,    0.0,    2.0, -2.0,  0.00,  0.00,  0.00,  0.0,  0.0,  0.0
1036777.97397480, 44843.641610,    0.0,    2.0, -2.0,  0.00,  0.00,  0.00,  0.0,  0.0,  0.0
1036777.97647480, 44843.726318,    0.0,    2.0, -2.0,  0.00,  0.00,  0.00,  0.0,  0.0,  0.0
1036777.97897480, 44842.657259,    0.0,    2.0, -2.0,  0.00,  0.00,  0.00,  0.0,  0.0,  0.0
1036777.98147480, 44841.555113,    0.0,    2.0, -2.0,  0.00,  0.00,  0.00,  0.0,  0.0,  0.0
1036777.98397480, 44840.538110,    0.0,    2.0, -2.0,  0.00,  0.00,  0.00,  0.0,  0.0,  0.0
1036777.98647480, 44841.832374,    0.0,    2.0, -2.0,  0.00,  0.00,  0.00,  0.0,  0.0,  0.0
1036777.98897480, 44843.441459,    0.0,    2.0, -2.0,  0.00,  0.00,  0.00,  0.0,  0.0,  0.0
1036777.99147480, 44844.497336,    0.0,    2.0, -2.0,  0.00,  0.00,  0.00,  0.0,  0.0,  0.0
1036777.99397480, 44843.788031,    0.0,    2.0, -2.0,  0.00,  0.00,  0.00,  0.0,  0.0,  0.0
1036777.99647480, 44843.577713,    0.0,    2.0, -2.0,  0.00,  0.00,  0.00,  0.0,  0.0,  0.0
1036777.99897480, 44841.663071,    0.0,    2.0, -2.0,  0.00,  0.00,  0.00,  0.0,  0.0,  0.0
1036778.00147480, 44840.434995,    0.0,    2.0, -2.0,  0.00,  0.00,  0.00,  0.0,  0.0,  0.0
1036778.00397480, 44840.064056,    0.0,    2.0, -2.0,  0.00,  0.00,  0.00,  0.0,  0.0,  0.0
1036778.00647480, 44841.041016,    0.0,    2.0, -2.0,  0.00,  0.00,  0.00,  0.0,  0.0,  0.0
1036778.00897480, 44843.249179,    0.0,    2.0, -2.0,  0.00,  0.00,  0.00,  0.0,  0.0,  0.0
1036778.01147480, 44844.500401,    0.0,    2.0, -2.0,  0.00,  0.00,  0.00,  0.0,  0.0,  0.0
1036778.01397480, 44844.457194,    0.0,    2.0, -2.0,  0.00,  0.00,  0.00,  0.0,  0.0,  0.0
1036778.01647480, 44843.850588,    0.0,    2.0, -2.0,  0.00,  0.00,  0.00,  0.0,  0.0,  0.0
1036778.01897480, 44843.243983,    0.0,    2.0, -2.0,  0.00,  0.00,  0.00,  0.0,  0.0,  0.0
1036778.02147480, 44839.959074,    0.0,    2.0, -2.0,  0.00,  0.00,  0.00,  0.0,  0.0,  0.0
1036778.02397480, 44840.081966,    0.0,    2.0, -2.0,  0.00,  0.00,  0.00,  0.0,  0.0,  0.0
1036778.02647480, 44840.732009,    0.0,    2.0, -2.0,  0.00,  0.00,  0.00,  0.0,  0.0,  0.0
1036778.02897480, 44841.954876,    0.0,    2.0, -2.0,  0.00,  0.00,  0.00,  0.0,  0.0,  0.0
1036778.03147480, 44843.122004,    0.0,    2.0, -2.0,  0.00,  0.00,  0.00,  0.0,  0.0,  0.0
1036778.03397480, 44843.742684,    0.0,    2.0, -2.0,  0.00,  0.00,  0.00,  0.0,  0.0,  0.0
1036778.03647480, 44844.363364,    0.0,    2.0, -2.0,  0.00,  0.00,  0.00,  0.0,  0.0,  0.0
1036778.03897480, 44844.284546,    0.0,    2.0, -2.0,  0.00,  0.00,  0.00,  0.0,  0.0,  0.0
1036778.04147480, 44842.715459,    0.0,    2.0, -2.0,  0.00,  0.00,  0.00,  0.0,  0.0,  0.0
1036778.04397480, 44841.146371,    0.0,    2.0, -2.0,  0.00,  0.00,  0.00,  0.0,  0.0,  0.0
1036778.04647480, 44840.850775,    0.0,    2.0, -2.0,  0.00,  0.00,  0.00,  0.0,  0.0,  0.0
1036778.04897480, 44843.724621,    0.0,    2.0, -2.0,  0.00,  0.00,  0.00,  0.0,  0.0,  0.0
1036778.05147480, 44845.034799,    0.0,    2.0, -2.0,  0.00,  0.00,  0.00,  0.0,  0.0,  0.0
1036778.05397480, 44844.222921,    0.0,    2.0, -2.0,  0.00,  0.00,  0.00,  0.0,  0.0,  0.0
1036778.05647480, 44842.138658,    0.0,    2.0, -2.0,  0.00,  0.00,  0.00,  0.0,  0.0,  0.0
1036778.05897480, 44840.782962,    0.0,    2.0, -2.0,  0.00,  0.00,  0.00,  0.0,  0.0,  0.0
1036778.06147480, 44840.415311,    0.0,    2.0, -2.0,  0.00,  0.00,  0.00,  0.0,  0.0,  0.0
1036778.06397480, 44840.530832,    0.0,    2.0, -2.0,  0.00,  0.00,  0.00,  0.0,  0.0,  0.0
1036778.06647480, 44841.811710,    0.0,    2.0, -2.0,  0.00,  0.00,  0.00,  0.0,  0.0,  0.0
1036778.06897480, 44843.932819,    0.0,    2.0, -2.0,  0.00,  0.00,  0.00,  0.0,  0.0,  0.0
1036778.07147480, 44844.965545,    0.0,    2.0, -2.0,  0.00,  0.00,  0.00,  0.0,  0.0,  0.0
1036778.07397480, 44844.692448,    0.0,    2.0, -2.0,  0.00,  0.00,  0.00,  0.0,  0.0,  0.0
1036778.07647480, 44843.624643,    0.0,    2.0, -2.0,  0.00,  0.00,  0.00,  0.0,  0.0,  0.0
1036778.07897480, 44841.838993,    0.0,    2.0, -2.0,  0.00,  0.00,  0.00,  0.0,  0.0,  0.0
1036778.08147480, 44840.844041,    0.0,    2.0, -2.0,  0.00,  0.00,  0.00,  0.0,  0.0,  0.0
1036778.08397480, 44840.710015,    0.0,    2.0, -2.0,  0.00,  0.00,  0.00,  0.0,  0.0,  0.0
1036778.08647480, 44841.350092,    0.0,    2.0, -2.0,  0.00,  0.00,  0.00,  0.0,  0.0,  0.0
1036778.08897480, 44843.894029,    0.0,    2.0, -2.0,  0.00,  0.00,  0.00,  0.0,  0.0,  0.0
1036778.09147480, 44844.268442,    0.0,    2.0, -2.0,  0.00,  0.00,  0.00,  0.0,  0.0,  0.0
1036778.09397480, 44844.642856,    0.0,    2.0, -2.0,  0.00,  0.00,  0.00,  0.0,  0.0,  0.0
1036778.09647480, 44844.334112,    0.0,    2.0, -2.0,  0.00,  0.00,  0.00,  0.0,  0.0,  0.0
1036778.09897480, 44842.462770,    0.0,    2.0, -2.0,  0.00,  0.00,  0.00,  0.0,  0.0,  0.0
1036778.10147480, 44840.386005,    0.0,    2.0, -2.0,  0.00,  0.00,  0.00,  0.0,  0.0,  0.0
1036778.10397480, 44839.130336,    0.0,    2.0, -2.0,  0.00,  0.00,  0.00,  0.0,  0.0,  0.0
1036778.10647480, 44840.090719,    0.0,    2.0, -2.0,  0.00,  0.00,  0.00,  0.0,  0.0,  0.0
1036778.10897480, 44841.351130,    0.0,    2.0, -2.0,  0.00,  0.00,  0.00,  0.0,  0.0,  0.0
1036778.11147480, 44846.441339,    0.0,    2.0, -2.0,  0.00,  0.00,  0.00,  0.0,  0.0,  0.0
1036778.11397480, 44848.399740,    0.0,    2.0, -2.0,  0.00,  0.00,  0.00,  0.0,  0.0,  0.0
1036778.11647480, 44846.207093,    0.0,    2.0, -2.0,  0.00,  0.00,  0.00,  0.0,  0.0,  0.0
1036778.11897480, 44841.979385,    0.0,    2.0, -2.0,  0.00,  0.00,  0.00,  0.0,  0.0,  0.0
1036778.12147480, 44840.034676,    0.0,    2.0, -2.0,  0.00,  0.00,  0.00,  0.0,  0.0,  0.0
1036778.12397480, 44839.409285,    0.0,    2.0, -2.0,  0.00,  0.00,  0.00,  0.0,  0.0,  0.0
1036778.12647480, 44840.027587,    0.0,    2.0, -2.0,  0.00,  0.00,  0.00,  0.0,  0.0,  0.0
1036778.12897480, 44840.637740,    0.0,    2.0, -2.0,  0.00,  0.00,  0.00,  0.0,  0.0,  0.0
1036778.13147480, 44842.973499,    0.0,    2.0, -2.0,  0.00,  0.00,  0.00,  0.0,  0.0,  0.0
1036778.13397480, 44843.491357,    0.0,    2.0, -2.0,  0.00,  0.00,  0.00,  0.0,  0.0,  0.0
1036778.13647480, 44842.138335,    0.0,    2.0, -2.0,  0.00,  0.00,  0.00,  0.0,  0.0,  0.0
1036778.13897480, 44841.503696,    0.0,    2.0, -2.0,  0.00,  0.00,  0.00,  0.0,  0.0,  0.0
1036778.14147480, 44839.915650,    0.0,    2.0, -2.0,  0.00,  0.00,  0.00,  0.0,  0.0,  0.0
1036778.14397480, 44839.463209,    0.0,    2.0, -2.0,  0.00,  0.00,  0.00,  0.0,  0.0,  0.0
1036778.14647480, 44840.062040,    0.0,    2.0, -2.0,  0.00,  0.00,  0.00,  0.0,  0.0,  0.0
1036778.14897480, 44841.585402,    0.0,    2.0, -2.0,  0.00,  0.00,  0.00,  0.0,  0.0,  0.0
1036778.15147480, 44843.303713,    0.0,    2.0, -2.0,  0.00,  0.00,  0.00,  0.0,  0.0,  0.0
1036778.15397480, 44843.467887,    0.0,    2.0, -2.0,  0.00,  0.00,  0.00,  0.0,  0.0,  0.0
1036778.15647480, 44843.283040,    0.0,    2.0, -2.0,  0.00,  0.00,  0.00,  0.0,  0.0,  0.0
1036778.15897480, 44842.714420,    0.0,    2.0, -2.0,  0.00,  0.00,  0.00,  0.0,  0.0,  0.0
1036778.16147480, 44839.418335,    0.0,    2.0, -2.0,  0.00,  0.00,  0.00,  0.0,  0.0,  0.0
1036778.16397480, 44839.413097,    0.0,    2.0, -2.0,  0.00,  0.00,  0.00,  0.0,  0.0,  0.0
1036778.16647480, 44839.634078,    0.0,    2.0, -2.0,  0.00,  0.00,  0.00,  0.0,  0.0,  0.0
1036778.16897480, 44842.145054,    0.0,    2.0, -2.0,  0.00,  0.00,  0.00,  0.0,  0.0,  0.0
1036778.17147480, 44843.075812,    0.0,    2.0, -2.0,  0.00,  0.00,  0.00,  0.0,  0.0,  0.0
1036778.17397480, 44843.390807,    0.0,    2.0, -2.0,  0.00,  0.00,  0.00,  0.0,  0.0,  0.0
1036778.17647480, 44842.814327,    0.0,    2.0, -2.0,  0.00,  0.00,  0.00,  0.0,  0.0,  0.0
1036778.17897480, 44841.065338,    0.0,    2.0, -2.0,  0.00,  0.00,  0.00,  0.0,  0.0,  0.0
1036778.18147480, 44840.982008,    0.0,    2.0, -2.0,  0.00,  0.00,  0.00,  0.0,  0.0,  0.0
1036778.18397480, 44841.820618,    0.0,    2.0, -2.0,  0.00,  0.00,  0.00,  0.0,  0.0,  0.0
1036778.18647480, 44843.577689,    0.0,    2.0, -2.0,  0.00,  0.00,  0.00,  0.0,  0.0,  0.0
1036778.18897480, 44844.122944,    0.0,    2.0, -2.0,  0.00,  0.00,  0.00,  0.0,  0.0,  0.0
1036778.19147480, 44845.489039,    0.0,    2.0, -2.0,  0.00,  0.00,  0.00,  0.0,  0.0,  0.0
1036778.19397480, 44844.527068,    0.0,    2.0, -2.0,  0.00,  0.00,  0.00,  0.0,  0.0,  0.0
1036778.19647480, 44841.275629,    0.0,    2.0, -2.0,  0.00,  0.00,  0.00,  0.0,  0.0,  0.0
1036778.19897480, 44840.284944,    0.0,    2.0, -2.0,  0.00,  0.00,  0.00,  0.0,  0.0,  0.0
1036778.20147480, 44838.628199,    0.0,    2.0, -2.0,  0.00,  0.00,  0.00,  0.0,  0.0,  0.0
1036778.20397480, 44838.892516,    0.0,    2.0, -2.0,  0.00,  0.00,  0.00,  0.0,  0.0,  0.0
1036778.20647480, 44839.156833,    0.0,    2.0, -2.0,  0.00,  0.00,  0.00,  0.0,  0.0,  0.0
1036778.20897480, 44841.356706,    0.0,    2.0, -2.0,  0.00,  0.00,  0.00,  0.0,  0.0,  0.0
1036778.21147480, 44845.207534,    0.0,    2.0, -2.0,  0.00,  0.00,  0.00,  0.0,  0.0,  0.0
1036778.21397480, 44845.223801,    0.0,    2.0, -2.0,  0.00,  0.00,  0.00,  0.0,  0.0,  0.0
1036778.21647480, 44845.240068,    0.0,    2.0, -2.0,  0.00,  0.00,  0.00,  0.0,  0.0,  0.0
1036778.21897480, 44842.728456,    0.0,    2.0, -2.0,  0.00,  0.00,  0.00,  0.0,  0.0,  0.0
1036778.22147480, 44841.319109,    0.0,    2.0, -2.0,  0.00,  0.00,  0.00,  0.0,  0.0,  0.0
1036778.22397480, 44841.226322,    0.0,    2.0, -2.0,  0.00,  0.00,  0.00,  0.0,  0.0,  0.0
1036778.22647480, 44841.815554,    0.0,    2.0, -2.0,  0.00,  0.00,  0.00,  0.0,  0.0,  0.0
1036778.22897480, 44843.002833,    0.0,    2.0, -2.0,  0.00,  0.00,  0.00,  0.0,  0.0,  0.0
1036778.23147480, 44844.194983,    0.0,    2.0, -2.0,  0.00,  0.00,  0.00,  0.0,  0.0,  0.0
1036778.23397480, 44845.547057,    0.0,    2.0, -2.0,  0.00,  0.00,  0.00,  0.0,  0.0,  0.0
1036778.23647480, 44844.056421,    0.0,    2.0, -2.0,  0.00,  0.00,  0.00,  0.0,  0.0,  0.0
1036778.23897480, 44842.738825,    0.0,    2.0, -2.0,  0.00,  0.00,  0.00,  0.0,  0.0,  0.0
1036778.24147480, 44841.256213,    0.0,    2.0, -2.0,  0.00,  0.00,  0.00,  0.0,  0.0,  0.0
1036778.24397480, 44841.241914,    0.0,    2.0, -2.0,  0.00,  0.00,  0.00,  0.0,  0.0,  0.0
1036778.24647480, 44842.622153,    0.0,    2.0, -2.0,  0.00,  0.00,  0.00,  0.0,  0.0,  0.0
1036778.24897480, 44842.979028,    0.0,    2.0, -2.0,  0.00,  0.00,  0.00,  0.0,  0.0,  0.0
1036778.25147480, 44844.744369,    0.0,    2.0, -2.0,  0.00,  0.00,  0.00,  0.0,  0.0,  0.0
1036778.25397480, 44844.562787,    0.0,    2.0, -2.0,  0.00,  0.00,  0.00,  0.0,  0.0,  0.0
1036778.25647480, 44843.296218,    0.0,    2.0, -2.0,  0.00,  0.00,  0.00,  0.0,  0.0,  0.0
1036778.25897480, 44841.724179,    0.0,    2.0, -2.0,  0.00,  0.00,  0.00,  0.0,  0.0,  0.0
1036778.26147480, 44840.982356,    0.0,    2.0, -2.0,  0.00,  0.00,  0.00,  0.0,  0.0,  0.0
1036778.26397480, 44840.950727,    0.0,    2.0, -2.0,  0.00,  0.00,  0.00,  0.0,  0.0,  0.0
1036778.26647480, 44842.476265,    0.0,    2.0, -2.0,  0.00,  0.00,  0.00,  0.0,  0.0,  0.0
1036778.26897480, 44843.373117,    0.0,    2.0, -2.0,  0.00,  0.00,  0.00,  0.0,  0.0,  0.0
1036778.27147480, 44843.877607,    0.0,    2.0, -2.0,  0.00,  0.00,  0.00,  0.0,  0.0,  0.0
1036778.27397480, 44843.990137,    0.0,    2.0, -2.0,  0.00,  0.00,  0.00,  0.0,  0.0,  0.0
1036778.27647480, 44843.552717,    0.0,    2.0, -2.0,  0.00,  0.00,  0.00,  0.0,  0.0,  0.0
1036778.27897480, 44843.053601,    0.0,    2.0, -2.0,  0.00,  0.00,  0.00,  0.0,  0.0,  0.0
1036778.28147480, 44842.554484,    0.0,    2.0, -2.0,  0.00,  0.00,  0.00,  0.0,  0.0,  0.0
1036778.28397480, 44839.328822,    0.0,    2.0, -2.0,  0.00,  0.00,  0.00,  0.0,  0.0,  0.0
1036778.28647480, 44839.976680,    0.0,    2.0, -2.0,  0.00,  0.00,  0.00,  0.0,  0.0,  0.0
1036778.28897480, 44840.680902,    0.0,    2.0, -2.0,  0.00,  0.00,  0.00,  0.0,  0.0,  0.0
1036778.29147480, 44842.317961,    0.0,    2.0, -2.0,  0.00,  0.00,  0.00,  0.0,  0.0,  0.0
1036778.29397480, 44844.047866,    0.0,    2.0, -2.0,  0.00,  0.00,  0.00,  0.0,  0.0,  0.0
1036778.29647480, 44843.337665,    0.0,    2.0, -2.0,  0.00,  0.00,  0.00,  0.0,  0.0,  0.0
1036778.29897480, 44841.598302,    0.0,    2.0, -2.0,  0.00,  0.00,  0.00,  0.0,  0.0,  0.0
1036778.30147480, 44840.015753,    0.0,    2.0, -2.0,  0.00,  0.00,  0.00,  0.0,  0.0,  0.0
1036778.30397480, 44839.622114,    0.0,    2.0, -2.0,  0.00,  0.00,  0.00,  0.0,  0.0,  0.0
1036778.30647480, 44841.624759,    0.0,    2.0, -2.0,  0.00,  0.00,  0.00,  0.0,  0.0,  0.0
1036778.30897480, 44844.043266,    0.0,    2.0, -2.0,  0.00,  0.00,  0.00,  0.0,  0.0,  0.0
1036778.31147480, 44844.957708,    0.0,    2.0, -2.0,  0.00,  0.00,  0.00,  0.0,  0.0,  0.0
1036778.31397480, 44844.946853,    0.0,    2.0, -2.0,  0.00,  0.00,  0.00,  0.0,  0.0,  0.0
1036778.31647480, 44843.314128,    0.0,    2.0, -2.0,  0.00,  0.00,  0.00,  0.0,  0.0,  0.0
1036778.31897480, 44841.634362,    0.0,    2.0, -2.0,  0.00,  0.00,  0.00,  0.0,  0.0,  0.0
1036778.32147480, 44840.640946,    0.0,    2.0, -2.0,  0.00,  0.00,  0.00,  0.0,  0.0,  0.0
1036778.32397480, 44841.340545,    0.0,    2.0, -2.0,  0.00,  0.00,  0.00,  0.0,  0.0,  0.0
1036778.32647480, 44843.094127,    0.0,    2.0, -2.0,  0.00,  0.00,  0.00,  0.0,  0.0,  0.0
1036778.32897480, 44845.007740,    0.0,    2.0, -2.0,  0.00,  0.00,  0.00,  0.0,  0.0,  0.0
1036778.33147480, 44845.748021,    0.0,    2.0, -2.0,  0.00,  0.00,  0.00,  0.0,  0.0,  0.0
1036778.33397480, 44845.758638,    0.0,    2.0, -2.0,  0.00,  0.00,  0.00,  0.0,  0.0,  0.0
1036778.33647480, 44844.230130,    0.0,    2.0, -2.0,  0.00,  0.00,  0.00,  0.0,  0.0,  0.0
1036778.33897480, 44842.497556,    0.0,    2.0, -2.0,  0.00,  0.00,  0.00,  0.0,  0.0,  0.0
1036778.34147480, 44842.023711,    0.0,    2.0, -2.0,  0.00,  0.00,  0.00,  0.0,  0.0,  0.0
1036778.34397480, 44841.549867,    0.0,    2.0, -2.0,  0.00,  0.00,  0.00,  0.0,  0.0,  0.0
1036778.34647480, 44841.670525,    0.0,    2.0, -2.0,  0.00,  0.00,  0.00,  0.0,  0.0,  0.0
1036778.34897480, 44842.660253,    0.0,    2.0, -2.0,  0.00,  0.00,  0.00,  0.0,  0.0,  0.0
1036778.35147480, 44843.649981,    0.0,    2.0, -2.0,  0.00,  0.00,  0.00,  0.0,  0.0,  0.0
1036778.35397480, 44844.000996,    0.0,    2.0, -2.0,  0.00,  0.00,  0.00,  0.0,  0.0,  0.0
1036778.35647480, 44843.236433,    0.0,    2.0, -2.0,  0.00,  0.00,  0.00,  0.0,  0.0,  0.0
1036778.35897480, 44842.224866,    0.0,    2.0, -2.0,  0.00,  0.00,  0.00,  0.0,  0.0,  0.0
1036778.36147480, 44841.157375,    0.0,    2.0, -2.0,  0.00,  0.00,  0.00,  0.0,  0.0,  0.0
1036778.36397480, 44840.700208,    0.0,    2.0, -2.0,  0.00,  0.00,  0.00,  0.0,  0.0,  0.0
1036778.36647480, 44841.873466,    0.0,    2.0, -2.0,  0.00,  0.00,  0.00,  0.0,  0.0,  0.0
1036778.36897480, 44843.110846,    0.0,    2.0, -2.0,  0.00,  0.00,  0.00,  0.0,  0.0,  0.0
1036778.37147480, 44844.394203,    0.0,    2.0, -2.0,  0.00,  0.00,  0.00,  0.0,  0.0,  0.0
1036778.37397480, 44843.706781,    0.0,    2.0, -2.0,  0.00,  0.00,  0.00,  0.0,  0.0,  0.0
1036778.37647480, 44843.160771,    0.0,    2.0, -2.0,  0.00,  0.00,  0.00,  0.0,  0.0,  0.0
1036778.37897480, 44841.145735,    0.0,    2.0, -2.0,  0.00,  0.00,  0.00,  0.0,  0.0,  0.0
1036778.38147480, 44839.461385,    0.0,    2.0, -2.0,  0.00,  0.00,  0.00,  0.0,  0.0,  0.0
1036778.38397480, 44840.082691,    0.0,    2.0, -2.0,  0.00,  0.00,  0.00,  0.0,  0.0,  0.0
1036778.38647480, 44840.498760,    0.0,    2.0, -2.0,  0.00,  0.00,  0.00,  0.0,  0.0,  0.0
1036778.38897480, 44842.313044,    0.0,    2.0, -2.0,  0.00,  0.00,  0.00,  0.0,  0.0,  0.0
1036778.39147480, 44843.785278,    0.0,    2.0, -2.0,  0.00,  0.00,  0.00,  0.0,  0.0,  0.0
1036778.39397480, 44843.773506,    0.0,    2.0, -2.0,  0.00,  0.00,  0.00,  0.0,  0.0,  0.0
1036778.39647480, 44843.157999,    0.0,    2.0, -2.0,  0.00,  0.00,  0.00,  0.0,  0.0,  0.0
1036778.39897480, 44841.072928,    0.0,    2.0, -2.0,  0.00,  0.00,  0.00,  0.0,  0.0,  0.0
1036778.40147480, 44839.183790,    0.0,    2.0, -2.0,  0.00,  0.00,  0.00,  0.0,  0.0,  0.0
1036778.40397480, 44839.183790,    0.0,    2.0, -2.0,  0.00,  0.00,  0.00,  0.0,  0.0,  0.0
1036778.40647480, 44839.183790,    0.0,    2.0, -2.0,  0.00,  0.00,  0.00,  0.0,  0.0,  0.0
1036778.40897480, 44841.857865,    0.0,    2.0, -2.0,  0.00,  0.00,  0.00,  0.0,  0.0,  0.0
1036778.41147480, 44842.881469,    0.0,    2.0, -2.0,  0.00,  0.00,  0.00,  0.0,  0.0,  0.0
1036778.41397480, 44843.480388,    0.0,    2.0, -2.0,  0.00,  0.00,  0.00,  0.0,  0.0,  0.0
1036778.41647480, 44843.099572,    0.0,    2.0, -2.0,  0.00,  0.00,  0.00,  0.0,  0.0,  0.0
1036778.41897480, 44841.820030,    0.0,    2.0, -2.0,  0.00,  0.00,  0.00,  0.0,  0.0,  0.0
1036778.42147480, 44839.634848,    0.0,    2.0, -2.0,  0.00,  0.00,  0.00,  0.0,  0.0,  0.0
1036778.42397480, 44840.027002,    0.0,    2.0, -2.0,  0.00,  0.00,  0.00,  0.0,  0.0,  0.0
1036778.42647480, 44841.270462,    0.0,    2.0, -2.0,  0.00,  0.00,  0.00,  0.0,  0.0,  0.0
1036778.42897480, 44843.341984,    0.0,    2.0, -2.0,  0.00,  0.00,  0.00,  0.0,  0.0,  0.0
1036778.43147480, 44844.774546,    0.0,    2.0, -2.0,  0.00,  0.00,  0.00,  0.0,  0.0,  0.0
1036778.43397480, 44844.031962,    0.0,    2.0, -2.0,  0.00,  0.00,  0.00,  0.0,  0.0,  0.0
1036778.43647480, 44843.524259,    0.0,    2.0, -2.0,  0.00,  0.00,  0.00,  0.0,  0.0,  0.0
1036778.43897480, 44841.461736,    0.0,    2.0, -2.0,  0.00,  0.00,  0.00,  0.0,  0.0,  0.0
1036778.44147480, 44840.422347,    0.0,    2.0, -2.0,  0.00,  0.00,  0.00,  0.0,  0.0,  0.0
1036778.44397480, 44841.401544,    0.0,    2.0, -2.0,  0.00,  0.00,  0.00,  0.0,  0.0,  0.0
1036778.44647480, 44841.770966,    0.0,    2.0, -2.0,  0.00,  0.00,  0.00,  0.0,  0.0,  0.0
1036778.44897480, 44843.581912,    0.0,    2.0, -2.0,  0.00,  0.00,  0.00,  0.0,  0.0,  0.0
1036778.45147480, 44844.839806,    0.0,    2.0, -2.0,  0.00,  0.00,  0.00,  0.0,  0.0,  0.0
1036778.45397480, 44844.773148,    0.0,    2.0, -2.0,  0.00,  0.00,  0.00,  0.0,  0.0,  0.0
1036778.45647480, 44844.284904,    0.0,    2.0, -2.0,  0.00,  0.00,  0.00,  0.0,  0.0,  0.0
1036778.45897480, 44843.311755,    0.0,    2.0, -2.0,  0.00,  0.00,  0.00,  0.0,  0.0,  0.0
1036778.46147480, 44841.067383,    0.0,    2.0, -2.0,  0.00,  0.00,  0.00,  0.0,  0.0,  0.0
1036778.46397480, 44841.067439,    0.0,    2.0, -2.0,  0.00,  0.00,  0.00,  0.0,  0.0,  0.0
1036778.46647480, 44841.580985,    0.0,    2.0, -2.0,  0.00,  0.00,  0.00,  0.0,  0.0,  0.0
1036778.46897480, 44842.388712,    0.0,    2.0, -2.0,  0.00,  0.00,  0.00,  0.0,  0.0,  0.0
1036778.47147480, 44845.473181,    0.0,    2.0, -2.0,  0.00,  0.00,  0.00,  0.0,  0.0,  0.0
1036778.47397480, 44845.525523,    0.0,    2.0, -2.0,  0.00,  0.00,  0.00,  0.0,  0.0,  0.0
1036778.47647480, 44844.419768,    0.0,    2.0, -2.0,  0.00,  0.00,  0.00,  0.0,  0.0,  0.0
1036778.47897480, 44843.487475,    0.0,    2.0, -2.0,  0.00,  0.00,  0.00,  0.0,  0.0,  0.0
1036778.48147480, 44842.628619,    0.0,    2.0, -2.0,  0.00,  0.00,  0.00,  0.0,  0.0,  0.0
1036778.48397480, 44841.818113,    0.0,    2.0, -2.0,  0.00,  0.00,  0.00,  0.0,  0.0,  0.0
1036778.48647480, 44841.719003,    0.0,    2.0, -2.0,  0.00,  0.00,  0.00,  0.0,  0.0,  0.0
1036778.48897480, 44843.515963,    0.0,    2.0, -2.0,  0.00,  0.00,  0.00,  0.0,  0.0,  0.0
1036778.49147480, 44844.468153,    0.0,    2.0, -2.0,  0.00,  0.00,  0.00,  0.0,  0.0,  0.0
1036778.49397480, 44844.228176,    0.0,    2.0, -2.0,  0.00,  0.00,  0.00,  0.0,  0.0,  0.0
1036778.49647480, 44842.217364,    0.0,    2.0, -2.0,  0.00,  0.00,  0.00,  0.0,  0.0,  0.0
1036778.49897480, 44840.383605,    0.0,    2.0, -2.0,  0.00,  0.00,  0.00,  0.0,  0.0,  0.0
1036778.50147480, 44840.017674,    0.0,    2.0, -2.0,  0.00,  0.00,  0.00,  0.0,  0.0,  0.0
1036778.50397480, 44839.982394,    0.0,    2.0, -2.0,  0.00,  0.00,  0.00,  0.0,  0.0,  0.0
1036778.50647480, 44841.783853,    0.0,    2.0, -2.0,  0.00,  0.00,  0.00,  0.0,  0.0,  0.0
1036778.50897480, 44843.614425,    0.0,    2.0, -2.0,  0.00,  0.00,  0.00,  0.0,  0.0,  0.0
1036778.51147480, 44843.930510,    0.0,    2.0, -2.0,  0.00,  0.00,  0.00,  0.0,  0.0,  0.0
1036778.51397480, 44843.543746,    0.0,    2.0, -2.0,  0.00,  0.00,  0.00,  0.0,  0.0,  0.0
1036778.51647480, 44842.327586,    0.0,    2.0, -2.0,  0.00,  0.00,  0.00,  0.0,  0.0,  0.0
1036778.51897480, 44841.305641,    0.0,    2.0, -2.0,  0.00,  0.00,  0.00,  0.0,  0.0,  0.0
1036778.52147480, 44839.333686,    0.0,    2.0, -2.0,  0.00,  0.00,  0.00,  0.0,  0.0,  0.0
1036778.52397480, 44839.226930,    0.0,    2.0, -2.0,  0.00,  0.00,  0.00,  0.0,  0.0,  0.0
1036778.52647480, 44839.863242,    0.0,    2.0, -2.0,  0.00,  0.00,  0.00,  0.0,  0.0,  0.0
1036778.52897480, 44840.499553,    0.0,    2.0, -2.0,  0.00,  0.00,  0.00,  0.0,  0.0,  0.0
1036778.53147480, 44842.407861,    0.0,    2.0, -2.0,  0.00,  0.00,  0.00,  0.0,  0.0,  0.0
1036778.53397480, 44843.406974,    0.0,    2.0, -2.0,  0.00,  0.00,  0.00,  0.0,  0.0,  0.0
1036778.53647480, 44841.982125,    0.0,    2.0, -2.0,  0.00,  0.00,  0.00,  0.0,  0.0,  0.0
1036778.53897480, 44840.557276,    0.0,    2.0, -2.0,  0.00,  0.00,  0.00,  0.0,  0.0,  0.0
1036778.54147480, 44839.742290,    0.0,    2.0, -2.0,  0.00,  0.00,  0.00,  0.0,  0.0,  0.0
1036778.54397480, 44840.276805,    0.0,    2.0, -2.0,  0.00,  0.00,  0.00,  0.0,  0.0,  0.0
1036778.54647480, 44841.560915,    0.0,    2.0, -2.0,  0.00,  0.00,  0.00,  0.0,  0.0,  0.0
1036778.55147480, 44844.580161,    0.0,    2.0, -2.0,  0.00,  0.00,  0.00,  0.0,  0.0,  0.0
1036778.55397480, 44844.657103,    0.0,    2.0, -2.0,  0.00,  0.00,  0.00,  0.0,  0.0,  0.0
1036778.55647480, 44842.939185,    0.0,    2.0, -2.0,  0.00,  0.00,  0.00,  0.0,  0.0,  0.0
1036778.55897480, 44840.861927,    0.0,    2.0, -2.0,  0.00,  0.00,  0.00,  0.0,  0.0,  0.0
1036778.56147480, 44840.476085,    0.0,    2.0, -2.0,  0.00,  0.00,  0.00,  0.0,  0.0,  0.0
1036778.56397480, 44840.776449,    0.0,    2.0, -2.0,  0.00,  0.00,  0.00,  0.0,  0.0,  0.0
1036778.56647480, 44842.892599,    0.0,    2.0, -2.0,  0.00,  0.00,  0.00,  0.0,  0.0,  0.0
1036778.56897480, 44844.874041,    0.0,    2.0, -2.0,  0.00,  0.00,  0.00,  0.0,  0.0,  0.0
1036778.57147480, 44845.213407,    0.0,    2.0, -2.0,  0.00,  0.00,  0.00,  0.0,  0.0,  0.0
1036778.57397480, 44844.924068,    0.0,    2.0, -2.0,  0.00,  0.00,  0.00,  0.0,  0.0,  0.0
1036778.57647480, 44843.113252,    0.0,    2.0, -2.0,  0.00,  0.00,  0.00,  0.0,  0.0,  0.0
1036778.57897480, 44841.834136,    0.0,    2.0, -2.0,  0.00,  0.00,  0.00,  0.0,  0.0,  0.0
1036778.58147480, 44841.358525,    0.0,    2.0, -2.0,  0.00,  0.00,  0.00,  0.0,  0.0,  0.0
1036778.58397480, 44841.305079,    0.0,    2.0, -2.0,  0.00,  0.00,  0.00,  0.0,  0.0,  0.0
1036778.58647480, 44842.718108,    0.0,    2.0, -2.0,  0.00,  0.00,  0.00,  0.0,  0.0,  0.0
1036778.58897480, 44844.120074,    0.0,    2.0, -2.0,  0.00,  0.00,  0.00,  0.0,  0.0,  0.0
1036778.59147480, 44844.751805,    0.0,    2.0, -2.0,  0.00,  0.00,  0.00,  0.0,  0.0,  0.0
1036778.59397480, 44845.118342,    0.0,    2.0, -2.0,  0.00,  0.00,  0.00,  0.0,  0.0,  0.0
1036778.59647480, 44843.772193,    0.0,    2.0, -2.0,  0.00,  0.00,  0.00,  0.0,  0.0,  0.0
1036778.59897480, 44842.928389,    0.0,    2.0, -2.0,  0.00,  0.00,  0.00,  0.0,  0.0,  0.0
1036778.60147480, 44842.049786,    0.0,    2.0, -2.0,  0.00,  0.00,  0.00,  0.0,  0.0,  0.0
1036778.60397480, 44840.948446,    0.0,    2.0, -2.0,  0.00,  0.00,  0.00,  0.0,  0.0,  0.0
1036778.60647480, 44840.949926,    0.0,    2.0, -2.0,  0.00,  0.00,  0.00,  0.0,  0.0,  0.0
1036778.60897480, 44842.780733,    0.0,    2.0, -2.0,  0.00,  0.00,  0.00,  0.0,  0.0,  0.0
1036778.61147480, 44845.100778,    0.0,    2.0, -2.0,  0.00,  0.00,  0.00,  0.0,  0.0,  0.0
1036778.61397480, 44844.875523,    0.0,    2.0, -2.0,  0.00,  0.00,  0.00,  0.0,  0.0,  0.0
1036778.61647480, 44843.620289,    0.0,    2.0, -2.0,  0.00,  0.00,  0.00,  0.0,  0.0,  0.0
1036778.61897480, 44841.849406,    0.0,    2.0, -2.0,  0.00,  0.00,  0.00,  0.0,  0.0,  0.0
1036778.62147480, 44840.655942,    0.0,    2.0, -2.0,  0.00,  0.00,  0.00,  0.0,  0.0,  0.0
1036778.62397480, 44840.418233,    0.0,    2.0, -2.0,  0.00,  0.00,  0.00,  0.0,  0.0,  0.0
1036778.62647480, 44841.459696,    0.0,    2.0, -2.0,  0.00,  0.00,  0.00,  0.0,  0.0,  0.0
1036778.62897480, 44843.436739,    0.0,    2.0, -2.0,  0.00,  0.00,  0.00,  0.0,  0.0,  0.0
1036778.63147480, 44844.507813,    0.0,    2.0, -2.0,  0.00,  0.00,  0.00,  0.0,  0.0,  0.0
1036778.63397480, 44844.198724,    0.0,    2.0, -2.0,  0.00,  0.00,  0.00,  0.0,  0.0,  0.0
1036778.63647480, 44842.969494,    0.0,    2.0, -2.0,  0.00,  0.00,  0.00,  0.0,  0.0,  0.0
1036778.63897480, 44841.002073,    0.0,    2.0, -2.0,  0.00,  0.00,  0.00,  0.0,  0.0,  0.0
1036778.64147480, 44839.638589,    0.0,    2.0, -2.0,  0.00,  0.00,  0.00,  0.0,  0.0,  0.0
1036778.64397480, 44839.521324,    0.0,    2.0, -2.0,  0.00,  0.00,  0.00,  0.0,  0.0,  0.0
1036778.64647480, 44839.404058,    0.0,    2.0, -2.0,  0.00,  0.00,  0.00,  0.0,  0.0,  0.0
1036778.64897480, 44841.795810,    0.0,    2.0, -2.0,  0.00,  0.00,  0.00,  0.0,  0.0,  0.0
1036778.65147480, 44843.955209,    0.0,    2.0, -2.0,  0.00,  0.00,  0.00,  0.0,  0.0,  0.0
1036778.65397480, 44843.963417,    0.0,    2.0, -2.0,  0.00,  0.00,  0.00,  0.0,  0.0,  0.0
1036778.65647480, 44843.971624,    0.0,    2.0, -2.0,  0.00,  0.00,  0.00,  0.0,  0.0,  0.0
1036778.65897480, 44841.861384,    0.0,    2.0, -2.0,  0.00,  0.00,  0.00,  0.0,  0.0,  0.0
1036778.66147480, 44840.648981,    0.0,    2.0, -2.0,  0.00,  0.00,  0.00,  0.0,  0.0,  0.0
1036778.66397480, 44839.758885,    0.0,    2.0, -2.0,  0.00,  0.00,  0.00,  0.0,  0.0,  0.0
1036778.66647480, 44840.052197,    0.0,    2.0, -2.0,  0.00,  0.00,  0.00,  0.0,  0.0,  0.0
1036778.66897480, 44840.601210,    0.0,    2.0, -2.0,  0.00,  0.00,  0.00,  0.0,  0.0,  0.0
1036778.67147480, 44841.447769,    0.0,    2.0, -2.0,  0.00,  0.00,  0.00,  0.0,  0.0,  0.0
1036778.67647480, 44843.258682,    0.0,    2.0, -2.0,  0.00,  0.00,  0.00,  0.0,  0.0,  0.0
1036778.67897480, 44841.677733,    0.0,    2.0, -2.0,  0.00,  0.00,  0.00,  0.0,  0.0,  0.0
1036778.68147480, 44840.279595,    0.0,    2.0, -2.0,  0.00,  0.00,  0.00,  0.0,  0.0,  0.0
1036778.68397480, 44839.835930,    0.0,    2.0, -2.0,  0.00,  0.00,  0.00,  0.0,  0.0,  0.0
1036778.68647480, 44841.478080,    0.0,    2.0, -2.0,  0.00,  0.00,  0.00,  0.0,  0.0,  0.0
1036778.68897480, 44843.908320,    0.0,    2.0, -2.0,  0.00,  0.00,  0.00,  0.0,  0.0,  0.0
1036778.69147480, 44845.014552,    0.0,    2.0, -2.0,  0.00,  0.00,  0.00,  0.0,  0.0,  0.0
1036778.69397480, 44844.914439,    0.0,    2.0, -2.0,  0.00,  0.00,  0.00,  0.0,  0.0,  0.0
1036778.69647480, 44844.198745,    0.0,    2.0, -2.0,  0.00,  0.00,  0.00,  0.0,  0.0,  0.0
1036778.69897480, 44841.676032,    0.0,    2.0, -2.0,  0.00,  0.00,  0.00,  0.0,  0.0,  0.0
1036778.70147480, 44840.532156,    0.0,    2.0, -2.0,  0.00,  0.00,  0.00,  0.0,  0.0,  0.0
1036778.70397480, 44840.498760,    0.0,    2.0, -2.0,  0.00,  0.00,  0.00,  0.0,  0.0,  0.0
1036778.70647480, 44841.034133,    0.0,    2.0, -2.0,  0.00,  0.00,  0.00,  0.0,  0.0,  0.0
1036778.70897480, 44841.631834,    0.0,    2.0, -2.0,  0.00,  0.00,  0.00,  0.0,  0.0,  0.0
1036778.71147480, 44845.682337,    0.0,    2.0, -2.0,  0.00,  0.00,  0.00,  0.0,  0.0,  0.0
1036778.71397480, 44845.667133,    0.0,    2.0, -2.0,  0.00,  0.00,  0.00,  0.0,  0.0,  0.0
1036778.71647480, 44845.651930,    0.0,    2.0, -2.0,  0.00,  0.00,  0.00,  0.0,  0.0,  0.0
1036778.71897480, 44841.992488,    0.0,    2.0, -2.0,  0.00,  0.00,  0.00,  0.0,  0.0,  0.0
1036778.72147480, 44840.679462,    0.0,    2.0, -2.0,  0.00,  0.00,  0.00,  0.0,  0.0,  0.0
1036778.72397480, 44840.609244,    0.0,    2.0, -2.0,  0.00,  0.00,  0.00,  0.0,  0.0,  0.0
1036778.72647480, 44842.232893,    0.0,    2.0, -2.0,  0.00,  0.00,  0.00,  0.0,  0.0,  0.0
1036778.72897480, 44843.385278,    0.0,    2.0, -2.0,  0.00,  0.00,  0.00,  0.0,  0.0,  0.0
1036778.73147480, 44843.385278,    0.0,    2.0, -2.0,  0.00,  0.00,  0.00,  0.0,  0.0,  0.0
1036778.73397480, 44843.385278,    0.0,    2.0, -2.0,  0.00,  0.00,  0.00,  0.0,  0.0,  0.0
1036778.73647480, 44843.593732,    0.0,    2.0, -2.0,  0.00,  0.00,  0.00,  0.0,  0.0,  0.0
1036778.73897480, 44841.110227,    0.0,    2.0, -2.0,  0.00,  0.00,  0.00,  0.0,  0.0,  0.0
1036778.74147480, 44839.900006,    0.0,    2.0, -2.0,  0.00,  0.00,  0.00,  0.0,  0.0,  0.0
1036778.74397480, 44840.564211,    0.0,    2.0, -2.0,  0.00,  0.00,  0.00,  0.0,  0.0,  0.0
1036778.74647480, 44842.284786,    0.0,    2.0, -2.0,  0.00,  0.00,  0.00,  0.0,  0.0,  0.0
1036778.74897480, 44842.893501,    0.0,    2.0, -2.0,  0.00,  0.00,  0.00,  0.0,  0.0,  0.0
1036778.75147480, 44844.418190,    0.0,    2.0, -2.0,  0.00,  0.00,  0.00,  0.0,  0.0,  0.0
1036778.75397480, 44843.753289,    0.0,    2.0, -2.0,  0.00,  0.00,  0.00,  0.0,  0.0,  0.0
1036778.75647480, 44841.786488,    0.0,    2.0, -2.0,  0.00,  0.00,  0.00,  0.0,  0.0,  0.0
1036778.75897480, 44841.172281,    0.0,    2.0, -2.0,  0.00,  0.00,  0.00,  0.0,  0.0,  0.0
1036778.76147480, 44839.775212,    0.0,    2.0, -2.0,  0.00,  0.00,  0.00,  0.0,  0.0,  0.0
1036778.76397480, 44840.416117,    0.0,    2.0, -2.0,  0.00,  0.00,  0.00,  0.0,  0.0,  0.0
1036778.76647480, 44841.794376,    0.0,    2.0, -2.0,  0.00,  0.00,  0.00,  0.0,  0.0,  0.0
1036778.76897480, 44842.925446,    0.0,    2.0, -2.0,  0.00,  0.00,  0.00,  0.0,  0.0,  0.0
1036778.77147480, 44844.379524,    0.0,    2.0, -2.0,  0.00,  0.00,  0.00,  0.0,  0.0,  0.0
1036778.77397480, 44844.229561,    0.0,    2.0, -2.0,  0.00,  0.00,  0.00,  0.0,  0.0,  0.0
1036778.77647480, 44843.679522,    0.0,    2.0, -2.0,  0.00,  0.00,  0.00,  0.0,  0.0,  0.0
1036778.77897480, 44843.129483,    0.0,    2.0, -2.0,  0.00,  0.00,  0.00,  0.0,  0.0,  0.0
1036778.78147480, 44842.151743,    0.0,    2.0, -2.0,  0.00,  0.00,  0.00,  0.0,  0.0,  0.0
1036778.78397480, 44841.105829,    0.0,    2.0, -2.0,  0.00,  0.00,  0.00,  0.0,  0.0,  0.0
1036778.78647480, 44840.118477,    0.0,    2.0, -2.0,  0.00,  0.00,  0.00,  0.0,  0.0,  0.0
1036778.78897480, 44843.440952,    0.0,    2.0, -2.0,  0.00,  0.00,  0.00,  0.0,  0.0,  0.0
1036778.79147480, 44844.044606,    0.0,    2.0, -2.0,  0.00,  0.00,  0.00,  0.0,  0.0,  0.0
1036778.79397480, 44844.564923,    0.0,    2.0, -2.0,  0.00,  0.00,  0.00,  0.0,  0.0,  0.0
1036778.79647480, 44843.668610,    0.0,    2.0, -2.0,  0.00,  0.00,  0.00,  0.0,  0.0,  0.0
1036778.79897480, 44841.971635,    0.0,    2.0, -2.0,  0.00,  0.00,  0.00,  0.0,  0.0,  0.0
1036778.80147480, 44840.821083,    0.0,    2.0, -2.0,  0.00,  0.00,  0.00,  0.0,  0.0,  0.0
1036778.80397480, 44841.340473,    0.0,    2.0, -2.0,  0.00,  0.00,  0.00,  0.0,  0.0,  0.0
1036778.80647480, 44843.220871,    0.0,    2.0, -2.0,  0.00,  0.00,  0.00,  0.0,  0.0,  0.0
1036778.80897480, 44843.855674,    0.0,    2.0, -2.0,  0.00,  0.00,  0.00,  0.0,  0.0,  0.0
1036778.81147480, 44845.421521,    0.0,    2.0, -2.0,  0.00,  0.00,  0.00,  0.0,  0.0,  0.0
1036778.81397480, 44844.920550,    0.0,    2.0, -2.0,  0.00,  0.00,  0.00,  0.0,  0.0,  0.0
1036778.81647480, 44842.474000,    0.0,    2.0, -2.0,  0.00,  0.00,  0.00,  0.0,  0.0,  0.0
1036778.81897480, 44841.760275,    0.0,    2.0, -2.0,  0.00,  0.00,  0.00,  0.0,  0.0,  0.0
1036778.82147480, 44840.197183,    0.0,    2.0, -2.0,  0.00,  0.00,  0.00,  0.0,  0.0,  0.0
1036778.82397480, 44841.056015,    0.0,    2.0, -2.0,  0.00,  0.00,  0.00,  0.0,  0.0,  0.0
1036778.82647480, 44843.259828,    0.0,    2.0, -2.0,  0.00,  0.00,  0.00,  0.0,  0.0,  0.0
1036778.82897480, 44843.834292,    0.0,    2.0, -2.0,  0.00,  0.00,  0.00,  0.0,  0.0,  0.0
1036778.83147480, 44843.834292,    0.0,    2.0, -2.0,  0.00,  0.00,  0.00,  0.0,  0.0,  0.0
1036778.83397480, 44844.935740,    0.0,    2.0, -2.0,  0.00,  0.00,  0.00,  0.0,  0.0,  0.0
1036778.83647480, 44843.693603,    0.0,    2.0, -2.0,  0.00,  0.00,  0.00,  0.0,  0.0,  0.0
1036778.83897480, 44843.023240,    0.0,    2.0, -2.0,  0.00,  0.00,  0.00,  0.0,  0.0,  0.0
1036778.84147480, 44842.352876,    0.0,    2.0, -2.0,  0.00,  0.00,  0.00,  0.0,  0.0,  0.0
1036778.84397480, 44841.826574,    0.0,    2.0, -2.0,  0.00,  0.00,  0.00,  0.0,  0.0,  0.0
1036778.84647480, 44841.971875,    0.0,    2.0, -2.0,  0.00,  0.00,  0.00,  0.0,  0.0,  0.0
1036778.84897480, 44842.833274,    0.0,    2.0, -2.0,  0.00,  0.00,  0.00,  0.0,  0.0,  0.0
1036778.85147480, 44843.528664,    0.0,    2.0, -2.0,  0.00,  0.00,  0.00,  0.0,  0.0,  0.0
1036778.85397480, 44843.957747,    0.0,    2.0, -2.0,  0.00,  0.00,  0.00,  0.0,  0.0,  0.0
1036778.85647480, 44844.386829,    0.0,    2.0, -2.0,  0.00,  0.00,  0.00,  0.0,  0.0,  0.0
1036778.85897480, 44842.579887,    0.0,    2.0, -2.0,  0.00,  0.00,  0.00,  0.0,  0.0,  0.0
1036778.86147480, 44840.378871,    0.0,    2.0, -2.0,  0.00,  0.00,  0.00,  0.0,  0.0,  0.0
1036778.86397480, 44839.782476,    0.0,    2.0, -2.0,  0.00,  0.00,  0.00,  0.0,  0.0,  0.0
1036778.86647480, 44842.102680,    0.0,    2.0, -2.0,  0.00,  0.00,  0.00,  0.0,  0.0,  0.0
1036778.86897480, 44842.893501,    0.0,    2.0, -2.0,  0.00,  0.00,  0.00,  0.0,  0.0,  0.0
1036778.87147480, 44844.344854,    0.0,    2.0, -2.0,  0.00,  0.00,  0.00,  0.0,  0.0,  0.0
1036778.87397480, 44843.753416,    0.0,    2.0, -2.0,  0.00,  0.00,  0.00,  0.0,  0.0,  0.0
1036778.87647480, 44841.551066,    0.0,    2.0, -2.0,  0.00,  0.00,  0.00,  0.0,  0.0,  0.0
1036778.87897480, 44840.987202,    0.0,    2.0, -2.0,  0.00,  0.00,  0.00,  0.0,  0.0,  0.0
1036778.88147480, 44840.169801,    0.0,    2.0, -2.0,  0.00,  0.00,  0.00,  0.0,  0.0,  0.0
1036778.88397480, 44840.406424,    0.0,    2.0, -2.0,  0.00,  0.00,  0.00,  0.0,  0.0,  0.0
1036778.88647480, 44842.360305,    0.0,    2.0, -2.0,  0.00,  0.00,  0.00,  0.0,  0.0,  0.0
1036778.88897480, 44842.744411,    0.0,    2.0, -2.0,  0.00,  0.00,  0.00,  0.0,  0.0,  0.0
1036778.89147480, 44843.349586,    0.0,    2.0, -2.0,  0.00,  0.00,  0.00,  0.0,  0.0,  0.0
1036778.89397480, 44843.954761,    0.0,    2.0, -2.0,  0.00,  0.00,  0.00,  0.0,  0.0,  0.0
1036778.89647480, 44842.217208,    0.0,    2.0, -2.0,  0.00,  0.00,  0.00,  0.0,  0.0,  0.0
1036778.89897480, 44840.925618,    0.0,    2.0, -2.0,  0.00,  0.00,  0.00,  0.0,  0.0,  0.0
1036778.90147480, 44840.452901,    0.0,    2.0, -2.0,  0.00,  0.00,  0.00,  0.0,  0.0,  0.0
1036778.90397480, 44839.980184,    0.0,    2.0, -2.0,  0.00,  0.00,  0.00,  0.0,  0.0,  0.0
1036778.90647480, 44840.570690,    0.0,    2.0, -2.0,  0.00,  0.00,  0.00,  0.0,  0.0,  0.0
1036778.90897480, 44841.628142,    0.0,    2.0, -2.0,  0.00,  0.00,  0.00,  0.0,  0.0,  0.0
1036778.91147480, 44842.685594,    0.0,    2.0, -2.0,  0.00,  0.00,  0.00,  0.0,  0.0,  0.0
1036778.91397480, 44844.222463,    0.0,    2.0, -2.0,  0.00,  0.00,  0.00,  0.0,  0.0,  0.0
1036778.91647480, 44843.305027,    0.0,    2.0, -2.0,  0.00,  0.00,  0.00,  0.0,  0.0,  0.0
1036778.92147480, 44840.096273,    0.0,    2.0, -2.0,  0.00,  0.00,  0.00,  0.0,  0.0,  0.0
1036778.92397480, 44840.010229,    0.0,    2.0, -2.0,  0.00,  0.00,  0.00,  0.0,  0.0,  0.0
1036778.92647480, 44841.794086,    0.0,    2.0, -2.0,  0.00,  0.00,  0.00,  0.0,  0.0,  0.0
1036778.92897480, 44843.961816,    0.0,    2.0, -2.0,  0.00,  0.00,  0.00,  0.0,  0.0,  0.0
1036778.93147480, 44844.979646,    0.0,    2.0, -2.0,  0.00,  0.00,  0.00,  0.0,  0.0,  0.0
1036778.93397480, 44844.986418,    0.0,    2.0, -2.0,  0.00,  0.00,  0.00,  0.0,  0.0,  0.0
1036778.93647480, 44843.522565,    0.0,    2.0, -2.0,  0.00,  0.00,  0.00,  0.0,  0.0,  0.0
1036778.93897480, 44841.819341,    0.0,    2.0, -2.0,  0.00,  0.00,  0.00,  0.0,  0.0,  0.0
1036778.94147480, 44840.446152,    0.0,    2.0, -2.0,  0.00,  0.00,  0.00,  0.0,  0.0,  0.0
1036778.94397480, 44841.169002,    0.0,    2.0, -2.0,  0.00,  0.00,  0.00,  0.0,  0.0,  0.0
1036778.94647480, 44842.793292,    0.0,    2.0, -2.0,  0.00,  0.00,  0.00,  0.0,  0.0,  0.0
1036778.94897480, 44844.407885,    0.0,    2.0, -2.0,  0.00,  0.00,  0.00,  0.0,  0.0,  0.0
1036778.95147480, 44845.058023,    0.0,    2.0, -2.0,  0.00,  0.00,  0.00,  0.0,  0.0,  0.0
1036778.95397480, 44845.063736,    0.0,    2.0, -2.0,  0.00,  0.00,  0.00,  0.0,  0.0,  0.0
1036778.95647480, 44845.063736,    0.0,    2.0, -2.0,  0.00,  0.00,  0.00,  0.0,  0.0,  0.0
1036778.95897480, 44842.557681,    0.0,    2.0, -2.0,  0.00,  0.00,  0.00,  0.0,  0.0,  0.0
1036778.96147480, 44840.238556,    0.0,    2.0, -2.0,  0.00,  0.00,  0.00,  0.0,  0.0,  0.0
1036778.96397480, 44840.252871,    0.0,    2.0, -2.0,  0.00,  0.00,  0.00,  0.0,  0.0,  0.0
1036778.96647480, 44840.252871,    0.0,    2.0, -2.0,  0.00,  0.00,  0.00,  0.0,  0.0,  0.0
1036778.96897480, 44840.468921,    0.0,    2.0, -2.0,  0.00,  0.00,  0.00,  0.0,  0.0,  0.0
1036778.97147480, 44842.022798,    0.0,    2.0, -2.0,  0.00,  0.00,  0.00,  0.0,  0.0,  0.0
1036778.97397480, 44843.576673,    0.0,    2.0, -2.0,  0.00,  0.00,  0.00,  0.0,  0.0,  0.0
1036778.97647480, 44844.597029,    0.0,    2.0, -2.0,  0.00,  0.00,  0.00,  0.0,  0.0,  0.0
1036778.97897480, 44843.405897,    0.0,    2.0, -2.0,  0.00,  0.00,  0.00,  0.0,  0.0,  0.0
1036778.98147480, 44842.214764,    0.0,    2.0, -2.0,  0.00,  0.00,  0.00,  0.0,  0.0,  0.0
1036778.98397480, 44840.831638,    0.0,    2.0, -2.0,  0.00,  0.00,  0.00,  0.0,  0.0,  0.0
1036778.98647480, 44841.321436,    0.0,    2.0, -2.0,  0.00,  0.00,  0.00,  0.0,  0.0,  0.0
1036778.98897480, 44842.785335,    0.0,    2.0, -2.0,  0.00,  0.00,  0.00,  0.0,  0.0,  0.0
1036778.99147480, 44844.358632,    0.0,    2.0, -2.0,  0.00,  0.00,  0.00,  0.0,  0.0,  0.0
1036778.99397480, 44844.378127,    0.0,    2.0, -2.0,  0.00,  0.00,  0.00,  0.0,  0.0,  0.0
1036778.99647480, 44843.812911,    0.0,    2.0, -2.0,  0.00,  0.00,  0.00,  0.0,  0.0,  0.0
1036778.99897480, 44841.474760,    0.0,    2.0, -2.0,  0.00,  0.00,  0.00,  0.0,  0.0,  0.0
1036779.00147480, 44839.933975,    0.0,    2.0, -2.0,  0.00,  0.00,  0.00,  0.0,  0.0,  0.0
1036779.00397480, 44840.588858,    0.0,    2.0, -2.0,  0.00,  0.00,  0.00,  0.0,  0.0,  0.0
1036779.00647480, 44841.065373,    0.0,    2.0, -2.0,  0.00,  0.00,  0.00,  0.0,  0.0,  0.0
1036779.00897480, 44843.276823,    0.0,    2.0, -2.0,  0.00,  0.00,  0.00,  0.0,  0.0,  0.0
1036779.01147480, 44844.439461,    0.0,    2.0, -2.0,  0.00,  0.00,  0.00,  0.0,  0.0,  0.0
1036779.01397480, 44843.749631,    0.0,    2.0, -2.0,  0.00,  0.00,  0.00,  0.0,  0.0,  0.0
1036779.01647480, 44843.321134,    0.0,    2.0, -2.0,  0.00,  0.00,  0.00,  0.0,  0.0,  0.0
1036779.01897480, 44842.375949,    0.0,    2.0, -2.0,  0.00,  0.00,  0.00,  0.0,  0.0,  0.0
1036779.02147480, 44841.297171,    0.0,    2.0, -2.0,  0.00,  0.00,  0.00,  0.0,  0.0,  0.0
1036779.02397480, 44840.096421,    0.0,    2.0, -2.0,  0.00,  0.00,  0.00,  0.0,  0.0,  0.0
1036779.02647480, 44841.390023,    0.0,    2.0, -2.0,  0.00,  0.00,  0.00,  0.0,  0.0,  0.0
1036779.02897480, 44842.128835,    0.0,    2.0, -2.0,  0.00,  0.00,  0.00,  0.0,  0.0,  0.0
1036779.03147480, 44842.867646,    0.0,    2.0, -2.0,  0.00,  0.00,  0.00,  0.0,  0.0,  0.0
1036779.03397480, 44844.952786,    0.0,    2.0, -2.0,  0.00,  0.00,  0.00,  0.0,  0.0,  0.0
1036779.03647480, 44844.451237,    0.0,    2.0, -2.0,  0.00,  0.00,  0.00,  0.0,  0.0,  0.0
1036779.03897480, 44843.949689,    0.0,    2.0, -2.0,  0.00,  0.00,  0.00,  0.0,  0.0,  0.0
1036779.04147480, 44842.778565,    0.0,    2.0, -2.0,  0.00,  0.00,  0.00,  0.0,  0.0,  0.0
1036779.04397480, 44841.407347,    0.0,    2.0, -2.0,  0.00,  0.00,  0.00,  0.0,  0.0,  0.0
1036779.04647480, 44840.175513,    0.0,    2.0, -2.0,  0.00,  0.00,  0.00,  0.0,  0.0,  0.0
1036779.04897480, 44842.987484,    0.0,    2.0, -2.0,  0.00,  0.00,  0.00,  0.0,  0.0,  0.0
1036779.05147480, 44845.061990,    0.0,    2.0, -2.0,  0.00,  0.00,  0.00,  0.0,  0.0,  0.0
1036779.05397480, 44844.739107,    0.0,    2.0, -2.0,  0.00,  0.00,  0.00,  0.0,  0.0,  0.0
1036779.05647480, 44843.386365,    0.0,    2.0, -2.0,  0.00,  0.00,  0.00,  0.0,  0.0,  0.0
1036779.05897480, 44841.089006,    0.0,    2.0, -2.0,  0.00,  0.00,  0.00,  0.0,  0.0,  0.0
1036779.06147480, 44840.163911,    0.0,    2.0, -2.0,  0.00,  0.00,  0.00,  0.0,  0.0,  0.0
1036779.06397480, 44840.942753,    0.0,    2.0, -2.0,  0.00,  0.00,  0.00,  0.0,  0.0,  0.0
1036779.06647480, 44842.842166,    0.0,    2.0, -2.0,  0.00,  0.00,  0.00,  0.0,  0.0,  0.0
1036779.06897480, 44844.793137,    0.0,    2.0, -2.0,  0.00,  0.00,  0.00,  0.0,  0.0,  0.0
1036779.07147480, 44845.256170,    0.0,    2.0, -2.0,  0.00,  0.00,  0.00,  0.0,  0.0,  0.0
1036779.07397480, 44844.978083,    0.0,    2.0, -2.0,  0.00,  0.00,  0.00,  0.0,  0.0,  0.0
1036779.07647480, 44842.860158,    0.0,    2.0, -2.0,  0.00,  0.00,  0.00,  0.0,  0.0,  0.0
1036779.07897480, 44841.172129,    0.0,    2.0, -2.0,  0.00,  0.00,  0.00,  0.0,  0.0,  0.0
1036779.08147480, 44840.509638,    0.0,    2.0, -2.0,  0.00,  0.00,  0.00,  0.0,  0.0,  0.0
1036779.08397480, 44841.080221,    0.0,    2.0, -2.0,  0.00,  0.00,  0.00,  0.0,  0.0,  0.0
1036779.08647480, 44841.578532,    0.0,    2.0, -2.0,  0.00,  0.00,  0.00,  0.0,  0.0,  0.0
1036779.08897480, 44842.595576,    0.0,    2.0, -2.0,  0.00,  0.00,  0.00,  0.0,  0.0,  0.0
1036779.09147480, 44844.131248,    0.0,    2.0, -2.0,  0.00,  0.00,  0.00,  0.0,  0.0,  0.0
1036779.09397480, 44844.455226,    0.0,    2.0, -2.0,  0.00,  0.00,  0.00,  0.0,  0.0,  0.0
1036779.09647480, 44843.728269,    0.0,    2.0, -2.0,  0.00,  0.00,  0.00,  0.0,  0.0,  0.0
1036779.09897480, 44841.949968,    0.0,    2.0, -2.0,  0.00,  0.00,  0.00,  0.0,  0.0,  0.0
1036779.10147480, 44840.486447,    0.0,    2.0, -2.0,  0.00,  0.00,  0.00,  0.0,  0.0,  0.0
1036779.10397480, 44840.150378,    0.0,    2.0, -2.0,  0.00,  0.00,  0.00,  0.0,  0.0,  0.0
1036779.10647480, 44841.288508,    0.0,    2.0, -2.0,  0.00,  0.00,  0.00,  0.0,  0.0,  0.0
1036779.10897480, 44842.827597,    0.0,    2.0, -2.0,  0.00,  0.00,  0.00,  0.0,  0.0,  0.0
1036779.11147480, 44844.375548,    0.0,    2.0, -2.0,  0.00,  0.00,  0.00,  0.0,  0.0,  0.0
1036779.11397480, 44844.663958,    0.0,    2.0, -2.0,  0.00,  0.00,  0.00,  0.0,  0.0,  0.0
1036779.11647480, 44842.612936,    0.0,    2.0, -2.0,  0.00,  0.00,  0.00,  0.0,  0.0,  0.0
1036779.11897480, 44840.882200,    0.0,    2.0, -2.0,  0.00,  0.00,  0.00,  0.0,  0.0,  0.0
1036779.12147480, 44839.842311,    0.0,    2.0, -2.0,  0.00,  0.00,  0.00,  0.0,  0.0,  0.0
1036779.12397480, 44840.316956,    0.0,    2.0, -2.0,  0.00,  0.00,  0.00,  0.0,  0.0,  0.0
1036779.12647480, 44840.637740,    0.0,    2.0, -2.0,  0.00,  0.00,  0.00,  0.0,  0.0,  0.0
1036779.12897480, 44843.134602,    0.0,    2.0, -2.0,  0.00,  0.00,  0.00,  0.0,  0.0,  0.0
1036779.13147480, 44844.449721,    0.0,    2.0, -2.0,  0.00,  0.00,  0.00,  0.0,  0.0,  0.0
1036779.13397480, 44843.943424,    0.0,    2.0, -2.0,  0.00,  0.00,  0.00,  0.0,  0.0,  0.0
1036779.13647480, 44843.652549,    0.0,    2.0, -2.0,  0.00,  0.00,  0.00,  0.0,  0.0,  0.0
1036779.13897480, 44841.304078,    0.0,    2.0, -2.0,  0.00,  0.00,  0.00,  0.0,  0.0,  0.0
1036779.14147480, 44840.321979,    0.0,    2.0, -2.0,  0.00,  0.00,  0.00,  0.0,  0.0,  0.0
1036779.14397480, 44840.165892,    0.0,    2.0, -2.0,  0.00,  0.00,  0.00,  0.0,  0.0,  0.0
1036779.14647480, 44840.490009,    0.0,    2.0, -2.0,  0.00,  0.00,  0.00,  0.0,  0.0,  0.0
1036779.14897480, 44842.896384,    0.0,    2.0, -2.0,  0.00,  0.00,  0.00,  0.0,  0.0,  0.0
1036779.15147480, 44844.029366,    0.0,    2.0, -2.0,  0.00,  0.00,  0.00,  0.0,  0.0,  0.0
1036779.15397480, 44844.501031,    0.0,    2.0, -2.0,  0.00,  0.00,  0.00,  0.0,  0.0,  0.0
1036779.15647480, 44843.818208,    0.0,    2.0, -2.0,  0.00,  0.00,  0.00,  0.0,  0.0,  0.0
1036779.15897480, 44843.138544,    0.0,    2.0, -2.0,  0.00,  0.00,  0.00,  0.0,  0.0,  0.0
1036779.16147480, 44842.458881,    0.0,    2.0, -2.0,  0.00,  0.00,  0.00,  0.0,  0.0,  0.0
1036779.16397480, 44841.978104,    0.0,    2.0, -2.0,  0.00,  0.00,  0.00,  0.0,  0.0,  0.0
1036779.16647480, 44841.867275,    0.0,    2.0, -2.0,  0.00,  0.00,  0.00,  0.0,  0.0,  0.0
1036779.16897480, 44841.756445,    0.0,    2.0, -2.0,  0.00,  0.00,  0.00,  0.0,  0.0,  0.0
1036779.17147480, 44844.688093,    0.0,    2.0, -2.0,  0.00,  0.00,  0.00,  0.0,  0.0,  0.0
1036779.17397480, 44845.323700,    0.0,    2.0, -2.0,  0.00,  0.00,  0.00,  0.0,  0.0,  0.0
1036779.17647480, 44844.320228,    0.0,    2.0, -2.0,  0.00,  0.00,  0.00,  0.0,  0.0,  0.0
1036779.17897480, 44842.418086,    0.0,    2.0, -2.0,  0.00,  0.00,  0.00,  0.0,  0.0,  0.0
1036779.18147480, 44840.785530,    0.0,    2.0, -2.0,  0.00,  0.00,  0.00,  0.0,  0.0,  0.0
1036779.18397480, 44841.561761,    0.0,    2.0, -2.0,  0.00,  0.00,  0.00,  0.0,  0.0,  0.0
1036779.18647480, 44841.888178,    0.0,    2.0, -2.0,  0.00,  0.00,  0.00,  0.0,  0.0,  0.0
1036779.18897480, 44844.177768,    0.0,    2.0, -2.0,  0.00,  0.00,  0.00,  0.0,  0.0,  0.0
1036779.19147480, 44845.307624,    0.0,    2.0, -2.0,  0.00,  0.00,  0.00,  0.0,  0.0,  0.0
1036779.19397480, 44844.526875,    0.0,    2.0, -2.0,  0.00,  0.00,  0.00,  0.0,  0.0,  0.0
1036779.19647480, 44842.837196,    0.0,    2.0, -2.0,  0.00,  0.00,  0.00,  0.0,  0.0,  0.0
1036779.19897480, 44841.144342,    0.0,    2.0, -2.0,  0.00,  0.00,  0.00,  0.0,  0.0,  0.0
1036779.20147480, 44840.470076,    0.0,    2.0, -2.0,  0.00,  0.00,  0.00,  0.0,  0.0,  0.0
1036779.20397480, 44840.915260,    0.0,    2.0, -2.0,  0.00,  0.00,  0.00,  0.0,  0.0,  0.0
1036779.20647480, 44841.560630,    0.0,    2.0, -2.0,  0.00,  0.00,  0.00,  0.0,  0.0,  0.0
1036779.20897480, 44843.507802,    0.0,    2.0, -2.0,  0.00,  0.00,  0.00,  0.0,  0.0,  0.0
1036779.21147480, 44844.176514,    0.0,    2.0, -2.0,  0.00,  0.00,  0.00,  0.0,  0.0,  0.0
1036779.21397480, 44844.183263,    0.0,    2.0, -2.0,  0.00,  0.00,  0.00,  0.0,  0.0,  0.0
1036779.21647480, 44843.029423,    0.0,    2.0, -2.0,  0.00,  0.00,  0.00,  0.0,  0.0,  0.0
1036779.21897480, 44840.992427,    0.0,    2.0, -2.0,  0.00,  0.00,  0.00,  0.0,  0.0,  0.0
1036779.22147480, 44840.100231,    0.0,    2.0, -2.0,  0.00,  0.00,  0.00,  0.0,  0.0,  0.0
1036779.22397480, 44840.222702,    0.0,    2.0, -2.0,  0.00,  0.00,  0.00,  0.0,  0.0,  0.0
1036779.22647480, 44841.012523,    0.0,    2.0, -2.0,  0.00,  0.00,  0.00,  0.0,  0.0,  0.0
1036779.22897480, 44841.725004,    0.0,    2.0, -2.0,  0.00,  0.00,  0.00,  0.0,  0.0,  0.0
1036779.23147480, 44842.437484,    0.0,    2.0, -2.0,  0.00,  0.00,  0.00,  0.0,  0.0,  0.0
1036779.23397480, 44843.839727,    0.0,    2.0, -2.0,  0.00,  0.00,  0.00,  0.0,  0.0,  0.0
1036779.23647480, 44843.439621,    0.0,    2.0, -2.0,  0.00,  0.00,  0.00,  0.0,  0.0,  0.0
1036779.23897480, 44841.309865,    0.0,    2.0, -2.0,  0.00,  0.00,  0.00,  0.0,  0.0,  0.0
1036779.24147480, 44840.113755,    0.0,    2.0, -2.0,  0.00,  0.00,  0.00,  0.0,  0.0,  0.0
1036779.24397480, 44840.850853,    0.0,    2.0, -2.0,  0.00,  0.00,  0.00,  0.0,  0.0,  0.0
1036779.24647480, 44842.611714,    0.0,    2.0, -2.0,  0.00,  0.00,  0.00,  0.0,  0.0,  0.0
1036779.24897480, 44844.145783,    0.0,    2.0, -2.0,  0.00,  0.00,  0.00,  0.0,  0.0,  0.0
1036779.25147480, 44844.864692,    0.0,    2.0, -2.0,  0.00,  0.00,  0.00,  0.0,  0.0,  0.0
1036779.25397480, 44844.988900,    0.0,    2.0, -2.0,  0.00,  0.00,  0.00,  0.0,  0.0,  0.0
1036779.25647480, 44842.426984,    0.0,    2.0, -2.0,  0.00,  0.00,  0.00,  0.0,  0.0,  0.0
1036779.25897480, 44841.503696,    0.0,    2.0, -2.0,  0.00,  0.00,  0.00,  0.0,  0.0,  0.0
1036779.26147480, 44840.066275,    0.0,    2.0, -2.0,  0.00,  0.00,  0.00,  0.0,  0.0,  0.0
1036779.26397480, 44840.667636,    0.0,    2.0, -2.0,  0.00,  0.00,  0.00,  0.0,  0.0,  0.0
1036779.26647480, 44841.243359,    0.0,    2.0, -2.0,  0.00,  0.00,  0.00,  0.0,  0.0,  0.0
1036779.26897480, 44841.819081,    0.0,    2.0, -2.0,  0.00,  0.00,  0.00,  0.0,  0.0,  0.0
1036779.27147480, 44844.890254,    0.0,    2.0, -2.0,  0.00,  0.00,  0.00,  0.0,  0.0,  0.0
1036779.27397480, 44845.217501,    0.0,    2.0, -2.0,  0.00,  0.00,  0.00,  0.0,  0.0,  0.0
1036779.27647480, 44844.259660,    0.0,    2.0, -2.0,  0.00,  0.00,  0.00,  0.0,  0.0,  0.0
1036779.27897480, 44842.719741,    0.0,    2.0, -2.0,  0.00,  0.00,  0.00,  0.0,  0.0,  0.0
1036779.28147480, 44840.991263,    0.0,    2.0, -2.0,  0.00,  0.00,  0.00,  0.0,  0.0,  0.0
1036779.28397480, 44840.263562,    0.0,    2.0, -2.0,  0.00,  0.00,  0.00,  0.0,  0.0,  0.0
1036779.28647480, 44842.011669,    0.0,    2.0, -2.0,  0.00,  0.00,  0.00,  0.0,  0.0,  0.0
1036779.28897480, 44843.780838,    0.0,    2.0, -2.0,  0.00,  0.00,  0.00,  0.0,  0.0,  0.0
1036779.29147480, 44844.381307,    0.0,    2.0, -2.0,  0.00,  0.00,  0.00,  0.0,  0.0,  0.0
1036779.29397480, 44845.105917,    0.0,    2.0, -2.0,  0.00,  0.00,  0.00,  0.0,  0.0,  0.0
1036779.29647480, 44844.118344,    0.0,    2.0, -2.0,  0.00,  0.00,  0.00,  0.0,  0.0,  0.0
1036779.30147480, 44840.503070,    0.0,    2.0, -2.0,  0.00,  0.00,  0.00,  0.0,  0.0,  0.0
1036779.30397480, 44840.857155,    0.0,    2.0, -2.0,  0.00,  0.00,  0.00,  0.0,  0.0,  0.0
1036779.30647480, 44842.643951,    0.0,    2.0, -2.0,  0.00,  0.00,  0.00,  0.0,  0.0,  0.0
1036779.30897480, 44843.246298,    0.0,    2.0, -2.0,  0.00,  0.00,  0.00,  0.0,  0.0,  0.0
1036779.31147480, 44844.834715,    0.0,    2.0, -2.0,  0.00,  0.00,  0.00,  0.0,  0.0,  0.0
1036779.31397480, 44844.500345,    0.0,    2.0, -2.0,  0.00,  0.00,  0.00,  0.0,  0.0,  0.0
1036779.31647480, 44842.470548,    0.0,    2.0, -2.0,  0.00,  0.00,  0.00,  0.0,  0.0,  0.0
1036779.31897480, 44841.696131,    0.0,    2.0, -2.0,  0.00,  0.00,  0.00,  0.0,  0.0,  0.0
1036779.32147480, 44840.287487,    0.0,    2.0, -2.0,  0.00,  0.00,  0.00,  0.0,  0.0,  0.0
1036779.32397480, 44840.592290,    0.0,    2.0, -2.0,  0.00,  0.00,  0.00,  0.0,  0.0,  0.0
1036779.32647480, 44841.572880,    0.0,    2.0, -2.0,  0.00,  0.00,  0.00,  0.0,  0.0,  0.0
1036779.32897480, 44842.486215,    0.0,    2.0, -2.0,  0.00,  0.00,  0.00,  0.0,  0.0,  0.0
1036779.33147480, 44843.401403,    0.0,    2.0, -2.0,  0.00,  0.00,  0.00,  0.0,  0.0,  0.0
1036779.33397480, 44844.266309,    0.0,    2.0, -2.0,  0.00,  0.00,  0.00,  0.0,  0.0,  0.0
1036779.33647480, 44843.188909,    0.0,    2.0, -2.0,  0.00,  0.00,  0.00,  0.0,  0.0,  0.0
1036779.33897480, 44842.526021,    0.0,    2.0, -2.0,  0.00,  0.00,  0.00,  0.0,  0.0,  0.0
1036779.34147480, 44841.863133,    0.0,    2.0, -2.0,  0.00,  0.00,  0.00,  0.0,  0.0,  0.0
1036779.34397480, 44841.377338,    0.0,    2.0, -2.0,  0.00,  0.00,  0.00,  0.0,  0.0,  0.0
1036779.34647480, 44841.384648,    0.0,    2.0, -2.0,  0.00,  0.00,  0.00,  0.0,  0.0,  0.0
1036779.34897480, 44841.391958,    0.0,    2.0, -2.0,  0.00,  0.00,  0.00,  0.0,  0.0,  0.0
1036779.35147480, 44841.814641,    0.0,    2.0, -2.0,  0.00,  0.00,  0.00,  0.0,  0.0,  0.0
1036779.35397480, 44843.045939,    0.0,    2.0, -2.0,  0.00,  0.00,  0.00,  0.0,  0.0,  0.0
1036779.35647480, 44844.277237,    0.0,    2.0, -2.0,  0.00,  0.00,  0.00,  0.0,  0.0,  0.0
1036779.35897480, 44842.639730,    0.0,    2.0, -2.0,  0.00,  0.00,  0.00,  0.0,  0.0,  0.0
1036779.36147480, 44840.501267,    0.0,    2.0, -2.0,  0.00,  0.00,  0.00,  0.0,  0.0,  0.0
1036779.36397480, 44839.964219,    0.0,    2.0, -2.0,  0.00,  0.00,  0.00,  0.0,  0.0,  0.0
1036779.36647480, 44841.714707,    0.0,    2.0, -2.0,  0.00,  0.00,  0.00,  0.0,  0.0,  0.0
1036779.36897480, 44843.721831,    0.0,    2.0, -2.0,  0.00,  0.00,  0.00,  0.0,  0.0,  0.0
1036779.37147480, 44844.543426,    0.0,    2.0, -2.0,  0.00,  0.00,  0.00,  0.0,  0.0,  0.0
1036779.37397480, 44844.518504,    0.0,    2.0, -2.0,  0.00,  0.00,  0.00,  0.0,  0.0,  0.0
1036779.37647480, 44843.048305,    0.0,    2.0, -2.0,  0.00,  0.00,  0.00,  0.0,  0.0,  0.0
1036779.37897480, 44841.211716,    0.0,    2.0, -2.0,  0.00,  0.00,  0.00,  0.0,  0.0,  0.0
1036779.38147480, 44840.148681,    0.0,    2.0, -2.0,  0.00,  0.00,  0.00,  0.0,  0.0,  0.0
1036779.38397480, 44840.039055,    0.0,    2.0, -2.0,  0.00,  0.00,  0.00,  0.0,  0.0,  0.0
1036779.38647480, 44841.511784,    0.0,    2.0, -2.0,  0.00,  0.00,  0.00,  0.0,  0.0,  0.0
1036779.38897480, 44843.250150,    0.0,    2.0, -2.0,  0.00,  0.00,  0.00,  0.0,  0.0,  0.0
1036779.39147480, 44843.892089,    0.0,    2.0, -2.0,  0.00,  0.00,  0.00,  0.0,  0.0,  0.0
1036779.39397480, 44844.534027,    0.0,    2.0, -2.0,  0.00,  0.00,  0.00,  0.0,  0.0,  0.0
1036779.39647480, 44842.921404,    0.0,    2.0, -2.0,  0.00,  0.00,  0.00,  0.0,  0.0,  0.0
1036779.39897480, 44841.233527,    0.0,    2.0, -2.0,  0.00,  0.00,  0.00,  0.0,  0.0,  0.0
1036779.40147480, 44840.564817,    0.0,    2.0, -2.0,  0.00,  0.00,  0.00,  0.0,  0.0,  0.0
1036779.40397480, 44840.342609,    0.0,    2.0, -2.0,  0.00,  0.00,  0.00,  0.0,  0.0,  0.0
1036779.40647480, 44841.090569,    0.0,    2.0, -2.0,  0.00,  0.00,  0.00,  0.0,  0.0,  0.0
1036779.40897480, 44842.077063,    0.0,    2.0, -2.0,  0.00,  0.00,  0.00,  0.0,  0.0,  0.0
1036779.41147480, 44843.060240,    0.0,    2.0, -2.0,  0.00,  0.00,  0.00,  0.0,  0.0,  0.0
1036779.41397480, 44844.691920,    0.0,    2.0, -2.0,  0.00,  0.00,  0.00,  0.0,  0.0,  0.0
1036779.41647480, 44844.033065,    0.0,    2.0, -2.0,  0.00,  0.00,  0.00,  0.0,  0.0,  0.0
1036779.41897480, 44842.221963,    0.0,    2.0, -2.0,  0.00,  0.00,  0.00,  0.0,  0.0,  0.0
1036779.42147480, 44840.636125,    0.0,    2.0, -2.0,  0.00,  0.00,  0.00,  0.0,  0.0,  0.0
1036779.42647480, 44841.043754,    0.0,    2.0, -2.0,  0.00,  0.00,  0.00,  0.0,  0.0,  0.0
1036779.42897480, 44843.080836,    0.0,    2.0, -2.0,  0.00,  0.00,  0.00,  0.0,  0.0,  0.0
1036779.43147480, 44845.536389,    0.0,    2.0, -2.0,  0.00,  0.00,  0.00,  0.0,  0.0,  0.0
1036779.43397480, 44845.280473,    0.0,    2.0, -2.0,  0.00,  0.00,  0.00,  0.0,  0.0,  0.0
1036779.43647480, 44842.804490,    0.0,    2.0, -2.0,  0.00,  0.00,  0.00,  0.0,  0.0,  0.0
1036779.43897480, 44842.145145,    0.0,    2.0, -2.0,  0.00,  0.00,  0.00,  0.0,  0.0,  0.0
1036779.44147480, 44839.456291,    0.0,    2.0, -2.0,  0.00,  0.00,  0.00,  0.0,  0.0,  0.0
1036779.44397480, 44840.515952,    0.0,    2.0, -2.0,  0.00,  0.00,  0.00,  0.0,  0.0,  0.0
1036779.44647480, 44843.225915,    0.0,    2.0, -2.0,  0.00,  0.00,  0.00,  0.0,  0.0,  0.0
1036779.44897480, 44843.830056,    0.0,    2.0, -2.0,  0.00,  0.00,  0.00,  0.0,  0.0,  0.0
1036779.45147480, 44845.429998,    0.0,    2.0, -2.0,  0.00,  0.00,  0.00,  0.0,  0.0,  0.0
1036779.45397480, 44845.080585,    0.0,    2.0, -2.0,  0.00,  0.00,  0.00,  0.0,  0.0,  0.0
1036779.45647480, 44844.366338,    0.0,    2.0, -2.0,  0.00,  0.00,  0.00,  0.0,  0.0,  0.0
1036779.45897480, 44843.442731,    0.0,    2.0, -2.0,  0.00,  0.00,  0.00,  0.0,  0.0,  0.0
1036779.46147480, 44840.558719,    0.0,    2.0, -2.0,  0.00,  0.00,  0.00,  0.0,  0.0,  0.0
1036779.46397480, 44840.107630,    0.0,    2.0, -2.0,  0.00,  0.00,  0.00,  0.0,  0.0,  0.0
1036779.46647480, 44840.512003,    0.0,    2.0, -2.0,  0.00,  0.00,  0.00,  0.0,  0.0,  0.0
1036779.46897480, 44840.946046,    0.0,    2.0, -2.0,  0.00,  0.00,  0.00,  0.0,  0.0,  0.0
1036779.47147480, 44842.437912,    0.0,    2.0, -2.0,  0.00,  0.00,  0.00,  0.0,  0.0,  0.0
1036779.47397480, 44844.330863,    0.0,    2.0, -2.0,  0.00,  0.00,  0.00,  0.0,  0.0,  0.0
1036779.47647480, 44842.863706,    0.0,    2.0, -2.0,  0.00,  0.00,  0.00,  0.0,  0.0,  0.0
1036779.47897480, 44841.393759,    0.0,    2.0, -2.0,  0.00,  0.00,  0.00,  0.0,  0.0,  0.0
1036779.48147480, 44840.653329,    0.0,    2.0, -2.0,  0.00,  0.00,  0.00,  0.0,  0.0,  0.0
1036779.48397480, 44839.912899,    0.0,    2.0, -2.0,  0.00,  0.00,  0.00,  0.0,  0.0,  0.0
1036779.48647480, 44841.182090,    0.0,    2.0, -2.0,  0.00,  0.00,  0.00,  0.0,  0.0,  0.0
1036779.48897480, 44843.289634,    0.0,    2.0, -2.0,  0.00,  0.00,  0.00,  0.0,  0.0,  0.0
1036779.49147480, 44844.240919,    0.0,    2.0, -2.0,  0.00,  0.00,  0.00,  0.0,  0.0,  0.0
1036779.49397480, 44844.521580,    0.0,    2.0, -2.0,  0.00,  0.00,  0.00,  0.0,  0.0,  0.0
1036779.49647480, 44843.315482,    0.0,    2.0, -2.0,  0.00,  0.00,  0.00,  0.0,  0.0,  0.0
1036779.49897480, 44841.780975,    0.0,    2.0, -2.0,  0.00,  0.00,  0.00,  0.0,  0.0,  0.0
1036779.50147480, 44840.129140,    0.0,    2.0, -2.0,  0.00,  0.00,  0.00,  0.0,  0.0,  0.0
1036779.50397480, 44840.559671,    0.0,    2.0, -2.0,  0.00,  0.00,  0.00,  0.0,  0.0,  0.0
1036779.50647480, 44841.844515,    0.0,    2.0, -2.0,  0.00,  0.00,  0.00,  0.0,  0.0,  0.0
1036779.50897480, 44843.400035,    0.0,    2.0, -2.0,  0.00,  0.00,  0.00,  0.0,  0.0,  0.0
1036779.51147480, 44844.302353,    0.0,    2.0, -2.0,  0.00,  0.00,  0.00,  0.0,  0.0,  0.0
1036779.51397480, 44844.309772,    0.0,    2.0, -2.0,  0.00,  0.00,  0.00,  0.0,  0.0,  0.0
1036779.51647480, 44843.458056,    0.0,    2.0, -2.0,  0.00,  0.00,  0.00,  0.0,  0.0,  0.0
1036779.51897480, 44842.117938,    0.0,    2.0, -2.0,  0.00,  0.00,  0.00,  0.0,  0.0,  0.0
1036779.52147480, 44840.115914,    0.0,    2.0, -2.0,  0.00,  0.00,  0.00,  0.0,  0.0,  0.0
1036779.52397480, 44839.803857,    0.0,    2.0, -2.0,  0.00,  0.00,  0.00,  0.0,  0.0,  0.0
1036779.52647480, 44840.746646,    0.0,    2.0, -2.0,  0.00,  0.00,  0.00,  0.0,  0.0,  0.0
1036779.52897480, 44842.382639,    0.0,    2.0, -2.0,  0.00,  0.00,  0.00,  0.0,  0.0,  0.0
1036779.53147480, 44843.634291,    0.0,    2.0, -2.0,  0.00,  0.00,  0.00,  0.0,  0.0,  0.0
1036779.53397480, 44844.025333,    0.0,    2.0, -2.0,  0.00,  0.00,  0.00,  0.0,  0.0,  0.0
1036779.53647480, 44844.416376,    0.0,    2.0, -2.0,  0.00,  0.00,  0.00,  0.0,  0.0,  0.0
1036779.53897480, 44842.707975,    0.0,    2.0, -2.0,  0.00,  0.00,  0.00,  0.0,  0.0,  0.0
1036779.54147480, 44840.244480,    0.0,    2.0, -2.0,  0.00,  0.00,  0.00,  0.0,  0.0,  0.0
1036779.54397480, 44840.572906,    0.0,    2.0, -2.0,  0.00,  0.00,  0.00,  0.0,  0.0,  0.0
1036779.54647480, 44841.668730,    0.0,    2.0, -2.0,  0.00,  0.00,  0.00,  0.0,  0.0,  0.0
1036779.54897480, 44843.200571,    0.0,    2.0, -2.0,  0.00,  0.00,  0.00,  0.0,  0.0,  0.0
1036779.55147480, 44844.871674,    0.0,    2.0, -2.0,  0.00,  0.00,  0.00,  0.0,  0.0,  0.0
1036779.55397480, 44844.057149,    0.0,    2.0, -2.0,  0.00,  0.00,  0.00,  0.0,  0.0,  0.0
1036779.55647480, 44843.481496,    0.0,    2.0, -2.0,  0.00,  0.00,  0.00,  0.0,  0.0,  0.0
1036779.55897480, 44841.164298,    0.0,    2.0, -2.0,  0.00,  0.00,  0.00,  0.0,  0.0,  0.0
1036779.56147480, 44840.276596,    0.0,    2.0, -2.0,  0.00,  0.00,  0.00,  0.0,  0.0,  0.0
1036779.56397480, 44840.976665,    0.0,    2.0, -2.0,  0.00,  0.00,  0.00,  0.0,  0.0,  0.0
1036779.56647480, 44841.396788,    0.0,    2.0, -2.0,  0.00,  0.00,  0.00,  0.0,  0.0,  0.0
1036779.56897480, 44843.179626,    0.0,    2.0, -2.0,  0.00,  0.00,  0.00,  0.0,  0.0,  0.0
1036779.57147480, 44844.508585,    0.0,    2.0, -2.0,  0.00,  0.00,  0.00,  0.0,  0.0,  0.0
1036779.57397480, 44843.790406,    0.0,    2.0, -2.0,  0.00,  0.00,  0.00,  0.0,  0.0,  0.0
1036779.57647480, 44843.267680,    0.0,    2.0, -2.0,  0.00,  0.00,  0.00,  0.0,  0.0,  0.0
1036779.57897480, 44841.368093,    0.0,    2.0, -2.0,  0.00,  0.00,  0.00,  0.0,  0.0,  0.0
1036779.58147480, 44840.165848,    0.0,    2.0, -2.0,  0.00,  0.00,  0.00,  0.0,  0.0,  0.0
1036779.58397480, 44840.818754,    0.0,    2.0, -2.0,  0.00,  0.00,  0.00,  0.0,  0.0,  0.0
1036779.58647480, 44841.268498,    0.0,    2.0, -2.0,  0.00,  0.00,  0.00,  0.0,  0.0,  0.0
1036779.58897480, 44842.395954,    0.0,    2.0, -2.0,  0.00,  0.00,  0.00,  0.0,  0.0,  0.0
1036779.59147480, 44843.868856,    0.0,    2.0, -2.0,  0.00,  0.00,  0.00,  0.0,  0.0,  0.0
1036779.59397480, 44843.986877,    0.0,    2.0, -2.0,  0.00,  0.00,  0.00,  0.0,  0.0,  0.0
1036779.59647480, 44843.502877,    0.0,    2.0, -2.0,  0.00,  0.00,  0.00,  0.0,  0.0,  0.0
1036779.59897480, 44843.502877,    0.0,    2.0, -2.0,  0.00,  0.00,  0.00,  0.0,  0.0,  0.0
1036779.60147480, 44843.502877,    0.0,    2.0, -2.0,  0.00,  0.00,  0.00,  0.0,  0.0,  0.0
1036779.60397480, 44840.031581,    0.0,    2.0, -2.0,  0.00,  0.00,  0.00,  0.0,  0.0,  0.0
1036779.60647480, 44841.302793,    0.0,    2.0, -2.0,  0.00,  0.00,  0.00,  0.0,  0.0,  0.0
1036779.60897480, 44842.690926,    0.0,    2.0, -2.0,  0.00,  0.00,  0.00,  0.0,  0.0,  0.0
1036779.61147480, 44844.191690,    0.0,    2.0, -2.0,  0.00,  0.00,  0.00,  0.0,  0.0,  0.0
1036779.61397480, 44844.730653,    0.0,    2.0, -2.0,  0.00,  0.00,  0.00,  0.0,  0.0,  0.0
1036779.61647480, 44844.928551,    0.0,    2.0, -2.0,  0.00,  0.00,  0.00,  0.0,  0.0,  0.0
1036779.61897480, 44841.921881,    0.0,    2.0, -2.0,  0.00,  0.00,  0.00,  0.0,  0.0,  0.0
1036779.62147480, 44840.483045,    0.0,    2.0, -2.0,  0.00,  0.00,  0.00,  0.0,  0.0,  0.0
1036779.62397480, 44840.748274,    0.0,    2.0, -2.0,  0.00,  0.00,  0.00,  0.0,  0.0,  0.0
1036779.62647480, 44842.403705,    0.0,    2.0, -2.0,  0.00,  0.00,  0.00,  0.0,  0.0,  0.0
1036779.62897480, 44844.306058,    0.0,    2.0, -2.0,  0.00,  0.00,  0.00,  0.0,  0.0,  0.0
1036779.63147480, 44844.721630,    0.0,    2.0, -2.0,  0.00,  0.00,  0.00,  0.0,  0.0,  0.0
1036779.63397480, 44844.779268,    0.0,    2.0, -2.0,  0.00,  0.00,  0.00,  0.0,  0.0,  0.0
1036779.63647480, 44843.279518,    0.0,    2.0, -2.0,  0.00,  0.00,  0.00,  0.0,  0.0,  0.0
1036779.63897480, 44841.189942,    0.0,    2.0, -2.0,  0.00,  0.00,  0.00,  0.0,  0.0,  0.0
1036779.64147480, 44840.530832,    0.0,    2.0, -2.0,  0.00,  0.00,  0.00,  0.0,  0.0,  0.0
1036779.64397480, 44840.294601,    0.0,    2.0, -2.0,  0.00,  0.00,  0.00,  0.0,  0.0,  0.0
1036779.64647480, 44840.822420,    0.0,    2.0, -2.0,  0.00,  0.00,  0.00,  0.0,  0.0,  0.0
1036779.64897480, 44841.350240,    0.0,    2.0, -2.0,  0.00,  0.00,  0.00,  0.0,  0.0,  0.0
1036779.65147480, 44845.280496,    0.0,    2.0, -2.0,  0.00,  0.00,  0.00,  0.0,  0.0,  0.0
1036779.65397480, 44844.970774,    0.0,    2.0, -2.0,  0.00,  0.00,  0.00,  0.0,  0.0,  0.0
1036779.65647480, 44843.551850,    0.0,    2.0, -2.0,  0.00,  0.00,  0.00,  0.0,  0.0,  0.0
1036779.65897480, 44841.818057,    0.0,    2.0, -2.0,  0.00,  0.00,  0.00,  0.0,  0.0,  0.0
1036779.66147480, 44841.050025,    0.0,    2.0, -2.0,  0.00,  0.00,  0.00,  0.0,  0.0,  0.0
1036779.66397480, 44840.563716,    0.0,    2.0, -2.0,  0.00,  0.00,  0.00,  0.0,  0.0,  0.0
1036779.66647480, 44840.164396,    0.0,    2.0, -2.0,  0.00,  0.00,  0.00,  0.0,  0.0,  0.0
1036779.66897480, 44841.318181,    0.0,    2.0, -2.0,  0.00,  0.00,  0.00,  0.0,  0.0,  0.0
1036779.67147480, 44842.471966,    0.0,    2.0, -2.0,  0.00,  0.00,  0.00,  0.0,  0.0,  0.0
1036779.67647480, 44843.562735,    0.0,    2.0, -2.0,  0.00,  0.00,  0.00,  0.0,  0.0,  0.0
1036779.67897480, 44841.340223,    0.0,    2.0, -2.0,  0.00,  0.00,  0.00,  0.0,  0.0,  0.0
1036779.68147480, 44840.390665,    0.0,    2.0, -2.0,  0.00,  0.00,  0.00,  0.0,  0.0,  0.0
1036779.68397480, 44840.825446,    0.0,    2.0, -2.0,  0.00,  0.00,  0.00,  0.0,  0.0,  0.0
1036779.68647480, 44841.172281,    0.0,    2.0, -2.0,  0.00,  0.00,  0.00,  0.0,  0.0,  0.0
1036779.68897480, 44843.213235,    0.0,    2.0, -2.0,  0.00,  0.00,  0.00,  0.0,  0.0,  0.0
1036779.69147480, 44844.340319,    0.0,    2.0, -2.0,  0.00,  0.00,  0.00,  0.0,  0.0,  0.0
1036779.69397480, 44843.723130,    0.0,    2.0, -2.0,  0.00,  0.00,  0.00,  0.0,  0.0,  0.0
1036779.69647480, 44843.417351,    0.0,    2.0, -2.0,  0.00,  0.00,  0.00,  0.0,  0.0,  0.0
1036779.69897480, 44840.935146,    0.0,    2.0, -2.0,  0.00,  0.00,  0.00,  0.0,  0.0,  0.0
1036779.70147480, 44839.762224,    0.0,    2.0, -2.0,  0.00,  0.00,  0.00,  0.0,  0.0,  0.0
1036779.70397480, 44839.878417,    0.0,    2.0, -2.0,  0.00,  0.00,  0.00,  0.0,  0.0,  0.0
1036779.70647480, 44839.994609,    0.0,    2.0, -2.0,  0.00,  0.00,  0.00,  0.0,  0.0,  0.0
1036779.70897480, 44843.411961,    0.0,    2.0, -2.0,  0.00,  0.00,  0.00,  0.0,  0.0,  0.0
1036779.71147480, 44844.491284,    0.0,    2.0, -2.0,  0.00,  0.00,  0.00,  0.0,  0.0,  0.0
1036779.71397480, 44844.678005,    0.0,    2.0, -2.0,  0.00,  0.00,  0.00,  0.0,  0.0,  0.0
1036779.71647480, 44844.864727,    0.0,    2.0, -2.0,  0.00,  0.00,  0.00,  0.0,  0.0,  0.0
1036779.71897480, 44841.405187,    0.0,    2.0, -2.0,  0.00,  0.00,  0.00,  0.0,  0.0,  0.0
1036779.72147480, 44840.736537,    0.0,    2.0, -2.0,  0.00,  0.00,  0.00,  0.0,  0.0,  0.0
1036779.72397480, 44840.164274,    0.0,    2.0, -2.0,  0.00,  0.00,  0.00,  0.0,  0.0,  0.0
1036779.72647480, 44840.896592,    0.0,    2.0, -2.0,  0.00,  0.00,  0.00,  0.0,  0.0,  0.0
1036779.72897480, 44842.434242,    0.0,    2.0, -2.0,  0.00,  0.00,  0.00,  0.0,  0.0,  0.0
1036779.73147480, 44844.649321,    0.0,    2.0, -2.0,  0.00,  0.00,  0.00,  0.0,  0.0,  0.0
1036779.73397480, 44844.319598,    0.0,    2.0, -2.0,  0.00,  0.00,  0.00,  0.0,  0.0,  0.0
1036779.73647480, 44843.010971,    0.0,    2.0, -2.0,  0.00,  0.00,  0.00,  0.0,  0.0,  0.0
1036779.73897480, 44841.691447,    0.0,    2.0, -2.0,  0.00,  0.00,  0.00,  0.0,  0.0,  0.0
1036779.74147480, 44840.712576,    0.0,    2.0, -2.0,  0.00,  0.00,  0.00,  0.0,  0.0,  0.0
1036779.74397480, 44841.300148,    0.0,    2.0, -2.0,  0.00,  0.00,  0.00,  0.0,  0.0,  0.0
1036779.74647480, 44841.518484,    0.0,    2.0, -2.0,  0.00,  0.00,  0.00,  0.0,  0.0,  0.0
1036779.74897480, 44843.746719,    0.0,    2.0, -2.0,  0.00,  0.00,  0.00,  0.0,  0.0,  0.0
1036779.75147480, 44844.955816,    0.0,    2.0, -2.0,  0.00,  0.00,  0.00,  0.0,  0.0,  0.0
1036779.75397480, 44843.873025,    0.0,    2.0, -2.0,  0.00,  0.00,  0.00,  0.0,  0.0,  0.0
1036779.75647480, 44843.476282,    0.0,    2.0, -2.0,  0.00,  0.00,  0.00,  0.0,  0.0,  0.0
1036779.75897480, 44840.972773,    0.0,    2.0, -2.0,  0.00,  0.00,  0.00,  0.0,  0.0,  0.0
1036779.76147480, 44840.252735,    0.0,    2.0, -2.0,  0.00,  0.00,  0.00,  0.0,  0.0,  0.0
1036779.76397480, 44840.678027,    0.0,    2.0, -2.0,  0.00,  0.00,  0.00,  0.0,  0.0,  0.0
1036779.76647480, 44841.125388,    0.0,    2.0, -2.0,  0.00,  0.00,  0.00,  0.0,  0.0,  0.0
1036779.76897480, 44841.572748,    0.0,    2.0, -2.0,  0.00,  0.00,  0.00,  0.0,  0.0,  0.0
1036779.77147480, 44844.365702,    0.0,    2.0, -2.0,  0.00,  0.00,  0.00,  0.0,  0.0,  0.0
1036779.77397480, 44844.537298,    0.0,    2.0, -2.0,  0.00,  0.00,  0.00,  0.0,  0.0,  0.0
1036779.77647480, 44843.446954,    0.0,    2.0, -2.0,  0.00,  0.00,  0.00,  0.0,  0.0,  0.0
1036779.77897480, 44842.527751,    0.0,    2.0, -2.0,  0.00,  0.00,  0.00,  0.0,  0.0,  0.0
1036779.78147480, 44841.564291,    0.0,    2.0, -2.0,  0.00,  0.00,  0.00,  0.0,  0.0,  0.0
1036779.78397480, 44840.212599,    0.0,    2.0, -2.0,  0.00,  0.00,  0.00,  0.0,  0.0,  0.0
1036779.78647480, 44840.830475,    0.0,    2.0, -2.0,  0.00,  0.00,  0.00,  0.0,  0.0,  0.0
1036779.78897480, 44841.537509,    0.0,    2.0, -2.0,  0.00,  0.00,  0.00,  0.0,  0.0,  0.0
1036779.79147480, 44842.814064,    0.0,    2.0, -2.0,  0.00,  0.00,  0.00,  0.0,  0.0,  0.0
1036779.79397480, 44844.090619,    0.0,    2.0, -2.0,  0.00,  0.00,  0.00,  0.0,  0.0,  0.0
1036779.79647480, 44844.287497,    0.0,    2.0, -2.0,  0.00,  0.00,  0.00,  0.0,  0.0,  0.0
1036779.79897480, 44841.885478,    0.0,    2.0, -2.0,  0.00,  0.00,  0.00,  0.0,  0.0,  0.0
1036779.80147480, 44841.066623,    0.0,    2.0, -2.0,  0.00,  0.00,  0.00,  0.0,  0.0,  0.0
1036779.80397480, 44841.348197,    0.0,    2.0, -2.0,  0.00,  0.00,  0.00,  0.0,  0.0,  0.0
1036779.80647480, 44843.037763,    0.0,    2.0, -2.0,  0.00,  0.00,  0.00,  0.0,  0.0,  0.0
1036779.80897480, 44844.607717,    0.0,    2.0, -2.0,  0.00,  0.00,  0.00,  0.0,  0.0,  0.0
1036779.81147480, 44844.926282,    0.0,    2.0, -2.0,  0.00,  0.00,  0.00,  0.0,  0.0,  0.0
1036779.81397480, 44844.743011,    0.0,    2.0, -2.0,  0.00,  0.00,  0.00,  0.0,  0.0,  0.0
1036779.81647480, 44843.127438,    0.0,    2.0, -2.0,  0.00,  0.00,  0.00,  0.0,  0.0,  0.0
1036779.81897480, 44841.134153,    0.0,    2.0, -2.0,  0.00,  0.00,  0.00,  0.0,  0.0,  0.0
1036779.82147480, 44840.222464,    0.0,    2.0, -2.0,  0.00,  0.00,  0.00,  0.0,  0.0,  0.0
1036779.82397480, 44840.585837,    0.0,    2.0, -2.0,  0.00,  0.00,  0.00,  0.0,  0.0,  0.0
1036779.82647480, 44841.474142,    0.0,    2.0, -2.0,  0.00,  0.00,  0.00,  0.0,  0.0,  0.0
1036779.82897480, 44842.449358,    0.0,    2.0, -2.0,  0.00,  0.00,  0.00,  0.0,  0.0,  0.0
1036779.83147480, 44843.807202,    0.0,    2.0, -2.0,  0.00,  0.00,  0.00,  0.0,  0.0,  0.0
1036779.83397480, 44844.764393,    0.0,    2.0, -2.0,  0.00,  0.00,  0.00,  0.0,  0.0,  0.0
1036779.83647480, 44844.395129,    0.0,    2.0, -2.0,  0.00,  0.00,  0.00,  0.0,  0.0,  0.0
1036779.83897480, 44843.963242,    0.0,    2.0, -2.0,  0.00,  0.00,  0.00,  0.0,  0.0,  0.0
1036779.84147480, 44843.389691,    0.0,    2.0, -2.0,  0.00,  0.00,  0.00,  0.0,  0.0,  0.0
1036779.84397480, 44839.978378,    0.0,    2.0, -2.0,  0.00,  0.00,  0.00,  0.0,  0.0,  0.0
1036779.84647480, 44840.461256,    0.0,    2.0, -2.0,  0.00,  0.00,  0.00,  0.0,  0.0,  0.0
1036779.84897480, 44841.093198,    0.0,    2.0, -2.0,  0.00,  0.00,  0.00,  0.0,  0.0,  0.0
1036779.85147480, 44842.587100,    0.0,    2.0, -2.0,  0.00,  0.00,  0.00,  0.0,  0.0,  0.0
1036779.85397480, 44844.081001,    0.0,    2.0, -2.0,  0.00,  0.00,  0.00,  0.0,  0.0,  0.0
1036779.85897480, 44840.915388,    0.0,    2.0, -2.0,  0.00,  0.00,  0.00,  0.0,  0.0,  0.0
1036779.86147480, 44839.903519,    0.0,    2.0, -2.0,  0.00,  0.00,  0.00,  0.0,  0.0,  0.0
1036779.86397480, 44839.793167,    0.0,    2.0, -2.0,  0.00,  0.00,  0.00,  0.0,  0.0,  0.0
1036779.86647480, 44841.513997,    0.0,    2.0, -2.0,  0.00,  0.00,  0.00,  0.0,  0.0,  0.0
1036779.86897480, 44843.604450,    0.0,    2.0, -2.0,  0.00,  0.00,  0.00,  0.0,  0.0,  0.0
1036779.87147480, 44844.823166,    0.0,    2.0, -2.0,  0.00,  0.00,  0.00,  0.0,  0.0,  0.0
1036779.87397480, 44844.539863,    0.0,    2.0, -2.0,  0.00,  0.00,  0.00,  0.0,  0.0,  0.0
1036779.87647480, 44843.346401,    0.0,    2.0, -2.0,  0.00,  0.00,  0.00,  0.0,  0.0,  0.0
1036779.87897480, 44841.389871,    0.0,    2.0, -2.0,  0.00,  0.00,  0.00,  0.0,  0.0,  0.0
1036779.88147480, 44840.311250,    0.0,    2.0, -2.0,  0.00,  0.00,  0.00,  0.0,  0.0,  0.0
1036779.88397480, 44839.850635,    0.0,    2.0, -2.0,  0.00,  0.00,  0.00,  0.0,  0.0,  0.0
1036779.88647480, 44841.500688,    0.0,    2.0, -2.0,  0.00,  0.00,  0.00,  0.0,  0.0,  0.0
1036779.88897480, 44843.839232,    0.0,    2.0, -2.0,  0.00,  0.00,  0.00,  0.0,  0.0,  0.0
1036779.89147480, 44844.632034,    0.0,    2.0, -2.0,  0.00,  0.00,  0.00,  0.0,  0.0,  0.0
1036779.89397480, 44844.710764,    0.0,    2.0, -2.0,  0.00,  0.00,  0.00,  0.0,  0.0,  0.0
1036779.89647480, 44843.750160,    0.0,    2.0, -2.0,  0.00,  0.00,  0.00,  0.0,  0.0,  0.0
1036779.89897480, 44842.167077,    0.0,    2.0, -2.0,  0.00,  0.00,  0.00,  0.0,  0.0,  0.0
1036779.90147480, 44841.678634,    0.0,    2.0, -2.0,  0.00,  0.00,  0.00,  0.0,  0.0,  0.0
1036779.90397480, 44841.190191,    0.0,    2.0, -2.0,  0.00,  0.00,  0.00,  0.0,  0.0,  0.0
1036779.90647480, 44840.701747,    0.0,    2.0, -2.0,  0.00,  0.00,  0.00,  0.0,  0.0,  0.0
1036779.90897480, 44841.334037,    0.0,    2.0, -2.0,  0.00,  0.00,  0.00,  0.0,  0.0,  0.0
1036779.91147480, 44842.321174,    0.0,    2.0, -2.0,  0.00,  0.00,  0.00,  0.0,  0.0,  0.0
1036779.91397480, 44843.308312,    0.0,    2.0, -2.0,  0.00,  0.00,  0.00,  0.0,  0.0,  0.0
1036779.91647480, 44843.514739,    0.0,    2.0, -2.0,  0.00,  0.00,  0.00,  0.0,  0.0,  0.0
1036779.91897480, 44842.502165,    0.0,    2.0, -2.0,  0.00,  0.00,  0.00,  0.0,  0.0,  0.0
1036779.92147480, 44841.343730,    0.0,    2.0, -2.0,  0.00,  0.00,  0.00,  0.0,  0.0,  0.0
1036779.92397480, 44840.096208,    0.0,    2.0, -2.0,  0.00,  0.00,  0.00,  0.0,  0.0,  0.0
1036779.92647480, 44840.983851,    0.0,    2.0, -2.0,  0.00,  0.00,  0.00,  0.0,  0.0,  0.0
1036779.92897480, 44843.213288,    0.0,    2.0, -2.0,  0.00,  0.00,  0.00,  0.0,  0.0,  0.0
1036779.93147480, 44845.196323,    0.0,    2.0, -2.0,  0.00,  0.00,  0.00,  0.0,  0.0,  0.0
1036779.93397480, 44844.770150,    0.0,    2.0, -2.0,  0.00,  0.00,  0.00,  0.0,  0.0,  0.0
1036779.93647480, 44842.650601,    0.0,    2.0, -2.0,  0.00,  0.00,  0.00,  0.0,  0.0,  0.0
1036779.93897480, 44841.974092,    0.0,    2.0, -2.0,  0.00,  0.00,  0.00,  0.0,  0.0,  0.0
1036779.94147480, 44840.460045,    0.0,    2.0, -2.0,  0.00,  0.00,  0.00,  0.0,  0.0,  0.0
1036779.94397480, 44840.650848,    0.0,    2.0, -2.0,  0.00,  0.00,  0.00,  0.0,  0.0,  0.0
1036779.94647480, 44842.733953,    0.0,    2.0, -2.0,  0.00,  0.00,  0.00,  0.0,  0.0,  0.0
1036779.94897480, 44843.256989,    0.0,    2.0, -2.0,  0.00,  0.00,  0.00,  0.0,  0.0,  0.0
1036779.95147480, 44844.413687,    0.0,    2.0, -2.0,  0.00,  0.00,  0.00,  0.0,  0.0,  0.0
1036779.95397480, 44843.853080,    0.0,    2.0, -2.0,  0.00,  0.00,  0.00,  0.0,  0.0,  0.0
1036779.95647480, 44842.738390,    0.0,    2.0, -2.0,  0.00,  0.00,  0.00,  0.0,  0.0,  0.0
1036779.95897480, 44841.928597,    0.0,    2.0, -2.0,  0.00,  0.00,  0.00,  0.0,  0.0,  0.0
1036779.96147480, 44840.777267,    0.0,    2.0, -2.0,  0.00,  0.00,  0.00,  0.0,  0.0,  0.0
1036779.96397480, 44840.263562,    0.0,    2.0, -2.0,  0.00,  0.00,  0.00,  0.0,  0.0,  0.0
1036779.96647480, 44840.641934,    0.0,    2.0, -2.0,  0.00,  0.00,  0.00,  0.0,  0.0,  0.0
1036779.96897480, 44841.049715,    0.0,    2.0, -2.0,  0.00,  0.00,  0.00,  0.0,  0.0,  0.0
1036779.97147480, 44841.821269,    0.0,    2.0, -2.0,  0.00,  0.00,  0.00,  0.0,  0.0,  0.0
1036779.97397480, 44844.837617,    0.0,    2.0, -2.0,  0.00,  0.00,  0.00,  0.0,  0.0,  0.0
1036779.97647480, 44844.212895,    0.0,    2.0, -2.0,  0.00,  0.00,  0.00,  0.0,  0.0,  0.0
1036779.97897480, 44843.531007,    0.0,    2.0, -2.0,  0.00,  0.00,  0.00,  0.0,  0.0,  0.0
1036779.98147480, 44842.430533,    0.0,    2.0, -2.0,  0.00,  0.00,  0.00,  0.0,  0.0,  0.0
1036779.98397480, 44841.330059,    0.0,    2.0, -2.0,  0.00,  0.00,  0.00,  0.0,  0.0,  0.0
1036779.98647480, 44841.343987,    0.0,    2.0, -2.0,  0.00,  0.00,  0.00,  0.0,  0.0,  0.0
1036779.98897480, 44843.098614,    0.0,    2.0, -2.0,  0.00,  0.00,  0.00,  0.0,  0.0,  0.0
1036779.99147480, 44844.180113,    0.0,    2.0, -2.0,  0.00,  0.00,  0.00,  0.0,  0.0,  0.0
1036779.99397480, 44844.585843,    0.0,    2.0, -2.0,  0.00,  0.00,  0.00,  0.0,  0.0,  0.0
1036779.99647480, 44842.436346,    0.0,    2.0, -2.0,  0.00,  0.00,  0.00,  0.0,  0.0,  0.0
1036779.99897480, 44841.682538,    0.0,    2.0, -2.0,  0.00,  0.00,  0.00,  0.0,  0.0,  0.0
1036780.00147480, 44840.437423,    0.0,    2.0, -2.0,  0.00,  0.00,  0.00,  0.0,  0.0,  0.0
1036780.00397480, 44840.711513,    0.0,    2.0, -2.0,  0.00,  0.00,  0.00,  0.0,  0.0,  0.0
1036780.00647480, 44842.632956,    0.0,    2.0, -2.0,  0.00,  0.00,  0.00,  0.0,  0.0,  0.0
1036780.00897480, 44843.188181,    0.0,    2.0, -2.0,  0.00,  0.00,  0.00,  0.0,  0.0,  0.0
1036780.01147480, 44844.837408,    0.0,    2.0, -2.0,  0.00,  0.00,  0.00,  0.0,  0.0,  0.0
1036780.01397480, 44844.606047,    0.0,    2.0, -2.0,  0.00,  0.00,  0.00,  0.0,  0.0,  0.0
1036780.01647480, 44843.824668,    0.0,    2.0, -2.0,  0.00,  0.00,  0.00,  0.0,  0.0,  0.0
1036780.01897480, 44842.537548,    0.0,    2.0, -2.0,  0.00,  0.00,  0.00,  0.0,  0.0,  0.0
1036780.02147480, 44839.835930,    0.0,    2.0, -2.0,  0.00,  0.00,  0.00,  0.0,  0.0,  0.0
1036780.02397480, 44839.835930,    0.0,    2.0, -2.0,  0.00,  0.00,  0.00,  0.0,  0.0,  0.0
1036780.02647480, 44839.835930,    0.0,    2.0, -2.0,  0.00,  0.00,  0.00,  0.0,  0.0,  0.0
1036780.02897480, 44839.835930,    0.0,    2.0, -2.0,  0.00,  0.00,  0.00,  0.0,  0.0,  0.0
1036780.03147480, 44842.852865,    0.0,    2.0, -2.0,  0.00,  0.00,  0.00,  0.0,  0.0,  0.0
1036780.03397480, 44844.283306,    0.0,    2.0, -2.0,  0.00,  0.00,  0.00,  0.0,  0.0,  0.0
1036780.03647480, 44844.283306,    0.0,    2.0, -2.0,  0.00,  0.00,  0.00,  0.0,  0.0,  0.0
1036780.03897480, 44843.468788,    0.0,    2.0, -2.0,  0.00,  0.00,  0.00,  0.0,  0.0,  0.0
1036780.04147480, 44841.859194,    0.0,    2.0, -2.0,  0.00,  0.00,  0.00,  0.0,  0.0,  0.0
1036780.04397480, 44840.249599,    0.0,    2.0, -2.0,  0.00,  0.00,  0.00,  0.0,  0.0,  0.0
1036780.04647480, 44841.939436,    0.0,    2.0, -2.0,  0.00,  0.00,  0.00,  0.0,  0.0,  0.0
1036780.04897480, 44843.118008,    0.0,    2.0, -2.0,  0.00,  0.00,  0.00,  0.0,  0.0,  0.0
1036780.05147480, 44844.132132,    0.0,    2.0, -2.0,  0.00,  0.00,  0.00,  0.0,  0.0,  0.0
1036780.05397480, 44844.033945,    0.0,    2.0, -2.0,  0.00,  0.00,  0.00,  0.0,  0.0,  0.0
1036780.05647480, 44842.377648,    0.0,    2.0, -2.0,  0.00,  0.00,  0.00,  0.0,  0.0,  0.0
1036780.05897480, 44840.662599,    0.0,    2.0, -2.0,  0.00,  0.00,  0.00,  0.0,  0.0,  0.0
1036780.06147480, 44840.159090,    0.0,    2.0, -2.0,  0.00,  0.00,  0.00,  0.0,  0.0,  0.0
1036780.06397480, 44840.276814,    0.0,    2.0, -2.0,  0.00,  0.00,  0.00,  0.0,  0.0,  0.0
1036780.06647480, 44841.928956,    0.0,    2.0, -2.0,  0.00,  0.00,  0.00,  0.0,  0.0,  0.0
1036780.06897480, 44843.460088,    0.0,    2.0, -2.0,  0.00,  0.00,  0.00,  0.0,  0.0,  0.0
1036780.07147480, 44844.835677,    0.0,    2.0, -2.0,  0.00,  0.00,  0.00,  0.0,  0.0,  0.0
1036780.07397480, 44844.404520,    0.0,    2.0, -2.0,  0.00,  0.00,  0.00,  0.0,  0.0,  0.0
1036780.07647480, 44842.676367,    0.0,    2.0, -2.0,  0.00,  0.00,  0.00,  0.0,  0.0,  0.0
1036780.07897480, 44841.310784,    0.0,    2.0, -2.0,  0.00,  0.00,  0.00,  0.0,  0.0,  0.0
1036780.08147480, 44840.654609,    0.0,    2.0, -2.0,  0.00,  0.00,  0.00,  0.0,  0.0,  0.0
1036780.08397480, 44840.786061,    0.0,    2.0, -2.0,  0.00,  0.00,  0.00,  0.0,  0.0,  0.0
1036780.08647480, 44842.284280,    0.0,    2.0, -2.0,  0.00,  0.00,  0.00,  0.0,  0.0,  0.0
1036780.08897480, 44843.419334,    0.0,    2.0, -2.0,  0.00,  0.00,  0.00,  0.0,  0.0,  0.0
1036780.09147480, 44843.940235,    0.0,    2.0, -2.0,  0.00,  0.00,  0.00,  0.0,  0.0,  0.0
1036780.09397480, 44844.461137,    0.0,    2.0, -2.0,  0.00,  0.00,  0.00,  0.0,  0.0,  0.0
1036780.09647480, 44844.092850,    0.0,    2.0, -2.0,  0.00,  0.00,  0.00,  0.0,  0.0,  0.0
1036780.09897480, 44842.835088,    0.0,    2.0, -2.0,  0.00,  0.00,  0.00,  0.0,  0.0,  0.0
1036780.10147480, 44841.577327,    0.0,    2.0, -2.0,  0.00,  0.00,  0.00,  0.0,  0.0,  0.0
1036780.10397480, 44840.096323,    0.0,    2.0, -2.0,  0.00,  0.00,  0.00,  0.0,  0.0,  0.0
1036780.10647480, 44840.463658,    0.0,    2.0, -2.0,  0.00,  0.00,  0.00,  0.0,  0.0,  0.0
1036780.10897480, 44841.344801,    0.0,    2.0, -2.0,  0.00,  0.00,  0.00,  0.0,  0.0,  0.0
1036780.11147480, 44844.065230,    0.0,    2.0, -2.0,  0.00,  0.00,  0.00,  0.0,  0.0,  0.0
1036780.11397480, 44844.582460,    0.0,    2.0, -2.0,  0.00,  0.00,  0.00,  0.0,  0.0,  0.0
1036780.11647480, 44843.347756,    0.0,    2.0, -2.0,  0.00,  0.00,  0.00,  0.0,  0.0,  0.0
1036780.11897480, 44841.153220,    0.0,    2.0, -2.0,  0.00,  0.00,  0.00,  0.0,  0.0,  0.0
1036780.12147480, 44839.682211,    0.0,    2.0, -2.0,  0.00,  0.00,  0.00,  0.0,  0.0,  0.0
1036780.12397480, 44840.203244,    0.0,    2.0, -2.0,  0.00,  0.00,  0.00,  0.0,  0.0,  0.0
1036780.12647480, 44840.915702,    0.0,    2.0, -2.0,  0.00,  0.00,  0.00,  0.0,  0.0,  0.0
1036780.12897480, 44843.220910,    0.0,    2.0, -2.0,  0.00,  0.00,  0.00,  0.0,  0.0,  0.0
1036780.13147480, 44844.043435,    0.0,    2.0, -2.0,  0.00,  0.00,  0.00,  0.0,  0.0,  0.0
1036780.13397480, 44843.208685,    0.0,    2.0, -2.0,  0.00,  0.00,  0.00,  0.0,  0.0,  0.0
1036780.13647480, 44842.754521,    0.0,    2.0, -2.0,  0.00,  0.00,  0.00,  0.0,  0.0,  0.0
1036780.13897480, 44840.721462,    0.0,    2.0, -2.0,  0.00,  0.00,  0.00,  0.0,  0.0,  0.0
1036780.14147480, 44839.775309,    0.0,    2.0, -2.0,  0.00,  0.00,  0.00,  0.0,  0.0,  0.0
1036780.14397480, 44839.925572,    0.0,    2.0, -2.0,  0.00,  0.00,  0.00,  0.0,  0.0,  0.0
1036780.14647480, 44840.805532,    0.0,    2.0, -2.0,  0.00,  0.00,  0.00,  0.0,  0.0,  0.0
1036780.14897480, 44842.566624,    0.0,    2.0, -2.0,  0.00,  0.00,  0.00,  0.0,  0.0,  0.0
1036780.15147480, 44843.571346,    0.0,    2.0, -2.0,  0.00,  0.00,  0.00,  0.0,  0.0,  0.0
1036780.15397480, 44844.351937,    0.0,    2.0, -2.0,  0.00,  0.00,  0.00,  0.0,  0.0,  0.0
1036780.15647480, 44843.756501,    0.0,    2.0, -2.0,  0.00,  0.00,  0.00,  0.0,  0.0,  0.0
1036780.15897480, 44842.907819,    0.0,    2.0, -2.0,  0.00,  0.00,  0.00,  0.0,  0.0,  0.0
1036780.16147480, 44842.198267,    0.0,    2.0, -2.0,  0.00,  0.00,  0.00,  0.0,  0.0,  0.0
1036780.16397480, 44841.681190,    0.0,    2.0, -2.0,  0.00,  0.00,  0.00,  0.0,  0.0,  0.0
1036780.16647480, 44841.541899,    0.0,    2.0, -2.0,  0.00,  0.00,  0.00,  0.0,  0.0,  0.0
1036780.16897480, 44841.402608,    0.0,    2.0, -2.0,  0.00,  0.00,  0.00,  0.0,  0.0,  0.0
1036780.17147480, 44843.694515,    0.0,    2.0, -2.0,  0.00,  0.00,  0.00,  0.0,  0.0,  0.0
1036780.17647480, 44843.667365,    0.0,    2.0, -2.0,  0.00,  0.00,  0.00,  0.0,  0.0,  0.0
1036780.17897480, 44841.955952,    0.0,    2.0, -2.0,  0.00,  0.00,  0.00,  0.0,  0.0,  0.0
1036780.18147480, 44840.693043,    0.0,    2.0, -2.0,  0.00,  0.00,  0.00,  0.0,  0.0,  0.0
1036780.18397480, 44841.248031,    0.0,    2.0, -2.0,  0.00,  0.00,  0.00,  0.0,  0.0,  0.0
1036780.18647480, 44841.599913,    0.0,    2.0, -2.0,  0.00,  0.00,  0.00,  0.0,  0.0,  0.0
1036780.18897480, 44843.791354,    0.0,    2.0, -2.0,  0.00,  0.00,  0.00,  0.0,  0.0,  0.0
1036780.19147480, 44845.020785,    0.0,    2.0, -2.0,  0.00,  0.00,  0.00,  0.0,  0.0,  0.0
1036780.19397480, 44844.529009,    0.0,    2.0, -2.0,  0.00,  0.00,  0.00,  0.0,  0.0,  0.0
1036780.19647480, 44844.208471,    0.0,    2.0, -2.0,  0.00,  0.00,  0.00,  0.0,  0.0,  0.0
1036780.19897480, 44841.820166,    0.0,    2.0, -2.0,  0.00,  0.00,  0.00,  0.0,  0.0,  0.0
1036780.20147480, 44840.560129,    0.0,    2.0, -2.0,  0.00,  0.00,  0.00,  0.0,  0.0,  0.0
1036780.20397480, 44840.846077,    0.0,    2.0, -2.0,  0.00,  0.00,  0.00,  0.0,  0.0,  0.0
1036780.20647480, 44841.406579,    0.0,    2.0, -2.0,  0.00,  0.00,  0.00,  0.0,  0.0,  0.0
1036780.20897480, 44843.913902,    0.0,    2.0, -2.0,  0.00,  0.00,  0.00,  0.0,  0.0,  0.0
1036780.21147480, 44845.117190,    0.0,    2.0, -2.0,  0.00,  0.00,  0.00,  0.0,  0.0,  0.0
1036780.21397480, 44845.080882,    0.0,    2.0, -2.0,  0.00,  0.00,  0.00,  0.0,  0.0,  0.0
1036780.21647480, 44845.032389,    0.0,    2.0, -2.0,  0.00,  0.00,  0.00,  0.0,  0.0,  0.0
1036780.21897480, 44842.006174,    0.0,    2.0, -2.0,  0.00,  0.00,  0.00,  0.0,  0.0,  0.0
1036780.22147480, 44839.996292,    0.0,    2.0, -2.0,  0.00,  0.00,  0.00,  0.0,  0.0,  0.0
1036780.22397480, 44839.996292,    0.0,    2.0, -2.0,  0.00,  0.00,  0.00,  0.0,  0.0,  0.0
1036780.22647480, 44840.301885,    0.0,    2.0, -2.0,  0.00,  0.00,  0.00,  0.0,  0.0,  0.0
1036780.22897480, 44840.793510,    0.0,    2.0, -2.0,  0.00,  0.00,  0.00,  0.0,  0.0,  0.0
1036780.23147480, 44841.383302,    0.0,    2.0, -2.0,  0.00,  0.00,  0.00,  0.0,  0.0,  0.0
1036780.23397480, 44844.774700,    0.0,    2.0, -2.0,  0.00,  0.00,  0.00,  0.0,  0.0,  0.0
1036780.23647480, 44843.166433,    0.0,    2.0, -2.0,  0.00,  0.00,  0.00,  0.0,  0.0,  0.0
1036780.23897480, 44841.496899,    0.0,    2.0, -2.0,  0.00,  0.00,  0.00,  0.0,  0.0,  0.0
1036780.24147480, 44839.939235,    0.0,    2.0, -2.0,  0.00,  0.00,  0.00,  0.0,  0.0,  0.0
1036780.24397480, 44841.000551,    0.0,    2.0, -2.0,  0.00,  0.00,  0.00,  0.0,  0.0,  0.0
1036780.24647480, 44841.471624,    0.0,    2.0, -2.0,  0.00,  0.00,  0.00,  0.0,  0.0,  0.0
1036780.24897480, 44843.425673,    0.0,    2.0, -2.0,  0.00,  0.00,  0.00,  0.0,  0.0,  0.0
1036780.25147480, 44844.554169,    0.0,    2.0, -2.0,  0.00,  0.00,  0.00,  0.0,  0.0,  0.0
1036780.25397480, 44844.149773,    0.0,    2.0, -2.0,  0.00,  0.00,  0.00,  0.0,  0.0,  0.0
1036780.25647480, 44842.677117,    0.0,    2.0, -2.0,  0.00,  0.00,  0.00,  0.0,  0.0,  0.0
1036780.25897480, 44840.586167,    0.0,    2.0, -2.0,  0.00,  0.00,  0.00,  0.0,  0.0,  0.0
1036780.26147480, 44840.188726,    0.0,    2.0, -2.0,  0.00,  0.00,  0.00,  0.0,  0.0,  0.0
1036780.26397480, 44840.309304,    0.0,    2.0, -2.0,  0.00,  0.00,  0.00,  0.0,  0.0,  0.0
1036780.26647480, 44841.787681,    0.0,    2.0, -2.0,  0.00,  0.00,  0.00,  0.0,  0.0,  0.0
1036780.26897480, 44842.805898,    0.0,    2.0, -2.0,  0.00,  0.00,  0.00,  0.0,  0.0,  0.0
1036780.27147480, 44844.742686,    0.0,    2.0, -2.0,  0.00,  0.00,  0.00,  0.0,  0.0,  0.0
1036780.27397480, 44844.642308,    0.0,    2.0, -2.0,  0.00,  0.00,  0.00,  0.0,  0.0,  0.0
1036780.27647480, 44843.063260,    0.0,    2.0, -2.0,  0.00,  0.00,  0.00,  0.0,  0.0,  0.0
1036780.27897480, 44842.211935,    0.0,    2.0, -2.0,  0.00,  0.00,  0.00,  0.0,  0.0,  0.0
1036780.28147480, 44841.360610,    0.0,    2.0, -2.0,  0.00,  0.00,  0.00,  0.0,  0.0,  0.0
1036780.28397480, 44839.921901,    0.0,    2.0, -2.0,  0.00,  0.00,  0.00,  0.0,  0.0,  0.0
1036780.28647480, 44840.286706,    0.0,    2.0, -2.0,  0.00,  0.00,  0.00,  0.0,  0.0,  0.0
1036780.28897480, 44840.651511,    0.0,    2.0, -2.0,  0.00,  0.00,  0.00,  0.0,  0.0,  0.0
1036780.29147480, 44842.961013,    0.0,    2.0, -2.0,  0.00,  0.00,  0.00,  0.0,  0.0,  0.0
1036780.29397480, 44844.022906,    0.0,    2.0, -2.0,  0.00,  0.00,  0.00,  0.0,  0.0,  0.0
1036780.29647480, 44843.640267,    0.0,    2.0, -2.0,  0.00,  0.00,  0.00,  0.0,  0.0,  0.0
1036780.29897480, 44842.079325,    0.0,    2.0, -2.0,  0.00,  0.00,  0.00,  0.0,  0.0,  0.0
1036780.30147480, 44840.073399,    0.0,    2.0, -2.0,  0.00,  0.00,  0.00,  0.0,  0.0,  0.0
1036780.30397480, 44840.302571,    0.0,    2.0, -2.0,  0.00,  0.00,  0.00,  0.0,  0.0,  0.0
1036780.30647480, 44842.378461,    0.0,    2.0, -2.0,  0.00,  0.00,  0.00,  0.0,  0.0,  0.0
1036780.30897480, 44844.306951,    0.0,    2.0, -2.0,  0.00,  0.00,  0.00,  0.0,  0.0,  0.0
1036780.31147480, 44844.627628,    0.0,    2.0, -2.0,  0.00,  0.00,  0.00,  0.0,  0.0,  0.0
1036780.31397480, 44844.788954,    0.0,    2.0, -2.0,  0.00,  0.00,  0.00,  0.0,  0.0,  0.0
1036780.31647480, 44842.798476,    0.0,    2.0, -2.0,  0.00,  0.00,  0.00,  0.0,  0.0,  0.0
1036780.31897480, 44840.969841,    0.0,    2.0, -2.0,  0.00,  0.00,  0.00,  0.0,  0.0,  0.0
1036780.32147480, 44840.683898,    0.0,    2.0, -2.0,  0.00,  0.00,  0.00,  0.0,  0.0,  0.0
1036780.32397480, 44840.564274,    0.0,    2.0, -2.0,  0.00,  0.00,  0.00,  0.0,  0.0,  0.0
1036780.32647480, 44841.580958,    0.0,    2.0, -2.0,  0.00,  0.00,  0.00,  0.0,  0.0,  0.0
1036780.32897480, 44843.471472,    0.0,    2.0, -2.0,  0.00,  0.00,  0.00,  0.0,  0.0,  0.0
1036780.33147480, 44844.397960,    0.0,    2.0, -2.0,  0.00,  0.00,  0.00,  0.0,  0.0,  0.0
1036780.33397480, 44844.850285,    0.0,    2.0, -2.0,  0.00,  0.00,  0.00,  0.0,  0.0,  0.0
1036780.33647480, 44844.091752,    0.0,    2.0, -2.0,  0.00,  0.00,  0.00,  0.0,  0.0,  0.0
1036780.33897480, 44842.990988,    0.0,    2.0, -2.0,  0.00,  0.00,  0.00,  0.0,  0.0,  0.0
1036780.34147480, 44841.822306,    0.0,    2.0, -2.0,  0.00,  0.00,  0.00,  0.0,  0.0,  0.0
1036780.34397480, 44840.777567,    0.0,    2.0, -2.0,  0.00,  0.00,  0.00,  0.0,  0.0,  0.0
1036780.34647480, 44841.562599,    0.0,    2.0, -2.0,  0.00,  0.00,  0.00,  0.0,  0.0,  0.0
1036780.34897480, 44842.715271,    0.0,    2.0, -2.0,  0.00,  0.00,  0.00,  0.0,  0.0,  0.0
1036780.35147480, 44845.158853,    0.0,    2.0, -2.0,  0.00,  0.00,  0.00,  0.0,  0.0,  0.0
1036780.35397480, 44845.370490,    0.0,    2.0, -2.0,  0.00,  0.00,  0.00,  0.0,  0.0,  0.0
1036780.35647480, 44844.539503,    0.0,    2.0, -2.0,  0.00,  0.00,  0.00,  0.0,  0.0,  0.0
1036780.35897480, 44843.134957,    0.0,    2.0, -2.0,  0.00,  0.00,  0.00,  0.0,  0.0,  0.0
1036780.36397480, 44840.669985,    0.0,    2.0, -2.0,  0.00,  0.00,  0.00,  0.0,  0.0,  0.0
1036780.36647480, 44841.889550,    0.0,    2.0, -2.0,  0.00,  0.00,  0.00,  0.0,  0.0,  0.0
1036780.36897480, 44843.820971,    0.0,    2.0, -2.0,  0.00,  0.00,  0.00,  0.0,  0.0,  0.0
1036780.37147480, 44844.703675,    0.0,    2.0, -2.0,  0.00,  0.00,  0.00,  0.0,  0.0,  0.0
1036780.37397480, 44844.286112,    0.0,    2.0, -2.0,  0.00,  0.00,  0.00,  0.0,  0.0,  0.0
1036780.37647480, 44842.555323,    0.0,    2.0, -2.0,  0.00,  0.00,  0.00,  0.0,  0.0,  0.0
1036780.37897480, 44840.873188,    0.0,    2.0, -2.0,  0.00,  0.00,  0.00,  0.0,  0.0,  0.0
1036780.38147480, 44840.186947,    0.0,    2.0, -2.0,  0.00,  0.00,  0.00,  0.0,  0.0,  0.0
1036780.38397480, 44840.124582,    0.0,    2.0, -2.0,  0.00,  0.00,  0.00,  0.0,  0.0,  0.0
1036780.38647480, 44841.230009,    0.0,    2.0, -2.0,  0.00,  0.00,  0.00,  0.0,  0.0,  0.0
1036780.38897480, 44843.084007,    0.0,    2.0, -2.0,  0.00,  0.00,  0.00,  0.0,  0.0,  0.0
1036780.39147480, 44843.515869,    0.0,    2.0, -2.0,  0.00,  0.00,  0.00,  0.0,  0.0,  0.0
1036780.39397480, 44843.947731,    0.0,    2.0, -2.0,  0.00,  0.00,  0.00,  0.0,  0.0,  0.0
1036780.39647480, 44842.270920,    0.0,    2.0, -2.0,  0.00,  0.00,  0.00,  0.0,  0.0,  0.0
1036780.39897480, 44841.332643,    0.0,    2.0, -2.0,  0.00,  0.00,  0.00,  0.0,  0.0,  0.0
1036780.40147480, 44840.785265,    0.0,    2.0, -2.0,  0.00,  0.00,  0.00,  0.0,  0.0,  0.0
1036780.40397480, 44840.067788,    0.0,    2.0, -2.0,  0.00,  0.00,  0.00,  0.0,  0.0,  0.0
1036780.40647480, 44841.344859,    0.0,    2.0, -2.0,  0.00,  0.00,  0.00,  0.0,  0.0,  0.0
1036780.40897480, 44843.008874,    0.0,    2.0, -2.0,  0.00,  0.00,  0.00,  0.0,  0.0,  0.0
1036780.41147480, 44843.509245,    0.0,    2.0, -2.0,  0.00,  0.00,  0.00,  0.0,  0.0,  0.0
1036780.41397480, 44844.009615,    0.0,    2.0, -2.0,  0.00,  0.00,  0.00,  0.0,  0.0,  0.0
1036780.41647480, 44843.778923,    0.0,    2.0, -2.0,  0.00,  0.00,  0.00,  0.0,  0.0,  0.0
1036780.41897480, 44842.865572,    0.0,    2.0, -2.0,  0.00,  0.00,  0.00,  0.0,  0.0,  0.0
1036780.42147480, 44841.952222,    0.0,    2.0, -2.0,  0.00,  0.00,  0.00,  0.0,  0.0,  0.0
1036780.42397480, 44840.876385,    0.0,    2.0, -2.0,  0.00,  0.00,  0.00,  0.0,  0.0,  0.0
1036780.42647480, 44841.191923,    0.0,    2.0, -2.0,  0.00,  0.00,  0.00,  0.0,  0.0,  0.0
1036780.42897480, 44843.273761,    0.0,    2.0, -2.0,  0.00,  0.00,  0.00,  0.0,  0.0,  0.0
1036780.43147480, 44844.868449,    0.0,    2.0, -2.0,  0.00,  0.00,  0.00,  0.0,  0.0,  0.0
1036780.43397480, 44844.505254,    0.0,    2.0, -2.0,  0.00,  0.00,  0.00,  0.0,  0.0,  0.0
1036780.43647480, 44842.047304,    0.0,    2.0, -2.0,  0.00,  0.00,  0.00,  0.0,  0.0,  0.0
1036780.43897480, 44841.215044,    0.0,    2.0, -2.0,  0.00,  0.00,  0.00,  0.0,  0.0,  0.0
1036780.44147480, 44840.169384,    0.0,    2.0, -2.0,  0.00,  0.00,  0.00,  0.0,  0.0,  0.0
1036780.44397480, 44840.493388,    0.0,    2.0, -2.0,  0.00,  0.00,  0.00,  0.0,  0.0,  0.0
1036780.44647480, 44842.710996,    0.0,    2.0, -2.0,  0.00,  0.00,  0.00,  0.0,  0.0,  0.0
1036780.44897480, 44843.470805,    0.0,    2.0, -2.0,  0.00,  0.00,  0.00,  0.0,  0.0,  0.0
1036780.45147480, 44845.075835,    0.0,    2.0, -2.0,  0.00,  0.00,  0.00,  0.0,  0.0,  0.0
1036780.45397480, 44844.640746,    0.0,    2.0, -2.0,  0.00,  0.00,  0.00,  0.0,  0.0,  0.0
1036780.45647480, 44843.171082,    0.0,    2.0, -2.0,  0.00,  0.00,  0.00,  0.0,  0.0,  0.0
1036780.45897480, 44840.790492,    0.0,    2.0, -2.0,  0.00,  0.00,  0.00,  0.0,  0.0,  0.0
1036780.46147480, 44839.779688,    0.0,    2.0, -2.0,  0.00,  0.00,  0.00,  0.0,  0.0,  0.0
1036780.46397480, 44839.753806,    0.0,    2.0, -2.0,  0.00,  0.00,  0.00,  0.0,  0.0,  0.0
1036780.46647480, 44839.727925,    0.0,    2.0, -2.0,  0.00,  0.00,  0.00,  0.0,  0.0,  0.0
1036780.46897480, 44840.514447,    0.0,    2.0, -2.0,  0.00,  0.00,  0.00,  0.0,  0.0,  0.0
1036780.47147480, 44844.230020,    0.0,    2.0, -2.0,  0.00,  0.00,  0.00,  0.0,  0.0,  0.0
1036780.47397480, 44844.115772,    0.0,    2.0, -2.0,  0.00,  0.00,  0.00,  0.0,  0.0,  0.0
1036780.47647480, 44843.380593,    0.0,    2.0, -2.0,  0.00,  0.00,  0.00,  0.0,  0.0,  0.0
1036780.47897480, 44842.749159,    0.0,    2.0, -2.0,  0.00,  0.00,  0.00,  0.0,  0.0,  0.0
1036780.48147480, 44842.195950,    0.0,    2.0, -2.0,  0.00,  0.00,  0.00,  0.0,  0.0,  0.0
1036780.48397480, 44841.642740,    0.0,    2.0, -2.0,  0.00,  0.00,  0.00,  0.0,  0.0,  0.0
1036780.48647480, 44841.089531,    0.0,    2.0, -2.0,  0.00,  0.00,  0.00,  0.0,  0.0,  0.0
1036780.48897480, 44842.452943,    0.0,    2.0, -2.0,  0.00,  0.00,  0.00,  0.0,  0.0,  0.0
1036780.49147480, 44843.485751,    0.0,    2.0, -2.0,  0.00,  0.00,  0.00,  0.0,  0.0,  0.0
1036780.49397480, 44844.030902,    0.0,    2.0, -2.0,  0.00,  0.00,  0.00,  0.0,  0.0,  0.0
1036780.49647480, 44844.576054,    0.0,    2.0, -2.0,  0.00,  0.00,  0.00,  0.0,  0.0,  0.0
1036780.49897480, 44841.941908,    0.0,    2.0, -2.0,  0.00,  0.00,  0.00,  0.0,  0.0,  0.0
1036780.50147480, 44840.431079,    0.0,    2.0, -2.0,  0.00,  0.00,  0.00,  0.0,  0.0,  0.0
1036780.50397480, 44840.728606,    0.0,    2.0, -2.0,  0.00,  0.00,  0.00,  0.0,  0.0,  0.0
1036780.50647480, 44842.391466,    0.0,    2.0, -2.0,  0.00,  0.00,  0.00,  0.0,  0.0,  0.0
1036780.50897480, 44842.914883,    0.0,    2.0, -2.0,  0.00,  0.00,  0.00,  0.0,  0.0,  0.0
1036780.51147480, 44844.763826,    0.0,    2.0, -2.0,  0.00,  0.00,  0.00,  0.0,  0.0,  0.0
1036780.51397480, 44845.006994,    0.0,    2.0, -2.0,  0.00,  0.00,  0.00,  0.0,  0.0,  0.0
1036780.51647480, 44843.293287,    0.0,    2.0, -2.0,  0.00,  0.00,  0.00,  0.0,  0.0,  0.0
1036780.51897480, 44841.194428,    0.0,    2.0, -2.0,  0.00,  0.00,  0.00,  0.0,  0.0,  0.0
1036780.52147480, 44840.465666,    0.0,    2.0, -2.0,  0.00,  0.00,  0.00,  0.0,  0.0,  0.0
1036780.52397480, 44840.488069,    0.0,    2.0, -2.0,  0.00,  0.00,  0.00,  0.0,  0.0,  0.0
1036780.52647480, 44841.465065,    0.0,    2.0, -2.0,  0.00,  0.00,  0.00,  0.0,  0.0,  0.0
1036780.52897480, 44842.426349,    0.0,    2.0, -2.0,  0.00,  0.00,  0.00,  0.0,  0.0,  0.0
1036780.53147480, 44843.376867,    0.0,    2.0, -2.0,  0.00,  0.00,  0.00,  0.0,  0.0,  0.0
1036780.53397480, 44844.527640,    0.0,    2.0, -2.0,  0.00,  0.00,  0.00,  0.0,  0.0,  0.0
1036780.53647480, 44844.085389,    0.0,    2.0, -2.0,  0.00,  0.00,  0.00,  0.0,  0.0,  0.0
1036780.53897480, 44841.852525,    0.0,    2.0, -2.0,  0.00,  0.00,  0.00,  0.0,  0.0,  0.0
1036780.54147480, 44840.700428,    0.0,    2.0, -2.0,  0.00,  0.00,  0.00,  0.0,  0.0,  0.0
1036780.54397480, 44840.431709,    0.0,    2.0, -2.0,  0.00,  0.00,  0.00,  0.0,  0.0,  0.0
1036780.54647480, 44840.441951,    0.0,    2.0, -2.0,  0.00,  0.00,  0.00,  0.0,  0.0,  0.0
1036780.54897480, 44840.452193,    0.0,    2.0, -2.0,  0.00,  0.00,  0.00,  0.0,  0.0,  0.0
1036780.55147480, 44842.830232,    0.0,    2.0, -2.0,  0.00,  0.00,  0.00,  0.0,  0.0,  0.0
1036780.55397480, 44844.568859,    0.0,    2.0, -2.0,  0.00,  0.00,  0.00,  0.0,  0.0,  0.0
1036780.55647480, 44844.192152,    0.0,    2.0, -2.0,  0.00,  0.00,  0.00,  0.0,  0.0,  0.0
1036780.55897480, 44843.815445,    0.0,    2.0, -2.0,  0.00,  0.00,  0.00,  0.0,  0.0,  0.0
1036780.56147480, 44841.878097,    0.0,    2.0, -2.0,  0.00,  0.00,  0.00,  0.0,  0.0,  0.0
1036780.56397480, 44840.349089,    0.0,    2.0, -2.0,  0.00,  0.00,  0.00,  0.0,  0.0,  0.0
1036780.56647480, 44840.349089,    0.0,    2.0, -2.0,  0.00,  0.00,  0.00,  0.0,  0.0,  0.0
1036780.56897480, 44841.076355,    0.0,    2.0, -2.0,  0.00,  0.00,  0.00,  0.0,  0.0,  0.0
1036780.57147480, 44842.610156,    0.0,    2.0, -2.0,  0.00,  0.00,  0.00,  0.0,  0.0,  0.0
1036780.57397480, 44844.143958,    0.0,    2.0, -2.0,  0.00,  0.00,  0.00,  0.0,  0.0,  0.0
1036780.57647480, 44843.630492,    0.0,    2.0, -2.0,  0.00,  0.00,  0.00,  0.0,  0.0,  0.0
1036780.57897480, 44841.327786,    0.0,    2.0, -2.0,  0.00,  0.00,  0.00,  0.0,  0.0,  0.0
1036780.58147480, 44840.075444,    0.0,    2.0, -2.0,  0.00,  0.00,  0.00,  0.0,  0.0,  0.0
1036780.58397480, 44839.862786,    0.0,    2.0, -2.0,  0.00,  0.00,  0.00,  0.0,  0.0,  0.0
1036780.58647480, 44840.807979,    0.0,    2.0, -2.0,  0.00,  0.00,  0.00,  0.0,  0.0,  0.0
1036780.58897480, 44842.619253,    0.0,    2.0, -2.0,  0.00,  0.00,  0.00,  0.0,  0.0,  0.0
1036780.59147480, 44844.521821,    0.0,    2.0, -2.0,  0.00,  0.00,  0.00,  0.0,  0.0,  0.0
1036780.59397480, 44844.478153,    0.0,    2.0, -2.0,  0.00,  0.00,  0.00,  0.0,  0.0,  0.0
1036780.59647480, 44844.072607,    0.0,    2.0, -2.0,  0.00,  0.00,  0.00,  0.0,  0.0,  0.0
1036780.59897480, 44843.645901,    0.0,    2.0, -2.0,  0.00,  0.00,  0.00,  0.0,  0.0,  0.0
1036780.60147480, 44842.744228,    0.0,    2.0, -2.0,  0.00,  0.00,  0.00,  0.0,  0.0,  0.0
1036780.60397480, 44840.068152,    0.0,    2.0, -2.0,  0.00,  0.00,  0.00,  0.0,  0.0,  0.0
1036780.60647480, 44840.399971,    0.0,    2.0, -2.0,  0.00,  0.00,  0.00,  0.0,  0.0,  0.0
1036780.60897480, 44840.731791,    0.0,    2.0, -2.0,  0.00,  0.00,  0.00,  0.0,  0.0,  0.0
1036780.61147480, 44841.790170,    0.0,    2.0, -2.0,  0.00,  0.00,  0.00,  0.0,  0.0,  0.0
1036780.61397480, 44843.109540,    0.0,    2.0, -2.0,  0.00,  0.00,  0.00,  0.0,  0.0,  0.0
1036780.61647480, 44844.428909,    0.0,    2.0, -2.0,  0.00,  0.00,  0.00,  0.0,  0.0,  0.0
1036780.61897480, 44842.341664,    0.0,    2.0, -2.0,  0.00,  0.00,  0.00,  0.0,  0.0,  0.0
1036780.62147480, 44840.094779,    0.0,    2.0, -2.0,  0.00,  0.00,  0.00,  0.0,  0.0,  0.0
1036780.62397480, 44839.893865,    0.0,    2.0, -2.0,  0.00,  0.00,  0.00,  0.0,  0.0,  0.0
1036780.62647480, 44841.376457,    0.0,    2.0, -2.0,  0.00,  0.00,  0.00,  0.0,  0.0,  0.0
1036780.62897480, 44842.980387,    0.0,    2.0, -2.0,  0.00,  0.00,  0.00,  0.0,  0.0,  0.0
1036780.63147480, 44844.780677,    0.0,    2.0, -2.0,  0.00,  0.00,  0.00,  0.0,  0.0,  0.0
1036780.63397480, 44843.979322,    0.0,    2.0, -2.0,  0.00,  0.00,  0.00,  0.0,  0.0,  0.0
1036780.63647480, 44842.353916,    0.0,    2.0, -2.0,  0.00,  0.00,  0.00,  0.0,  0.0,  0.0
1036780.63897480, 44840.843418,    0.0,    2.0, -2.0,  0.00,  0.00,  0.00,  0.0,  0.0,  0.0
1036780.64147480, 44840.304399,    0.0,    2.0, -2.0,  0.00,  0.00,  0.00,  0.0,  0.0,  0.0
1036780.64397480, 44840.432438,    0.0,    2.0, -2.0,  0.00,  0.00,  0.00,  0.0,  0.0,  0.0
1036780.64647480, 44842.006634,    0.0,    2.0, -2.0,  0.00,  0.00,  0.00,  0.0,  0.0,  0.0
1036780.64897480, 44842.661501,    0.0,    2.0, -2.0,  0.00,  0.00,  0.00,  0.0,  0.0,  0.0
1036780.65147480, 44843.477304,    0.0,    2.0, -2.0,  0.00,  0.00,  0.00,  0.0,  0.0,  0.0
1036780.65397480, 44844.809512,    0.0,    2.0, -2.0,  0.00,  0.00,  0.00,  0.0,  0.0,  0.0
1036780.65647480, 44843.256351,    0.0,    2.0, -2.0,  0.00,  0.00,  0.00,  0.0,  0.0,  0.0
1036780.65897480, 44841.488910,    0.0,    2.0, -2.0,  0.00,  0.00,  0.00,  0.0,  0.0,  0.0
1036780.66147480, 44840.202540,    0.0,    2.0, -2.0,  0.00,  0.00,  0.00,  0.0,  0.0,  0.0
1036780.66397480, 44840.233574,    0.0,    2.0, -2.0,  0.00,  0.00,  0.00,  0.0,  0.0,  0.0
1036780.66647480, 44840.301667,    0.0,    2.0, -2.0,  0.00,  0.00,  0.00,  0.0,  0.0,  0.0
1036780.66897480, 44841.091061,    0.0,    2.0, -2.0,  0.00,  0.00,  0.00,  0.0,  0.0,  0.0
1036780.67147480, 44845.023610,    0.0,    2.0, -2.0,  0.00,  0.00,  0.00,  0.0,  0.0,  0.0
1036780.67397480, 44844.880694,    0.0,    2.0, -2.0,  0.00,  0.00,  0.00,  0.0,  0.0,  0.0
1036780.67647480, 44844.181396,    0.0,    2.0, -2.0,  0.00,  0.00,  0.00,  0.0,  0.0,  0.0
1036780.67897480, 44842.381792,    0.0,    2.0, -2.0,  0.00,  0.00,  0.00,  0.0,  0.0,  0.0
1036780.68147480, 44841.026419,    0.0,    2.0, -2.0,  0.00,  0.00,  0.00,  0.0,  0.0,  0.0
1036780.68397480, 44841.098295,    0.0,    2.0, -2.0,  0.00,  0.00,  0.00,  0.0,  0.0,  0.0
1036780.68647480, 44841.493005,    0.0,    2.0, -2.0,  0.00,  0.00,  0.00,  0.0,  0.0,  0.0
1036780.68897480, 44843.234216,    0.0,    2.0, -2.0,  0.00,  0.00,  0.00,  0.0,  0.0,  0.0
1036780.69147480, 44844.720235,    0.0,    2.0, -2.0,  0.00,  0.00,  0.00,  0.0,  0.0,  0.0
1036780.69397480, 44844.882250,    0.0,    2.0, -2.0,  0.00,  0.00,  0.00,  0.0,  0.0,  0.0
1036780.69647480, 44843.203920,    0.0,    2.0, -2.0,  0.00,  0.00,  0.00,  0.0,  0.0,  0.0
1036780.69897480, 44841.629149,    0.0,    2.0, -2.0,  0.00,  0.00,  0.00,  0.0,  0.0,  0.0
1036780.70147480, 44840.485550,    0.0,    2.0, -2.0,  0.00,  0.00,  0.00,  0.0,  0.0,  0.0
1036780.70397480, 44840.662008,    0.0,    2.0, -2.0,  0.00,  0.00,  0.00,  0.0,  0.0,  0.0
1036780.70647480, 44841.939231,    0.0,    2.0, -2.0,  0.00,  0.00,  0.00,  0.0,  0.0,  0.0
1036780.70897480, 44843.462093,    0.0,    2.0, -2.0,  0.00,  0.00,  0.00,  0.0,  0.0,  0.0
1036780.71147480, 44844.040505,    0.0,    2.0, -2.0,  0.00,  0.00,  0.00,  0.0,  0.0,  0.0
1036780.71397480, 44844.319554,    0.0,    2.0, -2.0,  0.00,  0.00,  0.00,  0.0,  0.0,  0.0
1036780.71647480, 44843.162987,    0.0,    2.0, -2.0,  0.00,  0.00,  0.00,  0.0,  0.0,  0.0
1036780.71897480, 44841.935140,    0.0,    2.0, -2.0,  0.00,  0.00,  0.00,  0.0,  0.0,  0.0
1036780.72147480, 44840.739432,    0.0,    2.0, -2.0,  0.00,  0.00,  0.00,  0.0,  0.0,  0.0
1036780.72397480, 44840.213067,    0.0,    2.0, -2.0,  0.00,  0.00,  0.00,  0.0,  0.0,  0.0
1036780.72647480, 44840.546510,    0.0,    2.0, -2.0,  0.00,  0.00,  0.00,  0.0,  0.0,  0.0
1036780.72897480, 44840.879953,    0.0,    2.0, -2.0,  0.00,  0.00,  0.00,  0.0,  0.0,  0.0
1036780.73147480, 44843.780903,    0.0,    2.0, -2.0,  0.00,  0.00,  0.00,  0.0,  0.0,  0.0
1036780.73397480, 44844.643564,    0.0,    2.0, -2.0,  0.00,  0.00,  0.00,  0.0,  0.0,  0.0
1036780.73647480, 44844.530921,    0.0,    2.0, -2.0,  0.00,  0.00,  0.00,  0.0,  0.0,  0.0
1036780.73897480, 44841.236443,    0.0,    2.0, -2.0,  0.00,  0.00,  0.00,  0.0,  0.0,  0.0
1036780.74147480, 44840.064111,    0.0,    2.0, -2.0,  0.00,  0.00,  0.00,  0.0,  0.0,  0.0
1036780.74397480, 44839.893771,    0.0,    2.0, -2.0,  0.00,  0.00,  0.00,  0.0,  0.0,  0.0
1036780.74647480, 44840.882599,    0.0,    2.0, -2.0,  0.00,  0.00,  0.00,  0.0,  0.0,  0.0
1036780.74897480, 44843.076136,    0.0,    2.0, -2.0,  0.00,  0.00,  0.00,  0.0,  0.0,  0.0
1036780.75147480, 44844.505130,    0.0,    2.0, -2.0,  0.00,  0.00,  0.00,  0.0,  0.0,  0.0
1036780.75397480, 44843.564818,    0.0,    2.0, -2.0,  0.00,  0.00,  0.00,  0.0,  0.0,  0.0
1036780.75647480, 44843.053863,    0.0,    2.0, -2.0,  0.00,  0.00,  0.00,  0.0,  0.0,  0.0
1036780.75897480, 44840.663541,    0.0,    2.0, -2.0,  0.00,  0.00,  0.00,  0.0,  0.0,  0.0
1036780.76147480, 44839.527862,    0.0,    2.0, -2.0,  0.00,  0.00,  0.00,  0.0,  0.0,  0.0
1036780.76397480, 44840.952801,    0.0,    2.0, -2.0,  0.00,  0.00,  0.00,  0.0,  0.0,  0.0
1036780.76647480, 44841.578532,    0.0,    2.0, -2.0,  0.00,  0.00,  0.00,  0.0,  0.0,  0.0
1036780.76897480, 44841.636516,    0.0,    2.0, -2.0,  0.00,  0.00,  0.00,  0.0,  0.0,  0.0
1036780.77147480, 44845.260055,    0.0,    2.0, -2.0,  0.00,  0.00,  0.00,  0.0,  0.0,  0.0
1036780.77397480, 44845.333250,    0.0,    2.0, -2.0,  0.00,  0.00,  0.00,  0.0,  0.0,  0.0
1036780.77647480, 44844.836868,    0.0,    2.0, -2.0,  0.00,  0.00,  0.00,  0.0,  0.0,  0.0
1036780.77897480, 44844.340487,    0.0,    2.0, -2.0,  0.00,  0.00,  0.00,  0.0,  0.0,  0.0
1036780.78147480, 44840.586600,    0.0,    2.0, -2.0,  0.00,  0.00,  0.00,  0.0,  0.0,  0.0
1036780.78397480, 44840.628444,    0.0,    2.0, -2.0,  0.00,  0.00,  0.00,  0.0,  0.0,  0.0
1036780.78647480, 44840.670289,    0.0,    2.0, -2.0,  0.00,  0.00,  0.00,  0.0,  0.0,  0.0
1036780.78897480, 44843.134184,    0.0,    2.0, -2.0,  0.00,  0.00,  0.00,  0.0,  0.0,  0.0
1036780.79147480, 44845.606284,    0.0,    2.0, -2.0,  0.00,  0.00,  0.00,  0.0,  0.0,  0.0
1036780.79397480, 44845.444030,    0.0,    2.0, -2.0,  0.00,  0.00,  0.00,  0.0,  0.0,  0.0
1036780.79647480, 44843.854738,    0.0,    2.0, -2.0,  0.00,  0.00,  0.00,  0.0,  0.0,  0.0
1036780.79897480, 44841.355862,    0.0,    2.0, -2.0,  0.00,  0.00,  0.00,  0.0,  0.0,  0.0
1036780.80147480, 44840.787412,    0.0,    2.0, -2.0,  0.00,  0.00,  0.00,  0.0,  0.0,  0.0
1036780.80397480, 44840.925243,    0.0,    2.0, -2.0,  0.00,  0.00,  0.00,  0.0,  0.0,  0.0
1036780.80647480, 44842.751706,    0.0,    2.0, -2.0,  0.00,  0.00,  0.00,  0.0,  0.0,  0.0
1036780.80897480, 44844.564778,    0.0,    2.0, -2.0,  0.00,  0.00,  0.00,  0.0,  0.0,  0.0
1036780.81147480, 44844.860610,    0.0,    2.0, -2.0,  0.00,  0.00,  0.00,  0.0,  0.0,  0.0
1036780.81397480, 44844.836074,    0.0,    2.0, -2.0,  0.00,  0.00,  0.00,  0.0,  0.0,  0.0
1036780.81647480, 44842.597002,    0.0,    2.0, -2.0,  0.00,  0.00,  0.00,  0.0,  0.0,  0.0
1036780.81897480, 44840.241796,    0.0,    2.0, -2.0,  0.00,  0.00,  0.00,  0.0,  0.0,  0.0
1036780.82147480, 44839.814390,    0.0,    2.0, -2.0,  0.00,  0.00,  0.00,  0.0,  0.0,  0.0
1036780.82397480, 44840.076805,    0.0,    2.0, -2.0,  0.00,  0.00,  0.00,  0.0,  0.0,  0.0
1036780.82647480, 44842.243961,    0.0,    2.0, -2.0,  0.00,  0.00,  0.00,  0.0,  0.0,  0.0
1036780.82897480, 44843.565874,    0.0,    2.0, -2.0,  0.00,  0.00,  0.00,  0.0,  0.0,  0.0
1036780.83147480, 44844.214503,    0.0,    2.0, -2.0,  0.00,  0.00,  0.00,  0.0,  0.0,  0.0
1036780.83397480, 44844.131614,    0.0,    2.0, -2.0,  0.00,  0.00,  0.00,  0.0,  0.0,  0.0
1036780.83647480, 44843.064492,    0.0,    2.0, -2.0,  0.00,  0.00,  0.00,  0.0,  0.0,  0.0
1036780.83897480, 44842.117197,    0.0,    2.0, -2.0,  0.00,  0.00,  0.00,  0.0,  0.0,  0.0
1036780.84147480, 44841.171108,    0.0,    2.0, -2.0,  0.00,  0.00,  0.00,  0.0,  0.0,  0.0
1036780.84397480, 44839.586529,    0.0,    2.0, -2.0,  0.00,  0.00,  0.00,  0.0,  0.0,  0.0
1036780.84647480, 44840.148471,    0.0,    2.0, -2.0,  0.00,  0.00,  0.00,  0.0,  0.0,  0.0
1036780.84897480, 44840.710414,    0.0,    2.0, -2.0,  0.00,  0.00,  0.00,  0.0,  0.0,  0.0
1036780.85147480, 44843.921976,    0.0,    2.0, -2.0,  0.00,  0.00,  0.00,  0.0,  0.0,  0.0
1036780.85397480, 44844.167200,    0.0,    2.0, -2.0,  0.00,  0.00,  0.00,  0.0,  0.0,  0.0
1036780.85647480, 44844.039336,    0.0,    2.0, -2.0,  0.00,  0.00,  0.00,  0.0,  0.0,  0.0
1036780.85897480, 44841.338137,    0.0,    2.0, -2.0,  0.00,  0.00,  0.00,  0.0,  0.0,  0.0
1036780.86147480, 44839.866400,    0.0,    2.0, -2.0,  0.00,  0.00,  0.00,  0.0,  0.0,  0.0
1036780.86397480, 44840.084795,    0.0,    2.0, -2.0,  0.00,  0.00,  0.00,  0.0,  0.0,  0.0
1036780.86647480, 44841.910412,    0.0,    2.0, -2.0,  0.00,  0.00,  0.00,  0.0,  0.0,  0.0
1036780.86897480, 44844.050727,    0.0,    2.0, -2.0,  0.00,  0.00,  0.00,  0.0,  0.0,  0.0
1036780.87147480, 44844.390688,    0.0,    2.0, -2.0,  0.00,  0.00,  0.00,  0.0,  0.0,  0.0
1036780.87397480, 44844.097523,    0.0,    2.0, -2.0,  0.00,  0.00,  0.00,  0.0,  0.0,  0.0
1036780.87647480, 44842.260795,    0.0,    2.0, -2.0,  0.00,  0.00,  0.00,  0.0,  0.0,  0.0
1036780.87897480, 44841.010602,    0.0,    2.0, -2.0,  0.00,  0.00,  0.00,  0.0,  0.0,  0.0
1036780.88147480, 44840.466688,    0.0,    2.0, -2.0,  0.00,  0.00,  0.00,  0.0,  0.0,  0.0
1036780.88397480, 44840.883457,    0.0,    2.0, -2.0,  0.00,  0.00,  0.00,  0.0,  0.0,  0.0
1036780.88647480, 44842.979581,    0.0,    2.0, -2.0,  0.00,  0.00,  0.00,  0.0,  0.0,  0.0
1036780.88897480, 44844.819655,    0.0,    2.0, -2.0,  0.00,  0.00,  0.00,  0.0,  0.0,  0.0
1036780.89147480, 44845.071195,    0.0,    2.0, -2.0,  0.00,  0.00,  0.00,  0.0,  0.0,  0.0
1036780.89397480, 44844.681638,    0.0,    2.0, -2.0,  0.00,  0.00,  0.00,  0.0,  0.0,  0.0
1036780.89647480, 44843.490238,    0.0,    2.0, -2.0,  0.00,  0.00,  0.00,  0.0,  0.0,  0.0
1036780.89897480, 44841.543060,    0.0,    2.0, -2.0,  0.00,  0.00,  0.00,  0.0,  0.0,  0.0
1036780.90147480, 44840.772274,    0.0,    2.0, -2.0,  0.00,  0.00,  0.00,  0.0,  0.0,  0.0
1036780.90397480, 44840.825462,    0.0,    2.0, -2.0,  0.00,  0.00,  0.00,  0.0,  0.0,  0.0
1036780.90647480, 44842.168724,    0.0,    2.0, -2.0,  0.00,  0.00,  0.00,  0.0,  0.0,  0.0
1036780.90897480, 44843.456583,    0.0,    2.0, -2.0,  0.00,  0.00,  0.00,  0.0,  0.0,  0.0
1036780.91147480, 44843.966504,    0.0,    2.0, -2.0,  0.00,  0.00,  0.00,  0.0,  0.0,  0.0
1036780.91397480, 44844.476425,    0.0,    2.0, -2.0,  0.00,  0.00,  0.00,  0.0,  0.0,  0.0
1036780.91647480, 44844.243900,    0.0,    2.0, -2.0,  0.00,  0.00,  0.00,  0.0,  0.0,  0.0
1036780.91897480, 44843.563928,    0.0,    2.0, -2.0,  0.00,  0.00,  0.00,  0.0,  0.0,  0.0
1036780.92147480, 44841.489004,    0.0,    2.0, -2.0,  0.00,  0.00,  0.00,  0.0,  0.0,  0.0
1036780.92397480, 44841.237471,    0.0,    2.0, -2.0,  0.00,  0.00,  0.00,  0.0,  0.0,  0.0
1036780.92647480, 44842.158297,    0.0,    2.0, -2.0,  0.00,  0.00,  0.00,  0.0,  0.0,  0.0
1036780.92897480, 44843.070416,    0.0,    2.0, -2.0,  0.00,  0.00,  0.00,  0.0,  0.0,  0.0
1036780.93147480, 44844.563596,    0.0,    2.0, -2.0,  0.00,  0.00,  0.00,  0.0,  0.0,  0.0
1036780.93397480, 44844.506293,    0.0,    2.0, -2.0,  0.00,  0.00,  0.00,  0.0,  0.0,  0.0
1036780.93647480, 44843.778266,    0.0,    2.0, -2.0,  0.00,  0.00,  0.00,  0.0,  0.0,  0.0
1036780.93897480, 44841.268298,    0.0,    2.0, -2.0,  0.00,  0.00,  0.00,  0.0,  0.0,  0.0
1036780.94147480, 44839.844757,    0.0,    2.0, -2.0,  0.00,  0.00,  0.00,  0.0,  0.0,  0.0
1036780.94397480, 44839.865125,    0.0,    2.0, -2.0,  0.00,  0.00,  0.00,  0.0,  0.0,  0.0
1036780.94647480, 44841.159555,    0.0,    2.0, -2.0,  0.00,  0.00,  0.00,  0.0,  0.0,  0.0
1036780.94897480, 44843.246748,    0.0,    2.0, -2.0,  0.00,  0.00,  0.00,  0.0,  0.0,  0.0
1036780.95147480, 44844.533333,    0.0,    2.0, -2.0,  0.00,  0.00,  0.00,  0.0,  0.0,  0.0
1036780.95397480, 44844.712600,    0.0,    2.0, -2.0,  0.00,  0.00,  0.00,  0.0,  0.0,  0.0
1036780.95647480, 44844.474441,    0.0,    2.0, -2.0,  0.00,  0.00,  0.00,  0.0,  0.0,  0.0
1036780.95897480, 44841.372992,    0.0,    2.0, -2.0,  0.00,  0.00,  0.00,  0.0,  0.0,  0.0
1036780.96147480, 44840.758919,    0.0,    2.0, -2.0,  0.00,  0.00,  0.00,  0.0,  0.0,  0.0
1036780.96397480, 44840.144846,    0.0,    2.0, -2.0,  0.00,  0.00,  0.00,  0.0,  0.0,  0.0
1036780.96647480, 44841.148360,    0.0,    2.0, -2.0,  0.00,  0.00,  0.00,  0.0,  0.0,  0.0
1036780.96897480, 44841.808146,    0.0,    2.0, -2.0,  0.00,  0.00,  0.00,  0.0,  0.0,  0.0
1036780.97147480, 44842.377881,    0.0,    2.0, -2.0,  0.00,  0.00,  0.00,  0.0,  0.0,  0.0
1036780.97397480, 44842.947110,    0.0,    2.0, -2.0,  0.00,  0.00,  0.00,  0.0,  0.0,  0.0
1036780.97647480, 44843.080946,    0.0,    2.0, -2.0,  0.00,  0.00,  0.00,  0.0,  0.0,  0.0
1036780.97897480, 44843.214782,    0.0,    2.0, -2.0,  0.00,  0.00,  0.00,  0.0,  0.0,  0.0
1036780.98147480, 44842.665102,    0.0,    2.0, -2.0,  0.00,  0.00,  0.00,  0.0,  0.0,  0.0
1036780.98397480, 44840.304306,    0.0,    2.0, -2.0,  0.00,  0.00,  0.00,  0.0,  0.0,  0.0
1036780.98647480, 44841.116660,    0.0,    2.0, -2.0,  0.00,  0.00,  0.00,  0.0,  0.0,  0.0
1036780.98897480, 44843.294635,    0.0,    2.0, -2.0,  0.00,  0.00,  0.00,  0.0,  0.0,  0.0
1036780.99147480, 44845.126309,    0.0,    2.0, -2.0,  0.00,  0.00,  0.00,  0.0,  0.0,  0.0
1036780.99397480, 44844.776562,    0.0,    2.0, -2.0,  0.00,  0.00,  0.00,  0.0,  0.0,  0.0
1036780.99647480, 44842.678857,    0.0,    2.0, -2.0,  0.00,  0.00,  0.00,  0.0,  0.0,  0.0
1036780.99897480, 44840.997867,    0.0,    2.0, -2.0,  0.00,  0.00,  0.00,  0.0,  0.0,  0.0
1036781.00147480, 44840.306588,    0.0,    2.0, -2.0,  0.00,  0.00,  0.00,  0.0,  0.0,  0.0
1036781.00397480, 44840.252871,    0.0,    2.0, -2.0,  0.00,  0.00,  0.00,  0.0,  0.0,  0.0
1036781.00647480, 44841.810064,    0.0,    2.0, -2.0,  0.00,  0.00,  0.00,  0.0,  0.0,  0.0
1036781.00897480, 44844.126324,    0.0,    2.0, -2.0,  0.00,  0.00,  0.00,  0.0,  0.0,  0.0
1036781.01147480, 44845.164540,    0.0,    2.0, -2.0,  0.00,  0.00,  0.00,  0.0,  0.0,  0.0
1036781.01397480, 44844.864829,    0.0,    2.0, -2.0,  0.00,  0.00,  0.00,  0.0,  0.0,  0.0
1036781.01647480, 44844.209574,    0.0,    2.0, -2.0,  0.00,  0.00,  0.00,  0.0,  0.0,  0.0
1036781.01897480, 44843.554319,    0.0,    2.0, -2.0,  0.00,  0.00,  0.00,  0.0,  0.0,  0.0
1036781.02147480, 44840.800458,    0.0,    2.0, -2.0,  0.00,  0.00,  0.00,  0.0,  0.0,  0.0
1036781.02397480, 44840.348464,    0.0,    2.0, -2.0,  0.00,  0.00,  0.00,  0.0,  0.0,  0.0
1036781.02647480, 44840.495034,    0.0,    2.0, -2.0,  0.00,  0.00,  0.00,  0.0,  0.0,  0.0
1036781.02897480, 44840.673558,    0.0,    2.0, -2.0,  0.00,  0.00,  0.00,  0.0,  0.0,  0.0
1036781.03147480, 44842.032372,    0.0,    2.0, -2.0,  0.00,  0.00,  0.00,  0.0,  0.0,  0.0
1036781.03397480, 44843.391185,    0.0,    2.0, -2.0,  0.00,  0.00,  0.00,  0.0,  0.0,  0.0
1036781.03647480, 44844.139106,    0.0,    2.0, -2.0,  0.00,  0.00,  0.00,  0.0,  0.0,  0.0
1036781.03897480, 44842.788135,    0.0,    2.0, -2.0,  0.00,  0.00,  0.00,  0.0,  0.0,  0.0
1036781.04147480, 44841.287730,    0.0,    2.0, -2.0,  0.00,  0.00,  0.00,  0.0,  0.0,  0.0
1036781.04647480, 44841.790446,    0.0,    2.0, -2.0,  0.00,  0.00,  0.00,  0.0,  0.0,  0.0
1036781.04897480, 44843.826444,    0.0,    2.0, -2.0,  0.00,  0.00,  0.00,  0.0,  0.0,  0.0
1036781.05147480, 44844.940157,    0.0,    2.0, -2.0,  0.00,  0.00,  0.00,  0.0,  0.0,  0.0
1036781.05397480, 44844.988900,    0.0,    2.0, -2.0,  0.00,  0.00,  0.00,  0.0,  0.0,  0.0
1036781.05647480, 44842.255775,    0.0,    2.0, -2.0,  0.00,  0.00,  0.00,  0.0,  0.0,  0.0
1036781.05897480, 44841.439551,    0.0,    2.0, -2.0,  0.00,  0.00,  0.00,  0.0,  0.0,  0.0
1036781.06147480, 44839.917898,    0.0,    2.0, -2.0,  0.00,  0.00,  0.00,  0.0,  0.0,  0.0
1036781.06397480, 44840.643337,    0.0,    2.0, -2.0,  0.00,  0.00,  0.00,  0.0,  0.0,  0.0
1036781.06647480, 44842.935352,    0.0,    2.0, -2.0,  0.00,  0.00,  0.00,  0.0,  0.0,  0.0
1036781.06897480, 44843.577713,    0.0,    2.0, -2.0,  0.00,  0.00,  0.00,  0.0,  0.0,  0.0
1036781.07147480, 44844.803106,    0.0,    2.0, -2.0,  0.00,  0.00,  0.00,  0.0,  0.0,  0.0
1036781.07397480, 44844.213905,    0.0,    2.0, -2.0,  0.00,  0.00,  0.00,  0.0,  0.0,  0.0
1036781.07647480, 44842.001354,    0.0,    2.0, -2.0,  0.00,  0.00,  0.00,  0.0,  0.0,  0.0
1036781.07897480, 44841.332643,    0.0,    2.0, -2.0,  0.00,  0.00,  0.00,  0.0,  0.0,  0.0
1036781.08147480, 44840.611819,    0.0,    2.0, -2.0,  0.00,  0.00,  0.00,  0.0,  0.0,  0.0
1036781.08397480, 44840.336786,    0.0,    2.0, -2.0,  0.00,  0.00,  0.00,  0.0,  0.0,  0.0
1036781.08647480, 44841.165504,    0.0,    2.0, -2.0,  0.00,  0.00,  0.00,  0.0,  0.0,  0.0
1036781.08897480, 44841.829472,    0.0,    2.0, -2.0,  0.00,  0.00,  0.00,  0.0,  0.0,  0.0
1036781.09147480, 44842.493440,    0.0,    2.0, -2.0,  0.00,  0.00,  0.00,  0.0,  0.0,  0.0
1036781.09397480, 44843.075119,    0.0,    2.0, -2.0,  0.00,  0.00,  0.00,  0.0,  0.0,  0.0
1036781.09647480, 44843.272063,    0.0,    2.0, -2.0,  0.00,  0.00,  0.00,  0.0,  0.0,  0.0
1036781.09897480, 44841.616282,    0.0,    2.0, -2.0,  0.00,  0.00,  0.00,  0.0,  0.0,  0.0
1036781.10147480, 44840.186021,    0.0,    2.0, -2.0,  0.00,  0.00,  0.00,  0.0,  0.0,  0.0
1036781.10397480, 44840.268408,    0.0,    2.0, -2.0,  0.00,  0.00,  0.00,  0.0,  0.0,  0.0
1036781.10647480, 44841.351764,    0.0,    2.0, -2.0,  0.00,  0.00,  0.00,  0.0,  0.0,  0.0
1036781.10897480, 44843.189376,    0.0,    2.0, -2.0,  0.00,  0.00,  0.00,  0.0,  0.0,  0.0
1036781.11147480, 44844.717201,    0.0,    2.0, -2.0,  0.00,  0.00,  0.00,  0.0,  0.0,  0.0
1036781.11397480, 44844.864004,    0.0,    2.0, -2.0,  0.00,  0.00,  0.00,  0.0,  0.0,  0.0
1036781.11647480, 44844.493862,    0.0,    2.0, -2.0,  0.00,  0.00,  0.00,  0.0,  0.0,  0.0
1036781.11897480, 44842.385644,    0.0,    2.0, -2.0,  0.00,  0.00,  0.00,  0.0,  0.0,  0.0
1036781.12147480, 44840.225125,    0.0,    2.0, -2.0,  0.00,  0.00,  0.00,  0.0,  0.0,  0.0
1036781.12397480, 44840.156654,    0.0,    2.0, -2.0,  0.00,  0.00,  0.00,  0.0,  0.0,  0.0
1036781.12647480, 44841.864969,    0.0,    2.0, -2.0,  0.00,  0.00,  0.00,  0.0,  0.0,  0.0
1036781.12897480, 44843.917506,    0.0,    2.0, -2.0,  0.00,  0.00,  0.00,  0.0,  0.0,  0.0
1036781.13147480, 44844.689537,    0.0,    2.0, -2.0,  0.00,  0.00,  0.00,  0.0,  0.0,  0.0
1036781.13397480, 44844.396968,    0.0,    2.0, -2.0,  0.00,  0.00,  0.00,  0.0,  0.0,  0.0
1036781.13647480, 44842.659903,    0.0,    2.0, -2.0,  0.00,  0.00,  0.00,  0.0,  0.0,  0.0
1036781.13897480, 44842.209289,    0.0,    2.0, -2.0,  0.00,  0.00,  0.00,  0.0,  0.0,  0.0
1036781.14147480, 44840.689663,    0.0,    2.0, -2.0,  0.00,  0.00,  0.00,  0.0,  0.0,  0.0
1036781.14397480, 44840.721222,    0.0,    2.0, -2.0,  0.00,  0.00,  0.00,  0.0,  0.0,  0.0
1036781.14647480, 44841.487059,    0.0,    2.0, -2.0,  0.00,  0.00,  0.00,  0.0,  0.0,  0.0
1036781.14897480, 44843.127211,    0.0,    2.0, -2.0,  0.00,  0.00,  0.00,  0.0,  0.0,  0.0
1036781.15147480, 44845.023830,    0.0,    2.0, -2.0,  0.00,  0.00,  0.00,  0.0,  0.0,  0.0
1036781.15397480, 44844.932163,    0.0,    2.0, -2.0,  0.00,  0.00,  0.00,  0.0,  0.0,  0.0
1036781.15647480, 44842.995212,    0.0,    2.0, -2.0,  0.00,  0.00,  0.00,  0.0,  0.0,  0.0
1036781.15897480, 44841.188793,    0.0,    2.0, -2.0,  0.00,  0.00,  0.00,  0.0,  0.0,  0.0
1036781.16147480, 44840.695186,    0.0,    2.0, -2.0,  0.00,  0.00,  0.00,  0.0,  0.0,  0.0
1036781.16397480, 44840.201580,    0.0,    2.0, -2.0,  0.00,  0.00,  0.00,  0.0,  0.0,  0.0
1036781.16647480, 44840.839618,    0.0,    2.0, -2.0,  0.00,  0.00,  0.00,  0.0,  0.0,  0.0
1036781.16897480, 44841.980393,    0.0,    2.0, -2.0,  0.00,  0.00,  0.00,  0.0,  0.0,  0.0
1036781.17147480, 44843.135324,    0.0,    2.0, -2.0,  0.00,  0.00,  0.00,  0.0,  0.0,  0.0
1036781.17397480, 44844.430786,    0.0,    2.0, -2.0,  0.00,  0.00,  0.00,  0.0,  0.0,  0.0
1036781.17647480, 44843.502713,    0.0,    2.0, -2.0,  0.00,  0.00,  0.00,  0.0,  0.0,  0.0
1036781.17897480, 44842.178050,    0.0,    2.0, -2.0,  0.00,  0.00,  0.00,  0.0,  0.0,  0.0
1036781.18147480, 44840.350491,    0.0,    2.0, -2.0,  0.00,  0.00,  0.00,  0.0,  0.0,  0.0
1036781.18397480, 44840.056883,    0.0,    2.0, -2.0,  0.00,  0.00,  0.00,  0.0,  0.0,  0.0
1036781.18647480, 44841.646284,    0.0,    2.0, -2.0,  0.00,  0.00,  0.00,  0.0,  0.0,  0.0
1036781.18897480, 44843.399862,    0.0,    2.0, -2.0,  0.00,  0.00,  0.00,  0.0,  0.0,  0.0
1036781.19147480, 44844.135655,    0.0,    2.0, -2.0,  0.00,  0.00,  0.00,  0.0,  0.0,  0.0
1036781.19397480, 44844.136023,    0.0,    2.0, -2.0,  0.00,  0.00,  0.00,  0.0,  0.0,  0.0
1036781.19647480, 44842.552953,    0.0,    2.0, -2.0,  0.00,  0.00,  0.00,  0.0,  0.0,  0.0
1036781.19897480, 44840.444892,    0.0,    2.0, -2.0,  0.00,  0.00,  0.00,  0.0,  0.0,  0.0
1036781.20147480, 44839.890162,    0.0,    2.0, -2.0,  0.00,  0.00,  0.00,  0.0,  0.0,  0.0
1036781.20397480, 44839.963567,    0.0,    2.0, -2.0,  0.00,  0.00,  0.00,  0.0,  0.0,  0.0
1036781.20647480, 44841.158175,    0.0,    2.0, -2.0,  0.00,  0.00,  0.00,  0.0,  0.0,  0.0
1036781.20897480, 44842.025274,    0.0,    2.0, -2.0,  0.00,  0.00,  0.00,  0.0,  0.0,  0.0
1036781.21147480, 44842.892373,    0.0,    2.0, -2.0,  0.00,  0.00,  0.00,  0.0,  0.0,  0.0
1036781.21397480, 44844.633713,    0.0,    2.0, -2.0,  0.00,  0.00,  0.00,  0.0,  0.0,  0.0
1036781.21647480, 44844.032807,    0.0,    2.0, -2.0,  0.00,  0.00,  0.00,  0.0,  0.0,  0.0
1036781.21897480, 44843.431901,    0.0,    2.0, -2.0,  0.00,  0.00,  0.00,  0.0,  0.0,  0.0
1036781.22147480, 44841.019576,    0.0,    2.0, -2.0,  0.00,  0.00,  0.00,  0.0,  0.0,  0.0
1036781.22397480, 44839.913236,    0.0,    2.0, -2.0,  0.00,  0.00,  0.00,  0.0,  0.0,  0.0
1036781.22647480, 44841.044232,    0.0,    2.0, -2.0,  0.00,  0.00,  0.00,  0.0,  0.0,  0.0
1036781.22897480, 44842.812516,    0.0,    2.0, -2.0,  0.00,  0.00,  0.00,  0.0,  0.0,  0.0
1036781.23147480, 44844.097266,    0.0,    2.0, -2.0,  0.00,  0.00,  0.00,  0.0,  0.0,  0.0
1036781.23397480, 44844.821842,    0.0,    2.0, -2.0,  0.00,  0.00,  0.00,  0.0,  0.0,  0.0
1036781.23647480, 44843.474435,    0.0,    2.0, -2.0,  0.00,  0.00,  0.00,  0.0,  0.0,  0.0
1036781.23897480, 44841.598747,    0.0,    2.0, -2.0,  0.00,  0.00,  0.00,  0.0,  0.0,  0.0
1036781.24147480, 44840.573952,    0.0,    2.0, -2.0,  0.00,  0.00,  0.00,  0.0,  0.0,  0.0
1036781.24397480, 44840.768854,    0.0,    2.0, -2.0,  0.00,  0.00,  0.00,  0.0,  0.0,  0.0
1036781.24647480, 44842.181893,    0.0,    2.0, -2.0,  0.00,  0.00,  0.00,  0.0,  0.0,  0.0
1036781.24897480, 44843.668728,    0.0,    2.0, -2.0,  0.00,  0.00,  0.00,  0.0,  0.0,  0.0
1036781.25147480, 44844.975321,    0.0,    2.0, -2.0,  0.00,  0.00,  0.00,  0.0,  0.0,  0.0
1036781.25397480, 44844.800291,    0.0,    2.0, -2.0,  0.00,  0.00,  0.00,  0.0,  0.0,  0.0
1036781.25647480, 44843.569982,    0.0,    2.0, -2.0,  0.00,  0.00,  0.00,  0.0,  0.0,  0.0
1036781.25897480, 44841.887919,    0.0,    2.0, -2.0,  0.00,  0.00,  0.00,  0.0,  0.0,  0.0
1036781.26147480, 44840.520810,    0.0,    2.0, -2.0,  0.00,  0.00,  0.00,  0.0,  0.0,  0.0
1036781.26397480, 44840.771996,    0.0,    2.0, -2.0,  0.00,  0.00,  0.00,  0.0,  0.0,  0.0
1036781.26647480, 44841.910107,    0.0,    2.0, -2.0,  0.00,  0.00,  0.00,  0.0,  0.0,  0.0
1036781.26897480, 44842.695766,    0.0,    2.0, -2.0,  0.00,  0.00,  0.00,  0.0,  0.0,  0.0
1036781.27147480, 44843.530349,    0.0,    2.0, -2.0,  0.00,  0.00,  0.00,  0.0,  0.0,  0.0
1036781.27397480, 44844.615787,    0.0,    2.0, -2.0,  0.00,  0.00,  0.00,  0.0,  0.0,  0.0
1036781.27647480, 44843.456586,    0.0,    2.0, -2.0,  0.00,  0.00,  0.00,  0.0,  0.0,  0.0
1036781.27897480, 44842.550774,    0.0,    2.0, -2.0,  0.00,  0.00,  0.00,  0.0,  0.0,  0.0
1036781.28147480, 44841.644962,    0.0,    2.0, -2.0,  0.00,  0.00,  0.00,  0.0,  0.0,  0.0
1036781.28397480, 44841.092871,    0.0,    2.0, -2.0,  0.00,  0.00,  0.00,  0.0,  0.0,  0.0
1036781.28647480, 44840.618195,    0.0,    2.0, -2.0,  0.00,  0.00,  0.00,  0.0,  0.0,  0.0
1036781.28897480, 44840.743008,    0.0,    2.0, -2.0,  0.00,  0.00,  0.00,  0.0,  0.0,  0.0
1036781.29147480, 44844.823842,    0.0,    2.0, -2.0,  0.00,  0.00,  0.00,  0.0,  0.0,  0.0
1036781.29397480, 44844.843837,    0.0,    2.0, -2.0,  0.00,  0.00,  0.00,  0.0,  0.0,  0.0
1036781.29647480, 44844.362451,    0.0,    2.0, -2.0,  0.00,  0.00,  0.00,  0.0,  0.0,  0.0
1036781.29897480, 44841.393129,    0.0,    2.0, -2.0,  0.00,  0.00,  0.00,  0.0,  0.0,  0.0
1036781.30147480, 44840.141870,    0.0,    2.0, -2.0,  0.00,  0.00,  0.00,  0.0,  0.0,  0.0
1036781.30397480, 44840.854244,    0.0,    2.0, -2.0,  0.00,  0.00,  0.00,  0.0,  0.0,  0.0
1036781.30647480, 44841.289880,    0.0,    2.0, -2.0,  0.00,  0.00,  0.00,  0.0,  0.0,  0.0
1036781.30897480, 44843.209504,    0.0,    2.0, -2.0,  0.00,  0.00,  0.00,  0.0,  0.0,  0.0
1036781.31147480, 44844.506332,    0.0,    2.0, -2.0,  0.00,  0.00,  0.00,  0.0,  0.0,  0.0
1036781.31397480, 44844.426280,    0.0,    2.0, -2.0,  0.00,  0.00,  0.00,  0.0,  0.0,  0.0
1036781.31647480, 44842.890191,    0.0,    2.0, -2.0,  0.00,  0.00,  0.00,  0.0,  0.0,  0.0
1036781.31897480, 44841.387379,    0.0,    2.0, -2.0,  0.00,  0.00,  0.00,  0.0,  0.0,  0.0
1036781.32147480, 44840.096942,    0.0,    2.0, -2.0,  0.00,  0.00,  0.00,  0.0,  0.0,  0.0
1036781.32397480, 44840.867832,    0.0,    2.0, -2.0,  0.00,  0.00,  0.00,  0.0,  0.0,  0.0
1036781.32647480, 44841.396788,    0.0,    2.0, -2.0,  0.00,  0.00,  0.00,  0.0,  0.0,  0.0
1036781.32897480, 44843.623343,    0.0,    2.0, -2.0,  0.00,  0.00,  0.00,  0.0,  0.0,  0.0
1036781.33147480, 44844.841213,    0.0,    2.0, -2.0,  0.00,  0.00,  0.00,  0.0,  0.0,  0.0
1036781.33397480, 44844.720375,    0.0,    2.0, -2.0,  0.00,  0.00,  0.00,  0.0,  0.0,  0.0
1036781.33647480, 44844.252337,    0.0,    2.0, -2.0,  0.00,  0.00,  0.00,  0.0,  0.0,  0.0
1036781.33897480, 44841.762719,    0.0,    2.0, -2.0,  0.00,  0.00,  0.00,  0.0,  0.0,  0.0
1036781.34147480, 44840.231490,    0.0,    2.0, -2.0,  0.00,  0.00,  0.00,  0.0,  0.0,  0.0
1036781.34397480, 44840.176093,    0.0,    2.0, -2.0,  0.00,  0.00,  0.00,  0.0,  0.0,  0.0
1036781.34647480, 44840.110835,    0.0,    2.0, -2.0,  0.00,  0.00,  0.00,  0.0,  0.0,  0.0
1036781.34897480, 44840.414302,    0.0,    2.0, -2.0,  0.00,  0.00,  0.00,  0.0,  0.0,  0.0
1036781.35147480, 44844.797844,    0.0,    2.0, -2.0,  0.00,  0.00,  0.00,  0.0,  0.0,  0.0
1036781.35397480, 44844.751565,    0.0,    2.0, -2.0,  0.00,  0.00,  0.00,  0.0,  0.0,  0.0
1036781.35647480, 44844.249990,    0.0,    2.0, -2.0,  0.00,  0.00,  0.00,  0.0,  0.0,  0.0
1036781.35897480, 44842.944099,    0.0,    2.0, -2.0,  0.00,  0.00,  0.00,  0.0,  0.0,  0.0
1036781.36147480, 44840.458600,    0.0,    2.0, -2.0,  0.00,  0.00,  0.00,  0.0,  0.0,  0.0
1036781.36397480, 44840.586508,    0.0,    2.0, -2.0,  0.00,  0.00,  0.00,  0.0,  0.0,  0.0
1036781.36647480, 44841.195639,    0.0,    2.0, -2.0,  0.00,  0.00,  0.00,  0.0,  0.0,  0.0
1036781.36897480, 44843.782607,    0.0,    2.0, -2.0,  0.00,  0.00,  0.00,  0.0,  0.0,  0.0
1036781.37147480, 44844.775084,    0.0,    2.0, -2.0,  0.00,  0.00,  0.00,  0.0,  0.0,  0.0
1036781.37397480, 44844.201266,    0.0,    2.0, -2.0,  0.00,  0.00,  0.00,  0.0,  0.0,  0.0
1036781.37647480, 44843.855674,    0.0,    2.0, -2.0,  0.00,  0.00,  0.00,  0.0,  0.0,  0.0
1036781.37897480, 44841.658348,    0.0,    2.0, -2.0,  0.00,  0.00,  0.00,  0.0,  0.0,  0.0
1036781.38147480, 44840.309858,    0.0,    2.0, -2.0,  0.00,  0.00,  0.00,  0.0,  0.0,  0.0
1036781.38397480, 44841.333716,    0.0,    2.0, -2.0,  0.00,  0.00,  0.00,  0.0,  0.0,  0.0
1036781.38647480, 44841.770966,    0.0,    2.0, -2.0,  0.00,  0.00,  0.00,  0.0,  0.0,  0.0
1036781.38897480, 44843.640556,    0.0,    2.0, -2.0,  0.00,  0.00,  0.00,  0.0,  0.0,  0.0
1036781.39147480, 44844.597463,    0.0,    2.0, -2.0,  0.00,  0.00,  0.00,  0.0,  0.0,  0.0
1036781.39397480, 44844.531574,    0.0,    2.0, -2.0,  0.00,  0.00,  0.00,  0.0,  0.0,  0.0
1036781.39647480, 44844.153791,    0.0,    2.0, -2.0,  0.00,  0.00,  0.00,  0.0,  0.0,  0.0
1036781.39897480, 44843.776008,    0.0,    2.0, -2.0,  0.00,  0.00,  0.00,  0.0,  0.0,  0.0
1036781.40147480, 44842.658580,    0.0,    2.0, -2.0,  0.00,  0.00,  0.00,  0.0,  0.0,  0.0
1036781.40397480, 44840.165252,    0.0,    2.0, -2.0,  0.00,  0.00,  0.00,  0.0,  0.0,  0.0
1036781.40647480, 44841.726836,    0.0,    2.0, -2.0,  0.00,  0.00,  0.00,  0.0,  0.0,  0.0
1036781.40897480, 44843.322341,    0.0,    2.0, -2.0,  0.00,  0.00,  0.00,  0.0,  0.0,  0.0
1036781.41147480, 44844.620499,    0.0,    2.0, -2.0,  0.00,  0.00,  0.00,  0.0,  0.0,  0.0
1036781.41397480, 44844.873378,    0.0,    2.0, -2.0,  0.00,  0.00,  0.00,  0.0,  0.0,  0.0
1036781.41647480, 44843.623792,    0.0,    2.0, -2.0,  0.00,  0.00,  0.00,  0.0,  0.0,  0.0
1036781.41897480, 44841.680960,    0.0,    2.0, -2.0,  0.00,  0.00,  0.00,  0.0,  0.0,  0.0
1036781.42147480, 44840.272859,    0.0,    2.0, -2.0,  0.00,  0.00,  0.00,  0.0,  0.0,  0.0
1036781.42397480, 44840.157864,    0.0,    2.0, -2.0,  0.00,  0.00,  0.00,  0.0,  0.0,  0.0
1036781.42647480, 44841.041283,    0.0,    2.0, -2.0,  0.00,  0.00,  0.00,  0.0,  0.0,  0.0
1036781.42897480, 44842.829337,    0.0,    2.0, -2.0,  0.00,  0.00,  0.00,  0.0,  0.0,  0.0
1036781.43147480, 44843.964046,    0.0,    2.0, -2.0,  0.00,  0.00,  0.00,  0.0,  0.0,  0.0
1036781.43397480, 44843.892186,    0.0,    2.0, -2.0,  0.00,  0.00,  0.00,  0.0,  0.0,  0.0
1036781.43647480, 44843.652549,    0.0,    2.0, -2.0,  0.00,  0.00,  0.00,  0.0,  0.0,  0.0
1036781.43897480, 44842.537353,    0.0,    2.0, -2.0,  0.00,  0.00,  0.00,  0.0,  0.0,  0.0
1036781.44147480, 44841.143705,    0.0,    2.0, -2.0,  0.00,  0.00,  0.00,  0.0,  0.0,  0.0
1036781.44397480, 44839.763233,    0.0,    2.0, -2.0,  0.00,  0.00,  0.00,  0.0,  0.0,  0.0
1036781.44647480, 44840.033336,    0.0,    2.0, -2.0,  0.00,  0.00,  0.00,  0.0,  0.0,  0.0
1036781.44897480, 44840.303439,    0.0,    2.0, -2.0,  0.00,  0.00,  0.00,  0.0,  0.0,  0.0
1036781.45147480, 44840.573542,    0.0,    2.0, -2.0,  0.00,  0.00,  0.00,  0.0,  0.0,  0.0
1036781.45397480, 44840.843646,    0.0,    2.0, -2.0,  0.00,  0.00,  0.00,  0.0,  0.0,  0.0
1036781.45647480, 44841.113749,    0.0,    2.0, -2.0,  0.00,  0.00,  0.00,  0.0,  0.0,  0.0
1036781.45897480, 44840.858208,    0.0,    2.0, -2.0,  0.00,  0.00,  0.00,  0.0,  0.0,  0.0
1036781.46397480, 44840.695330,    0.0,    2.0, -2.0,  0.00,  0.00,  0.00,  0.0,  0.0,  0.0
1036781.46647480, 44840.571450,    0.0,    2.0, -2.0,  0.00,  0.00,  0.00,  0.0,  0.0,  0.0
1036781.46897480, 44840.447570,    0.0,    2.0, -2.0,  0.00,  0.00,  0.00,  0.0,  0.0,  0.0
1036781.47147480, 44844.620891,    0.0,    2.0, -2.0,  0.00,  0.00,  0.00,  0.0,  0.0,  0.0
1036781.47397480, 44844.839392,    0.0,    2.0, -2.0,  0.00,  0.00,  0.00,  0.0,  0.0,  0.0
1036781.47647480, 44844.797517,    0.0,    2.0, -2.0,  0.00,  0.00,  0.00,  0.0,  0.0,  0.0
1036781.47897480, 44844.311161,    0.0,    2.0, -2.0,  0.00,  0.00,  0.00,  0.0,  0.0,  0.0
1036781.48147480, 44843.824804,    0.0,    2.0, -2.0,  0.00,  0.00,  0.00,  0.0,  0.0,  0.0
1036781.48397480, 44843.338448,    0.0,    2.0, -2.0,  0.00,  0.00,  0.00,  0.0,  0.0,  0.0
1036781.48647480, 44842.852092,    0.0,    2.0, -2.0,  0.00,  0.00,  0.00,  0.0,  0.0,  0.0
1036781.48897480, 44842.365735,    0.0,    2.0, -2.0,  0.00,  0.00,  0.00,  0.0,  0.0,  0.0
1036781.49147480, 44841.879379,    0.0,    2.0, -2.0,  0.00,  0.00,  0.00,  0.0,  0.0,  0.0
1036781.49397480, 44841.393022,    0.0,    2.0, -2.0,  0.00,  0.00,  0.00,  0.0,  0.0,  0.0
1036781.49647480, 44840.906666,    0.0,    2.0, -2.0,  0.00,  0.00,  0.00,  0.0,  0.0,  0.0
1036781.49897480, 44840.420309,    0.0,    2.0, -2.0,  0.00,  0.00,  0.00,  0.0,  0.0,  0.0
1036781.50147480, 44839.933953,    0.0,    2.0, -2.0,  0.00,  0.00,  0.00,  0.0,  0.0,  0.0
1036781.50397480, 44840.314559,    0.0,    2.0, -2.0,  0.00,  0.00,  0.00,  0.0,  0.0,  0.0
1036781.50647480, 44841.340078,    0.0,    2.0, -2.0,  0.00,  0.00,  0.00,  0.0,  0.0,  0.0
1036781.50897480, 44843.256133,    0.0,    2.0, -2.0,  0.00,  0.00,  0.00,  0.0,  0.0,  0.0
1036781.51147480, 44844.569828,    0.0,    2.0, -2.0,  0.00,  0.00,  0.00,  0.0,  0.0,  0.0
1036781.51397480, 44844.828678,    0.0,    2.0, -2.0,  0.00,  0.00,  0.00,  0.0,  0.0,  0.0
1036781.51647480, 44843.746881,    0.0,    2.0, -2.0,  0.00,  0.00,  0.00,  0.0,  0.0,  0.0
1036781.51897480, 44841.457208,    0.0,    2.0, -2.0,  0.00,  0.00,  0.00,  0.0,  0.0,  0.0
1036781.52147480, 44839.965960,    0.0,    2.0, -2.0,  0.00,  0.00,  0.00,  0.0,  0.0,  0.0
1036781.52397480, 44840.089488,    0.0,    2.0, -2.0,  0.00,  0.00,  0.00,  0.0,  0.0,  0.0
1036781.52647480, 44841.314672,    0.0,    2.0, -2.0,  0.00,  0.00,  0.00,  0.0,  0.0,  0.0
1036781.52897480, 44843.543092,    0.0,    2.0, -2.0,  0.00,  0.00,  0.00,  0.0,  0.0,  0.0
1036781.53147480, 44844.998568,    0.0,    2.0, -2.0,  0.00,  0.00,  0.00,  0.0,  0.0,  0.0
1036781.53397480, 44844.737936,    0.0,    2.0, -2.0,  0.00,  0.00,  0.00,  0.0,  0.0,  0.0
1036781.53647480, 44843.814970,    0.0,    2.0, -2.0,  0.00,  0.00,  0.00,  0.0,  0.0,  0.0
1036781.53897480, 44841.610600,    0.0,    2.0, -2.0,  0.00,  0.00,  0.00,  0.0,  0.0,  0.0
1036781.54147480, 44840.430565,    0.0,    2.0, -2.0,  0.00,  0.00,  0.00,  0.0,  0.0,  0.0
1036781.54397480, 44840.501459,    0.0,    2.0, -2.0,  0.00,  0.00,  0.00,  0.0,  0.0,  0.0
1036781.54647480, 44840.989866,    0.0,    2.0, -2.0,  0.00,  0.00,  0.00,  0.0,  0.0,  0.0
1036781.54897480, 44841.481075,    0.0,    2.0, -2.0,  0.00,  0.00,  0.00,  0.0,  0.0,  0.0
1036781.55147480, 44842.004844,    0.0,    2.0, -2.0,  0.00,  0.00,  0.00,  0.0,  0.0,  0.0
1036781.55397480, 44842.528613,    0.0,    2.0, -2.0,  0.00,  0.00,  0.00,  0.0,  0.0,  0.0
1036781.55647480, 44843.052382,    0.0,    2.0, -2.0,  0.00,  0.00,  0.00,  0.0,  0.0,  0.0
1036781.55897480, 44843.576151,    0.0,    2.0, -2.0,  0.00,  0.00,  0.00,  0.0,  0.0,  0.0
1036781.56147480, 44844.099920,    0.0,    2.0, -2.0,  0.00,  0.00,  0.00,  0.0,  0.0,  0.0
1036781.56397480, 44844.623689,    0.0,    2.0, -2.0,  0.00,  0.00,  0.00,  0.0,  0.0,  0.0
1036781.56647480, 44844.842133,    0.0,    2.0, -2.0,  0.00,  0.00,  0.00,  0.0,  0.0,  0.0
1036781.56897480, 44843.984840,    0.0,    2.0, -2.0,  0.00,  0.00,  0.00,  0.0,  0.0,  0.0
1036781.57147480, 44843.264178,    0.0,    2.0, -2.0,  0.00,  0.00,  0.00,  0.0,  0.0,  0.0
1036781.57397480, 44843.393258,    0.0,    2.0, -2.0,  0.00,  0.00,  0.00,  0.0,  0.0,  0.0
1036781.57647480, 44843.522337,    0.0,    2.0, -2.0,  0.00,  0.00,  0.00,  0.0,  0.0,  0.0
1036781.57897480, 44843.651417,    0.0,    2.0, -2.0,  0.00,  0.00,  0.00,  0.0,  0.0,  0.0
1036781.58147480, 44843.780496,    0.0,    2.0, -2.0,  0.00,  0.00,  0.00,  0.0,  0.0,  0.0
1036781.58397480, 44843.909576,    0.0,    2.0, -2.0,  0.00,  0.00,  0.00,  0.0,  0.0,  0.0
1036781.58647480, 44844.038656,    0.0,    2.0, -2.0,  0.00,  0.00,  0.00,  0.0,  0.0,  0.0
1036781.58897480, 44844.167735,    0.0,    2.0, -2.0,  0.00,  0.00,  0.00,  0.0,  0.0,  0.0
1036781.59147480, 44844.296815,    0.0,    2.0, -2.0,  0.00,  0.00,  0.00,  0.0,  0.0,  0.0
1036781.59397480, 44844.425895,    0.0,    2.0, -2.0,  0.00,  0.00,  0.00,  0.0,  0.0,  0.0
1036781.59647480, 44844.554974,    0.0,    2.0, -2.0,  0.00,  0.00,  0.00,  0.0,  0.0,  0.0
1036781.59897480, 44844.684054,    0.0,    2.0, -2.0,  0.00,  0.00,  0.00,  0.0,  0.0,  0.0
1036781.60147480, 44844.813134,    0.0,    2.0, -2.0,  0.00,  0.00,  0.00,  0.0,  0.0,  0.0
1036781.60397480, 44842.949066,    0.0,    2.0, -2.0,  0.00,  0.00,  0.00,  0.0,  0.0,  0.0
1036781.60647480, 44841.692410,    0.0,    2.0, -2.0,  0.00,  0.00,  0.00,  0.0,  0.0,  0.0
1036781.60897480, 44842.050170,    0.0,    2.0, -2.0,  0.00,  0.00,  0.00,  0.0,  0.0,  0.0
1036781.61147480, 44842.407930,    0.0,    2.0, -2.0,  0.00,  0.00,  0.00,  0.0,  0.0,  0.0
1036781.61397480, 44842.765689,    0.0,    2.0, -2.0,  0.00,  0.00,  0.00,  0.0,  0.0,  0.0
1036781.61647480, 44843.123449,    0.0,    2.0, -2.0,  0.00,  0.00,  0.00,  0.0,  0.0,  0.0
1036781.61897480, 44843.481209,    0.0,    2.0, -2.0,  0.00,  0.00,  0.00,  0.0,  0.0,  0.0
1036781.62147480, 44843.838968,    0.0,    2.0, -2.0,  0.00,  0.00,  0.00,  0.0,  0.0,  0.0
1036781.62397480, 44844.196728,    0.0,    2.0, -2.0,  0.00,  0.00,  0.00,  0.0,  0.0,  0.0
1036781.62647480, 44844.554487,    0.0,    2.0, -2.0,  0.00,  0.00,  0.00,  0.0,  0.0,  0.0
1036781.62897480, 44844.912247,    0.0,    2.0, -2.0,  0.00,  0.00,  0.00,  0.0,  0.0,  0.0
1036781.63147480, 44844.960370,    0.0,    2.0, -2.0,  0.00,  0.00,  0.00,  0.0,  0.0,  0.0
1036781.63397480, 44844.860610,    0.0,    2.0, -2.0,  0.00,  0.00,  0.00,  0.0,  0.0,  0.0
1036781.63647480, 44844.692310,    0.0,    2.0, -2.0,  0.00,  0.00,  0.00,  0.0,  0.0,  0.0
1036781.63897480, 44844.485330,    0.0,    2.0, -2.0,  0.00,  0.00,  0.00,  0.0,  0.0,  0.0
1036781.64147480, 44844.278349,    0.0,    2.0, -2.0,  0.00,  0.00,  0.00,  0.0,  0.0,  0.0
1036781.64397480, 44844.071368,    0.0,    2.0, -2.0,  0.00,  0.00,  0.00,  0.0,  0.0,  0.0
1036781.64647480, 44843.864388,    0.0,    2.0, -2.0,  0.00,  0.00,  0.00,  0.0,  0.0,  0.0
1036781.64897480, 44843.657407,    0.0,    2.0, -2.0,  0.00,  0.00,  0.00,  0.0,  0.0,  0.0
1036781.65147480, 44843.660410,    0.0,    2.0, -2.0,  0.00,  0.00,  0.00,  0.0,  0.0,  0.0
1036781.65397480, 44843.826191,    0.0,    2.0, -2.0,  0.00,  0.00,  0.00,  0.0,  0.0,  0.0
1036781.65647480, 44843.991972,    0.0,    2.0, -2.0,  0.00,  0.00,  0.00,  0.0,  0.0,  0.0
1036781.65897480, 44844.157753,    0.0,    2.0, -2.0,  0.00,  0.00,  0.00,  0.0,  0.0,  0.0
1036781.66147480, 44844.323534,    0.0,    2.0, -2.0,  0.00,  0.00,  0.00,  0.0,  0.0,  0.0
1036781.66397480, 44844.412938,    0.0,    2.0, -2.0,  0.00,  0.00,  0.00,  0.0,  0.0,  0.0
1036781.66647480, 44843.645907,    0.0,    2.0, -2.0,  0.00,  0.00,  0.00,  0.0,  0.0,  0.0
1036781.66897480, 44843.281825,    0.0,    2.0, -2.0,  0.00,  0.00,  0.00,  0.0,  0.0,  0.0
1036781.67147480, 44844.281231,    0.0,    2.0, -2.0,  0.00,  0.00,  0.00,  0.0,  0.0,  0.0
1036781.67397480, 44843.566761,    0.0,    2.0, -2.0,  0.00,  0.00,  0.00,  0.0,  0.0,  0.0
1036781.67647480, 44842.608605,    0.0,    2.0, -2.0,  0.00,  0.00,  0.00,  0.0,  0.0,  0.0
1036781.67897480, 44841.500651,    0.0,    2.0, -2.0,  0.00,  0.00,  0.00,  0.0,  0.0,  0.0
1036781.68147479, 44840.862124,    0.0,    2.0, -2.0,  0.00,  0.00,  0.00,  0.0,  0.0,  0.0
1036781.68397479, 44841.189757,    0.0,    2.0, -2.0,  0.00,  0.00,  0.00,  0.0,  0.0,  0.0
1036781.68647480, 44841.877340,    0.0,    2.0, -2.0,  0.00,  0.00,  0.00,  0.0,  0.0,  0.0
1036781.68897480, 44842.492518,    0.0,    2.0, -2.0,  0.00,  0.00,  0.00,  0.0,  0.0,  0.0
1036781.69147480, 44843.107696,    0.0,    2.0, -2.0,  0.00,  0.00,  0.00,  0.0,  0.0,  0.0
1036781.69397480, 44843.696880,    0.0,    2.0, -2.0,  0.00,  0.00,  0.00,  0.0,  0.0,  0.0
1036781.69647480, 44844.284651,    0.0,    2.0, -2.0,  0.00,  0.00,  0.00,  0.0,  0.0,  0.0
1036781.69897480, 44844.872423,    0.0,    2.0, -2.0,  0.00,  0.00,  0.00,  0.0,  0.0,  0.0
1036781.70147480, 44844.223836,    0.0,    2.0, -2.0,  0.00,  0.00,  0.00,  0.0,  0.0,  0.0
1036781.70397480, 44843.367937,    0.0,    2.0, -2.0,  0.00,  0.00,  0.00,  0.0,  0.0,  0.0
1036781.70647480, 44842.512038,    0.0,    2.0, -2.0,  0.00,  0.00,  0.00,  0.0,  0.0,  0.0
1036781.70897480, 44841.656138,    0.0,    2.0, -2.0,  0.00,  0.00,  0.00,  0.0,  0.0,  0.0
1036781.71147480, 44840.800239,    0.0,    2.0, -2.0,  0.00,  0.00,  0.00,  0.0,  0.0,  0.0
1036781.71397480, 44840.131749,    0.0,    2.0, -2.0,  0.00,  0.00,  0.00,  0.0,  0.0,  0.0
1036781.71647480, 44841.463168,    0.0,    2.0, -2.0,  0.00,  0.00,  0.00,  0.0,  0.0,  0.0
1036781.71897480, 44841.792348,    0.0,    2.0, -2.0,  0.00,  0.00,  0.00,  0.0,  0.0,  0.0
1036781.72147480, 44840.063588,    0.0,    2.0, -2.0,  0.00,  0.00,  0.00,  0.0,  0.0,  0.0
1036781.72397480, 44839.963966,    0.0,    2.0, -2.0,  0.00,  0.00,  0.00,  0.0,  0.0,  0.0
1036781.72647480, 44840.416099,    0.0,    2.0, -2.0,  0.00,  0.00,  0.00,  0.0,  0.0,  0.0
1036781.72897480, 44843.263370,    0.0,    2.0, -2.0,  0.00,  0.00,  0.00,  0.0,  0.0,  0.0
1036781.73147480, 44843.823340,    0.0,    2.0, -2.0,  0.00,  0.00,  0.00,  0.0,  0.0,  0.0
1036781.73397480, 44844.383310,    0.0,    2.0, -2.0,  0.00,  0.00,  0.00,  0.0,  0.0,  0.0
1036781.73647480, 44842.663928,    0.0,    2.0, -2.0,  0.00,  0.00,  0.00,  0.0,  0.0,  0.0
1036781.73897480, 44841.877874,    0.0,    2.0, -2.0,  0.00,  0.00,  0.00,  0.0,  0.0,  0.0
1036781.74147480, 44841.804838,    0.0,    2.0, -2.0,  0.00,  0.00,  0.00,  0.0,  0.0,  0.0
1036781.74397480, 44841.454712,    0.0,    2.0, -2.0,  0.00,  0.00,  0.00,  0.0,  0.0,  0.0
1036781.74647480, 44841.104586,    0.0,    2.0, -2.0,  0.00,  0.00,  0.00,  0.0,  0.0,  0.0
1036781.74897480, 44840.754460,    0.0,    2.0, -2.0,  0.00,  0.00,  0.00,  0.0,  0.0,  0.0
1036781.75147480, 44840.404334,    0.0,    2.0, -2.0,  0.00,  0.00,  0.00,  0.0,  0.0,  0.0
1036781.75397480, 44841.103967,    0.0,    2.0, -2.0,  0.00,  0.00,  0.00,  0.0,  0.0,  0.0
1036781.75647480, 44843.250729,    0.0,    2.0, -2.0,  0.00,  0.00,  0.00,  0.0,  0.0,  0.0
1036781.75897480, 44841.475635,    0.0,    2.0, -2.0,  0.00,  0.00,  0.00,  0.0,  0.0,  0.0
1036781.76147480, 44840.902215,    0.0,    2.0, -2.0,  0.00,  0.00,  0.00,  0.0,  0.0,  0.0
1036781.76397480, 44840.504827,    0.0,    2.0, -2.0,  0.00,  0.00,  0.00,  0.0,  0.0,  0.0
1036781.76647480, 44842.377195,    0.0,    2.0, -2.0,  0.00,  0.00,  0.00,  0.0,  0.0,  0.0
1036781.76897480, 44843.842177,    0.0,    2.0, -2.0,  0.00,  0.00,  0.00,  0.0,  0.0,  0.0
1036781.77147480, 44844.400287,    0.0,    2.0, -2.0,  0.00,  0.00,  0.00,  0.0,  0.0,  0.0
1036781.77397480, 44844.486719,    0.0,    2.0, -2.0,  0.00,  0.00,  0.00,  0.0,  0.0,  0.0
1036781.77647480, 44844.200010,    0.0,    2.0, -2.0,  0.00,  0.00,  0.00,  0.0,  0.0,  0.0
1036781.77897480, 44843.913301,    0.0,    2.0, -2.0,  0.00,  0.00,  0.00,  0.0,  0.0,  0.0
1036781.78147480, 44841.770018,    0.0,    2.0, -2.0,  0.00,  0.00,  0.00,  0.0,  0.0,  0.0
1036781.78397480, 44840.734332,    0.0,    2.0, -2.0,  0.00,  0.00,  0.00,  0.0,  0.0,  0.0
1036781.78647480, 44841.640454,    0.0,    2.0, -2.0,  0.00,  0.00,  0.00,  0.0,  0.0,  0.0
1036781.78897480, 44842.423802,    0.0,    2.0, -2.0,  0.00,  0.00,  0.00,  0.0,  0.0,  0.0
1036781.79147480, 44843.207150,    0.0,    2.0, -2.0,  0.00,  0.00,  0.00,  0.0,  0.0,  0.0
1036781.79397480, 44845.018992,    0.0,    2.0, -2.0,  0.00,  0.00,  0.00,  0.0,  0.0,  0.0
1036781.79647480, 44844.087600,    0.0,    2.0, -2.0,  0.00,  0.00,  0.00,  0.0,  0.0,  0.0
1036781.79897480, 44842.681023,    0.0,    2.0, -2.0,  0.00,  0.00,  0.00,  0.0,  0.0,  0.0
1036781.80147480, 44841.051514,    0.0,    2.0, -2.0,  0.00,  0.00,  0.00,  0.0,  0.0,  0.0
1036781.80397480, 44840.442064,    0.0,    2.0, -2.0,  0.00,  0.00,  0.00,  0.0,  0.0,  0.0
1036781.80647480, 44841.793892,    0.0,    2.0, -2.0,  0.00,  0.00,  0.00,  0.0,  0.0,  0.0
1036781.80897480, 44843.550279,    0.0,    2.0, -2.0,  0.00,  0.00,  0.00,  0.0,  0.0,  0.0
1036781.81147480, 44844.321456,    0.0,    2.0, -2.0,  0.00,  0.00,  0.00,  0.0,  0.0,  0.0
1036781.81397480, 44844.418683,    0.0,    2.0, -2.0,  0.00,  0.00,  0.00,  0.0,  0.0,  0.0
1036781.81647480, 44843.958741,    0.0,    2.0, -2.0,  0.00,  0.00,  0.00,  0.0,  0.0,  0.0
1036781.81897480, 44843.498799,    0.0,    2.0, -2.0,  0.00,  0.00,  0.00,  0.0,  0.0,  0.0
1036781.82147480, 44840.725627,    0.0,    2.0, -2.0,  0.00,  0.00,  0.00,  0.0,  0.0,  0.0
1036781.82397480, 44840.935642,    0.0,    2.0, -2.0,  0.00,  0.00,  0.00,  0.0,  0.0,  0.0
1036781.82647480, 44841.699453,    0.0,    2.0, -2.0,  0.00,  0.00,  0.00,  0.0,  0.0,  0.0
1036781.82897480, 44842.765383,    0.0,    2.0, -2.0,  0.00,  0.00,  0.00,  0.0,  0.0,  0.0
1036781.83147480, 44843.784855,    0.0,    2.0, -2.0,  0.00,  0.00,  0.00,  0.0,  0.0,  0.0
1036781.83397480, 44844.667590,    0.0,    2.0, -2.0,  0.00,  0.00,  0.00,  0.0,  0.0,  0.0
1036781.83647480, 44843.454927,    0.0,    2.0, -2.0,  0.00,  0.00,  0.00,  0.0,  0.0,  0.0
1036781.83897480, 44841.656641,    0.0,    2.0, -2.0,  0.00,  0.00,  0.00,  0.0,  0.0,  0.0
1036781.84147480, 44840.914177,    0.0,    2.0, -2.0,  0.00,  0.00,  0.00,  0.0,  0.0,  0.0
1036781.84397480, 44840.199452,    0.0,    2.0, -2.0,  0.00,  0.00,  0.00,  0.0,  0.0,  0.0
1036781.84647480, 44842.153444,    0.0,    2.0, -2.0,  0.00,  0.00,  0.00,  0.0,  0.0,  0.0
1036781.84897480, 44844.024880,    0.0,    2.0, -2.0,  0.00,  0.00,  0.00,  0.0,  0.0,  0.0
1036781.85147480, 44844.902611,    0.0,    2.0, -2.0,  0.00,  0.00,  0.00,  0.0,  0.0,  0.0
1036781.85397480, 44844.598966,    0.0,    2.0, -2.0,  0.00,  0.00,  0.00,  0.0,  0.0,  0.0
1036781.85647480, 44843.178212,    0.0,    2.0, -2.0,  0.00,  0.00,  0.00,  0.0,  0.0,  0.0
1036781.85897480, 44841.278373,    0.0,    2.0, -2.0,  0.00,  0.00,  0.00,  0.0,  0.0,  0.0
1036781.86147480, 44840.131881,    0.0,    2.0, -2.0,  0.00,  0.00,  0.00,  0.0,  0.0,  0.0
1036781.86397480, 44840.117079,    0.0,    2.0, -2.0,  0.00,  0.00,  0.00,  0.0,  0.0,  0.0
1036781.86647480, 44841.183456,    0.0,    2.0, -2.0,  0.00,  0.00,  0.00,  0.0,  0.0,  0.0
1036781.86897480, 44842.546584,    0.0,    2.0, -2.0,  0.00,  0.00,  0.00,  0.0,  0.0,  0.0
1036781.87147480, 44844.416329,    0.0,    2.0, -2.0,  0.00,  0.00,  0.00,  0.0,  0.0,  0.0
1036781.87397480, 44844.672469,    0.0,    2.0, -2.0,  0.00,  0.00,  0.00,  0.0,  0.0,  0.0
1036781.87647480, 44842.812221,    0.0,    2.0, -2.0,  0.00,  0.00,  0.00,  0.0,  0.0,  0.0
1036781.87897480, 44840.885722,    0.0,    2.0, -2.0,  0.00,  0.00,  0.00,  0.0,  0.0,  0.0
1036781.88147480, 44840.117648,    0.0,    2.0, -2.0,  0.00,  0.00,  0.00,  0.0,  0.0,  0.0
1036781.88397480, 44839.996292,    0.0,    2.0, -2.0,  0.00,  0.00,  0.00,  0.0,  0.0,  0.0
1036781.88647480, 44840.192997,    0.0,    2.0, -2.0,  0.00,  0.00,  0.00,  0.0,  0.0,  0.0
1036781.88897480, 44841.711259,    0.0,    2.0, -2.0,  0.00,  0.00,  0.00,  0.0,  0.0,  0.0
1036781.89147480, 44843.229520,    0.0,    2.0, -2.0,  0.00,  0.00,  0.00,  0.0,  0.0,  0.0
1036781.89397480, 44844.249818,    0.0,    2.0, -2.0,  0.00,  0.00,  0.00,  0.0,  0.0,  0.0
1036781.89647480, 44843.600567,    0.0,    2.0, -2.0,  0.00,  0.00,  0.00,  0.0,  0.0,  0.0
1036781.89897480, 44841.443423,    0.0,    2.0, -2.0,  0.00,  0.00,  0.00,  0.0,  0.0,  0.0
1036781.90147480, 44840.744649,    0.0,    2.0, -2.0,  0.00,  0.00,  0.00,  0.0,  0.0,  0.0
1036781.90397480, 44840.574594,    0.0,    2.0, -2.0,  0.00,  0.00,  0.00,  0.0,  0.0,  0.0
1036781.90647480, 44841.150728,    0.0,    2.0, -2.0,  0.00,  0.00,  0.00,  0.0,  0.0,  0.0
1036781.90897480, 44842.956927,    0.0,    2.0, -2.0,  0.00,  0.00,  0.00,  0.0,  0.0,  0.0
1036781.91147480, 44844.835679,    0.0,    2.0, -2.0,  0.00,  0.00,  0.00,  0.0,  0.0,  0.0
1036781.91397480, 44844.833454,    0.0,    2.0, -2.0,  0.00,  0.00,  0.00,  0.0,  0.0,  0.0
1036781.91647480, 44844.146745,    0.0,    2.0, -2.0,  0.00,  0.00,  0.00,  0.0,  0.0,  0.0
1036781.91897480, 44842.877969,    0.0,    2.0, -2.0,  0.00,  0.00,  0.00,  0.0,  0.0,  0.0
1036781.92147480, 44841.349281,    0.0,    2.0, -2.0,  0.00,  0.00,  0.00,  0.0,  0.0,  0.0
1036781.92397480, 44841.083387,    0.0,    2.0, -2.0,  0.00,  0.00,  0.00,  0.0,  0.0,  0.0
1036781.92647480, 44841.599913,    0.0,    2.0, -2.0,  0.00,  0.00,  0.00,  0.0,  0.0,  0.0
1036781.92897480, 44843.562007,    0.0,    2.0, -2.0,  0.00,  0.00,  0.00,  0.0,  0.0,  0.0
1036781.93147480, 44845.408996,    0.0,    2.0, -2.0,  0.00,  0.00,  0.00,  0.0,  0.0,  0.0
1036781.93397480, 44845.352575,    0.0,    2.0, -2.0,  0.00,  0.00,  0.00,  0.0,  0.0,  0.0
1036781.93647480, 44843.957387,    0.0,    2.0, -2.0,  0.00,  0.00,  0.00,  0.0,  0.0,  0.0
1036781.93897480, 44842.514772,    0.0,    2.0, -2.0,  0.00,  0.00,  0.00,  0.0,  0.0,  0.0
1036781.94147480, 44841.701829,    0.0,    2.0, -2.0,  0.00,  0.00,  0.00,  0.0,  0.0,  0.0
1036781.94397480, 44841.097904,    0.0,    2.0, -2.0,  0.00,  0.00,  0.00,  0.0,  0.0,  0.0
1036781.94647480, 44840.493980,    0.0,    2.0, -2.0,  0.00,  0.00,  0.00,  0.0,  0.0,  0.0
1036781.94897480, 44842.699261,    0.0,    2.0, -2.0,  0.00,  0.00,  0.00,  0.0,  0.0,  0.0
1036781.95147480, 44844.272616,    0.0,    2.0, -2.0,  0.00,  0.00,  0.00,  0.0,  0.0,  0.0
1036781.95397480, 44844.628162,    0.0,    2.0, -2.0,  0.00,  0.00,  0.00,  0.0,  0.0,  0.0
1036781.95647480, 44844.476692,    0.0,    2.0, -2.0,  0.00,  0.00,  0.00,  0.0,  0.0,  0.0
1036781.95897480, 44843.899481,    0.0,    2.0, -2.0,  0.00,  0.00,  0.00,  0.0,  0.0,  0.0
1036781.96147480, 44841.938437,    0.0,    2.0, -2.0,  0.00,  0.00,  0.00,  0.0,  0.0,  0.0
1036781.96397480, 44840.603848,    0.0,    2.0, -2.0,  0.00,  0.00,  0.00,  0.0,  0.0,  0.0
1036781.96897480, 44843.743092,    0.0,    2.0, -2.0,  0.00,  0.00,  0.00,  0.0,  0.0,  0.0
1036781.97147480, 44844.223550,    0.0,    2.0, -2.0,  0.00,  0.00,  0.00,  0.0,  0.0,  0.0
1036781.97397480, 44844.704009,    0.0,    2.0, -2.0,  0.00,  0.00,  0.00,  0.0,  0.0,  0.0
1036781.97647480, 44845.157369,    0.0,    2.0, -2.0,  0.00,  0.00,  0.00,  0.0,  0.0,  0.0
1036781.97897480, 44841.681734,    0.0,    2.0, -2.0,  0.00,  0.00,  0.00,  0.0,  0.0,  0.0
1036781.98147480, 44839.963287,    0.0,    2.0, -2.0,  0.00,  0.00,  0.00,  0.0,  0.0,  0.0
1036781.98397480, 44840.383143,    0.0,    2.0, -2.0,  0.00,  0.00,  0.00,  0.0,  0.0,  0.0
1036781.98647480, 44840.691195,    0.0,    2.0, -2.0,  0.00,  0.00,  0.00,  0.0,  0.0,  0.0
1036781.98897480, 44841.811419,    0.0,    2.0, -2.0,  0.00,  0.00,  0.00,  0.0,  0.0,  0.0
1036781.99147480, 44844.734681,    0.0,    2.0, -2.0,  0.00,  0.00,  0.00,  0.0,  0.0,  0.0
1036781.99397480, 44844.484363,    0.0,    2.0, -2.0,  0.00,  0.00,  0.00,  0.0,  0.0,  0.0
1036781.99647480, 44843.285279,    0.0,    2.0, -2.0,  0.00,  0.00,  0.00,  0.0,  0.0,  0.0
1036781.99897480, 44841.093145,    0.0,    2.0, -2.0,  0.00,  0.00,  0.00,  0.0,  0.0,  0.0
1036782.00147480, 44840.071128,    0.0,    2.0, -2.0,  0.00,  0.00,  0.00,  0.0,  0.0,  0.0
1036782.00397480, 44840.221792,    0.0,    2.0, -2.0,  0.00,  0.00,  0.00,  0.0,  0.0,  0.0
1036782.00647480, 44840.860738,    0.0,    2.0, -2.0,  0.00,  0.00,  0.00,  0.0,  0.0,  0.0
1036782.00897480, 44841.569249,    0.0,    2.0, -2.0,  0.00,  0.00,  0.00,  0.0,  0.0,  0.0
1036782.01147480, 44843.555943,    0.0,    2.0, -2.0,  0.00,  0.00,  0.00,  0.0,  0.0,  0.0
1036782.01397480, 44844.395175,    0.0,    2.0, -2.0,  0.00,  0.00,  0.00,  0.0,  0.0,  0.0
1036782.01647480, 44843.404943,    0.0,    2.0, -2.0,  0.00,  0.00,  0.00,  0.0,  0.0,  0.0
1036782.01897480, 44841.792694,    0.0,    2.0, -2.0,  0.00,  0.00,  0.00,  0.0,  0.0,  0.0
1036782.02147480, 44839.729787,    0.0,    2.0, -2.0,  0.00,  0.00,  0.00,  0.0,  0.0,  0.0
1036782.02397480, 44840.396957,    0.0,    2.0, -2.0,  0.00,  0.00,  0.00,  0.0,  0.0,  0.0
1036782.02647480, 44841.760874,    0.0,    2.0, -2.0,  0.00,  0.00,  0.00,  0.0,  0.0,  0.0
1036782.02897480, 44843.152363,    0.0,    2.0, -2.0,  0.00,  0.00,  0.00,  0.0,  0.0,  0.0
1036782.03147480, 44844.370020,    0.0,    2.0, -2.0,  0.00,  0.00,  0.00,  0.0,  0.0,  0.0
1036782.03397480, 44844.674381,    0.0,    2.0, -2.0,  0.00,  0.00,  0.00,  0.0,  0.0,  0.0
1036782.03647480, 44843.553638,    0.0,    2.0, -2.0,  0.00,  0.00,  0.00,  0.0,  0.0,  0.0
1036782.03897480, 44841.495194,    0.0,    2.0, -2.0,  0.00,  0.00,  0.00,  0.0,  0.0,  0.0
1036782.04147480, 44840.578350,    0.0,    2.0, -2.0,  0.00,  0.00,  0.00,  0.0,  0.0,  0.0
1036782.04397480, 44840.754509,    0.0,    2.0, -2.0,  0.00,  0.00,  0.00,  0.0,  0.0,  0.0
1036782.04647480, 44841.812427,    0.0,    2.0, -2.0,  0.00,  0.00,  0.00,  0.0,  0.0,  0.0
1036782.04897480, 44843.277179,    0.0,    2.0, -2.0,  0.00,  0.00,  0.00,  0.0,  0.0,  0.0
1036782.05147480, 44844.476192,    0.0,    2.0, -2.0,  0.00,  0.00,  0.00,  0.0,  0.0,  0.0
1036782.05397480, 44844.504009,    0.0,    2.0, -2.0,  0.00,  0.00,  0.00,  0.0,  0.0,  0.0
1036782.05647480, 44843.790288,    0.0,    2.0, -2.0,  0.00,  0.00,  0.00,  0.0,  0.0,  0.0
1036782.05897480, 44842.036236,    0.0,    2.0, -2.0,  0.00,  0.00,  0.00,  0.0,  0.0,  0.0
1036782.06147480, 44840.014822,    0.0,    2.0, -2.0,  0.00,  0.00,  0.00,  0.0,  0.0,  0.0
1036782.06397480, 44840.300242,    0.0,    2.0, -2.0,  0.00,  0.00,  0.00,  0.0,  0.0,  0.0
1036782.06647480, 44841.015706,    0.0,    2.0, -2.0,  0.00,  0.00,  0.00,  0.0,  0.0,  0.0
1036782.06897480, 44842.636969,    0.0,    2.0, -2.0,  0.00,  0.00,  0.00,  0.0,  0.0,  0.0
1036782.07147480, 44844.850995,    0.0,    2.0, -2.0,  0.00,  0.00,  0.00,  0.0,  0.0,  0.0
1036782.07397480, 44844.803358,    0.0,    2.0, -2.0,  0.00,  0.00,  0.00,  0.0,  0.0,  0.0
1036782.07647480, 44844.100091,    0.0,    2.0, -2.0,  0.00,  0.00,  0.00,  0.0,  0.0,  0.0
1036782.07897480, 44842.439508,    0.0,    2.0, -2.0,  0.00,  0.00,  0.00,  0.0,  0.0,  0.0
1036782.08147480, 44840.915632,    0.0,    2.0, -2.0,  0.00,  0.00,  0.00,  0.0,  0.0,  0.0
1036782.08397480, 44841.405109,    0.0,    2.0, -2.0,  0.00,  0.00,  0.00,  0.0,  0.0,  0.0
1036782.08647480, 44841.802850,    0.0,    2.0, -2.0,  0.00,  0.00,  0.00,  0.0,  0.0,  0.0
1036782.08897480, 44844.044992,    0.0,    2.0, -2.0,  0.00,  0.00,  0.00,  0.0,  0.0,  0.0
1036782.09147480, 44844.945906,    0.0,    2.0, -2.0,  0.00,  0.00,  0.00,  0.0,  0.0,  0.0
1036782.09397480, 44843.742417,    0.0,    2.0, -2.0,  0.00,  0.00,  0.00,  0.0,  0.0,  0.0
1036782.09647480, 44843.438733,    0.0,    2.0, -2.0,  0.00,  0.00,  0.00,  0.0,  0.0,  0.0
1036782.09897480, 44843.438733,    0.0,    2.0, -2.0,  0.00,  0.00,  0.00,  0.0,  0.0,  0.0
1036782.10147480, 44840.425866,    0.0,    2.0, -2.0,  0.00,  0.00,  0.00,  0.0,  0.0,  0.0
1036782.10397480, 44839.925491,    0.0,    2.0, -2.0,  0.00,  0.00,  0.00,  0.0,  0.0,  0.0
1036782.10647480, 44840.269483,    0.0,    2.0, -2.0,  0.00,  0.00,  0.00,  0.0,  0.0,  0.0
1036782.10897480, 44840.613476,    0.0,    2.0, -2.0,  0.00,  0.00,  0.00,  0.0,  0.0,  0.0
1036782.11147480, 44840.957468,    0.0,    2.0, -2.0,  0.00,  0.00,  0.00,  0.0,  0.0,  0.0
1036782.11397480, 44842.873352,    0.0,    2.0, -2.0,  0.00,  0.00,  0.00,  0.0,  0.0,  0.0
1036782.11647480, 44843.673930,    0.0,    2.0, -2.0,  0.00,  0.00,  0.00,  0.0,  0.0,  0.0
1036782.11897480, 44841.757864,    0.0,    2.0, -2.0,  0.00,  0.00,  0.00,  0.0,  0.0,  0.0
1036782.12147480, 44840.398594,    0.0,    2.0, -2.0,  0.00,  0.00,  0.00,  0.0,  0.0,  0.0
1036782.12397480, 44839.943579,    0.0,    2.0, -2.0,  0.00,  0.00,  0.00,  0.0,  0.0,  0.0
1036782.12647480, 44840.771593,    0.0,    2.0, -2.0,  0.00,  0.00,  0.00,  0.0,  0.0,  0.0
1036782.12897480, 44843.025261,    0.0,    2.0, -2.0,  0.00,  0.00,  0.00,  0.0,  0.0,  0.0
1036782.13147480, 44843.868234,    0.0,    2.0, -2.0,  0.00,  0.00,  0.00,  0.0,  0.0,  0.0
1036782.13397480, 44844.684885,    0.0,    2.0, -2.0,  0.00,  0.00,  0.00,  0.0,  0.0,  0.0
1036782.13647480, 44843.503078,    0.0,    2.0, -2.0,  0.00,  0.00,  0.00,  0.0,  0.0,  0.0
1036782.13897480, 44842.143946,    0.0,    2.0, -2.0,  0.00,  0.00,  0.00,  0.0,  0.0,  0.0
1036782.14147480, 44840.642351,    0.0,    2.0, -2.0,  0.00,  0.00,  0.00,  0.0,  0.0,  0.0
1036782.14397480, 44840.737999,    0.0,    2.0, -2.0,  0.00,  0.00,  0.00,  0.0,  0.0,  0.0
1036782.14647480, 44842.121650,    0.0,    2.0, -2.0,  0.00,  0.00,  0.00,  0.0,  0.0,  0.0
1036782.14897480, 44843.842184,    0.0,    2.0, -2.0,  0.00,  0.00,  0.00,  0.0,  0.0,  0.0
1036782.15147480, 44844.607211,    0.0,    2.0, -2.0,  0.00,  0.00,  0.00,  0.0,  0.0,  0.0
1036782.15397480, 44844.071329,    0.0,    2.0, -2.0,  0.00,  0.00,  0.00,  0.0,  0.0,  0.0
1036782.15647480, 44842.468816,    0.0,    2.0, -2.0,  0.00,  0.00,  0.00,  0.0,  0.0,  0.0
1036782.15897480, 44841.243203,    0.0,    2.0, -2.0,  0.00,  0.00,  0.00,  0.0,  0.0,  0.0
1036782.16147480, 44840.726034,    0.0,    2.0, -2.0,  0.00,  0.00,  0.00,  0.0,  0.0,  0.0
1036782.16397480, 44840.208865,    0.0,    2.0, -2.0,  0.00,  0.00,  0.00,  0.0,  0.0,  0.0
1036782.16647480, 44841.827571,    0.0,    2.0, -2.0,  0.00,  0.00,  0.00,  0.0,  0.0,  0.0
1036782.16897480, 44843.667867,    0.0,    2.0, -2.0,  0.00,  0.00,  0.00,  0.0,  0.0,  0.0
1036782.17147480, 44844.756458,    0.0,    2.0, -2.0,  0.00,  0.00,  0.00,  0.0,  0.0,  0.0
1036782.17397480, 44844.964991,    0.0,    2.0, -2.0,  0.00,  0.00,  0.00,  0.0,  0.0,  0.0
1036782.17647480, 44844.586524,    0.0,    2.0, -2.0,  0.00,  0.00,  0.00,  0.0,  0.0,  0.0
1036782.17897480, 44844.208057,    0.0,    2.0, -2.0,  0.00,  0.00,  0.00,  0.0,  0.0,  0.0
1036782.18147480, 44843.031740,    0.0,    2.0, -2.0,  0.00,  0.00,  0.00,  0.0,  0.0,  0.0
1036782.18397480, 44840.115100,    0.0,    2.0, -2.0,  0.00,  0.00,  0.00,  0.0,  0.0,  0.0
1036782.18647480, 44840.730187,    0.0,    2.0, -2.0,  0.00,  0.00,  0.00,  0.0,  0.0,  0.0
1036782.18897480, 44841.587800,    0.0,    2.0, -2.0,  0.00,  0.00,  0.00,  0.0,  0.0,  0.0
1036782.19147480, 44844.442677,    0.0,    2.0, -2.0,  0.00,  0.00,  0.00,  0.0,  0.0,  0.0
1036782.19397480, 44844.270467,    0.0,    2.0, -2.0,  0.00,  0.00,  0.00,  0.0,  0.0,  0.0
1036782.19647480, 44844.098256,    0.0,    2.0, -2.0,  0.00,  0.00,  0.00,  0.0,  0.0,  0.0
1036782.19897480, 44843.926046,    0.0,    2.0, -2.0,  0.00,  0.00,  0.00,  0.0,  0.0,  0.0
1036782.20397480, 44840.318670,    0.0,    2.0, -2.0,  0.00,  0.00,  0.00,  0.0,  0.0,  0.0
1036782.20647480, 44840.897835,    0.0,    2.0, -2.0,  0.00,  0.00,  0.00,  0.0,  0.0,  0.0
1036782.20897480, 44841.640443,    0.0,    2.0, -2.0,  0.00,  0.00,  0.00,  0.0,  0.0,  0.0
1036782.21147480, 44844.185950,    0.0,    2.0, -2.0,  0.00,  0.00,  0.00,  0.0,  0.0,  0.0
1036782.21397480, 44844.865700,    0.0,    2.0, -2.0,  0.00,  0.00,  0.00,  0.0,  0.0,  0.0
1036782.21647480, 44842.994204,    0.0,    2.0, -2.0,  0.00,  0.00,  0.00,  0.0,  0.0,  0.0
1036782.21897480, 44840.706138,    0.0,    2.0, -2.0,  0.00,  0.00,  0.00,  0.0,  0.0,  0.0
1036782.22147480, 44840.016648,    0.0,    2.0, -2.0,  0.00,  0.00,  0.00,  0.0,  0.0,  0.0
1036782.22397480, 44840.035097,    0.0,    2.0, -2.0,  0.00,  0.00,  0.00,  0.0,  0.0,  0.0
1036782.22647480, 44840.053546,    0.0,    2.0, -2.0,  0.00,  0.00,  0.00,  0.0,  0.0,  0.0
1036782.22897480, 44842.401000,    0.0,    2.0, -2.0,  0.00,  0.00,  0.00,  0.0,  0.0,  0.0
1036782.23147480, 44844.367111,    0.0,    2.0, -2.0,  0.00,  0.00,  0.00,  0.0,  0.0,  0.0
1036782.23397480, 44844.504135,    0.0,    2.0, -2.0,  0.00,  0.00,  0.00,  0.0,  0.0,  0.0
1036782.23647480, 44844.045114,    0.0,    2.0, -2.0,  0.00,  0.00,  0.00,  0.0,  0.0,  0.0
1036782.23897480, 44843.586093,    0.0,    2.0, -2.0,  0.00,  0.00,  0.00,  0.0,  0.0,  0.0
1036782.24147480, 44842.450970,    0.0,    2.0, -2.0,  0.00,  0.00,  0.00,  0.0,  0.0,  0.0
1036782.24397480, 44839.951225,    0.0,    2.0, -2.0,  0.00,  0.00,  0.00,  0.0,  0.0,  0.0
1036782.24647480, 44840.450264,    0.0,    2.0, -2.0,  0.00,  0.00,  0.00,  0.0,  0.0,  0.0
1036782.24897480, 44840.949304,    0.0,    2.0, -2.0,  0.00,  0.00,  0.00,  0.0,  0.0,  0.0
1036782.25147480, 44841.651823,    0.0,    2.0, -2.0,  0.00,  0.00,  0.00,  0.0,  0.0,  0.0
1036782.25397480, 44842.751171,    0.0,    2.0, -2.0,  0.00,  0.00,  0.00,  0.0,  0.0,  0.0
1036782.25647480, 44843.850519,    0.0,    2.0, -2.0,  0.00,  0.00,  0.00,  0.0,  0.0,  0.0
1036782.25897480, 44844.498111,    0.0,    2.0, -2.0,  0.00,  0.00,  0.00,  0.0,  0.0,  0.0
1036782.26147480, 44841.108607,    0.0,    2.0, -2.0,  0.00,  0.00,  0.00,  0.0,  0.0,  0.0
1036782.26397480, 44839.974024,    0.0,    2.0, -2.0,  0.00,  0.00,  0.00,  0.0,  0.0,  0.0
1036782.26647480, 44841.530900,    0.0,    2.0, -2.0,  0.00,  0.00,  0.00,  0.0,  0.0,  0.0
1036782.26897480, 44843.725263,    0.0,    2.0, -2.0,  0.00,  0.00,  0.00,  0.0,  0.0,  0.0
1036782.27147480, 44844.889055,    0.0,    2.0, -2.0,  0.00,  0.00,  0.00,  0.0,  0.0,  0.0
1036782.27397480, 44844.910530,    0.0,    2.0, -2.0,  0.00,  0.00,  0.00,  0.0,  0.0,  0.0
1036782.27647480, 44843.780969,    0.0,    2.0, -2.0,  0.00,  0.00,  0.00,  0.0,  0.0,  0.0
1036782.27897480, 44841.434962,    0.0,    2.0, -2.0,  0.00,  0.00,  0.00,  0.0,  0.0,  0.0
1036782.28147480, 44840.420284,    0.0,    2.0, -2.0,  0.00,  0.00,  0.00,  0.0,  0.0,  0.0
1036782.28397480, 44840.074209,    0.0,    2.0, -2.0,  0.00,  0.00,  0.00,  0.0,  0.0,  0.0
1036782.28647480, 44840.690973,    0.0,    2.0, -2.0,  0.00,  0.00,  0.00,  0.0,  0.0,  0.0
1036782.28897480, 44841.326607,    0.0,    2.0, -2.0,  0.00,  0.00,  0.00,  0.0,  0.0,  0.0
1036782.29147480, 44843.848128,    0.0,    2.0, -2.0,  0.00,  0.00,  0.00,  0.0,  0.0,  0.0
1036782.29397480, 44844.956827,    0.0,    2.0, -2.0,  0.00,  0.00,  0.00,  0.0,  0.0,  0.0
1036782.29647480, 44843.418039,    0.0,    2.0, -2.0,  0.00,  0.00,  0.00,  0.0,  0.0,  0.0
1036782.29897480, 44841.786053,    0.0,    2.0, -2.0,  0.00,  0.00,  0.00,  0.0,  0.0,  0.0
1036782.30147480, 44840.976426,    0.0,    2.0, -2.0,  0.00,  0.00,  0.00,  0.0,  0.0,  0.0
1036782.30397480, 44840.347941,    0.0,    2.0, -2.0,  0.00,  0.00,  0.00,  0.0,  0.0,  0.0
1036782.30647480, 44840.903156,    0.0,    2.0, -2.0,  0.00,  0.00,  0.00,  0.0,  0.0,  0.0
1036782.30897480, 44841.458371,    0.0,    2.0, -2.0,  0.00,  0.00,  0.00,  0.0,  0.0,  0.0
1036782.31147480, 44842.938254,    0.0,    2.0, -2.0,  0.00,  0.00,  0.00,  0.0,  0.0,  0.0
1036782.31397480, 44844.543558,    0.0,    2.0, -2.0,  0.00,  0.00,  0.00,  0.0,  0.0,  0.0
1036782.31647480, 44843.491315,    0.0,    2.0, -2.0,  0.00,  0.00,  0.00,  0.0,  0.0,  0.0
1036782.31897480, 44842.540953,    0.0,    2.0, -2.0,  0.00,  0.00,  0.00,  0.0,  0.0,  0.0
1036782.32147480, 44841.616917,    0.0,    2.0, -2.0,  0.00,  0.00,  0.00,  0.0,  0.0,  0.0
1036782.32397480, 44840.848362,    0.0,    2.0, -2.0,  0.00,  0.00,  0.00,  0.0,  0.0,  0.0
1036782.32647480, 44840.358511,    0.0,    2.0, -2.0,  0.00,  0.00,  0.00,  0.0,  0.0,  0.0
1036782.32897480, 44842.827720,    0.0,    2.0, -2.0,  0.00,  0.00,  0.00,  0.0,  0.0,  0.0
1036782.33147480, 44844.057433,    0.0,    2.0, -2.0,  0.00,  0.00,  0.00,  0.0,  0.0,  0.0
1036782.33397480, 44843.979578,    0.0,    2.0, -2.0,  0.00,  0.00,  0.00,  0.0,  0.0,  0.0
1036782.33647480, 44841.958725,    0.0,    2.0, -2.0,  0.00,  0.00,  0.00,  0.0,  0.0,  0.0
1036782.33897480, 44841.471624,    0.0,    2.0, -2.0,  0.00,  0.00,  0.00,  0.0,  0.0,  0.0
1036782.34147480, 44839.893382,    0.0,    2.0, -2.0,  0.00,  0.00,  0.00,  0.0,  0.0,  0.0
1036782.34397480, 44839.965436,    0.0,    2.0, -2.0,  0.00,  0.00,  0.00,  0.0,  0.0,  0.0
1036782.34647480, 44840.404610,    0.0,    2.0, -2.0,  0.00,  0.00,  0.00,  0.0,  0.0,  0.0
1036782.34897480, 44840.843784,    0.0,    2.0, -2.0,  0.00,  0.00,  0.00,  0.0,  0.0,  0.0
1036782.35147480, 44842.309741,    0.0,    2.0, -2.0,  0.00,  0.00,  0.00,  0.0,  0.0,  0.0
1036782.35397480, 44844.043194,    0.0,    2.0, -2.0,  0.00,  0.00,  0.00,  0.0,  0.0,  0.0
1036782.35647480, 44842.323602,    0.0,    2.0, -2.0,  0.00,  0.00,  0.00,  0.0,  0.0,  0.0
1036782.35897480, 44840.783892,    0.0,    2.0, -2.0,  0.00,  0.00,  0.00,  0.0,  0.0,  0.0
1036782.36147480, 44839.657755,    0.0,    2.0, -2.0,  0.00,  0.00,  0.00,  0.0,  0.0,  0.0
1036782.36397480, 44840.140022,    0.0,    2.0, -2.0,  0.00,  0.00,  0.00,  0.0,  0.0,  0.0
1036782.36647480, 44840.893958,    0.0,    2.0, -2.0,  0.00,  0.00,  0.00,  0.0,  0.0,  0.0
1036782.36897480, 44841.688585,    0.0,    2.0, -2.0,  0.00,  0.00,  0.00,  0.0,  0.0,  0.0
1036782.37147480, 44842.716135,    0.0,    2.0, -2.0,  0.00,  0.00,  0.00,  0.0,  0.0,  0.0
1036782.37397480, 44843.743686,    0.0,    2.0, -2.0,  0.00,  0.00,  0.00,  0.0,  0.0,  0.0
1036782.37647480, 44843.646884,    0.0,    2.0, -2.0,  0.00,  0.00,  0.00,  0.0,  0.0,  0.0
1036782.37897480, 44840.907903,    0.0,    2.0, -2.0,  0.00,  0.00,  0.00,  0.0,  0.0,  0.0
1036782.38147480, 44839.742855,    0.0,    2.0, -2.0,  0.00,  0.00,  0.00,  0.0,  0.0,  0.0
1036782.38397480, 44839.782607,    0.0,    2.0, -2.0,  0.00,  0.00,  0.00,  0.0,  0.0,  0.0
1036782.38647480, 44840.382541,    0.0,    2.0, -2.0,  0.00,  0.00,  0.00,  0.0,  0.0,  0.0
1036782.38897480, 44840.982474,    0.0,    2.0, -2.0,  0.00,  0.00,  0.00,  0.0,  0.0,  0.0
1036782.39147480, 44844.682561,    0.0,    2.0, -2.0,  0.00,  0.00,  0.00,  0.0,  0.0,  0.0
1036782.39397480, 44844.820105,    0.0,    2.0, -2.0,  0.00,  0.00,  0.00,  0.0,  0.0,  0.0
1036782.39647480, 44844.930028,    0.0,    2.0, -2.0,  0.00,  0.00,  0.00,  0.0,  0.0,  0.0
1036782.39897480, 44843.871653,    0.0,    2.0, -2.0,  0.00,  0.00,  0.00,  0.0,  0.0,  0.0
1036782.40147480, 44841.901569,    0.0,    2.0, -2.0,  0.00,  0.00,  0.00,  0.0,  0.0,  0.0
1036782.40397480, 44840.530247,    0.0,    2.0, -2.0,  0.00,  0.00,  0.00,  0.0,  0.0,  0.0
1036782.40647480, 44841.314367,    0.0,    2.0, -2.0,  0.00,  0.00,  0.00,  0.0,  0.0,  0.0
1036782.40897480, 44842.154066,    0.0,    2.0, -2.0,  0.00,  0.00,  0.00,  0.0,  0.0,  0.0
1036782.41147480, 44843.025595,    0.0,    2.0, -2.0,  0.00,  0.00,  0.00,  0.0,  0.0,  0.0
1036782.41397480, 44843.875659,    0.0,    2.0, -2.0,  0.00,  0.00,  0.00,  0.0,  0.0,  0.0
1036782.41647480, 44842.752227,    0.0,    2.0, -2.0,  0.00,  0.00,  0.00,  0.0,  0.0,  0.0
1036782.41897480, 44841.646685,    0.0,    2.0, -2.0,  0.00,  0.00,  0.00,  0.0,  0.0,  0.0
1036782.42147480, 44840.581460,    0.0,    2.0, -2.0,  0.00,  0.00,  0.00,  0.0,  0.0,  0.0
1036782.42397480, 44840.502031,    0.0,    2.0, -2.0,  0.00,  0.00,  0.00,  0.0,  0.0,  0.0
1036782.42647480, 44841.554150,    0.0,    2.0, -2.0,  0.00,  0.00,  0.00,  0.0,  0.0,  0.0
1036782.42897480, 44843.209703,    0.0,    2.0, -2.0,  0.00,  0.00,  0.00,  0.0,  0.0,  0.0
1036782.43147480, 44844.633649,    0.0,    2.0, -2.0,  0.00,  0.00,  0.00,  0.0,  0.0,  0.0
1036782.43397480, 44844.998897,    0.0,    2.0, -2.0,  0.00,  0.00,  0.00,  0.0,  0.0,  0.0
1036782.43647480, 44842.423121,    0.0,    2.0, -2.0,  0.00,  0.00,  0.00,  0.0,  0.0,  0.0
1036782.43897480, 44842.006164,    0.0,    2.0, -2.0,  0.00,  0.00,  0.00,  0.0,  0.0,  0.0
1036782.44147480, 44842.006164,    0.0,    2.0, -2.0,  0.00,  0.00,  0.00,  0.0,  0.0,  0.0
1036782.44397480, 44841.782397,    0.0,    2.0, -2.0,  0.00,  0.00,  0.00,  0.0,  0.0,  0.0
1036782.44647480, 44841.686455,    0.0,    2.0, -2.0,  0.00,  0.00,  0.00,  0.0,  0.0,  0.0
1036782.44897480, 44842.506885,    0.0,    2.0, -2.0,  0.00,  0.00,  0.00,  0.0,  0.0,  0.0
1036782.45147480, 44843.327315,    0.0,    2.0, -2.0,  0.00,  0.00,  0.00,  0.0,  0.0,  0.0
1036782.45397480, 44843.144880,    0.0,    2.0, -2.0,  0.00,  0.00,  0.00,  0.0,  0.0,  0.0
1036782.45647480, 44842.228807,    0.0,    2.0, -2.0,  0.00,  0.00,  0.00,  0.0,  0.0,  0.0
1036782.45897480, 44841.222322,    0.0,    2.0, -2.0,  0.00,  0.00,  0.00,  0.0,  0.0,  0.0
1036782.46147480, 44840.260545,    0.0,    2.0, -2.0,  0.00,  0.00,  0.00,  0.0,  0.0,  0.0
1036782.46397480, 44840.380727,    0.0,    2.0, -2.0,  0.00,  0.00,  0.00,  0.0,  0.0,  0.0
1036782.46647480, 44841.041950,    0.0,    2.0, -2.0,  0.00,  0.00,  0.00,  0.0,  0.0,  0.0
1036782.46897480, 44843.161786,    0.0,    2.0, -2.0,  0.00,  0.00,  0.00,  0.0,  0.0,  0.0
1036782.47147480, 44844.868212,    0.0,    2.0, -2.0,  0.00,  0.00,  0.00,  0.0,  0.0,  0.0
1036782.47397480, 44845.020972,    0.0,    2.0, -2.0,  0.00,  0.00,  0.00,  0.0,  0.0,  0.0
1036782.47647480, 44843.858710,    0.0,    2.0, -2.0,  0.00,  0.00,  0.00,  0.0,  0.0,  0.0
1036782.47897480, 44841.338419,    0.0,    2.0, -2.0,  0.00,  0.00,  0.00,  0.0,  0.0,  0.0
1036782.48147480, 44840.541456,    0.0,    2.0, -2.0,  0.00,  0.00,  0.00,  0.0,  0.0,  0.0
1036782.48397480, 44840.092353,    0.0,    2.0, -2.0,  0.00,  0.00,  0.00,  0.0,  0.0,  0.0
1036782.48647480, 44840.498562,    0.0,    2.0, -2.0,  0.00,  0.00,  0.00,  0.0,  0.0,  0.0
1036782.48897480, 44840.904771,    0.0,    2.0, -2.0,  0.00,  0.00,  0.00,  0.0,  0.0,  0.0
1036782.49147480, 44841.310980,    0.0,    2.0, -2.0,  0.00,  0.00,  0.00,  0.0,  0.0,  0.0
1036782.49397480, 44844.378515,    0.0,    2.0, -2.0,  0.00,  0.00,  0.00,  0.0,  0.0,  0.0
1036782.49647480, 44842.722003,    0.0,    2.0, -2.0,  0.00,  0.00,  0.00,  0.0,  0.0,  0.0
1036782.49897480, 44841.111462,    0.0,    2.0, -2.0,  0.00,  0.00,  0.00,  0.0,  0.0,  0.0
1036782.50147480, 44839.873334,    0.0,    2.0, -2.0,  0.00,  0.00,  0.00,  0.0,  0.0,  0.0
1036782.50397480, 44840.606620,    0.0,    2.0, -2.0,  0.00,  0.00,  0.00,  0.0,  0.0,  0.0
1036782.50647480, 44841.665588,    0.0,    2.0, -2.0,  0.00,  0.00,  0.00,  0.0,  0.0,  0.0
1036782.50897480, 44842.998325,    0.0,    2.0, -2.0,  0.00,  0.00,  0.00,  0.0,  0.0,  0.0
1036782.51147480, 44844.084844,    0.0,    2.0, -2.0,  0.00,  0.00,  0.00,  0.0,  0.0,  0.0
1036782.51397480, 44844.317764,    0.0,    2.0, -2.0,  0.00,  0.00,  0.00,  0.0,  0.0,  0.0
1036782.51647480, 44843.504724,    0.0,    2.0, -2.0,  0.00,  0.00,  0.00,  0.0,  0.0,  0.0
1036782.51897480, 44841.793654,    0.0,    2.0, -2.0,  0.00,  0.00,  0.00,  0.0,  0.0,  0.0
1036782.52147480, 44841.097548,    0.0,    2.0, -2.0,  0.00,  0.00,  0.00,  0.0,  0.0,  0.0
1036782.52397480, 44840.616048,    0.0,    2.0, -2.0,  0.00,  0.00,  0.00,  0.0,  0.0,  0.0
1036782.52647480, 44841.074494,    0.0,    2.0, -2.0,  0.00,  0.00,  0.00,  0.0,  0.0,  0.0
1036782.52897480, 44841.532939,    0.0,    2.0, -2.0,  0.00,  0.00,  0.00,  0.0,  0.0,  0.0
1036782.53147480, 44842.395001,    0.0,    2.0, -2.0,  0.00,  0.00,  0.00,  0.0,  0.0,  0.0
1036782.53397480, 44844.483565,    0.0,    2.0, -2.0,  0.00,  0.00,  0.00,  0.0,  0.0,  0.0
1036782.53647480, 44842.962796,    0.0,    2.0, -2.0,  0.00,  0.00,  0.00,  0.0,  0.0,  0.0
1036782.53897480, 44841.011240,    0.0,    2.0, -2.0,  0.00,  0.00,  0.00,  0.0,  0.0,  0.0
1036782.54147480, 44840.573335,    0.0,    2.0, -2.0,  0.00,  0.00,  0.00,  0.0,  0.0,  0.0
1036782.54397480, 44841.039533,    0.0,    2.0, -2.0,  0.00,  0.00,  0.00,  0.0,  0.0,  0.0
1036782.54647480, 44841.739071,    0.0,    2.0, -2.0,  0.00,  0.00,  0.00,  0.0,  0.0,  0.0
1036782.54897480, 44841.998591,    0.0,    2.0, -2.0,  0.00,  0.00,  0.00,  0.0,  0.0,  0.0
1036782.55147480, 44842.258111,    0.0,    2.0, -2.0,  0.00,  0.00,  0.00,  0.0,  0.0,  0.0
1036782.55397480, 44842.517632,    0.0,    2.0, -2.0,  0.00,  0.00,  0.00,  0.0,  0.0,  0.0
1036782.55647480, 44842.777152,    0.0,    2.0, -2.0,  0.00,  0.00,  0.00,  0.0,  0.0,  0.0
1036782.55897480, 44843.036672,    0.0,    2.0, -2.0,  0.00,  0.00,  0.00,  0.0,  0.0,  0.0
1036782.56147480, 44843.296192,    0.0,    2.0, -2.0,  0.00,  0.00,  0.00,  0.0,  0.0,  0.0
1036782.56397480, 44843.168012,    0.0,    2.0, -2.0,  0.00,  0.00,  0.00,  0.0,  0.0,  0.0
1036782.56647480, 44841.682109,    0.0,    2.0, -2.0,  0.00,  0.00,  0.00,  0.0,  0.0,  0.0
1036782.56897480, 44843.300042,    0.0,    2.0, -2.0,  0.00,  0.00,  0.00,  0.0,  0.0,  0.0
1036782.57147480, 44844.334166,    0.0,    2.0, -2.0,  0.00,  0.00,  0.00,  0.0,  0.0,  0.0
1036782.57397480, 44844.719854,    0.0,    2.0, -2.0,  0.00,  0.00,  0.00,  0.0,  0.0,  0.0
1036782.57647480, 44844.691834,    0.0,    2.0, -2.0,  0.00,  0.00,  0.00,  0.0,  0.0,  0.0
1036782.57897480, 44844.663813,    0.0,    2.0, -2.0,  0.00,  0.00,  0.00,  0.0,  0.0,  0.0
1036782.58147480, 44844.635793,    0.0,    2.0, -2.0,  0.00,  0.00,  0.00,  0.0,  0.0,  0.0
1036782.58397480, 44844.607772,    0.0,    2.0, -2.0,  0.00,  0.00,  0.00,  0.0,  0.0,  0.0
1036782.58647480, 44844.579752,    0.0,    2.0, -2.0,  0.00,  0.00,  0.00,  0.0,  0.0,  0.0
1036782.58897480, 44844.551731,    0.0,    2.0, -2.0,  0.00,  0.00,  0.00,  0.0,  0.0,  0.0
1036782.59147480, 44844.523711,    0.0,    2.0, -2.0,  0.00,  0.00,  0.00,  0.0,  0.0,  0.0
1036782.59397480, 44844.669161,    0.0,    2.0, -2.0,  0.00,  0.00,  0.00,  0.0,  0.0,  0.0
1036782.59647480, 44843.928051,    0.0,    2.0, -2.0,  0.00,  0.00,  0.00,  0.0,  0.0,  0.0
1036782.59897480, 44842.999929,    0.0,    2.0, -2.0,  0.00,  0.00,  0.00,  0.0,  0.0,  0.0
1036782.60147480, 44842.071806,    0.0,    2.0, -2.0,  0.00,  0.00,  0.00,  0.0,  0.0,  0.0
1036782.60397480, 44841.462714,    0.0,    2.0, -2.0,  0.00,  0.00,  0.00,  0.0,  0.0,  0.0
1036782.60647480, 44842.559947,    0.0,    2.0, -2.0,  0.00,  0.00,  0.00,  0.0,  0.0,  0.0
1036782.60897480, 44843.646672,    0.0,    2.0, -2.0,  0.00,  0.00,  0.00,  0.0,  0.0,  0.0
1036782.61147480, 44844.717230,    0.0,    2.0, -2.0,  0.00,  0.00,  0.00,  0.0,  0.0,  0.0
1036782.61397480, 44844.269028,    0.0,    2.0, -2.0,  0.00,  0.00,  0.00,  0.0,  0.0,  0.0
1036782.61647480, 44843.783349,    0.0,    2.0, -2.0,  0.00,  0.00,  0.00,  0.0,  0.0,  0.0
1036782.61897480, 44843.387705,    0.0,    2.0, -2.0,  0.00,  0.00,  0.00,  0.0,  0.0,  0.0
1036782.62147480, 44843.042129,    0.0,    2.0, -2.0,  0.00,  0.00,  0.00,  0.0,  0.0,  0.0
1036782.62397480, 44842.696553,    0.0,    2.0, -2.0,  0.00,  0.00,  0.00,  0.0,  0.0,  0.0
1036782.62647480, 44842.350978,    0.0,    2.0, -2.0,  0.00,  0.00,  0.00,  0.0,  0.0,  0.0
1036782.62897480, 44842.005402,    0.0,    2.0, -2.0,  0.00,  0.00,  0.00,  0.0,  0.0,  0.0
1036782.63147480, 44841.659826,    0.0,    2.0, -2.0,  0.00,  0.00,  0.00,  0.0,  0.0,  0.0
1036782.63397480, 44841.314250,    0.0,    2.0, -2.0,  0.00,  0.00,  0.00,  0.0,  0.0,  0.0
1036782.63647480, 44840.968674,    0.0,    2.0, -2.0,  0.00,  0.00,  0.00,  0.0,  0.0,  0.0
1036782.63897480, 44840.623098,    0.0,    2.0, -2.0,  0.00,  0.00,  0.00,  0.0,  0.0,  0.0
1036782.64147480, 44840.388748,    0.0,    2.0, -2.0,  0.00,  0.00,  0.00,  0.0,  0.0,  0.0
1036782.64397480, 44840.740412,    0.0,    2.0, -2.0,  0.00,  0.00,  0.00,  0.0,  0.0,  0.0
1036782.64647479, 44842.340312,    0.0,    2.0, -2.0,  0.00,  0.00,  0.00,  0.0,  0.0,  0.0
1036782.64897479, 44843.462098,    0.0,    2.0, -2.0,  0.00,  0.00,  0.00,  0.0,  0.0,  0.0
1036782.65147479, 44844.104761,    0.0,    2.0, -2.0,  0.00,  0.00,  0.00,  0.0,  0.0,  0.0
1036782.65397480, 44844.489415,   15.6,    2.0,  13.6,  0.01,  0.00,  0.01,  0.0,  0.0,  0.0
1036782.65647480, 44842.713533,   66.4,    2.0,  64.4,  0.05,  0.00,  0.05,  0.0,  0.0,  0.0
1036782.65897480, 44840.992019,  117.2,    2.0,  115.2,  0.09,  0.00,  0.09,  0.0,  0.0,  0.0
1036782.66147480, 44840.595199,  168.0,    2.0,  165.9,  0.13,  0.00,  0.13,  0.0,  0.0,  0.0
1036782.66397480, 44840.605042,  218.7,    2.0,  216.7,  0.17,  0.00,  0.17,  0.0,  0.0,  0.0
1036782.66647480, 44842.004291,  269.5,    2.0,  267.5,  0.21,  0.00,  0.21,  0.0,  0.0,  0.0
1036782.66897480, 44843.991570,  320.3,    2.0,  318.3,  0.25,  0.00,  0.25,  0.0,  0.0,  0.0
1036782.67147480, 44844.987355,  371.1,    2.0,  369.1,  0.29,  0.00,  0.29,  0.0,  0.0,  0.0
1036782.67397480, 44845.033530,  421.9,    2.0,  419.8,  0.33,  0.00,  0.33,  0.0,  0.0,  0.0
1036782.67647480, 44845.079705,  472.6,    2.0,  470.6,  0.37,  0.00,  0.37,  0.0,  0.0,  0.0
1036782.67897480, 44845.125880,  523.4,    2.0,  521.4,  0.41,  0.00,  0.41,  0.0,  0.0,  0.0
1036782.68147480, 44845.172055,  574.2,    2.0,  572.2,  0.45,  0.00,  0.45,  0.0,  0.0,  0.0
1036782.68397480, 44845.218230,  625.0,    2.0,  623.0,  0.49,  0.00,  0.49,  0.0,  0.0,  0.0
1036782.68647480, 44841.796766,  675.8,    2.0,  673.7,  0.53,  0.00,  0.53,  0.0,  0.0,  0.0
1036782.68897480, 44843.510932,  726.5,    2.0,  724.5,  0.57,  0.00,  0.57,  0.0,  0.0,  0.0
1036782.69147480, 44844.384134,  777.3,    2.0,  775.3,  0.61,  0.00,  0.61,  0.0,  0.0,  0.0
1036782.69397480, 44843.901101,  828.1,    2.0,  826.1,  0.66,  0.00,  0.66,  0.0,  0.0,  0.0
1036782.69647480, 44843.588404,  878.9,    2.0,  876.9,  0.70,  0.00,  0.70,  0.0,  0.0,  0.0
1036782.69897480, 44841.042827,  929.6,    2.0,  927.6,  0.74,  0.00,  0.74,  0.0,  0.0,  0.0
1036782.70147480, 44840.102268,  980.4,    2.0,  978.4,  0.78,  0.00,  0.78,  0.0,  0.0,  0.0
1036782.70397480, 44840.985567, 1000.0,    2.0,  998.0,  0.79,  0.00,  0.79,  0.0,  0.0,  0.0
1036782.70647480, 44841.279189, 1000.0,    2.0,  998.0,  0.79,  0.00,  0.79,  0.0,  0.0,  0.0
1036782.70897480, 44841.440686, 1000.0,    2.0,  998.0,  0.79,  0.00,  0.79,  0.0,  0.0,  0.0
1036782.71147480, 44842.206078, 1000.0,    2.0,  998.0,  0.79,  0.00,  0.79,  0.0,  0.0,  0.0
1036782.71397480, 44842.971470, 1000.0,    2.0,  998.0,  0.79,  0.00,  0.79,  0.0,  0.0,  0.0
1036782.71647480, 44843.736862, 1000.0,    2.0,  998.0,  0.79,  0.00,  0.79,  0.0,  0.0,  0.0
1036782.71897480, 44844.414773, 1000.0,    2.0,  998.0,  0.79,  0.00,  0.79,  0.0,  0.0,  0.0
1036782.72147480, 44842.654694, 1000.0,    2.0,  998.0,  0.79,  0.00,  0.79,  0.0,  0.0,  0.0
1036782.72397480, 44840.894615, 1000.0,    2.0,  998.0,  0.79,  0.00,  0.79,  0.0,  0.0,  0.0
1036782.72647480, 44841.407079, 1000.0,    2.0,  998.0,  0.79,  0.00,  0.79,  0.0,  0.0,  0.0
1036782.72897480, 44843.051939, 1000.0,    2.0,  998.0,  0.79,  0.00,  0.79,  0.0,  0.0,  0.0
1036782.73147480, 44844.470739, 1000.0,    2.0,  998.0,  0.79,  0.00,  0.79,  0.0,  0.0,  0.0
1036782.73397480, 44844.714144, 1000.0,    2.0,  998.0,  0.79,  0.00,  0.79,  0.0,  0.0,  0.0
1036782.73647480, 44843.789014, 1000.0,    2.0,  998.0,  0.79,  0.00,  0.79,  0.0,  0.0,  0.0
1036782.73897480, 44842.690203, 1000.0,    2.0,  998.0,  0.79,  0.00,  0.79,  0.0,  0.0,  0.0
1036782.74147480, 44841.356337, 1000.0,    2.0,  998.0,  0.79,  0.00,  0.79,  0.0,  0.0,  0.0
1036782.74397480, 44840.022470, 1000.0,    2.0,  998.0,  0.79,  0.00,  0.79,  0.0,  0.0,  0.0
1036782.74647480, 44841.404354, 1000.0,    2.0,  998.0,  0.79,  0.00,  0.79,  0.0,  0.0,  0.0
1036782.74897480, 44843.178685, 1000.0,    2.0,  998.0,  0.79,  0.00,  0.79,  0.0,  0.0,  0.0
1036782.75147480, 44844.753589, 1000.0,    2.0,  998.0,  0.79,  0.00,  0.79,  0.0,  0.0,  0.0
1036782.75397480, 44844.544067, 1000.0,    2.0,  998.0,  0.79,  0.00,  0.79,  0.0,  0.0,  0.0
1036782.75647480, 44843.864790, 1000.0,    2.0,  998.0,  0.79,  0.00,  0.79,  0.0,  0.0,  0.0
1036782.75897480, 44842.893573, 1000.0,    2.0,  998.0,  0.79,  0.00,  0.79,  0.0,  0.0,  0.0
1036782.76147480, 44841.396625, 1000.0,    2.0,  998.0,  0.79,  0.00,  0.79,  0.0,  0.0,  0.0
1036782.76647480, 44842.350242, 1000.0,    2.0,  998.0,  0.79,  0.00,  0.79,  0.0,  0.0,  0.0
1036782.76897480, 44843.905963, 1000.0,    2.0,  998.0,  0.79,  0.00,  0.79,  0.0,  0.0,  0.0
1036782.77147480, 44844.852329, 1000.0,    2.0,  998.0,  0.79,  0.00,  0.79,  0.0,  0.0,  0.0
1036782.77397480, 44844.728338, 1000.0,    2.0,  998.0,  0.79,  0.00,  0.79,  0.0,  0.0,  0.0
1036782.77647480, 44843.582905, 1000.0,    2.0,  998.0,  0.79,  0.00,  0.79,  0.0,  0.0,  0.0
1036782.77897480, 44842.317649, 1000.0,    2.0,  998.0,  0.79,  0.00,  0.79,  0.0,  0.0,  0.0
1036782.78147480, 44841.038005, 1000.0,    2.0,  998.0,  0.79,  0.00,  0.79,  0.0,  0.0,  0.0
1036782.78397480, 44840.445960, 1000.0,    2.0,  998.0,  0.79,  0.00,  0.79,  0.0,  0.0,  0.0
1036782.78647480, 44841.785411, 1000.0,    2.0,  998.0,  0.79,  0.00,  0.79,  0.0,  0.0,  0.0
1036782.78897480, 44843.581176, 1000.0,    2.0,  998.0,  0.79,  0.00,  0.79,  0.0,  0.0,  0.0
1036782.79147480, 44844.881315, 1000.0,    2.0,  998.0,  0.79,  0.00,  0.79,  0.0,  0.0,  0.0
1036782.79397480, 44845.067788, 1000.0,    2.0,  998.0,  0.79,  0.00,  0.79,  0.0,  0.0,  0.0
1036782.79647480, 44845.108636, 1000.0,    2.0,  998.0,  0.79,  0.00,  0.79,  0.0,  0.0,  0.0
1036782.79897480, 44844.147340, 1000.0,    2.0,  998.0,  0.79,  0.00,  0.79,  0.0,  0.0,  0.0
1036782.80147480, 44842.293344, 1000.0,    2.0,  998.0,  0.79,  0.00,  0.79,  0.0,  0.0,  0.0
1036782.80397480, 44840.439349, 1000.0,    2.0,  998.0,  0.79,  0.00,  0.79,  0.0,  0.0,  0.0
1036782.80647480, 44841.232802, 1000.0,    2.0,  998.0,  0.79,  0.00,  0.79,  0.0,  0.0,  0.0
1036782.80897480, 44843.863841, 1000.0,    2.0,  998.0,  0.79,  0.00,  0.79,  0.0,  0.0,  0.0
1036782.81147480, 44845.361146, 1000.0,    2.0,  998.0,  0.79,  0.00,  0.79,  0.0,  0.0,  0.0
1036782.81397480, 44844.984151, 1000.0,    2.0,  998.0,  0.79,  0.00,  0.79,  0.0,  0.0,  0.0
1036782.81647480, 44843.844624, 1000.0,    2.0,  998.0,  0.79,  0.00,  0.79,  0.0,  0.0,  0.0
1036782.81897480, 44841.787239, 1000.0,    2.0,  998.0,  0.79,  0.00,  0.79,  0.0,  0.0,  0.0
1036782.82147480, 44840.728689, 1000.0,    2.0,  998.0,  0.79,  0.00,  0.79,  0.0,  0.0,  0.0
1036782.82397480, 44840.461472, 1000.0,    2.0,  998.0,  0.79,  0.00,  0.79,  0.0,  0.0,  0.0
1036782.82647480, 44841.180821, 1000.0,    2.0,  998.0,  0.79,  0.00,  0.79,  0.0,  0.0,  0.0
1036782.82897480, 44843.113562, 1000.0,    2.0,  998.0,  0.79,  0.00,  0.79,  0.0,  0.0,  0.0
1036782.83147480, 44844.568010, 1000.0,    2.0,  998.0,  0.79,  0.00,  0.79,  0.0,  0.0,  0.0
1036782.83397480, 44844.311883, 1000.0,    2.0,  998.0,  0.79,  0.00,  0.79,  0.0,  0.0,  0.0
1036782.83647480, 44843.056669, 1000.0,    2.0,  998.0,  0.79,  0.00,  0.79,  0.0,  0.0,  0.0
1036782.83897480, 44841.266378, 1000.0,    2.0,  998.0,  0.79,  0.00,  0.79,  0.0,  0.0,  0.0
1036782.84147480, 44840.538650, 1000.0,    2.0,  998.0,  0.79,  0.00,  0.79,  0.0,  0.0,  0.0
1036782.84397480, 44840.032131, 1000.0,    2.0,  998.0,  0.79,  0.00,  0.79,  0.0,  0.0,  0.0
1036782.84647480, 44840.433245, 1000.0,    2.0,  998.0,  0.79,  0.00,  0.79,  0.0,  0.0,  0.0
1036782.84897480, 44841.545210, 1000.0,    2.0,  998.0,  0.79,  0.00,  0.79,  0.0,  0.0,  0.0
1036782.85147480, 44844.512945, 1000.0,    2.0,  998.0,  0.79,  0.00,  0.79,  0.0,  0.0,  0.0
1036782.85397480, 44844.222905, 1000.0,    2.0,  998.0,  0.79,  0.00,  0.79,  0.0,  0.0,  0.0
1036782.85647480, 44843.037385, 1000.0,    2.0,  998.0,  0.79,  0.00,  0.79,  0.0,  0.0,  0.0
1036782.85897480, 44841.851865, 1000.0,    2.0,  998.0,  0.79,  0.00,  0.79,  0.0,  0.0,  0.0
1036782.86147480, 44840.885690, 1000.0,    2.0,  998.0,  0.79,  0.00,  0.79,  0.0,  0.0,  0.0
1036782.86397480, 44840.061459, 1000.0,    2.0,  998.0,  0.79,  0.00,  0.79,  0.0,  0.0,  0.0
1036782.86647480, 44841.508857, 1000.0,    2.0,  998.0,  0.79,  0.00,  0.79,  0.0,  0.0,  0.0
1036782.86897480, 44843.304162, 1000.0,    2.0,  998.0,  0.79,  0.00,  0.79,  0.0,  0.0,  0.0
1036782.87147480, 44843.795105, 1000.0,    2.0,  998.0,  0.79,  0.00,  0.79,  0.0,  0.0,  0.0
1036782.87397480, 44844.286048, 1000.0,    2.0,  998.0,  0.79,  0.00,  0.79,  0.0,  0.0,  0.0
1036782.87647480, 44843.161157, 1000.0,    2.0,  998.0,  0.79,  0.00,  0.79,  0.0,  0.0,  0.0
1036782.87897480, 44841.713032, 1000.0,    2.0,  998.0,  0.79,  0.00,  0.79,  0.0,  0.0,  0.0
1036782.88147480, 44841.029528, 1000.0,    2.0,  998.0,  0.79,  0.00,  0.79,  0.0,  0.0,  0.0
1036782.88397480, 44840.346024, 1000.0,    2.0,  998.0,  0.79,  0.00,  0.79,  0.0,  0.0,  0.0
1036782.88647480, 44841.276613, 1000.0,    2.0,  998.0,  0.79,  0.00,  0.79,  0.0,  0.0,  0.0
1036782.88897480, 44843.591851, 1000.0,    2.0,  998.0,  0.79,  0.00,  0.79,  0.0,  0.0,  0.0
1036782.89147480, 44844.319392, 1000.0,    2.0,  998.0,  0.79,  0.00,  0.79,  0.0,  0.0,  0.0
1036782.89397480, 44844.930249, 1000.0,    2.0,  998.0,  0.79,  0.00,  0.79,  0.0,  0.0,  0.0
1036782.89647480, 44843.721723, 1000.0,    2.0,  998.0,  0.79,  0.00,  0.79,  0.0,  0.0,  0.0
1036782.89897480, 44841.468962, 1000.0,    2.0,  998.0,  0.79,  0.00,  0.79,  0.0,  0.0,  0.0
1036782.90147480, 44840.397064, 1000.0,    2.0,  998.0,  0.79,  0.00,  0.79,  0.0,  0.0,  0.0
1036782.90397480, 44840.800778, 1000.0,    2.0,  998.0,  0.79,  0.00,  0.79,  0.0,  0.0,  0.0
1036782.90647480, 44842.870753, 1000.0,    2.0,  998.0,  0.79,  0.00,  0.79,  0.0,  0.0,  0.0
1036782.90897480, 44843.374588, 1000.0,    2.0,  998.0,  0.79,  0.00,  0.79,  0.0,  0.0,  0.0
1036782.91147480, 44844.428614, 1000.0,    2.0,  998.0,  0.79,  0.00,  0.79,  0.0,  0.0,  0.0
1036782.91397480, 44844.726102, 1000.0,    2.0,  998.0,  0.79,  0.00,  0.79,  0.0,  0.0,  0.0
1036782.91647480, 44844.353254, 1000.0,    2.0,  998.0,  0.79,  0.00,  0.79,  0.0,  0.0,  0.0
1036782.91897480, 44843.980407, 1000.0,    2.0,  998.0,  0.79,  0.00,  0.79,  0.0,  0.0,  0.0
1036782.92147480, 44840.313673, 1000.0,    2.0,  998.0,  0.79,  0.00,  0.79,  0.0,  0.0,  0.0
1036782.92397480, 44840.567183, 1000.0,    2.0,  998.0,  0.79,  0.00,  0.79,  0.0,  0.0,  0.0
1036782.92647480, 44841.645984, 1000.0,    2.0,  998.0,  0.79,  0.00,  0.79,  0.0,  0.0,  0.0
1036782.92897480, 44842.922913, 1000.0,    2.0,  998.0,  0.79,  0.00,  0.79,  0.0,  0.0,  0.0
1036782.93147480, 44844.552772, 1000.0,    2.0,  998.0,  0.79,  0.00,  0.79,  0.0,  0.0,  0.0
1036782.93397480, 44844.135881, 1000.0,    2.0,  998.0,  0.79,  0.00,  0.79,  0.0,  0.0,  0.0
1036782.93647480, 44842.957501, 1000.0,    2.0,  998.0,  0.79,  0.00,  0.79,  0.0,  0.0,  0.0
1036782.93897480, 44841.884055, 1000.0,    2.0,  998.0,  0.79,  0.00,  0.79,  0.0,  0.0,  0.0
1036782.94147480, 44840.873495, 1000.0,    2.0,  998.0,  0.79,  0.00,  0.79,  0.0,  0.0,  0.0
1036782.94397480, 44840.529062, 1000.0,    2.0,  998.0,  0.79,  0.00,  0.79,  0.0,  0.0,  0.0
1036782.94647480, 44841.103836, 1000.0,    2.0,  998.0,  0.79,  0.00,  0.79,  0.0,  0.0,  0.0
1036782.94897480, 44842.144897, 1000.0,    2.0,  998.0,  0.79,  0.00,  0.79,  0.0,  0.0,  0.0
1036782.95147480, 44843.284784, 1000.0,    2.0,  998.0,  0.79,  0.00,  0.79,  0.0,  0.0,  0.0
1036782.95397480, 44844.424671, 1000.0,    2.0,  998.0,  0.79,  0.00,  0.79,  0.0,  0.0,  0.0
1036782.95647480, 44842.662460, 1000.0,    2.0,  998.0,  0.79,  0.00,  0.79,  0.0,  0.0,  0.0
1036782.95897480, 44840.668569, 1000.0,    2.0,  998.0,  0.79,  0.00,  0.79,  0.0,  0.0,  0.0
1036782.96147480, 44839.917236, 1000.0,    2.0,  998.0,  0.79,  0.00,  0.79,  0.0,  0.0,  0.0
1036782.96397480, 44839.926423, 1000.0,    2.0,  998.0,  0.79,  0.00,  0.79,  0.0,  0.0,  0.0
1036782.96647480, 44840.332565, 1000.0,    2.0,  998.0,  0.79,  0.00,  0.79,  0.0,  0.0,  0.0
1036782.96897480, 44840.738708, 1000.0,    2.0,  998.0,  0.79,  0.00,  0.79,  0.0,  0.0,  0.0
1036782.97147480, 44842.084750, 1000.0,    2.0,  998.0,  0.79,  0.00,  0.79,  0.0,  0.0,  0.0
1036782.97397480, 44843.591786, 1000.0,    2.0,  998.0,  0.79,  0.00,  0.79,  0.0,  0.0,  0.0
1036782.97647480, 44842.526454, 1000.0,    2.0,  998.0,  0.79,  0.00,  0.79,  0.0,  0.0,  0.0
1036782.97897480, 44841.124616, 1000.0,    2.0,  998.0,  0.79,  0.00,  0.79,  0.0,  0.0,  0.0
1036782.98147480, 44840.204900, 1000.0,    2.0,  998.0,  0.79,  0.00,  0.79,  0.0,  0.0,  0.0
1036782.98397480, 44840.169496, 1000.0,    2.0,  998.0,  0.79,  0.00,  0.79,  0.0,  0.0,  0.0
1036782.98647480, 44840.672113, 1000.0,    2.0,  998.0,  0.79,  0.00,  0.79,  0.0,  0.0,  0.0
1036782.98897480, 44841.209535, 1000.0,    2.0,  998.0,  0.79,  0.00,  0.79,  0.0,  0.0,  0.0
1036782.99147480, 44843.974649, 1000.0,    2.0,  998.0,  0.79,  0.00,  0.79,  0.0,  0.0,  0.0
1036782.99397480, 44844.785214, 1000.0,    2.0,  998.0,  0.79,  0.00,  0.79,  0.0,  0.0,  0.0
1036782.99647480, 44843.373401, 1000.0,    2.0,  998.0,  0.79,  0.00,  0.79,  0.0,  0.0,  0.0
1036782.99897480, 44841.900225, 1000.0,    2.0,  998.0,  0.79,  0.00,  0.79,  0.0,  0.0,  0.0
1036783.00147480, 44840.183004, 1000.0,    2.0,  998.0,  0.79,  0.00,  0.79,  0.0,  0.0,  0.0
1036783.00397480, 44839.793167, 1000.0,    2.0,  998.0,  0.79,  0.00,  0.79,  0.0,  0.0,  0.0
1036783.00647480, 44840.236107, 1000.0,    2.0,  998.0,  0.79,  0.00,  0.79,  0.0,  0.0,  0.0
1036783.00897480, 44843.001034, 1000.0,    2.0,  998.0,  0.79,  0.00,  0.79,  0.0,  0.0,  0.0
1036783.01147480, 44844.817611, 1000.0,    2.0,  998.0,  0.79,  0.00,  0.79,  0.0,  0.0,  0.0
1036783.01397480, 44844.808621, 1000.0,    2.0,  998.0,  0.79,  0.00,  0.79,  0.0,  0.0,  0.0
1036783.01647480, 44843.939173, 1000.0,    2.0,  998.0,  0.79,  0.00,  0.79,  0.0,  0.0,  0.0
1036783.01897480, 44842.148076, 1000.0,    2.0,  998.0,  0.79,  0.00,  0.79,  0.0,  0.0,  0.0
1036783.02147480, 44840.897997, 1000.0,    2.0,  998.0,  0.79,  0.00,  0.79,  0.0,  0.0,  0.0
1036783.02397480, 44840.648853, 1000.0,    2.0,  998.0,  0.79,  0.00,  0.79,  0.0,  0.0,  0.0
1036783.02647480, 44840.585056, 1000.0,    2.0,  998.0,  0.79,  0.00,  0.79,  0.0,  0.0,  0.0
1036783.02897480, 44842.356786, 1000.0,    2.0,  998.0,  0.79,  0.00,  0.79,  0.0,  0.0,  0.0
1036783.03147480, 44844.724898, 1000.0,    2.0,  998.0,  0.79,  0.00,  0.79,  0.0,  0.0,  0.0
1036783.03397480, 44844.678919, 1000.0,    2.0,  998.0,  0.79,  0.00,  0.79,  0.0,  0.0,  0.0
1036783.03647480, 44843.784642, 1000.0,    2.0,  998.0,  0.79,  0.00,  0.79,  0.0,  0.0,  0.0
1036783.03897480, 44842.941166, 1000.0,    2.0,  998.0,  0.79,  0.00,  0.79,  0.0,  0.0,  0.0
1036783.04147480, 44842.104867, 1000.0,    2.0,  998.0,  0.79,  0.00,  0.79,  0.0,  0.0,  0.0
1036783.04397480, 44841.445274, 1000.0,    2.0,  998.0,  0.79,  0.00,  0.79,  0.0,  0.0,  0.0
1036783.04647480, 44841.613505, 1000.0,    2.0,  998.0,  0.79,  0.00,  0.79,  0.0,  0.0,  0.0
1036783.04897480, 44842.886221, 1000.0,    2.0,  998.0,  0.79,  0.00,  0.79,  0.0,  0.0,  0.0
1036783.05147480, 44844.464601, 1000.0,    2.0,  998.0,  0.79,  0.00,  0.79,  0.0,  0.0,  0.0
1036783.05397480, 44844.721630, 1000.0,    2.0,  998.0,  0.79,  0.00,  0.79,  0.0,  0.0,  0.0
1036783.05647480, 44843.599343, 1000.0,    2.0,  998.0,  0.79,  0.00,  0.79,  0.0,  0.0,  0.0
1036783.05897480, 44841.654931, 1000.0,    2.0,  998.0,  0.79,  0.00,  0.79,  0.0,  0.0,  0.0
1036783.06147480, 44840.752957, 1000.0,    2.0,  998.0,  0.79,  0.00,  0.79,  0.0,  0.0,  0.0
1036783.06397480, 44840.684864, 1000.0,    2.0,  998.0,  0.79,  0.00,  0.79,  0.0,  0.0,  0.0
1036783.06647480, 44841.292888, 1000.0,    2.0,  998.0,  0.79,  0.00,  0.79,  0.0,  0.0,  0.0
1036783.06897480, 44843.268017, 1000.0,    2.0,  998.0,  0.79,  0.00,  0.79,  0.0,  0.0,  0.0
1036783.07147480, 44843.678473, 1000.0,    2.0,  998.0,  0.79,  0.00,  0.79,  0.0,  0.0,  0.0
1036783.07397480, 44844.088929, 1000.0,    2.0,  998.0,  0.79,  0.00,  0.79,  0.0,  0.0,  0.0
1036783.07647480, 44844.499386, 1000.0,    2.0,  998.0,  0.79,  0.00,  0.79,  0.0,  0.0,  0.0
1036783.07897480, 44843.312972, 1000.0,    2.0,  998.0,  0.79,  0.00,  0.79,  0.0,  0.0,  0.0
1036783.08147480, 44841.419010, 1000.0,    2.0,  998.0,  0.79,  0.00,  0.79,  0.0,  0.0,  0.0
1036783.08397480, 44840.144493, 1000.0,    2.0,  998.0,  0.79,  0.00,  0.79,  0.0,  0.0,  0.0
1036783.08647480, 44840.921935, 1000.0,    2.0,  998.0,  0.79,  0.00,  0.79,  0.0,  0.0,  0.0
1036783.08897480, 44843.489665, 1000.0,    2.0,  998.0,  0.79,  0.00,  0.79,  0.0,  0.0,  0.0
1036783.09147480, 44844.890120, 1000.0,    2.0,  998.0,  0.79,  0.00,  0.79,  0.0,  0.0,  0.0
1036783.09397480, 44844.042773, 1000.0,    2.0,  998.0,  0.79,  0.00,  0.79,  0.0,  0.0,  0.0
1036783.09647480, 44843.492187, 1000.0,    2.0,  998.0,  0.79,  0.00,  0.79,  0.0,  0.0,  0.0
1036783.09897480, 44843.492187, 1000.0,    2.0,  998.0,  0.79,  0.00,  0.79,  0.0,  0.0,  0.0
1036783.10147480, 44840.273871, 1000.0,    2.0,  998.0,  0.79,  0.00,  0.79,  0.0,  0.0,  0.0
1036783.10397480, 44839.979364, 1000.0,    2.0,  998.0,  0.79,  0.00,  0.79,  0.0,  0.0,  0.0
1036783.10647480, 44840.952510, 1000.0,    2.0,  998.0,  0.79,  0.00,  0.79,  0.0,  0.0,  0.0
1036783.10897480, 44842.620265, 1000.0,    2.0,  998.0,  0.79,  0.00,  0.79,  0.0,  0.0,  0.0
1036783.11147480, 44844.082257, 1000.0,    2.0,  998.0,  0.79,  0.00,  0.79,  0.0,  0.0,  0.0
1036783.11397480, 44844.094628, 1000.0,    2.0,  998.0,  0.79,  0.00,  0.79,  0.0,  0.0,  0.0
1036783.11647480, 44843.047157, 1000.0,    2.0,  998.0,  0.79,  0.00,  0.79,  0.0,  0.0,  0.0
1036783.11897480, 44841.931796, 1000.0,    2.0,  998.0,  0.79,  0.00,  0.79,  0.0,  0.0,  0.0
1036783.12147480, 44841.333748, 1000.0,    2.0,  998.0,  0.79,  0.00,  0.79,  0.0,  0.0,  0.0
1036783.12397480, 44840.803212, 1000.0,    2.0,  998.0,  0.79,  0.00,  0.79,  0.0,  0.0,  0.0
1036783.12647480, 44840.851804, 1000.0,    2.0,  998.0,  0.79,  0.00,  0.79,  0.0,  0.0,  0.0
1036783.12897480, 44842.137373, 1000.0,    2.0,  998.0,  0.79,  0.00,  0.79,  0.0,  0.0,  0.0
1036783.13147480, 44844.948677, 1000.0,    2.0,  998.0,  0.79,  0.00,  0.79,  0.0,  0.0,  0.0
1036783.13397480, 44845.152783, 1000.0,    2.0,  998.0,  0.79,  0.00,  0.79,  0.0,  0.0,  0.0
1036783.13647480, 44844.383195, 1000.0,    2.0,  998.0,  0.79,  0.00,  0.79,  0.0,  0.0,  0.0
1036783.14147480, 44840.211060, 1000.0,    2.0,  998.0,  0.79,  0.00,  0.79,  0.0,  0.0,  0.0
1036783.14397480, 44840.274687, 1000.0,    2.0,  998.0,  0.79,  0.00,  0.79,  0.0,  0.0,  0.0
1036783.14647480, 44841.543757, 1000.0,    2.0,  998.0,  0.79,  0.00,  0.79,  0.0,  0.0,  0.0
1036783.14897480, 44843.649690, 1000.0,    2.0,  998.0,  0.79,  0.00,  0.79,  0.0,  0.0,  0.0
1036783.15147480, 44844.868409, 1000.0,    2.0,  998.0,  0.79,  0.00,  0.79,  0.0,  0.0,  0.0
1036783.15397480, 44844.243185, 1000.0,    2.0,  998.0,  0.79,  0.00,  0.79,  0.0,  0.0,  0.0
1036783.15647480, 44843.909128, 1000.0,    2.0,  998.0,  0.79,  0.00,  0.79,  0.0,  0.0,  0.0
1036783.15897480, 44842.953893, 1000.0,    2.0,  998.0,  0.79,  0.00,  0.79,  0.0,  0.0,  0.0
1036783.16147480, 44841.968952, 1000.0,    2.0,  998.0,  0.79,  0.00,  0.79,  0.0,  0.0,  0.0
1036783.16397480, 44841.574700, 1000.0,    2.0,  998.0,  0.79,  0.00,  0.79,  0.0,  0.0,  0.0
1036783.16647480, 44841.631986, 1000.0,    2.0,  998.0,  0.79,  0.00,  0.79,  0.0,  0.0,  0.0
1036783.16897480, 44843.312302, 1000.0,    2.0,  998.0,  0.79,  0.00,  0.79,  0.0,  0.0,  0.0
1036783.17147480, 44844.356633, 1000.0,    2.0,  998.0,  0.79,  0.00,  0.79,  0.0,  0.0,  0.0
1036783.17397480, 44844.277533, 1000.0,    2.0,  998.0,  0.79,  0.00,  0.79,  0.0,  0.0,  0.0
1036783.17647480, 44843.327035, 1000.0,    2.0,  998.0,  0.79,  0.00,  0.79,  0.0,  0.0,  0.0
1036783.17897480, 44841.672862, 1000.0,    2.0,  998.0,  0.79,  0.00,  0.79,  0.0,  0.0,  0.0
1036783.18147480, 44840.119264, 1000.0,    2.0,  998.0,  0.79,  0.00,  0.79,  0.0,  0.0,  0.0
1036783.18397480, 44840.519968, 1000.0,    2.0,  998.0,  0.79,  0.00,  0.79,  0.0,  0.0,  0.0
1036783.18647480, 44841.693370, 1000.0,    2.0,  998.0,  0.79,  0.00,  0.79,  0.0,  0.0,  0.0
1036783.18897480, 44843.536108, 1000.0,    2.0,  998.0,  0.79,  0.00,  0.79,  0.0,  0.0,  0.0
1036783.19147480, 44844.517572, 1000.0,    2.0,  998.0,  0.79,  0.00,  0.79,  0.0,  0.0,  0.0
1036783.19397480, 44844.717409, 1000.0,    2.0,  998.0,  0.79,  0.00,  0.79,  0.0,  0.0,  0.0
1036783.19647480, 44844.880825, 1000.0,    2.0,  998.0,  0.79,  0.00,  0.79,  0.0,  0.0,  0.0
1036783.19897480, 44842.427923, 1000.0,    2.0,  998.0,  0.79,  0.00,  0.79,  0.0,  0.0,  0.0
1036783.20147480, 44840.229588, 1000.0,    2.0,  998.0,  0.79,  0.00,  0.79,  0.0,  0.0,  0.0
1036783.20397480, 44840.311142, 1000.0,    2.0,  998.0,  0.79,  0.00,  0.79,  0.0,  0.0,  0.0
1036783.20647480, 44840.955149, 1000.0,    2.0,  998.0,  0.79,  0.00,  0.79,  0.0,  0.0,  0.0
1036783.20897480, 44842.964098, 1000.0,    2.0,  998.0,  0.79,  0.00,  0.79,  0.0,  0.0,  0.0
1036783.21147480, 44844.689425, 1000.0,    2.0,  998.0,  0.79,  0.00,  0.79,  0.0,  0.0,  0.0
1036783.21397480, 44843.812273, 1000.0,    2.0,  998.0,  0.79,  0.00,  0.79,  0.0,  0.0,  0.0
1036783.21647480, 44843.449879, 1000.0,    2.0,  998.0,  0.79,  0.00,  0.79,  0.0,  0.0,  0.0
1036783.21897480, 44841.169793, 1000.0,    2.0,  998.0,  0.79,  0.00,  0.79,  0.0,  0.0,  0.0
1036783.22147480, 44840.258061, 1000.0,    2.0,  998.0,  0.79,  0.00,  0.79,  0.0,  0.0,  0.0
1036783.22397480, 44840.392228, 1000.0,    2.0,  998.0,  0.79,  0.00,  0.79,  0.0,  0.0,  0.0
1036783.22647480, 44840.818173, 1000.0,    2.0,  998.0,  0.79,  0.00,  0.79,  0.0,  0.0,  0.0
1036783.22897480, 44841.244118, 1000.0,    2.0,  998.0,  0.79,  0.00,  0.79,  0.0,  0.0,  0.0
1036783.23147480, 44844.530041, 1000.0,    2.0,  998.0,  0.79,  0.00,  0.79,  0.0,  0.0,  0.0
1036783.23397480, 44843.902084, 1000.0,    2.0,  998.0,  0.79,  0.00,  0.79,  0.0,  0.0,  0.0
1036783.23647480, 44842.749729, 1000.0,    2.0,  998.0,  0.79,  0.00,  0.79,  0.0,  0.0,  0.0
1036783.23897480, 44841.676064, 1000.0,    2.0,  998.0,  0.79,  0.00,  0.79,  0.0,  0.0,  0.0
1036783.24147480, 44840.677950, 1000.0,    2.0,  998.0,  0.79,  0.00,  0.79,  0.0,  0.0,  0.0
1036783.24397480, 44840.047972, 1000.0,    2.0,  998.0,  0.79,  0.00,  0.79,  0.0,  0.0,  0.0
1036783.24647480, 44841.912660, 1000.0,    2.0,  998.0,  0.79,  0.00,  0.79,  0.0,  0.0,  0.0
1036783.24897480, 44843.373235, 1000.0,    2.0,  998.0,  0.79,  0.00,  0.79,  0.0,  0.0,  0.0
1036783.25147480, 44843.992028, 1000.0,    2.0,  998.0,  0.79,  0.00,  0.79,  0.0,  0.0,  0.0
1036783.25397480, 44844.513742, 1000.0,    2.0,  998.0,  0.79,  0.00,  0.79,  0.0,  0.0,  0.0
1036783.25647480, 44843.746605, 1000.0,    2.0,  998.0,  0.79,  0.00,  0.79,  0.0,  0.0,  0.0
1036783.25897480, 44841.102282, 1000.0,    2.0,  998.0,  0.79,  0.00,  0.79,  0.0,  0.0,  0.0
1036783.26147480, 44840.358587, 1000.0,    2.0,  998.0,  0.79,  0.00,  0.79,  0.0,  0.0,  0.0
1036783.26647480, 44840.902162, 1000.0,    2.0,  998.0,  0.79,  0.00,  0.79,  0.0,  0.0,  0.0
1036783.26897480, 44842.936837, 1000.0,    2.0,  998.0,  0.79,  0.00,  0.79,  0.0,  0.0,  0.0
1036783.27147480, 44844.716491, 1000.0,    2.0,  998.0,  0.79,  0.00,  0.79,  0.0,  0.0,  0.0
1036783.27397480, 44844.728779, 1000.0,    2.0,  998.0,  0.79,  0.00,  0.79,  0.0,  0.0,  0.0
1036783.27647480, 44843.604606, 1000.0,    2.0,  998.0,  0.79,  0.00,  0.79,  0.0,  0.0,  0.0
1036783.27897480, 44842.116063, 1000.0,    2.0,  998.0,  0.79,  0.00,  0.79,  0.0,  0.0,  0.0
1036783.28147480, 44841.706279, 1000.0,    2.0,  998.0,  0.79,  0.00,  0.79,  0.0,  0.0,  0.0
1036783.28397480, 44841.296495, 1000.0,    2.0,  998.0,  0.79,  0.00,  0.79,  0.0,  0.0,  0.0
1036783.28647480, 44840.886711, 1000.0,    2.0,  998.0,  0.79,  0.00,  0.79,  0.0,  0.0,  0.0
1036783.28897480, 44843.115532, 1000.0,    2.0,  998.0,  0.79,  0.00,  0.79,  0.0,  0.0,  0.0
1036783.29147480, 44844.662104, 1000.0,    2.0,  998.0,  0.79,  0.00,  0.79,  0.0,  0.0,  0.0
1036783.29397480, 44844.343994, 1000.0,    2.0,  998.0,  0.79,  0.00,  0.79,  0.0,  0.0,  0.0
1036783.29647480, 44843.510705, 1000.0,    2.0,  998.0,  0.79,  0.00,  0.79,  0.0,  0.0,  0.0
1036783.29897480, 44842.342997, 1000.0,    2.0,  998.0,  0.79,  0.00,  0.79,  0.0,  0.0,  0.0
1036783.30147480, 44840.944584, 1000.0,    2.0,  998.0,  0.79,  0.00,  0.79,  0.0,  0.0,  0.0
1036783.30397480, 44840.532354, 1000.0,    2.0,  998.0,  0.79,  0.00,  0.79,  0.0,  0.0,  0.0
1036783.30647480, 44841.007861, 1000.0,    2.0,  998.0,  0.79,  0.00,  0.79,  0.0,  0.0,  0.0
1036783.30897480, 44841.483367, 1000.0,    2.0,  998.0,  0.79,  0.00,  0.79,  0.0,  0.0,  0.0
1036783.31147480, 44844.913956, 1000.0,    2.0,  998.0,  0.79,  0.00,  0.79,  0.0,  0.0,  0.0
1036783.31397480, 44844.713874, 1000.0,    2.0,  998.0,  0.79,  0.00,  0.79,  0.0,  0.0,  0.0
1036783.31647480, 44844.356822, 1000.0,    2.0,  998.0,  0.79,  0.00,  0.79,  0.0,  0.0,  0.0
1036783.31897480, 44843.999771, 1000.0,    2.0,  998.0,  0.79,  0.00,  0.79,  0.0,  0.0,  0.0
1036783.32147480, 44842.336681, 1000.0,    2.0,  998.0,  0.79,  0.00,  0.79,  0.0,  0.0,  0.0
1036783.32397480, 44840.306460, 1000.0,    2.0,  998.0,  0.79,  0.00,  0.79,  0.0,  0.0,  0.0
1036783.32647480, 44841.275749, 1000.0,    2.0,  998.0,  0.79,  0.00,  0.79,  0.0,  0.0,  0.0
1036783.32897480, 44842.677850, 1000.0,    2.0,  998.0,  0.79,  0.00,  0.79,  0.0,  0.0,  0.0
1036783.33147480, 44844.305395, 1000.0,    2.0,  998.0,  0.79,  0.00,  0.79,  0.0,  0.0,  0.0
1036783.33397480, 44844.106794, 1000.0,    2.0,  998.0,  0.79,  0.00,  0.79,  0.0,  0.0,  0.0
1036783.33647480, 44842.364952, 1000.0,    2.0,  998.0,  0.79,  0.00,  0.79,  0.0,  0.0,  0.0
1036783.33897480, 44841.706821, 1000.0,    2.0,  998.0,  0.79,  0.00,  0.79,  0.0,  0.0,  0.0
1036783.34147480, 44840.692446, 1000.0,    2.0,  998.0,  0.79,  0.00,  0.79,  0.0,  0.0,  0.0
1036783.34397480, 44840.634104, 1000.0,    2.0,  998.0,  0.79,  0.00,  0.79,  0.0,  0.0,  0.0
1036783.34647480, 44841.264373, 1000.0,    2.0,  998.0,  0.79,  0.00,  0.79,  0.0,  0.0,  0.0
1036783.34897480, 44842.753370, 1000.0,    2.0,  998.0,  0.79,  0.00,  0.79,  0.0,  0.0,  0.0
1036783.35147480, 44844.758974, 1000.0,    2.0,  998.0,  0.79,  0.00,  0.79,  0.0,  0.0,  0.0
1036783.35397480, 44844.451198, 1000.0,    2.0,  998.0,  0.79,  0.00,  0.79,  0.0,  0.0,  0.0
1036783.35647480, 44843.605873, 1000.0,    2.0,  998.0,  0.79,  0.00,  0.79,  0.0,  0.0,  0.0
1036783.35897480, 44842.279087, 1000.0,    2.0,  998.0,  0.79,  0.00,  0.79,  0.0,  0.0,  0.0
1036783.36147480, 44840.165267, 1000.0,    2.0,  998.0,  0.79,  0.00,  0.79,  0.0,  0.0,  0.0
1036783.36397480, 44840.332616, 1000.0,    2.0,  998.0,  0.79,  0.00,  0.79,  0.0,  0.0,  0.0
1036783.36647480, 44841.270267, 1000.0,    2.0,  998.0,  0.79,  0.00,  0.79,  0.0,  0.0,  0.0
1036783.36897480, 44842.689377, 1000.0,    2.0,  998.0,  0.79,  0.00,  0.79,  0.0,  0.0,  0.0
1036783.37147480, 44844.332317, 1000.0,    2.0,  998.0,  0.79,  0.00,  0.79,  0.0,  0.0,  0.0
1036783.37397480, 44845.020972, 1000.0,    2.0,  998.0,  0.79,  0.00,  0.79,  0.0,  0.0,  0.0
1036783.37647480, 44844.824589, 1000.0,    2.0,  998.0,  0.79,  0.00,  0.79,  0.0,  0.0,  0.0
1036783.37897480, 44841.821762, 1000.0,    2.0,  998.0,  0.79,  0.00,  0.79,  0.0,  0.0,  0.0
1036783.38147480, 44840.552611, 1000.0,    2.0,  998.0,  0.79,  0.00,  0.79,  0.0,  0.0,  0.0
1036783.38647480, 44840.637849, 1000.0,    2.0,  998.0,  0.79,  0.00,  0.79,  0.0,  0.0,  0.0
1036783.38897480, 44842.114586, 1000.0,    2.0,  998.0,  0.79,  0.00,  0.79,  0.0,  0.0,  0.0
1036783.39147480, 44844.790066, 1000.0,    2.0,  998.0,  0.79,  0.00,  0.79,  0.0,  0.0,  0.0
1036783.39397480, 44844.269161, 1000.0,    2.0,  998.0,  0.79,  0.00,  0.79,  0.0,  0.0,  0.0
1036783.39647480, 44842.070162, 1000.0,    2.0,  998.0,  0.79,  0.00,  0.79,  0.0,  0.0,  0.0
1036783.39897480, 44841.354025, 1000.0,    2.0,  998.0,  0.79,  0.00,  0.79,  0.0,  0.0,  0.0
1036783.40147480, 44839.987936, 1000.0,    2.0,  998.0,  0.79,  0.00,  0.79,  0.0,  0.0,  0.0
1036783.40397480, 44840.671157, 1000.0,    2.0,  998.0,  0.79,  0.00,  0.79,  0.0,  0.0,  0.0
1036783.40647480, 44841.728152, 1000.0,    2.0,  998.0,  0.79,  0.00,  0.79,  0.0,  0.0,  0.0
1036783.40897480, 44843.290517, 1000.0,    2.0,  998.0,  0.79,  0.00,  0.79,  0.0,  0.0,  0.0
1036783.41147480, 44844.045034, 1000.0,    2.0,  998.0,  0.79,  0.00,  0.79,  0.0,  0.0,  0.0
1036783.41397480, 44844.799550, 1000.0,    2.0,  998.0,  0.79,  0.00,  0.79,  0.0,  0.0,  0.0
1036783.41647480, 44844.173518, 1000.0,    2.0,  998.0,  0.79,  0.00,  0.79,  0.0,  0.0,  0.0
1036783.41897480, 44842.072499, 1000.0,    2.0,  998.0,  0.79,  0.00,  0.79,  0.0,  0.0,  0.0
1036783.42147480, 44840.336455, 1000.0,    2.0,  998.0,  0.79,  0.00,  0.79,  0.0,  0.0,  0.0
1036783.42397480, 44840.276758, 1000.0,    2.0,  998.0,  0.79,  0.00,  0.79,  0.0,  0.0,  0.0
1036783.42647480, 44840.807106, 1000.0,    2.0,  998.0,  0.79,  0.00,  0.79,  0.0,  0.0,  0.0
1036783.42897480, 44842.992422, 1000.0,    2.0,  998.0,  0.79,  0.00,  0.79,  0.0,  0.0,  0.0
1036783.43147480, 44844.629700, 1000.0,    2.0,  998.0,  0.79,  0.00,  0.79,  0.0,  0.0,  0.0
1036783.43397480, 44844.851199, 1000.0,    2.0,  998.0,  0.79,  0.00,  0.79,  0.0,  0.0,  0.0
1036783.43647480, 44843.053325, 1000.0,    2.0,  998.0,  0.79,  0.00,  0.79,  0.0,  0.0,  0.0
1036783.43897480, 44840.970057, 1000.0,    2.0,  998.0,  0.79,  0.00,  0.79,  0.0,  0.0,  0.0
1036783.44147480, 44840.202833, 1000.0,    2.0,  998.0,  0.79,  0.00,  0.79,  0.0,  0.0,  0.0
1036783.44397480, 44840.953456, 1000.0,    2.0,  998.0,  0.79,  0.00,  0.79,  0.0,  0.0,  0.0
1036783.44647480, 44841.704080, 1000.0,    2.0,  998.0,  0.79,  0.00,  0.79,  0.0,  0.0,  0.0
1036783.44897480, 44842.454703, 1000.0,    2.0,  998.0,  0.79,  0.00,  0.79,  0.0,  0.0,  0.0
1036783.45147480, 44843.912266, 1000.0,    2.0,  998.0,  0.79,  0.00,  0.79,  0.0,  0.0,  0.0
1036783.45397480, 44844.561149, 1000.0,    2.0,  998.0,  0.79,  0.00,  0.79,  0.0,  0.0,  0.0
1036783.45647480, 44843.453250, 1000.0,    2.0,  998.0,  0.79,  0.00,  0.79,  0.0,  0.0,  0.0
1036783.45897480, 44841.367492, 1000.0,    2.0,  998.0,  0.79,  0.00,  0.79,  0.0,  0.0,  0.0
1036783.46147480, 44840.136240, 1000.0,    2.0,  998.0,  0.79,  0.00,  0.79,  0.0,  0.0,  0.0
1036783.46397480, 44840.575425, 1000.0,    2.0,  998.0,  0.79,  0.00,  0.79,  0.0,  0.0,  0.0
1036783.46647480, 44841.935325, 1000.0,    2.0,  998.0,  0.79,  0.00,  0.79,  0.0,  0.0,  0.0
1036783.46897480, 44843.828719, 1000.0,    2.0,  998.0,  0.79,  0.00,  0.79,  0.0,  0.0,  0.0
1036783.47147480, 44844.495309, 1000.0,    2.0,  998.0,  0.79,  0.00,  0.79,  0.0,  0.0,  0.0
1036783.47397480, 44844.518504, 1000.0,    2.0,  998.0,  0.79,  0.00,  0.79,  0.0,  0.0,  0.0
1036783.47647480, 44843.452651, 1000.0,    2.0,  998.0,  0.79,  0.00,  0.79,  0.0,  0.0,  0.0
1036783.47897480, 44842.332398, 1000.0,    2.0,  998.0,  0.79,  0.00,  0.79,  0.0,  0.0,  0.0
1036783.48147480, 44841.085920, 1000.0,    2.0,  998.0,  0.79,  0.00,  0.79,  0.0,  0.0,  0.0
1036783.48397480, 44840.383254, 1000.0,    2.0,  998.0,  0.79,  0.00,  0.79,  0.0,  0.0,  0.0
1036783.48647480, 44841.686873, 1000.0,    2.0,  998.0,  0.79,  0.00,  0.79,  0.0,  0.0,  0.0
1036783.48897480, 44843.297882, 1000.0,    2.0,  998.0,  0.79,  0.00,  0.79,  0.0,  0.0,  0.0
1036783.49147480, 44843.825690, 1000.0,    2.0,  998.0,  0.79,  0.00,  0.79,  0.0,  0.0,  0.0
1036783.49397480, 44844.353498, 1000.0,    2.0,  998.0,  0.79,  0.00,  0.79,  0.0,  0.0,  0.0
1036783.49647480, 44843.818956, 1000.0,    2.0,  998.0,  0.79,  0.00,  0.79,  0.0,  0.0,  0.0
1036783.49897480, 44842.215401, 1000.0,    2.0,  998.0,  0.79,  0.00,  0.79,  0.0,  0.0,  0.0
1036783.50147480, 44840.587512, 1000.0,    2.0,  998.0,  0.79,  0.00,  0.79,  0.0,  0.0,  0.0
1036783.50397480, 44840.342762, 1000.0,    2.0,  998.0,  0.79,  0.00,  0.79,  0.0,  0.0,  0.0
1036783.50647480, 44841.390960, 1000.0,    2.0,  998.0,  0.79,  0.00,  0.79,  0.0,  0.0,  0.0
1036783.50897480, 44842.673970, 1000.0,    2.0,  998.0,  0.79,  0.00,  0.79,  0.0,  0.0,  0.0
1036783.51147480, 44844.537815, 1000.0,    2.0,  998.0,  0.79,  0.00,  0.79,  0.0,  0.0,  0.0
1036783.51397480, 44844.935446, 1000.0,    2.0,  998.0,  0.79,  0.00,  0.79,  0.0,  0.0,  0.0
1036783.51647480, 44843.332190, 1000.0,    2.0,  998.0,  0.79,  0.00,  0.79,  0.0,  0.0,  0.0
1036783.51897480, 44842.187285, 1000.0,    2.0,  998.0,  0.79,  0.00,  0.79,  0.0,  0.0,  0.0
1036783.52147480, 44841.043312, 1000.0,    2.0,  998.0,  0.79,  0.00,  0.79,  0.0,  0.0,  0.0
1036783.52397480, 44839.981784, 1000.0,    2.0,  998.0,  0.79,  0.00,  0.79,  0.0,  0.0,  0.0
1036783.52647480, 44841.019801, 1000.0,    2.0,  998.0,  0.79,  0.00,  0.79,  0.0,  0.0,  0.0
1036783.52897480, 44842.531745, 1000.0,    2.0,  998.0,  0.79,  0.00,  0.79,  0.0,  0.0,  0.0
1036783.53147480, 44843.805281, 1000.0,    2.0,  998.0,  0.79,  0.00,  0.79,  0.0,  0.0,  0.0
1036783.53397480, 44844.627342, 1000.0,    2.0,  998.0,  0.79,  0.00,  0.79,  0.0,  0.0,  0.0
1036783.53647480, 44842.270597, 1000.0,    2.0,  998.0,  0.79,  0.00,  0.79,  0.0,  0.0,  0.0
1036783.53897480, 44841.553539, 1000.0,    2.0,  998.0,  0.79,  0.00,  0.79,  0.0,  0.0,  0.0
1036783.54147480, 44839.837455, 1000.0,    2.0,  998.0,  0.79,  0.00,  0.79,  0.0,  0.0,  0.0
1036783.54397480, 44839.933831, 1000.0,    2.0,  998.0,  0.79,  0.00,  0.79,  0.0,  0.0,  0.0
1036783.54647480, 44840.821090, 1000.0,    2.0,  998.0,  0.79,  0.00,  0.79,  0.0,  0.0,  0.0
1036783.54897480, 44842.687453, 1000.0,    2.0,  998.0,  0.79,  0.00,  0.79,  0.0,  0.0,  0.0
1036783.55147480, 44845.048124, 1000.0,    2.0,  998.0,  0.79,  0.00,  0.79,  0.0,  0.0,  0.0
1036783.55397480, 44844.886376, 1000.0,    2.0,  998.0,  0.79,  0.00,  0.79,  0.0,  0.0,  0.0
1036783.55647480, 44844.291130, 1000.0,    2.0,  998.0,  0.79,  0.00,  0.79,  0.0,  0.0,  0.0
1036783.55897480, 44843.695883, 1000.0,    2.0,  998.0,  0.79,  0.00,  0.79,  0.0,  0.0,  0.0
1036783.56147480, 44841.398984, 1000.0,    2.0,  998.0,  0.79,  0.00,  0.79,  0.0,  0.0,  0.0
1036783.56397480, 44840.592537, 1000.0,    2.0,  998.0,  0.79,  0.00,  0.79,  0.0,  0.0,  0.0
1036783.56647480, 44842.072831, 1000.0,    2.0,  998.0,  0.79,  0.00,  0.79,  0.0,  0.0,  0.0
1036783.56897480, 44843.475373, 1000.0,    2.0,  998.0,  0.79,  0.00,  0.79,  0.0,  0.0,  0.0
1036783.57147480, 44844.427248, 1000.0,    2.0,  998.0,  0.79,  0.00,  0.79,  0.0,  0.0,  0.0
1036783.57397480, 44844.636997, 1000.0,    2.0,  998.0,  0.79,  0.00,  0.79,  0.0,  0.0,  0.0
1036783.57647480, 44844.677482, 1000.0,    2.0,  998.0,  0.79,  0.00,  0.79,  0.0,  0.0,  0.0
1036783.57897480, 44841.796360, 1000.0,    2.0,  998.0,  0.79,  0.00,  0.79,  0.0,  0.0,  0.0
1036783.58147480, 44840.450491, 1000.0,    2.0,  998.0,  0.79,  0.00,  0.79,  0.0,  0.0,  0.0
1036783.58397480, 44839.976811, 1000.0,    2.0,  998.0,  0.79,  0.00,  0.79,  0.0,  0.0,  0.0
1036783.58647480, 44841.994044, 1000.0,    2.0,  998.0,  0.79,  0.00,  0.79,  0.0,  0.0,  0.0
1036783.58897480, 44844.170480, 1000.0,    2.0,  998.0,  0.79,  0.00,  0.79,  0.0,  0.0,  0.0
1036783.59147480, 44844.985304, 1000.0,    2.0,  998.0,  0.79,  0.00,  0.79,  0.0,  0.0,  0.0
1036783.59397480, 44844.922086, 1000.0,    2.0,  998.0,  0.79,  0.00,  0.79,  0.0,  0.0,  0.0
1036783.59647480, 44842.917067, 1000.0,    2.0,  998.0,  0.79,  0.00,  0.79,  0.0,  0.0,  0.0
1036783.59897480, 44841.378185, 1000.0,    2.0,  998.0,  0.79,  0.00,  0.79,  0.0,  0.0,  0.0
1036783.60147480, 44840.758392, 1000.0,    2.0,  998.0,  0.79,  0.00,  0.79,  0.0,  0.0,  0.0
1036783.60397480, 44840.138600, 1000.0,    2.0,  998.0,  0.79,  0.00,  0.79,  0.0,  0.0,  0.0
1036783.60647480, 44841.879015, 1000.0,    2.0,  998.0,  0.79,  0.00,  0.79,  0.0,  0.0,  0.0
1036783.60897480, 44843.518002, 1000.0,    2.0,  998.0,  0.79,  0.00,  0.79,  0.0,  0.0,  0.0
1036783.61147480, 44844.605977, 1000.0,    2.0,  998.0,  0.79,  0.00,  0.79,  0.0,  0.0,  0.0
1036783.61397480, 44844.686946, 1000.0,    2.0,  998.0,  0.79,  0.00,  0.79,  0.0,  0.0,  0.0
1036783.61647480, 44843.531690, 1000.0,    2.0,  998.0,  0.79,  0.00,  0.79,  0.0,  0.0,  0.0
1036783.61897480, 44841.457807, 1000.0,    2.0,  998.0,  0.79,  0.00,  0.79,  0.0,  0.0,  0.0
1036783.62147480, 44839.962355, 1000.0,    2.0,  998.0,  0.79,  0.00,  0.79,  0.0,  0.0,  0.0
1036783.62397480, 44839.806206, 1000.0,    2.0,  998.0,  0.79,  0.00,  0.79,  0.0,  0.0,  0.0
1036783.62647480, 44841.429545, 1000.0,    2.0,  998.0,  0.79,  0.00,  0.79,  0.0,  0.0,  0.0
1036783.62897480, 44843.080057, 1000.0,    2.0,  998.0,  0.79,  0.00,  0.79,  0.0,  0.0,  0.0
1036783.63147480, 44844.073281, 1000.0,    2.0,  998.0,  0.79,  0.00,  0.79,  0.0,  0.0,  0.0
1036783.63397480, 44844.490747, 1000.0,    2.0,  998.0,  0.79,  0.00,  0.79,  0.0,  0.0,  0.0
1036783.63647480, 44843.145678, 1000.0,    2.0,  998.0,  0.79,  0.00,  0.79,  0.0,  0.0,  0.0
1036783.63897480, 44841.697443, 1000.0,    2.0,  998.0,  0.79,  0.00,  0.79,  0.0,  0.0,  0.0
1036783.64147480, 44840.631837, 1000.0,    2.0,  998.0,  0.79,  0.00,  0.79,  0.0,  0.0,  0.0
1036783.64397480, 44839.778347, 1000.0,    2.0,  998.0,  0.79,  0.00,  0.79,  0.0,  0.0,  0.0
1036783.64647480, 44841.033489, 1000.0,    2.0,  998.0,  0.79,  0.00,  0.79,  0.0,  0.0,  0.0
1036783.64897480, 44843.682483, 1000.0,    2.0,  998.0,  0.79,  0.00,  0.79,  0.0,  0.0,  0.0
1036783.65147480, 44845.144673, 1000.0,    2.0,  998.0,  0.79,  0.00,  0.79,  0.0,  0.0,  0.0
1036783.65397480, 44844.663626, 1000.0,    2.0,  998.0,  0.79,  0.00,  0.79,  0.0,  0.0,  0.0
1036783.65647480, 44843.447385, 1000.0,    2.0,  998.0,  0.79,  0.00,  0.79,  0.0,  0.0,  0.0
1036783.65897480, 44841.960551, 1000.0,    2.0,  998.0,  0.79,  0.00,  0.79,  0.0,  0.0,  0.0
1036783.66147480, 44841.110774, 1000.0,    2.0,  998.0,  0.79,  0.00,  0.79,  0.0,  0.0,  0.0
1036783.66397480, 44840.306241, 1000.0,    2.0,  998.0,  0.79,  0.00,  0.79,  0.0,  0.0,  0.0
1036783.66647480, 44842.035470, 1000.0,    2.0,  998.0,  0.79,  0.00,  0.79,  0.0,  0.0,  0.0
1036783.66897480, 44843.055349, 1000.0,    2.0,  998.0,  0.79,  0.00,  0.79,  0.0,  0.0,  0.0
1036783.67147480, 44843.818749, 1000.0,    2.0,  998.0,  0.79,  0.00,  0.79,  0.0,  0.0,  0.0
1036783.67397480, 44844.398064, 1000.0,    2.0,  998.0,  0.79,  0.00,  0.79,  0.0,  0.0,  0.0
1036783.67647480, 44844.977379, 1000.0,    2.0,  998.0,  0.79,  0.00,  0.79,  0.0,  0.0,  0.0
1036783.67897480, 44844.328218, 1000.0,    2.0,  998.0,  0.79,  0.00,  0.79,  0.0,  0.0,  0.0
1036783.68147480, 44842.767776, 1000.0,    2.0,  998.0,  0.79,  0.00,  0.79,  0.0,  0.0,  0.0
1036783.68397480, 44841.207335, 1000.0,    2.0,  998.0,  0.79,  0.00,  0.79,  0.0,  0.0,  0.0
1036783.68647480, 44841.138130, 1000.0,    2.0,  998.0,  0.79,  0.00,  0.79,  0.0,  0.0,  0.0
1036783.68897480, 44843.286865, 1000.0,    2.0,  998.0,  0.79,  0.00,  0.79,  0.0,  0.0,  0.0
1036783.69147480, 44844.953964, 1000.0,    2.0,  998.0,  0.79,  0.00,  0.79,  0.0,  0.0,  0.0
1036783.69397480, 44844.856693, 1000.0,    2.0,  998.0,  0.79,  0.00,  0.79,  0.0,  0.0,  0.0
1036783.69647480, 44844.357789, 1000.0,    2.0,  998.0,  0.79,  0.00,  0.79,  0.0,  0.0,  0.0
1036783.69897480, 44843.858884, 1000.0,    2.0,  998.0,  0.79,  0.00,  0.79,  0.0,  0.0,  0.0
1036783.70147480, 44841.990341, 1000.0,    2.0,  998.0,  0.79,  0.00,  0.79,  0.0,  0.0,  0.0
1036783.70397480, 44840.616321, 1000.0,    2.0,  998.0,  0.79,  0.00,  0.79,  0.0,  0.0,  0.0
1036783.70647480, 44841.000035, 1000.0,    2.0,  998.0,  0.79,  0.00,  0.79,  0.0,  0.0,  0.0
1036783.70897480, 44842.632926, 1000.0,    2.0,  998.0,  0.79,  0.00,  0.79,  0.0,  0.0,  0.0
1036783.71147480, 44843.981761, 1000.0,    2.0,  998.0,  0.79,  0.00,  0.79,  0.0,  0.0,  0.0
1036783.71397480, 44844.392492, 1000.0,    2.0,  998.0,  0.79,  0.00,  0.79,  0.0,  0.0,  0.0
1036783.71647480, 44842.831707, 1000.0,    2.0,  998.0,  0.79,  0.00,  0.79,  0.0,  0.0,  0.0
1036783.71897480, 44841.310233, 1000.0,    2.0,  998.0,  0.79,  0.00,  0.79,  0.0,  0.0,  0.0
1036783.72147480, 44840.864088, 1000.0,    2.0,  998.0,  0.79,  0.00,  0.79,  0.0,  0.0,  0.0
1036783.72397480, 44840.417942, 1000.0,    2.0,  998.0,  0.79,  0.00,  0.79,  0.0,  0.0,  0.0
1036783.72647480, 44841.782806, 1000.0,    2.0,  998.0,  0.79,  0.00,  0.79,  0.0,  0.0,  0.0
1036783.72897480, 44843.732538, 1000.0,    2.0,  998.0,  0.79,  0.00,  0.79,  0.0,  0.0,  0.0
1036783.73147480, 44844.398652, 1000.0,    2.0,  998.0,  0.79,  0.00,  0.79,  0.0,  0.0,  0.0
1036783.73397480, 44844.291724, 1000.0,    2.0,  998.0,  0.79,  0.00,  0.79,  0.0,  0.0,  0.0
1036783.73647480, 44843.480668, 1000.0,    2.0,  998.0,  0.79,  0.00,  0.79,  0.0,  0.0,  0.0
1036783.73897480, 44841.663946, 1000.0,    2.0,  998.0,  0.79,  0.00,  0.79,  0.0,  0.0,  0.0
1036783.74147480, 44840.969493, 1000.0,    2.0,  998.0,  0.79,  0.00,  0.79,  0.0,  0.0,  0.0
1036783.74397480, 44840.433703, 1000.0,    2.0,  998.0,  0.79,  0.00,  0.79,  0.0,  0.0,  0.0
1036783.74647480, 44840.605929, 1000.0,    2.0,  998.0,  0.79,  0.00,  0.79,  0.0,  0.0,  0.0
1036783.74897480, 44843.235979, 1000.0,    2.0,  998.0,  0.79,  0.00,  0.79,  0.0,  0.0,  0.0
1036783.75147480, 44843.700589, 1000.0,    2.0,  998.0,  0.79,  0.00,  0.79,  0.0,  0.0,  0.0
1036783.75397480, 44844.165199, 1000.0,    2.0,  998.0,  0.79,  0.00,  0.79,  0.0,  0.0,  0.0
1036783.75647480, 44844.629809, 1000.0,    2.0,  998.0,  0.79,  0.00,  0.79,  0.0,  0.0,  0.0
1036783.75897480, 44841.793485, 1000.0,    2.0,  998.0,  0.79,  0.00,  0.79,  0.0,  0.0,  0.0
1036783.76147480, 44840.787412, 1000.0,    2.0,  998.0,  0.79,  0.00,  0.79,  0.0,  0.0,  0.0
1036783.76647480, 44841.255663, 1000.0,    2.0,  998.0,  0.79,  0.00,  0.79,  0.0,  0.0,  0.0
1036783.76897480, 44844.368136, 1000.0,    2.0,  998.0,  0.79,  0.00,  0.79,  0.0,  0.0,  0.0
1036783.77147480, 44845.363078, 1000.0,    2.0,  998.0,  0.79,  0.00,  0.79,  0.0,  0.0,  0.0
1036783.77397480, 44845.048778, 1000.0,    2.0,  998.0,  0.79,  0.00,  0.79,  0.0,  0.0,  0.0
1036783.77647480, 44843.595121, 1000.0,    2.0,  998.0,  0.79,  0.00,  0.79,  0.0,  0.0,  0.0
1036783.77897480, 44841.521684, 1000.0,    2.0,  998.0,  0.79,  0.00,  0.79,  0.0,  0.0,  0.0
1036783.78147480, 44840.208324, 1000.0,    2.0,  998.0,  0.79,  0.00,  0.79,  0.0,  0.0,  0.0
1036783.78397480, 44840.705174, 1000.0,    2.0,  998.0,  0.79,  0.00,  0.79,  0.0,  0.0,  0.0
1036783.78647480, 44840.890881, 1000.0,    2.0,  998.0,  0.79,  0.00,  0.79,  0.0,  0.0,  0.0
1036783.78897480, 44841.452170, 1000.0,    2.0,  998.0,  0.79,  0.00,  0.79,  0.0,  0.0,  0.0
1036783.79147480, 44842.013460, 1000.0,    2.0,  998.0,  0.79,  0.00,  0.79,  0.0,  0.0,  0.0
1036783.79397480, 44842.574749, 1000.0,    2.0,  998.0,  0.79,  0.00,  0.79,  0.0,  0.0,  0.0
1036783.79647480, 44843.017110, 1000.0,    2.0,  998.0,  0.79,  0.00,  0.79,  0.0,  0.0,  0.0
1036783.79897480, 44841.575006, 1000.0,    2.0,  998.0,  0.79,  0.00,  0.79,  0.0,  0.0,  0.0
1036783.80147480, 44840.369015, 1000.0,    2.0,  998.0,  0.79,  0.00,  0.79,  0.0,  0.0,  0.0
1036783.80397480, 44840.098988, 1000.0,    2.0,  998.0,  0.79,  0.00,  0.79,  0.0,  0.0,  0.0
1036783.80647480, 44839.937938, 1000.0,    2.0,  998.0,  0.79,  0.00,  0.79,  0.0,  0.0,  0.0
1036783.80897480, 44840.692613, 1000.0,    2.0,  998.0,  0.79,  0.00,  0.79,  0.0,  0.0,  0.0
1036783.81147480, 44844.049560, 1000.0,    2.0,  998.0,  0.79,  0.00,  0.79,  0.0,  0.0,  0.0
1036783.81397480, 44844.653482, 1000.0,    2.0,  998.0,  0.79,  0.00,  0.79,  0.0,  0.0,  0.0
1036783.81647480, 44843.878878, 1000.0,    2.0,  998.0,  0.79,  0.00,  0.79,  0.0,  0.0,  0.0
1036783.81897480, 44841.528544, 1000.0,    2.0,  998.0,  0.79,  0.00,  0.79,  0.0,  0.0,  0.0
1036783.82147480, 44840.496561, 1000.0,    2.0,  998.0,  0.79,  0.00,  0.79,  0.0,  0.0,  0.0
1036783.82397480, 44840.490580, 1000.0,    2.0,  998.0,  0.79,  0.00,  0.79,  0.0,  0.0,  0.0
1036783.82647480, 44841.480492, 1000.0,    2.0,  998.0,  0.79,  0.00,  0.79,  0.0,  0.0,  0.0
1036783.82897480, 44843.191214, 1000.0,    2.0,  998.0,  0.79,  0.00,  0.79,  0.0,  0.0,  0.0
1036783.83147480, 44844.467822, 1000.0,    2.0,  998.0,  0.79,  0.00,  0.79,  0.0,  0.0,  0.0
1036783.83397480, 44844.672967, 1000.0,    2.0,  998.0,  0.79,  0.00,  0.79,  0.0,  0.0,  0.0
1036783.83647480, 44844.390694, 1000.0,    2.0,  998.0,  0.79,  0.00,  0.79,  0.0,  0.0,  0.0
1036783.83897480, 44842.539638, 1000.0,    2.0,  998.0,  0.79,  0.00,  0.79,  0.0,  0.0,  0.0
1036783.84147480, 44840.493608, 1000.0,    2.0,  998.0,  0.79,  0.00,  0.79,  0.0,  0.0,  0.0
1036783.84397480, 44840.320658, 1000.0,    2.0,  998.0,  0.79,  0.00,  0.79,  0.0,  0.0,  0.0
1036783.84647480, 44840.633404, 1000.0,    2.0,  998.0,  0.79,  0.00,  0.79,  0.0,  0.0,  0.0
1036783.84897480, 44843.008027, 1000.0,    2.0,  998.0,  0.79,  0.00,  0.79,  0.0,  0.0,  0.0
1036783.85147480, 44843.970053, 1000.0,    2.0,  998.0,  0.79,  0.00,  0.79,  0.0,  0.0,  0.0
1036783.85397480, 44844.621306, 1000.0,    2.0,  998.0,  0.79,  0.00,  0.79,  0.0,  0.0,  0.0
1036783.85647480, 44843.539846, 1000.0,    2.0,  998.0,  0.79,  0.00,  0.79,  0.0,  0.0,  0.0
1036783.85897480, 44840.142278, 1000.0,    2.0,  998.0,  0.79,  0.00,  0.79,  0.0,  0.0,  0.0
1036783.86147480, 44839.461751, 1000.0,    2.0,  998.0,  0.79,  0.00,  0.79,  0.0,  0.0,  0.0
1036783.86397480, 44839.526903, 1000.0,    2.0,  998.0,  0.79,  0.00,  0.79,  0.0,  0.0,  0.0
1036783.86647480, 44840.619166, 1000.0,    2.0,  998.0,  0.79,  0.00,  0.79,  0.0,  0.0,  0.0
1036783.86897480, 44842.450711, 1000.0,    2.0,  998.0,  0.79,  0.00,  0.79,  0.0,  0.0,  0.0
1036783.87147480, 44844.527030, 1000.0,    2.0,  998.0,  0.79,  0.00,  0.79,  0.0,  0.0,  0.0
1036783.87397480, 44844.694076, 1000.0,    2.0,  998.0,  0.79,  0.00,  0.79,  0.0,  0.0,  0.0
1036783.87647480, 44844.861123, 1000.0,    2.0,  998.0,  0.79,  0.00,  0.79,  0.0,  0.0,  0.0
1036783.87897480, 44843.967743, 1000.0,    2.0,  998.0,  0.79,  0.00,  0.79,  0.0,  0.0,  0.0
1036783.88147480, 44839.623866, 1000.0,    2.0,  998.0,  0.79,  0.00,  0.79,  0.0,  0.0,  0.0
1036783.88397480, 44839.334760, 1000.0,    2.0,  998.0,  0.79,  0.00,  0.79,  0.0,  0.0,  0.0
1036783.88647480, 44839.579350, 1000.0,    2.0,  998.0,  0.79,  0.00,  0.79,  0.0,  0.0,  0.0
1036783.88897480, 44842.086685, 1000.0,    2.0,  998.0,  0.79,  0.00,  0.79,  0.0,  0.0,  0.0
1036783.89147480, 44846.274795, 1000.0,    2.0,  998.0,  0.79,  0.00,  0.79,  0.0,  0.0,  0.0
1036783.89397480, 44847.273796, 1000.0,    2.0,  998.0,  0.79,  0.00,  0.79,  0.0,  0.0,  0.0
1036783.89647480, 44846.555790, 1000.0,    2.0,  998.0,  0.79,  0.00,  0.79,  0.0,  0.0,  0.0
1036783.89897480, 44842.873800, 1000.0,    2.0,  998.0,  0.79,  0.00,  0.79,  0.0,  0.0,  0.0
1036783.90147480, 44840.136981, 1000.0,    2.0,  998.0,  0.79,  0.00,  0.79,  0.0,  0.0,  0.0
1036783.90397480, 44838.263317, 1000.0,    2.0,  998.0,  0.79,  0.00,  0.79,  0.0,  0.0,  0.0
1036783.90647480, 44839.516920, 1000.0,    2.0,  998.0,  0.79,  0.00,  0.79,  0.0,  0.0,  0.0
1036783.90897480, 44842.871953, 1000.0,    2.0,  998.0,  0.79,  0.00,  0.79,  0.0,  0.0,  0.0
1036783.91147480, 44845.324842, 1000.0,    2.0,  998.0,  0.79,  0.00,  0.79,  0.0,  0.0,  0.0
1036783.91397480, 44845.905464, 1000.0,    2.0,  998.0,  0.79,  0.00,  0.79,  0.0,  0.0,  0.0
1036783.91647480, 44845.272754, 1000.0,    2.0,  998.0,  0.79,  0.00,  0.79,  0.0,  0.0,  0.0
1036783.91897480, 44843.700743, 1000.0,    2.0,  998.0,  0.79,  0.00,  0.79,  0.0,  0.0,  0.0
1036783.92147480, 44839.511686, 1000.0,    2.0,  998.0,  0.79,  0.00,  0.79,  0.0,  0.0,  0.0
1036783.92397480, 44838.429497, 1000.0,    2.0,  998.0,  0.79,  0.00,  0.79,  0.0,  0.0,  0.0
1036783.92647480, 44839.395346, 1000.0,    2.0,  998.0,  0.79,  0.00,  0.79,  0.0,  0.0,  0.0
1036783.92897480, 44840.557658, 1000.0,    2.0,  998.0,  0.79,  0.00,  0.79,  0.0,  0.0,  0.0
1036783.93147480, 44842.875072, 1000.0,    2.0,  998.0,  0.79,  0.00,  0.79,  0.0,  0.0,  0.0
1036783.93397480, 44845.192487, 1000.0,    2.0,  998.0,  0.79,  0.00,  0.79,  0.0,  0.0,  0.0
1036783.93647480, 44845.613225, 1000.0,    2.0,  998.0,  0.79,  0.00,  0.79,  0.0,  0.0,  0.0
1036783.93897480, 44844.179993, 1000.0,    2.0,  998.0,  0.79,  0.00,  0.79,  0.0,  0.0,  0.0
1036783.94147480, 44842.562763, 1000.0,    2.0,  998.0,  0.79,  0.00,  0.79,  0.0,  0.0,  0.0
1036783.94397480, 44840.886283, 1000.0,    2.0,  998.0,  0.79,  0.00,  0.79,  0.0,  0.0,  0.0
1036783.94647480, 44840.643399, 1000.0,    2.0,  998.0,  0.79,  0.00,  0.79,  0.0,  0.0,  0.0
1036783.94897480, 44841.906805, 1000.0,    2.0,  998.0,  0.79,  0.00,  0.79,  0.0,  0.0,  0.0
1036783.95397480, 44843.105953, 1000.0,    2.0,  998.0,  0.79,  0.00,  0.79,  0.0,  0.0,  0.0
1036783.95647480, 44841.983059, 1000.0,    2.0,  998.0,  0.79,  0.00,  0.79,  0.0,  0.0,  0.0
1036783.95897480, 44841.046622, 1000.0,    2.0,  998.0,  0.79,  0.00,  0.79,  0.0,  0.0,  0.0
1036783.96147480, 44840.645936, 1000.0,    2.0,  998.0,  0.79,  0.00,  0.79,  0.0,  0.0,  0.0
1036783.96397480, 44840.608669, 1000.0,    2.0,  998.0,  0.79,  0.00,  0.79,  0.0,  0.0,  0.0
1036783.96647480, 44841.765485, 1000.0,    2.0,  998.0,  0.79,  0.00,  0.79,  0.0,  0.0,  0.0
1036783.96897480, 44843.783651, 1000.0,    2.0,  998.0,  0.79,  0.00,  0.79,  0.0,  0.0,  0.0
1036783.97147480, 44844.753828, 1000.0,    2.0,  998.0,  0.79,  0.00,  0.79,  0.0,  0.0,  0.0
1036783.97397480, 44844.540356, 1000.0,    2.0,  998.0,  0.79,  0.00,  0.79,  0.0,  0.0,  0.0
1036783.97647480, 44844.159792, 1000.0,    2.0,  998.0,  0.79,  0.00,  0.79,  0.0,  0.0,  0.0
1036783.97897480, 44843.779229, 1000.0,    2.0,  998.0,  0.79,  0.00,  0.79,  0.0,  0.0,  0.0
1036783.98147480, 44840.970609, 1000.0,    2.0,  998.0,  0.79,  0.00,  0.79,  0.0,  0.0,  0.0
1036783.98397480, 44840.381505, 1000.0,    2.0,  998.0,  0.79,  0.00,  0.79,  0.0,  0.0,  0.0
1036783.98647480, 44840.709321, 1000.0,    2.0,  998.0,  0.79,  0.00,  0.79,  0.0,  0.0,  0.0
1036783.98897480, 44841.393493, 1000.0,    2.0,  998.0,  0.79,  0.00,  0.79,  0.0,  0.0,  0.0
1036783.99147480, 44843.028560, 1000.0,    2.0,  998.0,  0.79,  0.00,  0.79,  0.0,  0.0,  0.0
1036783.99397480, 44843.976450, 1000.0,    2.0,  998.0,  0.79,  0.00,  0.79,  0.0,  0.0,  0.0
1036783.99647480, 44842.877826, 1000.0,    2.0,  998.0,  0.79,  0.00,  0.79,  0.0,  0.0,  0.0
1036783.99897480, 44841.840758, 1000.0,    2.0,  998.0,  0.79,  0.00,  0.79,  0.0,  0.0,  0.0
1036784.00147480, 44841.014943, 1000.0,    2.0,  998.0,  0.79,  0.00,  0.79,  0.0,  0.0,  0.0
1036784.00397480, 44840.881019, 1000.0,    2.0,  998.0,  0.79,  0.00,  0.79,  0.0,  0.0,  0.0
1036784.00647480, 44842.011627, 1000.0,    2.0,  998.0,  0.79,  0.00,  0.79,  0.0,  0.0,  0.0
1036784.00897480, 44843.148278, 1000.0,    2.0,  998.0,  0.79,  0.00,  0.79,  0.0,  0.0,  0.0
1036784.01147480, 44844.277943, 1000.0,    2.0,  998.0,  0.79,  0.00,  0.79,  0.0,  0.0,  0.0
1036784.01397480, 44844.476370, 1000.0,    2.0,  998.0,  0.79,  0.00,  0.79,  0.0,  0.0,  0.0
1036784.01647480, 44843.202228, 1000.0,    2.0,  998.0,  0.79,  0.00,  0.79,  0.0,  0.0,  0.0
1036784.01897480, 44841.527286, 1000.0,    2.0,  998.0,  0.79,  0.00,  0.79,  0.0,  0.0,  0.0
1036784.02147480, 44840.257268, 1000.0,    2.0,  998.0,  0.79,  0.00,  0.79,  0.0,  0.0,  0.0
1036784.02397480, 44840.162030, 1000.0,    2.0,  998.0,  0.79,  0.00,  0.79,  0.0,  0.0,  0.0
1036784.02647480, 44842.021529, 1000.0,    2.0,  998.0,  0.79,  0.00,  0.79,  0.0,  0.0,  0.0
1036784.02897480, 44844.107483, 1000.0,    2.0,  998.0,  0.79,  0.00,  0.79,  0.0,  0.0,  0.0
1036784.03147480, 44844.787403, 1000.0,    2.0,  998.0,  0.79,  0.00,  0.79,  0.0,  0.0,  0.0
1036784.03397480, 44844.839229, 1000.0,    2.0,  998.0,  0.79,  0.00,  0.79,  0.0,  0.0,  0.0
1036784.03647480, 44844.839229, 1000.0,    2.0,  998.0,  0.79,  0.00,  0.79,  0.0,  0.0,  0.0
1036784.03897480, 44844.839229, 1000.0,    2.0,  998.0,  0.79,  0.00,  0.79,  0.0,  0.0,  0.0
1036784.04147480, 44844.839229, 1000.0,    2.0,  998.0,  0.79,  0.00,  0.79,  0.0,  0.0,  0.0
1036784.04397480, 44840.537982, 1000.0,    2.0,  998.0,  0.79,  0.00,  0.79,  0.0,  0.0,  0.0
1036784.04647480, 44842.129674, 1000.0,    2.0,  998.0,  0.79,  0.00,  0.79,  0.0,  0.0,  0.0
1036784.04897480, 44843.634854, 1000.0,    2.0,  998.0,  0.79,  0.00,  0.79,  0.0,  0.0,  0.0
1036784.05147480, 44844.463390, 1000.0,    2.0,  998.0,  0.79,  0.00,  0.79,  0.0,  0.0,  0.0
1036784.05397480, 44844.461225, 1000.0,    2.0,  998.0,  0.79,  0.00,  0.79,  0.0,  0.0,  0.0
1036784.05647480, 44843.214550, 1000.0,    2.0,  998.0,  0.79,  0.00,  0.79,  0.0,  0.0,  0.0
1036784.05897480, 44841.086819, 1000.0,    2.0,  998.0,  0.79,  0.00,  0.79,  0.0,  0.0,  0.0
1036784.06147480, 44839.831475, 1000.0,    2.0,  998.0,  0.79,  0.00,  0.79,  0.0,  0.0,  0.0
1036784.06397480, 44839.557843, 1000.0,    2.0,  998.0,  0.79,  0.00,  0.79,  0.0,  0.0,  0.0
1036784.06647480, 44841.027389, 1000.0,    2.0,  998.0,  0.79,  0.00,  0.79,  0.0,  0.0,  0.0
1036784.06897480, 44842.395497, 1000.0,    2.0,  998.0,  0.79,  0.00,  0.79,  0.0,  0.0,  0.0
1036784.07147480, 44843.294705, 1000.0,    2.0,  998.0,  0.79,  0.00,  0.79,  0.0,  0.0,  0.0
1036784.07397480, 44843.998949, 1000.0,    2.0,  998.0,  0.79,  0.00,  0.79,  0.0,  0.0,  0.0
1036784.07897480, 44841.092898, 1000.0,    2.0,  998.0,  0.79,  0.00,  0.79,  0.0,  0.0,  0.0
1036784.08147480, 44840.448843, 1000.0,    2.0,  998.0,  0.79,  0.00,  0.79,  0.0,  0.0,  0.0
1036784.08397480, 44840.295635, 1000.0,    2.0,  998.0,  0.79,  0.00,  0.79,  0.0,  0.0,  0.0
1036784.08647480, 44841.588708, 1000.0,    2.0,  998.0,  0.79,  0.00,  0.79,  0.0,  0.0,  0.0
1036784.08897480, 44843.691913, 1000.0,    2.0,  998.0,  0.79,  0.00,  0.79,  0.0,  0.0,  0.0
1036784.09147480, 44844.890522, 1000.0,    2.0,  998.0,  0.79,  0.00,  0.79,  0.0,  0.0,  0.0
1036784.09397480, 44844.968034, 1000.0,    2.0,  998.0,  0.79,  0.00,  0.79,  0.0,  0.0,  0.0
1036784.09647480, 44843.527754, 1000.0,    2.0,  998.0,  0.79,  0.00,  0.79,  0.0,  0.0,  0.0
1036784.09897480, 44842.493827, 1000.0,    2.0,  998.0,  0.79,  0.00,  0.79,  0.0,  0.0,  0.0
1036784.10147480, 44840.775906, 1000.0,    2.0,  998.0,  0.79,  0.00,  0.79,  0.0,  0.0,  0.0
1036784.10397480, 44840.370470, 1000.0,    2.0,  998.0,  0.79,  0.00,  0.79,  0.0,  0.0,  0.0
1036784.10647480, 44841.647942, 1000.0,    2.0,  998.0,  0.79,  0.00,  0.79,  0.0,  0.0,  0.0
1036784.10897480, 44842.398865, 1000.0,    2.0,  998.0,  0.79,  0.00,  0.79,  0.0,  0.0,  0.0
1036784.11147480, 44843.174792, 1000.0,    2.0,  998.0,  0.79,  0.00,  0.79,  0.0,  0.0,  0.0
1036784.11397480, 44844.516576, 1000.0,    2.0,  998.0,  0.79,  0.00,  0.79,  0.0,  0.0,  0.0
1036784.11647480, 44843.584971, 1000.0,    2.0,  998.0,  0.79,  0.00,  0.79,  0.0,  0.0,  0.0
1036784.11897480, 44842.850539, 1000.0,    2.0,  998.0,  0.79,  0.00,  0.79,  0.0,  0.0,  0.0
1036784.12147480, 44842.116107, 1000.0,    2.0,  998.0,  0.79,  0.00,  0.79,  0.0,  0.0,  0.0
1036784.12397480, 44840.244536, 1000.0,    2.0,  998.0,  0.79,  0.00,  0.79,  0.0,  0.0,  0.0
1036784.12647480, 44841.174387, 1000.0,    2.0,  998.0,  0.79,  0.00,  0.79,  0.0,  0.0,  0.0
1036784.12897480, 44841.872438, 1000.0,    2.0,  998.0,  0.79,  0.00,  0.79,  0.0,  0.0,  0.0
1036784.13147480, 44842.570490, 1000.0,    2.0,  998.0,  0.79,  0.00,  0.79,  0.0,  0.0,  0.0
1036784.13397480, 44843.108557, 1000.0,    2.0,  998.0,  0.79,  0.00,  0.79,  0.0,  0.0,  0.0
1036784.13647480, 44843.372810, 1000.0,    2.0,  998.0,  0.79,  0.00,  0.79,  0.0,  0.0,  0.0
1036784.13897480, 44842.658935, 1000.0,    2.0,  998.0,  0.79,  0.00,  0.79,  0.0,  0.0,  0.0
1036784.14147480, 44841.851101, 1000.0,    2.0,  998.0,  0.79,  0.00,  0.79,  0.0,  0.0,  0.0
1036784.14397480, 44841.034479, 1000.0,    2.0,  998.0,  0.79,  0.00,  0.79,  0.0,  0.0,  0.0
1036784.14647480, 44840.925444, 1000.0,    2.0,  998.0,  0.79,  0.00,  0.79,  0.0,  0.0,  0.0
1036784.14897480, 44843.980156, 1000.0,    2.0,  998.0,  0.79,  0.00,  0.79,  0.0,  0.0,  0.0
1036784.15147480, 44844.969970, 1000.0,    2.0,  998.0,  0.79,  0.00,  0.79,  0.0,  0.0,  0.0
1036784.15397480, 44844.914139, 1000.0,    2.0,  998.0,  0.79,  0.00,  0.79,  0.0,  0.0,  0.0
1036784.15647480, 44843.523678, 1000.0,    2.0,  998.0,  0.79,  0.00,  0.79,  0.0,  0.0,  0.0
1036784.15897480, 44842.838020, 1000.0,    2.0,  998.0,  0.79,  0.00,  0.79,  0.0,  0.0,  0.0
1036784.16147480, 44842.152362, 1000.0,    2.0,  998.0,  0.79,  0.00,  0.79,  0.0,  0.0,  0.0
1036784.16397480, 44841.556886, 1000.0,    2.0,  998.0,  0.79,  0.00,  0.79,  0.0,  0.0,  0.0
1036784.16647480, 44842.747373, 1000.0,    2.0,  998.0,  0.79,  0.00,  0.79,  0.0,  0.0,  0.0
1036784.16897480, 44843.107317, 1000.0,    2.0,  998.0,  0.79,  0.00,  0.79,  0.0,  0.0,  0.0
1036784.17147480, 44843.107317, 1000.0,    2.0,  998.0,  0.79,  0.00,  0.79,  0.0,  0.0,  0.0
1036784.17397480, 44843.107317, 1000.0,    2.0,  998.0,  0.79,  0.00,  0.79,  0.0,  0.0,  0.0
1036784.17647480, 44842.199939, 1000.0,    2.0,  998.0,  0.79,  0.00,  0.79,  0.0,  0.0,  0.0
1036784.17897480, 44841.909947, 1000.0,    2.0,  998.0,  0.79,  0.00,  0.79,  0.0,  0.0,  0.0
1036784.18147480, 44841.356480, 1000.0,    2.0,  998.0,  0.79,  0.00,  0.79,  0.0,  0.0,  0.0
1036784.18397480, 44840.513757, 1000.0,    2.0,  998.0,  0.79,  0.00,  0.79,  0.0,  0.0,  0.0
1036784.18647480, 44842.963836, 1000.0,    2.0,  998.0,  0.79,  0.00,  0.79,  0.0,  0.0,  0.0
1036784.18897480, 44843.556331, 1000.0,    2.0,  998.0,  0.79,  0.00,  0.79,  0.0,  0.0,  0.0
1036784.19147480, 44843.943892, 1000.0,    2.0,  998.0,  0.79,  0.00,  0.79,  0.0,  0.0,  0.0
1036784.19397480, 44844.771165, 1000.0,    2.0,  998.0,  0.79,  0.00,  0.79,  0.0,  0.0,  0.0
1036784.19647480, 44844.152986, 1000.0,    2.0,  998.0,  0.79,  0.00,  0.79,  0.0,  0.0,  0.0
1036784.19897480, 44842.318085, 1000.0,    2.0,  998.0,  0.79,  0.00,  0.79,  0.0,  0.0,  0.0
1036784.20147480, 44840.806247, 1000.0,    2.0,  998.0,  0.79,  0.00,  0.79,  0.0,  0.0,  0.0
1036784.20397480, 44840.517996, 1000.0,    2.0,  998.0,  0.79,  0.00,  0.79,  0.0,  0.0,  0.0
1036784.20647480, 44841.969860, 1000.0,    2.0,  998.0,  0.79,  0.00,  0.79,  0.0,  0.0,  0.0
1036784.20897480, 44843.803140, 1000.0,    2.0,  998.0,  0.79,  0.00,  0.79,  0.0,  0.0,  0.0
1036784.21147480, 44844.820741, 1000.0,    2.0,  998.0,  0.79,  0.00,  0.79,  0.0,  0.0,  0.0
1036784.21397480, 44843.936844, 1000.0,    2.0,  998.0,  0.79,  0.00,  0.79,  0.0,  0.0,  0.0
1036784.21647480, 44842.428402, 1000.0,    2.0,  998.0,  0.79,  0.00,  0.79,  0.0,  0.0,  0.0
1036784.21897480, 44841.011451, 1000.0,    2.0,  998.0,  0.79,  0.00,  0.79,  0.0,  0.0,  0.0
1036784.22147480, 44840.544803, 1000.0,    2.0,  998.0,  0.79,  0.00,  0.79,  0.0,  0.0,  0.0
1036784.22397480, 44840.459557, 1000.0,    2.0,  998.0,  0.79,  0.00,  0.79,  0.0,  0.0,  0.0
1036784.22647480, 44840.553908, 1000.0,    2.0,  998.0,  0.79,  0.00,  0.79,  0.0,  0.0,  0.0
1036784.22897480, 44842.703584, 1000.0,    2.0,  998.0,  0.79,  0.00,  0.79,  0.0,  0.0,  0.0
1036784.23147480, 44843.472436, 1000.0,    2.0,  998.0,  0.79,  0.00,  0.79,  0.0,  0.0,  0.0
1036784.23397480, 44844.123822, 1000.0,    2.0,  998.0,  0.79,  0.00,  0.79,  0.0,  0.0,  0.0
1036784.23647480, 44844.775207, 1000.0,    2.0,  998.0,  0.79,  0.00,  0.79,  0.0,  0.0,  0.0
1036784.23897480, 44843.645542, 1000.0,    2.0,  998.0,  0.79,  0.00,  0.79,  0.0,  0.0,  0.0
1036784.24147480, 44841.277582, 1000.0,    2.0,  998.0,  0.79,  0.00,  0.79,  0.0,  0.0,  0.0
1036784.24397480, 44840.752750, 1000.0,    2.0,  998.0,  0.79,  0.00,  0.79,  0.0,  0.0,  0.0
1036784.24647480, 44841.605783, 1000.0,    2.0,  998.0,  0.79,  0.00,  0.79,  0.0,  0.0,  0.0
1036784.24897480, 44842.569491, 1000.0,    2.0,  998.0,  0.79,  0.00,  0.79,  0.0,  0.0,  0.0
1036784.25147480, 44843.580340, 1000.0,    2.0,  998.0,  0.79,  0.00,  0.79,  0.0,  0.0,  0.0
1036784.25397480, 44844.696704, 1000.0,    2.0,  998.0,  0.79,  0.00,  0.79,  0.0,  0.0,  0.0
1036784.25647480, 44844.000644, 1000.0,    2.0,  998.0,  0.79,  0.00,  0.79,  0.0,  0.0,  0.0
1036784.25897480, 44842.422761, 1000.0,    2.0,  998.0,  0.79,  0.00,  0.79,  0.0,  0.0,  0.0
1036784.26147480, 44839.763792, 1000.0,    2.0,  998.0,  0.79,  0.00,  0.79,  0.0,  0.0,  0.0
1036784.26397480, 44839.593086, 1000.0,    2.0,  998.0,  0.79,  0.00,  0.79,  0.0,  0.0,  0.0
1036784.26647480, 44840.487435, 1000.0,    2.0,  998.0,  0.79,  0.00,  0.79,  0.0,  0.0,  0.0
1036784.26897480, 44842.695215, 1000.0,    2.0,  998.0,  0.79,  0.00,  0.79,  0.0,  0.0,  0.0
1036784.27147480, 44845.006577, 1000.0,    2.0,  998.0,  0.79,  0.00,  0.79,  0.0,  0.0,  0.0
1036784.27397480, 44844.704537, 1000.0,    2.0,  998.0,  0.79,  0.00,  0.79,  0.0,  0.0,  0.0
1036784.27647480, 44843.402799, 1000.0,    2.0,  998.0,  0.79,  0.00,  0.79,  0.0,  0.0,  0.0
1036784.27897480, 44842.009239, 1000.0,    2.0,  998.0,  0.79,  0.00,  0.79,  0.0,  0.0,  0.0
1036784.28147480, 44840.895919, 1000.0,    2.0,  998.0,  0.79,  0.00,  0.79,  0.0,  0.0,  0.0
1036784.28397480, 44840.596262, 1000.0,    2.0,  998.0,  0.79,  0.00,  0.79,  0.0,  0.0,  0.0
1036784.28647480, 44840.969792, 1000.0,    2.0,  998.0,  0.79,  0.00,  0.79,  0.0,  0.0,  0.0
1036784.28897480, 44841.343322, 1000.0,    2.0,  998.0,  0.79,  0.00,  0.79,  0.0,  0.0,  0.0
1036784.29147480, 44843.471577, 1000.0,    2.0,  998.0,  0.79,  0.00,  0.79,  0.0,  0.0,  0.0
1036784.29397480, 44844.208546, 1000.0,    2.0,  998.0,  0.79,  0.00,  0.79,  0.0,  0.0,  0.0
1036784.29647480, 44843.588404, 1000.0,    2.0,  998.0,  0.79,  0.00,  0.79,  0.0,  0.0,  0.0
1036784.29897480, 44843.588404, 1000.0,    2.0,  998.0,  0.79,  0.00,  0.79,  0.0,  0.0,  0.0
1036784.30147480, 44842.183822, 1000.0,    2.0,  998.0,  0.79,  0.00,  0.79,  0.0,  0.0,  0.0
1036784.30397480, 44840.614840, 1000.0,    2.0,  998.0,  0.79,  0.00,  0.79,  0.0,  0.0,  0.0
1036784.30647480, 44840.979846, 1000.0,    2.0,  998.0,  0.79,  0.00,  0.79,  0.0,  0.0,  0.0
1036784.30897480, 44840.979846, 1000.0,    2.0,  998.0,  0.79,  0.00,  0.79,  0.0,  0.0,  0.0
1036784.31147480, 44844.610584, 1000.0,    2.0,  998.0,  0.79,  0.00,  0.79,  0.0,  0.0,  0.0
1036784.31397480, 44844.474098, 1000.0,    2.0,  998.0,  0.79,  0.00,  0.79,  0.0,  0.0,  0.0
1036784.31647480, 44842.768888, 1000.0,    2.0,  998.0,  0.79,  0.00,  0.79,  0.0,  0.0,  0.0
1036784.31897480, 44841.337000, 1000.0,    2.0,  998.0,  0.79,  0.00,  0.79,  0.0,  0.0,  0.0
1036784.32397480, 44840.339255, 1000.0,    2.0,  998.0,  0.79,  0.00,  0.79,  0.0,  0.0,  0.0
1036784.32647480, 44842.027830, 1000.0,    2.0,  998.0,  0.79,  0.00,  0.79,  0.0,  0.0,  0.0
1036784.32897480, 44843.572998, 1000.0,    2.0,  998.0,  0.79,  0.00,  0.79,  0.0,  0.0,  0.0
1036784.33147480, 44844.293593, 1000.0,    2.0,  998.0,  0.79,  0.00,  0.79,  0.0,  0.0,  0.0
1036784.33397480, 44844.060588, 1000.0,    2.0,  998.0,  0.79,  0.00,  0.79,  0.0,  0.0,  0.0
1036784.33647480, 44842.283876, 1000.0,    2.0,  998.0,  0.79,  0.00,  0.79,  0.0,  0.0,  0.0
1036784.33897480, 44840.262800, 1000.0,    2.0,  998.0,  0.79,  0.00,  0.79,  0.0,  0.0,  0.0
1036784.34147480, 44839.868002, 1000.0,    2.0,  998.0,  0.79,  0.00,  0.79,  0.0,  0.0,  0.0
1036784.34397480, 44840.400621, 1000.0,    2.0,  998.0,  0.79,  0.00,  0.79,  0.0,  0.0,  0.0
1036784.34647480, 44841.584887, 1000.0,    2.0,  998.0,  0.79,  0.00,  0.79,  0.0,  0.0,  0.0
1036784.34897480, 44842.522993, 1000.0,    2.0,  998.0,  0.79,  0.00,  0.79,  0.0,  0.0,  0.0
1036784.35147480, 44843.997032, 1000.0,    2.0,  998.0,  0.79,  0.00,  0.79,  0.0,  0.0,  0.0
1036784.35397480, 44844.303452, 1000.0,    2.0,  998.0,  0.79,  0.00,  0.79,  0.0,  0.0,  0.0
1036784.35647480, 44843.962582, 1000.0,    2.0,  998.0,  0.79,  0.00,  0.79,  0.0,  0.0,  0.0
1036784.35897480, 44842.784707, 1000.0,    2.0,  998.0,  0.79,  0.00,  0.79,  0.0,  0.0,  0.0
1036784.36147480, 44840.473200, 1000.0,    2.0,  998.0,  0.79,  0.00,  0.79,  0.0,  0.0,  0.0
1036784.36397480, 44840.456167, 1000.0,    2.0,  998.0,  0.79,  0.00,  0.79,  0.0,  0.0,  0.0
1036784.36647480, 44841.835606, 1000.0,    2.0,  998.0,  0.79,  0.00,  0.79,  0.0,  0.0,  0.0
1036784.36897480, 44842.789120, 1000.0,    2.0,  998.0,  0.79,  0.00,  0.79,  0.0,  0.0,  0.0
1036784.37147480, 44843.742633, 1000.0,    2.0,  998.0,  0.79,  0.00,  0.79,  0.0,  0.0,  0.0
1036784.37397480, 44843.942638, 1000.0,    2.0,  998.0,  0.79,  0.00,  0.79,  0.0,  0.0,  0.0
1036784.37647480, 44842.621172, 1000.0,    2.0,  998.0,  0.79,  0.00,  0.79,  0.0,  0.0,  0.0
1036784.37897480, 44840.857567, 1000.0,    2.0,  998.0,  0.79,  0.00,  0.79,  0.0,  0.0,  0.0
1036784.38147480, 44840.445306, 1000.0,    2.0,  998.0,  0.79,  0.00,  0.79,  0.0,  0.0,  0.0
1036784.38397480, 44840.580748, 1000.0,    2.0,  998.0,  0.79,  0.00,  0.79,  0.0,  0.0,  0.0
1036784.38647480, 44841.275751, 1000.0,    2.0,  998.0,  0.79,  0.00,  0.79,  0.0,  0.0,  0.0
1036784.38897480, 44842.536729, 1000.0,    2.0,  998.0,  0.79,  0.00,  0.79,  0.0,  0.0,  0.0
1036784.39147480, 44843.921758, 1000.0,    2.0,  998.0,  0.79,  0.00,  0.79,  0.0,  0.0,  0.0
1036784.39397480, 44844.222161, 1000.0,    2.0,  998.0,  0.79,  0.00,  0.79,  0.0,  0.0,  0.0
1036784.39647480, 44843.267909, 1000.0,    2.0,  998.0,  0.79,  0.00,  0.79,  0.0,  0.0,  0.0
1036784.39897480, 44841.508526, 1000.0,    2.0,  998.0,  0.79,  0.00,  0.79,  0.0,  0.0,  0.0
1036784.40147480, 44840.259390, 1000.0,    2.0,  998.0,  0.79,  0.00,  0.79,  0.0,  0.0,  0.0
1036784.40397480, 44841.011824, 1000.0,    2.0,  998.0,  0.79,  0.00,  0.79,  0.0,  0.0,  0.0
1036784.40647480, 44841.251238, 1000.0,    2.0,  998.0,  0.79,  0.00,  0.79,  0.0,  0.0,  0.0
1036784.40897480, 44842.079087, 1000.0,    2.0,  998.0,  0.79,  0.00,  0.79,  0.0,  0.0,  0.0
1036784.41147480, 44842.906936, 1000.0,    2.0,  998.0,  0.79,  0.00,  0.79,  0.0,  0.0,  0.0
1036784.41397480, 44843.416737, 1000.0,    2.0,  998.0,  0.79,  0.00,  0.79,  0.0,  0.0,  0.0
1036784.41647480, 44842.511388, 1000.0,    2.0,  998.0,  0.79,  0.00,  0.79,  0.0,  0.0,  0.0
1036784.41897480, 44840.969081, 1000.0,    2.0,  998.0,  0.79,  0.00,  0.79,  0.0,  0.0,  0.0
1036784.42147480, 44839.946190, 1000.0,    2.0,  998.0,  0.79,  0.00,  0.79,  0.0,  0.0,  0.0
1036784.42397480, 44839.662737, 1000.0,    2.0,  998.0,  0.79,  0.00,  0.79,  0.0,  0.0,  0.0
1036784.42647480, 44840.990744, 1000.0,    2.0,  998.0,  0.79,  0.00,  0.79,  0.0,  0.0,  0.0
1036784.42897480, 44843.404971, 1000.0,    2.0,  998.0,  0.79,  0.00,  0.79,  0.0,  0.0,  0.0
1036784.43147480, 44844.627854, 1000.0,    2.0,  998.0,  0.79,  0.00,  0.79,  0.0,  0.0,  0.0
1036784.43397480, 44844.671220, 1000.0,    2.0,  998.0,  0.79,  0.00,  0.79,  0.0,  0.0,  0.0
1036784.43647480, 44844.077348, 1000.0,    2.0,  998.0,  0.79,  0.00,  0.79,  0.0,  0.0,  0.0
1036784.43897480, 44843.117980, 1000.0,    2.0,  998.0,  0.79,  0.00,  0.79,  0.0,  0.0,  0.0
1036784.44147480, 44841.234889, 1000.0,    2.0,  998.0,  0.79,  0.00,  0.79,  0.0,  0.0,  0.0
1036784.44397480, 44840.332140, 1000.0,    2.0,  998.0,  0.79,  0.00,  0.79,  0.0,  0.0,  0.0
1036784.44647480, 44841.094048, 1000.0,    2.0,  998.0,  0.79,  0.00,  0.79,  0.0,  0.0,  0.0
1036784.44897480, 44843.002762, 1000.0,    2.0,  998.0,  0.79,  0.00,  0.79,  0.0,  0.0,  0.0
1036784.45147480, 44844.599858, 1000.0,    2.0,  998.0,  0.79,  0.00,  0.79,  0.0,  0.0,  0.0
1036784.45397480, 44844.604019, 1000.0,    2.0,  998.0,  0.79,  0.00,  0.79,  0.0,  0.0,  0.0
1036784.45647480, 44843.664868, 1000.0,    2.0,  998.0,  0.79,  0.00,  0.79,  0.0,  0.0,  0.0
1036784.45897480, 44841.498619, 1000.0,    2.0,  998.0,  0.79,  0.00,  0.79,  0.0,  0.0,  0.0
1036784.46147480, 44840.197769, 1000.0,    2.0,  998.0,  0.79,  0.00,  0.79,  0.0,  0.0,  0.0
1036784.46397480, 44840.541355, 1000.0,    2.0,  998.0,  0.79,  0.00,  0.79,  0.0,  0.0,  0.0
1036784.46647480, 44842.209680, 1000.0,    2.0,  998.0,  0.79,  0.00,  0.79,  0.0,  0.0,  0.0
1036784.46897480, 44844.101212, 1000.0,    2.0,  998.0,  0.79,  0.00,  0.79,  0.0,  0.0,  0.0
1036784.47147480, 44844.984516, 1000.0,    2.0,  998.0,  0.79,  0.00,  0.79,  0.0,  0.0,  0.0
1036784.47397480, 44844.649847, 1000.0,    2.0,  998.0,  0.79,  0.00,  0.79,  0.0,  0.0,  0.0
1036784.47647480, 44844.096425, 1000.0,    2.0,  998.0,  0.79,  0.00,  0.79,  0.0,  0.0,  0.0
1036784.47897480, 44843.451973, 1000.0,    2.0,  998.0,  0.79,  0.00,  0.79,  0.0,  0.0,  0.0
1036784.48147480, 44840.801057, 1000.0,    2.0,  998.0,  0.79,  0.00,  0.79,  0.0,  0.0,  0.0
1036784.48397480, 44840.164822, 1000.0,    2.0,  998.0,  0.79,  0.00,  0.79,  0.0,  0.0,  0.0
1036784.48647480, 44840.662043, 1000.0,    2.0,  998.0,  0.79,  0.00,  0.79,  0.0,  0.0,  0.0
1036784.48897480, 44842.134469, 1000.0,    2.0,  998.0,  0.79,  0.00,  0.79,  0.0,  0.0,  0.0
1036784.49147480, 44844.629212, 1000.0,    2.0,  998.0,  0.79,  0.00,  0.79,  0.0,  0.0,  0.0
1036784.49397480, 44844.549896, 1000.0,    2.0,  998.0,  0.79,  0.00,  0.79,  0.0,  0.0,  0.0
1036784.49647480, 44843.822257, 1000.0,    2.0,  998.0,  0.79,  0.00,  0.79,  0.0,  0.0,  0.0
1036784.49897480, 44842.525389, 1000.0,    2.0,  998.0,  0.79,  0.00,  0.79,  0.0,  0.0,  0.0
1036784.50147480, 44840.874517, 1000.0,    2.0,  998.0,  0.79,  0.00,  0.79,  0.0,  0.0,  0.0
1036784.50397480, 44840.463938, 1000.0,    2.0,  998.0,  0.79,  0.00,  0.79,  0.0,  0.0,  0.0
1036784.50647480, 44841.582816, 1000.0,    2.0,  998.0,  0.79,  0.00,  0.79,  0.0,  0.0,  0.0
1036784.50897480, 44842.633168, 1000.0,    2.0,  998.0,  0.79,  0.00,  0.79,  0.0,  0.0,  0.0
1036784.51147480, 44844.023979, 1000.0,    2.0,  998.0,  0.79,  0.00,  0.79,  0.0,  0.0,  0.0
1036784.51397480, 44844.686572, 1000.0,    2.0,  998.0,  0.79,  0.00,  0.79,  0.0,  0.0,  0.0
1036784.51647480, 44843.724111, 1000.0,    2.0,  998.0,  0.79,  0.00,  0.79,  0.0,  0.0,  0.0
1036784.51897480, 44842.167831, 1000.0,    2.0,  998.0,  0.79,  0.00,  0.79,  0.0,  0.0,  0.0
1036784.52147480, 44840.062581, 1000.0,    2.0,  998.0,  0.79,  0.00,  0.79,  0.0,  0.0,  0.0
1036784.52397480, 44840.147228, 1000.0,    2.0,  998.0,  0.79,  0.00,  0.79,  0.0,  0.0,  0.0
1036784.52647480, 44841.129158, 1000.0,    2.0,  998.0,  0.79,  0.00,  0.79,  0.0,  0.0,  0.0
1036784.52897480, 44843.228829, 1000.0,    2.0,  998.0,  0.79,  0.00,  0.79,  0.0,  0.0,  0.0
1036784.53147480, 44844.660282, 1000.0,    2.0,  998.0,  0.79,  0.00,  0.79,  0.0,  0.0,  0.0
1036784.53397480, 44845.052989, 1000.0,    2.0,  998.0,  0.79,  0.00,  0.79,  0.0,  0.0,  0.0
1036784.53647480, 44843.753914, 1000.0,    2.0,  998.0,  0.79,  0.00,  0.79,  0.0,  0.0,  0.0
1036784.53897480, 44841.745509, 1000.0,    2.0,  998.0,  0.79,  0.00,  0.79,  0.0,  0.0,  0.0
1036784.54147480, 44840.321269, 1000.0,    2.0,  998.0,  0.79,  0.00,  0.79,  0.0,  0.0,  0.0
1036784.54397480, 44840.015266, 1000.0,    2.0,  998.0,  0.79,  0.00,  0.79,  0.0,  0.0,  0.0
1036784.54647480, 44840.290005, 1000.0,    2.0,  998.0,  0.79,  0.00,  0.79,  0.0,  0.0,  0.0
1036784.54897480, 44840.652967, 1000.0,    2.0,  998.0,  0.79,  0.00,  0.79,  0.0,  0.0,  0.0
1036784.55147480, 44841.527835, 1000.0,    2.0,  998.0,  0.79,  0.00,  0.79,  0.0,  0.0,  0.0
1036784.55397480, 44844.731637, 1000.0,    2.0,  998.0,  0.79,  0.00,  0.79,  0.0,  0.0,  0.0
1036784.55647480, 44844.404206, 1000.0,    2.0,  998.0,  0.79,  0.00,  0.79,  0.0,  0.0,  0.0
1036784.55897480, 44844.076776, 1000.0,    2.0,  998.0,  0.79,  0.00,  0.79,  0.0,  0.0,  0.0
1036784.56147480, 44843.749345, 1000.0,    2.0,  998.0,  0.79,  0.00,  0.79,  0.0,  0.0,  0.0
1036784.56397480, 44840.662450, 1000.0,    2.0,  998.0,  0.79,  0.00,  0.79,  0.0,  0.0,  0.0
1036784.56647480, 44840.730853, 1000.0,    2.0,  998.0,  0.79,  0.00,  0.79,  0.0,  0.0,  0.0
1036784.56897480, 44841.914650, 1000.0,    2.0,  998.0,  0.79,  0.00,  0.79,  0.0,  0.0,  0.0
1036784.57147480, 44842.990444, 1000.0,    2.0,  998.0,  0.79,  0.00,  0.79,  0.0,  0.0,  0.0
1036784.57397480, 44843.873574, 1000.0,    2.0,  998.0,  0.79,  0.00,  0.79,  0.0,  0.0,  0.0
1036784.57897480, 44841.871526, 1000.0,    2.0,  998.0,  0.79,  0.00,  0.79,  0.0,  0.0,  0.0
1036784.58147480, 44839.961682, 1000.0,    2.0,  998.0,  0.79,  0.00,  0.79,  0.0,  0.0,  0.0
1036784.58397480, 44840.107429, 1000.0,    2.0,  998.0,  0.79,  0.00,  0.79,  0.0,  0.0,  0.0
1036784.58647480, 44841.510288, 1000.0,    2.0,  998.0,  0.79,  0.00,  0.79,  0.0,  0.0,  0.0
1036784.58897480, 44843.367548, 1000.0,    2.0,  998.0,  0.79,  0.00,  0.79,  0.0,  0.0,  0.0
1036784.59147480, 44844.326443, 1000.0,    2.0,  998.0,  0.79,  0.00,  0.79,  0.0,  0.0,  0.0
1036784.59397480, 44844.254884, 1000.0,    2.0,  998.0,  0.79,  0.00,  0.79,  0.0,  0.0,  0.0
1036784.59647480, 44843.051033, 1000.0,    2.0,  998.0,  0.79,  0.00,  0.79,  0.0,  0.0,  0.0
1036784.59897480, 44841.926274, 1000.0,    2.0,  998.0,  0.79,  0.00,  0.79,  0.0,  0.0,  0.0
1036784.60147480, 44840.278521, 1000.0,    2.0,  998.0,  0.79,  0.00,  0.79,  0.0,  0.0,  0.0
1036784.60397480, 44840.033662, 1000.0,    2.0,  998.0,  0.79,  0.00,  0.79,  0.0,  0.0,  0.0
1036784.60647480, 44840.622363, 1000.0,    2.0,  998.0,  0.79,  0.00,  0.79,  0.0,  0.0,  0.0
1036784.60897480, 44842.091022, 1000.0,    2.0,  998.0,  0.79,  0.00,  0.79,  0.0,  0.0,  0.0
1036784.61147480, 44844.261811, 1000.0,    2.0,  998.0,  0.79,  0.00,  0.79,  0.0,  0.0,  0.0
1036784.61397480, 44844.836327, 1000.0,    2.0,  998.0,  0.79,  0.00,  0.79,  0.0,  0.0,  0.0
1036784.61647480, 44843.667540, 1000.0,    2.0,  998.0,  0.79,  0.00,  0.79,  0.0,  0.0,  0.0
1036784.61897480, 44842.953477, 1000.0,    2.0,  998.0,  0.79,  0.00,  0.79,  0.0,  0.0,  0.0
1036784.62147480, 44842.239414, 1000.0,    2.0,  998.0,  0.79,  0.00,  0.79,  0.0,  0.0,  0.0
1036784.62397480, 44841.781965, 1000.0,    2.0,  998.0,  0.79,  0.00,  0.79,  0.0,  0.0,  0.0
1036784.62647480, 44841.742160, 1000.0,    2.0,  998.0,  0.79,  0.00,  0.79,  0.0,  0.0,  0.0
1036784.62897480, 44843.461419, 1000.0,    2.0,  998.0,  0.79,  0.00,  0.79,  0.0,  0.0,  0.0
1036784.63147480, 44844.309948, 1000.0,    2.0,  998.0,  0.79,  0.00,  0.79,  0.0,  0.0,  0.0
1036784.63397480, 44844.547914, 1000.0,    2.0,  998.0,  0.79,  0.00,  0.79,  0.0,  0.0,  0.0
1036784.63647480, 44843.498631, 1000.0,    2.0,  998.0,  0.79,  0.00,  0.79,  0.0,  0.0,  0.0
1036784.63897480, 44841.879471, 1000.0,    2.0,  998.0,  0.79,  0.00,  0.79,  0.0,  0.0,  0.0
1036784.64147480, 44841.071932, 1000.0,    2.0,  998.0,  0.79,  0.00,  0.79,  0.0,  0.0,  0.0
1036784.64397480, 44840.388942, 1000.0,    2.0,  998.0,  0.79,  0.00,  0.79,  0.0,  0.0,  0.0
1036784.64647480, 44842.798983, 1000.0,    2.0,  998.0,  0.79,  0.00,  0.79,  0.0,  0.0,  0.0
1036784.64897480, 44843.477323, 1000.0,    2.0,  998.0,  0.79,  0.00,  0.79,  0.0,  0.0,  0.0
1036784.65147480, 44845.107354, 1000.0,    2.0,  998.0,  0.79,  0.00,  0.79,  0.0,  0.0,  0.0
1036784.65397480, 44844.965171, 1000.0,    2.0,  998.0,  0.79,  0.00,  0.79,  0.0,  0.0,  0.0
1036784.65647480, 44844.570109, 1000.0,    2.0,  998.0,  0.79,  0.00,  0.79,  0.0,  0.0,  0.0
1036784.65897480, 44844.175046, 1000.0,    2.0,  998.0,  0.79,  0.00,  0.79,  0.0,  0.0,  0.0
1036784.66147480, 44843.779984, 1000.0,    2.0,  998.0,  0.79,  0.00,  0.79,  0.0,  0.0,  0.0
1036784.66397480, 44840.171754, 1000.0,    2.0,  998.0,  0.79,  0.00,  0.79,  0.0,  0.0,  0.0
1036784.66647480, 44840.947911, 1000.0,    2.0,  998.0,  0.79,  0.00,  0.79,  0.0,  0.0,  0.0
1036784.66897480, 44841.802824, 1000.0,    2.0,  998.0,  0.79,  0.00,  0.79,  0.0,  0.0,  0.0
1036784.67147480, 44842.657737, 1000.0,    2.0,  998.0,  0.79,  0.00,  0.79,  0.0,  0.0,  0.0
1036784.67397480, 44844.739126, 1000.0,    2.0,  998.0,  0.79,  0.00,  0.79,  0.0,  0.0,  0.0
1036784.67647480, 44842.554860, 1000.0,    2.0,  998.0,  0.79,  0.00,  0.79,  0.0,  0.0,  0.0
1036784.67897480, 44841.728203, 1000.0,    2.0,  998.0,  0.79,  0.00,  0.79,  0.0,  0.0,  0.0
1036784.68147480, 44841.084018, 1000.0,    2.0,  998.0,  0.79,  0.00,  0.79,  0.0,  0.0,  0.0
1036784.68397480, 44840.298657, 1000.0,    2.0,  998.0,  0.79,  0.00,  0.79,  0.0,  0.0,  0.0
1036784.68647480, 44842.244605, 1000.0,    2.0,  998.0,  0.79,  0.00,  0.79,  0.0,  0.0,  0.0
1036784.68897480, 44842.850738, 1000.0,    2.0,  998.0,  0.79,  0.00,  0.79,  0.0,  0.0,  0.0
1036784.69147480, 44842.850738, 1000.0,    2.0,  998.0,  0.79,  0.00,  0.79,  0.0,  0.0,  0.0
1036784.69397480, 44844.203193, 1000.0,    2.0,  998.0,  0.79,  0.00,  0.79,  0.0,  0.0,  0.0
1036784.69647480, 44843.215138, 1000.0,    2.0,  998.0,  0.79,  0.00,  0.79,  0.0,  0.0,  0.0
1036784.69897480, 44841.422216, 1000.0,    2.0,  998.0,  0.79,  0.00,  0.79,  0.0,  0.0,  0.0
1036784.70397480, 44839.936182, 1000.0,    2.0,  998.0,  0.79,  0.00,  0.79,  0.0,  0.0,  0.0
1036784.70647480, 44841.465644, 1000.0,    2.0,  998.0,  0.79,  0.00,  0.79,  0.0,  0.0,  0.0
1036784.70897480, 44843.504587, 1000.0,    2.0,  998.0,  0.79,  0.00,  0.79,  0.0,  0.0,  0.0
1036784.71147480, 44844.538508, 1000.0,    2.0,  998.0,  0.79,  0.00,  0.79,  0.0,  0.0,  0.0
1036784.71397480, 44843.958285, 1000.0,    2.0,  998.0,  0.79,  0.00,  0.79,  0.0,  0.0,  0.0
1036784.71647480, 44842.042160, 1000.0,    2.0,  998.0,  0.79,  0.00,  0.79,  0.0,  0.0,  0.0
1036784.71897480, 44841.631872, 1000.0,    2.0,  998.0,  0.79,  0.00,  0.79,  0.0,  0.0,  0.0
1036784.72147480, 44840.276412, 1000.0,    2.0,  998.0,  0.79,  0.00,  0.79,  0.0,  0.0,  0.0
1036784.72397480, 44840.190746, 1000.0,    2.0,  998.0,  0.79,  0.00,  0.79,  0.0,  0.0,  0.0
1036784.72647480, 44840.618142, 1000.0,    2.0,  998.0,  0.79,  0.00,  0.79,  0.0,  0.0,  0.0
1036784.72897480, 44841.045538, 1000.0,    2.0,  998.0,  0.79,  0.00,  0.79,  0.0,  0.0,  0.0
1036784.73147480, 44844.272689, 1000.0,    2.0,  998.0,  0.79,  0.00,  0.79,  0.0,  0.0,  0.0
1036784.73397480, 44844.828538, 1000.0,    2.0,  998.0,  0.79,  0.00,  0.79,  0.0,  0.0,  0.0
1036784.73647480, 44843.562598, 1000.0,    2.0,  998.0,  0.79,  0.00,  0.79,  0.0,  0.0,  0.0
1036784.73897480, 44842.014881, 1000.0,    2.0,  998.0,  0.79,  0.00,  0.79,  0.0,  0.0,  0.0
1036784.74147480, 44840.701726, 1000.0,    2.0,  998.0,  0.79,  0.00,  0.79,  0.0,  0.0,  0.0
1036784.74397480, 44840.520443, 1000.0,    2.0,  998.0,  0.79,  0.00,  0.79,  0.0,  0.0,  0.0
1036784.74647480, 44840.339160, 1000.0,    2.0,  998.0,  0.79,  0.00,  0.79,  0.0,  0.0,  0.0
1036784.74897480, 44840.421184, 1000.0,    2.0,  998.0,  0.79,  0.00,  0.79,  0.0,  0.0,  0.0
1036784.75147480, 44842.607775, 1000.0,    2.0,  998.0,  0.79,  0.00,  0.79,  0.0,  0.0,  0.0
1036784.75397480, 44844.794367, 1000.0,    2.0,  998.0,  0.79,  0.00,  0.79,  0.0,  0.0,  0.0
1036784.75647480, 44843.596512, 1000.0,    2.0,  998.0,  0.79,  0.00,  0.79,  0.0,  0.0,  0.0
1036784.75897480, 44841.901499, 1000.0,    2.0,  998.0,  0.79,  0.00,  0.79,  0.0,  0.0,  0.0
1036784.76147480, 44840.466011, 1000.0,    2.0,  998.0,  0.79,  0.00,  0.79,  0.0,  0.0,  0.0
1036784.76397480, 44840.046357, 1000.0,    2.0,  998.0,  0.79,  0.00,  0.79,  0.0,  0.0,  0.0
1036784.76647480, 44841.696764, 1000.0,    2.0,  998.0,  0.79,  0.00,  0.79,  0.0,  0.0,  0.0
1036784.76897480, 44843.913607, 1000.0,    2.0,  998.0,  0.79,  0.00,  0.79,  0.0,  0.0,  0.0
1036784.77147480, 44844.764514, 1000.0,    2.0,  998.0,  0.79,  0.00,  0.79,  0.0,  0.0,  0.0
1036784.77397480, 44844.257961, 1000.0,    2.0,  998.0,  0.79,  0.00,  0.79,  0.0,  0.0,  0.0
1036784.77647480, 44842.533415, 1000.0,    2.0,  998.0,  0.79,  0.00,  0.79,  0.0,  0.0,  0.0
1036784.77897480, 44840.724981, 1000.0,    2.0,  998.0,  0.79,  0.00,  0.79,  0.0,  0.0,  0.0
1036784.78147480, 44840.245622, 1000.0,    2.0,  998.0,  0.79,  0.00,  0.79,  0.0,  0.0,  0.0
1036784.78397480, 44840.418923, 1000.0,    2.0,  998.0,  0.79,  0.00,  0.79,  0.0,  0.0,  0.0
1036784.78647480, 44841.488187, 1000.0,    2.0,  998.0,  0.79,  0.00,  0.79,  0.0,  0.0,  0.0
1036784.78897480, 44841.805672, 1000.0,    2.0,  998.0,  0.79,  0.00,  0.79,  0.0,  0.0,  0.0
1036784.79147480, 44842.123157, 1000.0,    2.0,  998.0,  0.79,  0.00,  0.79,  0.0,  0.0,  0.0
1036784.79397480, 44842.440642, 1000.0,    2.0,  998.0,  0.79,  0.00,  0.79,  0.0,  0.0,  0.0
1036784.79647480, 44842.130387, 1000.0,    2.0,  998.0,  0.79,  0.00,  0.79,  0.0,  0.0,  0.0
1036784.79897480, 44841.501494, 1000.0,    2.0,  998.0,  0.79,  0.00,  0.79,  0.0,  0.0,  0.0
1036784.80147480, 44841.093519, 1000.0,    2.0,  998.0,  0.79,  0.00,  0.79,  0.0,  0.0,  0.0
1036784.80397480, 44840.685544, 1000.0,    2.0,  998.0,  0.79,  0.00,  0.79,  0.0,  0.0,  0.0
1036784.80647480, 44840.277569, 1000.0,    2.0,  998.0,  0.79,  0.00,  0.79,  0.0,  0.0,  0.0
1036784.80897480, 44839.869594, 1000.0,    2.0,  998.0,  0.79,  0.00,  0.79,  0.0,  0.0,  0.0
1036784.81147480, 44842.285884, 1000.0,    2.0,  998.0,  0.79,  0.00,  0.79,  0.0,  0.0,  0.0
1036784.81397480, 44844.650957, 1000.0,    2.0,  998.0,  0.79,  0.00,  0.79,  0.0,  0.0,  0.0
1036784.81647480, 44843.858813, 1000.0,    2.0,  998.0,  0.79,  0.00,  0.79,  0.0,  0.0,  0.0
1036784.81897480, 44842.572535, 1000.0,    2.0,  998.0,  0.79,  0.00,  0.79,  0.0,  0.0,  0.0
1036784.82147480, 44841.084554, 1000.0,    2.0,  998.0,  0.79,  0.00,  0.79,  0.0,  0.0,  0.0
1036784.82397480, 44840.549739, 1000.0,    2.0,  998.0,  0.79,  0.00,  0.79,  0.0,  0.0,  0.0
1036784.82647480, 44840.979103, 1000.0,    2.0,  998.0,  0.79,  0.00,  0.79,  0.0,  0.0,  0.0
1036784.82897480, 44843.494824, 1000.0,    2.0,  998.0,  0.79,  0.00,  0.79,  0.0,  0.0,  0.0
1036784.83147480, 44844.636103, 1000.0,    2.0,  998.0,  0.79,  0.00,  0.79,  0.0,  0.0,  0.0
1036784.83397480, 44844.659487, 1000.0,    2.0,  998.0,  0.79,  0.00,  0.79,  0.0,  0.0,  0.0
1036784.83647480, 44843.581977, 1000.0,    2.0,  998.0,  0.79,  0.00,  0.79,  0.0,  0.0,  0.0
1036784.83897480, 44841.268857, 1000.0,    2.0,  998.0,  0.79,  0.00,  0.79,  0.0,  0.0,  0.0
1036784.84147480, 44840.109743, 1000.0,    2.0,  998.0,  0.79,  0.00,  0.79,  0.0,  0.0,  0.0
1036784.84397480, 44841.258928, 1000.0,    2.0,  998.0,  0.79,  0.00,  0.79,  0.0,  0.0,  0.0
1036784.84647480, 44841.792348, 1000.0,    2.0,  998.0,  0.79,  0.00,  0.79,  0.0,  0.0,  0.0
1036784.84897480, 44842.510503, 1000.0,    2.0,  998.0,  0.79,  0.00,  0.79,  0.0,  0.0,  0.0
1036784.85147480, 44843.275964, 1000.0,    2.0,  998.0,  0.79,  0.00,  0.79,  0.0,  0.0,  0.0
1036784.85397480, 44844.869206, 1000.0,    2.0,  998.0,  0.79,  0.00,  0.79,  0.0,  0.0,  0.0
1036784.85647480, 44842.976320, 1000.0,    2.0,  998.0,  0.79,  0.00,  0.79,  0.0,  0.0,  0.0
1036784.85897480, 44841.857884, 1000.0,    2.0,  998.0,  0.79,  0.00,  0.79,  0.0,  0.0,  0.0
1036784.86147480, 44841.450439, 1000.0,    2.0,  998.0,  0.79,  0.00,  0.79,  0.0,  0.0,  0.0
1036784.86397480, 44841.042994, 1000.0,    2.0,  998.0,  0.79,  0.00,  0.79,  0.0,  0.0,  0.0
1036784.86647480, 44841.337597, 1000.0,    2.0,  998.0,  0.79,  0.00,  0.79,  0.0,  0.0,  0.0
1036784.86897480, 44842.813735, 1000.0,    2.0,  998.0,  0.79,  0.00,  0.79,  0.0,  0.0,  0.0
1036784.87147480, 44843.876726, 1000.0,    2.0,  998.0,  0.79,  0.00,  0.79,  0.0,  0.0,  0.0
1036784.87397480, 44844.636341, 1000.0,    2.0,  998.0,  0.79,  0.00,  0.79,  0.0,  0.0,  0.0
1036784.87647480, 44843.416126, 1000.0,    2.0,  998.0,  0.79,  0.00,  0.79,  0.0,  0.0,  0.0
1036784.87897480, 44842.256030, 1000.0,    2.0,  998.0,  0.79,  0.00,  0.79,  0.0,  0.0,  0.0
1036784.88147480, 44841.049893, 1000.0,    2.0,  998.0,  0.79,  0.00,  0.79,  0.0,  0.0,  0.0
1036784.88397480, 44840.339563, 1000.0,    2.0,  998.0,  0.79,  0.00,  0.79,  0.0,  0.0,  0.0
1036784.88647480, 44841.050388, 1000.0,    2.0,  998.0,  0.79,  0.00,  0.79,  0.0,  0.0,  0.0
1036784.88897480, 44842.655094, 1000.0,    2.0,  998.0,  0.79,  0.00,  0.79,  0.0,  0.0,  0.0
1036784.89147480, 44843.974557, 1000.0,    2.0,  998.0,  0.79,  0.00,  0.79,  0.0,  0.0,  0.0
1036784.89397480, 44844.761384, 1000.0,    2.0,  998.0,  0.79,  0.00,  0.79,  0.0,  0.0,  0.0
1036784.89647480, 44842.555670, 1000.0,    2.0,  998.0,  0.79,  0.00,  0.79,  0.0,  0.0,  0.0
1036784.89897480, 44840.011249, 1000.0,    2.0,  998.0,  0.79,  0.00,  0.79,  0.0,  0.0,  0.0
1036784.90147480, 44839.525896, 1000.0,    2.0,  998.0,  0.79,  0.00,  0.79,  0.0,  0.0,  0.0
1036784.90397480, 44839.919258, 1000.0,    2.0,  998.0,  0.79,  0.00,  0.79,  0.0,  0.0,  0.0
1036784.90647480, 44841.656815, 1000.0,    2.0,  998.0,  0.79,  0.00,  0.79,  0.0,  0.0,  0.0
1036784.90897480, 44843.052777, 1000.0,    2.0,  998.0,  0.79,  0.00,  0.79,  0.0,  0.0,  0.0
1036784.91147480, 44844.003171, 1000.0,    2.0,  998.0,  0.79,  0.00,  0.79,  0.0,  0.0,  0.0
1036784.91397480, 44843.599265, 1000.0,    2.0,  998.0,  0.79,  0.00,  0.79,  0.0,  0.0,  0.0
1036784.91647480, 44843.150081, 1000.0,    2.0,  998.0,  0.79,  0.00,  0.79,  0.0,  0.0,  0.0
1036784.91897480, 44842.411283, 1000.0,    2.0,  998.0,  0.79,  0.00,  0.79,  0.0,  0.0,  0.0
1036784.92147480, 44841.640417, 1000.0,    2.0,  998.0,  0.79,  0.00,  0.79,  0.0,  0.0,  0.0
1036784.92397480, 44840.823086, 1000.0,    2.0,  998.0,  0.79,  0.00,  0.79,  0.0,  0.0,  0.0
1036784.92647480, 44840.621354, 1000.0,    2.0,  998.0,  0.79,  0.00,  0.79,  0.0,  0.0,  0.0
1036784.92897480, 44841.519939, 1000.0,    2.0,  998.0,  0.79,  0.00,  0.79,  0.0,  0.0,  0.0
1036784.93147480, 44842.418525, 1000.0,    2.0,  998.0,  0.79,  0.00,  0.79,  0.0,  0.0,  0.0
1036784.93397480, 44843.317110, 1000.0,    2.0,  998.0,  0.79,  0.00,  0.79,  0.0,  0.0,  0.0
1036784.93647480, 44843.925667, 1000.0,    2.0,  998.0,  0.79,  0.00,  0.79,  0.0,  0.0,  0.0
1036784.93897480, 44842.033861, 1000.0,    2.0,  998.0,  0.79,  0.00,  0.79,  0.0,  0.0,  0.0
1036784.94147480, 44840.808413, 1000.0,    2.0,  998.0,  0.79,  0.00,  0.79,  0.0,  0.0,  0.0
1036784.94397480, 44840.702205, 1000.0,    2.0,  998.0,  0.79,  0.00,  0.79,  0.0,  0.0,  0.0
1036784.94647480, 44842.174415, 1000.0,    2.0,  998.0,  0.79,  0.00,  0.79,  0.0,  0.0,  0.0
1036784.94897480, 44843.705285, 1000.0,    2.0,  998.0,  0.79,  0.00,  0.79,  0.0,  0.0,  0.0
1036784.95147480, 44844.847493, 1000.0,    2.0,  998.0,  0.79,  0.00,  0.79,  0.0,  0.0,  0.0
1036784.95397480, 44844.715950, 1000.0,    2.0,  998.0,  0.79,  0.00,  0.79,  0.0,  0.0,  0.0
1036784.95647480, 44843.230656, 1000.0,    2.0,  998.0,  0.79,  0.00,  0.79,  0.0,  0.0,  0.0
1036784.95897480, 44841.732177, 1000.0,    2.0,  998.0,  0.79,  0.00,  0.79,  0.0,  0.0,  0.0
1036784.96147480, 44840.497356, 1000.0,    2.0,  998.0,  0.79,  0.00,  0.79,  0.0,  0.0,  0.0
1036784.96397480, 44841.005394, 1000.0,    2.0,  998.0,  0.79,  0.00,  0.79,  0.0,  0.0,  0.0
1036784.96647480, 44841.317130, 1000.0,    2.0,  998.0,  0.79,  0.00,  0.79,  0.0,  0.0,  0.0
1036784.96897480, 44843.658499, 1000.0,    2.0,  998.0,  0.79,  0.00,  0.79,  0.0,  0.0,  0.0
1036784.97147480, 44844.208211, 1000.0,    2.0,  998.0,  0.79,  0.00,  0.79,  0.0,  0.0,  0.0
1036784.97397480, 44844.757924, 1000.0,    2.0,  998.0,  0.79,  0.00,  0.79,  0.0,  0.0,  0.0
1036784.97647480, 44845.307636, 1000.0,    2.0,  998.0,  0.79,  0.00,  0.79,  0.0,  0.0,  0.0
1036784.97897480, 44841.711066, 1000.0,    2.0,  998.0,  0.79,  0.00,  0.79,  0.0,  0.0,  0.0
1036784.98147480, 44840.649221, 1000.0,    2.0,  998.0,  0.79,  0.00,  0.79,  0.0,  0.0,  0.0
1036784.98397480, 44841.461161, 1000.0,    2.0,  998.0,  0.79,  0.00,  0.79,  0.0,  0.0,  0.0
1036784.98647480, 44841.813730, 1000.0,    2.0,  998.0,  0.79,  0.00,  0.79,  0.0,  0.0,  0.0
1036784.98897480, 44842.453115, 1000.0,    2.0,  998.0,  0.79,  0.00,  0.79,  0.0,  0.0,  0.0
1036784.99147480, 44844.358546, 1000.0,    2.0,  998.0,  0.79,  0.00,  0.79,  0.0,  0.0,  0.0
1036784.99397480, 44844.103008, 1000.0,    2.0,  998.0,  0.79,  0.00,  0.79,  0.0,  0.0,  0.0
1036784.99647480, 44843.887747, 1000.0,    2.0,  998.0,  0.79,  0.00,  0.79,  0.0,  0.0,  0.0
1036784.99897480, 44843.887747, 1000.0,    2.0,  998.0,  0.79,  0.00,  0.79,  0.0,  0.0,  0.0
1036785.00147480, 44840.565670, 1000.0,    2.0,  998.0,  0.79,  0.00,  0.79,  0.0,  0.0,  0.0
1036785.00397480, 44840.141161, 1000.0,    2.0,  998.0,  0.79,  0.00,  0.79,  0.0,  0.0,  0.0
1036785.00647480, 44839.999766, 1000.0,    2.0,  998.0,  0.79,  0.00,  0.79,  0.0,  0.0,  0.0
1036785.00897480, 44840.339879, 1000.0,    2.0,  998.0,  0.79,  0.00,  0.79,  0.0,  0.0,  0.0
1036785.01147480, 44843.548815, 1000.0,    2.0,  998.0,  0.79,  0.00,  0.79,  0.0,  0.0,  0.0
1036785.01397480, 44844.342494, 1000.0,    2.0,  998.0,  0.79,  0.00,  0.79,  0.0,  0.0,  0.0
1036785.01647480, 44842.980890, 1000.0,    2.0,  998.0,  0.79,  0.00,  0.79,  0.0,  0.0,  0.0
1036785.01897480, 44841.443216, 1000.0,    2.0,  998.0,  0.79,  0.00,  0.79,  0.0,  0.0,  0.0
1036785.02147480, 44840.342333, 1000.0,    2.0,  998.0,  0.79,  0.00,  0.79,  0.0,  0.0,  0.0
1036785.02397480, 44840.275000, 1000.0,    2.0,  998.0,  0.79,  0.00,  0.79,  0.0,  0.0,  0.0
1036785.02647480, 44841.890331, 1000.0,    2.0,  998.0,  0.79,  0.00,  0.79,  0.0,  0.0,  0.0
1036785.02897480, 44843.765877, 1000.0,    2.0,  998.0,  0.79,  0.00,  0.79,  0.0,  0.0,  0.0
1036785.03147480, 44844.764760, 1000.0,    2.0,  998.0,  0.79,  0.00,  0.79,  0.0,  0.0,  0.0
1036785.03397480, 44844.568850, 1000.0,    2.0,  998.0,  0.79,  0.00,  0.79,  0.0,  0.0,  0.0
1036785.03647480, 44844.100370, 1000.0,    2.0,  998.0,  0.79,  0.00,  0.79,  0.0,  0.0,  0.0
1036785.03897480, 44843.012509, 1000.0,    2.0,  998.0,  0.79,  0.00,  0.79,  0.0,  0.0,  0.0
1036785.04147480, 44840.151215, 1000.0,    2.0,  998.0,  0.79,  0.00,  0.79,  0.0,  0.0,  0.0
1036785.04397480, 44839.891963, 1000.0,    2.0,  998.0,  0.79,  0.00,  0.79,  0.0,  0.0,  0.0
1036785.04647480, 44840.504174, 1000.0,    2.0,  998.0,  0.79,  0.00,  0.79,  0.0,  0.0,  0.0
1036785.04897480, 44841.116385, 1000.0,    2.0,  998.0,  0.79,  0.00,  0.79,  0.0,  0.0,  0.0
1036785.05147480, 44842.841900, 1000.0,    2.0,  998.0,  0.79,  0.00,  0.79,  0.0,  0.0,  0.0
1036785.05397480, 44844.831140, 1000.0,    2.0,  998.0,  0.79,  0.00,  0.79,  0.0,  0.0,  0.0
1036785.05647480, 44844.488874, 1000.0,    2.0,  998.0,  0.79,  0.00,  0.79,  0.0,  0.0,  0.0
1036785.05897480, 44844.146609, 1000.0,    2.0,  998.0,  0.79,  0.00,  0.79,  0.0,  0.0,  0.0
1036785.06147480, 44843.804343, 1000.0,    2.0,  998.0,  0.79,  0.00,  0.79,  0.0,  0.0,  0.0
1036785.06397480, 44842.179181, 1000.0,    2.0,  998.0,  0.79,  0.00,  0.79,  0.0,  0.0,  0.0
1036785.06647480, 44841.057622, 1000.0,    2.0,  998.0,  0.79,  0.00,  0.79,  0.0,  0.0,  0.0
1036785.06897480, 44841.828859, 1000.0,    2.0,  998.0,  0.79,  0.00,  0.79,  0.0,  0.0,  0.0
1036785.07147480, 44842.600097, 1000.0,    2.0,  998.0,  0.79,  0.00,  0.79,  0.0,  0.0,  0.0
1036785.07397480, 44843.238119, 1000.0,    2.0,  998.0,  0.79,  0.00,  0.79,  0.0,  0.0,  0.0
1036785.07897480, 44841.611023, 1000.0,    2.0,  998.0,  0.79,  0.00,  0.79,  0.0,  0.0,  0.0
1036785.08147480, 44840.750053, 1000.0,    2.0,  998.0,  0.79,  0.00,  0.79,  0.0,  0.0,  0.0
1036785.08397480, 44839.889084, 1000.0,    2.0,  998.0,  0.79,  0.00,  0.79,  0.0,  0.0,  0.0
1036785.08647480, 44841.296097, 1000.0,    2.0,  998.0,  0.79,  0.00,  0.79,  0.0,  0.0,  0.0
1036785.08897480, 44843.781836, 1000.0,    2.0,  998.0,  0.79,  0.00,  0.79,  0.0,  0.0,  0.0
1036785.09147480, 44845.032088, 1000.0,    2.0,  998.0,  0.79,  0.00,  0.79,  0.0,  0.0,  0.0
1036785.09397480, 44845.202716, 1000.0,    2.0,  998.0,  0.79,  0.00,  0.79,  0.0,  0.0,  0.0
1036785.09647480, 44845.202716, 1000.0,    2.0,  998.0,  0.79,  0.00,  0.79,  0.0,  0.0,  0.0
1036785.09897480, 44844.281051, 1000.0,    2.0,  998.0,  0.79,  0.00,  0.79,  0.0,  0.0,  0.0
1036785.10147480, 44840.860886, 1000.0,    2.0,  998.0,  0.79,  0.00,  0.79,  0.0,  0.0,  0.0
1036785.10397480, 44840.324139, 1000.0,    2.0,  998.0,  0.79,  0.00,  0.79,  0.0,  0.0,  0.0
1036785.10647480, 44840.661762, 1000.0,    2.0,  998.0,  0.79,  0.00,  0.79,  0.0,  0.0,  0.0
1036785.10897480, 44841.149386, 1000.0,    2.0,  998.0,  0.79,  0.00,  0.79,  0.0,  0.0,  0.0
1036785.11147480, 44842.971886, 1000.0,    2.0,  998.0,  0.79,  0.00,  0.79,  0.0,  0.0,  0.0
1036785.11397480, 44844.271804, 1000.0,    2.0,  998.0,  0.79,  0.00,  0.79,  0.0,  0.0,  0.0
1036785.11647480, 44843.887474, 1000.0,    2.0,  998.0,  0.79,  0.00,  0.79,  0.0,  0.0,  0.0
1036785.11897480, 44843.098610, 1000.0,    2.0,  998.0,  0.79,  0.00,  0.79,  0.0,  0.0,  0.0
1036785.12147480, 44842.175161, 1000.0,    2.0,  998.0,  0.79,  0.00,  0.79,  0.0,  0.0,  0.0
1036785.12397480, 44841.619676, 1000.0,    2.0,  998.0,  0.79,  0.00,  0.79,  0.0,  0.0,  0.0
1036785.12647480, 44841.533733, 1000.0,    2.0,  998.0,  0.79,  0.00,  0.79,  0.0,  0.0,  0.0
1036785.12897480, 44842.002257, 1000.0,    2.0,  998.0,  0.79,  0.00,  0.79,  0.0,  0.0,  0.0
1036785.13147480, 44842.470781, 1000.0,    2.0,  998.0,  0.79,  0.00,  0.79,  0.0,  0.0,  0.0
1036785.13397480, 44843.050066, 1000.0,    2.0,  998.0,  0.79,  0.00,  0.79,  0.0,  0.0,  0.0
1036785.13647480, 44843.836177, 1000.0,    2.0,  998.0,  0.79,  0.00,  0.79,  0.0,  0.0,  0.0
1036785.13897480, 44842.975972, 1000.0,    2.0,  998.0,  0.79,  0.00,  0.79,  0.0,  0.0,  0.0
1036785.14147480, 44841.995031, 1000.0,    2.0,  998.0,  0.79,  0.00,  0.79,  0.0,  0.0,  0.0
1036785.14397480, 44840.981782, 1000.0,    2.0,  998.0,  0.79,  0.00,  0.79,  0.0,  0.0,  0.0
1036785.14647480, 44840.333355, 1000.0,    2.0,  998.0,  0.79,  0.00,  0.79,  0.0,  0.0,  0.0
1036785.14897480, 44843.568140, 1000.0,    2.0,  998.0,  0.79,  0.00,  0.79,  0.0,  0.0,  0.0
1036785.15147480, 44844.702742, 1000.0,    2.0,  998.0,  0.79,  0.00,  0.79,  0.0,  0.0,  0.0
1036785.15397480, 44844.515387, 1000.0,    2.0,  998.0,  0.79,  0.00,  0.79,  0.0,  0.0,  0.0
1036785.15647480, 44843.682483, 1000.0,    2.0,  998.0,  0.79,  0.00,  0.79,  0.0,  0.0,  0.0
1036785.15897480, 44842.972390, 1000.0,    2.0,  998.0,  0.79,  0.00,  0.79,  0.0,  0.0,  0.0
1036785.16147480, 44842.262297, 1000.0,    2.0,  998.0,  0.79,  0.00,  0.79,  0.0,  0.0,  0.0
1036785.16397480, 44841.460082, 1000.0,    2.0,  998.0,  0.79,  0.00,  0.79,  0.0,  0.0,  0.0
1036785.16647480, 44842.108879, 1000.0,    2.0,  998.0,  0.79,  0.00,  0.79,  0.0,  0.0,  0.0
1036785.16897480, 44842.968337, 1000.0,    2.0,  998.0,  0.79,  0.00,  0.79,  0.0,  0.0,  0.0
1036785.17147480, 44843.888143, 1000.0,    2.0,  998.0,  0.79,  0.00,  0.79,  0.0,  0.0,  0.0
1036785.17397480, 44844.493967, 1000.0,    2.0,  998.0,  0.79,  0.00,  0.79,  0.0,  0.0,  0.0
1036785.17647480, 44844.013104, 1000.0,    2.0,  998.0,  0.79,  0.00,  0.79,  0.0,  0.0,  0.0
1036785.17897480, 44843.532241, 1000.0,    2.0,  998.0,  0.79,  0.00,  0.79,  0.0,  0.0,  0.0
1036785.18147480, 44840.849215, 1000.0,    2.0,  998.0,  0.79,  0.00,  0.79,  0.0,  0.0,  0.0
1036785.18397480, 44839.696949, 1000.0,    2.0,  998.0,  0.79,  0.00,  0.79,  0.0,  0.0,  0.0
1036785.18647480, 44839.696949, 1000.0,    2.0,  998.0,  0.79,  0.00,  0.79,  0.0,  0.0,  0.0
1036785.18897480, 44840.531371, 1000.0,    2.0,  998.0,  0.79,  0.00,  0.79,  0.0,  0.0,  0.0
1036785.19147480, 44841.645717, 1000.0,    2.0,  998.0,  0.79,  0.00,  0.79,  0.0,  0.0,  0.0
1036785.19397480, 44842.760063, 1000.0,    2.0,  998.0,  0.79,  0.00,  0.79,  0.0,  0.0,  0.0
1036785.19647480, 44843.431103, 1000.0,    2.0,  998.0,  0.79,  0.00,  0.79,  0.0,  0.0,  0.0
1036785.19897480, 44842.797133, 1000.0,    2.0,  998.0,  0.79,  0.00,  0.79,  0.0,  0.0,  0.0
1036785.20147480, 44840.628857, 1000.0,    2.0,  998.0,  0.79,  0.00,  0.79,  0.0,  0.0,  0.0
1036785.20397480, 44840.700926, 1000.0,    2.0,  998.0,  0.79,  0.00,  0.79,  0.0,  0.0,  0.0
1036785.20897480, 44843.798052, 1000.0,    2.0,  998.0,  0.79,  0.00,  0.79,  0.0,  0.0,  0.0
1036785.21147480, 44845.117708, 1000.0,    2.0,  998.0,  0.79,  0.00,  0.79,  0.0,  0.0,  0.0
1036785.21397480, 44844.751076, 1000.0,    2.0,  998.0,  0.79,  0.00,  0.79,  0.0,  0.0,  0.0
1036785.21647480, 44842.488810, 1000.0,    2.0,  998.0,  0.79,  0.00,  0.79,  0.0,  0.0,  0.0
1036785.21897480, 44841.995473, 1000.0,    2.0,  998.0,  0.79,  0.00,  0.79,  0.0,  0.0,  0.0
1036785.22147480, 44840.473824, 1000.0,    2.0,  998.0,  0.79,  0.00,  0.79,  0.0,  0.0,  0.0
1036785.22397480, 44840.247356, 1000.0,    2.0,  998.0,  0.79,  0.00,  0.79,  0.0,  0.0,  0.0
1036785.22647480, 44840.020888, 1000.0,    2.0,  998.0,  0.79,  0.00,  0.79,  0.0,  0.0,  0.0
1036785.22897480, 44842.787542, 1000.0,    2.0,  998.0,  0.79,  0.00,  0.79,  0.0,  0.0,  0.0
1036785.23147480, 44844.236246, 1000.0,    2.0,  998.0,  0.79,  0.00,  0.79,  0.0,  0.0,  0.0
1036785.23397480, 44844.324674, 1000.0,    2.0,  998.0,  0.79,  0.00,  0.79,  0.0,  0.0,  0.0
1036785.23647480, 44844.413102, 1000.0,    2.0,  998.0,  0.79,  0.00,  0.79,  0.0,  0.0,  0.0
1036785.23897480, 44844.501530, 1000.0,    2.0,  998.0,  0.79,  0.00,  0.79,  0.0,  0.0,  0.0
1036785.24147480, 44841.622114, 1000.0,    2.0,  998.0,  0.79,  0.00,  0.79,  0.0,  0.0,  0.0
1036785.24397480, 44840.477378, 1000.0,    2.0,  998.0,  0.79,  0.00,  0.79,  0.0,  0.0,  0.0
1036785.24647480, 44840.477378, 1000.0,    2.0,  998.0,  0.79,  0.00,  0.79,  0.0,  0.0,  0.0
1036785.24897480, 44840.677445, 1000.0,    2.0,  998.0,  0.79,  0.00,  0.79,  0.0,  0.0,  0.0
1036785.25147480, 44844.713855, 1000.0,    2.0,  998.0,  0.79,  0.00,  0.79,  0.0,  0.0,  0.0
1036785.25397480, 44844.839722, 1000.0,    2.0,  998.0,  0.79,  0.00,  0.79,  0.0,  0.0,  0.0
1036785.25647480, 44844.965589, 1000.0,    2.0,  998.0,  0.79,  0.00,  0.79,  0.0,  0.0,  0.0
1036785.25897480, 44844.869673, 1000.0,    2.0,  998.0,  0.79,  0.00,  0.79,  0.0,  0.0,  0.0
1036785.26147480, 44840.811137, 1000.0,    2.0,  998.0,  0.79,  0.00,  0.79,  0.0,  0.0,  0.0
1036785.26397480, 44840.654461, 1000.0,    2.0,  998.0,  0.79,  0.00,  0.79,  0.0,  0.0,  0.0
1036785.26647480, 44841.156993, 1000.0,    2.0,  998.0,  0.79,  0.00,  0.79,  0.0,  0.0,  0.0
1036785.26897480, 44843.359029, 1000.0,    2.0,  998.0,  0.79,  0.00,  0.79,  0.0,  0.0,  0.0
1036785.27147480, 44845.010055, 1000.0,    2.0,  998.0,  0.79,  0.00,  0.79,  0.0,  0.0,  0.0
1036785.27397480, 44844.711269, 1000.0,    2.0,  998.0,  0.79,  0.00,  0.79,  0.0,  0.0,  0.0
1036785.27647480, 44842.463595, 1000.0,    2.0,  998.0,  0.79,  0.00,  0.79,  0.0,  0.0,  0.0
1036785.27897480, 44841.945559, 1000.0,    2.0,  998.0,  0.79,  0.00,  0.79,  0.0,  0.0,  0.0
1036785.28147480, 44840.581799, 1000.0,    2.0,  998.0,  0.79,  0.00,  0.79,  0.0,  0.0,  0.0
1036785.28397480, 44840.120831, 1000.0,    2.0,  998.0,  0.79,  0.00,  0.79,  0.0,  0.0,  0.0
1036785.28647480, 44840.821066, 1000.0,    2.0,  998.0,  0.79,  0.00,  0.79,  0.0,  0.0,  0.0
1036785.28897480, 44842.569274, 1000.0,    2.0,  998.0,  0.79,  0.00,  0.79,  0.0,  0.0,  0.0
1036785.29147480, 44844.318256, 1000.0,    2.0,  998.0,  0.79,  0.00,  0.79,  0.0,  0.0,  0.0
1036785.29397480, 44844.436237, 1000.0,    2.0,  998.0,  0.79,  0.00,  0.79,  0.0,  0.0,  0.0
1036785.29647480, 44844.248382, 1000.0,    2.0,  998.0,  0.79,  0.00,  0.79,  0.0,  0.0,  0.0
1036785.29897480, 44844.060528, 1000.0,    2.0,  998.0,  0.79,  0.00,  0.79,  0.0,  0.0,  0.0
1036785.30147480, 44842.568321, 1000.0,    2.0,  998.0,  0.79,  0.00,  0.79,  0.0,  0.0,  0.0
1036785.30397480, 44840.244258, 1000.0,    2.0,  998.0,  0.79,  0.00,  0.79,  0.0,  0.0,  0.0
1036785.30647480, 44841.097436, 1000.0,    2.0,  998.0,  0.79,  0.00,  0.79,  0.0,  0.0,  0.0
1036785.30897480, 44842.028191, 1000.0,    2.0,  998.0,  0.79,  0.00,  0.79,  0.0,  0.0,  0.0
1036785.31147480, 44843.233349, 1000.0,    2.0,  998.0,  0.79,  0.00,  0.79,  0.0,  0.0,  0.0
1036785.31397480, 44844.537976, 1000.0,    2.0,  998.0,  0.79,  0.00,  0.79,  0.0,  0.0,  0.0
1036785.31647480, 44843.495457, 1000.0,    2.0,  998.0,  0.79,  0.00,  0.79,  0.0,  0.0,  0.0
1036785.31897480, 44841.794036, 1000.0,    2.0,  998.0,  0.79,  0.00,  0.79,  0.0,  0.0,  0.0
1036785.32147480, 44840.311565, 1000.0,    2.0,  998.0,  0.79,  0.00,  0.79,  0.0,  0.0,  0.0
1036785.32397480, 44839.960382, 1000.0,    2.0,  998.0,  0.79,  0.00,  0.79,  0.0,  0.0,  0.0
1036785.32647480, 44839.827821, 1000.0,    2.0,  998.0,  0.79,  0.00,  0.79,  0.0,  0.0,  0.0
1036785.32897480, 44841.492443, 1000.0,    2.0,  998.0,  0.79,  0.00,  0.79,  0.0,  0.0,  0.0
1036785.33147480, 44843.346148, 1000.0,    2.0,  998.0,  0.79,  0.00,  0.79,  0.0,  0.0,  0.0
1036785.33397480, 44843.900128, 1000.0,    2.0,  998.0,  0.79,  0.00,  0.79,  0.0,  0.0,  0.0
1036785.33647480, 44842.157691, 1000.0,    2.0,  998.0,  0.79,  0.00,  0.79,  0.0,  0.0,  0.0
1036785.33897480, 44841.798038, 1000.0,    2.0,  998.0,  0.79,  0.00,  0.79,  0.0,  0.0,  0.0
1036785.34147480, 44839.910765, 1000.0,    2.0,  998.0,  0.79,  0.00,  0.79,  0.0,  0.0,  0.0
1036785.34397480, 44839.952553, 1000.0,    2.0,  998.0,  0.79,  0.00,  0.79,  0.0,  0.0,  0.0
1036785.34647480, 44840.374304, 1000.0,    2.0,  998.0,  0.79,  0.00,  0.79,  0.0,  0.0,  0.0
1036785.34897480, 44840.796055, 1000.0,    2.0,  998.0,  0.79,  0.00,  0.79,  0.0,  0.0,  0.0
1036785.35147480, 44841.217806, 1000.0,    2.0,  998.0,  0.79,  0.00,  0.79,  0.0,  0.0,  0.0
1036785.35397480, 44844.688303, 1000.0,    2.0,  998.0,  0.79,  0.00,  0.79,  0.0,  0.0,  0.0
1036785.35647480, 44843.450186, 1000.0,    2.0,  998.0,  0.79,  0.00,  0.79,  0.0,  0.0,  0.0
1036785.35897480, 44841.762357, 1000.0,    2.0,  998.0,  0.79,  0.00,  0.79,  0.0,  0.0,  0.0
1036785.36147480, 44840.663709, 1000.0,    2.0,  998.0,  0.79,  0.00,  0.79,  0.0,  0.0,  0.0
1036785.36397480, 44840.392210, 1000.0,    2.0,  998.0,  0.79,  0.00,  0.79,  0.0,  0.0,  0.0
1036785.36647480, 44840.289646, 1000.0,    2.0,  998.0,  0.79,  0.00,  0.79,  0.0,  0.0,  0.0
1036785.36897480, 44843.228653, 1000.0,    2.0,  998.0,  0.79,  0.00,  0.79,  0.0,  0.0,  0.0
1036785.37147480, 44844.067526, 1000.0,    2.0,  998.0,  0.79,  0.00,  0.79,  0.0,  0.0,  0.0
1036785.37397480, 44844.379956, 1000.0,    2.0,  998.0,  0.79,  0.00,  0.79,  0.0,  0.0,  0.0
1036785.37647480, 44843.898362, 1000.0,    2.0,  998.0,  0.79,  0.00,  0.79,  0.0,  0.0,  0.0
1036785.37897480, 44842.147473, 1000.0,    2.0,  998.0,  0.79,  0.00,  0.79,  0.0,  0.0,  0.0
1036785.38147480, 44841.271325, 1000.0,    2.0,  998.0,  0.79,  0.00,  0.79,  0.0,  0.0,  0.0
1036785.38397480, 44840.745791, 1000.0,    2.0,  998.0,  0.79,  0.00,  0.79,  0.0,  0.0,  0.0
1036785.38647480, 44841.225156, 1000.0,    2.0,  998.0,  0.79,  0.00,  0.79,  0.0,  0.0,  0.0
1036785.38897480, 44842.671562, 1000.0,    2.0,  998.0,  0.79,  0.00,  0.79,  0.0,  0.0,  0.0
1036785.39147480, 44844.495929, 1000.0,    2.0,  998.0,  0.79,  0.00,  0.79,  0.0,  0.0,  0.0
1036785.39397480, 44845.010281, 1000.0,    2.0,  998.0,  0.79,  0.00,  0.79,  0.0,  0.0,  0.0
1036785.39647480, 44843.449372, 1000.0,    2.0,  998.0,  0.79,  0.00,  0.79,  0.0,  0.0,  0.0
1036785.39897480, 44841.637657, 1000.0,    2.0,  998.0,  0.79,  0.00,  0.79,  0.0,  0.0,  0.0
1036785.40147480, 44840.478717, 1000.0,    2.0,  998.0,  0.79,  0.00,  0.79,  0.0,  0.0,  0.0
1036785.40397480, 44840.259526, 1000.0,    2.0,  998.0,  0.79,  0.00,  0.79,  0.0,  0.0,  0.0
1036785.40647480, 44841.161056, 1000.0,    2.0,  998.0,  0.79,  0.00,  0.79,  0.0,  0.0,  0.0
1036785.40897480, 44841.653200, 1000.0,    2.0,  998.0,  0.79,  0.00,  0.79,  0.0,  0.0,  0.0
1036785.41147480, 44842.145343, 1000.0,    2.0,  998.0,  0.79,  0.00,  0.79,  0.0,  0.0,  0.0
1036785.41397480, 44842.637487, 1000.0,    2.0,  998.0,  0.79,  0.00,  0.79,  0.0,  0.0,  0.0
1036785.41647480, 44842.590965, 1000.0,    2.0,  998.0,  0.79,  0.00,  0.79,  0.0,  0.0,  0.0
1036785.41897480, 44841.957384, 1000.0,    2.0,  998.0,  0.79,  0.00,  0.79,  0.0,  0.0,  0.0
1036785.42147480, 44841.196713, 1000.0,    2.0,  998.0,  0.79,  0.00,  0.79,  0.0,  0.0,  0.0
1036785.42397480, 44840.436043, 1000.0,    2.0,  998.0,  0.79,  0.00,  0.79,  0.0,  0.0,  0.0
1036785.42647480, 44841.718407, 1000.0,    2.0,  998.0,  0.79,  0.00,  0.79,  0.0,  0.0,  0.0
1036785.42897480, 44843.094892, 1000.0,    2.0,  998.0,  0.79,  0.00,  0.79,  0.0,  0.0,  0.0
1036785.43147480, 44844.428003, 1000.0,    2.0,  998.0,  0.79,  0.00,  0.79,  0.0,  0.0,  0.0
1036785.43397480, 44844.503207, 1000.0,    2.0,  998.0,  0.79,  0.00,  0.79,  0.0,  0.0,  0.0
1036785.43647480, 44844.517349, 1000.0,    2.0,  998.0,  0.79,  0.00,  0.79,  0.0,  0.0,  0.0
1036785.43897480, 44843.880869, 1000.0,    2.0,  998.0,  0.79,  0.00,  0.79,  0.0,  0.0,  0.0
1036785.44147480, 44843.244388, 1000.0,    2.0,  998.0,  0.79,  0.00,  0.79,  0.0,  0.0,  0.0
1036785.44397480, 44842.607908, 1000.0,    2.0,  998.0,  0.79,  0.00,  0.79,  0.0,  0.0,  0.0
1036785.44647480, 44841.971428, 1000.0,    2.0,  998.0,  0.79,  0.00,  0.79,  0.0,  0.0,  0.0
1036785.44897480, 44842.626068, 1000.0,    2.0,  998.0,  0.79,  0.00,  0.79,  0.0,  0.0,  0.0
1036785.45397480, 44844.256190, 1000.0,    2.0,  998.0,  0.79,  0.00,  0.79,  0.0,  0.0,  0.0
1036785.45647480, 44844.033734, 1000.0,    2.0,  998.0,  0.79,  0.00,  0.79,  0.0,  0.0,  0.0
1036785.45897480, 44842.526991, 1000.0,    2.0,  998.0,  0.79,  0.00,  0.79,  0.0,  0.0,  0.0
1036785.46147480, 44840.584753, 1000.0,    2.0,  998.0,  0.79,  0.00,  0.79,  0.0,  0.0,  0.0
1036785.46397480, 44840.969191, 1000.0,    2.0,  998.0,  0.79,  0.00,  0.79,  0.0,  0.0,  0.0
1036785.46647480, 44841.204353, 1000.0,    2.0,  998.0,  0.79,  0.00,  0.79,  0.0,  0.0,  0.0
1036785.46897480, 44843.316962, 1000.0,    2.0,  998.0,  0.79,  0.00,  0.79,  0.0,  0.0,  0.0
1036785.47147480, 44844.915321, 1000.0,    2.0,  998.0,  0.79,  0.00,  0.79,  0.0,  0.0,  0.0
1036785.47397480, 44845.144083, 1000.0,    2.0,  998.0,  0.79,  0.00,  0.79,  0.0,  0.0,  0.0
1036785.47647480, 44845.372845, 1000.0,    2.0,  998.0,  0.79,  0.00,  0.79,  0.0,  0.0,  0.0
1036785.47897480, 44842.012188, 1000.0,    2.0,  998.0,  0.79,  0.00,  0.79,  0.0,  0.0,  0.0
1036785.48147480, 44841.144960, 1000.0,    2.0,  998.0,  0.79,  0.00,  0.79,  0.0,  0.0,  0.0
1036785.48397480, 44840.458360, 1000.0,    2.0,  998.0,  0.79,  0.00,  0.79,  0.0,  0.0,  0.0
1036785.48647480, 44840.846200, 1000.0,    2.0,  998.0,  0.79,  0.00,  0.79,  0.0,  0.0,  0.0
1036785.48897480, 44841.234039, 1000.0,    2.0,  998.0,  0.79,  0.00,  0.79,  0.0,  0.0,  0.0
1036785.49147480, 44841.621879, 1000.0,    2.0,  998.0,  0.79,  0.00,  0.79,  0.0,  0.0,  0.0
1036785.49397480, 44842.967237, 1000.0,    2.0,  998.0,  0.79,  0.00,  0.79,  0.0,  0.0,  0.0
1036785.49647480, 44843.738075, 1000.0,    2.0,  998.0,  0.79,  0.00,  0.79,  0.0,  0.0,  0.0
1036785.49897480, 44842.752381, 1000.0,    2.0,  998.0,  0.79,  0.00,  0.79,  0.0,  0.0,  0.0
1036785.50147480, 44840.089653, 1000.0,    2.0,  998.0,  0.79,  0.00,  0.79,  0.0,  0.0,  0.0
1036785.50397480, 44840.002460, 1000.0,    2.0,  998.0,  0.79,  0.00,  0.79,  0.0,  0.0,  0.0
1036785.50647480, 44840.268519, 1000.0,    2.0,  998.0,  0.79,  0.00,  0.79,  0.0,  0.0,  0.0
1036785.50897480, 44840.697747, 1000.0,    2.0,  998.0,  0.79,  0.00,  0.79,  0.0,  0.0,  0.0
1036785.51147480, 44841.475369, 1000.0,    2.0,  998.0,  0.79,  0.00,  0.79,  0.0,  0.0,  0.0
1036785.51397480, 44844.332095, 1000.0,    2.0,  998.0,  0.79,  0.00,  0.79,  0.0,  0.0,  0.0
1036785.51647480, 44844.009101, 1000.0,    2.0,  998.0,  0.79,  0.00,  0.79,  0.0,  0.0,  0.0
1036785.51897480, 44842.681463, 1000.0,    2.0,  998.0,  0.79,  0.00,  0.79,  0.0,  0.0,  0.0
1036785.52147480, 44840.918699, 1000.0,    2.0,  998.0,  0.79,  0.00,  0.79,  0.0,  0.0,  0.0
1036785.52397480, 44840.833852, 1000.0,    2.0,  998.0,  0.79,  0.00,  0.79,  0.0,  0.0,  0.0
1036785.52647480, 44841.245165, 1000.0,    2.0,  998.0,  0.79,  0.00,  0.79,  0.0,  0.0,  0.0
1036785.52897480, 44843.558701, 1000.0,    2.0,  998.0,  0.79,  0.00,  0.79,  0.0,  0.0,  0.0
1036785.53147480, 44844.736957, 1000.0,    2.0,  998.0,  0.79,  0.00,  0.79,  0.0,  0.0,  0.0
1036785.53397480, 44844.677093, 1000.0,    2.0,  998.0,  0.79,  0.00,  0.79,  0.0,  0.0,  0.0
1036785.53647480, 44844.189945, 1000.0,    2.0,  998.0,  0.79,  0.00,  0.79,  0.0,  0.0,  0.0
1036785.53897480, 44843.034498, 1000.0,    2.0,  998.0,  0.79,  0.00,  0.79,  0.0,  0.0,  0.0
1036785.54147480, 44840.172106, 1000.0,    2.0,  998.0,  0.79,  0.00,  0.79,  0.0,  0.0,  0.0
1036785.54397480, 44840.935120, 1000.0,    2.0,  998.0,  0.79,  0.00,  0.79,  0.0,  0.0,  0.0
1036785.54647480, 44841.183266, 1000.0,    2.0,  998.0,  0.79,  0.00,  0.79,  0.0,  0.0,  0.0
1036785.54897480, 44841.674337, 1000.0,    2.0,  998.0,  0.79,  0.00,  0.79,  0.0,  0.0,  0.0
1036785.55147480, 44842.165407, 1000.0,    2.0,  998.0,  0.79,  0.00,  0.79,  0.0,  0.0,  0.0
1036785.55397480, 44842.656477, 1000.0,    2.0,  998.0,  0.79,  0.00,  0.79,  0.0,  0.0,  0.0
1036785.55647480, 44843.727216, 1000.0,    2.0,  998.0,  0.79,  0.00,  0.79,  0.0,  0.0,  0.0
1036785.55897480, 44843.333068, 1000.0,    2.0,  998.0,  0.79,  0.00,  0.79,  0.0,  0.0,  0.0
1036785.56147480, 44842.333961, 1000.0,    2.0,  998.0,  0.79,  0.00,  0.79,  0.0,  0.0,  0.0
1036785.56397480, 44841.334854, 1000.0,    2.0,  998.0,  0.79,  0.00,  0.79,  0.0,  0.0,  0.0
1036785.56647480, 44840.793091, 1000.0,    2.0,  998.0,  0.79,  0.00,  0.79,  0.0,  0.0,  0.0
1036785.56897480, 44842.272012, 1000.0,    2.0,  998.0,  0.79,  0.00,  0.79,  0.0,  0.0,  0.0
1036785.57147480, 44843.678144, 1000.0,    2.0,  998.0,  0.79,  0.00,  0.79,  0.0,  0.0,  0.0
1036785.57397480, 44844.849742, 1000.0,    2.0,  998.0,  0.79,  0.00,  0.79,  0.0,  0.0,  0.0
1036785.57647480, 44844.482100, 1000.0,    2.0,  998.0,  0.79,  0.00,  0.79,  0.0,  0.0,  0.0
1036785.57897480, 44843.684889, 1000.0,    2.0,  998.0,  0.79,  0.00,  0.79,  0.0,  0.0,  0.0
1036785.58147480, 44841.142865, 1000.0,    2.0,  998.0,  0.79,  0.00,  0.79,  0.0,  0.0,  0.0
1036785.58397480, 44840.726724, 1000.0,    2.0,  998.0,  0.79,  0.00,  0.79,  0.0,  0.0,  0.0
1036785.58647480, 44841.378860, 1000.0,    2.0,  998.0,  0.79,  0.00,  0.79,  0.0,  0.0,  0.0
1036785.58897480, 44843.096142, 1000.0,    2.0,  998.0,  0.79,  0.00,  0.79,  0.0,  0.0,  0.0
1036785.59147480, 44844.423390, 1000.0,    2.0,  998.0,  0.79,  0.00,  0.79,  0.0,  0.0,  0.0
1036785.59397480, 44844.448852, 1000.0,    2.0,  998.0,  0.79,  0.00,  0.79,  0.0,  0.0,  0.0
1036785.59647480, 44843.507911, 1000.0,    2.0,  998.0,  0.79,  0.00,  0.79,  0.0,  0.0,  0.0
1036785.59897480, 44842.697682, 1000.0,    2.0,  998.0,  0.79,  0.00,  0.79,  0.0,  0.0,  0.0
1036785.60147480, 44841.887452, 1000.0,    2.0,  998.0,  0.79,  0.00,  0.79,  0.0,  0.0,  0.0
1036785.60397480, 44840.386995, 1000.0,    2.0,  998.0,  0.79,  0.00,  0.79,  0.0,  0.0,  0.0
1036785.60647480, 44840.806983, 1000.0,    2.0,  998.0,  0.79,  0.00,  0.79,  0.0,  0.0,  0.0
1036785.60897480, 44842.091427, 1000.0,    2.0,  998.0,  0.79,  0.00,  0.79,  0.0,  0.0,  0.0
1036785.61147480, 44843.449873, 1000.0,    2.0,  998.0,  0.79,  0.00,  0.79,  0.0,  0.0,  0.0
1036785.61397480, 44844.602484, 1000.0,    2.0,  998.0,  0.79,  0.00,  0.79,  0.0,  0.0,  0.0
1036785.61647480, 44843.434236, 1000.0,    2.0,  998.0,  0.79,  0.00,  0.79,  0.0,  0.0,  0.0
1036785.61897480, 44842.820256, 1000.0,    2.0,  998.0,  0.79,  0.00,  0.79,  0.0,  0.0,  0.0
1036785.62147480, 44842.206276, 1000.0,    2.0,  998.0,  0.79,  0.00,  0.79,  0.0,  0.0,  0.0
1036785.62397480, 44841.635667, 1000.0,    2.0,  998.0,  0.79,  0.00,  0.79,  0.0,  0.0,  0.0
1036785.62647480, 44841.392759, 1000.0,    2.0,  998.0,  0.79,  0.00,  0.79,  0.0,  0.0,  0.0
1036785.62897480, 44842.256802, 1000.0,    2.0,  998.0,  0.79,  0.00,  0.79,  0.0,  0.0,  0.0
1036785.63147480, 44843.797920, 1000.0,    2.0,  998.0,  0.79,  0.00,  0.79,  0.0,  0.0,  0.0
1036785.63397480, 44844.417141, 1000.0,    2.0,  998.0,  0.79,  0.00,  0.79,  0.0,  0.0,  0.0
1036785.63647480, 44843.937087, 1000.0,    2.0,  998.0,  0.79,  0.00,  0.79,  0.0,  0.0,  0.0
1036785.63897480, 44842.056984, 1000.0,    2.0,  998.0,  0.79,  0.00,  0.79,  0.0,  0.0,  0.0
1036785.64147480, 44840.324408, 1000.0,    2.0,  998.0,  0.79,  0.00,  0.79,  0.0,  0.0,  0.0
1036785.64397480, 44840.354225, 1000.0,    2.0,  998.0,  0.79,  0.00,  0.79,  0.0,  0.0,  0.0
1036785.64647480, 44841.910353, 1000.0,    2.0,  998.0,  0.79,  0.00,  0.79,  0.0,  0.0,  0.0
1036785.64897480, 44842.882810, 1000.0,    2.0,  998.0,  0.79,  0.00,  0.79,  0.0,  0.0,  0.0
1036785.65147480, 44844.770459, 1000.0,    2.0,  998.0,  0.79,  0.00,  0.79,  0.0,  0.0,  0.0
1036785.65397480, 44844.700676, 1000.0,    2.0,  998.0,  0.79,  0.00,  0.79,  0.0,  0.0,  0.0
1036785.65647480, 44843.404547, 1000.0,    2.0,  998.0,  0.79,  0.00,  0.79,  0.0,  0.0,  0.0
1036785.65897480, 44842.108917, 1000.0,    2.0,  998.0,  0.79,  0.00,  0.79,  0.0,  0.0,  0.0
1036785.66147480, 44840.854978, 1000.0,    2.0,  998.0,  0.79,  0.00,  0.79,  0.0,  0.0,  0.0
1036785.66397480, 44840.650701, 1000.0,    2.0,  998.0,  0.79,  0.00,  0.79,  0.0,  0.0,  0.0
1036785.66647480, 44841.259877, 1000.0,    2.0,  998.0,  0.79,  0.00,  0.79,  0.0,  0.0,  0.0
1036785.66897480, 44842.157259, 1000.0,    2.0,  998.0,  0.79,  0.00,  0.79,  0.0,  0.0,  0.0
1036785.67147480, 44843.091453, 1000.0,    2.0,  998.0,  0.79,  0.00,  0.79,  0.0,  0.0,  0.0
1036785.67397480, 44844.079522, 1000.0,    2.0,  998.0,  0.79,  0.00,  0.79,  0.0,  0.0,  0.0
1036785.67647480, 44844.103359, 1000.0,    2.0,  998.0,  0.79,  0.00,  0.79,  0.0,  0.0,  0.0
1036785.67897480, 44841.713480, 1000.0,    2.0,  998.0,  0.79,  0.00,  0.79,  0.0,  0.0,  0.0
1036785.68147480, 44840.855974, 1000.0,    2.0,  998.0,  0.79,  0.00,  0.79,  0.0,  0.0,  0.0
1036785.68397480, 44839.998468, 1000.0,    2.0,  998.0,  0.79,  0.00,  0.79,  0.0,  0.0,  0.0
1036785.68647480, 44840.641373, 1000.0,    2.0,  998.0,  0.79,  0.00,  0.79,  0.0,  0.0,  0.0
1036785.68897480, 44841.317719, 1000.0,    2.0,  998.0,  0.79,  0.00,  0.79,  0.0,  0.0,  0.0
1036785.69147480, 44841.872886, 1000.0,    2.0,  998.0,  0.79,  0.00,  0.79,  0.0,  0.0,  0.0
1036785.69397480, 44842.428054, 1000.0,    2.0,  998.0,  0.79,  0.00,  0.79,  0.0,  0.0,  0.0
1036785.69647480, 44842.207454, 1000.0,    2.0,  998.0,  0.79,  0.00,  0.79,  0.0,  0.0,  0.0
1036785.69897480, 44841.041008, 1000.0,    2.0,  998.0,  0.79,  0.00,  0.79,  0.0,  0.0,  0.0
1036785.70147480, 44839.746563, 1000.0,    2.0,  998.0,  0.79,  0.00,  0.79,  0.0,  0.0,  0.0
1036785.70397480, 44839.702070, 1000.0,    2.0,  998.0,  0.79,  0.00,  0.79,  0.0,  0.0,  0.0
1036785.70647480, 44841.273774, 1000.0,    2.0,  998.0,  0.79,  0.00,  0.79,  0.0,  0.0,  0.0
1036785.70897480, 44843.356509, 1000.0,    2.0,  998.0,  0.79,  0.00,  0.79,  0.0,  0.0,  0.0
1036785.71147480, 44844.810750, 1000.0,    2.0,  998.0,  0.79,  0.00,  0.79,  0.0,  0.0,  0.0
1036785.71397480, 44844.640581, 1000.0,    2.0,  998.0,  0.79,  0.00,  0.79,  0.0,  0.0,  0.0
1036785.71647480, 44843.392124, 1000.0,    2.0,  998.0,  0.79,  0.00,  0.79,  0.0,  0.0,  0.0
1036785.71897480, 44841.503095, 1000.0,    2.0,  998.0,  0.79,  0.00,  0.79,  0.0,  0.0,  0.0
1036785.72147480, 44840.563143, 1000.0,    2.0,  998.0,  0.79,  0.00,  0.79,  0.0,  0.0,  0.0
1036785.72397480, 44840.771130, 1000.0,    2.0,  998.0,  0.79,  0.00,  0.79,  0.0,  0.0,  0.0
1036785.72647480, 44842.536748, 1000.0,    2.0,  998.0,  0.79,  0.00,  0.79,  0.0,  0.0,  0.0
1036785.72897480, 44843.513568, 1000.0,    2.0,  998.0,  0.79,  0.00,  0.79,  0.0,  0.0,  0.0
1036785.73147480, 44844.528540, 1000.0,    2.0,  998.0,  0.79,  0.00,  0.79,  0.0,  0.0,  0.0
1036785.73397480, 44845.095808, 1000.0,    2.0,  998.0,  0.79,  0.00,  0.79,  0.0,  0.0,  0.0
1036785.73647480, 44844.789419, 1000.0,    2.0,  998.0,  0.79,  0.00,  0.79,  0.0,  0.0,  0.0
1036785.73897480, 44841.704545, 1000.0,    2.0,  998.0,  0.79,  0.00,  0.79,  0.0,  0.0,  0.0
1036785.74147480, 44840.778079, 1000.0,    2.0,  998.0,  0.79,  0.00,  0.79,  0.0,  0.0,  0.0
1036785.74397480, 44840.204799, 1000.0,    2.0,  998.0,  0.79,  0.00,  0.79,  0.0,  0.0,  0.0
1036785.74647480, 44840.796046, 1000.0,    2.0,  998.0,  0.79,  0.00,  0.79,  0.0,  0.0,  0.0
1036785.74897480, 44842.890843, 1000.0,    2.0,  998.0,  0.79,  0.00,  0.79,  0.0,  0.0,  0.0
1036785.75147480, 44843.382627, 1000.0,    2.0,  998.0,  0.79,  0.00,  0.79,  0.0,  0.0,  0.0
1036785.75397480, 44843.840953, 1000.0,    2.0,  998.0,  0.79,  0.00,  0.79,  0.0,  0.0,  0.0
1036785.75647480, 44843.773599, 1000.0,    2.0,  998.0,  0.79,  0.00,  0.79,  0.0,  0.0,  0.0
1036785.75897480, 44843.164564, 1000.0,    2.0,  998.0,  0.79,  0.00,  0.79,  0.0,  0.0,  0.0
1036785.76147480, 44840.221363, 1000.0,    2.0,  998.0,  0.79,  0.00,  0.79,  0.0,  0.0,  0.0
1036785.76647480, 44841.456325, 1000.0,    2.0,  998.0,  0.79,  0.00,  0.79,  0.0,  0.0,  0.0
1036785.76897480, 44843.415848, 1000.0,    2.0,  998.0,  0.79,  0.00,  0.79,  0.0,  0.0,  0.0
1036785.77147480, 44844.541433, 1000.0,    2.0,  998.0,  0.79,  0.00,  0.79,  0.0,  0.0,  0.0
1036785.77397480, 44844.657485, 1000.0,    2.0,  998.0,  0.79,  0.00,  0.79,  0.0,  0.0,  0.0
1036785.77647480, 44842.434022, 1000.0,    2.0,  998.0,  0.79,  0.00,  0.79,  0.0,  0.0,  0.0
1036785.77897480, 44841.951124, 1000.0,    2.0,  998.0,  0.79,  0.00,  0.79,  0.0,  0.0,  0.0
1036785.78147480, 44840.160136, 1000.0,    2.0,  998.0,  0.79,  0.00,  0.79,  0.0,  0.0,  0.0
1036785.78397480, 44840.360034, 1000.0,    2.0,  998.0,  0.79,  0.00,  0.79,  0.0,  0.0,  0.0
1036785.78647480, 44841.338993, 1000.0,    2.0,  998.0,  0.79,  0.00,  0.79,  0.0,  0.0,  0.0
1036785.78897480, 44842.042780, 1000.0,    2.0,  998.0,  0.79,  0.00,  0.79,  0.0,  0.0,  0.0
1036785.79147480, 44842.746566, 1000.0,    2.0,  998.0,  0.79,  0.00,  0.79,  0.0,  0.0,  0.0
1036785.79397480, 44844.795703, 1000.0,    2.0,  998.0,  0.79,  0.00,  0.79,  0.0,  0.0,  0.0
1036785.79647480, 44844.045835, 1000.0,    2.0,  998.0,  0.79,  0.00,  0.79,  0.0,  0.0,  0.0
1036785.79897480, 44842.966649, 1000.0,    2.0,  998.0,  0.79,  0.00,  0.79,  0.0,  0.0,  0.0
1036785.80147480, 44841.762022, 1000.0,    2.0,  998.0,  0.79,  0.00,  0.79,  0.0,  0.0,  0.0
1036785.80397480, 44840.178403, 1000.0,    2.0,  998.0,  0.79,  0.00,  0.79,  0.0,  0.0,  0.0
1036785.80647480, 44841.708532, 1000.0,    2.0,  998.0,  0.79,  0.00,  0.79,  0.0,  0.0,  0.0
1036785.80897480, 44843.524079, 1000.0,    2.0,  998.0,  0.79,  0.00,  0.79,  0.0,  0.0,  0.0
1036785.81147480, 44843.997846, 1000.0,    2.0,  998.0,  0.79,  0.00,  0.79,  0.0,  0.0,  0.0
1036785.81397480, 44844.471613, 1000.0,    2.0,  998.0,  0.79,  0.00,  0.79,  0.0,  0.0,  0.0
1036785.81647480, 44844.212934, 1000.0,    2.0,  998.0,  0.79,  0.00,  0.79,  0.0,  0.0,  0.0
1036785.81897480, 44842.356445, 1000.0,    2.0,  998.0,  0.79,  0.00,  0.79,  0.0,  0.0,  0.0
1036785.82147480, 44841.727938, 1000.0,    2.0,  998.0,  0.79,  0.00,  0.79,  0.0,  0.0,  0.0
1036785.82397480, 44841.119298, 1000.0,    2.0,  998.0,  0.79,  0.00,  0.79,  0.0,  0.0,  0.0
1036785.82647480, 44842.238968, 1000.0,    2.0,  998.0,  0.79,  0.00,  0.79,  0.0,  0.0,  0.0
1036785.82897480, 44844.033491, 1000.0,    2.0,  998.0,  0.79,  0.00,  0.79,  0.0,  0.0,  0.0
1036785.83147480, 44844.920380, 1000.0,    2.0,  998.0,  0.79,  0.00,  0.79,  0.0,  0.0,  0.0
1036785.83397480, 44844.936372, 1000.0,    2.0,  998.0,  0.79,  0.00,  0.79,  0.0,  0.0,  0.0
1036785.83647480, 44844.154668, 1000.0,    2.0,  998.0,  0.79,  0.00,  0.79,  0.0,  0.0,  0.0
1036785.83897480, 44841.783945, 1000.0,    2.0,  998.0,  0.79,  0.00,  0.79,  0.0,  0.0,  0.0
1036785.84147480, 44840.092286, 1000.0,    2.0,  998.0,  0.79,  0.00,  0.79,  0.0,  0.0,  0.0
1036785.84397480, 44839.891040, 1000.0,    2.0,  998.0,  0.79,  0.00,  0.79,  0.0,  0.0,  0.0
1036785.84647480, 44840.554269, 1000.0,    2.0,  998.0,  0.79,  0.00,  0.79,  0.0,  0.0,  0.0
1036785.84897480, 44842.849427, 1000.0,    2.0,  998.0,  0.79,  0.00,  0.79,  0.0,  0.0,  0.0
1036785.85147480, 44844.817739, 1000.0,    2.0,  998.0,  0.79,  0.00,  0.79,  0.0,  0.0,  0.0
1036785.85397480, 44845.106499, 1000.0,    2.0,  998.0,  0.79,  0.00,  0.79,  0.0,  0.0,  0.0
1036785.85647480, 44845.106499, 1000.0,    2.0,  998.0,  0.79,  0.00,  0.79,  0.0,  0.0,  0.0
1036785.85897480, 44845.106499, 1000.0,    2.0,  998.0,  0.79,  0.00,  0.79,  0.0,  0.0,  0.0
1036785.86147480, 44841.102217, 1000.0,    2.0,  998.0,  0.79,  0.00,  0.79,  0.0,  0.0,  0.0
1036785.86397480, 44839.536587, 1000.0,    2.0,  998.0,  0.79,  0.00,  0.79,  0.0,  0.0,  0.0
1036785.86647480, 44840.407401, 1000.0,    2.0,  998.0,  0.79,  0.00,  0.79,  0.0,  0.0,  0.0
1036785.86897480, 44842.717333, 1000.0,    2.0,  998.0,  0.79,  0.00,  0.79,  0.0,  0.0,  0.0
1036785.87147480, 44843.143693, 1000.0,    2.0,  998.0,  0.79,  0.00,  0.79,  0.0,  0.0,  0.0
1036785.87397480, 44843.570052, 1000.0,    2.0,  998.0,  0.79,  0.00,  0.79,  0.0,  0.0,  0.0
1036785.87647480, 44843.996412, 1000.0,    2.0,  998.0,  0.79,  0.00,  0.79,  0.0,  0.0,  0.0
1036785.87897480, 44842.464318, 1000.0,    2.0,  998.0,  0.79,  0.00,  0.79,  0.0,  0.0,  0.0
1036785.88147480, 44840.778421, 1000.0,    2.0,  998.0,  0.79,  0.00,  0.79,  0.0,  0.0,  0.0
1036785.88397480, 44840.167984, 1000.0,    2.0,  998.0,  0.79,  0.00,  0.79,  0.0,  0.0,  0.0
1036785.88647480, 44841.068652, 1000.0,    2.0,  998.0,  0.79,  0.00,  0.79,  0.0,  0.0,  0.0
1036785.88897480, 44843.587322, 1000.0,    2.0,  998.0,  0.79,  0.00,  0.79,  0.0,  0.0,  0.0
1036785.89147480, 44844.875213, 1000.0,    2.0,  998.0,  0.79,  0.00,  0.79,  0.0,  0.0,  0.0
1036785.89397480, 44844.901192, 1000.0,    2.0,  998.0,  0.79,  0.00,  0.79,  0.0,  0.0,  0.0
1036785.89647480, 44843.368196, 1000.0,    2.0,  998.0,  0.79,  0.00,  0.79,  0.0,  0.0,  0.0
1036785.89897480, 44841.259342, 1000.0,    2.0,  998.0,  0.79,  0.00,  0.79,  0.0,  0.0,  0.0
1036785.90147480, 44840.422612, 1000.0,    2.0,  998.0,  0.79,  0.00,  0.79,  0.0,  0.0,  0.0
1036785.90397480, 44840.476273, 1000.0,    2.0,  998.0,  0.79,  0.00,  0.79,  0.0,  0.0,  0.0
1036785.90647480, 44842.259075, 1000.0,    2.0,  998.0,  0.79,  0.00,  0.79,  0.0,  0.0,  0.0
1036785.90897480, 44844.426189, 1000.0,    2.0,  998.0,  0.79,  0.00,  0.79,  0.0,  0.0,  0.0
1036785.91147480, 44845.182640, 1000.0,    2.0,  998.0,  0.79,  0.00,  0.79,  0.0,  0.0,  0.0
1036785.91397480, 44845.428698, 1000.0,    2.0,  998.0,  0.79,  0.00,  0.79,  0.0,  0.0,  0.0
1036785.91647480, 44844.551285, 1000.0,    2.0,  998.0,  0.79,  0.00,  0.79,  0.0,  0.0,  0.0
1036785.91897480, 44844.020591, 1000.0,    2.0,  998.0,  0.79,  0.00,  0.79,  0.0,  0.0,  0.0
1036785.92147480, 44843.489897, 1000.0,    2.0,  998.0,  0.79,  0.00,  0.79,  0.0,  0.0,  0.0
1036785.92397480, 44842.959203, 1000.0,    2.0,  998.0,  0.79,  0.00,  0.79,  0.0,  0.0,  0.0
1036785.92647480, 44842.428509, 1000.0,    2.0,  998.0,  0.79,  0.00,  0.79,  0.0,  0.0,  0.0
1036785.92897480, 44842.629211, 1000.0,    2.0,  998.0,  0.79,  0.00,  0.79,  0.0,  0.0,  0.0
1036785.93147480, 44843.186123, 1000.0,    2.0,  998.0,  0.79,  0.00,  0.79,  0.0,  0.0,  0.0
1036785.93397480, 44845.119993, 1000.0,    2.0,  998.0,  0.79,  0.00,  0.79,  0.0,  0.0,  0.0
1036785.93647480, 44844.462801, 1000.0,    2.0,  998.0,  0.79,  0.00,  0.79,  0.0,  0.0,  0.0
1036785.93897480, 44843.440181, 1000.0,    2.0,  998.0,  0.79,  0.00,  0.79,  0.0,  0.0,  0.0
1036785.94147480, 44842.352125, 1000.0,    2.0,  998.0,  0.79,  0.00,  0.79,  0.0,  0.0,  0.0
1036785.94397480, 44841.245299, 1000.0,    2.0,  998.0,  0.79,  0.00,  0.79,  0.0,  0.0,  0.0
1036785.94647480, 44840.887561, 1000.0,    2.0,  998.0,  0.79,  0.00,  0.79,  0.0,  0.0,  0.0
1036785.94897480, 44843.446661, 1000.0,    2.0,  998.0,  0.79,  0.00,  0.79,  0.0,  0.0,  0.0
1036785.95147480, 44844.211580, 1000.0,    2.0,  998.0,  0.79,  0.00,  0.79,  0.0,  0.0,  0.0
1036785.95397480, 44844.526093, 1000.0,    2.0,  998.0,  0.79,  0.00,  0.79,  0.0,  0.0,  0.0
1036785.95647480, 44844.047497, 1000.0,    2.0,  998.0,  0.79,  0.00,  0.79,  0.0,  0.0,  0.0
1036785.95897480, 44841.849452, 1000.0,    2.0,  998.0,  0.79,  0.00,  0.79,  0.0,  0.0,  0.0
1036785.96147480, 44840.233346, 1000.0,    2.0,  998.0,  0.79,  0.00,  0.79,  0.0,  0.0,  0.0
1036785.96397480, 44840.871024, 1000.0,    2.0,  998.0,  0.79,  0.00,  0.79,  0.0,  0.0,  0.0
1036785.96647480, 44841.236426, 1000.0,    2.0,  998.0,  0.79,  0.00,  0.79,  0.0,  0.0,  0.0
1036785.96897480, 44841.982927, 1000.0,    2.0,  998.0,  0.79,  0.00,  0.79,  0.0,  0.0,  0.0
1036785.97147480, 44842.773712, 1000.0,    2.0,  998.0,  0.79,  0.00,  0.79,  0.0,  0.0,  0.0
1036785.97397480, 44844.923861, 1000.0,    2.0,  998.0,  0.79,  0.00,  0.79,  0.0,  0.0,  0.0
1036785.97647480, 44844.030068, 1000.0,    2.0,  998.0,  0.79,  0.00,  0.79,  0.0,  0.0,  0.0
1036785.97897480, 44843.472980, 1000.0,    2.0,  998.0,  0.79,  0.00,  0.79,  0.0,  0.0,  0.0
1036785.98147480, 44842.915892, 1000.0,    2.0,  998.0,  0.79,  0.00,  0.79,  0.0,  0.0,  0.0
1036785.98397480, 44842.358803, 1000.0,    2.0,  998.0,  0.79,  0.00,  0.79,  0.0,  0.0,  0.0
1036785.98647480, 44842.458643, 1000.0,    2.0,  998.0,  0.79,  0.00,  0.79,  0.0,  0.0,  0.0
1036785.98897480, 44843.356637, 1000.0,    2.0,  998.0,  0.79,  0.00,  0.79,  0.0,  0.0,  0.0
1036785.99147480, 44844.433061, 1000.0,    2.0,  998.0,  0.79,  0.00,  0.79,  0.0,  0.0,  0.0
1036785.99397480, 44844.838163, 1000.0,    2.0,  998.0,  0.79,  0.00,  0.79,  0.0,  0.0,  0.0
1036785.99647480, 44844.765716, 1000.0,    2.0,  998.0,  0.79,  0.00,  0.79,  0.0,  0.0,  0.0
1036785.99897480, 44844.397495, 1000.0,    2.0,  998.0,  0.79,  0.00,  0.79,  0.0,  0.0,  0.0
1036786.00147480, 44844.029273, 1000.0,    2.0,  998.0,  0.79,  0.00,  0.79,  0.0,  0.0,  0.0
1036786.00397480, 44842.734209, 1000.0,    2.0,  998.0,  0.79,  0.00,  0.79,  0.0,  0.0,  0.0
1036786.00647480, 44840.826076, 1000.0,    2.0,  998.0,  0.79,  0.00,  0.79,  0.0,  0.0,  0.0
1036786.00897480, 44842.022433, 1000.0,    2.0,  998.0,  0.79,  0.00,  0.79,  0.0,  0.0,  0.0
1036786.01147480, 44843.318272, 1000.0,    2.0,  998.0,  0.79,  0.00,  0.79,  0.0,  0.0,  0.0
1036786.01397480, 44843.936189, 1000.0,    2.0,  998.0,  0.79,  0.00,  0.79,  0.0,  0.0,  0.0
1036786.01647480, 44842.643832, 1000.0,    2.0,  998.0,  0.79,  0.00,  0.79,  0.0,  0.0,  0.0
1036786.01897480, 44840.446081, 1000.0,    2.0,  998.0,  0.79,  0.00,  0.79,  0.0,  0.0,  0.0
1036786.02147480, 44839.942838, 1000.0,    2.0,  998.0,  0.79,  0.00,  0.79,  0.0,  0.0,  0.0
1036786.02397480, 44839.722452, 1000.0,    2.0,  998.0,  0.79,  0.00,  0.79,  0.0,  0.0,  0.0
1036786.02647480, 44840.779873, 1000.0,    2.0,  998.0,  0.79,  0.00,  0.79,  0.0,  0.0,  0.0
1036786.02897480, 44842.998512, 1000.0,    2.0,  998.0,  0.79,  0.00,  0.79,  0.0,  0.0,  0.0
1036786.03147480, 44844.617673, 1000.0,    2.0,  998.0,  0.79,  0.00,  0.79,  0.0,  0.0,  0.0
1036786.03397480, 44844.222852, 1000.0,    2.0,  998.0,  0.79,  0.00,  0.79,  0.0,  0.0,  0.0
1036786.03647480, 44843.984124, 1000.0,    2.0,  998.0,  0.79,  0.00,  0.79,  0.0,  0.0,  0.0
1036786.03897480, 44843.354324, 1000.0,    2.0,  998.0,  0.79,  0.00,  0.79,  0.0,  0.0,  0.0
1036786.04147480, 44842.724524, 1000.0,    2.0,  998.0,  0.79,  0.00,  0.79,  0.0,  0.0,  0.0
1036786.04397480, 44842.094724, 1000.0,    2.0,  998.0,  0.79,  0.00,  0.79,  0.0,  0.0,  0.0
1036786.04647480, 44840.940725, 1000.0,    2.0,  998.0,  0.79,  0.00,  0.79,  0.0,  0.0,  0.0
1036786.04897480, 44842.636586, 1000.0,    2.0,  998.0,  0.79,  0.00,  0.79,  0.0,  0.0,  0.0
1036786.05147480, 44843.914909, 1000.0,    2.0,  998.0,  0.79,  0.00,  0.79,  0.0,  0.0,  0.0
1036786.05397480, 44844.257941, 1000.0,    2.0,  998.0,  0.79,  0.00,  0.79,  0.0,  0.0,  0.0
1036786.05647480, 44843.505581, 1000.0,    2.0,  998.0,  0.79,  0.00,  0.79,  0.0,  0.0,  0.0
1036786.05897480, 44841.994908, 1000.0,    2.0,  998.0,  0.79,  0.00,  0.79,  0.0,  0.0,  0.0
1036786.06147480, 44841.347902, 1000.0,    2.0,  998.0,  0.79,  0.00,  0.79,  0.0,  0.0,  0.0
1036786.06397480, 44840.853393, 1000.0,    2.0,  998.0,  0.79,  0.00,  0.79,  0.0,  0.0,  0.0
1036786.06647480, 44841.221407, 1000.0,    2.0,  998.0,  0.79,  0.00,  0.79,  0.0,  0.0,  0.0
1036786.06897480, 44843.030076, 1000.0,    2.0,  998.0,  0.79,  0.00,  0.79,  0.0,  0.0,  0.0
1036786.07147480, 44843.713293, 1000.0,    2.0,  998.0,  0.79,  0.00,  0.79,  0.0,  0.0,  0.0
1036786.07397480, 44844.338697, 1000.0,    2.0,  998.0,  0.79,  0.00,  0.79,  0.0,  0.0,  0.0
1036786.07647480, 44844.538164, 1000.0,    2.0,  998.0,  0.79,  0.00,  0.79,  0.0,  0.0,  0.0
1036786.07897480, 44842.589604, 1000.0,    2.0,  998.0,  0.79,  0.00,  0.79,  0.0,  0.0,  0.0
1036786.08147480, 44841.203036, 1000.0,    2.0,  998.0,  0.79,  0.00,  0.79,  0.0,  0.0,  0.0
1036786.08397480, 44840.310805, 1000.0,    2.0,  998.0,  0.79,  0.00,  0.79,  0.0,  0.0,  0.0
1036786.08647480, 44841.096517, 1000.0,    2.0,  998.0,  0.79,  0.00,  0.79,  0.0,  0.0,  0.0
1036786.08897480, 44843.701275, 1000.0,    2.0,  998.0,  0.79,  0.00,  0.79,  0.0,  0.0,  0.0
1036786.09147480, 44844.814680, 1000.0,    2.0,  998.0,  0.79,  0.00,  0.79,  0.0,  0.0,  0.0
1036786.09397480, 44844.730153, 1000.0,    2.0,  998.0,  0.79,  0.00,  0.79,  0.0,  0.0,  0.0
1036786.09647480, 44844.108181, 1000.0,    2.0,  998.0,  0.79,  0.00,  0.79,  0.0,  0.0,  0.0
1036786.09897480, 44841.323475, 1000.0,    2.0,  998.0,  0.79,  0.00,  0.79,  0.0,  0.0,  0.0
1036786.10147480, 44840.541523, 1000.0,    2.0,  998.0,  0.79,  0.00,  0.79,  0.0,  0.0,  0.0
1036786.10397480, 44839.887432, 1000.0,    2.0,  998.0,  0.79,  0.00,  0.79,  0.0,  0.0,  0.0
1036786.10647480, 44840.366512, 1000.0,    2.0,  998.0,  0.79,  0.00,  0.79,  0.0,  0.0,  0.0
1036786.10897480, 44841.064371, 1000.0,    2.0,  998.0,  0.79,  0.00,  0.79,  0.0,  0.0,  0.0
1036786.11147480, 44843.345000, 1000.0,    2.0,  998.0,  0.79,  0.00,  0.79,  0.0,  0.0,  0.0
1036786.11397480, 44843.974619, 1000.0,    2.0,  998.0,  0.79,  0.00,  0.79,  0.0,  0.0,  0.0
1036786.11647480, 44843.791529, 1000.0,    2.0,  998.0,  0.79,  0.00,  0.79,  0.0,  0.0,  0.0
1036786.11897480, 44842.537298, 1000.0,    2.0,  998.0,  0.79,  0.00,  0.79,  0.0,  0.0,  0.0
1036786.12147480, 44840.388468, 1000.0,    2.0,  998.0,  0.79,  0.00,  0.79,  0.0,  0.0,  0.0
1036786.12397480, 44840.241303, 1000.0,    2.0,  998.0,  0.79,  0.00,  0.79,  0.0,  0.0,  0.0
1036786.12647480, 44840.475964, 1000.0,    2.0,  998.0,  0.79,  0.00,  0.79,  0.0,  0.0,  0.0
1036786.12897480, 44841.694812, 1000.0,    2.0,  998.0,  0.79,  0.00,  0.79,  0.0,  0.0,  0.0
1036786.13147480, 44842.917729, 1000.0,    2.0,  998.0,  0.79,  0.00,  0.79,  0.0,  0.0,  0.0
1036786.13397480, 44844.162511, 1000.0,    2.0,  998.0,  0.79,  0.00,  0.79,  0.0,  0.0,  0.0
1036786.13647480, 44843.835173, 1000.0,    2.0,  998.0,  0.79,  0.00,  0.79,  0.0,  0.0,  0.0
1036786.13897480, 44842.642884, 1000.0,    2.0,  998.0,  0.79,  0.00,  0.79,  0.0,  0.0,  0.0
1036786.14147480, 44840.851744, 1000.0,    2.0,  998.0,  0.79,  0.00,  0.79,  0.0,  0.0,  0.0
1036786.14397480, 44840.625219, 1000.0,    2.0,  998.0,  0.79,  0.00,  0.79,  0.0,  0.0,  0.0
1036786.14647480, 44840.889767, 1000.0,    2.0,  998.0,  0.79,  0.00,  0.79,  0.0,  0.0,  0.0
1036786.14897480, 44843.028579, 1000.0,    2.0,  998.0,  0.79,  0.00,  0.79,  0.0,  0.0,  0.0
1036786.15147480, 44844.376696, 1000.0,    2.0,  998.0,  0.79,  0.00,  0.79,  0.0,  0.0,  0.0
1036786.15397480, 44844.166496, 1000.0,    2.0,  998.0,  0.79,  0.00,  0.79,  0.0,  0.0,  0.0
1036786.15647480, 44844.090872, 1000.0,    2.0,  998.0,  0.79,  0.00,  0.79,  0.0,  0.0,  0.0
1036786.15897480, 44844.090872, 1000.0,    2.0,  998.0,  0.79,  0.00,  0.79,  0.0,  0.0,  0.0
1036786.16147480, 44844.090872, 1000.0,    2.0,  998.0,  0.79,  0.00,  0.79,  0.0,  0.0,  0.0
1036786.16397480, 44843.283983, 1000.0,    2.0,  998.0,  0.79,  0.00,  0.79,  0.0,  0.0,  0.0
1036786.16647480, 44841.005150, 1000.0,    2.0,  998.0,  0.79,  0.00,  0.79,  0.0,  0.0,  0.0
1036786.16897480, 44841.801472, 1000.0,    2.0,  998.0,  0.79,  0.00,  0.79,  0.0,  0.0,  0.0
1036786.17147480, 44842.748525, 1000.0,    2.0,  998.0,  0.79,  0.00,  0.79,  0.0,  0.0,  0.0
1036786.17397480, 44843.890380, 1000.0,    2.0,  998.0,  0.79,  0.00,  0.79,  0.0,  0.0,  0.0
1036786.17647480, 44845.032235, 1000.0,    2.0,  998.0,  0.79,  0.00,  0.79,  0.0,  0.0,  0.0
1036786.17897480, 44841.914898, 1000.0,    2.0,  998.0,  0.79,  0.00,  0.79,  0.0,  0.0,  0.0
1036786.18147480, 44841.150714, 1000.0,    2.0,  998.0,  0.79,  0.00,  0.79,  0.0,  0.0,  0.0
1036786.18397480, 44840.956686, 1000.0,    2.0,  998.0,  0.79,  0.00,  0.79,  0.0,  0.0,  0.0
1036786.18647480, 44842.327547, 1000.0,    2.0,  998.0,  0.79,  0.00,  0.79,  0.0,  0.0,  0.0
1036786.18897480, 44843.556361, 1000.0,    2.0,  998.0,  0.79,  0.00,  0.79,  0.0,  0.0,  0.0
1036786.19147480, 44843.955340, 1000.0,    2.0,  998.0,  0.79,  0.00,  0.79,  0.0,  0.0,  0.0
1036786.19397480, 44844.354319, 1000.0,    2.0,  998.0,  0.79,  0.00,  0.79,  0.0,  0.0,  0.0
1036786.19647480, 44844.447450, 1000.0,    2.0,  998.0,  0.79,  0.00,  0.79,  0.0,  0.0,  0.0
1036786.19897480, 44842.932004, 1000.0,    2.0,  998.0,  0.79,  0.00,  0.79,  0.0,  0.0,  0.0
1036786.20147480, 44841.387908, 1000.0,    2.0,  998.0,  0.79,  0.00,  0.79,  0.0,  0.0,  0.0
1036786.20397480, 44840.922858, 1000.0,    2.0,  998.0,  0.79,  0.00,  0.79,  0.0,  0.0,  0.0
1036786.20647480, 44841.067324, 1000.0,    2.0,  998.0,  0.79,  0.00,  0.79,  0.0,  0.0,  0.0
1036786.20897480, 44841.930815, 1000.0,    2.0,  998.0,  0.79,  0.00,  0.79,  0.0,  0.0,  0.0
1036786.21147480, 44844.470653, 1000.0,    2.0,  998.0,  0.79,  0.00,  0.79,  0.0,  0.0,  0.0
1036786.21397480, 44844.579238, 1000.0,    2.0,  998.0,  0.79,  0.00,  0.79,  0.0,  0.0,  0.0
1036786.21647480, 44843.467624, 1000.0,    2.0,  998.0,  0.79,  0.00,  0.79,  0.0,  0.0,  0.0
1036786.21897480, 44841.719045, 1000.0,    2.0,  998.0,  0.79,  0.00,  0.79,  0.0,  0.0,  0.0
1036786.22147480, 44841.207949, 1000.0,    2.0,  998.0,  0.79,  0.00,  0.79,  0.0,  0.0,  0.0
1036786.22397480, 44840.696854, 1000.0,    2.0,  998.0,  0.79,  0.00,  0.79,  0.0,  0.0,  0.0
1036786.22647480, 44841.795657, 1000.0,    2.0,  998.0,  0.79,  0.00,  0.79,  0.0,  0.0,  0.0
1036786.22897480, 44843.564124, 1000.0,    2.0,  998.0,  0.79,  0.00,  0.79,  0.0,  0.0,  0.0
1036786.23147480, 44844.604791, 1000.0,    2.0,  998.0,  0.79,  0.00,  0.79,  0.0,  0.0,  0.0
1036786.23397480, 44844.982901, 1000.0,    2.0,  998.0,  0.79,  0.00,  0.79,  0.0,  0.0,  0.0
1036786.23647480, 44844.568921, 1000.0,    2.0,  998.0,  0.79,  0.00,  0.79,  0.0,  0.0,  0.0
1036786.23897480, 44844.154941, 1000.0,    2.0,  998.0,  0.79,  0.00,  0.79,  0.0,  0.0,  0.0
1036786.24147480, 44841.510775, 1000.0,    2.0,  998.0,  0.79,  0.00,  0.79,  0.0,  0.0,  0.0
1036786.24397480, 44840.210108, 1000.0,    2.0,  998.0,  0.79,  0.00,  0.79,  0.0,  0.0,  0.0
1036786.24647480, 44841.851128, 1000.0,    2.0,  998.0,  0.79,  0.00,  0.79,  0.0,  0.0,  0.0
1036786.24897480, 44843.053863, 1000.0,    2.0,  998.0,  0.79,  0.00,  0.79,  0.0,  0.0,  0.0
1036786.25147480, 44843.607131, 1000.0,    2.0,  998.0,  0.79,  0.00,  0.79,  0.0,  0.0,  0.0
1036786.25397480, 44844.994596, 1000.0,    2.0,  998.0,  0.79,  0.00,  0.79,  0.0,  0.0,  0.0
1036786.25647480, 44844.012381, 1000.0,    2.0,  998.0,  0.79,  0.00,  0.79,  0.0,  0.0,  0.0
1036786.25897480, 44843.030166, 1000.0,    2.0,  998.0,  0.79,  0.00,  0.79,  0.0,  0.0,  0.0
1036786.26147480, 44842.047950, 1000.0,    2.0,  998.0,  0.79,  0.00,  0.79,  0.0,  0.0,  0.0
1036786.26397480, 44840.912764, 1000.0,    2.0,  998.0,  0.79,  0.00,  0.79,  0.0,  0.0,  0.0
1036786.26647480, 44841.025666, 1000.0,    2.0,  998.0,  0.79,  0.00,  0.79,  0.0,  0.0,  0.0
1036786.26897480, 44843.060281, 1000.0,    2.0,  998.0,  0.79,  0.00,  0.79,  0.0,  0.0,  0.0
1036786.27147480, 44844.393962, 1000.0,    2.0,  998.0,  0.79,  0.00,  0.79,  0.0,  0.0,  0.0
1036786.27397480, 44844.723277, 1000.0,    2.0,  998.0,  0.79,  0.00,  0.79,  0.0,  0.0,  0.0
1036786.27647480, 44843.645023, 1000.0,    2.0,  998.0,  0.79,  0.00,  0.79,  0.0,  0.0,  0.0
1036786.27897480, 44841.833076, 1000.0,    2.0,  998.0,  0.79,  0.00,  0.79,  0.0,  0.0,  0.0
1036786.28147480, 44841.223601, 1000.0,    2.0,  998.0,  0.79,  0.00,  0.79,  0.0,  0.0,  0.0
1036786.28397480, 44840.614125, 1000.0,    2.0,  998.0,  0.79,  0.00,  0.79,  0.0,  0.0,  0.0
1036786.28647480, 44840.004650, 1000.0,    2.0,  998.0,  0.79,  0.00,  0.79,  0.0,  0.0,  0.0
1036786.28897480, 44842.687820, 1000.0,    2.0,  998.0,  0.79,  0.00,  0.79,  0.0,  0.0,  0.0
1036786.29147480, 44844.165523, 1000.0,    2.0,  998.0,  0.79,  0.00,  0.79,  0.0,  0.0,  0.0
1036786.29397480, 44844.590866, 1000.0,    2.0,  998.0,  0.79,  0.00,  0.79,  0.0,  0.0,  0.0
1036786.29647480, 44844.739960, 1000.0,    2.0,  998.0,  0.79,  0.00,  0.79,  0.0,  0.0,  0.0
1036786.29897480, 44844.889054, 1000.0,    2.0,  998.0,  0.79,  0.00,  0.79,  0.0,  0.0,  0.0
1036786.30147480, 44841.848886, 1000.0,    2.0,  998.0,  0.79,  0.00,  0.79,  0.0,  0.0,  0.0
1036786.30397480, 44840.706186, 1000.0,    2.0,  998.0,  0.79,  0.00,  0.79,  0.0,  0.0,  0.0
1036786.30647480, 44841.317012, 1000.0,    2.0,  998.0,  0.79,  0.00,  0.79,  0.0,  0.0,  0.0
1036786.30897480, 44842.738377, 1000.0,    2.0,  998.0,  0.79,  0.00,  0.79,  0.0,  0.0,  0.0
1036786.31147480, 44844.517217, 1000.0,    2.0,  998.0,  0.79,  0.00,  0.79,  0.0,  0.0,  0.0
1036786.31397480, 44844.736721, 1000.0,    2.0,  998.0,  0.79,  0.00,  0.79,  0.0,  0.0,  0.0
1036786.31647480, 44843.457732, 1000.0,    2.0,  998.0,  0.79,  0.00,  0.79,  0.0,  0.0,  0.0
1036786.31897480, 44841.748050, 1000.0,    2.0,  998.0,  0.79,  0.00,  0.79,  0.0,  0.0,  0.0
1036786.32147480, 44840.565375, 1000.0,    2.0,  998.0,  0.79,  0.00,  0.79,  0.0,  0.0,  0.0
1036786.32397480, 44840.186008, 1000.0,    2.0,  998.0,  0.79,  0.00,  0.79,  0.0,  0.0,  0.0
1036786.32647480, 44840.301117, 1000.0,    2.0,  998.0,  0.79,  0.00,  0.79,  0.0,  0.0,  0.0
1036786.32897480, 44842.001394, 1000.0,    2.0,  998.0,  0.79,  0.00,  0.79,  0.0,  0.0,  0.0
1036786.33147480, 44844.309070, 1000.0,    2.0,  998.0,  0.79,  0.00,  0.79,  0.0,  0.0,  0.0
1036786.33397480, 44844.848878, 1000.0,    2.0,  998.0,  0.79,  0.00,  0.79,  0.0,  0.0,  0.0
1036786.33647480, 44843.191189, 1000.0,    2.0,  998.0,  0.79,  0.00,  0.79,  0.0,  0.0,  0.0
1036786.33897480, 44840.934956, 1000.0,    2.0,  998.0,  0.79,  0.00,  0.79,  0.0,  0.0,  0.0
1036786.34147480, 44839.930040, 1000.0,    2.0,  998.0,  0.79,  0.00,  0.79,  0.0,  0.0,  0.0
1036786.34397480, 44839.844783, 1000.0,    2.0,  998.0,  0.79,  0.00,  0.79,  0.0,  0.0,  0.0
1036786.34647480, 44840.221868, 1000.0,    2.0,  998.0,  0.79,  0.00,  0.79,  0.0,  0.0,  0.0
1036786.34897480, 44840.598951, 1000.0,    2.0,  998.0,  0.79,  0.00,  0.79,  0.0,  0.0,  0.0
1036786.35147480, 44844.726878, 1000.0,    2.0,  998.0,  0.79,  0.00,  0.79,  0.0,  0.0,  0.0
1036786.35397480, 44844.686616, 1000.0,    2.0,  998.0,  0.79,  0.00,  0.79,  0.0,  0.0,  0.0
1036786.35647480, 44843.024356, 1000.0,    2.0,  998.0,  0.79,  0.00,  0.79,  0.0,  0.0,  0.0
1036786.35897480, 44841.341460, 1000.0,    2.0,  998.0,  0.79,  0.00,  0.79,  0.0,  0.0,  0.0
1036786.36147480, 44840.093001, 1000.0,    2.0,  998.0,  0.79,  0.00,  0.79,  0.0,  0.0,  0.0
1036786.36397480, 44839.789453, 1000.0,    2.0,  998.0,  0.79,  0.00,  0.79,  0.0,  0.0,  0.0
1036786.36647480, 44841.320217, 1000.0,    2.0,  998.0,  0.79,  0.00,  0.79,  0.0,  0.0,  0.0
1036786.36897480, 44842.284125, 1000.0,    2.0,  998.0,  0.79,  0.00,  0.79,  0.0,  0.0,  0.0
1036786.37147480, 44844.206129, 1000.0,    2.0,  998.0,  0.79,  0.00,  0.79,  0.0,  0.0,  0.0
1036786.37397480, 44844.878548, 1000.0,    2.0,  998.0,  0.79,  0.00,  0.79,  0.0,  0.0,  0.0
1036786.37647480, 44843.851322, 1000.0,    2.0,  998.0,  0.79,  0.00,  0.79,  0.0,  0.0,  0.0
1036786.37897480, 44843.115300, 1000.0,    2.0,  998.0,  0.79,  0.00,  0.79,  0.0,  0.0,  0.0
1036786.38147480, 44842.393896, 1000.0,    2.0,  998.0,  0.79,  0.00,  0.79,  0.0,  0.0,  0.0
1036786.38397480, 44841.728608, 1000.0,    2.0,  998.0,  0.79,  0.00,  0.79,  0.0,  0.0,  0.0
1036786.38647480, 44841.408680, 1000.0,    2.0,  998.0,  0.79,  0.00,  0.79,  0.0,  0.0,  0.0
1036786.38897480, 44843.200941, 1000.0,    2.0,  998.0,  0.79,  0.00,  0.79,  0.0,  0.0,  0.0
1036786.39147480, 44843.837393, 1000.0,    2.0,  998.0,  0.79,  0.00,  0.79,  0.0,  0.0,  0.0
1036786.39397480, 44844.473846, 1000.0,    2.0,  998.0,  0.79,  0.00,  0.79,  0.0,  0.0,  0.0
1036786.39647480, 44842.619356, 1000.0,    2.0,  998.0,  0.79,  0.00,  0.79,  0.0,  0.0,  0.0
1036786.39897480, 44842.177471, 1000.0,    2.0,  998.0,  0.79,  0.00,  0.79,  0.0,  0.0,  0.0
1036786.40147480, 44840.297541, 1000.0,    2.0,  998.0,  0.79,  0.00,  0.79,  0.0,  0.0,  0.0
1036786.40397480, 44840.302160, 1000.0,    2.0,  998.0,  0.79,  0.00,  0.79,  0.0,  0.0,  0.0
1036786.40647480, 44842.500056, 1000.0,    2.0,  998.0,  0.79,  0.00,  0.79,  0.0,  0.0,  0.0
1036786.40897480, 44842.914883, 1000.0,    2.0,  998.0,  0.79,  0.00,  0.79,  0.0,  0.0,  0.0
1036786.41147480, 44842.914883, 1000.0,    2.0,  998.0,  0.79,  0.00,  0.79,  0.0,  0.0,  0.0
1036786.41397480, 44842.914883, 1000.0,    2.0,  998.0,  0.79,  0.00,  0.79,  0.0,  0.0,  0.0
1036786.41647480, 44842.324696, 1000.0,    2.0,  998.0,  0.79,  0.00,  0.79,  0.0,  0.0,  0.0
1036786.41897480, 44842.123763, 1000.0,    2.0,  998.0,  0.79,  0.00,  0.79,  0.0,  0.0,  0.0
1036786.42147480, 44840.428000, 1000.0,    2.0,  998.0,  0.79,  0.00,  0.79,  0.0,  0.0,  0.0
1036786.42397480, 44840.360733, 1000.0,    2.0,  998.0,  0.79,  0.00,  0.79,  0.0,  0.0,  0.0
1036786.42647480, 44840.293466, 1000.0,    2.0,  998.0,  0.79,  0.00,  0.79,  0.0,  0.0,  0.0
1036786.42897480, 44840.226199, 1000.0,    2.0,  998.0,  0.79,  0.00,  0.79,  0.0,  0.0,  0.0
1036786.43147480, 44844.140850, 1000.0,    2.0,  998.0,  0.79,  0.00,  0.79,  0.0,  0.0,  0.0
1036786.43397480, 44845.114882, 1000.0,    2.0,  998.0,  0.79,  0.00,  0.79,  0.0,  0.0,  0.0
1036786.43647480, 44844.161103, 1000.0,    2.0,  998.0,  0.79,  0.00,  0.79,  0.0,  0.0,  0.0
1036786.43897480, 44841.499169, 1000.0,    2.0,  998.0,  0.79,  0.00,  0.79,  0.0,  0.0,  0.0
1036786.44147480, 44840.555257, 1000.0,    2.0,  998.0,  0.79,  0.00,  0.79,  0.0,  0.0,  0.0
1036786.44397480, 44840.492045, 1000.0,    2.0,  998.0,  0.79,  0.00,  0.79,  0.0,  0.0,  0.0
1036786.44647480, 44840.428833, 1000.0,    2.0,  998.0,  0.79,  0.00,  0.79,  0.0,  0.0,  0.0
1036786.44897480, 44841.559706, 1000.0,    2.0,  998.0,  0.79,  0.00,  0.79,  0.0,  0.0,  0.0
1036786.45147480, 44844.374087, 1000.0,    2.0,  998.0,  0.79,  0.00,  0.79,  0.0,  0.0,  0.0
1036786.45397480, 44845.078228, 1000.0,    2.0,  998.0,  0.79,  0.00,  0.79,  0.0,  0.0,  0.0
1036786.45647480, 44844.257673, 1000.0,    2.0,  998.0,  0.79,  0.00,  0.79,  0.0,  0.0,  0.0
1036786.45897480, 44842.773157, 1000.0,    2.0,  998.0,  0.79,  0.00,  0.79,  0.0,  0.0,  0.0
1036786.46147480, 44841.054480, 1000.0,    2.0,  998.0,  0.79,  0.00,  0.79,  0.0,  0.0,  0.0
1036786.46397480, 44840.408855, 1000.0,    2.0,  998.0,  0.79,  0.00,  0.79,  0.0,  0.0,  0.0
1036786.46647480, 44841.734037, 1000.0,    2.0,  998.0,  0.79,  0.00,  0.79,  0.0,  0.0,  0.0
1036786.46897480, 44842.859541, 1000.0,    2.0,  998.0,  0.79,  0.00,  0.79,  0.0,  0.0,  0.0
1036786.47147480, 44843.512639, 1000.0,    2.0,  998.0,  0.79,  0.00,  0.79,  0.0,  0.0,  0.0
1036786.47397480, 44844.165738, 1000.0,    2.0,  998.0,  0.79,  0.00,  0.79,  0.0,  0.0,  0.0
1036786.47647480, 44843.749552, 1000.0,    2.0,  998.0,  0.79,  0.00,  0.79,  0.0,  0.0,  0.0
1036786.47897480, 44842.192903, 1000.0,    2.0,  998.0,  0.79,  0.00,  0.79,  0.0,  0.0,  0.0
1036786.48147480, 44840.899995, 1000.0,    2.0,  998.0,  0.79,  0.00,  0.79,  0.0,  0.0,  0.0
1036786.48397480, 44839.889966, 1000.0,    2.0,  998.0,  0.79,  0.00,  0.79,  0.0,  0.0,  0.0
1036786.48647480, 44840.589586, 1000.0,    2.0,  998.0,  0.79,  0.00,  0.79,  0.0,  0.0,  0.0
1036786.48897480, 44843.343233, 1000.0,    2.0,  998.0,  0.79,  0.00,  0.79,  0.0,  0.0,  0.0
1036786.49147480, 44844.252918, 1000.0,    2.0,  998.0,  0.79,  0.00,  0.79,  0.0,  0.0,  0.0
1036786.49397480, 44843.974824, 1000.0,    2.0,  998.0,  0.79,  0.00,  0.79,  0.0,  0.0,  0.0
1036786.49647480, 44843.696731, 1000.0,    2.0,  998.0,  0.79,  0.00,  0.79,  0.0,  0.0,  0.0
1036786.49897480, 44842.452078, 1000.0,    2.0,  998.0,  0.79,  0.00,  0.79,  0.0,  0.0,  0.0
1036786.50147480, 44841.314215, 1000.0,    2.0,  998.0,  0.79,  0.00,  0.79,  0.0,  0.0,  0.0
1036786.50397480, 44840.484046, 1000.0,    2.0,  998.0,  0.79,  0.00,  0.79,  0.0,  0.0,  0.0
1036786.50647480, 44841.057065, 1000.0,    2.0,  998.0,  0.79,  0.00,  0.79,  0.0,  0.0,  0.0
1036786.50897480, 44842.384540, 1000.0,    2.0,  998.0,  0.79,  0.00,  0.79,  0.0,  0.0,  0.0
1036786.51147480, 44843.958491, 1000.0,    2.0,  998.0,  0.79,  0.00,  0.79,  0.0,  0.0,  0.0
1036786.51397480, 44844.548550, 1000.0,    2.0,  998.0,  0.79,  0.00,  0.79,  0.0,  0.0,  0.0
1036786.51647480, 44843.846353, 1000.0,    2.0,  998.0,  0.79,  0.00,  0.79,  0.0,  0.0,  0.0
1036786.51897480, 44841.193210, 1000.0,    2.0,  998.0,  0.79,  0.00,  0.79,  0.0,  0.0,  0.0
1036786.52147480, 44839.870405, 1000.0,    2.0,  998.0,  0.79,  0.00,  0.79,  0.0,  0.0,  0.0
1036786.52397480, 44840.164117, 1000.0,    2.0,  998.0,  0.79,  0.00,  0.79,  0.0,  0.0,  0.0
1036786.52647480, 44841.212334, 1000.0,    2.0,  998.0,  0.79,  0.00,  0.79,  0.0,  0.0,  0.0
1036786.52897480, 44842.864957, 1000.0,    2.0,  998.0,  0.79,  0.00,  0.79,  0.0,  0.0,  0.0
1036786.53147480, 44844.238427, 1000.0,    2.0,  998.0,  0.79,  0.00,  0.79,  0.0,  0.0,  0.0
1036786.53397480, 44844.490359, 1000.0,    2.0,  998.0,  0.79,  0.00,  0.79,  0.0,  0.0,  0.0
1036786.53647480, 44844.742291, 1000.0,    2.0,  998.0,  0.79,  0.00,  0.79,  0.0,  0.0,  0.0
1036786.53897480, 44841.607238, 1000.0,    2.0,  998.0,  0.79,  0.00,  0.79,  0.0,  0.0,  0.0
1036786.54147480, 44840.370494, 1000.0,    2.0,  998.0,  0.79,  0.00,  0.79,  0.0,  0.0,  0.0
1036786.54397480, 44840.408367, 1000.0,    2.0,  998.0,  0.79,  0.00,  0.79,  0.0,  0.0,  0.0
1036786.54647480, 44841.466046, 1000.0,    2.0,  998.0,  0.79,  0.00,  0.79,  0.0,  0.0,  0.0
1036786.54897480, 44842.744424, 1000.0,    2.0,  998.0,  0.79,  0.00,  0.79,  0.0,  0.0,  0.0
1036786.55147480, 44844.022802, 1000.0,    2.0,  998.0,  0.79,  0.00,  0.79,  0.0,  0.0,  0.0
1036786.55397480, 44845.070904, 1000.0,    2.0,  998.0,  0.79,  0.00,  0.79,  0.0,  0.0,  0.0
1036786.55647480, 44844.538931, 1000.0,    2.0,  998.0,  0.79,  0.00,  0.79,  0.0,  0.0,  0.0
1036786.55897480, 44844.006958, 1000.0,    2.0,  998.0,  0.79,  0.00,  0.79,  0.0,  0.0,  0.0
1036786.56147480, 44840.647081, 1000.0,    2.0,  998.0,  0.79,  0.00,  0.79,  0.0,  0.0,  0.0
1036786.56397480, 44840.127471, 1000.0,    2.0,  998.0,  0.79,  0.00,  0.79,  0.0,  0.0,  0.0
1036786.56647480, 44840.607469, 1000.0,    2.0,  998.0,  0.79,  0.00,  0.79,  0.0,  0.0,  0.0
1036786.56897480, 44841.120544, 1000.0,    2.0,  998.0,  0.79,  0.00,  0.79,  0.0,  0.0,  0.0
1036786.57147480, 44843.493374, 1000.0,    2.0,  998.0,  0.79,  0.00,  0.79,  0.0,  0.0,  0.0
1036786.57397480, 44844.797913, 1000.0,    2.0,  998.0,  0.79,  0.00,  0.79,  0.0,  0.0,  0.0
1036786.57647480, 44844.310814, 1000.0,    2.0,  998.0,  0.79,  0.00,  0.79,  0.0,  0.0,  0.0
1036786.57897480, 44842.747138, 1000.0,    2.0,  998.0,  0.79,  0.00,  0.79,  0.0,  0.0,  0.0
1036786.58147480, 44840.968836, 1000.0,    2.0,  998.0,  0.79,  0.00,  0.79,  0.0,  0.0,  0.0
1036786.58397480, 44841.155846, 1000.0,    2.0,  998.0,  0.79,  0.00,  0.79,  0.0,  0.0,  0.0
1036786.58647480, 44841.431528, 1000.0,    2.0,  998.0,  0.79,  0.00,  0.79,  0.0,  0.0,  0.0
1036786.58897480, 44843.465267, 1000.0,    2.0,  998.0,  0.79,  0.00,  0.79,  0.0,  0.0,  0.0
1036786.59147480, 44844.656271, 1000.0,    2.0,  998.0,  0.79,  0.00,  0.79,  0.0,  0.0,  0.0
1036786.59397480, 44844.737716, 1000.0,    2.0,  998.0,  0.79,  0.00,  0.79,  0.0,  0.0,  0.0
1036786.59647480, 44843.651094, 1000.0,    2.0,  998.0,  0.79,  0.00,  0.79,  0.0,  0.0,  0.0
1036786.59897480, 44842.633045, 1000.0,    2.0,  998.0,  0.79,  0.00,  0.79,  0.0,  0.0,  0.0
1036786.60147480, 44840.645948, 1000.0,    2.0,  998.0,  0.79,  0.00,  0.79,  0.0,  0.0,  0.0
1036786.60397480, 44840.053646, 1000.0,    2.0,  998.0,  0.79,  0.00,  0.79,  0.0,  0.0,  0.0
1036786.60647480, 44840.692904, 1000.0,    2.0,  998.0,  0.79,  0.00,  0.79,  0.0,  0.0,  0.0
1036786.60897480, 44842.187660, 1000.0,    2.0,  998.0,  0.79,  0.00,  0.79,  0.0,  0.0,  0.0
1036786.61147480, 44844.107220, 1000.0,    2.0,  998.0,  0.79,  0.00,  0.79,  0.0,  0.0,  0.0
1036786.61397480, 44844.394146, 1000.0,    2.0,  998.0,  0.79,  0.00,  0.79,  0.0,  0.0,  0.0
1036786.61647480, 44843.629948, 1000.0,    2.0,  998.0,  0.79,  0.00,  0.79,  0.0,  0.0,  0.0
1036786.61897480, 44842.593404, 1000.0,    2.0,  998.0,  0.79,  0.00,  0.79,  0.0,  0.0,  0.0
1036786.62147480, 44841.090569, 1000.0,    2.0,  998.0,  0.79,  0.00,  0.79,  0.0,  0.0,  0.0
1036786.62397480, 44840.647938, 1000.0,    2.0,  998.0,  0.79,  0.00,  0.79,  0.0,  0.0,  0.0
1036786.62647480, 44840.776721, 1000.0,    2.0,  998.0,  0.79,  0.00,  0.79,  0.0,  0.0,  0.0
1036786.62897480, 44842.810156, 1000.0,    2.0,  998.0,  0.79,  0.00,  0.79,  0.0,  0.0,  0.0
1036786.63147480, 44844.654978, 1000.0,    2.0,  998.0,  0.79,  0.00,  0.79,  0.0,  0.0,  0.0
1036786.63397480, 44844.589161, 1000.0,    2.0,  998.0,  0.79,  0.00,  0.79,  0.0,  0.0,  0.0
1036786.63647480, 44844.272616, 1000.0,    2.0,  998.0,  0.79,  0.00,  0.79,  0.0,  0.0,  0.0
1036786.63897480, 44842.878089, 1000.0,    2.0,  998.0,  0.79,  0.00,  0.79,  0.0,  0.0,  0.0
1036786.64147480, 44840.717906, 1000.0,    2.0,  998.0,  0.79,  0.00,  0.79,  0.0,  0.0,  0.0
1036786.64397480, 44840.833164, 1000.0,    2.0,  998.0,  0.79,  0.00,  0.79,  0.0,  0.0,  0.0
1036786.64647480, 44840.999134, 1000.0,    2.0,  998.0,  0.79,  0.00,  0.79,  0.0,  0.0,  0.0
1036786.64897480, 44843.484352, 1000.0,    2.0,  998.0,  0.79,  0.00,  0.79,  0.0,  0.0,  0.0
1036786.65147480, 44844.609249, 1000.0,    2.0,  998.0,  0.79,  0.00,  0.79,  0.0,  0.0,  0.0
1036786.65397480, 44844.467091, 1000.0,    2.0,  998.0,  0.79,  0.00,  0.79,  0.0,  0.0,  0.0
1036786.65647480, 44843.198281, 1000.0,    2.0,  998.0,  0.79,  0.00,  0.79,  0.0,  0.0,  0.0
1036786.65897480, 44841.930753, 1000.0,    2.0,  998.0,  0.79,  0.00,  0.79,  0.0,  0.0,  0.0
1036786.66147480, 44841.253314, 1000.0,    2.0,  998.0,  0.79,  0.00,  0.79,  0.0,  0.0,  0.0
1036786.66397480, 44840.617417, 1000.0,    2.0,  998.0,  0.79,  0.00,  0.79,  0.0,  0.0,  0.0
1036786.66647480, 44841.599503, 1000.0,    2.0,  998.0,  0.79,  0.00,  0.79,  0.0,  0.0,  0.0
1036786.66897480, 44843.507503, 1000.0,    2.0,  998.0,  0.79,  0.00,  0.79,  0.0,  0.0,  0.0
1036786.67147480, 44844.582440, 1000.0,    2.0,  998.0,  0.79,  0.00,  0.79,  0.0,  0.0,  0.0
1036786.67397480, 44844.808983, 1000.0,    2.0,  998.0,  0.79,  0.00,  0.79,  0.0,  0.0,  0.0
1036786.67647480, 44845.035525, 1000.0,    2.0,  998.0,  0.79,  0.00,  0.79,  0.0,  0.0,  0.0
1036786.67897480, 44843.900689, 1000.0,    2.0,  998.0,  0.79,  0.00,  0.79,  0.0,  0.0,  0.0
1036786.68147480, 44841.998480, 1000.0,    2.0,  998.0,  0.79,  0.00,  0.79,  0.0,  0.0,  0.0
1036786.68397480, 44840.096271, 1000.0,    2.0,  998.0,  0.79,  0.00,  0.79,  0.0,  0.0,  0.0
1036786.68647480, 44840.723164, 1000.0,    2.0,  998.0,  0.79,  0.00,  0.79,  0.0,  0.0,  0.0
1036786.68897480, 44841.605296, 1000.0,    2.0,  998.0,  0.79,  0.00,  0.79,  0.0,  0.0,  0.0
1036786.69147480, 44842.500714, 1000.0,    2.0,  998.0,  0.79,  0.00,  0.79,  0.0,  0.0,  0.0
1036786.69397480, 44843.926475, 1000.0,    2.0,  998.0,  0.79,  0.00,  0.79,  0.0,  0.0,  0.0
1036786.69647480, 44843.697862, 1000.0,    2.0,  998.0,  0.79,  0.00,  0.79,  0.0,  0.0,  0.0
1036786.69897480, 44841.610035, 1000.0,    2.0,  998.0,  0.79,  0.00,  0.79,  0.0,  0.0,  0.0
1036786.70147480, 44840.579271, 1000.0,    2.0,  998.0,  0.79,  0.00,  0.79,  0.0,  0.0,  0.0
1036786.70397480, 44840.575136, 1000.0,    2.0,  998.0,  0.79,  0.00,  0.79,  0.0,  0.0,  0.0
1036786.70647480, 44842.185560, 1000.0,    2.0,  998.0,  0.79,  0.00,  0.79,  0.0,  0.0,  0.0
1036786.70897480, 44844.207257, 1000.0,    2.0,  998.0,  0.79,  0.00,  0.79,  0.0,  0.0,  0.0
1036786.71147480, 44844.495749, 1000.0,    2.0,  998.0,  0.79,  0.00,  0.79,  0.0,  0.0,  0.0
1036786.71397480, 44844.831074, 1000.0,    2.0,  998.0,  0.79,  0.00,  0.79,  0.0,  0.0,  0.0
1036786.71647480, 44844.223944, 1000.0,    2.0,  998.0,  0.79,  0.00,  0.79,  0.0,  0.0,  0.0
1036786.71897480, 44842.444281, 1000.0,    2.0,  998.0,  0.79,  0.00,  0.79,  0.0,  0.0,  0.0
1036786.72147480, 44841.824983, 1000.0,    2.0,  998.0,  0.79,  0.00,  0.79,  0.0,  0.0,  0.0
1036786.72397480, 44841.205685, 1000.0,    2.0,  998.0,  0.79,  0.00,  0.79,  0.0,  0.0,  0.0
1036786.72647480, 44841.601139, 1000.0,    2.0,  998.0,  0.79,  0.00,  0.79,  0.0,  0.0,  0.0
1036786.72897480, 44843.068178, 1000.0,    2.0,  998.0,  0.79,  0.00,  0.79,  0.0,  0.0,  0.0
1036786.73147480, 44844.506338, 1000.0,    2.0,  998.0,  0.79,  0.00,  0.79,  0.0,  0.0,  0.0
1036786.73397480, 44844.894203, 1000.0,    2.0,  998.0,  0.79,  0.00,  0.79,  0.0,  0.0,  0.0
1036786.73647480, 44844.436695, 1000.0,    2.0,  998.0,  0.79,  0.00,  0.79,  0.0,  0.0,  0.0
1036786.73897480, 44842.602672, 1000.0,    2.0,  998.0,  0.79,  0.00,  0.79,  0.0,  0.0,  0.0
1036786.74147480, 44840.761785, 1000.0,    2.0,  998.0,  0.79,  0.00,  0.79,  0.0,  0.0,  0.0
1036786.74397480, 44840.611398, 1000.0,    2.0,  998.0,  0.79,  0.00,  0.79,  0.0,  0.0,  0.0
1036786.74647480, 44841.973804, 1000.0,    2.0,  998.0,  0.79,  0.00,  0.79,  0.0,  0.0,  0.0
1036786.74897480, 44843.597614, 1000.0,    2.0,  998.0,  0.79,  0.00,  0.79,  0.0,  0.0,  0.0
1036786.75147480, 44844.467775, 1000.0,    2.0,  998.0,  0.79,  0.00,  0.79,  0.0,  0.0,  0.0
1036786.75397480, 44844.364704, 1000.0,    2.0,  998.0,  0.79,  0.00,  0.79,  0.0,  0.0,  0.0
1036786.75647480, 44843.628266, 1000.0,    2.0,  998.0,  0.79,  0.00,  0.79,  0.0,  0.0,  0.0
1036786.75897480, 44841.422326, 1000.0,    2.0,  998.0,  0.79,  0.00,  0.79,  0.0,  0.0,  0.0
1036786.76147480, 44840.086681, 1000.0,    2.0,  998.0,  0.79,  0.00,  0.79,  0.0,  0.0,  0.0
1036786.76397480, 44839.987131, 1000.0,    2.0,  998.0,  0.79,  0.00,  0.79,  0.0,  0.0,  0.0
1036786.76647480, 44840.672811, 1000.0,    2.0,  998.0,  0.79,  0.00,  0.79,  0.0,  0.0,  0.0
1036786.76897480, 44843.247938, 1000.0,    2.0,  998.0,  0.79,  0.00,  0.79,  0.0,  0.0,  0.0
1036786.77147480, 44844.501008, 1000.0,    2.0,  998.0,  0.79,  0.00,  0.79,  0.0,  0.0,  0.0
1036786.77397480, 44844.684360, 1000.0,    2.0,  998.0,  0.79,  0.00,  0.79,  0.0,  0.0,  0.0
1036786.77647480, 44843.920054, 1000.0,    2.0,  998.0,  0.79,  0.00,  0.79,  0.0,  0.0,  0.0
1036786.77897480, 44842.157529, 1000.0,    2.0,  998.0,  0.79,  0.00,  0.79,  0.0,  0.0,  0.0
1036786.78147480, 44841.537937, 1000.0,    2.0,  998.0,  0.79,  0.00,  0.79,  0.0,  0.0,  0.0
1036786.78397480, 44840.918346, 1000.0,    2.0,  998.0,  0.79,  0.00,  0.79,  0.0,  0.0,  0.0
1036786.78647480, 44841.955655, 1000.0,    2.0,  998.0,  0.79,  0.00,  0.79,  0.0,  0.0,  0.0
1036786.78897480, 44842.797284, 1000.0,    2.0,  998.0,  0.79,  0.00,  0.79,  0.0,  0.0,  0.0
1036786.79147480, 44844.268539, 1000.0,    2.0,  998.0,  0.79,  0.00,  0.79,  0.0,  0.0,  0.0
1036786.79397480, 44845.266861, 1000.0,    2.0,  998.0,  0.79,  0.00,  0.79,  0.0,  0.0,  0.0
1036786.79647480, 44844.325737, 1000.0,    2.0,  998.0,  0.79,  0.00,  0.79,  0.0,  0.0,  0.0
1036786.79897480, 44841.793092, 1000.0,    2.0,  998.0,  0.79,  0.00,  0.79,  0.0,  0.0,  0.0
1036786.80147480, 44840.570848, 1000.0,    2.0,  998.0,  0.79,  0.00,  0.79,  0.0,  0.0,  0.0
1036786.80397480, 44840.485602, 1000.0,    2.0,  998.0,  0.79,  0.00,  0.79,  0.0,  0.0,  0.0
1036786.80647480, 44840.400355, 1000.0,    2.0,  998.0,  0.79,  0.00,  0.79,  0.0,  0.0,  0.0
1036786.80897480, 44842.580456, 1000.0,    2.0,  998.0,  0.79,  0.00,  0.79,  0.0,  0.0,  0.0
1036786.81147480, 44844.694792, 1000.0,    2.0,  998.0,  0.79,  0.00,  0.79,  0.0,  0.0,  0.0
1036786.81397480, 44845.111594, 1000.0,    2.0,  998.0,  0.79,  0.00,  0.79,  0.0,  0.0,  0.0
1036786.81647480, 44844.788650, 1000.0,    2.0,  998.0,  0.79,  0.00,  0.79,  0.0,  0.0,  0.0
1036786.81897480, 44844.465706, 1000.0,    2.0,  998.0,  0.79,  0.00,  0.79,  0.0,  0.0,  0.0
1036786.82147480, 44841.431575, 1000.0,    2.0,  998.0,  0.79,  0.00,  0.79,  0.0,  0.0,  0.0
1036786.82397480, 44840.973040, 1000.0,    2.0,  998.0,  0.79,  0.00,  0.79,  0.0,  0.0,  0.0
1036786.82647480, 44842.172234, 1000.0,    2.0,  998.0,  0.79,  0.00,  0.79,  0.0,  0.0,  0.0
1036786.82897480, 44842.807975, 1000.0,    2.0,  998.0,  0.79,  0.00,  0.79,  0.0,  0.0,  0.0
1036786.83147480, 44843.569070, 1000.0,    2.0,  998.0,  0.79,  0.00,  0.79,  0.0,  0.0,  0.0
1036786.83397480, 44844.800755, 1000.0,    2.0,  998.0,  0.79,  0.00,  0.79,  0.0,  0.0,  0.0
1036786.83647480, 44844.194197, 1000.0,    2.0,  998.0,  0.79,  0.00,  0.79,  0.0,  0.0,  0.0
1036786.83897480, 44841.864641, 1000.0,    2.0,  998.0,  0.79,  0.00,  0.79,  0.0,  0.0,  0.0
1036786.84147480, 44840.265958, 1000.0,    2.0,  998.0,  0.79,  0.00,  0.79,  0.0,  0.0,  0.0
1036786.84397480, 44840.071128, 1000.0,    2.0,  998.0,  0.79,  0.00,  0.79,  0.0,  0.0,  0.0
1036786.84647480, 44840.071128, 1000.0,    2.0,  998.0,  0.79,  0.00,  0.79,  0.0,  0.0,  0.0
1036786.84897480, 44842.524727, 1000.0,    2.0,  998.0,  0.79,  0.00,  0.79,  0.0,  0.0,  0.0
1036786.85147480, 44844.097783, 1000.0,    2.0,  998.0,  0.79,  0.00,  0.79,  0.0,  0.0,  0.0
1036786.85397480, 44844.542991, 1000.0,    2.0,  998.0,  0.79,  0.00,  0.79,  0.0,  0.0,  0.0
1036786.85647480, 44844.710375, 1000.0,    2.0,  998.0,  0.79,  0.00,  0.79,  0.0,  0.0,  0.0
1036786.85897480, 44842.778370, 1000.0,    2.0,  998.0,  0.79,  0.00,  0.79,  0.0,  0.0,  0.0
1036786.86147480, 44840.392555, 1000.0,    2.0,  998.0,  0.79,  0.00,  0.79,  0.0,  0.0,  0.0
1036786.86397480, 44839.945361, 1000.0,    2.0,  998.0,  0.79,  0.00,  0.79,  0.0,  0.0,  0.0
1036786.86647480, 44840.878055, 1000.0,    2.0,  998.0,  0.79,  0.00,  0.79,  0.0,  0.0,  0.0
1036786.86897480, 44842.765368, 1000.0,    2.0,  998.0,  0.79,  0.00,  0.79,  0.0,  0.0,  0.0
1036786.87147480, 44844.171067, 1000.0,    2.0,  998.0,  0.79,  0.00,  0.79,  0.0,  0.0,  0.0
1036786.87397480, 44844.535196, 1000.0,    2.0,  998.0,  0.79,  0.00,  0.79,  0.0,  0.0,  0.0
1036786.87647480, 44843.002461, 1000.0,    2.0,  998.0,  0.79,  0.00,  0.79,  0.0,  0.0,  0.0
1036786.87897480, 44841.459079, 1000.0,    2.0,  998.0,  0.79,  0.00,  0.79,  0.0,  0.0,  0.0
1036786.88147480, 44840.413184, 1000.0,    2.0,  998.0,  0.79,  0.00,  0.79,  0.0,  0.0,  0.0
1036786.88397480, 44840.124673, 1000.0,    2.0,  998.0,  0.79,  0.00,  0.79,  0.0,  0.0,  0.0
1036786.88647480, 44840.715590, 1000.0,    2.0,  998.0,  0.79,  0.00,  0.79,  0.0,  0.0,  0.0
1036786.88897480, 44843.352336, 1000.0,    2.0,  998.0,  0.79,  0.00,  0.79,  0.0,  0.0,  0.0
1036786.89147480, 44844.389884, 1000.0,    2.0,  998.0,  0.79,  0.00,  0.79,  0.0,  0.0,  0.0
1036786.89397480, 44844.375184, 1000.0,    2.0,  998.0,  0.79,  0.00,  0.79,  0.0,  0.0,  0.0
1036786.89647480, 44842.650189, 1000.0,    2.0,  998.0,  0.79,  0.00,  0.79,  0.0,  0.0,  0.0
1036786.89897480, 44842.194592, 1000.0,    2.0,  998.0,  0.79,  0.00,  0.79,  0.0,  0.0,  0.0
1036786.90147480, 44840.500588, 1000.0,    2.0,  998.0,  0.79,  0.00,  0.79,  0.0,  0.0,  0.0
1036786.90397480, 44840.600850, 1000.0,    2.0,  998.0,  0.79,  0.00,  0.79,  0.0,  0.0,  0.0
1036786.90647480, 44841.510351, 1000.0,    2.0,  998.0,  0.79,  0.00,  0.79,  0.0,  0.0,  0.0
1036786.90897480, 44842.133891, 1000.0,    2.0,  998.0,  0.79,  0.00,  0.79,  0.0,  0.0,  0.0
1036786.91147480, 44842.874259, 1000.0,    2.0,  998.0,  0.79,  0.00,  0.79,  0.0,  0.0,  0.0
1036786.91397480, 44844.833123, 1000.0,    2.0,  998.0,  0.79,  0.00,  0.79,  0.0,  0.0,  0.0
1036786.91647480, 44843.993203, 1000.0,    2.0,  998.0,  0.79,  0.00,  0.79,  0.0,  0.0,  0.0
1036786.91897480, 44842.402560, 1000.0,    2.0,  998.0,  0.79,  0.00,  0.79,  0.0,  0.0,  0.0
1036786.92147480, 44841.218999, 1000.0,    2.0,  998.0,  0.79,  0.00,  0.79,  0.0,  0.0,  0.0
1036786.92397480, 44841.035605, 1000.0,    2.0,  998.0,  0.79,  0.00,  0.79,  0.0,  0.0,  0.0
1036786.92647480, 44841.149547, 1000.0,    2.0,  998.0,  0.79,  0.00,  0.79,  0.0,  0.0,  0.0
1036786.92897480, 44842.041091, 1000.0,    2.0,  998.0,  0.79,  0.00,  0.79,  0.0,  0.0,  0.0
1036786.93147480, 44843.507497, 1000.0,    2.0,  998.0,  0.79,  0.00,  0.79,  0.0,  0.0,  0.0
1036786.93397480, 44844.829668, 1000.0,    2.0,  998.0,  0.79,  0.00,  0.79,  0.0,  0.0,  0.0
1036786.93647480, 44843.874817, 1000.0,    2.0,  998.0,  0.79,  0.00,  0.79,  0.0,  0.0,  0.0
1036786.93897480, 44842.525893, 1000.0,    2.0,  998.0,  0.79,  0.00,  0.79,  0.0,  0.0,  0.0
1036786.94147480, 44841.561908, 1000.0,    2.0,  998.0,  0.79,  0.00,  0.79,  0.0,  0.0,  0.0
1036786.94397480, 44840.892640, 1000.0,    2.0,  998.0,  0.79,  0.00,  0.79,  0.0,  0.0,  0.0
1036786.94647480, 44841.241888, 1000.0,    2.0,  998.0,  0.79,  0.00,  0.79,  0.0,  0.0,  0.0
1036786.94897480, 44842.989639, 1000.0,    2.0,  998.0,  0.79,  0.00,  0.79,  0.0,  0.0,  0.0
1036786.95147480, 44844.500823, 1000.0,    2.0,  998.0,  0.79,  0.00,  0.79,  0.0,  0.0,  0.0
1036786.95397480, 44844.842642, 1000.0,    2.0,  998.0,  0.79,  0.00,  0.79,  0.0,  0.0,  0.0
1036786.95647480, 44843.450894, 1000.0,    2.0,  998.0,  0.79,  0.00,  0.79,  0.0,  0.0,  0.0
1036786.95897480, 44841.477412, 1000.0,    2.0,  998.0,  0.79,  0.00,  0.79,  0.0,  0.0,  0.0
1036786.96147480, 44840.230177, 1000.0,    2.0,  998.0,  0.79,  0.00,  0.79,  0.0,  0.0,  0.0
1036786.96397480, 44840.330399, 1000.0,    2.0,  998.0,  0.79,  0.00,  0.79,  0.0,  0.0,  0.0
1036786.96647480, 44842.039423, 1000.0,    2.0,  998.0,  0.79,  0.00,  0.79,  0.0,  0.0,  0.0
1036786.96897480, 44842.402223, 1000.0,    2.0,  998.0,  0.79,  0.00,  0.79,  0.0,  0.0,  0.0
1036786.97147480, 44842.846953, 1000.0,    2.0,  998.0,  0.79,  0.00,  0.79,  0.0,  0.0,  0.0
1036786.97397480, 44843.291684, 1000.0,    2.0,  998.0,  0.79,  0.00,  0.79,  0.0,  0.0,  0.0
1036786.97647480, 44843.736414, 1000.0,    2.0,  998.0,  0.79,  0.00,  0.79,  0.0,  0.0,  0.0
1036786.97897480, 44841.931844, 1000.0,    2.0,  998.0,  0.79,  0.00,  0.79,  0.0,  0.0,  0.0
1036786.98147480, 44840.116794, 1000.0,    2.0,  998.0,  0.79,  0.00,  0.79,  0.0,  0.0,  0.0
1036786.98397480, 44839.989752, 1000.0,    2.0,  998.0,  0.79,  0.00,  0.79,  0.0,  0.0,  0.0
1036786.98647480, 44840.374399, 1000.0,    2.0,  998.0,  0.79,  0.00,  0.79,  0.0,  0.0,  0.0
1036786.98897480, 44841.987094, 1000.0,    2.0,  998.0,  0.79,  0.00,  0.79,  0.0,  0.0,  0.0
1036786.99147480, 44844.268751, 1000.0,    2.0,  998.0,  0.79,  0.00,  0.79,  0.0,  0.0,  0.0
1036786.99397480, 44845.063736, 1000.0,    2.0,  998.0,  0.79,  0.00,  0.79,  0.0,  0.0,  0.0
1036786.99647480, 44844.268778, 1000.0,    2.0,  998.0,  0.79,  0.00,  0.79,  0.0,  0.0,  0.0
1036786.99897480, 44841.583832, 1000.0,    2.0,  998.0,  0.79,  0.00,  0.79,  0.0,  0.0,  0.0
1036787.00147480, 44839.932051, 1000.0,    2.0,  998.0,  0.79,  0.00,  0.79,  0.0,  0.0,  0.0
1036787.00397480, 44839.750403, 1000.0,    2.0,  998.0,  0.79,  0.00,  0.79,  0.0,  0.0,  0.0
1036787.00647480, 44839.750403, 1000.0,    2.0,  998.0,  0.79,  0.00,  0.79,  0.0,  0.0,  0.0
1036787.00897480, 44839.750403, 1000.0,    2.0,  998.0,  0.79,  0.00,  0.79,  0.0,  0.0,  0.0
1036787.01147480, 44841.994229, 1000.0,    2.0,  998.0,  0.79,  0.00,  0.79,  0.0,  0.0,  0.0
1036787.01397480, 44844.609281, 1000.0,    2.0,  998.0,  0.79,  0.00,  0.79,  0.0,  0.0,  0.0
1036787.01647480, 44843.904198, 1000.0,    2.0,  998.0,  0.79,  0.00,  0.79,  0.0,  0.0,  0.0
1036787.01897480, 44843.012679, 1000.0,    2.0,  998.0,  0.79,  0.00,  0.79,  0.0,  0.0,  0.0
1036787.02147480, 44841.209721, 1000.0,    2.0,  998.0,  0.79,  0.00,  0.79,  0.0,  0.0,  0.0
1036787.02397480, 44840.464809, 1000.0,    2.0,  998.0,  0.79,  0.00,  0.79,  0.0,  0.0,  0.0
1036787.02647480, 44841.654144, 1000.0,    2.0,  998.0,  0.79,  0.00,  0.79,  0.0,  0.0,  0.0
1036787.02897480, 44843.498552, 1000.0,    2.0,  998.0,  0.79,  0.00,  0.79,  0.0,  0.0,  0.0
1036787.03147480, 44844.365474, 1000.0,    2.0,  998.0,  0.79,  0.00,  0.79,  0.0,  0.0,  0.0
1036787.03397480, 44844.615104, 1000.0,    2.0,  998.0,  0.79,  0.00,  0.79,  0.0,  0.0,  0.0
1036787.03647480, 44844.864734, 1000.0,    2.0,  998.0,  0.79,  0.00,  0.79,  0.0,  0.0,  0.0
1036787.03897480, 44841.775243, 1000.0,    2.0,  998.0,  0.79,  0.00,  0.79,  0.0,  0.0,  0.0
1036787.04147480, 44840.122264, 1000.0,    2.0,  998.0,  0.79,  0.00,  0.79,  0.0,  0.0,  0.0
1036787.04397480, 44839.965944, 1000.0,    2.0,  998.0,  0.79,  0.00,  0.79,  0.0,  0.0,  0.0
1036787.04647480, 44840.286222, 1000.0,    2.0,  998.0,  0.79,  0.00,  0.79,  0.0,  0.0,  0.0
1036787.04897480, 44840.606500, 1000.0,    2.0,  998.0,  0.79,  0.00,  0.79,  0.0,  0.0,  0.0
1036787.05147480, 44841.431030, 1000.0,    2.0,  998.0,  0.79,  0.00,  0.79,  0.0,  0.0,  0.0
1036787.05397480, 44842.505274, 1000.0,    2.0,  998.0,  0.79,  0.00,  0.79,  0.0,  0.0,  0.0
1036787.05647480, 44843.579517, 1000.0,    2.0,  998.0,  0.79,  0.00,  0.79,  0.0,  0.0,  0.0
1036787.05897480, 44844.653761, 1000.0,    2.0,  998.0,  0.79,  0.00,  0.79,  0.0,  0.0,  0.0
1036787.06147480, 44842.984785, 1000.0,    2.0,  998.0,  0.79,  0.00,  0.79,  0.0,  0.0,  0.0
1036787.06397480, 44840.920619, 1000.0,    2.0,  998.0,  0.79,  0.00,  0.79,  0.0,  0.0,  0.0
1036787.06647480, 44841.077944, 1000.0,    2.0,  998.0,  0.79,  0.00,  0.79,  0.0,  0.0,  0.0
1036787.06897480, 44841.385536, 1000.0,    2.0,  998.0,  0.79,  0.00,  0.79,  0.0,  0.0,  0.0
1036787.07397480, 44845.075316, 1000.0,    2.0,  998.0,  0.79,  0.00,  0.79,  0.0,  0.0,  0.0
1036787.07647480, 44844.523315, 1000.0,    2.0,  998.0,  0.79,  0.00,  0.79,  0.0,  0.0,  0.0
1036787.07897480, 44842.588899, 1000.0,    2.0,  998.0,  0.79,  0.00,  0.79,  0.0,  0.0,  0.0
1036787.08147480, 44839.948785, 1000.0,    2.0,  998.0,  0.79,  0.00,  0.79,  0.0,  0.0,  0.0
1036787.08397480, 44839.931137, 1000.0,    2.0,  998.0,  0.79,  0.00,  0.79,  0.0,  0.0,  0.0
1036787.08647480, 44841.548385, 1000.0,    2.0,  998.0,  0.79,  0.00,  0.79,  0.0,  0.0,  0.0
1036787.08897480, 44843.278047, 1000.0,    2.0,  998.0,  0.79,  0.00,  0.79,  0.0,  0.0,  0.0
1036787.09147480, 44844.507026, 1000.0,    2.0,  998.0,  0.79,  0.00,  0.79,  0.0,  0.0,  0.0
1036787.09397480, 44844.673833, 1000.0,    2.0,  998.0,  0.79,  0.00,  0.79,  0.0,  0.0,  0.0
1036787.09647480, 44844.840640, 1000.0,    2.0,  998.0,  0.79,  0.00,  0.79,  0.0,  0.0,  0.0
1036787.09897480, 44843.974558, 1000.0,    2.0,  998.0,  0.79,  0.00,  0.79,  0.0,  0.0,  0.0
1036787.10147480, 44840.172822, 1000.0,    2.0,  998.0,  0.79,  0.00,  0.79,  0.0,  0.0,  0.0
1036787.10397480, 44840.191571, 1000.0,    2.0,  998.0,  0.79,  0.00,  0.79,  0.0,  0.0,  0.0
1036787.10647480, 44840.667799, 1000.0,    2.0,  998.0,  0.79,  0.00,  0.79,  0.0,  0.0,  0.0
1036787.10897480, 44841.144027, 1000.0,    2.0,  998.0,  0.79,  0.00,  0.79,  0.0,  0.0,  0.0
1036787.11147480, 44842.777838, 1000.0,    2.0,  998.0,  0.79,  0.00,  0.79,  0.0,  0.0,  0.0
1036787.11397480, 44844.011509, 1000.0,    2.0,  998.0,  0.79,  0.00,  0.79,  0.0,  0.0,  0.0
1036787.11647480, 44843.955423, 1000.0,    2.0,  998.0,  0.79,  0.00,  0.79,  0.0,  0.0,  0.0
1036787.11897480, 44842.326170, 1000.0,    2.0,  998.0,  0.79,  0.00,  0.79,  0.0,  0.0,  0.0
1036787.12147480, 44841.631488, 1000.0,    2.0,  998.0,  0.79,  0.00,  0.79,  0.0,  0.0,  0.0
1036787.12397480, 44841.102352, 1000.0,    2.0,  998.0,  0.79,  0.00,  0.79,  0.0,  0.0,  0.0
1036787.12647480, 44840.979846, 1000.0,    2.0,  998.0,  0.79,  0.00,  0.79,  0.0,  0.0,  0.0
1036787.12897480, 44840.979846, 1000.0,    2.0,  998.0,  0.79,  0.00,  0.79,  0.0,  0.0,  0.0
1036787.13147480, 44841.279021, 1000.0,    2.0,  998.0,  0.79,  0.00,  0.79,  0.0,  0.0,  0.0
1036787.13397480, 44843.329853, 1000.0,    2.0,  998.0,  0.79,  0.00,  0.79,  0.0,  0.0,  0.0
1036787.13647480, 44843.992822, 1000.0,    2.0,  998.0,  0.79,  0.00,  0.79,  0.0,  0.0,  0.0
1036787.13897480, 44841.980757, 1000.0,    2.0,  998.0,  0.79,  0.00,  0.79,  0.0,  0.0,  0.0
1036787.14147480, 44841.059294, 1000.0,    2.0,  998.0,  0.79,  0.00,  0.79,  0.0,  0.0,  0.0
1036787.14397480, 44840.489352, 1000.0,    2.0,  998.0,  0.79,  0.00,  0.79,  0.0,  0.0,  0.0
1036787.14647480, 44841.343530, 1000.0,    2.0,  998.0,  0.79,  0.00,  0.79,  0.0,  0.0,  0.0
1036787.14897480, 44843.491555, 1000.0,    2.0,  998.0,  0.79,  0.00,  0.79,  0.0,  0.0,  0.0
1036787.15147480, 44843.965525, 1000.0,    2.0,  998.0,  0.79,  0.00,  0.79,  0.0,  0.0,  0.0
1036787.15397480, 44844.554994, 1000.0,    2.0,  998.0,  0.79,  0.00,  0.79,  0.0,  0.0,  0.0
1036787.15647480, 44843.368086, 1000.0,    2.0,  998.0,  0.79,  0.00,  0.79,  0.0,  0.0,  0.0
1036787.15897480, 44841.894733, 1000.0,    2.0,  998.0,  0.79,  0.00,  0.79,  0.0,  0.0,  0.0
1036787.16147480, 44841.106702, 1000.0,    2.0,  998.0,  0.79,  0.00,  0.79,  0.0,  0.0,  0.0
1036787.16397480, 44840.901045, 1000.0,    2.0,  998.0,  0.79,  0.00,  0.79,  0.0,  0.0,  0.0
1036787.16647480, 44840.990537, 1000.0,    2.0,  998.0,  0.79,  0.00,  0.79,  0.0,  0.0,  0.0
1036787.16897480, 44841.394177, 1000.0,    2.0,  998.0,  0.79,  0.00,  0.79,  0.0,  0.0,  0.0
1036787.17147480, 44841.802141, 1000.0,    2.0,  998.0,  0.79,  0.00,  0.79,  0.0,  0.0,  0.0
1036787.17397480, 44842.210105, 1000.0,    2.0,  998.0,  0.79,  0.00,  0.79,  0.0,  0.0,  0.0
1036787.17647480, 44842.429014, 1000.0,    2.0,  998.0,  0.79,  0.00,  0.79,  0.0,  0.0,  0.0
1036787.17897480, 44841.740505, 1000.0,    2.0,  998.0,  0.79,  0.00,  0.79,  0.0,  0.0,  0.0
1036787.18147480, 44840.616254, 1000.0,    2.0,  998.0,  0.79,  0.00,  0.79,  0.0,  0.0,  0.0
1036787.18397480, 44840.221567, 1000.0,    2.0,  998.0,  0.79,  0.00,  0.79,  0.0,  0.0,  0.0
1036787.18647480, 44840.873170, 1000.0,    2.0,  998.0,  0.79,  0.00,  0.79,  0.0,  0.0,  0.0
1036787.18897480, 44842.029125, 1000.0,    2.0,  998.0,  0.79,  0.00,  0.79,  0.0,  0.0,  0.0
1036787.19147480, 44843.102560, 1000.0,    2.0,  998.0,  0.79,  0.00,  0.79,  0.0,  0.0,  0.0
1036787.19397480, 44844.069816, 1000.0,    2.0,  998.0,  0.79,  0.00,  0.79,  0.0,  0.0,  0.0
1036787.19647480, 44844.650838, 1000.0,    2.0,  998.0,  0.79,  0.00,  0.79,  0.0,  0.0,  0.0
1036787.19897480, 44842.308394, 1000.0,    2.0,  998.0,  0.79,  0.00,  0.79,  0.0,  0.0,  0.0
1036787.20147480, 44840.828711, 1000.0,    2.0,  998.0,  0.79,  0.00,  0.79,  0.0,  0.0,  0.0
1036787.20397480, 44840.371082, 1000.0,    2.0,  998.0,  0.79,  0.00,  0.79,  0.0,  0.0,  0.0
1036787.20647480, 44841.632625, 1000.0,    2.0,  998.0,  0.79,  0.00,  0.79,  0.0,  0.0,  0.0
1036787.20897480, 44843.503915, 1000.0,    2.0,  998.0,  0.79,  0.00,  0.79,  0.0,  0.0,  0.0
1036787.21147480, 44844.643040, 1000.0,    2.0,  998.0,  0.79,  0.00,  0.79,  0.0,  0.0,  0.0
1036787.21397480, 44844.389220, 1000.0,    2.0,  998.0,  0.79,  0.00,  0.79,  0.0,  0.0,  0.0
1036787.21647480, 44844.218604, 1000.0,    2.0,  998.0,  0.79,  0.00,  0.79,  0.0,  0.0,  0.0
1036787.21897480, 44843.649060, 1000.0,    2.0,  998.0,  0.79,  0.00,  0.79,  0.0,  0.0,  0.0
1036787.22147480, 44843.079516, 1000.0,    2.0,  998.0,  0.79,  0.00,  0.79,  0.0,  0.0,  0.0
1036787.22397480, 44842.509971, 1000.0,    2.0,  998.0,  0.79,  0.00,  0.79,  0.0,  0.0,  0.0
1036787.22647480, 44842.379547, 1000.0,    2.0,  998.0,  0.79,  0.00,  0.79,  0.0,  0.0,  0.0
1036787.22897480, 44843.630916, 1000.0,    2.0,  998.0,  0.79,  0.00,  0.79,  0.0,  0.0,  0.0
1036787.23147480, 44843.941201, 1000.0,    2.0,  998.0,  0.79,  0.00,  0.79,  0.0,  0.0,  0.0
1036787.23397480, 44843.945170, 1000.0,    2.0,  998.0,  0.79,  0.00,  0.79,  0.0,  0.0,  0.0
1036787.23647480, 44843.957753, 1000.0,    2.0,  998.0,  0.79,  0.00,  0.79,  0.0,  0.0,  0.0
1036787.23897480, 44841.625085, 1000.0,    2.0,  998.0,  0.79,  0.00,  0.79,  0.0,  0.0,  0.0
1036787.24147480, 44840.061122, 1000.0,    2.0,  998.0,  0.79,  0.00,  0.79,  0.0,  0.0,  0.0
1036787.24397480, 44839.838135, 1000.0,    2.0,  998.0,  0.79,  0.00,  0.79,  0.0,  0.0,  0.0
1036787.24647480, 44840.467673, 1000.0,    2.0,  998.0,  0.79,  0.00,  0.79,  0.0,  0.0,  0.0
1036787.24897480, 44841.445097, 1000.0,    2.0,  998.0,  0.79,  0.00,  0.79,  0.0,  0.0,  0.0
1036787.25147480, 44844.530702, 1000.0,    2.0,  998.0,  0.79,  0.00,  0.79,  0.0,  0.0,  0.0
1036787.25397480, 44845.143623, 1000.0,    2.0,  998.0,  0.79,  0.00,  0.79,  0.0,  0.0,  0.0
1036787.25647480, 44844.855672, 1000.0,    2.0,  998.0,  0.79,  0.00,  0.79,  0.0,  0.0,  0.0
1036787.25897480, 44844.425698, 1000.0,    2.0,  998.0,  0.79,  0.00,  0.79,  0.0,  0.0,  0.0
1036787.26147480, 44841.398064, 1000.0,    2.0,  998.0,  0.79,  0.00,  0.79,  0.0,  0.0,  0.0
1036787.26397480, 44840.693229, 1000.0,    2.0,  998.0,  0.79,  0.00,  0.79,  0.0,  0.0,  0.0
1036787.26647480, 44840.808793, 1000.0,    2.0,  998.0,  0.79,  0.00,  0.79,  0.0,  0.0,  0.0
1036787.26897480, 44841.836925, 1000.0,    2.0,  998.0,  0.79,  0.00,  0.79,  0.0,  0.0,  0.0
1036787.27147480, 44844.649878, 1000.0,    2.0,  998.0,  0.79,  0.00,  0.79,  0.0,  0.0,  0.0
1036787.27397480, 44844.407797, 1000.0,    2.0,  998.0,  0.79,  0.00,  0.79,  0.0,  0.0,  0.0
1036787.27647480, 44844.083760, 1000.0,    2.0,  998.0,  0.79,  0.00,  0.79,  0.0,  0.0,  0.0
1036787.27897480, 44842.448096, 1000.0,    2.0,  998.0,  0.79,  0.00,  0.79,  0.0,  0.0,  0.0
1036787.28147480, 44841.601554, 1000.0,    2.0,  998.0,  0.79,  0.00,  0.79,  0.0,  0.0,  0.0
1036787.28397480, 44840.755013, 1000.0,    2.0,  998.0,  0.79,  0.00,  0.79,  0.0,  0.0,  0.0
1036787.28647480, 44840.731537, 1000.0,    2.0,  998.0,  0.79,  0.00,  0.79,  0.0,  0.0,  0.0
1036787.28897480, 44843.345777, 1000.0,    2.0,  998.0,  0.79,  0.00,  0.79,  0.0,  0.0,  0.0
1036787.29147480, 44844.507466, 1000.0,    2.0,  998.0,  0.79,  0.00,  0.79,  0.0,  0.0,  0.0
1036787.29397480, 44844.482495, 1000.0,    2.0,  998.0,  0.79,  0.00,  0.79,  0.0,  0.0,  0.0
1036787.29647480, 44844.298707, 1000.0,    2.0,  998.0,  0.79,  0.00,  0.79,  0.0,  0.0,  0.0
1036787.29897480, 44843.578335, 1000.0,    2.0,  998.0,  0.79,  0.00,  0.79,  0.0,  0.0,  0.0
1036787.30147480, 44840.735196, 1000.0,    2.0,  998.0,  0.79,  0.00,  0.79,  0.0,  0.0,  0.0
1036787.30397480, 44840.543706, 1000.0,    2.0,  998.0,  0.79,  0.00,  0.79,  0.0,  0.0,  0.0
1036787.30647480, 44841.019479, 1000.0,    2.0,  998.0,  0.79,  0.00,  0.79,  0.0,  0.0,  0.0
1036787.30897480, 44841.761305, 1000.0,    2.0,  998.0,  0.79,  0.00,  0.79,  0.0,  0.0,  0.0
1036787.31147480, 44843.930751, 1000.0,    2.0,  998.0,  0.79,  0.00,  0.79,  0.0,  0.0,  0.0
1036787.31397480, 44844.369211, 1000.0,    2.0,  998.0,  0.79,  0.00,  0.79,  0.0,  0.0,  0.0
1036787.31647480, 44844.773064, 1000.0,    2.0,  998.0,  0.79,  0.00,  0.79,  0.0,  0.0,  0.0
1036787.31897480, 44844.606783, 1000.0,    2.0,  998.0,  0.79,  0.00,  0.79,  0.0,  0.0,  0.0
1036787.32397480, 44840.744350, 1000.0,    2.0,  998.0,  0.79,  0.00,  0.79,  0.0,  0.0,  0.0
1036787.32647480, 44840.621006, 1000.0,    2.0,  998.0,  0.79,  0.00,  0.79,  0.0,  0.0,  0.0
1036787.32897480, 44842.007968, 1000.0,    2.0,  998.0,  0.79,  0.00,  0.79,  0.0,  0.0,  0.0
1036787.33147480, 44844.294427, 1000.0,    2.0,  998.0,  0.79,  0.00,  0.79,  0.0,  0.0,  0.0
1036787.33397480, 44844.178061, 1000.0,    2.0,  998.0,  0.79,  0.00,  0.79,  0.0,  0.0,  0.0
1036787.33647480, 44842.726866, 1000.0,    2.0,  998.0,  0.79,  0.00,  0.79,  0.0,  0.0,  0.0
1036787.33897480, 44842.113072, 1000.0,    2.0,  998.0,  0.79,  0.00,  0.79,  0.0,  0.0,  0.0
1036787.34147480, 44840.410402, 1000.0,    2.0,  998.0,  0.79,  0.00,  0.79,  0.0,  0.0,  0.0
1036787.34397480, 44840.178957, 1000.0,    2.0,  998.0,  0.79,  0.00,  0.79,  0.0,  0.0,  0.0
1036787.34647480, 44840.570422, 1000.0,    2.0,  998.0,  0.79,  0.00,  0.79,  0.0,  0.0,  0.0
1036787.34897480, 44841.461717, 1000.0,    2.0,  998.0,  0.79,  0.00,  0.79,  0.0,  0.0,  0.0
1036787.35147480, 44843.626635, 1000.0,    2.0,  998.0,  0.79,  0.00,  0.79,  0.0,  0.0,  0.0
1036787.35397480, 44844.128449, 1000.0,    2.0,  998.0,  0.79,  0.00,  0.79,  0.0,  0.0,  0.0
1036787.35647480, 44844.049326, 1000.0,    2.0,  998.0,  0.79,  0.00,  0.79,  0.0,  0.0,  0.0
1036787.35897480, 44843.970202, 1000.0,    2.0,  998.0,  0.79,  0.00,  0.79,  0.0,  0.0,  0.0
1036787.36147480, 44843.371095, 1000.0,    2.0,  998.0,  0.79,  0.00,  0.79,  0.0,  0.0,  0.0
1036787.36397480, 44841.012538, 1000.0,    2.0,  998.0,  0.79,  0.00,  0.79,  0.0,  0.0,  0.0
1036787.36647480, 44841.644168, 1000.0,    2.0,  998.0,  0.79,  0.00,  0.79,  0.0,  0.0,  0.0
1036787.36897480, 44843.190332, 1000.0,    2.0,  998.0,  0.79,  0.00,  0.79,  0.0,  0.0,  0.0
1036787.37147480, 44843.961088, 1000.0,    2.0,  998.0,  0.79,  0.00,  0.79,  0.0,  0.0,  0.0
1036787.37397480, 44844.208471, 1000.0,    2.0,  998.0,  0.79,  0.00,  0.79,  0.0,  0.0,  0.0
1036787.37647480, 44843.895541, 1000.0,    2.0,  998.0,  0.79,  0.00,  0.79,  0.0,  0.0,  0.0
1036787.37897480, 44843.283680, 1000.0,    2.0,  998.0,  0.79,  0.00,  0.79,  0.0,  0.0,  0.0
1036787.38147480, 44842.671819, 1000.0,    2.0,  998.0,  0.79,  0.00,  0.79,  0.0,  0.0,  0.0
1036787.38397480, 44842.033089, 1000.0,    2.0,  998.0,  0.79,  0.00,  0.79,  0.0,  0.0,  0.0
1036787.38647480, 44841.330602, 1000.0,    2.0,  998.0,  0.79,  0.00,  0.79,  0.0,  0.0,  0.0
1036787.38897480, 44842.171532, 1000.0,    2.0,  998.0,  0.79,  0.00,  0.79,  0.0,  0.0,  0.0
1036787.39147480, 44843.833058, 1000.0,    2.0,  998.0,  0.79,  0.00,  0.79,  0.0,  0.0,  0.0
1036787.39397480, 44844.781569, 1000.0,    2.0,  998.0,  0.79,  0.00,  0.79,  0.0,  0.0,  0.0
1036787.39647480, 44843.986074, 1000.0,    2.0,  998.0,  0.79,  0.00,  0.79,  0.0,  0.0,  0.0
1036787.39897480, 44842.082453, 1000.0,    2.0,  998.0,  0.79,  0.00,  0.79,  0.0,  0.0,  0.0
1036787.40147480, 44840.642240, 1000.0,    2.0,  998.0,  0.79,  0.00,  0.79,  0.0,  0.0,  0.0
1036787.40397480, 44840.056033, 1000.0,    2.0,  998.0,  0.79,  0.00,  0.79,  0.0,  0.0,  0.0
1036787.40647480, 44840.783331, 1000.0,    2.0,  998.0,  0.79,  0.00,  0.79,  0.0,  0.0,  0.0
1036787.40897480, 44841.318077, 1000.0,    2.0,  998.0,  0.79,  0.00,  0.79,  0.0,  0.0,  0.0
1036787.41147480, 44841.852824, 1000.0,    2.0,  998.0,  0.79,  0.00,  0.79,  0.0,  0.0,  0.0
1036787.41397480, 44842.624848, 1000.0,    2.0,  998.0,  0.79,  0.00,  0.79,  0.0,  0.0,  0.0
1036787.41647480, 44843.876753, 1000.0,    2.0,  998.0,  0.79,  0.00,  0.79,  0.0,  0.0,  0.0
1036787.41897480, 44842.287211, 1000.0,    2.0,  998.0,  0.79,  0.00,  0.79,  0.0,  0.0,  0.0
1036787.42147480, 44840.641901, 1000.0,    2.0,  998.0,  0.79,  0.00,  0.79,  0.0,  0.0,  0.0
1036787.42397480, 44840.030856, 1000.0,    2.0,  998.0,  0.79,  0.00,  0.79,  0.0,  0.0,  0.0
1036787.42647480, 44840.204312, 1000.0,    2.0,  998.0,  0.79,  0.00,  0.79,  0.0,  0.0,  0.0
1036787.42897480, 44840.377769, 1000.0,    2.0,  998.0,  0.79,  0.00,  0.79,  0.0,  0.0,  0.0
1036787.43147480, 44841.389764, 1000.0,    2.0,  998.0,  0.79,  0.00,  0.79,  0.0,  0.0,  0.0
1036787.43397480, 44844.898933, 1000.0,    2.0,  998.0,  0.79,  0.00,  0.79,  0.0,  0.0,  0.0
1036787.43647480, 44844.198850, 1000.0,    2.0,  998.0,  0.79,  0.00,  0.79,  0.0,  0.0,  0.0
1036787.43897480, 44843.365548, 1000.0,    2.0,  998.0,  0.79,  0.00,  0.79,  0.0,  0.0,  0.0
1036787.44147480, 44842.532246, 1000.0,    2.0,  998.0,  0.79,  0.00,  0.79,  0.0,  0.0,  0.0
1036787.44397480, 44841.694316, 1000.0,    2.0,  998.0,  0.79,  0.00,  0.79,  0.0,  0.0,  0.0
1036787.44647480, 44840.852766, 1000.0,    2.0,  998.0,  0.79,  0.00,  0.79,  0.0,  0.0,  0.0
1036787.44897480, 44841.362913, 1000.0,    2.0,  998.0,  0.79,  0.00,  0.79,  0.0,  0.0,  0.0
1036787.45397480, 44843.149401, 1000.0,    2.0,  998.0,  0.79,  0.00,  0.79,  0.0,  0.0,  0.0
1036787.45647480, 44844.068626, 1000.0,    2.0,  998.0,  0.79,  0.00,  0.79,  0.0,  0.0,  0.0
1036787.45897480, 44842.550986, 1000.0,    2.0,  998.0,  0.79,  0.00,  0.79,  0.0,  0.0,  0.0
1036787.46147480, 44840.621515, 1000.0,    2.0,  998.0,  0.79,  0.00,  0.79,  0.0,  0.0,  0.0
1036787.46397480, 44840.497837, 1000.0,    2.0,  998.0,  0.79,  0.00,  0.79,  0.0,  0.0,  0.0
1036787.46647480, 44841.186645, 1000.0,    2.0,  998.0,  0.79,  0.00,  0.79,  0.0,  0.0,  0.0
1036787.46897480, 44841.956602, 1000.0,    2.0,  998.0,  0.79,  0.00,  0.79,  0.0,  0.0,  0.0
1036787.47147480, 44842.726559, 1000.0,    2.0,  998.0,  0.79,  0.00,  0.79,  0.0,  0.0,  0.0
1036787.47397480, 44843.632683, 1000.0,    2.0,  998.0,  0.79,  0.00,  0.79,  0.0,  0.0,  0.0
1036787.47647480, 44843.115034, 1000.0,    2.0,  998.0,  0.79,  0.00,  0.79,  0.0,  0.0,  0.0
1036787.47897480, 44842.615540, 1000.0,    2.0,  998.0,  0.79,  0.00,  0.79,  0.0,  0.0,  0.0
1036787.48147480, 44841.483542, 1000.0,    2.0,  998.0,  0.79,  0.00,  0.79,  0.0,  0.0,  0.0
1036787.48397480, 44840.260288, 1000.0,    2.0,  998.0,  0.79,  0.00,  0.79,  0.0,  0.0,  0.0
1036787.48647480, 44840.592232, 1000.0,    2.0,  998.0,  0.79,  0.00,  0.79,  0.0,  0.0,  0.0
1036787.48897480, 44841.493926, 1000.0,    2.0,  998.0,  0.79,  0.00,  0.79,  0.0,  0.0,  0.0
1036787.49147480, 44844.324843, 1000.0,    2.0,  998.0,  0.79,  0.00,  0.79,  0.0,  0.0,  0.0
1036787.49397480, 44844.549687, 1000.0,    2.0,  998.0,  0.79,  0.00,  0.79,  0.0,  0.0,  0.0
1036787.49647480, 44844.774532, 1000.0,    2.0,  998.0,  0.79,  0.00,  0.79,  0.0,  0.0,  0.0
1036787.49897480, 44843.530994, 1000.0,    2.0,  998.0,  0.79,  0.00,  0.79,  0.0,  0.0,  0.0
1036787.50147480, 44840.261305, 1000.0,    2.0,  998.0,  0.79,  0.00,  0.79,  0.0,  0.0,  0.0
1036787.50397480, 44840.013839, 1000.0,    2.0,  998.0,  0.79,  0.00,  0.79,  0.0,  0.0,  0.0
1036787.50647480, 44840.343922, 1000.0,    2.0,  998.0,  0.79,  0.00,  0.79,  0.0,  0.0,  0.0
1036787.50897480, 44840.674005, 1000.0,    2.0,  998.0,  0.79,  0.00,  0.79,  0.0,  0.0,  0.0
1036787.51147480, 44843.095767, 1000.0,    2.0,  998.0,  0.79,  0.00,  0.79,  0.0,  0.0,  0.0
1036787.51397480, 44844.604031, 1000.0,    2.0,  998.0,  0.79,  0.00,  0.79,  0.0,  0.0,  0.0
1036787.51647480, 44843.899777, 1000.0,    2.0,  998.0,  0.79,  0.00,  0.79,  0.0,  0.0,  0.0
1036787.51897480, 44841.834276, 1000.0,    2.0,  998.0,  0.79,  0.00,  0.79,  0.0,  0.0,  0.0
1036787.52147480, 44840.468213, 1000.0,    2.0,  998.0,  0.79,  0.00,  0.79,  0.0,  0.0,  0.0
1036787.52397480, 44840.480349, 1000.0,    2.0,  998.0,  0.79,  0.00,  0.79,  0.0,  0.0,  0.0
1036787.52647480, 44841.261702, 1000.0,    2.0,  998.0,  0.79,  0.00,  0.79,  0.0,  0.0,  0.0
1036787.52897480, 44843.337570, 1000.0,    2.0,  998.0,  0.79,  0.00,  0.79,  0.0,  0.0,  0.0
1036787.53147480, 44844.666166, 1000.0,    2.0,  998.0,  0.79,  0.00,  0.79,  0.0,  0.0,  0.0
1036787.53397480, 44844.775084, 1000.0,    2.0,  998.0,  0.79,  0.00,  0.79,  0.0,  0.0,  0.0
1036787.53647480, 44844.371997, 1000.0,    2.0,  998.0,  0.79,  0.00,  0.79,  0.0,  0.0,  0.0
1036787.53897480, 44841.841075, 1000.0,    2.0,  998.0,  0.79,  0.00,  0.79,  0.0,  0.0,  0.0
1036787.54147480, 44840.521091, 1000.0,    2.0,  998.0,  0.79,  0.00,  0.79,  0.0,  0.0,  0.0
1036787.54397480, 44840.473246, 1000.0,    2.0,  998.0,  0.79,  0.00,  0.79,  0.0,  0.0,  0.0
1036787.54647480, 44840.425402, 1000.0,    2.0,  998.0,  0.79,  0.00,  0.79,  0.0,  0.0,  0.0
1036787.54897480, 44840.377557, 1000.0,    2.0,  998.0,  0.79,  0.00,  0.79,  0.0,  0.0,  0.0
1036787.55147480, 44841.660314, 1000.0,    2.0,  998.0,  0.79,  0.00,  0.79,  0.0,  0.0,  0.0
1036787.55397480, 44843.729781, 1000.0,    2.0,  998.0,  0.79,  0.00,  0.79,  0.0,  0.0,  0.0
1036787.55647480, 44843.606546, 1000.0,    2.0,  998.0,  0.79,  0.00,  0.79,  0.0,  0.0,  0.0
1036787.55897480, 44842.503700, 1000.0,    2.0,  998.0,  0.79,  0.00,  0.79,  0.0,  0.0,  0.0
1036787.56147480, 44840.363114, 1000.0,    2.0,  998.0,  0.79,  0.00,  0.79,  0.0,  0.0,  0.0
1036787.56397480, 44840.090040, 1000.0,    2.0,  998.0,  0.79,  0.00,  0.79,  0.0,  0.0,  0.0
1036787.56647480, 44839.816966, 1000.0,    2.0,  998.0,  0.79,  0.00,  0.79,  0.0,  0.0,  0.0
1036787.56897480, 44840.330776, 1000.0,    2.0,  998.0,  0.79,  0.00,  0.79,  0.0,  0.0,  0.0
1036787.57147480, 44844.050724, 1000.0,    2.0,  998.0,  0.79,  0.00,  0.79,  0.0,  0.0,  0.0
1036787.57397480, 44844.564969, 1000.0,    2.0,  998.0,  0.79,  0.00,  0.79,  0.0,  0.0,  0.0
1036787.57647480, 44844.253822, 1000.0,    2.0,  998.0,  0.79,  0.00,  0.79,  0.0,  0.0,  0.0
1036787.57897480, 44842.615913, 1000.0,    2.0,  998.0,  0.79,  0.00,  0.79,  0.0,  0.0,  0.0
1036787.58147480, 44840.323705, 1000.0,    2.0,  998.0,  0.79,  0.00,  0.79,  0.0,  0.0,  0.0
1036787.58397480, 44840.614352, 1000.0,    2.0,  998.0,  0.79,  0.00,  0.79,  0.0,  0.0,  0.0
1036787.58647480, 44842.071829, 1000.0,    2.0,  998.0,  0.79,  0.00,  0.79,  0.0,  0.0,  0.0
1036787.58897480, 44842.421247, 1000.0,    2.0,  998.0,  0.79,  0.00,  0.79,  0.0,  0.0,  0.0
1036787.59147480, 44843.941303, 1000.0,    2.0,  998.0,  0.79,  0.00,  0.79,  0.0,  0.0,  0.0
1036787.59397480, 44844.507432, 1000.0,    2.0,  998.0,  0.79,  0.00,  0.79,  0.0,  0.0,  0.0
1036787.59647480, 44843.461571, 1000.0,    2.0,  998.0,  0.79,  0.00,  0.79,  0.0,  0.0,  0.0
1036787.59897480, 44841.393241, 1000.0,    2.0,  998.0,  0.79,  0.00,  0.79,  0.0,  0.0,  0.0
1036787.60147480, 44840.681949, 1000.0,    2.0,  998.0,  0.79,  0.00,  0.79,  0.0,  0.0,  0.0
1036787.60397480, 44840.469433, 1000.0,    2.0,  998.0,  0.79,  0.00,  0.79,  0.0,  0.0,  0.0
1036787.60647480, 44840.656193, 1000.0,    2.0,  998.0,  0.79,  0.00,  0.79,  0.0,  0.0,  0.0
1036787.60897480, 44843.071504, 1000.0,    2.0,  998.0,  0.79,  0.00,  0.79,  0.0,  0.0,  0.0
1036787.61147480, 44844.407948, 1000.0,    2.0,  998.0,  0.79,  0.00,  0.79,  0.0,  0.0,  0.0
1036787.61397480, 44844.380476, 1000.0,    2.0,  998.0,  0.79,  0.00,  0.79,  0.0,  0.0,  0.0
1036787.61647480, 44844.137563, 1000.0,    2.0,  998.0,  0.79,  0.00,  0.79,  0.0,  0.0,  0.0
1036787.61897480, 44842.409585, 1000.0,    2.0,  998.0,  0.79,  0.00,  0.79,  0.0,  0.0,  0.0
1036787.62147480, 44840.333258, 1000.0,    2.0,  998.0,  0.79,  0.00,  0.79,  0.0,  0.0,  0.0
1036787.62397480, 44840.010628, 1000.0,    2.0,  998.0,  0.79,  0.00,  0.79,  0.0,  0.0,  0.0
1036787.62647480, 44840.993686, 1000.0,    2.0,  998.0,  0.79,  0.00,  0.79,  0.0,  0.0,  0.0
1036787.62897480, 44842.327642, 1000.0,    2.0,  998.0,  0.79,  0.00,  0.79,  0.0,  0.0,  0.0
1036787.63147480, 44843.785119, 1000.0,    2.0,  998.0,  0.79,  0.00,  0.79,  0.0,  0.0,  0.0
1036787.63397480, 44844.363933, 1000.0,    2.0,  998.0,  0.79,  0.00,  0.79,  0.0,  0.0,  0.0
1036787.63647480, 44843.686824, 1000.0,    2.0,  998.0,  0.79,  0.00,  0.79,  0.0,  0.0,  0.0
1036787.63897480, 44843.026009, 1000.0,    2.0,  998.0,  0.79,  0.00,  0.79,  0.0,  0.0,  0.0
1036787.64147480, 44842.365194, 1000.0,    2.0,  998.0,  0.79,  0.00,  0.79,  0.0,  0.0,  0.0
1036787.64397480, 44841.720219, 1000.0,    2.0,  998.0,  0.79,  0.00,  0.79,  0.0,  0.0,  0.0
1036787.64647480, 44841.077458, 1000.0,    2.0,  998.0,  0.79,  0.00,  0.79,  0.0,  0.0,  0.0
1036787.64897480, 44841.800775, 1000.0,    2.0,  998.0,  0.79,  0.00,  0.79,  0.0,  0.0,  0.0
1036787.65147480, 44843.634207, 1000.0,    2.0,  998.0,  0.79,  0.00,  0.79,  0.0,  0.0,  0.0
1036787.65397480, 44844.473597, 1000.0,    2.0,  998.0,  0.79,  0.00,  0.79,  0.0,  0.0,  0.0
1036787.65647480, 44843.729583, 1000.0,    2.0,  998.0,  0.79,  0.00,  0.79,  0.0,  0.0,  0.0
1036787.65897480, 44842.184716, 1000.0,    2.0,  998.0,  0.79,  0.00,  0.79,  0.0,  0.0,  0.0
1036787.66147480, 44840.244499, 1000.0,    2.0,  998.0,  0.79,  0.00,  0.79,  0.0,  0.0,  0.0
1036787.66397480, 44840.159939, 1000.0,    2.0,  998.0,  0.79,  0.00,  0.79,  0.0,  0.0,  0.0
1036787.66647480, 44840.646303, 1000.0,    2.0,  998.0,  0.79,  0.00,  0.79,  0.0,  0.0,  0.0
1036787.66897480, 44842.680105, 1000.0,    2.0,  998.0,  0.79,  0.00,  0.79,  0.0,  0.0,  0.0
1036787.67147480, 44844.176398, 1000.0,    2.0,  998.0,  0.79,  0.00,  0.79,  0.0,  0.0,  0.0
1036787.67397480, 44844.798951, 1000.0,    2.0,  998.0,  0.79,  0.00,  0.79,  0.0,  0.0,  0.0
1036787.67647480, 44844.203476, 1000.0,    2.0,  998.0,  0.79,  0.00,  0.79,  0.0,  0.0,  0.0
1036787.67897480, 44843.298644, 1000.0,    2.0,  998.0,  0.79,  0.00,  0.79,  0.0,  0.0,  0.0
1036787.68147480, 44842.379558, 1000.0,    2.0,  998.0,  0.79,  0.00,  0.79,  0.0,  0.0,  0.0
1036787.68397480, 44840.781431, 1000.0,    2.0,  998.0,  0.79,  0.00,  0.79,  0.0,  0.0,  0.0
1036787.68647480, 44840.940946, 1000.0,    2.0,  998.0,  0.79,  0.00,  0.79,  0.0,  0.0,  0.0
1036787.68897480, 44841.941894, 1000.0,    2.0,  998.0,  0.79,  0.00,  0.79,  0.0,  0.0,  0.0
1036787.69147480, 44842.804825, 1000.0,    2.0,  998.0,  0.79,  0.00,  0.79,  0.0,  0.0,  0.0
1036787.69397480, 44845.126417, 1000.0,    2.0,  998.0,  0.79,  0.00,  0.79,  0.0,  0.0,  0.0
1036787.69647480, 44843.927918, 1000.0,    2.0,  998.0,  0.79,  0.00,  0.79,  0.0,  0.0,  0.0
1036787.69897480, 44843.060317, 1000.0,    2.0,  998.0,  0.79,  0.00,  0.79,  0.0,  0.0,  0.0
1036787.70147480, 44842.044217, 1000.0,    2.0,  998.0,  0.79,  0.00,  0.79,  0.0,  0.0,  0.0
1036787.70397480, 44840.722711, 1000.0,    2.0,  998.0,  0.79,  0.00,  0.79,  0.0,  0.0,  0.0
1036787.70647480, 44840.727357, 1000.0,    2.0,  998.0,  0.79,  0.00,  0.79,  0.0,  0.0,  0.0
1036787.70897480, 44842.518319, 1000.0,    2.0,  998.0,  0.79,  0.00,  0.79,  0.0,  0.0,  0.0
1036787.71147480, 44844.260565, 1000.0,    2.0,  998.0,  0.79,  0.00,  0.79,  0.0,  0.0,  0.0
1036787.71397480, 44845.056778, 1000.0,    2.0,  998.0,  0.79,  0.00,  0.79,  0.0,  0.0,  0.0
1036787.71647480, 44843.663439, 1000.0,    2.0,  998.0,  0.79,  0.00,  0.79,  0.0,  0.0,  0.0
1036787.71897480, 44842.336110, 1000.0,    2.0,  998.0,  0.79,  0.00,  0.79,  0.0,  0.0,  0.0
1036787.72147480, 44841.703626, 1000.0,    2.0,  998.0,  0.79,  0.00,  0.79,  0.0,  0.0,  0.0
1036787.72397480, 44841.071143, 1000.0,    2.0,  998.0,  0.79,  0.00,  0.79,  0.0,  0.0,  0.0
1036787.72647480, 44841.227555, 1000.0,    2.0,  998.0,  0.79,  0.00,  0.79,  0.0,  0.0,  0.0
1036787.72897480, 44843.046339, 1000.0,    2.0,  998.0,  0.79,  0.00,  0.79,  0.0,  0.0,  0.0
1036787.73147480, 44844.378483, 1000.0,    2.0,  998.0,  0.79,  0.00,  0.79,  0.0,  0.0,  0.0
1036787.73397480, 44844.636478, 1000.0,    2.0,  998.0,  0.79,  0.00,  0.79,  0.0,  0.0,  0.0
1036787.73647480, 44844.894473, 1000.0,    2.0,  998.0,  0.79,  0.00,  0.79,  0.0,  0.0,  0.0
1036787.73897480, 44843.000595, 1000.0,    2.0,  998.0,  0.79,  0.00,  0.79,  0.0,  0.0,  0.0
1036787.74147480, 44840.872782, 1000.0,    2.0,  998.0,  0.79,  0.00,  0.79,  0.0,  0.0,  0.0
1036787.74397480, 44840.559443, 1000.0,    2.0,  998.0,  0.79,  0.00,  0.79,  0.0,  0.0,  0.0
1036787.74647480, 44841.188380, 1000.0,    2.0,  998.0,  0.79,  0.00,  0.79,  0.0,  0.0,  0.0
1036787.74897480, 44842.021531, 1000.0,    2.0,  998.0,  0.79,  0.00,  0.79,  0.0,  0.0,  0.0
1036787.75147480, 44842.863904, 1000.0,    2.0,  998.0,  0.79,  0.00,  0.79,  0.0,  0.0,  0.0
1036787.75397480, 44843.724311, 1000.0,    2.0,  998.0,  0.79,  0.00,  0.79,  0.0,  0.0,  0.0
1036787.75647480, 44844.584718, 1000.0,    2.0,  998.0,  0.79,  0.00,  0.79,  0.0,  0.0,  0.0
1036787.75897480, 44843.640957, 1000.0,    2.0,  998.0,  0.79,  0.00,  0.79,  0.0,  0.0,  0.0
1036787.76147480, 44842.256255, 1000.0,    2.0,  998.0,  0.79,  0.00,  0.79,  0.0,  0.0,  0.0
1036787.76397480, 44840.871554, 1000.0,    2.0,  998.0,  0.79,  0.00,  0.79,  0.0,  0.0,  0.0
1036787.76647480, 44841.396266, 1000.0,    2.0,  998.0,  0.79,  0.00,  0.79,  0.0,  0.0,  0.0
1036787.76897480, 44843.285355, 1000.0,    2.0,  998.0,  0.79,  0.00,  0.79,  0.0,  0.0,  0.0
1036787.77147480, 44844.428550, 1000.0,    2.0,  998.0,  0.79,  0.00,  0.79,  0.0,  0.0,  0.0
1036787.77397480, 44844.959273, 1000.0,    2.0,  998.0,  0.79,  0.00,  0.79,  0.0,  0.0,  0.0
1036787.77647480, 44844.156770, 1000.0,    2.0,  998.0,  0.79,  0.00,  0.79,  0.0,  0.0,  0.0
1036787.77897480, 44841.875627, 1000.0,    2.0,  998.0,  0.79,  0.00,  0.79,  0.0,  0.0,  0.0
1036787.78147480, 44840.025307, 1000.0,    2.0,  998.0,  0.79,  0.00,  0.79,  0.0,  0.0,  0.0
1036787.78397480, 44840.238381, 1000.0,    2.0,  998.0,  0.79,  0.00,  0.79,  0.0,  0.0,  0.0
1036787.78647480, 44840.423924, 1000.0,    2.0,  998.0,  0.79,  0.00,  0.79,  0.0,  0.0,  0.0
1036787.78897480, 44840.423924, 1000.0,    2.0,  998.0,  0.79,  0.00,  0.79,  0.0,  0.0,  0.0
1036787.79147480, 44842.939905, 1000.0,    2.0,  998.0,  0.79,  0.00,  0.79,  0.0,  0.0,  0.0
1036787.79397480, 44844.415385, 1000.0,    2.0,  998.0,  0.79,  0.00,  0.79,  0.0,  0.0,  0.0
1036787.79647480, 44844.112253, 1000.0,    2.0,  998.0,  0.79,  0.00,  0.79,  0.0,  0.0,  0.0
1036787.79897480, 44843.335782, 1000.0,    2.0,  998.0,  0.79,  0.00,  0.79,  0.0,  0.0,  0.0
1036787.80147480, 44842.532646, 1000.0,    2.0,  998.0,  0.79,  0.00,  0.79,  0.0,  0.0,  0.0
1036787.80397480, 44841.504783, 1000.0,    2.0,  998.0,  0.79,  0.00,  0.79,  0.0,  0.0,  0.0
1036787.80647480, 44840.882538, 1000.0,    2.0,  998.0,  0.79,  0.00,  0.79,  0.0,  0.0,  0.0
1036787.80897480, 44841.739104, 1000.0,    2.0,  998.0,  0.79,  0.00,  0.79,  0.0,  0.0,  0.0
1036787.81147480, 44843.098567, 1000.0,    2.0,  998.0,  0.79,  0.00,  0.79,  0.0,  0.0,  0.0
1036787.81397480, 44844.861497, 1000.0,    2.0,  998.0,  0.79,  0.00,  0.79,  0.0,  0.0,  0.0
1036787.81647480, 44843.412263, 1000.0,    2.0,  998.0,  0.79,  0.00,  0.79,  0.0,  0.0,  0.0
1036787.81897480, 44842.241108, 1000.0,    2.0,  998.0,  0.79,  0.00,  0.79,  0.0,  0.0,  0.0
1036787.82147480, 44841.527209, 1000.0,    2.0,  998.0,  0.79,  0.00,  0.79,  0.0,  0.0,  0.0
1036787.82397480, 44840.906790, 1000.0,    2.0,  998.0,  0.79,  0.00,  0.79,  0.0,  0.0,  0.0
1036787.82647480, 44841.027948, 1000.0,    2.0,  998.0,  0.79,  0.00,  0.79,  0.0,  0.0,  0.0
1036787.82897480, 44842.020100, 1000.0,    2.0,  998.0,  0.79,  0.00,  0.79,  0.0,  0.0,  0.0
1036787.83397480, 44844.895062, 1000.0,    2.0,  998.0,  0.79,  0.00,  0.79,  0.0,  0.0,  0.0
1036787.83647480, 44843.534816, 1000.0,    2.0,  998.0,  0.79,  0.00,  0.79,  0.0,  0.0,  0.0
1036787.83897480, 44840.972381, 1000.0,    2.0,  998.0,  0.79,  0.00,  0.79,  0.0,  0.0,  0.0
1036787.84147480, 44840.168405, 1000.0,    2.0,  998.0,  0.79,  0.00,  0.79,  0.0,  0.0,  0.0
1036787.84397480, 44840.563130, 1000.0,    2.0,  998.0,  0.79,  0.00,  0.79,  0.0,  0.0,  0.0
1036787.84647480, 44840.760283, 1000.0,    2.0,  998.0,  0.79,  0.00,  0.79,  0.0,  0.0,  0.0
1036787.84897480, 44841.543915, 1000.0,    2.0,  998.0,  0.79,  0.00,  0.79,  0.0,  0.0,  0.0
1036787.85147480, 44842.329915, 1000.0,    2.0,  998.0,  0.79,  0.00,  0.79,  0.0,  0.0,  0.0
1036787.85397480, 44845.033965, 1000.0,    2.0,  998.0,  0.79,  0.00,  0.79,  0.0,  0.0,  0.0
1036787.85647480, 44844.388525, 1000.0,    2.0,  998.0,  0.79,  0.00,  0.79,  0.0,  0.0,  0.0
1036787.85897480, 44843.518563, 1000.0,    2.0,  998.0,  0.79,  0.00,  0.79,  0.0,  0.0,  0.0
1036787.86147480, 44842.629024, 1000.0,    2.0,  998.0,  0.79,  0.00,  0.79,  0.0,  0.0,  0.0
1036787.86397480, 44841.739485, 1000.0,    2.0,  998.0,  0.79,  0.00,  0.79,  0.0,  0.0,  0.0
1036787.86647480, 44840.849946, 1000.0,    2.0,  998.0,  0.79,  0.00,  0.79,  0.0,  0.0,  0.0
1036787.86897480, 44842.144067, 1000.0,    2.0,  998.0,  0.79,  0.00,  0.79,  0.0,  0.0,  0.0
1036787.87147480, 44844.020455, 1000.0,    2.0,  998.0,  0.79,  0.00,  0.79,  0.0,  0.0,  0.0
1036787.87397480, 44844.471369, 1000.0,    2.0,  998.0,  0.79,  0.00,  0.79,  0.0,  0.0,  0.0
1036787.87647480, 44844.922282, 1000.0,    2.0,  998.0,  0.79,  0.00,  0.79,  0.0,  0.0,  0.0
1036787.87897480, 44842.174503, 1000.0,    2.0,  998.0,  0.79,  0.00,  0.79,  0.0,  0.0,  0.0
1036787.88147480, 44841.312501, 1000.0,    2.0,  998.0,  0.79,  0.00,  0.79,  0.0,  0.0,  0.0
1036787.88397480, 44840.450500, 1000.0,    2.0,  998.0,  0.79,  0.00,  0.79,  0.0,  0.0,  0.0
1036787.88647480, 44840.634884, 1000.0,    2.0,  998.0,  0.79,  0.00,  0.79,  0.0,  0.0,  0.0
1036787.88897480, 44841.928246, 1000.0,    2.0,  998.0,  0.79,  0.00,  0.79,  0.0,  0.0,  0.0
1036787.89147480, 44843.505886, 1000.0,    2.0,  998.0,  0.79,  0.00,  0.79,  0.0,  0.0,  0.0
1036787.89397480, 44844.968618, 1000.0,    2.0,  998.0,  0.79,  0.00,  0.79,  0.0,  0.0,  0.0
1036787.89647480, 44844.388200, 1000.0,    2.0,  998.0,  0.79,  0.00,  0.79,  0.0,  0.0,  0.0
1036787.89897480, 44840.989985, 1000.0,    2.0,  998.0,  0.79,  0.00,  0.79,  0.0,  0.0,  0.0
1036787.90147480, 44840.475617, 1000.0,    2.0,  998.0,  0.79,  0.00,  0.79,  0.0,  0.0,  0.0
1036787.90397480, 44840.137156, 1000.0,    2.0,  998.0,  0.79,  0.00,  0.79,  0.0,  0.0,  0.0
1036787.90647480, 44840.493315, 1000.0,    2.0,  998.0,  0.79,  0.00,  0.79,  0.0,  0.0,  0.0
1036787.90897480, 44840.849474, 1000.0,    2.0,  998.0,  0.79,  0.00,  0.79,  0.0,  0.0,  0.0
1036787.91147480, 44841.205633, 1000.0,    2.0,  998.0,  0.79,  0.00,  0.79,  0.0,  0.0,  0.0
1036787.91397480, 44843.858906, 1000.0,    2.0,  998.0,  0.79,  0.00,  0.79,  0.0,  0.0,  0.0
1036787.91647480, 44844.117878, 1000.0,    2.0,  998.0,  0.79,  0.00,  0.79,  0.0,  0.0,  0.0
1036787.91897480, 44842.891084, 1000.0,    2.0,  998.0,  0.79,  0.00,  0.79,  0.0,  0.0,  0.0
1036787.92147480, 44840.847230, 1000.0,    2.0,  998.0,  0.79,  0.00,  0.79,  0.0,  0.0,  0.0
1036787.92397480, 44840.575171, 1000.0,    2.0,  998.0,  0.79,  0.00,  0.79,  0.0,  0.0,  0.0
1036787.92647480, 44840.303113, 1000.0,    2.0,  998.0,  0.79,  0.00,  0.79,  0.0,  0.0,  0.0
1036787.92897480, 44841.768040, 1000.0,    2.0,  998.0,  0.79,  0.00,  0.79,  0.0,  0.0,  0.0
1036787.93147480, 44844.074762, 1000.0,    2.0,  998.0,  0.79,  0.00,  0.79,  0.0,  0.0,  0.0
1036787.93397480, 44844.492301, 1000.0,    2.0,  998.0,  0.79,  0.00,  0.79,  0.0,  0.0,  0.0
1036787.93647480, 44844.588037, 1000.0,    2.0,  998.0,  0.79,  0.00,  0.79,  0.0,  0.0,  0.0
1036787.93897480, 44843.544962, 1000.0,    2.0,  998.0,  0.79,  0.00,  0.79,  0.0,  0.0,  0.0
1036787.94147480, 44842.501888, 1000.0,    2.0,  998.0,  0.79,  0.00,  0.79,  0.0,  0.0,  0.0
1036787.94397480, 44841.495498, 1000.0,    2.0,  998.0,  0.79,  0.00,  0.79,  0.0,  0.0,  0.0
1036787.94647480, 44840.991401, 1000.0,    2.0,  998.0,  0.79,  0.00,  0.79,  0.0,  0.0,  0.0
1036787.94897480, 44842.080417, 1000.0,    2.0,  998.0,  0.79,  0.00,  0.79,  0.0,  0.0,  0.0
1036787.95147480, 44843.558074, 1000.0,    2.0,  998.0,  0.79,  0.00,  0.79,  0.0,  0.0,  0.0
1036787.95397480, 44844.453619, 1000.0,    2.0,  998.0,  0.79,  0.00,  0.79,  0.0,  0.0,  0.0
1036787.95647480, 44843.797682, 1000.0,    2.0,  998.0,  0.79,  0.00,  0.79,  0.0,  0.0,  0.0
1036787.95897480, 44841.852219, 1000.0,    2.0,  998.0,  0.79,  0.00,  0.79,  0.0,  0.0,  0.0
1036787.96147480, 44840.438539, 1000.0,    2.0,  998.0,  0.79,  0.00,  0.79,  0.0,  0.0,  0.0
1036787.96397480, 44839.967723, 1000.0,    2.0,  998.0,  0.79,  0.00,  0.79,  0.0,  0.0,  0.0
1036787.96647480, 44841.968932, 1000.0,    2.0,  998.0,  0.79,  0.00,  0.79,  0.0,  0.0,  0.0
1036787.96897480, 44843.478961, 1000.0,    2.0,  998.0,  0.79,  0.00,  0.79,  0.0,  0.0,  0.0
1036787.97147480, 44844.295320, 1000.0,    2.0,  998.0,  0.79,  0.00,  0.79,  0.0,  0.0,  0.0
1036787.97397480, 44844.430670, 1000.0,    2.0,  998.0,  0.79,  0.00,  0.79,  0.0,  0.0,  0.0
1036787.97647480, 44843.333524, 1000.0,    2.0,  998.0,  0.79,  0.00,  0.79,  0.0,  0.0,  0.0
1036787.97897480, 44841.577076, 1000.0,    2.0,  998.0,  0.79,  0.00,  0.79,  0.0,  0.0,  0.0
1036787.98147480, 44840.583650, 1000.0,    2.0,  998.0,  0.79,  0.00,  0.79,  0.0,  0.0,  0.0
1036787.98397480, 44840.397730, 1000.0,    2.0,  998.0,  0.79,  0.00,  0.79,  0.0,  0.0,  0.0
1036787.98647480, 44840.211810, 1000.0,    2.0,  998.0,  0.79,  0.00,  0.79,  0.0,  0.0,  0.0
1036787.98897480, 44841.086751, 1000.0,    2.0,  998.0,  0.79,  0.00,  0.79,  0.0,  0.0,  0.0
1036787.99147480, 44842.112081, 1000.0,    2.0,  998.0,  0.79,  0.00,  0.79,  0.0,  0.0,  0.0
1036787.99397480, 44843.137410, 1000.0,    2.0,  998.0,  0.79,  0.00,  0.79,  0.0,  0.0,  0.0
1036787.99647480, 44844.026613, 1000.0,    2.0,  998.0,  0.79,  0.00,  0.79,  0.0,  0.0,  0.0
1036787.99897480, 44842.287349, 1000.0,    2.0,  998.0,  0.79,  0.00,  0.79,  0.0,  0.0,  0.0
1036788.00147480, 44840.508735, 1000.0,    2.0,  998.0,  0.79,  0.00,  0.79,  0.0,  0.0,  0.0
1036788.00397480, 44839.833389, 1000.0,    2.0,  998.0,  0.79,  0.00,  0.79,  0.0,  0.0,  0.0
1036788.00647480, 44840.392367, 1000.0,    2.0,  998.0,  0.79,  0.00,  0.79,  0.0,  0.0,  0.0
1036788.00897480, 44841.695614, 1000.0,    2.0,  998.0,  0.79,  0.00,  0.79,  0.0,  0.0,  0.0
1036788.01147480, 44843.235582, 1000.0,    2.0,  998.0,  0.79,  0.00,  0.79,  0.0,  0.0,  0.0
1036788.01647480, 44844.072907, 1000.0,    2.0,  998.0,  0.79,  0.00,  0.79,  0.0,  0.0,  0.0
1036788.01897480, 44842.165719, 1000.0,    2.0,  998.0,  0.79,  0.00,  0.79,  0.0,  0.0,  0.0
1036788.02147480, 44840.565844, 1000.0,    2.0,  998.0,  0.79,  0.00,  0.79,  0.0,  0.0,  0.0
1036788.02397480, 44840.129672, 1000.0,    2.0,  998.0,  0.79,  0.00,  0.79,  0.0,  0.0,  0.0
1036788.02647480, 44841.071533, 1000.0,    2.0,  998.0,  0.79,  0.00,  0.79,  0.0,  0.0,  0.0
1036788.02897480, 44842.844793, 1000.0,    2.0,  998.0,  0.79,  0.00,  0.79,  0.0,  0.0,  0.0
1036788.03147480, 44843.938284, 1000.0,    2.0,  998.0,  0.79,  0.00,  0.79,  0.0,  0.0,  0.0
1036788.03397480, 44844.235287, 1000.0,    2.0,  998.0,  0.79,  0.00,  0.79,  0.0,  0.0,  0.0
1036788.03647480, 44844.532291, 1000.0,    2.0,  998.0,  0.79,  0.00,  0.79,  0.0,  0.0,  0.0
1036788.03897480, 44842.745542, 1000.0,    2.0,  998.0,  0.79,  0.00,  0.79,  0.0,  0.0,  0.0
1036788.04147480, 44840.440485, 1000.0,    2.0,  998.0,  0.79,  0.00,  0.79,  0.0,  0.0,  0.0
1036788.04397480, 44839.786967, 1000.0,    2.0,  998.0,  0.79,  0.00,  0.79,  0.0,  0.0,  0.0
1036788.04647480, 44839.978121, 1000.0,    2.0,  998.0,  0.79,  0.00,  0.79,  0.0,  0.0,  0.0
1036788.04897480, 44840.169275, 1000.0,    2.0,  998.0,  0.79,  0.00,  0.79,  0.0,  0.0,  0.0
1036788.05147480, 44840.367383, 1000.0,    2.0,  998.0,  0.79,  0.00,  0.79,  0.0,  0.0,  0.0
1036788.05397480, 44842.603930, 1000.0,    2.0,  998.0,  0.79,  0.00,  0.79,  0.0,  0.0,  0.0
1036788.05647480, 44844.343472, 1000.0,    2.0,  998.0,  0.79,  0.00,  0.79,  0.0,  0.0,  0.0
1036788.05897480, 44842.882055, 1000.0,    2.0,  998.0,  0.79,  0.00,  0.79,  0.0,  0.0,  0.0
1036788.06147480, 44840.615436, 1000.0,    2.0,  998.0,  0.79,  0.00,  0.79,  0.0,  0.0,  0.0
1036788.06397480, 44840.049746, 1000.0,    2.0,  998.0,  0.79,  0.00,  0.79,  0.0,  0.0,  0.0
1036788.06647480, 44840.049746, 1000.0,    2.0,  998.0,  0.79,  0.00,  0.79,  0.0,  0.0,  0.0
1036788.06897480, 44840.230846, 1000.0,    2.0,  998.0,  0.79,  0.00,  0.79,  0.0,  0.0,  0.0
1036788.07147480, 44844.022772, 1000.0,    2.0,  998.0,  0.79,  0.00,  0.79,  0.0,  0.0,  0.0
1036788.07397480, 44844.417634, 1000.0,    2.0,  998.0,  0.79,  0.00,  0.79,  0.0,  0.0,  0.0
1036788.07647480, 44844.550928, 1000.0,    2.0,  998.0,  0.79,  0.00,  0.79,  0.0,  0.0,  0.0
1036788.07897480, 44842.859459, 1000.0,    2.0,  998.0,  0.79,  0.00,  0.79,  0.0,  0.0,  0.0
1036788.08147480, 44841.097595, 1000.0,    2.0,  998.0,  0.79,  0.00,  0.79,  0.0,  0.0,  0.0
1036788.08397480, 44840.450476, 1000.0,    2.0,  998.0,  0.79,  0.00,  0.79,  0.0,  0.0,  0.0
1036788.08647480, 44842.341347, 1000.0,    2.0,  998.0,  0.79,  0.00,  0.79,  0.0,  0.0,  0.0
1036788.08897480, 44842.765212, 1000.0,    2.0,  998.0,  0.79,  0.00,  0.79,  0.0,  0.0,  0.0
1036788.09147480, 44844.548070, 1000.0,    2.0,  998.0,  0.79,  0.00,  0.79,  0.0,  0.0,  0.0
1036788.09397480, 44845.072580, 1000.0,    2.0,  998.0,  0.79,  0.00,  0.79,  0.0,  0.0,  0.0
1036788.09647480, 44844.048055, 1000.0,    2.0,  998.0,  0.79,  0.00,  0.79,  0.0,  0.0,  0.0
1036788.09897480, 44843.340736, 1000.0,    2.0,  998.0,  0.79,  0.00,  0.79,  0.0,  0.0,  0.0
1036788.10147480, 44842.633416, 1000.0,    2.0,  998.0,  0.79,  0.00,  0.79,  0.0,  0.0,  0.0
1036788.10397480, 44841.573937, 1000.0,    2.0,  998.0,  0.79,  0.00,  0.79,  0.0,  0.0,  0.0
1036788.10647480, 44842.379384, 1000.0,    2.0,  998.0,  0.79,  0.00,  0.79,  0.0,  0.0,  0.0
1036788.10897480, 44842.944438, 1000.0,    2.0,  998.0,  0.79,  0.00,  0.79,  0.0,  0.0,  0.0
1036788.11147480, 44843.589059, 1000.0,    2.0,  998.0,  0.79,  0.00,  0.79,  0.0,  0.0,  0.0
1036788.11397480, 44844.233680, 1000.0,    2.0,  998.0,  0.79,  0.00,  0.79,  0.0,  0.0,  0.0
1036788.11647480, 44843.684119, 1000.0,    2.0,  998.0,  0.79,  0.00,  0.79,  0.0,  0.0,  0.0
1036788.11897480, 44842.425550, 1000.0,    2.0,  998.0,  0.79,  0.00,  0.79,  0.0,  0.0,  0.0
1036788.12147480, 44840.873525, 1000.0,    2.0,  998.0,  0.79,  0.00,  0.79,  0.0,  0.0,  0.0
1036788.12397480, 44840.676437, 1000.0,    2.0,  998.0,  0.79,  0.00,  0.79,  0.0,  0.0,  0.0
1036788.12647480, 44840.479349, 1000.0,    2.0,  998.0,  0.79,  0.00,  0.79,  0.0,  0.0,  0.0
1036788.12897480, 44840.282260, 1000.0,    2.0,  998.0,  0.79,  0.00,  0.79,  0.0,  0.0,  0.0
1036788.13147480, 44841.431864, 1000.0,    2.0,  998.0,  0.79,  0.00,  0.79,  0.0,  0.0,  0.0
1036788.13397480, 44842.925241, 1000.0,    2.0,  998.0,  0.79,  0.00,  0.79,  0.0,  0.0,  0.0
1036788.13647480, 44844.418618, 1000.0,    2.0,  998.0,  0.79,  0.00,  0.79,  0.0,  0.0,  0.0
1036788.13897480, 44844.304219, 1000.0,    2.0,  998.0,  0.79,  0.00,  0.79,  0.0,  0.0,  0.0
1036788.14147480, 44841.948289, 1000.0,    2.0,  998.0,  0.79,  0.00,  0.79,  0.0,  0.0,  0.0
1036788.14397480, 44840.582907, 1000.0,    2.0,  998.0,  0.79,  0.00,  0.79,  0.0,  0.0,  0.0
1036788.14647480, 44841.244754, 1000.0,    2.0,  998.0,  0.79,  0.00,  0.79,  0.0,  0.0,  0.0
1036788.14897480, 44842.566531, 1000.0,    2.0,  998.0,  0.79,  0.00,  0.79,  0.0,  0.0,  0.0
1036788.15147480, 44844.015483, 1000.0,    2.0,  998.0,  0.79,  0.00,  0.79,  0.0,  0.0,  0.0
1036788.15397480, 44844.252096, 1000.0,    2.0,  998.0,  0.79,  0.00,  0.79,  0.0,  0.0,  0.0
1036788.15647480, 44842.485591, 1000.0,    2.0,  998.0,  0.79,  0.00,  0.79,  0.0,  0.0,  0.0
1036788.15897480, 44841.977801, 1000.0,    2.0,  998.0,  0.79,  0.00,  0.79,  0.0,  0.0,  0.0
1036788.16147480, 44840.835028, 1000.0,    2.0,  998.0,  0.79,  0.00,  0.79,  0.0,  0.0,  0.0
1036788.16397480, 44840.289100, 1000.0,    2.0,  998.0,  0.79,  0.00,  0.79,  0.0,  0.0,  0.0
1036788.16647480, 44839.939455, 1000.0,    2.0,  998.0,  0.79,  0.00,  0.79,  0.0,  0.0,  0.0
1036788.16897480, 44842.274468, 1000.0,    2.0,  998.0,  0.79,  0.00,  0.79,  0.0,  0.0,  0.0
1036788.17147480, 44844.488492, 1000.0,    2.0,  998.0,  0.79,  0.00,  0.79,  0.0,  0.0,  0.0
1036788.17397480, 44844.103468, 1000.0,    2.0,  998.0,  0.79,  0.00,  0.79,  0.0,  0.0,  0.0
1036788.17647480, 44843.084911, 1000.0,    2.0,  998.0,  0.79,  0.00,  0.79,  0.0,  0.0,  0.0
1036788.17897480, 44841.916352, 1000.0,    2.0,  998.0,  0.79,  0.00,  0.79,  0.0,  0.0,  0.0
1036788.18147480, 44840.755226, 1000.0,    2.0,  998.0,  0.79,  0.00,  0.79,  0.0,  0.0,  0.0
1036788.18397480, 44839.624362, 1000.0,    2.0,  998.0,  0.79,  0.00,  0.79,  0.0,  0.0,  0.0
1036788.18647480, 44840.482131, 1000.0,    2.0,  998.0,  0.79,  0.00,  0.79,  0.0,  0.0,  0.0
1036788.18897480, 44841.118312, 1000.0,    2.0,  998.0,  0.79,  0.00,  0.79,  0.0,  0.0,  0.0
1036788.19147480, 44841.754494, 1000.0,    2.0,  998.0,  0.79,  0.00,  0.79,  0.0,  0.0,  0.0
1036788.19397480, 44842.703452, 1000.0,    2.0,  998.0,  0.79,  0.00,  0.79,  0.0,  0.0,  0.0
1036788.19647480, 44844.047069, 1000.0,    2.0,  998.0,  0.79,  0.00,  0.79,  0.0,  0.0,  0.0
1036788.19897480, 44842.452045, 1000.0,    2.0,  998.0,  0.79,  0.00,  0.79,  0.0,  0.0,  0.0
1036788.20147480, 44841.964016, 1000.0,    2.0,  998.0,  0.79,  0.00,  0.79,  0.0,  0.0,  0.0
1036788.20397480, 44841.475988, 1000.0,    2.0,  998.0,  0.79,  0.00,  0.79,  0.0,  0.0,  0.0
1036788.20647480, 44840.987960, 1000.0,    2.0,  998.0,  0.79,  0.00,  0.79,  0.0,  0.0,  0.0
1036788.20897480, 44841.944534, 1000.0,    2.0,  998.0,  0.79,  0.00,  0.79,  0.0,  0.0,  0.0
1036788.21147480, 44844.003591, 1000.0,    2.0,  998.0,  0.79,  0.00,  0.79,  0.0,  0.0,  0.0
1036788.21397480, 44844.776118, 1000.0,    2.0,  998.0,  0.79,  0.00,  0.79,  0.0,  0.0,  0.0
1036788.21647480, 44845.188058, 1000.0,    2.0,  998.0,  0.79,  0.00,  0.79,  0.0,  0.0,  0.0
1036788.21897480, 44843.830913, 1000.0,    2.0,  998.0,  0.79,  0.00,  0.79,  0.0,  0.0,  0.0
1036788.22147480, 44842.470637, 1000.0,    2.0,  998.0,  0.79,  0.00,  0.79,  0.0,  0.0,  0.0
1036788.22397480, 44841.569797, 1000.0,    2.0,  998.0,  0.79,  0.00,  0.79,  0.0,  0.0,  0.0
1036788.22647480, 44840.668957, 1000.0,    2.0,  998.0,  0.79,  0.00,  0.79,  0.0,  0.0,  0.0
1036788.22897480, 44842.869026, 1000.0,    2.0,  998.0,  0.79,  0.00,  0.79,  0.0,  0.0,  0.0
1036788.23147480, 44844.488676, 1000.0,    2.0,  998.0,  0.79,  0.00,  0.79,  0.0,  0.0,  0.0
1036788.23397480, 44844.643295, 1000.0,    2.0,  998.0,  0.79,  0.00,  0.79,  0.0,  0.0,  0.0
1036788.23647480, 44844.797914, 1000.0,    2.0,  998.0,  0.79,  0.00,  0.79,  0.0,  0.0,  0.0
1036788.23897480, 44844.952533, 1000.0,    2.0,  998.0,  0.79,  0.00,  0.79,  0.0,  0.0,  0.0
1036788.24147480, 44843.705237, 1000.0,    2.0,  998.0,  0.79,  0.00,  0.79,  0.0,  0.0,  0.0
1036788.24397480, 44840.514634, 1000.0,    2.0,  998.0,  0.79,  0.00,  0.79,  0.0,  0.0,  0.0
1036788.24647480, 44840.960801, 1000.0,    2.0,  998.0,  0.79,  0.00,  0.79,  0.0,  0.0,  0.0
1036788.24897480, 44842.147420, 1000.0,    2.0,  998.0,  0.79,  0.00,  0.79,  0.0,  0.0,  0.0
1036788.25147480, 44843.868100, 1000.0,    2.0,  998.0,  0.79,  0.00,  0.79,  0.0,  0.0,  0.0
1036788.25397480, 44844.839306, 1000.0,    2.0,  998.0,  0.79,  0.00,  0.79,  0.0,  0.0,  0.0
1036788.25647480, 44844.754571, 1000.0,    2.0,  998.0,  0.79,  0.00,  0.79,  0.0,  0.0,  0.0
1036788.25897480, 44844.669836, 1000.0,    2.0,  998.0,  0.79,  0.00,  0.79,  0.0,  0.0,  0.0
1036788.26147480, 44843.588678, 1000.0,    2.0,  998.0,  0.79,  0.00,  0.79,  0.0,  0.0,  0.0
1036788.26647480, 44840.669686, 1000.0,    2.0,  998.0,  0.79,  0.00,  0.79,  0.0,  0.0,  0.0
1036788.26897480, 44841.977475, 1000.0,    2.0,  998.0,  0.79,  0.00,  0.79,  0.0,  0.0,  0.0
1036788.27147480, 44843.884460, 1000.0,    2.0,  998.0,  0.79,  0.00,  0.79,  0.0,  0.0,  0.0
1036788.27397480, 44844.550242, 1000.0,    2.0,  998.0,  0.79,  0.00,  0.79,  0.0,  0.0,  0.0
1036788.27647480, 44843.984828, 1000.0,    2.0,  998.0,  0.79,  0.00,  0.79,  0.0,  0.0,  0.0
1036788.27897480, 44842.481786, 1000.0,    2.0,  998.0,  0.79,  0.00,  0.79,  0.0,  0.0,  0.0
1036788.28147480, 44841.568413, 1000.0,    2.0,  998.0,  0.79,  0.00,  0.79,  0.0,  0.0,  0.0
1036788.28397480, 44840.655041, 1000.0,    2.0,  998.0,  0.79,  0.00,  0.79,  0.0,  0.0,  0.0
1036788.28647480, 44840.340964, 1000.0,    2.0,  998.0,  0.79,  0.00,  0.79,  0.0,  0.0,  0.0
1036788.28897480, 44842.419995, 1000.0,    2.0,  998.0,  0.79,  0.00,  0.79,  0.0,  0.0,  0.0
1036788.29147480, 44844.019756, 1000.0,    2.0,  998.0,  0.79,  0.00,  0.79,  0.0,  0.0,  0.0
1036788.29397480, 44844.954574, 1000.0,    2.0,  998.0,  0.79,  0.00,  0.79,  0.0,  0.0,  0.0
1036788.29647480, 44844.164151, 1000.0,    2.0,  998.0,  0.79,  0.00,  0.79,  0.0,  0.0,  0.0
1036788.29897480, 44842.759728, 1000.0,    2.0,  998.0,  0.79,  0.00,  0.79,  0.0,  0.0,  0.0
1036788.30147480, 44840.976643, 1000.0,    2.0,  998.0,  0.79,  0.00,  0.79,  0.0,  0.0,  0.0
1036788.30397480, 44840.207098, 1000.0,    2.0,  998.0,  0.79,  0.00,  0.79,  0.0,  0.0,  0.0
1036788.30647480, 44839.854568, 1000.0,    2.0,  998.0,  0.79,  0.00,  0.79,  0.0,  0.0,  0.0
1036788.30897480, 44840.658574, 1000.0,    2.0,  998.0,  0.79,  0.00,  0.79,  0.0,  0.0,  0.0
1036788.31147480, 44844.314353, 1000.0,    2.0,  998.0,  0.79,  0.00,  0.79,  0.0,  0.0,  0.0
1036788.31397480, 44844.851731, 1000.0,    2.0,  998.0,  0.79,  0.00,  0.79,  0.0,  0.0,  0.0
1036788.31647480, 44844.455292, 1000.0,    2.0,  998.0,  0.79,  0.00,  0.79,  0.0,  0.0,  0.0
1036788.31897480, 44842.874116, 1000.0,    2.0,  998.0,  0.79,  0.00,  0.79,  0.0,  0.0,  0.0
1036788.32147480, 44841.494393, 1000.0,    2.0,  998.0,  0.79,  0.00,  0.79,  0.0,  0.0,  0.0
1036788.32397480, 44840.330336, 1000.0,    2.0,  998.0,  0.79,  0.00,  0.79,  0.0,  0.0,  0.0
1036788.32647480, 44840.440433, 1000.0,    2.0,  998.0,  0.79,  0.00,  0.79,  0.0,  0.0,  0.0
1036788.32897480, 44842.832946, 1000.0,    2.0,  998.0,  0.79,  0.00,  0.79,  0.0,  0.0,  0.0
1036788.33147480, 44843.759457, 1000.0,    2.0,  998.0,  0.79,  0.00,  0.79,  0.0,  0.0,  0.0
1036788.33397480, 44844.539482, 1000.0,    2.0,  998.0,  0.79,  0.00,  0.79,  0.0,  0.0,  0.0
1036788.33647480, 44842.934996, 1000.0,    2.0,  998.0,  0.79,  0.00,  0.79,  0.0,  0.0,  0.0
1036788.33897480, 44841.457209, 1000.0,    2.0,  998.0,  0.79,  0.00,  0.79,  0.0,  0.0,  0.0
1036788.34147480, 44840.354223, 1000.0,    2.0,  998.0,  0.79,  0.00,  0.79,  0.0,  0.0,  0.0
1036788.34397480, 44840.026875, 1000.0,    2.0,  998.0,  0.79,  0.00,  0.79,  0.0,  0.0,  0.0
1036788.34647480, 44839.718634, 1000.0,    2.0,  998.0,  0.79,  0.00,  0.79,  0.0,  0.0,  0.0
1036788.34897480, 44841.190172, 1000.0,    2.0,  998.0,  0.79,  0.00,  0.79,  0.0,  0.0,  0.0
1036788.35147480, 44844.241135, 1000.0,    2.0,  998.0,  0.79,  0.00,  0.79,  0.0,  0.0,  0.0
1036788.35397480, 44845.004008, 1000.0,    2.0,  998.0,  0.79,  0.00,  0.79,  0.0,  0.0,  0.0
1036788.35647480, 44844.009352, 1000.0,    2.0,  998.0,  0.79,  0.00,  0.79,  0.0,  0.0,  0.0
1036788.35897480, 44843.183412, 1000.0,    2.0,  998.0,  0.79,  0.00,  0.79,  0.0,  0.0,  0.0
1036788.36147480, 44842.098984, 1000.0,    2.0,  998.0,  0.79,  0.00,  0.79,  0.0,  0.0,  0.0
1036788.36397480, 44840.172199, 1000.0,    2.0,  998.0,  0.79,  0.00,  0.79,  0.0,  0.0,  0.0
1036788.36647480, 44841.007347, 1000.0,    2.0,  998.0,  0.79,  0.00,  0.79,  0.0,  0.0,  0.0
1036788.36897480, 44842.300240, 1000.0,    2.0,  998.0,  0.79,  0.00,  0.79,  0.0,  0.0,  0.0
1036788.37147480, 44843.569978, 1000.0,    2.0,  998.0,  0.79,  0.00,  0.79,  0.0,  0.0,  0.0
1036788.37397480, 44844.169944, 1000.0,    2.0,  998.0,  0.79,  0.00,  0.79,  0.0,  0.0,  0.0
1036788.37647480, 44844.556748, 1000.0,    2.0,  998.0,  0.79,  0.00,  0.79,  0.0,  0.0,  0.0
1036788.37897480, 44843.066026, 1000.0,    2.0,  998.0,  0.79,  0.00,  0.79,  0.0,  0.0,  0.0
1036788.38147480, 44841.600976, 1000.0,    2.0,  998.0,  0.79,  0.00,  0.79,  0.0,  0.0,  0.0
1036788.38397480, 44840.300342, 1000.0,    2.0,  998.0,  0.79,  0.00,  0.79,  0.0,  0.0,  0.0
1036788.38647480, 44840.559271, 1000.0,    2.0,  998.0,  0.79,  0.00,  0.79,  0.0,  0.0,  0.0
1036788.39147480, 44843.007591, 1000.0,    2.0,  998.0,  0.79,  0.00,  0.79,  0.0,  0.0,  0.0
1036788.39397480, 44844.932646, 1000.0,    2.0,  998.0,  0.79,  0.00,  0.79,  0.0,  0.0,  0.0
1036788.39647480, 44843.707346, 1000.0,    2.0,  998.0,  0.79,  0.00,  0.79,  0.0,  0.0,  0.0
1036788.39897480, 44841.592490, 1000.0,    2.0,  998.0,  0.79,  0.00,  0.79,  0.0,  0.0,  0.0
1036788.40147480, 44841.149036, 1000.0,    2.0,  998.0,  0.79,  0.00,  0.79,  0.0,  0.0,  0.0
1036788.40397480, 44840.410415, 1000.0,    2.0,  998.0,  0.79,  0.00,  0.79,  0.0,  0.0,  0.0
1036788.40647480, 44841.798453, 1000.0,    2.0,  998.0,  0.79,  0.00,  0.79,  0.0,  0.0,  0.0
1036788.40897480, 44843.947430, 1000.0,    2.0,  998.0,  0.79,  0.00,  0.79,  0.0,  0.0,  0.0
1036788.41147480, 44844.337477, 1000.0,    2.0,  998.0,  0.79,  0.00,  0.79,  0.0,  0.0,  0.0
1036788.41397480, 44844.790690, 1000.0,    2.0,  998.0,  0.79,  0.00,  0.79,  0.0,  0.0,  0.0
1036788.41647480, 44845.243902, 1000.0,    2.0,  998.0,  0.79,  0.00,  0.79,  0.0,  0.0,  0.0
1036788.41897480, 44841.869890, 1000.0,    2.0,  998.0,  0.79,  0.00,  0.79,  0.0,  0.0,  0.0
1036788.42147480, 44840.431052, 1000.0,    2.0,  998.0,  0.79,  0.00,  0.79,  0.0,  0.0,  0.0
1036788.42397480, 44840.198220, 1000.0,    2.0,  998.0,  0.79,  0.00,  0.79,  0.0,  0.0,  0.0
1036788.42647480, 44840.795960, 1000.0,    2.0,  998.0,  0.79,  0.00,  0.79,  0.0,  0.0,  0.0
1036788.42897480, 44841.992003, 1000.0,    2.0,  998.0,  0.79,  0.00,  0.79,  0.0,  0.0,  0.0
1036788.43147480, 44843.731824, 1000.0,    2.0,  998.0,  0.79,  0.00,  0.79,  0.0,  0.0,  0.0
1036788.43397480, 44844.721481, 1000.0,    2.0,  998.0,  0.79,  0.00,  0.79,  0.0,  0.0,  0.0
1036788.43647480, 44844.210401, 1000.0,    2.0,  998.0,  0.79,  0.00,  0.79,  0.0,  0.0,  0.0
1036788.43897480, 44842.018170, 1000.0,    2.0,  998.0,  0.79,  0.00,  0.79,  0.0,  0.0,  0.0
1036788.44147480, 44840.547069, 1000.0,    2.0,  998.0,  0.79,  0.00,  0.79,  0.0,  0.0,  0.0
1036788.44397480, 44840.013129, 1000.0,    2.0,  998.0,  0.79,  0.00,  0.79,  0.0,  0.0,  0.0
1036788.44647480, 44840.273618, 1000.0,    2.0,  998.0,  0.79,  0.00,  0.79,  0.0,  0.0,  0.0
1036788.44897480, 44841.804648, 1000.0,    2.0,  998.0,  0.79,  0.00,  0.79,  0.0,  0.0,  0.0
1036788.45147480, 44843.125180, 1000.0,    2.0,  998.0,  0.79,  0.00,  0.79,  0.0,  0.0,  0.0
1036788.45397480, 44843.917593, 1000.0,    2.0,  998.0,  0.79,  0.00,  0.79,  0.0,  0.0,  0.0
1036788.45647480, 44843.911802, 1000.0,    2.0,  998.0,  0.79,  0.00,  0.79,  0.0,  0.0,  0.0
1036788.45897480, 44842.874611, 1000.0,    2.0,  998.0,  0.79,  0.00,  0.79,  0.0,  0.0,  0.0
1036788.46147480, 44840.952574, 1000.0,    2.0,  998.0,  0.79,  0.00,  0.79,  0.0,  0.0,  0.0
1036788.46397480, 44840.560254, 1000.0,    2.0,  998.0,  0.79,  0.00,  0.79,  0.0,  0.0,  0.0
1036788.46647480, 44840.815528, 1000.0,    2.0,  998.0,  0.79,  0.00,  0.79,  0.0,  0.0,  0.0
1036788.46897480, 44843.081504, 1000.0,    2.0,  998.0,  0.79,  0.00,  0.79,  0.0,  0.0,  0.0
1036788.47147480, 44844.097715, 1000.0,    2.0,  998.0,  0.79,  0.00,  0.79,  0.0,  0.0,  0.0
1036788.47397480, 44844.439983, 1000.0,    2.0,  998.0,  0.79,  0.00,  0.79,  0.0,  0.0,  0.0
1036788.47647480, 44844.782251, 1000.0,    2.0,  998.0,  0.79,  0.00,  0.79,  0.0,  0.0,  0.0
1036788.47897480, 44843.238594, 1000.0,    2.0,  998.0,  0.79,  0.00,  0.79,  0.0,  0.0,  0.0
1036788.48147480, 44840.662014, 1000.0,    2.0,  998.0,  0.79,  0.00,  0.79,  0.0,  0.0,  0.0
1036788.48397480, 44840.014929, 1000.0,    2.0,  998.0,  0.79,  0.00,  0.79,  0.0,  0.0,  0.0
1036788.48647480, 44840.620524, 1000.0,    2.0,  998.0,  0.79,  0.00,  0.79,  0.0,  0.0,  0.0
1036788.48897480, 44842.672051, 1000.0,    2.0,  998.0,  0.79,  0.00,  0.79,  0.0,  0.0,  0.0
1036788.49147480, 44843.816513, 1000.0,    2.0,  998.0,  0.79,  0.00,  0.79,  0.0,  0.0,  0.0
1036788.49397480, 44844.645056, 1000.0,    2.0,  998.0,  0.79,  0.00,  0.79,  0.0,  0.0,  0.0
1036788.49647480, 44844.369920, 1000.0,    2.0,  998.0,  0.79,  0.00,  0.79,  0.0,  0.0,  0.0
1036788.49897480, 44841.837450, 1000.0,    2.0,  998.0,  0.79,  0.00,  0.79,  0.0,  0.0,  0.0
1036788.50147480, 44840.144073, 1000.0,    2.0,  998.0,  0.79,  0.00,  0.79,  0.0,  0.0,  0.0
1036788.50397480, 44840.306735, 1000.0,    2.0,  998.0,  0.79,  0.00,  0.79,  0.0,  0.0,  0.0
1036788.50647480, 44841.193461, 1000.0,    2.0,  998.0,  0.79,  0.00,  0.79,  0.0,  0.0,  0.0
1036788.50897480, 44842.195350, 1000.0,    2.0,  998.0,  0.79,  0.00,  0.79,  0.0,  0.0,  0.0
1036788.51147480, 44843.535599, 1000.0,    2.0,  998.0,  0.79,  0.00,  0.79,  0.0,  0.0,  0.0
1036788.51397480, 44844.990257, 1000.0,    2.0,  998.0,  0.79,  0.00,  0.79,  0.0,  0.0,  0.0
1036788.51647480, 44844.432441, 1000.0,    2.0,  998.0,  0.79,  0.00,  0.79,  0.0,  0.0,  0.0
1036788.51897480, 44843.213258, 1000.0,    2.0,  998.0,  0.79,  0.00,  0.79,  0.0,  0.0,  0.0
1036788.52147480, 44840.943312, 1000.0,    2.0,  998.0,  0.79,  0.00,  0.79,  0.0,  0.0,  0.0
1036788.52397480, 44840.474619, 1000.0,    2.0,  998.0,  0.79,  0.00,  0.79,  0.0,  0.0,  0.0
1036788.52647480, 44841.972062, 1000.0,    2.0,  998.0,  0.79,  0.00,  0.79,  0.0,  0.0,  0.0
1036788.52897480, 44843.528211, 1000.0,    2.0,  998.0,  0.79,  0.00,  0.79,  0.0,  0.0,  0.0
1036788.53147480, 44844.828940, 1000.0,    2.0,  998.0,  0.79,  0.00,  0.79,  0.0,  0.0,  0.0
1036788.53397480, 44845.050160, 1000.0,    2.0,  998.0,  0.79,  0.00,  0.79,  0.0,  0.0,  0.0
1036788.53647480, 44844.902479, 1000.0,    2.0,  998.0,  0.79,  0.00,  0.79,  0.0,  0.0,  0.0
1036788.53897480, 44844.112042, 1000.0,    2.0,  998.0,  0.79,  0.00,  0.79,  0.0,  0.0,  0.0
1036788.54147480, 44840.900120, 1000.0,    2.0,  998.0,  0.79,  0.00,  0.79,  0.0,  0.0,  0.0
1036788.54397480, 44840.399637, 1000.0,    2.0,  998.0,  0.79,  0.00,  0.79,  0.0,  0.0,  0.0
1036788.54647480, 44841.227783, 1000.0,    2.0,  998.0,  0.79,  0.00,  0.79,  0.0,  0.0,  0.0
1036788.54897480, 44842.231437, 1000.0,    2.0,  998.0,  0.79,  0.00,  0.79,  0.0,  0.0,  0.0
1036788.55147480, 44844.103854, 1000.0,    2.0,  998.0,  0.79,  0.00,  0.79,  0.0,  0.0,  0.0
1036788.55397480, 44844.909294, 1000.0,    2.0,  998.0,  0.79,  0.00,  0.79,  0.0,  0.0,  0.0
1036788.55647480, 44844.279348, 1000.0,    2.0,  998.0,  0.79,  0.00,  0.79,  0.0,  0.0,  0.0
1036788.55897480, 44843.391356, 1000.0,    2.0,  998.0,  0.79,  0.00,  0.79,  0.0,  0.0,  0.0
1036788.56147480, 44842.050511, 1000.0,    2.0,  998.0,  0.79,  0.00,  0.79,  0.0,  0.0,  0.0
1036788.56397480, 44840.049244, 1000.0,    2.0,  998.0,  0.79,  0.00,  0.79,  0.0,  0.0,  0.0
1036788.56647480, 44841.049338, 1000.0,    2.0,  998.0,  0.79,  0.00,  0.79,  0.0,  0.0,  0.0
1036788.56897480, 44842.469212, 1000.0,    2.0,  998.0,  0.79,  0.00,  0.79,  0.0,  0.0,  0.0
1036788.57147480, 44843.994491, 1000.0,    2.0,  998.0,  0.79,  0.00,  0.79,  0.0,  0.0,  0.0
1036788.57397480, 44844.560706, 1000.0,    2.0,  998.0,  0.79,  0.00,  0.79,  0.0,  0.0,  0.0
1036788.57647480, 44844.678428, 1000.0,    2.0,  998.0,  0.79,  0.00,  0.79,  0.0,  0.0,  0.0
1036788.57897480, 44842.837865, 1000.0,    2.0,  998.0,  0.79,  0.00,  0.79,  0.0,  0.0,  0.0
1036788.58147480, 44840.968785, 1000.0,    2.0,  998.0,  0.79,  0.00,  0.79,  0.0,  0.0,  0.0
1036788.58397480, 44839.830789, 1000.0,    2.0,  998.0,  0.79,  0.00,  0.79,  0.0,  0.0,  0.0
1036788.58647480, 44840.844422, 1000.0,    2.0,  998.0,  0.79,  0.00,  0.79,  0.0,  0.0,  0.0
1036788.58897480, 44842.699690, 1000.0,    2.0,  998.0,  0.79,  0.00,  0.79,  0.0,  0.0,  0.0
1036788.59147480, 44844.209387, 1000.0,    2.0,  998.0,  0.79,  0.00,  0.79,  0.0,  0.0,  0.0
1036788.59397480, 44844.978326, 1000.0,    2.0,  998.0,  0.79,  0.00,  0.79,  0.0,  0.0,  0.0
1036788.59647480, 44843.357487, 1000.0,    2.0,  998.0,  0.79,  0.00,  0.79,  0.0,  0.0,  0.0
1036788.59897480, 44842.818666, 1000.0,    2.0,  998.0,  0.79,  0.00,  0.79,  0.0,  0.0,  0.0
1036788.60147480, 44841.899746, 1000.0,    2.0,  998.0,  0.79,  0.00,  0.79,  0.0,  0.0,  0.0
1036788.60397480, 44840.959040, 1000.0,    2.0,  998.0,  0.79,  0.00,  0.79,  0.0,  0.0,  0.0
1036788.60647480, 44841.539977, 1000.0,    2.0,  998.0,  0.79,  0.00,  0.79,  0.0,  0.0,  0.0
1036788.60897480, 44841.963401, 1000.0,    2.0,  998.0,  0.79,  0.00,  0.79,  0.0,  0.0,  0.0
1036788.61147480, 44843.907827, 1000.0,    2.0,  998.0,  0.79,  0.00,  0.79,  0.0,  0.0,  0.0
1036788.61397480, 44844.836269, 1000.0,    2.0,  998.0,  0.79,  0.00,  0.79,  0.0,  0.0,  0.0
1036788.61647480, 44844.504017, 1000.0,    2.0,  998.0,  0.79,  0.00,  0.79,  0.0,  0.0,  0.0
1036788.61897480, 44843.396279, 1000.0,    2.0,  998.0,  0.79,  0.00,  0.79,  0.0,  0.0,  0.0
1036788.62147480, 44841.145389, 1000.0,    2.0,  998.0,  0.79,  0.00,  0.79,  0.0,  0.0,  0.0
1036788.62397480, 44840.402543, 1000.0,    2.0,  998.0,  0.79,  0.00,  0.79,  0.0,  0.0,  0.0
1036788.62647480, 44840.677424, 1000.0,    2.0,  998.0,  0.79,  0.00,  0.79,  0.0,  0.0,  0.0
1036788.62897480, 44841.654609, 1000.0,    2.0,  998.0,  0.79,  0.00,  0.79,  0.0,  0.0,  0.0
1036788.63147480, 44844.118053, 1000.0,    2.0,  998.0,  0.79,  0.00,  0.79,  0.0,  0.0,  0.0
1036788.63397480, 44844.978209, 1000.0,    2.0,  998.0,  0.79,  0.00,  0.79,  0.0,  0.0,  0.0
1036788.63647480, 44844.053763, 1000.0,    2.0,  998.0,  0.79,  0.00,  0.79,  0.0,  0.0,  0.0
1036788.63897480, 44842.220408, 1000.0,    2.0,  998.0,  0.79,  0.00,  0.79,  0.0,  0.0,  0.0
1036788.64147480, 44841.311700, 1000.0,    2.0,  998.0,  0.79,  0.00,  0.79,  0.0,  0.0,  0.0
1036788.64397480, 44840.805474, 1000.0,    2.0,  998.0,  0.79,  0.00,  0.79,  0.0,  0.0,  0.0
1036788.64647480, 44841.040494, 1000.0,    2.0,  998.0,  0.79,  0.00,  0.79,  0.0,  0.0,  0.0
1036788.64897480, 44842.207368, 1000.0,    2.0,  998.0,  0.79,  0.00,  0.79,  0.0,  0.0,  0.0
1036788.65147480, 44844.460486, 1000.0,    2.0,  998.0,  0.79,  0.00,  0.79,  0.0,  0.0,  0.0
1036788.65397480, 44845.008397, 1000.0,    2.0,  998.0,  0.79,  0.00,  0.79,  0.0,  0.0,  0.0
1036788.65647480, 44842.959123, 1000.0,    2.0,  998.0,  0.79,  0.00,  0.79,  0.0,  0.0,  0.0
1036788.65897480, 44842.457199, 1000.0,    2.0,  998.0,  0.79,  0.00,  0.79,  0.0,  0.0,  0.0
1036788.66147480, 44841.861103, 1000.0,    2.0,  998.0,  0.79,  0.00,  0.79,  0.0,  0.0,  0.0
1036788.66397480, 44841.265007, 1000.0,    2.0,  998.0,  0.79,  0.00,  0.79,  0.0,  0.0,  0.0
1036788.66647480, 44841.950907, 1000.0,    2.0,  998.0,  0.79,  0.00,  0.79,  0.0,  0.0,  0.0
1036788.66897480, 44842.370029, 1000.0,    2.0,  998.0,  0.79,  0.00,  0.79,  0.0,  0.0,  0.0
1036788.67147480, 44844.401186, 1000.0,    2.0,  998.0,  0.79,  0.00,  0.79,  0.0,  0.0,  0.0
1036788.67397480, 44844.508769, 1000.0,    2.0,  998.0,  0.79,  0.00,  0.79,  0.0,  0.0,  0.0
1036788.67647480, 44844.023742, 1000.0,    2.0,  998.0,  0.79,  0.00,  0.79,  0.0,  0.0,  0.0
1036788.67897480, 44842.255666, 1000.0,    2.0,  998.0,  0.79,  0.00,  0.79,  0.0,  0.0,  0.0
1036788.68147480, 44841.377589, 1000.0,    2.0,  998.0,  0.79,  0.00,  0.79,  0.0,  0.0,  0.0
1036788.68397480, 44840.499512, 1000.0,    2.0,  998.0,  0.79,  0.00,  0.79,  0.0,  0.0,  0.0
1036788.68647480, 44841.356886, 1000.0,    2.0,  998.0,  0.79,  0.00,  0.79,  0.0,  0.0,  0.0
1036788.68897480, 44843.373208, 1000.0,    2.0,  998.0,  0.79,  0.00,  0.79,  0.0,  0.0,  0.0
1036788.69147480, 44844.591988, 1000.0,    2.0,  998.0,  0.79,  0.00,  0.79,  0.0,  0.0,  0.0
1036788.69397480, 44844.983485, 1000.0,    2.0,  998.0,  0.79,  0.00,  0.79,  0.0,  0.0,  0.0
1036788.69647480, 44844.381148, 1000.0,    2.0,  998.0,  0.79,  0.00,  0.79,  0.0,  0.0,  0.0
1036788.69897480, 44842.926444, 1000.0,    2.0,  998.0,  0.79,  0.00,  0.79,  0.0,  0.0,  0.0
1036788.70147480, 44841.236451, 1000.0,    2.0,  998.0,  0.79,  0.00,  0.79,  0.0,  0.0,  0.0
1036788.70397480, 44840.118032, 1000.0,    2.0,  998.0,  0.79,  0.00,  0.79,  0.0,  0.0,  0.0
1036788.70647480, 44840.332795, 1000.0,    2.0,  998.0,  0.79,  0.00,  0.79,  0.0,  0.0,  0.0
1036788.70897480, 44840.679272, 1000.0,    2.0,  998.0,  0.79,  0.00,  0.79,  0.0,  0.0,  0.0
1036788.71147480, 44842.585278, 1000.0,    2.0,  998.0,  0.79,  0.00,  0.79,  0.0,  0.0,  0.0
1036788.71397480, 44843.874562, 1000.0,    2.0,  998.0,  0.79,  0.00,  0.79,  0.0,  0.0,  0.0
1036788.71647480, 44842.714196, 1000.0,    2.0,  998.0,  0.79,  0.00,  0.79,  0.0,  0.0,  0.0
1036788.71897480, 44842.433796, 1000.0,    2.0,  998.0,  0.79,  0.00,  0.79,  0.0,  0.0,  0.0
1036788.72147480, 44842.433796, 1000.0,    2.0,  998.0,  0.79,  0.00,  0.79,  0.0,  0.0,  0.0
1036788.72397480, 44841.323627, 1000.0,    2.0,  998.0,  0.79,  0.00,  0.79,  0.0,  0.0,  0.0
1036788.72647480, 44841.168119, 1000.0,    2.0,  998.0,  0.79,  0.00,  0.79,  0.0,  0.0,  0.0
1036788.72897480, 44842.642622, 1000.0,    2.0,  998.0,  0.79,  0.00,  0.79,  0.0,  0.0,  0.0
1036788.73147480, 44843.809313, 1000.0,    2.0,  998.0,  0.79,  0.00,  0.79,  0.0,  0.0,  0.0
1036788.73397480, 44844.794824, 1000.0,    2.0,  998.0,  0.79,  0.00,  0.79,  0.0,  0.0,  0.0
1036788.73647480, 44844.452702, 1000.0,    2.0,  998.0,  0.79,  0.00,  0.79,  0.0,  0.0,  0.0
1036788.73897480, 44842.654743, 1000.0,    2.0,  998.0,  0.79,  0.00,  0.79,  0.0,  0.0,  0.0
1036788.74147480, 44841.418480, 1000.0,    2.0,  998.0,  0.79,  0.00,  0.79,  0.0,  0.0,  0.0
1036788.74397480, 44840.414324, 1000.0,    2.0,  998.0,  0.79,  0.00,  0.79,  0.0,  0.0,  0.0
1036788.74647480, 44841.269513, 1000.0,    2.0,  998.0,  0.79,  0.00,  0.79,  0.0,  0.0,  0.0
1036788.74897480, 44842.958664, 1000.0,    2.0,  998.0,  0.79,  0.00,  0.79,  0.0,  0.0,  0.0
1036788.75147480, 44844.196873, 1000.0,    2.0,  998.0,  0.79,  0.00,  0.79,  0.0,  0.0,  0.0
1036788.75397480, 44845.022942, 1000.0,    2.0,  998.0,  0.79,  0.00,  0.79,  0.0,  0.0,  0.0
1036788.75647480, 44844.252163, 1000.0,    2.0,  998.0,  0.79,  0.00,  0.79,  0.0,  0.0,  0.0
1036788.75897480, 44842.299072, 1000.0,    2.0,  998.0,  0.79,  0.00,  0.79,  0.0,  0.0,  0.0
1036788.76147480, 44840.702883, 1000.0,    2.0,  998.0,  0.79,  0.00,  0.79,  0.0,  0.0,  0.0
1036788.76397480, 44840.050282, 1000.0,    2.0,  998.0,  0.79,  0.00,  0.79,  0.0,  0.0,  0.0
1036788.76647480, 44841.202501, 1000.0,    2.0,  998.0,  0.79,  0.00,  0.79,  0.0,  0.0,  0.0
1036788.76897480, 44842.786405, 1000.0,    2.0,  998.0,  0.79,  0.00,  0.79,  0.0,  0.0,  0.0
1036788.77147480, 44844.500462, 1000.0,    2.0,  998.0,  0.79,  0.00,  0.79,  0.0,  0.0,  0.0
1036788.77397480, 44845.135721, 1000.0,    2.0,  998.0,  0.79,  0.00,  0.79,  0.0,  0.0,  0.0
1036788.77647480, 44843.039644, 1000.0,    2.0,  998.0,  0.79,  0.00,  0.79,  0.0,  0.0,  0.0
1036788.77897480, 44842.444338, 1000.0,    2.0,  998.0,  0.79,  0.00,  0.79,  0.0,  0.0,  0.0
1036788.78147480, 44840.185143, 1000.0,    2.0,  998.0,  0.79,  0.00,  0.79,  0.0,  0.0,  0.0
1036788.78397480, 44839.968279, 1000.0,    2.0,  998.0,  0.79,  0.00,  0.79,  0.0,  0.0,  0.0
1036788.78647480, 44840.250409, 1000.0,    2.0,  998.0,  0.79,  0.00,  0.79,  0.0,  0.0,  0.0
1036788.78897480, 44840.532539, 1000.0,    2.0,  998.0,  0.79,  0.00,  0.79,  0.0,  0.0,  0.0
1036788.79147480, 44841.263431, 1000.0,    2.0,  998.0,  0.79,  0.00,  0.79,  0.0,  0.0,  0.0
1036788.79397480, 44844.543755, 1000.0,    2.0,  998.0,  0.79,  0.00,  0.79,  0.0,  0.0,  0.0
1036788.79647480, 44843.272129, 1000.0,    2.0,  998.0,  0.79,  0.00,  0.79,  0.0,  0.0,  0.0
1036788.79897480, 44841.765881, 1000.0,    2.0,  998.0,  0.79,  0.00,  0.79,  0.0,  0.0,  0.0
1036788.80147480, 44840.444538, 1000.0,    2.0,  998.0,  0.79,  0.00,  0.79,  0.0,  0.0,  0.0
1036788.80397480, 44840.221720, 1000.0,    2.0,  998.0,  0.79,  0.00,  0.79,  0.0,  0.0,  0.0
1036788.80647480, 44840.913267, 1000.0,    2.0,  998.0,  0.79,  0.00,  0.79,  0.0,  0.0,  0.0
1036788.80897480, 44842.138402, 1000.0,    2.0,  998.0,  0.79,  0.00,  0.79,  0.0,  0.0,  0.0
1036788.81147480, 44843.288725, 1000.0,    2.0,  998.0,  0.79,  0.00,  0.79,  0.0,  0.0,  0.0
1036788.81397480, 44844.420637, 1000.0,    2.0,  998.0,  0.79,  0.00,  0.79,  0.0,  0.0,  0.0
1036788.81647480, 44843.335969, 1000.0,    2.0,  998.0,  0.79,  0.00,  0.79,  0.0,  0.0,  0.0
1036788.81897480, 44841.591891, 1000.0,    2.0,  998.0,  0.79,  0.00,  0.79,  0.0,  0.0,  0.0
1036788.82147480, 44840.445206, 1000.0,    2.0,  998.0,  0.79,  0.00,  0.79,  0.0,  0.0,  0.0
1036788.82397480, 44839.879961, 1000.0,    2.0,  998.0,  0.79,  0.00,  0.79,  0.0,  0.0,  0.0
1036788.82647480, 44840.095588, 1000.0,    2.0,  998.0,  0.79,  0.00,  0.79,  0.0,  0.0,  0.0
1036788.82897480, 44840.385243, 1000.0,    2.0,  998.0,  0.79,  0.00,  0.79,  0.0,  0.0,  0.0
1036788.83147480, 44843.825386, 1000.0,    2.0,  998.0,  0.79,  0.00,  0.79,  0.0,  0.0,  0.0
1036788.83397480, 44844.659262, 1000.0,    2.0,  998.0,  0.79,  0.00,  0.79,  0.0,  0.0,  0.0
1036788.83647480, 44843.409642, 1000.0,    2.0,  998.0,  0.79,  0.00,  0.79,  0.0,  0.0,  0.0
1036788.83897480, 44841.563824, 1000.0,    2.0,  998.0,  0.79,  0.00,  0.79,  0.0,  0.0,  0.0
1036788.84147480, 44840.354643, 1000.0,    2.0,  998.0,  0.79,  0.00,  0.79,  0.0,  0.0,  0.0
1036788.84397480, 44840.318274, 1000.0,    2.0,  998.0,  0.79,  0.00,  0.79,  0.0,  0.0,  0.0
1036788.84647480, 44841.457865, 1000.0,    2.0,  998.0,  0.79,  0.00,  0.79,  0.0,  0.0,  0.0
1036788.84897480, 44842.479638, 1000.0,    2.0,  998.0,  0.79,  0.00,  0.79,  0.0,  0.0,  0.0
1036788.85147480, 44843.255328, 1000.0,    2.0,  998.0,  0.79,  0.00,  0.79,  0.0,  0.0,  0.0
1036788.85397480, 44844.105475, 1000.0,    2.0,  998.0,  0.79,  0.00,  0.79,  0.0,  0.0,  0.0
1036788.85647480, 44845.117845, 1000.0,    2.0,  998.0,  0.79,  0.00,  0.79,  0.0,  0.0,  0.0
1036788.85897480, 44843.312782, 1000.0,    2.0,  998.0,  0.79,  0.00,  0.79,  0.0,  0.0,  0.0
1036788.86147480, 44841.361707, 1000.0,    2.0,  998.0,  0.79,  0.00,  0.79,  0.0,  0.0,  0.0
1036788.86397480, 44840.548342, 1000.0,    2.0,  998.0,  0.79,  0.00,  0.79,  0.0,  0.0,  0.0
1036788.86647480, 44840.152482, 1000.0,    2.0,  998.0,  0.79,  0.00,  0.79,  0.0,  0.0,  0.0
1036788.86897480, 44842.142068, 1000.0,    2.0,  998.0,  0.79,  0.00,  0.79,  0.0,  0.0,  0.0
1036788.87147480, 44843.949064, 1000.0,    2.0,  998.0,  0.79,  0.00,  0.79,  0.0,  0.0,  0.0
1036788.87397480, 44845.235132, 1000.0,    2.0,  998.0,  0.79,  0.00,  0.79,  0.0,  0.0,  0.0
1036788.87647480, 44844.718234, 1000.0,    2.0,  998.0,  0.79,  0.00,  0.79,  0.0,  0.0,  0.0
1036788.87897480, 44842.447071, 1000.0,    2.0,  998.0,  0.79,  0.00,  0.79,  0.0,  0.0,  0.0
1036788.88147480, 44841.688395, 1000.0,    2.0,  998.0,  0.79,  0.00,  0.79,  0.0,  0.0,  0.0
1036788.88397480, 44840.929720, 1000.0,    2.0,  998.0,  0.79,  0.00,  0.79,  0.0,  0.0,  0.0
1036788.88647480, 44840.171044, 1000.0,    2.0,  998.0,  0.79,  0.00,  0.79,  0.0,  0.0,  0.0
1036788.88897480, 44841.505192, 1000.0,    2.0,  998.0,  0.79,  0.00,  0.79,  0.0,  0.0,  0.0
1036788.89147480, 44843.569014, 1000.0,    2.0,  998.0,  0.79,  0.00,  0.79,  0.0,  0.0,  0.0
1036788.89647480, 44844.379524, 1000.0,    2.0,  998.0,  0.79,  0.00,  0.79,  0.0,  0.0,  0.0
1036788.89897480, 44841.909388, 1000.0,    2.0,  998.0,  0.79,  0.00,  0.79,  0.0,  0.0,  0.0
1036788.90147480, 44840.830175, 1000.0,    2.0,  998.0,  0.79,  0.00,  0.79,  0.0,  0.0,  0.0
1036788.90397480, 44840.205101, 1000.0,    2.0,  998.0,  0.79,  0.00,  0.79,  0.0,  0.0,  0.0
1036788.90647480, 44841.208016, 1000.0,    2.0,  998.0,  0.79,  0.00,  0.79,  0.0,  0.0,  0.0
1036788.90897480, 44842.721899, 1000.0,    2.0,  998.0,  0.79,  0.00,  0.79,  0.0,  0.0,  0.0
1036788.91147480, 44844.201602, 1000.0,    2.0,  998.0,  0.79,  0.00,  0.79,  0.0,  0.0,  0.0
1036788.91397480, 44844.619288, 1000.0,    2.0,  998.0,  0.79,  0.00,  0.79,  0.0,  0.0,  0.0
1036788.91647480, 44844.415954, 1000.0,    2.0,  998.0,  0.79,  0.00,  0.79,  0.0,  0.0,  0.0
1036788.91897480, 44842.081284, 1000.0,    2.0,  998.0,  0.79,  0.00,  0.79,  0.0,  0.0,  0.0
1036788.92147480, 44840.782363, 1000.0,    2.0,  998.0,  0.79,  0.00,  0.79,  0.0,  0.0,  0.0
1036788.92397480, 44840.538461, 1000.0,    2.0,  998.0,  0.79,  0.00,  0.79,  0.0,  0.0,  0.0
1036788.92647480, 44840.294559, 1000.0,    2.0,  998.0,  0.79,  0.00,  0.79,  0.0,  0.0,  0.0
1036788.92897480, 44841.819780, 1000.0,    2.0,  998.0,  0.79,  0.00,  0.79,  0.0,  0.0,  0.0
1036788.93147480, 44843.878099, 1000.0,    2.0,  998.0,  0.79,  0.00,  0.79,  0.0,  0.0,  0.0
1036788.93397480, 44844.249550, 1000.0,    2.0,  998.0,  0.79,  0.00,  0.79,  0.0,  0.0,  0.0
1036788.93647480, 44844.621001, 1000.0,    2.0,  998.0,  0.79,  0.00,  0.79,  0.0,  0.0,  0.0
1036788.93897480, 44844.992452, 1000.0,    2.0,  998.0,  0.79,  0.00,  0.79,  0.0,  0.0,  0.0
1036788.94147480, 44842.364934, 1000.0,    2.0,  998.0,  0.79,  0.00,  0.79,  0.0,  0.0,  0.0
1036788.94397480, 44840.139502, 1000.0,    2.0,  998.0,  0.79,  0.00,  0.79,  0.0,  0.0,  0.0
1036788.94647480, 44840.534369, 1000.0,    2.0,  998.0,  0.79,  0.00,  0.79,  0.0,  0.0,  0.0
1036788.94897480, 44842.176939, 1000.0,    2.0,  998.0,  0.79,  0.00,  0.79,  0.0,  0.0,  0.0
1036788.95147480, 44844.111667, 1000.0,    2.0,  998.0,  0.79,  0.00,  0.79,  0.0,  0.0,  0.0
1036788.95397480, 44844.748922, 1000.0,    2.0,  998.0,  0.79,  0.00,  0.79,  0.0,  0.0,  0.0
1036788.95647480, 44844.427633, 1000.0,    2.0,  998.0,  0.79,  0.00,  0.79,  0.0,  0.0,  0.0
1036788.95897480, 44842.021548, 1000.0,    2.0,  998.0,  0.79,  0.00,  0.79,  0.0,  0.0,  0.0
1036788.96147480, 44840.545531, 1000.0,    2.0,  998.0,  0.79,  0.00,  0.79,  0.0,  0.0,  0.0
1036788.96397480, 44840.272132, 1000.0,    2.0,  998.0,  0.79,  0.00,  0.79,  0.0,  0.0,  0.0
1036788.96647480, 44840.725273, 1000.0,    2.0,  998.0,  0.79,  0.00,  0.79,  0.0,  0.0,  0.0
1036788.96897480, 44842.632923, 1000.0,    2.0,  998.0,  0.79,  0.00,  0.79,  0.0,  0.0,  0.0
1036788.97147480, 44844.014443, 1000.0,    2.0,  998.0,  0.79,  0.00,  0.79,  0.0,  0.0,  0.0
1036788.97397480, 44844.339081, 1000.0,    2.0,  998.0,  0.79,  0.00,  0.79,  0.0,  0.0,  0.0
1036788.97647480, 44844.663720, 1000.0,    2.0,  998.0,  0.79,  0.00,  0.79,  0.0,  0.0,  0.0
1036788.97897480, 44841.907467, 1000.0,    2.0,  998.0,  0.79,  0.00,  0.79,  0.0,  0.0,  0.0
1036788.98147480, 44840.637528, 1000.0,    2.0,  998.0,  0.79,  0.00,  0.79,  0.0,  0.0,  0.0
1036788.98397480, 44839.822325, 1000.0,    2.0,  998.0,  0.79,  0.00,  0.79,  0.0,  0.0,  0.0
1036788.98647480, 44840.704160, 1000.0,    2.0,  998.0,  0.79,  0.00,  0.79,  0.0,  0.0,  0.0
1036788.98897480, 44841.452804, 1000.0,    2.0,  998.0,  0.79,  0.00,  0.79,  0.0,  0.0,  0.0
1036788.99147480, 44842.201449, 1000.0,    2.0,  998.0,  0.79,  0.00,  0.79,  0.0,  0.0,  0.0
1036788.99397480, 44844.074216, 1000.0,    2.0,  998.0,  0.79,  0.00,  0.79,  0.0,  0.0,  0.0
1036788.99647480, 44844.571958, 1000.0,    2.0,  998.0,  0.79,  0.00,  0.79,  0.0,  0.0,  0.0
1036788.99897480, 44842.712967, 1000.0,    2.0,  998.0,  0.79,  0.00,  0.79,  0.0,  0.0,  0.0
1036789.00147480, 44841.316070, 1000.0,    2.0,  998.0,  0.79,  0.00,  0.79,  0.0,  0.0,  0.0
1036789.00397480, 44840.609265, 1000.0,    2.0,  998.0,  0.79,  0.00,  0.79,  0.0,  0.0,  0.0
1036789.00647480, 44840.509451, 1000.0,    2.0,  998.0,  0.79,  0.00,  0.79,  0.0,  0.0,  0.0
1036789.00897480, 44840.714765, 1000.0,    2.0,  998.0,  0.79,  0.00,  0.79,  0.0,  0.0,  0.0
1036789.01147480, 44842.227101, 1000.0,    2.0,  998.0,  0.79,  0.00,  0.79,  0.0,  0.0,  0.0
1036789.01647480, 44844.248214, 1000.0,    2.0,  998.0,  0.79,  0.00,  0.79,  0.0,  0.0,  0.0
1036789.01897480, 44842.782161, 1000.0,    2.0,  998.0,  0.79,  0.00,  0.79,  0.0,  0.0,  0.0
1036789.02147480, 44841.162827, 1000.0,    2.0,  998.0,  0.79,  0.00,  0.79,  0.0,  0.0,  0.0
1036789.02397480, 44840.710899, 1000.0,    2.0,  998.0,  0.79,  0.00,  0.79,  0.0,  0.0,  0.0
1036789.02647480, 44840.556319, 1000.0,    2.0,  998.0,  0.79,  0.00,  0.79,  0.0,  0.0,  0.0
1036789.02897480, 44842.614822, 1000.0,    2.0,  998.0,  0.79,  0.00,  0.79,  0.0,  0.0,  0.0
1036789.03147480, 44844.309617, 1000.0,    2.0,  998.0,  0.79,  0.00,  0.79,  0.0,  0.0,  0.0
1036789.03397480, 44844.824556, 1000.0,    2.0,  998.0,  0.79,  0.00,  0.79,  0.0,  0.0,  0.0
1036789.03647480, 44845.339495, 1000.0,    2.0,  998.0,  0.79,  0.00,  0.79,  0.0,  0.0,  0.0
1036789.03897480, 44842.583414, 1000.0,    2.0,  998.0,  0.79,  0.00,  0.79,  0.0,  0.0,  0.0
1036789.04147480, 44841.069431, 1000.0,    2.0,  998.0,  0.79,  0.00,  0.79,  0.0,  0.0,  0.0
1036789.04397480, 44840.111847, 1000.0,    2.0,  998.0,  0.79,  0.00,  0.79,  0.0,  0.0,  0.0
1036789.04647480, 44840.424910, 1000.0,    2.0,  998.0,  0.79,  0.00,  0.79,  0.0,  0.0,  0.0
1036789.04897480, 44841.475733, 1000.0,    2.0,  998.0,  0.79,  0.00,  0.79,  0.0,  0.0,  0.0
1036789.05147480, 44843.135051, 1000.0,    2.0,  998.0,  0.79,  0.00,  0.79,  0.0,  0.0,  0.0
1036789.05397480, 44844.391149, 1000.0,    2.0,  998.0,  0.79,  0.00,  0.79,  0.0,  0.0,  0.0
1036789.05647480, 44844.254449, 1000.0,    2.0,  998.0,  0.79,  0.00,  0.79,  0.0,  0.0,  0.0
1036789.05897480, 44842.368705, 1000.0,    2.0,  998.0,  0.79,  0.00,  0.79,  0.0,  0.0,  0.0
1036789.06147480, 44840.879650, 1000.0,    2.0,  998.0,  0.79,  0.00,  0.79,  0.0,  0.0,  0.0
1036789.06397480, 44840.332018, 1000.0,    2.0,  998.0,  0.79,  0.00,  0.79,  0.0,  0.0,  0.0
1036789.06647480, 44840.033458, 1000.0,    2.0,  998.0,  0.79,  0.00,  0.79,  0.0,  0.0,  0.0
1036789.06897480, 44842.555258, 1000.0,    2.0,  998.0,  0.79,  0.00,  0.79,  0.0,  0.0,  0.0
1036789.07147480, 44843.981854, 1000.0,    2.0,  998.0,  0.79,  0.00,  0.79,  0.0,  0.0,  0.0
1036789.07397480, 44844.339460, 1000.0,    2.0,  998.0,  0.79,  0.00,  0.79,  0.0,  0.0,  0.0
1036789.07647480, 44844.697066, 1000.0,    2.0,  998.0,  0.79,  0.00,  0.79,  0.0,  0.0,  0.0
1036789.07897480, 44843.840615, 1000.0,    2.0,  998.0,  0.79,  0.00,  0.79,  0.0,  0.0,  0.0
1036789.08147480, 44841.684016, 1000.0,    2.0,  998.0,  0.79,  0.00,  0.79,  0.0,  0.0,  0.0
1036789.08397480, 44840.138066, 1000.0,    2.0,  998.0,  0.79,  0.00,  0.79,  0.0,  0.0,  0.0
1036789.08647480, 44840.502723, 1000.0,    2.0,  998.0,  0.79,  0.00,  0.79,  0.0,  0.0,  0.0
1036789.08897480, 44843.494842, 1000.0,    2.0,  998.0,  0.79,  0.00,  0.79,  0.0,  0.0,  0.0
1036789.09147480, 44843.994655, 1000.0,    2.0,  998.0,  0.79,  0.00,  0.79,  0.0,  0.0,  0.0
1036789.09397480, 44844.756396, 1000.0,    2.0,  998.0,  0.79,  0.00,  0.79,  0.0,  0.0,  0.0
1036789.09647480, 44844.034568, 1000.0,    2.0,  998.0,  0.79,  0.00,  0.79,  0.0,  0.0,  0.0
1036789.09897480, 44843.111821, 1000.0,    2.0,  998.0,  0.79,  0.00,  0.79,  0.0,  0.0,  0.0
1036789.10147480, 44840.982049, 1000.0,    2.0,  998.0,  0.79,  0.00,  0.79,  0.0,  0.0,  0.0
1036789.10397480, 44840.273329, 1000.0,    2.0,  998.0,  0.79,  0.00,  0.79,  0.0,  0.0,  0.0
1036789.10647480, 44840.822670, 1000.0,    2.0,  998.0,  0.79,  0.00,  0.79,  0.0,  0.0,  0.0
1036789.10897480, 44842.017324, 1000.0,    2.0,  998.0,  0.79,  0.00,  0.79,  0.0,  0.0,  0.0
1036789.11147480, 44843.211978, 1000.0,    2.0,  998.0,  0.79,  0.00,  0.79,  0.0,  0.0,  0.0
1036789.11397480, 44844.055272, 1000.0,    2.0,  998.0,  0.79,  0.00,  0.79,  0.0,  0.0,  0.0
1036789.11647480, 44844.256822, 1000.0,    2.0,  998.0,  0.79,  0.00,  0.79,  0.0,  0.0,  0.0
1036789.11897480, 44842.113606, 1000.0,    2.0,  998.0,  0.79,  0.00,  0.79,  0.0,  0.0,  0.0
1036789.12147480, 44841.004751, 1000.0,    2.0,  998.0,  0.79,  0.00,  0.79,  0.0,  0.0,  0.0
1036789.12397480, 44840.437202, 1000.0,    2.0,  998.0,  0.79,  0.00,  0.79,  0.0,  0.0,  0.0
1036789.12647480, 44840.426586, 1000.0,    2.0,  998.0,  0.79,  0.00,  0.79,  0.0,  0.0,  0.0
1036789.12897480, 44841.460994, 1000.0,    2.0,  998.0,  0.79,  0.00,  0.79,  0.0,  0.0,  0.0
1036789.13147480, 44842.876018, 1000.0,    2.0,  998.0,  0.79,  0.00,  0.79,  0.0,  0.0,  0.0
1036789.13397480, 44844.552249, 1000.0,    2.0,  998.0,  0.79,  0.00,  0.79,  0.0,  0.0,  0.0
1036789.13647480, 44843.322368, 1000.0,    2.0,  998.0,  0.79,  0.00,  0.79,  0.0,  0.0,  0.0
1036789.13897480, 44841.791966, 1000.0,    2.0,  998.0,  0.79,  0.00,  0.79,  0.0,  0.0,  0.0
1036789.14147480, 44840.497723, 1000.0,    2.0,  998.0,  0.79,  0.00,  0.79,  0.0,  0.0,  0.0
1036789.14397480, 44839.826950, 1000.0,    2.0,  998.0,  0.79,  0.00,  0.79,  0.0,  0.0,  0.0
1036789.14647480, 44841.193727, 1000.0,    2.0,  998.0,  0.79,  0.00,  0.79,  0.0,  0.0,  0.0
1036789.14897480, 44843.094128, 1000.0,    2.0,  998.0,  0.79,  0.00,  0.79,  0.0,  0.0,  0.0
1036789.15147480, 44844.369114, 1000.0,    2.0,  998.0,  0.79,  0.00,  0.79,  0.0,  0.0,  0.0
1036789.15397480, 44844.146824, 1000.0,    2.0,  998.0,  0.79,  0.00,  0.79,  0.0,  0.0,  0.0
1036789.15647480, 44843.971310, 1000.0,    2.0,  998.0,  0.79,  0.00,  0.79,  0.0,  0.0,  0.0
1036789.15897480, 44842.345028, 1000.0,    2.0,  998.0,  0.79,  0.00,  0.79,  0.0,  0.0,  0.0
1036789.16147480, 44841.160760, 1000.0,    2.0,  998.0,  0.79,  0.00,  0.79,  0.0,  0.0,  0.0
1036789.16397480, 44840.516620, 1000.0,    2.0,  998.0,  0.79,  0.00,  0.79,  0.0,  0.0,  0.0
1036789.16647480, 44840.679050, 1000.0,    2.0,  998.0,  0.79,  0.00,  0.79,  0.0,  0.0,  0.0
1036789.16897480, 44842.207452, 1000.0,    2.0,  998.0,  0.79,  0.00,  0.79,  0.0,  0.0,  0.0
1036789.17147480, 44843.902025, 1000.0,    2.0,  998.0,  0.79,  0.00,  0.79,  0.0,  0.0,  0.0
1036789.17397480, 44844.250123, 1000.0,    2.0,  998.0,  0.79,  0.00,  0.79,  0.0,  0.0,  0.0
1036789.17647480, 44843.923865, 1000.0,    2.0,  998.0,  0.79,  0.00,  0.79,  0.0,  0.0,  0.0
1036789.17897480, 44843.079522, 1000.0,    2.0,  998.0,  0.79,  0.00,  0.79,  0.0,  0.0,  0.0
1036789.18147480, 44841.844009, 1000.0,    2.0,  998.0,  0.79,  0.00,  0.79,  0.0,  0.0,  0.0
1036789.18397480, 44840.336395, 1000.0,    2.0,  998.0,  0.79,  0.00,  0.79,  0.0,  0.0,  0.0
1036789.18647480, 44840.177053, 1000.0,    2.0,  998.0,  0.79,  0.00,  0.79,  0.0,  0.0,  0.0
1036789.18897480, 44840.548092, 1000.0,    2.0,  998.0,  0.79,  0.00,  0.79,  0.0,  0.0,  0.0
1036789.19147480, 44840.919131, 1000.0,    2.0,  998.0,  0.79,  0.00,  0.79,  0.0,  0.0,  0.0
1036789.19397480, 44841.290171, 1000.0,    2.0,  998.0,  0.79,  0.00,  0.79,  0.0,  0.0,  0.0
1036789.19647480, 44842.016341, 1000.0,    2.0,  998.0,  0.79,  0.00,  0.79,  0.0,  0.0,  0.0
1036789.19897480, 44842.273434, 1000.0,    2.0,  998.0,  0.79,  0.00,  0.79,  0.0,  0.0,  0.0
1036789.20147480, 44840.636911, 1000.0,    2.0,  998.0,  0.79,  0.00,  0.79,  0.0,  0.0,  0.0
1036789.20397480, 44839.697753, 1000.0,    2.0,  998.0,  0.79,  0.00,  0.79,  0.0,  0.0,  0.0
1036789.20647480, 44840.052168, 1000.0,    2.0,  998.0,  0.79,  0.00,  0.79,  0.0,  0.0,  0.0
1036789.20897480, 44840.803993, 1000.0,    2.0,  998.0,  0.79,  0.00,  0.79,  0.0,  0.0,  0.0
1036789.21147480, 44841.916534, 1000.0,    2.0,  998.0,  0.79,  0.00,  0.79,  0.0,  0.0,  0.0
1036789.21397480, 44843.029075, 1000.0,    2.0,  998.0,  0.79,  0.00,  0.79,  0.0,  0.0,  0.0
1036789.21647480, 44843.031792, 1000.0,    2.0,  998.0,  0.79,  0.00,  0.79,  0.0,  0.0,  0.0
1036789.21897480, 44842.775902, 1000.0,    2.0,  998.0,  0.79,  0.00,  0.79,  0.0,  0.0,  0.0
1036789.22147480, 44840.768767, 1000.0,    2.0,  998.0,  0.79,  0.00,  0.79,  0.0,  0.0,  0.0
1036789.22397480, 44839.961187, 1000.0,    2.0,  998.0,  0.79,  0.00,  0.79,  0.0,  0.0,  0.0
1036789.22647480, 44840.628267, 1000.0,    2.0,  998.0,  0.79,  0.00,  0.79,  0.0,  0.0,  0.0
1036789.22897480, 44841.929514, 1000.0,    2.0,  998.0,  0.79,  0.00,  0.79,  0.0,  0.0,  0.0
1036789.23147480, 44844.140385, 1000.0,    2.0,  998.0,  0.79,  0.00,  0.79,  0.0,  0.0,  0.0
1036789.23397480, 44844.886655, 1000.0,    2.0,  998.0,  0.79,  0.00,  0.79,  0.0,  0.0,  0.0
1036789.23647480, 44843.828681, 1000.0,    2.0,  998.0,  0.79,  0.00,  0.79,  0.0,  0.0,  0.0
1036789.23897480, 44842.650141, 1000.0,    2.0,  998.0,  0.79,  0.00,  0.79,  0.0,  0.0,  0.0
1036789.24147480, 44842.112650, 1000.0,    2.0,  998.0,  0.79,  0.00,  0.79,  0.0,  0.0,  0.0
1036789.24397480, 44841.575158, 1000.0,    2.0,  998.0,  0.79,  0.00,  0.79,  0.0,  0.0,  0.0
1036789.24647480, 44841.540149, 1000.0,    2.0,  998.0,  0.79,  0.00,  0.79,  0.0,  0.0,  0.0
1036789.24897480, 44843.531310, 1000.0,    2.0,  998.0,  0.79,  0.00,  0.79,  0.0,  0.0,  0.0
1036789.25147480, 44844.831643, 1000.0,    2.0,  998.0,  0.79,  0.00,  0.79,  0.0,  0.0,  0.0
1036789.25397480, 44845.245076, 1000.0,    2.0,  998.0,  0.79,  0.00,  0.79,  0.0,  0.0,  0.0
1036789.25647480, 44843.559628, 1000.0,    2.0,  998.0,  0.79,  0.00,  0.79,  0.0,  0.0,  0.0
1036789.25897480, 44842.989719, 1000.0,    2.0,  998.0,  0.79,  0.00,  0.79,  0.0,  0.0,  0.0
1036789.26147480, 44842.989719, 1000.0,    2.0,  998.0,  0.79,  0.00,  0.79,  0.0,  0.0,  0.0
1036789.26397480, 44841.643731, 1000.0,    2.0,  998.0,  0.79,  0.00,  0.79,  0.0,  0.0,  0.0
1036789.26647480, 44841.336989, 1000.0,    2.0,  998.0,  0.79,  0.00,  0.79,  0.0,  0.0,  0.0
1036789.26897480, 44841.974092, 1000.0,    2.0,  998.0,  0.79,  0.00,  0.79,  0.0,  0.0,  0.0
1036789.27147480, 44842.630074, 1000.0,    2.0,  998.0,  0.79,  0.00,  0.79,  0.0,  0.0,  0.0
1036789.27397480, 44843.315904, 1000.0,    2.0,  998.0,  0.79,  0.00,  0.79,  0.0,  0.0,  0.0
1036789.27647480, 44843.627746, 1000.0,    2.0,  998.0,  0.79,  0.00,  0.79,  0.0,  0.0,  0.0
1036789.27897480, 44842.955203, 1000.0,    2.0,  998.0,  0.79,  0.00,  0.79,  0.0,  0.0,  0.0
1036789.28147480, 44841.538285, 1000.0,    2.0,  998.0,  0.79,  0.00,  0.79,  0.0,  0.0,  0.0
1036789.28397480, 44840.031578, 1000.0,    2.0,  998.0,  0.79,  0.00,  0.79,  0.0,  0.0,  0.0
1036789.28647480, 44840.721967, 1000.0,    2.0,  998.0,  0.79,  0.00,  0.79,  0.0,  0.0,  0.0
1036789.28897480, 44842.655917, 1000.0,    2.0,  998.0,  0.79,  0.00,  0.79,  0.0,  0.0,  0.0
1036789.29147480, 44844.013010, 1000.0,    2.0,  998.0,  0.79,  0.00,  0.79,  0.0,  0.0,  0.0
1036789.29397480, 44844.357150, 1000.0,    2.0,  998.0,  0.79,  0.00,  0.79,  0.0,  0.0,  0.0
1036789.29647480, 44844.232031, 1000.0,    2.0,  998.0,  0.79,  0.00,  0.79,  0.0,  0.0,  0.0
1036789.29897480, 44843.201009, 1000.0,    2.0,  998.0,  0.79,  0.00,  0.79,  0.0,  0.0,  0.0
1036789.30147480, 44840.934364, 1000.0,    2.0,  998.0,  0.79,  0.00,  0.79,  0.0,  0.0,  0.0
1036789.30397480, 44840.274438, 1000.0,    2.0,  998.0,  0.79,  0.00,  0.79,  0.0,  0.0,  0.0
1036789.30647480, 44840.193982, 1000.0,    2.0,  998.0,  0.79,  0.00,  0.79,  0.0,  0.0,  0.0
1036789.30897480, 44841.261140, 1000.0,    2.0,  998.0,  0.79,  0.00,  0.79,  0.0,  0.0,  0.0
1036789.31147480, 44842.764585, 1000.0,    2.0,  998.0,  0.79,  0.00,  0.79,  0.0,  0.0,  0.0
1036789.31397480, 44844.683469, 1000.0,    2.0,  998.0,  0.79,  0.00,  0.79,  0.0,  0.0,  0.0
1036789.31647480, 44843.973318, 1000.0,    2.0,  998.0,  0.79,  0.00,  0.79,  0.0,  0.0,  0.0
1036789.31897480, 44842.922882, 1000.0,    2.0,  998.0,  0.79,  0.00,  0.79,  0.0,  0.0,  0.0
1036789.32147480, 44840.571010, 1000.0,    2.0,  998.0,  0.79,  0.00,  0.79,  0.0,  0.0,  0.0
1036789.32397480, 44840.042527, 1000.0,    2.0,  998.0,  0.79,  0.00,  0.79,  0.0,  0.0,  0.0
1036789.32647480, 44841.097438, 1000.0,    2.0,  998.0,  0.79,  0.00,  0.79,  0.0,  0.0,  0.0
1036789.32897480, 44842.665477, 1000.0,    2.0,  998.0,  0.79,  0.00,  0.79,  0.0,  0.0,  0.0
1036789.33147480, 44843.834564, 1000.0,    2.0,  998.0,  0.79,  0.00,  0.79,  0.0,  0.0,  0.0
1036789.33397480, 44844.454541, 1000.0,    2.0,  998.0,  0.79,  0.00,  0.79,  0.0,  0.0,  0.0
1036789.33647480, 44844.876579, 1000.0,    2.0,  998.0,  0.79,  0.00,  0.79,  0.0,  0.0,  0.0
1036789.33897480, 44843.248086, 1000.0,    2.0,  998.0,  0.79,  0.00,  0.79,  0.0,  0.0,  0.0
1036789.34147480, 44840.862318, 1000.0,    2.0,  998.0,  0.79,  0.00,  0.79,  0.0,  0.0,  0.0
1036789.34397480, 44840.179250, 1000.0,    2.0,  998.0,  0.79,  0.00,  0.79,  0.0,  0.0,  0.0
1036789.34647480, 44840.434193, 1000.0,    2.0,  998.0,  0.79,  0.00,  0.79,  0.0,  0.0,  0.0
1036789.34897480, 44841.566387, 1000.0,    2.0,  998.0,  0.79,  0.00,  0.79,  0.0,  0.0,  0.0
1036789.35147480, 44843.774939, 1000.0,    2.0,  998.0,  0.79,  0.00,  0.79,  0.0,  0.0,  0.0
1036789.35397480, 44844.690493, 1000.0,    2.0,  998.0,  0.79,  0.00,  0.79,  0.0,  0.0,  0.0
1036789.35647480, 44844.460792, 1000.0,    2.0,  998.0,  0.79,  0.00,  0.79,  0.0,  0.0,  0.0
1036789.35897480, 44843.746382, 1000.0,    2.0,  998.0,  0.79,  0.00,  0.79,  0.0,  0.0,  0.0
1036789.36147480, 44843.011064, 1000.0,    2.0,  998.0,  0.79,  0.00,  0.79,  0.0,  0.0,  0.0
1036789.36397480, 44840.963313, 1000.0,    2.0,  998.0,  0.79,  0.00,  0.79,  0.0,  0.0,  0.0
1036789.36647480, 44840.483656, 1000.0,    2.0,  998.0,  0.79,  0.00,  0.79,  0.0,  0.0,  0.0
1036789.36897480, 44841.621711, 1000.0,    2.0,  998.0,  0.79,  0.00,  0.79,  0.0,  0.0,  0.0
1036789.37147480, 44843.358828, 1000.0,    2.0,  998.0,  0.79,  0.00,  0.79,  0.0,  0.0,  0.0
1036789.37397480, 44844.639711, 1000.0,    2.0,  998.0,  0.79,  0.00,  0.79,  0.0,  0.0,  0.0
1036789.37647480, 44844.100515, 1000.0,    2.0,  998.0,  0.79,  0.00,  0.79,  0.0,  0.0,  0.0
1036789.37897480, 44843.392702, 1000.0,    2.0,  998.0,  0.79,  0.00,  0.79,  0.0,  0.0,  0.0
1036789.38147480, 44842.535888, 1000.0,    2.0,  998.0,  0.79,  0.00,  0.79,  0.0,  0.0,  0.0
1036789.38397480, 44841.264783, 1000.0,    2.0,  998.0,  0.79,  0.00,  0.79,  0.0,  0.0,  0.0
1036789.38647480, 44840.254862, 1000.0,    2.0,  998.0,  0.79,  0.00,  0.79,  0.0,  0.0,  0.0
1036789.38897480, 44842.890468, 1000.0,    2.0,  998.0,  0.79,  0.00,  0.79,  0.0,  0.0,  0.0
1036789.39147480, 44844.307944, 1000.0,    2.0,  998.0,  0.79,  0.00,  0.79,  0.0,  0.0,  0.0
1036789.39397480, 44844.992959, 1000.0,    2.0,  998.0,  0.79,  0.00,  0.79,  0.0,  0.0,  0.0
1036789.39647480, 44844.478112, 1000.0,    2.0,  998.0,  0.79,  0.00,  0.79,  0.0,  0.0,  0.0
1036789.39897480, 44843.407033, 1000.0,    2.0,  998.0,  0.79,  0.00,  0.79,  0.0,  0.0,  0.0
1036789.40147480, 44841.790160, 1000.0,    2.0,  998.0,  0.79,  0.00,  0.79,  0.0,  0.0,  0.0
1036789.40397480, 44839.745422, 1000.0,    2.0,  998.0,  0.79,  0.00,  0.79,  0.0,  0.0,  0.0
1036789.40647480, 44839.961109, 1000.0,    2.0,  998.0,  0.79,  0.00,  0.79,  0.0,  0.0,  0.0
1036789.40897480, 44840.503856, 1000.0,    2.0,  998.0,  0.79,  0.00,  0.79,  0.0,  0.0,  0.0
1036789.41147480, 44841.110351, 1000.0,    2.0,  998.0,  0.79,  0.00,  0.79,  0.0,  0.0,  0.0
1036789.41397480, 44841.911539, 1000.0,    2.0,  998.0,  0.79,  0.00,  0.79,  0.0,  0.0,  0.0
1036789.41647480, 44843.909491, 1000.0,    2.0,  998.0,  0.79,  0.00,  0.79,  0.0,  0.0,  0.0
1036789.41897480, 44842.548404, 1000.0,    2.0,  998.0,  0.79,  0.00,  0.79,  0.0,  0.0,  0.0
1036789.42147480, 44841.590887, 1000.0,    2.0,  998.0,  0.79,  0.00,  0.79,  0.0,  0.0,  0.0
1036789.42397480, 44840.679072, 1000.0,    2.0,  998.0,  0.79,  0.00,  0.79,  0.0,  0.0,  0.0
1036789.42647480, 44840.274044, 1000.0,    2.0,  998.0,  0.79,  0.00,  0.79,  0.0,  0.0,  0.0
1036789.42897480, 44840.188429, 1000.0,    2.0,  998.0,  0.79,  0.00,  0.79,  0.0,  0.0,  0.0
1036789.43147480, 44842.882109, 1000.0,    2.0,  998.0,  0.79,  0.00,  0.79,  0.0,  0.0,  0.0
1036789.43397480, 44844.303800, 1000.0,    2.0,  998.0,  0.79,  0.00,  0.79,  0.0,  0.0,  0.0
1036789.43647480, 44844.021039, 1000.0,    2.0,  998.0,  0.79,  0.00,  0.79,  0.0,  0.0,  0.0
1036789.43897480, 44842.486243, 1000.0,    2.0,  998.0,  0.79,  0.00,  0.79,  0.0,  0.0,  0.0
1036789.44147480, 44841.942645, 1000.0,    2.0,  998.0,  0.79,  0.00,  0.79,  0.0,  0.0,  0.0
1036789.44397480, 44841.399047, 1000.0,    2.0,  998.0,  0.79,  0.00,  0.79,  0.0,  0.0,  0.0
1036789.44647480, 44840.855448, 1000.0,    2.0,  998.0,  0.79,  0.00,  0.79,  0.0,  0.0,  0.0
1036789.44897480, 44842.579137, 1000.0,    2.0,  998.0,  0.79,  0.00,  0.79,  0.0,  0.0,  0.0
1036789.45147480, 44843.502877, 1000.0,    2.0,  998.0,  0.79,  0.00,  0.79,  0.0,  0.0,  0.0
1036789.45397480, 44844.777740, 1000.0,    2.0,  998.0,  0.79,  0.00,  0.79,  0.0,  0.0,  0.0
1036789.45647480, 44844.453140, 1000.0,    2.0,  998.0,  0.79,  0.00,  0.79,  0.0,  0.0,  0.0
1036789.45897480, 44843.617751, 1000.0,    2.0,  998.0,  0.79,  0.00,  0.79,  0.0,  0.0,  0.0
1036789.46147480, 44842.782362, 1000.0,    2.0,  998.0,  0.79,  0.00,  0.79,  0.0,  0.0,  0.0
1036789.46397480, 44842.031670, 1000.0,    2.0,  998.0,  0.79,  0.00,  0.79,  0.0,  0.0,  0.0
1036789.46647480, 44841.311308, 1000.0,    2.0,  998.0,  0.79,  0.00,  0.79,  0.0,  0.0,  0.0
1036789.46897480, 44840.869566, 1000.0,    2.0,  998.0,  0.79,  0.00,  0.79,  0.0,  0.0,  0.0
1036789.47147480, 44844.230187, 1000.0,    2.0,  998.0,  0.79,  0.00,  0.79,  0.0,  0.0,  0.0
1036789.47397480, 44844.400080, 1000.0,    2.0,  998.0,  0.79,  0.00,  0.79,  0.0,  0.0,  0.0
1036789.47647480, 44844.569974, 1000.0,    2.0,  998.0,  0.79,  0.00,  0.79,  0.0,  0.0,  0.0
1036789.47897480, 44844.739868, 1000.0,    2.0,  998.0,  0.79,  0.00,  0.79,  0.0,  0.0,  0.0
1036789.48147480, 44844.822429, 1000.0,    2.0,  998.0,  0.79,  0.00,  0.79,  0.0,  0.0,  0.0
1036789.48397480, 44842.669605, 1000.0,    2.0,  998.0,  0.79,  0.00,  0.79,  0.0,  0.0,  0.0
1036789.48647480, 44840.516782, 1000.0,    2.0,  998.0,  0.79,  0.00,  0.79,  0.0,  0.0,  0.0
1036789.48897480, 44841.071285, 1000.0,    2.0,  998.0,  0.79,  0.00,  0.79,  0.0,  0.0,  0.0
1036789.49147480, 44841.718760, 1000.0,    2.0,  998.0,  0.79,  0.00,  0.79,  0.0,  0.0,  0.0
1036789.49397480, 44842.604913, 1000.0,    2.0,  998.0,  0.79,  0.00,  0.79,  0.0,  0.0,  0.0
1036789.49647480, 44843.756396, 1000.0,    2.0,  998.0,  0.79,  0.00,  0.79,  0.0,  0.0,  0.0
1036789.49897480, 44843.145722, 1000.0,    2.0,  998.0,  0.79,  0.00,  0.79,  0.0,  0.0,  0.0
1036789.50147480, 44840.648644, 1000.0,    2.0,  998.0,  0.79,  0.00,  0.79,  0.0,  0.0,  0.0
1036789.50397480, 44839.938417, 1000.0,    2.0,  998.0,  0.79,  0.00,  0.79,  0.0,  0.0,  0.0
1036789.50647480, 44839.874061, 1000.0,    2.0,  998.0,  0.79,  0.00,  0.79,  0.0,  0.0,  0.0
1036789.50897480, 44840.762057, 1000.0,    2.0,  998.0,  0.79,  0.00,  0.79,  0.0,  0.0,  0.0
1036789.51147480, 44841.650052, 1000.0,    2.0,  998.0,  0.79,  0.00,  0.79,  0.0,  0.0,  0.0
1036789.51397480, 44842.801605, 1000.0,    2.0,  998.0,  0.79,  0.00,  0.79,  0.0,  0.0,  0.0
1036789.51647480, 44844.027686, 1000.0,    2.0,  998.0,  0.79,  0.00,  0.79,  0.0,  0.0,  0.0
1036789.51897480, 44841.575646, 1000.0,    2.0,  998.0,  0.79,  0.00,  0.79,  0.0,  0.0,  0.0
1036789.52147480, 44840.584286, 1000.0,    2.0,  998.0,  0.79,  0.00,  0.79,  0.0,  0.0,  0.0
1036789.52397480, 44840.598539, 1000.0,    2.0,  998.0,  0.79,  0.00,  0.79,  0.0,  0.0,  0.0
1036789.52647480, 44840.622275, 1000.0,    2.0,  998.0,  0.79,  0.00,  0.79,  0.0,  0.0,  0.0
1036789.52897480, 44840.646011, 1000.0,    2.0,  998.0,  0.79,  0.00,  0.79,  0.0,  0.0,  0.0
1036789.53147480, 44840.669747, 1000.0,    2.0,  998.0,  0.79,  0.00,  0.79,  0.0,  0.0,  0.0
1036789.53397480, 44842.287567, 1000.0,    2.0,  998.0,  0.79,  0.00,  0.79,  0.0,  0.0,  0.0
1036789.53647480, 44843.909800, 1000.0,    2.0,  998.0,  0.79,  0.00,  0.79,  0.0,  0.0,  0.0
1036789.53897480, 44842.966403, 1000.0,    2.0,  998.0,  0.79,  0.00,  0.79,  0.0,  0.0,  0.0
1036789.54147480, 44841.575221, 1000.0,    2.0,  998.0,  0.79,  0.00,  0.79,  0.0,  0.0,  0.0
1036789.54397480, 44840.191010, 1000.0,    2.0,  998.0,  0.79,  0.00,  0.79,  0.0,  0.0,  0.0
1036789.54647480, 44840.525568, 1000.0,    2.0,  998.0,  0.79,  0.00,  0.79,  0.0,  0.0,  0.0
1036789.54897480, 44843.117080, 1000.0,    2.0,  998.0,  0.79,  0.00,  0.79,  0.0,  0.0,  0.0
1036789.55147480, 44843.962582, 1000.0,    2.0,  998.0,  0.79,  0.00,  0.79,  0.0,  0.0,  0.0
1036789.55397480, 44844.057525, 1000.0,    2.0,  998.0,  0.79,  0.00,  0.79,  0.0,  0.0,  0.0
1036789.55647480, 44844.249313, 1000.0,    2.0,  998.0,  0.79,  0.00,  0.79,  0.0,  0.0,  0.0
1036789.55897480, 44843.960019, 1000.0,    2.0,  998.0,  0.79,  0.00,  0.79,  0.0,  0.0,  0.0
1036789.56147480, 44841.064015, 1000.0,    2.0,  998.0,  0.79,  0.00,  0.79,  0.0,  0.0,  0.0
1036789.56397480, 44840.376310, 1000.0,    2.0,  998.0,  0.79,  0.00,  0.79,  0.0,  0.0,  0.0
1036789.56647480, 44840.429602, 1000.0,    2.0,  998.0,  0.79,  0.00,  0.79,  0.0,  0.0,  0.0
1036789.56897480, 44841.521771, 1000.0,    2.0,  998.0,  0.79,  0.00,  0.79,  0.0,  0.0,  0.0
1036789.57147480, 44843.864164, 1000.0,    2.0,  998.0,  0.79,  0.00,  0.79,  0.0,  0.0,  0.0
1036789.57397480, 44844.967628, 1000.0,    2.0,  998.0,  0.79,  0.00,  0.79,  0.0,  0.0,  0.0
1036789.57647480, 44843.943185, 1000.0,    2.0,  998.0,  0.79,  0.00,  0.79,  0.0,  0.0,  0.0
1036789.57897480, 44842.640196, 1000.0,    2.0,  998.0,  0.79,  0.00,  0.79,  0.0,  0.0,  0.0
1036789.58147480, 44841.472847, 1000.0,    2.0,  998.0,  0.79,  0.00,  0.79,  0.0,  0.0,  0.0
1036789.58397480, 44840.861030, 1000.0,    2.0,  998.0,  0.79,  0.00,  0.79,  0.0,  0.0,  0.0
1036789.58647480, 44840.702939, 1000.0,    2.0,  998.0,  0.79,  0.00,  0.79,  0.0,  0.0,  0.0
1036789.58897480, 44842.482994, 1000.0,    2.0,  998.0,  0.79,  0.00,  0.79,  0.0,  0.0,  0.0
1036789.59147480, 44843.254356, 1000.0,    2.0,  998.0,  0.79,  0.00,  0.79,  0.0,  0.0,  0.0
1036789.59397480, 44844.025718, 1000.0,    2.0,  998.0,  0.79,  0.00,  0.79,  0.0,  0.0,  0.0
1036789.59647480, 44844.500598, 1000.0,    2.0,  998.0,  0.79,  0.00,  0.79,  0.0,  0.0,  0.0
1036789.59897480, 44844.817374, 1000.0,    2.0,  998.0,  0.79,  0.00,  0.79,  0.0,  0.0,  0.0
1036789.60147480, 44841.440957, 1000.0,    2.0,  998.0,  0.79,  0.00,  0.79,  0.0,  0.0,  0.0
1036789.60397480, 44840.525142, 1000.0,    2.0,  998.0,  0.79,  0.00,  0.79,  0.0,  0.0,  0.0
1036789.60647480, 44840.488069, 1000.0,    2.0,  998.0,  0.79,  0.00,  0.79,  0.0,  0.0,  0.0
1036789.60897480, 44840.488069, 1000.0,    2.0,  998.0,  0.79,  0.00,  0.79,  0.0,  0.0,  0.0
1036789.61147480, 44841.449337, 1000.0,    2.0,  998.0,  0.79,  0.00,  0.79,  0.0,  0.0,  0.0
1036789.61397480, 44843.009736, 1000.0,    2.0,  998.0,  0.79,  0.00,  0.79,  0.0,  0.0,  0.0
1036789.61647480, 44844.570135, 1000.0,    2.0,  998.0,  0.79,  0.00,  0.79,  0.0,  0.0,  0.0
1036789.61897480, 44843.949645, 1000.0,    2.0,  998.0,  0.79,  0.00,  0.79,  0.0,  0.0,  0.0
1036789.62147480, 44842.896321, 1000.0,    2.0,  998.0,  0.79,  0.00,  0.79,  0.0,  0.0,  0.0
1036789.62397480, 44841.842998, 1000.0,    2.0,  998.0,  0.79,  0.00,  0.79,  0.0,  0.0,  0.0
1036789.62647480, 44841.197692, 1000.0,    2.0,  998.0,  0.79,  0.00,  0.79,  0.0,  0.0,  0.0
1036789.62897480, 44841.408993, 1000.0,    2.0,  998.0,  0.79,  0.00,  0.79,  0.0,  0.0,  0.0
1036789.63147480, 44841.620294, 1000.0,    2.0,  998.0,  0.79,  0.00,  0.79,  0.0,  0.0,  0.0
1036789.63397480, 44841.831595, 1000.0,    2.0,  998.0,  0.79,  0.00,  0.79,  0.0,  0.0,  0.0
1036789.63647480, 44842.091069, 1000.0,    2.0,  998.0,  0.79,  0.00,  0.79,  0.0,  0.0,  0.0
1036789.63897480, 44842.249499, 1000.0,    2.0,  998.0,  0.79,  0.00,  0.79,  0.0,  0.0,  0.0
1036789.64147480, 44841.171950, 1000.0,    2.0,  998.0,  0.79,  0.00,  0.79,  0.0,  0.0,  0.0
1036789.64397480, 44840.431788, 1000.0,    2.0,  998.0,  0.79,  0.00,  0.79,  0.0,  0.0,  0.0
1036789.64647480, 44840.724175, 1000.0,    2.0,  998.0,  0.79,  0.00,  0.79,  0.0,  0.0,  0.0
1036789.64897480, 44841.016561, 1000.0,    2.0,  998.0,  0.79,  0.00,  0.79,  0.0,  0.0,  0.0
1036789.65147480, 44841.308947, 1000.0,    2.0,  998.0,  0.79,  0.00,  0.79,  0.0,  0.0,  0.0
1036789.65397480, 44841.601334, 1000.0,    2.0,  998.0,  0.79,  0.00,  0.79,  0.0,  0.0,  0.0
1036789.65647480, 44841.879429, 1000.0,    2.0,  998.0,  0.79,  0.00,  0.79,  0.0,  0.0,  0.0
1036789.65897480, 44842.014352, 1000.0,    2.0,  998.0,  0.79,  0.00,  0.79,  0.0,  0.0,  0.0
1036789.66147480, 44842.149275, 1000.0,    2.0,  998.0,  0.79,  0.00,  0.79,  0.0,  0.0,  0.0
1036789.66647480, 44841.470593, 1000.0,    2.0,  998.0,  0.79,  0.00,  0.79,  0.0,  0.0,  0.0
1036789.66897480, 44840.962864, 1000.0,    2.0,  998.0,  0.79,  0.00,  0.79,  0.0,  0.0,  0.0
1036789.67147480, 44840.455135, 1000.0,    2.0,  998.0,  0.79,  0.00,  0.79,  0.0,  0.0,  0.0
1036789.67397480, 44842.635875, 1000.0,    2.0,  998.0,  0.79,  0.00,  0.79,  0.0,  0.0,  0.0
1036789.67647480, 44844.264311, 1000.0,    2.0,  998.0,  0.79,  0.00,  0.79,  0.0,  0.0,  0.0
1036789.67897480, 44843.823574, 1000.0,    2.0,  998.0,  0.79,  0.00,  0.79,  0.0,  0.0,  0.0
1036789.68147480, 44843.382837, 1000.0,    2.0,  998.0,  0.79,  0.00,  0.79,  0.0,  0.0,  0.0
1036789.68397480, 44842.942100, 1000.0,    2.0,  998.0,  0.79,  0.00,  0.79,  0.0,  0.0,  0.0
1036789.68647480, 44842.387351, 1000.0,    2.0,  998.0,  0.79,  0.00,  0.79,  0.0,  0.0,  0.0
1036789.68897480, 44841.782727, 1000.0,    2.0,  998.0,  0.79,  0.00,  0.79,  0.0,  0.0,  0.0
1036789.69147480, 44843.924949, 1000.0,    2.0,  998.0,  0.79,  0.00,  0.79,  0.0,  0.0,  0.0
1036789.69397480, 44844.954740, 1000.0,    2.0,  998.0,  0.79,  0.00,  0.79,  0.0,  0.0,  0.0
1036789.69647480, 44844.452824, 1000.0,    2.0,  998.0,  0.79,  0.00,  0.79,  0.0,  0.0,  0.0
1036789.69897480, 44842.403565, 1000.0,    2.0,  998.0,  0.79,  0.00,  0.79,  0.0,  0.0,  0.0
1036789.70147480, 44840.702760, 1000.0,    2.0,  998.0,  0.79,  0.00,  0.79,  0.0,  0.0,  0.0
1036789.70397480, 44840.078048, 1000.0,    2.0,  998.0,  0.79,  0.00,  0.79,  0.0,  0.0,  0.0
1036789.70647480, 44840.280555, 1000.0,    2.0,  998.0,  0.79,  0.00,  0.79,  0.0,  0.0,  0.0
1036789.70897480, 44840.483062, 1000.0,    2.0,  998.0,  0.79,  0.00,  0.79,  0.0,  0.0,  0.0
1036789.71147480, 44840.685568, 1000.0,    2.0,  998.0,  0.79,  0.00,  0.79,  0.0,  0.0,  0.0
1036789.71397480, 44842.368629, 1000.0,    2.0,  998.0,  0.79,  0.00,  0.79,  0.0,  0.0,  0.0
1036789.71647480, 44844.390357, 1000.0,    2.0,  998.0,  0.79,  0.00,  0.79,  0.0,  0.0,  0.0
1036789.71897480, 44844.198947, 1000.0,    2.0,  998.0,  0.79,  0.00,  0.79,  0.0,  0.0,  0.0
1036789.72147480, 44843.760538, 1000.0,    2.0,  998.0,  0.79,  0.00,  0.79,  0.0,  0.0,  0.0
1036789.72397480, 44843.322128, 1000.0,    2.0,  998.0,  0.79,  0.00,  0.79,  0.0,  0.0,  0.0
1036789.72647480, 44842.883719, 1000.0,    2.0,  998.0,  0.79,  0.00,  0.79,  0.0,  0.0,  0.0
1036789.72897480, 44842.445309, 1000.0,    2.0,  998.0,  0.79,  0.00,  0.79,  0.0,  0.0,  0.0
1036789.73147480, 44842.006900, 1000.0,    2.0,  998.0,  0.79,  0.00,  0.79,  0.0,  0.0,  0.0
1036789.73397480, 44841.568490, 1000.0,    2.0,  998.0,  0.79,  0.00,  0.79,  0.0,  0.0,  0.0
1036789.73647480, 44841.443102, 1000.0,    2.0,  998.0,  0.79,  0.00,  0.79,  0.0,  0.0,  0.0
1036789.73897480, 44842.619873, 1000.0,    2.0,  998.0,  0.79,  0.00,  0.79,  0.0,  0.0,  0.0
1036789.74147480, 44841.877182, 1000.0,    2.0,  998.0,  0.79,  0.00,  0.79,  0.0,  0.0,  0.0
1036789.74397480, 44839.898188, 1000.0,    2.0,  998.0,  0.79,  0.00,  0.79,  0.0,  0.0,  0.0
1036789.74647480, 44840.941810, 1000.0,    2.0,  998.0,  0.79,  0.00,  0.79,  0.0,  0.0,  0.0
1036789.74897480, 44841.985431, 1000.0,    2.0,  998.0,  0.79,  0.00,  0.79,  0.0,  0.0,  0.0
1036789.75147480, 44843.029052, 1000.0,    2.0,  998.0,  0.79,  0.00,  0.79,  0.0,  0.0,  0.0
1036789.75397480, 44844.072674, 1000.0,    2.0,  998.0,  0.79,  0.00,  0.79,  0.0,  0.0,  0.0
1036789.75647480, 44843.761181, 1000.0,    2.0,  998.0,  0.79,  0.00,  0.79,  0.0,  0.0,  0.0
1036789.75897480, 44843.246983, 1000.0,    2.0,  998.0,  0.79,  0.00,  0.79,  0.0,  0.0,  0.0
1036789.76147480, 44842.732786, 1000.0,    2.0,  998.0,  0.79,  0.00,  0.79,  0.0,  0.0,  0.0
1036789.76397480, 44842.218588, 1000.0,    2.0,  998.0,  0.79,  0.00,  0.79,  0.0,  0.0,  0.0
1036789.76647480, 44841.704391, 1000.0,    2.0,  998.0,  0.79,  0.00,  0.79,  0.0,  0.0,  0.0
1036789.76897480, 44841.190193, 1000.0,    2.0,  998.0,  0.79,  0.00,  0.79,  0.0,  0.0,  0.0
1036789.77147480, 44840.675995, 1000.0,    2.0,  998.0,  0.79,  0.00,  0.79,  0.0,  0.0,  0.0
1036789.77397480, 44840.161798, 1000.0,    2.0,  998.0,  0.79,  0.00,  0.79,  0.0,  0.0,  0.0
1036789.77647480, 44841.925884, 1000.0,    2.0,  998.0,  0.79,  0.00,  0.79,  0.0,  0.0,  0.0
1036789.77897480, 44841.720489, 1000.0,    2.0,  998.0,  0.79,  0.00,  0.79,  0.0,  0.0,  0.0
1036789.78147480, 44840.569420, 1000.0,    2.0,  998.0,  0.79,  0.00,  0.79,  0.0,  0.0,  0.0
1036789.78397480, 44840.046020, 1000.0,    2.0,  998.0,  0.79,  0.00,  0.79,  0.0,  0.0,  0.0
1036789.78647480, 44840.864928, 1000.0,    2.0,  998.0,  0.79,  0.00,  0.79,  0.0,  0.0,  0.0
1036789.78897480, 44842.290692, 1000.0,    2.0,  998.0,  0.79,  0.00,  0.79,  0.0,  0.0,  0.0
1036789.79147480, 44844.098472, 1000.0,    2.0,  998.0,  0.79,  0.00,  0.79,  0.0,  0.0,  0.0
1036789.79397480, 44844.794886, 1000.0,    2.0,  998.0,  0.79,  0.00,  0.79,  0.0,  0.0,  0.0
1036789.79647480, 44844.719761, 1000.0,    2.0,  998.0,  0.79,  0.00,  0.79,  0.0,  0.0,  0.0
1036789.79897480, 44844.644635, 1000.0,    2.0,  998.0,  0.79,  0.00,  0.79,  0.0,  0.0,  0.0
1036789.80147480, 44844.569510, 1000.0,    2.0,  998.0,  0.79,  0.00,  0.79,  0.0,  0.0,  0.0
1036789.80397480, 44844.494384, 1000.0,    2.0,  998.0,  0.79,  0.00,  0.79,  0.0,  0.0,  0.0
1036789.80647480, 44844.419259, 1000.0,    2.0,  998.0,  0.79,  0.00,  0.79,  0.0,  0.0,  0.0
1036789.80897480, 44843.925240, 1000.0,    2.0,  998.0,  0.79,  0.00,  0.79,  0.0,  0.0,  0.0
1036789.81147480, 44843.383641, 1000.0,    2.0,  998.0,  0.79,  0.00,  0.79,  0.0,  0.0,  0.0
1036789.81397480, 44842.842042, 1000.0,    2.0,  998.0,  0.79,  0.00,  0.79,  0.0,  0.0,  0.0
1036789.81647480, 44842.300443, 1000.0,    2.0,  998.0,  0.79,  0.00,  0.79,  0.0,  0.0,  0.0
1036789.81897480, 44841.844587, 1000.0,    2.0,  998.0,  0.79,  0.00,  0.79,  0.0,  0.0,  0.0
1036789.82147480, 44841.419965, 1000.0,    2.0,  998.0,  0.79,  0.00,  0.79,  0.0,  0.0,  0.0
1036789.82397480, 44840.788817, 1000.0,    2.0,  998.0,  0.79,  0.00,  0.79,  0.0,  0.0,  0.0
1036789.82647480, 44840.639465, 1000.0,    2.0,  998.0,  0.79,  0.00,  0.79,  0.0,  0.0,  0.0
1036789.82897480, 44841.040724, 1000.0,    2.0,  998.0,  0.79,  0.00,  0.79,  0.0,  0.0,  0.0
1036789.83147480, 44841.441983, 1000.0,    2.0,  998.0,  0.79,  0.00,  0.79,  0.0,  0.0,  0.0
1036789.83397480, 44841.843243, 1000.0,    2.0,  998.0,  0.79,  0.00,  0.79,  0.0,  0.0,  0.0
1036789.83647480, 44842.097341, 1000.0,    2.0,  998.0,  0.79,  0.00,  0.79,  0.0,  0.0,  0.0
1036789.83897480, 44842.179213, 1000.0,    2.0,  998.0,  0.79,  0.00,  0.79,  0.0,  0.0,  0.0
1036789.84147480, 44842.261085, 1000.0,    2.0,  998.0,  0.79,  0.00,  0.79,  0.0,  0.0,  0.0
1036789.84397480, 44842.342956, 1000.0,    2.0,  998.0,  0.79,  0.00,  0.79,  0.0,  0.0,  0.0
1036789.84647480, 44842.424828, 1000.0,    2.0,  998.0,  0.79,  0.00,  0.79,  0.0,  0.0,  0.0
1036789.84897480, 44842.506700, 1000.0,    2.0,  998.0,  0.79,  0.00,  0.79,  0.0,  0.0,  0.0
1036789.85147480, 44842.588572, 1000.0,    2.0,  998.0,  0.79,  0.00,  0.79,  0.0,  0.0,  0.0
1036789.85397480, 44842.670443, 1000.0,    2.0,  998.0,  0.79,  0.00,  0.79,  0.0,  0.0,  0.0
1036789.85647480, 44842.752315, 1000.0,    2.0,  998.0,  0.79,  0.00,  0.79,  0.0,  0.0,  0.0
1036789.85897480, 44843.263926, 1000.0,    2.0,  998.0,  0.79,  0.00,  0.79,  0.0,  0.0,  0.0
1036789.86147480, 44840.652795, 1000.0,    2.0,  998.0,  0.79,  0.00,  0.79,  0.0,  0.0,  0.0
1036789.86397480, 44839.980098, 1000.0,    2.0,  998.0,  0.79,  0.00,  0.79,  0.0,  0.0,  0.0
1036789.86647480, 44841.936428, 1000.0,    2.0,  998.0,  0.79,  0.00,  0.79,  0.0,  0.0,  0.0
1036789.86897480, 44842.489536, 1000.0,    2.0,  998.0,  0.79,  0.00,  0.79,  0.0,  0.0,  0.0
1036789.87147480, 44844.343751, 1000.0,    2.0,  998.0,  0.79,  0.00,  0.79,  0.0,  0.0,  0.0
1036789.87397480, 44844.878339, 1000.0,    2.0,  998.0,  0.79,  0.00,  0.79,  0.0,  0.0,  0.0
1036789.87647480, 44844.794252, 1000.0,    2.0,  998.0,  0.79,  0.00,  0.79,  0.0,  0.0,  0.0
1036789.87897480, 44843.671702, 1000.0,    2.0,  998.0,  0.79,  0.00,  0.79,  0.0,  0.0,  0.0
1036789.88147480, 44841.581927, 1000.0,    2.0,  998.0,  0.79,  0.00,  0.79,  0.0,  0.0,  0.0
1036789.88397480, 44839.917244, 1000.0,    2.0,  998.0,  0.79,  0.00,  0.79,  0.0,  0.0,  0.0
1036789.88647480, 44840.005203, 1000.0,    2.0,  998.0,  0.79,  0.00,  0.79,  0.0,  0.0,  0.0
1036789.88897480, 44840.093161, 1000.0,    2.0,  998.0,  0.79,  0.00,  0.79,  0.0,  0.0,  0.0
1036789.89147480, 44841.967305, 1000.0,    2.0,  998.0,  0.79,  0.00,  0.79,  0.0,  0.0,  0.0
1036789.89397480, 44844.935580, 1000.0,    2.0,  998.0,  0.79,  0.00,  0.79,  0.0,  0.0,  0.0
1036789.89647480, 44844.793402, 1000.0,    2.0,  998.0,  0.79,  0.00,  0.79,  0.0,  0.0,  0.0
1036789.89897480, 44843.700680, 1000.0,    2.0,  998.0,  0.79,  0.00,  0.79,  0.0,  0.0,  0.0
1036789.90147480, 44841.295294, 1000.0,    2.0,  998.0,  0.79,  0.00,  0.79,  0.0,  0.0,  0.0
1036789.90397480, 44840.527698, 1000.0,    2.0,  998.0,  0.79,  0.00,  0.79,  0.0,  0.0,  0.0
1036789.90647480, 44840.141586, 1000.0,    2.0,  998.0,  0.79,  0.00,  0.79,  0.0,  0.0,  0.0
1036789.90897480, 44840.380669, 1000.0,    2.0,  998.0,  0.79,  0.00,  0.79,  0.0,  0.0,  0.0
1036789.91147480, 44843.570221, 1000.0,    2.0,  998.0,  0.79,  0.00,  0.79,  0.0,  0.0,  0.0
1036789.91397480, 44844.635074, 1000.0,    2.0,  998.0,  0.79,  0.00,  0.79,  0.0,  0.0,  0.0
1036789.91647480, 44844.273279, 1000.0,    2.0,  998.0,  0.79,  0.00,  0.79,  0.0,  0.0,  0.0
1036789.91897480, 44843.573088, 1000.0,    2.0,  998.0,  0.79,  0.00,  0.79,  0.0,  0.0,  0.0
1036789.92147480, 44842.873284, 1000.0,    2.0,  998.0,  0.79,  0.00,  0.79,  0.0,  0.0,  0.0
1036789.92397480, 44842.200439, 1000.0,    2.0,  998.0,  0.79,  0.00,  0.79,  0.0,  0.0,  0.0
1036789.92647480, 44841.527595, 1000.0,    2.0,  998.0,  0.79,  0.00,  0.79,  0.0,  0.0,  0.0
1036789.92897480, 44840.854750, 1000.0,    2.0,  998.0,  0.79,  0.00,  0.79,  0.0,  0.0,  0.0
1036789.93147480, 44844.394723, 1000.0,    2.0,  998.0,  0.79,  0.00,  0.79,  0.0,  0.0,  0.0
1036789.93397480, 44844.959139, 1000.0,    2.0,  998.0,  0.79,  0.00,  0.79,  0.0,  0.0,  0.0
1036789.93647480, 44843.930207, 1000.0,    2.0,  998.0,  0.79,  0.00,  0.79,  0.0,  0.0,  0.0
1036789.93897480, 44842.701369, 1000.0,    2.0,  998.0,  0.79,  0.00,  0.79,  0.0,  0.0,  0.0
1036789.94147480, 44842.124225, 1000.0,    2.0,  998.0,  0.79,  0.00,  0.79,  0.0,  0.0,  0.0
1036789.94397480, 44841.547081, 1000.0,    2.0,  998.0,  0.79,  0.00,  0.79,  0.0,  0.0,  0.0
1036789.94647480, 44841.081808, 1000.0,    2.0,  998.0,  0.79,  0.00,  0.79,  0.0,  0.0,  0.0
1036789.94897480, 44840.618772, 1000.0,    2.0,  998.0,  0.79,  0.00,  0.79,  0.0,  0.0,  0.0
1036789.95147480, 44842.777465, 1000.0,    2.0,  998.0,  0.79,  0.00,  0.79,  0.0,  0.0,  0.0
1036789.95397480, 44844.839474, 1000.0,    2.0,  998.0,  0.79,  0.00,  0.79,  0.0,  0.0,  0.0
1036789.95647480, 44844.549096, 1000.0,    2.0,  998.0,  0.79,  0.00,  0.79,  0.0,  0.0,  0.0
1036789.95897480, 44843.610686, 1000.0,    2.0,  998.0,  0.79,  0.00,  0.79,  0.0,  0.0,  0.0
1036789.96147480, 44841.704223, 1000.0,    2.0,  998.0,  0.79,  0.00,  0.79,  0.0,  0.0,  0.0
1036789.96397480, 44839.971718, 1000.0,    2.0,  998.0,  0.79,  0.00,  0.79,  0.0,  0.0,  0.0
1036789.96647480, 44840.124985, 1000.0,    2.0,  998.0,  0.79,  0.00,  0.79,  0.0,  0.0,  0.0
1036789.96897480, 44841.015090, 1000.0,    2.0,  998.0,  0.79,  0.00,  0.79,  0.0,  0.0,  0.0
1036789.97147480, 44841.912852, 1000.0,    2.0,  998.0,  0.79,  0.00,  0.79,  0.0,  0.0,  0.0
1036789.97397480, 44842.669984, 1000.0,    2.0,  998.0,  0.79,  0.00,  0.79,  0.0,  0.0,  0.0
1036789.97647480, 44843.427116, 1000.0,    2.0,  998.0,  0.79,  0.00,  0.79,  0.0,  0.0,  0.0
1036789.97897480, 44844.184248, 1000.0,    2.0,  998.0,  0.79,  0.00,  0.79,  0.0,  0.0,  0.0
1036789.98147480, 44844.047526, 1000.0,    2.0,  998.0,  0.79,  0.00,  0.79,  0.0,  0.0,  0.0
1036789.98397480, 44840.134561, 1000.0,    2.0,  998.0,  0.79,  0.00,  0.79,  0.0,  0.0,  0.0
1036789.98647480, 44841.274771, 1000.0,    2.0,  998.0,  0.79,  0.00,  0.79,  0.0,  0.0,  0.0
1036789.98897480, 44842.759387, 1000.0,    2.0,  998.0,  0.79,  0.00,  0.79,  0.0,  0.0,  0.0
1036789.99397480, 44845.068531, 1000.0,    2.0,  998.0,  0.79,  0.00,  0.79,  0.0,  0.0,  0.0
1036789.99647480, 44844.620787, 1000.0,    2.0,  998.0,  0.79,  0.00,  0.79,  0.0,  0.0,  0.0
1036789.99897480, 44843.533507, 1000.0,    2.0,  998.0,  0.79,  0.00,  0.79,  0.0,  0.0,  0.0
1036790.00147480, 44841.699170, 1000.0,    2.0,  998.0,  0.79,  0.00,  0.79,  0.0,  0.0,  0.0
1036790.00397480, 44839.440071, 1000.0,    2.0,  998.0,  0.79,  0.00,  0.79,  0.0,  0.0,  0.0
1036790.00647480, 44840.069629, 1000.0,    2.0,  998.0,  0.79,  0.00,  0.79,  0.0,  0.0,  0.0
1036790.00897480, 44840.789655, 1000.0,    2.0,  998.0,  0.79,  0.00,  0.79,  0.0,  0.0,  0.0
1036790.01147480, 44841.511171, 1000.0,    2.0,  998.0,  0.79,  0.00,  0.79,  0.0,  0.0,  0.0
1036790.01397480, 44843.886466, 1000.0,    2.0,  998.0,  0.79,  0.00,  0.79,  0.0,  0.0,  0.0
1036790.01647480, 44843.838942, 1000.0,    2.0,  998.0,  0.79,  0.00,  0.79,  0.0,  0.0,  0.0
1036790.01897480, 44842.490591, 1000.0,    2.0,  998.0,  0.79,  0.00,  0.79,  0.0,  0.0,  0.0
1036790.02147480, 44841.764479, 1000.0,    2.0,  998.0,  0.79,  0.00,  0.79,  0.0,  0.0,  0.0
1036790.02397480, 44840.979505, 1000.0,    2.0,  998.0,  0.79,  0.00,  0.79,  0.0,  0.0,  0.0
1036790.02647480, 44840.817050, 1000.0,    2.0,  998.0,  0.79,  0.00,  0.79,  0.0,  0.0,  0.0
1036790.02897480, 44842.184829, 1000.0,    2.0,  998.0,  0.79,  0.00,  0.79,  0.0,  0.0,  0.0
1036790.03147480, 44843.502325, 1000.0,    2.0,  998.0,  0.79,  0.00,  0.79,  0.0,  0.0,  0.0
1036790.03397480, 44843.997835, 1000.0,    2.0,  998.0,  0.79,  0.00,  0.79,  0.0,  0.0,  0.0
1036790.03647480, 44844.493344, 1000.0,    2.0,  998.0,  0.79,  0.00,  0.79,  0.0,  0.0,  0.0
1036790.03897480, 44843.881309, 1000.0,    2.0,  998.0,  0.79,  0.00,  0.79,  0.0,  0.0,  0.0
1036790.04147480, 44843.235960, 1000.0,    2.0,  998.0,  0.79,  0.00,  0.79,  0.0,  0.0,  0.0
1036790.04397480, 44841.168609, 1000.0,    2.0,  998.0,  0.79,  0.00,  0.79,  0.0,  0.0,  0.0
1036790.04647480, 44840.210108, 1000.0,    2.0,  998.0,  0.79,  0.00,  0.79,  0.0,  0.0,  0.0
1036790.04897480, 44841.898619, 1000.0,    2.0,  998.0,  0.79,  0.00,  0.79,  0.0,  0.0,  0.0
1036790.05147480, 44842.795870, 1000.0,    2.0,  998.0,  0.79,  0.00,  0.79,  0.0,  0.0,  0.0
1036790.05397480, 44843.591944, 1000.0,    2.0,  998.0,  0.79,  0.00,  0.79,  0.0,  0.0,  0.0
1036790.05647480, 44843.951588, 1000.0,    2.0,  998.0,  0.79,  0.00,  0.79,  0.0,  0.0,  0.0
1036790.05897480, 44844.090080, 1000.0,    2.0,  998.0,  0.79,  0.00,  0.79,  0.0,  0.0,  0.0
1036790.06147480, 44840.759365, 1000.0,    2.0,  998.0,  0.79,  0.00,  0.79,  0.0,  0.0,  0.0
1036790.06397480, 44840.180304, 1000.0,    2.0,  998.0,  0.79,  0.00,  0.79,  0.0,  0.0,  0.0
1036790.06647480, 44840.493838, 1000.0,    2.0,  998.0,  0.79,  0.00,  0.79,  0.0,  0.0,  0.0
1036790.06897480, 44841.708578, 1000.0,    2.0,  998.0,  0.79,  0.00,  0.79,  0.0,  0.0,  0.0
1036790.07147480, 44843.786383, 1000.0,    2.0,  998.0,  0.79,  0.00,  0.79,  0.0,  0.0,  0.0
1036790.07397480, 44845.206590, 1000.0,    2.0,  998.0,  0.79,  0.00,  0.79,  0.0,  0.0,  0.0
1036790.07647480, 44844.943168, 1000.0,    2.0,  998.0,  0.79,  0.00,  0.79,  0.0,  0.0,  0.0
1036790.07897480, 44843.530066, 1000.0,    2.0,  998.0,  0.79,  0.00,  0.79,  0.0,  0.0,  0.0
1036790.08147480, 44841.231234, 1000.0,    2.0,  998.0,  0.79,  0.00,  0.79,  0.0,  0.0,  0.0
1036790.08397480, 44840.081600, 1000.0,    2.0,  998.0,  0.79,  0.00,  0.79,  0.0,  0.0,  0.0
1036790.08647480, 44840.651369, 1000.0,    2.0,  998.0,  0.79,  0.00,  0.79,  0.0,  0.0,  0.0
1036790.08897480, 44842.108021, 1000.0,    2.0,  998.0,  0.79,  0.00,  0.79,  0.0,  0.0,  0.0
1036790.09147480, 44843.982292, 1000.0,    2.0,  998.0,  0.79,  0.00,  0.79,  0.0,  0.0,  0.0
1036790.09397480, 44844.717128, 1000.0,    2.0,  998.0,  0.79,  0.00,  0.79,  0.0,  0.0,  0.0
1036790.09647480, 44844.729665, 1000.0,    2.0,  998.0,  0.79,  0.00,  0.79,  0.0,  0.0,  0.0
1036790.09897480, 44843.770869, 1000.0,    2.0,  998.0,  0.79,  0.00,  0.79,  0.0,  0.0,  0.0
1036790.10147480, 44841.585168, 1000.0,    2.0,  998.0,  0.79,  0.00,  0.79,  0.0,  0.0,  0.0
1036790.10397480, 44840.374166, 1000.0,    2.0,  998.0,  0.79,  0.00,  0.79,  0.0,  0.0,  0.0
1036790.10647480, 44840.930612, 1000.0,    2.0,  998.0,  0.79,  0.00,  0.79,  0.0,  0.0,  0.0
1036790.10897480, 44841.872082, 1000.0,    2.0,  998.0,  0.79,  0.00,  0.79,  0.0,  0.0,  0.0
1036790.11147480, 44843.363988, 1000.0,    2.0,  998.0,  0.79,  0.00,  0.79,  0.0,  0.0,  0.0
1036790.11397480, 44844.478306, 1000.0,    2.0,  998.0,  0.79,  0.00,  0.79,  0.0,  0.0,  0.0
1036790.11647480, 44844.507685, 1000.0,    2.0,  998.0,  0.79,  0.00,  0.79,  0.0,  0.0,  0.0
1036790.11897480, 44842.772048, 1000.0,    2.0,  998.0,  0.79,  0.00,  0.79,  0.0,  0.0,  0.0
1036790.12147480, 44841.139047, 1000.0,    2.0,  998.0,  0.79,  0.00,  0.79,  0.0,  0.0,  0.0
1036790.12397480, 44840.608148, 1000.0,    2.0,  998.0,  0.79,  0.00,  0.79,  0.0,  0.0,  0.0
1036790.12647480, 44840.077249, 1000.0,    2.0,  998.0,  0.79,  0.00,  0.79,  0.0,  0.0,  0.0
1036790.12897480, 44842.477705, 1000.0,    2.0,  998.0,  0.79,  0.00,  0.79,  0.0,  0.0,  0.0
1036790.13147480, 44843.609785, 1000.0,    2.0,  998.0,  0.79,  0.00,  0.79,  0.0,  0.0,  0.0
1036790.13397480, 44843.689574, 1000.0,    2.0,  998.0,  0.79,  0.00,  0.79,  0.0,  0.0,  0.0
1036790.13647480, 44844.085038, 1000.0,    2.0,  998.0,  0.79,  0.00,  0.79,  0.0,  0.0,  0.0
1036790.13897480, 44843.122662, 1000.0,    2.0,  998.0,  0.79,  0.00,  0.79,  0.0,  0.0,  0.0
1036790.14147480, 44841.544173, 1000.0,    2.0,  998.0,  0.79,  0.00,  0.79,  0.0,  0.0,  0.0
1036790.14397480, 44840.671313, 1000.0,    2.0,  998.0,  0.79,  0.00,  0.79,  0.0,  0.0,  0.0
1036790.14647480, 44840.868322, 1000.0,    2.0,  998.0,  0.79,  0.00,  0.79,  0.0,  0.0,  0.0
1036790.15147480, 44843.760116, 1000.0,    2.0,  998.0,  0.79,  0.00,  0.79,  0.0,  0.0,  0.0
1036790.15397480, 44844.086442, 1000.0,    2.0,  998.0,  0.79,  0.00,  0.79,  0.0,  0.0,  0.0
1036790.15647480, 44843.708751, 1000.0,    2.0,  998.0,  0.79,  0.00,  0.79,  0.0,  0.0,  0.0
1036790.15897480, 44843.285966, 1000.0,    2.0,  998.0,  0.79,  0.00,  0.79,  0.0,  0.0,  0.0
1036790.16147480, 44842.863182, 1000.0,    2.0,  998.0,  0.79,  0.00,  0.79,  0.0,  0.0,  0.0
1036790.16397480, 44840.968515, 1000.0,    2.0,  998.0,  0.79,  0.00,  0.79,  0.0,  0.0,  0.0
1036790.16647480, 44840.018835, 1000.0,    2.0,  998.0,  0.79,  0.00,  0.79,  0.0,  0.0,  0.0
1036790.16897480, 44841.205342, 1000.0,    2.0,  998.0,  0.79,  0.00,  0.79,  0.0,  0.0,  0.0
1036790.17147480, 44843.186056, 1000.0,    2.0,  998.0,  0.79,  0.00,  0.79,  0.0,  0.0,  0.0
1036790.17397480, 44843.961274, 1000.0,    2.0,  998.0,  0.79,  0.00,  0.79,  0.0,  0.0,  0.0
1036790.17647480, 44844.457969, 1000.0,    2.0,  998.0,  0.79,  0.00,  0.79,  0.0,  0.0,  0.0
1036790.17897480, 44843.440689, 1000.0,    2.0,  998.0,  0.79,  0.00,  0.79,  0.0,  0.0,  0.0
1036790.18147480, 44840.938321, 1000.0,    2.0,  998.0,  0.79,  0.00,  0.79,  0.0,  0.0,  0.0
1036790.18397480, 44839.973808, 1000.0,    2.0,  998.0,  0.79,  0.00,  0.79,  0.0,  0.0,  0.0
1036790.18647480, 44839.965216, 1000.0,    2.0,  998.0,  0.79,  0.00,  0.79,  0.0,  0.0,  0.0
1036790.18897480, 44841.907631, 1000.0,    2.0,  998.0,  0.79,  0.00,  0.79,  0.0,  0.0,  0.0
1036790.19147480, 44842.965794, 1000.0,    2.0,  998.0,  0.79,  0.00,  0.79,  0.0,  0.0,  0.0
1036790.19397480, 44843.783184, 1000.0,    2.0,  998.0,  0.79,  0.00,  0.79,  0.0,  0.0,  0.0
1036790.19647480, 44844.292535, 1000.0,    2.0,  998.0,  0.79,  0.00,  0.79,  0.0,  0.0,  0.0
1036790.19897480, 44843.222732, 1000.0,    2.0,  998.0,  0.79,  0.00,  0.79,  0.0,  0.0,  0.0
1036790.20147480, 44841.720176, 1000.0,    2.0,  998.0,  0.79,  0.00,  0.79,  0.0,  0.0,  0.0
1036790.20397480, 44839.976598, 1000.0,    2.0,  998.0,  0.79,  0.00,  0.79,  0.0,  0.0,  0.0
1036790.20647480, 44840.160483, 1000.0,    2.0,  998.0,  0.79,  0.00,  0.79,  0.0,  0.0,  0.0
1036790.20897480, 44840.344366, 1000.0,    2.0,  998.0,  0.79,  0.00,  0.79,  0.0,  0.0,  0.0
1036790.21147480, 44842.614186, 1000.0,    2.0,  998.0,  0.79,  0.00,  0.79,  0.0,  0.0,  0.0
1036790.21397480, 44844.254821, 1000.0,    2.0,  998.0,  0.79,  0.00,  0.79,  0.0,  0.0,  0.0
1036790.21647480, 44843.871037, 1000.0,    2.0,  998.0,  0.79,  0.00,  0.79,  0.0,  0.0,  0.0
1036790.21897480, 44843.031114, 1000.0,    2.0,  998.0,  0.79,  0.00,  0.79,  0.0,  0.0,  0.0
1036790.22147480, 44842.456388, 1000.0,    2.0,  998.0,  0.79,  0.00,  0.79,  0.0,  0.0,  0.0
1036790.22397480, 44841.881663, 1000.0,    2.0,  998.0,  0.79,  0.00,  0.79,  0.0,  0.0,  0.0
1036790.22647480, 44841.306938, 1000.0,    2.0,  998.0,  0.79,  0.00,  0.79,  0.0,  0.0,  0.0
1036790.22897480, 44842.319999, 1000.0,    2.0,  998.0,  0.79,  0.00,  0.79,  0.0,  0.0,  0.0
1036790.23147480, 44844.006691, 1000.0,    2.0,  998.0,  0.79,  0.00,  0.79,  0.0,  0.0,  0.0
1036790.23397480, 44844.624649, 1000.0,    2.0,  998.0,  0.79,  0.00,  0.79,  0.0,  0.0,  0.0
1036790.23647480, 44844.224720, 1000.0,    2.0,  998.0,  0.79,  0.00,  0.79,  0.0,  0.0,  0.0
1036790.23897480, 44842.958009, 1000.0,    2.0,  998.0,  0.79,  0.00,  0.79,  0.0,  0.0,  0.0
1036790.24147480, 44841.537522, 1000.0,    2.0,  998.0,  0.79,  0.00,  0.79,  0.0,  0.0,  0.0
1036790.24397480, 44840.564304, 1000.0,    2.0,  998.0,  0.79,  0.00,  0.79,  0.0,  0.0,  0.0
1036790.24647480, 44841.110240, 1000.0,    2.0,  998.0,  0.79,  0.00,  0.79,  0.0,  0.0,  0.0
1036790.24897480, 44842.775937, 1000.0,    2.0,  998.0,  0.79,  0.00,  0.79,  0.0,  0.0,  0.0
1036790.25147480, 44844.255562, 1000.0,    2.0,  998.0,  0.79,  0.00,  0.79,  0.0,  0.0,  0.0
1036790.25397480, 44845.088939, 1000.0,    2.0,  998.0,  0.79,  0.00,  0.79,  0.0,  0.0,  0.0
1036790.25647480, 44845.064364, 1000.0,    2.0,  998.0,  0.79,  0.00,  0.79,  0.0,  0.0,  0.0
1036790.25897480, 44844.298248, 1000.0,    2.0,  998.0,  0.79,  0.00,  0.79,  0.0,  0.0,  0.0
1036790.26147480, 44843.512681, 1000.0,    2.0,  998.0,  0.79,  0.00,  0.79,  0.0,  0.0,  0.0
1036790.26397480, 44842.153179, 1000.0,    2.0,  998.0,  0.79,  0.00,  0.79,  0.0,  0.0,  0.0
1036790.26647480, 44840.773294, 1000.0,    2.0,  998.0,  0.79,  0.00,  0.79,  0.0,  0.0,  0.0
1036790.27147480, 44842.999312, 1000.0,    2.0,  998.0,  0.79,  0.00,  0.79,  0.0,  0.0,  0.0
1036790.27397480, 44844.146368, 1000.0,    2.0,  998.0,  0.79,  0.00,  0.79,  0.0,  0.0,  0.0
1036790.27647480, 44843.770270, 1000.0,    2.0,  998.0,  0.79,  0.00,  0.79,  0.0,  0.0,  0.0
1036790.27897480, 44842.565196, 1000.0,    2.0,  998.0,  0.79,  0.00,  0.79,  0.0,  0.0,  0.0
1036790.28147480, 44841.575829, 1000.0,    2.0,  998.0,  0.79,  0.00,  0.79,  0.0,  0.0,  0.0
1036790.28397480, 44840.586463, 1000.0,    2.0,  998.0,  0.79,  0.00,  0.79,  0.0,  0.0,  0.0
1036790.28647480, 44840.322419, 1000.0,    2.0,  998.0,  0.79,  0.00,  0.79,  0.0,  0.0,  0.0
1036790.28897480, 44842.320346, 1000.0,    2.0,  998.0,  0.79,  0.00,  0.79,  0.0,  0.0,  0.0
1036790.29147480, 44844.035320, 1000.0,    2.0,  998.0,  0.79,  0.00,  0.79,  0.0,  0.0,  0.0
1036790.29397480, 44844.570984, 1000.0,    2.0,  998.0,  0.79,  0.00,  0.79,  0.0,  0.0,  0.0
1036790.29647480, 44844.436273, 1000.0,    2.0,  998.0,  0.79,  0.00,  0.79,  0.0,  0.0,  0.0
1036790.29897480, 44844.301562, 1000.0,    2.0,  998.0,  0.79,  0.00,  0.79,  0.0,  0.0,  0.0
1036790.30147480, 44841.154605, 1000.0,    2.0,  998.0,  0.79,  0.00,  0.79,  0.0,  0.0,  0.0
1036790.30397480, 44840.664977, 1000.0,    2.0,  998.0,  0.79,  0.00,  0.79,  0.0,  0.0,  0.0
1036790.30647480, 44840.835954, 1000.0,    2.0,  998.0,  0.79,  0.00,  0.79,  0.0,  0.0,  0.0
1036790.30897480, 44842.175540, 1000.0,    2.0,  998.0,  0.79,  0.00,  0.79,  0.0,  0.0,  0.0
1036790.31147480, 44843.373040, 1000.0,    2.0,  998.0,  0.79,  0.00,  0.79,  0.0,  0.0,  0.0
1036790.31397480, 44844.488549, 1000.0,    2.0,  998.0,  0.79,  0.00,  0.79,  0.0,  0.0,  0.0
1036790.31647480, 44844.312395, 1000.0,    2.0,  998.0,  0.79,  0.00,  0.79,  0.0,  0.0,  0.0
1036790.31897480, 44842.781857, 1000.0,    2.0,  998.0,  0.79,  0.00,  0.79,  0.0,  0.0,  0.0
1036790.32147480, 44841.385984, 1000.0,    2.0,  998.0,  0.79,  0.00,  0.79,  0.0,  0.0,  0.0
1036790.32397480, 44840.732486, 1000.0,    2.0,  998.0,  0.79,  0.00,  0.79,  0.0,  0.0,  0.0
1036790.32647480, 44840.695482, 1000.0,    2.0,  998.0,  0.79,  0.00,  0.79,  0.0,  0.0,  0.0
1036790.32897480, 44842.243900, 1000.0,    2.0,  998.0,  0.79,  0.00,  0.79,  0.0,  0.0,  0.0
1036790.33147480, 44844.186790, 1000.0,    2.0,  998.0,  0.79,  0.00,  0.79,  0.0,  0.0,  0.0
1036790.33397480, 44845.056225, 1000.0,    2.0,  998.0,  0.79,  0.00,  0.79,  0.0,  0.0,  0.0
1036790.33647480, 44843.814106, 1000.0,    2.0,  998.0,  0.79,  0.00,  0.79,  0.0,  0.0,  0.0
1036790.33897480, 44843.299752, 1000.0,    2.0,  998.0,  0.79,  0.00,  0.79,  0.0,  0.0,  0.0
1036790.34147480, 44840.963863, 1000.0,    2.0,  998.0,  0.79,  0.00,  0.79,  0.0,  0.0,  0.0
1036790.34397480, 44840.487331, 1000.0,    2.0,  998.0,  0.79,  0.00,  0.79,  0.0,  0.0,  0.0
1036790.34647480, 44840.010799, 1000.0,    2.0,  998.0,  0.79,  0.00,  0.79,  0.0,  0.0,  0.0
1036790.34897480, 44841.155724, 1000.0,    2.0,  998.0,  0.79,  0.00,  0.79,  0.0,  0.0,  0.0
1036790.35147480, 44843.516144, 1000.0,    2.0,  998.0,  0.79,  0.00,  0.79,  0.0,  0.0,  0.0
1036790.35397480, 44844.208750, 1000.0,    2.0,  998.0,  0.79,  0.00,  0.79,  0.0,  0.0,  0.0
1036790.35647480, 44844.835306, 1000.0,    2.0,  998.0,  0.79,  0.00,  0.79,  0.0,  0.0,  0.0
1036790.35897480, 44843.165559, 1000.0,    2.0,  998.0,  0.79,  0.00,  0.79,  0.0,  0.0,  0.0
1036790.36147480, 44841.129596, 1000.0,    2.0,  998.0,  0.79,  0.00,  0.79,  0.0,  0.0,  0.0
1036790.36397480, 44840.018515, 1000.0,    2.0,  998.0,  0.79,  0.00,  0.79,  0.0,  0.0,  0.0
1036790.36647480, 44840.021158, 1000.0,    2.0,  998.0,  0.79,  0.00,  0.79,  0.0,  0.0,  0.0
1036790.36897480, 44840.023801, 1000.0,    2.0,  998.0,  0.79,  0.00,  0.79,  0.0,  0.0,  0.0
1036790.37147480, 44840.026444, 1000.0,    2.0,  998.0,  0.79,  0.00,  0.79,  0.0,  0.0,  0.0
1036790.37397480, 44840.029086, 1000.0,    2.0,  998.0,  0.79,  0.00,  0.79,  0.0,  0.0,  0.0
1036790.37647480, 44840.031729, 1000.0,    2.0,  998.0,  0.79,  0.00,  0.79,  0.0,  0.0,  0.0
1036790.37897480, 44840.034372, 1000.0,    2.0,  998.0,  0.79,  0.00,  0.79,  0.0,  0.0,  0.0
1036790.38147480, 44840.037015, 1000.0,    2.0,  998.0,  0.79,  0.00,  0.79,  0.0,  0.0,  0.0
1036790.38397480, 44840.039658, 1000.0,    2.0,  998.0,  0.79,  0.00,  0.79,  0.0,  0.0,  0.0
1036790.38647480, 44840.042301, 1000.0,    2.0,  998.0,  0.79,  0.00,  0.79,  0.0,  0.0,  0.0
1036790.38897480, 44840.044944, 1000.0,    2.0,  998.0,  0.79,  0.00,  0.79,  0.0,  0.0,  0.0
1036790.39147480, 44840.047587, 1000.0,    2.0,  998.0,  0.79,  0.00,  0.79,  0.0,  0.0,  0.0
1036790.39397480, 44840.050229, 1000.0,    2.0,  998.0,  0.79,  0.00,  0.79,  0.0,  0.0,  0.0
1036790.39647480, 44840.052872, 1000.0,    2.0,  998.0,  0.79,  0.00,  0.79,  0.0,  0.0,  0.0
1036790.39897480, 44840.055515, 1000.0,    2.0,  998.0,  0.79,  0.00,  0.79,  0.0,  0.0,  0.0
1036790.40147480, 44840.058158, 1000.0,    2.0,  998.0,  0.79,  0.00,  0.79,  0.0,  0.0,  0.0
1036790.40397480, 44840.060801, 1000.0,    2.0,  998.0,  0.79,  0.00,  0.79,  0.0,  0.0,  0.0
1036790.40647480, 44840.063444, 1000.0,    2.0,  998.0,  0.79,  0.00,  0.79,  0.0,  0.0,  0.0
1036790.40897480, 44840.066087, 1000.0,    2.0,  998.0,  0.79,  0.00,  0.79,  0.0,  0.0,  0.0
1036790.41147480, 44840.068729, 1000.0,    2.0,  998.0,  0.79,  0.00,  0.79,  0.0,  0.0,  0.0
1036790.41397480, 44840.174159, 1000.0,    2.0,  998.0,  0.79,  0.00,  0.79,  0.0,  0.0,  0.0
1036790.41647480, 44841.286823, 1000.0,    2.0,  998.0,  0.79,  0.00,  0.79,  0.0,  0.0,  0.0
1036790.41897480, 44842.399487, 1000.0,    2.0,  998.0,  0.79,  0.00,  0.79,  0.0,  0.0,  0.0
1036790.42147480, 44843.512150, 1000.0,    2.0,  998.0,  0.79,  0.00,  0.79,  0.0,  0.0,  0.0
1036790.42397480, 44844.512428, 1000.0,    2.0,  998.0,  0.79,  0.00,  0.79,  0.0,  0.0,  0.0
1036790.42647480, 44840.603520, 1000.0,    2.0,  998.0,  0.79,  0.00,  0.79,  0.0,  0.0,  0.0
1036790.42897480, 44842.279617, 1000.0,    2.0,  998.0,  0.79,  0.00,  0.79,  0.0,  0.0,  0.0
1036790.43147480, 44843.640376, 1000.0,    2.0,  998.0,  0.79,  0.00,  0.79,  0.0,  0.0,  0.0
1036790.43397480, 44843.839533, 1000.0,    2.0,  998.0,  0.79,  0.00,  0.79,  0.0,  0.0,  0.0
1036790.43647480, 44844.038690, 1000.0,    2.0,  998.0,  0.79,  0.00,  0.79,  0.0,  0.0,  0.0
1036790.43897480, 44844.237847, 1000.0,    2.0,  998.0,  0.79,  0.00,  0.79,  0.0,  0.0,  0.0
1036790.44147480, 44844.437004, 1000.0,    2.0,  998.0,  0.79,  0.00,  0.79,  0.0,  0.0,  0.0
1036790.44397480, 44844.636162, 1000.0,    2.0,  998.0,  0.79,  0.00,  0.79,  0.0,  0.0,  0.0
1036790.44647480, 44844.835319, 1000.0,    2.0,  998.0,  0.79,  0.00,  0.79,  0.0,  0.0,  0.0
1036790.44897480, 44845.034476, 1000.0,    2.0,  998.0,  0.79,  0.00,  0.79,  0.0,  0.0,  0.0
1036790.45147480, 44845.145974, 1000.0,    2.0,  998.0,  0.79,  0.00,  0.79,  0.0,  0.0,  0.0
1036790.45397480, 44845.067976, 1000.0,    2.0,  998.0,  0.79,  0.00,  0.79,  0.0,  0.0,  0.0
1036790.45647480, 44844.989977, 1000.0,    2.0,  998.0,  0.79,  0.00,  0.79,  0.0,  0.0,  0.0
1036790.45897480, 44844.911979, 1000.0,    2.0,  998.0,  0.79,  0.00,  0.79,  0.0,  0.0,  0.0
1036790.46147480, 44844.833981, 1000.0,    2.0,  998.0,  0.79,  0.00,  0.79,  0.0,  0.0,  0.0
1036790.46397480, 44844.755982, 1000.0,    2.0,  998.0,  0.79,  0.00,  0.79,  0.0,  0.0,  0.0
1036790.46647480, 44843.057419, 1000.0,    2.0,  998.0,  0.79,  0.00,  0.79,  0.0,  0.0,  0.0
1036790.46897480, 44842.372504, 1000.0,    2.0,  998.0,  0.79,  0.00,  0.79,  0.0,  0.0,  0.0
1036790.47147480, 44843.149152, 1000.0,    2.0,  998.0,  0.79,  0.00,  0.79,  0.0,  0.0,  0.0
1036790.47397480, 44843.875644, 1000.0,    2.0,  998.0,  0.79,  0.00,  0.79,  0.0,  0.0,  0.0
1036790.47647480, 44844.515105, 1000.0,    2.0,  998.0,  0.79,  0.00,  0.79,  0.0,  0.0,  0.0
1036790.47897480, 44844.400373, 1000.0,    2.0,  998.0,  0.79,  0.00,  0.79,  0.0,  0.0,  0.0
1036790.48147480, 44843.803776, 1000.0,    2.0,  998.0,  0.79,  0.00,  0.79,  0.0,  0.0,  0.0
1036790.48397480, 44843.207178, 1000.0,    2.0,  998.0,  0.79,  0.00,  0.79,  0.0,  0.0,  0.0
1036790.48647480, 44842.610580, 1000.0,    2.0,  998.0,  0.79,  0.00,  0.79,  0.0,  0.0,  0.0
1036790.48897480, 44842.013983, 1000.0,    2.0,  998.0,  0.79,  0.00,  0.79,  0.0,  0.0,  0.0
1036790.49147480, 44841.417385, 1000.0,    2.0,  998.0,  0.79,  0.00,  0.79,  0.0,  0.0,  0.0
1036790.49397480, 44840.820788, 1000.0,    2.0,  998.0,  0.79,  0.00,  0.79,  0.0,  0.0,  0.0
1036790.49647480, 44840.224190, 1000.0,    2.0,  998.0,  0.79,  0.00,  0.79,  0.0,  0.0,  0.0
1036790.49897480, 44842.831870, 1000.0,    2.0,  998.0,  0.79,  0.00,  0.79,  0.0,  0.0,  0.0
1036790.50147480, 44840.628863, 1000.0,    2.0,  998.0,  0.79,  0.00,  0.79,  0.0,  0.0,  0.0
1036790.50397480, 44839.537958, 1000.0,    2.0,  998.0,  0.79,  0.00,  0.79,  0.0,  0.0,  0.0
1036790.50647480, 44839.864638, 1000.0,    2.0,  998.0,  0.79,  0.00,  0.79,  0.0,  0.0,  0.0
1036790.50897480, 44842.218832, 1000.0,    2.0,  998.0,  0.79,  0.00,  0.79,  0.0,  0.0,  0.0
1036790.51147480, 44844.266996, 1000.0,    2.0,  998.0,  0.79,  0.00,  0.79,  0.0,  0.0,  0.0
1036790.51397480, 44844.530786, 1000.0,    2.0,  998.0,  0.79,  0.00,  0.79,  0.0,  0.0,  0.0
1036790.51647480, 44844.052014, 1000.0,    2.0,  998.0,  0.79,  0.00,  0.79,  0.0,  0.0,  0.0
1036790.51897480, 44841.949128, 1000.0,    2.0,  998.0,  0.79,  0.00,  0.79,  0.0,  0.0,  0.0
1036790.52147480, 44840.091549, 1000.0,    2.0,  998.0,  0.79,  0.00,  0.79,  0.0,  0.0,  0.0
1036790.52397480, 44839.805330, 1000.0,    2.0,  998.0,  0.79,  0.00,  0.79,  0.0,  0.0,  0.0
1036790.52647480, 44841.119803, 1000.0,    2.0,  998.0,  0.79,  0.00,  0.79,  0.0,  0.0,  0.0
1036790.52897480, 44841.444838, 1000.0,    2.0,  998.0,  0.79,  0.00,  0.79,  0.0,  0.0,  0.0
1036790.53147480, 44843.637845, 1000.0,    2.0,  998.0,  0.79,  0.00,  0.79,  0.0,  0.0,  0.0
1036790.53397480, 44844.435840, 1000.0,    2.0,  998.0,  0.79,  0.00,  0.79,  0.0,  0.0,  0.0
1036790.53647480, 44843.399818, 1000.0,    2.0,  998.0,  0.79,  0.00,  0.79,  0.0,  0.0,  0.0
1036790.53897480, 44842.984081, 1000.0,    2.0,  998.0,  0.79,  0.00,  0.79,  0.0,  0.0,  0.0
1036790.54147480, 44841.110798, 1000.0,    2.0,  998.0,  0.79,  0.00,  0.79,  0.0,  0.0,  0.0
1036790.54397480, 44840.158087, 1000.0,    2.0,  998.0,  0.79,  0.00,  0.79,  0.0,  0.0,  0.0
1036790.54647480, 44841.129938, 1000.0,    2.0,  998.0,  0.79,  0.00,  0.79,  0.0,  0.0,  0.0
1036790.54897480, 44841.460933, 1000.0,    2.0,  998.0,  0.79,  0.00,  0.79,  0.0,  0.0,  0.0
1036790.55147480, 44843.794465, 1000.0,    2.0,  998.0,  0.79,  0.00,  0.79,  0.0,  0.0,  0.0
1036790.55397480, 44844.833885, 1000.0,    2.0,  998.0,  0.79,  0.00,  0.79,  0.0,  0.0,  0.0
1036790.55647480, 44844.239272, 1000.0,    2.0,  998.0,  0.79,  0.00,  0.79,  0.0,  0.0,  0.0
1036790.55897480, 44843.463543, 1000.0,    2.0,  998.0,  0.79,  0.00,  0.79,  0.0,  0.0,  0.0
1036790.56147480, 44840.881683, 1000.0,    2.0,  998.0,  0.79,  0.00,  0.79,  0.0,  0.0,  0.0
1036790.56397480, 44840.188726, 1000.0,    2.0,  998.0,  0.79,  0.00,  0.79,  0.0,  0.0,  0.0
1036790.56647480, 44840.774214, 1000.0,    2.0,  998.0,  0.79,  0.00,  0.79,  0.0,  0.0,  0.0
1036790.56897480, 44841.790707, 1000.0,    2.0,  998.0,  0.79,  0.00,  0.79,  0.0,  0.0,  0.0
1036790.57147480, 44843.683630, 1000.0,    2.0,  998.0,  0.79,  0.00,  0.79,  0.0,  0.0,  0.0
1036790.57397480, 44844.105902, 1000.0,    2.0,  998.0,  0.79,  0.00,  0.79,  0.0,  0.0,  0.0
1036790.57647480, 44844.528174, 1000.0,    2.0,  998.0,  0.79,  0.00,  0.79,  0.0,  0.0,  0.0
1036790.57897480, 44844.580478, 1000.0,    2.0,  998.0,  0.79,  0.00,  0.79,  0.0,  0.0,  0.0
1036790.58397480, 44840.265141, 1000.0,    2.0,  998.0,  0.79,  0.00,  0.79,  0.0,  0.0,  0.0
1036790.58647480, 44840.878284, 1000.0,    2.0,  998.0,  0.79,  0.00,  0.79,  0.0,  0.0,  0.0
1036790.58897480, 44841.794647, 1000.0,    2.0,  998.0,  0.79,  0.00,  0.79,  0.0,  0.0,  0.0
1036790.59147480, 44842.493989, 1000.0,    2.0,  998.0,  0.79,  0.00,  0.79,  0.0,  0.0,  0.0
1036790.59397480, 44843.193331, 1000.0,    2.0,  998.0,  0.79,  0.00,  0.79,  0.0,  0.0,  0.0
1036790.59647480, 44843.292826, 1000.0,    2.0,  998.0,  0.79,  0.00,  0.79,  0.0,  0.0,  0.0
1036790.59897480, 44843.229664, 1000.0,    2.0,  998.0,  0.79,  0.00,  0.79,  0.0,  0.0,  0.0
1036790.60147480, 44840.839594, 1000.0,    2.0,  998.0,  0.79,  0.00,  0.79,  0.0,  0.0,  0.0
1036790.60397480, 44840.226377, 1000.0,    2.0,  998.0,  0.79,  0.00,  0.79,  0.0,  0.0,  0.0
1036790.60647480, 44841.204128, 1000.0,    2.0,  998.0,  0.79,  0.00,  0.79,  0.0,  0.0,  0.0
1036790.60897480, 44842.301304, 1000.0,    2.0,  998.0,  0.79,  0.00,  0.79,  0.0,  0.0,  0.0
1036790.61147480, 44843.170108, 1000.0,    2.0,  998.0,  0.79,  0.00,  0.79,  0.0,  0.0,  0.0
1036790.61397480, 44844.107384, 1000.0,    2.0,  998.0,  0.79,  0.00,  0.79,  0.0,  0.0,  0.0
1036790.61647480, 44844.986714, 1000.0,    2.0,  998.0,  0.79,  0.00,  0.79,  0.0,  0.0,  0.0
1036790.61897480, 44844.556463, 1000.0,    2.0,  998.0,  0.79,  0.00,  0.79,  0.0,  0.0,  0.0
1036790.62147480, 44844.126212, 1000.0,    2.0,  998.0,  0.79,  0.00,  0.79,  0.0,  0.0,  0.0
1036790.62397480, 44843.695962, 1000.0,    2.0,  998.0,  0.79,  0.00,  0.79,  0.0,  0.0,  0.0
1036790.62647480, 44843.189240, 1000.0,    2.0,  998.0,  0.79,  0.00,  0.79,  0.0,  0.0,  0.0
1036790.62897480, 44841.792474, 1000.0,    2.0,  998.0,  0.79,  0.00,  0.79,  0.0,  0.0,  0.0
1036790.63147480, 44842.938326, 1000.0,    2.0,  998.0,  0.79,  0.00,  0.79,  0.0,  0.0,  0.0
1036790.63397480, 44844.055657, 1000.0,    2.0,  998.0,  0.79,  0.00,  0.79,  0.0,  0.0,  0.0
1036790.63647480, 44844.656579, 1000.0,    2.0,  998.0,  0.79,  0.00,  0.79,  0.0,  0.0,  0.0
1036790.63897480, 44843.719292, 1000.0,    2.0,  998.0,  0.79,  0.00,  0.79,  0.0,  0.0,  0.0
1036790.64147480, 44842.782005, 1000.0,    2.0,  998.0,  0.79,  0.00,  0.79,  0.0,  0.0,  0.0
1036790.64397480, 44841.758668, 1000.0,    2.0,  998.0,  0.79,  0.00,  0.79,  0.0,  0.0,  0.0
1036790.64647480, 44840.791983, 1000.0,    2.0,  998.0,  0.79,  0.00,  0.79,  0.0,  0.0,  0.0
1036790.64897480, 44842.004950, 1000.0,    2.0,  998.0,  0.79,  0.00,  0.79,  0.0,  0.0,  0.0
1036790.65147480, 44843.500517, 1000.0,    2.0,  998.0,  0.79,  0.00,  0.79,  0.0,  0.0,  0.0
1036790.65397480, 44844.840570, 1000.0,    2.0,  998.0,  0.79,  0.00,  0.79,  0.0,  0.0,  0.0
1036790.65647480, 44844.491095, 1000.0,    2.0,  998.0,  0.79,  0.00,  0.79,  0.0,  0.0,  0.0
1036790.65897480, 44842.922245, 1000.0,    2.0,  998.0,  0.79,  0.00,  0.79,  0.0,  0.0,  0.0
1036790.66147480, 44841.115157, 1000.0,    2.0,  998.0,  0.79,  0.00,  0.79,  0.0,  0.0,  0.0
1036790.66397480, 44840.619823, 1000.0,    2.0,  998.0,  0.79,  0.00,  0.79,  0.0,  0.0,  0.0
1036790.66647480, 44840.285871, 1000.0,    2.0,  998.0,  0.79,  0.00,  0.79,  0.0,  0.0,  0.0
1036790.66897480, 44841.809161, 1000.0,    2.0,  998.0,  0.79,  0.00,  0.79,  0.0,  0.0,  0.0
1036790.67147480, 44843.866618, 1000.0,    2.0,  998.0,  0.79,  0.00,  0.79,  0.0,  0.0,  0.0
1036790.67397480, 44844.514718, 1000.0,    2.0,  998.0,  0.79,  0.00,  0.79,  0.0,  0.0,  0.0
1036790.67647480, 44844.414136, 1000.0,    2.0,  998.0,  0.79,  0.00,  0.79,  0.0,  0.0,  0.0
1036790.67897480, 44844.069096, 1000.0,    2.0,  998.0,  0.79,  0.00,  0.79,  0.0,  0.0,  0.0
1036790.68147480, 44842.004050, 1000.0,    2.0,  998.0,  0.79,  0.00,  0.79,  0.0,  0.0,  0.0
1036790.68397480, 44839.939004, 1000.0,    2.0,  998.0,  0.79,  0.00,  0.79,  0.0,  0.0,  0.0
1036790.68647480, 44840.142721, 1000.0,    2.0,  998.0,  0.79,  0.00,  0.79,  0.0,  0.0,  0.0
1036790.68897480, 44841.099547, 1000.0,    2.0,  998.0,  0.79,  0.00,  0.79,  0.0,  0.0,  0.0
1036790.69147480, 44842.719545, 1000.0,    2.0,  998.0,  0.79,  0.00,  0.79,  0.0,  0.0,  0.0
1036790.69397480, 44844.361925, 1000.0,    2.0,  998.0,  0.79,  0.00,  0.79,  0.0,  0.0,  0.0
1036790.69647480, 44844.764393, 1000.0,    2.0,  998.0,  0.79,  0.00,  0.79,  0.0,  0.0,  0.0
1036790.69897480, 44843.582413, 1000.0,    2.0,  998.0,  0.79,  0.00,  0.79,  0.0,  0.0,  0.0
1036790.70147480, 44841.889732, 1000.0,    2.0,  998.0,  0.79,  0.00,  0.79,  0.0,  0.0,  0.0
1036790.70397480, 44839.972212, 1000.0,    2.0,  998.0,  0.79,  0.00,  0.79,  0.0,  0.0,  0.0
1036790.70647480, 44840.013385, 1000.0,    2.0,  998.0,  0.79,  0.00,  0.79,  0.0,  0.0,  0.0
1036790.70897480, 44840.644826, 1000.0,    2.0,  998.0,  0.79,  0.00,  0.79,  0.0,  0.0,  0.0
1036790.71147480, 44844.212294, 1000.0,    2.0,  998.0,  0.79,  0.00,  0.79,  0.0,  0.0,  0.0
1036790.71397480, 44844.804638, 1000.0,    2.0,  998.0,  0.79,  0.00,  0.79,  0.0,  0.0,  0.0
1036790.71647480, 44844.027497, 1000.0,    2.0,  998.0,  0.79,  0.00,  0.79,  0.0,  0.0,  0.0
1036790.71897480, 44843.261150, 1000.0,    2.0,  998.0,  0.79,  0.00,  0.79,  0.0,  0.0,  0.0
1036790.72147480, 44842.653815, 1000.0,    2.0,  998.0,  0.79,  0.00,  0.79,  0.0,  0.0,  0.0
1036790.72397480, 44842.046479, 1000.0,    2.0,  998.0,  0.79,  0.00,  0.79,  0.0,  0.0,  0.0
1036790.72647480, 44841.439144, 1000.0,    2.0,  998.0,  0.79,  0.00,  0.79,  0.0,  0.0,  0.0
1036790.72897480, 44843.132333, 1000.0,    2.0,  998.0,  0.79,  0.00,  0.79,  0.0,  0.0,  0.0
1036790.73147480, 44843.877056, 1000.0,    2.0,  998.0,  0.79,  0.00,  0.79,  0.0,  0.0,  0.0
1036790.73397480, 44844.403028, 1000.0,    2.0,  998.0,  0.79,  0.00,  0.79,  0.0,  0.0,  0.0
1036790.73647480, 44845.016021, 1000.0,    2.0,  998.0,  0.79,  0.00,  0.79,  0.0,  0.0,  0.0
1036790.73897480, 44844.351848, 1000.0,    2.0,  998.0,  0.79,  0.00,  0.79,  0.0,  0.0,  0.0
1036790.74147480, 44843.435226, 1000.0,    2.0,  998.0,  0.79,  0.00,  0.79,  0.0,  0.0,  0.0
1036790.74397480, 44841.063137, 1000.0,    2.0,  998.0,  0.79,  0.00,  0.79,  0.0,  0.0,  0.0
1036790.74647480, 44840.349089, 1000.0,    2.0,  998.0,  0.79,  0.00,  0.79,  0.0,  0.0,  0.0
1036790.74897480, 44840.349089, 1000.0,    2.0,  998.0,  0.79,  0.00,  0.79,  0.0,  0.0,  0.0
1036790.75147480, 44843.703102, 1000.0,    2.0,  998.0,  0.79,  0.00,  0.79,  0.0,  0.0,  0.0
1036790.75397480, 44844.170269, 1000.0,    2.0,  998.0,  0.79,  0.00,  0.79,  0.0,  0.0,  0.0
1036790.75647480, 44844.637437, 1000.0,    2.0,  998.0,  0.79,  0.00,  0.79,  0.0,  0.0,  0.0
1036790.75897480, 44843.787750, 1000.0,    2.0,  998.0,  0.79,  0.00,  0.79,  0.0,  0.0,  0.0
1036790.76147480, 44841.618043, 1000.0,    2.0,  998.0,  0.79,  0.00,  0.79,  0.0,  0.0,  0.0
1036790.76647480, 44840.936070, 1000.0,    2.0,  998.0,  0.79,  0.00,  0.79,  0.0,  0.0,  0.0
1036790.76897480, 44842.333114, 1000.0,    2.0,  998.0,  0.79,  0.00,  0.79,  0.0,  0.0,  0.0
1036790.77147480, 44843.878203, 1000.0,    2.0,  998.0,  0.79,  0.00,  0.79,  0.0,  0.0,  0.0
1036790.77397480, 44844.543232, 1000.0,    2.0,  998.0,  0.79,  0.00,  0.79,  0.0,  0.0,  0.0
1036790.77647480, 44843.890209, 1000.0,    2.0,  998.0,  0.79,  0.00,  0.79,  0.0,  0.0,  0.0
1036790.77897480, 44842.732606, 1000.0,    2.0,  998.0,  0.79,  0.00,  0.79,  0.0,  0.0,  0.0
1036790.78147480, 44840.907222, 1000.0,    2.0,  998.0,  0.79,  0.00,  0.79,  0.0,  0.0,  0.0
1036790.78397480, 44840.269185, 1000.0,    2.0,  998.0,  0.79,  0.00,  0.79,  0.0,  0.0,  0.0
1036790.78647480, 44840.275738, 1000.0,    2.0,  998.0,  0.79,  0.00,  0.79,  0.0,  0.0,  0.0
1036790.78897480, 44840.599628, 1000.0,    2.0,  998.0,  0.79,  0.00,  0.79,  0.0,  0.0,  0.0
1036790.79147480, 44840.923518, 1000.0,    2.0,  998.0,  0.79,  0.00,  0.79,  0.0,  0.0,  0.0
1036790.79397480, 44841.247408, 1000.0,    2.0,  998.0,  0.79,  0.00,  0.79,  0.0,  0.0,  0.0
1036790.79647480, 44841.633599, 1000.0,    2.0,  998.0,  0.79,  0.00,  0.79,  0.0,  0.0,  0.0
1036790.79897480, 44842.792209, 1000.0,    2.0,  998.0,  0.79,  0.00,  0.79,  0.0,  0.0,  0.0
1036790.80147480, 44840.877020, 1000.0,    2.0,  998.0,  0.79,  0.00,  0.79,  0.0,  0.0,  0.0
1036790.80397480, 44840.151161, 1000.0,    2.0,  998.0,  0.79,  0.00,  0.79,  0.0,  0.0,  0.0
1036790.80647480, 44840.214915, 1000.0,    2.0,  998.0,  0.79,  0.00,  0.79,  0.0,  0.0,  0.0
1036790.80897480, 44841.047095, 1000.0,    2.0,  998.0,  0.79,  0.00,  0.79,  0.0,  0.0,  0.0
1036790.81147480, 44842.614365, 1000.0,    2.0,  998.0,  0.79,  0.00,  0.79,  0.0,  0.0,  0.0
1036790.81397480, 44844.845356, 1000.0,    2.0,  998.0,  0.79,  0.00,  0.79,  0.0,  0.0,  0.0
1036790.81647480, 44844.388511, 1000.0,    2.0,  998.0,  0.79,  0.00,  0.79,  0.0,  0.0,  0.0
1036790.81897480, 44842.851067, 1000.0,    2.0,  998.0,  0.79,  0.00,  0.79,  0.0,  0.0,  0.0
1036790.82147480, 44841.320332, 1000.0,    2.0,  998.0,  0.79,  0.00,  0.79,  0.0,  0.0,  0.0
1036790.82397480, 44840.055282, 1000.0,    2.0,  998.0,  0.79,  0.00,  0.79,  0.0,  0.0,  0.0
1036790.82647480, 44840.110581, 1000.0,    2.0,  998.0,  0.79,  0.00,  0.79,  0.0,  0.0,  0.0
1036790.82897480, 44841.705155, 1000.0,    2.0,  998.0,  0.79,  0.00,  0.79,  0.0,  0.0,  0.0
1036790.83147480, 44843.611257, 1000.0,    2.0,  998.0,  0.79,  0.00,  0.79,  0.0,  0.0,  0.0
1036790.83397480, 44844.648112, 1000.0,    2.0,  998.0,  0.79,  0.00,  0.79,  0.0,  0.0,  0.0
1036790.83647480, 44844.895589, 1000.0,    2.0,  998.0,  0.79,  0.00,  0.79,  0.0,  0.0,  0.0
1036790.83897480, 44844.468053, 1000.0,    2.0,  998.0,  0.79,  0.00,  0.79,  0.0,  0.0,  0.0
1036790.84147480, 44843.907711, 1000.0,    2.0,  998.0,  0.79,  0.00,  0.79,  0.0,  0.0,  0.0
1036790.84397480, 44842.877133, 1000.0,    2.0,  998.0,  0.79,  0.00,  0.79,  0.0,  0.0,  0.0
1036790.84647480, 44841.055835, 1000.0,    2.0,  998.0,  0.79,  0.00,  0.79,  0.0,  0.0,  0.0
1036790.84897480, 44841.165529, 1000.0,    2.0,  998.0,  0.79,  0.00,  0.79,  0.0,  0.0,  0.0
1036790.85147480, 44843.921501, 1000.0,    2.0,  998.0,  0.79,  0.00,  0.79,  0.0,  0.0,  0.0
1036790.85397480, 44844.624902, 1000.0,    2.0,  998.0,  0.79,  0.00,  0.79,  0.0,  0.0,  0.0
1036790.85647480, 44844.282270, 1000.0,    2.0,  998.0,  0.79,  0.00,  0.79,  0.0,  0.0,  0.0
1036790.85897480, 44843.871067, 1000.0,    2.0,  998.0,  0.79,  0.00,  0.79,  0.0,  0.0,  0.0
1036790.86147480, 44842.810827, 1000.0,    2.0,  998.0,  0.79,  0.00,  0.79,  0.0,  0.0,  0.0
1036790.86397480, 44840.111106, 1000.0,    2.0,  998.0,  0.79,  0.00,  0.79,  0.0,  0.0,  0.0
1036790.86647480, 44840.369362, 1000.0,    2.0,  998.0,  0.79,  0.00,  0.79,  0.0,  0.0,  0.0
1036790.86897480, 44841.278489, 1000.0,    2.0,  998.0,  0.79,  0.00,  0.79,  0.0,  0.0,  0.0
1036790.87147480, 44842.489329, 1000.0,    2.0,  998.0,  0.79,  0.00,  0.79,  0.0,  0.0,  0.0
1036790.87397480, 44843.666109, 1000.0,    2.0,  998.0,  0.79,  0.00,  0.79,  0.0,  0.0,  0.0
1036790.87647480, 44844.347758, 1000.0,    2.0,  998.0,  0.79,  0.00,  0.79,  0.0,  0.0,  0.0
1036790.87897480, 44843.506893, 1000.0,    2.0,  998.0,  0.79,  0.00,  0.79,  0.0,  0.0,  0.0
1036790.88147480, 44841.955575, 1000.0,    2.0,  998.0,  0.79,  0.00,  0.79,  0.0,  0.0,  0.0
1036790.88647480, 44840.341737, 1000.0,    2.0,  998.0,  0.79,  0.00,  0.79,  0.0,  0.0,  0.0
1036790.88897480, 44841.048833, 1000.0,    2.0,  998.0,  0.79,  0.00,  0.79,  0.0,  0.0,  0.0
1036790.89147480, 44842.141999, 1000.0,    2.0,  998.0,  0.79,  0.00,  0.79,  0.0,  0.0,  0.0
1036790.89397480, 44844.283024, 1000.0,    2.0,  998.0,  0.79,  0.00,  0.79,  0.0,  0.0,  0.0
1036790.89647480, 44844.247484, 1000.0,    2.0,  998.0,  0.79,  0.00,  0.79,  0.0,  0.0,  0.0
1036790.89897480, 44842.841654, 1000.0,    2.0,  998.0,  0.79,  0.00,  0.79,  0.0,  0.0,  0.0
1036790.90147480, 44840.567080, 1000.0,    2.0,  998.0,  0.79,  0.00,  0.79,  0.0,  0.0,  0.0
1036790.90397480, 44840.295950, 1000.0,    2.0,  998.0,  0.79,  0.00,  0.79,  0.0,  0.0,  0.0
1036790.90647480, 44840.455131, 1000.0,    2.0,  998.0,  0.79,  0.00,  0.79,  0.0,  0.0,  0.0
1036790.90897480, 44842.147499, 1000.0,    2.0,  998.0,  0.79,  0.00,  0.79,  0.0,  0.0,  0.0
1036790.91147480, 44843.631535, 1000.0,    2.0,  998.0,  0.79,  0.00,  0.79,  0.0,  0.0,  0.0
1036790.91397480, 44844.913566, 1000.0,    2.0,  998.0,  0.79,  0.00,  0.79,  0.0,  0.0,  0.0
1036790.91647480, 44845.037876, 1000.0,    2.0,  998.0,  0.79,  0.00,  0.79,  0.0,  0.0,  0.0
1036790.91897480, 44845.162186, 1000.0,    2.0,  998.0,  0.79,  0.00,  0.79,  0.0,  0.0,  0.0
1036790.92147480, 44841.245623, 1000.0,    2.0,  998.0,  0.79,  0.00,  0.79,  0.0,  0.0,  0.0
1036790.92397480, 44840.423471, 1000.0,    2.0,  998.0,  0.79,  0.00,  0.79,  0.0,  0.0,  0.0
1036790.92647480, 44840.895105, 1000.0,    2.0,  998.0,  0.79,  0.00,  0.79,  0.0,  0.0,  0.0
1036790.92897480, 44841.923982, 1000.0,    2.0,  998.0,  0.79,  0.00,  0.79,  0.0,  0.0,  0.0
1036790.93147480, 44843.198572, 1000.0,    2.0,  998.0,  0.79,  0.00,  0.79,  0.0,  0.0,  0.0
1036790.93397480, 44843.973410, 1000.0,    2.0,  998.0,  0.79,  0.00,  0.79,  0.0,  0.0,  0.0
1036790.93647480, 44844.239168, 1000.0,    2.0,  998.0,  0.79,  0.00,  0.79,  0.0,  0.0,  0.0
1036790.93897480, 44842.889845, 1000.0,    2.0,  998.0,  0.79,  0.00,  0.79,  0.0,  0.0,  0.0
1036790.94147480, 44842.232479, 1000.0,    2.0,  998.0,  0.79,  0.00,  0.79,  0.0,  0.0,  0.0
1036790.94397480, 44841.575113, 1000.0,    2.0,  998.0,  0.79,  0.00,  0.79,  0.0,  0.0,  0.0
1036790.94647480, 44841.505689, 1000.0,    2.0,  998.0,  0.79,  0.00,  0.79,  0.0,  0.0,  0.0
1036790.94897480, 44842.147371, 1000.0,    2.0,  998.0,  0.79,  0.00,  0.79,  0.0,  0.0,  0.0
1036790.95147480, 44843.506944, 1000.0,    2.0,  998.0,  0.79,  0.00,  0.79,  0.0,  0.0,  0.0
1036790.95397480, 44843.999596, 1000.0,    2.0,  998.0,  0.79,  0.00,  0.79,  0.0,  0.0,  0.0
1036790.95647480, 44844.492247, 1000.0,    2.0,  998.0,  0.79,  0.00,  0.79,  0.0,  0.0,  0.0
1036790.95897480, 44844.120581, 1000.0,    2.0,  998.0,  0.79,  0.00,  0.79,  0.0,  0.0,  0.0
1036790.96147480, 44843.582073, 1000.0,    2.0,  998.0,  0.79,  0.00,  0.79,  0.0,  0.0,  0.0
1036790.96397480, 44841.716212, 1000.0,    2.0,  998.0,  0.79,  0.00,  0.79,  0.0,  0.0,  0.0
1036790.96647480, 44841.097769, 1000.0,    2.0,  998.0,  0.79,  0.00,  0.79,  0.0,  0.0,  0.0
1036790.96897480, 44841.930997, 1000.0,    2.0,  998.0,  0.79,  0.00,  0.79,  0.0,  0.0,  0.0
1036790.97147480, 44842.699673, 1000.0,    2.0,  998.0,  0.79,  0.00,  0.79,  0.0,  0.0,  0.0
1036790.97397480, 44843.464829, 1000.0,    2.0,  998.0,  0.79,  0.00,  0.79,  0.0,  0.0,  0.0
1036790.97647480, 44843.676766, 1000.0,    2.0,  998.0,  0.79,  0.00,  0.79,  0.0,  0.0,  0.0
1036790.97897480, 44843.499472, 1000.0,    2.0,  998.0,  0.79,  0.00,  0.79,  0.0,  0.0,  0.0
1036790.98147480, 44843.322177, 1000.0,    2.0,  998.0,  0.79,  0.00,  0.79,  0.0,  0.0,  0.0
1036790.98397480, 44842.019177, 1000.0,    2.0,  998.0,  0.79,  0.00,  0.79,  0.0,  0.0,  0.0
1036790.98647480, 44840.559540, 1000.0,    2.0,  998.0,  0.79,  0.00,  0.79,  0.0,  0.0,  0.0
1036790.98897480, 44840.971845, 1000.0,    2.0,  998.0,  0.79,  0.00,  0.79,  0.0,  0.0,  0.0
1036790.99147480, 44841.384150, 1000.0,    2.0,  998.0,  0.79,  0.00,  0.79,  0.0,  0.0,  0.0
1036790.99397480, 44843.073017, 1000.0,    2.0,  998.0,  0.79,  0.00,  0.79,  0.0,  0.0,  0.0
1036790.99647480, 44844.644757, 1000.0,    2.0,  998.0,  0.79,  0.00,  0.79,  0.0,  0.0,  0.0
1036790.99897480, 44844.088104, 1000.0,    2.0,  998.0,  0.79,  0.00,  0.79,  0.0,  0.0,  0.0
1036791.00147480, 44843.531451, 1000.0,    2.0,  998.0,  0.79,  0.00,  0.79,  0.0,  0.0,  0.0
1036791.00397480, 44840.159110, 1000.0,    2.0,  998.0,  0.79,  0.00,  0.79,  0.0,  0.0,  0.0
1036791.00647480, 44840.194667, 1000.0,    2.0,  998.0,  0.79,  0.00,  0.79,  0.0,  0.0,  0.0
1036791.00897480, 44840.232707, 1000.0,    2.0,  998.0,  0.79,  0.00,  0.79,  0.0,  0.0,  0.0
1036791.01147480, 44840.270747, 1000.0,    2.0,  998.0,  0.79,  0.00,  0.79,  0.0,  0.0,  0.0
1036791.01397480, 44841.302207, 1000.0,    2.0,  998.0,  0.79,  0.00,  0.79,  0.0,  0.0,  0.0
1036791.01647480, 44844.213401, 1000.0,    2.0,  998.0,  0.79,  0.00,  0.79,  0.0,  0.0,  0.0
1036791.01897480, 44843.620567, 1000.0,    2.0,  998.0,  0.79,  0.00,  0.79,  0.0,  0.0,  0.0
1036791.02147480, 44842.278210, 1000.0,    2.0,  998.0,  0.79,  0.00,  0.79,  0.0,  0.0,  0.0
1036791.02397480, 44840.758275, 1000.0,    2.0,  998.0,  0.79,  0.00,  0.79,  0.0,  0.0,  0.0
1036791.02647480, 44840.548564, 1000.0,    2.0,  998.0,  0.79,  0.00,  0.79,  0.0,  0.0,  0.0
1036791.02897480, 44840.856714, 1000.0,    2.0,  998.0,  0.79,  0.00,  0.79,  0.0,  0.0,  0.0
1036791.03147480, 44841.769360, 1000.0,    2.0,  998.0,  0.79,  0.00,  0.79,  0.0,  0.0,  0.0
1036791.03397480, 44844.462301, 1000.0,    2.0,  998.0,  0.79,  0.00,  0.79,  0.0,  0.0,  0.0
1036791.03647480, 44844.424974, 1000.0,    2.0,  998.0,  0.79,  0.00,  0.79,  0.0,  0.0,  0.0
1036791.03897480, 44843.197571, 1000.0,    2.0,  998.0,  0.79,  0.00,  0.79,  0.0,  0.0,  0.0
1036791.04147480, 44842.517054, 1000.0,    2.0,  998.0,  0.79,  0.00,  0.79,  0.0,  0.0,  0.0
1036791.04397480, 44841.846698, 1000.0,    2.0,  998.0,  0.79,  0.00,  0.79,  0.0,  0.0,  0.0
1036791.04647480, 44841.225735, 1000.0,    2.0,  998.0,  0.79,  0.00,  0.79,  0.0,  0.0,  0.0
1036791.04897480, 44841.225735, 1000.0,    2.0,  998.0,  0.79,  0.00,  0.79,  0.0,  0.0,  0.0
1036791.05147480, 44841.982463, 1000.0,    2.0,  998.0,  0.79,  0.00,  0.79,  0.0,  0.0,  0.0
1036791.05397480, 44844.745384, 1000.0,    2.0,  998.0,  0.79,  0.00,  0.79,  0.0,  0.0,  0.0
1036791.05647480, 44844.800700, 1000.0,    2.0,  998.0,  0.79,  0.00,  0.79,  0.0,  0.0,  0.0
1036791.05897480, 44843.856016, 1000.0,    2.0,  998.0,  0.79,  0.00,  0.79,  0.0,  0.0,  0.0
1036791.06147480, 44842.233449, 1000.0,    2.0,  998.0,  0.79,  0.00,  0.79,  0.0,  0.0,  0.0
1036791.06397480, 44840.169609, 1000.0,    2.0,  998.0,  0.79,  0.00,  0.79,  0.0,  0.0,  0.0
1036791.06647480, 44840.613900, 1000.0,    2.0,  998.0,  0.79,  0.00,  0.79,  0.0,  0.0,  0.0
1036791.06897480, 44841.780794, 1000.0,    2.0,  998.0,  0.79,  0.00,  0.79,  0.0,  0.0,  0.0
1036791.07147480, 44842.347037, 1000.0,    2.0,  998.0,  0.79,  0.00,  0.79,  0.0,  0.0,  0.0
1036791.07397480, 44842.913280, 1000.0,    2.0,  998.0,  0.79,  0.00,  0.79,  0.0,  0.0,  0.0
1036791.07647480, 44843.374526, 1000.0,    2.0,  998.0,  0.79,  0.00,  0.79,  0.0,  0.0,  0.0
1036791.07897480, 44843.506825, 1000.0,    2.0,  998.0,  0.79,  0.00,  0.79,  0.0,  0.0,  0.0
1036791.08147480, 44841.764965, 1000.0,    2.0,  998.0,  0.79,  0.00,  0.79,  0.0,  0.0,  0.0
1036791.08397480, 44840.250265, 1000.0,    2.0,  998.0,  0.79,  0.00,  0.79,  0.0,  0.0,  0.0
1036791.08647480, 44840.615499, 1000.0,    2.0,  998.0,  0.79,  0.00,  0.79,  0.0,  0.0,  0.0
1036791.08897480, 44841.199826, 1000.0,    2.0,  998.0,  0.79,  0.00,  0.79,  0.0,  0.0,  0.0
1036791.09147480, 44842.043471, 1000.0,    2.0,  998.0,  0.79,  0.00,  0.79,  0.0,  0.0,  0.0
1036791.09397480, 44844.349244, 1000.0,    2.0,  998.0,  0.79,  0.00,  0.79,  0.0,  0.0,  0.0
1036791.09897480, 44843.267680, 1000.0,    2.0,  998.0,  0.79,  0.00,  0.79,  0.0,  0.0,  0.0
1036791.10147480, 44842.686089, 1000.0,    2.0,  998.0,  0.79,  0.00,  0.79,  0.0,  0.0,  0.0
1036791.10397480, 44841.573636, 1000.0,    2.0,  998.0,  0.79,  0.00,  0.79,  0.0,  0.0,  0.0
1036791.10647480, 44840.825971, 1000.0,    2.0,  998.0,  0.79,  0.00,  0.79,  0.0,  0.0,  0.0
1036791.10897480, 44842.003678, 1000.0,    2.0,  998.0,  0.79,  0.00,  0.79,  0.0,  0.0,  0.0
1036791.11147480, 44843.589960, 1000.0,    2.0,  998.0,  0.79,  0.00,  0.79,  0.0,  0.0,  0.0
1036791.11397480, 44844.870787, 1000.0,    2.0,  998.0,  0.79,  0.00,  0.79,  0.0,  0.0,  0.0
1036791.11647480, 44845.001387, 1000.0,    2.0,  998.0,  0.79,  0.00,  0.79,  0.0,  0.0,  0.0
1036791.11897480, 44844.099376, 1000.0,    2.0,  998.0,  0.79,  0.00,  0.79,  0.0,  0.0,  0.0
1036791.12147480, 44841.930445, 1000.0,    2.0,  998.0,  0.79,  0.00,  0.79,  0.0,  0.0,  0.0
1036791.12397480, 44839.964413, 1000.0,    2.0,  998.0,  0.79,  0.00,  0.79,  0.0,  0.0,  0.0
1036791.12647480, 44840.152064, 1000.0,    2.0,  998.0,  0.79,  0.00,  0.79,  0.0,  0.0,  0.0
1036791.12897480, 44840.861263, 1000.0,    2.0,  998.0,  0.79,  0.00,  0.79,  0.0,  0.0,  0.0
1036791.13147480, 44841.570461, 1000.0,    2.0,  998.0,  0.79,  0.00,  0.79,  0.0,  0.0,  0.0
1036791.13397480, 44844.273047, 1000.0,    2.0,  998.0,  0.79,  0.00,  0.79,  0.0,  0.0,  0.0
1036791.13647480, 44844.693077, 1000.0,    2.0,  998.0,  0.79,  0.00,  0.79,  0.0,  0.0,  0.0
1036791.13897480, 44843.813647, 1000.0,    2.0,  998.0,  0.79,  0.00,  0.79,  0.0,  0.0,  0.0
1036791.14147480, 44842.201643, 1000.0,    2.0,  998.0,  0.79,  0.00,  0.79,  0.0,  0.0,  0.0
1036791.14397480, 44840.973805, 1000.0,    2.0,  998.0,  0.79,  0.00,  0.79,  0.0,  0.0,  0.0
1036791.14647480, 44840.335359, 1000.0,    2.0,  998.0,  0.79,  0.00,  0.79,  0.0,  0.0,  0.0
1036791.14897480, 44841.100944, 1000.0,    2.0,  998.0,  0.79,  0.00,  0.79,  0.0,  0.0,  0.0
1036791.15147480, 44842.826362, 1000.0,    2.0,  998.0,  0.79,  0.00,  0.79,  0.0,  0.0,  0.0
1036791.15397480, 44844.440323, 1000.0,    2.0,  998.0,  0.79,  0.00,  0.79,  0.0,  0.0,  0.0
1036791.15647480, 44844.248536, 1000.0,    2.0,  998.0,  0.79,  0.00,  0.79,  0.0,  0.0,  0.0
1036791.15897480, 44842.437320, 1000.0,    2.0,  998.0,  0.79,  0.00,  0.79,  0.0,  0.0,  0.0
1036791.16147480, 44840.428012, 1000.0,    2.0,  998.0,  0.79,  0.00,  0.79,  0.0,  0.0,  0.0
1036791.16397480, 44840.284944, 1000.0,    2.0,  998.0,  0.79,  0.00,  0.79,  0.0,  0.0,  0.0
1036791.16647480, 44840.284944, 1000.0,    2.0,  998.0,  0.79,  0.00,  0.79,  0.0,  0.0,  0.0
1036791.16897480, 44840.284944, 1000.0,    2.0,  998.0,  0.79,  0.00,  0.79,  0.0,  0.0,  0.0
1036791.17147480, 44843.776203, 1000.0,    2.0,  998.0,  0.79,  0.00,  0.79,  0.0,  0.0,  0.0
1036791.17397480, 44844.583060, 1000.0,    2.0,  998.0,  0.79,  0.00,  0.79,  0.0,  0.0,  0.0
1036791.17647480, 44844.225892, 1000.0,    2.0,  998.0,  0.79,  0.00,  0.79,  0.0,  0.0,  0.0
1036791.17897480, 44843.615023, 1000.0,    2.0,  998.0,  0.79,  0.00,  0.79,  0.0,  0.0,  0.0
1036791.18147480, 44842.184054, 1000.0,    2.0,  998.0,  0.79,  0.00,  0.79,  0.0,  0.0,  0.0
1036791.18397480, 44840.044288, 1000.0,    2.0,  998.0,  0.79,  0.00,  0.79,  0.0,  0.0,  0.0
1036791.18647480, 44840.093183, 1000.0,    2.0,  998.0,  0.79,  0.00,  0.79,  0.0,  0.0,  0.0
1036791.18897480, 44840.655369, 1000.0,    2.0,  998.0,  0.79,  0.00,  0.79,  0.0,  0.0,  0.0
1036791.19147480, 44841.217555, 1000.0,    2.0,  998.0,  0.79,  0.00,  0.79,  0.0,  0.0,  0.0
1036791.19397480, 44842.743642, 1000.0,    2.0,  998.0,  0.79,  0.00,  0.79,  0.0,  0.0,  0.0
1036791.19647480, 44844.227915, 1000.0,    2.0,  998.0,  0.79,  0.00,  0.79,  0.0,  0.0,  0.0
1036791.19897480, 44843.129732, 1000.0,    2.0,  998.0,  0.79,  0.00,  0.79,  0.0,  0.0,  0.0
1036791.20147480, 44841.422905, 1000.0,    2.0,  998.0,  0.79,  0.00,  0.79,  0.0,  0.0,  0.0
1036791.20397480, 44840.794677, 1000.0,    2.0,  998.0,  0.79,  0.00,  0.79,  0.0,  0.0,  0.0
1036791.20647480, 44840.404244, 1000.0,    2.0,  998.0,  0.79,  0.00,  0.79,  0.0,  0.0,  0.0
1036791.20897480, 44841.161772, 1000.0,    2.0,  998.0,  0.79,  0.00,  0.79,  0.0,  0.0,  0.0
1036791.21147480, 44843.030740, 1000.0,    2.0,  998.0,  0.79,  0.00,  0.79,  0.0,  0.0,  0.0
1036791.21397480, 44844.537882, 1000.0,    2.0,  998.0,  0.79,  0.00,  0.79,  0.0,  0.0,  0.0
1036791.21647480, 44844.862141, 1000.0,    2.0,  998.0,  0.79,  0.00,  0.79,  0.0,  0.0,  0.0
1036791.21897480, 44844.006480, 1000.0,    2.0,  998.0,  0.79,  0.00,  0.79,  0.0,  0.0,  0.0
1036791.22147480, 44842.881287, 1000.0,    2.0,  998.0,  0.79,  0.00,  0.79,  0.0,  0.0,  0.0
1036791.22397480, 44841.676700, 1000.0,    2.0,  998.0,  0.79,  0.00,  0.79,  0.0,  0.0,  0.0
1036791.22647480, 44840.472112, 1000.0,    2.0,  998.0,  0.79,  0.00,  0.79,  0.0,  0.0,  0.0
1036791.22897480, 44841.912327, 1000.0,    2.0,  998.0,  0.79,  0.00,  0.79,  0.0,  0.0,  0.0
1036791.23147480, 44843.557522, 1000.0,    2.0,  998.0,  0.79,  0.00,  0.79,  0.0,  0.0,  0.0
1036791.23397480, 44844.259805, 1000.0,    2.0,  998.0,  0.79,  0.00,  0.79,  0.0,  0.0,  0.0
1036791.23647480, 44844.607759, 1000.0,    2.0,  998.0,  0.79,  0.00,  0.79,  0.0,  0.0,  0.0
1036791.23897480, 44843.979381, 1000.0,    2.0,  998.0,  0.79,  0.00,  0.79,  0.0,  0.0,  0.0
1036791.24147480, 44843.351003, 1000.0,    2.0,  998.0,  0.79,  0.00,  0.79,  0.0,  0.0,  0.0
1036791.24397480, 44841.416207, 1000.0,    2.0,  998.0,  0.79,  0.00,  0.79,  0.0,  0.0,  0.0
1036791.24647480, 44840.584286, 1000.0,    2.0,  998.0,  0.79,  0.00,  0.79,  0.0,  0.0,  0.0
1036791.24897480, 44840.948845, 1000.0,    2.0,  998.0,  0.79,  0.00,  0.79,  0.0,  0.0,  0.0
1036791.25147480, 44843.056122, 1000.0,    2.0,  998.0,  0.79,  0.00,  0.79,  0.0,  0.0,  0.0
1036791.25397480, 44844.786622, 1000.0,    2.0,  998.0,  0.79,  0.00,  0.79,  0.0,  0.0,  0.0
1036791.25647480, 44844.820672, 1000.0,    2.0,  998.0,  0.79,  0.00,  0.79,  0.0,  0.0,  0.0
1036791.25897480, 44844.593315, 1000.0,    2.0,  998.0,  0.79,  0.00,  0.79,  0.0,  0.0,  0.0
1036791.26147480, 44842.773933, 1000.0,    2.0,  998.0,  0.79,  0.00,  0.79,  0.0,  0.0,  0.0
1036791.26397480, 44841.012731, 1000.0,    2.0,  998.0,  0.79,  0.00,  0.79,  0.0,  0.0,  0.0
1036791.26647480, 44840.376841, 1000.0,    2.0,  998.0,  0.79,  0.00,  0.79,  0.0,  0.0,  0.0
1036791.26897480, 44841.243902, 1000.0,    2.0,  998.0,  0.79,  0.00,  0.79,  0.0,  0.0,  0.0
1036791.27147480, 44843.555378, 1000.0,    2.0,  998.0,  0.79,  0.00,  0.79,  0.0,  0.0,  0.0
