Time (s), Force (mN), Position (mm), hv_set (V), hv_vm (V), hv_err (V), lv_set (V), lv_vm (V), lv_err (V), cm_w1 (uA), cm_w2 (uA), cm_w3 (uA)
1746530.94620570, 44855.348294, 10.000,    0.0,    2.0, -2.0,  0.00,  0.00,  0.00,  0.0,  0.0,  0.0
1746530.94870570, 44855.348294, 10.000,    0.0,    2.0, -2.0,  0.00,  0.00,  0.00,  0.0,  0.0,  0.0
1746530.95120570, 44855.348294, 10.000,    0.0,    2.0, -2.0,  0.00,  0.00,  0.00,  0.0,  0.0,  0.0
1746530.95370570, 44855.348294, 10.000,    0.0,    2.0, -2.0,  0.00,  0.00,  0.00,  0.0,  0.0,  0.0
1746530.95620570, 44855.348294, 10.000,    0.0,    2.0, -2.0,  0.00,  0.00,  0.00,  0.0,  0.0,  0.0
1746530.95870570, 44855.348294, 10.000,    0.0,    2.0, -2.0,  0.00,  0.00,  0.00,  0.0,  0.0,  0.0
1746530.96120570, 44855.358168, 10.000,    0.0,    2.0, -2.0,  0.00,  0.00,  0.00,  0.0,  0.0,  0.0
1746530.96370570, 44855.347029, 10.000,    0.0,    2.0, -2.0,  0.00,  0.00,  0.00,  0.0,  0.0,  0.0
1746530.96620570, 44855.245254, 10.000,    0.0,    2.0, -2.0,  0.00,  0.00,  0.00,  0.0,  0.0,  0.0
1746530.96870570, 44855.095120, 10.000,    0.0,    2.0, -2.0,  0.00,  0.00,  0.00,  0.0,  0.0,  0.0
1746530.97120570, 44854.931251, 10.000,    0.0,    2.0, -2.0,  0.00,  0.00,  0.00,  0.0,  0.0,  0.0
1746530.97370570, 44855.079436, 10.000,    0.0,    2.0, -2.0,  0.00,  0.00,  0.00,  0.0,  0.0,  0.0
1746530.97620570, 44855.114201, 10.000,    0.0,    2.0, -2.0,  0.00,  0.00,  0.00,  0.0,  0.0,  0.0
1746530.97870570, 44855.148966, 10.000,    0.0,    2.0, -2.0,  0.00,  0.00,  0.00,  0.0,  0.0,  0.0
1746530.98120570, 44855.195326, 10.000,    0.0,    2.0, -2.0,  0.00,  0.00,  0.00,  0.0,  0.0,  0.0
1746530.98370570, 44855.292202, 10.000,    0.0,    2.0, -2.0,  0.00,  0.00,  0.00,  0.0,  0.0,  0.0
1746530.98620570, 44855.389078, 10.000,    0.0,    2.0, -2.0,  0.00,  0.00,  0.00,  0.0,  0.0,  0.0
1746530.98870570, 44855.485954, 10.000,    0.0,    2.0, -2.0,  0.00,  0.00,  0.00,  0.0,  0.0,  0.0
1746530.99120570, 44855.432246, 10.000,    0.0,    2.0, -2.0,  0.00,  0.00,  0.00,  0.0,  0.0,  0.0
1746530.99370570, 44854.909971, 10.000,    0.0,    2.0, -2.0,  0.00,  0.00,  0.00,  0.0,  0.0,  0.0
1746530.99620570, 44854.909971, 10.000,    0.0,    2.0, -2.0,  0.00,  0.00,  0.00,  0.0,  0.0,  0.0
1746530.99870570, 44854.909971, 10.000,    0.0,    2.0, -2.0,  0.00,  0.00,  0.00,  0.0,  0.0,  0.0
1746531.00120570, 44854.909971, 10.000,    0.0,    2.0, -2.0,  0.00,  0.00,  0.00,  0.0,  0.0,  0.0
1746531.00370570, 44855.041540, 10.000,    0.0,    2.0, -2.0,  0.00,  0.00,  0.00,  0.0,  0.0,  0.0
1746531.00620570, 44855.268461, 10.000,    0.0,    2.0, -2.0,  0.00,  0.00,  0.00,  0.0,  0.0,  0.0
1746531.01120570, 44855.360923, 10.000,    0.0,    2.0, -2.0,  0.00,  0.00,  0.00,  0.0,  0.0,  0.0
1746531.01370570, 44855.305732, 10.000,    0.0,    2.0, -2.0,  0.00,  0.00,  0.00,  0.0,  0.0,  0.0
1746531.01620570, 44855.250541, 10.000,    0.0,    2.0, -2.0,  0.00,  0.00,  0.00,  0.0,  0.0,  0.0
1746531.01870570, 44855.195351, 10.000,    0.0,    2.0, -2.0,  0.00,  0.00,  0.00,  0.0,  0.0,  0.0
1746531.02120570, 44855.140160, 10.000,    0.0,    2.0, -2.0,  0.00,  0.00,  0.00,  0.0,  0.0,  0.0
1746531.02370570, 44855.198720, 10.000,    0.0,    2.0, -2.0,  0.00,  0.00,  0.00,  0.0,  0.0,  0.0
1746531.02620570, 44855.250923, 10.000,    0.0,    2.0, -2.0,  0.00,  0.00,  0.00,  0.0,  0.0,  0.0
1746531.02870570, 44855.297119, 10.000,    0.0,    2.0, -2.0,  0.00,  0.00,  0.00,  0.0,  0.0,  0.0
1746531.03120570, 44855.347944, 10.000,    0.0,    2.0, -2.0,  0.00,  0.00,  0.00,  0.0,  0.0,  0.0
1746531.03370570, 44855.398770, 10.000,    0.0,    2.0, -2.0,  0.00,  0.00,  0.00,  0.0,  0.0,  0.0
1746531.03620570, 44855.449595, 10.000,    0.0,    2.0, -2.0,  0.00,  0.00,  0.00,  0.0,  0.0,  0.0
1746531.03870570, 44855.424756, 10.000,    0.0,    2.0, -2.0,  0.00,  0.00,  0.00,  0.0,  0.0,  0.0
1746531.04120570, 44855.183036, 10.000,    0.0,    2.0, -2.0,  0.00,  0.00,  0.00,  0.0,  0.0,  0.0
1746531.04370570, 44855.213611, 10.000,    0.0,    2.0, -2.0,  0.00,  0.00,  0.00,  0.0,  0.0,  0.0
1746531.04620570, 44855.189243, 10.000,    0.0,    2.0, -2.0,  0.00,  0.00,  0.00,  0.0,  0.0,  0.0
1746531.04870570, 44855.226321, 10.000,    0.0,    2.0, -2.0,  0.00,  0.00,  0.00,  0.0,  0.0,  0.0
1746531.05120570, 44855.492336, 10.000,    0.0,    2.0, -2.0,  0.00,  0.00,  0.00,  0.0,  0.0,  0.0
1746531.05370570, 44855.304427, 10.000,    0.0,    2.0, -2.0,  0.00,  0.00,  0.00,  0.0,  0.0,  0.0
1746531.05620570, 44855.187475, 10.000,    0.0,    2.0, -2.0,  0.00,  0.00,  0.00,  0.0,  0.0,  0.0
1746531.05870570, 44855.158682, 10.000,    0.0,    2.0, -2.0,  0.00,  0.00,  0.00,  0.0,  0.0,  0.0
1746531.06120570, 44855.149099, 10.000,    0.0,    2.0, -2.0,  0.00,  0.00,  0.00,  0.0,  0.0,  0.0
1746531.06370570, 44855.139517, 10.000,    0.0,    2.0, -2.0,  0.00,  0.00,  0.00,  0.0,  0.0,  0.0
1746531.06620570, 44855.177531, 10.000,    0.0,    2.0, -2.0,  0.00,  0.00,  0.00,  0.0,  0.0,  0.0
1746531.06870570, 44855.268330, 10.000,    0.0,    2.0, -2.0,  0.00,  0.00,  0.00,  0.0,  0.0,  0.0
1746531.07120570, 44855.359128, 10.000,    0.0,    2.0, -2.0,  0.00,  0.00,  0.00,  0.0,  0.0,  0.0
1746531.07370570, 44855.240858, 10.000,    0.0,    2.0, -2.0,  0.00,  0.00,  0.00,  0.0,  0.0,  0.0
1746531.07620570, 44855.220004, 10.000,    0.0,    2.0, -2.0,  0.00,  0.00,  0.00,  0.0,  0.0,  0.0
1746531.07870570, 44855.173450, 10.000,    0.0,    2.0, -2.0,  0.00,  0.00,  0.00,  0.0,  0.0,  0.0
1746531.08120570, 44855.119691, 10.000,    0.0,    2.0, -2.0,  0.00,  0.00,  0.00,  0.0,  0.0,  0.0
1746531.08370570, 44855.065933, 10.000,    0.0,    2.0, -2.0,  0.00,  0.00,  0.00,  0.0,  0.0,  0.0
1746531.08620570, 44855.012175, 10.000,    0.0,    2.0, -2.0,  0.00,  0.00,  0.00,  0.0,  0.0,  0.0
1746531.08870570, 44854.958416, 10.000,    0.0,    2.0, -2.0,  0.00,  0.00,  0.00,  0.0,  0.0,  0.0
1746531.09120570, 44854.904658, 10.000,    0.0,    2.0, -2.0,  0.00,  0.00,  0.00,  0.0,  0.0,  0.0
1746531.09370570, 44855.197684, 10.000,    0.0,    2.0, -2.0,  0.00,  0.00,  0.00,  0.0,  0.0,  0.0
1746531.09620570, 44855.241386, 10.000,    0.0,    2.0, -2.0,  0.00,  0.00,  0.00,  0.0,  0.0,  0.0
1746531.09870570, 44855.241386, 10.000,    0.0,    2.0, -2.0,  0.00,  0.00,  0.00,  0.0,  0.0,  0.0
1746531.10120570, 44855.241386, 10.000,    0.0,    2.0, -2.0,  0.00,  0.00,  0.00,  0.0,  0.0,  0.0
1746531.10370570, 44855.241386, 10.000,    0.0,    2.0, -2.0,  0.00,  0.00,  0.00,  0.0,  0.0,  0.0
1746531.10620570, 44855.243647, 10.000,    0.0,    2.0, -2.0,  0.00,  0.00,  0.00,  0.0,  0.0,  0.0
1746531.10870570, 44855.251562, 10.000,    0.0,    2.0, -2.0,  0.00,  0.00,  0.00,  0.0,  0.0,  0.0
1746531.11120570, 44855.259477, 10.000,    0.0,    2.0, -2.0,  0.00,  0.00,  0.00,  0.0,  0.0,  0.0
1746531.11370570, 44855.267392, 10.000,    0.0,    2.0, -2.0,  0.00,  0.00,  0.00,  0.0,  0.0,  0.0
1746531.11620570, 44855.275306, 10.000,    0.0,    2.0, -2.0,  0.00,  0.00,  0.00,  0.0,  0.0,  0.0
1746531.11870570, 44855.283221, 10.000,    0.0,    2.0, -2.0,  0.00,  0.00,  0.00,  0.0,  0.0,  0.0
1746531.12120570, 44855.407736, 10.000,    0.0,    2.0, -2.0,  0.00,  0.00,  0.00,  0.0,  0.0,  0.0
1746531.12370570, 44855.091078, 10.000,    0.0,    2.0, -2.0,  0.00,  0.00,  0.00,  0.0,  0.0,  0.0
1746531.12620570, 44854.696155, 10.000,    0.0,    2.0, -2.0,  0.00,  0.00,  0.00,  0.0,  0.0,  0.0
1746531.12870570, 44854.725007, 10.000,    0.0,    2.0, -2.0,  0.00,  0.00,  0.00,  0.0,  0.0,  0.0
1746531.13120570, 44854.812887, 10.000,    0.0,    2.0, -2.0,  0.00,  0.00,  0.00,  0.0,  0.0,  0.0
1746531.13370570, 44854.900767, 10.000,    0.0,    2.0, -2.0,  0.00,  0.00,  0.00,  0.0,  0.0,  0.0
1746531.13620570, 44854.988647, 10.000,    0.0,    2.0, -2.0,  0.00,  0.00,  0.00,  0.0,  0.0,  0.0
1746531.13870570, 44855.038261, 10.000,    0.0,    2.0, -2.0,  0.00,  0.00,  0.00,  0.0,  0.0,  0.0
1746531.14120570, 44855.038261, 10.000,    0.0,    2.0, -2.0,  0.00,  0.00,  0.00,  0.0,  0.0,  0.0
1746531.14370570, 44855.038261, 10.000,    0.0,    2.0, -2.0,  0.00,  0.00,  0.00,  0.0,  0.0,  0.0
1746531.14620570, 44855.251874, 10.000,    0.0,    2.0, -2.0,  0.00,  0.00,  0.00,  0.0,  0.0,  0.0
1746531.14870570, 44855.363578, 10.000,    0.0,    2.0, -2.0,  0.00,  0.00,  0.00,  0.0,  0.0,  0.0
1746531.15120570, 44855.351389, 10.000,    0.0,    2.0, -2.0,  0.00,  0.00,  0.00,  0.0,  0.0,  0.0
1746531.15370570, 44855.356510, 10.000,    0.0,    2.0, -2.0,  0.00,  0.00,  0.00,  0.0,  0.0,  0.0
1746531.15620570, 44855.367523, 10.000,    0.0,    2.0, -2.0,  0.00,  0.00,  0.00,  0.0,  0.0,  0.0
1746531.15870570, 44855.378535, 10.000,    0.0,    2.0, -2.0,  0.00,  0.00,  0.00,  0.0,  0.0,  0.0
1746531.16120570, 44855.389548, 10.000,    0.0,    2.0, -2.0,  0.00,  0.00,  0.00,  0.0,  0.0,  0.0
1746531.16370570, 44855.400560, 10.000,    0.0,    2.0, -2.0,  0.00,  0.00,  0.00,  0.0,  0.0,  0.0
1746531.16620570, 44855.411572, 10.000,    0.0,    2.0, -2.0,  0.00,  0.00,  0.00,  0.0,  0.0,  0.0
1746531.16870570, 44855.401049, 10.000,    0.0,    2.0, -2.0,  0.00,  0.00,  0.00,  0.0,  0.0,  0.0
1746531.17120570, 44855.387448, 10.000,    0.0,    2.0, -2.0,  0.00,  0.00,  0.00,  0.0,  0.0,  0.0
1746531.17370570, 44855.369208, 10.000,    0.0,    2.0, -2.0,  0.00,  0.00,  0.00,  0.0,  0.0,  0.0
1746531.17620570, 44855.360846, 10.000,    0.0,    2.0, -2.0,  0.00,  0.00,  0.00,  0.0,  0.0,  0.0
1746531.17870570, 44855.352485, 10.000,    0.0,    2.0, -2.0,  0.00,  0.00,  0.00,  0.0,  0.0,  0.0
1746531.18120570, 44855.344124, 10.000,    0.0,    2.0, -2.0,  0.00,  0.00,  0.00,  0.0,  0.0,  0.0
1746531.18370570, 44855.335763, 10.000,    0.0,    2.0, -2.0,  0.00,  0.00,  0.00,  0.0,  0.0,  0.0
1746531.18620570, 44855.327401, 10.000,    0.0,    2.0, -2.0,  0.00,  0.00,  0.00,  0.0,  0.0,  0.0
1746531.18870570, 44855.319040, 10.000,    0.0,    2.0, -2.0,  0.00,  0.00,  0.00,  0.0,  0.0,  0.0
1746531.19120570, 44855.185289, 10.000,    0.0,    2.0, -2.0,  0.00,  0.00,  0.00,  0.0,  0.0,  0.0
1746531.19370570, 44854.987780, 10.000,    0.0,    2.0, -2.0,  0.00,  0.00,  0.00,  0.0,  0.0,  0.0
1746531.19620570, 44854.997899, 10.000,    0.0,    2.0, -2.0,  0.00,  0.00,  0.00,  0.0,  0.0,  0.0
1746531.19870570, 44855.052807, 10.000,    0.0,    2.0, -2.0,  0.00,  0.00,  0.00,  0.0,  0.0,  0.0
1746531.20120570, 44855.107715, 10.000,    0.0,    2.0, -2.0,  0.00,  0.00,  0.00,  0.0,  0.0,  0.0
1746531.20370570, 44855.162623, 10.000,    0.0,    2.0, -2.0,  0.00,  0.00,  0.00,  0.0,  0.0,  0.0
1746531.20620570, 44855.217531, 10.000,    0.0,    2.0, -2.0,  0.00,  0.00,  0.00,  0.0,  0.0,  0.0
1746531.20870570, 44855.272439, 10.000,    0.0,    2.0, -2.0,  0.00,  0.00,  0.00,  0.0,  0.0,  0.0
1746531.21120570, 44855.004156, 10.000,    0.0,    2.0, -2.0,  0.00,  0.00,  0.00,  0.0,  0.0,  0.0
1746531.21370570, 44855.031063, 10.000,    0.0,    2.0, -2.0,  0.00,  0.00,  0.00,  0.0,  0.0,  0.0
1746531.21620570, 44855.110492, 10.000,    0.0,    2.0, -2.0,  0.00,  0.00,  0.00,  0.0,  0.0,  0.0
1746531.21870570, 44855.189920, 10.000,    0.0,    2.0, -2.0,  0.00,  0.00,  0.00,  0.0,  0.0,  0.0
1746531.22120570, 44855.269349, 10.000,    0.0,    2.0, -2.0,  0.00,  0.00,  0.00,  0.0,  0.0,  0.0
1746531.22370570, 44855.318198, 10.000,    0.0,    2.0, -2.0,  0.00,  0.00,  0.00,  0.0,  0.0,  0.0
1746531.22620570, 44855.323020, 10.000,    0.0,    2.0, -2.0,  0.00,  0.00,  0.00,  0.0,  0.0,  0.0
1746531.22870570, 44855.327842, 10.000,    0.0,    2.0, -2.0,  0.00,  0.00,  0.00,  0.0,  0.0,  0.0
1746531.23120570, 44855.332664, 10.000,    0.0,    2.0, -2.0,  0.00,  0.00,  0.00,  0.0,  0.0,  0.0
1746531.23370570, 44855.337486, 10.000,    0.0,    2.0, -2.0,  0.00,  0.00,  0.00,  0.0,  0.0,  0.0
1746531.23620570, 44855.219020, 10.000,    0.0,    2.0, -2.0,  0.00,  0.00,  0.00,  0.0,  0.0,  0.0
1746531.23870570, 44855.210658, 10.000,    0.0,    2.0, -2.0,  0.00,  0.00,  0.00,  0.0,  0.0,  0.0
1746531.24120570, 44855.202295, 10.000,    0.0,    2.0, -2.0,  0.00,  0.00,  0.00,  0.0,  0.0,  0.0
1746531.24370570, 44855.193933, 10.000,    0.0,    2.0, -2.0,  0.00,  0.00,  0.00,  0.0,  0.0,  0.0
1746531.24620570, 44855.185571, 10.000,    0.0,    2.0, -2.0,  0.00,  0.00,  0.00,  0.0,  0.0,  0.0
1746531.24870570, 44855.177208, 10.000,    0.0,    2.0, -2.0,  0.00,  0.00,  0.00,  0.0,  0.0,  0.0
1746531.25120570, 44855.168846, 10.000,    0.0,    2.0, -2.0,  0.00,  0.00,  0.00,  0.0,  0.0,  0.0
1746531.25370570, 44855.170902, 10.000,    0.0,    2.0, -2.0,  0.00,  0.00,  0.00,  0.0,  0.0,  0.0
1746531.25620570, 44855.176900, 10.000,    0.0,    2.0, -2.0,  0.00,  0.00,  0.00,  0.0,  0.0,  0.0
1746531.25870570, 44855.442670, 10.000,    0.0,    2.0, -2.0,  0.00,  0.00,  0.00,  0.0,  0.0,  0.0
1746531.26120570, 44855.367744, 10.000,    0.0,    2.0, -2.0,  0.00,  0.00,  0.00,  0.0,  0.0,  0.0
1746531.26370570, 44855.260766, 10.000,    0.0,    2.0, -2.0,  0.00,  0.00,  0.00,  0.0,  0.0,  0.0
1746531.26620570, 44855.193859, 10.000,    0.0,    2.0, -2.0,  0.00,  0.00,  0.00,  0.0,  0.0,  0.0
1746531.26870570, 44855.207157, 10.000,    0.0,    2.0, -2.0,  0.00,  0.00,  0.00,  0.0,  0.0,  0.0
1746531.27120570, 44855.145341, 10.000,    0.0,    2.0, -2.0,  0.00,  0.00,  0.00,  0.0,  0.0,  0.0
1746531.27370570, 44855.177249, 10.000,    0.0,    2.0, -2.0,  0.00,  0.00,  0.00,  0.0,  0.0,  0.0
1746531.27620570, 44855.331535, 10.000,    0.0,    2.0, -2.0,  0.00,  0.00,  0.00,  0.0,  0.0,  0.0
1746531.27870570, 44855.381422, 10.000,    0.0,    2.0, -2.0,  0.00,  0.00,  0.00,  0.0,  0.0,  0.0
1746531.28120570, 44855.388130, 10.000,    0.0,    2.0, -2.0,  0.00,  0.00,  0.00,  0.0,  0.0,  0.0
1746531.28370570, 44855.323860, 10.000,    0.0,    2.0, -2.0,  0.00,  0.00,  0.00,  0.0,  0.0,  0.0
1746531.28620570, 44855.259590, 10.000,    0.0,    2.0, -2.0,  0.00,  0.00,  0.00,  0.0,  0.0,  0.0
1746531.28870570, 44855.162833, 10.000,    0.0,    2.0, -2.0,  0.00,  0.00,  0.00,  0.0,  0.0,  0.0
1746531.29120570, 44855.121028, 10.000,    0.0,    2.0, -2.0,  0.00,  0.00,  0.00,  0.0,  0.0,  0.0
1746531.29370570, 44855.239846, 10.000,    0.0,    2.0, -2.0,  0.00,  0.00,  0.00,  0.0,  0.0,  0.0
1746531.29620570, 44855.314040, 10.000,    0.0,    2.0, -2.0,  0.00,  0.00,  0.00,  0.0,  0.0,  0.0
1746531.29870570, 44855.349784, 10.000,    0.0,    2.0, -2.0,  0.00,  0.00,  0.00,  0.0,  0.0,  0.0
1746531.30120570, 44855.385528, 10.000,    0.0,    2.0, -2.0,  0.00,  0.00,  0.00,  0.0,  0.0,  0.0
1746531.30370570, 44855.450103, 10.000,    0.0,    2.0, -2.0,  0.00,  0.00,  0.00,  0.0,  0.0,  0.0
1746531.30620570, 44855.538632, 10.000,    0.0,    2.0, -2.0,  0.00,  0.00,  0.00,  0.0,  0.0,  0.0
1746531.30870570, 44855.319990, 10.000,    0.0,    2.0, -2.0,  0.00,  0.00,  0.00,  0.0,  0.0,  0.0
1746531.31120570, 44855.049490, 10.000,    0.0,    2.0, -2.0,  0.00,  0.00,  0.00,  0.0,  0.0,  0.0
1746531.31370570, 44854.974726, 10.000,    0.0,    2.0, -2.0,  0.00,  0.00,  0.00,  0.0,  0.0,  0.0
1746531.31620570, 44854.997575, 10.000,    0.0,    2.0, -2.0,  0.00,  0.00,  0.00,  0.0,  0.0,  0.0
1746531.31870570, 44855.060541, 10.000,    0.0,    2.0, -2.0,  0.00,  0.00,  0.00,  0.0,  0.0,  0.0
1746531.32120570, 44855.106094, 10.000,    0.0,    2.0, -2.0,  0.00,  0.00,  0.00,  0.0,  0.0,  0.0
1746531.32620570, 44855.395460, 10.000,    0.0,    2.0, -2.0,  0.00,  0.00,  0.00,  0.0,  0.0,  0.0
1746531.32870570, 44855.360634, 10.000,    0.0,    2.0, -2.0,  0.00,  0.00,  0.00,  0.0,  0.0,  0.0
1746531.33120570, 44855.157924, 10.000,    0.0,    2.0, -2.0,  0.00,  0.00,  0.00,  0.0,  0.0,  0.0
1746531.33370570, 44855.099483, 10.000,    0.0,    2.0, -2.0,  0.00,  0.00,  0.00,  0.0,  0.0,  0.0
1746531.33620570, 44855.095458, 10.000,    0.0,    2.0, -2.0,  0.00,  0.00,  0.00,  0.0,  0.0,  0.0
1746531.33870570, 44855.091432, 10.000,    0.0,    2.0, -2.0,  0.00,  0.00,  0.00,  0.0,  0.0,  0.0
1746531.34120570, 44855.087407, 10.000,    0.0,    2.0, -2.0,  0.00,  0.00,  0.00,  0.0,  0.0,  0.0
1746531.34370570, 44855.083382, 10.000,    0.0,    2.0, -2.0,  0.00,  0.00,  0.00,  0.0,  0.0,  0.0
1746531.34620570, 44855.306418, 10.000,    0.0,    2.0, -2.0,  0.00,  0.00,  0.00,  0.0,  0.0,  0.0
1746531.34870570, 44855.506422, 10.000,    0.0,    2.0, -2.0,  0.00,  0.00,  0.00,  0.0,  0.0,  0.0
1746531.35120570, 44855.329275, 10.000,    0.0,    2.0, -2.0,  0.00,  0.00,  0.00,  0.0,  0.0,  0.0
1746531.35370570, 44855.411757, 10.000,    0.0,    2.0, -2.0,  0.00,  0.00,  0.00,  0.0,  0.0,  0.0
1746531.35620570, 44855.356083, 10.000,    0.0,    2.0, -2.0,  0.00,  0.00,  0.00,  0.0,  0.0,  0.0
1746531.35870570, 44855.278313, 10.000,    0.0,    2.0, -2.0,  0.00,  0.00,  0.00,  0.0,  0.0,  0.0
1746531.36120570, 44855.200543, 10.000,    0.0,    2.0, -2.0,  0.00,  0.00,  0.00,  0.0,  0.0,  0.0
1746531.36370570, 44855.122773, 10.000,    0.0,    2.0, -2.0,  0.00,  0.00,  0.00,  0.0,  0.0,  0.0
1746531.36620570, 44855.045003, 10.000,    0.0,    2.0, -2.0,  0.00,  0.00,  0.00,  0.0,  0.0,  0.0
1746531.36870570, 44854.967233, 10.000,    0.0,    2.0, -2.0,  0.00,  0.00,  0.00,  0.0,  0.0,  0.0
1746531.37120570, 44855.009440, 10.000,    0.0,    2.0, -2.0,  0.00,  0.00,  0.00,  0.0,  0.0,  0.0
1746531.37370570, 44855.232709, 10.000,    0.0,    2.0, -2.0,  0.00,  0.00,  0.00,  0.0,  0.0,  0.0
1746531.37620570, 44855.253389, 10.000,    0.0,    2.0, -2.0,  0.00,  0.00,  0.00,  0.0,  0.0,  0.0
1746531.37870570, 44855.274070, 10.000,    0.0,    2.0, -2.0,  0.00,  0.00,  0.00,  0.0,  0.0,  0.0
1746531.38120570, 44855.294751, 10.000,    0.0,    2.0, -2.0,  0.00,  0.00,  0.00,  0.0,  0.0,  0.0
1746531.38370570, 44855.315431, 10.000,    0.0,    2.0, -2.0,  0.00,  0.00,  0.00,  0.0,  0.0,  0.0
1746531.38620570, 44855.225080, 10.000,    0.0,    2.0, -2.0,  0.00,  0.00,  0.00,  0.0,  0.0,  0.0
1746531.38870570, 44855.170563, 10.000,    0.0,    2.0, -2.0,  0.00,  0.00,  0.00,  0.0,  0.0,  0.0
1746531.39120570, 44855.175955, 10.000,    0.0,    2.0, -2.0,  0.00,  0.00,  0.00,  0.0,  0.0,  0.0
1746531.39370570, 44855.169724, 10.000,    0.0,    2.0, -2.0,  0.00,  0.00,  0.00,  0.0,  0.0,  0.0
1746531.39620570, 44855.159851, 10.000,    0.0,    2.0, -2.0,  0.00,  0.00,  0.00,  0.0,  0.0,  0.0
1746531.39870570, 44855.149978, 10.000,    0.0,    2.0, -2.0,  0.00,  0.00,  0.00,  0.0,  0.0,  0.0
1746531.40120570, 44855.140105, 10.000,    0.0,    2.0, -2.0,  0.00,  0.00,  0.00,  0.0,  0.0,  0.0
1746531.40370570, 44855.137371, 10.000,    0.0,    2.0, -2.0,  0.00,  0.00,  0.00,  0.0,  0.0,  0.0
1746531.40620570, 44855.144097, 10.000,    0.0,    2.0, -2.0,  0.00,  0.00,  0.00,  0.0,  0.0,  0.0
1746531.40870570, 44855.010917, 10.000,    0.0,    2.0, -2.0,  0.00,  0.00,  0.00,  0.0,  0.0,  0.0
1746531.41120570, 44855.015176, 10.000,    0.0,    2.0, -2.0,  0.00,  0.00,  0.00,  0.0,  0.0,  0.0
1746531.41370570, 44855.036959, 10.000,    0.0,    2.0, -2.0,  0.00,  0.00,  0.00,  0.0,  0.0,  0.0
1746531.41620570, 44855.058741, 10.000,    0.0,    2.0, -2.0,  0.00,  0.00,  0.00,  0.0,  0.0,  0.0
1746531.41870570, 44855.080524, 10.000,    0.0,    2.0, -2.0,  0.00,  0.00,  0.00,  0.0,  0.0,  0.0
1746531.42120570, 44855.171797, 10.000,    0.0,    2.0, -2.0,  0.00,  0.00,  0.00,  0.0,  0.0,  0.0
1746531.42370570, 44855.336493, 10.000,    0.0,    2.0, -2.0,  0.00,  0.00,  0.00,  0.0,  0.0,  0.0
1746531.42620570, 44855.388447, 10.000,    0.0,    2.0, -2.0,  0.00,  0.00,  0.00,  0.0,  0.0,  0.0
1746531.42870570, 44855.315271, 10.000,    0.0,    2.0, -2.0,  0.00,  0.00,  0.00,  0.0,  0.0,  0.0
1746531.43120570, 44855.242095, 10.000,    0.0,    2.0, -2.0,  0.00,  0.00,  0.00,  0.0,  0.0,  0.0
1746531.43370570, 44855.060987, 10.000,    0.0,    2.0, -2.0,  0.00,  0.00,  0.00,  0.0,  0.0,  0.0
1746531.43620570, 44854.945510, 10.000,    0.0,    2.0, -2.0,  0.00,  0.00,  0.00,  0.0,  0.0,  0.0
1746531.43870570, 44855.154326, 10.000,    0.0,    2.0, -2.0,  0.00,  0.00,  0.00,  0.0,  0.0,  0.0
1746531.44120570, 44855.393662, 10.000,    0.0,    2.0, -2.0,  0.00,  0.00,  0.00,  0.0,  0.0,  0.0
1746531.44370570, 44855.507869, 10.000,    0.0,    2.0, -2.0,  0.00,  0.00,  0.00,  0.0,  0.0,  0.0
1746531.44620570, 44855.422635, 10.000,    0.0,    2.0, -2.0,  0.00,  0.00,  0.00,  0.0,  0.0,  0.0
1746531.44870570, 44855.337401, 10.000,    0.0,    2.0, -2.0,  0.00,  0.00,  0.00,  0.0,  0.0,  0.0
1746531.45120570, 44855.459312, 10.000,    0.0,    2.0, -2.0,  0.00,  0.00,  0.00,  0.0,  0.0,  0.0
1746531.45370570, 44855.418540, 10.000,    0.0,    2.0, -2.0,  0.00,  0.00,  0.00,  0.0,  0.0,  0.0
1746531.45620570, 44855.296900, 10.000,    0.0,    2.0, -2.0,  0.00,  0.00,  0.00,  0.0,  0.0,  0.0
1746531.45870570, 44855.175260, 10.000,    0.0,    2.0, -2.0,  0.00,  0.00,  0.00,  0.0,  0.0,  0.0
1746531.46120570, 44855.147978, 10.000,    0.0,    2.0, -2.0,  0.00,  0.00,  0.00,  0.0,  0.0,  0.0
1746531.46370570, 44855.127973, 10.000,    0.0,    2.0, -2.0,  0.00,  0.00,  0.00,  0.0,  0.0,  0.0
1746531.46620570, 44855.107968, 10.000,    0.0,    2.0, -2.0,  0.00,  0.00,  0.00,  0.0,  0.0,  0.0
1746531.46870570, 44855.087963, 10.000,    0.0,    2.0, -2.0,  0.00,  0.00,  0.00,  0.0,  0.0,  0.0
1746531.47120570, 44855.067958, 10.000,    0.0,    2.0, -2.0,  0.00,  0.00,  0.00,  0.0,  0.0,  0.0
1746531.47370570, 44854.960381, 10.000,    0.0,    2.0, -2.0,  0.00,  0.00,  0.00,  0.0,  0.0,  0.0
1746531.47620570, 44855.123934, 10.000,    0.0,    2.0, -2.0,  0.00,  0.00,  0.00,  0.0,  0.0,  0.0
1746531.47870570, 44855.208494, 10.000,    0.0,    2.0, -2.0,  0.00,  0.00,  0.00,  0.0,  0.0,  0.0
1746531.48120570, 44855.221034, 10.000,    0.0,    2.0, -2.0,  0.00,  0.00,  0.00,  0.0,  0.0,  0.0
1746531.48370570, 44855.233575, 10.000,    0.0,    2.0, -2.0,  0.00,  0.00,  0.00,  0.0,  0.0,  0.0
1746531.48620570, 44855.246115, 10.000,    0.0,    2.0, -2.0,  0.00,  0.00,  0.00,  0.0,  0.0,  0.0
1746531.48870570, 44855.255566, 10.000,    0.0,    2.0, -2.0,  0.00,  0.00,  0.00,  0.0,  0.0,  0.0
1746531.49120570, 44855.262219, 10.000,    0.0,    2.0, -2.0,  0.00,  0.00,  0.00,  0.0,  0.0,  0.0
1746531.49370570, 44855.155512, 10.000,    0.0,    2.0, -2.0,  0.00,  0.00,  0.00,  0.0,  0.0,  0.0
1746531.49620570, 44855.038610, 10.000,    0.0,    2.0, -2.0,  0.00,  0.00,  0.00,  0.0,  0.0,  0.0
1746531.49870570, 44854.921708, 10.000,    0.0,    2.0, -2.0,  0.00,  0.00,  0.00,  0.0,  0.0,  0.0
1746531.50120570, 44854.804806, 10.000,    0.0,    2.0, -2.0,  0.00,  0.00,  0.00,  0.0,  0.0,  0.0
1746531.50370570, 44854.826505, 10.000,    0.0,    2.0, -2.0,  0.00,  0.00,  0.00,  0.0,  0.0,  0.0
1746531.50620570, 44855.256395, 10.000,    0.0,    2.0, -2.0,  0.00,  0.00,  0.00,  0.0,  0.0,  0.0
1746531.50870570, 44855.155486, 10.000,    0.0,    2.0, -2.0,  0.00,  0.00,  0.00,  0.0,  0.0,  0.0
1746531.51120570, 44854.949644, 10.000,    0.0,    2.0, -2.0,  0.00,  0.00,  0.00,  0.0,  0.0,  0.0
1746531.51370570, 44854.936844, 10.000,    0.0,    2.0, -2.0,  0.00,  0.00,  0.00,  0.0,  0.0,  0.0
1746531.51620570, 44854.924045, 10.000,    0.0,    2.0, -2.0,  0.00,  0.00,  0.00,  0.0,  0.0,  0.0
1746531.51870570, 44855.044618, 10.000,    0.0,    2.0, -2.0,  0.00,  0.00,  0.00,  0.0,  0.0,  0.0
1746531.52120570, 44855.048951, 10.000,    0.0,    2.0, -2.0,  0.00,  0.00,  0.00,  0.0,  0.0,  0.0
1746531.52370570, 44854.906006, 10.000,    0.0,    2.0, -2.0,  0.00,  0.00,  0.00,  0.0,  0.0,  0.0
1746531.52620570, 44854.749722, 10.000,    0.0,    2.0, -2.0,  0.00,  0.00,  0.00,  0.0,  0.0,  0.0
1746531.52870570, 44854.913225, 10.000,    0.0,    2.0, -2.0,  0.00,  0.00,  0.00,  0.0,  0.0,  0.0
1746531.53120570, 44855.076728, 10.000,    0.0,    2.0, -2.0,  0.00,  0.00,  0.00,  0.0,  0.0,  0.0
1746531.53370570, 44854.952403, 10.000,    0.0,    2.0, -2.0,  0.00,  0.00,  0.00,  0.0,  0.0,  0.0
1746531.53620570, 44854.942043, 10.000,    0.0,    2.0, -2.0,  0.00,  0.00,  0.00,  0.0,  0.0,  0.0
1746531.53870570, 44855.094863, 10.000,    0.0,    2.0, -2.0,  0.00,  0.00,  0.00,  0.0,  0.0,  0.0
1746531.54120570, 44855.218287, 10.000,    0.0,    2.0, -2.0,  0.00,  0.00,  0.00,  0.0,  0.0,  0.0
1746531.54370570, 44855.301463, 10.000,    0.0,    2.0, -2.0,  0.00,  0.00,  0.00,  0.0,  0.0,  0.0
1746531.54620570, 44855.124781, 10.000,    0.0,    2.0, -2.0,  0.00,  0.00,  0.00,  0.0,  0.0,  0.0
1746531.54870570, 44855.132473, 10.000,    0.0,    2.0, -2.0,  0.00,  0.00,  0.00,  0.0,  0.0,  0.0
1746531.55120570, 44855.140164, 10.000,    0.0,    2.0, -2.0,  0.00,  0.00,  0.00,  0.0,  0.0,  0.0
1746531.55370570, 44855.245148, 10.000,    0.0,    2.0, -2.0,  0.00,  0.00,  0.00,  0.0,  0.0,  0.0
1746531.55620570, 44855.641105, 10.000,    0.0,    2.0, -2.0,  0.00,  0.00,  0.00,  0.0,  0.0,  0.0
1746531.55870570, 44855.847077, 10.000,    0.0,    2.0, -2.0,  0.00,  0.00,  0.00,  0.0,  0.0,  0.0
1746531.56120570, 44855.244923, 10.000,    0.0,    2.0, -2.0,  0.00,  0.00,  0.00,  0.0,  0.0,  0.0
1746531.56370570, 44854.663234, 10.000,    0.0,    2.0, -2.0,  0.00,  0.00,  0.00,  0.0,  0.0,  0.0
1746531.56620570, 44855.221191, 10.000,    0.0,    2.0, -2.0,  0.00,  0.00,  0.00,  0.0,  0.0,  0.0
1746531.56870570, 44855.359365, 10.000,    0.0,    2.0, -2.0,  0.00,  0.00,  0.00,  0.0,  0.0,  0.0
1746531.57120570, 44855.393910, 10.000,    0.0,    2.0, -2.0,  0.00,  0.00,  0.00,  0.0,  0.0,  0.0
1746531.57370570, 44855.187196, 10.000,    0.0,    2.0, -2.0,  0.00,  0.00,  0.00,  0.0,  0.0,  0.0
1746531.57620570, 44855.134478, 10.000,    0.0,    2.0, -2.0,  0.00,  0.00,  0.00,  0.0,  0.0,  0.0
1746531.57870570, 44855.135333, 10.000,    0.0,    2.0, -2.0,  0.00,  0.00,  0.00,  0.0,  0.0,  0.0
1746531.58120570, 44855.169312, 10.000,    0.0,    2.0, -2.0,  0.00,  0.00,  0.00,  0.0,  0.0,  0.0
1746531.58370570, 44855.203290, 10.000,    0.0,    2.0, -2.0,  0.00,  0.00,  0.00,  0.0,  0.0,  0.0
1746531.58620570, 44855.285465, 10.000,    0.0,    2.0, -2.0,  0.00,  0.00,  0.00,  0.0,  0.0,  0.0
1746531.58870570, 44855.568544, 10.000,    0.0,    2.0, -2.0,  0.00,  0.00,  0.00,  0.0,  0.0,  0.0
1746531.59120570, 44855.663606, 10.000,    0.0,    2.0, -2.0,  0.00,  0.00,  0.00,  0.0,  0.0,  0.0
1746531.59370570, 44855.566086, 10.000,    0.0,    2.0, -2.0,  0.00,  0.00,  0.00,  0.0,  0.0,  0.0
1746531.59620570, 44855.468565, 10.000,    0.0,    2.0, -2.0,  0.00,  0.00,  0.00,  0.0,  0.0,  0.0
1746531.59870570, 44854.761236, 10.000,    0.0,    2.0, -2.0,  0.00,  0.00,  0.00,  0.0,  0.0,  0.0
1746531.60120570, 44854.738918, 10.000,    0.0,    2.0, -2.0,  0.00,  0.00,  0.00,  0.0,  0.0,  0.0
1746531.60370570, 44854.738918, 10.000,    0.0,    2.0, -2.0,  0.00,  0.00,  0.00,  0.0,  0.0,  0.0
1746531.60620570, 44854.892889, 10.000,    0.0,    2.0, -2.0,  0.00,  0.00,  0.00,  0.0,  0.0,  0.0
1746531.60870570, 44855.067863, 10.000,    0.0,    2.0, -2.0,  0.00,  0.00,  0.00,  0.0,  0.0,  0.0
1746531.61120570, 44855.242838, 10.000,    0.0,    2.0, -2.0,  0.00,  0.00,  0.00,  0.0,  0.0,  0.0
1746531.61370570, 44855.417813, 10.000,    0.0,    2.0, -2.0,  0.00,  0.00,  0.00,  0.0,  0.0,  0.0
1746531.61620570, 44854.811505, 10.000,    0.0,    2.0, -2.0,  0.00,  0.00,  0.00,  0.0,  0.0,  0.0
1746531.61870570, 44854.852674, 10.000,    0.0,    2.0, -2.0,  0.00,  0.00,  0.00,  0.0,  0.0,  0.0
1746531.62120570, 44854.895620, 10.000,    0.0,    2.0, -2.0,  0.00,  0.00,  0.00,  0.0,  0.0,  0.0
1746531.62370570, 44855.096545, 10.000,    0.0,    2.0, -2.0,  0.00,  0.00,  0.00,  0.0,  0.0,  0.0
1746531.62620570, 44855.237847, 10.000,    0.0,    2.0, -2.0,  0.00,  0.00,  0.00,  0.0,  0.0,  0.0
1746531.62870570, 44855.329504, 10.000,    0.0,    2.0, -2.0,  0.00,  0.00,  0.00,  0.0,  0.0,  0.0
1746531.63120570, 44855.488186, 10.000,    0.0,    2.0, -2.0,  0.00,  0.00,  0.00,  0.0,  0.0,  0.0
1746531.63370570, 44855.499036, 10.000,    0.0,    2.0, -2.0,  0.00,  0.00,  0.00,  0.0,  0.0,  0.0
1746531.63620570, 44855.340999, 10.000,    0.0,    2.0, -2.0,  0.00,  0.00,  0.00,  0.0,  0.0,  0.0
1746531.63870570, 44855.182961, 10.000,    0.0,    2.0, -2.0,  0.00,  0.00,  0.00,  0.0,  0.0,  0.0
1746531.64120570, 44855.024924, 10.000,    0.0,    2.0, -2.0,  0.00,  0.00,  0.00,  0.0,  0.0,  0.0
1746531.64370570, 44855.054214, 10.000,    0.0,    2.0, -2.0,  0.00,  0.00,  0.00,  0.0,  0.0,  0.0
1746531.64620570, 44855.207027, 10.000,    0.0,    2.0, -2.0,  0.00,  0.00,  0.00,  0.0,  0.0,  0.0
1746531.64870570, 44855.200351, 10.000,    0.0,    2.0, -2.0,  0.00,  0.00,  0.00,  0.0,  0.0,  0.0
1746531.65120570, 44855.316933, 10.000,    0.0,    2.0, -2.0,  0.00,  0.00,  0.00,  0.0,  0.0,  0.0
1746531.65370570, 44855.290826, 10.000,    0.0,    2.0, -2.0,  0.00,  0.00,  0.00,  0.0,  0.0,  0.0
1746531.65620570, 44855.219310, 10.000,    0.0,    2.0, -2.0,  0.00,  0.00,  0.00,  0.0,  0.0,  0.0
1746531.65870570, 44855.173982, 10.000,    0.0,    2.0, -2.0,  0.00,  0.00,  0.00,  0.0,  0.0,  0.0
1746531.66120570, 44855.202317, 10.000,    0.0,    2.0, -2.0,  0.00,  0.00,  0.00,  0.0,  0.0,  0.0
1746531.66370570, 44855.168762, 10.000,    0.0,    2.0, -2.0,  0.00,  0.00,  0.00,  0.0,  0.0,  0.0
1746531.66620570, 44855.289202, 10.000,    0.0,    2.0, -2.0,  0.00,  0.00,  0.00,  0.0,  0.0,  0.0
1746531.66870570, 44855.374108, 10.000,    0.0,    2.0, -2.0,  0.00,  0.00,  0.00,  0.0,  0.0,  0.0
1746531.67120570, 44855.417702, 10.000,    0.0,    2.0, -2.0,  0.00,  0.00,  0.00,  0.0,  0.0,  0.0
1746531.67370570, 44855.461297, 10.000,    0.0,    2.0, -2.0,  0.00,  0.00,  0.00,  0.0,  0.0,  0.0
1746531.67620570, 44855.504892, 10.000,    0.0,    2.0, -2.0,  0.00,  0.00,  0.00,  0.0,  0.0,  0.0
1746531.67870570, 44855.515249, 10.000,    0.0,    2.0, -2.0,  0.00,  0.00,  0.00,  0.0,  0.0,  0.0
1746531.68120570, 44855.365741, 10.000,    0.0,    2.0, -2.0,  0.00,  0.00,  0.00,  0.0,  0.0,  0.0
1746531.68370570, 44855.192031, 10.000,    0.0,    2.0, -2.0,  0.00,  0.00,  0.00,  0.0,  0.0,  0.0
1746531.68620570, 44855.061610, 10.000,    0.0,    2.0, -2.0,  0.00,  0.00,  0.00,  0.0,  0.0,  0.0
1746531.68870570, 44855.069882, 10.000,    0.0,    2.0, -2.0,  0.00,  0.00,  0.00,  0.0,  0.0,  0.0
1746531.69120570, 44855.078154, 10.000,    0.0,    2.0, -2.0,  0.00,  0.00,  0.00,  0.0,  0.0,  0.0
1746531.69370570, 44855.224217, 10.000,    0.0,    2.0, -2.0,  0.00,  0.00,  0.00,  0.0,  0.0,  0.0
1746531.69620570, 44855.443462, 10.000,    0.0,    2.0, -2.0,  0.00,  0.00,  0.00,  0.0,  0.0,  0.0
1746531.69870570, 44855.493016, 10.000,    0.0,    2.0, -2.0,  0.00,  0.00,  0.00,  0.0,  0.0,  0.0
1746531.70370570, 44855.205585, 10.000,    0.0,    2.0, -2.0,  0.00,  0.00,  0.00,  0.0,  0.0,  0.0
1746531.70620570, 44855.219381, 10.000,    0.0,    2.0, -2.0,  0.00,  0.00,  0.00,  0.0,  0.0,  0.0
1746531.70870570, 44855.123787, 10.000,    0.0,    2.0, -2.0,  0.00,  0.00,  0.00,  0.0,  0.0,  0.0
1746531.71120570, 44855.144057, 10.000,    0.0,    2.0, -2.0,  0.00,  0.00,  0.00,  0.0,  0.0,  0.0
1746531.71370570, 44855.228125, 10.000,    0.0,    2.0, -2.0,  0.00,  0.00,  0.00,  0.0,  0.0,  0.0
1746531.71620570, 44855.312192, 10.000,    0.0,    2.0, -2.0,  0.00,  0.00,  0.00,  0.0,  0.0,  0.0
1746531.71870570, 44855.396259, 10.000,    0.0,    2.0, -2.0,  0.00,  0.00,  0.00,  0.0,  0.0,  0.0
1746531.72120570, 44855.480326, 10.000,    0.0,    2.0, -2.0,  0.00,  0.00,  0.00,  0.0,  0.0,  0.0
1746531.72370570, 44855.150205, 10.000,    0.0,    2.0, -2.0,  0.00,  0.00,  0.00,  0.0,  0.0,  0.0
1746531.72620570, 44855.121138, 10.000,    0.0,    2.0, -2.0,  0.00,  0.00,  0.00,  0.0,  0.0,  0.0
1746531.72870570, 44855.346212, 10.000,    0.0,    2.0, -2.0,  0.00,  0.00,  0.00,  0.0,  0.0,  0.0
1746531.73120570, 44855.078513, 10.000,    0.0,    2.0, -2.0,  0.00,  0.00,  0.00,  0.0,  0.0,  0.0
1746531.73370570, 44854.931352, 10.000,    0.0,    2.0, -2.0,  0.00,  0.00,  0.00,  0.0,  0.0,  0.0
1746531.73620570, 44854.931352, 10.000,    0.0,    2.0, -2.0,  0.00,  0.00,  0.00,  0.0,  0.0,  0.0
1746531.73870570, 44854.931352, 10.000,    0.0,    2.0, -2.0,  0.00,  0.00,  0.00,  0.0,  0.0,  0.0
1746531.74120570, 44854.931352, 10.000,    0.0,    2.0, -2.0,  0.00,  0.00,  0.00,  0.0,  0.0,  0.0
1746531.74370570, 44854.931352, 10.000,    0.0,    2.0, -2.0,  0.00,  0.00,  0.00,  0.0,  0.0,  0.0
1746531.74620570, 44854.931352, 10.000,    0.0,    2.0, -2.0,  0.00,  0.00,  0.00,  0.0,  0.0,  0.0
1746531.74870570, 44854.931352, 10.000,    0.0,    2.0, -2.0,  0.00,  0.00,  0.00,  0.0,  0.0,  0.0
1746531.75120570, 44854.931352, 10.000,    0.0,    2.0, -2.0,  0.00,  0.00,  0.00,  0.0,  0.0,  0.0
1746531.75370570, 44854.931352, 10.000,    0.0,    2.0, -2.0,  0.00,  0.00,  0.00,  0.0,  0.0,  0.0
1746531.75620570, 44854.931352, 10.000,    0.0,    2.0, -2.0,  0.00,  0.00,  0.00,  0.0,  0.0,  0.0
1746531.75870570, 44854.947061, 10.000,    0.0,    2.0, -2.0,  0.00,  0.00,  0.00,  0.0,  0.0,  0.0
1746531.76120570, 44854.979401, 10.000,    0.0,    2.0, -2.0,  0.00,  0.00,  0.00,  0.0,  0.0,  0.0
1746531.76370570, 44855.011742, 10.000,    0.0,    2.0, -2.0,  0.00,  0.00,  0.00,  0.0,  0.0,  0.0
1746531.76620570, 44855.044082, 10.000,    0.0,    2.0, -2.0,  0.00,  0.00,  0.00,  0.0,  0.0,  0.0
1746531.76870570, 44855.076423, 10.000,    0.0,    2.0, -2.0,  0.00,  0.00,  0.00,  0.0,  0.0,  0.0
1746531.77120570, 44855.108763, 10.000,    0.0,    2.0, -2.0,  0.00,  0.00,  0.00,  0.0,  0.0,  0.0
1746531.77370570, 44855.385240, 10.000,    0.0,    2.0, -2.0,  0.00,  0.00,  0.00,  0.0,  0.0,  0.0
1746531.77620570, 44855.541883, 10.000,    0.0,    2.0, -2.0,  0.00,  0.00,  0.00,  0.0,  0.0,  0.0
1746531.77870570, 44855.238342, 10.000,    0.0,    2.0, -2.0,  0.00,  0.00,  0.00,  0.0,  0.0,  0.0
1746531.78120570, 44854.934801, 10.000,    0.0,    2.0, -2.0,  0.00,  0.00,  0.00,  0.0,  0.0,  0.0
1746531.78370570, 44855.754545, 10.000,    0.0,    2.0, -2.0,  0.00,  0.00,  0.00,  0.0,  0.0,  0.0
1746531.78620570, 44855.754545, 10.000,    0.0,    2.0, -2.0,  0.00,  0.00,  0.00,  0.0,  0.0,  0.0
1746531.78870570, 44855.668548, 10.000,    0.0,    2.0, -2.0,  0.00,  0.00,  0.00,  0.0,  0.0,  0.0
1746531.79120570, 44855.563690, 10.000,    0.0,    2.0, -2.0,  0.00,  0.00,  0.00,  0.0,  0.0,  0.0
1746531.79370570, 44855.458831, 10.000,    0.0,    2.0, -2.0,  0.00,  0.00,  0.00,  0.0,  0.0,  0.0
1746531.79620570, 44855.353973, 10.000,    0.0,    2.0, -2.0,  0.00,  0.00,  0.00,  0.0,  0.0,  0.0
1746531.79870570, 44855.249114, 10.000,    0.0,    2.0, -2.0,  0.00,  0.00,  0.00,  0.0,  0.0,  0.0
1746531.80120570, 44855.162031, 10.000,    0.0,    2.0, -2.0,  0.00,  0.00,  0.00,  0.0,  0.0,  0.0
1746531.80370570, 44855.168447, 10.000,    0.0,    2.0, -2.0,  0.00,  0.00,  0.00,  0.0,  0.0,  0.0
1746531.80620570, 44855.224171, 10.000,    0.0,    2.0, -2.0,  0.00,  0.00,  0.00,  0.0,  0.0,  0.0
1746531.80870570, 44855.445911, 10.000,    0.0,    2.0, -2.0,  0.00,  0.00,  0.00,  0.0,  0.0,  0.0
1746531.81120570, 44855.689665, 10.000,    0.0,    2.0, -2.0,  0.00,  0.00,  0.00,  0.0,  0.0,  0.0
1746531.81370570, 44855.705751, 10.000,    0.0,    2.0, -2.0,  0.00,  0.00,  0.00,  0.0,  0.0,  0.0
1746531.81620570, 44855.355009, 10.000,    0.0,    2.0, -2.0,  0.00,  0.00,  0.00,  0.0,  0.0,  0.0
1746531.81870570, 44855.019324, 10.000,    0.0,    2.0, -2.0,  0.00,  0.00,  0.00,  0.0,  0.0,  0.0
1746531.82120570, 44855.051680, 10.000,    0.0,    2.0, -2.0,  0.00,  0.00,  0.00,  0.0,  0.0,  0.0
1746531.82370570, 44854.977033, 10.000,    0.0,    2.0, -2.0,  0.00,  0.00,  0.00,  0.0,  0.0,  0.0
1746531.82620570, 44854.902385, 10.000,    0.0,    2.0, -2.0,  0.00,  0.00,  0.00,  0.0,  0.0,  0.0
1746531.82870570, 44854.984695, 10.000,    0.0,    2.0, -2.0,  0.00,  0.00,  0.00,  0.0,  0.0,  0.0
1746531.83120570, 44855.164713, 10.000,    0.0,    2.0, -2.0,  0.00,  0.00,  0.00,  0.0,  0.0,  0.0
1746531.83370570, 44855.071151, 10.000,    0.0,    2.0, -2.0,  0.00,  0.00,  0.00,  0.0,  0.0,  0.0
1746531.83620570, 44854.909103, 10.000,    0.0,    2.0, -2.0,  0.00,  0.00,  0.00,  0.0,  0.0,  0.0
1746531.83870570, 44854.859009, 10.000,    0.0,    2.0, -2.0,  0.00,  0.00,  0.00,  0.0,  0.0,  0.0
1746531.84120570, 44854.835614, 10.000,    0.0,    2.0, -2.0,  0.00,  0.00,  0.00,  0.0,  0.0,  0.0
1746531.84370570, 44854.853164, 10.000,    0.0,    2.0, -2.0,  0.00,  0.00,  0.00,  0.0,  0.0,  0.0
1746531.84620570, 44855.453930, 10.000,    0.0,    2.0, -2.0,  0.00,  0.00,  0.00,  0.0,  0.0,  0.0
1746531.84870570, 44855.519547, 10.000,    0.0,    2.0, -2.0,  0.00,  0.00,  0.00,  0.0,  0.0,  0.0
1746531.85120570, 44855.494410, 10.000,    0.0,    2.0, -2.0,  0.00,  0.00,  0.00,  0.0,  0.0,  0.0
1746531.85370570, 44855.466701, 10.000,    0.0,    2.0, -2.0,  0.00,  0.00,  0.00,  0.0,  0.0,  0.0
1746531.85620570, 44855.438992, 10.000,    0.0,    2.0, -2.0,  0.00,  0.00,  0.00,  0.0,  0.0,  0.0
1746531.85870570, 44855.411283, 10.000,    0.0,    2.0, -2.0,  0.00,  0.00,  0.00,  0.0,  0.0,  0.0
1746531.86120570, 44855.383574, 10.000,    0.0,    2.0, -2.0,  0.00,  0.00,  0.00,  0.0,  0.0,  0.0
1746531.86370570, 44855.355865, 10.000,    0.0,    2.0, -2.0,  0.00,  0.00,  0.00,  0.0,  0.0,  0.0
1746531.86620570, 44855.328156, 10.000,    0.0,    2.0, -2.0,  0.00,  0.00,  0.00,  0.0,  0.0,  0.0
1746531.86870570, 44855.300448, 10.000,    0.0,    2.0, -2.0,  0.00,  0.00,  0.00,  0.0,  0.0,  0.0
1746531.87120570, 44855.294304, 10.000,    0.0,    2.0, -2.0,  0.00,  0.00,  0.00,  0.0,  0.0,  0.0
1746531.87370570, 44855.350270, 10.000,    0.0,    2.0, -2.0,  0.00,  0.00,  0.00,  0.0,  0.0,  0.0
1746531.87620570, 44855.656347, 10.000,    0.0,    2.0, -2.0,  0.00,  0.00,  0.00,  0.0,  0.0,  0.0
1746531.87870570, 44855.462922, 10.000,    0.0,    2.0, -2.0,  0.00,  0.00,  0.00,  0.0,  0.0,  0.0
1746531.88120570, 44855.131845, 10.000,    0.0,    2.0, -2.0,  0.00,  0.00,  0.00,  0.0,  0.0,  0.0
1746531.88370570, 44855.318148, 10.000,    0.0,    2.0, -2.0,  0.00,  0.00,  0.00,  0.0,  0.0,  0.0
1746531.88620570, 44855.327005, 10.000,    0.0,    2.0, -2.0,  0.00,  0.00,  0.00,  0.0,  0.0,  0.0
1746531.88870570, 44855.211474, 10.000,    0.0,    2.0, -2.0,  0.00,  0.00,  0.00,  0.0,  0.0,  0.0
1746531.89120570, 44855.095944, 10.000,    0.0,    2.0, -2.0,  0.00,  0.00,  0.00,  0.0,  0.0,  0.0
1746531.89370570, 44854.980414, 10.000,    0.0,    2.0, -2.0,  0.00,  0.00,  0.00,  0.0,  0.0,  0.0
1746531.89620570, 44854.875075, 10.000,    0.0,    2.0, -2.0,  0.00,  0.00,  0.00,  0.0,  0.0,  0.0
1746531.89870570, 44855.266093, 10.000,    0.0,    2.0, -2.0,  0.00,  0.00,  0.00,  0.0,  0.0,  0.0
1746531.90120570, 44855.511906, 10.000,    0.0,    2.0, -2.0,  0.00,  0.00,  0.00,  0.0,  0.0,  0.0
1746531.90370570, 44855.305271, 10.000,    0.0,    2.0, -2.0,  0.00,  0.00,  0.00,  0.0,  0.0,  0.0
1746531.90620570, 44855.098636, 10.000,    0.0,    2.0, -2.0,  0.00,  0.00,  0.00,  0.0,  0.0,  0.0
1746531.90870570, 44854.923468, 10.000,    0.0,    2.0, -2.0,  0.00,  0.00,  0.00,  0.0,  0.0,  0.0
1746531.91120570, 44854.882065, 10.000,    0.0,    2.0, -2.0,  0.00,  0.00,  0.00,  0.0,  0.0,  0.0
1746531.91370570, 44854.840662, 10.000,    0.0,    2.0, -2.0,  0.00,  0.00,  0.00,  0.0,  0.0,  0.0
1746531.91620570, 44855.293426, 10.000,    0.0,    2.0, -2.0,  0.00,  0.00,  0.00,  0.0,  0.0,  0.0
1746531.91870570, 44855.068978, 10.000,    0.0,    2.0, -2.0,  0.00,  0.00,  0.00,  0.0,  0.0,  0.0
1746531.92120570, 44854.997952, 10.000,    0.0,    2.0, -2.0,  0.00,  0.00,  0.00,  0.0,  0.0,  0.0
1746531.92370570, 44854.926926, 10.000,    0.0,    2.0, -2.0,  0.00,  0.00,  0.00,  0.0,  0.0,  0.0
1746531.92620570, 44854.855528, 10.000,    0.0,    2.0, -2.0,  0.00,  0.00,  0.00,  0.0,  0.0,  0.0
1746531.92870570, 44855.227487, 10.000,    0.0,    2.0, -2.0,  0.00,  0.00,  0.00,  0.0,  0.0,  0.0
1746531.93120570, 44855.262768, 10.000,    0.0,    2.0, -2.0,  0.00,  0.00,  0.00,  0.0,  0.0,  0.0
1746531.93370570, 44855.124275, 10.000,    0.0,    2.0, -2.0,  0.00,  0.00,  0.00,  0.0,  0.0,  0.0
1746531.93620570, 44854.898289, 10.000,    0.0,    2.0, -2.0,  0.00,  0.00,  0.00,  0.0,  0.0,  0.0
1746531.93870570, 44854.876529, 10.000,    0.0,    2.0, -2.0,  0.00,  0.00,  0.00,  0.0,  0.0,  0.0
1746531.94120570, 44855.247556, 10.000,    0.0,    2.0, -2.0,  0.00,  0.00,  0.00,  0.0,  0.0,  0.0
1746531.94370570, 44855.197548, 10.000,    0.0,    2.0, -2.0,  0.00,  0.00,  0.00,  0.0,  0.0,  0.0
1746531.94620570, 44855.086046, 10.000,    0.0,    2.0, -2.0,  0.00,  0.00,  0.00,  0.0,  0.0,  0.0
1746531.94870570, 44854.998906, 10.000,    0.0,    2.0, -2.0,  0.00,  0.00,  0.00,  0.0,  0.0,  0.0
1746531.95120570, 44855.017091, 10.000,    0.0,    2.0, -2.0,  0.00,  0.00,  0.00,  0.0,  0.0,  0.0
1746531.95370570, 44855.040508, 10.000,    0.0,    2.0, -2.0,  0.00,  0.00,  0.00,  0.0,  0.0,  0.0
1746531.95620570, 44855.051539, 10.000,    0.0,    2.0, -2.0,  0.00,  0.00,  0.00,  0.0,  0.0,  0.0
1746531.95870570, 44854.961253, 10.000,    0.0,    2.0, -2.0,  0.00,  0.00,  0.00,  0.0,  0.0,  0.0
1746531.96120570, 44854.816759, 10.000,    0.0,    2.0, -2.0,  0.00,  0.00,  0.00,  0.0,  0.0,  0.0
1746531.96370570, 44854.855651, 10.000,    0.0,    2.0, -2.0,  0.00,  0.00,  0.00,  0.0,  0.0,  0.0
1746531.96620570, 44854.898439, 10.000,    0.0,    2.0, -2.0,  0.00,  0.00,  0.00,  0.0,  0.0,  0.0
1746531.96870570, 44854.941226, 10.000,    0.0,    2.0, -2.0,  0.00,  0.00,  0.00,  0.0,  0.0,  0.0
1746531.97120570, 44855.193514, 10.000,    0.0,    2.0, -2.0,  0.00,  0.00,  0.00,  0.0,  0.0,  0.0
1746531.97370570, 44854.642701, 10.000,    0.0,    2.0, -2.0,  0.00,  0.00,  0.00,  0.0,  0.0,  0.0
1746531.97620570, 44854.642701, 10.000,    0.0,    2.0, -2.0,  0.00,  0.00,  0.00,  0.0,  0.0,  0.0
1746531.97870570, 44854.642701, 10.000,    0.0,    2.0, -2.0,  0.00,  0.00,  0.00,  0.0,  0.0,  0.0
1746531.98120570, 44854.642701, 10.000,    0.0,    2.0, -2.0,  0.00,  0.00,  0.00,  0.0,  0.0,  0.0
1746531.98370570, 44854.983664, 10.000,    0.0,    2.0, -2.0,  0.00,  0.00,  0.00,  0.0,  0.0,  0.0
1746531.98620570, 44855.204875, 10.000,    0.0,    2.0, -2.0,  0.00,  0.00,  0.00,  0.0,  0.0,  0.0
1746531.98870570, 44855.214558, 10.000,    0.0,    2.0, -2.0,  0.00,  0.00,  0.00,  0.0,  0.0,  0.0
1746531.99120570, 44855.214952, 10.000,    0.0,    2.0, -2.0,  0.00,  0.00,  0.00,  0.0,  0.0,  0.0
1746531.99370570, 44855.203405, 10.000,    0.0,    2.0, -2.0,  0.00,  0.00,  0.00,  0.0,  0.0,  0.0
1746531.99620570, 44855.191858, 10.000,    0.0,    2.0, -2.0,  0.00,  0.00,  0.00,  0.0,  0.0,  0.0
1746531.99870570, 44855.180312, 10.000,    0.0,    2.0, -2.0,  0.00,  0.00,  0.00,  0.0,  0.0,  0.0
1746532.00120570, 44855.168765, 10.000,    0.0,    2.0, -2.0,  0.00,  0.00,  0.00,  0.0,  0.0,  0.0
1746532.00370570, 44855.157218, 10.000,    0.0,    2.0, -2.0,  0.00,  0.00,  0.00,  0.0,  0.0,  0.0
1746532.00620570, 44855.145672, 10.000,    0.0,    2.0, -2.0,  0.00,  0.00,  0.00,  0.0,  0.0,  0.0
1746532.00870570, 44855.134125, 10.000,    0.0,    2.0, -2.0,  0.00,  0.00,  0.00,  0.0,  0.0,  0.0
1746532.01120570, 44855.122578, 10.000,    0.0,    2.0, -2.0,  0.00,  0.00,  0.00,  0.0,  0.0,  0.0
1746532.01370570, 44855.111031, 10.000,    0.0,    2.0, -2.0,  0.00,  0.00,  0.00,  0.0,  0.0,  0.0
1746532.01620570, 44855.191205, 10.000,    0.0,    2.0, -2.0,  0.00,  0.00,  0.00,  0.0,  0.0,  0.0
1746532.01870570, 44855.415161, 10.000,    0.0,    2.0, -2.0,  0.00,  0.00,  0.00,  0.0,  0.0,  0.0
1746532.02120570, 44855.507686, 10.000,    0.0,    2.0, -2.0,  0.00,  0.00,  0.00,  0.0,  0.0,  0.0
1746532.02370570, 44855.502652, 10.000,    0.0,    2.0, -2.0,  0.00,  0.00,  0.00,  0.0,  0.0,  0.0
1746532.02620570, 44855.496324, 10.000,    0.0,    2.0, -2.0,  0.00,  0.00,  0.00,  0.0,  0.0,  0.0
1746532.02870570, 44855.489108, 10.000,    0.0,    2.0, -2.0,  0.00,  0.00,  0.00,  0.0,  0.0,  0.0
1746532.03120570, 44855.385969, 10.000,    0.0,    2.0, -2.0,  0.00,  0.00,  0.00,  0.0,  0.0,  0.0
1746532.03370570, 44855.325742, 10.000,    0.0,    2.0, -2.0,  0.00,  0.00,  0.00,  0.0,  0.0,  0.0
1746532.03620570, 44855.419648, 10.000,    0.0,    2.0, -2.0,  0.00,  0.00,  0.00,  0.0,  0.0,  0.0
1746532.03870570, 44855.513554, 10.000,    0.0,    2.0, -2.0,  0.00,  0.00,  0.00,  0.0,  0.0,  0.0
1746532.04120570, 44855.576347, 10.000,    0.0,    2.0, -2.0,  0.00,  0.00,  0.00,  0.0,  0.0,  0.0
1746532.04370570, 44855.552898, 10.000,    0.0,    2.0, -2.0,  0.00,  0.00,  0.00,  0.0,  0.0,  0.0
1746532.04620570, 44855.433597, 10.000,    0.0,    2.0, -2.0,  0.00,  0.00,  0.00,  0.0,  0.0,  0.0
1746532.04870570, 44855.314295, 10.000,    0.0,    2.0, -2.0,  0.00,  0.00,  0.00,  0.0,  0.0,  0.0
1746532.05120570, 44855.194993, 10.000,    0.0,    2.0, -2.0,  0.00,  0.00,  0.00,  0.0,  0.0,  0.0
1746532.05370570, 44855.206054, 10.000,    0.0,    2.0, -2.0,  0.00,  0.00,  0.00,  0.0,  0.0,  0.0
1746532.05620570, 44855.239904, 10.000,    0.0,    2.0, -2.0,  0.00,  0.00,  0.00,  0.0,  0.0,  0.0
1746532.05870570, 44855.273755, 10.000,    0.0,    2.0, -2.0,  0.00,  0.00,  0.00,  0.0,  0.0,  0.0
1746532.06120570, 44855.307605, 10.000,    0.0,    2.0, -2.0,  0.00,  0.00,  0.00,  0.0,  0.0,  0.0
1746532.06370570, 44855.308793, 10.000,    0.0,    2.0, -2.0,  0.00,  0.00,  0.00,  0.0,  0.0,  0.0
1746532.06620570, 44855.298829, 10.000,    0.0,    2.0, -2.0,  0.00,  0.00,  0.00,  0.0,  0.0,  0.0
1746532.06870570, 44855.165792, 10.000,    0.0,    2.0, -2.0,  0.00,  0.00,  0.00,  0.0,  0.0,  0.0
1746532.07120570, 44854.950611, 10.000,    0.0,    2.0, -2.0,  0.00,  0.00,  0.00,  0.0,  0.0,  0.0
1746532.07370570, 44854.735430, 10.000,    0.0,    2.0, -2.0,  0.00,  0.00,  0.00,  0.0,  0.0,  0.0
1746532.07620570, 44855.163967, 10.000,    0.0,    2.0, -2.0,  0.00,  0.00,  0.00,  0.0,  0.0,  0.0
1746532.07870570, 44855.209314, 10.000,    0.0,    2.0, -2.0,  0.00,  0.00,  0.00,  0.0,  0.0,  0.0
1746532.08120570, 44855.209314, 10.000,    0.0,    2.0, -2.0,  0.00,  0.00,  0.00,  0.0,  0.0,  0.0
1746532.08370570, 44855.209314, 10.000,    0.0,    2.0, -2.0,  0.00,  0.00,  0.00,  0.0,  0.0,  0.0
1746532.08620570, 44855.202427, 10.000,    0.0,    2.0, -2.0,  0.00,  0.00,  0.00,  0.0,  0.0,  0.0
1746532.08870570, 44855.201708, 10.000,    0.0,    2.0, -2.0,  0.00,  0.00,  0.00,  0.0,  0.0,  0.0
1746532.09120570, 44855.323321, 10.000,    0.0,    2.0, -2.0,  0.00,  0.00,  0.00,  0.0,  0.0,  0.0
1746532.09370570, 44855.444933, 10.000,    0.0,    2.0, -2.0,  0.00,  0.00,  0.00,  0.0,  0.0,  0.0
1746532.09620570, 44855.566546, 10.000,    0.0,    2.0, -2.0,  0.00,  0.00,  0.00,  0.0,  0.0,  0.0
1746532.09870570, 44855.688158, 10.000,    0.0,    2.0, -2.0,  0.00,  0.00,  0.00,  0.0,  0.0,  0.0
1746532.10120570, 44855.785917, 10.000,    0.0,    2.0, -2.0,  0.00,  0.00,  0.00,  0.0,  0.0,  0.0
1746532.10620570, 44855.563606, 10.000,    0.0,    2.0, -2.0,  0.00,  0.00,  0.00,  0.0,  0.0,  0.0
1746532.10870570, 44855.350434, 10.000,    0.0,    2.0, -2.0,  0.00,  0.00,  0.00,  0.0,  0.0,  0.0
1746532.11120570, 44855.227301, 10.000,    0.0,    2.0, -2.0,  0.00,  0.00,  0.00,  0.0,  0.0,  0.0
1746532.11370570, 44855.367845, 10.000,    0.0,    2.0, -2.0,  0.00,  0.00,  0.00,  0.0,  0.0,  0.0
1746532.11620570, 44855.445860, 10.000,    0.0,    2.0, -2.0,  0.00,  0.00,  0.00,  0.0,  0.0,  0.0
1746532.11870570, 44855.343862, 10.000,    0.0,    2.0, -2.0,  0.00,  0.00,  0.00,  0.0,  0.0,  0.0
1746532.12120570, 44855.214047, 10.000,    0.0,    2.0, -2.0,  0.00,  0.00,  0.00,  0.0,  0.0,  0.0
1746532.12370570, 44855.098064, 10.000,    0.0,    2.0, -2.0,  0.00,  0.00,  0.00,  0.0,  0.0,  0.0
1746532.12620570, 44855.175638, 10.000,    0.0,    2.0, -2.0,  0.00,  0.00,  0.00,  0.0,  0.0,  0.0
1746532.12870570, 44855.169938, 10.000,    0.0,    2.0, -2.0,  0.00,  0.00,  0.00,  0.0,  0.0,  0.0
1746532.13120570, 44855.164238, 10.000,    0.0,    2.0, -2.0,  0.00,  0.00,  0.00,  0.0,  0.0,  0.0
1746532.13370570, 44855.158539, 10.000,    0.0,    2.0, -2.0,  0.00,  0.00,  0.00,  0.0,  0.0,  0.0
1746532.13620570, 44855.152839, 10.000,    0.0,    2.0, -2.0,  0.00,  0.00,  0.00,  0.0,  0.0,  0.0
1746532.13870570, 44855.147139, 10.000,    0.0,    2.0, -2.0,  0.00,  0.00,  0.00,  0.0,  0.0,  0.0
1746532.14120570, 44854.998490, 10.000,    0.0,    2.0, -2.0,  0.00,  0.00,  0.00,  0.0,  0.0,  0.0
1746532.14370570, 44855.000795, 10.000,    0.0,    2.0, -2.0,  0.00,  0.00,  0.00,  0.0,  0.0,  0.0
1746532.14620570, 44855.433126, 10.000,    0.0,    2.0, -2.0,  0.00,  0.00,  0.00,  0.0,  0.0,  0.0
1746532.14870570, 44855.476584, 10.000,    0.0,    2.0, -2.0,  0.00,  0.00,  0.00,  0.0,  0.0,  0.0
1746532.15120570, 44855.476584, 10.000,    0.0,    2.0, -2.0,  0.00,  0.00,  0.00,  0.0,  0.0,  0.0
1746532.15370570, 44855.476584, 10.000,    0.0,    2.0, -2.0,  0.00,  0.00,  0.00,  0.0,  0.0,  0.0
1746532.15620570, 44855.476584, 10.000,    0.0,    2.0, -2.0,  0.00,  0.00,  0.00,  0.0,  0.0,  0.0
1746532.15870570, 44855.006188, 10.000,    0.0,    2.0, -2.0,  0.00,  0.00,  0.00,  0.0,  0.0,  0.0
1746532.16120570, 44855.021294, 10.000,    0.0,    2.0, -2.0,  0.00,  0.00,  0.00,  0.0,  0.0,  0.0
1746532.16370570, 44855.240991, 10.000,    0.0,    2.0, -2.0,  0.00,  0.00,  0.00,  0.0,  0.0,  0.0
1746532.16620570, 44855.460688, 10.000,    0.0,    2.0, -2.0,  0.00,  0.00,  0.00,  0.0,  0.0,  0.0
1746532.16870570, 44855.630787, 10.000,    0.0,    2.0, -2.0,  0.00,  0.00,  0.00,  0.0,  0.0,  0.0
1746532.17120570, 44855.599640, 10.000,    0.0,    2.0, -2.0,  0.00,  0.00,  0.00,  0.0,  0.0,  0.0
1746532.17370570, 44855.422399, 10.000,    0.0,    2.0, -2.0,  0.00,  0.00,  0.00,  0.0,  0.0,  0.0
1746532.17620570, 44855.279349, 10.000,    0.0,    2.0, -2.0,  0.00,  0.00,  0.00,  0.0,  0.0,  0.0
1746532.17870570, 44855.300025, 10.000,    0.0,    2.0, -2.0,  0.00,  0.00,  0.00,  0.0,  0.0,  0.0
1746532.18120570, 44855.320702, 10.000,    0.0,    2.0, -2.0,  0.00,  0.00,  0.00,  0.0,  0.0,  0.0
1746532.18370570, 44855.341378, 10.000,    0.0,    2.0, -2.0,  0.00,  0.00,  0.00,  0.0,  0.0,  0.0
1746532.18620570, 44855.376396, 10.000,    0.0,    2.0, -2.0,  0.00,  0.00,  0.00,  0.0,  0.0,  0.0
1746532.18870570, 44855.405430, 10.000,    0.0,    2.0, -2.0,  0.00,  0.00,  0.00,  0.0,  0.0,  0.0
1746532.19120570, 44855.357554, 10.000,    0.0,    2.0, -2.0,  0.00,  0.00,  0.00,  0.0,  0.0,  0.0
1746532.19370570, 44855.309677, 10.000,    0.0,    2.0, -2.0,  0.00,  0.00,  0.00,  0.0,  0.0,  0.0
1746532.19620570, 44855.261801, 10.000,    0.0,    2.0, -2.0,  0.00,  0.00,  0.00,  0.0,  0.0,  0.0
1746532.19870570, 44855.213925, 10.000,    0.0,    2.0, -2.0,  0.00,  0.00,  0.00,  0.0,  0.0,  0.0
1746532.20120570, 44855.166048, 10.000,    0.0,    2.0, -2.0,  0.00,  0.00,  0.00,  0.0,  0.0,  0.0
1746532.20370570, 44855.336327, 10.000,    0.0,    2.0, -2.0,  0.00,  0.00,  0.00,  0.0,  0.0,  0.0
1746532.20620570, 44855.509994, 10.000,    0.0,    2.0, -2.0,  0.00,  0.00,  0.00,  0.0,  0.0,  0.0
1746532.20870570, 44855.063843, 10.000,    0.0,    2.0, -2.0,  0.00,  0.00,  0.00,  0.0,  0.0,  0.0
1746532.21120570, 44855.345431, 10.000,    0.0,    2.0, -2.0,  0.00,  0.00,  0.00,  0.0,  0.0,  0.0
1746532.21370570, 44855.089693, 10.000,    0.0,    2.0, -2.0,  0.00,  0.00,  0.00,  0.0,  0.0,  0.0
1746532.21620570, 44854.833955, 10.000,    0.0,    2.0, -2.0,  0.00,  0.00,  0.00,  0.0,  0.0,  0.0
1746532.21870570, 44854.578216, 10.000,    0.0,    2.0, -2.0,  0.00,  0.00,  0.00,  0.0,  0.0,  0.0
1746532.22120570, 44854.783502, 10.000,    0.0,    2.0, -2.0,  0.00,  0.00,  0.00,  0.0,  0.0,  0.0
1746532.22370570, 44854.923026, 10.000,    0.0,    2.0, -2.0,  0.00,  0.00,  0.00,  0.0,  0.0,  0.0
1746532.22620570, 44854.928352, 10.000,    0.0,    2.0, -2.0,  0.00,  0.00,  0.00,  0.0,  0.0,  0.0
1746532.22870570, 44854.965142, 10.000,    0.0,    2.0, -2.0,  0.00,  0.00,  0.00,  0.0,  0.0,  0.0
1746532.23120570, 44855.042526, 10.000,    0.0,    2.0, -2.0,  0.00,  0.00,  0.00,  0.0,  0.0,  0.0
1746532.23370570, 44855.119911, 10.000,    0.0,    2.0, -2.0,  0.00,  0.00,  0.00,  0.0,  0.0,  0.0
1746532.23620570, 44855.197295, 10.000,    0.0,    2.0, -2.0,  0.00,  0.00,  0.00,  0.0,  0.0,  0.0
1746532.23870570, 44855.274680, 10.000,    0.0,    2.0, -2.0,  0.00,  0.00,  0.00,  0.0,  0.0,  0.0
1746532.24120570, 44855.344327, 10.000,    0.0,    2.0, -2.0,  0.00,  0.00,  0.00,  0.0,  0.0,  0.0
1746532.24370570, 44855.334727, 10.000,    0.0,    2.0, -2.0,  0.00,  0.00,  0.00,  0.0,  0.0,  0.0
1746532.24620570, 44855.320306, 10.000,    0.0,    2.0, -2.0,  0.00,  0.00,  0.00,  0.0,  0.0,  0.0
1746532.24870570, 44855.305884, 10.000,    0.0,    2.0, -2.0,  0.00,  0.00,  0.00,  0.0,  0.0,  0.0
1746532.25120570, 44855.291462, 10.000,    0.0,    2.0, -2.0,  0.00,  0.00,  0.00,  0.0,  0.0,  0.0
1746532.25370570, 44855.277040, 10.000,    0.0,    2.0, -2.0,  0.00,  0.00,  0.00,  0.0,  0.0,  0.0
1746532.25620570, 44855.262619, 10.000,    0.0,    2.0, -2.0,  0.00,  0.00,  0.00,  0.0,  0.0,  0.0
1746532.25870570, 44855.248197, 10.000,    0.0,    2.0, -2.0,  0.00,  0.00,  0.00,  0.0,  0.0,  0.0
1746532.26120570, 44855.233775, 10.000,    0.0,    2.0, -2.0,  0.00,  0.00,  0.00,  0.0,  0.0,  0.0
1746532.26370570, 44855.219354, 10.000,    0.0,    2.0, -2.0,  0.00,  0.00,  0.00,  0.0,  0.0,  0.0
1746532.26620570, 44855.204932, 10.000,    0.0,    2.0, -2.0,  0.00,  0.00,  0.00,  0.0,  0.0,  0.0
1746532.26870570, 44855.158698, 10.000,    0.0,    2.0, -2.0,  0.00,  0.00,  0.00,  0.0,  0.0,  0.0
1746532.27120570, 44855.087724, 10.000,    0.0,    2.0, -2.0,  0.00,  0.00,  0.00,  0.0,  0.0,  0.0
1746532.27370570, 44855.016749, 10.000,    0.0,    2.0, -2.0,  0.00,  0.00,  0.00,  0.0,  0.0,  0.0
1746532.27620570, 44854.945775, 10.000,    0.0,    2.0, -2.0,  0.00,  0.00,  0.00,  0.0,  0.0,  0.0
1746532.27870570, 44854.874800, 10.000,    0.0,    2.0, -2.0,  0.00,  0.00,  0.00,  0.0,  0.0,  0.0
1746532.28120570, 44854.915452, 10.000,    0.0,    2.0, -2.0,  0.00,  0.00,  0.00,  0.0,  0.0,  0.0
1746532.28370570, 44854.994836, 10.000,    0.0,    2.0, -2.0,  0.00,  0.00,  0.00,  0.0,  0.0,  0.0
1746532.28620570, 44855.074221, 10.000,    0.0,    2.0, -2.0,  0.00,  0.00,  0.00,  0.0,  0.0,  0.0
1746532.28870570, 44855.153605, 10.000,    0.0,    2.0, -2.0,  0.00,  0.00,  0.00,  0.0,  0.0,  0.0
1746532.29120570, 44855.294136, 10.000,    0.0,    2.0, -2.0,  0.00,  0.00,  0.00,  0.0,  0.0,  0.0
1746532.29370570, 44855.514762, 10.000,    0.0,    2.0, -2.0,  0.00,  0.00,  0.00,  0.0,  0.0,  0.0
1746532.29620570, 44855.735388, 10.000,    0.0,    2.0, -2.0,  0.00,  0.00,  0.00,  0.0,  0.0,  0.0
1746532.29870570, 44855.731266, 10.000,    0.0,    2.0, -2.0,  0.00,  0.00,  0.00,  0.0,  0.0,  0.0
1746532.30120570, 44855.659174, 10.000,    0.0,    2.0, -2.0,  0.00,  0.00,  0.00,  0.0,  0.0,  0.0
1746532.30370570, 44855.587083, 10.000,    0.0,    2.0, -2.0,  0.00,  0.00,  0.00,  0.0,  0.0,  0.0
1746532.30620570, 44855.514992, 10.000,    0.0,    2.0, -2.0,  0.00,  0.00,  0.00,  0.0,  0.0,  0.0
1746532.30870570, 44855.442901, 10.000,    0.0,    2.0, -2.0,  0.00,  0.00,  0.00,  0.0,  0.0,  0.0
1746532.31120570, 44855.370810, 10.000,    0.0,    2.0, -2.0,  0.00,  0.00,  0.00,  0.0,  0.0,  0.0
1746532.31370570, 44855.298719, 10.000,    0.0,    2.0, -2.0,  0.00,  0.00,  0.00,  0.0,  0.0,  0.0
1746532.31620570, 44855.219252, 10.000,    0.0,    2.0, -2.0,  0.00,  0.00,  0.00,  0.0,  0.0,  0.0
1746532.31870570, 44855.301749, 10.000,    0.0,    2.0, -2.0,  0.00,  0.00,  0.00,  0.0,  0.0,  0.0
1746532.32120570, 44855.535482, 10.000,    0.0,    2.0, -2.0,  0.00,  0.00,  0.00,  0.0,  0.0,  0.0
1746532.32370570, 44855.758795, 10.000,    0.0,    2.0, -2.0,  0.00,  0.00,  0.00,  0.0,  0.0,  0.0
1746532.32620570, 44855.346336, 10.000,    0.0,    2.0, -2.0,  0.00,  0.00,  0.00,  0.0,  0.0,  0.0
1746532.32870570, 44855.030349, 10.000,    0.0,    2.0, -2.0,  0.00,  0.00,  0.00,  0.0,  0.0,  0.0
1746532.33120570, 44855.039069, 10.000,    0.0,    2.0, -2.0,  0.00,  0.00,  0.00,  0.0,  0.0,  0.0
1746532.33370570, 44855.047788, 10.000,    0.0,    2.0, -2.0,  0.00,  0.00,  0.00,  0.0,  0.0,  0.0
1746532.33620570, 44855.056507, 10.000,    0.0,    2.0, -2.0,  0.00,  0.00,  0.00,  0.0,  0.0,  0.0
1746532.33870570, 44855.065226, 10.000,    0.0,    2.0, -2.0,  0.00,  0.00,  0.00,  0.0,  0.0,  0.0
1746532.34120570, 44855.073945, 10.000,    0.0,    2.0, -2.0,  0.00,  0.00,  0.00,  0.0,  0.0,  0.0
1746532.34370570, 44855.082664, 10.000,    0.0,    2.0, -2.0,  0.00,  0.00,  0.00,  0.0,  0.0,  0.0
1746532.34620570, 44855.091383, 10.000,    0.0,    2.0, -2.0,  0.00,  0.00,  0.00,  0.0,  0.0,  0.0
1746532.34870570, 44855.121358, 10.000,    0.0,    2.0, -2.0,  0.00,  0.00,  0.00,  0.0,  0.0,  0.0
1746532.35120570, 44855.152173, 10.000,    0.0,    2.0, -2.0,  0.00,  0.00,  0.00,  0.0,  0.0,  0.0
1746532.35370570, 44855.182988, 10.000,    0.0,    2.0, -2.0,  0.00,  0.00,  0.00,  0.0,  0.0,  0.0
1746532.35620570, 44855.213803, 10.000,    0.0,    2.0, -2.0,  0.00,  0.00,  0.00,  0.0,  0.0,  0.0
1746532.35870570, 44855.244617, 10.000,    0.0,    2.0, -2.0,  0.00,  0.00,  0.00,  0.0,  0.0,  0.0
1746532.36120570, 44855.275432, 10.000,    0.0,    2.0, -2.0,  0.00,  0.00,  0.00,  0.0,  0.0,  0.0
1746532.36370570, 44855.295671, 10.000,    0.0,    2.0, -2.0,  0.00,  0.00,  0.00,  0.0,  0.0,  0.0
1746532.36620570, 44854.871383, 10.000,    0.0,    2.0, -2.0,  0.00,  0.00,  0.00,  0.0,  0.0,  0.0
1746532.36870570, 44854.625229, 10.000,    0.0,    2.0, -2.0,  0.00,  0.00,  0.00,  0.0,  0.0,  0.0
1746532.37120570, 44854.826760, 10.000,    0.0,    2.0, -2.0,  0.00,  0.00,  0.00,  0.0,  0.0,  0.0
1746532.37370570, 44855.028291, 10.000,    0.0,    2.0, -2.0,  0.00,  0.00,  0.00,  0.0,  0.0,  0.0
1746532.37620570, 44855.229822, 10.000,    0.0,    2.0, -2.0,  0.00,  0.00,  0.00,  0.0,  0.0,  0.0
1746532.37870570, 44855.431353, 10.000,    0.0,    2.0, -2.0,  0.00,  0.00,  0.00,  0.0,  0.0,  0.0
1746532.38120570, 44855.632884, 10.000,    0.0,    2.0, -2.0,  0.00,  0.00,  0.00,  0.0,  0.0,  0.0
1746532.38370570, 44855.685832, 10.000,    0.0,    2.0, -2.0,  0.00,  0.00,  0.00,  0.0,  0.0,  0.0
1746532.38620570, 44855.512453, 10.000,    0.0,    2.0, -2.0,  0.00,  0.00,  0.00,  0.0,  0.0,  0.0
1746532.38870570, 44855.339075, 10.000,    0.0,    2.0, -2.0,  0.00,  0.00,  0.00,  0.0,  0.0,  0.0
1746532.39120570, 44855.307798, 10.000,    0.0,    2.0, -2.0,  0.00,  0.00,  0.00,  0.0,  0.0,  0.0
1746532.39370570, 44855.388227, 10.000,    0.0,    2.0, -2.0,  0.00,  0.00,  0.00,  0.0,  0.0,  0.0
1746532.39620570, 44855.337653, 10.000,    0.0,    2.0, -2.0,  0.00,  0.00,  0.00,  0.0,  0.0,  0.0
1746532.39870570, 44855.115617, 10.000,    0.0,    2.0, -2.0,  0.00,  0.00,  0.00,  0.0,  0.0,  0.0
1746532.40120570, 44854.893582, 10.000,    0.0,    2.0, -2.0,  0.00,  0.00,  0.00,  0.0,  0.0,  0.0
1746532.40370570, 44855.124724, 10.000,    0.0,    2.0, -2.0,  0.00,  0.00,  0.00,  0.0,  0.0,  0.0
1746532.40620570, 44855.081948, 10.000,    0.0,    2.0, -2.0,  0.00,  0.00,  0.00,  0.0,  0.0,  0.0
1746532.40870570, 44854.749989, 10.000,    0.0,    2.0, -2.0,  0.00,  0.00,  0.00,  0.0,  0.0,  0.0
1746532.41120570, 44855.094700, 10.000,    0.0,    2.0, -2.0,  0.00,  0.00,  0.00,  0.0,  0.0,  0.0
1746532.41370570, 44855.439411, 10.000,    0.0,    2.0, -2.0,  0.00,  0.00,  0.00,  0.0,  0.0,  0.0
1746532.41620570, 44855.476996, 10.000,    0.0,    2.0, -2.0,  0.00,  0.00,  0.00,  0.0,  0.0,  0.0
1746532.41870570, 44855.444658, 10.000,    0.0,    2.0, -2.0,  0.00,  0.00,  0.00,  0.0,  0.0,  0.0
1746532.42120570, 44855.477510, 10.000,    0.0,    2.0, -2.0,  0.00,  0.00,  0.00,  0.0,  0.0,  0.0
1746532.42370570, 44855.563810, 10.000,    0.0,    2.0, -2.0,  0.00,  0.00,  0.00,  0.0,  0.0,  0.0
1746532.42620570, 44855.738297, 10.000,    0.0,    2.0, -2.0,  0.00,  0.00,  0.00,  0.0,  0.0,  0.0
1746532.42870570, 44855.756747, 10.000,    0.0,    2.0, -2.0,  0.00,  0.00,  0.00,  0.0,  0.0,  0.0
1746532.43120570, 44855.695459, 10.000,    0.0,    2.0, -2.0,  0.00,  0.00,  0.00,  0.0,  0.0,  0.0
1746532.43370570, 44855.634170, 10.000,    0.0,    2.0, -2.0,  0.00,  0.00,  0.00,  0.0,  0.0,  0.0
1746532.43620570, 44855.572881, 10.000,    0.0,    2.0, -2.0,  0.00,  0.00,  0.00,  0.0,  0.0,  0.0
1746532.43870570, 44855.511593, 10.000,    0.0,    2.0, -2.0,  0.00,  0.00,  0.00,  0.0,  0.0,  0.0
1746532.44120570, 44855.450304, 10.000,    0.0,    2.0, -2.0,  0.00,  0.00,  0.00,  0.0,  0.0,  0.0
1746532.44370570, 44855.389016, 10.000,    0.0,    2.0, -2.0,  0.00,  0.00,  0.00,  0.0,  0.0,  0.0
1746532.44620570, 44854.841619, 10.000,    0.0,    2.0, -2.0,  0.00,  0.00,  0.00,  0.0,  0.0,  0.0
1746532.44870570, 44854.632555, 10.000,    0.0,    2.0, -2.0,  0.00,  0.00,  0.00,  0.0,  0.0,  0.0
1746532.45120570, 44854.879532, 10.000,    0.0,    2.0, -2.0,  0.00,  0.00,  0.00,  0.0,  0.0,  0.0
1746532.45370570, 44855.126509, 10.000,    0.0,    2.0, -2.0,  0.00,  0.00,  0.00,  0.0,  0.0,  0.0
1746532.45620570, 44855.373486, 10.000,    0.0,    2.0, -2.0,  0.00,  0.00,  0.00,  0.0,  0.0,  0.0
1746532.45870570, 44855.545805, 10.000,    0.0,    2.0, -2.0,  0.00,  0.00,  0.00,  0.0,  0.0,  0.0
1746532.46120570, 44855.486621, 10.000,    0.0,    2.0, -2.0,  0.00,  0.00,  0.00,  0.0,  0.0,  0.0
1746532.46370570, 44855.378346, 10.000,    0.0,    2.0, -2.0,  0.00,  0.00,  0.00,  0.0,  0.0,  0.0
1746532.46620570, 44855.395596, 10.000,    0.0,    2.0, -2.0,  0.00,  0.00,  0.00,  0.0,  0.0,  0.0
1746532.46870570, 44855.412845, 10.000,    0.0,    2.0, -2.0,  0.00,  0.00,  0.00,  0.0,  0.0,  0.0
1746532.47120570, 44855.430094, 10.000,    0.0,    2.0, -2.0,  0.00,  0.00,  0.00,  0.0,  0.0,  0.0
1746532.47370570, 44855.447343, 10.000,    0.0,    2.0, -2.0,  0.00,  0.00,  0.00,  0.0,  0.0,  0.0
1746532.47620570, 44855.464592, 10.000,    0.0,    2.0, -2.0,  0.00,  0.00,  0.00,  0.0,  0.0,  0.0
1746532.47870570, 44855.481841, 10.000,    0.0,    2.0, -2.0,  0.00,  0.00,  0.00,  0.0,  0.0,  0.0
1746532.48120570, 44855.499090, 10.000,    0.0,    2.0, -2.0,  0.00,  0.00,  0.00,  0.0,  0.0,  0.0
1746532.48370570, 44855.516340, 10.000,    0.0,    2.0, -2.0,  0.00,  0.00,  0.00,  0.0,  0.0,  0.0
1746532.48620570, 44855.533589, 10.000,    0.0,    2.0, -2.0,  0.00,  0.00,  0.00,  0.0,  0.0,  0.0
1746532.48870570, 44855.550838, 10.000,    0.0,    2.0, -2.0,  0.00,  0.00,  0.00,  0.0,  0.0,  0.0
1746532.49120570, 44855.286357, 10.000,    0.0,    2.0, -2.0,  0.00,  0.00,  0.00,  0.0,  0.0,  0.0
1746532.49370570, 44855.095697, 10.000,    0.0,    2.0, -2.0,  0.00,  0.00,  0.00,  0.0,  0.0,  0.0
1746532.49620570, 44855.025184, 10.000,    0.0,    2.0, -2.0,  0.00,  0.00,  0.00,  0.0,  0.0,  0.0
1746532.49870570, 44855.281337, 10.000,    0.0,    2.0, -2.0,  0.00,  0.00,  0.00,  0.0,  0.0,  0.0
1746532.50120570, 44855.081115, 10.000,    0.0,    2.0, -2.0,  0.00,  0.00,  0.00,  0.0,  0.0,  0.0
1746532.50370570, 44854.992848, 10.000,    0.0,    2.0, -2.0,  0.00,  0.00,  0.00,  0.0,  0.0,  0.0
1746532.50620570, 44855.042465, 10.000,    0.0,    2.0, -2.0,  0.00,  0.00,  0.00,  0.0,  0.0,  0.0
1746532.50870570, 44855.092082, 10.000,    0.0,    2.0, -2.0,  0.00,  0.00,  0.00,  0.0,  0.0,  0.0
1746532.51120570, 44855.141699, 10.000,    0.0,    2.0, -2.0,  0.00,  0.00,  0.00,  0.0,  0.0,  0.0
1746532.51370570, 44855.191316, 10.000,    0.0,    2.0, -2.0,  0.00,  0.00,  0.00,  0.0,  0.0,  0.0
1746532.51620570, 44855.240933, 10.000,    0.0,    2.0, -2.0,  0.00,  0.00,  0.00,  0.0,  0.0,  0.0
1746532.51870570, 44855.290550, 10.000,    0.0,    2.0, -2.0,  0.00,  0.00,  0.00,  0.0,  0.0,  0.0
1746532.52120570, 44855.340167, 10.000,    0.0,    2.0, -2.0,  0.00,  0.00,  0.00,  0.0,  0.0,  0.0
1746532.52370570, 44855.389784, 10.000,    0.0,    2.0, -2.0,  0.00,  0.00,  0.00,  0.0,  0.0,  0.0
1746532.52620570, 44855.439401, 10.000,    0.0,    2.0, -2.0,  0.00,  0.00,  0.00,  0.0,  0.0,  0.0
1746532.52870570, 44855.381406, 10.000,    0.0,    2.0, -2.0,  0.00,  0.00,  0.00,  0.0,  0.0,  0.0
1746532.53120570, 44855.311054, 10.000,    0.0,    2.0, -2.0,  0.00,  0.00,  0.00,  0.0,  0.0,  0.0
1746532.53370570, 44855.240702, 10.000,    0.0,    2.0, -2.0,  0.00,  0.00,  0.00,  0.0,  0.0,  0.0
1746532.53620570, 44855.365394, 10.000,    0.0,    2.0, -2.0,  0.00,  0.00,  0.00,  0.0,  0.0,  0.0
1746532.53870570, 44855.745174, 10.000,    0.0,    2.0, -2.0,  0.00,  0.00,  0.00,  0.0,  0.0,  0.0
1746532.54120570, 44855.594610, 10.000,    0.0,    2.0, -2.0,  0.00,  0.00,  0.00,  0.0,  0.0,  0.0
1746532.54370570, 44855.450565, 10.000,    0.0,    2.0, -2.0,  0.00,  0.00,  0.00,  0.0,  0.0,  0.0
1746532.54620570, 44855.315193, 10.000,    0.0,    2.0, -2.0,  0.00,  0.00,  0.00,  0.0,  0.0,  0.0
1746532.54870570, 44855.233001, 10.000,    0.0,    2.0, -2.0,  0.00,  0.00,  0.00,  0.0,  0.0,  0.0
1746532.55120570, 44855.257460, 10.000,    0.0,    2.0, -2.0,  0.00,  0.00,  0.00,  0.0,  0.0,  0.0
1746532.55370570, 44855.256069, 10.000,    0.0,    2.0, -2.0,  0.00,  0.00,  0.00,  0.0,  0.0,  0.0
1746532.55620570, 44854.941883, 10.000,    0.0,    2.0, -2.0,  0.00,  0.00,  0.00,  0.0,  0.0,  0.0
1746532.55870570, 44854.816786, 10.000,    0.0,    2.0, -2.0,  0.00,  0.00,  0.00,  0.0,  0.0,  0.0
1746532.56120570, 44855.184180, 10.000,    0.0,    2.0, -2.0,  0.00,  0.00,  0.00,  0.0,  0.0,  0.0
1746532.56370570, 44855.405181, 10.000,    0.0,    2.0, -2.0,  0.00,  0.00,  0.00,  0.0,  0.0,  0.0
1746532.56620570, 44855.243714, 10.000,    0.0,    2.0, -2.0,  0.00,  0.00,  0.00,  0.0,  0.0,  0.0
1746532.56870570, 44855.115070, 10.000,    0.0,    2.0, -2.0,  0.00,  0.00,  0.00,  0.0,  0.0,  0.0
1746532.57120570, 44855.216519, 10.000,    0.0,    2.0, -2.0,  0.00,  0.00,  0.00,  0.0,  0.0,  0.0
1746532.57370570, 44855.317967, 10.000,    0.0,    2.0, -2.0,  0.00,  0.00,  0.00,  0.0,  0.0,  0.0
1746532.57620570, 44855.419416, 10.000,    0.0,    2.0, -2.0,  0.00,  0.00,  0.00,  0.0,  0.0,  0.0
1746532.57870570, 44855.520864, 10.000,    0.0,    2.0, -2.0,  0.00,  0.00,  0.00,  0.0,  0.0,  0.0
1746532.58120570, 44855.622313, 10.000,    0.0,    2.0, -2.0,  0.00,  0.00,  0.00,  0.0,  0.0,  0.0
1746532.58370570, 44855.723761, 10.000,    0.0,    2.0, -2.0,  0.00,  0.00,  0.00,  0.0,  0.0,  0.0
1746532.58870570, 44854.903422, 10.000,    0.0,    2.0, -2.0,  0.00,  0.00,  0.00,  0.0,  0.0,  0.0
1746532.59120570, 44855.007654, 10.000,    0.0,    2.0, -2.0,  0.00,  0.00,  0.00,  0.0,  0.0,  0.0
1746532.59370570, 44855.245639, 10.000,    0.0,    2.0, -2.0,  0.00,  0.00,  0.00,  0.0,  0.0,  0.0
1746532.59620570, 44855.357614, 10.000,    0.0,    2.0, -2.0,  0.00,  0.00,  0.00,  0.0,  0.0,  0.0
1746532.59870570, 44855.229334, 10.000,    0.0,    2.0, -2.0,  0.00,  0.00,  0.00,  0.0,  0.0,  0.0
1746532.60120570, 44855.101053, 10.000,    0.0,    2.0, -2.0,  0.00,  0.00,  0.00,  0.0,  0.0,  0.0
1746532.60370570, 44854.972772, 10.000,    0.0,    2.0, -2.0,  0.00,  0.00,  0.00,  0.0,  0.0,  0.0
1746532.60620570, 44854.883957, 10.000,    0.0,    2.0, -2.0,  0.00,  0.00,  0.00,  0.0,  0.0,  0.0
1746532.60870570, 44854.870483, 10.000,    0.0,    2.0, -2.0,  0.00,  0.00,  0.00,  0.0,  0.0,  0.0
1746532.61120570, 44854.857009, 10.000,    0.0,    2.0, -2.0,  0.00,  0.00,  0.00,  0.0,  0.0,  0.0
1746532.61370570, 44854.843535, 10.000,    0.0,    2.0, -2.0,  0.00,  0.00,  0.00,  0.0,  0.0,  0.0
1746532.61620570, 44854.897067, 10.000,    0.0,    2.0, -2.0,  0.00,  0.00,  0.00,  0.0,  0.0,  0.0
1746532.61870570, 44855.061515, 10.000,    0.0,    2.0, -2.0,  0.00,  0.00,  0.00,  0.0,  0.0,  0.0
1746532.62120570, 44855.225964, 10.000,    0.0,    2.0, -2.0,  0.00,  0.00,  0.00,  0.0,  0.0,  0.0
1746532.62370570, 44855.522498, 10.000,    0.0,    2.0, -2.0,  0.00,  0.00,  0.00,  0.0,  0.0,  0.0
1746532.62620570, 44855.551419, 10.000,    0.0,    2.0, -2.0,  0.00,  0.00,  0.00,  0.0,  0.0,  0.0
1746532.62870570, 44855.551419, 10.000,    0.0,    2.0, -2.0,  0.00,  0.00,  0.00,  0.0,  0.0,  0.0
1746532.63120570, 44855.117240, 10.000,    0.0,    2.0, -2.0,  0.00,  0.00,  0.00,  0.0,  0.0,  0.0
1746532.63370570, 44855.370713, 10.000,    0.0,    2.0, -2.0,  0.00,  0.00,  0.00,  0.0,  0.0,  0.0
1746532.63620570, 44854.694333, 10.000,    0.0,    2.0, -2.0,  0.00,  0.00,  0.00,  0.0,  0.0,  0.0
1746532.63870570, 44854.535793, 10.000,    0.0,    2.0, -2.0,  0.00,  0.00,  0.00,  0.0,  0.0,  0.0
1746532.64120570, 44854.535793, 10.000,    0.0,    2.0, -2.0,  0.00,  0.00,  0.00,  0.0,  0.0,  0.0
1746532.64370570, 44854.609748, 10.000,    0.0,    2.0, -2.0,  0.00,  0.00,  0.00,  0.0,  0.0,  0.0
1746532.64620570, 44855.155892, 10.000,    0.0,    2.0, -2.0,  0.00,  0.00,  0.00,  0.0,  0.0,  0.0
1746532.64870570, 44855.515768, 10.000,    0.0,    2.0, -2.0,  0.00,  0.00,  0.00,  0.0,  0.0,  0.0
1746532.65120570, 44855.603735, 10.000,    0.0,    2.0, -2.0,  0.00,  0.00,  0.00,  0.0,  0.0,  0.0
1746532.65370570, 44855.490032, 10.000,    0.0,    2.0, -2.0,  0.00,  0.00,  0.00,  0.0,  0.0,  0.0
1746532.65620570, 44855.376329, 10.000,    0.0,    2.0, -2.0,  0.00,  0.00,  0.00,  0.0,  0.0,  0.0
1746532.65870570, 44855.371688, 10.000,    0.0,    2.0, -2.0,  0.00,  0.00,  0.00,  0.0,  0.0,  0.0
1746532.66120570, 44855.402738, 10.000,    0.0,    2.0, -2.0,  0.00,  0.00,  0.00,  0.0,  0.0,  0.0
1746532.66370570, 44855.428004, 10.000,    0.0,    2.0, -2.0,  0.00,  0.00,  0.00,  0.0,  0.0,  0.0
1746532.66620570, 44855.442203, 10.000,    0.0,    2.0, -2.0,  0.00,  0.00,  0.00,  0.0,  0.0,  0.0
1746532.66870570, 44855.456403, 10.000,    0.0,    2.0, -2.0,  0.00,  0.00,  0.00,  0.0,  0.0,  0.0
1746532.67120570, 44855.470602, 10.000,    0.0,    2.0, -2.0,  0.00,  0.00,  0.00,  0.0,  0.0,  0.0
1746532.67370570, 44855.484802, 10.000,    0.0,    2.0, -2.0,  0.00,  0.00,  0.00,  0.0,  0.0,  0.0
1746532.67620570, 44855.484332, 10.000,    0.0,    2.0, -2.0,  0.00,  0.00,  0.00,  0.0,  0.0,  0.0
1746532.67870570, 44855.480770, 10.000,    0.0,    2.0, -2.0,  0.00,  0.00,  0.00,  0.0,  0.0,  0.0
1746532.68120570, 44855.477208, 10.000,    0.0,    2.0, -2.0,  0.00,  0.00,  0.00,  0.0,  0.0,  0.0
1746532.68370570, 44855.431248, 10.000,    0.0,    2.0, -2.0,  0.00,  0.00,  0.00,  0.0,  0.0,  0.0
1746532.68620570, 44855.376284, 10.000,    0.0,    2.0, -2.0,  0.00,  0.00,  0.00,  0.0,  0.0,  0.0
1746532.68870570, 44855.321321, 10.000,    0.0,    2.0, -2.0,  0.00,  0.00,  0.00,  0.0,  0.0,  0.0
1746532.69120570, 44855.266358, 10.000,    0.0,    2.0, -2.0,  0.00,  0.00,  0.00,  0.0,  0.0,  0.0
1746532.69370570, 44855.038563, 10.000,    0.0,    2.0, -2.0,  0.00,  0.00,  0.00,  0.0,  0.0,  0.0
1746532.69620570, 44854.849377, 10.000,    0.0,    2.0, -2.0,  0.00,  0.00,  0.00,  0.0,  0.0,  0.0
1746532.69870570, 44855.129298, 10.000,    0.0,    2.0, -2.0,  0.00,  0.00,  0.00,  0.0,  0.0,  0.0
1746532.70120570, 44855.409218, 10.000,    0.0,    2.0, -2.0,  0.00,  0.00,  0.00,  0.0,  0.0,  0.0
1746532.70370570, 44855.657776, 10.000,    0.0,    2.0, -2.0,  0.00,  0.00,  0.00,  0.0,  0.0,  0.0
1746532.70620570, 44855.501366, 10.000,    0.0,    2.0, -2.0,  0.00,  0.00,  0.00,  0.0,  0.0,  0.0
1746532.70870570, 44855.313091, 10.000,    0.0,    2.0, -2.0,  0.00,  0.00,  0.00,  0.0,  0.0,  0.0
1746532.71120570, 44854.955051, 10.000,    0.0,    2.0, -2.0,  0.00,  0.00,  0.00,  0.0,  0.0,  0.0
1746532.71370570, 44855.137705, 10.000,    0.0,    2.0, -2.0,  0.00,  0.00,  0.00,  0.0,  0.0,  0.0
1746532.71620570, 44855.450051, 10.000,    0.0,    2.0, -2.0,  0.00,  0.00,  0.00,  0.0,  0.0,  0.0
1746532.71870570, 44855.463035, 10.000,    0.0,    2.0, -2.0,  0.00,  0.00,  0.00,  0.0,  0.0,  0.0
1746532.72120570, 44855.476019, 10.000,    0.0,    2.0, -2.0,  0.00,  0.00,  0.00,  0.0,  0.0,  0.0
1746532.72370570, 44855.489003, 10.000,    0.0,    2.0, -2.0,  0.00,  0.00,  0.00,  0.0,  0.0,  0.0
1746532.72620570, 44855.351076, 10.000,    0.0,    2.0, -2.0,  0.00,  0.00,  0.00,  0.0,  0.0,  0.0
1746532.72870570, 44854.876873, 10.000,    0.0,    2.0, -2.0,  0.00,  0.00,  0.00,  0.0,  0.0,  0.0
1746532.73120570, 44854.854018, 10.000,    0.0,    2.0, -2.0,  0.00,  0.00,  0.00,  0.0,  0.0,  0.0
1746532.73370570, 44855.036898, 10.000,    0.0,    2.0, -2.0,  0.00,  0.00,  0.00,  0.0,  0.0,  0.0
1746532.73620570, 44855.601205, 10.000,    0.0,    2.0, -2.0,  0.00,  0.00,  0.00,  0.0,  0.0,  0.0
1746532.73870570, 44855.646711, 10.000,    0.0,    2.0, -2.0,  0.00,  0.00,  0.00,  0.0,  0.0,  0.0
1746532.74120570, 44855.639797, 10.000,    0.0,    2.0, -2.0,  0.00,  0.00,  0.00,  0.0,  0.0,  0.0
1746532.74370570, 44855.632883, 10.000,    0.0,    2.0, -2.0,  0.00,  0.00,  0.00,  0.0,  0.0,  0.0
1746532.74620570, 44855.625969, 10.000,    0.0,    2.0, -2.0,  0.00,  0.00,  0.00,  0.0,  0.0,  0.0
1746532.74870570, 44855.619055, 10.000,    0.0,    2.0, -2.0,  0.00,  0.00,  0.00,  0.0,  0.0,  0.0
1746532.75120570, 44855.612141, 10.000,    0.0,    2.0, -2.0,  0.00,  0.00,  0.00,  0.0,  0.0,  0.0
1746532.75370570, 44855.605227, 10.000,    0.0,    2.0, -2.0,  0.00,  0.00,  0.00,  0.0,  0.0,  0.0
1746532.75620570, 44854.910719, 10.000,    0.0,    2.0, -2.0,  0.00,  0.00,  0.00,  0.0,  0.0,  0.0
1746532.75870570, 44854.752137, 10.000,    0.0,    2.0, -2.0,  0.00,  0.00,  0.00,  0.0,  0.0,  0.0
1746532.76120570, 44854.755380, 10.000,    0.0,    2.0, -2.0,  0.00,  0.00,  0.00,  0.0,  0.0,  0.0
1746532.76620570, 44854.786333, 10.000,    0.0,    2.0, -2.0,  0.00,  0.00,  0.00,  0.0,  0.0,  0.0
1746532.76870570, 44854.840268, 10.000,    0.0,    2.0, -2.0,  0.00,  0.00,  0.00,  0.0,  0.0,  0.0
1746532.77120570, 44854.894203, 10.000,    0.0,    2.0, -2.0,  0.00,  0.00,  0.00,  0.0,  0.0,  0.0
1746532.77370570, 44854.948139, 10.000,    0.0,    2.0, -2.0,  0.00,  0.00,  0.00,  0.0,  0.0,  0.0
1746532.77620570, 44855.002074, 10.000,    0.0,    2.0, -2.0,  0.00,  0.00,  0.00,  0.0,  0.0,  0.0
1746532.77870570, 44855.369044, 10.000,    0.0,    2.0, -2.0,  0.00,  0.00,  0.00,  0.0,  0.0,  0.0
1746532.78120570, 44855.357283, 10.000,    0.0,    2.0, -2.0,  0.00,  0.00,  0.00,  0.0,  0.0,  0.0
1746532.78370570, 44855.064558, 10.000,    0.0,    2.0, -2.0,  0.00,  0.00,  0.00,  0.0,  0.0,  0.0
1746532.78620570, 44855.378589, 10.000,    0.0,    2.0, -2.0,  0.00,  0.00,  0.00,  0.0,  0.0,  0.0
1746532.78870570, 44855.585797, 10.000,    0.0,    2.0, -2.0,  0.00,  0.00,  0.00,  0.0,  0.0,  0.0
1746532.79120570, 44855.499266, 10.000,    0.0,    2.0, -2.0,  0.00,  0.00,  0.00,  0.0,  0.0,  0.0
1746532.79370570, 44855.449796, 10.000,    0.0,    2.0, -2.0,  0.00,  0.00,  0.00,  0.0,  0.0,  0.0
1746532.79620570, 44855.423592, 10.000,    0.0,    2.0, -2.0,  0.00,  0.00,  0.00,  0.0,  0.0,  0.0
1746532.79870570, 44855.397389, 10.000,    0.0,    2.0, -2.0,  0.00,  0.00,  0.00,  0.0,  0.0,  0.0
1746532.80120570, 44855.424683, 10.000,    0.0,    2.0, -2.0,  0.00,  0.00,  0.00,  0.0,  0.0,  0.0
1746532.80370570, 44855.082808, 10.000,    0.0,    2.0, -2.0,  0.00,  0.00,  0.00,  0.0,  0.0,  0.0
1746532.80620570, 44854.894555, 10.000,    0.0,    2.0, -2.0,  0.00,  0.00,  0.00,  0.0,  0.0,  0.0
1746532.80870570, 44855.097874, 10.000,    0.0,    2.0, -2.0,  0.00,  0.00,  0.00,  0.0,  0.0,  0.0
1746532.81120570, 44855.729577, 10.000,    0.0,    2.0, -2.0,  0.00,  0.00,  0.00,  0.0,  0.0,  0.0
1746532.81370570, 44855.577225, 10.000,    0.0,    2.0, -2.0,  0.00,  0.00,  0.00,  0.0,  0.0,  0.0
1746532.81620570, 44855.406743, 10.000,    0.0,    2.0, -2.0,  0.00,  0.00,  0.00,  0.0,  0.0,  0.0
1746532.81870570, 44855.599975, 10.000,    0.0,    2.0, -2.0,  0.00,  0.00,  0.00,  0.0,  0.0,  0.0
1746532.82120570, 44855.859782, 10.000,    0.0,    2.0, -2.0,  0.00,  0.00,  0.00,  0.0,  0.0,  0.0
1746532.82370570, 44855.249516, 10.000,    0.0,    2.0, -2.0,  0.00,  0.00,  0.00,  0.0,  0.0,  0.0
1746532.82620570, 44855.553703, 10.000,    0.0,    2.0, -2.0,  0.00,  0.00,  0.00,  0.0,  0.0,  0.0
1746532.82870570, 44855.561501, 10.000,    0.0,    2.0, -2.0,  0.00,  0.00,  0.00,  0.0,  0.0,  0.0
1746532.83120570, 44854.892639, 10.000,    0.0,    2.0, -2.0,  0.00,  0.00,  0.00,  0.0,  0.0,  0.0
1746532.83370570, 44854.828256, 10.000,    0.0,    2.0, -2.0,  0.00,  0.00,  0.00,  0.0,  0.0,  0.0
1746532.83620570, 44854.928295, 10.000,    0.0,    2.0, -2.0,  0.00,  0.00,  0.00,  0.0,  0.0,  0.0
1746532.83870570, 44855.028334, 10.000,    0.0,    2.0, -2.0,  0.00,  0.00,  0.00,  0.0,  0.0,  0.0
1746532.84120570, 44855.128373, 10.000,    0.0,    2.0, -2.0,  0.00,  0.00,  0.00,  0.0,  0.0,  0.0
1746532.84370570, 44855.228413, 10.000,    0.0,    2.0, -2.0,  0.00,  0.00,  0.00,  0.0,  0.0,  0.0
1746532.84620570, 44855.124965, 10.000,    0.0,    2.0, -2.0,  0.00,  0.00,  0.00,  0.0,  0.0,  0.0
1746532.84870570, 44854.914819, 10.000,    0.0,    2.0, -2.0,  0.00,  0.00,  0.00,  0.0,  0.0,  0.0
1746532.85120570, 44855.009271, 10.000,    0.0,    2.0, -2.0,  0.00,  0.00,  0.00,  0.0,  0.0,  0.0
1746532.85370570, 44855.103723, 10.000,    0.0,    2.0, -2.0,  0.00,  0.00,  0.00,  0.0,  0.0,  0.0
1746532.85620570, 44855.198175, 10.000,    0.0,    2.0, -2.0,  0.00,  0.00,  0.00,  0.0,  0.0,  0.0
1746532.85870570, 44855.463034, 10.000,    0.0,    2.0, -2.0,  0.00,  0.00,  0.00,  0.0,  0.0,  0.0
1746532.86120570, 44855.633073, 10.000,    0.0,    2.0, -2.0,  0.00,  0.00,  0.00,  0.0,  0.0,  0.0
1746532.86370570, 44855.529875, 10.000,    0.0,    2.0, -2.0,  0.00,  0.00,  0.00,  0.0,  0.0,  0.0
1746532.86620570, 44855.426677, 10.000,    0.0,    2.0, -2.0,  0.00,  0.00,  0.00,  0.0,  0.0,  0.0
1746532.86870570, 44855.323479, 10.000,    0.0,    2.0, -2.0,  0.00,  0.00,  0.00,  0.0,  0.0,  0.0
1746532.87120570, 44855.220282, 10.000,    0.0,    2.0, -2.0,  0.00,  0.00,  0.00,  0.0,  0.0,  0.0
1746532.87370570, 44855.117084, 10.000,    0.0,    2.0, -2.0,  0.00,  0.00,  0.00,  0.0,  0.0,  0.0
1746532.87620570, 44854.983979, 10.000,    0.0,    2.0, -2.0,  0.00,  0.00,  0.00,  0.0,  0.0,  0.0
1746532.87870570, 44855.047600, 10.000,    0.0,    2.0, -2.0,  0.00,  0.00,  0.00,  0.0,  0.0,  0.0
1746532.88120570, 44855.131408, 10.000,    0.0,    2.0, -2.0,  0.00,  0.00,  0.00,  0.0,  0.0,  0.0
1746532.88370570, 44855.236549, 10.000,    0.0,    2.0, -2.0,  0.00,  0.00,  0.00,  0.0,  0.0,  0.0
1746532.88620570, 44855.174672, 10.000,    0.0,    2.0, -2.0,  0.00,  0.00,  0.00,  0.0,  0.0,  0.0
1746532.88870570, 44855.057312, 10.000,    0.0,    2.0, -2.0,  0.00,  0.00,  0.00,  0.0,  0.0,  0.0
1746532.89120570, 44854.939952, 10.000,    0.0,    2.0, -2.0,  0.00,  0.00,  0.00,  0.0,  0.0,  0.0
1746532.89370570, 44854.807845, 10.000,    0.0,    2.0, -2.0,  0.00,  0.00,  0.00,  0.0,  0.0,  0.0
1746532.89620570, 44854.725599, 10.000,    0.0,    2.0, -2.0,  0.00,  0.00,  0.00,  0.0,  0.0,  0.0
1746532.89870570, 44854.831743, 10.000,    0.0,    2.0, -2.0,  0.00,  0.00,  0.00,  0.0,  0.0,  0.0
1746532.90120570, 44854.937887, 10.000,    0.0,    2.0, -2.0,  0.00,  0.00,  0.00,  0.0,  0.0,  0.0
1746532.90370570, 44855.044030, 10.000,    0.0,    2.0, -2.0,  0.00,  0.00,  0.00,  0.0,  0.0,  0.0
1746532.90620570, 44855.150174, 10.000,    0.0,    2.0, -2.0,  0.00,  0.00,  0.00,  0.0,  0.0,  0.0
1746532.90870570, 44855.251171, 10.000,    0.0,    2.0, -2.0,  0.00,  0.00,  0.00,  0.0,  0.0,  0.0
1746532.91120570, 44855.230695, 10.000,    0.0,    2.0, -2.0,  0.00,  0.00,  0.00,  0.0,  0.0,  0.0
1746532.91370570, 44855.230695, 10.000,    0.0,    2.0, -2.0,  0.00,  0.00,  0.00,  0.0,  0.0,  0.0
1746532.91620570, 44855.208146, 10.000,    0.0,    2.0, -2.0,  0.00,  0.00,  0.00,  0.0,  0.0,  0.0
1746532.91870570, 44855.129514, 10.000,    0.0,    2.0, -2.0,  0.00,  0.00,  0.00,  0.0,  0.0,  0.0
1746532.92120570, 44855.050881, 10.000,    0.0,    2.0, -2.0,  0.00,  0.00,  0.00,  0.0,  0.0,  0.0
1746532.92370570, 44854.972248, 10.000,    0.0,    2.0, -2.0,  0.00,  0.00,  0.00,  0.0,  0.0,  0.0
1746532.92620570, 44854.893615, 10.000,    0.0,    2.0, -2.0,  0.00,  0.00,  0.00,  0.0,  0.0,  0.0
1746532.92870570, 44854.888589, 10.000,    0.0,    2.0, -2.0,  0.00,  0.00,  0.00,  0.0,  0.0,  0.0
1746532.93120570, 44854.888589, 10.000,    0.0,    2.0, -2.0,  0.00,  0.00,  0.00,  0.0,  0.0,  0.0
1746532.93370570, 44854.888589, 10.000,    0.0,    2.0, -2.0,  0.00,  0.00,  0.00,  0.0,  0.0,  0.0
1746532.93620570, 44854.888589, 10.000,    0.0,    2.0, -2.0,  0.00,  0.00,  0.00,  0.0,  0.0,  0.0
1746532.93870570, 44854.915806, 10.000,    0.0,    2.0, -2.0,  0.00,  0.00,  0.00,  0.0,  0.0,  0.0
1746532.94120570, 44855.059642, 10.000,    0.0,    2.0, -2.0,  0.00,  0.00,  0.00,  0.0,  0.0,  0.0
1746532.94370570, 44855.059642, 10.000,    0.0,    2.0, -2.0,  0.00,  0.00,  0.00,  0.0,  0.0,  0.0
1746532.94620570, 44855.059642, 10.000,    0.0,    2.0, -2.0,  0.00,  0.00,  0.00,  0.0,  0.0,  0.0
1746532.94870570, 44854.968064, 10.000,    0.0,    2.0, -2.0,  0.00,  0.00,  0.00,  0.0,  0.0,  0.0
1746532.95120570, 44854.989915, 10.000,    0.0,    2.0, -2.0,  0.00,  0.00,  0.00,  0.0,  0.0,  0.0
1746532.95370570, 44855.345317, 10.000,    0.0,    2.0, -2.0,  0.00,  0.00,  0.00,  0.0,  0.0,  0.0
1746532.95620570, 44855.473371, 10.000,    0.0,    2.0, -2.0,  0.00,  0.00,  0.00,  0.0,  0.0,  0.0
1746532.95870570, 44855.321153, 10.000,    0.0,    2.0, -2.0,  0.00,  0.00,  0.00,  0.0,  0.0,  0.0
1746532.96120570, 44855.237315, 10.000,    0.0,    2.0, -2.0,  0.00,  0.00,  0.00,  0.0,  0.0,  0.0
1746532.96370570, 44855.412322, 10.000,    0.0,    2.0, -2.0,  0.00,  0.00,  0.00,  0.0,  0.0,  0.0
1746532.96620570, 44855.587329, 10.000,    0.0,    2.0, -2.0,  0.00,  0.00,  0.00,  0.0,  0.0,  0.0
1746532.96870570, 44855.121807, 10.000,    0.0,    2.0, -2.0,  0.00,  0.00,  0.00,  0.0,  0.0,  0.0
1746532.97120570, 44854.630180, 10.000,    0.0,    2.0, -2.0,  0.00,  0.00,  0.00,  0.0,  0.0,  0.0
1746532.97370570, 44854.603067, 10.000,    0.0,    2.0, -2.0,  0.00,  0.00,  0.00,  0.0,  0.0,  0.0
1746532.97620570, 44854.719031, 10.000,    0.0,    2.0, -2.0,  0.00,  0.00,  0.00,  0.0,  0.0,  0.0
1746532.97870570, 44854.834994, 10.000,    0.0,    2.0, -2.0,  0.00,  0.00,  0.00,  0.0,  0.0,  0.0
1746532.98120570, 44854.749609, 10.000,    0.0,    2.0, -2.0,  0.00,  0.00,  0.00,  0.0,  0.0,  0.0
1746532.98370570, 44854.749609, 10.000,    0.0,    2.0, -2.0,  0.00,  0.00,  0.00,  0.0,  0.0,  0.0
1746532.98620570, 44854.891900, 10.000,    0.0,    2.0, -2.0,  0.00,  0.00,  0.00,  0.0,  0.0,  0.0
1746532.98870570, 44855.076397, 10.000,    0.0,    2.0, -2.0,  0.00,  0.00,  0.00,  0.0,  0.0,  0.0
1746532.99120570, 44855.260894, 10.000,    0.0,    2.0, -2.0,  0.00,  0.00,  0.00,  0.0,  0.0,  0.0
1746532.99370570, 44855.445392, 10.000,    0.0,    2.0, -2.0,  0.00,  0.00,  0.00,  0.0,  0.0,  0.0
1746532.99620570, 44855.009527, 10.000,    0.0,    2.0, -2.0,  0.00,  0.00,  0.00,  0.0,  0.0,  0.0
1746532.99870570, 44854.969081, 10.000,    0.0,    2.0, -2.0,  0.00,  0.00,  0.00,  0.0,  0.0,  0.0
1746533.00120570, 44855.017982, 10.000,    0.0,    2.0, -2.0,  0.00,  0.00,  0.00,  0.0,  0.0,  0.0
1746533.00370570, 44855.085025, 10.000,    0.0,    2.0, -2.0,  0.00,  0.00,  0.00,  0.0,  0.0,  0.0
1746533.00620570, 44855.152069, 10.000,    0.0,    2.0, -2.0,  0.00,  0.00,  0.00,  0.0,  0.0,  0.0
1746533.00870570, 44855.219112, 10.000,    0.0,    2.0, -2.0,  0.00,  0.00,  0.00,  0.0,  0.0,  0.0
1746533.01120570, 44855.286155, 10.000,    0.0,    2.0, -2.0,  0.00,  0.00,  0.00,  0.0,  0.0,  0.0
1746533.01370570, 44855.353198, 10.000,    0.0,    2.0, -2.0,  0.00,  0.00,  0.00,  0.0,  0.0,  0.0
1746533.01620570, 44855.364457, 10.000,    0.0,    2.0, -2.0,  0.00,  0.00,  0.00,  0.0,  0.0,  0.0
1746533.01870570, 44855.229268, 10.000,    0.0,    2.0, -2.0,  0.00,  0.00,  0.00,  0.0,  0.0,  0.0
1746533.02120570, 44855.094078, 10.000,    0.0,    2.0, -2.0,  0.00,  0.00,  0.00,  0.0,  0.0,  0.0
1746533.02620570, 44855.536585, 10.000,    0.0,    2.0, -2.0,  0.00,  0.00,  0.00,  0.0,  0.0,  0.0
1746533.02870570, 44855.662487, 10.000,    0.0,    2.0, -2.0,  0.00,  0.00,  0.00,  0.0,  0.0,  0.0
1746533.03120570, 44855.185290, 10.000,    0.0,    2.0, -2.0,  0.00,  0.00,  0.00,  0.0,  0.0,  0.0
1746533.03370570, 44855.337928, 10.000,    0.0,    2.0, -2.0,  0.00,  0.00,  0.00,  0.0,  0.0,  0.0
1746533.03620570, 44855.328463, 10.000,    0.0,    2.0, -2.0,  0.00,  0.00,  0.00,  0.0,  0.0,  0.0
1746533.03870570, 44855.203640, 10.000,    0.0,    2.0, -2.0,  0.00,  0.00,  0.00,  0.0,  0.0,  0.0
1746533.04120570, 44855.078816, 10.000,    0.0,    2.0, -2.0,  0.00,  0.00,  0.00,  0.0,  0.0,  0.0
1746533.04370570, 44855.010533, 10.000,    0.0,    2.0, -2.0,  0.00,  0.00,  0.00,  0.0,  0.0,  0.0
1746533.04620570, 44855.236061, 10.000,    0.0,    2.0, -2.0,  0.00,  0.00,  0.00,  0.0,  0.0,  0.0
1746533.04870570, 44855.078784, 10.000,    0.0,    2.0, -2.0,  0.00,  0.00,  0.00,  0.0,  0.0,  0.0
1746533.05120570, 44854.921506, 10.000,    0.0,    2.0, -2.0,  0.00,  0.00,  0.00,  0.0,  0.0,  0.0
1746533.05370570, 44854.993310, 10.000,    0.0,    2.0, -2.0,  0.00,  0.00,  0.00,  0.0,  0.0,  0.0
1746533.05620570, 44855.102814, 10.000,    0.0,    2.0, -2.0,  0.00,  0.00,  0.00,  0.0,  0.0,  0.0
1746533.05870570, 44855.212319, 10.000,    0.0,    2.0, -2.0,  0.00,  0.00,  0.00,  0.0,  0.0,  0.0
1746533.06120570, 44855.321824, 10.000,    0.0,    2.0, -2.0,  0.00,  0.00,  0.00,  0.0,  0.0,  0.0
1746533.06370570, 44855.431329, 10.000,    0.0,    2.0, -2.0,  0.00,  0.00,  0.00,  0.0,  0.0,  0.0
1746533.06620570, 44855.342468, 10.000,    0.0,    2.0, -2.0,  0.00,  0.00,  0.00,  0.0,  0.0,  0.0
1746533.06870570, 44855.125124, 10.000,    0.0,    2.0, -2.0,  0.00,  0.00,  0.00,  0.0,  0.0,  0.0
1746533.07120570, 44854.890102, 10.000,    0.0,    2.0, -2.0,  0.00,  0.00,  0.00,  0.0,  0.0,  0.0
1746533.07370570, 44854.655080, 10.000,    0.0,    2.0, -2.0,  0.00,  0.00,  0.00,  0.0,  0.0,  0.0
1746533.07620570, 44854.848642, 10.000,    0.0,    2.0, -2.0,  0.00,  0.00,  0.00,  0.0,  0.0,  0.0
1746533.07870570, 44855.088853, 10.000,    0.0,    2.0, -2.0,  0.00,  0.00,  0.00,  0.0,  0.0,  0.0
1746533.08120570, 44855.330405, 10.000,    0.0,    2.0, -2.0,  0.00,  0.00,  0.00,  0.0,  0.0,  0.0
1746533.08370570, 44855.576063, 10.000,    0.0,    2.0, -2.0,  0.00,  0.00,  0.00,  0.0,  0.0,  0.0
1746533.08620570, 44855.478716, 10.000,    0.0,    2.0, -2.0,  0.00,  0.00,  0.00,  0.0,  0.0,  0.0
1746533.08870570, 44855.381369, 10.000,    0.0,    2.0, -2.0,  0.00,  0.00,  0.00,  0.0,  0.0,  0.0
1746533.09120570, 44855.284022, 10.000,    0.0,    2.0, -2.0,  0.00,  0.00,  0.00,  0.0,  0.0,  0.0
1746533.09370570, 44855.186674, 10.000,    0.0,    2.0, -2.0,  0.00,  0.00,  0.00,  0.0,  0.0,  0.0
1746533.09620570, 44855.089327, 10.000,    0.0,    2.0, -2.0,  0.00,  0.00,  0.00,  0.0,  0.0,  0.0
1746533.09870570, 44855.090688, 10.000,    0.0,    2.0, -2.0,  0.00,  0.00,  0.00,  0.0,  0.0,  0.0
1746533.10120570, 44855.115978, 10.000,    0.0,    2.0, -2.0,  0.00,  0.00,  0.00,  0.0,  0.0,  0.0
1746533.10370570, 44855.141267, 10.000,    0.0,    2.0, -2.0,  0.00,  0.00,  0.00,  0.0,  0.0,  0.0
1746533.10620570, 44855.217821, 10.000,    0.0,    2.0, -2.0,  0.00,  0.00,  0.00,  0.0,  0.0,  0.0
1746533.10870570, 44855.364303, 10.000,    0.0,    2.0, -2.0,  0.00,  0.00,  0.00,  0.0,  0.0,  0.0
1746533.11120570, 44855.077902, 10.000,    0.0,    2.0, -2.0,  0.00,  0.00,  0.00,  0.0,  0.0,  0.0
1746533.11370570, 44855.043151, 10.000,    0.0,    2.0, -2.0,  0.00,  0.00,  0.00,  0.0,  0.0,  0.0
1746533.11620570, 44855.048778, 10.000,    0.0,    2.0, -2.0,  0.00,  0.00,  0.00,  0.0,  0.0,  0.0
1746533.11870570, 44855.054406, 10.000,    0.0,    2.0, -2.0,  0.00,  0.00,  0.00,  0.0,  0.0,  0.0
1746533.12120570, 44855.073669, 10.000,    0.0,    2.0, -2.0,  0.00,  0.00,  0.00,  0.0,  0.0,  0.0
1746533.12370570, 44855.171631, 10.000,    0.0,    2.0, -2.0,  0.00,  0.00,  0.00,  0.0,  0.0,  0.0
1746533.12620570, 44855.229762, 10.000,    0.0,    2.0, -2.0,  0.00,  0.00,  0.00,  0.0,  0.0,  0.0
1746533.12870570, 44855.686088, 10.000,    0.0,    2.0, -2.0,  0.00,  0.00,  0.00,  0.0,  0.0,  0.0
1746533.13120570, 44855.548788, 10.000,    0.0,    2.0, -2.0,  0.00,  0.00,  0.00,  0.0,  0.0,  0.0
1746533.13370570, 44855.248471, 10.000,    0.0,    2.0, -2.0,  0.00,  0.00,  0.00,  0.0,  0.0,  0.0
1746533.13620570, 44855.120729, 10.000,    0.0,    2.0, -2.0,  0.00,  0.00,  0.00,  0.0,  0.0,  0.0
1746533.13870570, 44854.992986, 10.000,    0.0,    2.0, -2.0,  0.00,  0.00,  0.00,  0.0,  0.0,  0.0
1746533.14120570, 44854.865244, 10.000,    0.0,    2.0, -2.0,  0.00,  0.00,  0.00,  0.0,  0.0,  0.0
1746533.14370570, 44855.519157, 10.000,    0.0,    2.0, -2.0,  0.00,  0.00,  0.00,  0.0,  0.0,  0.0
1746533.14620570, 44855.556966, 10.000,    0.0,    2.0, -2.0,  0.00,  0.00,  0.00,  0.0,  0.0,  0.0
1746533.14870570, 44855.528914, 10.000,    0.0,    2.0, -2.0,  0.00,  0.00,  0.00,  0.0,  0.0,  0.0
1746533.15120570, 44855.500861, 10.000,    0.0,    2.0, -2.0,  0.00,  0.00,  0.00,  0.0,  0.0,  0.0
1746533.15370570, 44855.472809, 10.000,    0.0,    2.0, -2.0,  0.00,  0.00,  0.00,  0.0,  0.0,  0.0
1746533.15620570, 44855.444756, 10.000,    0.0,    2.0, -2.0,  0.00,  0.00,  0.00,  0.0,  0.0,  0.0
1746533.15870570, 44855.416704, 10.000,    0.0,    2.0, -2.0,  0.00,  0.00,  0.00,  0.0,  0.0,  0.0
1746533.16120570, 44855.388651, 10.000,    0.0,    2.0, -2.0,  0.00,  0.00,  0.00,  0.0,  0.0,  0.0
1746533.16370570, 44855.360599, 10.000,    0.0,    2.0, -2.0,  0.00,  0.00,  0.00,  0.0,  0.0,  0.0
1746533.16620570, 44855.330996, 10.000,    0.0,    2.0, -2.0,  0.00,  0.00,  0.00,  0.0,  0.0,  0.0
1746533.16870570, 44855.294348, 10.000,    0.0,    2.0, -2.0,  0.00,  0.00,  0.00,  0.0,  0.0,  0.0
1746533.17120570, 44855.257701, 10.000,    0.0,    2.0, -2.0,  0.00,  0.00,  0.00,  0.0,  0.0,  0.0
1746533.17370570, 44855.221053, 10.000,    0.0,    2.0, -2.0,  0.00,  0.00,  0.00,  0.0,  0.0,  0.0
1746533.17620570, 44855.172303, 10.000,    0.0,    2.0, -2.0,  0.00,  0.00,  0.00,  0.0,  0.0,  0.0
1746533.17870570, 44855.117851, 10.000,    0.0,    2.0, -2.0,  0.00,  0.00,  0.00,  0.0,  0.0,  0.0
1746533.18120570, 44854.895300, 10.000,    0.0,    2.0, -2.0,  0.00,  0.00,  0.00,  0.0,  0.0,  0.0
1746533.18370570, 44854.883047, 10.000,    0.0,    2.0, -2.0,  0.00,  0.00,  0.00,  0.0,  0.0,  0.0
1746533.18620570, 44854.947110, 10.000,    0.0,    2.0, -2.0,  0.00,  0.00,  0.00,  0.0,  0.0,  0.0
1746533.18870570, 44855.011174, 10.000,    0.0,    2.0, -2.0,  0.00,  0.00,  0.00,  0.0,  0.0,  0.0
1746533.19120570, 44855.075237, 10.000,    0.0,    2.0, -2.0,  0.00,  0.00,  0.00,  0.0,  0.0,  0.0
1746533.19370570, 44855.280748, 10.000,    0.0,    2.0, -2.0,  0.00,  0.00,  0.00,  0.0,  0.0,  0.0
1746533.19620570, 44855.265191, 10.000,    0.0,    2.0, -2.0,  0.00,  0.00,  0.00,  0.0,  0.0,  0.0
1746533.19870570, 44854.899333, 10.000,    0.0,    2.0, -2.0,  0.00,  0.00,  0.00,  0.0,  0.0,  0.0
1746533.20120570, 44855.031016, 10.000,    0.0,    2.0, -2.0,  0.00,  0.00,  0.00,  0.0,  0.0,  0.0
1746533.20370570, 44855.149698, 10.000,    0.0,    2.0, -2.0,  0.00,  0.00,  0.00,  0.0,  0.0,  0.0
1746533.20620570, 44855.268379, 10.000,    0.0,    2.0, -2.0,  0.00,  0.00,  0.00,  0.0,  0.0,  0.0
1746533.20870570, 44855.387060, 10.000,    0.0,    2.0, -2.0,  0.00,  0.00,  0.00,  0.0,  0.0,  0.0
1746533.21120570, 44855.505741, 10.000,    0.0,    2.0, -2.0,  0.00,  0.00,  0.00,  0.0,  0.0,  0.0
1746533.21370570, 44854.852261, 10.000,    0.0,    2.0, -2.0,  0.00,  0.00,  0.00,  0.0,  0.0,  0.0
1746533.21620570, 44854.749609, 10.000,    0.0,    2.0, -2.0,  0.00,  0.00,  0.00,  0.0,  0.0,  0.0
1746533.21870570, 44854.749609, 10.000,    0.0,    2.0, -2.0,  0.00,  0.00,  0.00,  0.0,  0.0,  0.0
1746533.22120570, 44854.749609, 10.000,    0.0,    2.0, -2.0,  0.00,  0.00,  0.00,  0.0,  0.0,  0.0
1746533.22370570, 44854.749609, 10.000,    0.0,    2.0, -2.0,  0.00,  0.00,  0.00,  0.0,  0.0,  0.0
1746533.22620570, 44855.441852, 10.000,    0.0,    2.0, -2.0,  0.00,  0.00,  0.00,  0.0,  0.0,  0.0
1746533.22870570, 44855.501803, 10.000,    0.0,    2.0, -2.0,  0.00,  0.00,  0.00,  0.0,  0.0,  0.0
1746533.23120570, 44855.572783, 10.000,    0.0,    2.0, -2.0,  0.00,  0.00,  0.00,  0.0,  0.0,  0.0
1746533.23370570, 44855.664180, 10.000,    0.0,    2.0, -2.0,  0.00,  0.00,  0.00,  0.0,  0.0,  0.0
1746533.23620570, 44855.755577, 10.000,    0.0,    2.0, -2.0,  0.00,  0.00,  0.00,  0.0,  0.0,  0.0
1746533.23870570, 44855.846975, 10.000,    0.0,    2.0, -2.0,  0.00,  0.00,  0.00,  0.0,  0.0,  0.0
1746533.24120570, 44854.826066, 10.000,    0.0,    2.0, -2.0,  0.00,  0.00,  0.00,  0.0,  0.0,  0.0
1746533.24370570, 44855.036867, 10.000,    0.0,    2.0, -2.0,  0.00,  0.00,  0.00,  0.0,  0.0,  0.0
1746533.24620570, 44855.073652, 10.000,    0.0,    2.0, -2.0,  0.00,  0.00,  0.00,  0.0,  0.0,  0.0
1746533.24870570, 44854.922069, 10.000,    0.0,    2.0, -2.0,  0.00,  0.00,  0.00,  0.0,  0.0,  0.0
1746533.25120570, 44855.173129, 10.000,    0.0,    2.0, -2.0,  0.00,  0.00,  0.00,  0.0,  0.0,  0.0
1746533.25370570, 44855.106100, 10.000,    0.0,    2.0, -2.0,  0.00,  0.00,  0.00,  0.0,  0.0,  0.0
1746533.25620570, 44854.873288, 10.000,    0.0,    2.0, -2.0,  0.00,  0.00,  0.00,  0.0,  0.0,  0.0
1746533.25870570, 44855.137043, 10.000,    0.0,    2.0, -2.0,  0.00,  0.00,  0.00,  0.0,  0.0,  0.0
1746533.26120570, 44855.400797, 10.000,    0.0,    2.0, -2.0,  0.00,  0.00,  0.00,  0.0,  0.0,  0.0
1746533.26370570, 44855.664552, 10.000,    0.0,    2.0, -2.0,  0.00,  0.00,  0.00,  0.0,  0.0,  0.0
1746533.26620570, 44855.277951, 10.000,    0.0,    2.0, -2.0,  0.00,  0.00,  0.00,  0.0,  0.0,  0.0
1746533.26870570, 44855.337860, 10.000,    0.0,    2.0, -2.0,  0.00,  0.00,  0.00,  0.0,  0.0,  0.0
1746533.27120570, 44855.397768, 10.000,    0.0,    2.0, -2.0,  0.00,  0.00,  0.00,  0.0,  0.0,  0.0
1746533.27370570, 44855.450212, 10.000,    0.0,    2.0, -2.0,  0.00,  0.00,  0.00,  0.0,  0.0,  0.0
1746533.27620570, 44855.491375, 10.000,    0.0,    2.0, -2.0,  0.00,  0.00,  0.00,  0.0,  0.0,  0.0
1746533.27870570, 44855.532538, 10.000,    0.0,    2.0, -2.0,  0.00,  0.00,  0.00,  0.0,  0.0,  0.0
1746533.28120570, 44855.573701, 10.000,    0.0,    2.0, -2.0,  0.00,  0.00,  0.00,  0.0,  0.0,  0.0
1746533.28370570, 44855.614864, 10.000,    0.0,    2.0, -2.0,  0.00,  0.00,  0.00,  0.0,  0.0,  0.0
1746533.28620570, 44855.335746, 10.000,    0.0,    2.0, -2.0,  0.00,  0.00,  0.00,  0.0,  0.0,  0.0
1746533.28870570, 44855.495870, 10.000,    0.0,    2.0, -2.0,  0.00,  0.00,  0.00,  0.0,  0.0,  0.0
1746533.29120570, 44855.822190, 10.000,    0.0,    2.0, -2.0,  0.00,  0.00,  0.00,  0.0,  0.0,  0.0
1746533.29370570, 44855.761165, 10.000,    0.0,    2.0, -2.0,  0.00,  0.00,  0.00,  0.0,  0.0,  0.0
1746533.29620570, 44855.700140, 10.000,    0.0,    2.0, -2.0,  0.00,  0.00,  0.00,  0.0,  0.0,  0.0
1746533.29870570, 44855.639115, 10.000,    0.0,    2.0, -2.0,  0.00,  0.00,  0.00,  0.0,  0.0,  0.0
1746533.30120570, 44855.581769, 10.000,    0.0,    2.0, -2.0,  0.00,  0.00,  0.00,  0.0,  0.0,  0.0
1746533.30370570, 44855.562312, 10.000,    0.0,    2.0, -2.0,  0.00,  0.00,  0.00,  0.0,  0.0,  0.0
1746533.30620570, 44855.542854, 10.000,    0.0,    2.0, -2.0,  0.00,  0.00,  0.00,  0.0,  0.0,  0.0
1746533.30870570, 44855.523396, 10.000,    0.0,    2.0, -2.0,  0.00,  0.00,  0.00,  0.0,  0.0,  0.0
1746533.31120570, 44855.503938, 10.000,    0.0,    2.0, -2.0,  0.00,  0.00,  0.00,  0.0,  0.0,  0.0
1746533.31370570, 44855.484481, 10.000,    0.0,    2.0, -2.0,  0.00,  0.00,  0.00,  0.0,  0.0,  0.0
1746533.31620570, 44855.465023, 10.000,    0.0,    2.0, -2.0,  0.00,  0.00,  0.00,  0.0,  0.0,  0.0
1746533.31870570, 44855.426209, 10.000,    0.0,    2.0, -2.0,  0.00,  0.00,  0.00,  0.0,  0.0,  0.0
1746533.32120570, 44855.367670, 10.000,    0.0,    2.0, -2.0,  0.00,  0.00,  0.00,  0.0,  0.0,  0.0
1746533.32370570, 44855.213048, 10.000,    0.0,    2.0, -2.0,  0.00,  0.00,  0.00,  0.0,  0.0,  0.0
1746533.32620570, 44855.041687, 10.000,    0.0,    2.0, -2.0,  0.00,  0.00,  0.00,  0.0,  0.0,  0.0
1746533.32870570, 44855.188419, 10.000,    0.0,    2.0, -2.0,  0.00,  0.00,  0.00,  0.0,  0.0,  0.0
1746533.33120570, 44855.332256, 10.000,    0.0,    2.0, -2.0,  0.00,  0.00,  0.00,  0.0,  0.0,  0.0
1746533.33370570, 44855.155245, 10.000,    0.0,    2.0, -2.0,  0.00,  0.00,  0.00,  0.0,  0.0,  0.0
1746533.33620570, 44855.123787, 10.000,    0.0,    2.0, -2.0,  0.00,  0.00,  0.00,  0.0,  0.0,  0.0
1746533.33870570, 44855.123787, 10.000,    0.0,    2.0, -2.0,  0.00,  0.00,  0.00,  0.0,  0.0,  0.0
1746533.34120570, 44855.131612, 10.000,    0.0,    2.0, -2.0,  0.00,  0.00,  0.00,  0.0,  0.0,  0.0
1746533.34370570, 44855.476158, 10.000,    0.0,    2.0, -2.0,  0.00,  0.00,  0.00,  0.0,  0.0,  0.0
1746533.34620570, 44855.286135, 10.000,    0.0,    2.0, -2.0,  0.00,  0.00,  0.00,  0.0,  0.0,  0.0
1746533.34870570, 44854.977998, 10.000,    0.0,    2.0, -2.0,  0.00,  0.00,  0.00,  0.0,  0.0,  0.0
1746533.35120570, 44854.826830, 10.000,    0.0,    2.0, -2.0,  0.00,  0.00,  0.00,  0.0,  0.0,  0.0
1746533.35370570, 44854.956139, 10.000,    0.0,    2.0, -2.0,  0.00,  0.00,  0.00,  0.0,  0.0,  0.0
1746533.35620570, 44855.085448, 10.000,    0.0,    2.0, -2.0,  0.00,  0.00,  0.00,  0.0,  0.0,  0.0
1746533.35870570, 44855.214757, 10.000,    0.0,    2.0, -2.0,  0.00,  0.00,  0.00,  0.0,  0.0,  0.0
1746533.36120570, 44855.270139, 10.000,    0.0,    2.0, -2.0,  0.00,  0.00,  0.00,  0.0,  0.0,  0.0
1746533.36370570, 44855.264061, 10.000,    0.0,    2.0, -2.0,  0.00,  0.00,  0.00,  0.0,  0.0,  0.0
1746533.36620570, 44855.257982, 10.000,    0.0,    2.0, -2.0,  0.00,  0.00,  0.00,  0.0,  0.0,  0.0
1746533.36870570, 44855.251904, 10.000,    0.0,    2.0, -2.0,  0.00,  0.00,  0.00,  0.0,  0.0,  0.0
1746533.37120570, 44855.245825, 10.000,    0.0,    2.0, -2.0,  0.00,  0.00,  0.00,  0.0,  0.0,  0.0
1746533.37370570, 44855.239746, 10.000,    0.0,    2.0, -2.0,  0.00,  0.00,  0.00,  0.0,  0.0,  0.0
1746533.37620570, 44855.233668, 10.000,    0.0,    2.0, -2.0,  0.00,  0.00,  0.00,  0.0,  0.0,  0.0
1746533.37870570, 44855.227763, 10.000,    0.0,    2.0, -2.0,  0.00,  0.00,  0.00,  0.0,  0.0,  0.0
1746533.38120570, 44855.222023, 10.000,    0.0,    2.0, -2.0,  0.00,  0.00,  0.00,  0.0,  0.0,  0.0
1746533.38370570, 44855.216284, 10.000,    0.0,    2.0, -2.0,  0.00,  0.00,  0.00,  0.0,  0.0,  0.0
1746533.38620570, 44855.210545, 10.000,    0.0,    2.0, -2.0,  0.00,  0.00,  0.00,  0.0,  0.0,  0.0
1746533.38870570, 44855.384029, 10.000,    0.0,    2.0, -2.0,  0.00,  0.00,  0.00,  0.0,  0.0,  0.0
1746533.39120570, 44855.376044, 10.000,    0.0,    2.0, -2.0,  0.00,  0.00,  0.00,  0.0,  0.0,  0.0
1746533.39370570, 44855.260150, 10.000,    0.0,    2.0, -2.0,  0.00,  0.00,  0.00,  0.0,  0.0,  0.0
1746533.39620570, 44855.222844, 10.000,    0.0,    2.0, -2.0,  0.00,  0.00,  0.00,  0.0,  0.0,  0.0
1746533.39870570, 44855.380214, 10.000,    0.0,    2.0, -2.0,  0.00,  0.00,  0.00,  0.0,  0.0,  0.0
1746533.40120570, 44855.423130, 10.000,    0.0,    2.0, -2.0,  0.00,  0.00,  0.00,  0.0,  0.0,  0.0
1746533.40370570, 44855.423130, 10.000,    0.0,    2.0, -2.0,  0.00,  0.00,  0.00,  0.0,  0.0,  0.0
1746533.40620570, 44855.211656, 10.000,    0.0,    2.0, -2.0,  0.00,  0.00,  0.00,  0.0,  0.0,  0.0
1746533.40870570, 44855.367778, 10.000,    0.0,    2.0, -2.0,  0.00,  0.00,  0.00,  0.0,  0.0,  0.0
1746533.41120570, 44855.607243, 10.000,    0.0,    2.0, -2.0,  0.00,  0.00,  0.00,  0.0,  0.0,  0.0
1746533.41370570, 44855.512277, 10.000,    0.0,    2.0, -2.0,  0.00,  0.00,  0.00,  0.0,  0.0,  0.0
1746533.41620570, 44855.046428, 10.000,    0.0,    2.0, -2.0,  0.00,  0.00,  0.00,  0.0,  0.0,  0.0
1746533.41870570, 44854.659551, 10.000,    0.0,    2.0, -2.0,  0.00,  0.00,  0.00,  0.0,  0.0,  0.0
1746533.42120570, 44854.909022, 10.000,    0.0,    2.0, -2.0,  0.00,  0.00,  0.00,  0.0,  0.0,  0.0
1746533.42370570, 44855.158492, 10.000,    0.0,    2.0, -2.0,  0.00,  0.00,  0.00,  0.0,  0.0,  0.0
1746533.42620570, 44855.227231, 10.000,    0.0,    2.0, -2.0,  0.00,  0.00,  0.00,  0.0,  0.0,  0.0
1746533.42870570, 44855.206033, 10.000,    0.0,    2.0, -2.0,  0.00,  0.00,  0.00,  0.0,  0.0,  0.0
1746533.43120570, 44855.184834, 10.000,    0.0,    2.0, -2.0,  0.00,  0.00,  0.00,  0.0,  0.0,  0.0
1746533.43370570, 44855.163635, 10.000,    0.0,    2.0, -2.0,  0.00,  0.00,  0.00,  0.0,  0.0,  0.0
1746533.43620570, 44855.135981, 10.000,    0.0,    2.0, -2.0,  0.00,  0.00,  0.00,  0.0,  0.0,  0.0
1746533.43870570, 44855.064693, 10.000,    0.0,    2.0, -2.0,  0.00,  0.00,  0.00,  0.0,  0.0,  0.0
1746533.44120570, 44854.993404, 10.000,    0.0,    2.0, -2.0,  0.00,  0.00,  0.00,  0.0,  0.0,  0.0
1746533.44370570, 44854.922116, 10.000,    0.0,    2.0, -2.0,  0.00,  0.00,  0.00,  0.0,  0.0,  0.0
1746533.44620570, 44855.404332, 10.000,    0.0,    2.0, -2.0,  0.00,  0.00,  0.00,  0.0,  0.0,  0.0
1746533.44870570, 44855.258927, 10.000,    0.0,    2.0, -2.0,  0.00,  0.00,  0.00,  0.0,  0.0,  0.0
1746533.45120570, 44855.124887, 10.000,    0.0,    2.0, -2.0,  0.00,  0.00,  0.00,  0.0,  0.0,  0.0
1746533.45370570, 44855.128867, 10.000,    0.0,    2.0, -2.0,  0.00,  0.00,  0.00,  0.0,  0.0,  0.0
1746533.45620570, 44855.114262, 10.000,    0.0,    2.0, -2.0,  0.00,  0.00,  0.00,  0.0,  0.0,  0.0
1746533.45870570, 44855.099658, 10.000,    0.0,    2.0, -2.0,  0.00,  0.00,  0.00,  0.0,  0.0,  0.0
1746533.46120570, 44855.104501, 10.000,    0.0,    2.0, -2.0,  0.00,  0.00,  0.00,  0.0,  0.0,  0.0
1746533.46370570, 44855.132535, 10.000,    0.0,    2.0, -2.0,  0.00,  0.00,  0.00,  0.0,  0.0,  0.0
1746533.46620570, 44855.516605, 10.000,    0.0,    2.0, -2.0,  0.00,  0.00,  0.00,  0.0,  0.0,  0.0
1746533.46870570, 44855.444927, 10.000,    0.0,    2.0, -2.0,  0.00,  0.00,  0.00,  0.0,  0.0,  0.0
1746533.47120570, 44855.374337, 10.000,    0.0,    2.0, -2.0,  0.00,  0.00,  0.00,  0.0,  0.0,  0.0
1746533.47370570, 44855.304650, 10.000,    0.0,    2.0, -2.0,  0.00,  0.00,  0.00,  0.0,  0.0,  0.0
1746533.47620570, 44855.234963, 10.000,    0.0,    2.0, -2.0,  0.00,  0.00,  0.00,  0.0,  0.0,  0.0
1746533.47870570, 44855.136421, 10.000,    0.0,    2.0, -2.0,  0.00,  0.00,  0.00,  0.0,  0.0,  0.0
1746533.48120570, 44855.035997, 10.000,    0.0,    2.0, -2.0,  0.00,  0.00,  0.00,  0.0,  0.0,  0.0
1746533.48370570, 44854.935573, 10.000,    0.0,    2.0, -2.0,  0.00,  0.00,  0.00,  0.0,  0.0,  0.0
1746533.48620570, 44855.141390, 10.000,    0.0,    2.0, -2.0,  0.00,  0.00,  0.00,  0.0,  0.0,  0.0
1746533.48870570, 44855.346592, 10.000,    0.0,    2.0, -2.0,  0.00,  0.00,  0.00,  0.0,  0.0,  0.0
1746533.49120570, 44855.496783, 10.000,    0.0,    2.0, -2.0,  0.00,  0.00,  0.00,  0.0,  0.0,  0.0
1746533.49370570, 44855.488564, 10.000,    0.0,    2.0, -2.0,  0.00,  0.00,  0.00,  0.0,  0.0,  0.0
1746533.49620570, 44854.959758, 10.000,    0.0,    2.0, -2.0,  0.00,  0.00,  0.00,  0.0,  0.0,  0.0
1746533.49870570, 44855.122950, 10.000,    0.0,    2.0, -2.0,  0.00,  0.00,  0.00,  0.0,  0.0,  0.0
1746533.50120570, 44855.286141, 10.000,    0.0,    2.0, -2.0,  0.00,  0.00,  0.00,  0.0,  0.0,  0.0
1746533.50370570, 44855.418120, 10.000,    0.0,    2.0, -2.0,  0.00,  0.00,  0.00,  0.0,  0.0,  0.0
1746533.50620570, 44855.443250, 10.000,    0.0,    2.0, -2.0,  0.00,  0.00,  0.00,  0.0,  0.0,  0.0
1746533.50870570, 44854.520714, 10.000,    0.0,    2.0, -2.0,  0.00,  0.00,  0.00,  0.0,  0.0,  0.0
1746533.51120570, 44854.514411, 10.000,    0.0,    2.0, -2.0,  0.00,  0.00,  0.00,  0.0,  0.0,  0.0
1746533.51370570, 44854.514411, 10.000,    0.0,    2.0, -2.0,  0.00,  0.00,  0.00,  0.0,  0.0,  0.0
1746533.51620570, 44854.514411, 10.000,    0.0,    2.0, -2.0,  0.00,  0.00,  0.00,  0.0,  0.0,  0.0
1746533.51870570, 44854.778226, 10.000,    0.0,    2.0, -2.0,  0.00,  0.00,  0.00,  0.0,  0.0,  0.0
1746533.52120570, 44855.069324, 10.000,    0.0,    2.0, -2.0,  0.00,  0.00,  0.00,  0.0,  0.0,  0.0
1746533.52370570, 44855.360421, 10.000,    0.0,    2.0, -2.0,  0.00,  0.00,  0.00,  0.0,  0.0,  0.0
1746533.52620570, 44855.396108, 10.000,    0.0,    2.0, -2.0,  0.00,  0.00,  0.00,  0.0,  0.0,  0.0
1746533.52870570, 44855.308483, 10.000,    0.0,    2.0, -2.0,  0.00,  0.00,  0.00,  0.0,  0.0,  0.0
1746533.53120570, 44855.243522, 10.000,    0.0,    2.0, -2.0,  0.00,  0.00,  0.00,  0.0,  0.0,  0.0
1746533.53370570, 44855.219510, 10.000,    0.0,    2.0, -2.0,  0.00,  0.00,  0.00,  0.0,  0.0,  0.0
1746533.53620570, 44855.194536, 10.000,    0.0,    2.0, -2.0,  0.00,  0.00,  0.00,  0.0,  0.0,  0.0
1746533.53870570, 44855.163125, 10.000,    0.0,    2.0, -2.0,  0.00,  0.00,  0.00,  0.0,  0.0,  0.0
1746533.54120570, 44855.078838, 10.000,    0.0,    2.0, -2.0,  0.00,  0.00,  0.00,  0.0,  0.0,  0.0
1746533.54370570, 44855.276268, 10.000,    0.0,    2.0, -2.0,  0.00,  0.00,  0.00,  0.0,  0.0,  0.0
1746533.54620570, 44855.407285, 10.000,    0.0,    2.0, -2.0,  0.00,  0.00,  0.00,  0.0,  0.0,  0.0
1746533.54870570, 44855.399472, 10.000,    0.0,    2.0, -2.0,  0.00,  0.00,  0.00,  0.0,  0.0,  0.0
1746533.55370570, 44855.440819, 10.000,    0.0,    2.0, -2.0,  0.00,  0.00,  0.00,  0.0,  0.0,  0.0
1746533.55620570, 44855.444511, 10.000,    0.0,    2.0, -2.0,  0.00,  0.00,  0.00,  0.0,  0.0,  0.0
1746533.55870570, 44855.248691, 10.000,    0.0,    2.0, -2.0,  0.00,  0.00,  0.00,  0.0,  0.0,  0.0
1746533.56120570, 44854.901638, 10.000,    0.0,    2.0, -2.0,  0.00,  0.00,  0.00,  0.0,  0.0,  0.0
1746533.56370570, 44855.057684, 10.000,    0.0,    2.0, -2.0,  0.00,  0.00,  0.00,  0.0,  0.0,  0.0
1746533.56620570, 44855.233385, 10.000,    0.0,    2.0, -2.0,  0.00,  0.00,  0.00,  0.0,  0.0,  0.0
1746533.56870570, 44855.409087, 10.000,    0.0,    2.0, -2.0,  0.00,  0.00,  0.00,  0.0,  0.0,  0.0
1746533.57120570, 44855.318743, 10.000,    0.0,    2.0, -2.0,  0.00,  0.00,  0.00,  0.0,  0.0,  0.0
1746533.57370570, 44854.919853, 10.000,    0.0,    2.0, -2.0,  0.00,  0.00,  0.00,  0.0,  0.0,  0.0
1746533.57620570, 44854.983567, 10.000,    0.0,    2.0, -2.0,  0.00,  0.00,  0.00,  0.0,  0.0,  0.0
1746533.57870570, 44855.323732, 10.000,    0.0,    2.0, -2.0,  0.00,  0.00,  0.00,  0.0,  0.0,  0.0
1746533.58120570, 44854.927070, 10.000,    0.0,    2.0, -2.0,  0.00,  0.00,  0.00,  0.0,  0.0,  0.0
1746533.58370570, 44855.423130, 10.000,    0.0,    2.0, -2.0,  0.00,  0.00,  0.00,  0.0,  0.0,  0.0
1746533.58620570, 44855.344580, 10.000,    0.0,    2.0, -2.0,  0.00,  0.00,  0.00,  0.0,  0.0,  0.0
1746533.58870570, 44855.083519, 10.000,    0.0,    2.0, -2.0,  0.00,  0.00,  0.00,  0.0,  0.0,  0.0
1746533.59120570, 44855.087650, 10.000,    0.0,    2.0, -2.0,  0.00,  0.00,  0.00,  0.0,  0.0,  0.0
1746533.59370570, 44854.835135, 10.000,    0.0,    2.0, -2.0,  0.00,  0.00,  0.00,  0.0,  0.0,  0.0
1746533.59620570, 44854.835135, 10.000,    0.0,    2.0, -2.0,  0.00,  0.00,  0.00,  0.0,  0.0,  0.0
1746533.59870570, 44854.835135, 10.000,    0.0,    2.0, -2.0,  0.00,  0.00,  0.00,  0.0,  0.0,  0.0
1746533.60120570, 44855.178913, 10.000,    0.0,    2.0, -2.0,  0.00,  0.00,  0.00,  0.0,  0.0,  0.0
1746533.60370570, 44855.102806, 10.000,    0.0,    2.0, -2.0,  0.00,  0.00,  0.00,  0.0,  0.0,  0.0
1746533.60620570, 44855.158199, 10.000,    0.0,    2.0, -2.0,  0.00,  0.00,  0.00,  0.0,  0.0,  0.0
1746533.60870570, 44855.348560, 10.000,    0.0,    2.0, -2.0,  0.00,  0.00,  0.00,  0.0,  0.0,  0.0
1746533.61120570, 44855.485091, 10.000,    0.0,    2.0, -2.0,  0.00,  0.00,  0.00,  0.0,  0.0,  0.0
1746533.61370570, 44855.621622, 10.000,    0.0,    2.0, -2.0,  0.00,  0.00,  0.00,  0.0,  0.0,  0.0
1746533.61870570, 44855.177255, 10.000,    0.0,    2.0, -2.0,  0.00,  0.00,  0.00,  0.0,  0.0,  0.0
1746533.62120570, 44855.164370, 10.000,    0.0,    2.0, -2.0,  0.00,  0.00,  0.00,  0.0,  0.0,  0.0
1746533.62370570, 44855.151484, 10.000,    0.0,    2.0, -2.0,  0.00,  0.00,  0.00,  0.0,  0.0,  0.0
1746533.62620570, 44855.441245, 10.000,    0.0,    2.0, -2.0,  0.00,  0.00,  0.00,  0.0,  0.0,  0.0
1746533.62870570, 44854.852605, 10.000,    0.0,    2.0, -2.0,  0.00,  0.00,  0.00,  0.0,  0.0,  0.0
1746533.63120570, 44854.815650, 10.000,    0.0,    2.0, -2.0,  0.00,  0.00,  0.00,  0.0,  0.0,  0.0
1746533.63370570, 44854.979266, 10.000,    0.0,    2.0, -2.0,  0.00,  0.00,  0.00,  0.0,  0.0,  0.0
1746533.63620570, 44855.043001, 10.000,    0.0,    2.0, -2.0,  0.00,  0.00,  0.00,  0.0,  0.0,  0.0
1746533.63870570, 44854.992329, 10.000,    0.0,    2.0, -2.0,  0.00,  0.00,  0.00,  0.0,  0.0,  0.0
1746533.64120570, 44854.855758, 10.000,    0.0,    2.0, -2.0,  0.00,  0.00,  0.00,  0.0,  0.0,  0.0
1746533.64370570, 44854.989950, 10.000,    0.0,    2.0, -2.0,  0.00,  0.00,  0.00,  0.0,  0.0,  0.0
1746533.64620570, 44855.139542, 10.000,    0.0,    2.0, -2.0,  0.00,  0.00,  0.00,  0.0,  0.0,  0.0
1746533.64870570, 44855.199227, 10.000,    0.0,    2.0, -2.0,  0.00,  0.00,  0.00,  0.0,  0.0,  0.0
1746533.65120570, 44855.459653, 10.000,    0.0,    2.0, -2.0,  0.00,  0.00,  0.00,  0.0,  0.0,  0.0
1746533.65370570, 44855.431296, 10.000,    0.0,    2.0, -2.0,  0.00,  0.00,  0.00,  0.0,  0.0,  0.0
1746533.65620570, 44855.272393, 10.000,    0.0,    2.0, -2.0,  0.00,  0.00,  0.00,  0.0,  0.0,  0.0
1746533.65870570, 44855.113491, 10.000,    0.0,    2.0, -2.0,  0.00,  0.00,  0.00,  0.0,  0.0,  0.0
1746533.66120570, 44854.902391, 10.000,    0.0,    2.0, -2.0,  0.00,  0.00,  0.00,  0.0,  0.0,  0.0
1746533.66370570, 44855.401748, 10.000,    0.0,    2.0, -2.0,  0.00,  0.00,  0.00,  0.0,  0.0,  0.0
1746533.66620570, 44855.401748, 10.000,    0.0,    2.0, -2.0,  0.00,  0.00,  0.00,  0.0,  0.0,  0.0
1746533.66870570, 44855.296770, 10.000,    0.0,    2.0, -2.0,  0.00,  0.00,  0.00,  0.0,  0.0,  0.0
1746533.67120570, 44855.236261, 10.000,    0.0,    2.0, -2.0,  0.00,  0.00,  0.00,  0.0,  0.0,  0.0
1746533.67370570, 44855.367352, 10.000,    0.0,    2.0, -2.0,  0.00,  0.00,  0.00,  0.0,  0.0,  0.0
1746533.67620570, 44855.383081, 10.000,    0.0,    2.0, -2.0,  0.00,  0.00,  0.00,  0.0,  0.0,  0.0
1746533.67870570, 44855.316848, 10.000,    0.0,    2.0, -2.0,  0.00,  0.00,  0.00,  0.0,  0.0,  0.0
1746533.68120570, 44855.362749, 10.000,    0.0,    2.0, -2.0,  0.00,  0.00,  0.00,  0.0,  0.0,  0.0
1746533.68370570, 44855.408650, 10.000,    0.0,    2.0, -2.0,  0.00,  0.00,  0.00,  0.0,  0.0,  0.0
1746533.68620570, 44855.454551, 10.000,    0.0,    2.0, -2.0,  0.00,  0.00,  0.00,  0.0,  0.0,  0.0
1746533.68870570, 44855.481192, 10.000,    0.0,    2.0, -2.0,  0.00,  0.00,  0.00,  0.0,  0.0,  0.0
1746533.69120570, 44855.490053, 10.000,    0.0,    2.0, -2.0,  0.00,  0.00,  0.00,  0.0,  0.0,  0.0
1746533.69370570, 44855.498915, 10.000,    0.0,    2.0, -2.0,  0.00,  0.00,  0.00,  0.0,  0.0,  0.0
1746533.69620570, 44855.507776, 10.000,    0.0,    2.0, -2.0,  0.00,  0.00,  0.00,  0.0,  0.0,  0.0
1746533.69870570, 44855.516638, 10.000,    0.0,    2.0, -2.0,  0.00,  0.00,  0.00,  0.0,  0.0,  0.0
1746533.70120570, 44855.525499, 10.000,    0.0,    2.0, -2.0,  0.00,  0.00,  0.00,  0.0,  0.0,  0.0
1746533.70370570, 44855.464906, 10.000,    0.0,    2.0, -2.0,  0.00,  0.00,  0.00,  0.0,  0.0,  0.0
1746533.70620570, 44855.331396, 10.000,    0.0,    2.0, -2.0,  0.00,  0.00,  0.00,  0.0,  0.0,  0.0
1746533.70870570, 44855.127081, 10.000,    0.0,    2.0, -2.0,  0.00,  0.00,  0.00,  0.0,  0.0,  0.0
1746533.71120570, 44854.883987, 10.000,    0.0,    2.0, -2.0,  0.00,  0.00,  0.00,  0.0,  0.0,  0.0
1746533.71370570, 44854.649562, 10.000,    0.0,    2.0, -2.0,  0.00,  0.00,  0.00,  0.0,  0.0,  0.0
1746533.71620570, 44855.351543, 10.000,    0.0,    2.0, -2.0,  0.00,  0.00,  0.00,  0.0,  0.0,  0.0
1746533.71870570, 44855.139510, 10.000,    0.0,    2.0, -2.0,  0.00,  0.00,  0.00,  0.0,  0.0,  0.0
1746533.72120570, 44855.447798, 10.000,    0.0,    2.0, -2.0,  0.00,  0.00,  0.00,  0.0,  0.0,  0.0
1746533.72370570, 44855.475900, 10.000,    0.0,    2.0, -2.0,  0.00,  0.00,  0.00,  0.0,  0.0,  0.0
1746533.72620570, 44855.151195, 10.000,    0.0,    2.0, -2.0,  0.00,  0.00,  0.00,  0.0,  0.0,  0.0
1746533.72870570, 44855.639844, 10.000,    0.0,    2.0, -2.0,  0.00,  0.00,  0.00,  0.0,  0.0,  0.0
1746533.73120570, 44855.829380, 10.000,    0.0,    2.0, -2.0,  0.00,  0.00,  0.00,  0.0,  0.0,  0.0
1746533.73370570, 44855.829380, 10.000,    0.0,    2.0, -2.0,  0.00,  0.00,  0.00,  0.0,  0.0,  0.0
1746533.73620570, 44854.982757, 10.000,    0.0,    2.0, -2.0,  0.00,  0.00,  0.00,  0.0,  0.0,  0.0
1746533.73870570, 44855.264812, 10.000,    0.0,    2.0, -2.0,  0.00,  0.00,  0.00,  0.0,  0.0,  0.0
1746533.74120570, 44855.119758, 10.000,    0.0,    2.0, -2.0,  0.00,  0.00,  0.00,  0.0,  0.0,  0.0
1746533.74370570, 44855.080315, 10.000,    0.0,    2.0, -2.0,  0.00,  0.00,  0.00,  0.0,  0.0,  0.0
1746533.74620570, 44855.130258, 10.000,    0.0,    2.0, -2.0,  0.00,  0.00,  0.00,  0.0,  0.0,  0.0
1746533.74870570, 44855.117531, 10.000,    0.0,    2.0, -2.0,  0.00,  0.00,  0.00,  0.0,  0.0,  0.0
1746533.75120570, 44855.113613, 10.000,    0.0,    2.0, -2.0,  0.00,  0.00,  0.00,  0.0,  0.0,  0.0
1746533.75370570, 44855.489781, 10.000,    0.0,    2.0, -2.0,  0.00,  0.00,  0.00,  0.0,  0.0,  0.0
1746533.75620570, 44855.282813, 10.000,    0.0,    2.0, -2.0,  0.00,  0.00,  0.00,  0.0,  0.0,  0.0
1746533.75870570, 44854.859669, 10.000,    0.0,    2.0, -2.0,  0.00,  0.00,  0.00,  0.0,  0.0,  0.0
1746533.76120570, 44854.874744, 10.000,    0.0,    2.0, -2.0,  0.00,  0.00,  0.00,  0.0,  0.0,  0.0
1746533.76370570, 44854.889819, 10.000,    0.0,    2.0, -2.0,  0.00,  0.00,  0.00,  0.0,  0.0,  0.0
1746533.76620570, 44854.904895, 10.000,    0.0,    2.0, -2.0,  0.00,  0.00,  0.00,  0.0,  0.0,  0.0
1746533.76870570, 44854.919970, 10.000,    0.0,    2.0, -2.0,  0.00,  0.00,  0.00,  0.0,  0.0,  0.0
1746533.77120570, 44855.211033, 10.000,    0.0,    2.0, -2.0,  0.00,  0.00,  0.00,  0.0,  0.0,  0.0
1746533.77370570, 44855.515368, 10.000,    0.0,    2.0, -2.0,  0.00,  0.00,  0.00,  0.0,  0.0,  0.0
1746533.77620570, 44855.574563, 10.000,    0.0,    2.0, -2.0,  0.00,  0.00,  0.00,  0.0,  0.0,  0.0
1746533.77870570, 44854.835135, 10.000,    0.0,    2.0, -2.0,  0.00,  0.00,  0.00,  0.0,  0.0,  0.0
1746533.78120570, 44854.807907, 10.000,    0.0,    2.0, -2.0,  0.00,  0.00,  0.00,  0.0,  0.0,  0.0
1746533.78370570, 44854.704076, 10.000,    0.0,    2.0, -2.0,  0.00,  0.00,  0.00,  0.0,  0.0,  0.0
1746533.78620570, 44854.600245, 10.000,    0.0,    2.0, -2.0,  0.00,  0.00,  0.00,  0.0,  0.0,  0.0
1746533.78870570, 44854.496414, 10.000,    0.0,    2.0, -2.0,  0.00,  0.00,  0.00,  0.0,  0.0,  0.0
1746533.79120570, 44854.392583, 10.000,    0.0,    2.0, -2.0,  0.00,  0.00,  0.00,  0.0,  0.0,  0.0
1746533.79370570, 44854.553274, 10.000,    0.0,    2.0, -2.0,  0.00,  0.00,  0.00,  0.0,  0.0,  0.0
1746533.79620570, 44854.870067, 10.000,    0.0,    2.0, -2.0,  0.00,  0.00,  0.00,  0.0,  0.0,  0.0
1746533.79870570, 44855.186860, 10.000,    0.0,    2.0, -2.0,  0.00,  0.00,  0.00,  0.0,  0.0,  0.0
1746533.80120570, 44855.367786, 10.000,    0.0,    2.0, -2.0,  0.00,  0.00,  0.00,  0.0,  0.0,  0.0
1746533.80370570, 44855.497599, 10.000,    0.0,    2.0, -2.0,  0.00,  0.00,  0.00,  0.0,  0.0,  0.0
1746533.80620570, 44855.627412, 10.000,    0.0,    2.0, -2.0,  0.00,  0.00,  0.00,  0.0,  0.0,  0.0
1746533.80870570, 44855.337603, 10.000,    0.0,    2.0, -2.0,  0.00,  0.00,  0.00,  0.0,  0.0,  0.0
1746533.81120570, 44855.337603, 10.000,    0.0,    2.0, -2.0,  0.00,  0.00,  0.00,  0.0,  0.0,  0.0
1746533.81370570, 44855.276045, 10.000,    0.0,    2.0, -2.0,  0.00,  0.00,  0.00,  0.0,  0.0,  0.0
1746533.81620570, 44855.031920, 10.000,    0.0,    2.0, -2.0,  0.00,  0.00,  0.00,  0.0,  0.0,  0.0
1746533.81870570, 44854.987172, 10.000,    0.0,    2.0, -2.0,  0.00,  0.00,  0.00,  0.0,  0.0,  0.0
1746533.82120570, 44855.058597, 10.000,    0.0,    2.0, -2.0,  0.00,  0.00,  0.00,  0.0,  0.0,  0.0
1746533.82370570, 44855.161206, 10.000,    0.0,    2.0, -2.0,  0.00,  0.00,  0.00,  0.0,  0.0,  0.0
1746533.82620570, 44855.290778, 10.000,    0.0,    2.0, -2.0,  0.00,  0.00,  0.00,  0.0,  0.0,  0.0
1746533.82870570, 44855.420349, 10.000,    0.0,    2.0, -2.0,  0.00,  0.00,  0.00,  0.0,  0.0,  0.0
1746533.83120570, 44855.038222, 10.000,    0.0,    2.0, -2.0,  0.00,  0.00,  0.00,  0.0,  0.0,  0.0
1746533.83370570, 44855.444511, 10.000,    0.0,    2.0, -2.0,  0.00,  0.00,  0.00,  0.0,  0.0,  0.0
1746533.83620570, 44855.444511, 10.000,    0.0,    2.0, -2.0,  0.00,  0.00,  0.00,  0.0,  0.0,  0.0
1746533.83870570, 44855.038261, 10.000,    0.0,    2.0, -2.0,  0.00,  0.00,  0.00,  0.0,  0.0,  0.0
1746533.84120570, 44855.038261, 10.000,    0.0,    2.0, -2.0,  0.00,  0.00,  0.00,  0.0,  0.0,  0.0
1746533.84370570, 44855.038261, 10.000,    0.0,    2.0, -2.0,  0.00,  0.00,  0.00,  0.0,  0.0,  0.0
1746533.84620570, 44854.985092, 10.000,    0.0,    2.0, -2.0,  0.00,  0.00,  0.00,  0.0,  0.0,  0.0
1746533.84870570, 44855.251426, 10.000,    0.0,    2.0, -2.0,  0.00,  0.00,  0.00,  0.0,  0.0,  0.0
1746533.85120570, 44855.581796, 10.000,    0.0,    2.0, -2.0,  0.00,  0.00,  0.00,  0.0,  0.0,  0.0
1746533.85370570, 44855.525830, 10.000,    0.0,    2.0, -2.0,  0.00,  0.00,  0.00,  0.0,  0.0,  0.0
1746533.85620570, 44855.469863, 10.000,    0.0,    2.0, -2.0,  0.00,  0.00,  0.00,  0.0,  0.0,  0.0
1746533.85870570, 44855.413896, 10.000,    0.0,    2.0, -2.0,  0.00,  0.00,  0.00,  0.0,  0.0,  0.0
1746533.86120570, 44855.217029, 10.000,    0.0,    2.0, -2.0,  0.00,  0.00,  0.00,  0.0,  0.0,  0.0
1746533.86370570, 44854.936834, 10.000,    0.0,    2.0, -2.0,  0.00,  0.00,  0.00,  0.0,  0.0,  0.0
1746533.86620570, 44855.150974, 10.000,    0.0,    2.0, -2.0,  0.00,  0.00,  0.00,  0.0,  0.0,  0.0
1746533.86870570, 44855.365114, 10.000,    0.0,    2.0, -2.0,  0.00,  0.00,  0.00,  0.0,  0.0,  0.0
1746533.87120570, 44855.579254, 10.000,    0.0,    2.0, -2.0,  0.00,  0.00,  0.00,  0.0,  0.0,  0.0
1746533.87370570, 44855.286884, 10.000,    0.0,    2.0, -2.0,  0.00,  0.00,  0.00,  0.0,  0.0,  0.0
1746533.87620570, 44855.235010, 10.000,    0.0,    2.0, -2.0,  0.00,  0.00,  0.00,  0.0,  0.0,  0.0
1746533.87870570, 44855.174056, 10.000,    0.0,    2.0, -2.0,  0.00,  0.00,  0.00,  0.0,  0.0,  0.0
1746533.88120570, 44855.316441, 10.000,    0.0,    2.0, -2.0,  0.00,  0.00,  0.00,  0.0,  0.0,  0.0
1746533.88370570, 44855.457415, 10.000,    0.0,    2.0, -2.0,  0.00,  0.00,  0.00,  0.0,  0.0,  0.0
1746533.88620570, 44855.262798, 10.000,    0.0,    2.0, -2.0,  0.00,  0.00,  0.00,  0.0,  0.0,  0.0
1746533.88870570, 44855.103848, 10.000,    0.0,    2.0, -2.0,  0.00,  0.00,  0.00,  0.0,  0.0,  0.0
1746533.89120570, 44854.944899, 10.000,    0.0,    2.0, -2.0,  0.00,  0.00,  0.00,  0.0,  0.0,  0.0
1746533.89370570, 44854.944786, 10.000,    0.0,    2.0, -2.0,  0.00,  0.00,  0.00,  0.0,  0.0,  0.0
1746533.89620570, 44854.973252, 10.000,    0.0,    2.0, -2.0,  0.00,  0.00,  0.00,  0.0,  0.0,  0.0
1746533.89870570, 44855.001717, 10.000,    0.0,    2.0, -2.0,  0.00,  0.00,  0.00,  0.0,  0.0,  0.0
1746533.90120570, 44855.030182, 10.000,    0.0,    2.0, -2.0,  0.00,  0.00,  0.00,  0.0,  0.0,  0.0
1746533.90370570, 44855.058647, 10.000,    0.0,    2.0, -2.0,  0.00,  0.00,  0.00,  0.0,  0.0,  0.0
1746533.90620570, 44855.267923, 10.000,    0.0,    2.0, -2.0,  0.00,  0.00,  0.00,  0.0,  0.0,  0.0
1746533.90870570, 44855.463533, 10.000,    0.0,    2.0, -2.0,  0.00,  0.00,  0.00,  0.0,  0.0,  0.0
1746533.91120570, 44855.070410, 10.000,    0.0,    2.0, -2.0,  0.00,  0.00,  0.00,  0.0,  0.0,  0.0
1746533.91370570, 44855.173562, 10.000,    0.0,    2.0, -2.0,  0.00,  0.00,  0.00,  0.0,  0.0,  0.0
1746533.91620570, 44855.343659, 10.000,    0.0,    2.0, -2.0,  0.00,  0.00,  0.00,  0.0,  0.0,  0.0
1746533.91870570, 44855.305531, 10.000,    0.0,    2.0, -2.0,  0.00,  0.00,  0.00,  0.0,  0.0,  0.0
1746533.92120570, 44855.305531, 10.000,    0.0,    2.0, -2.0,  0.00,  0.00,  0.00,  0.0,  0.0,  0.0
1746533.92370570, 44855.305531, 10.000,    0.0,    2.0, -2.0,  0.00,  0.00,  0.00,  0.0,  0.0,  0.0
1746533.92620570, 44854.905562, 10.000,    0.0,    2.0, -2.0,  0.00,  0.00,  0.00,  0.0,  0.0,  0.0
1746533.92870570, 44855.514552, 10.000,    0.0,    2.0, -2.0,  0.00,  0.00,  0.00,  0.0,  0.0,  0.0
1746533.93120570, 44855.445186, 10.000,    0.0,    2.0, -2.0,  0.00,  0.00,  0.00,  0.0,  0.0,  0.0
1746533.93370570, 44855.192967, 10.000,    0.0,    2.0, -2.0,  0.00,  0.00,  0.00,  0.0,  0.0,  0.0
1746533.93620570, 44855.187949, 10.000,    0.0,    2.0, -2.0,  0.00,  0.00,  0.00,  0.0,  0.0,  0.0
1746533.93870570, 44855.286010, 10.000,    0.0,    2.0, -2.0,  0.00,  0.00,  0.00,  0.0,  0.0,  0.0
1746533.94120570, 44855.384072, 10.000,    0.0,    2.0, -2.0,  0.00,  0.00,  0.00,  0.0,  0.0,  0.0
1746533.94370570, 44855.482133, 10.000,    0.0,    2.0, -2.0,  0.00,  0.00,  0.00,  0.0,  0.0,  0.0
1746533.94620570, 44855.521324, 10.000,    0.0,    2.0, -2.0,  0.00,  0.00,  0.00,  0.0,  0.0,  0.0
1746533.94870570, 44855.137616, 10.000,    0.0,    2.0, -2.0,  0.00,  0.00,  0.00,  0.0,  0.0,  0.0
1746533.95120570, 44855.077381, 10.000,    0.0,    2.0, -2.0,  0.00,  0.00,  0.00,  0.0,  0.0,  0.0
1746533.95370570, 44855.017147, 10.000,    0.0,    2.0, -2.0,  0.00,  0.00,  0.00,  0.0,  0.0,  0.0
1746533.95620570, 44854.962304, 10.000,    0.0,    2.0, -2.0,  0.00,  0.00,  0.00,  0.0,  0.0,  0.0
1746533.95870570, 44854.951937, 10.000,    0.0,    2.0, -2.0,  0.00,  0.00,  0.00,  0.0,  0.0,  0.0
1746533.96120570, 44854.941570, 10.000,    0.0,    2.0, -2.0,  0.00,  0.00,  0.00,  0.0,  0.0,  0.0
1746533.96370570, 44854.934682, 10.000,    0.0,    2.0, -2.0,  0.00,  0.00,  0.00,  0.0,  0.0,  0.0
1746533.96620570, 44854.926404, 10.000,    0.0,    2.0, -2.0,  0.00,  0.00,  0.00,  0.0,  0.0,  0.0
1746533.96870570, 44854.552984, 10.000,    0.0,    2.0, -2.0,  0.00,  0.00,  0.00,  0.0,  0.0,  0.0
1746533.97120570, 44854.631514, 10.000,    0.0,    2.0, -2.0,  0.00,  0.00,  0.00,  0.0,  0.0,  0.0
1746533.97370570, 44854.710043, 10.000,    0.0,    2.0, -2.0,  0.00,  0.00,  0.00,  0.0,  0.0,  0.0
1746533.97620570, 44854.788572, 10.000,    0.0,    2.0, -2.0,  0.00,  0.00,  0.00,  0.0,  0.0,  0.0
1746533.97870570, 44854.867101, 10.000,    0.0,    2.0, -2.0,  0.00,  0.00,  0.00,  0.0,  0.0,  0.0
1746533.98120570, 44854.945631, 10.000,    0.0,    2.0, -2.0,  0.00,  0.00,  0.00,  0.0,  0.0,  0.0
1746533.98370570, 44855.024160, 10.000,    0.0,    2.0, -2.0,  0.00,  0.00,  0.00,  0.0,  0.0,  0.0
1746533.98620570, 44855.102689, 10.000,    0.0,    2.0, -2.0,  0.00,  0.00,  0.00,  0.0,  0.0,  0.0
1746533.98870570, 44855.084508, 10.000,    0.0,    2.0, -2.0,  0.00,  0.00,  0.00,  0.0,  0.0,  0.0
1746533.99120570, 44855.013936, 10.000,    0.0,    2.0, -2.0,  0.00,  0.00,  0.00,  0.0,  0.0,  0.0
1746533.99370570, 44855.129370, 10.000,    0.0,    2.0, -2.0,  0.00,  0.00,  0.00,  0.0,  0.0,  0.0
1746533.99620570, 44855.149772, 10.000,    0.0,    2.0, -2.0,  0.00,  0.00,  0.00,  0.0,  0.0,  0.0
1746533.99870570, 44855.141872, 10.000,    0.0,    2.0, -2.0,  0.00,  0.00,  0.00,  0.0,  0.0,  0.0
1746534.00120570, 44855.133972, 10.000,    0.0,    2.0, -2.0,  0.00,  0.00,  0.00,  0.0,  0.0,  0.0
1746534.00370570, 44855.126072, 10.000,    0.0,    2.0, -2.0,  0.00,  0.00,  0.00,  0.0,  0.0,  0.0
1746534.00620570, 44855.118173, 10.000,    0.0,    2.0, -2.0,  0.00,  0.00,  0.00,  0.0,  0.0,  0.0
1746534.00870570, 44855.110273, 10.000,    0.0,    2.0, -2.0,  0.00,  0.00,  0.00,  0.0,  0.0,  0.0
1746534.01120570, 44855.100803, 10.000,    0.0,    2.0, -2.0,  0.00,  0.00,  0.00,  0.0,  0.0,  0.0
1746534.01370570, 44854.749609, 10.000,    0.0,    2.0, -2.0,  0.00,  0.00,  0.00,  0.0,  0.0,  0.0
1746534.01620570, 44854.749609, 10.000,    0.0,    2.0, -2.0,  0.00,  0.00,  0.00,  0.0,  0.0,  0.0
1746534.01870570, 44854.749609, 10.000,    0.0,    2.0, -2.0,  0.00,  0.00,  0.00,  0.0,  0.0,  0.0
1746534.02120570, 44854.749609, 10.000,    0.0,    2.0, -2.0,  0.00,  0.00,  0.00,  0.0,  0.0,  0.0
1746534.02370570, 44854.874507, 10.000,    0.0,    2.0, -2.0,  0.00,  0.00,  0.00,  0.0,  0.0,  0.0
1746534.02620570, 44855.450262, 10.000,    0.0,    2.0, -2.0,  0.00,  0.00,  0.00,  0.0,  0.0,  0.0
1746534.02870570, 44855.023252, 10.000,    0.0,    2.0, -2.0,  0.00,  0.00,  0.00,  0.0,  0.0,  0.0
1746534.03120570, 44855.034629, 10.000,    0.0,    2.0, -2.0,  0.00,  0.00,  0.00,  0.0,  0.0,  0.0
1746534.03370570, 44855.244819, 10.000,    0.0,    2.0, -2.0,  0.00,  0.00,  0.00,  0.0,  0.0,  0.0
1746534.03620570, 44855.346715, 10.000,    0.0,    2.0, -2.0,  0.00,  0.00,  0.00,  0.0,  0.0,  0.0
1746534.03870570, 44855.273255, 10.000,    0.0,    2.0, -2.0,  0.00,  0.00,  0.00,  0.0,  0.0,  0.0
1746534.04120570, 44855.199795, 10.000,    0.0,    2.0, -2.0,  0.00,  0.00,  0.00,  0.0,  0.0,  0.0
1746534.04370570, 44855.126335, 10.000,    0.0,    2.0, -2.0,  0.00,  0.00,  0.00,  0.0,  0.0,  0.0
1746534.04620570, 44855.379252, 10.000,    0.0,    2.0, -2.0,  0.00,  0.00,  0.00,  0.0,  0.0,  0.0
1746534.04870570, 44855.370707, 10.000,    0.0,    2.0, -2.0,  0.00,  0.00,  0.00,  0.0,  0.0,  0.0
1746534.05120570, 44855.362163, 10.000,    0.0,    2.0, -2.0,  0.00,  0.00,  0.00,  0.0,  0.0,  0.0
1746534.05370570, 44855.353618, 10.000,    0.0,    2.0, -2.0,  0.00,  0.00,  0.00,  0.0,  0.0,  0.0
1746534.05620570, 44855.417449, 10.000,    0.0,    2.0, -2.0,  0.00,  0.00,  0.00,  0.0,  0.0,  0.0
1746534.05870570, 44855.600903, 10.000,    0.0,    2.0, -2.0,  0.00,  0.00,  0.00,  0.0,  0.0,  0.0
1746534.06120570, 44855.784357, 10.000,    0.0,    2.0, -2.0,  0.00,  0.00,  0.00,  0.0,  0.0,  0.0
1746534.06370570, 44855.967811, 10.000,    0.0,    2.0, -2.0,  0.00,  0.00,  0.00,  0.0,  0.0,  0.0
1746534.06620570, 44855.563612, 10.000,    0.0,    2.0, -2.0,  0.00,  0.00,  0.00,  0.0,  0.0,  0.0
1746534.06870570, 44855.509873, 10.000,    0.0,    2.0, -2.0,  0.00,  0.00,  0.00,  0.0,  0.0,  0.0
1746534.07120570, 44855.154529, 10.000,    0.0,    2.0, -2.0,  0.00,  0.00,  0.00,  0.0,  0.0,  0.0
1746534.07370570, 44855.231211, 10.000,    0.0,    2.0, -2.0,  0.00,  0.00,  0.00,  0.0,  0.0,  0.0
1746534.07620570, 44855.364915, 10.000,    0.0,    2.0, -2.0,  0.00,  0.00,  0.00,  0.0,  0.0,  0.0
1746534.07870570, 44855.211396, 10.000,    0.0,    2.0, -2.0,  0.00,  0.00,  0.00,  0.0,  0.0,  0.0
1746534.08120570, 44854.988069, 10.000,    0.0,    2.0, -2.0,  0.00,  0.00,  0.00,  0.0,  0.0,  0.0
1746534.08370570, 44855.161492, 10.000,    0.0,    2.0, -2.0,  0.00,  0.00,  0.00,  0.0,  0.0,  0.0
1746534.08620570, 44855.361357, 10.000,    0.0,    2.0, -2.0,  0.00,  0.00,  0.00,  0.0,  0.0,  0.0
1746534.08870570, 44855.561221, 10.000,    0.0,    2.0, -2.0,  0.00,  0.00,  0.00,  0.0,  0.0,  0.0
1746534.09120570, 44855.331168, 10.000,    0.0,    2.0, -2.0,  0.00,  0.00,  0.00,  0.0,  0.0,  0.0
1746534.09370570, 44855.128990, 10.000,    0.0,    2.0, -2.0,  0.00,  0.00,  0.00,  0.0,  0.0,  0.0
1746534.09620570, 44855.086494, 10.000,    0.0,    2.0, -2.0,  0.00,  0.00,  0.00,  0.0,  0.0,  0.0
1746534.09870570, 44855.211260, 10.000,    0.0,    2.0, -2.0,  0.00,  0.00,  0.00,  0.0,  0.0,  0.0
1746534.10120570, 44855.336026, 10.000,    0.0,    2.0, -2.0,  0.00,  0.00,  0.00,  0.0,  0.0,  0.0
1746534.10370570, 44855.460792, 10.000,    0.0,    2.0, -2.0,  0.00,  0.00,  0.00,  0.0,  0.0,  0.0
1746534.10620570, 44855.251566, 10.000,    0.0,    2.0, -2.0,  0.00,  0.00,  0.00,  0.0,  0.0,  0.0
1746534.10870570, 44855.046504, 10.000,    0.0,    2.0, -2.0,  0.00,  0.00,  0.00,  0.0,  0.0,  0.0
1746534.11120570, 44854.902135, 10.000,    0.0,    2.0, -2.0,  0.00,  0.00,  0.00,  0.0,  0.0,  0.0
1746534.11370570, 44854.757766, 10.000,    0.0,    2.0, -2.0,  0.00,  0.00,  0.00,  0.0,  0.0,  0.0
1746534.11620570, 44854.852367, 10.000,    0.0,    2.0, -2.0,  0.00,  0.00,  0.00,  0.0,  0.0,  0.0
1746534.11870570, 44854.840914, 10.000,    0.0,    2.0, -2.0,  0.00,  0.00,  0.00,  0.0,  0.0,  0.0
1746534.12120570, 44854.785929, 10.000,    0.0,    2.0, -2.0,  0.00,  0.00,  0.00,  0.0,  0.0,  0.0
1746534.12370570, 44854.730945, 10.000,    0.0,    2.0, -2.0,  0.00,  0.00,  0.00,  0.0,  0.0,  0.0
1746534.12620570, 44854.675961, 10.000,    0.0,    2.0, -2.0,  0.00,  0.00,  0.00,  0.0,  0.0,  0.0
1746534.12870570, 44855.307572, 10.000,    0.0,    2.0, -2.0,  0.00,  0.00,  0.00,  0.0,  0.0,  0.0
1746534.13120570, 44855.219665, 10.000,    0.0,    2.0, -2.0,  0.00,  0.00,  0.00,  0.0,  0.0,  0.0
1746534.13370570, 44855.022871, 10.000,    0.0,    2.0, -2.0,  0.00,  0.00,  0.00,  0.0,  0.0,  0.0
1746534.13620570, 44854.926317, 10.000,    0.0,    2.0, -2.0,  0.00,  0.00,  0.00,  0.0,  0.0,  0.0
1746534.13870570, 44855.377571, 10.000,    0.0,    2.0, -2.0,  0.00,  0.00,  0.00,  0.0,  0.0,  0.0
1746534.14120570, 44854.970015, 10.000,    0.0,    2.0, -2.0,  0.00,  0.00,  0.00,  0.0,  0.0,  0.0
1746534.14370570, 44854.993299, 10.000,    0.0,    2.0, -2.0,  0.00,  0.00,  0.00,  0.0,  0.0,  0.0
1746534.14620570, 44855.111359, 10.000,    0.0,    2.0, -2.0,  0.00,  0.00,  0.00,  0.0,  0.0,  0.0
1746534.14870570, 44855.229419, 10.000,    0.0,    2.0, -2.0,  0.00,  0.00,  0.00,  0.0,  0.0,  0.0
1746534.15120570, 44855.336566, 10.000,    0.0,    2.0, -2.0,  0.00,  0.00,  0.00,  0.0,  0.0,  0.0
1746534.15370570, 44855.391980, 10.000,    0.0,    2.0, -2.0,  0.00,  0.00,  0.00,  0.0,  0.0,  0.0
1746534.15620570, 44855.300650, 10.000,    0.0,    2.0, -2.0,  0.00,  0.00,  0.00,  0.0,  0.0,  0.0
1746534.15870570, 44855.038846, 10.000,    0.0,    2.0, -2.0,  0.00,  0.00,  0.00,  0.0,  0.0,  0.0
1746534.16120570, 44855.200930, 10.000,    0.0,    2.0, -2.0,  0.00,  0.00,  0.00,  0.0,  0.0,  0.0
1746534.16370570, 44855.219420, 10.000,    0.0,    2.0, -2.0,  0.00,  0.00,  0.00,  0.0,  0.0,  0.0
1746534.16620570, 44855.190148, 10.000,    0.0,    2.0, -2.0,  0.00,  0.00,  0.00,  0.0,  0.0,  0.0
1746534.16870570, 44855.160876, 10.000,    0.0,    2.0, -2.0,  0.00,  0.00,  0.00,  0.0,  0.0,  0.0
1746534.17120570, 44855.131604, 10.000,    0.0,    2.0, -2.0,  0.00,  0.00,  0.00,  0.0,  0.0,  0.0
1746534.17370570, 44855.102332, 10.000,    0.0,    2.0, -2.0,  0.00,  0.00,  0.00,  0.0,  0.0,  0.0
1746534.17620570, 44855.073060, 10.000,    0.0,    2.0, -2.0,  0.00,  0.00,  0.00,  0.0,  0.0,  0.0
1746534.17870570, 44855.043788, 10.000,    0.0,    2.0, -2.0,  0.00,  0.00,  0.00,  0.0,  0.0,  0.0
1746534.18120570, 44855.014515, 10.000,    0.0,    2.0, -2.0,  0.00,  0.00,  0.00,  0.0,  0.0,  0.0
1746534.18370570, 44854.985243, 10.000,    0.0,    2.0, -2.0,  0.00,  0.00,  0.00,  0.0,  0.0,  0.0
1746534.18620570, 44855.244616, 10.000,    0.0,    2.0, -2.0,  0.00,  0.00,  0.00,  0.0,  0.0,  0.0
1746534.18870570, 44855.508361, 10.000,    0.0,    2.0, -2.0,  0.00,  0.00,  0.00,  0.0,  0.0,  0.0
1746534.19120570, 44855.090299, 10.000,    0.0,    2.0, -2.0,  0.00,  0.00,  0.00,  0.0,  0.0,  0.0
1746534.19370570, 44854.854056, 10.000,    0.0,    2.0, -2.0,  0.00,  0.00,  0.00,  0.0,  0.0,  0.0
1746534.19620570, 44855.055006, 10.000,    0.0,    2.0, -2.0,  0.00,  0.00,  0.00,  0.0,  0.0,  0.0
1746534.19870570, 44854.788736, 10.000,    0.0,    2.0, -2.0,  0.00,  0.00,  0.00,  0.0,  0.0,  0.0
1746534.20120570, 44854.936792, 10.000,    0.0,    2.0, -2.0,  0.00,  0.00,  0.00,  0.0,  0.0,  0.0
1746534.20370570, 44855.084848, 10.000,    0.0,    2.0, -2.0,  0.00,  0.00,  0.00,  0.0,  0.0,  0.0
1746534.20620570, 44855.233702, 10.000,    0.0,    2.0, -2.0,  0.00,  0.00,  0.00,  0.0,  0.0,  0.0
1746534.20870570, 44855.435209, 10.000,    0.0,    2.0, -2.0,  0.00,  0.00,  0.00,  0.0,  0.0,  0.0
1746534.21120570, 44855.487706, 10.000,    0.0,    2.0, -2.0,  0.00,  0.00,  0.00,  0.0,  0.0,  0.0
1746534.21370570, 44855.286742, 10.000,    0.0,    2.0, -2.0,  0.00,  0.00,  0.00,  0.0,  0.0,  0.0
1746534.21620570, 44855.177469, 10.000,    0.0,    2.0, -2.0,  0.00,  0.00,  0.00,  0.0,  0.0,  0.0
1746534.21870570, 44855.204635, 10.000,    0.0,    2.0, -2.0,  0.00,  0.00,  0.00,  0.0,  0.0,  0.0
1746534.22120570, 44855.239112, 10.000,    0.0,    2.0, -2.0,  0.00,  0.00,  0.00,  0.0,  0.0,  0.0
1746534.22370570, 44855.445810, 10.000,    0.0,    2.0, -2.0,  0.00,  0.00,  0.00,  0.0,  0.0,  0.0
1746534.22620570, 44855.652509, 10.000,    0.0,    2.0, -2.0,  0.00,  0.00,  0.00,  0.0,  0.0,  0.0
1746534.22870570, 44855.224369, 10.000,    0.0,    2.0, -2.0,  0.00,  0.00,  0.00,  0.0,  0.0,  0.0
1746534.23120570, 44855.180101, 10.000,    0.0,    2.0, -2.0,  0.00,  0.00,  0.00,  0.0,  0.0,  0.0
1746534.23370570, 44855.358478, 10.000,    0.0,    2.0, -2.0,  0.00,  0.00,  0.00,  0.0,  0.0,  0.0
1746534.23620570, 44855.403582, 10.000,    0.0,    2.0, -2.0,  0.00,  0.00,  0.00,  0.0,  0.0,  0.0
1746534.23870570, 44855.448686, 10.000,    0.0,    2.0, -2.0,  0.00,  0.00,  0.00,  0.0,  0.0,  0.0
1746534.24120570, 44855.493790, 10.000,    0.0,    2.0, -2.0,  0.00,  0.00,  0.00,  0.0,  0.0,  0.0
1746534.24370570, 44855.468726, 10.000,    0.0,    2.0, -2.0,  0.00,  0.00,  0.00,  0.0,  0.0,  0.0
1746534.24620570, 44855.156485, 10.000,    0.0,    2.0, -2.0,  0.00,  0.00,  0.00,  0.0,  0.0,  0.0
1746534.24870570, 44855.158742, 10.000,    0.0,    2.0, -2.0,  0.00,  0.00,  0.00,  0.0,  0.0,  0.0
1746534.25120570, 44855.038386, 10.000,    0.0,    2.0, -2.0,  0.00,  0.00,  0.00,  0.0,  0.0,  0.0
1746534.25370570, 44854.816129, 10.000,    0.0,    2.0, -2.0,  0.00,  0.00,  0.00,  0.0,  0.0,  0.0
1746534.25620570, 44854.732855, 10.000,    0.0,    2.0, -2.0,  0.00,  0.00,  0.00,  0.0,  0.0,  0.0
1746534.25870570, 44855.198874, 10.000,    0.0,    2.0, -2.0,  0.00,  0.00,  0.00,  0.0,  0.0,  0.0
1746534.26120570, 44854.899333, 10.000,    0.0,    2.0, -2.0,  0.00,  0.00,  0.00,  0.0,  0.0,  0.0
1746534.26370570, 44854.637664, 10.000,    0.0,    2.0, -2.0,  0.00,  0.00,  0.00,  0.0,  0.0,  0.0
1746534.26620570, 44855.166060, 10.000,    0.0,    2.0, -2.0,  0.00,  0.00,  0.00,  0.0,  0.0,  0.0
1746534.26870570, 44855.520486, 10.000,    0.0,    2.0, -2.0,  0.00,  0.00,  0.00,  0.0,  0.0,  0.0
1746534.27120570, 44855.088144, 10.000,    0.0,    2.0, -2.0,  0.00,  0.00,  0.00,  0.0,  0.0,  0.0
1746534.27370570, 44855.169887, 10.000,    0.0,    2.0, -2.0,  0.00,  0.00,  0.00,  0.0,  0.0,  0.0
1746534.27620570, 44855.251630, 10.000,    0.0,    2.0, -2.0,  0.00,  0.00,  0.00,  0.0,  0.0,  0.0
1746534.27870570, 44854.842632, 10.000,    0.0,    2.0, -2.0,  0.00,  0.00,  0.00,  0.0,  0.0,  0.0
1746534.28120570, 44855.022627, 10.000,    0.0,    2.0, -2.0,  0.00,  0.00,  0.00,  0.0,  0.0,  0.0
1746534.28370570, 44855.202621, 10.000,    0.0,    2.0, -2.0,  0.00,  0.00,  0.00,  0.0,  0.0,  0.0
1746534.28620570, 44854.988209, 10.000,    0.0,    2.0, -2.0,  0.00,  0.00,  0.00,  0.0,  0.0,  0.0
1746534.28870570, 44855.369676, 10.000,    0.0,    2.0, -2.0,  0.00,  0.00,  0.00,  0.0,  0.0,  0.0
1746534.29120570, 44855.369676, 10.000,    0.0,    2.0, -2.0,  0.00,  0.00,  0.00,  0.0,  0.0,  0.0
1746534.29370570, 44855.259373, 10.000,    0.0,    2.0, -2.0,  0.00,  0.00,  0.00,  0.0,  0.0,  0.0
1746534.29620570, 44855.208416, 10.000,    0.0,    2.0, -2.0,  0.00,  0.00,  0.00,  0.0,  0.0,  0.0
1746534.29870570, 44855.205255, 10.000,    0.0,    2.0, -2.0,  0.00,  0.00,  0.00,  0.0,  0.0,  0.0
1746534.30120570, 44854.984188, 10.000,    0.0,    2.0, -2.0,  0.00,  0.00,  0.00,  0.0,  0.0,  0.0
1746534.30370570, 44855.091963, 10.000,    0.0,    2.0, -2.0,  0.00,  0.00,  0.00,  0.0,  0.0,  0.0
1746534.30620570, 44855.303014, 10.000,    0.0,    2.0, -2.0,  0.00,  0.00,  0.00,  0.0,  0.0,  0.0
1746534.30870570, 44855.514065, 10.000,    0.0,    2.0, -2.0,  0.00,  0.00,  0.00,  0.0,  0.0,  0.0
1746534.31120570, 44854.966479, 10.000,    0.0,    2.0, -2.0,  0.00,  0.00,  0.00,  0.0,  0.0,  0.0
1746534.31370570, 44855.328114, 10.000,    0.0,    2.0, -2.0,  0.00,  0.00,  0.00,  0.0,  0.0,  0.0
1746534.31620570, 44855.331389, 10.000,    0.0,    2.0, -2.0,  0.00,  0.00,  0.00,  0.0,  0.0,  0.0
1746534.31870570, 44855.334664, 10.000,    0.0,    2.0, -2.0,  0.00,  0.00,  0.00,  0.0,  0.0,  0.0
1746534.32120570, 44855.336432, 10.000,    0.0,    2.0, -2.0,  0.00,  0.00,  0.00,  0.0,  0.0,  0.0
1746534.32370570, 44855.209171, 10.000,    0.0,    2.0, -2.0,  0.00,  0.00,  0.00,  0.0,  0.0,  0.0
1746534.32620570, 44854.703255, 10.000,    0.0,    2.0, -2.0,  0.00,  0.00,  0.00,  0.0,  0.0,  0.0
1746534.32870570, 44854.729047, 10.000,    0.0,    2.0, -2.0,  0.00,  0.00,  0.00,  0.0,  0.0,  0.0
1746534.33120570, 44854.754838, 10.000,    0.0,    2.0, -2.0,  0.00,  0.00,  0.00,  0.0,  0.0,  0.0
1746534.33370570, 44854.725612, 10.000,    0.0,    2.0, -2.0,  0.00,  0.00,  0.00,  0.0,  0.0,  0.0
1746534.33620570, 44854.824044, 10.000,    0.0,    2.0, -2.0,  0.00,  0.00,  0.00,  0.0,  0.0,  0.0
1746534.33870570, 44854.992898, 10.000,    0.0,    2.0, -2.0,  0.00,  0.00,  0.00,  0.0,  0.0,  0.0
1746534.34120570, 44855.161752, 10.000,    0.0,    2.0, -2.0,  0.00,  0.00,  0.00,  0.0,  0.0,  0.0
1746534.34370570, 44855.330606, 10.000,    0.0,    2.0, -2.0,  0.00,  0.00,  0.00,  0.0,  0.0,  0.0
1746534.34620570, 44855.360775, 10.000,    0.0,    2.0, -2.0,  0.00,  0.00,  0.00,  0.0,  0.0,  0.0
1746534.34870570, 44855.384948, 10.000,    0.0,    2.0, -2.0,  0.00,  0.00,  0.00,  0.0,  0.0,  0.0
1746534.35120570, 44855.409122, 10.000,    0.0,    2.0, -2.0,  0.00,  0.00,  0.00,  0.0,  0.0,  0.0
1746534.35370570, 44855.399334, 10.000,    0.0,    2.0, -2.0,  0.00,  0.00,  0.00,  0.0,  0.0,  0.0
1746534.35870570, 44855.287398, 10.000,    0.0,    2.0, -2.0,  0.00,  0.00,  0.00,  0.0,  0.0,  0.0
1746534.36120570, 44855.232530, 10.000,    0.0,    2.0, -2.0,  0.00,  0.00,  0.00,  0.0,  0.0,  0.0
1746534.36370570, 44855.235120, 10.000,    0.0,    2.0, -2.0,  0.00,  0.00,  0.00,  0.0,  0.0,  0.0
1746534.36620570, 44855.250967, 10.000,    0.0,    2.0, -2.0,  0.00,  0.00,  0.00,  0.0,  0.0,  0.0
1746534.36870570, 44855.220072, 10.000,    0.0,    2.0, -2.0,  0.00,  0.00,  0.00,  0.0,  0.0,  0.0
1746534.37120570, 44855.189176, 10.000,    0.0,    2.0, -2.0,  0.00,  0.00,  0.00,  0.0,  0.0,  0.0
1746534.37370570, 44855.268829, 10.000,    0.0,    2.0, -2.0,  0.00,  0.00,  0.00,  0.0,  0.0,  0.0
1746534.37620570, 44855.353121, 10.000,    0.0,    2.0, -2.0,  0.00,  0.00,  0.00,  0.0,  0.0,  0.0
1746534.37870570, 44855.437413, 10.000,    0.0,    2.0, -2.0,  0.00,  0.00,  0.00,  0.0,  0.0,  0.0
1746534.38120570, 44855.529443, 10.000,    0.0,    2.0, -2.0,  0.00,  0.00,  0.00,  0.0,  0.0,  0.0
1746534.38370570, 44855.663723, 10.000,    0.0,    2.0, -2.0,  0.00,  0.00,  0.00,  0.0,  0.0,  0.0
1746534.38620570, 44855.668072, 10.000,    0.0,    2.0, -2.0,  0.00,  0.00,  0.00,  0.0,  0.0,  0.0
1746534.38870570, 44855.400882, 10.000,    0.0,    2.0, -2.0,  0.00,  0.00,  0.00,  0.0,  0.0,  0.0
1746534.39120570, 44855.192302, 10.000,    0.0,    2.0, -2.0,  0.00,  0.00,  0.00,  0.0,  0.0,  0.0
1746534.39370570, 44855.160347, 10.000,    0.0,    2.0, -2.0,  0.00,  0.00,  0.00,  0.0,  0.0,  0.0
1746534.39620570, 44855.221587, 10.000,    0.0,    2.0, -2.0,  0.00,  0.00,  0.00,  0.0,  0.0,  0.0
1746534.39870570, 44855.282827, 10.000,    0.0,    2.0, -2.0,  0.00,  0.00,  0.00,  0.0,  0.0,  0.0
1746534.40120570, 44855.344067, 10.000,    0.0,    2.0, -2.0,  0.00,  0.00,  0.00,  0.0,  0.0,  0.0
1746534.40370570, 44855.389544, 10.000,    0.0,    2.0, -2.0,  0.00,  0.00,  0.00,  0.0,  0.0,  0.0
1746534.40620570, 44855.383042, 10.000,    0.0,    2.0, -2.0,  0.00,  0.00,  0.00,  0.0,  0.0,  0.0
1746534.40870570, 44855.376540, 10.000,    0.0,    2.0, -2.0,  0.00,  0.00,  0.00,  0.0,  0.0,  0.0
1746534.41120570, 44855.370038, 10.000,    0.0,    2.0, -2.0,  0.00,  0.00,  0.00,  0.0,  0.0,  0.0
1746534.41370570, 44855.285292, 10.000,    0.0,    2.0, -2.0,  0.00,  0.00,  0.00,  0.0,  0.0,  0.0
1746534.41620570, 44855.195922, 10.000,    0.0,    2.0, -2.0,  0.00,  0.00,  0.00,  0.0,  0.0,  0.0
1746534.41870570, 44855.106552, 10.000,    0.0,    2.0, -2.0,  0.00,  0.00,  0.00,  0.0,  0.0,  0.0
1746534.42120570, 44854.978425, 10.000,    0.0,    2.0, -2.0,  0.00,  0.00,  0.00,  0.0,  0.0,  0.0
1746534.42370570, 44854.974116, 10.000,    0.0,    2.0, -2.0,  0.00,  0.00,  0.00,  0.0,  0.0,  0.0
1746534.42620570, 44855.083312, 10.000,    0.0,    2.0, -2.0,  0.00,  0.00,  0.00,  0.0,  0.0,  0.0
1746534.42870570, 44855.088200, 10.000,    0.0,    2.0, -2.0,  0.00,  0.00,  0.00,  0.0,  0.0,  0.0
1746534.43120570, 44854.803095, 10.000,    0.0,    2.0, -2.0,  0.00,  0.00,  0.00,  0.0,  0.0,  0.0
1746534.43370570, 44855.301808, 10.000,    0.0,    2.0, -2.0,  0.00,  0.00,  0.00,  0.0,  0.0,  0.0
1746534.43620570, 44855.340305, 10.000,    0.0,    2.0, -2.0,  0.00,  0.00,  0.00,  0.0,  0.0,  0.0
1746534.43870570, 44855.378801, 10.000,    0.0,    2.0, -2.0,  0.00,  0.00,  0.00,  0.0,  0.0,  0.0
1746534.44120570, 44855.417298, 10.000,    0.0,    2.0, -2.0,  0.00,  0.00,  0.00,  0.0,  0.0,  0.0
1746534.44370570, 44855.455795, 10.000,    0.0,    2.0, -2.0,  0.00,  0.00,  0.00,  0.0,  0.0,  0.0
1746534.44620570, 44855.494291, 10.000,    0.0,    2.0, -2.0,  0.00,  0.00,  0.00,  0.0,  0.0,  0.0
1746534.44870570, 44855.546428, 10.000,    0.0,    2.0, -2.0,  0.00,  0.00,  0.00,  0.0,  0.0,  0.0
1746534.45120570, 44855.600005, 10.000,    0.0,    2.0, -2.0,  0.00,  0.00,  0.00,  0.0,  0.0,  0.0
1746534.45370570, 44855.653582, 10.000,    0.0,    2.0, -2.0,  0.00,  0.00,  0.00,  0.0,  0.0,  0.0
1746534.45620570, 44855.707158, 10.000,    0.0,    2.0, -2.0,  0.00,  0.00,  0.00,  0.0,  0.0,  0.0
1746534.45870570, 44855.438445, 10.000,    0.0,    2.0, -2.0,  0.00,  0.00,  0.00,  0.0,  0.0,  0.0
1746534.46120570, 44855.279985, 10.000,    0.0,    2.0, -2.0,  0.00,  0.00,  0.00,  0.0,  0.0,  0.0
1746534.46370570, 44855.484568, 10.000,    0.0,    2.0, -2.0,  0.00,  0.00,  0.00,  0.0,  0.0,  0.0
1746534.46620570, 44855.548206, 10.000,    0.0,    2.0, -2.0,  0.00,  0.00,  0.00,  0.0,  0.0,  0.0
1746534.46870570, 44855.201948, 10.000,    0.0,    2.0, -2.0,  0.00,  0.00,  0.00,  0.0,  0.0,  0.0
1746534.47120570, 44855.051670, 10.000,    0.0,    2.0, -2.0,  0.00,  0.00,  0.00,  0.0,  0.0,  0.0
1746534.47370570, 44854.930052, 10.000,    0.0,    2.0, -2.0,  0.00,  0.00,  0.00,  0.0,  0.0,  0.0
1746534.47620570, 44855.281855, 10.000,    0.0,    2.0, -2.0,  0.00,  0.00,  0.00,  0.0,  0.0,  0.0
1746534.47870570, 44855.421822, 10.000,    0.0,    2.0, -2.0,  0.00,  0.00,  0.00,  0.0,  0.0,  0.0
1746534.48120570, 44855.400699, 10.000,    0.0,    2.0, -2.0,  0.00,  0.00,  0.00,  0.0,  0.0,  0.0
1746534.48370570, 44855.379576, 10.000,    0.0,    2.0, -2.0,  0.00,  0.00,  0.00,  0.0,  0.0,  0.0
1746534.48620570, 44855.207146, 10.000,    0.0,    2.0, -2.0,  0.00,  0.00,  0.00,  0.0,  0.0,  0.0
1746534.48870570, 44855.293452, 10.000,    0.0,    2.0, -2.0,  0.00,  0.00,  0.00,  0.0,  0.0,  0.0
1746534.49120570, 44855.616816, 10.000,    0.0,    2.0, -2.0,  0.00,  0.00,  0.00,  0.0,  0.0,  0.0
1746534.49370570, 44855.400473, 10.000,    0.0,    2.0, -2.0,  0.00,  0.00,  0.00,  0.0,  0.0,  0.0
1746534.49620570, 44855.711782, 10.000,    0.0,    2.0, -2.0,  0.00,  0.00,  0.00,  0.0,  0.0,  0.0
1746534.49870570, 44855.711782, 10.000,    0.0,    2.0, -2.0,  0.00,  0.00,  0.00,  0.0,  0.0,  0.0
1746534.50120570, 44855.703717, 10.000,    0.0,    2.0, -2.0,  0.00,  0.00,  0.00,  0.0,  0.0,  0.0
1746534.50370570, 44855.343691, 10.000,    0.0,    2.0, -2.0,  0.00,  0.00,  0.00,  0.0,  0.0,  0.0
1746534.50620570, 44855.188234, 10.000,    0.0,    2.0, -2.0,  0.00,  0.00,  0.00,  0.0,  0.0,  0.0
1746534.50870570, 44855.302108, 10.000,    0.0,    2.0, -2.0,  0.00,  0.00,  0.00,  0.0,  0.0,  0.0
1746534.51120570, 44855.149485, 10.000,    0.0,    2.0, -2.0,  0.00,  0.00,  0.00,  0.0,  0.0,  0.0
1746534.51370570, 44855.233410, 10.000,    0.0,    2.0, -2.0,  0.00,  0.00,  0.00,  0.0,  0.0,  0.0
1746534.51620570, 44855.391370, 10.000,    0.0,    2.0, -2.0,  0.00,  0.00,  0.00,  0.0,  0.0,  0.0
1746534.51870570, 44855.040542, 10.000,    0.0,    2.0, -2.0,  0.00,  0.00,  0.00,  0.0,  0.0,  0.0
1746534.52120570, 44855.123707, 10.000,    0.0,    2.0, -2.0,  0.00,  0.00,  0.00,  0.0,  0.0,  0.0
1746534.52370570, 44855.376285, 10.000,    0.0,    2.0, -2.0,  0.00,  0.00,  0.00,  0.0,  0.0,  0.0
1746534.52620570, 44855.325572, 10.000,    0.0,    2.0, -2.0,  0.00,  0.00,  0.00,  0.0,  0.0,  0.0
1746534.52870570, 44855.425524, 10.000,    0.0,    2.0, -2.0,  0.00,  0.00,  0.00,  0.0,  0.0,  0.0
1746534.53120570, 44855.464057, 10.000,    0.0,    2.0, -2.0,  0.00,  0.00,  0.00,  0.0,  0.0,  0.0
1746534.53370570, 44855.094208, 10.000,    0.0,    2.0, -2.0,  0.00,  0.00,  0.00,  0.0,  0.0,  0.0
1746534.53620570, 44854.957174, 10.000,    0.0,    2.0, -2.0,  0.00,  0.00,  0.00,  0.0,  0.0,  0.0
1746534.53870570, 44855.219796, 10.000,    0.0,    2.0, -2.0,  0.00,  0.00,  0.00,  0.0,  0.0,  0.0
1746534.54120570, 44854.974025, 10.000,    0.0,    2.0, -2.0,  0.00,  0.00,  0.00,  0.0,  0.0,  0.0
1746534.54370570, 44855.133522, 10.000,    0.0,    2.0, -2.0,  0.00,  0.00,  0.00,  0.0,  0.0,  0.0
1746534.54620570, 44855.076634, 10.000,    0.0,    2.0, -2.0,  0.00,  0.00,  0.00,  0.0,  0.0,  0.0
1746534.54870570, 44855.070333, 10.000,    0.0,    2.0, -2.0,  0.00,  0.00,  0.00,  0.0,  0.0,  0.0
1746534.55120570, 44855.136672, 10.000,    0.0,    2.0, -2.0,  0.00,  0.00,  0.00,  0.0,  0.0,  0.0
1746534.55370570, 44855.207997, 10.000,    0.0,    2.0, -2.0,  0.00,  0.00,  0.00,  0.0,  0.0,  0.0
1746534.55620570, 44855.279323, 10.000,    0.0,    2.0, -2.0,  0.00,  0.00,  0.00,  0.0,  0.0,  0.0
1746534.55870570, 44855.391139, 10.000,    0.0,    2.0, -2.0,  0.00,  0.00,  0.00,  0.0,  0.0,  0.0
1746534.56120570, 44855.419900, 10.000,    0.0,    2.0, -2.0,  0.00,  0.00,  0.00,  0.0,  0.0,  0.0
1746534.56370570, 44855.352866, 10.000,    0.0,    2.0, -2.0,  0.00,  0.00,  0.00,  0.0,  0.0,  0.0
1746534.56620570, 44855.285833, 10.000,    0.0,    2.0, -2.0,  0.00,  0.00,  0.00,  0.0,  0.0,  0.0
1746534.56870570, 44855.214242, 10.000,    0.0,    2.0, -2.0,  0.00,  0.00,  0.00,  0.0,  0.0,  0.0
1746534.57120570, 44855.198062, 10.000,    0.0,    2.0, -2.0,  0.00,  0.00,  0.00,  0.0,  0.0,  0.0
1746534.57370570, 44855.213947, 10.000,    0.0,    2.0, -2.0,  0.00,  0.00,  0.00,  0.0,  0.0,  0.0
1746534.57870570, 44855.107909, 10.000,    0.0,    2.0, -2.0,  0.00,  0.00,  0.00,  0.0,  0.0,  0.0
1746534.58120570, 44855.077890, 10.000,    0.0,    2.0, -2.0,  0.00,  0.00,  0.00,  0.0,  0.0,  0.0
1746534.58370570, 44855.076911, 10.000,    0.0,    2.0, -2.0,  0.00,  0.00,  0.00,  0.0,  0.0,  0.0
1746534.58620570, 44855.498393, 10.000,    0.0,    2.0, -2.0,  0.00,  0.00,  0.00,  0.0,  0.0,  0.0
1746534.58870570, 44855.250025, 10.000,    0.0,    2.0, -2.0,  0.00,  0.00,  0.00,  0.0,  0.0,  0.0
1746534.59120570, 44855.380776, 10.000,    0.0,    2.0, -2.0,  0.00,  0.00,  0.00,  0.0,  0.0,  0.0
1746534.59370570, 44855.383291, 10.000,    0.0,    2.0, -2.0,  0.00,  0.00,  0.00,  0.0,  0.0,  0.0
1746534.59620570, 44854.856517, 10.000,    0.0,    2.0, -2.0,  0.00,  0.00,  0.00,  0.0,  0.0,  0.0
1746534.59870570, 44854.908960, 10.000,    0.0,    2.0, -2.0,  0.00,  0.00,  0.00,  0.0,  0.0,  0.0
1746534.60120570, 44855.261781, 10.000,    0.0,    2.0, -2.0,  0.00,  0.00,  0.00,  0.0,  0.0,  0.0
1746534.60370570, 44855.509271, 10.000,    0.0,    2.0, -2.0,  0.00,  0.00,  0.00,  0.0,  0.0,  0.0
1746534.60620570, 44855.489797, 10.000,    0.0,    2.0, -2.0,  0.00,  0.00,  0.00,  0.0,  0.0,  0.0
1746534.60870570, 44855.482243, 10.000,    0.0,    2.0, -2.0,  0.00,  0.00,  0.00,  0.0,  0.0,  0.0
1746534.61120570, 44855.491672, 10.000,    0.0,    2.0, -2.0,  0.00,  0.00,  0.00,  0.0,  0.0,  0.0
1746534.61370570, 44855.432765, 10.000,    0.0,    2.0, -2.0,  0.00,  0.00,  0.00,  0.0,  0.0,  0.0
1746534.61620570, 44855.373858, 10.000,    0.0,    2.0, -2.0,  0.00,  0.00,  0.00,  0.0,  0.0,  0.0
1746534.61870570, 44855.314952, 10.000,    0.0,    2.0, -2.0,  0.00,  0.00,  0.00,  0.0,  0.0,  0.0
1746534.62120570, 44855.256045, 10.000,    0.0,    2.0, -2.0,  0.00,  0.00,  0.00,  0.0,  0.0,  0.0
1746534.62370570, 44855.197138, 10.000,    0.0,    2.0, -2.0,  0.00,  0.00,  0.00,  0.0,  0.0,  0.0
1746534.62620570, 44855.138232, 10.000,    0.0,    2.0, -2.0,  0.00,  0.00,  0.00,  0.0,  0.0,  0.0
1746534.62870570, 44855.079325, 10.000,    0.0,    2.0, -2.0,  0.00,  0.00,  0.00,  0.0,  0.0,  0.0
1746534.63120570, 44855.020418, 10.000,    0.0,    2.0, -2.0,  0.00,  0.00,  0.00,  0.0,  0.0,  0.0
1746534.63370570, 44854.958740, 10.000,    0.0,    2.0, -2.0,  0.00,  0.00,  0.00,  0.0,  0.0,  0.0
1746534.63620570, 44854.814489, 10.000,    0.0,    2.0, -2.0,  0.00,  0.00,  0.00,  0.0,  0.0,  0.0
1746534.63870570, 44854.829291, 10.000,    0.0,    2.0, -2.0,  0.00,  0.00,  0.00,  0.0,  0.0,  0.0
1746534.64120570, 44854.976076, 10.000,    0.0,    2.0, -2.0,  0.00,  0.00,  0.00,  0.0,  0.0,  0.0
1746534.64370570, 44855.122860, 10.000,    0.0,    2.0, -2.0,  0.00,  0.00,  0.00,  0.0,  0.0,  0.0
1746534.64620570, 44855.202054, 10.000,    0.0,    2.0, -2.0,  0.00,  0.00,  0.00,  0.0,  0.0,  0.0
1746534.64870570, 44855.017864, 10.000,    0.0,    2.0, -2.0,  0.00,  0.00,  0.00,  0.0,  0.0,  0.0
1746534.65120570, 44855.300714, 10.000,    0.0,    2.0, -2.0,  0.00,  0.00,  0.00,  0.0,  0.0,  0.0
1746534.65370570, 44855.583564, 10.000,    0.0,    2.0, -2.0,  0.00,  0.00,  0.00,  0.0,  0.0,  0.0
1746534.65620570, 44855.720520, 10.000,    0.0,    2.0, -2.0,  0.00,  0.00,  0.00,  0.0,  0.0,  0.0
1746534.65870570, 44855.486234, 10.000,    0.0,    2.0, -2.0,  0.00,  0.00,  0.00,  0.0,  0.0,  0.0
1746534.66120570, 44855.251947, 10.000,    0.0,    2.0, -2.0,  0.00,  0.00,  0.00,  0.0,  0.0,  0.0
1746534.66370570, 44855.282497, 10.000,    0.0,    2.0, -2.0,  0.00,  0.00,  0.00,  0.0,  0.0,  0.0
1746534.66620570, 44855.534827, 10.000,    0.0,    2.0, -2.0,  0.00,  0.00,  0.00,  0.0,  0.0,  0.0
1746534.66870570, 44855.467859, 10.000,    0.0,    2.0, -2.0,  0.00,  0.00,  0.00,  0.0,  0.0,  0.0
1746534.67120570, 44854.878967, 10.000,    0.0,    2.0, -2.0,  0.00,  0.00,  0.00,  0.0,  0.0,  0.0
1746534.67370570, 44854.968295, 10.000,    0.0,    2.0, -2.0,  0.00,  0.00,  0.00,  0.0,  0.0,  0.0
1746534.67620570, 44855.057623, 10.000,    0.0,    2.0, -2.0,  0.00,  0.00,  0.00,  0.0,  0.0,  0.0
1746534.67870570, 44854.921202, 10.000,    0.0,    2.0, -2.0,  0.00,  0.00,  0.00,  0.0,  0.0,  0.0
1746534.68120570, 44854.877482, 10.000,    0.0,    2.0, -2.0,  0.00,  0.00,  0.00,  0.0,  0.0,  0.0
1746534.68370570, 44854.926041, 10.000,    0.0,    2.0, -2.0,  0.00,  0.00,  0.00,  0.0,  0.0,  0.0
1746534.68620570, 44854.931843, 10.000,    0.0,    2.0, -2.0,  0.00,  0.00,  0.00,  0.0,  0.0,  0.0
1746534.68870570, 44854.885446, 10.000,    0.0,    2.0, -2.0,  0.00,  0.00,  0.00,  0.0,  0.0,  0.0
1746534.69120570, 44854.839049, 10.000,    0.0,    2.0, -2.0,  0.00,  0.00,  0.00,  0.0,  0.0,  0.0
1746534.69370570, 44854.792653, 10.000,    0.0,    2.0, -2.0,  0.00,  0.00,  0.00,  0.0,  0.0,  0.0
1746534.69620570, 44854.746256, 10.000,    0.0,    2.0, -2.0,  0.00,  0.00,  0.00,  0.0,  0.0,  0.0
1746534.69870570, 44855.416525, 10.000,    0.0,    2.0, -2.0,  0.00,  0.00,  0.00,  0.0,  0.0,  0.0
1746534.70120570, 44855.205623, 10.000,    0.0,    2.0, -2.0,  0.00,  0.00,  0.00,  0.0,  0.0,  0.0
1746534.70370570, 44855.125282, 10.000,    0.0,    2.0, -2.0,  0.00,  0.00,  0.00,  0.0,  0.0,  0.0
1746534.70620570, 44855.044941, 10.000,    0.0,    2.0, -2.0,  0.00,  0.00,  0.00,  0.0,  0.0,  0.0
1746534.70870570, 44854.964973, 10.000,    0.0,    2.0, -2.0,  0.00,  0.00,  0.00,  0.0,  0.0,  0.0
1746534.71120570, 44854.892850, 10.000,    0.0,    2.0, -2.0,  0.00,  0.00,  0.00,  0.0,  0.0,  0.0
1746534.71370570, 44855.251200, 10.000,    0.0,    2.0, -2.0,  0.00,  0.00,  0.00,  0.0,  0.0,  0.0
1746534.71620570, 44855.117686, 10.000,    0.0,    2.0, -2.0,  0.00,  0.00,  0.00,  0.0,  0.0,  0.0
1746534.71870570, 44855.091407, 10.000,    0.0,    2.0, -2.0,  0.00,  0.00,  0.00,  0.0,  0.0,  0.0
1746534.72120570, 44855.280061, 10.000,    0.0,    2.0, -2.0,  0.00,  0.00,  0.00,  0.0,  0.0,  0.0
1746534.72370570, 44855.475542, 10.000,    0.0,    2.0, -2.0,  0.00,  0.00,  0.00,  0.0,  0.0,  0.0
1746534.72620570, 44855.035021, 10.000,    0.0,    2.0, -2.0,  0.00,  0.00,  0.00,  0.0,  0.0,  0.0
1746534.72870570, 44855.223177, 10.000,    0.0,    2.0, -2.0,  0.00,  0.00,  0.00,  0.0,  0.0,  0.0
1746534.73120570, 44855.420062, 10.000,    0.0,    2.0, -2.0,  0.00,  0.00,  0.00,  0.0,  0.0,  0.0
1746534.73370570, 44855.307167, 10.000,    0.0,    2.0, -2.0,  0.00,  0.00,  0.00,  0.0,  0.0,  0.0
1746534.73620570, 44855.194272, 10.000,    0.0,    2.0, -2.0,  0.00,  0.00,  0.00,  0.0,  0.0,  0.0
1746534.73870570, 44855.441782, 10.000,    0.0,    2.0, -2.0,  0.00,  0.00,  0.00,  0.0,  0.0,  0.0
1746534.74120570, 44855.060056, 10.000,    0.0,    2.0, -2.0,  0.00,  0.00,  0.00,  0.0,  0.0,  0.0
1746534.74370570, 44854.759929, 10.000,    0.0,    2.0, -2.0,  0.00,  0.00,  0.00,  0.0,  0.0,  0.0
1746534.74620570, 44855.066925, 10.000,    0.0,    2.0, -2.0,  0.00,  0.00,  0.00,  0.0,  0.0,  0.0
1746534.74870570, 44855.373922, 10.000,    0.0,    2.0, -2.0,  0.00,  0.00,  0.00,  0.0,  0.0,  0.0
1746534.75120570, 44855.290865, 10.000,    0.0,    2.0, -2.0,  0.00,  0.00,  0.00,  0.0,  0.0,  0.0
1746534.75370570, 44854.902727, 10.000,    0.0,    2.0, -2.0,  0.00,  0.00,  0.00,  0.0,  0.0,  0.0
1746534.75620570, 44855.401748, 10.000,    0.0,    2.0, -2.0,  0.00,  0.00,  0.00,  0.0,  0.0,  0.0
1746534.75870570, 44855.401748, 10.000,    0.0,    2.0, -2.0,  0.00,  0.00,  0.00,  0.0,  0.0,  0.0
1746534.76120570, 44855.401748, 10.000,    0.0,    2.0, -2.0,  0.00,  0.00,  0.00,  0.0,  0.0,  0.0
1746534.76370570, 44855.401748, 10.000,    0.0,    2.0, -2.0,  0.00,  0.00,  0.00,  0.0,  0.0,  0.0
1746534.76620570, 44855.401748, 10.000,    0.0,    2.0, -2.0,  0.00,  0.00,  0.00,  0.0,  0.0,  0.0
1746534.76870570, 44855.279152, 10.000,    0.0,    2.0, -2.0,  0.00,  0.00,  0.00,  0.0,  0.0,  0.0
1746534.77120570, 44855.203928, 10.000,    0.0,    2.0, -2.0,  0.00,  0.00,  0.00,  0.0,  0.0,  0.0
1746534.77370570, 44855.156723, 10.000,    0.0,    2.0, -2.0,  0.00,  0.00,  0.00,  0.0,  0.0,  0.0
1746534.77620570, 44855.109518, 10.000,    0.0,    2.0, -2.0,  0.00,  0.00,  0.00,  0.0,  0.0,  0.0
1746534.77870570, 44855.480735, 10.000,    0.0,    2.0, -2.0,  0.00,  0.00,  0.00,  0.0,  0.0,  0.0
1746534.78120570, 44855.359875, 10.000,    0.0,    2.0, -2.0,  0.00,  0.00,  0.00,  0.0,  0.0,  0.0
1746534.78370570, 44855.276035, 10.000,    0.0,    2.0, -2.0,  0.00,  0.00,  0.00,  0.0,  0.0,  0.0
1746534.78620570, 44855.505691, 10.000,    0.0,    2.0, -2.0,  0.00,  0.00,  0.00,  0.0,  0.0,  0.0
1746534.78870570, 44855.248936, 10.000,    0.0,    2.0, -2.0,  0.00,  0.00,  0.00,  0.0,  0.0,  0.0
1746534.79120570, 44855.266652, 10.000,    0.0,    2.0, -2.0,  0.00,  0.00,  0.00,  0.0,  0.0,  0.0
1746534.79370570, 44855.430962, 10.000,    0.0,    2.0, -2.0,  0.00,  0.00,  0.00,  0.0,  0.0,  0.0
1746534.79620570, 44855.535819, 10.000,    0.0,    2.0, -2.0,  0.00,  0.00,  0.00,  0.0,  0.0,  0.0
1746534.79870570, 44855.265406, 10.000,    0.0,    2.0, -2.0,  0.00,  0.00,  0.00,  0.0,  0.0,  0.0
1746534.80120570, 44854.994992, 10.000,    0.0,    2.0, -2.0,  0.00,  0.00,  0.00,  0.0,  0.0,  0.0
1746534.80370570, 44855.009989, 10.000,    0.0,    2.0, -2.0,  0.00,  0.00,  0.00,  0.0,  0.0,  0.0
1746534.80620570, 44855.097962, 10.000,    0.0,    2.0, -2.0,  0.00,  0.00,  0.00,  0.0,  0.0,  0.0
1746534.80870570, 44855.226472, 10.000,    0.0,    2.0, -2.0,  0.00,  0.00,  0.00,  0.0,  0.0,  0.0
1746534.81120570, 44855.327527, 10.000,    0.0,    2.0, -2.0,  0.00,  0.00,  0.00,  0.0,  0.0,  0.0
1746534.81370570, 44855.421750, 10.000,    0.0,    2.0, -2.0,  0.00,  0.00,  0.00,  0.0,  0.0,  0.0
1746534.81620570, 44855.487584, 10.000,    0.0,    2.0, -2.0,  0.00,  0.00,  0.00,  0.0,  0.0,  0.0
1746534.81870570, 44855.552996, 10.000,    0.0,    2.0, -2.0,  0.00,  0.00,  0.00,  0.0,  0.0,  0.0
1746534.82120570, 44855.618408, 10.000,    0.0,    2.0, -2.0,  0.00,  0.00,  0.00,  0.0,  0.0,  0.0
1746534.82370570, 44855.691955, 10.000,    0.0,    2.0, -2.0,  0.00,  0.00,  0.00,  0.0,  0.0,  0.0
1746534.82620570, 44855.651313, 10.000,    0.0,    2.0, -2.0,  0.00,  0.00,  0.00,  0.0,  0.0,  0.0
1746534.82870570, 44855.132261, 10.000,    0.0,    2.0, -2.0,  0.00,  0.00,  0.00,  0.0,  0.0,  0.0
1746534.83120570, 44855.031279, 10.000,    0.0,    2.0, -2.0,  0.00,  0.00,  0.00,  0.0,  0.0,  0.0
1746534.83370570, 44855.206635, 10.000,    0.0,    2.0, -2.0,  0.00,  0.00,  0.00,  0.0,  0.0,  0.0
1746534.83620570, 44855.381991, 10.000,    0.0,    2.0, -2.0,  0.00,  0.00,  0.00,  0.0,  0.0,  0.0
1746534.83870570, 44855.550875, 10.000,    0.0,    2.0, -2.0,  0.00,  0.00,  0.00,  0.0,  0.0,  0.0
1746534.84120570, 44855.534780, 10.000,    0.0,    2.0, -2.0,  0.00,  0.00,  0.00,  0.0,  0.0,  0.0
1746534.84370570, 44855.518685, 10.000,    0.0,    2.0, -2.0,  0.00,  0.00,  0.00,  0.0,  0.0,  0.0
1746534.84620570, 44855.309893, 10.000,    0.0,    2.0, -2.0,  0.00,  0.00,  0.00,  0.0,  0.0,  0.0
1746534.84870570, 44855.096045, 10.000,    0.0,    2.0, -2.0,  0.00,  0.00,  0.00,  0.0,  0.0,  0.0
1746534.85120570, 44855.243405, 10.000,    0.0,    2.0, -2.0,  0.00,  0.00,  0.00,  0.0,  0.0,  0.0
1746534.85370570, 44855.250235, 10.000,    0.0,    2.0, -2.0,  0.00,  0.00,  0.00,  0.0,  0.0,  0.0
1746534.85620570, 44855.008058, 10.000,    0.0,    2.0, -2.0,  0.00,  0.00,  0.00,  0.0,  0.0,  0.0
1746534.85870570, 44855.423273, 10.000,    0.0,    2.0, -2.0,  0.00,  0.00,  0.00,  0.0,  0.0,  0.0
1746534.86120570, 44855.197274, 10.000,    0.0,    2.0, -2.0,  0.00,  0.00,  0.00,  0.0,  0.0,  0.0
1746534.86370570, 44854.971276, 10.000,    0.0,    2.0, -2.0,  0.00,  0.00,  0.00,  0.0,  0.0,  0.0
1746534.86620570, 44854.972723, 10.000,    0.0,    2.0, -2.0,  0.00,  0.00,  0.00,  0.0,  0.0,  0.0
1746534.86870570, 44855.038514, 10.000,    0.0,    2.0, -2.0,  0.00,  0.00,  0.00,  0.0,  0.0,  0.0
1746534.87120570, 44854.988285, 10.000,    0.0,    2.0, -2.0,  0.00,  0.00,  0.00,  0.0,  0.0,  0.0
1746534.87370570, 44855.140779, 10.000,    0.0,    2.0, -2.0,  0.00,  0.00,  0.00,  0.0,  0.0,  0.0
1746534.87620570, 44855.177347, 10.000,    0.0,    2.0, -2.0,  0.00,  0.00,  0.00,  0.0,  0.0,  0.0
1746534.87870570, 44855.143068, 10.000,    0.0,    2.0, -2.0,  0.00,  0.00,  0.00,  0.0,  0.0,  0.0
1746534.88120570, 44855.108789, 10.000,    0.0,    2.0, -2.0,  0.00,  0.00,  0.00,  0.0,  0.0,  0.0
1746534.88370570, 44855.074511, 10.000,    0.0,    2.0, -2.0,  0.00,  0.00,  0.00,  0.0,  0.0,  0.0
1746534.88620570, 44855.085345, 10.000,    0.0,    2.0, -2.0,  0.00,  0.00,  0.00,  0.0,  0.0,  0.0
1746534.88870570, 44855.234907, 10.000,    0.0,    2.0, -2.0,  0.00,  0.00,  0.00,  0.0,  0.0,  0.0
1746534.89120570, 44855.400895, 10.000,    0.0,    2.0, -2.0,  0.00,  0.00,  0.00,  0.0,  0.0,  0.0
1746534.89370570, 44855.566884, 10.000,    0.0,    2.0, -2.0,  0.00,  0.00,  0.00,  0.0,  0.0,  0.0
1746534.89620570, 44855.732872, 10.000,    0.0,    2.0, -2.0,  0.00,  0.00,  0.00,  0.0,  0.0,  0.0
1746534.89870570, 44855.568768, 10.000,    0.0,    2.0, -2.0,  0.00,  0.00,  0.00,  0.0,  0.0,  0.0
1746534.90120570, 44855.362237, 10.000,    0.0,    2.0, -2.0,  0.00,  0.00,  0.00,  0.0,  0.0,  0.0
1746534.90370570, 44855.247278, 10.000,    0.0,    2.0, -2.0,  0.00,  0.00,  0.00,  0.0,  0.0,  0.0
1746534.90620570, 44855.132318, 10.000,    0.0,    2.0, -2.0,  0.00,  0.00,  0.00,  0.0,  0.0,  0.0
1746534.90870570, 44855.017359, 10.000,    0.0,    2.0, -2.0,  0.00,  0.00,  0.00,  0.0,  0.0,  0.0
1746534.91120570, 44855.444511, 10.000,    0.0,    2.0, -2.0,  0.00,  0.00,  0.00,  0.0,  0.0,  0.0
1746534.91370570, 44855.383210, 10.000,    0.0,    2.0, -2.0,  0.00,  0.00,  0.00,  0.0,  0.0,  0.0
1746534.91620570, 44855.154764, 10.000,    0.0,    2.0, -2.0,  0.00,  0.00,  0.00,  0.0,  0.0,  0.0
1746534.91870570, 44855.180955, 10.000,    0.0,    2.0, -2.0,  0.00,  0.00,  0.00,  0.0,  0.0,  0.0
1746534.92120570, 44855.251199, 10.000,    0.0,    2.0, -2.0,  0.00,  0.00,  0.00,  0.0,  0.0,  0.0
1746534.92370570, 44855.146907, 10.000,    0.0,    2.0, -2.0,  0.00,  0.00,  0.00,  0.0,  0.0,  0.0
1746534.92620570, 44855.097867, 10.000,    0.0,    2.0, -2.0,  0.00,  0.00,  0.00,  0.0,  0.0,  0.0
1746534.92870570, 44855.200842, 10.000,    0.0,    2.0, -2.0,  0.00,  0.00,  0.00,  0.0,  0.0,  0.0
1746534.93120570, 44855.302202, 10.000,    0.0,    2.0, -2.0,  0.00,  0.00,  0.00,  0.0,  0.0,  0.0
1746534.93370570, 44855.403561, 10.000,    0.0,    2.0, -2.0,  0.00,  0.00,  0.00,  0.0,  0.0,  0.0
1746534.93620570, 44855.504920, 10.000,    0.0,    2.0, -2.0,  0.00,  0.00,  0.00,  0.0,  0.0,  0.0
1746534.93870570, 44855.081464, 10.000,    0.0,    2.0, -2.0,  0.00,  0.00,  0.00,  0.0,  0.0,  0.0
1746534.94120570, 44854.897076, 10.000,    0.0,    2.0, -2.0,  0.00,  0.00,  0.00,  0.0,  0.0,  0.0
1746534.94370570, 44854.880025, 10.000,    0.0,    2.0, -2.0,  0.00,  0.00,  0.00,  0.0,  0.0,  0.0
1746534.94620570, 44855.404019, 10.000,    0.0,    2.0, -2.0,  0.00,  0.00,  0.00,  0.0,  0.0,  0.0
1746534.94870570, 44855.418761, 10.000,    0.0,    2.0, -2.0,  0.00,  0.00,  0.00,  0.0,  0.0,  0.0
1746534.95120570, 44855.433502, 10.000,    0.0,    2.0, -2.0,  0.00,  0.00,  0.00,  0.0,  0.0,  0.0
1746534.95370570, 44855.448243, 10.000,    0.0,    2.0, -2.0,  0.00,  0.00,  0.00,  0.0,  0.0,  0.0
1746534.95620570, 44855.462985, 10.000,    0.0,    2.0, -2.0,  0.00,  0.00,  0.00,  0.0,  0.0,  0.0
1746534.95870570, 44855.477726, 10.000,    0.0,    2.0, -2.0,  0.00,  0.00,  0.00,  0.0,  0.0,  0.0
1746534.96120570, 44855.492467, 10.000,    0.0,    2.0, -2.0,  0.00,  0.00,  0.00,  0.0,  0.0,  0.0
1746534.96370570, 44855.441507, 10.000,    0.0,    2.0, -2.0,  0.00,  0.00,  0.00,  0.0,  0.0,  0.0
1746534.96620570, 44855.351468, 10.000,    0.0,    2.0, -2.0,  0.00,  0.00,  0.00,  0.0,  0.0,  0.0
1746534.96870570, 44855.532839, 10.000,    0.0,    2.0, -2.0,  0.00,  0.00,  0.00,  0.0,  0.0,  0.0
1746534.97120570, 44855.738733, 10.000,    0.0,    2.0, -2.0,  0.00,  0.00,  0.00,  0.0,  0.0,  0.0
1746534.97370570, 44855.339578, 10.000,    0.0,    2.0, -2.0,  0.00,  0.00,  0.00,  0.0,  0.0,  0.0
1746534.97620570, 44855.230210, 10.000,    0.0,    2.0, -2.0,  0.00,  0.00,  0.00,  0.0,  0.0,  0.0
1746534.97870570, 44855.120841, 10.000,    0.0,    2.0, -2.0,  0.00,  0.00,  0.00,  0.0,  0.0,  0.0
1746534.98120570, 44855.123864, 10.000,    0.0,    2.0, -2.0,  0.00,  0.00,  0.00,  0.0,  0.0,  0.0
1746534.98370570, 44855.269676, 10.000,    0.0,    2.0, -2.0,  0.00,  0.00,  0.00,  0.0,  0.0,  0.0
1746534.98620570, 44855.415489, 10.000,    0.0,    2.0, -2.0,  0.00,  0.00,  0.00,  0.0,  0.0,  0.0
1746534.98870570, 44855.165730, 10.000,    0.0,    2.0, -2.0,  0.00,  0.00,  0.00,  0.0,  0.0,  0.0
1746534.99120570, 44854.941435, 10.000,    0.0,    2.0, -2.0,  0.00,  0.00,  0.00,  0.0,  0.0,  0.0
1746534.99370570, 44855.115636, 10.000,    0.0,    2.0, -2.0,  0.00,  0.00,  0.00,  0.0,  0.0,  0.0
1746534.99620570, 44855.098649, 10.000,    0.0,    2.0, -2.0,  0.00,  0.00,  0.00,  0.0,  0.0,  0.0
1746534.99870570, 44854.651390, 10.000,    0.0,    2.0, -2.0,  0.00,  0.00,  0.00,  0.0,  0.0,  0.0
1746535.00120570, 44854.985333, 10.000,    0.0,    2.0, -2.0,  0.00,  0.00,  0.00,  0.0,  0.0,  0.0
1746535.00370570, 44855.231965, 10.000,    0.0,    2.0, -2.0,  0.00,  0.00,  0.00,  0.0,  0.0,  0.0
1746535.00620570, 44855.191574, 10.000,    0.0,    2.0, -2.0,  0.00,  0.00,  0.00,  0.0,  0.0,  0.0
1746535.00870570, 44855.230753, 10.000,    0.0,    2.0, -2.0,  0.00,  0.00,  0.00,  0.0,  0.0,  0.0
1746535.01120570, 44855.353790, 10.000,    0.0,    2.0, -2.0,  0.00,  0.00,  0.00,  0.0,  0.0,  0.0
1746535.01370570, 44855.119346, 10.000,    0.0,    2.0, -2.0,  0.00,  0.00,  0.00,  0.0,  0.0,  0.0
1746535.01620570, 44854.884903, 10.000,    0.0,    2.0, -2.0,  0.00,  0.00,  0.00,  0.0,  0.0,  0.0
1746535.01870570, 44855.228920, 10.000,    0.0,    2.0, -2.0,  0.00,  0.00,  0.00,  0.0,  0.0,  0.0
1746535.02120570, 44855.233031, 10.000,    0.0,    2.0, -2.0,  0.00,  0.00,  0.00,  0.0,  0.0,  0.0
1746535.02370570, 44855.120679, 10.000,    0.0,    2.0, -2.0,  0.00,  0.00,  0.00,  0.0,  0.0,  0.0
1746535.02620570, 44855.008327, 10.000,    0.0,    2.0, -2.0,  0.00,  0.00,  0.00,  0.0,  0.0,  0.0
1746535.02870570, 44854.895975, 10.000,    0.0,    2.0, -2.0,  0.00,  0.00,  0.00,  0.0,  0.0,  0.0
1746535.03120570, 44855.238652, 10.000,    0.0,    2.0, -2.0,  0.00,  0.00,  0.00,  0.0,  0.0,  0.0
1746535.03370570, 44855.392028, 10.000,    0.0,    2.0, -2.0,  0.00,  0.00,  0.00,  0.0,  0.0,  0.0
1746535.03620570, 44855.301820, 10.000,    0.0,    2.0, -2.0,  0.00,  0.00,  0.00,  0.0,  0.0,  0.0
1746535.03870570, 44855.211845, 10.000,    0.0,    2.0, -2.0,  0.00,  0.00,  0.00,  0.0,  0.0,  0.0
1746535.04120570, 44855.121871, 10.000,    0.0,    2.0, -2.0,  0.00,  0.00,  0.00,  0.0,  0.0,  0.0
1746535.04370570, 44855.031896, 10.000,    0.0,    2.0, -2.0,  0.00,  0.00,  0.00,  0.0,  0.0,  0.0
1746535.04620570, 44854.941921, 10.000,    0.0,    2.0, -2.0,  0.00,  0.00,  0.00,  0.0,  0.0,  0.0
1746535.04870570, 44855.558616, 10.000,    0.0,    2.0, -2.0,  0.00,  0.00,  0.00,  0.0,  0.0,  0.0
1746535.05120570, 44855.711782, 10.000,    0.0,    2.0, -2.0,  0.00,  0.00,  0.00,  0.0,  0.0,  0.0
1746535.05370570, 44855.711782, 10.000,    0.0,    2.0, -2.0,  0.00,  0.00,  0.00,  0.0,  0.0,  0.0
1746535.05620570, 44855.711782, 10.000,    0.0,    2.0, -2.0,  0.00,  0.00,  0.00,  0.0,  0.0,  0.0
1746535.05870570, 44855.711782, 10.000,    0.0,    2.0, -2.0,  0.00,  0.00,  0.00,  0.0,  0.0,  0.0
1746535.06120570, 44855.416059, 10.000,    0.0,    2.0, -2.0,  0.00,  0.00,  0.00,  0.0,  0.0,  0.0
1746535.06370570, 44854.814351, 10.000,    0.0,    2.0, -2.0,  0.00,  0.00,  0.00,  0.0,  0.0,  0.0
1746535.06620570, 44854.954025, 10.000,    0.0,    2.0, -2.0,  0.00,  0.00,  0.00,  0.0,  0.0,  0.0
1746535.06870570, 44855.093700, 10.000,    0.0,    2.0, -2.0,  0.00,  0.00,  0.00,  0.0,  0.0,  0.0
1746535.07120570, 44855.233374, 10.000,    0.0,    2.0, -2.0,  0.00,  0.00,  0.00,  0.0,  0.0,  0.0
1746535.07370570, 44855.400451, 10.000,    0.0,    2.0, -2.0,  0.00,  0.00,  0.00,  0.0,  0.0,  0.0
1746535.07620570, 44855.495327, 10.000,    0.0,    2.0, -2.0,  0.00,  0.00,  0.00,  0.0,  0.0,  0.0
1746535.07870570, 44855.532328, 10.000,    0.0,    2.0, -2.0,  0.00,  0.00,  0.00,  0.0,  0.0,  0.0
1746535.08120570, 44855.301549, 10.000,    0.0,    2.0, -2.0,  0.00,  0.00,  0.00,  0.0,  0.0,  0.0
1746535.08370570, 44855.321149, 10.000,    0.0,    2.0, -2.0,  0.00,  0.00,  0.00,  0.0,  0.0,  0.0
1746535.08620570, 44855.375449, 10.000,    0.0,    2.0, -2.0,  0.00,  0.00,  0.00,  0.0,  0.0,  0.0
1746535.08870570, 44855.374138, 10.000,    0.0,    2.0, -2.0,  0.00,  0.00,  0.00,  0.0,  0.0,  0.0
1746535.09120570, 44855.367289, 10.000,    0.0,    2.0, -2.0,  0.00,  0.00,  0.00,  0.0,  0.0,  0.0
1746535.09370570, 44855.360440, 10.000,    0.0,    2.0, -2.0,  0.00,  0.00,  0.00,  0.0,  0.0,  0.0
1746535.09620570, 44855.541653, 10.000,    0.0,    2.0, -2.0,  0.00,  0.00,  0.00,  0.0,  0.0,  0.0
1746535.09870570, 44855.155547, 10.000,    0.0,    2.0, -2.0,  0.00,  0.00,  0.00,  0.0,  0.0,  0.0
1746535.10120570, 44854.803730, 10.000,    0.0,    2.0, -2.0,  0.00,  0.00,  0.00,  0.0,  0.0,  0.0
1746535.10370570, 44854.811389, 10.000,    0.0,    2.0, -2.0,  0.00,  0.00,  0.00,  0.0,  0.0,  0.0
1746535.10620570, 44854.944937, 10.000,    0.0,    2.0, -2.0,  0.00,  0.00,  0.00,  0.0,  0.0,  0.0
1746535.10870570, 44855.134706, 10.000,    0.0,    2.0, -2.0,  0.00,  0.00,  0.00,  0.0,  0.0,  0.0
1746535.11120570, 44855.324475, 10.000,    0.0,    2.0, -2.0,  0.00,  0.00,  0.00,  0.0,  0.0,  0.0
1746535.11370570, 44855.288224, 10.000,    0.0,    2.0, -2.0,  0.00,  0.00,  0.00,  0.0,  0.0,  0.0
1746535.11620570, 44855.182403, 10.000,    0.0,    2.0, -2.0,  0.00,  0.00,  0.00,  0.0,  0.0,  0.0
1746535.11870570, 44855.294832, 10.000,    0.0,    2.0, -2.0,  0.00,  0.00,  0.00,  0.0,  0.0,  0.0
1746535.12120570, 44855.384156, 10.000,    0.0,    2.0, -2.0,  0.00,  0.00,  0.00,  0.0,  0.0,  0.0
1746535.12370570, 44855.336273, 10.000,    0.0,    2.0, -2.0,  0.00,  0.00,  0.00,  0.0,  0.0,  0.0
1746535.12620570, 44855.107841, 10.000,    0.0,    2.0, -2.0,  0.00,  0.00,  0.00,  0.0,  0.0,  0.0
1746535.12870570, 44854.749329, 10.000,    0.0,    2.0, -2.0,  0.00,  0.00,  0.00,  0.0,  0.0,  0.0
1746535.13120570, 44854.730717, 10.000,    0.0,    2.0, -2.0,  0.00,  0.00,  0.00,  0.0,  0.0,  0.0
1746535.13370570, 44854.877436, 10.000,    0.0,    2.0, -2.0,  0.00,  0.00,  0.00,  0.0,  0.0,  0.0
1746535.13620570, 44855.024156, 10.000,    0.0,    2.0, -2.0,  0.00,  0.00,  0.00,  0.0,  0.0,  0.0
1746535.13870570, 44855.037089, 10.000,    0.0,    2.0, -2.0,  0.00,  0.00,  0.00,  0.0,  0.0,  0.0
1746535.14120570, 44855.022813, 10.000,    0.0,    2.0, -2.0,  0.00,  0.00,  0.00,  0.0,  0.0,  0.0
1746535.14370570, 44855.330321, 10.000,    0.0,    2.0, -2.0,  0.00,  0.00,  0.00,  0.0,  0.0,  0.0
1746535.14620570, 44855.273458, 10.000,    0.0,    2.0, -2.0,  0.00,  0.00,  0.00,  0.0,  0.0,  0.0
1746535.14870570, 44855.087868, 10.000,    0.0,    2.0, -2.0,  0.00,  0.00,  0.00,  0.0,  0.0,  0.0
1746535.15120570, 44855.161979, 10.000,    0.0,    2.0, -2.0,  0.00,  0.00,  0.00,  0.0,  0.0,  0.0
1746535.15370570, 44855.649208, 10.000,    0.0,    2.0, -2.0,  0.00,  0.00,  0.00,  0.0,  0.0,  0.0
1746535.15620570, 44855.203146, 10.000,    0.0,    2.0, -2.0,  0.00,  0.00,  0.00,  0.0,  0.0,  0.0
1746535.15870570, 44855.002267, 10.000,    0.0,    2.0, -2.0,  0.00,  0.00,  0.00,  0.0,  0.0,  0.0
1746535.16120570, 44854.990691, 10.000,    0.0,    2.0, -2.0,  0.00,  0.00,  0.00,  0.0,  0.0,  0.0
1746535.16370570, 44854.904427, 10.000,    0.0,    2.0, -2.0,  0.00,  0.00,  0.00,  0.0,  0.0,  0.0
1746535.16620570, 44854.969165, 10.000,    0.0,    2.0, -2.0,  0.00,  0.00,  0.00,  0.0,  0.0,  0.0
1746535.16870570, 44855.317505, 10.000,    0.0,    2.0, -2.0,  0.00,  0.00,  0.00,  0.0,  0.0,  0.0
1746535.17120570, 44855.322000, 10.000,    0.0,    2.0, -2.0,  0.00,  0.00,  0.00,  0.0,  0.0,  0.0
1746535.17370570, 44855.326495, 10.000,    0.0,    2.0, -2.0,  0.00,  0.00,  0.00,  0.0,  0.0,  0.0
1746535.17620570, 44855.330990, 10.000,    0.0,    2.0, -2.0,  0.00,  0.00,  0.00,  0.0,  0.0,  0.0
1746535.17870570, 44855.335485, 10.000,    0.0,    2.0, -2.0,  0.00,  0.00,  0.00,  0.0,  0.0,  0.0
1746535.18120570, 44855.339981, 10.000,    0.0,    2.0, -2.0,  0.00,  0.00,  0.00,  0.0,  0.0,  0.0
1746535.18370570, 44855.344476, 10.000,    0.0,    2.0, -2.0,  0.00,  0.00,  0.00,  0.0,  0.0,  0.0
1746535.18620570, 44855.348971, 10.000,    0.0,    2.0, -2.0,  0.00,  0.00,  0.00,  0.0,  0.0,  0.0
1746535.18870570, 44855.353466, 10.000,    0.0,    2.0, -2.0,  0.00,  0.00,  0.00,  0.0,  0.0,  0.0
1746535.19120570, 44855.357961, 10.000,    0.0,    2.0, -2.0,  0.00,  0.00,  0.00,  0.0,  0.0,  0.0
1746535.19370570, 44855.324963, 10.000,    0.0,    2.0, -2.0,  0.00,  0.00,  0.00,  0.0,  0.0,  0.0
1746535.19620570, 44855.280909, 10.000,    0.0,    2.0, -2.0,  0.00,  0.00,  0.00,  0.0,  0.0,  0.0
1746535.19870570, 44855.236856, 10.000,    0.0,    2.0, -2.0,  0.00,  0.00,  0.00,  0.0,  0.0,  0.0
1746535.20120570, 44855.192802, 10.000,    0.0,    2.0, -2.0,  0.00,  0.00,  0.00,  0.0,  0.0,  0.0
1746535.20370570, 44855.148748, 10.000,    0.0,    2.0, -2.0,  0.00,  0.00,  0.00,  0.0,  0.0,  0.0
1746535.20620570, 44855.104694, 10.000,    0.0,    2.0, -2.0,  0.00,  0.00,  0.00,  0.0,  0.0,  0.0
1746535.20870570, 44855.460478, 10.000,    0.0,    2.0, -2.0,  0.00,  0.00,  0.00,  0.0,  0.0,  0.0
1746535.21120570, 44855.668249, 10.000,    0.0,    2.0, -2.0,  0.00,  0.00,  0.00,  0.0,  0.0,  0.0
1746535.21370570, 44854.939485, 10.000,    0.0,    2.0, -2.0,  0.00,  0.00,  0.00,  0.0,  0.0,  0.0
1746535.21620570, 44854.800318, 10.000,    0.0,    2.0, -2.0,  0.00,  0.00,  0.00,  0.0,  0.0,  0.0
1746535.21870570, 44855.065555, 10.000,    0.0,    2.0, -2.0,  0.00,  0.00,  0.00,  0.0,  0.0,  0.0
1746535.22120570, 44854.774444, 10.000,    0.0,    2.0, -2.0,  0.00,  0.00,  0.00,  0.0,  0.0,  0.0
1746535.22370570, 44855.234641, 10.000,    0.0,    2.0, -2.0,  0.00,  0.00,  0.00,  0.0,  0.0,  0.0
1746535.22620570, 44855.273458, 10.000,    0.0,    2.0, -2.0,  0.00,  0.00,  0.00,  0.0,  0.0,  0.0
1746535.22870570, 44855.273458, 10.000,    0.0,    2.0, -2.0,  0.00,  0.00,  0.00,  0.0,  0.0,  0.0
1746535.23120570, 44855.273458, 10.000,    0.0,    2.0, -2.0,  0.00,  0.00,  0.00,  0.0,  0.0,  0.0
1746535.23370570, 44855.273458, 10.000,    0.0,    2.0, -2.0,  0.00,  0.00,  0.00,  0.0,  0.0,  0.0
1746535.23620570, 44855.273458, 10.000,    0.0,    2.0, -2.0,  0.00,  0.00,  0.00,  0.0,  0.0,  0.0
1746535.23870570, 44855.273458, 10.000,    0.0,    2.0, -2.0,  0.00,  0.00,  0.00,  0.0,  0.0,  0.0
1746535.24120570, 44855.273458, 10.000,    0.0,    2.0, -2.0,  0.00,  0.00,  0.00,  0.0,  0.0,  0.0
1746535.24370570, 44855.273458, 10.000,    0.0,    2.0, -2.0,  0.00,  0.00,  0.00,  0.0,  0.0,  0.0
1746535.24620570, 44855.258829, 10.000,    0.0,    2.0, -2.0,  0.00,  0.00,  0.00,  0.0,  0.0,  0.0
1746535.24870570, 44855.335069, 10.000,    0.0,    2.0, -2.0,  0.00,  0.00,  0.00,  0.0,  0.0,  0.0
1746535.25120570, 44855.442105, 10.000,    0.0,    2.0, -2.0,  0.00,  0.00,  0.00,  0.0,  0.0,  0.0
1746535.25370570, 44855.422122, 10.000,    0.0,    2.0, -2.0,  0.00,  0.00,  0.00,  0.0,  0.0,  0.0
1746535.25620570, 44855.193340, 10.000,    0.0,    2.0, -2.0,  0.00,  0.00,  0.00,  0.0,  0.0,  0.0
1746535.25870570, 44855.082646, 10.000,    0.0,    2.0, -2.0,  0.00,  0.00,  0.00,  0.0,  0.0,  0.0
1746535.26120570, 44855.084412, 10.000,    0.0,    2.0, -2.0,  0.00,  0.00,  0.00,  0.0,  0.0,  0.0
1746535.26370570, 44854.968670, 10.000,    0.0,    2.0, -2.0,  0.00,  0.00,  0.00,  0.0,  0.0,  0.0
1746535.26620570, 44854.912848, 10.000,    0.0,    2.0, -2.0,  0.00,  0.00,  0.00,  0.0,  0.0,  0.0
1746535.26870570, 44854.946130, 10.000,    0.0,    2.0, -2.0,  0.00,  0.00,  0.00,  0.0,  0.0,  0.0
1746535.27120570, 44854.978691, 10.000,    0.0,    2.0, -2.0,  0.00,  0.00,  0.00,  0.0,  0.0,  0.0
1746535.27370570, 44854.997320, 10.000,    0.0,    2.0, -2.0,  0.00,  0.00,  0.00,  0.0,  0.0,  0.0
1746535.27620570, 44854.940295, 10.000,    0.0,    2.0, -2.0,  0.00,  0.00,  0.00,  0.0,  0.0,  0.0
1746535.27870570, 44854.958049, 10.000,    0.0,    2.0, -2.0,  0.00,  0.00,  0.00,  0.0,  0.0,  0.0
1746535.28120570, 44855.167369, 10.000,    0.0,    2.0, -2.0,  0.00,  0.00,  0.00,  0.0,  0.0,  0.0
1746535.28370570, 44855.209589, 10.000,    0.0,    2.0, -2.0,  0.00,  0.00,  0.00,  0.0,  0.0,  0.0
1746535.28620570, 44855.243537, 10.000,    0.0,    2.0, -2.0,  0.00,  0.00,  0.00,  0.0,  0.0,  0.0
1746535.28870570, 44855.277486, 10.000,    0.0,    2.0, -2.0,  0.00,  0.00,  0.00,  0.0,  0.0,  0.0
1746535.29120570, 44855.311434, 10.000,    0.0,    2.0, -2.0,  0.00,  0.00,  0.00,  0.0,  0.0,  0.0
1746535.29370570, 44855.384477, 10.000,    0.0,    2.0, -2.0,  0.00,  0.00,  0.00,  0.0,  0.0,  0.0
1746535.29620570, 44855.588034, 10.000,    0.0,    2.0, -2.0,  0.00,  0.00,  0.00,  0.0,  0.0,  0.0
1746535.29870570, 44855.790591, 10.000,    0.0,    2.0, -2.0,  0.00,  0.00,  0.00,  0.0,  0.0,  0.0
1746535.30120570, 44855.627314, 10.000,    0.0,    2.0, -2.0,  0.00,  0.00,  0.00,  0.0,  0.0,  0.0
1746535.30370570, 44855.451489, 10.000,    0.0,    2.0, -2.0,  0.00,  0.00,  0.00,  0.0,  0.0,  0.0
1746535.30620570, 44855.275664, 10.000,    0.0,    2.0, -2.0,  0.00,  0.00,  0.00,  0.0,  0.0,  0.0
1746535.30870570, 44855.099840, 10.000,    0.0,    2.0, -2.0,  0.00,  0.00,  0.00,  0.0,  0.0,  0.0
1746535.31120570, 44855.169840, 10.000,    0.0,    2.0, -2.0,  0.00,  0.00,  0.00,  0.0,  0.0,  0.0
1746535.31370570, 44855.230016, 10.000,    0.0,    2.0, -2.0,  0.00,  0.00,  0.00,  0.0,  0.0,  0.0
1746535.31620570, 44855.215726, 10.000,    0.0,    2.0, -2.0,  0.00,  0.00,  0.00,  0.0,  0.0,  0.0
1746535.31870570, 44855.201436, 10.000,    0.0,    2.0, -2.0,  0.00,  0.00,  0.00,  0.0,  0.0,  0.0
1746535.32120570, 44855.187146, 10.000,    0.0,    2.0, -2.0,  0.00,  0.00,  0.00,  0.0,  0.0,  0.0
1746535.32370570, 44855.181759, 10.000,    0.0,    2.0, -2.0,  0.00,  0.00,  0.00,  0.0,  0.0,  0.0
1746535.32620570, 44855.196484, 10.000,    0.0,    2.0, -2.0,  0.00,  0.00,  0.00,  0.0,  0.0,  0.0
1746535.32870570, 44855.211208, 10.000,    0.0,    2.0, -2.0,  0.00,  0.00,  0.00,  0.0,  0.0,  0.0
1746535.33120570, 44855.232800, 10.000,    0.0,    2.0, -2.0,  0.00,  0.00,  0.00,  0.0,  0.0,  0.0
1746535.33370570, 44855.216123, 10.000,    0.0,    2.0, -2.0,  0.00,  0.00,  0.00,  0.0,  0.0,  0.0
1746535.33620570, 44855.124759, 10.000,    0.0,    2.0, -2.0,  0.00,  0.00,  0.00,  0.0,  0.0,  0.0
1746535.33870570, 44855.092094, 10.000,    0.0,    2.0, -2.0,  0.00,  0.00,  0.00,  0.0,  0.0,  0.0
1746535.34120570, 44855.060060, 10.000,    0.0,    2.0, -2.0,  0.00,  0.00,  0.00,  0.0,  0.0,  0.0
1746535.34370570, 44855.053661, 10.000,    0.0,    2.0, -2.0,  0.00,  0.00,  0.00,  0.0,  0.0,  0.0
1746535.34620570, 44855.101865, 10.000,    0.0,    2.0, -2.0,  0.00,  0.00,  0.00,  0.0,  0.0,  0.0
1746535.34870570, 44854.906907, 10.000,    0.0,    2.0, -2.0,  0.00,  0.00,  0.00,  0.0,  0.0,  0.0
1746535.35120570, 44854.882592, 10.000,    0.0,    2.0, -2.0,  0.00,  0.00,  0.00,  0.0,  0.0,  0.0
1746535.35370570, 44854.987934, 10.000,    0.0,    2.0, -2.0,  0.00,  0.00,  0.00,  0.0,  0.0,  0.0
1746535.35620570, 44855.093275, 10.000,    0.0,    2.0, -2.0,  0.00,  0.00,  0.00,  0.0,  0.0,  0.0
1746535.35870570, 44855.198617, 10.000,    0.0,    2.0, -2.0,  0.00,  0.00,  0.00,  0.0,  0.0,  0.0
1746535.36120570, 44855.303958, 10.000,    0.0,    2.0, -2.0,  0.00,  0.00,  0.00,  0.0,  0.0,  0.0
1746535.36370570, 44855.409300, 10.000,    0.0,    2.0, -2.0,  0.00,  0.00,  0.00,  0.0,  0.0,  0.0
1746535.36620570, 44855.215337, 10.000,    0.0,    2.0, -2.0,  0.00,  0.00,  0.00,  0.0,  0.0,  0.0
1746535.36870570, 44855.012181, 10.000,    0.0,    2.0, -2.0,  0.00,  0.00,  0.00,  0.0,  0.0,  0.0
1746535.37120570, 44854.836672, 10.000,    0.0,    2.0, -2.0,  0.00,  0.00,  0.00,  0.0,  0.0,  0.0
1746535.37370570, 44854.945098, 10.000,    0.0,    2.0, -2.0,  0.00,  0.00,  0.00,  0.0,  0.0,  0.0
1746535.37620570, 44855.368902, 10.000,    0.0,    2.0, -2.0,  0.00,  0.00,  0.00,  0.0,  0.0,  0.0
1746535.37870570, 44855.327860, 10.000,    0.0,    2.0, -2.0,  0.00,  0.00,  0.00,  0.0,  0.0,  0.0
1746535.38120570, 44855.084836, 10.000,    0.0,    2.0, -2.0,  0.00,  0.00,  0.00,  0.0,  0.0,  0.0
1746535.38370570, 44855.000632, 10.000,    0.0,    2.0, -2.0,  0.00,  0.00,  0.00,  0.0,  0.0,  0.0
1746535.38620570, 44855.558101, 10.000,    0.0,    2.0, -2.0,  0.00,  0.00,  0.00,  0.0,  0.0,  0.0
1746535.38870570, 44855.393249, 10.000,    0.0,    2.0, -2.0,  0.00,  0.00,  0.00,  0.0,  0.0,  0.0
1746535.39120570, 44855.228397, 10.000,    0.0,    2.0, -2.0,  0.00,  0.00,  0.00,  0.0,  0.0,  0.0
1746535.39370570, 44855.063545, 10.000,    0.0,    2.0, -2.0,  0.00,  0.00,  0.00,  0.0,  0.0,  0.0
1746535.39620570, 44854.760764, 10.000,    0.0,    2.0, -2.0,  0.00,  0.00,  0.00,  0.0,  0.0,  0.0
1746535.39870570, 44854.403520, 10.000,    0.0,    2.0, -2.0,  0.00,  0.00,  0.00,  0.0,  0.0,  0.0
1746535.40120570, 44854.903796, 10.000,    0.0,    2.0, -2.0,  0.00,  0.00,  0.00,  0.0,  0.0,  0.0
1746535.40370570, 44854.924449, 10.000,    0.0,    2.0, -2.0,  0.00,  0.00,  0.00,  0.0,  0.0,  0.0
1746535.40620570, 44854.945101, 10.000,    0.0,    2.0, -2.0,  0.00,  0.00,  0.00,  0.0,  0.0,  0.0
1746535.40870570, 44854.965753, 10.000,    0.0,    2.0, -2.0,  0.00,  0.00,  0.00,  0.0,  0.0,  0.0
1746535.41120570, 44854.982741, 10.000,    0.0,    2.0, -2.0,  0.00,  0.00,  0.00,  0.0,  0.0,  0.0
1746535.41370570, 44854.956062, 10.000,    0.0,    2.0, -2.0,  0.00,  0.00,  0.00,  0.0,  0.0,  0.0
1746535.41620570, 44854.929383, 10.000,    0.0,    2.0, -2.0,  0.00,  0.00,  0.00,  0.0,  0.0,  0.0
1746535.41870570, 44854.973944, 10.000,    0.0,    2.0, -2.0,  0.00,  0.00,  0.00,  0.0,  0.0,  0.0
1746535.42120570, 44855.086455, 10.000,    0.0,    2.0, -2.0,  0.00,  0.00,  0.00,  0.0,  0.0,  0.0
1746535.42370570, 44855.021075, 10.000,    0.0,    2.0, -2.0,  0.00,  0.00,  0.00,  0.0,  0.0,  0.0
1746535.42620570, 44854.955695, 10.000,    0.0,    2.0, -2.0,  0.00,  0.00,  0.00,  0.0,  0.0,  0.0
1746535.42870570, 44854.925032, 10.000,    0.0,    2.0, -2.0,  0.00,  0.00,  0.00,  0.0,  0.0,  0.0
1746535.43120570, 44854.973388, 10.000,    0.0,    2.0, -2.0,  0.00,  0.00,  0.00,  0.0,  0.0,  0.0
1746535.43370570, 44855.211451, 10.000,    0.0,    2.0, -2.0,  0.00,  0.00,  0.00,  0.0,  0.0,  0.0
1746535.43620570, 44855.028186, 10.000,    0.0,    2.0, -2.0,  0.00,  0.00,  0.00,  0.0,  0.0,  0.0
1746535.43870570, 44855.031090, 10.000,    0.0,    2.0, -2.0,  0.00,  0.00,  0.00,  0.0,  0.0,  0.0
1746535.44120570, 44855.583946, 10.000,    0.0,    2.0, -2.0,  0.00,  0.00,  0.00,  0.0,  0.0,  0.0
1746535.44370570, 44855.635430, 10.000,    0.0,    2.0, -2.0,  0.00,  0.00,  0.00,  0.0,  0.0,  0.0
1746535.44620570, 44855.482884, 10.000,    0.0,    2.0, -2.0,  0.00,  0.00,  0.00,  0.0,  0.0,  0.0
1746535.44870570, 44855.330338, 10.000,    0.0,    2.0, -2.0,  0.00,  0.00,  0.00,  0.0,  0.0,  0.0
1746535.45120570, 44855.253251, 10.000,    0.0,    2.0, -2.0,  0.00,  0.00,  0.00,  0.0,  0.0,  0.0
1746535.45370570, 44855.263380, 10.000,    0.0,    2.0, -2.0,  0.00,  0.00,  0.00,  0.0,  0.0,  0.0
1746535.45620570, 44854.982557, 10.000,    0.0,    2.0, -2.0,  0.00,  0.00,  0.00,  0.0,  0.0,  0.0
1746535.45870570, 44855.257772, 10.000,    0.0,    2.0, -2.0,  0.00,  0.00,  0.00,  0.0,  0.0,  0.0
1746535.46120570, 44855.173265, 10.000,    0.0,    2.0, -2.0,  0.00,  0.00,  0.00,  0.0,  0.0,  0.0
1746535.46370570, 44855.088759, 10.000,    0.0,    2.0, -2.0,  0.00,  0.00,  0.00,  0.0,  0.0,  0.0
1746535.46620570, 44855.004252, 10.000,    0.0,    2.0, -2.0,  0.00,  0.00,  0.00,  0.0,  0.0,  0.0
1746535.46870570, 44854.994020, 10.000,    0.0,    2.0, -2.0,  0.00,  0.00,  0.00,  0.0,  0.0,  0.0
1746535.47120570, 44855.053211, 10.000,    0.0,    2.0, -2.0,  0.00,  0.00,  0.00,  0.0,  0.0,  0.0
1746535.47370570, 44855.112402, 10.000,    0.0,    2.0, -2.0,  0.00,  0.00,  0.00,  0.0,  0.0,  0.0
1746535.47620570, 44855.130692, 10.000,    0.0,    2.0, -2.0,  0.00,  0.00,  0.00,  0.0,  0.0,  0.0
1746535.47870570, 44854.941449, 10.000,    0.0,    2.0, -2.0,  0.00,  0.00,  0.00,  0.0,  0.0,  0.0
1746535.48120570, 44855.035124, 10.000,    0.0,    2.0, -2.0,  0.00,  0.00,  0.00,  0.0,  0.0,  0.0
1746535.48370570, 44855.128799, 10.000,    0.0,    2.0, -2.0,  0.00,  0.00,  0.00,  0.0,  0.0,  0.0
1746535.48620570, 44855.063252, 10.000,    0.0,    2.0, -2.0,  0.00,  0.00,  0.00,  0.0,  0.0,  0.0
1746535.48870570, 44854.933025, 10.000,    0.0,    2.0, -2.0,  0.00,  0.00,  0.00,  0.0,  0.0,  0.0
1746535.49120570, 44855.286509, 10.000,    0.0,    2.0, -2.0,  0.00,  0.00,  0.00,  0.0,  0.0,  0.0
1746535.49370570, 44855.310591, 10.000,    0.0,    2.0, -2.0,  0.00,  0.00,  0.00,  0.0,  0.0,  0.0
1746535.49620570, 44855.023711, 10.000,    0.0,    2.0, -2.0,  0.00,  0.00,  0.00,  0.0,  0.0,  0.0
1746535.49870570, 44854.956140, 10.000,    0.0,    2.0, -2.0,  0.00,  0.00,  0.00,  0.0,  0.0,  0.0
1746535.50370570, 44854.977225, 10.000,    0.0,    2.0, -2.0,  0.00,  0.00,  0.00,  0.0,  0.0,  0.0
1746535.50620570, 44855.134213, 10.000,    0.0,    2.0, -2.0,  0.00,  0.00,  0.00,  0.0,  0.0,  0.0
1746535.50870570, 44855.291202, 10.000,    0.0,    2.0, -2.0,  0.00,  0.00,  0.00,  0.0,  0.0,  0.0
1746535.51120570, 44855.448952, 10.000,    0.0,    2.0, -2.0,  0.00,  0.00,  0.00,  0.0,  0.0,  0.0
1746535.51370570, 44855.638405, 10.000,    0.0,    2.0, -2.0,  0.00,  0.00,  0.00,  0.0,  0.0,  0.0
1746535.51620570, 44855.557983, 10.000,    0.0,    2.0, -2.0,  0.00,  0.00,  0.00,  0.0,  0.0,  0.0
1746535.51870570, 44855.445847, 10.000,    0.0,    2.0, -2.0,  0.00,  0.00,  0.00,  0.0,  0.0,  0.0
1746535.52120570, 44855.333711, 10.000,    0.0,    2.0, -2.0,  0.00,  0.00,  0.00,  0.0,  0.0,  0.0
1746535.52370570, 44854.883068, 10.000,    0.0,    2.0, -2.0,  0.00,  0.00,  0.00,  0.0,  0.0,  0.0
1746535.52620570, 44855.475034, 10.000,    0.0,    2.0, -2.0,  0.00,  0.00,  0.00,  0.0,  0.0,  0.0
1746535.52870570, 44855.573899, 10.000,    0.0,    2.0, -2.0,  0.00,  0.00,  0.00,  0.0,  0.0,  0.0
1746535.53120570, 44855.502885, 10.000,    0.0,    2.0, -2.0,  0.00,  0.00,  0.00,  0.0,  0.0,  0.0
1746535.53370570, 44855.388022, 10.000,    0.0,    2.0, -2.0,  0.00,  0.00,  0.00,  0.0,  0.0,  0.0
1746535.53620570, 44855.273160, 10.000,    0.0,    2.0, -2.0,  0.00,  0.00,  0.00,  0.0,  0.0,  0.0
1746535.53870570, 44855.158297, 10.000,    0.0,    2.0, -2.0,  0.00,  0.00,  0.00,  0.0,  0.0,  0.0
1746535.54120570, 44855.043434, 10.000,    0.0,    2.0, -2.0,  0.00,  0.00,  0.00,  0.0,  0.0,  0.0
1746535.54370570, 44855.043816, 10.000,    0.0,    2.0, -2.0,  0.00,  0.00,  0.00,  0.0,  0.0,  0.0
1746535.54620570, 44855.357403, 10.000,    0.0,    2.0, -2.0,  0.00,  0.00,  0.00,  0.0,  0.0,  0.0
1746535.54870570, 44855.254301, 10.000,    0.0,    2.0, -2.0,  0.00,  0.00,  0.00,  0.0,  0.0,  0.0
1746535.55120570, 44855.151198, 10.000,    0.0,    2.0, -2.0,  0.00,  0.00,  0.00,  0.0,  0.0,  0.0
1746535.55370570, 44855.048095, 10.000,    0.0,    2.0, -2.0,  0.00,  0.00,  0.00,  0.0,  0.0,  0.0
1746535.55620570, 44854.870708, 10.000,    0.0,    2.0, -2.0,  0.00,  0.00,  0.00,  0.0,  0.0,  0.0
1746535.55870570, 44855.006127, 10.000,    0.0,    2.0, -2.0,  0.00,  0.00,  0.00,  0.0,  0.0,  0.0
1746535.56120570, 44855.277382, 10.000,    0.0,    2.0, -2.0,  0.00,  0.00,  0.00,  0.0,  0.0,  0.0
1746535.56370570, 44855.380366, 10.000,    0.0,    2.0, -2.0,  0.00,  0.00,  0.00,  0.0,  0.0,  0.0
1746535.56620570, 44855.380366, 10.000,    0.0,    2.0, -2.0,  0.00,  0.00,  0.00,  0.0,  0.0,  0.0
1746535.56870570, 44855.380067, 10.000,    0.0,    2.0, -2.0,  0.00,  0.00,  0.00,  0.0,  0.0,  0.0
1746535.57120570, 44855.371792, 10.000,    0.0,    2.0, -2.0,  0.00,  0.00,  0.00,  0.0,  0.0,  0.0
1746535.57370570, 44855.435970, 10.000,    0.0,    2.0, -2.0,  0.00,  0.00,  0.00,  0.0,  0.0,  0.0
1746535.57620570, 44855.444511, 10.000,    0.0,    2.0, -2.0,  0.00,  0.00,  0.00,  0.0,  0.0,  0.0
1746535.57870570, 44855.444511, 10.000,    0.0,    2.0, -2.0,  0.00,  0.00,  0.00,  0.0,  0.0,  0.0
1746535.58120570, 44855.140969, 10.000,    0.0,    2.0, -2.0,  0.00,  0.00,  0.00,  0.0,  0.0,  0.0
1746535.58370570, 44855.515624, 10.000,    0.0,    2.0, -2.0,  0.00,  0.00,  0.00,  0.0,  0.0,  0.0
1746535.58620570, 44855.623094, 10.000,    0.0,    2.0, -2.0,  0.00,  0.00,  0.00,  0.0,  0.0,  0.0
1746535.58870570, 44855.520993, 10.000,    0.0,    2.0, -2.0,  0.00,  0.00,  0.00,  0.0,  0.0,  0.0
1746535.59120570, 44855.418891, 10.000,    0.0,    2.0, -2.0,  0.00,  0.00,  0.00,  0.0,  0.0,  0.0
1746535.59370570, 44855.316789, 10.000,    0.0,    2.0, -2.0,  0.00,  0.00,  0.00,  0.0,  0.0,  0.0
1746535.59620570, 44855.229681, 10.000,    0.0,    2.0, -2.0,  0.00,  0.00,  0.00,  0.0,  0.0,  0.0
1746535.59870570, 44855.168522, 10.000,    0.0,    2.0, -2.0,  0.00,  0.00,  0.00,  0.0,  0.0,  0.0
1746535.60120570, 44855.107363, 10.000,    0.0,    2.0, -2.0,  0.00,  0.00,  0.00,  0.0,  0.0,  0.0
1746535.60370570, 44855.046205, 10.000,    0.0,    2.0, -2.0,  0.00,  0.00,  0.00,  0.0,  0.0,  0.0
1746535.60620570, 44854.985046, 10.000,    0.0,    2.0, -2.0,  0.00,  0.00,  0.00,  0.0,  0.0,  0.0
1746535.60870570, 44855.134534, 10.000,    0.0,    2.0, -2.0,  0.00,  0.00,  0.00,  0.0,  0.0,  0.0
1746535.61120570, 44855.284850, 10.000,    0.0,    2.0, -2.0,  0.00,  0.00,  0.00,  0.0,  0.0,  0.0
1746535.61370570, 44855.379458, 10.000,    0.0,    2.0, -2.0,  0.00,  0.00,  0.00,  0.0,  0.0,  0.0
1746535.61620570, 44854.970975, 10.000,    0.0,    2.0, -2.0,  0.00,  0.00,  0.00,  0.0,  0.0,  0.0
1746535.61870570, 44855.213943, 10.000,    0.0,    2.0, -2.0,  0.00,  0.00,  0.00,  0.0,  0.0,  0.0
1746535.62120570, 44855.088155, 10.000,    0.0,    2.0, -2.0,  0.00,  0.00,  0.00,  0.0,  0.0,  0.0
1746535.62620570, 44855.878043, 10.000,    0.0,    2.0, -2.0,  0.00,  0.00,  0.00,  0.0,  0.0,  0.0
1746535.62870570, 44855.642947, 10.000,    0.0,    2.0, -2.0,  0.00,  0.00,  0.00,  0.0,  0.0,  0.0
1746535.63120570, 44855.407851, 10.000,    0.0,    2.0, -2.0,  0.00,  0.00,  0.00,  0.0,  0.0,  0.0
1746535.63370570, 44855.143788, 10.000,    0.0,    2.0, -2.0,  0.00,  0.00,  0.00,  0.0,  0.0,  0.0
1746535.63620570, 44854.915083, 10.000,    0.0,    2.0, -2.0,  0.00,  0.00,  0.00,  0.0,  0.0,  0.0
1746535.63870570, 44855.179461, 10.000,    0.0,    2.0, -2.0,  0.00,  0.00,  0.00,  0.0,  0.0,  0.0
1746535.64120570, 44855.419542, 10.000,    0.0,    2.0, -2.0,  0.00,  0.00,  0.00,  0.0,  0.0,  0.0
1746535.64370570, 44855.328144, 10.000,    0.0,    2.0, -2.0,  0.00,  0.00,  0.00,  0.0,  0.0,  0.0
1746535.64620570, 44855.236747, 10.000,    0.0,    2.0, -2.0,  0.00,  0.00,  0.00,  0.0,  0.0,  0.0
1746535.64870570, 44855.145350, 10.000,    0.0,    2.0, -2.0,  0.00,  0.00,  0.00,  0.0,  0.0,  0.0
1746535.65120570, 44855.053952, 10.000,    0.0,    2.0, -2.0,  0.00,  0.00,  0.00,  0.0,  0.0,  0.0
1746535.65370570, 44854.962555, 10.000,    0.0,    2.0, -2.0,  0.00,  0.00,  0.00,  0.0,  0.0,  0.0
1746535.65620570, 44854.871158, 10.000,    0.0,    2.0, -2.0,  0.00,  0.00,  0.00,  0.0,  0.0,  0.0
1746535.65870570, 44855.020429, 10.000,    0.0,    2.0, -2.0,  0.00,  0.00,  0.00,  0.0,  0.0,  0.0
1746535.66120570, 44855.027570, 10.000,    0.0,    2.0, -2.0,  0.00,  0.00,  0.00,  0.0,  0.0,  0.0
1746535.66370570, 44855.302840, 10.000,    0.0,    2.0, -2.0,  0.00,  0.00,  0.00,  0.0,  0.0,  0.0
1746535.66620570, 44855.519949, 10.000,    0.0,    2.0, -2.0,  0.00,  0.00,  0.00,  0.0,  0.0,  0.0
1746535.66870570, 44855.130529, 10.000,    0.0,    2.0, -2.0,  0.00,  0.00,  0.00,  0.0,  0.0,  0.0
1746535.67120570, 44854.871871, 10.000,    0.0,    2.0, -2.0,  0.00,  0.00,  0.00,  0.0,  0.0,  0.0
1746535.67370570, 44854.923681, 10.000,    0.0,    2.0, -2.0,  0.00,  0.00,  0.00,  0.0,  0.0,  0.0
1746535.67620570, 44854.975490, 10.000,    0.0,    2.0, -2.0,  0.00,  0.00,  0.00,  0.0,  0.0,  0.0
1746535.67870570, 44855.027300, 10.000,    0.0,    2.0, -2.0,  0.00,  0.00,  0.00,  0.0,  0.0,  0.0
1746535.68120570, 44855.205346, 10.000,    0.0,    2.0, -2.0,  0.00,  0.00,  0.00,  0.0,  0.0,  0.0
1746535.68370570, 44855.328309, 10.000,    0.0,    2.0, -2.0,  0.00,  0.00,  0.00,  0.0,  0.0,  0.0
1746535.68620570, 44855.418209, 10.000,    0.0,    2.0, -2.0,  0.00,  0.00,  0.00,  0.0,  0.0,  0.0
1746535.68870570, 44855.505108, 10.000,    0.0,    2.0, -2.0,  0.00,  0.00,  0.00,  0.0,  0.0,  0.0
1746535.69120570, 44855.568403, 10.000,    0.0,    2.0, -2.0,  0.00,  0.00,  0.00,  0.0,  0.0,  0.0
1746535.69370570, 44855.631699, 10.000,    0.0,    2.0, -2.0,  0.00,  0.00,  0.00,  0.0,  0.0,  0.0
1746535.69620570, 44855.480568, 10.000,    0.0,    2.0, -2.0,  0.00,  0.00,  0.00,  0.0,  0.0,  0.0
1746535.69870570, 44855.362965, 10.000,    0.0,    2.0, -2.0,  0.00,  0.00,  0.00,  0.0,  0.0,  0.0
1746535.70120570, 44855.160230, 10.000,    0.0,    2.0, -2.0,  0.00,  0.00,  0.00,  0.0,  0.0,  0.0
1746535.70370570, 44855.275485, 10.000,    0.0,    2.0, -2.0,  0.00,  0.00,  0.00,  0.0,  0.0,  0.0
1746535.70620570, 44855.271951, 10.000,    0.0,    2.0, -2.0,  0.00,  0.00,  0.00,  0.0,  0.0,  0.0
1746535.70870570, 44855.044987, 10.000,    0.0,    2.0, -2.0,  0.00,  0.00,  0.00,  0.0,  0.0,  0.0
1746535.71120570, 44855.157387, 10.000,    0.0,    2.0, -2.0,  0.00,  0.00,  0.00,  0.0,  0.0,  0.0
1746535.71370570, 44855.404177, 10.000,    0.0,    2.0, -2.0,  0.00,  0.00,  0.00,  0.0,  0.0,  0.0
1746535.71620570, 44855.531483, 10.000,    0.0,    2.0, -2.0,  0.00,  0.00,  0.00,  0.0,  0.0,  0.0
1746535.71870570, 44855.888849, 10.000,    0.0,    2.0, -2.0,  0.00,  0.00,  0.00,  0.0,  0.0,  0.0
1746535.72120570, 44856.103900, 10.000,    0.0,    2.0, -2.0,  0.00,  0.00,  0.00,  0.0,  0.0,  0.0
1746535.72370570, 44855.938357, 10.000,    0.0,    2.0, -2.0,  0.00,  0.00,  0.00,  0.0,  0.0,  0.0
1746535.72620570, 44855.710373, 10.000,    0.0,    2.0, -2.0,  0.00,  0.00,  0.00,  0.0,  0.0,  0.0
1746535.72870570, 44855.482389, 10.000,    0.0,    2.0, -2.0,  0.00,  0.00,  0.00,  0.0,  0.0,  0.0
1746535.73120570, 44855.254406, 10.000,    0.0,    2.0, -2.0,  0.00,  0.00,  0.00,  0.0,  0.0,  0.0
1746535.73370570, 44855.027570, 10.000,    0.0,    2.0, -2.0,  0.00,  0.00,  0.00,  0.0,  0.0,  0.0
1746535.73620570, 44855.027570, 10.000,    0.0,    2.0, -2.0,  0.00,  0.00,  0.00,  0.0,  0.0,  0.0
1746535.73870570, 44855.027570, 10.000,    0.0,    2.0, -2.0,  0.00,  0.00,  0.00,  0.0,  0.0,  0.0
1746535.74120570, 44855.027570, 10.000,    0.0,    2.0, -2.0,  0.00,  0.00,  0.00,  0.0,  0.0,  0.0
1746535.74370570, 44855.027570, 10.000,    0.0,    2.0, -2.0,  0.00,  0.00,  0.00,  0.0,  0.0,  0.0
1746535.74620570, 44855.418834, 10.000,    0.0,    2.0, -2.0,  0.00,  0.00,  0.00,  0.0,  0.0,  0.0
1746535.74870570, 44855.225374, 10.000,    0.0,    2.0, -2.0,  0.00,  0.00,  0.00,  0.0,  0.0,  0.0
1746535.75120570, 44854.975973, 10.000,    0.0,    2.0, -2.0,  0.00,  0.00,  0.00,  0.0,  0.0,  0.0
1746535.75370570, 44855.065523, 10.000,    0.0,    2.0, -2.0,  0.00,  0.00,  0.00,  0.0,  0.0,  0.0
1746535.75620570, 44855.280983, 10.000,    0.0,    2.0, -2.0,  0.00,  0.00,  0.00,  0.0,  0.0,  0.0
1746535.75870570, 44854.965240, 10.000,    0.0,    2.0, -2.0,  0.00,  0.00,  0.00,  0.0,  0.0,  0.0
1746535.76120570, 44855.167074, 10.000,    0.0,    2.0, -2.0,  0.00,  0.00,  0.00,  0.0,  0.0,  0.0
1746535.76370570, 44855.302350, 10.000,    0.0,    2.0, -2.0,  0.00,  0.00,  0.00,  0.0,  0.0,  0.0
1746535.76620570, 44855.068963, 10.000,    0.0,    2.0, -2.0,  0.00,  0.00,  0.00,  0.0,  0.0,  0.0
1746535.76870570, 44855.266046, 10.000,    0.0,    2.0, -2.0,  0.00,  0.00,  0.00,  0.0,  0.0,  0.0
1746535.77120570, 44855.463129, 10.000,    0.0,    2.0, -2.0,  0.00,  0.00,  0.00,  0.0,  0.0,  0.0
1746535.77370570, 44855.177241, 10.000,    0.0,    2.0, -2.0,  0.00,  0.00,  0.00,  0.0,  0.0,  0.0
1746535.77620570, 44855.177241, 10.000,    0.0,    2.0, -2.0,  0.00,  0.00,  0.00,  0.0,  0.0,  0.0
1746535.77870570, 44855.177241, 10.000,    0.0,    2.0, -2.0,  0.00,  0.00,  0.00,  0.0,  0.0,  0.0
1746535.78120570, 44855.226567, 10.000,    0.0,    2.0, -2.0,  0.00,  0.00,  0.00,  0.0,  0.0,  0.0
1746535.78370570, 44855.355674, 10.000,    0.0,    2.0, -2.0,  0.00,  0.00,  0.00,  0.0,  0.0,  0.0
1746535.78620570, 44855.382569, 10.000,    0.0,    2.0, -2.0,  0.00,  0.00,  0.00,  0.0,  0.0,  0.0
1746535.78870570, 44855.242903, 10.000,    0.0,    2.0, -2.0,  0.00,  0.00,  0.00,  0.0,  0.0,  0.0
1746535.79120570, 44855.103238, 10.000,    0.0,    2.0, -2.0,  0.00,  0.00,  0.00,  0.0,  0.0,  0.0
1746535.79370570, 44854.963572, 10.000,    0.0,    2.0, -2.0,  0.00,  0.00,  0.00,  0.0,  0.0,  0.0
1746535.79620570, 44855.263084, 10.000,    0.0,    2.0, -2.0,  0.00,  0.00,  0.00,  0.0,  0.0,  0.0
1746535.79870570, 44855.264047, 10.000,    0.0,    2.0, -2.0,  0.00,  0.00,  0.00,  0.0,  0.0,  0.0
1746535.80120570, 44855.265011, 10.000,    0.0,    2.0, -2.0,  0.00,  0.00,  0.00,  0.0,  0.0,  0.0
1746535.80370570, 44855.265974, 10.000,    0.0,    2.0, -2.0,  0.00,  0.00,  0.00,  0.0,  0.0,  0.0
1746535.80620570, 44855.266938, 10.000,    0.0,    2.0, -2.0,  0.00,  0.00,  0.00,  0.0,  0.0,  0.0
1746535.80870570, 44855.267901, 10.000,    0.0,    2.0, -2.0,  0.00,  0.00,  0.00,  0.0,  0.0,  0.0
1746535.81120570, 44855.268864, 10.000,    0.0,    2.0, -2.0,  0.00,  0.00,  0.00,  0.0,  0.0,  0.0
1746535.81370570, 44855.269828, 10.000,    0.0,    2.0, -2.0,  0.00,  0.00,  0.00,  0.0,  0.0,  0.0
1746535.81620570, 44855.270791, 10.000,    0.0,    2.0, -2.0,  0.00,  0.00,  0.00,  0.0,  0.0,  0.0
1746535.81870570, 44855.271754, 10.000,    0.0,    2.0, -2.0,  0.00,  0.00,  0.00,  0.0,  0.0,  0.0
1746535.82120570, 44855.272718, 10.000,    0.0,    2.0, -2.0,  0.00,  0.00,  0.00,  0.0,  0.0,  0.0
1746535.82370570, 44855.314141, 10.000,    0.0,    2.0, -2.0,  0.00,  0.00,  0.00,  0.0,  0.0,  0.0
1746535.82620570, 44855.490102, 10.000,    0.0,    2.0, -2.0,  0.00,  0.00,  0.00,  0.0,  0.0,  0.0
1746535.82870570, 44855.666064, 10.000,    0.0,    2.0, -2.0,  0.00,  0.00,  0.00,  0.0,  0.0,  0.0
1746535.83120570, 44855.601172, 10.000,    0.0,    2.0, -2.0,  0.00,  0.00,  0.00,  0.0,  0.0,  0.0
1746535.83370570, 44855.225225, 10.000,    0.0,    2.0, -2.0,  0.00,  0.00,  0.00,  0.0,  0.0,  0.0
1746535.83620570, 44854.896305, 10.000,    0.0,    2.0, -2.0,  0.00,  0.00,  0.00,  0.0,  0.0,  0.0
1746535.83870570, 44854.768029, 10.000,    0.0,    2.0, -2.0,  0.00,  0.00,  0.00,  0.0,  0.0,  0.0
1746535.84120570, 44855.430662, 10.000,    0.0,    2.0, -2.0,  0.00,  0.00,  0.00,  0.0,  0.0,  0.0
1746535.84370570, 44855.500293, 10.000,    0.0,    2.0, -2.0,  0.00,  0.00,  0.00,  0.0,  0.0,  0.0
1746535.84870570, 44855.489410, 10.000,    0.0,    2.0, -2.0,  0.00,  0.00,  0.00,  0.0,  0.0,  0.0
1746535.85120570, 44855.634858, 10.000,    0.0,    2.0, -2.0,  0.00,  0.00,  0.00,  0.0,  0.0,  0.0
1746535.85370570, 44855.137854, 10.000,    0.0,    2.0, -2.0,  0.00,  0.00,  0.00,  0.0,  0.0,  0.0
1746535.85620570, 44855.423930, 10.000,    0.0,    2.0, -2.0,  0.00,  0.00,  0.00,  0.0,  0.0,  0.0
1746535.85870570, 44855.883777, 10.000,    0.0,    2.0, -2.0,  0.00,  0.00,  0.00,  0.0,  0.0,  0.0
1746535.86120570, 44855.667713, 10.000,    0.0,    2.0, -2.0,  0.00,  0.00,  0.00,  0.0,  0.0,  0.0
1746535.86370570, 44855.451650, 10.000,    0.0,    2.0, -2.0,  0.00,  0.00,  0.00,  0.0,  0.0,  0.0
1746535.86620570, 44855.342234, 10.000,    0.0,    2.0, -2.0,  0.00,  0.00,  0.00,  0.0,  0.0,  0.0
1746535.86870570, 44855.142726, 10.000,    0.0,    2.0, -2.0,  0.00,  0.00,  0.00,  0.0,  0.0,  0.0
1746535.87120570, 44855.237838, 10.000,    0.0,    2.0, -2.0,  0.00,  0.00,  0.00,  0.0,  0.0,  0.0
1746535.87370570, 44855.341732, 10.000,    0.0,    2.0, -2.0,  0.00,  0.00,  0.00,  0.0,  0.0,  0.0
1746535.87620570, 44855.280002, 10.000,    0.0,    2.0, -2.0,  0.00,  0.00,  0.00,  0.0,  0.0,  0.0
1746535.87870570, 44855.218271, 10.000,    0.0,    2.0, -2.0,  0.00,  0.00,  0.00,  0.0,  0.0,  0.0
1746535.88120570, 44855.261343, 10.000,    0.0,    2.0, -2.0,  0.00,  0.00,  0.00,  0.0,  0.0,  0.0
1746535.88370570, 44855.311575, 10.000,    0.0,    2.0, -2.0,  0.00,  0.00,  0.00,  0.0,  0.0,  0.0
1746535.88620570, 44854.919646, 10.000,    0.0,    2.0, -2.0,  0.00,  0.00,  0.00,  0.0,  0.0,  0.0
1746535.88870570, 44854.830542, 10.000,    0.0,    2.0, -2.0,  0.00,  0.00,  0.00,  0.0,  0.0,  0.0
1746535.89120570, 44855.030532, 10.000,    0.0,    2.0, -2.0,  0.00,  0.00,  0.00,  0.0,  0.0,  0.0
1746535.89370570, 44855.230522, 10.000,    0.0,    2.0, -2.0,  0.00,  0.00,  0.00,  0.0,  0.0,  0.0
1746535.89620570, 44855.216516, 10.000,    0.0,    2.0, -2.0,  0.00,  0.00,  0.00,  0.0,  0.0,  0.0
1746535.89870570, 44855.209314, 10.000,    0.0,    2.0, -2.0,  0.00,  0.00,  0.00,  0.0,  0.0,  0.0
1746535.90120570, 44855.209314, 10.000,    0.0,    2.0, -2.0,  0.00,  0.00,  0.00,  0.0,  0.0,  0.0
1746535.90370570, 44855.209314, 10.000,    0.0,    2.0, -2.0,  0.00,  0.00,  0.00,  0.0,  0.0,  0.0
1746535.90620570, 44855.212062, 10.000,    0.0,    2.0, -2.0,  0.00,  0.00,  0.00,  0.0,  0.0,  0.0
1746535.90870570, 44855.063959, 10.000,    0.0,    2.0, -2.0,  0.00,  0.00,  0.00,  0.0,  0.0,  0.0
1746535.91120570, 44855.046800, 10.000,    0.0,    2.0, -2.0,  0.00,  0.00,  0.00,  0.0,  0.0,  0.0
1746535.91370570, 44855.152085, 10.000,    0.0,    2.0, -2.0,  0.00,  0.00,  0.00,  0.0,  0.0,  0.0
1746535.91620570, 44855.160434, 10.000,    0.0,    2.0, -2.0,  0.00,  0.00,  0.00,  0.0,  0.0,  0.0
1746535.91870570, 44854.883115, 10.000,    0.0,    2.0, -2.0,  0.00,  0.00,  0.00,  0.0,  0.0,  0.0
1746535.92120570, 44855.099708, 10.000,    0.0,    2.0, -2.0,  0.00,  0.00,  0.00,  0.0,  0.0,  0.0
1746535.92370570, 44855.270969, 10.000,    0.0,    2.0, -2.0,  0.00,  0.00,  0.00,  0.0,  0.0,  0.0
1746535.92620570, 44855.062165, 10.000,    0.0,    2.0, -2.0,  0.00,  0.00,  0.00,  0.0,  0.0,  0.0
1746535.92870570, 44854.977306, 10.000,    0.0,    2.0, -2.0,  0.00,  0.00,  0.00,  0.0,  0.0,  0.0
1746535.93120570, 44855.225665, 10.000,    0.0,    2.0, -2.0,  0.00,  0.00,  0.00,  0.0,  0.0,  0.0
1746535.93370570, 44855.424055, 10.000,    0.0,    2.0, -2.0,  0.00,  0.00,  0.00,  0.0,  0.0,  0.0
1746535.93620570, 44855.428570, 10.000,    0.0,    2.0, -2.0,  0.00,  0.00,  0.00,  0.0,  0.0,  0.0
1746535.93870570, 44855.433084, 10.000,    0.0,    2.0, -2.0,  0.00,  0.00,  0.00,  0.0,  0.0,  0.0
1746535.94120570, 44855.397235, 10.000,    0.0,    2.0, -2.0,  0.00,  0.00,  0.00,  0.0,  0.0,  0.0
1746535.94370570, 44855.353520, 10.000,    0.0,    2.0, -2.0,  0.00,  0.00,  0.00,  0.0,  0.0,  0.0
1746535.94620570, 44855.309805, 10.000,    0.0,    2.0, -2.0,  0.00,  0.00,  0.00,  0.0,  0.0,  0.0
1746535.94870570, 44855.266090, 10.000,    0.0,    2.0, -2.0,  0.00,  0.00,  0.00,  0.0,  0.0,  0.0
1746535.95120570, 44855.355009, 10.000,    0.0,    2.0, -2.0,  0.00,  0.00,  0.00,  0.0,  0.0,  0.0
1746535.95370570, 44855.614252, 10.000,    0.0,    2.0, -2.0,  0.00,  0.00,  0.00,  0.0,  0.0,  0.0
1746535.95620570, 44855.138830, 10.000,    0.0,    2.0, -2.0,  0.00,  0.00,  0.00,  0.0,  0.0,  0.0
1746535.95870570, 44855.124629, 10.000,    0.0,    2.0, -2.0,  0.00,  0.00,  0.00,  0.0,  0.0,  0.0
1746535.96120570, 44855.170807, 10.000,    0.0,    2.0, -2.0,  0.00,  0.00,  0.00,  0.0,  0.0,  0.0
1746535.96370570, 44855.216984, 10.000,    0.0,    2.0, -2.0,  0.00,  0.00,  0.00,  0.0,  0.0,  0.0
1746535.96620570, 44855.263162, 10.000,    0.0,    2.0, -2.0,  0.00,  0.00,  0.00,  0.0,  0.0,  0.0
1746535.96870570, 44855.309339, 10.000,    0.0,    2.0, -2.0,  0.00,  0.00,  0.00,  0.0,  0.0,  0.0
1746535.97120570, 44855.212269, 10.000,    0.0,    2.0, -2.0,  0.00,  0.00,  0.00,  0.0,  0.0,  0.0
1746535.97370570, 44855.027193, 10.000,    0.0,    2.0, -2.0,  0.00,  0.00,  0.00,  0.0,  0.0,  0.0
1746535.97620570, 44854.863256, 10.000,    0.0,    2.0, -2.0,  0.00,  0.00,  0.00,  0.0,  0.0,  0.0
1746535.97870570, 44855.546005, 10.000,    0.0,    2.0, -2.0,  0.00,  0.00,  0.00,  0.0,  0.0,  0.0
1746535.98120570, 44855.179532, 10.000,    0.0,    2.0, -2.0,  0.00,  0.00,  0.00,  0.0,  0.0,  0.0
1746535.98370570, 44855.098513, 10.000,    0.0,    2.0, -2.0,  0.00,  0.00,  0.00,  0.0,  0.0,  0.0
1746535.98620570, 44855.017495, 10.000,    0.0,    2.0, -2.0,  0.00,  0.00,  0.00,  0.0,  0.0,  0.0
1746535.98870570, 44854.936476, 10.000,    0.0,    2.0, -2.0,  0.00,  0.00,  0.00,  0.0,  0.0,  0.0
1746535.99120570, 44854.855458, 10.000,    0.0,    2.0, -2.0,  0.00,  0.00,  0.00,  0.0,  0.0,  0.0
1746535.99370570, 44855.159494, 10.000,    0.0,    2.0, -2.0,  0.00,  0.00,  0.00,  0.0,  0.0,  0.0
1746535.99620570, 44855.515483, 10.000,    0.0,    2.0, -2.0,  0.00,  0.00,  0.00,  0.0,  0.0,  0.0
1746535.99870570, 44855.649128, 10.000,    0.0,    2.0, -2.0,  0.00,  0.00,  0.00,  0.0,  0.0,  0.0
1746536.00120570, 44855.513051, 10.000,    0.0,    2.0, -2.0,  0.00,  0.00,  0.00,  0.0,  0.0,  0.0
1746536.00370570, 44855.296356, 10.000,    0.0,    2.0, -2.0,  0.00,  0.00,  0.00,  0.0,  0.0,  0.0
1746536.00620570, 44855.288077, 10.000,    0.0,    2.0, -2.0,  0.00,  0.00,  0.00,  0.0,  0.0,  0.0
1746536.00870570, 44855.501923, 10.000,    0.0,    2.0, -2.0,  0.00,  0.00,  0.00,  0.0,  0.0,  0.0
1746536.01120570, 44855.588816, 10.000,    0.0,    2.0, -2.0,  0.00,  0.00,  0.00,  0.0,  0.0,  0.0
1746536.01370570, 44855.627041, 10.000,    0.0,    2.0, -2.0,  0.00,  0.00,  0.00,  0.0,  0.0,  0.0
1746536.01620570, 44855.313333, 10.000,    0.0,    2.0, -2.0,  0.00,  0.00,  0.00,  0.0,  0.0,  0.0
1746536.01870570, 44855.284482, 10.000,    0.0,    2.0, -2.0,  0.00,  0.00,  0.00,  0.0,  0.0,  0.0
1746536.02120570, 44854.898977, 10.000,    0.0,    2.0, -2.0,  0.00,  0.00,  0.00,  0.0,  0.0,  0.0
1746536.02370570, 44854.832584, 10.000,    0.0,    2.0, -2.0,  0.00,  0.00,  0.00,  0.0,  0.0,  0.0
1746536.02620570, 44854.766190, 10.000,    0.0,    2.0, -2.0,  0.00,  0.00,  0.00,  0.0,  0.0,  0.0
1746536.02870570, 44854.814444, 10.000,    0.0,    2.0, -2.0,  0.00,  0.00,  0.00,  0.0,  0.0,  0.0
1746536.03120570, 44854.942619, 10.000,    0.0,    2.0, -2.0,  0.00,  0.00,  0.00,  0.0,  0.0,  0.0
1746536.03370570, 44855.412686, 10.000,    0.0,    2.0, -2.0,  0.00,  0.00,  0.00,  0.0,  0.0,  0.0
1746536.03620570, 44855.280750, 10.000,    0.0,    2.0, -2.0,  0.00,  0.00,  0.00,  0.0,  0.0,  0.0
1746536.03870570, 44854.833400, 10.000,    0.0,    2.0, -2.0,  0.00,  0.00,  0.00,  0.0,  0.0,  0.0
1746536.04120570, 44855.111382, 10.000,    0.0,    2.0, -2.0,  0.00,  0.00,  0.00,  0.0,  0.0,  0.0
1746536.04370570, 44855.447013, 10.000,    0.0,    2.0, -2.0,  0.00,  0.00,  0.00,  0.0,  0.0,  0.0
1746536.04620570, 44855.423822, 10.000,    0.0,    2.0, -2.0,  0.00,  0.00,  0.00,  0.0,  0.0,  0.0
1746536.04870570, 44855.400631, 10.000,    0.0,    2.0, -2.0,  0.00,  0.00,  0.00,  0.0,  0.0,  0.0
1746536.05120570, 44855.377441, 10.000,    0.0,    2.0, -2.0,  0.00,  0.00,  0.00,  0.0,  0.0,  0.0
1746536.05370570, 44855.354250, 10.000,    0.0,    2.0, -2.0,  0.00,  0.00,  0.00,  0.0,  0.0,  0.0
1746536.05620570, 44855.331059, 10.000,    0.0,    2.0, -2.0,  0.00,  0.00,  0.00,  0.0,  0.0,  0.0
1746536.05870570, 44855.110625, 10.000,    0.0,    2.0, -2.0,  0.00,  0.00,  0.00,  0.0,  0.0,  0.0
1746536.06120570, 44854.666010, 10.000,    0.0,    2.0, -2.0,  0.00,  0.00,  0.00,  0.0,  0.0,  0.0
1746536.06370570, 44855.043671, 10.000,    0.0,    2.0, -2.0,  0.00,  0.00,  0.00,  0.0,  0.0,  0.0
1746536.06620570, 44855.518415, 10.000,    0.0,    2.0, -2.0,  0.00,  0.00,  0.00,  0.0,  0.0,  0.0
1746536.06870570, 44854.855301, 10.000,    0.0,    2.0, -2.0,  0.00,  0.00,  0.00,  0.0,  0.0,  0.0
1746536.07120570, 44854.909378, 10.000,    0.0,    2.0, -2.0,  0.00,  0.00,  0.00,  0.0,  0.0,  0.0
1746536.07370570, 44855.129402, 10.000,    0.0,    2.0, -2.0,  0.00,  0.00,  0.00,  0.0,  0.0,  0.0
1746536.07620570, 44855.043251, 10.000,    0.0,    2.0, -2.0,  0.00,  0.00,  0.00,  0.0,  0.0,  0.0
1746536.07870570, 44854.868235, 10.000,    0.0,    2.0, -2.0,  0.00,  0.00,  0.00,  0.0,  0.0,  0.0
1746536.08120570, 44854.912112, 10.000,    0.0,    2.0, -2.0,  0.00,  0.00,  0.00,  0.0,  0.0,  0.0
1746536.08370570, 44854.955990, 10.000,    0.0,    2.0, -2.0,  0.00,  0.00,  0.00,  0.0,  0.0,  0.0
1746536.08620570, 44854.999867, 10.000,    0.0,    2.0, -2.0,  0.00,  0.00,  0.00,  0.0,  0.0,  0.0
1746536.08870570, 44855.263262, 10.000,    0.0,    2.0, -2.0,  0.00,  0.00,  0.00,  0.0,  0.0,  0.0
1746536.09120570, 44855.655605, 10.000,    0.0,    2.0, -2.0,  0.00,  0.00,  0.00,  0.0,  0.0,  0.0
1746536.09370570, 44855.300218, 10.000,    0.0,    2.0, -2.0,  0.00,  0.00,  0.00,  0.0,  0.0,  0.0
1746536.09620570, 44855.000736, 10.000,    0.0,    2.0, -2.0,  0.00,  0.00,  0.00,  0.0,  0.0,  0.0
1746536.09870570, 44855.323797, 10.000,    0.0,    2.0, -2.0,  0.00,  0.00,  0.00,  0.0,  0.0,  0.0
1746536.10120570, 44855.410405, 10.000,    0.0,    2.0, -2.0,  0.00,  0.00,  0.00,  0.0,  0.0,  0.0
1746536.10370570, 44855.220419, 10.000,    0.0,    2.0, -2.0,  0.00,  0.00,  0.00,  0.0,  0.0,  0.0
1746536.10620570, 44855.030434, 10.000,    0.0,    2.0, -2.0,  0.00,  0.00,  0.00,  0.0,  0.0,  0.0
1746536.10870570, 44855.037284, 10.000,    0.0,    2.0, -2.0,  0.00,  0.00,  0.00,  0.0,  0.0,  0.0
1746536.11120570, 44855.081024, 10.000,    0.0,    2.0, -2.0,  0.00,  0.00,  0.00,  0.0,  0.0,  0.0
1746536.11370570, 44855.081024, 10.000,    0.0,    2.0, -2.0,  0.00,  0.00,  0.00,  0.0,  0.0,  0.0
1746536.11620570, 44855.081024, 10.000,    0.0,    2.0, -2.0,  0.00,  0.00,  0.00,  0.0,  0.0,  0.0
1746536.11870570, 44855.081024, 10.000,    0.0,    2.0, -2.0,  0.00,  0.00,  0.00,  0.0,  0.0,  0.0
1746536.12120570, 44855.081024, 10.000,    0.0,    2.0, -2.0,  0.00,  0.00,  0.00,  0.0,  0.0,  0.0
1746536.12620570, 44855.495875, 10.000,    0.0,    2.0, -2.0,  0.00,  0.00,  0.00,  0.0,  0.0,  0.0
1746536.12870570, 44855.519347, 10.000,    0.0,    2.0, -2.0,  0.00,  0.00,  0.00,  0.0,  0.0,  0.0
1746536.13120570, 44855.519347, 10.000,    0.0,    2.0, -2.0,  0.00,  0.00,  0.00,  0.0,  0.0,  0.0
1746536.13370570, 44855.455922, 10.000,    0.0,    2.0, -2.0,  0.00,  0.00,  0.00,  0.0,  0.0,  0.0
1746536.13620570, 44855.357723, 10.000,    0.0,    2.0, -2.0,  0.00,  0.00,  0.00,  0.0,  0.0,  0.0
1746536.13870570, 44855.259523, 10.000,    0.0,    2.0, -2.0,  0.00,  0.00,  0.00,  0.0,  0.0,  0.0
1746536.14120570, 44855.121787, 10.000,    0.0,    2.0, -2.0,  0.00,  0.00,  0.00,  0.0,  0.0,  0.0
1746536.14370570, 44854.877675, 10.000,    0.0,    2.0, -2.0,  0.00,  0.00,  0.00,  0.0,  0.0,  0.0
1746536.14620570, 44854.633562, 10.000,    0.0,    2.0, -2.0,  0.00,  0.00,  0.00,  0.0,  0.0,  0.0
1746536.14870570, 44854.784987, 10.000,    0.0,    2.0, -2.0,  0.00,  0.00,  0.00,  0.0,  0.0,  0.0
1746536.15120570, 44854.938943, 10.000,    0.0,    2.0, -2.0,  0.00,  0.00,  0.00,  0.0,  0.0,  0.0
1746536.15370570, 44855.092899, 10.000,    0.0,    2.0, -2.0,  0.00,  0.00,  0.00,  0.0,  0.0,  0.0
1746536.15620570, 44855.246856, 10.000,    0.0,    2.0, -2.0,  0.00,  0.00,  0.00,  0.0,  0.0,  0.0
1746536.15870570, 44855.343259, 10.000,    0.0,    2.0, -2.0,  0.00,  0.00,  0.00,  0.0,  0.0,  0.0
1746536.16120570, 44855.265752, 10.000,    0.0,    2.0, -2.0,  0.00,  0.00,  0.00,  0.0,  0.0,  0.0
1746536.16370570, 44855.149072, 10.000,    0.0,    2.0, -2.0,  0.00,  0.00,  0.00,  0.0,  0.0,  0.0
1746536.16620570, 44855.019231, 10.000,    0.0,    2.0, -2.0,  0.00,  0.00,  0.00,  0.0,  0.0,  0.0
1746536.16870570, 44855.163305, 10.000,    0.0,    2.0, -2.0,  0.00,  0.00,  0.00,  0.0,  0.0,  0.0
1746536.17120570, 44855.357995, 10.000,    0.0,    2.0, -2.0,  0.00,  0.00,  0.00,  0.0,  0.0,  0.0
1746536.17370570, 44855.340082, 10.000,    0.0,    2.0, -2.0,  0.00,  0.00,  0.00,  0.0,  0.0,  0.0
1746536.17620570, 44855.322169, 10.000,    0.0,    2.0, -2.0,  0.00,  0.00,  0.00,  0.0,  0.0,  0.0
1746536.17870570, 44855.239234, 10.000,    0.0,    2.0, -2.0,  0.00,  0.00,  0.00,  0.0,  0.0,  0.0
1746536.18120570, 44855.123975, 10.000,    0.0,    2.0, -2.0,  0.00,  0.00,  0.00,  0.0,  0.0,  0.0
1746536.18370570, 44855.008716, 10.000,    0.0,    2.0, -2.0,  0.00,  0.00,  0.00,  0.0,  0.0,  0.0
1746536.18620570, 44855.101864, 10.000,    0.0,    2.0, -2.0,  0.00,  0.00,  0.00,  0.0,  0.0,  0.0
1746536.18870570, 44855.030876, 10.000,    0.0,    2.0, -2.0,  0.00,  0.00,  0.00,  0.0,  0.0,  0.0
1746536.19120570, 44855.462258, 10.000,    0.0,    2.0, -2.0,  0.00,  0.00,  0.00,  0.0,  0.0,  0.0
1746536.19370570, 44855.551419, 10.000,    0.0,    2.0, -2.0,  0.00,  0.00,  0.00,  0.0,  0.0,  0.0
1746536.19620570, 44855.466995, 10.000,    0.0,    2.0, -2.0,  0.00,  0.00,  0.00,  0.0,  0.0,  0.0
1746536.19870570, 44855.199288, 10.000,    0.0,    2.0, -2.0,  0.00,  0.00,  0.00,  0.0,  0.0,  0.0
1746536.20120570, 44854.931580, 10.000,    0.0,    2.0, -2.0,  0.00,  0.00,  0.00,  0.0,  0.0,  0.0
1746536.20370570, 44854.947399, 10.000,    0.0,    2.0, -2.0,  0.00,  0.00,  0.00,  0.0,  0.0,  0.0
1746536.20620570, 44854.988113, 10.000,    0.0,    2.0, -2.0,  0.00,  0.00,  0.00,  0.0,  0.0,  0.0
1746536.20870570, 44855.028827, 10.000,    0.0,    2.0, -2.0,  0.00,  0.00,  0.00,  0.0,  0.0,  0.0
1746536.21120570, 44855.069541, 10.000,    0.0,    2.0, -2.0,  0.00,  0.00,  0.00,  0.0,  0.0,  0.0
1746536.21370570, 44855.284120, 10.000,    0.0,    2.0, -2.0,  0.00,  0.00,  0.00,  0.0,  0.0,  0.0
1746536.21620570, 44855.523953, 10.000,    0.0,    2.0, -2.0,  0.00,  0.00,  0.00,  0.0,  0.0,  0.0
1746536.21870570, 44855.512781, 10.000,    0.0,    2.0, -2.0,  0.00,  0.00,  0.00,  0.0,  0.0,  0.0
1746536.22120570, 44855.437598, 10.000,    0.0,    2.0, -2.0,  0.00,  0.00,  0.00,  0.0,  0.0,  0.0
1746536.22370570, 44855.362414, 10.000,    0.0,    2.0, -2.0,  0.00,  0.00,  0.00,  0.0,  0.0,  0.0
1746536.22620570, 44855.318789, 10.000,    0.0,    2.0, -2.0,  0.00,  0.00,  0.00,  0.0,  0.0,  0.0
1746536.22870570, 44855.373259, 10.000,    0.0,    2.0, -2.0,  0.00,  0.00,  0.00,  0.0,  0.0,  0.0
1746536.23120570, 44855.427729, 10.000,    0.0,    2.0, -2.0,  0.00,  0.00,  0.00,  0.0,  0.0,  0.0
1746536.23370570, 44855.454984, 10.000,    0.0,    2.0, -2.0,  0.00,  0.00,  0.00,  0.0,  0.0,  0.0
1746536.23620570, 44855.245436, 10.000,    0.0,    2.0, -2.0,  0.00,  0.00,  0.00,  0.0,  0.0,  0.0
1746536.23870570, 44855.083337, 10.000,    0.0,    2.0, -2.0,  0.00,  0.00,  0.00,  0.0,  0.0,  0.0
1746536.24120570, 44855.240527, 10.000,    0.0,    2.0, -2.0,  0.00,  0.00,  0.00,  0.0,  0.0,  0.0
1746536.24370570, 44855.319088, 10.000,    0.0,    2.0, -2.0,  0.00,  0.00,  0.00,  0.0,  0.0,  0.0
1746536.24620570, 44855.230695, 10.000,    0.0,    2.0, -2.0,  0.00,  0.00,  0.00,  0.0,  0.0,  0.0
1746536.24870570, 44855.230695, 10.000,    0.0,    2.0, -2.0,  0.00,  0.00,  0.00,  0.0,  0.0,  0.0
1746536.25120570, 44855.230695, 10.000,    0.0,    2.0, -2.0,  0.00,  0.00,  0.00,  0.0,  0.0,  0.0
1746536.25370570, 44855.232227, 10.000,    0.0,    2.0, -2.0,  0.00,  0.00,  0.00,  0.0,  0.0,  0.0
1746536.25620570, 44855.303274, 10.000,    0.0,    2.0, -2.0,  0.00,  0.00,  0.00,  0.0,  0.0,  0.0
1746536.25870570, 44855.305531, 10.000,    0.0,    2.0, -2.0,  0.00,  0.00,  0.00,  0.0,  0.0,  0.0
1746536.26120570, 44855.305531, 10.000,    0.0,    2.0, -2.0,  0.00,  0.00,  0.00,  0.0,  0.0,  0.0
1746536.26370570, 44854.993370, 10.000,    0.0,    2.0, -2.0,  0.00,  0.00,  0.00,  0.0,  0.0,  0.0
1746536.26620570, 44855.295129, 10.000,    0.0,    2.0, -2.0,  0.00,  0.00,  0.00,  0.0,  0.0,  0.0
1746536.26870570, 44855.204762, 10.000,    0.0,    2.0, -2.0,  0.00,  0.00,  0.00,  0.0,  0.0,  0.0
1746536.27120570, 44854.985742, 10.000,    0.0,    2.0, -2.0,  0.00,  0.00,  0.00,  0.0,  0.0,  0.0
1746536.27370570, 44854.766722, 10.000,    0.0,    2.0, -2.0,  0.00,  0.00,  0.00,  0.0,  0.0,  0.0
1746536.27620570, 44854.781635, 10.000,    0.0,    2.0, -2.0,  0.00,  0.00,  0.00,  0.0,  0.0,  0.0
1746536.27870570, 44855.060011, 10.000,    0.0,    2.0, -2.0,  0.00,  0.00,  0.00,  0.0,  0.0,  0.0
1746536.28120570, 44855.161717, 10.000,    0.0,    2.0, -2.0,  0.00,  0.00,  0.00,  0.0,  0.0,  0.0
1746536.28370570, 44855.184013, 10.000,    0.0,    2.0, -2.0,  0.00,  0.00,  0.00,  0.0,  0.0,  0.0
1746536.28620570, 44855.151212, 10.000,    0.0,    2.0, -2.0,  0.00,  0.00,  0.00,  0.0,  0.0,  0.0
1746536.28870570, 44855.398738, 10.000,    0.0,    2.0, -2.0,  0.00,  0.00,  0.00,  0.0,  0.0,  0.0
1746536.29120570, 44855.474756, 10.000,    0.0,    2.0, -2.0,  0.00,  0.00,  0.00,  0.0,  0.0,  0.0
1746536.29370570, 44855.550773, 10.000,    0.0,    2.0, -2.0,  0.00,  0.00,  0.00,  0.0,  0.0,  0.0
1746536.29620570, 44855.626790, 10.000,    0.0,    2.0, -2.0,  0.00,  0.00,  0.00,  0.0,  0.0,  0.0
1746536.29870570, 44855.549754, 10.000,    0.0,    2.0, -2.0,  0.00,  0.00,  0.00,  0.0,  0.0,  0.0
1746536.30120570, 44855.268849, 10.000,    0.0,    2.0, -2.0,  0.00,  0.00,  0.00,  0.0,  0.0,  0.0
1746536.30370570, 44855.081024, 10.000,    0.0,    2.0, -2.0,  0.00,  0.00,  0.00,  0.0,  0.0,  0.0
1746536.30620570, 44855.081024, 10.000,    0.0,    2.0, -2.0,  0.00,  0.00,  0.00,  0.0,  0.0,  0.0
1746536.30870570, 44855.081024, 10.000,    0.0,    2.0, -2.0,  0.00,  0.00,  0.00,  0.0,  0.0,  0.0
1746536.31120570, 44855.501266, 10.000,    0.0,    2.0, -2.0,  0.00,  0.00,  0.00,  0.0,  0.0,  0.0
1746536.31370570, 44855.540729, 10.000,    0.0,    2.0, -2.0,  0.00,  0.00,  0.00,  0.0,  0.0,  0.0
1746536.31620570, 44855.345889, 10.000,    0.0,    2.0, -2.0,  0.00,  0.00,  0.00,  0.0,  0.0,  0.0
1746536.31870570, 44855.117052, 10.000,    0.0,    2.0, -2.0,  0.00,  0.00,  0.00,  0.0,  0.0,  0.0
1746536.32120570, 44855.272748, 10.000,    0.0,    2.0, -2.0,  0.00,  0.00,  0.00,  0.0,  0.0,  0.0
1746536.32370570, 44855.275667, 10.000,    0.0,    2.0, -2.0,  0.00,  0.00,  0.00,  0.0,  0.0,  0.0
1746536.32620570, 44855.061701, 10.000,    0.0,    2.0, -2.0,  0.00,  0.00,  0.00,  0.0,  0.0,  0.0
1746536.32870570, 44855.285474, 10.000,    0.0,    2.0, -2.0,  0.00,  0.00,  0.00,  0.0,  0.0,  0.0
1746536.33120570, 44855.017758, 10.000,    0.0,    2.0, -2.0,  0.00,  0.00,  0.00,  0.0,  0.0,  0.0
1746536.33370570, 44854.678945, 10.000,    0.0,    2.0, -2.0,  0.00,  0.00,  0.00,  0.0,  0.0,  0.0
1746536.33620570, 44854.827323, 10.000,    0.0,    2.0, -2.0,  0.00,  0.00,  0.00,  0.0,  0.0,  0.0
1746536.33870570, 44854.975702, 10.000,    0.0,    2.0, -2.0,  0.00,  0.00,  0.00,  0.0,  0.0,  0.0
1746536.34120570, 44854.803063, 10.000,    0.0,    2.0, -2.0,  0.00,  0.00,  0.00,  0.0,  0.0,  0.0
1746536.34370570, 44854.830245, 10.000,    0.0,    2.0, -2.0,  0.00,  0.00,  0.00,  0.0,  0.0,  0.0
1746536.34620570, 44855.499104, 10.000,    0.0,    2.0, -2.0,  0.00,  0.00,  0.00,  0.0,  0.0,  0.0
1746536.34870570, 44855.088259, 10.000,    0.0,    2.0, -2.0,  0.00,  0.00,  0.00,  0.0,  0.0,  0.0
1746536.35120570, 44855.184767, 10.000,    0.0,    2.0, -2.0,  0.00,  0.00,  0.00,  0.0,  0.0,  0.0
1746536.35370570, 44855.414831, 10.000,    0.0,    2.0, -2.0,  0.00,  0.00,  0.00,  0.0,  0.0,  0.0
1746536.35620570, 44855.644896, 10.000,    0.0,    2.0, -2.0,  0.00,  0.00,  0.00,  0.0,  0.0,  0.0
1746536.35870570, 44855.282472, 10.000,    0.0,    2.0, -2.0,  0.00,  0.00,  0.00,  0.0,  0.0,  0.0
1746536.36120570, 44854.814407, 10.000,    0.0,    2.0, -2.0,  0.00,  0.00,  0.00,  0.0,  0.0,  0.0
1746536.36370570, 44854.841036, 10.000,    0.0,    2.0, -2.0,  0.00,  0.00,  0.00,  0.0,  0.0,  0.0
1746536.36620570, 44855.263172, 10.000,    0.0,    2.0, -2.0,  0.00,  0.00,  0.00,  0.0,  0.0,  0.0
1746536.36870570, 44855.357353, 10.000,    0.0,    2.0, -2.0,  0.00,  0.00,  0.00,  0.0,  0.0,  0.0
1746536.37120570, 44855.311693, 10.000,    0.0,    2.0, -2.0,  0.00,  0.00,  0.00,  0.0,  0.0,  0.0
1746536.37370570, 44855.266033, 10.000,    0.0,    2.0, -2.0,  0.00,  0.00,  0.00,  0.0,  0.0,  0.0
1746536.37620570, 44855.220373, 10.000,    0.0,    2.0, -2.0,  0.00,  0.00,  0.00,  0.0,  0.0,  0.0
1746536.37870570, 44855.174713, 10.000,    0.0,    2.0, -2.0,  0.00,  0.00,  0.00,  0.0,  0.0,  0.0
1746536.38120570, 44855.278756, 10.000,    0.0,    2.0, -2.0,  0.00,  0.00,  0.00,  0.0,  0.0,  0.0
1746536.38370570, 44855.294840, 10.000,    0.0,    2.0, -2.0,  0.00,  0.00,  0.00,  0.0,  0.0,  0.0
1746536.38620570, 44855.207760, 10.000,    0.0,    2.0, -2.0,  0.00,  0.00,  0.00,  0.0,  0.0,  0.0
1746536.38870570, 44855.101791, 10.000,    0.0,    2.0, -2.0,  0.00,  0.00,  0.00,  0.0,  0.0,  0.0
1746536.39120570, 44855.386634, 10.000,    0.0,    2.0, -2.0,  0.00,  0.00,  0.00,  0.0,  0.0,  0.0
1746536.39370570, 44855.709906, 10.000,    0.0,    2.0, -2.0,  0.00,  0.00,  0.00,  0.0,  0.0,  0.0
1746536.39620570, 44855.611532, 10.000,    0.0,    2.0, -2.0,  0.00,  0.00,  0.00,  0.0,  0.0,  0.0
1746536.39870570, 44855.383306, 10.000,    0.0,    2.0, -2.0,  0.00,  0.00,  0.00,  0.0,  0.0,  0.0
1746536.40120570, 44855.301387, 10.000,    0.0,    2.0, -2.0,  0.00,  0.00,  0.00,  0.0,  0.0,  0.0
1746536.40370570, 44855.361869, 10.000,    0.0,    2.0, -2.0,  0.00,  0.00,  0.00,  0.0,  0.0,  0.0
1746536.40620570, 44855.240343, 10.000,    0.0,    2.0, -2.0,  0.00,  0.00,  0.00,  0.0,  0.0,  0.0
1746536.40870570, 44855.118818, 10.000,    0.0,    2.0, -2.0,  0.00,  0.00,  0.00,  0.0,  0.0,  0.0
1746536.41120570, 44855.106980, 10.000,    0.0,    2.0, -2.0,  0.00,  0.00,  0.00,  0.0,  0.0,  0.0
1746536.41370570, 44855.154972, 10.000,    0.0,    2.0, -2.0,  0.00,  0.00,  0.00,  0.0,  0.0,  0.0
1746536.41620570, 44855.243858, 10.000,    0.0,    2.0, -2.0,  0.00,  0.00,  0.00,  0.0,  0.0,  0.0
1746536.41870570, 44854.982065, 10.000,    0.0,    2.0, -2.0,  0.00,  0.00,  0.00,  0.0,  0.0,  0.0
1746536.42120570, 44854.917928, 10.000,    0.0,    2.0, -2.0,  0.00,  0.00,  0.00,  0.0,  0.0,  0.0
1746536.42370570, 44854.931927, 10.000,    0.0,    2.0, -2.0,  0.00,  0.00,  0.00,  0.0,  0.0,  0.0
1746536.42620570, 44855.280061, 10.000,    0.0,    2.0, -2.0,  0.00,  0.00,  0.00,  0.0,  0.0,  0.0
1746536.42870570, 44855.628195, 10.000,    0.0,    2.0, -2.0,  0.00,  0.00,  0.00,  0.0,  0.0,  0.0
1746536.43120570, 44855.799718, 10.000,    0.0,    2.0, -2.0,  0.00,  0.00,  0.00,  0.0,  0.0,  0.0
1746536.43370570, 44855.782592, 10.000,    0.0,    2.0, -2.0,  0.00,  0.00,  0.00,  0.0,  0.0,  0.0
1746536.43620570, 44855.410015, 10.000,    0.0,    2.0, -2.0,  0.00,  0.00,  0.00,  0.0,  0.0,  0.0
1746536.43870570, 44854.810947, 10.000,    0.0,    2.0, -2.0,  0.00,  0.00,  0.00,  0.0,  0.0,  0.0
1746536.44120570, 44854.622464, 10.000,    0.0,    2.0, -2.0,  0.00,  0.00,  0.00,  0.0,  0.0,  0.0
1746536.44370570, 44855.156859, 10.000,    0.0,    2.0, -2.0,  0.00,  0.00,  0.00,  0.0,  0.0,  0.0
1746536.44620570, 44855.310157, 10.000,    0.0,    2.0, -2.0,  0.00,  0.00,  0.00,  0.0,  0.0,  0.0
1746536.44870570, 44855.238748, 10.000,    0.0,    2.0, -2.0,  0.00,  0.00,  0.00,  0.0,  0.0,  0.0
1746536.45120570, 44855.522564, 10.000,    0.0,    2.0, -2.0,  0.00,  0.00,  0.00,  0.0,  0.0,  0.0
1746536.45370570, 44855.450589, 10.000,    0.0,    2.0, -2.0,  0.00,  0.00,  0.00,  0.0,  0.0,  0.0
1746536.45620570, 44855.378615, 10.000,    0.0,    2.0, -2.0,  0.00,  0.00,  0.00,  0.0,  0.0,  0.0
1746536.45870570, 44855.306641, 10.000,    0.0,    2.0, -2.0,  0.00,  0.00,  0.00,  0.0,  0.0,  0.0
1746536.46120570, 44855.254305, 10.000,    0.0,    2.0, -2.0,  0.00,  0.00,  0.00,  0.0,  0.0,  0.0
1746536.46370570, 44855.394329, 10.000,    0.0,    2.0, -2.0,  0.00,  0.00,  0.00,  0.0,  0.0,  0.0
1746536.46620570, 44855.539470, 10.000,    0.0,    2.0, -2.0,  0.00,  0.00,  0.00,  0.0,  0.0,  0.0
1746536.46870570, 44855.535732, 10.000,    0.0,    2.0, -2.0,  0.00,  0.00,  0.00,  0.0,  0.0,  0.0
1746536.47120570, 44855.367917, 10.000,    0.0,    2.0, -2.0,  0.00,  0.00,  0.00,  0.0,  0.0,  0.0
1746536.47370570, 44855.200102, 10.000,    0.0,    2.0, -2.0,  0.00,  0.00,  0.00,  0.0,  0.0,  0.0
1746536.47620570, 44855.217964, 10.000,    0.0,    2.0, -2.0,  0.00,  0.00,  0.00,  0.0,  0.0,  0.0
1746536.47870570, 44855.287861, 10.000,    0.0,    2.0, -2.0,  0.00,  0.00,  0.00,  0.0,  0.0,  0.0
1746536.48120570, 44855.345155, 10.000,    0.0,    2.0, -2.0,  0.00,  0.00,  0.00,  0.0,  0.0,  0.0
1746536.48370570, 44855.326191, 10.000,    0.0,    2.0, -2.0,  0.00,  0.00,  0.00,  0.0,  0.0,  0.0
1746536.48620570, 44855.227966, 10.000,    0.0,    2.0, -2.0,  0.00,  0.00,  0.00,  0.0,  0.0,  0.0
1746536.48870570, 44855.041881, 10.000,    0.0,    2.0, -2.0,  0.00,  0.00,  0.00,  0.0,  0.0,  0.0
1746536.49120570, 44855.084285, 10.000,    0.0,    2.0, -2.0,  0.00,  0.00,  0.00,  0.0,  0.0,  0.0
1746536.49370570, 44855.162152, 10.000,    0.0,    2.0, -2.0,  0.00,  0.00,  0.00,  0.0,  0.0,  0.0
1746536.49620570, 44855.234058, 10.000,    0.0,    2.0, -2.0,  0.00,  0.00,  0.00,  0.0,  0.0,  0.0
1746536.49870570, 44854.964593, 10.000,    0.0,    2.0, -2.0,  0.00,  0.00,  0.00,  0.0,  0.0,  0.0
1746536.50120570, 44854.919060, 10.000,    0.0,    2.0, -2.0,  0.00,  0.00,  0.00,  0.0,  0.0,  0.0
1746536.50370570, 44854.992172, 10.000,    0.0,    2.0, -2.0,  0.00,  0.00,  0.00,  0.0,  0.0,  0.0
1746536.50620570, 44855.232539, 10.000,    0.0,    2.0, -2.0,  0.00,  0.00,  0.00,  0.0,  0.0,  0.0
1746536.50870570, 44855.365667, 10.000,    0.0,    2.0, -2.0,  0.00,  0.00,  0.00,  0.0,  0.0,  0.0
1746536.51120570, 44855.205858, 10.000,    0.0,    2.0, -2.0,  0.00,  0.00,  0.00,  0.0,  0.0,  0.0
1746536.51370570, 44855.277096, 10.000,    0.0,    2.0, -2.0,  0.00,  0.00,  0.00,  0.0,  0.0,  0.0
1746536.51620570, 44855.348334, 10.000,    0.0,    2.0, -2.0,  0.00,  0.00,  0.00,  0.0,  0.0,  0.0
1746536.51870570, 44855.419572, 10.000,    0.0,    2.0, -2.0,  0.00,  0.00,  0.00,  0.0,  0.0,  0.0
1746536.52120570, 44855.490810, 10.000,    0.0,    2.0, -2.0,  0.00,  0.00,  0.00,  0.0,  0.0,  0.0
1746536.52370570, 44855.003171, 10.000,    0.0,    2.0, -2.0,  0.00,  0.00,  0.00,  0.0,  0.0,  0.0
1746536.52620570, 44854.779597, 10.000,    0.0,    2.0, -2.0,  0.00,  0.00,  0.00,  0.0,  0.0,  0.0
1746536.52870570, 44854.909363, 10.000,    0.0,    2.0, -2.0,  0.00,  0.00,  0.00,  0.0,  0.0,  0.0
1746536.53120570, 44855.039128, 10.000,    0.0,    2.0, -2.0,  0.00,  0.00,  0.00,  0.0,  0.0,  0.0
1746536.53370570, 44855.168894, 10.000,    0.0,    2.0, -2.0,  0.00,  0.00,  0.00,  0.0,  0.0,  0.0
1746536.53620570, 44855.241386, 10.000,    0.0,    2.0, -2.0,  0.00,  0.00,  0.00,  0.0,  0.0,  0.0
1746536.53870570, 44855.287197, 10.000,    0.0,    2.0, -2.0,  0.00,  0.00,  0.00,  0.0,  0.0,  0.0
1746536.54120570, 44855.248564, 10.000,    0.0,    2.0, -2.0,  0.00,  0.00,  0.00,  0.0,  0.0,  0.0
1746536.54370570, 44855.172689, 10.000,    0.0,    2.0, -2.0,  0.00,  0.00,  0.00,  0.0,  0.0,  0.0
1746536.54620570, 44855.211266, 10.000,    0.0,    2.0, -2.0,  0.00,  0.00,  0.00,  0.0,  0.0,  0.0
1746536.54870570, 44855.256109, 10.000,    0.0,    2.0, -2.0,  0.00,  0.00,  0.00,  0.0,  0.0,  0.0
1746536.55120570, 44855.280866, 10.000,    0.0,    2.0, -2.0,  0.00,  0.00,  0.00,  0.0,  0.0,  0.0
1746536.55370570, 44855.675621, 10.000,    0.0,    2.0, -2.0,  0.00,  0.00,  0.00,  0.0,  0.0,  0.0
1746536.55620570, 44854.868892, 10.000,    0.0,    2.0, -2.0,  0.00,  0.00,  0.00,  0.0,  0.0,  0.0
1746536.55870570, 44854.937773, 10.000,    0.0,    2.0, -2.0,  0.00,  0.00,  0.00,  0.0,  0.0,  0.0
1746536.56120570, 44855.241386, 10.000,    0.0,    2.0, -2.0,  0.00,  0.00,  0.00,  0.0,  0.0,  0.0
1746536.56370570, 44855.241386, 10.000,    0.0,    2.0, -2.0,  0.00,  0.00,  0.00,  0.0,  0.0,  0.0
1746536.56620570, 44855.241386, 10.000,    0.0,    2.0, -2.0,  0.00,  0.00,  0.00,  0.0,  0.0,  0.0
1746536.56870570, 44855.121141, 10.000,    0.0,    2.0, -2.0,  0.00,  0.00,  0.00,  0.0,  0.0,  0.0
1746536.57120570, 44855.094025, 10.000,    0.0,    2.0, -2.0,  0.00,  0.00,  0.00,  0.0,  0.0,  0.0
1746536.57370570, 44855.101444, 10.000,    0.0,    2.0, -2.0,  0.00,  0.00,  0.00,  0.0,  0.0,  0.0
1746536.57620570, 44855.201327, 10.000,    0.0,    2.0, -2.0,  0.00,  0.00,  0.00,  0.0,  0.0,  0.0
1746536.57870570, 44855.277705, 10.000,    0.0,    2.0, -2.0,  0.00,  0.00,  0.00,  0.0,  0.0,  0.0
1746536.58120570, 44855.354083, 10.000,    0.0,    2.0, -2.0,  0.00,  0.00,  0.00,  0.0,  0.0,  0.0
1746536.58370570, 44855.422099, 10.000,    0.0,    2.0, -2.0,  0.00,  0.00,  0.00,  0.0,  0.0,  0.0
1746536.58620570, 44855.384602, 10.000,    0.0,    2.0, -2.0,  0.00,  0.00,  0.00,  0.0,  0.0,  0.0
1746536.58870570, 44855.252211, 10.000,    0.0,    2.0, -2.0,  0.00,  0.00,  0.00,  0.0,  0.0,  0.0
1746536.59120570, 44855.119820, 10.000,    0.0,    2.0, -2.0,  0.00,  0.00,  0.00,  0.0,  0.0,  0.0
1746536.59370570, 44854.987429, 10.000,    0.0,    2.0, -2.0,  0.00,  0.00,  0.00,  0.0,  0.0,  0.0
1746536.59620570, 44854.856607, 10.000,    0.0,    2.0, -2.0,  0.00,  0.00,  0.00,  0.0,  0.0,  0.0
1746536.59870570, 44854.845826, 10.000,    0.0,    2.0, -2.0,  0.00,  0.00,  0.00,  0.0,  0.0,  0.0
1746536.60120570, 44854.845826, 10.000,    0.0,    2.0, -2.0,  0.00,  0.00,  0.00,  0.0,  0.0,  0.0
1746536.60370570, 44854.875657, 10.000,    0.0,    2.0, -2.0,  0.00,  0.00,  0.00,  0.0,  0.0,  0.0
1746536.60620570, 44855.042057, 10.000,    0.0,    2.0, -2.0,  0.00,  0.00,  0.00,  0.0,  0.0,  0.0
1746536.60870570, 44855.201052, 10.000,    0.0,    2.0, -2.0,  0.00,  0.00,  0.00,  0.0,  0.0,  0.0
1746536.61120570, 44855.092653, 10.000,    0.0,    2.0, -2.0,  0.00,  0.00,  0.00,  0.0,  0.0,  0.0
1746536.61370570, 44854.822748, 10.000,    0.0,    2.0, -2.0,  0.00,  0.00,  0.00,  0.0,  0.0,  0.0
1746536.61620570, 44855.078219, 10.000,    0.0,    2.0, -2.0,  0.00,  0.00,  0.00,  0.0,  0.0,  0.0
1746536.61870570, 44855.306711, 10.000,    0.0,    2.0, -2.0,  0.00,  0.00,  0.00,  0.0,  0.0,  0.0
1746536.62120570, 44855.535202, 10.000,    0.0,    2.0, -2.0,  0.00,  0.00,  0.00,  0.0,  0.0,  0.0
1746536.62370570, 44855.396596, 10.000,    0.0,    2.0, -2.0,  0.00,  0.00,  0.00,  0.0,  0.0,  0.0
1746536.62620570, 44855.337603, 10.000,    0.0,    2.0, -2.0,  0.00,  0.00,  0.00,  0.0,  0.0,  0.0
1746536.62870570, 44855.282229, 10.000,    0.0,    2.0, -2.0,  0.00,  0.00,  0.00,  0.0,  0.0,  0.0
1746536.63120570, 44855.181492, 10.000,    0.0,    2.0, -2.0,  0.00,  0.00,  0.00,  0.0,  0.0,  0.0
1746536.63370570, 44855.281612, 10.000,    0.0,    2.0, -2.0,  0.00,  0.00,  0.00,  0.0,  0.0,  0.0
1746536.63620570, 44855.381732, 10.000,    0.0,    2.0, -2.0,  0.00,  0.00,  0.00,  0.0,  0.0,  0.0
1746536.63870570, 44855.481852, 10.000,    0.0,    2.0, -2.0,  0.00,  0.00,  0.00,  0.0,  0.0,  0.0
1746536.64120570, 44855.395608, 10.000,    0.0,    2.0, -2.0,  0.00,  0.00,  0.00,  0.0,  0.0,  0.0
1746536.64370570, 44855.348539, 10.000,    0.0,    2.0, -2.0,  0.00,  0.00,  0.00,  0.0,  0.0,  0.0
1746536.64620570, 44855.197743, 10.000,    0.0,    2.0, -2.0,  0.00,  0.00,  0.00,  0.0,  0.0,  0.0
1746536.64870570, 44855.046948, 10.000,    0.0,    2.0, -2.0,  0.00,  0.00,  0.00,  0.0,  0.0,  0.0
1746536.65120570, 44854.896152, 10.000,    0.0,    2.0, -2.0,  0.00,  0.00,  0.00,  0.0,  0.0,  0.0
1746536.65370570, 44854.773848, 10.000,    0.0,    2.0, -2.0,  0.00,  0.00,  0.00,  0.0,  0.0,  0.0
1746536.65620570, 44855.551419, 10.000,    0.0,    2.0, -2.0,  0.00,  0.00,  0.00,  0.0,  0.0,  0.0
1746536.65870570, 44855.551419, 10.000,    0.0,    2.0, -2.0,  0.00,  0.00,  0.00,  0.0,  0.0,  0.0
1746536.66120570, 44855.531686, 10.000,    0.0,    2.0, -2.0,  0.00,  0.00,  0.00,  0.0,  0.0,  0.0
1746536.66370570, 44855.448210, 10.000,    0.0,    2.0, -2.0,  0.00,  0.00,  0.00,  0.0,  0.0,  0.0
1746536.66620570, 44855.364734, 10.000,    0.0,    2.0, -2.0,  0.00,  0.00,  0.00,  0.0,  0.0,  0.0
1746536.66870570, 44855.281259, 10.000,    0.0,    2.0, -2.0,  0.00,  0.00,  0.00,  0.0,  0.0,  0.0
1746536.67120570, 44855.197783, 10.000,    0.0,    2.0, -2.0,  0.00,  0.00,  0.00,  0.0,  0.0,  0.0
1746536.67370570, 44855.346729, 10.000,    0.0,    2.0, -2.0,  0.00,  0.00,  0.00,  0.0,  0.0,  0.0
1746536.67620570, 44855.305368, 10.000,    0.0,    2.0, -2.0,  0.00,  0.00,  0.00,  0.0,  0.0,  0.0
1746536.68120570, 44855.018059, 10.000,    0.0,    2.0, -2.0,  0.00,  0.00,  0.00,  0.0,  0.0,  0.0
1746536.68370570, 44855.052055, 10.000,    0.0,    2.0, -2.0,  0.00,  0.00,  0.00,  0.0,  0.0,  0.0
1746536.68620570, 44855.118052, 10.000,    0.0,    2.0, -2.0,  0.00,  0.00,  0.00,  0.0,  0.0,  0.0
1746536.68870570, 44855.213791, 10.000,    0.0,    2.0, -2.0,  0.00,  0.00,  0.00,  0.0,  0.0,  0.0
1746536.69120570, 44855.330274, 10.000,    0.0,    2.0, -2.0,  0.00,  0.00,  0.00,  0.0,  0.0,  0.0
1746536.69370570, 44855.449402, 10.000,    0.0,    2.0, -2.0,  0.00,  0.00,  0.00,  0.0,  0.0,  0.0
1746536.69620570, 44855.679709, 10.000,    0.0,    2.0, -2.0,  0.00,  0.00,  0.00,  0.0,  0.0,  0.0
1746536.69870570, 44855.679709, 10.000,    0.0,    2.0, -2.0,  0.00,  0.00,  0.00,  0.0,  0.0,  0.0
1746536.70120570, 44855.679709, 10.000,    0.0,    2.0, -2.0,  0.00,  0.00,  0.00,  0.0,  0.0,  0.0
1746536.70370570, 44855.642971, 10.000,    0.0,    2.0, -2.0,  0.00,  0.00,  0.00,  0.0,  0.0,  0.0
1746536.70620570, 44855.597733, 10.000,    0.0,    2.0, -2.0,  0.00,  0.00,  0.00,  0.0,  0.0,  0.0
1746536.70870570, 44855.552494, 10.000,    0.0,    2.0, -2.0,  0.00,  0.00,  0.00,  0.0,  0.0,  0.0
1746536.71120570, 44855.507255, 10.000,    0.0,    2.0, -2.0,  0.00,  0.00,  0.00,  0.0,  0.0,  0.0
1746536.71370570, 44855.462016, 10.000,    0.0,    2.0, -2.0,  0.00,  0.00,  0.00,  0.0,  0.0,  0.0
1746536.71620570, 44855.416777, 10.000,    0.0,    2.0, -2.0,  0.00,  0.00,  0.00,  0.0,  0.0,  0.0
1746536.71870570, 44855.371538, 10.000,    0.0,    2.0, -2.0,  0.00,  0.00,  0.00,  0.0,  0.0,  0.0
1746536.72120570, 44855.584245, 10.000,    0.0,    2.0, -2.0,  0.00,  0.00,  0.00,  0.0,  0.0,  0.0
1746536.72370570, 44855.584770, 10.000,    0.0,    2.0, -2.0,  0.00,  0.00,  0.00,  0.0,  0.0,  0.0
1746536.72620570, 44855.447930, 10.000,    0.0,    2.0, -2.0,  0.00,  0.00,  0.00,  0.0,  0.0,  0.0
1746536.72870570, 44855.311090, 10.000,    0.0,    2.0, -2.0,  0.00,  0.00,  0.00,  0.0,  0.0,  0.0
1746536.73120570, 44855.199266, 10.000,    0.0,    2.0, -2.0,  0.00,  0.00,  0.00,  0.0,  0.0,  0.0
1746536.73370570, 44855.137242, 10.000,    0.0,    2.0, -2.0,  0.00,  0.00,  0.00,  0.0,  0.0,  0.0
1746536.73620570, 44855.075217, 10.000,    0.0,    2.0, -2.0,  0.00,  0.00,  0.00,  0.0,  0.0,  0.0
1746536.73870570, 44855.013193, 10.000,    0.0,    2.0, -2.0,  0.00,  0.00,  0.00,  0.0,  0.0,  0.0
1746536.74120570, 44854.951292, 10.000,    0.0,    2.0, -2.0,  0.00,  0.00,  0.00,  0.0,  0.0,  0.0
1746536.74370570, 44855.048292, 10.000,    0.0,    2.0, -2.0,  0.00,  0.00,  0.00,  0.0,  0.0,  0.0
1746536.74620570, 44855.443216, 10.000,    0.0,    2.0, -2.0,  0.00,  0.00,  0.00,  0.0,  0.0,  0.0
1746536.74870570, 44855.422727, 10.000,    0.0,    2.0, -2.0,  0.00,  0.00,  0.00,  0.0,  0.0,  0.0
1746536.75120570, 44855.402238, 10.000,    0.0,    2.0, -2.0,  0.00,  0.00,  0.00,  0.0,  0.0,  0.0
1746536.75370570, 44855.381749, 10.000,    0.0,    2.0, -2.0,  0.00,  0.00,  0.00,  0.0,  0.0,  0.0
1746536.75620570, 44855.121447, 10.000,    0.0,    2.0, -2.0,  0.00,  0.00,  0.00,  0.0,  0.0,  0.0
1746536.75870570, 44854.748443, 10.000,    0.0,    2.0, -2.0,  0.00,  0.00,  0.00,  0.0,  0.0,  0.0
1746536.76120570, 44854.880918, 10.000,    0.0,    2.0, -2.0,  0.00,  0.00,  0.00,  0.0,  0.0,  0.0
1746536.76370570, 44855.013393, 10.000,    0.0,    2.0, -2.0,  0.00,  0.00,  0.00,  0.0,  0.0,  0.0
1746536.76620570, 44855.167305, 10.000,    0.0,    2.0, -2.0,  0.00,  0.00,  0.00,  0.0,  0.0,  0.0
1746536.76870570, 44855.343576, 10.000,    0.0,    2.0, -2.0,  0.00,  0.00,  0.00,  0.0,  0.0,  0.0
1746536.77120570, 44855.518445, 10.000,    0.0,    2.0, -2.0,  0.00,  0.00,  0.00,  0.0,  0.0,  0.0
1746536.77370570, 44855.200715, 10.000,    0.0,    2.0, -2.0,  0.00,  0.00,  0.00,  0.0,  0.0,  0.0
1746536.77620570, 44854.988442, 10.000,    0.0,    2.0, -2.0,  0.00,  0.00,  0.00,  0.0,  0.0,  0.0
1746536.77870570, 44855.151104, 10.000,    0.0,    2.0, -2.0,  0.00,  0.00,  0.00,  0.0,  0.0,  0.0
1746536.78120570, 44855.313767, 10.000,    0.0,    2.0, -2.0,  0.00,  0.00,  0.00,  0.0,  0.0,  0.0
1746536.78370570, 44855.542644, 10.000,    0.0,    2.0, -2.0,  0.00,  0.00,  0.00,  0.0,  0.0,  0.0
1746536.78620570, 44855.611273, 10.000,    0.0,    2.0, -2.0,  0.00,  0.00,  0.00,  0.0,  0.0,  0.0
1746536.78870570, 44855.481027, 10.000,    0.0,    2.0, -2.0,  0.00,  0.00,  0.00,  0.0,  0.0,  0.0
1746536.79120570, 44855.463563, 10.000,    0.0,    2.0, -2.0,  0.00,  0.00,  0.00,  0.0,  0.0,  0.0
1746536.79370570, 44855.536354, 10.000,    0.0,    2.0, -2.0,  0.00,  0.00,  0.00,  0.0,  0.0,  0.0
1746536.79620570, 44855.609145, 10.000,    0.0,    2.0, -2.0,  0.00,  0.00,  0.00,  0.0,  0.0,  0.0
1746536.79870570, 44855.601832, 10.000,    0.0,    2.0, -2.0,  0.00,  0.00,  0.00,  0.0,  0.0,  0.0
1746536.80120570, 44855.504623, 10.000,    0.0,    2.0, -2.0,  0.00,  0.00,  0.00,  0.0,  0.0,  0.0
1746536.80370570, 44855.407413, 10.000,    0.0,    2.0, -2.0,  0.00,  0.00,  0.00,  0.0,  0.0,  0.0
1746536.80620570, 44855.307418, 10.000,    0.0,    2.0, -2.0,  0.00,  0.00,  0.00,  0.0,  0.0,  0.0
1746536.80870570, 44855.242501, 10.000,    0.0,    2.0, -2.0,  0.00,  0.00,  0.00,  0.0,  0.0,  0.0
1746536.81120570, 44855.278990, 10.000,    0.0,    2.0, -2.0,  0.00,  0.00,  0.00,  0.0,  0.0,  0.0
1746536.81370570, 44855.315479, 10.000,    0.0,    2.0, -2.0,  0.00,  0.00,  0.00,  0.0,  0.0,  0.0
1746536.81620570, 44855.351968, 10.000,    0.0,    2.0, -2.0,  0.00,  0.00,  0.00,  0.0,  0.0,  0.0
1746536.81870570, 44855.284529, 10.000,    0.0,    2.0, -2.0,  0.00,  0.00,  0.00,  0.0,  0.0,  0.0
1746536.82120570, 44855.119105, 10.000,    0.0,    2.0, -2.0,  0.00,  0.00,  0.00,  0.0,  0.0,  0.0
1746536.82370570, 44854.953682, 10.000,    0.0,    2.0, -2.0,  0.00,  0.00,  0.00,  0.0,  0.0,  0.0
1746536.82620570, 44854.788258, 10.000,    0.0,    2.0, -2.0,  0.00,  0.00,  0.00,  0.0,  0.0,  0.0
1746536.82870570, 44854.882249, 10.000,    0.0,    2.0, -2.0,  0.00,  0.00,  0.00,  0.0,  0.0,  0.0
1746536.83120570, 44855.071935, 10.000,    0.0,    2.0, -2.0,  0.00,  0.00,  0.00,  0.0,  0.0,  0.0
1746536.83370570, 44855.273031, 10.000,    0.0,    2.0, -2.0,  0.00,  0.00,  0.00,  0.0,  0.0,  0.0
1746536.83620570, 44855.408270, 10.000,    0.0,    2.0, -2.0,  0.00,  0.00,  0.00,  0.0,  0.0,  0.0
1746536.83870570, 44855.394678, 10.000,    0.0,    2.0, -2.0,  0.00,  0.00,  0.00,  0.0,  0.0,  0.0
1746536.84120570, 44855.381087, 10.000,    0.0,    2.0, -2.0,  0.00,  0.00,  0.00,  0.0,  0.0,  0.0
1746536.84370570, 44855.064568, 10.000,    0.0,    2.0, -2.0,  0.00,  0.00,  0.00,  0.0,  0.0,  0.0
1746536.84620570, 44855.109538, 10.000,    0.0,    2.0, -2.0,  0.00,  0.00,  0.00,  0.0,  0.0,  0.0
1746536.84870570, 44855.345461, 10.000,    0.0,    2.0, -2.0,  0.00,  0.00,  0.00,  0.0,  0.0,  0.0
1746536.85120570, 44855.581385, 10.000,    0.0,    2.0, -2.0,  0.00,  0.00,  0.00,  0.0,  0.0,  0.0
1746536.85370570, 44855.353627, 10.000,    0.0,    2.0, -2.0,  0.00,  0.00,  0.00,  0.0,  0.0,  0.0
1746536.85620570, 44855.294840, 10.000,    0.0,    2.0, -2.0,  0.00,  0.00,  0.00,  0.0,  0.0,  0.0
1746536.85870570, 44855.294840, 10.000,    0.0,    2.0, -2.0,  0.00,  0.00,  0.00,  0.0,  0.0,  0.0
1746536.86120570, 44855.265656, 10.000,    0.0,    2.0, -2.0,  0.00,  0.00,  0.00,  0.0,  0.0,  0.0
1746536.86370570, 44855.150884, 10.000,    0.0,    2.0, -2.0,  0.00,  0.00,  0.00,  0.0,  0.0,  0.0
1746536.86620570, 44855.189739, 10.000,    0.0,    2.0, -2.0,  0.00,  0.00,  0.00,  0.0,  0.0,  0.0
1746536.86870570, 44855.247869, 10.000,    0.0,    2.0, -2.0,  0.00,  0.00,  0.00,  0.0,  0.0,  0.0
1746536.87120570, 44855.383269, 10.000,    0.0,    2.0, -2.0,  0.00,  0.00,  0.00,  0.0,  0.0,  0.0
1746536.87370570, 44855.518670, 10.000,    0.0,    2.0, -2.0,  0.00,  0.00,  0.00,  0.0,  0.0,  0.0
1746536.87620570, 44854.899280, 10.000,    0.0,    2.0, -2.0,  0.00,  0.00,  0.00,  0.0,  0.0,  0.0
1746536.87870570, 44854.899280, 10.000,    0.0,    2.0, -2.0,  0.00,  0.00,  0.00,  0.0,  0.0,  0.0
1746536.88120570, 44854.899280, 10.000,    0.0,    2.0, -2.0,  0.00,  0.00,  0.00,  0.0,  0.0,  0.0
1746536.88370570, 44854.899280, 10.000,    0.0,    2.0, -2.0,  0.00,  0.00,  0.00,  0.0,  0.0,  0.0
1746536.88620570, 44854.899280, 10.000,    0.0,    2.0, -2.0,  0.00,  0.00,  0.00,  0.0,  0.0,  0.0
1746536.88870570, 44854.987583, 10.000,    0.0,    2.0, -2.0,  0.00,  0.00,  0.00,  0.0,  0.0,  0.0
1746536.89120570, 44855.133957, 10.000,    0.0,    2.0, -2.0,  0.00,  0.00,  0.00,  0.0,  0.0,  0.0
1746536.89370570, 44855.280331, 10.000,    0.0,    2.0, -2.0,  0.00,  0.00,  0.00,  0.0,  0.0,  0.0
1746536.89620570, 44855.426706, 10.000,    0.0,    2.0, -2.0,  0.00,  0.00,  0.00,  0.0,  0.0,  0.0
1746536.89870570, 44854.910859, 10.000,    0.0,    2.0, -2.0,  0.00,  0.00,  0.00,  0.0,  0.0,  0.0
1746536.90120570, 44854.752488, 10.000,    0.0,    2.0, -2.0,  0.00,  0.00,  0.00,  0.0,  0.0,  0.0
1746536.90370570, 44854.814175, 10.000,    0.0,    2.0, -2.0,  0.00,  0.00,  0.00,  0.0,  0.0,  0.0
1746536.90620570, 44855.008274, 10.000,    0.0,    2.0, -2.0,  0.00,  0.00,  0.00,  0.0,  0.0,  0.0
1746536.90870570, 44854.993769, 10.000,    0.0,    2.0, -2.0,  0.00,  0.00,  0.00,  0.0,  0.0,  0.0
1746536.91120570, 44854.672641, 10.000,    0.0,    2.0, -2.0,  0.00,  0.00,  0.00,  0.0,  0.0,  0.0
1746536.91370570, 44855.025704, 10.000,    0.0,    2.0, -2.0,  0.00,  0.00,  0.00,  0.0,  0.0,  0.0
1746536.91620570, 44855.059642, 10.000,    0.0,    2.0, -2.0,  0.00,  0.00,  0.00,  0.0,  0.0,  0.0
1746536.91870570, 44855.059642, 10.000,    0.0,    2.0, -2.0,  0.00,  0.00,  0.00,  0.0,  0.0,  0.0
1746536.92120570, 44855.059642, 10.000,    0.0,    2.0, -2.0,  0.00,  0.00,  0.00,  0.0,  0.0,  0.0
1746536.92370570, 44855.059642, 10.000,    0.0,    2.0, -2.0,  0.00,  0.00,  0.00,  0.0,  0.0,  0.0
1746536.92620570, 44855.059642, 10.000,    0.0,    2.0, -2.0,  0.00,  0.00,  0.00,  0.0,  0.0,  0.0
1746536.92870570, 44855.059642, 10.000,    0.0,    2.0, -2.0,  0.00,  0.00,  0.00,  0.0,  0.0,  0.0
1746536.93120570, 44855.059642, 10.000,    0.0,    2.0, -2.0,  0.00,  0.00,  0.00,  0.0,  0.0,  0.0
1746536.93370570, 44855.128049, 10.000,    0.0,    2.0, -2.0,  0.00,  0.00,  0.00,  0.0,  0.0,  0.0
1746536.93620570, 44855.251312, 10.000,    0.0,    2.0, -2.0,  0.00,  0.00,  0.00,  0.0,  0.0,  0.0
1746536.93870570, 44855.374576, 10.000,    0.0,    2.0, -2.0,  0.00,  0.00,  0.00,  0.0,  0.0,  0.0
1746536.94120570, 44854.765053, 10.000,    0.0,    2.0, -2.0,  0.00,  0.00,  0.00,  0.0,  0.0,  0.0
1746536.94370570, 44855.022693, 10.000,    0.0,    2.0, -2.0,  0.00,  0.00,  0.00,  0.0,  0.0,  0.0
1746536.94620570, 44855.280334, 10.000,    0.0,    2.0, -2.0,  0.00,  0.00,  0.00,  0.0,  0.0,  0.0
1746536.94870570, 44855.176790, 10.000,    0.0,    2.0, -2.0,  0.00,  0.00,  0.00,  0.0,  0.0,  0.0
1746536.95120570, 44855.034094, 10.000,    0.0,    2.0, -2.0,  0.00,  0.00,  0.00,  0.0,  0.0,  0.0
1746536.95370570, 44854.891398, 10.000,    0.0,    2.0, -2.0,  0.00,  0.00,  0.00,  0.0,  0.0,  0.0
1746536.95620570, 44854.744485, 10.000,    0.0,    2.0, -2.0,  0.00,  0.00,  0.00,  0.0,  0.0,  0.0
1746536.95870570, 44854.587671, 10.000,    0.0,    2.0, -2.0,  0.00,  0.00,  0.00,  0.0,  0.0,  0.0
1746536.96120570, 44854.802307, 10.000,    0.0,    2.0, -2.0,  0.00,  0.00,  0.00,  0.0,  0.0,  0.0
1746536.96370570, 44855.016943, 10.000,    0.0,    2.0, -2.0,  0.00,  0.00,  0.00,  0.0,  0.0,  0.0
1746536.96620570, 44855.233075, 10.000,    0.0,    2.0, -2.0,  0.00,  0.00,  0.00,  0.0,  0.0,  0.0
1746536.96870570, 44855.810895, 10.000,    0.0,    2.0, -2.0,  0.00,  0.00,  0.00,  0.0,  0.0,  0.0
1746536.97120570, 44855.581136, 10.000,    0.0,    2.0, -2.0,  0.00,  0.00,  0.00,  0.0,  0.0,  0.0
1746536.97370570, 44855.255623, 10.000,    0.0,    2.0, -2.0,  0.00,  0.00,  0.00,  0.0,  0.0,  0.0
1746536.97620570, 44855.071708, 10.000,    0.0,    2.0, -2.0,  0.00,  0.00,  0.00,  0.0,  0.0,  0.0
1746536.97870570, 44855.178926, 10.000,    0.0,    2.0, -2.0,  0.00,  0.00,  0.00,  0.0,  0.0,  0.0
1746536.98120570, 44855.031715, 10.000,    0.0,    2.0, -2.0,  0.00,  0.00,  0.00,  0.0,  0.0,  0.0
1746536.98370570, 44855.120917, 10.000,    0.0,    2.0, -2.0,  0.00,  0.00,  0.00,  0.0,  0.0,  0.0
1746536.98620570, 44855.092496, 10.000,    0.0,    2.0, -2.0,  0.00,  0.00,  0.00,  0.0,  0.0,  0.0
1746536.98870570, 44854.878329, 10.000,    0.0,    2.0, -2.0,  0.00,  0.00,  0.00,  0.0,  0.0,  0.0
1746536.99120570, 44854.825874, 10.000,    0.0,    2.0, -2.0,  0.00,  0.00,  0.00,  0.0,  0.0,  0.0
1746536.99370570, 44854.773419, 10.000,    0.0,    2.0, -2.0,  0.00,  0.00,  0.00,  0.0,  0.0,  0.0
1746536.99620570, 44854.738918, 10.000,    0.0,    2.0, -2.0,  0.00,  0.00,  0.00,  0.0,  0.0,  0.0
1746536.99870570, 44854.977033, 10.000,    0.0,    2.0, -2.0,  0.00,  0.00,  0.00,  0.0,  0.0,  0.0
1746537.00120570, 44855.324159, 10.000,    0.0,    2.0, -2.0,  0.00,  0.00,  0.00,  0.0,  0.0,  0.0
1746537.00370570, 44854.839726, 10.000,    0.0,    2.0, -2.0,  0.00,  0.00,  0.00,  0.0,  0.0,  0.0
1746537.00620570, 44854.691389, 10.000,    0.0,    2.0, -2.0,  0.00,  0.00,  0.00,  0.0,  0.0,  0.0
1746537.00870570, 44854.852689, 10.000,    0.0,    2.0, -2.0,  0.00,  0.00,  0.00,  0.0,  0.0,  0.0
1746537.01120570, 44855.013990, 10.000,    0.0,    2.0, -2.0,  0.00,  0.00,  0.00,  0.0,  0.0,  0.0
1746537.01370570, 44855.175291, 10.000,    0.0,    2.0, -2.0,  0.00,  0.00,  0.00,  0.0,  0.0,  0.0
1746537.01620570, 44855.197008, 10.000,    0.0,    2.0, -2.0,  0.00,  0.00,  0.00,  0.0,  0.0,  0.0
1746537.01870570, 44855.053328, 10.000,    0.0,    2.0, -2.0,  0.00,  0.00,  0.00,  0.0,  0.0,  0.0
1746537.02120570, 44854.923405, 10.000,    0.0,    2.0, -2.0,  0.00,  0.00,  0.00,  0.0,  0.0,  0.0
1746537.02370570, 44854.816480, 10.000,    0.0,    2.0, -2.0,  0.00,  0.00,  0.00,  0.0,  0.0,  0.0
1746537.02620570, 44854.709555, 10.000,    0.0,    2.0, -2.0,  0.00,  0.00,  0.00,  0.0,  0.0,  0.0
1746537.02870570, 44854.710898, 10.000,    0.0,    2.0, -2.0,  0.00,  0.00,  0.00,  0.0,  0.0,  0.0
1746537.03120570, 44854.792357, 10.000,    0.0,    2.0, -2.0,  0.00,  0.00,  0.00,  0.0,  0.0,  0.0
1746537.03370570, 44854.873816, 10.000,    0.0,    2.0, -2.0,  0.00,  0.00,  0.00,  0.0,  0.0,  0.0
1746537.03620570, 44854.877958, 10.000,    0.0,    2.0, -2.0,  0.00,  0.00,  0.00,  0.0,  0.0,  0.0
1746537.03870570, 44854.483438, 10.000,    0.0,    2.0, -2.0,  0.00,  0.00,  0.00,  0.0,  0.0,  0.0
1746537.04120570, 44854.781739, 10.000,    0.0,    2.0, -2.0,  0.00,  0.00,  0.00,  0.0,  0.0,  0.0
1746537.04370570, 44855.114179, 10.000,    0.0,    2.0, -2.0,  0.00,  0.00,  0.00,  0.0,  0.0,  0.0
1746537.04620570, 44855.270748, 10.000,    0.0,    2.0, -2.0,  0.00,  0.00,  0.00,  0.0,  0.0,  0.0
1746537.04870570, 44855.322141, 10.000,    0.0,    2.0, -2.0,  0.00,  0.00,  0.00,  0.0,  0.0,  0.0
1746537.05120570, 44855.323836, 10.000,    0.0,    2.0, -2.0,  0.00,  0.00,  0.00,  0.0,  0.0,  0.0
1746537.05370570, 44855.361058, 10.000,    0.0,    2.0, -2.0,  0.00,  0.00,  0.00,  0.0,  0.0,  0.0
1746537.05620570, 44855.398280, 10.000,    0.0,    2.0, -2.0,  0.00,  0.00,  0.00,  0.0,  0.0,  0.0
1746537.05870570, 44855.331777, 10.000,    0.0,    2.0, -2.0,  0.00,  0.00,  0.00,  0.0,  0.0,  0.0
1746537.06120570, 44855.106142, 10.000,    0.0,    2.0, -2.0,  0.00,  0.00,  0.00,  0.0,  0.0,  0.0
1746537.06370570, 44854.920047, 10.000,    0.0,    2.0, -2.0,  0.00,  0.00,  0.00,  0.0,  0.0,  0.0
1746537.06620570, 44854.906701, 10.000,    0.0,    2.0, -2.0,  0.00,  0.00,  0.00,  0.0,  0.0,  0.0
1746537.06870570, 44855.038323, 10.000,    0.0,    2.0, -2.0,  0.00,  0.00,  0.00,  0.0,  0.0,  0.0
1746537.07120570, 44855.169946, 10.000,    0.0,    2.0, -2.0,  0.00,  0.00,  0.00,  0.0,  0.0,  0.0
1746537.07370570, 44855.301568, 10.000,    0.0,    2.0, -2.0,  0.00,  0.00,  0.00,  0.0,  0.0,  0.0
1746537.07620570, 44855.163404, 10.000,    0.0,    2.0, -2.0,  0.00,  0.00,  0.00,  0.0,  0.0,  0.0
1746537.07870570, 44854.878713, 10.000,    0.0,    2.0, -2.0,  0.00,  0.00,  0.00,  0.0,  0.0,  0.0
1746537.08120570, 44855.082362, 10.000,    0.0,    2.0, -2.0,  0.00,  0.00,  0.00,  0.0,  0.0,  0.0
1746537.08370570, 44855.070880, 10.000,    0.0,    2.0, -2.0,  0.00,  0.00,  0.00,  0.0,  0.0,  0.0
1746537.08620570, 44855.021159, 10.000,    0.0,    2.0, -2.0,  0.00,  0.00,  0.00,  0.0,  0.0,  0.0
1746537.08870570, 44854.971439, 10.000,    0.0,    2.0, -2.0,  0.00,  0.00,  0.00,  0.0,  0.0,  0.0
1746537.09120570, 44854.943327, 10.000,    0.0,    2.0, -2.0,  0.00,  0.00,  0.00,  0.0,  0.0,  0.0
1746537.09370570, 44855.005128, 10.000,    0.0,    2.0, -2.0,  0.00,  0.00,  0.00,  0.0,  0.0,  0.0
1746537.09620570, 44855.066929, 10.000,    0.0,    2.0, -2.0,  0.00,  0.00,  0.00,  0.0,  0.0,  0.0
1746537.09870570, 44855.156367, 10.000,    0.0,    2.0, -2.0,  0.00,  0.00,  0.00,  0.0,  0.0,  0.0
1746537.10120570, 44855.283050, 10.000,    0.0,    2.0, -2.0,  0.00,  0.00,  0.00,  0.0,  0.0,  0.0
1746537.10620570, 44855.130901, 10.000,    0.0,    2.0, -2.0,  0.00,  0.00,  0.00,  0.0,  0.0,  0.0
1746537.10870570, 44854.983462, 10.000,    0.0,    2.0, -2.0,  0.00,  0.00,  0.00,  0.0,  0.0,  0.0
1746537.11120570, 44855.299638, 10.000,    0.0,    2.0, -2.0,  0.00,  0.00,  0.00,  0.0,  0.0,  0.0
1746537.11370570, 44855.308207, 10.000,    0.0,    2.0, -2.0,  0.00,  0.00,  0.00,  0.0,  0.0,  0.0
1746537.11620570, 44854.989481, 10.000,    0.0,    2.0, -2.0,  0.00,  0.00,  0.00,  0.0,  0.0,  0.0
1746537.11870570, 44854.929687, 10.000,    0.0,    2.0, -2.0,  0.00,  0.00,  0.00,  0.0,  0.0,  0.0
1746537.12120570, 44854.869892, 10.000,    0.0,    2.0, -2.0,  0.00,  0.00,  0.00,  0.0,  0.0,  0.0
1746537.12370570, 44854.901318, 10.000,    0.0,    2.0, -2.0,  0.00,  0.00,  0.00,  0.0,  0.0,  0.0
1746537.12620570, 44855.141507, 10.000,    0.0,    2.0, -2.0,  0.00,  0.00,  0.00,  0.0,  0.0,  0.0
1746537.12870570, 44855.543618, 10.000,    0.0,    2.0, -2.0,  0.00,  0.00,  0.00,  0.0,  0.0,  0.0
1746537.13120570, 44855.369115, 10.000,    0.0,    2.0, -2.0,  0.00,  0.00,  0.00,  0.0,  0.0,  0.0
1746537.13370570, 44855.257608, 10.000,    0.0,    2.0, -2.0,  0.00,  0.00,  0.00,  0.0,  0.0,  0.0
1746537.13620570, 44855.216329, 10.000,    0.0,    2.0, -2.0,  0.00,  0.00,  0.00,  0.0,  0.0,  0.0
1746537.13870570, 44855.175050, 10.000,    0.0,    2.0, -2.0,  0.00,  0.00,  0.00,  0.0,  0.0,  0.0
1746537.14120570, 44855.133771, 10.000,    0.0,    2.0, -2.0,  0.00,  0.00,  0.00,  0.0,  0.0,  0.0
1746537.14370570, 44855.346515, 10.000,    0.0,    2.0, -2.0,  0.00,  0.00,  0.00,  0.0,  0.0,  0.0
1746537.14620570, 44855.603309, 10.000,    0.0,    2.0, -2.0,  0.00,  0.00,  0.00,  0.0,  0.0,  0.0
1746537.14870570, 44855.438186, 10.000,    0.0,    2.0, -2.0,  0.00,  0.00,  0.00,  0.0,  0.0,  0.0
1746537.15120570, 44855.273064, 10.000,    0.0,    2.0, -2.0,  0.00,  0.00,  0.00,  0.0,  0.0,  0.0
1746537.15370570, 44855.171285, 10.000,    0.0,    2.0, -2.0,  0.00,  0.00,  0.00,  0.0,  0.0,  0.0
1746537.15620570, 44855.093587, 10.000,    0.0,    2.0, -2.0,  0.00,  0.00,  0.00,  0.0,  0.0,  0.0
1746537.15870570, 44854.877339, 10.000,    0.0,    2.0, -2.0,  0.00,  0.00,  0.00,  0.0,  0.0,  0.0
1746537.16120570, 44854.661091, 10.000,    0.0,    2.0, -2.0,  0.00,  0.00,  0.00,  0.0,  0.0,  0.0
1746537.16370570, 44854.793696, 10.000,    0.0,    2.0, -2.0,  0.00,  0.00,  0.00,  0.0,  0.0,  0.0
1746537.16620570, 44855.167066, 10.000,    0.0,    2.0, -2.0,  0.00,  0.00,  0.00,  0.0,  0.0,  0.0
1746537.17120570, 44855.252119, 10.000,    0.0,    2.0, -2.0,  0.00,  0.00,  0.00,  0.0,  0.0,  0.0
1746537.17370570, 44855.236461, 10.000,    0.0,    2.0, -2.0,  0.00,  0.00,  0.00,  0.0,  0.0,  0.0
1746537.17620570, 44855.421928, 10.000,    0.0,    2.0, -2.0,  0.00,  0.00,  0.00,  0.0,  0.0,  0.0
1746537.17870570, 44855.607394, 10.000,    0.0,    2.0, -2.0,  0.00,  0.00,  0.00,  0.0,  0.0,  0.0
1746537.18120570, 44855.474391, 10.000,    0.0,    2.0, -2.0,  0.00,  0.00,  0.00,  0.0,  0.0,  0.0
1746537.18370570, 44855.321884, 10.000,    0.0,    2.0, -2.0,  0.00,  0.00,  0.00,  0.0,  0.0,  0.0
1746537.18620570, 44855.771116, 10.000,    0.0,    2.0, -2.0,  0.00,  0.00,  0.00,  0.0,  0.0,  0.0
1746537.18870570, 44855.204243, 10.000,    0.0,    2.0, -2.0,  0.00,  0.00,  0.00,  0.0,  0.0,  0.0
1746537.19120570, 44855.246500, 10.000,    0.0,    2.0, -2.0,  0.00,  0.00,  0.00,  0.0,  0.0,  0.0
1746537.19370570, 44855.460718, 10.000,    0.0,    2.0, -2.0,  0.00,  0.00,  0.00,  0.0,  0.0,  0.0
1746537.19620570, 44855.674937, 10.000,    0.0,    2.0, -2.0,  0.00,  0.00,  0.00,  0.0,  0.0,  0.0
1746537.19870570, 44855.889155, 10.000,    0.0,    2.0, -2.0,  0.00,  0.00,  0.00,  0.0,  0.0,  0.0
1746537.20120570, 44855.578253, 10.000,    0.0,    2.0, -2.0,  0.00,  0.00,  0.00,  0.0,  0.0,  0.0
1746537.20370570, 44855.394439, 10.000,    0.0,    2.0, -2.0,  0.00,  0.00,  0.00,  0.0,  0.0,  0.0
1746537.20620570, 44855.284658, 10.000,    0.0,    2.0, -2.0,  0.00,  0.00,  0.00,  0.0,  0.0,  0.0
1746537.20870570, 44855.174878, 10.000,    0.0,    2.0, -2.0,  0.00,  0.00,  0.00,  0.0,  0.0,  0.0
1746537.21120570, 44855.065097, 10.000,    0.0,    2.0, -2.0,  0.00,  0.00,  0.00,  0.0,  0.0,  0.0
1746537.21370570, 44854.897140, 10.000,    0.0,    2.0, -2.0,  0.00,  0.00,  0.00,  0.0,  0.0,  0.0
1746537.21620570, 44855.162797, 10.000,    0.0,    2.0, -2.0,  0.00,  0.00,  0.00,  0.0,  0.0,  0.0
1746537.21870570, 44855.482997, 10.000,    0.0,    2.0, -2.0,  0.00,  0.00,  0.00,  0.0,  0.0,  0.0
1746537.22120570, 44855.278365, 10.000,    0.0,    2.0, -2.0,  0.00,  0.00,  0.00,  0.0,  0.0,  0.0
1746537.22370570, 44855.334371, 10.000,    0.0,    2.0, -2.0,  0.00,  0.00,  0.00,  0.0,  0.0,  0.0
1746537.22620570, 44855.494370, 10.000,    0.0,    2.0, -2.0,  0.00,  0.00,  0.00,  0.0,  0.0,  0.0
1746537.22870570, 44855.654368, 10.000,    0.0,    2.0, -2.0,  0.00,  0.00,  0.00,  0.0,  0.0,  0.0
1746537.23120570, 44855.020757, 10.000,    0.0,    2.0, -2.0,  0.00,  0.00,  0.00,  0.0,  0.0,  0.0
1746537.23370570, 44854.937357, 10.000,    0.0,    2.0, -2.0,  0.00,  0.00,  0.00,  0.0,  0.0,  0.0
1746537.23620570, 44855.052116, 10.000,    0.0,    2.0, -2.0,  0.00,  0.00,  0.00,  0.0,  0.0,  0.0
1746537.23870570, 44855.166875, 10.000,    0.0,    2.0, -2.0,  0.00,  0.00,  0.00,  0.0,  0.0,  0.0
1746537.24120570, 44855.281633, 10.000,    0.0,    2.0, -2.0,  0.00,  0.00,  0.00,  0.0,  0.0,  0.0
1746537.24370570, 44855.255001, 10.000,    0.0,    2.0, -2.0,  0.00,  0.00,  0.00,  0.0,  0.0,  0.0
1746537.24620570, 44855.136226, 10.000,    0.0,    2.0, -2.0,  0.00,  0.00,  0.00,  0.0,  0.0,  0.0
1746537.24870570, 44855.017451, 10.000,    0.0,    2.0, -2.0,  0.00,  0.00,  0.00,  0.0,  0.0,  0.0
1746537.25120570, 44854.898677, 10.000,    0.0,    2.0, -2.0,  0.00,  0.00,  0.00,  0.0,  0.0,  0.0
1746537.25370570, 44854.779902, 10.000,    0.0,    2.0, -2.0,  0.00,  0.00,  0.00,  0.0,  0.0,  0.0
1746537.25620570, 44854.901129, 10.000,    0.0,    2.0, -2.0,  0.00,  0.00,  0.00,  0.0,  0.0,  0.0
1746537.25870570, 44855.405868, 10.000,    0.0,    2.0, -2.0,  0.00,  0.00,  0.00,  0.0,  0.0,  0.0
1746537.26120570, 44855.423130, 10.000,    0.0,    2.0, -2.0,  0.00,  0.00,  0.00,  0.0,  0.0,  0.0
1746537.26370570, 44855.303780, 10.000,    0.0,    2.0, -2.0,  0.00,  0.00,  0.00,  0.0,  0.0,  0.0
1746537.26620570, 44855.184118, 10.000,    0.0,    2.0, -2.0,  0.00,  0.00,  0.00,  0.0,  0.0,  0.0
1746537.26870570, 44855.124684, 10.000,    0.0,    2.0, -2.0,  0.00,  0.00,  0.00,  0.0,  0.0,  0.0
1746537.27120570, 44855.444898, 10.000,    0.0,    2.0, -2.0,  0.00,  0.00,  0.00,  0.0,  0.0,  0.0
1746537.27370570, 44855.676387, 10.000,    0.0,    2.0, -2.0,  0.00,  0.00,  0.00,  0.0,  0.0,  0.0
1746537.27620570, 44855.330299, 10.000,    0.0,    2.0, -2.0,  0.00,  0.00,  0.00,  0.0,  0.0,  0.0
1746537.27870570, 44855.189238, 10.000,    0.0,    2.0, -2.0,  0.00,  0.00,  0.00,  0.0,  0.0,  0.0
1746537.28120570, 44855.251444, 10.000,    0.0,    2.0, -2.0,  0.00,  0.00,  0.00,  0.0,  0.0,  0.0
1746537.28370570, 44855.249566, 10.000,    0.0,    2.0, -2.0,  0.00,  0.00,  0.00,  0.0,  0.0,  0.0
1746537.28620570, 44855.247687, 10.000,    0.0,    2.0, -2.0,  0.00,  0.00,  0.00,  0.0,  0.0,  0.0
1746537.28870570, 44855.245809, 10.000,    0.0,    2.0, -2.0,  0.00,  0.00,  0.00,  0.0,  0.0,  0.0
1746537.29120570, 44855.243931, 10.000,    0.0,    2.0, -2.0,  0.00,  0.00,  0.00,  0.0,  0.0,  0.0
1746537.29370570, 44855.242053, 10.000,    0.0,    2.0, -2.0,  0.00,  0.00,  0.00,  0.0,  0.0,  0.0
1746537.29620570, 44855.363834, 10.000,    0.0,    2.0, -2.0,  0.00,  0.00,  0.00,  0.0,  0.0,  0.0
1746537.29870570, 44855.553653, 10.000,    0.0,    2.0, -2.0,  0.00,  0.00,  0.00,  0.0,  0.0,  0.0
1746537.30120570, 44855.536561, 10.000,    0.0,    2.0, -2.0,  0.00,  0.00,  0.00,  0.0,  0.0,  0.0
1746537.30370570, 44855.443003, 10.000,    0.0,    2.0, -2.0,  0.00,  0.00,  0.00,  0.0,  0.0,  0.0
1746537.30620570, 44855.349445, 10.000,    0.0,    2.0, -2.0,  0.00,  0.00,  0.00,  0.0,  0.0,  0.0
1746537.30870570, 44855.255888, 10.000,    0.0,    2.0, -2.0,  0.00,  0.00,  0.00,  0.0,  0.0,  0.0
1746537.31120570, 44855.162330, 10.000,    0.0,    2.0, -2.0,  0.00,  0.00,  0.00,  0.0,  0.0,  0.0
1746537.31370570, 44855.068772, 10.000,    0.0,    2.0, -2.0,  0.00,  0.00,  0.00,  0.0,  0.0,  0.0
1746537.31620570, 44854.900361, 10.000,    0.0,    2.0, -2.0,  0.00,  0.00,  0.00,  0.0,  0.0,  0.0
1746537.31870570, 44854.836304, 10.000,    0.0,    2.0, -2.0,  0.00,  0.00,  0.00,  0.0,  0.0,  0.0
1746537.32120570, 44855.013883, 10.000,    0.0,    2.0, -2.0,  0.00,  0.00,  0.00,  0.0,  0.0,  0.0
1746537.32370570, 44855.187268, 10.000,    0.0,    2.0, -2.0,  0.00,  0.00,  0.00,  0.0,  0.0,  0.0
1746537.32620570, 44855.153865, 10.000,    0.0,    2.0, -2.0,  0.00,  0.00,  0.00,  0.0,  0.0,  0.0
1746537.32870570, 44855.120462, 10.000,    0.0,    2.0, -2.0,  0.00,  0.00,  0.00,  0.0,  0.0,  0.0
1746537.33120570, 44855.059807, 10.000,    0.0,    2.0, -2.0,  0.00,  0.00,  0.00,  0.0,  0.0,  0.0
1746537.33370570, 44854.999536, 10.000,    0.0,    2.0, -2.0,  0.00,  0.00,  0.00,  0.0,  0.0,  0.0
1746537.33620570, 44855.076624, 10.000,    0.0,    2.0, -2.0,  0.00,  0.00,  0.00,  0.0,  0.0,  0.0
1746537.33870570, 44855.153712, 10.000,    0.0,    2.0, -2.0,  0.00,  0.00,  0.00,  0.0,  0.0,  0.0
1746537.34120570, 44855.230800, 10.000,    0.0,    2.0, -2.0,  0.00,  0.00,  0.00,  0.0,  0.0,  0.0
1746537.34370570, 44855.307887, 10.000,    0.0,    2.0, -2.0,  0.00,  0.00,  0.00,  0.0,  0.0,  0.0
1746537.34620570, 44855.384975, 10.000,    0.0,    2.0, -2.0,  0.00,  0.00,  0.00,  0.0,  0.0,  0.0
1746537.34870570, 44855.449829, 10.000,    0.0,    2.0, -2.0,  0.00,  0.00,  0.00,  0.0,  0.0,  0.0
1746537.35120570, 44855.389457, 10.000,    0.0,    2.0, -2.0,  0.00,  0.00,  0.00,  0.0,  0.0,  0.0
1746537.35370570, 44855.329085, 10.000,    0.0,    2.0, -2.0,  0.00,  0.00,  0.00,  0.0,  0.0,  0.0
1746537.35620570, 44855.216902, 10.000,    0.0,    2.0, -2.0,  0.00,  0.00,  0.00,  0.0,  0.0,  0.0
1746537.35870570, 44854.953888, 10.000,    0.0,    2.0, -2.0,  0.00,  0.00,  0.00,  0.0,  0.0,  0.0
1746537.36120570, 44855.084667, 10.000,    0.0,    2.0, -2.0,  0.00,  0.00,  0.00,  0.0,  0.0,  0.0
1746537.36370570, 44855.252348, 10.000,    0.0,    2.0, -2.0,  0.00,  0.00,  0.00,  0.0,  0.0,  0.0
1746537.36620570, 44855.166450, 10.000,    0.0,    2.0, -2.0,  0.00,  0.00,  0.00,  0.0,  0.0,  0.0
1746537.36870570, 44855.068115, 10.000,    0.0,    2.0, -2.0,  0.00,  0.00,  0.00,  0.0,  0.0,  0.0
1746537.37120570, 44854.947481, 10.000,    0.0,    2.0, -2.0,  0.00,  0.00,  0.00,  0.0,  0.0,  0.0
1746537.37370570, 44854.867667, 10.000,    0.0,    2.0, -2.0,  0.00,  0.00,  0.00,  0.0,  0.0,  0.0
1746537.37620570, 44855.413252, 10.000,    0.0,    2.0, -2.0,  0.00,  0.00,  0.00,  0.0,  0.0,  0.0
1746537.37870570, 44855.274902, 10.000,    0.0,    2.0, -2.0,  0.00,  0.00,  0.00,  0.0,  0.0,  0.0
1746537.38120570, 44855.172061, 10.000,    0.0,    2.0, -2.0,  0.00,  0.00,  0.00,  0.0,  0.0,  0.0
1746537.38370570, 44855.182554, 10.000,    0.0,    2.0, -2.0,  0.00,  0.00,  0.00,  0.0,  0.0,  0.0
1746537.38620570, 44855.084967, 10.000,    0.0,    2.0, -2.0,  0.00,  0.00,  0.00,  0.0,  0.0,  0.0
1746537.38870570, 44854.873747, 10.000,    0.0,    2.0, -2.0,  0.00,  0.00,  0.00,  0.0,  0.0,  0.0
1746537.39120570, 44854.811790, 10.000,    0.0,    2.0, -2.0,  0.00,  0.00,  0.00,  0.0,  0.0,  0.0
1746537.39370570, 44854.962614, 10.000,    0.0,    2.0, -2.0,  0.00,  0.00,  0.00,  0.0,  0.0,  0.0
1746537.39620570, 44855.113438, 10.000,    0.0,    2.0, -2.0,  0.00,  0.00,  0.00,  0.0,  0.0,  0.0
1746537.39870570, 44855.264262, 10.000,    0.0,    2.0, -2.0,  0.00,  0.00,  0.00,  0.0,  0.0,  0.0
1746537.40120570, 44855.415086, 10.000,    0.0,    2.0, -2.0,  0.00,  0.00,  0.00,  0.0,  0.0,  0.0
1746537.40370570, 44855.565910, 10.000,    0.0,    2.0, -2.0,  0.00,  0.00,  0.00,  0.0,  0.0,  0.0
1746537.40870570, 44855.798632, 10.000,    0.0,    2.0, -2.0,  0.00,  0.00,  0.00,  0.0,  0.0,  0.0
1746537.41120570, 44855.130985, 10.000,    0.0,    2.0, -2.0,  0.00,  0.00,  0.00,  0.0,  0.0,  0.0
1746537.41370570, 44855.064706, 10.000,    0.0,    2.0, -2.0,  0.00,  0.00,  0.00,  0.0,  0.0,  0.0
1746537.41620570, 44854.998428, 10.000,    0.0,    2.0, -2.0,  0.00,  0.00,  0.00,  0.0,  0.0,  0.0
1746537.41870570, 44854.956910, 10.000,    0.0,    2.0, -2.0,  0.00,  0.00,  0.00,  0.0,  0.0,  0.0
1746537.42120570, 44855.056501, 10.000,    0.0,    2.0, -2.0,  0.00,  0.00,  0.00,  0.0,  0.0,  0.0
1746537.42370570, 44855.209458, 10.000,    0.0,    2.0, -2.0,  0.00,  0.00,  0.00,  0.0,  0.0,  0.0
1746537.42620570, 44855.206518, 10.000,    0.0,    2.0, -2.0,  0.00,  0.00,  0.00,  0.0,  0.0,  0.0
1746537.42870570, 44854.819000, 10.000,    0.0,    2.0, -2.0,  0.00,  0.00,  0.00,  0.0,  0.0,  0.0
1746537.43120570, 44854.871723, 10.000,    0.0,    2.0, -2.0,  0.00,  0.00,  0.00,  0.0,  0.0,  0.0
1746537.43370570, 44854.965333, 10.000,    0.0,    2.0, -2.0,  0.00,  0.00,  0.00,  0.0,  0.0,  0.0
1746537.43620570, 44854.969069, 10.000,    0.0,    2.0, -2.0,  0.00,  0.00,  0.00,  0.0,  0.0,  0.0
1746537.43870570, 44854.972805, 10.000,    0.0,    2.0, -2.0,  0.00,  0.00,  0.00,  0.0,  0.0,  0.0
1746537.44120570, 44855.196018, 10.000,    0.0,    2.0, -2.0,  0.00,  0.00,  0.00,  0.0,  0.0,  0.0
1746537.44370570, 44855.231160, 10.000,    0.0,    2.0, -2.0,  0.00,  0.00,  0.00,  0.0,  0.0,  0.0
1746537.44620570, 44855.175500, 10.000,    0.0,    2.0, -2.0,  0.00,  0.00,  0.00,  0.0,  0.0,  0.0
1746537.44870570, 44855.213657, 10.000,    0.0,    2.0, -2.0,  0.00,  0.00,  0.00,  0.0,  0.0,  0.0
1746537.45120570, 44855.086931, 10.000,    0.0,    2.0, -2.0,  0.00,  0.00,  0.00,  0.0,  0.0,  0.0
1746537.45370570, 44854.927302, 10.000,    0.0,    2.0, -2.0,  0.00,  0.00,  0.00,  0.0,  0.0,  0.0
1746537.45620570, 44854.876478, 10.000,    0.0,    2.0, -2.0,  0.00,  0.00,  0.00,  0.0,  0.0,  0.0
1746537.45870570, 44854.830375, 10.000,    0.0,    2.0, -2.0,  0.00,  0.00,  0.00,  0.0,  0.0,  0.0
1746537.46120570, 44854.784273, 10.000,    0.0,    2.0, -2.0,  0.00,  0.00,  0.00,  0.0,  0.0,  0.0
1746537.46370570, 44854.738171, 10.000,    0.0,    2.0, -2.0,  0.00,  0.00,  0.00,  0.0,  0.0,  0.0
1746537.46620570, 44854.692069, 10.000,    0.0,    2.0, -2.0,  0.00,  0.00,  0.00,  0.0,  0.0,  0.0
1746537.46870570, 44854.706009, 10.000,    0.0,    2.0, -2.0,  0.00,  0.00,  0.00,  0.0,  0.0,  0.0
1746537.47120570, 44854.867997, 10.000,    0.0,    2.0, -2.0,  0.00,  0.00,  0.00,  0.0,  0.0,  0.0
1746537.47370570, 44855.157724, 10.000,    0.0,    2.0, -2.0,  0.00,  0.00,  0.00,  0.0,  0.0,  0.0
1746537.47620570, 44855.447451, 10.000,    0.0,    2.0, -2.0,  0.00,  0.00,  0.00,  0.0,  0.0,  0.0
1746537.47870570, 44855.737178, 10.000,    0.0,    2.0, -2.0,  0.00,  0.00,  0.00,  0.0,  0.0,  0.0
1746537.48120570, 44855.375309, 10.000,    0.0,    2.0, -2.0,  0.00,  0.00,  0.00,  0.0,  0.0,  0.0
1746537.48370570, 44854.867208, 10.000,    0.0,    2.0, -2.0,  0.00,  0.00,  0.00,  0.0,  0.0,  0.0
1746537.48620570, 44854.898974, 10.000,    0.0,    2.0, -2.0,  0.00,  0.00,  0.00,  0.0,  0.0,  0.0
1746537.48870570, 44855.152453, 10.000,    0.0,    2.0, -2.0,  0.00,  0.00,  0.00,  0.0,  0.0,  0.0
1746537.49120570, 44855.377576, 10.000,    0.0,    2.0, -2.0,  0.00,  0.00,  0.00,  0.0,  0.0,  0.0
1746537.49370570, 44855.147829, 10.000,    0.0,    2.0, -2.0,  0.00,  0.00,  0.00,  0.0,  0.0,  0.0
1746537.49620570, 44854.918082, 10.000,    0.0,    2.0, -2.0,  0.00,  0.00,  0.00,  0.0,  0.0,  0.0
1746537.49870570, 44854.688335, 10.000,    0.0,    2.0, -2.0,  0.00,  0.00,  0.00,  0.0,  0.0,  0.0
1746537.50120570, 44854.633046, 10.000,    0.0,    2.0, -2.0,  0.00,  0.00,  0.00,  0.0,  0.0,  0.0
1746537.50370570, 44854.782000, 10.000,    0.0,    2.0, -2.0,  0.00,  0.00,  0.00,  0.0,  0.0,  0.0
1746537.50620570, 44855.085931, 10.000,    0.0,    2.0, -2.0,  0.00,  0.00,  0.00,  0.0,  0.0,  0.0
1746537.50870570, 44855.281735, 10.000,    0.0,    2.0, -2.0,  0.00,  0.00,  0.00,  0.0,  0.0,  0.0
1746537.51120570, 44855.063615, 10.000,    0.0,    2.0, -2.0,  0.00,  0.00,  0.00,  0.0,  0.0,  0.0
1746537.51370570, 44855.132263, 10.000,    0.0,    2.0, -2.0,  0.00,  0.00,  0.00,  0.0,  0.0,  0.0
1746537.51620570, 44855.155859, 10.000,    0.0,    2.0, -2.0,  0.00,  0.00,  0.00,  0.0,  0.0,  0.0
1746537.51870570, 44855.155859, 10.000,    0.0,    2.0, -2.0,  0.00,  0.00,  0.00,  0.0,  0.0,  0.0
1746537.52120570, 44855.155859, 10.000,    0.0,    2.0, -2.0,  0.00,  0.00,  0.00,  0.0,  0.0,  0.0
1746537.52370570, 44855.189110, 10.000,    0.0,    2.0, -2.0,  0.00,  0.00,  0.00,  0.0,  0.0,  0.0
1746537.52620570, 44855.229942, 10.000,    0.0,    2.0, -2.0,  0.00,  0.00,  0.00,  0.0,  0.0,  0.0
1746537.52870570, 44855.262091, 10.000,    0.0,    2.0, -2.0,  0.00,  0.00,  0.00,  0.0,  0.0,  0.0
1746537.53120570, 44855.256231, 10.000,    0.0,    2.0, -2.0,  0.00,  0.00,  0.00,  0.0,  0.0,  0.0
1746537.53370570, 44855.167286, 10.000,    0.0,    2.0, -2.0,  0.00,  0.00,  0.00,  0.0,  0.0,  0.0
1746537.53620570, 44855.078341, 10.000,    0.0,    2.0, -2.0,  0.00,  0.00,  0.00,  0.0,  0.0,  0.0
1746537.53870570, 44854.989396, 10.000,    0.0,    2.0, -2.0,  0.00,  0.00,  0.00,  0.0,  0.0,  0.0
1746537.54120570, 44854.900451, 10.000,    0.0,    2.0, -2.0,  0.00,  0.00,  0.00,  0.0,  0.0,  0.0
1746537.54370570, 44855.701091, 10.000,    0.0,    2.0, -2.0,  0.00,  0.00,  0.00,  0.0,  0.0,  0.0
1746537.54620570, 44855.701091, 10.000,    0.0,    2.0, -2.0,  0.00,  0.00,  0.00,  0.0,  0.0,  0.0
1746537.54870570, 44855.701091, 10.000,    0.0,    2.0, -2.0,  0.00,  0.00,  0.00,  0.0,  0.0,  0.0
1746537.55120570, 44855.701091, 10.000,    0.0,    2.0, -2.0,  0.00,  0.00,  0.00,  0.0,  0.0,  0.0
1746537.55370570, 44855.701091, 10.000,    0.0,    2.0, -2.0,  0.00,  0.00,  0.00,  0.0,  0.0,  0.0
1746537.55620570, 44855.494974, 10.000,    0.0,    2.0, -2.0,  0.00,  0.00,  0.00,  0.0,  0.0,  0.0
1746537.55870570, 44855.226354, 10.000,    0.0,    2.0, -2.0,  0.00,  0.00,  0.00,  0.0,  0.0,  0.0
1746537.56120570, 44854.957735, 10.000,    0.0,    2.0, -2.0,  0.00,  0.00,  0.00,  0.0,  0.0,  0.0
1746537.56370570, 44854.813410, 10.000,    0.0,    2.0, -2.0,  0.00,  0.00,  0.00,  0.0,  0.0,  0.0
1746537.56620570, 44854.951153, 10.000,    0.0,    2.0, -2.0,  0.00,  0.00,  0.00,  0.0,  0.0,  0.0
1746537.56870570, 44855.195660, 10.000,    0.0,    2.0, -2.0,  0.00,  0.00,  0.00,  0.0,  0.0,  0.0
1746537.57120570, 44855.088532, 10.000,    0.0,    2.0, -2.0,  0.00,  0.00,  0.00,  0.0,  0.0,  0.0
1746537.57370570, 44854.878865, 10.000,    0.0,    2.0, -2.0,  0.00,  0.00,  0.00,  0.0,  0.0,  0.0
1746537.57620570, 44855.153664, 10.000,    0.0,    2.0, -2.0,  0.00,  0.00,  0.00,  0.0,  0.0,  0.0
1746537.57870570, 44855.366736, 10.000,    0.0,    2.0, -2.0,  0.00,  0.00,  0.00,  0.0,  0.0,  0.0
1746537.58120570, 44855.386788, 10.000,    0.0,    2.0, -2.0,  0.00,  0.00,  0.00,  0.0,  0.0,  0.0
1746537.58370570, 44855.186576, 10.000,    0.0,    2.0, -2.0,  0.00,  0.00,  0.00,  0.0,  0.0,  0.0
1746537.58620570, 44855.371294, 10.000,    0.0,    2.0, -2.0,  0.00,  0.00,  0.00,  0.0,  0.0,  0.0
1746537.58870570, 44855.376894, 10.000,    0.0,    2.0, -2.0,  0.00,  0.00,  0.00,  0.0,  0.0,  0.0
1746537.59120570, 44855.382494, 10.000,    0.0,    2.0, -2.0,  0.00,  0.00,  0.00,  0.0,  0.0,  0.0
1746537.59370570, 44855.388094, 10.000,    0.0,    2.0, -2.0,  0.00,  0.00,  0.00,  0.0,  0.0,  0.0
1746537.59620570, 44854.861139, 10.000,    0.0,    2.0, -2.0,  0.00,  0.00,  0.00,  0.0,  0.0,  0.0
1746537.59870570, 44854.997418, 10.000,    0.0,    2.0, -2.0,  0.00,  0.00,  0.00,  0.0,  0.0,  0.0
1746537.60120570, 44855.334150, 10.000,    0.0,    2.0, -2.0,  0.00,  0.00,  0.00,  0.0,  0.0,  0.0
1746537.60370570, 44855.169578, 10.000,    0.0,    2.0, -2.0,  0.00,  0.00,  0.00,  0.0,  0.0,  0.0
1746537.60620570, 44855.044287, 10.000,    0.0,    2.0, -2.0,  0.00,  0.00,  0.00,  0.0,  0.0,  0.0
1746537.60870570, 44855.443846, 10.000,    0.0,    2.0, -2.0,  0.00,  0.00,  0.00,  0.0,  0.0,  0.0
1746537.61120570, 44855.252420, 10.000,    0.0,    2.0, -2.0,  0.00,  0.00,  0.00,  0.0,  0.0,  0.0
1746537.61370570, 44855.115907, 10.000,    0.0,    2.0, -2.0,  0.00,  0.00,  0.00,  0.0,  0.0,  0.0
1746537.61620570, 44855.182316, 10.000,    0.0,    2.0, -2.0,  0.00,  0.00,  0.00,  0.0,  0.0,  0.0
1746537.61870570, 44855.223404, 10.000,    0.0,    2.0, -2.0,  0.00,  0.00,  0.00,  0.0,  0.0,  0.0
1746537.62120570, 44854.777104, 10.000,    0.0,    2.0, -2.0,  0.00,  0.00,  0.00,  0.0,  0.0,  0.0
1746537.62370570, 44855.170499, 10.000,    0.0,    2.0, -2.0,  0.00,  0.00,  0.00,  0.0,  0.0,  0.0
1746537.62620570, 44855.459497, 10.000,    0.0,    2.0, -2.0,  0.00,  0.00,  0.00,  0.0,  0.0,  0.0
1746537.62870570, 44855.314659, 10.000,    0.0,    2.0, -2.0,  0.00,  0.00,  0.00,  0.0,  0.0,  0.0
1746537.63120570, 44855.048520, 10.000,    0.0,    2.0, -2.0,  0.00,  0.00,  0.00,  0.0,  0.0,  0.0
1746537.63370570, 44855.118571, 10.000,    0.0,    2.0, -2.0,  0.00,  0.00,  0.00,  0.0,  0.0,  0.0
1746537.63620570, 44855.239137, 10.000,    0.0,    2.0, -2.0,  0.00,  0.00,  0.00,  0.0,  0.0,  0.0
1746537.63870570, 44854.911407, 10.000,    0.0,    2.0, -2.0,  0.00,  0.00,  0.00,  0.0,  0.0,  0.0
1746537.64120570, 44855.046287, 10.000,    0.0,    2.0, -2.0,  0.00,  0.00,  0.00,  0.0,  0.0,  0.0
1746537.64370570, 44855.181166, 10.000,    0.0,    2.0, -2.0,  0.00,  0.00,  0.00,  0.0,  0.0,  0.0
1746537.64620570, 44855.316046, 10.000,    0.0,    2.0, -2.0,  0.00,  0.00,  0.00,  0.0,  0.0,  0.0
1746537.64870570, 44855.244928, 10.000,    0.0,    2.0, -2.0,  0.00,  0.00,  0.00,  0.0,  0.0,  0.0
1746537.65120570, 44855.071480, 10.000,    0.0,    2.0, -2.0,  0.00,  0.00,  0.00,  0.0,  0.0,  0.0
1746537.65370570, 44855.025228, 10.000,    0.0,    2.0, -2.0,  0.00,  0.00,  0.00,  0.0,  0.0,  0.0
1746537.65620570, 44854.978976, 10.000,    0.0,    2.0, -2.0,  0.00,  0.00,  0.00,  0.0,  0.0,  0.0
1746537.65870570, 44854.937379, 10.000,    0.0,    2.0, -2.0,  0.00,  0.00,  0.00,  0.0,  0.0,  0.0
1746537.66120570, 44854.914231, 10.000,    0.0,    2.0, -2.0,  0.00,  0.00,  0.00,  0.0,  0.0,  0.0
1746537.66370570, 44854.891082, 10.000,    0.0,    2.0, -2.0,  0.00,  0.00,  0.00,  0.0,  0.0,  0.0
1746537.66620570, 44854.867934, 10.000,    0.0,    2.0, -2.0,  0.00,  0.00,  0.00,  0.0,  0.0,  0.0
1746537.66870570, 44854.844786, 10.000,    0.0,    2.0, -2.0,  0.00,  0.00,  0.00,  0.0,  0.0,  0.0
1746537.67120570, 44854.821637, 10.000,    0.0,    2.0, -2.0,  0.00,  0.00,  0.00,  0.0,  0.0,  0.0
1746537.67370570, 44854.836714, 10.000,    0.0,    2.0, -2.0,  0.00,  0.00,  0.00,  0.0,  0.0,  0.0
1746537.67620570, 44855.007011, 10.000,    0.0,    2.0, -2.0,  0.00,  0.00,  0.00,  0.0,  0.0,  0.0
1746537.67870570, 44855.177217, 10.000,    0.0,    2.0, -2.0,  0.00,  0.00,  0.00,  0.0,  0.0,  0.0
1746537.68120570, 44855.116186, 10.000,    0.0,    2.0, -2.0,  0.00,  0.00,  0.00,  0.0,  0.0,  0.0
1746537.68370570, 44855.058979, 10.000,    0.0,    2.0, -2.0,  0.00,  0.00,  0.00,  0.0,  0.0,  0.0
1746537.68620570, 44855.049962, 10.000,    0.0,    2.0, -2.0,  0.00,  0.00,  0.00,  0.0,  0.0,  0.0
1746537.68870570, 44855.040945, 10.000,    0.0,    2.0, -2.0,  0.00,  0.00,  0.00,  0.0,  0.0,  0.0
1746537.69120570, 44855.031927, 10.000,    0.0,    2.0, -2.0,  0.00,  0.00,  0.00,  0.0,  0.0,  0.0
1746537.69370570, 44855.022910, 10.000,    0.0,    2.0, -2.0,  0.00,  0.00,  0.00,  0.0,  0.0,  0.0
1746537.69620570, 44855.013893, 10.000,    0.0,    2.0, -2.0,  0.00,  0.00,  0.00,  0.0,  0.0,  0.0
1746537.69870570, 44855.004875, 10.000,    0.0,    2.0, -2.0,  0.00,  0.00,  0.00,  0.0,  0.0,  0.0
1746537.70120570, 44854.995858, 10.000,    0.0,    2.0, -2.0,  0.00,  0.00,  0.00,  0.0,  0.0,  0.0
1746537.70370570, 44854.986841, 10.000,    0.0,    2.0, -2.0,  0.00,  0.00,  0.00,  0.0,  0.0,  0.0
1746537.70620570, 44854.977823, 10.000,    0.0,    2.0, -2.0,  0.00,  0.00,  0.00,  0.0,  0.0,  0.0
1746537.70870570, 44854.885135, 10.000,    0.0,    2.0, -2.0,  0.00,  0.00,  0.00,  0.0,  0.0,  0.0
1746537.71120570, 44854.734023, 10.000,    0.0,    2.0, -2.0,  0.00,  0.00,  0.00,  0.0,  0.0,  0.0
1746537.71370570, 44854.721433, 10.000,    0.0,    2.0, -2.0,  0.00,  0.00,  0.00,  0.0,  0.0,  0.0
1746537.71620570, 44854.996651, 10.000,    0.0,    2.0, -2.0,  0.00,  0.00,  0.00,  0.0,  0.0,  0.0
1746537.71870570, 44855.272669, 10.000,    0.0,    2.0, -2.0,  0.00,  0.00,  0.00,  0.0,  0.0,  0.0
1746537.72120570, 44855.469948, 10.000,    0.0,    2.0, -2.0,  0.00,  0.00,  0.00,  0.0,  0.0,  0.0
1746537.72370570, 44855.446246, 10.000,    0.0,    2.0, -2.0,  0.00,  0.00,  0.00,  0.0,  0.0,  0.0
1746537.72620570, 44855.422808, 10.000,    0.0,    2.0, -2.0,  0.00,  0.00,  0.00,  0.0,  0.0,  0.0
1746537.72870570, 44855.480712, 10.000,    0.0,    2.0, -2.0,  0.00,  0.00,  0.00,  0.0,  0.0,  0.0
1746537.73120570, 44855.603154, 10.000,    0.0,    2.0, -2.0,  0.00,  0.00,  0.00,  0.0,  0.0,  0.0
1746537.73370570, 44855.624036, 10.000,    0.0,    2.0, -2.0,  0.00,  0.00,  0.00,  0.0,  0.0,  0.0
1746537.73620570, 44855.627823, 10.000,    0.0,    2.0, -2.0,  0.00,  0.00,  0.00,  0.0,  0.0,  0.0
1746537.73870570, 44855.600653, 10.000,    0.0,    2.0, -2.0,  0.00,  0.00,  0.00,  0.0,  0.0,  0.0
1746537.74120570, 44855.573483, 10.000,    0.0,    2.0, -2.0,  0.00,  0.00,  0.00,  0.0,  0.0,  0.0
1746537.74370570, 44855.408218, 10.000,    0.0,    2.0, -2.0,  0.00,  0.00,  0.00,  0.0,  0.0,  0.0
1746537.74620570, 44855.194617, 10.000,    0.0,    2.0, -2.0,  0.00,  0.00,  0.00,  0.0,  0.0,  0.0
1746537.74870570, 44855.085050, 10.000,    0.0,    2.0, -2.0,  0.00,  0.00,  0.00,  0.0,  0.0,  0.0
1746537.75120570, 44855.183583, 10.000,    0.0,    2.0, -2.0,  0.00,  0.00,  0.00,  0.0,  0.0,  0.0
1746537.75370570, 44855.601725, 10.000,    0.0,    2.0, -2.0,  0.00,  0.00,  0.00,  0.0,  0.0,  0.0
1746537.75620570, 44855.811722, 10.000,    0.0,    2.0, -2.0,  0.00,  0.00,  0.00,  0.0,  0.0,  0.0
1746537.75870570, 44855.594729, 10.000,    0.0,    2.0, -2.0,  0.00,  0.00,  0.00,  0.0,  0.0,  0.0
1746537.76120570, 44855.377737, 10.000,    0.0,    2.0, -2.0,  0.00,  0.00,  0.00,  0.0,  0.0,  0.0
1746537.76370570, 44855.160744, 10.000,    0.0,    2.0, -2.0,  0.00,  0.00,  0.00,  0.0,  0.0,  0.0
1746537.76620570, 44855.145088, 10.000,    0.0,    2.0, -2.0,  0.00,  0.00,  0.00,  0.0,  0.0,  0.0
1746537.76870570, 44855.223362, 10.000,    0.0,    2.0, -2.0,  0.00,  0.00,  0.00,  0.0,  0.0,  0.0
1746537.77120570, 44855.102174, 10.000,    0.0,    2.0, -2.0,  0.00,  0.00,  0.00,  0.0,  0.0,  0.0
1746537.77370570, 44854.960368, 10.000,    0.0,    2.0, -2.0,  0.00,  0.00,  0.00,  0.0,  0.0,  0.0
1746537.77620570, 44854.818561, 10.000,    0.0,    2.0, -2.0,  0.00,  0.00,  0.00,  0.0,  0.0,  0.0
1746537.77870570, 44854.676755, 10.000,    0.0,    2.0, -2.0,  0.00,  0.00,  0.00,  0.0,  0.0,  0.0
1746537.78120570, 44855.158935, 10.000,    0.0,    2.0, -2.0,  0.00,  0.00,  0.00,  0.0,  0.0,  0.0
1746537.78370570, 44855.450094, 10.000,    0.0,    2.0, -2.0,  0.00,  0.00,  0.00,  0.0,  0.0,  0.0
1746537.78620570, 44855.440088, 10.000,    0.0,    2.0, -2.0,  0.00,  0.00,  0.00,  0.0,  0.0,  0.0
1746537.78870570, 44855.430083, 10.000,    0.0,    2.0, -2.0,  0.00,  0.00,  0.00,  0.0,  0.0,  0.0
1746537.79120570, 44855.502744, 10.000,    0.0,    2.0, -2.0,  0.00,  0.00,  0.00,  0.0,  0.0,  0.0
1746537.79370570, 44855.685540, 10.000,    0.0,    2.0, -2.0,  0.00,  0.00,  0.00,  0.0,  0.0,  0.0
1746537.79620570, 44855.278646, 10.000,    0.0,    2.0, -2.0,  0.00,  0.00,  0.00,  0.0,  0.0,  0.0
1746537.79870570, 44854.871752, 10.000,    0.0,    2.0, -2.0,  0.00,  0.00,  0.00,  0.0,  0.0,  0.0
1746537.80120570, 44854.969963, 10.000,    0.0,    2.0, -2.0,  0.00,  0.00,  0.00,  0.0,  0.0,  0.0
1746537.80370570, 44855.161947, 10.000,    0.0,    2.0, -2.0,  0.00,  0.00,  0.00,  0.0,  0.0,  0.0
1746537.80620570, 44855.062672, 10.000,    0.0,    2.0, -2.0,  0.00,  0.00,  0.00,  0.0,  0.0,  0.0
1746537.80870570, 44855.130357, 10.000,    0.0,    2.0, -2.0,  0.00,  0.00,  0.00,  0.0,  0.0,  0.0
1746537.81120570, 44855.198043, 10.000,    0.0,    2.0, -2.0,  0.00,  0.00,  0.00,  0.0,  0.0,  0.0
1746537.81370570, 44855.273458, 10.000,    0.0,    2.0, -2.0,  0.00,  0.00,  0.00,  0.0,  0.0,  0.0
1746537.81620570, 44855.222889, 10.000,    0.0,    2.0, -2.0,  0.00,  0.00,  0.00,  0.0,  0.0,  0.0
1746537.81870570, 44855.012043, 10.000,    0.0,    2.0, -2.0,  0.00,  0.00,  0.00,  0.0,  0.0,  0.0
1746537.82120570, 44854.859617, 10.000,    0.0,    2.0, -2.0,  0.00,  0.00,  0.00,  0.0,  0.0,  0.0
1746537.82370570, 44855.051462, 10.000,    0.0,    2.0, -2.0,  0.00,  0.00,  0.00,  0.0,  0.0,  0.0
1746537.82620570, 44855.468996, 10.000,    0.0,    2.0, -2.0,  0.00,  0.00,  0.00,  0.0,  0.0,  0.0
1746537.82870570, 44855.351686, 10.000,    0.0,    2.0, -2.0,  0.00,  0.00,  0.00,  0.0,  0.0,  0.0
1746537.83120570, 44855.123428, 10.000,    0.0,    2.0, -2.0,  0.00,  0.00,  0.00,  0.0,  0.0,  0.0
1746537.83370570, 44854.895170, 10.000,    0.0,    2.0, -2.0,  0.00,  0.00,  0.00,  0.0,  0.0,  0.0
1746537.83620570, 44854.901283, 10.000,    0.0,    2.0, -2.0,  0.00,  0.00,  0.00,  0.0,  0.0,  0.0
1746537.83870570, 44855.192159, 10.000,    0.0,    2.0, -2.0,  0.00,  0.00,  0.00,  0.0,  0.0,  0.0
1746537.84120570, 44855.470840, 10.000,    0.0,    2.0, -2.0,  0.00,  0.00,  0.00,  0.0,  0.0,  0.0
1746537.84370570, 44855.366096, 10.000,    0.0,    2.0, -2.0,  0.00,  0.00,  0.00,  0.0,  0.0,  0.0
1746537.84620570, 44855.261352, 10.000,    0.0,    2.0, -2.0,  0.00,  0.00,  0.00,  0.0,  0.0,  0.0
1746537.84870570, 44855.213290, 10.000,    0.0,    2.0, -2.0,  0.00,  0.00,  0.00,  0.0,  0.0,  0.0
1746537.85120570, 44855.099454, 10.000,    0.0,    2.0, -2.0,  0.00,  0.00,  0.00,  0.0,  0.0,  0.0
1746537.85370570, 44855.100500, 10.000,    0.0,    2.0, -2.0,  0.00,  0.00,  0.00,  0.0,  0.0,  0.0
1746537.85620570, 44855.358722, 10.000,    0.0,    2.0, -2.0,  0.00,  0.00,  0.00,  0.0,  0.0,  0.0
1746537.85870570, 44855.288423, 10.000,    0.0,    2.0, -2.0,  0.00,  0.00,  0.00,  0.0,  0.0,  0.0
1746537.86120570, 44855.030215, 10.000,    0.0,    2.0, -2.0,  0.00,  0.00,  0.00,  0.0,  0.0,  0.0
1746537.86620570, 44855.132365, 10.000,    0.0,    2.0, -2.0,  0.00,  0.00,  0.00,  0.0,  0.0,  0.0
1746537.86870570, 44855.101539, 10.000,    0.0,    2.0, -2.0,  0.00,  0.00,  0.00,  0.0,  0.0,  0.0
1746537.87120570, 44854.755728, 10.000,    0.0,    2.0, -2.0,  0.00,  0.00,  0.00,  0.0,  0.0,  0.0
1746537.87370570, 44854.915962, 10.000,    0.0,    2.0, -2.0,  0.00,  0.00,  0.00,  0.0,  0.0,  0.0
1746537.87620570, 44855.139023, 10.000,    0.0,    2.0, -2.0,  0.00,  0.00,  0.00,  0.0,  0.0,  0.0
1746537.87870570, 44855.308818, 10.000,    0.0,    2.0, -2.0,  0.00,  0.00,  0.00,  0.0,  0.0,  0.0
1746537.88120570, 44855.279370, 10.000,    0.0,    2.0, -2.0,  0.00,  0.00,  0.00,  0.0,  0.0,  0.0
1746537.88370570, 44855.005536, 10.000,    0.0,    2.0, -2.0,  0.00,  0.00,  0.00,  0.0,  0.0,  0.0
1746537.88620570, 44854.971850, 10.000,    0.0,    2.0, -2.0,  0.00,  0.00,  0.00,  0.0,  0.0,  0.0
1746537.88870570, 44855.243169, 10.000,    0.0,    2.0, -2.0,  0.00,  0.00,  0.00,  0.0,  0.0,  0.0
1746537.89120570, 44854.986730, 10.000,    0.0,    2.0, -2.0,  0.00,  0.00,  0.00,  0.0,  0.0,  0.0
1746537.89370570, 44854.842822, 10.000,    0.0,    2.0, -2.0,  0.00,  0.00,  0.00,  0.0,  0.0,  0.0
1746537.89620570, 44854.837797, 10.000,    0.0,    2.0, -2.0,  0.00,  0.00,  0.00,  0.0,  0.0,  0.0
1746537.89870570, 44854.832772, 10.000,    0.0,    2.0, -2.0,  0.00,  0.00,  0.00,  0.0,  0.0,  0.0
1746537.90120570, 44854.827748, 10.000,    0.0,    2.0, -2.0,  0.00,  0.00,  0.00,  0.0,  0.0,  0.0
1746537.90370570, 44854.832326, 10.000,    0.0,    2.0, -2.0,  0.00,  0.00,  0.00,  0.0,  0.0,  0.0
1746537.90620570, 44854.855330, 10.000,    0.0,    2.0, -2.0,  0.00,  0.00,  0.00,  0.0,  0.0,  0.0
1746537.90870570, 44854.934562, 10.000,    0.0,    2.0, -2.0,  0.00,  0.00,  0.00,  0.0,  0.0,  0.0
1746537.91120570, 44855.016854, 10.000,    0.0,    2.0, -2.0,  0.00,  0.00,  0.00,  0.0,  0.0,  0.0
1746537.91370570, 44855.099146, 10.000,    0.0,    2.0, -2.0,  0.00,  0.00,  0.00,  0.0,  0.0,  0.0
1746537.91620570, 44854.886722, 10.000,    0.0,    2.0, -2.0,  0.00,  0.00,  0.00,  0.0,  0.0,  0.0
1746537.91870570, 44854.614139, 10.000,    0.0,    2.0, -2.0,  0.00,  0.00,  0.00,  0.0,  0.0,  0.0
1746537.92120570, 44854.768979, 10.000,    0.0,    2.0, -2.0,  0.00,  0.00,  0.00,  0.0,  0.0,  0.0
1746537.92370570, 44854.966773, 10.000,    0.0,    2.0, -2.0,  0.00,  0.00,  0.00,  0.0,  0.0,  0.0
1746537.92620570, 44855.164568, 10.000,    0.0,    2.0, -2.0,  0.00,  0.00,  0.00,  0.0,  0.0,  0.0
1746537.92870570, 44855.356587, 10.000,    0.0,    2.0, -2.0,  0.00,  0.00,  0.00,  0.0,  0.0,  0.0
1746537.93120570, 44855.207825, 10.000,    0.0,    2.0, -2.0,  0.00,  0.00,  0.00,  0.0,  0.0,  0.0
1746537.93370570, 44855.107515, 10.000,    0.0,    2.0, -2.0,  0.00,  0.00,  0.00,  0.0,  0.0,  0.0
1746537.93620570, 44855.220612, 10.000,    0.0,    2.0, -2.0,  0.00,  0.00,  0.00,  0.0,  0.0,  0.0
1746537.93870570, 44855.333708, 10.000,    0.0,    2.0, -2.0,  0.00,  0.00,  0.00,  0.0,  0.0,  0.0
1746537.94120570, 44855.317728, 10.000,    0.0,    2.0, -2.0,  0.00,  0.00,  0.00,  0.0,  0.0,  0.0
1746537.94370570, 44855.297143, 10.000,    0.0,    2.0, -2.0,  0.00,  0.00,  0.00,  0.0,  0.0,  0.0
1746537.94620570, 44855.268512, 10.000,    0.0,    2.0, -2.0,  0.00,  0.00,  0.00,  0.0,  0.0,  0.0
1746537.94870570, 44855.226106, 10.000,    0.0,    2.0, -2.0,  0.00,  0.00,  0.00,  0.0,  0.0,  0.0
1746537.95120570, 44855.183701, 10.000,    0.0,    2.0, -2.0,  0.00,  0.00,  0.00,  0.0,  0.0,  0.0
1746537.95370570, 44855.100108, 10.000,    0.0,    2.0, -2.0,  0.00,  0.00,  0.00,  0.0,  0.0,  0.0
1746537.95620570, 44854.988546, 10.000,    0.0,    2.0, -2.0,  0.00,  0.00,  0.00,  0.0,  0.0,  0.0
1746537.95870570, 44855.532787, 10.000,    0.0,    2.0, -2.0,  0.00,  0.00,  0.00,  0.0,  0.0,  0.0
1746537.96120570, 44855.234234, 10.000,    0.0,    2.0, -2.0,  0.00,  0.00,  0.00,  0.0,  0.0,  0.0
1746537.96370570, 44855.058532, 10.000,    0.0,    2.0, -2.0,  0.00,  0.00,  0.00,  0.0,  0.0,  0.0
1746537.96620570, 44854.928675, 10.000,    0.0,    2.0, -2.0,  0.00,  0.00,  0.00,  0.0,  0.0,  0.0
1746537.96870570, 44854.798819, 10.000,    0.0,    2.0, -2.0,  0.00,  0.00,  0.00,  0.0,  0.0,  0.0
1746537.97120570, 44854.668963, 10.000,    0.0,    2.0, -2.0,  0.00,  0.00,  0.00,  0.0,  0.0,  0.0
1746537.97370570, 44855.067814, 10.000,    0.0,    2.0, -2.0,  0.00,  0.00,  0.00,  0.0,  0.0,  0.0
1746537.97620570, 44855.365944, 10.000,    0.0,    2.0, -2.0,  0.00,  0.00,  0.00,  0.0,  0.0,  0.0
1746537.97870570, 44855.331970, 10.000,    0.0,    2.0, -2.0,  0.00,  0.00,  0.00,  0.0,  0.0,  0.0
1746537.98120570, 44855.297997, 10.000,    0.0,    2.0, -2.0,  0.00,  0.00,  0.00,  0.0,  0.0,  0.0
1746537.98370570, 44855.264023, 10.000,    0.0,    2.0, -2.0,  0.00,  0.00,  0.00,  0.0,  0.0,  0.0
1746537.98620570, 44855.281212, 10.000,    0.0,    2.0, -2.0,  0.00,  0.00,  0.00,  0.0,  0.0,  0.0
1746537.98870570, 44855.326150, 10.000,    0.0,    2.0, -2.0,  0.00,  0.00,  0.00,  0.0,  0.0,  0.0
1746537.99120570, 44855.481733, 10.000,    0.0,    2.0, -2.0,  0.00,  0.00,  0.00,  0.0,  0.0,  0.0
1746537.99370570, 44855.675166, 10.000,    0.0,    2.0, -2.0,  0.00,  0.00,  0.00,  0.0,  0.0,  0.0
1746537.99620570, 44855.868598, 10.000,    0.0,    2.0, -2.0,  0.00,  0.00,  0.00,  0.0,  0.0,  0.0
1746537.99870570, 44855.607870, 10.000,    0.0,    2.0, -2.0,  0.00,  0.00,  0.00,  0.0,  0.0,  0.0
1746538.00370570, 44855.614089, 10.000,    0.0,    2.0, -2.0,  0.00,  0.00,  0.00,  0.0,  0.0,  0.0
1746538.00620570, 44855.736183, 10.000,    0.0,    2.0, -2.0,  0.00,  0.00,  0.00,  0.0,  0.0,  0.0
1746538.00870570, 44855.745583, 10.000,    0.0,    2.0, -2.0,  0.00,  0.00,  0.00,  0.0,  0.0,  0.0
1746538.01120570, 44855.617903, 10.000,    0.0,    2.0, -2.0,  0.00,  0.00,  0.00,  0.0,  0.0,  0.0
1746538.01370570, 44855.549582, 10.000,    0.0,    2.0, -2.0,  0.00,  0.00,  0.00,  0.0,  0.0,  0.0
1746538.01620570, 44855.481261, 10.000,    0.0,    2.0, -2.0,  0.00,  0.00,  0.00,  0.0,  0.0,  0.0
1746538.01870570, 44855.412939, 10.000,    0.0,    2.0, -2.0,  0.00,  0.00,  0.00,  0.0,  0.0,  0.0
1746538.02120570, 44855.046662, 10.000,    0.0,    2.0, -2.0,  0.00,  0.00,  0.00,  0.0,  0.0,  0.0
1746538.02370570, 44855.430364, 10.000,    0.0,    2.0, -2.0,  0.00,  0.00,  0.00,  0.0,  0.0,  0.0
1746538.02620570, 44855.628816, 10.000,    0.0,    2.0, -2.0,  0.00,  0.00,  0.00,  0.0,  0.0,  0.0
1746538.02870570, 44855.254139, 10.000,    0.0,    2.0, -2.0,  0.00,  0.00,  0.00,  0.0,  0.0,  0.0
1746538.03120570, 44854.897862, 10.000,    0.0,    2.0, -2.0,  0.00,  0.00,  0.00,  0.0,  0.0,  0.0
1746538.03370570, 44855.241967, 10.000,    0.0,    2.0, -2.0,  0.00,  0.00,  0.00,  0.0,  0.0,  0.0
1746538.03620570, 44855.482708, 10.000,    0.0,    2.0, -2.0,  0.00,  0.00,  0.00,  0.0,  0.0,  0.0
1746538.03870570, 44855.192057, 10.000,    0.0,    2.0, -2.0,  0.00,  0.00,  0.00,  0.0,  0.0,  0.0
1746538.04120570, 44854.901405, 10.000,    0.0,    2.0, -2.0,  0.00,  0.00,  0.00,  0.0,  0.0,  0.0
1746538.04370570, 44855.112360, 10.000,    0.0,    2.0, -2.0,  0.00,  0.00,  0.00,  0.0,  0.0,  0.0
1746538.04620570, 44855.100444, 10.000,    0.0,    2.0, -2.0,  0.00,  0.00,  0.00,  0.0,  0.0,  0.0
1746538.04870570, 44855.088528, 10.000,    0.0,    2.0, -2.0,  0.00,  0.00,  0.00,  0.0,  0.0,  0.0
1746538.05120570, 44855.076612, 10.000,    0.0,    2.0, -2.0,  0.00,  0.00,  0.00,  0.0,  0.0,  0.0
1746538.05370570, 44855.064696, 10.000,    0.0,    2.0, -2.0,  0.00,  0.00,  0.00,  0.0,  0.0,  0.0
1746538.05620570, 44855.070911, 10.000,    0.0,    2.0, -2.0,  0.00,  0.00,  0.00,  0.0,  0.0,  0.0
1746538.05870570, 44855.090480, 10.000,    0.0,    2.0, -2.0,  0.00,  0.00,  0.00,  0.0,  0.0,  0.0
1746538.06120570, 44855.051649, 10.000,    0.0,    2.0, -2.0,  0.00,  0.00,  0.00,  0.0,  0.0,  0.0
1746538.06370570, 44855.008886, 10.000,    0.0,    2.0, -2.0,  0.00,  0.00,  0.00,  0.0,  0.0,  0.0
1746538.06620570, 44855.056549, 10.000,    0.0,    2.0, -2.0,  0.00,  0.00,  0.00,  0.0,  0.0,  0.0
1746538.06870570, 44855.074313, 10.000,    0.0,    2.0, -2.0,  0.00,  0.00,  0.00,  0.0,  0.0,  0.0
1746538.07120570, 44855.177545, 10.000,    0.0,    2.0, -2.0,  0.00,  0.00,  0.00,  0.0,  0.0,  0.0
1746538.07370570, 44855.280776, 10.000,    0.0,    2.0, -2.0,  0.00,  0.00,  0.00,  0.0,  0.0,  0.0
1746538.07620570, 44855.161184, 10.000,    0.0,    2.0, -2.0,  0.00,  0.00,  0.00,  0.0,  0.0,  0.0
1746538.07870570, 44855.019322, 10.000,    0.0,    2.0, -2.0,  0.00,  0.00,  0.00,  0.0,  0.0,  0.0
1746538.08120570, 44855.090810, 10.000,    0.0,    2.0, -2.0,  0.00,  0.00,  0.00,  0.0,  0.0,  0.0
1746538.08370570, 44855.162299, 10.000,    0.0,    2.0, -2.0,  0.00,  0.00,  0.00,  0.0,  0.0,  0.0
1746538.08620570, 44855.233787, 10.000,    0.0,    2.0, -2.0,  0.00,  0.00,  0.00,  0.0,  0.0,  0.0
1746538.08870570, 44855.305276, 10.000,    0.0,    2.0, -2.0,  0.00,  0.00,  0.00,  0.0,  0.0,  0.0
1746538.09120570, 44855.376764, 10.000,    0.0,    2.0, -2.0,  0.00,  0.00,  0.00,  0.0,  0.0,  0.0
1746538.09370570, 44855.448252, 10.000,    0.0,    2.0, -2.0,  0.00,  0.00,  0.00,  0.0,  0.0,  0.0
1746538.09620570, 44855.456828, 10.000,    0.0,    2.0, -2.0,  0.00,  0.00,  0.00,  0.0,  0.0,  0.0
1746538.09870570, 44855.444793, 10.000,    0.0,    2.0, -2.0,  0.00,  0.00,  0.00,  0.0,  0.0,  0.0
1746538.10120570, 44855.261168, 10.000,    0.0,    2.0, -2.0,  0.00,  0.00,  0.00,  0.0,  0.0,  0.0
1746538.10370570, 44855.156846, 10.000,    0.0,    2.0, -2.0,  0.00,  0.00,  0.00,  0.0,  0.0,  0.0
1746538.10620570, 44855.225629, 10.000,    0.0,    2.0, -2.0,  0.00,  0.00,  0.00,  0.0,  0.0,  0.0
1746538.10870570, 44855.202089, 10.000,    0.0,    2.0, -2.0,  0.00,  0.00,  0.00,  0.0,  0.0,  0.0
1746538.11120570, 44855.325113, 10.000,    0.0,    2.0, -2.0,  0.00,  0.00,  0.00,  0.0,  0.0,  0.0
1746538.11370570, 44855.736495, 10.000,    0.0,    2.0, -2.0,  0.00,  0.00,  0.00,  0.0,  0.0,  0.0
1746538.11620570, 44855.304353, 10.000,    0.0,    2.0, -2.0,  0.00,  0.00,  0.00,  0.0,  0.0,  0.0
1746538.11870570, 44855.190589, 10.000,    0.0,    2.0, -2.0,  0.00,  0.00,  0.00,  0.0,  0.0,  0.0
1746538.12120570, 44855.262497, 10.000,    0.0,    2.0, -2.0,  0.00,  0.00,  0.00,  0.0,  0.0,  0.0
1746538.12370570, 44855.334405, 10.000,    0.0,    2.0, -2.0,  0.00,  0.00,  0.00,  0.0,  0.0,  0.0
1746538.12620570, 44855.406313, 10.000,    0.0,    2.0, -2.0,  0.00,  0.00,  0.00,  0.0,  0.0,  0.0
1746538.12870570, 44855.478221, 10.000,    0.0,    2.0, -2.0,  0.00,  0.00,  0.00,  0.0,  0.0,  0.0
1746538.13120570, 44855.550129, 10.000,    0.0,    2.0, -2.0,  0.00,  0.00,  0.00,  0.0,  0.0,  0.0
1746538.13370570, 44855.622037, 10.000,    0.0,    2.0, -2.0,  0.00,  0.00,  0.00,  0.0,  0.0,  0.0
1746538.13620570, 44855.693945, 10.000,    0.0,    2.0, -2.0,  0.00,  0.00,  0.00,  0.0,  0.0,  0.0
1746538.13870570, 44855.269311, 10.000,    0.0,    2.0, -2.0,  0.00,  0.00,  0.00,  0.0,  0.0,  0.0
1746538.14120570, 44854.994224, 10.000,    0.0,    2.0, -2.0,  0.00,  0.00,  0.00,  0.0,  0.0,  0.0
1746538.14370570, 44855.232934, 10.000,    0.0,    2.0, -2.0,  0.00,  0.00,  0.00,  0.0,  0.0,  0.0
1746538.14620570, 44854.893385, 10.000,    0.0,    2.0, -2.0,  0.00,  0.00,  0.00,  0.0,  0.0,  0.0
1746538.14870570, 44854.873618, 10.000,    0.0,    2.0, -2.0,  0.00,  0.00,  0.00,  0.0,  0.0,  0.0
1746538.15120570, 44855.082941, 10.000,    0.0,    2.0, -2.0,  0.00,  0.00,  0.00,  0.0,  0.0,  0.0
1746538.15370570, 44855.367594, 10.000,    0.0,    2.0, -2.0,  0.00,  0.00,  0.00,  0.0,  0.0,  0.0
1746538.15620570, 44855.291571, 10.000,    0.0,    2.0, -2.0,  0.00,  0.00,  0.00,  0.0,  0.0,  0.0
1746538.15870570, 44855.215547, 10.000,    0.0,    2.0, -2.0,  0.00,  0.00,  0.00,  0.0,  0.0,  0.0
1746538.16120570, 44855.698930, 10.000,    0.0,    2.0, -2.0,  0.00,  0.00,  0.00,  0.0,  0.0,  0.0
1746538.16370570, 44855.215197, 10.000,    0.0,    2.0, -2.0,  0.00,  0.00,  0.00,  0.0,  0.0,  0.0
1746538.16620570, 44855.470706, 10.000,    0.0,    2.0, -2.0,  0.00,  0.00,  0.00,  0.0,  0.0,  0.0
1746538.16870570, 44855.656990, 10.000,    0.0,    2.0, -2.0,  0.00,  0.00,  0.00,  0.0,  0.0,  0.0
1746538.17120570, 44855.527790, 10.000,    0.0,    2.0, -2.0,  0.00,  0.00,  0.00,  0.0,  0.0,  0.0
1746538.17370570, 44855.331530, 10.000,    0.0,    2.0, -2.0,  0.00,  0.00,  0.00,  0.0,  0.0,  0.0
1746538.17620570, 44855.135269, 10.000,    0.0,    2.0, -2.0,  0.00,  0.00,  0.00,  0.0,  0.0,  0.0
1746538.18120570, 44855.240109, 10.000,    0.0,    2.0, -2.0,  0.00,  0.00,  0.00,  0.0,  0.0,  0.0
1746538.18370570, 44855.459884, 10.000,    0.0,    2.0, -2.0,  0.00,  0.00,  0.00,  0.0,  0.0,  0.0
1746538.18620570, 44855.602548, 10.000,    0.0,    2.0, -2.0,  0.00,  0.00,  0.00,  0.0,  0.0,  0.0
1746538.18870570, 44855.745211, 10.000,    0.0,    2.0, -2.0,  0.00,  0.00,  0.00,  0.0,  0.0,  0.0
1746538.19120570, 44855.758573, 10.000,    0.0,    2.0, -2.0,  0.00,  0.00,  0.00,  0.0,  0.0,  0.0
1746538.19370570, 44855.471080, 10.000,    0.0,    2.0, -2.0,  0.00,  0.00,  0.00,  0.0,  0.0,  0.0
1746538.19620570, 44855.370915, 10.000,    0.0,    2.0, -2.0,  0.00,  0.00,  0.00,  0.0,  0.0,  0.0
1746538.19870570, 44855.270750, 10.000,    0.0,    2.0, -2.0,  0.00,  0.00,  0.00,  0.0,  0.0,  0.0
1746538.20120570, 44855.222815, 10.000,    0.0,    2.0, -2.0,  0.00,  0.00,  0.00,  0.0,  0.0,  0.0
1746538.20370570, 44855.309242, 10.000,    0.0,    2.0, -2.0,  0.00,  0.00,  0.00,  0.0,  0.0,  0.0
1746538.20620570, 44855.376991, 10.000,    0.0,    2.0, -2.0,  0.00,  0.00,  0.00,  0.0,  0.0,  0.0
1746538.20870570, 44855.435619, 10.000,    0.0,    2.0, -2.0,  0.00,  0.00,  0.00,  0.0,  0.0,  0.0
1746538.21120570, 44855.120510, 10.000,    0.0,    2.0, -2.0,  0.00,  0.00,  0.00,  0.0,  0.0,  0.0
1746538.21370570, 44854.847486, 10.000,    0.0,    2.0, -2.0,  0.00,  0.00,  0.00,  0.0,  0.0,  0.0
1746538.21620570, 44855.110596, 10.000,    0.0,    2.0, -2.0,  0.00,  0.00,  0.00,  0.0,  0.0,  0.0
1746538.21870570, 44855.275779, 10.000,    0.0,    2.0, -2.0,  0.00,  0.00,  0.00,  0.0,  0.0,  0.0
1746538.22120570, 44855.260233, 10.000,    0.0,    2.0, -2.0,  0.00,  0.00,  0.00,  0.0,  0.0,  0.0
1746538.22370570, 44855.227414, 10.000,    0.0,    2.0, -2.0,  0.00,  0.00,  0.00,  0.0,  0.0,  0.0
1746538.22620570, 44855.194596, 10.000,    0.0,    2.0, -2.0,  0.00,  0.00,  0.00,  0.0,  0.0,  0.0
1746538.22870570, 44855.161777, 10.000,    0.0,    2.0, -2.0,  0.00,  0.00,  0.00,  0.0,  0.0,  0.0
1746538.23120570, 44855.179449, 10.000,    0.0,    2.0, -2.0,  0.00,  0.00,  0.00,  0.0,  0.0,  0.0
1746538.23370570, 44855.446880, 10.000,    0.0,    2.0, -2.0,  0.00,  0.00,  0.00,  0.0,  0.0,  0.0
1746538.23620570, 44855.452263, 10.000,    0.0,    2.0, -2.0,  0.00,  0.00,  0.00,  0.0,  0.0,  0.0
1746538.23870570, 44855.188805, 10.000,    0.0,    2.0, -2.0,  0.00,  0.00,  0.00,  0.0,  0.0,  0.0
1746538.24120570, 44855.292557, 10.000,    0.0,    2.0, -2.0,  0.00,  0.00,  0.00,  0.0,  0.0,  0.0
1746538.24370570, 44855.120454, 10.000,    0.0,    2.0, -2.0,  0.00,  0.00,  0.00,  0.0,  0.0,  0.0
1746538.24620570, 44855.263071, 10.000,    0.0,    2.0, -2.0,  0.00,  0.00,  0.00,  0.0,  0.0,  0.0
1746538.24870570, 44855.301251, 10.000,    0.0,    2.0, -2.0,  0.00,  0.00,  0.00,  0.0,  0.0,  0.0
1746538.25120570, 44855.143138, 10.000,    0.0,    2.0, -2.0,  0.00,  0.00,  0.00,  0.0,  0.0,  0.0
1746538.25370570, 44854.919975, 10.000,    0.0,    2.0, -2.0,  0.00,  0.00,  0.00,  0.0,  0.0,  0.0
1746538.25620570, 44854.696813, 10.000,    0.0,    2.0, -2.0,  0.00,  0.00,  0.00,  0.0,  0.0,  0.0
1746538.25870570, 44854.601457, 10.000,    0.0,    2.0, -2.0,  0.00,  0.00,  0.00,  0.0,  0.0,  0.0
1746538.26120570, 44854.547011, 10.000,    0.0,    2.0, -2.0,  0.00,  0.00,  0.00,  0.0,  0.0,  0.0
1746538.26370570, 44854.707969, 10.000,    0.0,    2.0, -2.0,  0.00,  0.00,  0.00,  0.0,  0.0,  0.0
1746538.26620570, 44855.190371, 10.000,    0.0,    2.0, -2.0,  0.00,  0.00,  0.00,  0.0,  0.0,  0.0
1746538.26870570, 44855.296737, 10.000,    0.0,    2.0, -2.0,  0.00,  0.00,  0.00,  0.0,  0.0,  0.0
1746538.27120570, 44855.299159, 10.000,    0.0,    2.0, -2.0,  0.00,  0.00,  0.00,  0.0,  0.0,  0.0
1746538.27370570, 44855.301581, 10.000,    0.0,    2.0, -2.0,  0.00,  0.00,  0.00,  0.0,  0.0,  0.0
1746538.27620570, 44855.304003, 10.000,    0.0,    2.0, -2.0,  0.00,  0.00,  0.00,  0.0,  0.0,  0.0
1746538.27870570, 44855.326529, 10.000,    0.0,    2.0, -2.0,  0.00,  0.00,  0.00,  0.0,  0.0,  0.0
1746538.28120570, 44855.383436, 10.000,    0.0,    2.0, -2.0,  0.00,  0.00,  0.00,  0.0,  0.0,  0.0
1746538.28370570, 44855.440343, 10.000,    0.0,    2.0, -2.0,  0.00,  0.00,  0.00,  0.0,  0.0,  0.0
1746538.28620570, 44855.497250, 10.000,    0.0,    2.0, -2.0,  0.00,  0.00,  0.00,  0.0,  0.0,  0.0
1746538.28870570, 44855.507717, 10.000,    0.0,    2.0, -2.0,  0.00,  0.00,  0.00,  0.0,  0.0,  0.0
1746538.29120570, 44855.367813, 10.000,    0.0,    2.0, -2.0,  0.00,  0.00,  0.00,  0.0,  0.0,  0.0
1746538.29370570, 44855.227910, 10.000,    0.0,    2.0, -2.0,  0.00,  0.00,  0.00,  0.0,  0.0,  0.0
1746538.29620570, 44855.088006, 10.000,    0.0,    2.0, -2.0,  0.00,  0.00,  0.00,  0.0,  0.0,  0.0
1746538.29870570, 44854.961479, 10.000,    0.0,    2.0, -2.0,  0.00,  0.00,  0.00,  0.0,  0.0,  0.0
1746538.30120570, 44854.943711, 10.000,    0.0,    2.0, -2.0,  0.00,  0.00,  0.00,  0.0,  0.0,  0.0
1746538.30370570, 44855.218584, 10.000,    0.0,    2.0, -2.0,  0.00,  0.00,  0.00,  0.0,  0.0,  0.0
1746538.30620570, 44855.468683, 10.000,    0.0,    2.0, -2.0,  0.00,  0.00,  0.00,  0.0,  0.0,  0.0
1746538.30870570, 44855.313232, 10.000,    0.0,    2.0, -2.0,  0.00,  0.00,  0.00,  0.0,  0.0,  0.0
1746538.31120570, 44855.299627, 10.000,    0.0,    2.0, -2.0,  0.00,  0.00,  0.00,  0.0,  0.0,  0.0
1746538.31370570, 44855.498543, 10.000,    0.0,    2.0, -2.0,  0.00,  0.00,  0.00,  0.0,  0.0,  0.0
1746538.31620570, 44855.354790, 10.000,    0.0,    2.0, -2.0,  0.00,  0.00,  0.00,  0.0,  0.0,  0.0
1746538.31870570, 44855.192682, 10.000,    0.0,    2.0, -2.0,  0.00,  0.00,  0.00,  0.0,  0.0,  0.0
1746538.32120570, 44855.030574, 10.000,    0.0,    2.0, -2.0,  0.00,  0.00,  0.00,  0.0,  0.0,  0.0
1746538.32370570, 44854.868466, 10.000,    0.0,    2.0, -2.0,  0.00,  0.00,  0.00,  0.0,  0.0,  0.0
1746538.32620570, 44854.994864, 10.000,    0.0,    2.0, -2.0,  0.00,  0.00,  0.00,  0.0,  0.0,  0.0
1746538.32870570, 44855.328991, 10.000,    0.0,    2.0, -2.0,  0.00,  0.00,  0.00,  0.0,  0.0,  0.0
1746538.33120570, 44855.307879, 10.000,    0.0,    2.0, -2.0,  0.00,  0.00,  0.00,  0.0,  0.0,  0.0
1746538.33370570, 44855.223134, 10.000,    0.0,    2.0, -2.0,  0.00,  0.00,  0.00,  0.0,  0.0,  0.0
1746538.33620570, 44855.363669, 10.000,    0.0,    2.0, -2.0,  0.00,  0.00,  0.00,  0.0,  0.0,  0.0
1746538.33870570, 44855.292266, 10.000,    0.0,    2.0, -2.0,  0.00,  0.00,  0.00,  0.0,  0.0,  0.0
1746538.34120570, 44855.220862, 10.000,    0.0,    2.0, -2.0,  0.00,  0.00,  0.00,  0.0,  0.0,  0.0
1746538.34370570, 44855.149458, 10.000,    0.0,    2.0, -2.0,  0.00,  0.00,  0.00,  0.0,  0.0,  0.0
1746538.34620570, 44855.125474, 10.000,    0.0,    2.0, -2.0,  0.00,  0.00,  0.00,  0.0,  0.0,  0.0
1746538.34870570, 44855.114079, 10.000,    0.0,    2.0, -2.0,  0.00,  0.00,  0.00,  0.0,  0.0,  0.0
1746538.35120570, 44855.102685, 10.000,    0.0,    2.0, -2.0,  0.00,  0.00,  0.00,  0.0,  0.0,  0.0
1746538.35370570, 44855.177564, 10.000,    0.0,    2.0, -2.0,  0.00,  0.00,  0.00,  0.0,  0.0,  0.0
1746538.35620570, 44855.254611, 10.000,    0.0,    2.0, -2.0,  0.00,  0.00,  0.00,  0.0,  0.0,  0.0
1746538.35870570, 44855.331658, 10.000,    0.0,    2.0, -2.0,  0.00,  0.00,  0.00,  0.0,  0.0,  0.0
1746538.36120570, 44855.408706, 10.000,    0.0,    2.0, -2.0,  0.00,  0.00,  0.00,  0.0,  0.0,  0.0
1746538.36370570, 44854.898585, 10.000,    0.0,    2.0, -2.0,  0.00,  0.00,  0.00,  0.0,  0.0,  0.0
1746538.36620570, 44855.401748, 10.000,    0.0,    2.0, -2.0,  0.00,  0.00,  0.00,  0.0,  0.0,  0.0
1746538.36870570, 44855.401748, 10.000,    0.0,    2.0, -2.0,  0.00,  0.00,  0.00,  0.0,  0.0,  0.0
1746538.37120570, 44855.401748, 10.000,    0.0,    2.0, -2.0,  0.00,  0.00,  0.00,  0.0,  0.0,  0.0
1746538.37370570, 44855.401748, 10.000,    0.0,    2.0, -2.0,  0.00,  0.00,  0.00,  0.0,  0.0,  0.0
1746538.37620570, 44855.629571, 10.000,    0.0,    2.0, -2.0,  0.00,  0.00,  0.00,  0.0,  0.0,  0.0
1746538.37870570, 44855.447472, 10.000,    0.0,    2.0, -2.0,  0.00,  0.00,  0.00,  0.0,  0.0,  0.0
1746538.38120570, 44854.836600, 10.000,    0.0,    2.0, -2.0,  0.00,  0.00,  0.00,  0.0,  0.0,  0.0
1746538.38370570, 44855.082856, 10.000,    0.0,    2.0, -2.0,  0.00,  0.00,  0.00,  0.0,  0.0,  0.0
1746538.38620570, 44855.139533, 10.000,    0.0,    2.0, -2.0,  0.00,  0.00,  0.00,  0.0,  0.0,  0.0
1746538.38870570, 44854.786700, 10.000,    0.0,    2.0, -2.0,  0.00,  0.00,  0.00,  0.0,  0.0,  0.0
1746538.39120570, 44854.820215, 10.000,    0.0,    2.0, -2.0,  0.00,  0.00,  0.00,  0.0,  0.0,  0.0
1746538.39370570, 44854.853731, 10.000,    0.0,    2.0, -2.0,  0.00,  0.00,  0.00,  0.0,  0.0,  0.0
1746538.39620570, 44854.841371, 10.000,    0.0,    2.0, -2.0,  0.00,  0.00,  0.00,  0.0,  0.0,  0.0
1746538.39870570, 44855.065992, 10.000,    0.0,    2.0, -2.0,  0.00,  0.00,  0.00,  0.0,  0.0,  0.0
1746538.40120570, 44855.463066, 10.000,    0.0,    2.0, -2.0,  0.00,  0.00,  0.00,  0.0,  0.0,  0.0
1746538.40370570, 44855.195975, 10.000,    0.0,    2.0, -2.0,  0.00,  0.00,  0.00,  0.0,  0.0,  0.0
1746538.40620570, 44855.392716, 10.000,    0.0,    2.0, -2.0,  0.00,  0.00,  0.00,  0.0,  0.0,  0.0
1746538.40870570, 44855.594424, 10.000,    0.0,    2.0, -2.0,  0.00,  0.00,  0.00,  0.0,  0.0,  0.0
1746538.41120570, 44855.516795, 10.000,    0.0,    2.0, -2.0,  0.00,  0.00,  0.00,  0.0,  0.0,  0.0
1746538.41370570, 44855.439166, 10.000,    0.0,    2.0, -2.0,  0.00,  0.00,  0.00,  0.0,  0.0,  0.0
1746538.41620570, 44855.361537, 10.000,    0.0,    2.0, -2.0,  0.00,  0.00,  0.00,  0.0,  0.0,  0.0
1746538.41870570, 44855.243824, 10.000,    0.0,    2.0, -2.0,  0.00,  0.00,  0.00,  0.0,  0.0,  0.0
1746538.42120570, 44855.366707, 10.000,    0.0,    2.0, -2.0,  0.00,  0.00,  0.00,  0.0,  0.0,  0.0
1746538.42370570, 44855.341128, 10.000,    0.0,    2.0, -2.0,  0.00,  0.00,  0.00,  0.0,  0.0,  0.0
1746538.42620570, 44855.296982, 10.000,    0.0,    2.0, -2.0,  0.00,  0.00,  0.00,  0.0,  0.0,  0.0
1746538.42870570, 44855.252836, 10.000,    0.0,    2.0, -2.0,  0.00,  0.00,  0.00,  0.0,  0.0,  0.0
1746538.43120570, 44855.212928, 10.000,    0.0,    2.0, -2.0,  0.00,  0.00,  0.00,  0.0,  0.0,  0.0
1746538.43370570, 44855.445316, 10.000,    0.0,    2.0, -2.0,  0.00,  0.00,  0.00,  0.0,  0.0,  0.0
1746538.43620570, 44855.519799, 10.000,    0.0,    2.0, -2.0,  0.00,  0.00,  0.00,  0.0,  0.0,  0.0
1746538.43870570, 44855.461572, 10.000,    0.0,    2.0, -2.0,  0.00,  0.00,  0.00,  0.0,  0.0,  0.0
1746538.44120570, 44855.403345, 10.000,    0.0,    2.0, -2.0,  0.00,  0.00,  0.00,  0.0,  0.0,  0.0
1746538.44370570, 44855.315246, 10.000,    0.0,    2.0, -2.0,  0.00,  0.00,  0.00,  0.0,  0.0,  0.0
1746538.44620570, 44854.917805, 10.000,    0.0,    2.0, -2.0,  0.00,  0.00,  0.00,  0.0,  0.0,  0.0
1746538.44870570, 44855.522472, 10.000,    0.0,    2.0, -2.0,  0.00,  0.00,  0.00,  0.0,  0.0,  0.0
1746538.45120570, 44854.706845, 10.000,    0.0,    2.0, -2.0,  0.00,  0.00,  0.00,  0.0,  0.0,  0.0
1746538.45370570, 44854.830109, 10.000,    0.0,    2.0, -2.0,  0.00,  0.00,  0.00,  0.0,  0.0,  0.0
1746538.45620570, 44855.264979, 10.000,    0.0,    2.0, -2.0,  0.00,  0.00,  0.00,  0.0,  0.0,  0.0
1746538.45870570, 44855.453857, 10.000,    0.0,    2.0, -2.0,  0.00,  0.00,  0.00,  0.0,  0.0,  0.0
1746538.46120570, 44855.349344, 10.000,    0.0,    2.0, -2.0,  0.00,  0.00,  0.00,  0.0,  0.0,  0.0
1746538.46370570, 44855.334038, 10.000,    0.0,    2.0, -2.0,  0.00,  0.00,  0.00,  0.0,  0.0,  0.0
1746538.46620570, 44855.330032, 10.000,    0.0,    2.0, -2.0,  0.00,  0.00,  0.00,  0.0,  0.0,  0.0
1746538.46870570, 44855.326026, 10.000,    0.0,    2.0, -2.0,  0.00,  0.00,  0.00,  0.0,  0.0,  0.0
1746538.47120570, 44855.322020, 10.000,    0.0,    2.0, -2.0,  0.00,  0.00,  0.00,  0.0,  0.0,  0.0
1746538.47370570, 44855.318015, 10.000,    0.0,    2.0, -2.0,  0.00,  0.00,  0.00,  0.0,  0.0,  0.0
1746538.47620570, 44855.035772, 10.000,    0.0,    2.0, -2.0,  0.00,  0.00,  0.00,  0.0,  0.0,  0.0
1746538.47870570, 44854.922085, 10.000,    0.0,    2.0, -2.0,  0.00,  0.00,  0.00,  0.0,  0.0,  0.0
1746538.48120570, 44855.141845, 10.000,    0.0,    2.0, -2.0,  0.00,  0.00,  0.00,  0.0,  0.0,  0.0
1746538.48370570, 44855.002644, 10.000,    0.0,    2.0, -2.0,  0.00,  0.00,  0.00,  0.0,  0.0,  0.0
1746538.48620570, 44854.872771, 10.000,    0.0,    2.0, -2.0,  0.00,  0.00,  0.00,  0.0,  0.0,  0.0
1746538.48870570, 44855.021175, 10.000,    0.0,    2.0, -2.0,  0.00,  0.00,  0.00,  0.0,  0.0,  0.0
1746538.49120570, 44855.169579, 10.000,    0.0,    2.0, -2.0,  0.00,  0.00,  0.00,  0.0,  0.0,  0.0
1746538.49370570, 44855.317982, 10.000,    0.0,    2.0, -2.0,  0.00,  0.00,  0.00,  0.0,  0.0,  0.0
1746538.49620570, 44855.485026, 10.000,    0.0,    2.0, -2.0,  0.00,  0.00,  0.00,  0.0,  0.0,  0.0
1746538.49870570, 44855.508492, 10.000,    0.0,    2.0, -2.0,  0.00,  0.00,  0.00,  0.0,  0.0,  0.0
1746538.50120570, 44855.424320, 10.000,    0.0,    2.0, -2.0,  0.00,  0.00,  0.00,  0.0,  0.0,  0.0
1746538.50370570, 44855.340147, 10.000,    0.0,    2.0, -2.0,  0.00,  0.00,  0.00,  0.0,  0.0,  0.0
1746538.50620570, 44855.255975, 10.000,    0.0,    2.0, -2.0,  0.00,  0.00,  0.00,  0.0,  0.0,  0.0
1746538.50870570, 44855.171802, 10.000,    0.0,    2.0, -2.0,  0.00,  0.00,  0.00,  0.0,  0.0,  0.0
1746538.51370570, 44855.370992, 10.000,    0.0,    2.0, -2.0,  0.00,  0.00,  0.00,  0.0,  0.0,  0.0
1746538.51620570, 44855.393502, 10.000,    0.0,    2.0, -2.0,  0.00,  0.00,  0.00,  0.0,  0.0,  0.0
1746538.51870570, 44855.218368, 10.000,    0.0,    2.0, -2.0,  0.00,  0.00,  0.00,  0.0,  0.0,  0.0
1746538.52120570, 44855.043234, 10.000,    0.0,    2.0, -2.0,  0.00,  0.00,  0.00,  0.0,  0.0,  0.0
1746538.52370570, 44855.268852, 10.000,    0.0,    2.0, -2.0,  0.00,  0.00,  0.00,  0.0,  0.0,  0.0
1746538.52620570, 44855.332735, 10.000,    0.0,    2.0, -2.0,  0.00,  0.00,  0.00,  0.0,  0.0,  0.0
1746538.52870570, 44855.315239, 10.000,    0.0,    2.0, -2.0,  0.00,  0.00,  0.00,  0.0,  0.0,  0.0
1746538.53120570, 44855.266981, 10.000,    0.0,    2.0, -2.0,  0.00,  0.00,  0.00,  0.0,  0.0,  0.0
1746538.53370570, 44855.207475, 10.000,    0.0,    2.0, -2.0,  0.00,  0.00,  0.00,  0.0,  0.0,  0.0
1746538.53620570, 44855.147969, 10.000,    0.0,    2.0, -2.0,  0.00,  0.00,  0.00,  0.0,  0.0,  0.0
1746538.53870570, 44855.057654, 10.000,    0.0,    2.0, -2.0,  0.00,  0.00,  0.00,  0.0,  0.0,  0.0
1746538.54120570, 44854.958307, 10.000,    0.0,    2.0, -2.0,  0.00,  0.00,  0.00,  0.0,  0.0,  0.0
1746538.54370570, 44855.214338, 10.000,    0.0,    2.0, -2.0,  0.00,  0.00,  0.00,  0.0,  0.0,  0.0
1746538.54620570, 44854.976726, 10.000,    0.0,    2.0, -2.0,  0.00,  0.00,  0.00,  0.0,  0.0,  0.0
1746538.54870570, 44855.047135, 10.000,    0.0,    2.0, -2.0,  0.00,  0.00,  0.00,  0.0,  0.0,  0.0
1746538.55120570, 44855.362775, 10.000,    0.0,    2.0, -2.0,  0.00,  0.00,  0.00,  0.0,  0.0,  0.0
1746538.55370570, 44855.558738, 10.000,    0.0,    2.0, -2.0,  0.00,  0.00,  0.00,  0.0,  0.0,  0.0
1746538.55620570, 44855.553412, 10.000,    0.0,    2.0, -2.0,  0.00,  0.00,  0.00,  0.0,  0.0,  0.0
1746538.55870570, 44855.554402, 10.000,    0.0,    2.0, -2.0,  0.00,  0.00,  0.00,  0.0,  0.0,  0.0
1746538.56120570, 44855.559166, 10.000,    0.0,    2.0, -2.0,  0.00,  0.00,  0.00,  0.0,  0.0,  0.0
1746538.56370570, 44855.298262, 10.000,    0.0,    2.0, -2.0,  0.00,  0.00,  0.00,  0.0,  0.0,  0.0
1746538.56620570, 44854.891669, 10.000,    0.0,    2.0, -2.0,  0.00,  0.00,  0.00,  0.0,  0.0,  0.0
1746538.56870570, 44855.105951, 10.000,    0.0,    2.0, -2.0,  0.00,  0.00,  0.00,  0.0,  0.0,  0.0
1746538.57120570, 44855.320233, 10.000,    0.0,    2.0, -2.0,  0.00,  0.00,  0.00,  0.0,  0.0,  0.0
1746538.57370570, 44855.534515, 10.000,    0.0,    2.0, -2.0,  0.00,  0.00,  0.00,  0.0,  0.0,  0.0
1746538.57620570, 44855.416777, 10.000,    0.0,    2.0, -2.0,  0.00,  0.00,  0.00,  0.0,  0.0,  0.0
1746538.57870570, 44855.213163, 10.000,    0.0,    2.0, -2.0,  0.00,  0.00,  0.00,  0.0,  0.0,  0.0
1746538.58120570, 44855.309400, 10.000,    0.0,    2.0, -2.0,  0.00,  0.00,  0.00,  0.0,  0.0,  0.0
1746538.58370570, 44855.405637, 10.000,    0.0,    2.0, -2.0,  0.00,  0.00,  0.00,  0.0,  0.0,  0.0
1746538.58620570, 44855.137638, 10.000,    0.0,    2.0, -2.0,  0.00,  0.00,  0.00,  0.0,  0.0,  0.0
1746538.58870570, 44855.123787, 10.000,    0.0,    2.0, -2.0,  0.00,  0.00,  0.00,  0.0,  0.0,  0.0
1746538.59120570, 44855.493664, 10.000,    0.0,    2.0, -2.0,  0.00,  0.00,  0.00,  0.0,  0.0,  0.0
1746538.59370570, 44855.077805, 10.000,    0.0,    2.0, -2.0,  0.00,  0.00,  0.00,  0.0,  0.0,  0.0
1746538.59620570, 44854.625380, 10.000,    0.0,    2.0, -2.0,  0.00,  0.00,  0.00,  0.0,  0.0,  0.0
1746538.59870570, 44854.578556, 10.000,    0.0,    2.0, -2.0,  0.00,  0.00,  0.00,  0.0,  0.0,  0.0
1746538.60120570, 44854.578556, 10.000,    0.0,    2.0, -2.0,  0.00,  0.00,  0.00,  0.0,  0.0,  0.0
1746538.60370570, 44854.702780, 10.000,    0.0,    2.0, -2.0,  0.00,  0.00,  0.00,  0.0,  0.0,  0.0
1746538.60620570, 44855.324401, 10.000,    0.0,    2.0, -2.0,  0.00,  0.00,  0.00,  0.0,  0.0,  0.0
1746538.60870570, 44855.403499, 10.000,    0.0,    2.0, -2.0,  0.00,  0.00,  0.00,  0.0,  0.0,  0.0
1746538.61120570, 44855.480397, 10.000,    0.0,    2.0, -2.0,  0.00,  0.00,  0.00,  0.0,  0.0,  0.0
1746538.61370570, 44855.557294, 10.000,    0.0,    2.0, -2.0,  0.00,  0.00,  0.00,  0.0,  0.0,  0.0
1746538.61620570, 44855.600887, 10.000,    0.0,    2.0, -2.0,  0.00,  0.00,  0.00,  0.0,  0.0,  0.0
1746538.61870570, 44855.540295, 10.000,    0.0,    2.0, -2.0,  0.00,  0.00,  0.00,  0.0,  0.0,  0.0
1746538.62120570, 44855.479704, 10.000,    0.0,    2.0, -2.0,  0.00,  0.00,  0.00,  0.0,  0.0,  0.0
1746538.62370570, 44855.419113, 10.000,    0.0,    2.0, -2.0,  0.00,  0.00,  0.00,  0.0,  0.0,  0.0
1746538.62620570, 44855.358522, 10.000,    0.0,    2.0, -2.0,  0.00,  0.00,  0.00,  0.0,  0.0,  0.0
1746538.62870570, 44855.272161, 10.000,    0.0,    2.0, -2.0,  0.00,  0.00,  0.00,  0.0,  0.0,  0.0
1746538.63120570, 44855.172213, 10.000,    0.0,    2.0, -2.0,  0.00,  0.00,  0.00,  0.0,  0.0,  0.0
1746538.63370570, 44855.072265, 10.000,    0.0,    2.0, -2.0,  0.00,  0.00,  0.00,  0.0,  0.0,  0.0
1746538.63620570, 44854.972316, 10.000,    0.0,    2.0, -2.0,  0.00,  0.00,  0.00,  0.0,  0.0,  0.0
1746538.63870570, 44855.266686, 10.000,    0.0,    2.0, -2.0,  0.00,  0.00,  0.00,  0.0,  0.0,  0.0
1746538.64120570, 44855.191907, 10.000,    0.0,    2.0, -2.0,  0.00,  0.00,  0.00,  0.0,  0.0,  0.0
1746538.64370570, 44854.981573, 10.000,    0.0,    2.0, -2.0,  0.00,  0.00,  0.00,  0.0,  0.0,  0.0
1746538.64620570, 44854.882275, 10.000,    0.0,    2.0, -2.0,  0.00,  0.00,  0.00,  0.0,  0.0,  0.0
1746538.64870570, 44855.131129, 10.000,    0.0,    2.0, -2.0,  0.00,  0.00,  0.00,  0.0,  0.0,  0.0
1746538.65120570, 44854.925543, 10.000,    0.0,    2.0, -2.0,  0.00,  0.00,  0.00,  0.0,  0.0,  0.0
1746538.65370570, 44854.831865, 10.000,    0.0,    2.0, -2.0,  0.00,  0.00,  0.00,  0.0,  0.0,  0.0
1746538.65620570, 44854.984984, 10.000,    0.0,    2.0, -2.0,  0.00,  0.00,  0.00,  0.0,  0.0,  0.0
1746538.65870570, 44855.140142, 10.000,    0.0,    2.0, -2.0,  0.00,  0.00,  0.00,  0.0,  0.0,  0.0
1746538.66120570, 44855.367948, 10.000,    0.0,    2.0, -2.0,  0.00,  0.00,  0.00,  0.0,  0.0,  0.0
1746538.66370570, 44855.583784, 10.000,    0.0,    2.0, -2.0,  0.00,  0.00,  0.00,  0.0,  0.0,  0.0
1746538.66620570, 44855.396730, 10.000,    0.0,    2.0, -2.0,  0.00,  0.00,  0.00,  0.0,  0.0,  0.0
1746538.66870570, 44855.391057, 10.000,    0.0,    2.0, -2.0,  0.00,  0.00,  0.00,  0.0,  0.0,  0.0
1746538.67120570, 44855.391057, 10.000,    0.0,    2.0, -2.0,  0.00,  0.00,  0.00,  0.0,  0.0,  0.0
1746538.67370570, 44855.391057, 10.000,    0.0,    2.0, -2.0,  0.00,  0.00,  0.00,  0.0,  0.0,  0.0
1746538.67620570, 44855.391057, 10.000,    0.0,    2.0, -2.0,  0.00,  0.00,  0.00,  0.0,  0.0,  0.0
1746538.67870570, 44855.367118, 10.000,    0.0,    2.0, -2.0,  0.00,  0.00,  0.00,  0.0,  0.0,  0.0
1746538.68120570, 44855.243463, 10.000,    0.0,    2.0, -2.0,  0.00,  0.00,  0.00,  0.0,  0.0,  0.0
1746538.68370570, 44855.189962, 10.000,    0.0,    2.0, -2.0,  0.00,  0.00,  0.00,  0.0,  0.0,  0.0
1746538.68620570, 44855.141534, 10.000,    0.0,    2.0, -2.0,  0.00,  0.00,  0.00,  0.0,  0.0,  0.0
1746538.68870570, 44855.093106, 10.000,    0.0,    2.0, -2.0,  0.00,  0.00,  0.00,  0.0,  0.0,  0.0
1746538.69120570, 44855.031891, 10.000,    0.0,    2.0, -2.0,  0.00,  0.00,  0.00,  0.0,  0.0,  0.0
1746538.69370570, 44854.838547, 10.000,    0.0,    2.0, -2.0,  0.00,  0.00,  0.00,  0.0,  0.0,  0.0
1746538.69620570, 44854.980646, 10.000,    0.0,    2.0, -2.0,  0.00,  0.00,  0.00,  0.0,  0.0,  0.0
1746538.69870570, 44855.174773, 10.000,    0.0,    2.0, -2.0,  0.00,  0.00,  0.00,  0.0,  0.0,  0.0
1746538.70120570, 44855.125044, 10.000,    0.0,    2.0, -2.0,  0.00,  0.00,  0.00,  0.0,  0.0,  0.0
1746538.70370570, 44855.075314, 10.000,    0.0,    2.0, -2.0,  0.00,  0.00,  0.00,  0.0,  0.0,  0.0
1746538.70620570, 44854.956975, 10.000,    0.0,    2.0, -2.0,  0.00,  0.00,  0.00,  0.0,  0.0,  0.0
1746538.70870570, 44854.781681, 10.000,    0.0,    2.0, -2.0,  0.00,  0.00,  0.00,  0.0,  0.0,  0.0
1746538.71120570, 44854.781681, 10.000,    0.0,    2.0, -2.0,  0.00,  0.00,  0.00,  0.0,  0.0,  0.0
1746538.71370570, 44854.781681, 10.000,    0.0,    2.0, -2.0,  0.00,  0.00,  0.00,  0.0,  0.0,  0.0
1746538.71620570, 44854.785097, 10.000,    0.0,    2.0, -2.0,  0.00,  0.00,  0.00,  0.0,  0.0,  0.0
1746538.71870570, 44854.853528, 10.000,    0.0,    2.0, -2.0,  0.00,  0.00,  0.00,  0.0,  0.0,  0.0
1746538.72120570, 44854.921959, 10.000,    0.0,    2.0, -2.0,  0.00,  0.00,  0.00,  0.0,  0.0,  0.0
1746538.72370570, 44854.990389, 10.000,    0.0,    2.0, -2.0,  0.00,  0.00,  0.00,  0.0,  0.0,  0.0
1746538.72620570, 44855.058820, 10.000,    0.0,    2.0, -2.0,  0.00,  0.00,  0.00,  0.0,  0.0,  0.0
1746538.72870570, 44855.127251, 10.000,    0.0,    2.0, -2.0,  0.00,  0.00,  0.00,  0.0,  0.0,  0.0
1746538.73370570, 44854.930275, 10.000,    0.0,    2.0, -2.0,  0.00,  0.00,  0.00,  0.0,  0.0,  0.0
1746538.73620570, 44855.085035, 10.000,    0.0,    2.0, -2.0,  0.00,  0.00,  0.00,  0.0,  0.0,  0.0
1746538.73870570, 44855.239795, 10.000,    0.0,    2.0, -2.0,  0.00,  0.00,  0.00,  0.0,  0.0,  0.0
1746538.74120570, 44855.196831, 10.000,    0.0,    2.0, -2.0,  0.00,  0.00,  0.00,  0.0,  0.0,  0.0
1746538.74370570, 44855.098903, 10.000,    0.0,    2.0, -2.0,  0.00,  0.00,  0.00,  0.0,  0.0,  0.0
1746538.74620570, 44855.011707, 10.000,    0.0,    2.0, -2.0,  0.00,  0.00,  0.00,  0.0,  0.0,  0.0
1746538.74870570, 44855.130834, 10.000,    0.0,    2.0, -2.0,  0.00,  0.00,  0.00,  0.0,  0.0,  0.0
1746538.75120570, 44855.302321, 10.000,    0.0,    2.0, -2.0,  0.00,  0.00,  0.00,  0.0,  0.0,  0.0
1746538.75370570, 44855.277165, 10.000,    0.0,    2.0, -2.0,  0.00,  0.00,  0.00,  0.0,  0.0,  0.0
1746538.75620570, 44855.129978, 10.000,    0.0,    2.0, -2.0,  0.00,  0.00,  0.00,  0.0,  0.0,  0.0
1746538.75870570, 44855.017644, 10.000,    0.0,    2.0, -2.0,  0.00,  0.00,  0.00,  0.0,  0.0,  0.0
1746538.76120570, 44855.089712, 10.000,    0.0,    2.0, -2.0,  0.00,  0.00,  0.00,  0.0,  0.0,  0.0
1746538.76370570, 44855.161780, 10.000,    0.0,    2.0, -2.0,  0.00,  0.00,  0.00,  0.0,  0.0,  0.0
1746538.76620570, 44855.233848, 10.000,    0.0,    2.0, -2.0,  0.00,  0.00,  0.00,  0.0,  0.0,  0.0
1746538.76870570, 44855.305916, 10.000,    0.0,    2.0, -2.0,  0.00,  0.00,  0.00,  0.0,  0.0,  0.0
1746538.77120570, 44855.377984, 10.000,    0.0,    2.0, -2.0,  0.00,  0.00,  0.00,  0.0,  0.0,  0.0
1746538.77370570, 44855.450052, 10.000,    0.0,    2.0, -2.0,  0.00,  0.00,  0.00,  0.0,  0.0,  0.0
1746538.77620570, 44855.428458, 10.000,    0.0,    2.0, -2.0,  0.00,  0.00,  0.00,  0.0,  0.0,  0.0
1746538.77870570, 44855.221072, 10.000,    0.0,    2.0, -2.0,  0.00,  0.00,  0.00,  0.0,  0.0,  0.0
1746538.78120570, 44855.018375, 10.000,    0.0,    2.0, -2.0,  0.00,  0.00,  0.00,  0.0,  0.0,  0.0
1746538.78370570, 44855.115542, 10.000,    0.0,    2.0, -2.0,  0.00,  0.00,  0.00,  0.0,  0.0,  0.0
1746538.78620570, 44855.208095, 10.000,    0.0,    2.0, -2.0,  0.00,  0.00,  0.00,  0.0,  0.0,  0.0
1746538.78870570, 44855.273437, 10.000,    0.0,    2.0, -2.0,  0.00,  0.00,  0.00,  0.0,  0.0,  0.0
1746538.79120570, 44855.338780, 10.000,    0.0,    2.0, -2.0,  0.00,  0.00,  0.00,  0.0,  0.0,  0.0
1746538.79370570, 44855.319850, 10.000,    0.0,    2.0, -2.0,  0.00,  0.00,  0.00,  0.0,  0.0,  0.0
1746538.79620570, 44855.153395, 10.000,    0.0,    2.0, -2.0,  0.00,  0.00,  0.00,  0.0,  0.0,  0.0
1746538.79870570, 44854.986940, 10.000,    0.0,    2.0, -2.0,  0.00,  0.00,  0.00,  0.0,  0.0,  0.0
1746538.80120570, 44854.820485, 10.000,    0.0,    2.0, -2.0,  0.00,  0.00,  0.00,  0.0,  0.0,  0.0
1746538.80370570, 44854.749609, 10.000,    0.0,    2.0, -2.0,  0.00,  0.00,  0.00,  0.0,  0.0,  0.0
1746538.80620570, 44854.901721, 10.000,    0.0,    2.0, -2.0,  0.00,  0.00,  0.00,  0.0,  0.0,  0.0
1746538.80870570, 44855.025338, 10.000,    0.0,    2.0, -2.0,  0.00,  0.00,  0.00,  0.0,  0.0,  0.0
1746538.81120570, 44854.838542, 10.000,    0.0,    2.0, -2.0,  0.00,  0.00,  0.00,  0.0,  0.0,  0.0
1746538.81370570, 44855.047847, 10.000,    0.0,    2.0, -2.0,  0.00,  0.00,  0.00,  0.0,  0.0,  0.0
1746538.81620570, 44855.171754, 10.000,    0.0,    2.0, -2.0,  0.00,  0.00,  0.00,  0.0,  0.0,  0.0
1746538.81870570, 44855.193901, 10.000,    0.0,    2.0, -2.0,  0.00,  0.00,  0.00,  0.0,  0.0,  0.0
1746538.82120570, 44855.216047, 10.000,    0.0,    2.0, -2.0,  0.00,  0.00,  0.00,  0.0,  0.0,  0.0
1746538.82370570, 44855.326228, 10.000,    0.0,    2.0, -2.0,  0.00,  0.00,  0.00,  0.0,  0.0,  0.0
1746538.82620570, 44855.423447, 10.000,    0.0,    2.0, -2.0,  0.00,  0.00,  0.00,  0.0,  0.0,  0.0
1746538.82870570, 44855.282605, 10.000,    0.0,    2.0, -2.0,  0.00,  0.00,  0.00,  0.0,  0.0,  0.0
1746538.83120570, 44855.258211, 10.000,    0.0,    2.0, -2.0,  0.00,  0.00,  0.00,  0.0,  0.0,  0.0
1746538.83370570, 44855.254236, 10.000,    0.0,    2.0, -2.0,  0.00,  0.00,  0.00,  0.0,  0.0,  0.0
1746538.83620570, 44855.295654, 10.000,    0.0,    2.0, -2.0,  0.00,  0.00,  0.00,  0.0,  0.0,  0.0
1746538.83870570, 44855.337073, 10.000,    0.0,    2.0, -2.0,  0.00,  0.00,  0.00,  0.0,  0.0,  0.0
1746538.84120570, 44855.378492, 10.000,    0.0,    2.0, -2.0,  0.00,  0.00,  0.00,  0.0,  0.0,  0.0
1746538.84370570, 44855.419910, 10.000,    0.0,    2.0, -2.0,  0.00,  0.00,  0.00,  0.0,  0.0,  0.0
1746538.84620570, 44855.492439, 10.000,    0.0,    2.0, -2.0,  0.00,  0.00,  0.00,  0.0,  0.0,  0.0
1746538.84870570, 44855.477979, 10.000,    0.0,    2.0, -2.0,  0.00,  0.00,  0.00,  0.0,  0.0,  0.0
1746538.85120570, 44855.268396, 10.000,    0.0,    2.0, -2.0,  0.00,  0.00,  0.00,  0.0,  0.0,  0.0
1746538.85370570, 44854.749059, 10.000,    0.0,    2.0, -2.0,  0.00,  0.00,  0.00,  0.0,  0.0,  0.0
1746538.85620570, 44854.902796, 10.000,    0.0,    2.0, -2.0,  0.00,  0.00,  0.00,  0.0,  0.0,  0.0
1746538.85870570, 44855.227482, 10.000,    0.0,    2.0, -2.0,  0.00,  0.00,  0.00,  0.0,  0.0,  0.0
1746538.86120570, 44855.204532, 10.000,    0.0,    2.0, -2.0,  0.00,  0.00,  0.00,  0.0,  0.0,  0.0
1746538.86370570, 44855.407589, 10.000,    0.0,    2.0, -2.0,  0.00,  0.00,  0.00,  0.0,  0.0,  0.0
1746538.86620570, 44855.286807, 10.000,    0.0,    2.0, -2.0,  0.00,  0.00,  0.00,  0.0,  0.0,  0.0
1746538.86870570, 44855.120749, 10.000,    0.0,    2.0, -2.0,  0.00,  0.00,  0.00,  0.0,  0.0,  0.0
1746538.87120570, 44855.029981, 10.000,    0.0,    2.0, -2.0,  0.00,  0.00,  0.00,  0.0,  0.0,  0.0
1746538.87370570, 44854.939212, 10.000,    0.0,    2.0, -2.0,  0.00,  0.00,  0.00,  0.0,  0.0,  0.0
1746538.87620570, 44854.848444, 10.000,    0.0,    2.0, -2.0,  0.00,  0.00,  0.00,  0.0,  0.0,  0.0
1746538.87870570, 44854.757676, 10.000,    0.0,    2.0, -2.0,  0.00,  0.00,  0.00,  0.0,  0.0,  0.0
1746538.88120570, 44854.892839, 10.000,    0.0,    2.0, -2.0,  0.00,  0.00,  0.00,  0.0,  0.0,  0.0
1746538.88370570, 44854.746254, 10.000,    0.0,    2.0, -2.0,  0.00,  0.00,  0.00,  0.0,  0.0,  0.0
1746538.88620570, 44854.721519, 10.000,    0.0,    2.0, -2.0,  0.00,  0.00,  0.00,  0.0,  0.0,  0.0
1746538.88870570, 44854.782528, 10.000,    0.0,    2.0, -2.0,  0.00,  0.00,  0.00,  0.0,  0.0,  0.0
1746538.89120570, 44854.843538, 10.000,    0.0,    2.0, -2.0,  0.00,  0.00,  0.00,  0.0,  0.0,  0.0
1746538.89370570, 44854.904548, 10.000,    0.0,    2.0, -2.0,  0.00,  0.00,  0.00,  0.0,  0.0,  0.0
1746538.89620570, 44854.965557, 10.000,    0.0,    2.0, -2.0,  0.00,  0.00,  0.00,  0.0,  0.0,  0.0
1746538.89870570, 44855.143473, 10.000,    0.0,    2.0, -2.0,  0.00,  0.00,  0.00,  0.0,  0.0,  0.0
1746538.90120570, 44855.127045, 10.000,    0.0,    2.0, -2.0,  0.00,  0.00,  0.00,  0.0,  0.0,  0.0
1746538.90370570, 44855.096298, 10.000,    0.0,    2.0, -2.0,  0.00,  0.00,  0.00,  0.0,  0.0,  0.0
1746538.90620570, 44855.065550, 10.000,    0.0,    2.0, -2.0,  0.00,  0.00,  0.00,  0.0,  0.0,  0.0
1746538.90870570, 44855.034803, 10.000,    0.0,    2.0, -2.0,  0.00,  0.00,  0.00,  0.0,  0.0,  0.0
1746538.91120570, 44855.259550, 10.000,    0.0,    2.0, -2.0,  0.00,  0.00,  0.00,  0.0,  0.0,  0.0
1746538.91370570, 44855.426490, 10.000,    0.0,    2.0, -2.0,  0.00,  0.00,  0.00,  0.0,  0.0,  0.0
1746538.91620570, 44855.303263, 10.000,    0.0,    2.0, -2.0,  0.00,  0.00,  0.00,  0.0,  0.0,  0.0
1746538.92120570, 44854.953645, 10.000,    0.0,    2.0, -2.0,  0.00,  0.00,  0.00,  0.0,  0.0,  0.0
1746538.92370570, 44854.866017, 10.000,    0.0,    2.0, -2.0,  0.00,  0.00,  0.00,  0.0,  0.0,  0.0
1746538.92620570, 44855.021968, 10.000,    0.0,    2.0, -2.0,  0.00,  0.00,  0.00,  0.0,  0.0,  0.0
1746538.92870570, 44855.175197, 10.000,    0.0,    2.0, -2.0,  0.00,  0.00,  0.00,  0.0,  0.0,  0.0
1746538.93120570, 44855.328426, 10.000,    0.0,    2.0, -2.0,  0.00,  0.00,  0.00,  0.0,  0.0,  0.0
1746538.93370570, 44855.309572, 10.000,    0.0,    2.0, -2.0,  0.00,  0.00,  0.00,  0.0,  0.0,  0.0
1746538.93620570, 44855.321163, 10.000,    0.0,    2.0, -2.0,  0.00,  0.00,  0.00,  0.0,  0.0,  0.0
1746538.93870570, 44855.191110, 10.000,    0.0,    2.0, -2.0,  0.00,  0.00,  0.00,  0.0,  0.0,  0.0
1746538.94120570, 44855.092770, 10.000,    0.0,    2.0, -2.0,  0.00,  0.00,  0.00,  0.0,  0.0,  0.0
1746538.94370570, 44855.253994, 10.000,    0.0,    2.0, -2.0,  0.00,  0.00,  0.00,  0.0,  0.0,  0.0
1746538.94620570, 44855.322256, 10.000,    0.0,    2.0, -2.0,  0.00,  0.00,  0.00,  0.0,  0.0,  0.0
1746538.94870570, 44855.369130, 10.000,    0.0,    2.0, -2.0,  0.00,  0.00,  0.00,  0.0,  0.0,  0.0
1746538.95120570, 44855.416005, 10.000,    0.0,    2.0, -2.0,  0.00,  0.00,  0.00,  0.0,  0.0,  0.0
1746538.95370570, 44855.462879, 10.000,    0.0,    2.0, -2.0,  0.00,  0.00,  0.00,  0.0,  0.0,  0.0
1746538.95620570, 44855.459083, 10.000,    0.0,    2.0, -2.0,  0.00,  0.00,  0.00,  0.0,  0.0,  0.0
1746538.95870570, 44855.304470, 10.000,    0.0,    2.0, -2.0,  0.00,  0.00,  0.00,  0.0,  0.0,  0.0
1746538.96120570, 44855.149857, 10.000,    0.0,    2.0, -2.0,  0.00,  0.00,  0.00,  0.0,  0.0,  0.0
1746538.96370570, 44854.995243, 10.000,    0.0,    2.0, -2.0,  0.00,  0.00,  0.00,  0.0,  0.0,  0.0
1746538.96620570, 44854.840630, 10.000,    0.0,    2.0, -2.0,  0.00,  0.00,  0.00,  0.0,  0.0,  0.0
1746538.96870570, 44855.075240, 10.000,    0.0,    2.0, -2.0,  0.00,  0.00,  0.00,  0.0,  0.0,  0.0
1746538.97120570, 44855.405161, 10.000,    0.0,    2.0, -2.0,  0.00,  0.00,  0.00,  0.0,  0.0,  0.0
1746538.97370570, 44855.288483, 10.000,    0.0,    2.0, -2.0,  0.00,  0.00,  0.00,  0.0,  0.0,  0.0
1746538.97620570, 44855.171805, 10.000,    0.0,    2.0, -2.0,  0.00,  0.00,  0.00,  0.0,  0.0,  0.0
1746538.97870570, 44855.055126, 10.000,    0.0,    2.0, -2.0,  0.00,  0.00,  0.00,  0.0,  0.0,  0.0
1746538.98120570, 44854.985705, 10.000,    0.0,    2.0, -2.0,  0.00,  0.00,  0.00,  0.0,  0.0,  0.0
1746538.98370570, 44855.009644, 10.000,    0.0,    2.0, -2.0,  0.00,  0.00,  0.00,  0.0,  0.0,  0.0
1746538.98620570, 44855.098602, 10.000,    0.0,    2.0, -2.0,  0.00,  0.00,  0.00,  0.0,  0.0,  0.0
1746538.98870570, 44855.187560, 10.000,    0.0,    2.0, -2.0,  0.00,  0.00,  0.00,  0.0,  0.0,  0.0
1746538.99120570, 44855.344563, 10.000,    0.0,    2.0, -2.0,  0.00,  0.00,  0.00,  0.0,  0.0,  0.0
1746538.99370570, 44855.435689, 10.000,    0.0,    2.0, -2.0,  0.00,  0.00,  0.00,  0.0,  0.0,  0.0
1746538.99620570, 44854.988254, 10.000,    0.0,    2.0, -2.0,  0.00,  0.00,  0.00,  0.0,  0.0,  0.0
1746538.99870570, 44854.981433, 10.000,    0.0,    2.0, -2.0,  0.00,  0.00,  0.00,  0.0,  0.0,  0.0
1746539.00120570, 44855.068050, 10.000,    0.0,    2.0, -2.0,  0.00,  0.00,  0.00,  0.0,  0.0,  0.0
1746539.00370570, 44855.154666, 10.000,    0.0,    2.0, -2.0,  0.00,  0.00,  0.00,  0.0,  0.0,  0.0
1746539.00620570, 44855.263586, 10.000,    0.0,    2.0, -2.0,  0.00,  0.00,  0.00,  0.0,  0.0,  0.0
1746539.00870570, 44855.515437, 10.000,    0.0,    2.0, -2.0,  0.00,  0.00,  0.00,  0.0,  0.0,  0.0
1746539.01120570, 44855.387029, 10.000,    0.0,    2.0, -2.0,  0.00,  0.00,  0.00,  0.0,  0.0,  0.0
1746539.01370570, 44854.968321, 10.000,    0.0,    2.0, -2.0,  0.00,  0.00,  0.00,  0.0,  0.0,  0.0
1746539.01620570, 44855.338168, 10.000,    0.0,    2.0, -2.0,  0.00,  0.00,  0.00,  0.0,  0.0,  0.0
1746539.01870570, 44855.261463, 10.000,    0.0,    2.0, -2.0,  0.00,  0.00,  0.00,  0.0,  0.0,  0.0
1746539.02120570, 44854.968499, 10.000,    0.0,    2.0, -2.0,  0.00,  0.00,  0.00,  0.0,  0.0,  0.0
1746539.02370570, 44854.994593, 10.000,    0.0,    2.0, -2.0,  0.00,  0.00,  0.00,  0.0,  0.0,  0.0
1746539.02620570, 44855.218103, 10.000,    0.0,    2.0, -2.0,  0.00,  0.00,  0.00,  0.0,  0.0,  0.0
1746539.02870570, 44855.251121, 10.000,    0.0,    2.0, -2.0,  0.00,  0.00,  0.00,  0.0,  0.0,  0.0
1746539.03120570, 44855.020254, 10.000,    0.0,    2.0, -2.0,  0.00,  0.00,  0.00,  0.0,  0.0,  0.0
1746539.03370570, 44855.250953, 10.000,    0.0,    2.0, -2.0,  0.00,  0.00,  0.00,  0.0,  0.0,  0.0
1746539.03620570, 44855.481652, 10.000,    0.0,    2.0, -2.0,  0.00,  0.00,  0.00,  0.0,  0.0,  0.0
1746539.03870570, 44855.712351, 10.000,    0.0,    2.0, -2.0,  0.00,  0.00,  0.00,  0.0,  0.0,  0.0
1746539.04120570, 44855.706085, 10.000,    0.0,    2.0, -2.0,  0.00,  0.00,  0.00,  0.0,  0.0,  0.0
1746539.04370570, 44855.587319, 10.000,    0.0,    2.0, -2.0,  0.00,  0.00,  0.00,  0.0,  0.0,  0.0
1746539.04620570, 44855.468554, 10.000,    0.0,    2.0, -2.0,  0.00,  0.00,  0.00,  0.0,  0.0,  0.0
1746539.04870570, 44855.349788, 10.000,    0.0,    2.0, -2.0,  0.00,  0.00,  0.00,  0.0,  0.0,  0.0
1746539.05120570, 44855.231023, 10.000,    0.0,    2.0, -2.0,  0.00,  0.00,  0.00,  0.0,  0.0,  0.0
1746539.05370570, 44855.391603, 10.000,    0.0,    2.0, -2.0,  0.00,  0.00,  0.00,  0.0,  0.0,  0.0
1746539.05620570, 44855.736347, 10.000,    0.0,    2.0, -2.0,  0.00,  0.00,  0.00,  0.0,  0.0,  0.0
1746539.05870570, 44855.661933, 10.000,    0.0,    2.0, -2.0,  0.00,  0.00,  0.00,  0.0,  0.0,  0.0
1746539.06120570, 44855.587519, 10.000,    0.0,    2.0, -2.0,  0.00,  0.00,  0.00,  0.0,  0.0,  0.0
1746539.06370570, 44855.513104, 10.000,    0.0,    2.0, -2.0,  0.00,  0.00,  0.00,  0.0,  0.0,  0.0
1746539.06620570, 44855.368086, 10.000,    0.0,    2.0, -2.0,  0.00,  0.00,  0.00,  0.0,  0.0,  0.0
1746539.06870570, 44855.244254, 10.000,    0.0,    2.0, -2.0,  0.00,  0.00,  0.00,  0.0,  0.0,  0.0
1746539.07120570, 44855.280297, 10.000,    0.0,    2.0, -2.0,  0.00,  0.00,  0.00,  0.0,  0.0,  0.0
1746539.07370570, 44855.309079, 10.000,    0.0,    2.0, -2.0,  0.00,  0.00,  0.00,  0.0,  0.0,  0.0
1746539.07620570, 44855.059218, 10.000,    0.0,    2.0, -2.0,  0.00,  0.00,  0.00,  0.0,  0.0,  0.0
1746539.07870570, 44854.860944, 10.000,    0.0,    2.0, -2.0,  0.00,  0.00,  0.00,  0.0,  0.0,  0.0
1746539.08120570, 44854.964517, 10.000,    0.0,    2.0, -2.0,  0.00,  0.00,  0.00,  0.0,  0.0,  0.0
1746539.08370570, 44855.090181, 10.000,    0.0,    2.0, -2.0,  0.00,  0.00,  0.00,  0.0,  0.0,  0.0
1746539.08620570, 44855.238433, 10.000,    0.0,    2.0, -2.0,  0.00,  0.00,  0.00,  0.0,  0.0,  0.0
1746539.08870570, 44855.386686, 10.000,    0.0,    2.0, -2.0,  0.00,  0.00,  0.00,  0.0,  0.0,  0.0
1746539.09120570, 44855.412662, 10.000,    0.0,    2.0, -2.0,  0.00,  0.00,  0.00,  0.0,  0.0,  0.0
1746539.09370570, 44855.051490, 10.000,    0.0,    2.0, -2.0,  0.00,  0.00,  0.00,  0.0,  0.0,  0.0
1746539.09620570, 44855.123654, 10.000,    0.0,    2.0, -2.0,  0.00,  0.00,  0.00,  0.0,  0.0,  0.0
1746539.09870570, 44855.260657, 10.000,    0.0,    2.0, -2.0,  0.00,  0.00,  0.00,  0.0,  0.0,  0.0
1746539.10120570, 44855.340640, 10.000,    0.0,    2.0, -2.0,  0.00,  0.00,  0.00,  0.0,  0.0,  0.0
1746539.10370570, 44855.348830, 10.000,    0.0,    2.0, -2.0,  0.00,  0.00,  0.00,  0.0,  0.0,  0.0
1746539.10620570, 44855.280851, 10.000,    0.0,    2.0, -2.0,  0.00,  0.00,  0.00,  0.0,  0.0,  0.0
1746539.10870570, 44855.191384, 10.000,    0.0,    2.0, -2.0,  0.00,  0.00,  0.00,  0.0,  0.0,  0.0
1746539.11120570, 44855.086145, 10.000,    0.0,    2.0, -2.0,  0.00,  0.00,  0.00,  0.0,  0.0,  0.0
1746539.11370570, 44855.093416, 10.000,    0.0,    2.0, -2.0,  0.00,  0.00,  0.00,  0.0,  0.0,  0.0
1746539.11620570, 44855.169018, 10.000,    0.0,    2.0, -2.0,  0.00,  0.00,  0.00,  0.0,  0.0,  0.0
1746539.11870570, 44855.191724, 10.000,    0.0,    2.0, -2.0,  0.00,  0.00,  0.00,  0.0,  0.0,  0.0
1746539.12120570, 44855.214430, 10.000,    0.0,    2.0, -2.0,  0.00,  0.00,  0.00,  0.0,  0.0,  0.0
1746539.12370570, 44855.237135, 10.000,    0.0,    2.0, -2.0,  0.00,  0.00,  0.00,  0.0,  0.0,  0.0
1746539.12620570, 44855.377386, 10.000,    0.0,    2.0, -2.0,  0.00,  0.00,  0.00,  0.0,  0.0,  0.0
1746539.12870570, 44855.238478, 10.000,    0.0,    2.0, -2.0,  0.00,  0.00,  0.00,  0.0,  0.0,  0.0
1746539.13120570, 44855.166550, 10.000,    0.0,    2.0, -2.0,  0.00,  0.00,  0.00,  0.0,  0.0,  0.0
1746539.13370570, 44855.244708, 10.000,    0.0,    2.0, -2.0,  0.00,  0.00,  0.00,  0.0,  0.0,  0.0
1746539.13620570, 44855.347894, 10.000,    0.0,    2.0, -2.0,  0.00,  0.00,  0.00,  0.0,  0.0,  0.0
1746539.13870570, 44855.451080, 10.000,    0.0,    2.0, -2.0,  0.00,  0.00,  0.00,  0.0,  0.0,  0.0
1746539.14120570, 44855.405708, 10.000,    0.0,    2.0, -2.0,  0.00,  0.00,  0.00,  0.0,  0.0,  0.0
1746539.14370570, 44855.342780, 10.000,    0.0,    2.0, -2.0,  0.00,  0.00,  0.00,  0.0,  0.0,  0.0
1746539.14620570, 44855.361496, 10.000,    0.0,    2.0, -2.0,  0.00,  0.00,  0.00,  0.0,  0.0,  0.0
1746539.14870570, 44855.380212, 10.000,    0.0,    2.0, -2.0,  0.00,  0.00,  0.00,  0.0,  0.0,  0.0
1746539.15120570, 44855.398928, 10.000,    0.0,    2.0, -2.0,  0.00,  0.00,  0.00,  0.0,  0.0,  0.0
1746539.15370570, 44855.436113, 10.000,    0.0,    2.0, -2.0,  0.00,  0.00,  0.00,  0.0,  0.0,  0.0
1746539.15620570, 44855.521245, 10.000,    0.0,    2.0, -2.0,  0.00,  0.00,  0.00,  0.0,  0.0,  0.0
1746539.15870570, 44855.476176, 10.000,    0.0,    2.0, -2.0,  0.00,  0.00,  0.00,  0.0,  0.0,  0.0
1746539.16120570, 44855.416111, 10.000,    0.0,    2.0, -2.0,  0.00,  0.00,  0.00,  0.0,  0.0,  0.0
1746539.16370570, 44855.356046, 10.000,    0.0,    2.0, -2.0,  0.00,  0.00,  0.00,  0.0,  0.0,  0.0
1746539.16620570, 44855.337603, 10.000,    0.0,    2.0, -2.0,  0.00,  0.00,  0.00,  0.0,  0.0,  0.0
1746539.16870570, 44855.337603, 10.000,    0.0,    2.0, -2.0,  0.00,  0.00,  0.00,  0.0,  0.0,  0.0
1746539.17120570, 44855.337603, 10.000,    0.0,    2.0, -2.0,  0.00,  0.00,  0.00,  0.0,  0.0,  0.0
1746539.17370570, 44855.744780, 10.000,    0.0,    2.0, -2.0,  0.00,  0.00,  0.00,  0.0,  0.0,  0.0
1746539.17620570, 44855.747380, 10.000,    0.0,    2.0, -2.0,  0.00,  0.00,  0.00,  0.0,  0.0,  0.0
1746539.17870570, 44855.673332, 10.000,    0.0,    2.0, -2.0,  0.00,  0.00,  0.00,  0.0,  0.0,  0.0
1746539.18120570, 44855.599284, 10.000,    0.0,    2.0, -2.0,  0.00,  0.00,  0.00,  0.0,  0.0,  0.0
1746539.18370570, 44855.525236, 10.000,    0.0,    2.0, -2.0,  0.00,  0.00,  0.00,  0.0,  0.0,  0.0
1746539.18620570, 44855.451188, 10.000,    0.0,    2.0, -2.0,  0.00,  0.00,  0.00,  0.0,  0.0,  0.0
1746539.18870570, 44855.384700, 10.000,    0.0,    2.0, -2.0,  0.00,  0.00,  0.00,  0.0,  0.0,  0.0
1746539.19120570, 44855.318962, 10.000,    0.0,    2.0, -2.0,  0.00,  0.00,  0.00,  0.0,  0.0,  0.0
1746539.19370570, 44855.253224, 10.000,    0.0,    2.0, -2.0,  0.00,  0.00,  0.00,  0.0,  0.0,  0.0
1746539.19620570, 44855.187486, 10.000,    0.0,    2.0, -2.0,  0.00,  0.00,  0.00,  0.0,  0.0,  0.0
1746539.19870570, 44855.193170, 10.000,    0.0,    2.0, -2.0,  0.00,  0.00,  0.00,  0.0,  0.0,  0.0
1746539.20120570, 44855.327898, 10.000,    0.0,    2.0, -2.0,  0.00,  0.00,  0.00,  0.0,  0.0,  0.0
1746539.20370570, 44855.462627, 10.000,    0.0,    2.0, -2.0,  0.00,  0.00,  0.00,  0.0,  0.0,  0.0
1746539.20620570, 44855.597355, 10.000,    0.0,    2.0, -2.0,  0.00,  0.00,  0.00,  0.0,  0.0,  0.0
1746539.20870570, 44855.732084, 10.000,    0.0,    2.0, -2.0,  0.00,  0.00,  0.00,  0.0,  0.0,  0.0
1746539.21120570, 44855.633687, 10.000,    0.0,    2.0, -2.0,  0.00,  0.00,  0.00,  0.0,  0.0,  0.0
1746539.21370570, 44854.593861, 10.000,    0.0,    2.0, -2.0,  0.00,  0.00,  0.00,  0.0,  0.0,  0.0
1746539.21620570, 44854.970629, 10.000,    0.0,    2.0, -2.0,  0.00,  0.00,  0.00,  0.0,  0.0,  0.0
1746539.21870570, 44855.383721, 10.000,    0.0,    2.0, -2.0,  0.00,  0.00,  0.00,  0.0,  0.0,  0.0
1746539.22120570, 44855.547258, 10.000,    0.0,    2.0, -2.0,  0.00,  0.00,  0.00,  0.0,  0.0,  0.0
1746539.22370570, 44855.269292, 10.000,    0.0,    2.0, -2.0,  0.00,  0.00,  0.00,  0.0,  0.0,  0.0
1746539.22620570, 44855.065953, 10.000,    0.0,    2.0, -2.0,  0.00,  0.00,  0.00,  0.0,  0.0,  0.0
1746539.22870570, 44855.029060, 10.000,    0.0,    2.0, -2.0,  0.00,  0.00,  0.00,  0.0,  0.0,  0.0
1746539.23120570, 44855.087272, 10.000,    0.0,    2.0, -2.0,  0.00,  0.00,  0.00,  0.0,  0.0,  0.0
1746539.23370570, 44855.145484, 10.000,    0.0,    2.0, -2.0,  0.00,  0.00,  0.00,  0.0,  0.0,  0.0
1746539.23620570, 44855.203696, 10.000,    0.0,    2.0, -2.0,  0.00,  0.00,  0.00,  0.0,  0.0,  0.0
1746539.23870570, 44855.383387, 10.000,    0.0,    2.0, -2.0,  0.00,  0.00,  0.00,  0.0,  0.0,  0.0
1746539.24120570, 44855.053580, 10.000,    0.0,    2.0, -2.0,  0.00,  0.00,  0.00,  0.0,  0.0,  0.0
1746539.24370570, 44854.784937, 10.000,    0.0,    2.0, -2.0,  0.00,  0.00,  0.00,  0.0,  0.0,  0.0
1746539.24620570, 44854.732864, 10.000,    0.0,    2.0, -2.0,  0.00,  0.00,  0.00,  0.0,  0.0,  0.0
1746539.24870570, 44855.369411, 10.000,    0.0,    2.0, -2.0,  0.00,  0.00,  0.00,  0.0,  0.0,  0.0
1746539.25120570, 44855.712439, 10.000,    0.0,    2.0, -2.0,  0.00,  0.00,  0.00,  0.0,  0.0,  0.0
1746539.25370570, 44855.290877, 10.000,    0.0,    2.0, -2.0,  0.00,  0.00,  0.00,  0.0,  0.0,  0.0
1746539.25620570, 44854.869316, 10.000,    0.0,    2.0, -2.0,  0.00,  0.00,  0.00,  0.0,  0.0,  0.0
1746539.25870570, 44854.872231, 10.000,    0.0,    2.0, -2.0,  0.00,  0.00,  0.00,  0.0,  0.0,  0.0
1746539.26120570, 44855.086752, 10.000,    0.0,    2.0, -2.0,  0.00,  0.00,  0.00,  0.0,  0.0,  0.0
1746539.26370570, 44855.059834, 10.000,    0.0,    2.0, -2.0,  0.00,  0.00,  0.00,  0.0,  0.0,  0.0
1746539.26620570, 44855.032916, 10.000,    0.0,    2.0, -2.0,  0.00,  0.00,  0.00,  0.0,  0.0,  0.0
1746539.26870570, 44855.005998, 10.000,    0.0,    2.0, -2.0,  0.00,  0.00,  0.00,  0.0,  0.0,  0.0
1746539.27120570, 44854.979080, 10.000,    0.0,    2.0, -2.0,  0.00,  0.00,  0.00,  0.0,  0.0,  0.0
1746539.27370570, 44854.952162, 10.000,    0.0,    2.0, -2.0,  0.00,  0.00,  0.00,  0.0,  0.0,  0.0
1746539.27620570, 44854.913325, 10.000,    0.0,    2.0, -2.0,  0.00,  0.00,  0.00,  0.0,  0.0,  0.0
1746539.27870570, 44854.833881, 10.000,    0.0,    2.0, -2.0,  0.00,  0.00,  0.00,  0.0,  0.0,  0.0
1746539.28120570, 44854.754436, 10.000,    0.0,    2.0, -2.0,  0.00,  0.00,  0.00,  0.0,  0.0,  0.0
1746539.28370570, 44854.674992, 10.000,    0.0,    2.0, -2.0,  0.00,  0.00,  0.00,  0.0,  0.0,  0.0
1746539.28620570, 44855.273458, 10.000,    0.0,    2.0, -2.0,  0.00,  0.00,  0.00,  0.0,  0.0,  0.0
1746539.28870570, 44855.273458, 10.000,    0.0,    2.0, -2.0,  0.00,  0.00,  0.00,  0.0,  0.0,  0.0
1746539.29120570, 44855.273458, 10.000,    0.0,    2.0, -2.0,  0.00,  0.00,  0.00,  0.0,  0.0,  0.0
1746539.29370570, 44855.273458, 10.000,    0.0,    2.0, -2.0,  0.00,  0.00,  0.00,  0.0,  0.0,  0.0
1746539.29620570, 44855.415358, 10.000,    0.0,    2.0, -2.0,  0.00,  0.00,  0.00,  0.0,  0.0,  0.0
1746539.29870570, 44855.566463, 10.000,    0.0,    2.0, -2.0,  0.00,  0.00,  0.00,  0.0,  0.0,  0.0
1746539.30370570, 44855.320647, 10.000,    0.0,    2.0, -2.0,  0.00,  0.00,  0.00,  0.0,  0.0,  0.0
1746539.30620570, 44855.097110, 10.000,    0.0,    2.0, -2.0,  0.00,  0.00,  0.00,  0.0,  0.0,  0.0
1746539.30870570, 44854.986549, 10.000,    0.0,    2.0, -2.0,  0.00,  0.00,  0.00,  0.0,  0.0,  0.0
1746539.31120570, 44855.307550, 10.000,    0.0,    2.0, -2.0,  0.00,  0.00,  0.00,  0.0,  0.0,  0.0
1746539.31370570, 44855.472015, 10.000,    0.0,    2.0, -2.0,  0.00,  0.00,  0.00,  0.0,  0.0,  0.0
1746539.31620570, 44855.292065, 10.000,    0.0,    2.0, -2.0,  0.00,  0.00,  0.00,  0.0,  0.0,  0.0
1746539.31870570, 44855.291712, 10.000,    0.0,    2.0, -2.0,  0.00,  0.00,  0.00,  0.0,  0.0,  0.0
1746539.32120570, 44855.312071, 10.000,    0.0,    2.0, -2.0,  0.00,  0.00,  0.00,  0.0,  0.0,  0.0
1746539.32370570, 44855.332430, 10.000,    0.0,    2.0, -2.0,  0.00,  0.00,  0.00,  0.0,  0.0,  0.0
1746539.32620570, 44855.398613, 10.000,    0.0,    2.0, -2.0,  0.00,  0.00,  0.00,  0.0,  0.0,  0.0
1746539.32870570, 44855.229502, 10.000,    0.0,    2.0, -2.0,  0.00,  0.00,  0.00,  0.0,  0.0,  0.0
1746539.33120570, 44855.025125, 10.000,    0.0,    2.0, -2.0,  0.00,  0.00,  0.00,  0.0,  0.0,  0.0
1746539.33370570, 44854.894169, 10.000,    0.0,    2.0, -2.0,  0.00,  0.00,  0.00,  0.0,  0.0,  0.0
1746539.33620570, 44855.060330, 10.000,    0.0,    2.0, -2.0,  0.00,  0.00,  0.00,  0.0,  0.0,  0.0
1746539.33870570, 44855.226491, 10.000,    0.0,    2.0, -2.0,  0.00,  0.00,  0.00,  0.0,  0.0,  0.0
1746539.34120570, 44855.392652, 10.000,    0.0,    2.0, -2.0,  0.00,  0.00,  0.00,  0.0,  0.0,  0.0
1746539.34370570, 44855.558814, 10.000,    0.0,    2.0, -2.0,  0.00,  0.00,  0.00,  0.0,  0.0,  0.0
1746539.34620570, 44854.899280, 10.000,    0.0,    2.0, -2.0,  0.00,  0.00,  0.00,  0.0,  0.0,  0.0
1746539.34870570, 44854.899280, 10.000,    0.0,    2.0, -2.0,  0.00,  0.00,  0.00,  0.0,  0.0,  0.0
1746539.35120570, 44854.899280, 10.000,    0.0,    2.0, -2.0,  0.00,  0.00,  0.00,  0.0,  0.0,  0.0
1746539.35370570, 44854.899280, 10.000,    0.0,    2.0, -2.0,  0.00,  0.00,  0.00,  0.0,  0.0,  0.0
1746539.35620570, 44854.899280, 10.000,    0.0,    2.0, -2.0,  0.00,  0.00,  0.00,  0.0,  0.0,  0.0
1746539.35870570, 44855.891767, 10.000,    0.0,    2.0, -2.0,  0.00,  0.00,  0.00,  0.0,  0.0,  0.0
1746539.36120570, 44855.821221, 10.000,    0.0,    2.0, -2.0,  0.00,  0.00,  0.00,  0.0,  0.0,  0.0
1746539.36370570, 44855.737408, 10.000,    0.0,    2.0, -2.0,  0.00,  0.00,  0.00,  0.0,  0.0,  0.0
1746539.36620570, 44855.653595, 10.000,    0.0,    2.0, -2.0,  0.00,  0.00,  0.00,  0.0,  0.0,  0.0
1746539.36870570, 44855.569781, 10.000,    0.0,    2.0, -2.0,  0.00,  0.00,  0.00,  0.0,  0.0,  0.0
1746539.37120570, 44855.391802, 10.000,    0.0,    2.0, -2.0,  0.00,  0.00,  0.00,  0.0,  0.0,  0.0
1746539.37370570, 44855.319479, 10.000,    0.0,    2.0, -2.0,  0.00,  0.00,  0.00,  0.0,  0.0,  0.0
1746539.37620570, 44855.532507, 10.000,    0.0,    2.0, -2.0,  0.00,  0.00,  0.00,  0.0,  0.0,  0.0
1746539.37870570, 44855.277976, 10.000,    0.0,    2.0, -2.0,  0.00,  0.00,  0.00,  0.0,  0.0,  0.0
1746539.38120570, 44855.004713, 10.000,    0.0,    2.0, -2.0,  0.00,  0.00,  0.00,  0.0,  0.0,  0.0
1746539.38370570, 44855.145514, 10.000,    0.0,    2.0, -2.0,  0.00,  0.00,  0.00,  0.0,  0.0,  0.0
1746539.38620570, 44855.286315, 10.000,    0.0,    2.0, -2.0,  0.00,  0.00,  0.00,  0.0,  0.0,  0.0
1746539.38870570, 44855.404346, 10.000,    0.0,    2.0, -2.0,  0.00,  0.00,  0.00,  0.0,  0.0,  0.0
1746539.39120570, 44855.326712, 10.000,    0.0,    2.0, -2.0,  0.00,  0.00,  0.00,  0.0,  0.0,  0.0
1746539.39370570, 44855.249078, 10.000,    0.0,    2.0, -2.0,  0.00,  0.00,  0.00,  0.0,  0.0,  0.0
1746539.39620570, 44855.171443, 10.000,    0.0,    2.0, -2.0,  0.00,  0.00,  0.00,  0.0,  0.0,  0.0
1746539.39870570, 44855.343225, 10.000,    0.0,    2.0, -2.0,  0.00,  0.00,  0.00,  0.0,  0.0,  0.0
1746539.40120570, 44855.401748, 10.000,    0.0,    2.0, -2.0,  0.00,  0.00,  0.00,  0.0,  0.0,  0.0
1746539.40370570, 44855.126104, 10.000,    0.0,    2.0, -2.0,  0.00,  0.00,  0.00,  0.0,  0.0,  0.0
1746539.40620570, 44855.172783, 10.000,    0.0,    2.0, -2.0,  0.00,  0.00,  0.00,  0.0,  0.0,  0.0
1746539.40870570, 44855.626145, 10.000,    0.0,    2.0, -2.0,  0.00,  0.00,  0.00,  0.0,  0.0,  0.0
1746539.41120570, 44855.574218, 10.000,    0.0,    2.0, -2.0,  0.00,  0.00,  0.00,  0.0,  0.0,  0.0
1746539.41370570, 44855.522291, 10.000,    0.0,    2.0, -2.0,  0.00,  0.00,  0.00,  0.0,  0.0,  0.0
1746539.41620570, 44855.470364, 10.000,    0.0,    2.0, -2.0,  0.00,  0.00,  0.00,  0.0,  0.0,  0.0
1746539.41870570, 44855.418437, 10.000,    0.0,    2.0, -2.0,  0.00,  0.00,  0.00,  0.0,  0.0,  0.0
1746539.42120570, 44855.311342, 10.000,    0.0,    2.0, -2.0,  0.00,  0.00,  0.00,  0.0,  0.0,  0.0
1746539.42370570, 44854.930016, 10.000,    0.0,    2.0, -2.0,  0.00,  0.00,  0.00,  0.0,  0.0,  0.0
1746539.42620570, 44855.276723, 10.000,    0.0,    2.0, -2.0,  0.00,  0.00,  0.00,  0.0,  0.0,  0.0
1746539.42870570, 44855.179652, 10.000,    0.0,    2.0, -2.0,  0.00,  0.00,  0.00,  0.0,  0.0,  0.0
1746539.43120570, 44855.082581, 10.000,    0.0,    2.0, -2.0,  0.00,  0.00,  0.00,  0.0,  0.0,  0.0
1746539.43370570, 44854.985510, 10.000,    0.0,    2.0, -2.0,  0.00,  0.00,  0.00,  0.0,  0.0,  0.0
1746539.43620570, 44854.904460, 10.000,    0.0,    2.0, -2.0,  0.00,  0.00,  0.00,  0.0,  0.0,  0.0
1746539.43870570, 44854.950844, 10.000,    0.0,    2.0, -2.0,  0.00,  0.00,  0.00,  0.0,  0.0,  0.0
1746539.44120570, 44854.997227, 10.000,    0.0,    2.0, -2.0,  0.00,  0.00,  0.00,  0.0,  0.0,  0.0
1746539.44370570, 44855.043611, 10.000,    0.0,    2.0, -2.0,  0.00,  0.00,  0.00,  0.0,  0.0,  0.0
1746539.44620570, 44855.162410, 10.000,    0.0,    2.0, -2.0,  0.00,  0.00,  0.00,  0.0,  0.0,  0.0
1746539.44870570, 44855.409311, 10.000,    0.0,    2.0, -2.0,  0.00,  0.00,  0.00,  0.0,  0.0,  0.0
1746539.45120570, 44855.308306, 10.000,    0.0,    2.0, -2.0,  0.00,  0.00,  0.00,  0.0,  0.0,  0.0
1746539.45370570, 44855.542343, 10.000,    0.0,    2.0, -2.0,  0.00,  0.00,  0.00,  0.0,  0.0,  0.0
1746539.45620570, 44855.703966, 10.000,    0.0,    2.0, -2.0,  0.00,  0.00,  0.00,  0.0,  0.0,  0.0
1746539.45870570, 44855.563890, 10.000,    0.0,    2.0, -2.0,  0.00,  0.00,  0.00,  0.0,  0.0,  0.0
1746539.46120570, 44855.213053, 10.000,    0.0,    2.0, -2.0,  0.00,  0.00,  0.00,  0.0,  0.0,  0.0
1746539.46370570, 44855.085589, 10.000,    0.0,    2.0, -2.0,  0.00,  0.00,  0.00,  0.0,  0.0,  0.0
1746539.46620570, 44855.111307, 10.000,    0.0,    2.0, -2.0,  0.00,  0.00,  0.00,  0.0,  0.0,  0.0
1746539.46870570, 44855.129892, 10.000,    0.0,    2.0, -2.0,  0.00,  0.00,  0.00,  0.0,  0.0,  0.0
1746539.47120570, 44855.083587, 10.000,    0.0,    2.0, -2.0,  0.00,  0.00,  0.00,  0.0,  0.0,  0.0
1746539.47370570, 44855.037283, 10.000,    0.0,    2.0, -2.0,  0.00,  0.00,  0.00,  0.0,  0.0,  0.0
1746539.47620570, 44854.990978, 10.000,    0.0,    2.0, -2.0,  0.00,  0.00,  0.00,  0.0,  0.0,  0.0
1746539.47870570, 44855.342703, 10.000,    0.0,    2.0, -2.0,  0.00,  0.00,  0.00,  0.0,  0.0,  0.0
1746539.48120570, 44855.698000, 10.000,    0.0,    2.0, -2.0,  0.00,  0.00,  0.00,  0.0,  0.0,  0.0
1746539.48370570, 44855.568229, 10.000,    0.0,    2.0, -2.0,  0.00,  0.00,  0.00,  0.0,  0.0,  0.0
1746539.48620570, 44855.438458, 10.000,    0.0,    2.0, -2.0,  0.00,  0.00,  0.00,  0.0,  0.0,  0.0
1746539.48870570, 44855.308686, 10.000,    0.0,    2.0, -2.0,  0.00,  0.00,  0.00,  0.0,  0.0,  0.0
1746539.49120570, 44855.178915, 10.000,    0.0,    2.0, -2.0,  0.00,  0.00,  0.00,  0.0,  0.0,  0.0
1746539.49370570, 44855.049144, 10.000,    0.0,    2.0, -2.0,  0.00,  0.00,  0.00,  0.0,  0.0,  0.0
1746539.49620570, 44854.919373, 10.000,    0.0,    2.0, -2.0,  0.00,  0.00,  0.00,  0.0,  0.0,  0.0
1746539.49870570, 44854.677936, 10.000,    0.0,    2.0, -2.0,  0.00,  0.00,  0.00,  0.0,  0.0,  0.0
1746539.50120570, 44855.174051, 10.000,    0.0,    2.0, -2.0,  0.00,  0.00,  0.00,  0.0,  0.0,  0.0
1746539.50370570, 44855.310745, 10.000,    0.0,    2.0, -2.0,  0.00,  0.00,  0.00,  0.0,  0.0,  0.0
1746539.50620570, 44855.177694, 10.000,    0.0,    2.0, -2.0,  0.00,  0.00,  0.00,  0.0,  0.0,  0.0
1746539.50870570, 44855.044643, 10.000,    0.0,    2.0, -2.0,  0.00,  0.00,  0.00,  0.0,  0.0,  0.0
1746539.51120570, 44854.911591, 10.000,    0.0,    2.0, -2.0,  0.00,  0.00,  0.00,  0.0,  0.0,  0.0
1746539.51370570, 44854.921057, 10.000,    0.0,    2.0, -2.0,  0.00,  0.00,  0.00,  0.0,  0.0,  0.0
1746539.51620570, 44854.943367, 10.000,    0.0,    2.0, -2.0,  0.00,  0.00,  0.00,  0.0,  0.0,  0.0
1746539.51870570, 44854.894843, 10.000,    0.0,    2.0, -2.0,  0.00,  0.00,  0.00,  0.0,  0.0,  0.0
1746539.52120570, 44854.846319, 10.000,    0.0,    2.0, -2.0,  0.00,  0.00,  0.00,  0.0,  0.0,  0.0
1746539.52370570, 44854.755381, 10.000,    0.0,    2.0, -2.0,  0.00,  0.00,  0.00,  0.0,  0.0,  0.0
1746539.52620570, 44854.699703, 10.000,    0.0,    2.0, -2.0,  0.00,  0.00,  0.00,  0.0,  0.0,  0.0
1746539.52870570, 44855.182655, 10.000,    0.0,    2.0, -2.0,  0.00,  0.00,  0.00,  0.0,  0.0,  0.0
1746539.53120570, 44855.380366, 10.000,    0.0,    2.0, -2.0,  0.00,  0.00,  0.00,  0.0,  0.0,  0.0
1746539.53370570, 44855.242545, 10.000,    0.0,    2.0, -2.0,  0.00,  0.00,  0.00,  0.0,  0.0,  0.0
1746539.53620570, 44855.385339, 10.000,    0.0,    2.0, -2.0,  0.00,  0.00,  0.00,  0.0,  0.0,  0.0
1746539.53870570, 44854.749609, 10.000,    0.0,    2.0, -2.0,  0.00,  0.00,  0.00,  0.0,  0.0,  0.0
1746539.54120570, 44854.749609, 10.000,    0.0,    2.0, -2.0,  0.00,  0.00,  0.00,  0.0,  0.0,  0.0
1746539.54370570, 44854.749609, 10.000,    0.0,    2.0, -2.0,  0.00,  0.00,  0.00,  0.0,  0.0,  0.0
1746539.54620570, 44854.859116, 10.000,    0.0,    2.0, -2.0,  0.00,  0.00,  0.00,  0.0,  0.0,  0.0
1746539.54870570, 44854.771554, 10.000,    0.0,    2.0, -2.0,  0.00,  0.00,  0.00,  0.0,  0.0,  0.0
1746539.55120570, 44855.059760, 10.000,    0.0,    2.0, -2.0,  0.00,  0.00,  0.00,  0.0,  0.0,  0.0
1746539.55370570, 44855.276767, 10.000,    0.0,    2.0, -2.0,  0.00,  0.00,  0.00,  0.0,  0.0,  0.0
1746539.55620570, 44854.842869, 10.000,    0.0,    2.0, -2.0,  0.00,  0.00,  0.00,  0.0,  0.0,  0.0
1746539.55870570, 44854.977416, 10.000,    0.0,    2.0, -2.0,  0.00,  0.00,  0.00,  0.0,  0.0,  0.0
1746539.56120570, 44855.289081, 10.000,    0.0,    2.0, -2.0,  0.00,  0.00,  0.00,  0.0,  0.0,  0.0
1746539.56370570, 44855.467430, 10.000,    0.0,    2.0, -2.0,  0.00,  0.00,  0.00,  0.0,  0.0,  0.0
1746539.56620570, 44855.327909, 10.000,    0.0,    2.0, -2.0,  0.00,  0.00,  0.00,  0.0,  0.0,  0.0
1746539.56870570, 44855.188388, 10.000,    0.0,    2.0, -2.0,  0.00,  0.00,  0.00,  0.0,  0.0,  0.0
1746539.57120570, 44855.048866, 10.000,    0.0,    2.0, -2.0,  0.00,  0.00,  0.00,  0.0,  0.0,  0.0
1746539.57370570, 44855.658328, 10.000,    0.0,    2.0, -2.0,  0.00,  0.00,  0.00,  0.0,  0.0,  0.0
1746539.57620570, 44855.658328, 10.000,    0.0,    2.0, -2.0,  0.00,  0.00,  0.00,  0.0,  0.0,  0.0
1746539.57870570, 44855.589306, 10.000,    0.0,    2.0, -2.0,  0.00,  0.00,  0.00,  0.0,  0.0,  0.0
1746539.58120570, 44855.340490, 10.000,    0.0,    2.0, -2.0,  0.00,  0.00,  0.00,  0.0,  0.0,  0.0
1746539.58370570, 44855.091675, 10.000,    0.0,    2.0, -2.0,  0.00,  0.00,  0.00,  0.0,  0.0,  0.0
1746539.58870570, 44854.728227, 10.000,    0.0,    2.0, -2.0,  0.00,  0.00,  0.00,  0.0,  0.0,  0.0
1746539.59120570, 44854.762181, 10.000,    0.0,    2.0, -2.0,  0.00,  0.00,  0.00,  0.0,  0.0,  0.0
1746539.59370570, 44855.057946, 10.000,    0.0,    2.0, -2.0,  0.00,  0.00,  0.00,  0.0,  0.0,  0.0
1746539.59620570, 44855.353711, 10.000,    0.0,    2.0, -2.0,  0.00,  0.00,  0.00,  0.0,  0.0,  0.0
1746539.59870570, 44855.284955, 10.000,    0.0,    2.0, -2.0,  0.00,  0.00,  0.00,  0.0,  0.0,  0.0
1746539.60120570, 44855.252077, 10.000,    0.0,    2.0, -2.0,  0.00,  0.00,  0.00,  0.0,  0.0,  0.0
1746539.60370570, 44855.206001, 10.000,    0.0,    2.0, -2.0,  0.00,  0.00,  0.00,  0.0,  0.0,  0.0
1746539.60620570, 44854.906733, 10.000,    0.0,    2.0, -2.0,  0.00,  0.00,  0.00,  0.0,  0.0,  0.0
1746539.60870570, 44855.367161, 10.000,    0.0,    2.0, -2.0,  0.00,  0.00,  0.00,  0.0,  0.0,  0.0
1746539.61120570, 44855.465893, 10.000,    0.0,    2.0, -2.0,  0.00,  0.00,  0.00,  0.0,  0.0,  0.0
1746539.61370570, 44855.465893, 10.000,    0.0,    2.0, -2.0,  0.00,  0.00,  0.00,  0.0,  0.0,  0.0
1746539.61620570, 44855.402549, 10.000,    0.0,    2.0, -2.0,  0.00,  0.00,  0.00,  0.0,  0.0,  0.0
1746539.61870570, 44855.097688, 10.000,    0.0,    2.0, -2.0,  0.00,  0.00,  0.00,  0.0,  0.0,  0.0
1746539.62120570, 44854.859449, 10.000,    0.0,    2.0, -2.0,  0.00,  0.00,  0.00,  0.0,  0.0,  0.0
1746539.62370570, 44854.992825, 10.000,    0.0,    2.0, -2.0,  0.00,  0.00,  0.00,  0.0,  0.0,  0.0
1746539.62620570, 44855.126201, 10.000,    0.0,    2.0, -2.0,  0.00,  0.00,  0.00,  0.0,  0.0,  0.0
1746539.62870570, 44855.251160, 10.000,    0.0,    2.0, -2.0,  0.00,  0.00,  0.00,  0.0,  0.0,  0.0
1746539.63120570, 44855.234852, 10.000,    0.0,    2.0, -2.0,  0.00,  0.00,  0.00,  0.0,  0.0,  0.0
1746539.63370570, 44855.218544, 10.000,    0.0,    2.0, -2.0,  0.00,  0.00,  0.00,  0.0,  0.0,  0.0
1746539.63620570, 44855.202236, 10.000,    0.0,    2.0, -2.0,  0.00,  0.00,  0.00,  0.0,  0.0,  0.0
1746539.63870570, 44855.209211, 10.000,    0.0,    2.0, -2.0,  0.00,  0.00,  0.00,  0.0,  0.0,  0.0
1746539.64120570, 44855.382384, 10.000,    0.0,    2.0, -2.0,  0.00,  0.00,  0.00,  0.0,  0.0,  0.0
1746539.64370570, 44855.555556, 10.000,    0.0,    2.0, -2.0,  0.00,  0.00,  0.00,  0.0,  0.0,  0.0
1746539.64620570, 44855.676580, 10.000,    0.0,    2.0, -2.0,  0.00,  0.00,  0.00,  0.0,  0.0,  0.0
1746539.64870570, 44855.530038, 10.000,    0.0,    2.0, -2.0,  0.00,  0.00,  0.00,  0.0,  0.0,  0.0
1746539.65120570, 44855.459282, 10.000,    0.0,    2.0, -2.0,  0.00,  0.00,  0.00,  0.0,  0.0,  0.0
1746539.65370570, 44855.170780, 10.000,    0.0,    2.0, -2.0,  0.00,  0.00,  0.00,  0.0,  0.0,  0.0
1746539.65620570, 44855.568720, 10.000,    0.0,    2.0, -2.0,  0.00,  0.00,  0.00,  0.0,  0.0,  0.0
1746539.65870570, 44854.912067, 10.000,    0.0,    2.0, -2.0,  0.00,  0.00,  0.00,  0.0,  0.0,  0.0
1746539.66120570, 44854.921769, 10.000,    0.0,    2.0, -2.0,  0.00,  0.00,  0.00,  0.0,  0.0,  0.0
1746539.66370570, 44855.102912, 10.000,    0.0,    2.0, -2.0,  0.00,  0.00,  0.00,  0.0,  0.0,  0.0
1746539.66620570, 44855.042131, 10.000,    0.0,    2.0, -2.0,  0.00,  0.00,  0.00,  0.0,  0.0,  0.0
1746539.66870570, 44855.113096, 10.000,    0.0,    2.0, -2.0,  0.00,  0.00,  0.00,  0.0,  0.0,  0.0
1746539.67120570, 44855.207280, 10.000,    0.0,    2.0, -2.0,  0.00,  0.00,  0.00,  0.0,  0.0,  0.0
1746539.67370570, 44855.299606, 10.000,    0.0,    2.0, -2.0,  0.00,  0.00,  0.00,  0.0,  0.0,  0.0
1746539.67620570, 44855.079539, 10.000,    0.0,    2.0, -2.0,  0.00,  0.00,  0.00,  0.0,  0.0,  0.0
1746539.67870570, 44855.491016, 10.000,    0.0,    2.0, -2.0,  0.00,  0.00,  0.00,  0.0,  0.0,  0.0
1746539.68120570, 44855.494245, 10.000,    0.0,    2.0, -2.0,  0.00,  0.00,  0.00,  0.0,  0.0,  0.0
1746539.68370570, 44855.252535, 10.000,    0.0,    2.0, -2.0,  0.00,  0.00,  0.00,  0.0,  0.0,  0.0
1746539.68620570, 44855.061393, 10.000,    0.0,    2.0, -2.0,  0.00,  0.00,  0.00,  0.0,  0.0,  0.0
1746539.68870570, 44855.474060, 10.000,    0.0,    2.0, -2.0,  0.00,  0.00,  0.00,  0.0,  0.0,  0.0
1746539.69120570, 44855.113795, 10.000,    0.0,    2.0, -2.0,  0.00,  0.00,  0.00,  0.0,  0.0,  0.0
1746539.69370570, 44854.906456, 10.000,    0.0,    2.0, -2.0,  0.00,  0.00,  0.00,  0.0,  0.0,  0.0
1746539.69620570, 44854.845157, 10.000,    0.0,    2.0, -2.0,  0.00,  0.00,  0.00,  0.0,  0.0,  0.0
1746539.69870570, 44855.102778, 10.000,    0.0,    2.0, -2.0,  0.00,  0.00,  0.00,  0.0,  0.0,  0.0
1746539.70120570, 44855.070242, 10.000,    0.0,    2.0, -2.0,  0.00,  0.00,  0.00,  0.0,  0.0,  0.0
1746539.70370570, 44855.037706, 10.000,    0.0,    2.0, -2.0,  0.00,  0.00,  0.00,  0.0,  0.0,  0.0
1746539.70620570, 44855.047098, 10.000,    0.0,    2.0, -2.0,  0.00,  0.00,  0.00,  0.0,  0.0,  0.0
1746539.70870570, 44855.128251, 10.000,    0.0,    2.0, -2.0,  0.00,  0.00,  0.00,  0.0,  0.0,  0.0
1746539.71120570, 44855.179733, 10.000,    0.0,    2.0, -2.0,  0.00,  0.00,  0.00,  0.0,  0.0,  0.0
1746539.71370570, 44855.231214, 10.000,    0.0,    2.0, -2.0,  0.00,  0.00,  0.00,  0.0,  0.0,  0.0
1746539.71620570, 44855.240089, 10.000,    0.0,    2.0, -2.0,  0.00,  0.00,  0.00,  0.0,  0.0,  0.0
1746539.71870570, 44855.181501, 10.000,    0.0,    2.0, -2.0,  0.00,  0.00,  0.00,  0.0,  0.0,  0.0
1746539.72120570, 44855.157586, 10.000,    0.0,    2.0, -2.0,  0.00,  0.00,  0.00,  0.0,  0.0,  0.0
1746539.72370570, 44855.190275, 10.000,    0.0,    2.0, -2.0,  0.00,  0.00,  0.00,  0.0,  0.0,  0.0
1746539.72620570, 44855.222963, 10.000,    0.0,    2.0, -2.0,  0.00,  0.00,  0.00,  0.0,  0.0,  0.0
1746539.72870570, 44855.276368, 10.000,    0.0,    2.0, -2.0,  0.00,  0.00,  0.00,  0.0,  0.0,  0.0
1746539.73120570, 44855.189335, 10.000,    0.0,    2.0, -2.0,  0.00,  0.00,  0.00,  0.0,  0.0,  0.0
1746539.73370570, 44855.152331, 10.000,    0.0,    2.0, -2.0,  0.00,  0.00,  0.00,  0.0,  0.0,  0.0
1746539.73620570, 44855.599166, 10.000,    0.0,    2.0, -2.0,  0.00,  0.00,  0.00,  0.0,  0.0,  0.0
1746539.73870570, 44855.317353, 10.000,    0.0,    2.0, -2.0,  0.00,  0.00,  0.00,  0.0,  0.0,  0.0
1746539.74120570, 44855.133886, 10.000,    0.0,    2.0, -2.0,  0.00,  0.00,  0.00,  0.0,  0.0,  0.0
1746539.74370570, 44855.221686, 10.000,    0.0,    2.0, -2.0,  0.00,  0.00,  0.00,  0.0,  0.0,  0.0
1746539.74620570, 44855.309486, 10.000,    0.0,    2.0, -2.0,  0.00,  0.00,  0.00,  0.0,  0.0,  0.0
1746539.74870570, 44855.326912, 10.000,    0.0,    2.0, -2.0,  0.00,  0.00,  0.00,  0.0,  0.0,  0.0
1746539.75120570, 44855.455131, 10.000,    0.0,    2.0, -2.0,  0.00,  0.00,  0.00,  0.0,  0.0,  0.0
1746539.75370570, 44855.694743, 10.000,    0.0,    2.0, -2.0,  0.00,  0.00,  0.00,  0.0,  0.0,  0.0
1746539.75620570, 44855.415528, 10.000,    0.0,    2.0, -2.0,  0.00,  0.00,  0.00,  0.0,  0.0,  0.0
1746539.75870570, 44855.247958, 10.000,    0.0,    2.0, -2.0,  0.00,  0.00,  0.00,  0.0,  0.0,  0.0
1746539.76120570, 44855.406820, 10.000,    0.0,    2.0, -2.0,  0.00,  0.00,  0.00,  0.0,  0.0,  0.0
1746539.76370570, 44855.237302, 10.000,    0.0,    2.0, -2.0,  0.00,  0.00,  0.00,  0.0,  0.0,  0.0
1746539.76620570, 44855.067785, 10.000,    0.0,    2.0, -2.0,  0.00,  0.00,  0.00,  0.0,  0.0,  0.0
1746539.76870570, 44854.898268, 10.000,    0.0,    2.0, -2.0,  0.00,  0.00,  0.00,  0.0,  0.0,  0.0
1746539.77120570, 44855.021905, 10.000,    0.0,    2.0, -2.0,  0.00,  0.00,  0.00,  0.0,  0.0,  0.0
1746539.77370570, 44855.042185, 10.000,    0.0,    2.0, -2.0,  0.00,  0.00,  0.00,  0.0,  0.0,  0.0
1746539.77620570, 44855.062464, 10.000,    0.0,    2.0, -2.0,  0.00,  0.00,  0.00,  0.0,  0.0,  0.0
1746539.77870570, 44855.061256, 10.000,    0.0,    2.0, -2.0,  0.00,  0.00,  0.00,  0.0,  0.0,  0.0
1746539.78120570, 44854.870027, 10.000,    0.0,    2.0, -2.0,  0.00,  0.00,  0.00,  0.0,  0.0,  0.0
1746539.78370570, 44854.981021, 10.000,    0.0,    2.0, -2.0,  0.00,  0.00,  0.00,  0.0,  0.0,  0.0
1746539.78620570, 44855.092014, 10.000,    0.0,    2.0, -2.0,  0.00,  0.00,  0.00,  0.0,  0.0,  0.0
1746539.78870570, 44855.203008, 10.000,    0.0,    2.0, -2.0,  0.00,  0.00,  0.00,  0.0,  0.0,  0.0
1746539.79120570, 44855.502538, 10.000,    0.0,    2.0, -2.0,  0.00,  0.00,  0.00,  0.0,  0.0,  0.0
1746539.79370570, 44855.889824, 10.000,    0.0,    2.0, -2.0,  0.00,  0.00,  0.00,  0.0,  0.0,  0.0
1746539.79620570, 44855.523669, 10.000,    0.0,    2.0, -2.0,  0.00,  0.00,  0.00,  0.0,  0.0,  0.0
1746539.79870570, 44855.170836, 10.000,    0.0,    2.0, -2.0,  0.00,  0.00,  0.00,  0.0,  0.0,  0.0
1746539.80120570, 44855.344475, 10.000,    0.0,    2.0, -2.0,  0.00,  0.00,  0.00,  0.0,  0.0,  0.0
1746539.80620570, 44855.384757, 10.000,    0.0,    2.0, -2.0,  0.00,  0.00,  0.00,  0.0,  0.0,  0.0
1746539.80870570, 44855.895168, 10.000,    0.0,    2.0, -2.0,  0.00,  0.00,  0.00,  0.0,  0.0,  0.0
1746539.81120570, 44855.659702, 10.000,    0.0,    2.0, -2.0,  0.00,  0.00,  0.00,  0.0,  0.0,  0.0
1746539.81370570, 44855.424236, 10.000,    0.0,    2.0, -2.0,  0.00,  0.00,  0.00,  0.0,  0.0,  0.0
1746539.81620570, 44855.190560, 10.000,    0.0,    2.0, -2.0,  0.00,  0.00,  0.00,  0.0,  0.0,  0.0
1746539.81870570, 44854.957736, 10.000,    0.0,    2.0, -2.0,  0.00,  0.00,  0.00,  0.0,  0.0,  0.0
1746539.82120570, 44855.040628, 10.000,    0.0,    2.0, -2.0,  0.00,  0.00,  0.00,  0.0,  0.0,  0.0
1746539.82370570, 44855.162629, 10.000,    0.0,    2.0, -2.0,  0.00,  0.00,  0.00,  0.0,  0.0,  0.0
1746539.82620570, 44855.266779, 10.000,    0.0,    2.0, -2.0,  0.00,  0.00,  0.00,  0.0,  0.0,  0.0
1746539.82870570, 44855.370928, 10.000,    0.0,    2.0, -2.0,  0.00,  0.00,  0.00,  0.0,  0.0,  0.0
1746539.83120570, 44855.475078, 10.000,    0.0,    2.0, -2.0,  0.00,  0.00,  0.00,  0.0,  0.0,  0.0
1746539.83370570, 44855.579227, 10.000,    0.0,    2.0, -2.0,  0.00,  0.00,  0.00,  0.0,  0.0,  0.0
1746539.83620570, 44855.683376, 10.000,    0.0,    2.0, -2.0,  0.00,  0.00,  0.00,  0.0,  0.0,  0.0
1746539.83870570, 44855.690541, 10.000,    0.0,    2.0, -2.0,  0.00,  0.00,  0.00,  0.0,  0.0,  0.0
1746539.84120570, 44855.589162, 10.000,    0.0,    2.0, -2.0,  0.00,  0.00,  0.00,  0.0,  0.0,  0.0
1746539.84370570, 44855.540996, 10.000,    0.0,    2.0, -2.0,  0.00,  0.00,  0.00,  0.0,  0.0,  0.0
1746539.84620570, 44855.492830, 10.000,    0.0,    2.0, -2.0,  0.00,  0.00,  0.00,  0.0,  0.0,  0.0
1746539.84870570, 44855.444664, 10.000,    0.0,    2.0, -2.0,  0.00,  0.00,  0.00,  0.0,  0.0,  0.0
1746539.85120570, 44855.315125, 10.000,    0.0,    2.0, -2.0,  0.00,  0.00,  0.00,  0.0,  0.0,  0.0
1746539.85370570, 44855.112155, 10.000,    0.0,    2.0, -2.0,  0.00,  0.00,  0.00,  0.0,  0.0,  0.0
1746539.85620570, 44855.264881, 10.000,    0.0,    2.0, -2.0,  0.00,  0.00,  0.00,  0.0,  0.0,  0.0
1746539.85870570, 44855.097112, 10.000,    0.0,    2.0, -2.0,  0.00,  0.00,  0.00,  0.0,  0.0,  0.0
1746539.86120570, 44854.910272, 10.000,    0.0,    2.0, -2.0,  0.00,  0.00,  0.00,  0.0,  0.0,  0.0
1746539.86370570, 44854.996934, 10.000,    0.0,    2.0, -2.0,  0.00,  0.00,  0.00,  0.0,  0.0,  0.0
1746539.86620570, 44855.211583, 10.000,    0.0,    2.0, -2.0,  0.00,  0.00,  0.00,  0.0,  0.0,  0.0
1746539.86870570, 44855.199143, 10.000,    0.0,    2.0, -2.0,  0.00,  0.00,  0.00,  0.0,  0.0,  0.0
1746539.87120570, 44855.186703, 10.000,    0.0,    2.0, -2.0,  0.00,  0.00,  0.00,  0.0,  0.0,  0.0
1746539.87370570, 44855.177241, 10.000,    0.0,    2.0, -2.0,  0.00,  0.00,  0.00,  0.0,  0.0,  0.0
1746539.87620570, 44855.135178, 10.000,    0.0,    2.0, -2.0,  0.00,  0.00,  0.00,  0.0,  0.0,  0.0
1746539.87870570, 44854.895638, 10.000,    0.0,    2.0, -2.0,  0.00,  0.00,  0.00,  0.0,  0.0,  0.0
1746539.88120570, 44854.848622, 10.000,    0.0,    2.0, -2.0,  0.00,  0.00,  0.00,  0.0,  0.0,  0.0
1746539.88370570, 44854.901600, 10.000,    0.0,    2.0, -2.0,  0.00,  0.00,  0.00,  0.0,  0.0,  0.0
1746539.88620570, 44854.954579, 10.000,    0.0,    2.0, -2.0,  0.00,  0.00,  0.00,  0.0,  0.0,  0.0
1746539.88870570, 44855.007557, 10.000,    0.0,    2.0, -2.0,  0.00,  0.00,  0.00,  0.0,  0.0,  0.0
1746539.89120570, 44855.060536, 10.000,    0.0,    2.0, -2.0,  0.00,  0.00,  0.00,  0.0,  0.0,  0.0
1746539.89370570, 44855.113514, 10.000,    0.0,    2.0, -2.0,  0.00,  0.00,  0.00,  0.0,  0.0,  0.0
1746539.89620570, 44855.166493, 10.000,    0.0,    2.0, -2.0,  0.00,  0.00,  0.00,  0.0,  0.0,  0.0
1746539.89870570, 44854.850063, 10.000,    0.0,    2.0, -2.0,  0.00,  0.00,  0.00,  0.0,  0.0,  0.0
1746539.90120570, 44854.905623, 10.000,    0.0,    2.0, -2.0,  0.00,  0.00,  0.00,  0.0,  0.0,  0.0
1746539.90370570, 44855.054341, 10.000,    0.0,    2.0, -2.0,  0.00,  0.00,  0.00,  0.0,  0.0,  0.0
1746539.90620570, 44854.986981, 10.000,    0.0,    2.0, -2.0,  0.00,  0.00,  0.00,  0.0,  0.0,  0.0
1746539.90870570, 44854.778499, 10.000,    0.0,    2.0, -2.0,  0.00,  0.00,  0.00,  0.0,  0.0,  0.0
1746539.91120570, 44854.604084, 10.000,    0.0,    2.0, -2.0,  0.00,  0.00,  0.00,  0.0,  0.0,  0.0
1746539.91370570, 44855.166550, 10.000,    0.0,    2.0, -2.0,  0.00,  0.00,  0.00,  0.0,  0.0,  0.0
1746539.91620570, 44855.060840, 10.000,    0.0,    2.0, -2.0,  0.00,  0.00,  0.00,  0.0,  0.0,  0.0
1746539.91870570, 44855.064993, 10.000,    0.0,    2.0, -2.0,  0.00,  0.00,  0.00,  0.0,  0.0,  0.0
1746539.92120570, 44855.433320, 10.000,    0.0,    2.0, -2.0,  0.00,  0.00,  0.00,  0.0,  0.0,  0.0
1746539.92370570, 44855.264778, 10.000,    0.0,    2.0, -2.0,  0.00,  0.00,  0.00,  0.0,  0.0,  0.0
1746539.92620570, 44855.174018, 10.000,    0.0,    2.0, -2.0,  0.00,  0.00,  0.00,  0.0,  0.0,  0.0
1746539.92870570, 44855.464382, 10.000,    0.0,    2.0, -2.0,  0.00,  0.00,  0.00,  0.0,  0.0,  0.0
1746539.93120570, 44855.412578, 10.000,    0.0,    2.0, -2.0,  0.00,  0.00,  0.00,  0.0,  0.0,  0.0
1746539.93370570, 44855.360775, 10.000,    0.0,    2.0, -2.0,  0.00,  0.00,  0.00,  0.0,  0.0,  0.0
1746539.93620570, 44855.308971, 10.000,    0.0,    2.0, -2.0,  0.00,  0.00,  0.00,  0.0,  0.0,  0.0
1746539.93870570, 44855.023059, 10.000,    0.0,    2.0, -2.0,  0.00,  0.00,  0.00,  0.0,  0.0,  0.0
1746539.94120570, 44855.006188, 10.000,    0.0,    2.0, -2.0,  0.00,  0.00,  0.00,  0.0,  0.0,  0.0
1746539.94370570, 44855.083029, 10.000,    0.0,    2.0, -2.0,  0.00,  0.00,  0.00,  0.0,  0.0,  0.0
1746539.94620570, 44855.191470, 10.000,    0.0,    2.0, -2.0,  0.00,  0.00,  0.00,  0.0,  0.0,  0.0
1746539.94870570, 44855.299911, 10.000,    0.0,    2.0, -2.0,  0.00,  0.00,  0.00,  0.0,  0.0,  0.0
1746539.95120570, 44855.401078, 10.000,    0.0,    2.0, -2.0,  0.00,  0.00,  0.00,  0.0,  0.0,  0.0
1746539.95370570, 44855.499833, 10.000,    0.0,    2.0, -2.0,  0.00,  0.00,  0.00,  0.0,  0.0,  0.0
1746539.95620570, 44855.598588, 10.000,    0.0,    2.0, -2.0,  0.00,  0.00,  0.00,  0.0,  0.0,  0.0
1746539.95870570, 44855.697343, 10.000,    0.0,    2.0, -2.0,  0.00,  0.00,  0.00,  0.0,  0.0,  0.0
1746539.96120570, 44855.796099, 10.000,    0.0,    2.0, -2.0,  0.00,  0.00,  0.00,  0.0,  0.0,  0.0
1746539.96370570, 44855.894854, 10.000,    0.0,    2.0, -2.0,  0.00,  0.00,  0.00,  0.0,  0.0,  0.0
1746539.96620570, 44855.532026, 10.000,    0.0,    2.0, -2.0,  0.00,  0.00,  0.00,  0.0,  0.0,  0.0
1746539.96870570, 44855.174674, 10.000,    0.0,    2.0, -2.0,  0.00,  0.00,  0.00,  0.0,  0.0,  0.0
1746539.97120570, 44854.830429, 10.000,    0.0,    2.0, -2.0,  0.00,  0.00,  0.00,  0.0,  0.0,  0.0
1746539.97370570, 44854.991245, 10.000,    0.0,    2.0, -2.0,  0.00,  0.00,  0.00,  0.0,  0.0,  0.0
1746539.97620570, 44855.407831, 10.000,    0.0,    2.0, -2.0,  0.00,  0.00,  0.00,  0.0,  0.0,  0.0
1746539.97870570, 44855.287786, 10.000,    0.0,    2.0, -2.0,  0.00,  0.00,  0.00,  0.0,  0.0,  0.0
1746539.98120570, 44855.167742, 10.000,    0.0,    2.0, -2.0,  0.00,  0.00,  0.00,  0.0,  0.0,  0.0
1746539.98370570, 44855.188229, 10.000,    0.0,    2.0, -2.0,  0.00,  0.00,  0.00,  0.0,  0.0,  0.0
1746539.98620570, 44855.803811, 10.000,    0.0,    2.0, -2.0,  0.00,  0.00,  0.00,  0.0,  0.0,  0.0
1746539.98870570, 44855.325762, 10.000,    0.0,    2.0, -2.0,  0.00,  0.00,  0.00,  0.0,  0.0,  0.0
1746539.99120570, 44855.450417, 10.000,    0.0,    2.0, -2.0,  0.00,  0.00,  0.00,  0.0,  0.0,  0.0
1746539.99370570, 44855.760063, 10.000,    0.0,    2.0, -2.0,  0.00,  0.00,  0.00,  0.0,  0.0,  0.0
1746539.99620570, 44855.167188, 10.000,    0.0,    2.0, -2.0,  0.00,  0.00,  0.00,  0.0,  0.0,  0.0
1746539.99870570, 44855.069795, 10.000,    0.0,    2.0, -2.0,  0.00,  0.00,  0.00,  0.0,  0.0,  0.0
1746540.00120570, 44855.023202, 10.000,    0.0,    2.0, -2.0,  0.00,  0.00,  0.00,  0.0,  0.0,  0.0
1746540.00370570, 44855.037048, 10.000,    0.0,    2.0, -2.0,  0.00,  0.00,  0.00,  0.0,  0.0,  0.0
1746540.00620570, 44855.237049, 10.000,    0.0,    2.0, -2.0,  0.00,  0.00,  0.00,  0.0,  0.0,  0.0
1746540.00870570, 44855.639729, 10.000,    0.0,    2.0, -2.0,  0.00,  0.00,  0.00,  0.0,  0.0,  0.0
1746540.01120570, 44855.195548, 10.000,    0.0,    2.0, -2.0,  0.00,  0.00,  0.00,  0.0,  0.0,  0.0
1746540.01370570, 44855.037584, 10.000,    0.0,    2.0, -2.0,  0.00,  0.00,  0.00,  0.0,  0.0,  0.0
1746540.01620570, 44855.059655, 10.000,    0.0,    2.0, -2.0,  0.00,  0.00,  0.00,  0.0,  0.0,  0.0
1746540.01870570, 44854.764738, 10.000,    0.0,    2.0, -2.0,  0.00,  0.00,  0.00,  0.0,  0.0,  0.0
1746540.02120570, 44854.844519, 10.000,    0.0,    2.0, -2.0,  0.00,  0.00,  0.00,  0.0,  0.0,  0.0
1746540.02370570, 44854.977241, 10.000,    0.0,    2.0, -2.0,  0.00,  0.00,  0.00,  0.0,  0.0,  0.0
1746540.02620570, 44854.945159, 10.000,    0.0,    2.0, -2.0,  0.00,  0.00,  0.00,  0.0,  0.0,  0.0
1746540.02870570, 44854.921684, 10.000,    0.0,    2.0, -2.0,  0.00,  0.00,  0.00,  0.0,  0.0,  0.0
1746540.03120570, 44855.244212, 10.000,    0.0,    2.0, -2.0,  0.00,  0.00,  0.00,  0.0,  0.0,  0.0
1746540.03370570, 44854.986379, 10.000,    0.0,    2.0, -2.0,  0.00,  0.00,  0.00,  0.0,  0.0,  0.0
1746540.03620570, 44854.665427, 10.000,    0.0,    2.0, -2.0,  0.00,  0.00,  0.00,  0.0,  0.0,  0.0
1746540.03870570, 44854.633592, 10.000,    0.0,    2.0, -2.0,  0.00,  0.00,  0.00,  0.0,  0.0,  0.0
1746540.04120570, 44854.601757, 10.000,    0.0,    2.0, -2.0,  0.00,  0.00,  0.00,  0.0,  0.0,  0.0
1746540.04370570, 44854.569922, 10.000,    0.0,    2.0, -2.0,  0.00,  0.00,  0.00,  0.0,  0.0,  0.0
1746540.04620570, 44854.538087, 10.000,    0.0,    2.0, -2.0,  0.00,  0.00,  0.00,  0.0,  0.0,  0.0
1746540.04870570, 44854.770046, 10.000,    0.0,    2.0, -2.0,  0.00,  0.00,  0.00,  0.0,  0.0,  0.0
1746540.05120570, 44855.183718, 10.000,    0.0,    2.0, -2.0,  0.00,  0.00,  0.00,  0.0,  0.0,  0.0
1746540.05370570, 44855.443929, 10.000,    0.0,    2.0, -2.0,  0.00,  0.00,  0.00,  0.0,  0.0,  0.0
1746540.05620570, 44855.480427, 10.000,    0.0,    2.0, -2.0,  0.00,  0.00,  0.00,  0.0,  0.0,  0.0
1746540.05870570, 44855.471008, 10.000,    0.0,    2.0, -2.0,  0.00,  0.00,  0.00,  0.0,  0.0,  0.0
1746540.06120570, 44855.461590, 10.000,    0.0,    2.0, -2.0,  0.00,  0.00,  0.00,  0.0,  0.0,  0.0
1746540.06370570, 44855.452464, 10.000,    0.0,    2.0, -2.0,  0.00,  0.00,  0.00,  0.0,  0.0,  0.0
1746540.06620570, 44855.443955, 10.000,    0.0,    2.0, -2.0,  0.00,  0.00,  0.00,  0.0,  0.0,  0.0
1746540.06870570, 44855.435445, 10.000,    0.0,    2.0, -2.0,  0.00,  0.00,  0.00,  0.0,  0.0,  0.0
1746540.07120570, 44855.426936, 10.000,    0.0,    2.0, -2.0,  0.00,  0.00,  0.00,  0.0,  0.0,  0.0
1746540.07370570, 44855.437542, 10.000,    0.0,    2.0, -2.0,  0.00,  0.00,  0.00,  0.0,  0.0,  0.0
1746540.07620570, 44855.379447, 10.000,    0.0,    2.0, -2.0,  0.00,  0.00,  0.00,  0.0,  0.0,  0.0
1746540.07870570, 44855.144649, 10.000,    0.0,    2.0, -2.0,  0.00,  0.00,  0.00,  0.0,  0.0,  0.0
1746540.08120570, 44854.995488, 10.000,    0.0,    2.0, -2.0,  0.00,  0.00,  0.00,  0.0,  0.0,  0.0
1746540.08620570, 44855.294100, 10.000,    0.0,    2.0, -2.0,  0.00,  0.00,  0.00,  0.0,  0.0,  0.0
1746540.08870570, 44855.255725, 10.000,    0.0,    2.0, -2.0,  0.00,  0.00,  0.00,  0.0,  0.0,  0.0
1746540.09120570, 44855.270212, 10.000,    0.0,    2.0, -2.0,  0.00,  0.00,  0.00,  0.0,  0.0,  0.0
1746540.09370570, 44855.284699, 10.000,    0.0,    2.0, -2.0,  0.00,  0.00,  0.00,  0.0,  0.0,  0.0
1746540.09620570, 44855.195412, 10.000,    0.0,    2.0, -2.0,  0.00,  0.00,  0.00,  0.0,  0.0,  0.0
1746540.09870570, 44854.989602, 10.000,    0.0,    2.0, -2.0,  0.00,  0.00,  0.00,  0.0,  0.0,  0.0
1746540.10120570, 44855.127230, 10.000,    0.0,    2.0, -2.0,  0.00,  0.00,  0.00,  0.0,  0.0,  0.0
1746540.10370570, 44855.264857, 10.000,    0.0,    2.0, -2.0,  0.00,  0.00,  0.00,  0.0,  0.0,  0.0
1746540.10620570, 44855.402485, 10.000,    0.0,    2.0, -2.0,  0.00,  0.00,  0.00,  0.0,  0.0,  0.0
1746540.10870570, 44855.420014, 10.000,    0.0,    2.0, -2.0,  0.00,  0.00,  0.00,  0.0,  0.0,  0.0
1746540.11120570, 44855.384749, 10.000,    0.0,    2.0, -2.0,  0.00,  0.00,  0.00,  0.0,  0.0,  0.0
1746540.11370570, 44855.349483, 10.000,    0.0,    2.0, -2.0,  0.00,  0.00,  0.00,  0.0,  0.0,  0.0
1746540.11620570, 44855.326884, 10.000,    0.0,    2.0, -2.0,  0.00,  0.00,  0.00,  0.0,  0.0,  0.0
1746540.11870570, 44855.514472, 10.000,    0.0,    2.0, -2.0,  0.00,  0.00,  0.00,  0.0,  0.0,  0.0
1746540.12120570, 44855.467818, 10.000,    0.0,    2.0, -2.0,  0.00,  0.00,  0.00,  0.0,  0.0,  0.0
1746540.12370570, 44855.363711, 10.000,    0.0,    2.0, -2.0,  0.00,  0.00,  0.00,  0.0,  0.0,  0.0
1746540.12620570, 44855.259605, 10.000,    0.0,    2.0, -2.0,  0.00,  0.00,  0.00,  0.0,  0.0,  0.0
1746540.12870570, 44855.155499, 10.000,    0.0,    2.0, -2.0,  0.00,  0.00,  0.00,  0.0,  0.0,  0.0
1746540.13120570, 44855.139529, 10.000,    0.0,    2.0, -2.0,  0.00,  0.00,  0.00,  0.0,  0.0,  0.0
1746540.13370570, 44855.357400, 10.000,    0.0,    2.0, -2.0,  0.00,  0.00,  0.00,  0.0,  0.0,  0.0
1746540.13620570, 44855.387297, 10.000,    0.0,    2.0, -2.0,  0.00,  0.00,  0.00,  0.0,  0.0,  0.0
1746540.13870570, 44855.310426, 10.000,    0.0,    2.0, -2.0,  0.00,  0.00,  0.00,  0.0,  0.0,  0.0
1746540.14120570, 44855.233554, 10.000,    0.0,    2.0, -2.0,  0.00,  0.00,  0.00,  0.0,  0.0,  0.0
1746540.14370570, 44855.156683, 10.000,    0.0,    2.0, -2.0,  0.00,  0.00,  0.00,  0.0,  0.0,  0.0
1746540.14620570, 44855.019144, 10.000,    0.0,    2.0, -2.0,  0.00,  0.00,  0.00,  0.0,  0.0,  0.0
1746540.15120570, 44854.932116, 10.000,    0.0,    2.0, -2.0,  0.00,  0.00,  0.00,  0.0,  0.0,  0.0
1746540.15370570, 44855.038879, 10.000,    0.0,    2.0, -2.0,  0.00,  0.00,  0.00,  0.0,  0.0,  0.0
1746540.15620570, 44854.987848, 10.000,    0.0,    2.0, -2.0,  0.00,  0.00,  0.00,  0.0,  0.0,  0.0
1746540.15870570, 44855.419925, 10.000,    0.0,    2.0, -2.0,  0.00,  0.00,  0.00,  0.0,  0.0,  0.0
1746540.16120570, 44855.433821, 10.000,    0.0,    2.0, -2.0,  0.00,  0.00,  0.00,  0.0,  0.0,  0.0
1746540.16370570, 44855.433821, 10.000,    0.0,    2.0, -2.0,  0.00,  0.00,  0.00,  0.0,  0.0,  0.0
1746540.16620570, 44855.433821, 10.000,    0.0,    2.0, -2.0,  0.00,  0.00,  0.00,  0.0,  0.0,  0.0
1746540.16870570, 44855.433821, 10.000,    0.0,    2.0, -2.0,  0.00,  0.00,  0.00,  0.0,  0.0,  0.0
1746540.17120570, 44855.147889, 10.000,    0.0,    2.0, -2.0,  0.00,  0.00,  0.00,  0.0,  0.0,  0.0
1746540.17370570, 44855.313224, 10.000,    0.0,    2.0, -2.0,  0.00,  0.00,  0.00,  0.0,  0.0,  0.0
1746540.17620570, 44855.613415, 10.000,    0.0,    2.0, -2.0,  0.00,  0.00,  0.00,  0.0,  0.0,  0.0
1746540.17870570, 44854.724873, 10.000,    0.0,    2.0, -2.0,  0.00,  0.00,  0.00,  0.0,  0.0,  0.0
1746540.18120570, 44854.707660, 10.000,    0.0,    2.0, -2.0,  0.00,  0.00,  0.00,  0.0,  0.0,  0.0
1746540.18370570, 44854.838698, 10.000,    0.0,    2.0, -2.0,  0.00,  0.00,  0.00,  0.0,  0.0,  0.0
1746540.18620570, 44854.969736, 10.000,    0.0,    2.0, -2.0,  0.00,  0.00,  0.00,  0.0,  0.0,  0.0
1746540.18870570, 44855.100774, 10.000,    0.0,    2.0, -2.0,  0.00,  0.00,  0.00,  0.0,  0.0,  0.0
1746540.19120570, 44855.224733, 10.000,    0.0,    2.0, -2.0,  0.00,  0.00,  0.00,  0.0,  0.0,  0.0
1746540.19370570, 44855.176995, 10.000,    0.0,    2.0, -2.0,  0.00,  0.00,  0.00,  0.0,  0.0,  0.0
1746540.19620570, 44855.011512, 10.000,    0.0,    2.0, -2.0,  0.00,  0.00,  0.00,  0.0,  0.0,  0.0
1746540.19870570, 44854.846029, 10.000,    0.0,    2.0, -2.0,  0.00,  0.00,  0.00,  0.0,  0.0,  0.0
1746540.20120570, 44854.700651, 10.000,    0.0,    2.0, -2.0,  0.00,  0.00,  0.00,  0.0,  0.0,  0.0
1746540.20370570, 44854.748321, 10.000,    0.0,    2.0, -2.0,  0.00,  0.00,  0.00,  0.0,  0.0,  0.0
1746540.20620570, 44854.795991, 10.000,    0.0,    2.0, -2.0,  0.00,  0.00,  0.00,  0.0,  0.0,  0.0
1746540.20870570, 44854.843661, 10.000,    0.0,    2.0, -2.0,  0.00,  0.00,  0.00,  0.0,  0.0,  0.0
1746540.21120570, 44854.958949, 10.000,    0.0,    2.0, -2.0,  0.00,  0.00,  0.00,  0.0,  0.0,  0.0
1746540.21370570, 44855.184649, 10.000,    0.0,    2.0, -2.0,  0.00,  0.00,  0.00,  0.0,  0.0,  0.0
1746540.21620570, 44855.504077, 10.000,    0.0,    2.0, -2.0,  0.00,  0.00,  0.00,  0.0,  0.0,  0.0
1746540.21870570, 44855.524938, 10.000,    0.0,    2.0, -2.0,  0.00,  0.00,  0.00,  0.0,  0.0,  0.0
1746540.22120570, 44855.545798, 10.000,    0.0,    2.0, -2.0,  0.00,  0.00,  0.00,  0.0,  0.0,  0.0
1746540.22370570, 44855.440709, 10.000,    0.0,    2.0, -2.0,  0.00,  0.00,  0.00,  0.0,  0.0,  0.0
1746540.22620570, 44855.288858, 10.000,    0.0,    2.0, -2.0,  0.00,  0.00,  0.00,  0.0,  0.0,  0.0
1746540.22870570, 44855.129241, 10.000,    0.0,    2.0, -2.0,  0.00,  0.00,  0.00,  0.0,  0.0,  0.0
1746540.23120570, 44855.174312, 10.000,    0.0,    2.0, -2.0,  0.00,  0.00,  0.00,  0.0,  0.0,  0.0
1746540.23370570, 44855.307979, 10.000,    0.0,    2.0, -2.0,  0.00,  0.00,  0.00,  0.0,  0.0,  0.0
1746540.23620570, 44855.441645, 10.000,    0.0,    2.0, -2.0,  0.00,  0.00,  0.00,  0.0,  0.0,  0.0
1746540.23870570, 44855.575312, 10.000,    0.0,    2.0, -2.0,  0.00,  0.00,  0.00,  0.0,  0.0,  0.0
1746540.24120570, 44855.708978, 10.000,    0.0,    2.0, -2.0,  0.00,  0.00,  0.00,  0.0,  0.0,  0.0
1746540.24370570, 44855.261821, 10.000,    0.0,    2.0, -2.0,  0.00,  0.00,  0.00,  0.0,  0.0,  0.0
1746540.24620570, 44855.143839, 10.000,    0.0,    2.0, -2.0,  0.00,  0.00,  0.00,  0.0,  0.0,  0.0
1746540.24870570, 44855.591144, 10.000,    0.0,    2.0, -2.0,  0.00,  0.00,  0.00,  0.0,  0.0,  0.0
1746540.25120570, 44855.453017, 10.000,    0.0,    2.0, -2.0,  0.00,  0.00,  0.00,  0.0,  0.0,  0.0
1746540.25370570, 44855.011418, 10.000,    0.0,    2.0, -2.0,  0.00,  0.00,  0.00,  0.0,  0.0,  0.0
1746540.25620570, 44855.103104, 10.000,    0.0,    2.0, -2.0,  0.00,  0.00,  0.00,  0.0,  0.0,  0.0
1746540.25870570, 44855.259815, 10.000,    0.0,    2.0, -2.0,  0.00,  0.00,  0.00,  0.0,  0.0,  0.0
1746540.26120570, 44855.288659, 10.000,    0.0,    2.0, -2.0,  0.00,  0.00,  0.00,  0.0,  0.0,  0.0
1746540.26370570, 44855.264837, 10.000,    0.0,    2.0, -2.0,  0.00,  0.00,  0.00,  0.0,  0.0,  0.0
1746540.26620570, 44854.950983, 10.000,    0.0,    2.0, -2.0,  0.00,  0.00,  0.00,  0.0,  0.0,  0.0
1746540.26870570, 44854.920662, 10.000,    0.0,    2.0, -2.0,  0.00,  0.00,  0.00,  0.0,  0.0,  0.0
1746540.27120570, 44854.920662, 10.000,    0.0,    2.0, -2.0,  0.00,  0.00,  0.00,  0.0,  0.0,  0.0
1746540.27370570, 44854.920662, 10.000,    0.0,    2.0, -2.0,  0.00,  0.00,  0.00,  0.0,  0.0,  0.0
1746540.27620570, 44854.920662, 10.000,    0.0,    2.0, -2.0,  0.00,  0.00,  0.00,  0.0,  0.0,  0.0
1746540.27870570, 44855.127007, 10.000,    0.0,    2.0, -2.0,  0.00,  0.00,  0.00,  0.0,  0.0,  0.0
1746540.28120570, 44855.413242, 10.000,    0.0,    2.0, -2.0,  0.00,  0.00,  0.00,  0.0,  0.0,  0.0
1746540.28370570, 44855.421263, 10.000,    0.0,    2.0, -2.0,  0.00,  0.00,  0.00,  0.0,  0.0,  0.0
1746540.28620570, 44855.187203, 10.000,    0.0,    2.0, -2.0,  0.00,  0.00,  0.00,  0.0,  0.0,  0.0
1746540.28870570, 44854.953142, 10.000,    0.0,    2.0, -2.0,  0.00,  0.00,  0.00,  0.0,  0.0,  0.0
1746540.29120570, 44854.918733, 10.000,    0.0,    2.0, -2.0,  0.00,  0.00,  0.00,  0.0,  0.0,  0.0
1746540.29370570, 44855.055273, 10.000,    0.0,    2.0, -2.0,  0.00,  0.00,  0.00,  0.0,  0.0,  0.0
1746540.29620570, 44855.201008, 10.000,    0.0,    2.0, -2.0,  0.00,  0.00,  0.00,  0.0,  0.0,  0.0
1746540.29870570, 44855.346742, 10.000,    0.0,    2.0, -2.0,  0.00,  0.00,  0.00,  0.0,  0.0,  0.0
1746540.30120570, 44855.492476, 10.000,    0.0,    2.0, -2.0,  0.00,  0.00,  0.00,  0.0,  0.0,  0.0
1746540.30370570, 44855.638210, 10.000,    0.0,    2.0, -2.0,  0.00,  0.00,  0.00,  0.0,  0.0,  0.0
1746540.30620570, 44855.455202, 10.000,    0.0,    2.0, -2.0,  0.00,  0.00,  0.00,  0.0,  0.0,  0.0
1746540.30870570, 44855.455202, 10.000,    0.0,    2.0, -2.0,  0.00,  0.00,  0.00,  0.0,  0.0,  0.0
1746540.31120570, 44855.406407, 10.000,    0.0,    2.0, -2.0,  0.00,  0.00,  0.00,  0.0,  0.0,  0.0
1746540.31370570, 44855.326579, 10.000,    0.0,    2.0, -2.0,  0.00,  0.00,  0.00,  0.0,  0.0,  0.0
1746540.31620570, 44855.230345, 10.000,    0.0,    2.0, -2.0,  0.00,  0.00,  0.00,  0.0,  0.0,  0.0
1746540.31870570, 44855.227860, 10.000,    0.0,    2.0, -2.0,  0.00,  0.00,  0.00,  0.0,  0.0,  0.0
1746540.32120570, 44855.225376, 10.000,    0.0,    2.0, -2.0,  0.00,  0.00,  0.00,  0.0,  0.0,  0.0
1746540.32370570, 44855.222891, 10.000,    0.0,    2.0, -2.0,  0.00,  0.00,  0.00,  0.0,  0.0,  0.0
1746540.32620570, 44855.220407, 10.000,    0.0,    2.0, -2.0,  0.00,  0.00,  0.00,  0.0,  0.0,  0.0
1746540.32870570, 44855.489714, 10.000,    0.0,    2.0, -2.0,  0.00,  0.00,  0.00,  0.0,  0.0,  0.0
1746540.33120570, 44855.163282, 10.000,    0.0,    2.0, -2.0,  0.00,  0.00,  0.00,  0.0,  0.0,  0.0
1746540.33370570, 44855.199330, 10.000,    0.0,    2.0, -2.0,  0.00,  0.00,  0.00,  0.0,  0.0,  0.0
1746540.33620570, 44855.210459, 10.000,    0.0,    2.0, -2.0,  0.00,  0.00,  0.00,  0.0,  0.0,  0.0
1746540.33870570, 44855.165952, 10.000,    0.0,    2.0, -2.0,  0.00,  0.00,  0.00,  0.0,  0.0,  0.0
1746540.34120570, 44855.121445, 10.000,    0.0,    2.0, -2.0,  0.00,  0.00,  0.00,  0.0,  0.0,  0.0
1746540.34370570, 44855.076938, 10.000,    0.0,    2.0, -2.0,  0.00,  0.00,  0.00,  0.0,  0.0,  0.0
1746540.34620570, 44854.968351, 10.000,    0.0,    2.0, -2.0,  0.00,  0.00,  0.00,  0.0,  0.0,  0.0
1746540.34870570, 44854.942043, 10.000,    0.0,    2.0, -2.0,  0.00,  0.00,  0.00,  0.0,  0.0,  0.0
1746540.35120570, 44855.118652, 10.000,    0.0,    2.0, -2.0,  0.00,  0.00,  0.00,  0.0,  0.0,  0.0
1746540.35370570, 44855.501883, 10.000,    0.0,    2.0, -2.0,  0.00,  0.00,  0.00,  0.0,  0.0,  0.0
1746540.35620570, 44855.556092, 10.000,    0.0,    2.0, -2.0,  0.00,  0.00,  0.00,  0.0,  0.0,  0.0
1746540.35870570, 44855.355827, 10.000,    0.0,    2.0, -2.0,  0.00,  0.00,  0.00,  0.0,  0.0,  0.0
1746540.36120570, 44855.155561, 10.000,    0.0,    2.0, -2.0,  0.00,  0.00,  0.00,  0.0,  0.0,  0.0
1746540.36370570, 44854.955295, 10.000,    0.0,    2.0, -2.0,  0.00,  0.00,  0.00,  0.0,  0.0,  0.0
1746540.36620570, 44855.138475, 10.000,    0.0,    2.0, -2.0,  0.00,  0.00,  0.00,  0.0,  0.0,  0.0
1746540.36870570, 44855.654675, 10.000,    0.0,    2.0, -2.0,  0.00,  0.00,  0.00,  0.0,  0.0,  0.0
1746540.37120570, 44855.606927, 10.000,    0.0,    2.0, -2.0,  0.00,  0.00,  0.00,  0.0,  0.0,  0.0
1746540.37370570, 44855.559180, 10.000,    0.0,    2.0, -2.0,  0.00,  0.00,  0.00,  0.0,  0.0,  0.0
1746540.37620570, 44855.511432, 10.000,    0.0,    2.0, -2.0,  0.00,  0.00,  0.00,  0.0,  0.0,  0.0
1746540.37870570, 44855.463685, 10.000,    0.0,    2.0, -2.0,  0.00,  0.00,  0.00,  0.0,  0.0,  0.0
1746540.38120570, 44855.419654, 10.000,    0.0,    2.0, -2.0,  0.00,  0.00,  0.00,  0.0,  0.0,  0.0
1746540.38370570, 44855.386718, 10.000,    0.0,    2.0, -2.0,  0.00,  0.00,  0.00,  0.0,  0.0,  0.0
1746540.38870570, 44855.447027, 10.000,    0.0,    2.0, -2.0,  0.00,  0.00,  0.00,  0.0,  0.0,  0.0
1746540.39120570, 44855.614530, 10.000,    0.0,    2.0, -2.0,  0.00,  0.00,  0.00,  0.0,  0.0,  0.0
1746540.39370570, 44855.786859, 10.000,    0.0,    2.0, -2.0,  0.00,  0.00,  0.00,  0.0,  0.0,  0.0
1746540.39620570, 44855.859670, 10.000,    0.0,    2.0, -2.0,  0.00,  0.00,  0.00,  0.0,  0.0,  0.0
1746540.39870570, 44855.402919, 10.000,    0.0,    2.0, -2.0,  0.00,  0.00,  0.00,  0.0,  0.0,  0.0
1746540.40120570, 44855.624244, 10.000,    0.0,    2.0, -2.0,  0.00,  0.00,  0.00,  0.0,  0.0,  0.0
1746540.40370570, 44855.638033, 10.000,    0.0,    2.0, -2.0,  0.00,  0.00,  0.00,  0.0,  0.0,  0.0
1746540.40620570, 44855.450725, 10.000,    0.0,    2.0, -2.0,  0.00,  0.00,  0.00,  0.0,  0.0,  0.0
1746540.40870570, 44855.263417, 10.000,    0.0,    2.0, -2.0,  0.00,  0.00,  0.00,  0.0,  0.0,  0.0
1746540.41120570, 44855.076109, 10.000,    0.0,    2.0, -2.0,  0.00,  0.00,  0.00,  0.0,  0.0,  0.0
1746540.41370570, 44855.072632, 10.000,    0.0,    2.0, -2.0,  0.00,  0.00,  0.00,  0.0,  0.0,  0.0
1746540.41620570, 44855.215366, 10.000,    0.0,    2.0, -2.0,  0.00,  0.00,  0.00,  0.0,  0.0,  0.0
1746540.41870570, 44855.081502, 10.000,    0.0,    2.0, -2.0,  0.00,  0.00,  0.00,  0.0,  0.0,  0.0
1746540.42120570, 44855.004057, 10.000,    0.0,    2.0, -2.0,  0.00,  0.00,  0.00,  0.0,  0.0,  0.0
1746540.42370570, 44854.926613, 10.000,    0.0,    2.0, -2.0,  0.00,  0.00,  0.00,  0.0,  0.0,  0.0
1746540.42620570, 44854.849168, 10.000,    0.0,    2.0, -2.0,  0.00,  0.00,  0.00,  0.0,  0.0,  0.0
1746540.42870570, 44854.838970, 10.000,    0.0,    2.0, -2.0,  0.00,  0.00,  0.00,  0.0,  0.0,  0.0
1746540.43120570, 44854.855145, 10.000,    0.0,    2.0, -2.0,  0.00,  0.00,  0.00,  0.0,  0.0,  0.0
1746540.43370570, 44855.142266, 10.000,    0.0,    2.0, -2.0,  0.00,  0.00,  0.00,  0.0,  0.0,  0.0
1746540.43620570, 44855.454491, 10.000,    0.0,    2.0, -2.0,  0.00,  0.00,  0.00,  0.0,  0.0,  0.0
1746540.43870570, 44855.113385, 10.000,    0.0,    2.0, -2.0,  0.00,  0.00,  0.00,  0.0,  0.0,  0.0
1746540.44120570, 44855.433821, 10.000,    0.0,    2.0, -2.0,  0.00,  0.00,  0.00,  0.0,  0.0,  0.0
1746540.44370570, 44855.433821, 10.000,    0.0,    2.0, -2.0,  0.00,  0.00,  0.00,  0.0,  0.0,  0.0
1746540.44620570, 44855.433821, 10.000,    0.0,    2.0, -2.0,  0.00,  0.00,  0.00,  0.0,  0.0,  0.0
1746540.44870570, 44855.428768, 10.000,    0.0,    2.0, -2.0,  0.00,  0.00,  0.00,  0.0,  0.0,  0.0
1746540.45120570, 44855.236215, 10.000,    0.0,    2.0, -2.0,  0.00,  0.00,  0.00,  0.0,  0.0,  0.0
1746540.45370570, 44855.083838, 10.000,    0.0,    2.0, -2.0,  0.00,  0.00,  0.00,  0.0,  0.0,  0.0
1746540.45620570, 44855.052276, 10.000,    0.0,    2.0, -2.0,  0.00,  0.00,  0.00,  0.0,  0.0,  0.0
1746540.45870570, 44855.020713, 10.000,    0.0,    2.0, -2.0,  0.00,  0.00,  0.00,  0.0,  0.0,  0.0
1746540.46120570, 44854.989151, 10.000,    0.0,    2.0, -2.0,  0.00,  0.00,  0.00,  0.0,  0.0,  0.0
1746540.46370570, 44854.957588, 10.000,    0.0,    2.0, -2.0,  0.00,  0.00,  0.00,  0.0,  0.0,  0.0
1746540.46620570, 44855.284993, 10.000,    0.0,    2.0, -2.0,  0.00,  0.00,  0.00,  0.0,  0.0,  0.0
1746540.46870570, 44855.485269, 10.000,    0.0,    2.0, -2.0,  0.00,  0.00,  0.00,  0.0,  0.0,  0.0
1746540.47120570, 44855.457524, 10.000,    0.0,    2.0, -2.0,  0.00,  0.00,  0.00,  0.0,  0.0,  0.0
1746540.47370570, 44855.429779, 10.000,    0.0,    2.0, -2.0,  0.00,  0.00,  0.00,  0.0,  0.0,  0.0
1746540.47620570, 44855.402034, 10.000,    0.0,    2.0, -2.0,  0.00,  0.00,  0.00,  0.0,  0.0,  0.0
1746540.47870570, 44855.374289, 10.000,    0.0,    2.0, -2.0,  0.00,  0.00,  0.00,  0.0,  0.0,  0.0
1746540.48120570, 44855.346544, 10.000,    0.0,    2.0, -2.0,  0.00,  0.00,  0.00,  0.0,  0.0,  0.0
1746540.48370570, 44855.318799, 10.000,    0.0,    2.0, -2.0,  0.00,  0.00,  0.00,  0.0,  0.0,  0.0
1746540.48620570, 44855.291054, 10.000,    0.0,    2.0, -2.0,  0.00,  0.00,  0.00,  0.0,  0.0,  0.0
1746540.48870570, 44855.263309, 10.000,    0.0,    2.0, -2.0,  0.00,  0.00,  0.00,  0.0,  0.0,  0.0
1746540.49120570, 44855.235563, 10.000,    0.0,    2.0, -2.0,  0.00,  0.00,  0.00,  0.0,  0.0,  0.0
1746540.49370570, 44855.207818, 10.000,    0.0,    2.0, -2.0,  0.00,  0.00,  0.00,  0.0,  0.0,  0.0
1746540.49620570, 44855.180073, 10.000,    0.0,    2.0, -2.0,  0.00,  0.00,  0.00,  0.0,  0.0,  0.0
1746540.49870570, 44855.100127, 10.000,    0.0,    2.0, -2.0,  0.00,  0.00,  0.00,  0.0,  0.0,  0.0
1746540.50120570, 44854.970546, 10.000,    0.0,    2.0, -2.0,  0.00,  0.00,  0.00,  0.0,  0.0,  0.0
1746540.50370570, 44854.840964, 10.000,    0.0,    2.0, -2.0,  0.00,  0.00,  0.00,  0.0,  0.0,  0.0
1746540.50620570, 44854.780454, 10.000,    0.0,    2.0, -2.0,  0.00,  0.00,  0.00,  0.0,  0.0,  0.0
1746540.50870570, 44854.801027, 10.000,    0.0,    2.0, -2.0,  0.00,  0.00,  0.00,  0.0,  0.0,  0.0
1746540.51120570, 44854.821600, 10.000,    0.0,    2.0, -2.0,  0.00,  0.00,  0.00,  0.0,  0.0,  0.0
1746540.51370570, 44854.842173, 10.000,    0.0,    2.0, -2.0,  0.00,  0.00,  0.00,  0.0,  0.0,  0.0
1746540.51620570, 44854.862746, 10.000,    0.0,    2.0, -2.0,  0.00,  0.00,  0.00,  0.0,  0.0,  0.0
1746540.51870570, 44854.883319, 10.000,    0.0,    2.0, -2.0,  0.00,  0.00,  0.00,  0.0,  0.0,  0.0
1746540.52120570, 44854.903892, 10.000,    0.0,    2.0, -2.0,  0.00,  0.00,  0.00,  0.0,  0.0,  0.0
1746540.52370570, 44854.924465, 10.000,    0.0,    2.0, -2.0,  0.00,  0.00,  0.00,  0.0,  0.0,  0.0
1746540.52620570, 44854.945038, 10.000,    0.0,    2.0, -2.0,  0.00,  0.00,  0.00,  0.0,  0.0,  0.0
1746540.52870570, 44854.965611, 10.000,    0.0,    2.0, -2.0,  0.00,  0.00,  0.00,  0.0,  0.0,  0.0
1746540.53120570, 44854.986184, 10.000,    0.0,    2.0, -2.0,  0.00,  0.00,  0.00,  0.0,  0.0,  0.0
1746540.53370570, 44855.006756, 10.000,    0.0,    2.0, -2.0,  0.00,  0.00,  0.00,  0.0,  0.0,  0.0
1746540.53620570, 44855.027329, 10.000,    0.0,    2.0, -2.0,  0.00,  0.00,  0.00,  0.0,  0.0,  0.0
1746540.53870570, 44855.047902, 10.000,    0.0,    2.0, -2.0,  0.00,  0.00,  0.00,  0.0,  0.0,  0.0
1746540.54120570, 44855.068475, 10.000,    0.0,    2.0, -2.0,  0.00,  0.00,  0.00,  0.0,  0.0,  0.0
1746540.54370570, 44855.089048, 10.000,    0.0,    2.0, -2.0,  0.00,  0.00,  0.00,  0.0,  0.0,  0.0
1746540.54620570, 44855.219702, 10.000,    0.0,    2.0, -2.0,  0.00,  0.00,  0.00,  0.0,  0.0,  0.0
1746540.54870570, 44855.366746, 10.000,    0.0,    2.0, -2.0,  0.00,  0.00,  0.00,  0.0,  0.0,  0.0
1746540.55120570, 44855.513790, 10.000,    0.0,    2.0, -2.0,  0.00,  0.00,  0.00,  0.0,  0.0,  0.0
1746540.55370570, 44855.585985, 10.000,    0.0,    2.0, -2.0,  0.00,  0.00,  0.00,  0.0,  0.0,  0.0
1746540.55620570, 44855.567899, 10.000,    0.0,    2.0, -2.0,  0.00,  0.00,  0.00,  0.0,  0.0,  0.0
1746540.55870570, 44855.549812, 10.000,    0.0,    2.0, -2.0,  0.00,  0.00,  0.00,  0.0,  0.0,  0.0
1746540.56120570, 44855.531726, 10.000,    0.0,    2.0, -2.0,  0.00,  0.00,  0.00,  0.0,  0.0,  0.0
1746540.56370570, 44855.513640, 10.000,    0.0,    2.0, -2.0,  0.00,  0.00,  0.00,  0.0,  0.0,  0.0
1746540.56620570, 44855.495554, 10.000,    0.0,    2.0, -2.0,  0.00,  0.00,  0.00,  0.0,  0.0,  0.0
1746540.56870570, 44855.477468, 10.000,    0.0,    2.0, -2.0,  0.00,  0.00,  0.00,  0.0,  0.0,  0.0
1746540.57120570, 44855.459382, 10.000,    0.0,    2.0, -2.0,  0.00,  0.00,  0.00,  0.0,  0.0,  0.0
1746540.57370570, 44855.441296, 10.000,    0.0,    2.0, -2.0,  0.00,  0.00,  0.00,  0.0,  0.0,  0.0
1746540.57620570, 44855.423210, 10.000,    0.0,    2.0, -2.0,  0.00,  0.00,  0.00,  0.0,  0.0,  0.0
1746540.57870570, 44855.405124, 10.000,    0.0,    2.0, -2.0,  0.00,  0.00,  0.00,  0.0,  0.0,  0.0
1746540.58120570, 44855.387037, 10.000,    0.0,    2.0, -2.0,  0.00,  0.00,  0.00,  0.0,  0.0,  0.0
1746540.58370570, 44855.368951, 10.000,    0.0,    2.0, -2.0,  0.00,  0.00,  0.00,  0.0,  0.0,  0.0
1746540.58620570, 44855.350865, 10.000,    0.0,    2.0, -2.0,  0.00,  0.00,  0.00,  0.0,  0.0,  0.0
1746540.58870570, 44855.332779, 10.000,    0.0,    2.0, -2.0,  0.00,  0.00,  0.00,  0.0,  0.0,  0.0
1746540.59120570, 44855.314693, 10.000,    0.0,    2.0, -2.0,  0.00,  0.00,  0.00,  0.0,  0.0,  0.0
1746540.59370570, 44855.296607, 10.000,    0.0,    2.0, -2.0,  0.00,  0.00,  0.00,  0.0,  0.0,  0.0
1746540.59620570, 44855.278521, 10.000,    0.0,    2.0, -2.0,  0.00,  0.00,  0.00,  0.0,  0.0,  0.0
1746540.59870570, 44855.260435, 10.000,    0.0,    2.0, -2.0,  0.00,  0.00,  0.00,  0.0,  0.0,  0.0
1746540.60120570, 44855.225808, 10.000,    0.0,    2.0, -2.0,  0.00,  0.00,  0.00,  0.0,  0.0,  0.0
1746540.60370570, 44855.176970, 10.000,    0.0,    2.0, -2.0,  0.00,  0.00,  0.00,  0.0,  0.0,  0.0
1746540.60620570, 44855.128132, 10.000,    0.0,    2.0, -2.0,  0.00,  0.00,  0.00,  0.0,  0.0,  0.0
1746540.60870570, 44855.079294, 10.000,    0.0,    2.0, -2.0,  0.00,  0.00,  0.00,  0.0,  0.0,  0.0
1746540.61120569, 44855.030456, 10.000,    0.0,    2.0, -2.0,  0.00,  0.00,  0.00,  0.0,  0.0,  0.0
1746540.61370569, 44854.981618, 10.000,    0.0,    2.0, -2.0,  0.00,  0.00,  0.00,  0.0,  0.0,  0.0
1746540.61620569, 44855.064062, 10.000,    0.0,    2.0, -2.0,  0.00,  0.00,  0.00,  0.0,  0.0,  0.0
1746540.61870569, 44855.597694, 10.000,    0.0,    2.0, -2.0,  0.00,  0.00,  0.00,  0.0,  0.0,  0.0
1746540.62120569, 44854.956923, 10.000,    0.0,    2.0, -2.0,  0.00,  0.00,  0.00,  0.0,  0.0,  0.0
1746540.62370569, 44854.966007, 10.000,    0.0,    2.0, -2.0,  0.00,  0.00,  0.00,  0.0,  0.0,  0.0
1746540.62620569, 44854.975091, 10.000,    0.0,    2.0, -2.0,  0.00,  0.00,  0.00,  0.0,  0.0,  0.0
1746540.62870569, 44854.984175, 10.000,    0.0,    2.0, -2.0,  0.00,  0.00,  0.00,  0.0,  0.0,  0.0
1746540.63120569, 44855.248574, 10.000,    0.0,    2.0, -2.0,  0.00,  0.00,  0.00,  0.0,  0.0,  0.0
1746540.63370569, 44855.108979, 10.000,    0.0,    2.0, -2.0,  0.00,  0.00,  0.00,  0.0,  0.0,  0.0
1746540.63620569, 44854.525711, 10.000,    0.0,    2.0, -2.0,  0.00,  0.00,  0.00,  0.0,  0.0,  0.0
1746540.63870569, 44854.556606, 10.000,    0.0,    2.0, -2.0,  0.00,  0.00,  0.00,  0.0,  0.0,  0.0
1746540.64120569, 44855.177241, 10.000,    0.0,    2.0, -2.0,  0.00,  0.00,  0.00,  0.0,  0.0,  0.0
1746540.64370569, 44855.177241, 10.000,    0.0,    2.0, -2.0,  0.00,  0.00,  0.00,  0.0,  0.0,  0.0
1746540.64620569, 44855.177241, 10.000,    0.0,    2.0, -2.0,  0.00,  0.00,  0.00,  0.0,  0.0,  0.0
1746540.64870569, 44855.062769, 10.000,    0.0,    2.0, -2.0,  0.00,  0.00,  0.00,  0.0,  0.0,  0.0
1746540.65120569, 44854.712600, 10.000,    0.0,    2.0, -2.0,  0.00,  0.00,  0.00,  0.0,  0.0,  0.0
1746540.65370569, 44854.660036, 10.000,    0.0,    2.0, -2.0,  0.00,  0.00,  0.00,  0.0,  0.0,  0.0
1746540.65620569, 44855.027570, 10.000,    0.0,    2.0, -2.0,  0.00,  0.00,  0.00,  0.0,  0.0,  0.0
1746540.65870569, 44854.915033, 10.000,    0.0,    2.0, -2.0,  0.00,  0.00,  0.00,  0.0,  0.0,  0.0
1746540.66120569, 44855.012273, 10.000,    0.0,    2.0, -2.0,  0.00,  0.00,  0.00,  0.0,  0.0,  0.0
1746540.66370570, 44855.255138, 10.000,    0.0,    2.0, -2.0,  0.00,  0.00,  0.00,  0.0,  0.0,  0.0
1746540.66620570, 44855.284149, 10.000,    0.0,    2.0, -2.0,  0.00,  0.00,  0.00,  0.0,  0.0,  0.0
1746540.66870570, 44855.291618, 10.000,    0.0,    2.0, -2.0,  0.00,  0.00,  0.00,  0.0,  0.0,  0.0
1746540.67120570, 44855.518555, 10.000,    0.0,    2.0, -2.0,  0.00,  0.00,  0.00,  0.0,  0.0,  0.0
1746540.67370570, 44855.489020, 10.000,    0.0,    2.0, -2.0,  0.00,  0.00,  0.00,  0.0,  0.0,  0.0
1746540.67620570, 44855.390702, 10.000,    0.0,    2.0, -2.0,  0.00,  0.00,  0.00,  0.0,  0.0,  0.0
1746540.67870570, 44855.307769, 10.000,    0.0,    2.0, -2.0,  0.00,  0.00,  0.00,  0.0,  0.0,  0.0
1746540.68120570, 44855.224836, 10.000,    0.0,    2.0, -2.0,  0.00,  0.00,  0.00,  0.0,  0.0,  0.0
1746540.68370570, 44855.050449, 10.000,    0.0,    2.0, -2.0,  0.00,  0.00,  0.00,  0.0,  0.0,  0.0
1746540.68620570, 44854.944510, 10.000,    0.0,    2.0, -2.0,  0.00,  0.00,  0.00,  0.0,  0.0,  0.0
1746540.68870570, 44855.004740, 10.000,    0.0,    2.0, -2.0,  0.00,  0.00,  0.00,  0.0,  0.0,  0.0
1746540.69120570, 44854.837770, 10.000,    0.0,    2.0, -2.0,  0.00,  0.00,  0.00,  0.0,  0.0,  0.0
1746540.69370570, 44855.270850, 10.000,    0.0,    2.0, -2.0,  0.00,  0.00,  0.00,  0.0,  0.0,  0.0
1746540.69620570, 44855.663578, 10.000,    0.0,    2.0, -2.0,  0.00,  0.00,  0.00,  0.0,  0.0,  0.0
1746540.69870570, 44855.573387, 10.000,    0.0,    2.0, -2.0,  0.00,  0.00,  0.00,  0.0,  0.0,  0.0
1746540.70120570, 44855.483196, 10.000,    0.0,    2.0, -2.0,  0.00,  0.00,  0.00,  0.0,  0.0,  0.0
1746540.70370570, 44855.407126, 10.000,    0.0,    2.0, -2.0,  0.00,  0.00,  0.00,  0.0,  0.0,  0.0
1746540.70620570, 44855.382467, 10.000,    0.0,    2.0, -2.0,  0.00,  0.00,  0.00,  0.0,  0.0,  0.0
1746540.70870570, 44855.357809, 10.000,    0.0,    2.0, -2.0,  0.00,  0.00,  0.00,  0.0,  0.0,  0.0
1746540.71120570, 44855.333151, 10.000,    0.0,    2.0, -2.0,  0.00,  0.00,  0.00,  0.0,  0.0,  0.0
1746540.71370570, 44855.308493, 10.000,    0.0,    2.0, -2.0,  0.00,  0.00,  0.00,  0.0,  0.0,  0.0
1746540.71620570, 44855.277267, 10.000,    0.0,    2.0, -2.0,  0.00,  0.00,  0.00,  0.0,  0.0,  0.0
1746540.72120570, 44855.368557, 10.000,    0.0,    2.0, -2.0,  0.00,  0.00,  0.00,  0.0,  0.0,  0.0
1746540.72370570, 44855.266179, 10.000,    0.0,    2.0, -2.0,  0.00,  0.00,  0.00,  0.0,  0.0,  0.0
1746540.72620570, 44855.040361, 10.000,    0.0,    2.0, -2.0,  0.00,  0.00,  0.00,  0.0,  0.0,  0.0
1746540.72870570, 44854.814543, 10.000,    0.0,    2.0, -2.0,  0.00,  0.00,  0.00,  0.0,  0.0,  0.0
1746540.73120570, 44854.756616, 10.000,    0.0,    2.0, -2.0,  0.00,  0.00,  0.00,  0.0,  0.0,  0.0
1746540.73370570, 44854.749609, 10.000,    0.0,    2.0, -2.0,  0.00,  0.00,  0.00,  0.0,  0.0,  0.0
1746540.73620570, 44854.749609, 10.000,    0.0,    2.0, -2.0,  0.00,  0.00,  0.00,  0.0,  0.0,  0.0
1746540.73870570, 44854.810968, 10.000,    0.0,    2.0, -2.0,  0.00,  0.00,  0.00,  0.0,  0.0,  0.0
1746540.74120570, 44855.003101, 10.000,    0.0,    2.0, -2.0,  0.00,  0.00,  0.00,  0.0,  0.0,  0.0
1746540.74370570, 44855.177950, 10.000,    0.0,    2.0, -2.0,  0.00,  0.00,  0.00,  0.0,  0.0,  0.0
1746540.74620570, 44855.222853, 10.000,    0.0,    2.0, -2.0,  0.00,  0.00,  0.00,  0.0,  0.0,  0.0
1746540.74870570, 44855.193229, 10.000,    0.0,    2.0, -2.0,  0.00,  0.00,  0.00,  0.0,  0.0,  0.0
1746540.75120570, 44855.163605, 10.000,    0.0,    2.0, -2.0,  0.00,  0.00,  0.00,  0.0,  0.0,  0.0
1746540.75370570, 44855.133981, 10.000,    0.0,    2.0, -2.0,  0.00,  0.00,  0.00,  0.0,  0.0,  0.0
1746540.75620570, 44855.099959, 10.000,    0.0,    2.0, -2.0,  0.00,  0.00,  0.00,  0.0,  0.0,  0.0
1746540.75870570, 44855.054329, 10.000,    0.0,    2.0, -2.0,  0.00,  0.00,  0.00,  0.0,  0.0,  0.0
1746540.76120570, 44854.998216, 10.000,    0.0,    2.0, -2.0,  0.00,  0.00,  0.00,  0.0,  0.0,  0.0
1746540.76370570, 44854.914640, 10.000,    0.0,    2.0, -2.0,  0.00,  0.00,  0.00,  0.0,  0.0,  0.0
1746540.76620570, 44854.822443, 10.000,    0.0,    2.0, -2.0,  0.00,  0.00,  0.00,  0.0,  0.0,  0.0
1746540.76870570, 44854.730245, 10.000,    0.0,    2.0, -2.0,  0.00,  0.00,  0.00,  0.0,  0.0,  0.0
1746540.77120570, 44854.610628, 10.000,    0.0,    2.0, -2.0,  0.00,  0.00,  0.00,  0.0,  0.0,  0.0
1746540.77370570, 44854.610628, 10.000,    0.0,    2.0, -2.0,  0.00,  0.00,  0.00,  0.0,  0.0,  0.0
1746540.77620570, 44854.798076, 10.000,    0.0,    2.0, -2.0,  0.00,  0.00,  0.00,  0.0,  0.0,  0.0
1746540.77870570, 44855.027229, 10.000,    0.0,    2.0, -2.0,  0.00,  0.00,  0.00,  0.0,  0.0,  0.0
1746540.78120570, 44855.256383, 10.000,    0.0,    2.0, -2.0,  0.00,  0.00,  0.00,  0.0,  0.0,  0.0
1746540.78370570, 44855.485536, 10.000,    0.0,    2.0, -2.0,  0.00,  0.00,  0.00,  0.0,  0.0,  0.0
1746540.78620570, 44855.331523, 10.000,    0.0,    2.0, -2.0,  0.00,  0.00,  0.00,  0.0,  0.0,  0.0
1746540.78870570, 44855.155535, 10.000,    0.0,    2.0, -2.0,  0.00,  0.00,  0.00,  0.0,  0.0,  0.0
1746540.79120570, 44854.979548, 10.000,    0.0,    2.0, -2.0,  0.00,  0.00,  0.00,  0.0,  0.0,  0.0
1746540.79370570, 44854.803560, 10.000,    0.0,    2.0, -2.0,  0.00,  0.00,  0.00,  0.0,  0.0,  0.0
1746540.79620570, 44854.701685, 10.000,    0.0,    2.0, -2.0,  0.00,  0.00,  0.00,  0.0,  0.0,  0.0
1746540.79870570, 44854.889059, 10.000,    0.0,    2.0, -2.0,  0.00,  0.00,  0.00,  0.0,  0.0,  0.0
1746540.80120570, 44855.088942, 10.000,    0.0,    2.0, -2.0,  0.00,  0.00,  0.00,  0.0,  0.0,  0.0
1746540.80370570, 44855.054603, 10.000,    0.0,    2.0, -2.0,  0.00,  0.00,  0.00,  0.0,  0.0,  0.0
1746540.80620570, 44855.020264, 10.000,    0.0,    2.0, -2.0,  0.00,  0.00,  0.00,  0.0,  0.0,  0.0
1746540.80870570, 44854.985926, 10.000,    0.0,    2.0, -2.0,  0.00,  0.00,  0.00,  0.0,  0.0,  0.0
1746540.81120570, 44854.951587, 10.000,    0.0,    2.0, -2.0,  0.00,  0.00,  0.00,  0.0,  0.0,  0.0
1746540.81370570, 44854.917248, 10.000,    0.0,    2.0, -2.0,  0.00,  0.00,  0.00,  0.0,  0.0,  0.0
1746540.81620570, 44854.882909, 10.000,    0.0,    2.0, -2.0,  0.00,  0.00,  0.00,  0.0,  0.0,  0.0
1746540.81870570, 44854.848570, 10.000,    0.0,    2.0, -2.0,  0.00,  0.00,  0.00,  0.0,  0.0,  0.0
1746540.82120570, 44854.814232, 10.000,    0.0,    2.0, -2.0,  0.00,  0.00,  0.00,  0.0,  0.0,  0.0
1746540.82370570, 44855.647253, 10.000,    0.0,    2.0, -2.0,  0.00,  0.00,  0.00,  0.0,  0.0,  0.0
1746540.82620570, 44856.001487, 10.000,    0.0,    2.0, -2.0,  0.00,  0.00,  0.00,  0.0,  0.0,  0.0
1746540.82870570, 44856.355720, 10.000,    0.0,    2.0, -2.0,  0.00,  0.00,  0.00,  0.0,  0.0,  0.0
1746540.83120570, 44856.709953, 10.000,    0.0,    2.0, -2.0,  0.00,  0.00,  0.00,  0.0,  0.0,  0.0
1746540.83370570, 44857.064186, 10.000,    0.0,    2.0, -2.0,  0.00,  0.00,  0.00,  0.0,  0.0,  0.0
1746540.83870570, 44855.167121, 10.000,    0.0,    2.0, -2.0,  0.00,  0.00,  0.00,  0.0,  0.0,  0.0
1746540.84120570, 44855.995586, 10.000,    0.0,    2.0, -2.0,  0.00,  0.00,  0.00,  0.0,  0.0,  0.0
1746540.84370570, 44853.672705, 10.000,    0.0,    2.0, -2.0,  0.00,  0.00,  0.00,  0.0,  0.0,  0.0
1746540.84620570, 44854.786532, 10.000,    0.0,    2.0, -2.0,  0.00,  0.00,  0.00,  0.0,  0.0,  0.0
1746540.84870570, 44855.295609, 10.000,    0.0,    2.0, -2.0,  0.00,  0.00,  0.00,  0.0,  0.0,  0.0
1746540.85120570, 44854.355315, 10.000,    0.0,    2.0, -2.0,  0.00,  0.00,  0.00,  0.0,  0.0,  0.0
1746540.85370570, 44855.029731, 10.000,    0.0,    2.0, -2.0,  0.00,  0.00,  0.00,  0.0,  0.0,  0.0
1746540.85620570, 44855.749529, 10.000,    0.0,    2.0, -2.0,  0.00,  0.00,  0.00,  0.0,  0.0,  0.0
1746540.85870570, 44855.594443, 10.000,    0.0,    2.0, -2.0,  0.00,  0.00,  0.00,  0.0,  0.0,  0.0
1746540.86120570, 44855.428696, 10.000,    0.0,    2.0, -2.0,  0.00,  0.00,  0.00,  0.0,  0.0,  0.0
1746540.86370570, 44855.260142, 10.000,    0.0,    2.0, -2.0,  0.00,  0.00,  0.00,  0.0,  0.0,  0.0
1746540.86620570, 44855.091587, 10.000,    0.0,    2.0, -2.0,  0.00,  0.00,  0.00,  0.0,  0.0,  0.0
1746540.86870570, 44854.923033, 10.000,    0.0,    2.0, -2.0,  0.00,  0.00,  0.00,  0.0,  0.0,  0.0
1746540.87120570, 44855.087926, 10.000,    0.0,    2.0, -2.0,  0.00,  0.00,  0.00,  0.0,  0.0,  0.0
1746540.87370570, 44855.613251, 10.000,    0.0,    2.0, -2.0,  0.00,  0.00,  0.00,  0.0,  0.0,  0.0
1746540.87620570, 44855.187159, 10.000,    0.0,    2.0, -2.0,  0.00,  0.00,  0.00,  0.0,  0.0,  0.0
1746540.87870570, 44854.937093, 10.000,    0.0,    2.0, -2.0,  0.00,  0.00,  0.00,  0.0,  0.0,  0.0
1746540.88120570, 44855.048302, 10.000,    0.0,    2.0, -2.0,  0.00,  0.00,  0.00,  0.0,  0.0,  0.0
1746540.88370570, 44855.159511, 10.000,    0.0,    2.0, -2.0,  0.00,  0.00,  0.00,  0.0,  0.0,  0.0
1746540.88620570, 44855.270721, 10.000,    0.0,    2.0, -2.0,  0.00,  0.00,  0.00,  0.0,  0.0,  0.0
1746540.88870570, 44855.381930, 10.000,    0.0,    2.0, -2.0,  0.00,  0.00,  0.00,  0.0,  0.0,  0.0
1746540.89120570, 44855.493140, 10.000,    0.0,    2.0, -2.0,  0.00,  0.00,  0.00,  0.0,  0.0,  0.0
1746540.89370570, 44855.531023, 10.000,    0.0,    2.0, -2.0,  0.00,  0.00,  0.00,  0.0,  0.0,  0.0
1746540.89620570, 44855.662338, 10.000,    0.0,    2.0, -2.0,  0.00,  0.00,  0.00,  0.0,  0.0,  0.0
1746540.89870570, 44855.802790, 10.000,    0.0,    2.0, -2.0,  0.00,  0.00,  0.00,  0.0,  0.0,  0.0
1746540.90120570, 44855.532798, 10.000,    0.0,    2.0, -2.0,  0.00,  0.00,  0.00,  0.0,  0.0,  0.0
1746540.90370570, 44855.179955, 10.000,    0.0,    2.0, -2.0,  0.00,  0.00,  0.00,  0.0,  0.0,  0.0
1746540.90620570, 44855.273458, 10.000,    0.0,    2.0, -2.0,  0.00,  0.00,  0.00,  0.0,  0.0,  0.0
1746540.90870570, 44855.273458, 10.000,    0.0,    2.0, -2.0,  0.00,  0.00,  0.00,  0.0,  0.0,  0.0
1746540.91120570, 44855.252869, 10.000,    0.0,    2.0, -2.0,  0.00,  0.00,  0.00,  0.0,  0.0,  0.0
1746540.91370570, 44855.224519, 10.000,    0.0,    2.0, -2.0,  0.00,  0.00,  0.00,  0.0,  0.0,  0.0
1746540.91620570, 44855.196168, 10.000,    0.0,    2.0, -2.0,  0.00,  0.00,  0.00,  0.0,  0.0,  0.0
1746540.91870570, 44855.224696, 10.000,    0.0,    2.0, -2.0,  0.00,  0.00,  0.00,  0.0,  0.0,  0.0
1746540.92120570, 44855.367460, 10.000,    0.0,    2.0, -2.0,  0.00,  0.00,  0.00,  0.0,  0.0,  0.0
1746540.92370570, 44855.311291, 10.000,    0.0,    2.0, -2.0,  0.00,  0.00,  0.00,  0.0,  0.0,  0.0
1746540.92620570, 44854.970128, 10.000,    0.0,    2.0, -2.0,  0.00,  0.00,  0.00,  0.0,  0.0,  0.0
1746540.92870570, 44855.071473, 10.000,    0.0,    2.0, -2.0,  0.00,  0.00,  0.00,  0.0,  0.0,  0.0
1746540.93120570, 44855.132447, 10.000,    0.0,    2.0, -2.0,  0.00,  0.00,  0.00,  0.0,  0.0,  0.0
1746540.93370570, 44855.193420, 10.000,    0.0,    2.0, -2.0,  0.00,  0.00,  0.00,  0.0,  0.0,  0.0
1746540.93620570, 44855.254394, 10.000,    0.0,    2.0, -2.0,  0.00,  0.00,  0.00,  0.0,  0.0,  0.0
1746540.93870570, 44855.209775, 10.000,    0.0,    2.0, -2.0,  0.00,  0.00,  0.00,  0.0,  0.0,  0.0
1746540.94120570, 44855.166550, 10.000,    0.0,    2.0, -2.0,  0.00,  0.00,  0.00,  0.0,  0.0,  0.0
1746540.94370570, 44855.166550, 10.000,    0.0,    2.0, -2.0,  0.00,  0.00,  0.00,  0.0,  0.0,  0.0
1746540.94620570, 44855.119017, 10.000,    0.0,    2.0, -2.0,  0.00,  0.00,  0.00,  0.0,  0.0,  0.0
1746540.94870570, 44855.248760, 10.000,    0.0,    2.0, -2.0,  0.00,  0.00,  0.00,  0.0,  0.0,  0.0
1746540.95120570, 44855.337711, 10.000,    0.0,    2.0, -2.0,  0.00,  0.00,  0.00,  0.0,  0.0,  0.0
1746540.95370570, 44855.302523, 10.000,    0.0,    2.0, -2.0,  0.00,  0.00,  0.00,  0.0,  0.0,  0.0
1746540.95620570, 44855.267336, 10.000,    0.0,    2.0, -2.0,  0.00,  0.00,  0.00,  0.0,  0.0,  0.0
1746540.95870570, 44855.232148, 10.000,    0.0,    2.0, -2.0,  0.00,  0.00,  0.00,  0.0,  0.0,  0.0
1746540.96120570, 44855.340522, 10.000,    0.0,    2.0, -2.0,  0.00,  0.00,  0.00,  0.0,  0.0,  0.0
1746540.96370570, 44855.259218, 10.000,    0.0,    2.0, -2.0,  0.00,  0.00,  0.00,  0.0,  0.0,  0.0
1746540.96620570, 44855.077471, 10.000,    0.0,    2.0, -2.0,  0.00,  0.00,  0.00,  0.0,  0.0,  0.0
1746540.96870570, 44854.895724, 10.000,    0.0,    2.0, -2.0,  0.00,  0.00,  0.00,  0.0,  0.0,  0.0
1746540.97120570, 44855.102405, 10.000,    0.0,    2.0, -2.0,  0.00,  0.00,  0.00,  0.0,  0.0,  0.0
1746540.97370570, 44855.144685, 10.000,    0.0,    2.0, -2.0,  0.00,  0.00,  0.00,  0.0,  0.0,  0.0
1746540.97620570, 44855.320864, 10.000,    0.0,    2.0, -2.0,  0.00,  0.00,  0.00,  0.0,  0.0,  0.0
1746540.97870570, 44855.495817, 10.000,    0.0,    2.0, -2.0,  0.00,  0.00,  0.00,  0.0,  0.0,  0.0
1746540.98120570, 44855.670770, 10.000,    0.0,    2.0, -2.0,  0.00,  0.00,  0.00,  0.0,  0.0,  0.0
1746540.98370570, 44855.557643, 10.000,    0.0,    2.0, -2.0,  0.00,  0.00,  0.00,  0.0,  0.0,  0.0
1746540.98620570, 44855.206862, 10.000,    0.0,    2.0, -2.0,  0.00,  0.00,  0.00,  0.0,  0.0,  0.0
1746540.98870570, 44855.105753, 10.000,    0.0,    2.0, -2.0,  0.00,  0.00,  0.00,  0.0,  0.0,  0.0
1746540.99120570, 44855.068389, 10.000,    0.0,    2.0, -2.0,  0.00,  0.00,  0.00,  0.0,  0.0,  0.0
1746540.99370570, 44855.031026, 10.000,    0.0,    2.0, -2.0,  0.00,  0.00,  0.00,  0.0,  0.0,  0.0
1746540.99620570, 44855.040805, 10.000,    0.0,    2.0, -2.0,  0.00,  0.00,  0.00,  0.0,  0.0,  0.0
1746540.99870570, 44855.144066, 10.000,    0.0,    2.0, -2.0,  0.00,  0.00,  0.00,  0.0,  0.0,  0.0
1746541.00120570, 44855.247327, 10.000,    0.0,    2.0, -2.0,  0.00,  0.00,  0.00,  0.0,  0.0,  0.0
1746541.00370570, 44855.350588, 10.000,    0.0,    2.0, -2.0,  0.00,  0.00,  0.00,  0.0,  0.0,  0.0
1746541.00620570, 44855.453849, 10.000,    0.0,    2.0, -2.0,  0.00,  0.00,  0.00,  0.0,  0.0,  0.0
1746541.00870570, 44855.271569, 10.000,    0.0,    2.0, -2.0,  0.00,  0.00,  0.00,  0.0,  0.0,  0.0
1746541.01120570, 44855.109345, 10.000,    0.0,    2.0, -2.0,  0.00,  0.00,  0.00,  0.0,  0.0,  0.0
1746541.01370570, 44855.194957, 10.000,    0.0,    2.0, -2.0,  0.00,  0.00,  0.00,  0.0,  0.0,  0.0
1746541.01620570, 44855.280569, 10.000,    0.0,    2.0, -2.0,  0.00,  0.00,  0.00,  0.0,  0.0,  0.0
1746541.01870570, 44855.366180, 10.000,    0.0,    2.0, -2.0,  0.00,  0.00,  0.00,  0.0,  0.0,  0.0
1746541.02120570, 44855.372107, 10.000,    0.0,    2.0, -2.0,  0.00,  0.00,  0.00,  0.0,  0.0,  0.0
1746541.02370570, 44855.178375, 10.000,    0.0,    2.0, -2.0,  0.00,  0.00,  0.00,  0.0,  0.0,  0.0
1746541.02620570, 44855.091225, 10.000,    0.0,    2.0, -2.0,  0.00,  0.00,  0.00,  0.0,  0.0,  0.0
1746541.02870570, 44854.922381, 10.000,    0.0,    2.0, -2.0,  0.00,  0.00,  0.00,  0.0,  0.0,  0.0
1746541.03120570, 44854.831795, 10.000,    0.0,    2.0, -2.0,  0.00,  0.00,  0.00,  0.0,  0.0,  0.0
1746541.03370570, 44854.915847, 10.000,    0.0,    2.0, -2.0,  0.00,  0.00,  0.00,  0.0,  0.0,  0.0
1746541.03620570, 44855.048426, 10.000,    0.0,    2.0, -2.0,  0.00,  0.00,  0.00,  0.0,  0.0,  0.0
1746541.03870570, 44855.290668, 10.000,    0.0,    2.0, -2.0,  0.00,  0.00,  0.00,  0.0,  0.0,  0.0
1746541.04120570, 44855.447876, 10.000,    0.0,    2.0, -2.0,  0.00,  0.00,  0.00,  0.0,  0.0,  0.0
1746541.04370570, 44855.160293, 10.000,    0.0,    2.0, -2.0,  0.00,  0.00,  0.00,  0.0,  0.0,  0.0
1746541.04620570, 44854.956615, 10.000,    0.0,    2.0, -2.0,  0.00,  0.00,  0.00,  0.0,  0.0,  0.0
1746541.04870570, 44855.164710, 10.000,    0.0,    2.0, -2.0,  0.00,  0.00,  0.00,  0.0,  0.0,  0.0
1746541.05120570, 44855.320768, 10.000,    0.0,    2.0, -2.0,  0.00,  0.00,  0.00,  0.0,  0.0,  0.0
1746541.05370570, 44854.925116, 10.000,    0.0,    2.0, -2.0,  0.00,  0.00,  0.00,  0.0,  0.0,  0.0
1746541.05620570, 44855.027570, 10.000,    0.0,    2.0, -2.0,  0.00,  0.00,  0.00,  0.0,  0.0,  0.0
1746541.05870570, 44855.027570, 10.000,    0.0,    2.0, -2.0,  0.00,  0.00,  0.00,  0.0,  0.0,  0.0
1746541.06120570, 44854.994129, 10.000,    0.0,    2.0, -2.0,  0.00,  0.00,  0.00,  0.0,  0.0,  0.0
1746541.06370570, 44854.914069, 10.000,    0.0,    2.0, -2.0,  0.00,  0.00,  0.00,  0.0,  0.0,  0.0
1746541.06620570, 44855.086332, 10.000,    0.0,    2.0, -2.0,  0.00,  0.00,  0.00,  0.0,  0.0,  0.0
1746541.06870570, 44855.258594, 10.000,    0.0,    2.0, -2.0,  0.00,  0.00,  0.00,  0.0,  0.0,  0.0
1746541.07120570, 44855.293360, 10.000,    0.0,    2.0, -2.0,  0.00,  0.00,  0.00,  0.0,  0.0,  0.0
1746541.07370570, 44855.002856, 10.000,    0.0,    2.0, -2.0,  0.00,  0.00,  0.00,  0.0,  0.0,  0.0
1746541.07620570, 44855.120145, 10.000,    0.0,    2.0, -2.0,  0.00,  0.00,  0.00,  0.0,  0.0,  0.0
1746541.07870570, 44855.237434, 10.000,    0.0,    2.0, -2.0,  0.00,  0.00,  0.00,  0.0,  0.0,  0.0
1746541.08120570, 44855.302164, 10.000,    0.0,    2.0, -2.0,  0.00,  0.00,  0.00,  0.0,  0.0,  0.0
1746541.08370570, 44855.059362, 10.000,    0.0,    2.0, -2.0,  0.00,  0.00,  0.00,  0.0,  0.0,  0.0
1746541.08620570, 44855.041843, 10.000,    0.0,    2.0, -2.0,  0.00,  0.00,  0.00,  0.0,  0.0,  0.0
1746541.08870570, 44855.087496, 10.000,    0.0,    2.0, -2.0,  0.00,  0.00,  0.00,  0.0,  0.0,  0.0
1746541.09120570, 44855.127953, 10.000,    0.0,    2.0, -2.0,  0.00,  0.00,  0.00,  0.0,  0.0,  0.0
1746541.09370570, 44855.148268, 10.000,    0.0,    2.0, -2.0,  0.00,  0.00,  0.00,  0.0,  0.0,  0.0
1746541.09620570, 44855.144194, 10.000,    0.0,    2.0, -2.0,  0.00,  0.00,  0.00,  0.0,  0.0,  0.0
1746541.09870570, 44854.935859, 10.000,    0.0,    2.0, -2.0,  0.00,  0.00,  0.00,  0.0,  0.0,  0.0
1746541.10120570, 44855.030611, 10.000,    0.0,    2.0, -2.0,  0.00,  0.00,  0.00,  0.0,  0.0,  0.0
1746541.10370570, 44855.125363, 10.000,    0.0,    2.0, -2.0,  0.00,  0.00,  0.00,  0.0,  0.0,  0.0
1746541.10620570, 44855.338675, 10.000,    0.0,    2.0, -2.0,  0.00,  0.00,  0.00,  0.0,  0.0,  0.0
1746541.10870570, 44855.643148, 10.000,    0.0,    2.0, -2.0,  0.00,  0.00,  0.00,  0.0,  0.0,  0.0
1746541.11120570, 44855.320720, 10.000,    0.0,    2.0, -2.0,  0.00,  0.00,  0.00,  0.0,  0.0,  0.0
1746541.11370570, 44855.302353, 10.000,    0.0,    2.0, -2.0,  0.00,  0.00,  0.00,  0.0,  0.0,  0.0
1746541.11620570, 44855.236711, 10.000,    0.0,    2.0, -2.0,  0.00,  0.00,  0.00,  0.0,  0.0,  0.0
1746541.11870570, 44855.057788, 10.000,    0.0,    2.0, -2.0,  0.00,  0.00,  0.00,  0.0,  0.0,  0.0
1746541.12120570, 44855.023208, 10.000,    0.0,    2.0, -2.0,  0.00,  0.00,  0.00,  0.0,  0.0,  0.0
1746541.12370570, 44854.988627, 10.000,    0.0,    2.0, -2.0,  0.00,  0.00,  0.00,  0.0,  0.0,  0.0
1746541.12620570, 44855.039286, 10.000,    0.0,    2.0, -2.0,  0.00,  0.00,  0.00,  0.0,  0.0,  0.0
1746541.12870570, 44855.193478, 10.000,    0.0,    2.0, -2.0,  0.00,  0.00,  0.00,  0.0,  0.0,  0.0
1746541.13120570, 44855.153099, 10.000,    0.0,    2.0, -2.0,  0.00,  0.00,  0.00,  0.0,  0.0,  0.0
1746541.13370570, 44855.112719, 10.000,    0.0,    2.0, -2.0,  0.00,  0.00,  0.00,  0.0,  0.0,  0.0
1746541.13620570, 44855.072339, 10.000,    0.0,    2.0, -2.0,  0.00,  0.00,  0.00,  0.0,  0.0,  0.0
1746541.13870570, 44855.186512, 10.000,    0.0,    2.0, -2.0,  0.00,  0.00,  0.00,  0.0,  0.0,  0.0
1746541.14120570, 44855.388486, 10.000,    0.0,    2.0, -2.0,  0.00,  0.00,  0.00,  0.0,  0.0,  0.0
1746541.14370570, 44855.408435, 10.000,    0.0,    2.0, -2.0,  0.00,  0.00,  0.00,  0.0,  0.0,  0.0
1746541.14620570, 44855.237435, 10.000,    0.0,    2.0, -2.0,  0.00,  0.00,  0.00,  0.0,  0.0,  0.0
1746541.14870570, 44855.018495, 10.000,    0.0,    2.0, -2.0,  0.00,  0.00,  0.00,  0.0,  0.0,  0.0
1746541.15120570, 44855.294758, 10.000,    0.0,    2.0, -2.0,  0.00,  0.00,  0.00,  0.0,  0.0,  0.0
1746541.15370570, 44855.353081, 10.000,    0.0,    2.0, -2.0,  0.00,  0.00,  0.00,  0.0,  0.0,  0.0
1746541.15620570, 44855.281516, 10.000,    0.0,    2.0, -2.0,  0.00,  0.00,  0.00,  0.0,  0.0,  0.0
1746541.15870570, 44855.240007, 10.000,    0.0,    2.0, -2.0,  0.00,  0.00,  0.00,  0.0,  0.0,  0.0
1746541.16120570, 44855.382395, 10.000,    0.0,    2.0, -2.0,  0.00,  0.00,  0.00,  0.0,  0.0,  0.0
1746541.16370570, 44855.830093, 10.000,    0.0,    2.0, -2.0,  0.00,  0.00,  0.00,  0.0,  0.0,  0.0
1746541.16620570, 44855.560508, 10.000,    0.0,    2.0, -2.0,  0.00,  0.00,  0.00,  0.0,  0.0,  0.0
1746541.16870570, 44855.372289, 10.000,    0.0,    2.0, -2.0,  0.00,  0.00,  0.00,  0.0,  0.0,  0.0
1746541.17120570, 44855.336733, 10.000,    0.0,    2.0, -2.0,  0.00,  0.00,  0.00,  0.0,  0.0,  0.0
1746541.17370570, 44855.303084, 10.000,    0.0,    2.0, -2.0,  0.00,  0.00,  0.00,  0.0,  0.0,  0.0
1746541.17620570, 44855.203271, 10.000,    0.0,    2.0, -2.0,  0.00,  0.00,  0.00,  0.0,  0.0,  0.0
1746541.17870570, 44854.846869, 10.000,    0.0,    2.0, -2.0,  0.00,  0.00,  0.00,  0.0,  0.0,  0.0
1746541.18120570, 44855.066382, 10.000,    0.0,    2.0, -2.0,  0.00,  0.00,  0.00,  0.0,  0.0,  0.0
1746541.18370570, 44855.170670, 10.000,    0.0,    2.0, -2.0,  0.00,  0.00,  0.00,  0.0,  0.0,  0.0
1746541.18620570, 44855.338203, 10.000,    0.0,    2.0, -2.0,  0.00,  0.00,  0.00,  0.0,  0.0,  0.0
1746541.18870570, 44855.610591, 10.000,    0.0,    2.0, -2.0,  0.00,  0.00,  0.00,  0.0,  0.0,  0.0
1746541.19120570, 44855.546634, 10.000,    0.0,    2.0, -2.0,  0.00,  0.00,  0.00,  0.0,  0.0,  0.0
1746541.19370570, 44855.482677, 10.000,    0.0,    2.0, -2.0,  0.00,  0.00,  0.00,  0.0,  0.0,  0.0
1746541.19620570, 44855.418720, 10.000,    0.0,    2.0, -2.0,  0.00,  0.00,  0.00,  0.0,  0.0,  0.0
1746541.19870570, 44855.313041, 10.000,    0.0,    2.0, -2.0,  0.00,  0.00,  0.00,  0.0,  0.0,  0.0
1746541.20120570, 44855.091369, 10.000,    0.0,    2.0, -2.0,  0.00,  0.00,  0.00,  0.0,  0.0,  0.0
1746541.20370570, 44854.766785, 10.000,    0.0,    2.0, -2.0,  0.00,  0.00,  0.00,  0.0,  0.0,  0.0
1746541.20620570, 44854.675431, 10.000,    0.0,    2.0, -2.0,  0.00,  0.00,  0.00,  0.0,  0.0,  0.0
1746541.20870570, 44855.077956, 10.000,    0.0,    2.0, -2.0,  0.00,  0.00,  0.00,  0.0,  0.0,  0.0
1746541.21120570, 44855.482535, 10.000,    0.0,    2.0, -2.0,  0.00,  0.00,  0.00,  0.0,  0.0,  0.0
1746541.21370570, 44855.513495, 10.000,    0.0,    2.0, -2.0,  0.00,  0.00,  0.00,  0.0,  0.0,  0.0
1746541.21620570, 44855.283175, 10.000,    0.0,    2.0, -2.0,  0.00,  0.00,  0.00,  0.0,  0.0,  0.0
1746541.21870570, 44855.307362, 10.000,    0.0,    2.0, -2.0,  0.00,  0.00,  0.00,  0.0,  0.0,  0.0
1746541.22120570, 44855.463718, 10.000,    0.0,    2.0, -2.0,  0.00,  0.00,  0.00,  0.0,  0.0,  0.0
1746541.22370570, 44854.996497, 10.000,    0.0,    2.0, -2.0,  0.00,  0.00,  0.00,  0.0,  0.0,  0.0
1746541.22620570, 44855.202736, 10.000,    0.0,    2.0, -2.0,  0.00,  0.00,  0.00,  0.0,  0.0,  0.0
1746541.22870570, 44855.320648, 10.000,    0.0,    2.0, -2.0,  0.00,  0.00,  0.00,  0.0,  0.0,  0.0
1746541.23370570, 44855.259853, 10.000,    0.0,    2.0, -2.0,  0.00,  0.00,  0.00,  0.0,  0.0,  0.0
1746541.23620570, 44855.297165, 10.000,    0.0,    2.0, -2.0,  0.00,  0.00,  0.00,  0.0,  0.0,  0.0
1746541.23870570, 44855.345765, 10.000,    0.0,    2.0, -2.0,  0.00,  0.00,  0.00,  0.0,  0.0,  0.0
1746541.24120570, 44855.134478, 10.000,    0.0,    2.0, -2.0,  0.00,  0.00,  0.00,  0.0,  0.0,  0.0
1746541.24370570, 44855.134478, 10.000,    0.0,    2.0, -2.0,  0.00,  0.00,  0.00,  0.0,  0.0,  0.0
1746541.24620570, 44855.134478, 10.000,    0.0,    2.0, -2.0,  0.00,  0.00,  0.00,  0.0,  0.0,  0.0
1746541.24870570, 44855.173274, 10.000,    0.0,    2.0, -2.0,  0.00,  0.00,  0.00,  0.0,  0.0,  0.0
1746541.25120570, 44855.215310, 10.000,    0.0,    2.0, -2.0,  0.00,  0.00,  0.00,  0.0,  0.0,  0.0
1746541.25370570, 44855.257346, 10.000,    0.0,    2.0, -2.0,  0.00,  0.00,  0.00,  0.0,  0.0,  0.0
1746541.25620570, 44855.299382, 10.000,    0.0,    2.0, -2.0,  0.00,  0.00,  0.00,  0.0,  0.0,  0.0
1746541.25870570, 44855.295849, 10.000,    0.0,    2.0, -2.0,  0.00,  0.00,  0.00,  0.0,  0.0,  0.0
1746541.26120570, 44855.284509, 10.000,    0.0,    2.0, -2.0,  0.00,  0.00,  0.00,  0.0,  0.0,  0.0
1746541.26370570, 44855.273168, 10.000,    0.0,    2.0, -2.0,  0.00,  0.00,  0.00,  0.0,  0.0,  0.0
1746541.26620570, 44855.261827, 10.000,    0.0,    2.0, -2.0,  0.00,  0.00,  0.00,  0.0,  0.0,  0.0
1746541.26870570, 44855.204560, 10.000,    0.0,    2.0, -2.0,  0.00,  0.00,  0.00,  0.0,  0.0,  0.0
1746541.27120570, 44854.865634, 10.000,    0.0,    2.0, -2.0,  0.00,  0.00,  0.00,  0.0,  0.0,  0.0
1746541.27370570, 44854.615788, 10.000,    0.0,    2.0, -2.0,  0.00,  0.00,  0.00,  0.0,  0.0,  0.0
1746541.27620570, 44854.759632, 10.000,    0.0,    2.0, -2.0,  0.00,  0.00,  0.00,  0.0,  0.0,  0.0
1746541.27870570, 44854.903475, 10.000,    0.0,    2.0, -2.0,  0.00,  0.00,  0.00,  0.0,  0.0,  0.0
1746541.28120570, 44855.047318, 10.000,    0.0,    2.0, -2.0,  0.00,  0.00,  0.00,  0.0,  0.0,  0.0
1746541.28370570, 44855.191161, 10.000,    0.0,    2.0, -2.0,  0.00,  0.00,  0.00,  0.0,  0.0,  0.0
1746541.28620570, 44855.335004, 10.000,    0.0,    2.0, -2.0,  0.00,  0.00,  0.00,  0.0,  0.0,  0.0
1746541.28870570, 44855.367480, 10.000,    0.0,    2.0, -2.0,  0.00,  0.00,  0.00,  0.0,  0.0,  0.0
1746541.29120570, 44855.378775, 10.000,    0.0,    2.0, -2.0,  0.00,  0.00,  0.00,  0.0,  0.0,  0.0
1746541.29370570, 44855.560437, 10.000,    0.0,    2.0, -2.0,  0.00,  0.00,  0.00,  0.0,  0.0,  0.0
1746541.29620570, 44855.475675, 10.000,    0.0,    2.0, -2.0,  0.00,  0.00,  0.00,  0.0,  0.0,  0.0
1746541.29870570, 44854.975594, 10.000,    0.0,    2.0, -2.0,  0.00,  0.00,  0.00,  0.0,  0.0,  0.0
1746541.30120570, 44855.063927, 10.000,    0.0,    2.0, -2.0,  0.00,  0.00,  0.00,  0.0,  0.0,  0.0
1746541.30370570, 44855.123814, 10.000,    0.0,    2.0, -2.0,  0.00,  0.00,  0.00,  0.0,  0.0,  0.0
1746541.30620570, 44855.161745, 10.000,    0.0,    2.0, -2.0,  0.00,  0.00,  0.00,  0.0,  0.0,  0.0
1746541.30870570, 44855.199676, 10.000,    0.0,    2.0, -2.0,  0.00,  0.00,  0.00,  0.0,  0.0,  0.0
1746541.31120570, 44855.237607, 10.000,    0.0,    2.0, -2.0,  0.00,  0.00,  0.00,  0.0,  0.0,  0.0
1746541.31370570, 44855.340554, 10.000,    0.0,    2.0, -2.0,  0.00,  0.00,  0.00,  0.0,  0.0,  0.0
1746541.31620570, 44855.483599, 10.000,    0.0,    2.0, -2.0,  0.00,  0.00,  0.00,  0.0,  0.0,  0.0
1746541.31870570, 44855.626645, 10.000,    0.0,    2.0, -2.0,  0.00,  0.00,  0.00,  0.0,  0.0,  0.0
1746541.32120570, 44855.551270, 10.000,    0.0,    2.0, -2.0,  0.00,  0.00,  0.00,  0.0,  0.0,  0.0
1746541.32370570, 44855.183214, 10.000,    0.0,    2.0, -2.0,  0.00,  0.00,  0.00,  0.0,  0.0,  0.0
1746541.32620570, 44855.401709, 10.000,    0.0,    2.0, -2.0,  0.00,  0.00,  0.00,  0.0,  0.0,  0.0
1746541.32870570, 44855.620204, 10.000,    0.0,    2.0, -2.0,  0.00,  0.00,  0.00,  0.0,  0.0,  0.0
1746541.33120570, 44855.081851, 10.000,    0.0,    2.0, -2.0,  0.00,  0.00,  0.00,  0.0,  0.0,  0.0
1746541.33370570, 44854.383531, 10.000,    0.0,    2.0, -2.0,  0.00,  0.00,  0.00,  0.0,  0.0,  0.0
1746541.33620570, 44854.835135, 10.000,    0.0,    2.0, -2.0,  0.00,  0.00,  0.00,  0.0,  0.0,  0.0
1746541.33870570, 44854.835135, 10.000,    0.0,    2.0, -2.0,  0.00,  0.00,  0.00,  0.0,  0.0,  0.0
1746541.34120570, 44855.015266, 10.000,    0.0,    2.0, -2.0,  0.00,  0.00,  0.00,  0.0,  0.0,  0.0
1746541.34370570, 44855.379461, 10.000,    0.0,    2.0, -2.0,  0.00,  0.00,  0.00,  0.0,  0.0,  0.0
1746541.34620570, 44855.054405, 10.000,    0.0,    2.0, -2.0,  0.00,  0.00,  0.00,  0.0,  0.0,  0.0
1746541.34870570, 44855.110178, 10.000,    0.0,    2.0, -2.0,  0.00,  0.00,  0.00,  0.0,  0.0,  0.0
1746541.35120570, 44855.610772, 10.000,    0.0,    2.0, -2.0,  0.00,  0.00,  0.00,  0.0,  0.0,  0.0
1746541.35370570, 44855.445095, 10.000,    0.0,    2.0, -2.0,  0.00,  0.00,  0.00,  0.0,  0.0,  0.0
1746541.35870570, 44854.997423, 10.000,    0.0,    2.0, -2.0,  0.00,  0.00,  0.00,  0.0,  0.0,  0.0
1746541.36120570, 44855.090612, 10.000,    0.0,    2.0, -2.0,  0.00,  0.00,  0.00,  0.0,  0.0,  0.0
1746541.36370570, 44855.183801, 10.000,    0.0,    2.0, -2.0,  0.00,  0.00,  0.00,  0.0,  0.0,  0.0
1746541.36620570, 44855.276991, 10.000,    0.0,    2.0, -2.0,  0.00,  0.00,  0.00,  0.0,  0.0,  0.0
1746541.36870570, 44855.370180, 10.000,    0.0,    2.0, -2.0,  0.00,  0.00,  0.00,  0.0,  0.0,  0.0
1746541.37120570, 44855.463369, 10.000,    0.0,    2.0, -2.0,  0.00,  0.00,  0.00,  0.0,  0.0,  0.0
1746541.37370570, 44855.198623, 10.000,    0.0,    2.0, -2.0,  0.00,  0.00,  0.00,  0.0,  0.0,  0.0
1746541.37620570, 44855.198623, 10.000,    0.0,    2.0, -2.0,  0.00,  0.00,  0.00,  0.0,  0.0,  0.0
1746541.37870570, 44855.162250, 10.000,    0.0,    2.0, -2.0,  0.00,  0.00,  0.00,  0.0,  0.0,  0.0
1746541.38120570, 44855.155859, 10.000,    0.0,    2.0, -2.0,  0.00,  0.00,  0.00,  0.0,  0.0,  0.0
1746541.38370570, 44854.933024, 10.000,    0.0,    2.0, -2.0,  0.00,  0.00,  0.00,  0.0,  0.0,  0.0
1746541.38620570, 44854.686546, 10.000,    0.0,    2.0, -2.0,  0.00,  0.00,  0.00,  0.0,  0.0,  0.0
1746541.38870570, 44855.120124, 10.000,    0.0,    2.0, -2.0,  0.00,  0.00,  0.00,  0.0,  0.0,  0.0
1746541.39120570, 44855.217711, 10.000,    0.0,    2.0, -2.0,  0.00,  0.00,  0.00,  0.0,  0.0,  0.0
1746541.39370570, 44855.007378, 10.000,    0.0,    2.0, -2.0,  0.00,  0.00,  0.00,  0.0,  0.0,  0.0
1746541.39620570, 44854.976309, 10.000,    0.0,    2.0, -2.0,  0.00,  0.00,  0.00,  0.0,  0.0,  0.0
1746541.39870570, 44855.004081, 10.000,    0.0,    2.0, -2.0,  0.00,  0.00,  0.00,  0.0,  0.0,  0.0
1746541.40120570, 44855.046991, 10.000,    0.0,    2.0, -2.0,  0.00,  0.00,  0.00,  0.0,  0.0,  0.0
1746541.40370570, 44855.041085, 10.000,    0.0,    2.0, -2.0,  0.00,  0.00,  0.00,  0.0,  0.0,  0.0
1746541.40620570, 44855.035179, 10.000,    0.0,    2.0, -2.0,  0.00,  0.00,  0.00,  0.0,  0.0,  0.0
1746541.40870570, 44855.029273, 10.000,    0.0,    2.0, -2.0,  0.00,  0.00,  0.00,  0.0,  0.0,  0.0
1746541.41120570, 44855.008829, 10.000,    0.0,    2.0, -2.0,  0.00,  0.00,  0.00,  0.0,  0.0,  0.0
1746541.41370570, 44854.982492, 10.000,    0.0,    2.0, -2.0,  0.00,  0.00,  0.00,  0.0,  0.0,  0.0
1746541.41620570, 44854.957348, 10.000,    0.0,    2.0, -2.0,  0.00,  0.00,  0.00,  0.0,  0.0,  0.0
1746541.41870570, 44854.935334, 10.000,    0.0,    2.0, -2.0,  0.00,  0.00,  0.00,  0.0,  0.0,  0.0
1746541.42120570, 44854.971593, 10.000,    0.0,    2.0, -2.0,  0.00,  0.00,  0.00,  0.0,  0.0,  0.0
1746541.42370570, 44855.020716, 10.000,    0.0,    2.0, -2.0,  0.00,  0.00,  0.00,  0.0,  0.0,  0.0
1746541.42620570, 44855.069840, 10.000,    0.0,    2.0, -2.0,  0.00,  0.00,  0.00,  0.0,  0.0,  0.0
1746541.42870570, 44855.118963, 10.000,    0.0,    2.0, -2.0,  0.00,  0.00,  0.00,  0.0,  0.0,  0.0
1746541.43120570, 44855.168087, 10.000,    0.0,    2.0, -2.0,  0.00,  0.00,  0.00,  0.0,  0.0,  0.0
1746541.43370570, 44855.217210, 10.000,    0.0,    2.0, -2.0,  0.00,  0.00,  0.00,  0.0,  0.0,  0.0
1746541.43620570, 44855.253053, 10.000,    0.0,    2.0, -2.0,  0.00,  0.00,  0.00,  0.0,  0.0,  0.0
1746541.43870570, 44855.123787, 10.000,    0.0,    2.0, -2.0,  0.00,  0.00,  0.00,  0.0,  0.0,  0.0
1746541.44120570, 44855.097224, 10.000,    0.0,    2.0, -2.0,  0.00,  0.00,  0.00,  0.0,  0.0,  0.0
1746541.44370570, 44854.963176, 10.000,    0.0,    2.0, -2.0,  0.00,  0.00,  0.00,  0.0,  0.0,  0.0
1746541.44620570, 44854.829128, 10.000,    0.0,    2.0, -2.0,  0.00,  0.00,  0.00,  0.0,  0.0,  0.0
1746541.44870570, 44854.979651, 10.000,    0.0,    2.0, -2.0,  0.00,  0.00,  0.00,  0.0,  0.0,  0.0
1746541.45120570, 44855.232431, 10.000,    0.0,    2.0, -2.0,  0.00,  0.00,  0.00,  0.0,  0.0,  0.0
1746541.45370570, 44855.296520, 10.000,    0.0,    2.0, -2.0,  0.00,  0.00,  0.00,  0.0,  0.0,  0.0
1746541.45620570, 44855.241391, 10.000,    0.0,    2.0, -2.0,  0.00,  0.00,  0.00,  0.0,  0.0,  0.0
1746541.45870570, 44855.045221, 10.000,    0.0,    2.0, -2.0,  0.00,  0.00,  0.00,  0.0,  0.0,  0.0
1746541.46120570, 44855.219782, 10.000,    0.0,    2.0, -2.0,  0.00,  0.00,  0.00,  0.0,  0.0,  0.0
1746541.46370570, 44855.173004, 10.000,    0.0,    2.0, -2.0,  0.00,  0.00,  0.00,  0.0,  0.0,  0.0
1746541.46620570, 44855.094963, 10.000,    0.0,    2.0, -2.0,  0.00,  0.00,  0.00,  0.0,  0.0,  0.0
1746541.46870570, 44855.016923, 10.000,    0.0,    2.0, -2.0,  0.00,  0.00,  0.00,  0.0,  0.0,  0.0
1746541.47120570, 44854.938883, 10.000,    0.0,    2.0, -2.0,  0.00,  0.00,  0.00,  0.0,  0.0,  0.0
1746541.47370570, 44855.061602, 10.000,    0.0,    2.0, -2.0,  0.00,  0.00,  0.00,  0.0,  0.0,  0.0
1746541.47620570, 44855.245472, 10.000,    0.0,    2.0, -2.0,  0.00,  0.00,  0.00,  0.0,  0.0,  0.0
1746541.47870570, 44855.252077, 10.000,    0.0,    2.0, -2.0,  0.00,  0.00,  0.00,  0.0,  0.0,  0.0
1746541.48120570, 44855.275557, 10.000,    0.0,    2.0, -2.0,  0.00,  0.00,  0.00,  0.0,  0.0,  0.0
1746541.48370570, 44855.313692, 10.000,    0.0,    2.0, -2.0,  0.00,  0.00,  0.00,  0.0,  0.0,  0.0
1746541.48620570, 44855.351828, 10.000,    0.0,    2.0, -2.0,  0.00,  0.00,  0.00,  0.0,  0.0,  0.0
1746541.48870570, 44855.375217, 10.000,    0.0,    2.0, -2.0,  0.00,  0.00,  0.00,  0.0,  0.0,  0.0
1746541.49120570, 44855.354752, 10.000,    0.0,    2.0, -2.0,  0.00,  0.00,  0.00,  0.0,  0.0,  0.0
1746541.49370570, 44855.334288, 10.000,    0.0,    2.0, -2.0,  0.00,  0.00,  0.00,  0.0,  0.0,  0.0
1746541.49620570, 44855.099508, 10.000,    0.0,    2.0, -2.0,  0.00,  0.00,  0.00,  0.0,  0.0,  0.0
1746541.49870570, 44854.789772, 10.000,    0.0,    2.0, -2.0,  0.00,  0.00,  0.00,  0.0,  0.0,  0.0
1746541.50120570, 44854.883974, 10.000,    0.0,    2.0, -2.0,  0.00,  0.00,  0.00,  0.0,  0.0,  0.0
1746541.50370570, 44855.027884, 10.000,    0.0,    2.0, -2.0,  0.00,  0.00,  0.00,  0.0,  0.0,  0.0
1746541.50620570, 44855.171794, 10.000,    0.0,    2.0, -2.0,  0.00,  0.00,  0.00,  0.0,  0.0,  0.0
1746541.50870570, 44855.360059, 10.000,    0.0,    2.0, -2.0,  0.00,  0.00,  0.00,  0.0,  0.0,  0.0
1746541.51120570, 44855.486693, 10.000,    0.0,    2.0, -2.0,  0.00,  0.00,  0.00,  0.0,  0.0,  0.0
1746541.51370570, 44855.177886, 10.000,    0.0,    2.0, -2.0,  0.00,  0.00,  0.00,  0.0,  0.0,  0.0
1746541.51620570, 44854.963138, 10.000,    0.0,    2.0, -2.0,  0.00,  0.00,  0.00,  0.0,  0.0,  0.0
1746541.51870570, 44855.052415, 10.000,    0.0,    2.0, -2.0,  0.00,  0.00,  0.00,  0.0,  0.0,  0.0
1746541.52120570, 44855.132714, 10.000,    0.0,    2.0, -2.0,  0.00,  0.00,  0.00,  0.0,  0.0,  0.0
1746541.52370570, 44855.227917, 10.000,    0.0,    2.0, -2.0,  0.00,  0.00,  0.00,  0.0,  0.0,  0.0
1746541.52620570, 44855.378036, 10.000,    0.0,    2.0, -2.0,  0.00,  0.00,  0.00,  0.0,  0.0,  0.0
1746541.52870570, 44855.500384, 10.000,    0.0,    2.0, -2.0,  0.00,  0.00,  0.00,  0.0,  0.0,  0.0
1746541.53120570, 44855.177233, 10.000,    0.0,    2.0, -2.0,  0.00,  0.00,  0.00,  0.0,  0.0,  0.0
1746541.53370570, 44855.329050, 10.000,    0.0,    2.0, -2.0,  0.00,  0.00,  0.00,  0.0,  0.0,  0.0
1746541.53620570, 44855.402764, 10.000,    0.0,    2.0, -2.0,  0.00,  0.00,  0.00,  0.0,  0.0,  0.0
1746541.53870570, 44855.500541, 10.000,    0.0,    2.0, -2.0,  0.00,  0.00,  0.00,  0.0,  0.0,  0.0
1746541.54120570, 44855.472058, 10.000,    0.0,    2.0, -2.0,  0.00,  0.00,  0.00,  0.0,  0.0,  0.0
1746541.54370570, 44855.399993, 10.000,    0.0,    2.0, -2.0,  0.00,  0.00,  0.00,  0.0,  0.0,  0.0
1746541.54620570, 44855.315891, 10.000,    0.0,    2.0, -2.0,  0.00,  0.00,  0.00,  0.0,  0.0,  0.0
1746541.54870570, 44855.247248, 10.000,    0.0,    2.0, -2.0,  0.00,  0.00,  0.00,  0.0,  0.0,  0.0
1746541.55120570, 44855.298614, 10.000,    0.0,    2.0, -2.0,  0.00,  0.00,  0.00,  0.0,  0.0,  0.0
1746541.55370570, 44855.349980, 10.000,    0.0,    2.0, -2.0,  0.00,  0.00,  0.00,  0.0,  0.0,  0.0
1746541.55620570, 44855.401346, 10.000,    0.0,    2.0, -2.0,  0.00,  0.00,  0.00,  0.0,  0.0,  0.0
1746541.55870570, 44855.452712, 10.000,    0.0,    2.0, -2.0,  0.00,  0.00,  0.00,  0.0,  0.0,  0.0
1746541.56120570, 44855.504077, 10.000,    0.0,    2.0, -2.0,  0.00,  0.00,  0.00,  0.0,  0.0,  0.0
1746541.56370570, 44855.452239, 10.000,    0.0,    2.0, -2.0,  0.00,  0.00,  0.00,  0.0,  0.0,  0.0
1746541.56620570, 44855.294941, 10.000,    0.0,    2.0, -2.0,  0.00,  0.00,  0.00,  0.0,  0.0,  0.0
1746541.56870570, 44855.137644, 10.000,    0.0,    2.0, -2.0,  0.00,  0.00,  0.00,  0.0,  0.0,  0.0
1746541.57120570, 44855.025626, 10.000,    0.0,    2.0, -2.0,  0.00,  0.00,  0.00,  0.0,  0.0,  0.0
1746541.57370570, 44855.323719, 10.000,    0.0,    2.0, -2.0,  0.00,  0.00,  0.00,  0.0,  0.0,  0.0
1746541.57620570, 44855.429318, 10.000,    0.0,    2.0, -2.0,  0.00,  0.00,  0.00,  0.0,  0.0,  0.0
1746541.57870570, 44855.385728, 10.000,    0.0,    2.0, -2.0,  0.00,  0.00,  0.00,  0.0,  0.0,  0.0
1746541.58120570, 44855.161104, 10.000,    0.0,    2.0, -2.0,  0.00,  0.00,  0.00,  0.0,  0.0,  0.0
1746541.58370570, 44855.186674, 10.000,    0.0,    2.0, -2.0,  0.00,  0.00,  0.00,  0.0,  0.0,  0.0
1746541.58620570, 44855.308074, 10.000,    0.0,    2.0, -2.0,  0.00,  0.00,  0.00,  0.0,  0.0,  0.0
1746541.58870570, 44855.429474, 10.000,    0.0,    2.0, -2.0,  0.00,  0.00,  0.00,  0.0,  0.0,  0.0
1746541.59120570, 44855.550874, 10.000,    0.0,    2.0, -2.0,  0.00,  0.00,  0.00,  0.0,  0.0,  0.0
1746541.59370570, 44854.803063, 10.000,    0.0,    2.0, -2.0,  0.00,  0.00,  0.00,  0.0,  0.0,  0.0
1746541.59620570, 44854.819731, 10.000,    0.0,    2.0, -2.0,  0.00,  0.00,  0.00,  0.0,  0.0,  0.0
1746541.59870570, 44854.899280, 10.000,    0.0,    2.0, -2.0,  0.00,  0.00,  0.00,  0.0,  0.0,  0.0
1746541.60120570, 44855.090552, 10.000,    0.0,    2.0, -2.0,  0.00,  0.00,  0.00,  0.0,  0.0,  0.0
1746541.60370570, 44855.472311, 10.000,    0.0,    2.0, -2.0,  0.00,  0.00,  0.00,  0.0,  0.0,  0.0
1746541.60620570, 44855.440283, 10.000,    0.0,    2.0, -2.0,  0.00,  0.00,  0.00,  0.0,  0.0,  0.0
1746541.60870570, 44855.408255, 10.000,    0.0,    2.0, -2.0,  0.00,  0.00,  0.00,  0.0,  0.0,  0.0
1746541.61120570, 44855.363845, 10.000,    0.0,    2.0, -2.0,  0.00,  0.00,  0.00,  0.0,  0.0,  0.0
1746541.61370570, 44855.305077, 10.000,    0.0,    2.0, -2.0,  0.00,  0.00,  0.00,  0.0,  0.0,  0.0
1746541.61620570, 44855.246308, 10.000,    0.0,    2.0, -2.0,  0.00,  0.00,  0.00,  0.0,  0.0,  0.0
1746541.61870570, 44855.187540, 10.000,    0.0,    2.0, -2.0,  0.00,  0.00,  0.00,  0.0,  0.0,  0.0
1746541.62120570, 44855.106605, 10.000,    0.0,    2.0, -2.0,  0.00,  0.00,  0.00,  0.0,  0.0,  0.0
1746541.62370570, 44855.040816, 10.000,    0.0,    2.0, -2.0,  0.00,  0.00,  0.00,  0.0,  0.0,  0.0
1746541.62620570, 44855.212495, 10.000,    0.0,    2.0, -2.0,  0.00,  0.00,  0.00,  0.0,  0.0,  0.0
1746541.62870570, 44855.338359, 10.000,    0.0,    2.0, -2.0,  0.00,  0.00,  0.00,  0.0,  0.0,  0.0
1746541.63120570, 44855.348294, 10.000,    0.0,    2.0, -2.0,  0.00,  0.00,  0.00,  0.0,  0.0,  0.0
1746541.63620570, 44854.735171, 10.000,    0.0,    2.0, -2.0,  0.00,  0.00,  0.00,  0.0,  0.0,  0.0
1746541.63870570, 44855.246164, 10.000,    0.0,    2.0, -2.0,  0.00,  0.00,  0.00,  0.0,  0.0,  0.0
1746541.64120570, 44855.056736, 10.000,    0.0,    2.0, -2.0,  0.00,  0.00,  0.00,  0.0,  0.0,  0.0
1746541.64370570, 44854.620291, 10.000,    0.0,    2.0, -2.0,  0.00,  0.00,  0.00,  0.0,  0.0,  0.0
1746541.64620570, 44855.029927, 10.000,    0.0,    2.0, -2.0,  0.00,  0.00,  0.00,  0.0,  0.0,  0.0
1746541.64870570, 44855.237413, 10.000,    0.0,    2.0, -2.0,  0.00,  0.00,  0.00,  0.0,  0.0,  0.0
1746541.65120570, 44855.704825, 10.000,    0.0,    2.0, -2.0,  0.00,  0.00,  0.00,  0.0,  0.0,  0.0
1746541.65370570, 44855.506342, 10.000,    0.0,    2.0, -2.0,  0.00,  0.00,  0.00,  0.0,  0.0,  0.0
1746541.65620570, 44855.307859, 10.000,    0.0,    2.0, -2.0,  0.00,  0.00,  0.00,  0.0,  0.0,  0.0
1746541.65870570, 44855.109376, 10.000,    0.0,    2.0, -2.0,  0.00,  0.00,  0.00,  0.0,  0.0,  0.0
1746541.66120570, 44855.225924, 10.000,    0.0,    2.0, -2.0,  0.00,  0.00,  0.00,  0.0,  0.0,  0.0
1746541.66370570, 44855.179291, 10.000,    0.0,    2.0, -2.0,  0.00,  0.00,  0.00,  0.0,  0.0,  0.0
1746541.66620570, 44855.132657, 10.000,    0.0,    2.0, -2.0,  0.00,  0.00,  0.00,  0.0,  0.0,  0.0
1746541.66870570, 44855.095945, 10.000,    0.0,    2.0, -2.0,  0.00,  0.00,  0.00,  0.0,  0.0,  0.0
1746541.67120570, 44855.104853, 10.000,    0.0,    2.0, -2.0,  0.00,  0.00,  0.00,  0.0,  0.0,  0.0
1746541.67370570, 44855.008603, 10.000,    0.0,    2.0, -2.0,  0.00,  0.00,  0.00,  0.0,  0.0,  0.0
1746541.67620570, 44854.955630, 10.000,    0.0,    2.0, -2.0,  0.00,  0.00,  0.00,  0.0,  0.0,  0.0
1746541.67870570, 44855.233431, 10.000,    0.0,    2.0, -2.0,  0.00,  0.00,  0.00,  0.0,  0.0,  0.0
1746541.68120570, 44855.206429, 10.000,    0.0,    2.0, -2.0,  0.00,  0.00,  0.00,  0.0,  0.0,  0.0
1746541.68370570, 44855.175818, 10.000,    0.0,    2.0, -2.0,  0.00,  0.00,  0.00,  0.0,  0.0,  0.0
1746541.68620570, 44855.143425, 10.000,    0.0,    2.0, -2.0,  0.00,  0.00,  0.00,  0.0,  0.0,  0.0
1746541.68870570, 44855.104265, 10.000,    0.0,    2.0, -2.0,  0.00,  0.00,  0.00,  0.0,  0.0,  0.0
1746541.69120570, 44855.102405, 10.000,    0.0,    2.0, -2.0,  0.00,  0.00,  0.00,  0.0,  0.0,  0.0
1746541.69370570, 44855.102405, 10.000,    0.0,    2.0, -2.0,  0.00,  0.00,  0.00,  0.0,  0.0,  0.0
1746541.69620570, 44855.245743, 10.000,    0.0,    2.0, -2.0,  0.00,  0.00,  0.00,  0.0,  0.0,  0.0
1746541.69870570, 44855.439709, 10.000,    0.0,    2.0, -2.0,  0.00,  0.00,  0.00,  0.0,  0.0,  0.0
1746541.70120570, 44855.366241, 10.000,    0.0,    2.0, -2.0,  0.00,  0.00,  0.00,  0.0,  0.0,  0.0
1746541.70370570, 44855.321015, 10.000,    0.0,    2.0, -2.0,  0.00,  0.00,  0.00,  0.0,  0.0,  0.0
1746541.70620570, 44855.302308, 10.000,    0.0,    2.0, -2.0,  0.00,  0.00,  0.00,  0.0,  0.0,  0.0
1746541.70870570, 44855.503270, 10.000,    0.0,    2.0, -2.0,  0.00,  0.00,  0.00,  0.0,  0.0,  0.0
1746541.71120570, 44855.454048, 10.000,    0.0,    2.0, -2.0,  0.00,  0.00,  0.00,  0.0,  0.0,  0.0
1746541.71370570, 44855.248396, 10.000,    0.0,    2.0, -2.0,  0.00,  0.00,  0.00,  0.0,  0.0,  0.0
1746541.71620570, 44855.042744, 10.000,    0.0,    2.0, -2.0,  0.00,  0.00,  0.00,  0.0,  0.0,  0.0
1746541.71870570, 44855.138956, 10.000,    0.0,    2.0, -2.0,  0.00,  0.00,  0.00,  0.0,  0.0,  0.0
1746541.72120570, 44855.047935, 10.000,    0.0,    2.0, -2.0,  0.00,  0.00,  0.00,  0.0,  0.0,  0.0
1746541.72370570, 44854.965287, 10.000,    0.0,    2.0, -2.0,  0.00,  0.00,  0.00,  0.0,  0.0,  0.0
1746541.72620570, 44855.257836, 10.000,    0.0,    2.0, -2.0,  0.00,  0.00,  0.00,  0.0,  0.0,  0.0
1746541.72870570, 44855.371009, 10.000,    0.0,    2.0, -2.0,  0.00,  0.00,  0.00,  0.0,  0.0,  0.0
1746541.73120570, 44855.379677, 10.000,    0.0,    2.0, -2.0,  0.00,  0.00,  0.00,  0.0,  0.0,  0.0
1746541.73370570, 44855.388344, 10.000,    0.0,    2.0, -2.0,  0.00,  0.00,  0.00,  0.0,  0.0,  0.0
1746541.73620570, 44855.397011, 10.000,    0.0,    2.0, -2.0,  0.00,  0.00,  0.00,  0.0,  0.0,  0.0
1746541.73870570, 44855.292493, 10.000,    0.0,    2.0, -2.0,  0.00,  0.00,  0.00,  0.0,  0.0,  0.0
1746541.74120570, 44855.132176, 10.000,    0.0,    2.0, -2.0,  0.00,  0.00,  0.00,  0.0,  0.0,  0.0
1746541.74370570, 44855.250447, 10.000,    0.0,    2.0, -2.0,  0.00,  0.00,  0.00,  0.0,  0.0,  0.0
1746541.74620570, 44855.441389, 10.000,    0.0,    2.0, -2.0,  0.00,  0.00,  0.00,  0.0,  0.0,  0.0
1746541.74870570, 44855.531219, 10.000,    0.0,    2.0, -2.0,  0.00,  0.00,  0.00,  0.0,  0.0,  0.0
1746541.75120570, 44855.354856, 10.000,    0.0,    2.0, -2.0,  0.00,  0.00,  0.00,  0.0,  0.0,  0.0
1746541.75370570, 44855.032177, 10.000,    0.0,    2.0, -2.0,  0.00,  0.00,  0.00,  0.0,  0.0,  0.0
1746541.75620570, 44855.158234, 10.000,    0.0,    2.0, -2.0,  0.00,  0.00,  0.00,  0.0,  0.0,  0.0
1746541.75870570, 44855.284345, 10.000,    0.0,    2.0, -2.0,  0.00,  0.00,  0.00,  0.0,  0.0,  0.0
1746541.76120570, 44855.459676, 10.000,    0.0,    2.0, -2.0,  0.00,  0.00,  0.00,  0.0,  0.0,  0.0
1746541.76370570, 44855.635008, 10.000,    0.0,    2.0, -2.0,  0.00,  0.00,  0.00,  0.0,  0.0,  0.0
1746541.76620570, 44855.753486, 10.000,    0.0,    2.0, -2.0,  0.00,  0.00,  0.00,  0.0,  0.0,  0.0
1746541.76870570, 44855.166550, 10.000,    0.0,    2.0, -2.0,  0.00,  0.00,  0.00,  0.0,  0.0,  0.0
1746541.77120570, 44855.166550, 10.000,    0.0,    2.0, -2.0,  0.00,  0.00,  0.00,  0.0,  0.0,  0.0
1746541.77370570, 44855.048056, 10.000,    0.0,    2.0, -2.0,  0.00,  0.00,  0.00,  0.0,  0.0,  0.0
1746541.77620570, 44854.845834, 10.000,    0.0,    2.0, -2.0,  0.00,  0.00,  0.00,  0.0,  0.0,  0.0
1746541.77870570, 44854.916277, 10.000,    0.0,    2.0, -2.0,  0.00,  0.00,  0.00,  0.0,  0.0,  0.0
1746541.78120570, 44854.986731, 10.000,    0.0,    2.0, -2.0,  0.00,  0.00,  0.00,  0.0,  0.0,  0.0
1746541.78370570, 44855.057185, 10.000,    0.0,    2.0, -2.0,  0.00,  0.00,  0.00,  0.0,  0.0,  0.0
1746541.78620570, 44854.829852, 10.000,    0.0,    2.0, -2.0,  0.00,  0.00,  0.00,  0.0,  0.0,  0.0
1746541.78870570, 44854.984807, 10.000,    0.0,    2.0, -2.0,  0.00,  0.00,  0.00,  0.0,  0.0,  0.0
1746541.79120570, 44854.984807, 10.000,    0.0,    2.0, -2.0,  0.00,  0.00,  0.00,  0.0,  0.0,  0.0
1746541.79370570, 44854.984807, 10.000,    0.0,    2.0, -2.0,  0.00,  0.00,  0.00,  0.0,  0.0,  0.0
1746541.79620570, 44854.947979, 10.000,    0.0,    2.0, -2.0,  0.00,  0.00,  0.00,  0.0,  0.0,  0.0
1746541.79870570, 44854.904052, 10.000,    0.0,    2.0, -2.0,  0.00,  0.00,  0.00,  0.0,  0.0,  0.0
1746541.80120570, 44854.860124, 10.000,    0.0,    2.0, -2.0,  0.00,  0.00,  0.00,  0.0,  0.0,  0.0
1746541.80370570, 44854.845835, 10.000,    0.0,    2.0, -2.0,  0.00,  0.00,  0.00,  0.0,  0.0,  0.0
1746541.80620570, 44854.834197, 10.000,    0.0,    2.0, -2.0,  0.00,  0.00,  0.00,  0.0,  0.0,  0.0
1746541.80870570, 44854.822559, 10.000,    0.0,    2.0, -2.0,  0.00,  0.00,  0.00,  0.0,  0.0,  0.0
1746541.81120570, 44854.964914, 10.000,    0.0,    2.0, -2.0,  0.00,  0.00,  0.00,  0.0,  0.0,  0.0
1746541.81370570, 44855.106334, 10.000,    0.0,    2.0, -2.0,  0.00,  0.00,  0.00,  0.0,  0.0,  0.0
1746541.81620570, 44854.822813, 10.000,    0.0,    2.0, -2.0,  0.00,  0.00,  0.00,  0.0,  0.0,  0.0
1746541.81870570, 44854.909710, 10.000,    0.0,    2.0, -2.0,  0.00,  0.00,  0.00,  0.0,  0.0,  0.0
1746541.82120570, 44855.036426, 10.000,    0.0,    2.0, -2.0,  0.00,  0.00,  0.00,  0.0,  0.0,  0.0
1746541.82370570, 44855.043169, 10.000,    0.0,    2.0, -2.0,  0.00,  0.00,  0.00,  0.0,  0.0,  0.0
1746541.82620570, 44855.094164, 10.000,    0.0,    2.0, -2.0,  0.00,  0.00,  0.00,  0.0,  0.0,  0.0
1746541.82870570, 44855.217077, 10.000,    0.0,    2.0, -2.0,  0.00,  0.00,  0.00,  0.0,  0.0,  0.0
1746541.83120570, 44855.339991, 10.000,    0.0,    2.0, -2.0,  0.00,  0.00,  0.00,  0.0,  0.0,  0.0
1746541.83370570, 44855.462904, 10.000,    0.0,    2.0, -2.0,  0.00,  0.00,  0.00,  0.0,  0.0,  0.0
1746541.83620570, 44855.455176, 10.000,    0.0,    2.0, -2.0,  0.00,  0.00,  0.00,  0.0,  0.0,  0.0
1746541.83870570, 44855.370399, 10.000,    0.0,    2.0, -2.0,  0.00,  0.00,  0.00,  0.0,  0.0,  0.0
1746541.84120570, 44855.285622, 10.000,    0.0,    2.0, -2.0,  0.00,  0.00,  0.00,  0.0,  0.0,  0.0
1746541.84370570, 44855.200844, 10.000,    0.0,    2.0, -2.0,  0.00,  0.00,  0.00,  0.0,  0.0,  0.0
1746541.84620570, 44855.176473, 10.000,    0.0,    2.0, -2.0,  0.00,  0.00,  0.00,  0.0,  0.0,  0.0
1746541.84870570, 44855.193137, 10.000,    0.0,    2.0, -2.0,  0.00,  0.00,  0.00,  0.0,  0.0,  0.0
1746541.85120570, 44855.209801, 10.000,    0.0,    2.0, -2.0,  0.00,  0.00,  0.00,  0.0,  0.0,  0.0
1746541.85370570, 44855.232915, 10.000,    0.0,    2.0, -2.0,  0.00,  0.00,  0.00,  0.0,  0.0,  0.0
1746541.85620570, 44855.266213, 10.000,    0.0,    2.0, -2.0,  0.00,  0.00,  0.00,  0.0,  0.0,  0.0
1746541.85870570, 44855.199856, 10.000,    0.0,    2.0, -2.0,  0.00,  0.00,  0.00,  0.0,  0.0,  0.0
1746541.86120570, 44855.184826, 10.000,    0.0,    2.0, -2.0,  0.00,  0.00,  0.00,  0.0,  0.0,  0.0
1746541.86370570, 44855.222980, 10.000,    0.0,    2.0, -2.0,  0.00,  0.00,  0.00,  0.0,  0.0,  0.0
1746541.86620570, 44855.261134, 10.000,    0.0,    2.0, -2.0,  0.00,  0.00,  0.00,  0.0,  0.0,  0.0
1746541.86870570, 44855.299288, 10.000,    0.0,    2.0, -2.0,  0.00,  0.00,  0.00,  0.0,  0.0,  0.0
1746541.87120570, 44855.337442, 10.000,    0.0,    2.0, -2.0,  0.00,  0.00,  0.00,  0.0,  0.0,  0.0
1746541.87370570, 44855.375596, 10.000,    0.0,    2.0, -2.0,  0.00,  0.00,  0.00,  0.0,  0.0,  0.0
1746541.87620570, 44855.313184, 10.000,    0.0,    2.0, -2.0,  0.00,  0.00,  0.00,  0.0,  0.0,  0.0
1746541.87870570, 44855.173836, 10.000,    0.0,    2.0, -2.0,  0.00,  0.00,  0.00,  0.0,  0.0,  0.0
1746541.88120570, 44855.167252, 10.000,    0.0,    2.0, -2.0,  0.00,  0.00,  0.00,  0.0,  0.0,  0.0
1746541.88370570, 44855.160668, 10.000,    0.0,    2.0, -2.0,  0.00,  0.00,  0.00,  0.0,  0.0,  0.0
1746541.88620570, 44855.154084, 10.000,    0.0,    2.0, -2.0,  0.00,  0.00,  0.00,  0.0,  0.0,  0.0
1746541.88870570, 44855.147500, 10.000,    0.0,    2.0, -2.0,  0.00,  0.00,  0.00,  0.0,  0.0,  0.0
1746541.89120570, 44855.140916, 10.000,    0.0,    2.0, -2.0,  0.00,  0.00,  0.00,  0.0,  0.0,  0.0
1746541.89370570, 44855.134332, 10.000,    0.0,    2.0, -2.0,  0.00,  0.00,  0.00,  0.0,  0.0,  0.0
1746541.89870570, 44855.172596, 10.000,    0.0,    2.0, -2.0,  0.00,  0.00,  0.00,  0.0,  0.0,  0.0
1746541.90120570, 44855.198623, 10.000,    0.0,    2.0, -2.0,  0.00,  0.00,  0.00,  0.0,  0.0,  0.0
1746541.90370570, 44855.211180, 10.000,    0.0,    2.0, -2.0,  0.00,  0.00,  0.00,  0.0,  0.0,  0.0
1746541.90620570, 44855.236098, 10.000,    0.0,    2.0, -2.0,  0.00,  0.00,  0.00,  0.0,  0.0,  0.0
1746541.90870570, 44855.261015, 10.000,    0.0,    2.0, -2.0,  0.00,  0.00,  0.00,  0.0,  0.0,  0.0
1746541.91120570, 44855.285933, 10.000,    0.0,    2.0, -2.0,  0.00,  0.00,  0.00,  0.0,  0.0,  0.0
1746541.91370570, 44855.076449, 10.000,    0.0,    2.0, -2.0,  0.00,  0.00,  0.00,  0.0,  0.0,  0.0
1746541.91620570, 44855.066224, 10.000,    0.0,    2.0, -2.0,  0.00,  0.00,  0.00,  0.0,  0.0,  0.0
1746541.91870570, 44855.508656, 10.000,    0.0,    2.0, -2.0,  0.00,  0.00,  0.00,  0.0,  0.0,  0.0
1746541.92120570, 44855.480974, 10.000,    0.0,    2.0, -2.0,  0.00,  0.00,  0.00,  0.0,  0.0,  0.0
1746541.92370570, 44855.398045, 10.000,    0.0,    2.0, -2.0,  0.00,  0.00,  0.00,  0.0,  0.0,  0.0
1746541.92620570, 44855.315115, 10.000,    0.0,    2.0, -2.0,  0.00,  0.00,  0.00,  0.0,  0.0,  0.0
1746541.92870570, 44855.232186, 10.000,    0.0,    2.0, -2.0,  0.00,  0.00,  0.00,  0.0,  0.0,  0.0
1746541.93120570, 44855.058058, 10.000,    0.0,    2.0, -2.0,  0.00,  0.00,  0.00,  0.0,  0.0,  0.0
1746541.93370570, 44855.022508, 10.000,    0.0,    2.0, -2.0,  0.00,  0.00,  0.00,  0.0,  0.0,  0.0
1746541.93620570, 44855.121106, 10.000,    0.0,    2.0, -2.0,  0.00,  0.00,  0.00,  0.0,  0.0,  0.0
1746541.93870570, 44855.219704, 10.000,    0.0,    2.0, -2.0,  0.00,  0.00,  0.00,  0.0,  0.0,  0.0
1746541.94120570, 44855.287610, 10.000,    0.0,    2.0, -2.0,  0.00,  0.00,  0.00,  0.0,  0.0,  0.0
1746541.94370570, 44855.149246, 10.000,    0.0,    2.0, -2.0,  0.00,  0.00,  0.00,  0.0,  0.0,  0.0
1746541.94620570, 44855.010883, 10.000,    0.0,    2.0, -2.0,  0.00,  0.00,  0.00,  0.0,  0.0,  0.0
1746541.94870570, 44854.872519, 10.000,    0.0,    2.0, -2.0,  0.00,  0.00,  0.00,  0.0,  0.0,  0.0
1746541.95120570, 44854.904524, 10.000,    0.0,    2.0, -2.0,  0.00,  0.00,  0.00,  0.0,  0.0,  0.0
1746541.95370570, 44855.114249, 10.000,    0.0,    2.0, -2.0,  0.00,  0.00,  0.00,  0.0,  0.0,  0.0
1746541.95620570, 44855.469960, 10.000,    0.0,    2.0, -2.0,  0.00,  0.00,  0.00,  0.0,  0.0,  0.0
1746541.95870570, 44855.515233, 10.000,    0.0,    2.0, -2.0,  0.00,  0.00,  0.00,  0.0,  0.0,  0.0
1746541.96370570, 44855.186068, 10.000,    0.0,    2.0, -2.0,  0.00,  0.00,  0.00,  0.0,  0.0,  0.0
1746541.96620570, 44855.075131, 10.000,    0.0,    2.0, -2.0,  0.00,  0.00,  0.00,  0.0,  0.0,  0.0
1746541.96870570, 44855.014388, 10.000,    0.0,    2.0, -2.0,  0.00,  0.00,  0.00,  0.0,  0.0,  0.0
1746541.97120570, 44854.917809, 10.000,    0.0,    2.0, -2.0,  0.00,  0.00,  0.00,  0.0,  0.0,  0.0
1746541.97370570, 44854.890887, 10.000,    0.0,    2.0, -2.0,  0.00,  0.00,  0.00,  0.0,  0.0,  0.0
1746541.97620570, 44854.885987, 10.000,    0.0,    2.0, -2.0,  0.00,  0.00,  0.00,  0.0,  0.0,  0.0
1746541.97870570, 44855.041855, 10.000,    0.0,    2.0, -2.0,  0.00,  0.00,  0.00,  0.0,  0.0,  0.0
1746541.98120570, 44855.197723, 10.000,    0.0,    2.0, -2.0,  0.00,  0.00,  0.00,  0.0,  0.0,  0.0
1746541.98370570, 44855.372888, 10.000,    0.0,    2.0, -2.0,  0.00,  0.00,  0.00,  0.0,  0.0,  0.0
1746541.98620570, 44855.567988, 10.000,    0.0,    2.0, -2.0,  0.00,  0.00,  0.00,  0.0,  0.0,  0.0
1746541.98870570, 44855.587877, 10.000,    0.0,    2.0, -2.0,  0.00,  0.00,  0.00,  0.0,  0.0,  0.0
1746541.99120570, 44855.606227, 10.000,    0.0,    2.0, -2.0,  0.00,  0.00,  0.00,  0.0,  0.0,  0.0
1746541.99370570, 44855.615534, 10.000,    0.0,    2.0, -2.0,  0.00,  0.00,  0.00,  0.0,  0.0,  0.0
1746541.99620570, 44855.624841, 10.000,    0.0,    2.0, -2.0,  0.00,  0.00,  0.00,  0.0,  0.0,  0.0
1746541.99870570, 44855.634148, 10.000,    0.0,    2.0, -2.0,  0.00,  0.00,  0.00,  0.0,  0.0,  0.0
1746542.00120570, 44855.643455, 10.000,    0.0,    2.0, -2.0,  0.00,  0.00,  0.00,  0.0,  0.0,  0.0
1746542.00370570, 44855.652762, 10.000,    0.0,    2.0, -2.0,  0.00,  0.00,  0.00,  0.0,  0.0,  0.0
1746542.00620570, 44855.576980, 10.000,    0.0,    2.0, -2.0,  0.00,  0.00,  0.00,  0.0,  0.0,  0.0
1746542.00870570, 44855.374625, 10.000,    0.0,    2.0, -2.0,  0.00,  0.00,  0.00,  0.0,  0.0,  0.0
1746542.01120570, 44855.172269, 10.000,    0.0,    2.0, -2.0,  0.00,  0.00,  0.00,  0.0,  0.0,  0.0
1746542.01370570, 44855.320097, 10.000,    0.0,    2.0, -2.0,  0.00,  0.00,  0.00,  0.0,  0.0,  0.0
1746542.01620570, 44855.421801, 10.000,    0.0,    2.0, -2.0,  0.00,  0.00,  0.00,  0.0,  0.0,  0.0
1746542.01870570, 44855.249139, 10.000,    0.0,    2.0, -2.0,  0.00,  0.00,  0.00,  0.0,  0.0,  0.0
1746542.02120570, 44855.164830, 10.000,    0.0,    2.0, -2.0,  0.00,  0.00,  0.00,  0.0,  0.0,  0.0
1746542.02370570, 44855.214249, 10.000,    0.0,    2.0, -2.0,  0.00,  0.00,  0.00,  0.0,  0.0,  0.0
1746542.02620570, 44855.263668, 10.000,    0.0,    2.0, -2.0,  0.00,  0.00,  0.00,  0.0,  0.0,  0.0
1746542.02870570, 44855.313087, 10.000,    0.0,    2.0, -2.0,  0.00,  0.00,  0.00,  0.0,  0.0,  0.0
1746542.03120570, 44855.230695, 10.000,    0.0,    2.0, -2.0,  0.00,  0.00,  0.00,  0.0,  0.0,  0.0
1746542.03370570, 44855.243382, 10.000,    0.0,    2.0, -2.0,  0.00,  0.00,  0.00,  0.0,  0.0,  0.0
1746542.03620570, 44855.309515, 10.000,    0.0,    2.0, -2.0,  0.00,  0.00,  0.00,  0.0,  0.0,  0.0
1746542.03870570, 44855.375648, 10.000,    0.0,    2.0, -2.0,  0.00,  0.00,  0.00,  0.0,  0.0,  0.0
1746542.04120570, 44855.324357, 10.000,    0.0,    2.0, -2.0,  0.00,  0.00,  0.00,  0.0,  0.0,  0.0
1746542.04370570, 44855.219301, 10.000,    0.0,    2.0, -2.0,  0.00,  0.00,  0.00,  0.0,  0.0,  0.0
1746542.04620570, 44855.186869, 10.000,    0.0,    2.0, -2.0,  0.00,  0.00,  0.00,  0.0,  0.0,  0.0
1746542.04870570, 44855.240245, 10.000,    0.0,    2.0, -2.0,  0.00,  0.00,  0.00,  0.0,  0.0,  0.0
1746542.05120570, 44855.056208, 10.000,    0.0,    2.0, -2.0,  0.00,  0.00,  0.00,  0.0,  0.0,  0.0
1746542.05370570, 44855.085892, 10.000,    0.0,    2.0, -2.0,  0.00,  0.00,  0.00,  0.0,  0.0,  0.0
1746542.05620570, 44855.138671, 10.000,    0.0,    2.0, -2.0,  0.00,  0.00,  0.00,  0.0,  0.0,  0.0
1746542.05870570, 44855.269831, 10.000,    0.0,    2.0, -2.0,  0.00,  0.00,  0.00,  0.0,  0.0,  0.0
1746542.06120570, 44855.052360, 10.000,    0.0,    2.0, -2.0,  0.00,  0.00,  0.00,  0.0,  0.0,  0.0
1746542.06370570, 44854.995497, 10.000,    0.0,    2.0, -2.0,  0.00,  0.00,  0.00,  0.0,  0.0,  0.0
1746542.06620570, 44855.183680, 10.000,    0.0,    2.0, -2.0,  0.00,  0.00,  0.00,  0.0,  0.0,  0.0
1746542.06870570, 44855.082198, 10.000,    0.0,    2.0, -2.0,  0.00,  0.00,  0.00,  0.0,  0.0,  0.0
1746542.07120570, 44854.915172, 10.000,    0.0,    2.0, -2.0,  0.00,  0.00,  0.00,  0.0,  0.0,  0.0
1746542.07370570, 44855.259717, 10.000,    0.0,    2.0, -2.0,  0.00,  0.00,  0.00,  0.0,  0.0,  0.0
1746542.07620570, 44855.604262, 10.000,    0.0,    2.0, -2.0,  0.00,  0.00,  0.00,  0.0,  0.0,  0.0
1746542.07870570, 44855.569542, 10.000,    0.0,    2.0, -2.0,  0.00,  0.00,  0.00,  0.0,  0.0,  0.0
1746542.08120570, 44855.093564, 10.000,    0.0,    2.0, -2.0,  0.00,  0.00,  0.00,  0.0,  0.0,  0.0
1746542.08370570, 44855.049224, 10.000,    0.0,    2.0, -2.0,  0.00,  0.00,  0.00,  0.0,  0.0,  0.0
1746542.08620570, 44855.004883, 10.000,    0.0,    2.0, -2.0,  0.00,  0.00,  0.00,  0.0,  0.0,  0.0
1746542.08870570, 44854.960543, 10.000,    0.0,    2.0, -2.0,  0.00,  0.00,  0.00,  0.0,  0.0,  0.0
1746542.09120570, 44854.916203, 10.000,    0.0,    2.0, -2.0,  0.00,  0.00,  0.00,  0.0,  0.0,  0.0
1746542.09370570, 44854.880642, 10.000,    0.0,    2.0, -2.0,  0.00,  0.00,  0.00,  0.0,  0.0,  0.0
1746542.09620570, 44854.859576, 10.000,    0.0,    2.0, -2.0,  0.00,  0.00,  0.00,  0.0,  0.0,  0.0
1746542.09870570, 44855.243976, 10.000,    0.0,    2.0, -2.0,  0.00,  0.00,  0.00,  0.0,  0.0,  0.0
1746542.10120570, 44855.167313, 10.000,    0.0,    2.0, -2.0,  0.00,  0.00,  0.00,  0.0,  0.0,  0.0
1746542.10370570, 44855.201621, 10.000,    0.0,    2.0, -2.0,  0.00,  0.00,  0.00,  0.0,  0.0,  0.0
1746542.10620570, 44855.463517, 10.000,    0.0,    2.0, -2.0,  0.00,  0.00,  0.00,  0.0,  0.0,  0.0
1746542.10870570, 44855.583903, 10.000,    0.0,    2.0, -2.0,  0.00,  0.00,  0.00,  0.0,  0.0,  0.0
1746542.11120570, 44855.465435, 10.000,    0.0,    2.0, -2.0,  0.00,  0.00,  0.00,  0.0,  0.0,  0.0
1746542.11370570, 44855.185839, 10.000,    0.0,    2.0, -2.0,  0.00,  0.00,  0.00,  0.0,  0.0,  0.0
1746542.11620570, 44854.972445, 10.000,    0.0,    2.0, -2.0,  0.00,  0.00,  0.00,  0.0,  0.0,  0.0
1746542.11870570, 44855.155859, 10.000,    0.0,    2.0, -2.0,  0.00,  0.00,  0.00,  0.0,  0.0,  0.0
1746542.12120570, 44855.174130, 10.000,    0.0,    2.0, -2.0,  0.00,  0.00,  0.00,  0.0,  0.0,  0.0
1746542.12370570, 44855.418650, 10.000,    0.0,    2.0, -2.0,  0.00,  0.00,  0.00,  0.0,  0.0,  0.0
1746542.12620570, 44855.405051, 10.000,    0.0,    2.0, -2.0,  0.00,  0.00,  0.00,  0.0,  0.0,  0.0
1746542.12870570, 44855.374380, 10.000,    0.0,    2.0, -2.0,  0.00,  0.00,  0.00,  0.0,  0.0,  0.0
1746542.13120570, 44855.201920, 10.000,    0.0,    2.0, -2.0,  0.00,  0.00,  0.00,  0.0,  0.0,  0.0
1746542.13370570, 44855.032144, 10.000,    0.0,    2.0, -2.0,  0.00,  0.00,  0.00,  0.0,  0.0,  0.0
1746542.13620570, 44855.070235, 10.000,    0.0,    2.0, -2.0,  0.00,  0.00,  0.00,  0.0,  0.0,  0.0
1746542.13870570, 44855.102405, 10.000,    0.0,    2.0, -2.0,  0.00,  0.00,  0.00,  0.0,  0.0,  0.0
1746542.14120570, 44855.102405, 10.000,    0.0,    2.0, -2.0,  0.00,  0.00,  0.00,  0.0,  0.0,  0.0
1746542.14370570, 44855.102405, 10.000,    0.0,    2.0, -2.0,  0.00,  0.00,  0.00,  0.0,  0.0,  0.0
1746542.14620570, 44855.102405, 10.000,    0.0,    2.0, -2.0,  0.00,  0.00,  0.00,  0.0,  0.0,  0.0
1746542.14870570, 44855.102405, 10.000,    0.0,    2.0, -2.0,  0.00,  0.00,  0.00,  0.0,  0.0,  0.0
1746542.15120570, 44855.145128, 10.000,    0.0,    2.0, -2.0,  0.00,  0.00,  0.00,  0.0,  0.0,  0.0
1746542.15370570, 44855.380366, 10.000,    0.0,    2.0, -2.0,  0.00,  0.00,  0.00,  0.0,  0.0,  0.0
1746542.15620570, 44855.380366, 10.000,    0.0,    2.0, -2.0,  0.00,  0.00,  0.00,  0.0,  0.0,  0.0
1746542.15870570, 44855.380366, 10.000,    0.0,    2.0, -2.0,  0.00,  0.00,  0.00,  0.0,  0.0,  0.0
1746542.16120570, 44855.380366, 10.000,    0.0,    2.0, -2.0,  0.00,  0.00,  0.00,  0.0,  0.0,  0.0
1746542.16370570, 44855.380366, 10.000,    0.0,    2.0, -2.0,  0.00,  0.00,  0.00,  0.0,  0.0,  0.0
1746542.16620570, 44855.163016, 10.000,    0.0,    2.0, -2.0,  0.00,  0.00,  0.00,  0.0,  0.0,  0.0
1746542.16870570, 44854.933221, 10.000,    0.0,    2.0, -2.0,  0.00,  0.00,  0.00,  0.0,  0.0,  0.0
1746542.17120570, 44854.980496, 10.000,    0.0,    2.0, -2.0,  0.00,  0.00,  0.00,  0.0,  0.0,  0.0
1746542.17370570, 44855.276810, 10.000,    0.0,    2.0, -2.0,  0.00,  0.00,  0.00,  0.0,  0.0,  0.0
1746542.17620570, 44855.150128, 10.000,    0.0,    2.0, -2.0,  0.00,  0.00,  0.00,  0.0,  0.0,  0.0
1746542.17870570, 44855.162692, 10.000,    0.0,    2.0, -2.0,  0.00,  0.00,  0.00,  0.0,  0.0,  0.0
1746542.18120570, 44855.381791, 10.000,    0.0,    2.0, -2.0,  0.00,  0.00,  0.00,  0.0,  0.0,  0.0
1746542.18370570, 44855.037694, 10.000,    0.0,    2.0, -2.0,  0.00,  0.00,  0.00,  0.0,  0.0,  0.0
1746542.18620570, 44855.252997, 0.042,    0.0,    2.0, -2.0,  0.00,  0.00,  0.00,  0.0,  0.0,  0.0
1746542.18870570, 44855.442589, 0.040,    0.0,    2.0, -2.0,  0.00,  0.00,  0.00,  0.0,  0.0,  0.0
1746542.19120570, 44855.174132, 0.038,    0.0,    2.0, -2.0,  0.00,  0.00,  0.00,  0.0,  0.0,  0.0
1746542.19370570, 44855.191055, 0.035,    0.0,    2.0, -2.0,  0.00,  0.00,  0.00,  0.0,  0.0,  0.0
1746542.19620570, 44855.216272, 0.033,    0.0,    2.0, -2.0,  0.00,  0.00,  0.00,  0.0,  0.0,  0.0
1746542.19870570, 44855.074694, 0.031,    0.0,    2.0, -2.0,  0.00,  0.00,  0.00,  0.0,  0.0,  0.0
1746542.20120570, 44854.852536, 0.029,    0.0,    2.0, -2.0,  0.00,  0.00,  0.00,  0.0,  0.0,  0.0
1746542.20370570, 44854.955549, 0.026,    0.0,    2.0, -2.0,  0.00,  0.00,  0.00,  0.0,  0.0,  0.0
1746542.20620570, 44855.082395, 0.024,    0.0,    2.0, -2.0,  0.00,  0.00,  0.00,  0.0,  0.0,  0.0
1746542.20870570, 44855.215792, 0.022,    0.0,    2.0, -2.0,  0.00,  0.00,  0.00,  0.0,  0.0,  0.0
1746542.21120570, 44855.401748, 0.020,    0.0,    2.0, -2.0,  0.00,  0.00,  0.00,  0.0,  0.0,  0.0
1746542.21370570, 44855.401748, 0.018,    0.0,    2.0, -2.0,  0.00,  0.00,  0.00,  0.0,  0.0,  0.0
1746542.21620570, 44855.401748, 0.015,    0.0,    2.0, -2.0,  0.00,  0.00,  0.00,  0.0,  0.0,  0.0
1746542.21870570, 44855.401748, 0.013,    0.0,    2.0, -2.0,  0.00,  0.00,  0.00,  0.0,  0.0,  0.0
1746542.22120570, 44855.310564, 0.011,    0.0,    2.0, -2.0,  0.00,  0.00,  0.00,  0.0,  0.0,  0.0
1746542.22370570, 44855.165442, 0.009,    0.0,    2.0, -2.0,  0.00,  0.00,  0.00,  0.0,  0.0,  0.0
1746542.22620570, 44855.102042, 0.006,    0.0,    2.0, -2.0,  0.00,  0.00,  0.00,  0.0,  0.0,  0.0
1746542.22870570, 44855.038641, 0.004,    0.0,    2.0, -2.0,  0.00,  0.00,  0.00,  0.0,  0.0,  0.0
1746542.23120570, 44855.051214, 0.002,    0.0,    2.0, -2.0,  0.00,  0.00,  0.00,  0.0,  0.0,  0.0
1746542.23370570, 44855.464987, 0.000,    0.0,    2.0, -2.0,  0.00,  0.00,  0.00,  0.0,  0.0,  0.0
1746542.23620570, 44855.392761, 0.000,    0.0,    2.0, -2.0,  0.00,  0.00,  0.00,  0.0,  0.0,  0.0
1746542.23870570, 44855.226339, 0.000,    0.0,    2.0, -2.0,  0.00,  0.00,  0.00,  0.0,  0.0,  0.0
1746542.24120570, 44855.059916, 0.000,    0.0,    2.0, -2.0,  0.00,  0.00,  0.00,  0.0,  0.0,  0.0
1746542.24370570, 44855.094704, 0.000,    0.0,    2.0, -2.0,  0.00,  0.00,  0.00,  0.0,  0.0,  0.0
1746542.24620570, 44855.196061, 0.000,    0.0,    2.0, -2.0,  0.00,  0.00,  0.00,  0.0,  0.0,  0.0
1746542.24870570, 44855.119720, 0.000,    0.0,    2.0, -2.0,  0.00,  0.00,  0.00,  0.0,  0.0,  0.0
1746542.25120570, 44854.867208, 0.000,    0.0,    2.0, -2.0,  0.00,  0.00,  0.00,  0.0,  0.0,  0.0
1746542.25370570, 44854.875762, 0.000,    0.0,    2.0, -2.0,  0.00,  0.00,  0.00,  0.0,  0.0,  0.0
1746542.25620570, 44855.029611, 0.000,    0.0,    2.0, -2.0,  0.00,  0.00,  0.00,  0.0,  0.0,  0.0
