Time (s), Force (mN), hv_set (V), hv_vm (V), hv_err (V), lv_set (V), lv_vm (V), lv_err (V), cm_w1 (uA), cm_w2 (uA), cm_w3 (uA)
1047721.17851570, 2.084708,    0.0,    2.0, -2.0,  0.00,  0.00,  0.00,  0.0,  0.0,  0.0
1047721.18101570, 2.084708,    0.0,    2.0, -2.0,  0.00,  0.00,  0.00,  0.0,  0.0,  0.0
1047721.18351570, 2.084708,    0.0,    2.0, -2.0,  0.00,  0.00,  0.00,  0.0,  0.0,  0.0
1047721.18601570, 2.084708,    0.0,    2.0, -2.0,  0.00,  0.00,  0.00,  0.0,  0.0,  0.0
1047721.18851570, 1.953005,    0.0,    2.0, -2.0,  0.00,  0.00,  0.00,  0.0,  0.0,  0.0
1047721.19101570, 1.541792,    0.0,    2.0, -2.0,  0.00,  0.00,  0.00,  0.0,  0.0,  0.0
1047721.19351570, 1.130580,    0.0,    2.0, -2.0,  0.00,  0.00,  0.00,  0.0,  0.0,  0.0
1047721.19601570, 0.719368,    0.0,    2.0, -2.0,  0.00,  0.00,  0.00,  0.0,  0.0,  0.0
1047721.19851570, -0.220147,    0.0,    2.0, -2.0,  0.00,  0.00,  0.00,  0.0,  0.0,  0.0
1047721.20101570, 0.279334,    0.0,    2.0, -2.0,  0.00,  0.00,  0.00,  0.0,  0.0,  0.0
1047721.20351570, 1.800611,    0.0,    2.0, -2.0,  0.00,  0.00,  0.00,  0.0,  0.0,  0.0
1047721.20601570, 2.257367,    0.0,    2.0, -2.0,  0.00,  0.00,  0.00,  0.0,  0.0,  0.0
1047721.20851570, 1.479938,    0.0,    2.0, -2.0,  0.00,  0.00,  0.00,  0.0,  0.0,  0.0
1047721.21101570, -0.380805,    0.0,    2.0, -2.0,  0.00,  0.00,  0.00,  0.0,  0.0,  0.0
1047721.21351570, -1.885400,    0.0,    2.0, -2.0,  0.00,  0.00,  0.00,  0.0,  0.0,  0.0
1047721.21601570, -2.149531,    0.0,    2.0, -2.0,  0.00,  0.00,  0.00,  0.0,  0.0,  0.0
1047721.21851570, -0.957963,    0.0,    2.0, -2.0,  0.00,  0.00,  0.00,  0.0,  0.0,  0.0
1047721.22101570, 0.905562,    0.0,    2.0, -2.0,  0.00,  0.00,  0.00,  0.0,  0.0,  0.0
1047721.22351570, 2.588164,    0.0,    2.0, -2.0,  0.00,  0.00,  0.00,  0.0,  0.0,  0.0
1047721.22601570, 2.458886,    0.0,    2.0, -2.0,  0.00,  0.00,  0.00,  0.0,  0.0,  0.0
1047721.22851570, 1.771349,    0.0,    2.0, -2.0,  0.00,  0.00,  0.00,  0.0,  0.0,  0.0
1047721.23101570, -0.260132,    0.0,    2.0, -2.0,  0.00,  0.00,  0.00,  0.0,  0.0,  0.0
1047721.23351570, -1.450012,    0.0,    2.0, -2.0,  0.00,  0.00,  0.00,  0.0,  0.0,  0.0
1047721.23601570, -1.733245,    0.0,    2.0, -2.0,  0.00,  0.00,  0.00,  0.0,  0.0,  0.0
1047721.23851570, -0.790306,    0.0,    2.0, -2.0,  0.00,  0.00,  0.00,  0.0,  0.0,  0.0
1047721.24101570, 0.867159,    0.0,    2.0, -2.0,  0.00,  0.00,  0.00,  0.0,  0.0,  0.0
1047721.24351570, 1.683438,    0.0,    2.0, -2.0,  0.00,  0.00,  0.00,  0.0,  0.0,  0.0
1047721.24601570, 2.101029,    0.0,    2.0, -2.0,  0.00,  0.00,  0.00,  0.0,  0.0,  0.0
1047721.24851570, 2.518621,    0.0,    2.0, -2.0,  0.00,  0.00,  0.00,  0.0,  0.0,  0.0
1047721.25101570, 0.246299,    0.0,    2.0, -2.0,  0.00,  0.00,  0.00,  0.0,  0.0,  0.0
1047721.25351570, -2.054732,    0.0,    2.0, -2.0,  0.00,  0.00,  0.00,  0.0,  0.0,  0.0
1047721.25601570, -2.074017,    0.0,    2.0, -2.0,  0.00,  0.00,  0.00,  0.0,  0.0,  0.0
1047721.25851570, -2.074017,    0.0,    2.0, -2.0,  0.00,  0.00,  0.00,  0.0,  0.0,  0.0
1047721.26101570, -2.018134,    0.0,    2.0, -2.0,  0.00,  0.00,  0.00,  0.0,  0.0,  0.0
1047721.26351570, 0.322075,    0.0,    2.0, -2.0,  0.00,  0.00,  0.00,  0.0,  0.0,  0.0
1047721.26601570, 2.517211,    0.0,    2.0, -2.0,  0.00,  0.00,  0.00,  0.0,  0.0,  0.0
1047721.26851570, 2.426283,    0.0,    2.0, -2.0,  0.00,  0.00,  0.00,  0.0,  0.0,  0.0
1047721.27101570, 1.630046,    0.0,    2.0, -2.0,  0.00,  0.00,  0.00,  0.0,  0.0,  0.0
1047721.27351570, -0.594016,    0.0,    2.0, -2.0,  0.00,  0.00,  0.00,  0.0,  0.0,  0.0
1047721.27601570, -2.109383,    0.0,    2.0, -2.0,  0.00,  0.00,  0.00,  0.0,  0.0,  0.0
1047721.27851570, -1.963187,    0.0,    2.0, -2.0,  0.00,  0.00,  0.00,  0.0,  0.0,  0.0
1047721.28101570, -1.816991,    0.0,    2.0, -2.0,  0.00,  0.00,  0.00,  0.0,  0.0,  0.0
1047721.28351570, 0.452117,    0.0,    2.0, -2.0,  0.00,  0.00,  0.00,  0.0,  0.0,  0.0
1047721.28601570, 2.735926,    0.0,    2.0, -2.0,  0.00,  0.00,  0.00,  0.0,  0.0,  0.0
1047721.28851570, 2.715213,    0.0,    2.0, -2.0,  0.00,  0.00,  0.00,  0.0,  0.0,  0.0
1047721.29101570, 2.694500,    0.0,    2.0, -2.0,  0.00,  0.00,  0.00,  0.0,  0.0,  0.0
1047721.29351570, 0.006468,    0.0,    2.0, -2.0,  0.00,  0.00,  0.00,  0.0,  0.0,  0.0
1047721.29601570, -1.604834,    0.0,    2.0, -2.0,  0.00,  0.00,  0.00,  0.0,  0.0,  0.0
1047721.29851570, -1.435842,    0.0,    2.0, -2.0,  0.00,  0.00,  0.00,  0.0,  0.0,  0.0
1047721.30101570, -0.775695,    0.0,    2.0, -2.0,  0.00,  0.00,  0.00,  0.0,  0.0,  0.0
1047721.30351570, 1.913914,    0.0,    2.0, -2.0,  0.00,  0.00,  0.00,  0.0,  0.0,  0.0
1047721.30601570, 2.757529,    0.0,    2.0, -2.0,  0.00,  0.00,  0.00,  0.0,  0.0,  0.0
1047721.30851570, 2.143833,    0.0,    2.0, -2.0,  0.00,  0.00,  0.00,  0.0,  0.0,  0.0
1047721.31101570, 1.198518,    0.0,    2.0, -2.0,  0.00,  0.00,  0.00,  0.0,  0.0,  0.0
1047721.31351570, -0.823589,    0.0,    2.0, -2.0,  0.00,  0.00,  0.00,  0.0,  0.0,  0.0
1047721.31601570, -2.288605,    0.0,    2.0, -2.0,  0.00,  0.00,  0.00,  0.0,  0.0,  0.0
1047721.31851570, -1.941379,    0.0,    2.0, -2.0,  0.00,  0.00,  0.00,  0.0,  0.0,  0.0
1047721.32101570, -1.537905,    0.0,    2.0, -2.0,  0.00,  0.00,  0.00,  0.0,  0.0,  0.0
1047721.32351570, -1.134431,    0.0,    2.0, -2.0,  0.00,  0.00,  0.00,  0.0,  0.0,  0.0
1047721.32601570, -0.403854,    0.0,    2.0, -2.0,  0.00,  0.00,  0.00,  0.0,  0.0,  0.0
1047721.32851570, 1.795080,    0.0,    2.0, -2.0,  0.00,  0.00,  0.00,  0.0,  0.0,  0.0
1047721.33101570, 1.432083,    0.0,    2.0, -2.0,  0.00,  0.00,  0.00,  0.0,  0.0,  0.0
1047721.33351570, 1.069086,    0.0,    2.0, -2.0,  0.00,  0.00,  0.00,  0.0,  0.0,  0.0
1047721.33601570, 0.222101,    0.0,    2.0, -2.0,  0.00,  0.00,  0.00,  0.0,  0.0,  0.0
1047721.33851570, -1.641174,    0.0,    2.0, -2.0,  0.00,  0.00,  0.00,  0.0,  0.0,  0.0
1047721.34101570, -1.496143,    0.0,    2.0, -2.0,  0.00,  0.00,  0.00,  0.0,  0.0,  0.0
1047721.34351570, -0.723708,    0.0,    2.0, -2.0,  0.00,  0.00,  0.00,  0.0,  0.0,  0.0
1047721.34601570, 0.048727,    0.0,    2.0, -2.0,  0.00,  0.00,  0.00,  0.0,  0.0,  0.0
1047721.34851570, 0.821163,    0.0,    2.0, -2.0,  0.00,  0.00,  0.00,  0.0,  0.0,  0.0
1047721.35101570, -0.209975,    0.0,    2.0, -2.0,  0.00,  0.00,  0.00,  0.0,  0.0,  0.0
1047721.35351570, -1.323254,    0.0,    2.0, -2.0,  0.00,  0.00,  0.00,  0.0,  0.0,  0.0
1047721.35601570, -1.804401,    0.0,    2.0, -2.0,  0.00,  0.00,  0.00,  0.0,  0.0,  0.0
1047721.35851570, -1.613000,    0.0,    2.0, -2.0,  0.00,  0.00,  0.00,  0.0,  0.0,  0.0
1047721.36351570, 0.804218,    0.0,    2.0, -2.0,  0.00,  0.00,  0.00,  0.0,  0.0,  0.0
1047721.36601570, 2.631242,    0.0,    2.0, -2.0,  0.00,  0.00,  0.00,  0.0,  0.0,  0.0
1047721.36851570, 1.475678,    0.0,    2.0, -2.0,  0.00,  0.00,  0.00,  0.0,  0.0,  0.0
1047721.37101570, -0.662377,    0.0,    2.0, -2.0,  0.00,  0.00,  0.00,  0.0,  0.0,  0.0
1047721.37351570, -2.456700,    0.0,    2.0, -2.0,  0.00,  0.00,  0.00,  0.0,  0.0,  0.0
1047721.37601570, -2.387894,    0.0,    2.0, -2.0,  0.00,  0.00,  0.00,  0.0,  0.0,  0.0
1047721.37851570, -1.975548,    0.0,    2.0, -2.0,  0.00,  0.00,  0.00,  0.0,  0.0,  0.0
1047721.38101570, 0.006781,    0.0,    2.0, -2.0,  0.00,  0.00,  0.00,  0.0,  0.0,  0.0
1047721.38351570, 1.336288,    0.0,    2.0, -2.0,  0.00,  0.00,  0.00,  0.0,  0.0,  0.0
1047721.38601570, 1.670304,    0.0,    2.0, -2.0,  0.00,  0.00,  0.00,  0.0,  0.0,  0.0
1047721.38851570, 2.004321,    0.0,    2.0, -2.0,  0.00,  0.00,  0.00,  0.0,  0.0,  0.0
1047721.39101570, 2.338337,    0.0,    2.0, -2.0,  0.00,  0.00,  0.00,  0.0,  0.0,  0.0
1047721.39351570, 0.499542,    0.0,    2.0, -2.0,  0.00,  0.00,  0.00,  0.0,  0.0,  0.0
1047721.39601570, -1.998871,    0.0,    2.0, -2.0,  0.00,  0.00,  0.00,  0.0,  0.0,  0.0
1047721.39851570, -1.733381,    0.0,    2.0, -2.0,  0.00,  0.00,  0.00,  0.0,  0.0,  0.0
1047721.40101570, -0.789994,    0.0,    2.0, -2.0,  0.00,  0.00,  0.00,  0.0,  0.0,  0.0
1047721.40351570, 1.338071,    0.0,    2.0, -2.0,  0.00,  0.00,  0.00,  0.0,  0.0,  0.0
1047721.40601570, 2.762360,    0.0,    2.0, -2.0,  0.00,  0.00,  0.00,  0.0,  0.0,  0.0
1047721.40851570, 2.441598,    0.0,    2.0, -2.0,  0.00,  0.00,  0.00,  0.0,  0.0,  0.0
1047721.41101570, -0.994245,    0.0,    2.0, -2.0,  0.00,  0.00,  0.00,  0.0,  0.0,  0.0
1047721.41351570, -0.994245,    0.0,    2.0, -2.0,  0.00,  0.00,  0.00,  0.0,  0.0,  0.0
1047721.41601570, -0.994245,    0.0,    2.0, -2.0,  0.00,  0.00,  0.00,  0.0,  0.0,  0.0
1047721.41851570, -0.996605,    0.0,    2.0, -2.0,  0.00,  0.00,  0.00,  0.0,  0.0,  0.0
1047721.42101570, -0.906571,    0.0,    2.0, -2.0,  0.00,  0.00,  0.00,  0.0,  0.0,  0.0
1047721.42351570, 1.345079,    0.0,    2.0, -2.0,  0.00,  0.00,  0.00,  0.0,  0.0,  0.0
1047721.42601570, 2.104642,    0.0,    2.0, -2.0,  0.00,  0.00,  0.00,  0.0,  0.0,  0.0
1047721.42851570, 1.877752,    0.0,    2.0, -2.0,  0.00,  0.00,  0.00,  0.0,  0.0,  0.0
1047721.43101570, 1.427121,    0.0,    2.0, -2.0,  0.00,  0.00,  0.00,  0.0,  0.0,  0.0
1047721.43351570, 0.976490,    0.0,    2.0, -2.0,  0.00,  0.00,  0.00,  0.0,  0.0,  0.0
1047721.43601570, -0.913835,    0.0,    2.0, -2.0,  0.00,  0.00,  0.00,  0.0,  0.0,  0.0
1047721.43851570, -1.687787,    0.0,    2.0, -2.0,  0.00,  0.00,  0.00,  0.0,  0.0,  0.0
1047721.44101570, -1.057885,    0.0,    2.0, -2.0,  0.00,  0.00,  0.00,  0.0,  0.0,  0.0
1047721.44351570, -0.427984,    0.0,    2.0, -2.0,  0.00,  0.00,  0.00,  0.0,  0.0,  0.0
1047721.44601570, 0.454071,    0.0,    2.0, -2.0,  0.00,  0.00,  0.00,  0.0,  0.0,  0.0
1047721.44851570, 1.387874,    0.0,    2.0, -2.0,  0.00,  0.00,  0.00,  0.0,  0.0,  0.0
1047721.45101570, 2.321677,    0.0,    2.0, -2.0,  0.00,  0.00,  0.00,  0.0,  0.0,  0.0
1047721.45351570, 0.486678,    0.0,    2.0, -2.0,  0.00,  0.00,  0.00,  0.0,  0.0,  0.0
1047721.45601570, -2.462217,    0.0,    2.0, -2.0,  0.00,  0.00,  0.00,  0.0,  0.0,  0.0
1047721.45851570, -2.284108,    0.0,    2.0, -2.0,  0.00,  0.00,  0.00,  0.0,  0.0,  0.0
1047721.46351570, 1.864885,    0.0,    2.0, -2.0,  0.00,  0.00,  0.00,  0.0,  0.0,  0.0
1047721.46601570, 2.435440,    0.0,    2.0, -2.0,  0.00,  0.00,  0.00,  0.0,  0.0,  0.0
1047721.46851570, 2.047691,    0.0,    2.0, -2.0,  0.00,  0.00,  0.00,  0.0,  0.0,  0.0
1047721.47101570, -0.791120,    0.0,    2.0, -2.0,  0.00,  0.00,  0.00,  0.0,  0.0,  0.0
1047721.47351570, -1.667741,    0.0,    2.0, -2.0,  0.00,  0.00,  0.00,  0.0,  0.0,  0.0
1047721.47601570, -2.646190,    0.0,    2.0, -2.0,  0.00,  0.00,  0.00,  0.0,  0.0,  0.0
1047721.47851570, -1.322093,    0.0,    2.0, -2.0,  0.00,  0.00,  0.00,  0.0,  0.0,  0.0
1047721.48101570, 0.681232,    0.0,    2.0, -2.0,  0.00,  0.00,  0.00,  0.0,  0.0,  0.0
1047721.48351570, 2.383387,    0.0,    2.0, -2.0,  0.00,  0.00,  0.00,  0.0,  0.0,  0.0
1047721.48601570, 2.374166,    0.0,    2.0, -2.0,  0.00,  0.00,  0.00,  0.0,  0.0,  0.0
1047721.48851570, 2.364946,    0.0,    2.0, -2.0,  0.00,  0.00,  0.00,  0.0,  0.0,  0.0
1047721.49101570, -0.326827,    0.0,    2.0, -2.0,  0.00,  0.00,  0.00,  0.0,  0.0,  0.0
1047721.49351570, -1.167658,    0.0,    2.0, -2.0,  0.00,  0.00,  0.00,  0.0,  0.0,  0.0
1047721.49601570, -1.523003,    0.0,    2.0, -2.0,  0.00,  0.00,  0.00,  0.0,  0.0,  0.0
1047721.49851570, -1.878348,    0.0,    2.0, -2.0,  0.00,  0.00,  0.00,  0.0,  0.0,  0.0
1047721.50101570, -1.188813,    0.0,    2.0, -2.0,  0.00,  0.00,  0.00,  0.0,  0.0,  0.0
1047721.50351570, 1.220858,    0.0,    2.0, -2.0,  0.00,  0.00,  0.00,  0.0,  0.0,  0.0
1047721.50601570, 1.947824,    0.0,    2.0, -2.0,  0.00,  0.00,  0.00,  0.0,  0.0,  0.0
1047721.50851570, 1.931178,    0.0,    2.0, -2.0,  0.00,  0.00,  0.00,  0.0,  0.0,  0.0
1047721.51101570, -0.876646,    0.0,    2.0, -2.0,  0.00,  0.00,  0.00,  0.0,  0.0,  0.0
1047721.51351570, -0.876646,    0.0,    2.0, -2.0,  0.00,  0.00,  0.00,  0.0,  0.0,  0.0
1047721.51601570, -0.876646,    0.0,    2.0, -2.0,  0.00,  0.00,  0.00,  0.0,  0.0,  0.0
1047721.51851570, -1.065104,    0.0,    2.0, -2.0,  0.00,  0.00,  0.00,  0.0,  0.0,  0.0
1047721.52101570, -0.155196,    0.0,    2.0, -2.0,  0.00,  0.00,  0.00,  0.0,  0.0,  0.0
1047721.52351570, 1.301018,    0.0,    2.0, -2.0,  0.00,  0.00,  0.00,  0.0,  0.0,  0.0
1047721.52601570, 1.926070,    0.0,    2.0, -2.0,  0.00,  0.00,  0.00,  0.0,  0.0,  0.0
1047721.52851570, 1.311401,    0.0,    2.0, -2.0,  0.00,  0.00,  0.00,  0.0,  0.0,  0.0
1047721.53101570, -0.729253,    0.0,    2.0, -2.0,  0.00,  0.00,  0.00,  0.0,  0.0,  0.0
1047721.53351570, -2.618252,    0.0,    2.0, -2.0,  0.00,  0.00,  0.00,  0.0,  0.0,  0.0
1047721.53601570, -2.351978,    0.0,    2.0, -2.0,  0.00,  0.00,  0.00,  0.0,  0.0,  0.0
1047721.53851570, -1.485151,    0.0,    2.0, -2.0,  0.00,  0.00,  0.00,  0.0,  0.0,  0.0
1047721.54101570, 0.810806,    0.0,    2.0, -2.0,  0.00,  0.00,  0.00,  0.0,  0.0,  0.0
1047721.54351570, 2.514914,    0.0,    2.0, -2.0,  0.00,  0.00,  0.00,  0.0,  0.0,  0.0
1047721.54601570, 2.426814,    0.0,    2.0, -2.0,  0.00,  0.00,  0.00,  0.0,  0.0,  0.0
1047721.54851570, 2.129128,    0.0,    2.0, -2.0,  0.00,  0.00,  0.00,  0.0,  0.0,  0.0
1047721.55101570, 1.381023,    0.0,    2.0, -2.0,  0.00,  0.00,  0.00,  0.0,  0.0,  0.0
1047721.55351570, -0.623065,    0.0,    2.0, -2.0,  0.00,  0.00,  0.00,  0.0,  0.0,  0.0
1047721.55601570, -2.204380,    0.0,    2.0, -2.0,  0.00,  0.00,  0.00,  0.0,  0.0,  0.0
1047721.55851570, -1.918876,    0.0,    2.0, -2.0,  0.00,  0.00,  0.00,  0.0,  0.0,  0.0
1047721.56101570, -1.465236,    0.0,    2.0, -2.0,  0.00,  0.00,  0.00,  0.0,  0.0,  0.0
1047721.56351570, 0.828017,    0.0,    2.0, -2.0,  0.00,  0.00,  0.00,  0.0,  0.0,  0.0
1047721.56601570, 2.587013,    0.0,    2.0, -2.0,  0.00,  0.00,  0.00,  0.0,  0.0,  0.0
1047721.56851570, 2.684356,    0.0,    2.0, -2.0,  0.00,  0.00,  0.00,  0.0,  0.0,  0.0
1047721.57101570, -0.124617,    0.0,    2.0, -2.0,  0.00,  0.00,  0.00,  0.0,  0.0,  0.0
1047721.57351570, -1.344385,    0.0,    2.0, -2.0,  0.00,  0.00,  0.00,  0.0,  0.0,  0.0
1047721.57601570, -1.974927,    0.0,    2.0, -2.0,  0.00,  0.00,  0.00,  0.0,  0.0,  0.0
1047721.57851570, -1.746105,    0.0,    2.0, -2.0,  0.00,  0.00,  0.00,  0.0,  0.0,  0.0
1047721.58101570, -1.217100,    0.0,    2.0, -2.0,  0.00,  0.00,  0.00,  0.0,  0.0,  0.0
1047721.58351570, -0.688094,    0.0,    2.0, -2.0,  0.00,  0.00,  0.00,  0.0,  0.0,  0.0
1047721.58601570, 0.930937,    0.0,    2.0, -2.0,  0.00,  0.00,  0.00,  0.0,  0.0,  0.0
1047721.58851570, 2.101526,    0.0,    2.0, -2.0,  0.00,  0.00,  0.00,  0.0,  0.0,  0.0
1047721.59101570, 0.608825,    0.0,    2.0, -2.0,  0.00,  0.00,  0.00,  0.0,  0.0,  0.0
1047721.59351570, -0.925960,    0.0,    2.0, -2.0,  0.00,  0.00,  0.00,  0.0,  0.0,  0.0
1047721.59601570, -2.309215,    0.0,    2.0, -2.0,  0.00,  0.00,  0.00,  0.0,  0.0,  0.0
1047721.59851570, -1.492815,    0.0,    2.0, -2.0,  0.00,  0.00,  0.00,  0.0,  0.0,  0.0
1047721.60101570, 0.829936,    0.0,    2.0, -2.0,  0.00,  0.00,  0.00,  0.0,  0.0,  0.0
1047721.60351570, 2.402726,    0.0,    2.0, -2.0,  0.00,  0.00,  0.00,  0.0,  0.0,  0.0
1047721.60601570, 2.662012,    0.0,    2.0, -2.0,  0.00,  0.00,  0.00,  0.0,  0.0,  0.0
1047721.60851570, 1.844835,    0.0,    2.0, -2.0,  0.00,  0.00,  0.00,  0.0,  0.0,  0.0
1047721.61101570, 0.866723,    0.0,    2.0, -2.0,  0.00,  0.00,  0.00,  0.0,  0.0,  0.0
1047721.61351570, 0.176372,    0.0,    2.0, -2.0,  0.00,  0.00,  0.00,  0.0,  0.0,  0.0
1047721.61601570, -0.513979,    0.0,    2.0, -2.0,  0.00,  0.00,  0.00,  0.0,  0.0,  0.0
1047721.61851570, -0.736575,    0.0,    2.0, -2.0,  0.00,  0.00,  0.00,  0.0,  0.0,  0.0
1047721.62101570, 0.785733,    0.0,    2.0, -2.0,  0.00,  0.00,  0.00,  0.0,  0.0,  0.0
1047721.62351570, 1.698715,    0.0,    2.0, -2.0,  0.00,  0.00,  0.00,  0.0,  0.0,  0.0
1047721.62601570, 2.445357,    0.0,    2.0, -2.0,  0.00,  0.00,  0.00,  0.0,  0.0,  0.0
1047721.62851570, 2.418631,    0.0,    2.0, -2.0,  0.00,  0.00,  0.00,  0.0,  0.0,  0.0
1047721.63101570, 1.444020,    0.0,    2.0, -2.0,  0.00,  0.00,  0.00,  0.0,  0.0,  0.0
1047721.63351570, -0.455405,    0.0,    2.0, -2.0,  0.00,  0.00,  0.00,  0.0,  0.0,  0.0
1047721.63601570, -1.754511,    0.0,    2.0, -2.0,  0.00,  0.00,  0.00,  0.0,  0.0,  0.0
1047721.63851570, -1.864677,    0.0,    2.0, -2.0,  0.00,  0.00,  0.00,  0.0,  0.0,  0.0
1047721.64101570, -1.315680,    0.0,    2.0, -2.0,  0.00,  0.00,  0.00,  0.0,  0.0,  0.0
1047721.64351570, -0.554688,    0.0,    2.0, -2.0,  0.00,  0.00,  0.00,  0.0,  0.0,  0.0
1047721.64601570, 1.488493,    0.0,    2.0, -2.0,  0.00,  0.00,  0.00,  0.0,  0.0,  0.0
1047721.64851570, 1.937379,    0.0,    2.0, -2.0,  0.00,  0.00,  0.00,  0.0,  0.0,  0.0
1047721.65101570, 0.690883,    0.0,    2.0, -2.0,  0.00,  0.00,  0.00,  0.0,  0.0,  0.0
1047721.65351570, -1.520137,    0.0,    2.0, -2.0,  0.00,  0.00,  0.00,  0.0,  0.0,  0.0
1047721.65601570, -2.375110,    0.0,    2.0, -2.0,  0.00,  0.00,  0.00,  0.0,  0.0,  0.0
1047721.65851570, -1.452225,    0.0,    2.0, -2.0,  0.00,  0.00,  0.00,  0.0,  0.0,  0.0
1047721.66101570, 0.611148,    0.0,    2.0, -2.0,  0.00,  0.00,  0.00,  0.0,  0.0,  0.0
1047721.66351570, 2.561202,    0.0,    2.0, -2.0,  0.00,  0.00,  0.00,  0.0,  0.0,  0.0
1047721.66601570, 2.854446,    0.0,    2.0, -2.0,  0.00,  0.00,  0.00,  0.0,  0.0,  0.0
1047721.66851570, 1.841868,    0.0,    2.0, -2.0,  0.00,  0.00,  0.00,  0.0,  0.0,  0.0
1047721.67101570, -0.023821,    0.0,    2.0, -2.0,  0.00,  0.00,  0.00,  0.0,  0.0,  0.0
1047721.67351570, -1.820259,    0.0,    2.0, -2.0,  0.00,  0.00,  0.00,  0.0,  0.0,  0.0
1047721.67601570, -2.278892,    0.0,    2.0, -2.0,  0.00,  0.00,  0.00,  0.0,  0.0,  0.0
1047721.67851570, -2.206440,    0.0,    2.0, -2.0,  0.00,  0.00,  0.00,  0.0,  0.0,  0.0
1047721.68101570, -0.759573,    0.0,    2.0, -2.0,  0.00,  0.00,  0.00,  0.0,  0.0,  0.0
1047721.68351570, 1.197268,    0.0,    2.0, -2.0,  0.00,  0.00,  0.00,  0.0,  0.0,  0.0
1047721.68601570, 1.663781,    0.0,    2.0, -2.0,  0.00,  0.00,  0.00,  0.0,  0.0,  0.0
1047721.68851570, 2.130293,    0.0,    2.0, -2.0,  0.00,  0.00,  0.00,  0.0,  0.0,  0.0
1047721.69101570, 1.322592,    0.0,    2.0, -2.0,  0.00,  0.00,  0.00,  0.0,  0.0,  0.0
1047721.69351570, -1.406188,    0.0,    2.0, -2.0,  0.00,  0.00,  0.00,  0.0,  0.0,  0.0
1047721.69601570, -2.118893,    0.0,    2.0, -2.0,  0.00,  0.00,  0.00,  0.0,  0.0,  0.0
1047721.69851570, -2.022145,    0.0,    2.0, -2.0,  0.00,  0.00,  0.00,  0.0,  0.0,  0.0
1047721.70101570, -1.002777,    0.0,    2.0, -2.0,  0.00,  0.00,  0.00,  0.0,  0.0,  0.0
1047721.70351570, 1.659317,    0.0,    2.0, -2.0,  0.00,  0.00,  0.00,  0.0,  0.0,  0.0
1047721.70601570, 2.783408,    0.0,    2.0, -2.0,  0.00,  0.00,  0.00,  0.0,  0.0,  0.0
1047721.70851570, 2.019772,    0.0,    2.0, -2.0,  0.00,  0.00,  0.00,  0.0,  0.0,  0.0
1047721.71101570, 1.419253,    0.0,    2.0, -2.0,  0.00,  0.00,  0.00,  0.0,  0.0,  0.0
1047721.71351570, 0.178459,    0.0,    2.0, -2.0,  0.00,  0.00,  0.00,  0.0,  0.0,  0.0
1047721.71601570, -2.026442,    0.0,    2.0, -2.0,  0.00,  0.00,  0.00,  0.0,  0.0,  0.0
1047721.71851570, -1.242331,    0.0,    2.0, -2.0,  0.00,  0.00,  0.00,  0.0,  0.0,  0.0
1047721.72101570, 0.803269,    0.0,    2.0, -2.0,  0.00,  0.00,  0.00,  0.0,  0.0,  0.0
1047721.72351570, 2.148853,    0.0,    2.0, -2.0,  0.00,  0.00,  0.00,  0.0,  0.0,  0.0
1047721.72601570, 2.281884,    0.0,    2.0, -2.0,  0.00,  0.00,  0.00,  0.0,  0.0,  0.0
1047721.72851570, 1.604444,    0.0,    2.0, -2.0,  0.00,  0.00,  0.00,  0.0,  0.0,  0.0
1047721.73101570, 0.074223,    0.0,    2.0, -2.0,  0.00,  0.00,  0.00,  0.0,  0.0,  0.0
1047721.73351570, -1.829780,    0.0,    2.0, -2.0,  0.00,  0.00,  0.00,  0.0,  0.0,  0.0
1047721.73601570, -2.321377,    0.0,    2.0, -2.0,  0.00,  0.00,  0.00,  0.0,  0.0,  0.0
1047721.73851570, -1.803021,    0.0,    2.0, -2.0,  0.00,  0.00,  0.00,  0.0,  0.0,  0.0
1047721.74101570, -1.254660,    0.0,    2.0, -2.0,  0.00,  0.00,  0.00,  0.0,  0.0,  0.0
1047721.74351570, 1.055967,    0.0,    2.0, -2.0,  0.00,  0.00,  0.00,  0.0,  0.0,  0.0
1047721.74601570, 2.663226,    0.0,    2.0, -2.0,  0.00,  0.00,  0.00,  0.0,  0.0,  0.0
1047721.74851570, 2.250033,    0.0,    2.0, -2.0,  0.00,  0.00,  0.00,  0.0,  0.0,  0.0
1047721.75101570, 1.825390,    0.0,    2.0, -2.0,  0.00,  0.00,  0.00,  0.0,  0.0,  0.0
1047721.75351570, 1.202066,    0.0,    2.0, -2.0,  0.00,  0.00,  0.00,  0.0,  0.0,  0.0
1047721.75601570, -2.145569,    0.0,    2.0, -2.0,  0.00,  0.00,  0.00,  0.0,  0.0,  0.0
1047721.75851570, -2.219054,    0.0,    2.0, -2.0,  0.00,  0.00,  0.00,  0.0,  0.0,  0.0
1047721.76101570, -1.219168,    0.0,    2.0, -2.0,  0.00,  0.00,  0.00,  0.0,  0.0,  0.0
1047721.76351570, 1.285765,    0.0,    2.0, -2.0,  0.00,  0.00,  0.00,  0.0,  0.0,  0.0
1047721.76601570, 1.921270,    0.0,    2.0, -2.0,  0.00,  0.00,  0.00,  0.0,  0.0,  0.0
1047721.76851570, 2.485148,    0.0,    2.0, -2.0,  0.00,  0.00,  0.00,  0.0,  0.0,  0.0
1047721.77101570, 2.096245,    0.0,    2.0, -2.0,  0.00,  0.00,  0.00,  0.0,  0.0,  0.0
1047721.77351570, 1.707342,    0.0,    2.0, -2.0,  0.00,  0.00,  0.00,  0.0,  0.0,  0.0
1047721.77601570, 1.318440,    0.0,    2.0, -2.0,  0.00,  0.00,  0.00,  0.0,  0.0,  0.0
1047721.77851570, 0.242233,    0.0,    2.0, -2.0,  0.00,  0.00,  0.00,  0.0,  0.0,  0.0
1047721.78101570, -1.034718,    0.0,    2.0, -2.0,  0.00,  0.00,  0.00,  0.0,  0.0,  0.0
1047721.78351570, 2.146493,    0.0,    2.0, -2.0,  0.00,  0.00,  0.00,  0.0,  0.0,  0.0
1047721.78601570, 2.434415,    0.0,    2.0, -2.0,  0.00,  0.00,  0.00,  0.0,  0.0,  0.0
1047721.78851570, 1.820352,    0.0,    2.0, -2.0,  0.00,  0.00,  0.00,  0.0,  0.0,  0.0
1047721.79101570, 0.279232,    0.0,    2.0, -2.0,  0.00,  0.00,  0.00,  0.0,  0.0,  0.0
1047721.79351570, -1.744051,    0.0,    2.0, -2.0,  0.00,  0.00,  0.00,  0.0,  0.0,  0.0
1047721.79601570, -2.136184,    0.0,    2.0, -2.0,  0.00,  0.00,  0.00,  0.0,  0.0,  0.0
1047721.79851570, -1.512398,    0.0,    2.0, -2.0,  0.00,  0.00,  0.00,  0.0,  0.0,  0.0
1047721.80101570, -0.852867,    0.0,    2.0, -2.0,  0.00,  0.00,  0.00,  0.0,  0.0,  0.0
1047721.80351570, 2.153965,    0.0,    2.0, -2.0,  0.00,  0.00,  0.00,  0.0,  0.0,  0.0
1047721.80601570, 2.509073,    0.0,    2.0, -2.0,  0.00,  0.00,  0.00,  0.0,  0.0,  0.0
1047721.80851570, 2.552411,    0.0,    2.0, -2.0,  0.00,  0.00,  0.00,  0.0,  0.0,  0.0
1047721.81101570, 1.605325,    0.0,    2.0, -2.0,  0.00,  0.00,  0.00,  0.0,  0.0,  0.0
1047721.81351570, -1.039205,    0.0,    2.0, -2.0,  0.00,  0.00,  0.00,  0.0,  0.0,  0.0
1047721.81601570, -2.234128,    0.0,    2.0, -2.0,  0.00,  0.00,  0.00,  0.0,  0.0,  0.0
1047721.81851570, -2.170285,    0.0,    2.0, -2.0,  0.00,  0.00,  0.00,  0.0,  0.0,  0.0
1047721.82351570, -0.084758,    0.0,    2.0, -2.0,  0.00,  0.00,  0.00,  0.0,  0.0,  0.0
1047721.82601570, 0.991265,    0.0,    2.0, -2.0,  0.00,  0.00,  0.00,  0.0,  0.0,  0.0
1047721.82851570, 2.067289,    0.0,    2.0, -2.0,  0.00,  0.00,  0.00,  0.0,  0.0,  0.0
1047721.83101570, 1.487871,    0.0,    2.0, -2.0,  0.00,  0.00,  0.00,  0.0,  0.0,  0.0
1047721.83351570, 0.342899,    0.0,    2.0, -2.0,  0.00,  0.00,  0.00,  0.0,  0.0,  0.0
1047721.83601570, -0.802072,    0.0,    2.0, -2.0,  0.00,  0.00,  0.00,  0.0,  0.0,  0.0
1047721.83851570, -1.047662,    0.0,    2.0, -2.0,  0.00,  0.00,  0.00,  0.0,  0.0,  0.0
1047721.84101570, 0.940449,    0.0,    2.0, -2.0,  0.00,  0.00,  0.00,  0.0,  0.0,  0.0
1047721.84351570, 2.448195,    0.0,    2.0, -2.0,  0.00,  0.00,  0.00,  0.0,  0.0,  0.0
1047721.84601570, 2.310271,    0.0,    2.0, -2.0,  0.00,  0.00,  0.00,  0.0,  0.0,  0.0
1047721.84851570, 1.362844,    0.0,    2.0, -2.0,  0.00,  0.00,  0.00,  0.0,  0.0,  0.0
1047721.85101570, -0.221486,    0.0,    2.0, -2.0,  0.00,  0.00,  0.00,  0.0,  0.0,  0.0
1047721.85351570, -1.864413,    0.0,    2.0, -2.0,  0.00,  0.00,  0.00,  0.0,  0.0,  0.0
1047721.85601570, -2.290364,    0.0,    2.0, -2.0,  0.00,  0.00,  0.00,  0.0,  0.0,  0.0
1047721.85851570, -0.812502,    0.0,    2.0, -2.0,  0.00,  0.00,  0.00,  0.0,  0.0,  0.0
1047721.86101570, -0.000359,    0.0,    2.0, -2.0,  0.00,  0.00,  0.00,  0.0,  0.0,  0.0
1047721.86351570, 1.126872,    0.0,    2.0, -2.0,  0.00,  0.00,  0.00,  0.0,  0.0,  0.0
1047721.86601570, 1.676494,    0.0,    2.0, -2.0,  0.00,  0.00,  0.00,  0.0,  0.0,  0.0
1047721.86851570, 2.226115,    0.0,    2.0, -2.0,  0.00,  0.00,  0.00,  0.0,  0.0,  0.0
1047721.87101570, 0.084509,    0.0,    2.0, -2.0,  0.00,  0.00,  0.00,  0.0,  0.0,  0.0
1047721.87351570, -1.167861,    0.0,    2.0, -2.0,  0.00,  0.00,  0.00,  0.0,  0.0,  0.0
1047721.87601570, -1.732930,    0.0,    2.0, -2.0,  0.00,  0.00,  0.00,  0.0,  0.0,  0.0
1047721.87851570, -2.297998,    0.0,    2.0, -2.0,  0.00,  0.00,  0.00,  0.0,  0.0,  0.0
1047721.88101570, -1.973919,    0.0,    2.0, -2.0,  0.00,  0.00,  0.00,  0.0,  0.0,  0.0
1047721.88351570, -1.061408,    0.0,    2.0, -2.0,  0.00,  0.00,  0.00,  0.0,  0.0,  0.0
1047721.88601570, -0.148898,    0.0,    2.0, -2.0,  0.00,  0.00,  0.00,  0.0,  0.0,  0.0
1047721.88851570, 0.763612,    0.0,    2.0, -2.0,  0.00,  0.00,  0.00,  0.0,  0.0,  0.0
1047721.89101570, -0.800559,    0.0,    2.0, -2.0,  0.00,  0.00,  0.00,  0.0,  0.0,  0.0
1047721.89351570, -2.640630,    0.0,    2.0, -2.0,  0.00,  0.00,  0.00,  0.0,  0.0,  0.0
1047721.89601570, -2.640630,    0.0,    2.0, -2.0,  0.00,  0.00,  0.00,  0.0,  0.0,  0.0
1047721.89851570, -2.640630,    0.0,    2.0, -2.0,  0.00,  0.00,  0.00,  0.0,  0.0,  0.0
1047721.90101570, 0.786877,    0.0,    2.0, -2.0,  0.00,  0.00,  0.00,  0.0,  0.0,  0.0
1047721.90351570, 1.652514,    0.0,    2.0, -2.0,  0.00,  0.00,  0.00,  0.0,  0.0,  0.0
1047721.90601570, 2.228067,    0.0,    2.0, -2.0,  0.00,  0.00,  0.00,  0.0,  0.0,  0.0
1047721.90851570, 1.512974,    0.0,    2.0, -2.0,  0.00,  0.00,  0.00,  0.0,  0.0,  0.0
1047721.91101570, 0.021134,    0.0,    2.0, -2.0,  0.00,  0.00,  0.00,  0.0,  0.0,  0.0
1047721.91351570, -1.847443,    0.0,    2.0, -2.0,  0.00,  0.00,  0.00,  0.0,  0.0,  0.0
1047721.91601570, -2.156812,    0.0,    2.0, -2.0,  0.00,  0.00,  0.00,  0.0,  0.0,  0.0
1047721.91851570, -1.021717,    0.0,    2.0, -2.0,  0.00,  0.00,  0.00,  0.0,  0.0,  0.0
1047721.92101570, 1.038975,    0.0,    2.0, -2.0,  0.00,  0.00,  0.00,  0.0,  0.0,  0.0
1047721.92351570, 2.629939,    0.0,    2.0, -2.0,  0.00,  0.00,  0.00,  0.0,  0.0,  0.0
1047721.92601570, 2.633064,    0.0,    2.0, -2.0,  0.00,  0.00,  0.00,  0.0,  0.0,  0.0
1047721.92851570, 2.640363,    0.0,    2.0, -2.0,  0.00,  0.00,  0.00,  0.0,  0.0,  0.0
1047721.93101570, 2.647663,    0.0,    2.0, -2.0,  0.00,  0.00,  0.00,  0.0,  0.0,  0.0
1047721.93351570, -0.989588,    0.0,    2.0, -2.0,  0.00,  0.00,  0.00,  0.0,  0.0,  0.0
1047721.93601570, -2.333820,    0.0,    2.0, -2.0,  0.00,  0.00,  0.00,  0.0,  0.0,  0.0
1047721.93851570, -1.681194,    0.0,    2.0, -2.0,  0.00,  0.00,  0.00,  0.0,  0.0,  0.0
1047721.94101570, -0.443244,    0.0,    2.0, -2.0,  0.00,  0.00,  0.00,  0.0,  0.0,  0.0
1047721.94351570, 1.105877,    0.0,    2.0, -2.0,  0.00,  0.00,  0.00,  0.0,  0.0,  0.0
1047721.94601570, 2.736979,    0.0,    2.0, -2.0,  0.00,  0.00,  0.00,  0.0,  0.0,  0.0
1047721.94851570, 1.528786,    0.0,    2.0, -2.0,  0.00,  0.00,  0.00,  0.0,  0.0,  0.0
1047721.95101570, 1.467276,    0.0,    2.0, -2.0,  0.00,  0.00,  0.00,  0.0,  0.0,  0.0
1047721.95351570, -0.494155,    0.0,    2.0, -2.0,  0.00,  0.00,  0.00,  0.0,  0.0,  0.0
1047721.95601570, -1.876913,    0.0,    2.0, -2.0,  0.00,  0.00,  0.00,  0.0,  0.0,  0.0
1047721.95851570, -2.089022,    0.0,    2.0, -2.0,  0.00,  0.00,  0.00,  0.0,  0.0,  0.0
1047721.96101570, -2.301132,    0.0,    2.0, -2.0,  0.00,  0.00,  0.00,  0.0,  0.0,  0.0
1047721.96351570, 0.966343,    0.0,    2.0, -2.0,  0.00,  0.00,  0.00,  0.0,  0.0,  0.0
1047721.96601570, 2.200953,    0.0,    2.0, -2.0,  0.00,  0.00,  0.00,  0.0,  0.0,  0.0
1047721.96851570, 1.825309,    0.0,    2.0, -2.0,  0.00,  0.00,  0.00,  0.0,  0.0,  0.0
1047721.97101570, 0.707104,    0.0,    2.0, -2.0,  0.00,  0.00,  0.00,  0.0,  0.0,  0.0
1047721.97351570, -1.000350,    0.0,    2.0, -2.0,  0.00,  0.00,  0.00,  0.0,  0.0,  0.0
1047721.97601570, -2.150619,    0.0,    2.0, -2.0,  0.00,  0.00,  0.00,  0.0,  0.0,  0.0
1047721.97851570, -1.026318,    0.0,    2.0, -2.0,  0.00,  0.00,  0.00,  0.0,  0.0,  0.0
1047721.98101570, -0.148006,    0.0,    2.0, -2.0,  0.00,  0.00,  0.00,  0.0,  0.0,  0.0
1047721.98351570, 2.047491,    0.0,    2.0, -2.0,  0.00,  0.00,  0.00,  0.0,  0.0,  0.0
1047721.98601570, 2.388642,    0.0,    2.0, -2.0,  0.00,  0.00,  0.00,  0.0,  0.0,  0.0
1047721.98851570, 2.368361,    0.0,    2.0, -2.0,  0.00,  0.00,  0.00,  0.0,  0.0,  0.0
1047721.99101570, 0.658929,    0.0,    2.0, -2.0,  0.00,  0.00,  0.00,  0.0,  0.0,  0.0
1047721.99351570, -1.024288,    0.0,    2.0, -2.0,  0.00,  0.00,  0.00,  0.0,  0.0,  0.0
1047721.99601570, -1.444105,    0.0,    2.0, -2.0,  0.00,  0.00,  0.00,  0.0,  0.0,  0.0
1047721.99851570, -1.863922,    0.0,    2.0, -2.0,  0.00,  0.00,  0.00,  0.0,  0.0,  0.0
1047722.00101570, -2.283740,    0.0,    2.0, -2.0,  0.00,  0.00,  0.00,  0.0,  0.0,  0.0
1047722.00351570, 1.451485,    0.0,    2.0, -2.0,  0.00,  0.00,  0.00,  0.0,  0.0,  0.0
1047722.00601570, 2.745755,    0.0,    2.0, -2.0,  0.00,  0.00,  0.00,  0.0,  0.0,  0.0
1047722.00851570, 1.999125,    0.0,    2.0, -2.0,  0.00,  0.00,  0.00,  0.0,  0.0,  0.0
1047722.01101570, 0.889904,    0.0,    2.0, -2.0,  0.00,  0.00,  0.00,  0.0,  0.0,  0.0
1047722.01351570, -0.161880,    0.0,    2.0, -2.0,  0.00,  0.00,  0.00,  0.0,  0.0,  0.0
1047722.01601570, -1.213663,    0.0,    2.0, -2.0,  0.00,  0.00,  0.00,  0.0,  0.0,  0.0
1047722.01851570, -2.265447,    0.0,    2.0, -2.0,  0.00,  0.00,  0.00,  0.0,  0.0,  0.0
1047722.02101570, -1.228658,    0.0,    2.0, -2.0,  0.00,  0.00,  0.00,  0.0,  0.0,  0.0
1047722.02351570, -0.168383,    0.0,    2.0, -2.0,  0.00,  0.00,  0.00,  0.0,  0.0,  0.0
1047722.02601570, 0.811454,    0.0,    2.0, -2.0,  0.00,  0.00,  0.00,  0.0,  0.0,  0.0
1047722.02851570, 0.924955,    0.0,    2.0, -2.0,  0.00,  0.00,  0.00,  0.0,  0.0,  0.0
1047722.03101570, -0.307956,    0.0,    2.0, -2.0,  0.00,  0.00,  0.00,  0.0,  0.0,  0.0
1047722.03351570, -1.674862,    0.0,    2.0, -2.0,  0.00,  0.00,  0.00,  0.0,  0.0,  0.0
1047722.03601570, -2.559560,    0.0,    2.0, -2.0,  0.00,  0.00,  0.00,  0.0,  0.0,  0.0
1047722.03851570, -2.081198,    0.0,    2.0, -2.0,  0.00,  0.00,  0.00,  0.0,  0.0,  0.0
1047722.04101570, -0.197374,    0.0,    2.0, -2.0,  0.00,  0.00,  0.00,  0.0,  0.0,  0.0
1047722.04351570, 1.490025,    0.0,    2.0, -2.0,  0.00,  0.00,  0.00,  0.0,  0.0,  0.0
1047722.04601570, 2.304989,    0.0,    2.0, -2.0,  0.00,  0.00,  0.00,  0.0,  0.0,  0.0
1047722.04851570, 1.934341,    0.0,    2.0, -2.0,  0.00,  0.00,  0.00,  0.0,  0.0,  0.0
1047722.05101570, 0.821237,    0.0,    2.0, -2.0,  0.00,  0.00,  0.00,  0.0,  0.0,  0.0
1047722.05351570, -0.560810,    0.0,    2.0, -2.0,  0.00,  0.00,  0.00,  0.0,  0.0,  0.0
1047722.05601570, -1.942858,    0.0,    2.0, -2.0,  0.00,  0.00,  0.00,  0.0,  0.0,  0.0
1047722.05851570, -1.963256,    0.0,    2.0, -2.0,  0.00,  0.00,  0.00,  0.0,  0.0,  0.0
1047722.06101570, -0.499692,    0.0,    2.0, -2.0,  0.00,  0.00,  0.00,  0.0,  0.0,  0.0
1047722.06351570, 1.408778,    0.0,    2.0, -2.0,  0.00,  0.00,  0.00,  0.0,  0.0,  0.0
1047722.06601570, 2.128444,    0.0,    2.0, -2.0,  0.00,  0.00,  0.00,  0.0,  0.0,  0.0
1047722.06851570, 1.337664,    0.0,    2.0, -2.0,  0.00,  0.00,  0.00,  0.0,  0.0,  0.0
1047722.07101570, 0.264355,    0.0,    2.0, -2.0,  0.00,  0.00,  0.00,  0.0,  0.0,  0.0
1047722.07351570, -0.964149,    0.0,    2.0, -2.0,  0.00,  0.00,  0.00,  0.0,  0.0,  0.0
1047722.07601570, -1.891008,    0.0,    2.0, -2.0,  0.00,  0.00,  0.00,  0.0,  0.0,  0.0
1047722.07851570, -1.884211,    0.0,    2.0, -2.0,  0.00,  0.00,  0.00,  0.0,  0.0,  0.0
1047722.08101570, -0.348388,    0.0,    2.0, -2.0,  0.00,  0.00,  0.00,  0.0,  0.0,  0.0
1047722.08351570, 1.644552,    0.0,    2.0, -2.0,  0.00,  0.00,  0.00,  0.0,  0.0,  0.0
1047722.08601570, 2.512739,    0.0,    2.0, -2.0,  0.00,  0.00,  0.00,  0.0,  0.0,  0.0
1047722.08851570, 2.038450,    0.0,    2.0, -2.0,  0.00,  0.00,  0.00,  0.0,  0.0,  0.0
1047722.09101570, 0.731663,    0.0,    2.0, -2.0,  0.00,  0.00,  0.00,  0.0,  0.0,  0.0
1047722.09351570, -1.049996,    0.0,    2.0, -2.0,  0.00,  0.00,  0.00,  0.0,  0.0,  0.0
1047722.09601570, -2.427448,    0.0,    2.0, -2.0,  0.00,  0.00,  0.00,  0.0,  0.0,  0.0
1047722.09851570, -1.872372,    0.0,    2.0, -2.0,  0.00,  0.00,  0.00,  0.0,  0.0,  0.0
1047722.10101570, -0.222721,    0.0,    2.0, -2.0,  0.00,  0.00,  0.00,  0.0,  0.0,  0.0
1047722.10351570, 1.566172,    0.0,    2.0, -2.0,  0.00,  0.00,  0.00,  0.0,  0.0,  0.0
1047722.10601570, 2.485144,    0.0,    2.0, -2.0,  0.00,  0.00,  0.00,  0.0,  0.0,  0.0
1047722.10851570, 1.718083,    0.0,    2.0, -2.0,  0.00,  0.00,  0.00,  0.0,  0.0,  0.0
1047722.11101570, -0.171643,    0.0,    2.0, -2.0,  0.00,  0.00,  0.00,  0.0,  0.0,  0.0
1047722.11351570, -1.286098,    0.0,    2.0, -2.0,  0.00,  0.00,  0.00,  0.0,  0.0,  0.0
1047722.11601570, -1.824105,    0.0,    2.0, -2.0,  0.00,  0.00,  0.00,  0.0,  0.0,  0.0
1047722.11851570, -2.362112,    0.0,    2.0, -2.0,  0.00,  0.00,  0.00,  0.0,  0.0,  0.0
1047722.12101570, -0.236036,    0.0,    2.0, -2.0,  0.00,  0.00,  0.00,  0.0,  0.0,  0.0
1047722.12351570, 1.465461,    0.0,    2.0, -2.0,  0.00,  0.00,  0.00,  0.0,  0.0,  0.0
1047722.12601570, 2.342962,    0.0,    2.0, -2.0,  0.00,  0.00,  0.00,  0.0,  0.0,  0.0
1047722.12851570, 1.965426,    0.0,    2.0, -2.0,  0.00,  0.00,  0.00,  0.0,  0.0,  0.0
1047722.13101570, 0.300990,    0.0,    2.0, -2.0,  0.00,  0.00,  0.00,  0.0,  0.0,  0.0
1047722.13351570, -0.867552,    0.0,    2.0, -2.0,  0.00,  0.00,  0.00,  0.0,  0.0,  0.0
1047722.13601570, -1.675529,    0.0,    2.0, -2.0,  0.00,  0.00,  0.00,  0.0,  0.0,  0.0
1047722.13851570, -1.772301,    0.0,    2.0, -2.0,  0.00,  0.00,  0.00,  0.0,  0.0,  0.0
1047722.14101570, -1.212681,    0.0,    2.0, -2.0,  0.00,  0.00,  0.00,  0.0,  0.0,  0.0
1047722.14351570, -0.551323,    0.0,    2.0, -2.0,  0.00,  0.00,  0.00,  0.0,  0.0,  0.0
1047722.14601570, 2.791074,    0.0,    2.0, -2.0,  0.00,  0.00,  0.00,  0.0,  0.0,  0.0
1047722.14851570, 2.444188,    0.0,    2.0, -2.0,  0.00,  0.00,  0.00,  0.0,  0.0,  0.0
1047722.15101570, 2.026001,    0.0,    2.0, -2.0,  0.00,  0.00,  0.00,  0.0,  0.0,  0.0
1047722.15351570, 0.293321,    0.0,    2.0, -2.0,  0.00,  0.00,  0.00,  0.0,  0.0,  0.0
1047722.15601570, -1.804773,    0.0,    2.0, -2.0,  0.00,  0.00,  0.00,  0.0,  0.0,  0.0
1047722.15851570, -2.285157,    0.0,    2.0, -2.0,  0.00,  0.00,  0.00,  0.0,  0.0,  0.0
1047722.16101570, 0.591062,    0.0,    2.0, -2.0,  0.00,  0.00,  0.00,  0.0,  0.0,  0.0
1047722.16351570, 2.116334,    0.0,    2.0, -2.0,  0.00,  0.00,  0.00,  0.0,  0.0,  0.0
1047722.16601570, 2.676700,    0.0,    2.0, -2.0,  0.00,  0.00,  0.00,  0.0,  0.0,  0.0
1047722.16851570, 1.913625,    0.0,    2.0, -2.0,  0.00,  0.00,  0.00,  0.0,  0.0,  0.0
1047722.17101570, -0.213816,    0.0,    2.0, -2.0,  0.00,  0.00,  0.00,  0.0,  0.0,  0.0
1047722.17351570, -0.213816,    0.0,    2.0, -2.0,  0.00,  0.00,  0.00,  0.0,  0.0,  0.0
1047722.17601570, -0.589667,    0.0,    2.0, -2.0,  0.00,  0.00,  0.00,  0.0,  0.0,  0.0
1047722.17851570, -2.003343,    0.0,    2.0, -2.0,  0.00,  0.00,  0.00,  0.0,  0.0,  0.0
1047722.18101570, -0.794147,    0.0,    2.0, -2.0,  0.00,  0.00,  0.00,  0.0,  0.0,  0.0
1047722.18351570, 0.400612,    0.0,    2.0, -2.0,  0.00,  0.00,  0.00,  0.0,  0.0,  0.0
1047722.18601570, 2.132422,    0.0,    2.0, -2.0,  0.00,  0.00,  0.00,  0.0,  0.0,  0.0
1047722.18851570, 2.058391,    0.0,    2.0, -2.0,  0.00,  0.00,  0.00,  0.0,  0.0,  0.0
1047722.19101570, 1.584960,    0.0,    2.0, -2.0,  0.00,  0.00,  0.00,  0.0,  0.0,  0.0
1047722.19351570, 1.111528,    0.0,    2.0, -2.0,  0.00,  0.00,  0.00,  0.0,  0.0,  0.0
1047722.19601570, -2.854446,    0.0,    2.0, -2.0,  0.00,  0.00,  0.00,  0.0,  0.0,  0.0
1047722.19851570, -2.854446,    0.0,    2.0, -2.0,  0.00,  0.00,  0.00,  0.0,  0.0,  0.0
1047722.20101570, -2.854446,    0.0,    2.0, -2.0,  0.00,  0.00,  0.00,  0.0,  0.0,  0.0
1047722.20351570, -1.694015,    0.0,    2.0, -2.0,  0.00,  0.00,  0.00,  0.0,  0.0,  0.0
1047722.20601570, 0.003812,    0.0,    2.0, -2.0,  0.00,  0.00,  0.00,  0.0,  0.0,  0.0
1047722.20851570, 1.701639,    0.0,    2.0, -2.0,  0.00,  0.00,  0.00,  0.0,  0.0,  0.0
1047722.21101570, -0.547347,    0.0,    2.0, -2.0,  0.00,  0.00,  0.00,  0.0,  0.0,  0.0
1047722.21351570, -1.809666,    0.0,    2.0, -2.0,  0.00,  0.00,  0.00,  0.0,  0.0,  0.0
1047722.21601570, -2.510009,    0.0,    2.0, -2.0,  0.00,  0.00,  0.00,  0.0,  0.0,  0.0
1047722.21851570, -2.212355,    0.0,    2.0, -2.0,  0.00,  0.00,  0.00,  0.0,  0.0,  0.0
1047722.22101570, -0.291334,    0.0,    2.0, -2.0,  0.00,  0.00,  0.00,  0.0,  0.0,  0.0
1047722.22351570, 1.350363,    0.0,    2.0, -2.0,  0.00,  0.00,  0.00,  0.0,  0.0,  0.0
1047722.22601570, 2.084013,    0.0,    2.0, -2.0,  0.00,  0.00,  0.00,  0.0,  0.0,  0.0
1047722.22851570, 1.687023,    0.0,    2.0, -2.0,  0.00,  0.00,  0.00,  0.0,  0.0,  0.0
1047722.23101570, -0.470396,    0.0,    2.0, -2.0,  0.00,  0.00,  0.00,  0.0,  0.0,  0.0
1047722.23351570, -0.685960,    0.0,    2.0, -2.0,  0.00,  0.00,  0.00,  0.0,  0.0,  0.0
1047722.23601570, -1.320796,    0.0,    2.0, -2.0,  0.00,  0.00,  0.00,  0.0,  0.0,  0.0
1047722.23851570, -1.955631,    0.0,    2.0, -2.0,  0.00,  0.00,  0.00,  0.0,  0.0,  0.0
1047722.24101570, 0.513159,    0.0,    2.0, -2.0,  0.00,  0.00,  0.00,  0.0,  0.0,  0.0
1047722.24351570, 0.629101,    0.0,    2.0, -2.0,  0.00,  0.00,  0.00,  0.0,  0.0,  0.0
1047722.24601570, 1.269381,    0.0,    2.0, -2.0,  0.00,  0.00,  0.00,  0.0,  0.0,  0.0
1047722.24851570, 1.909662,    0.0,    2.0, -2.0,  0.00,  0.00,  0.00,  0.0,  0.0,  0.0
1047722.25101570, 1.093833,    0.0,    2.0, -2.0,  0.00,  0.00,  0.00,  0.0,  0.0,  0.0
1047722.25351570, -0.418242,    0.0,    2.0, -2.0,  0.00,  0.00,  0.00,  0.0,  0.0,  0.0
1047722.25601570, -1.930316,    0.0,    2.0, -2.0,  0.00,  0.00,  0.00,  0.0,  0.0,  0.0
1047722.25851570, -1.897364,    0.0,    2.0, -2.0,  0.00,  0.00,  0.00,  0.0,  0.0,  0.0
1047722.26101570, -1.458254,    0.0,    2.0, -2.0,  0.00,  0.00,  0.00,  0.0,  0.0,  0.0
1047722.26351570, -1.019143,    0.0,    2.0, -2.0,  0.00,  0.00,  0.00,  0.0,  0.0,  0.0
1047722.26601570, -0.534983,    0.0,    2.0, -2.0,  0.00,  0.00,  0.00,  0.0,  0.0,  0.0
1047722.26851570, 0.964598,    0.0,    2.0, -2.0,  0.00,  0.00,  0.00,  0.0,  0.0,  0.0
1047722.27101570, 2.464179,    0.0,    2.0, -2.0,  0.00,  0.00,  0.00,  0.0,  0.0,  0.0
1047722.27351570, 1.161215,    0.0,    2.0, -2.0,  0.00,  0.00,  0.00,  0.0,  0.0,  0.0
1047722.27601570, -2.484663,    0.0,    2.0, -2.0,  0.00,  0.00,  0.00,  0.0,  0.0,  0.0
1047722.27851570, -2.026132,    0.0,    2.0, -2.0,  0.00,  0.00,  0.00,  0.0,  0.0,  0.0
1047722.28101570, -0.305528,    0.0,    2.0, -2.0,  0.00,  0.00,  0.00,  0.0,  0.0,  0.0
1047722.28351570, 1.127761,    0.0,    2.0, -2.0,  0.00,  0.00,  0.00,  0.0,  0.0,  0.0
1047722.28601570, 2.381338,    0.0,    2.0, -2.0,  0.00,  0.00,  0.00,  0.0,  0.0,  0.0
1047722.28851570, 1.433795,    0.0,    2.0, -2.0,  0.00,  0.00,  0.00,  0.0,  0.0,  0.0
1047722.29101570, -0.812502,    0.0,    2.0, -2.0,  0.00,  0.00,  0.00,  0.0,  0.0,  0.0
1047722.29351570, -1.432265,    0.0,    2.0, -2.0,  0.00,  0.00,  0.00,  0.0,  0.0,  0.0
1047722.29601570, -2.270900,    0.0,    2.0, -2.0,  0.00,  0.00,  0.00,  0.0,  0.0,  0.0
1047722.29851570, -2.023296,    0.0,    2.0, -2.0,  0.00,  0.00,  0.00,  0.0,  0.0,  0.0
1047722.30101570, -1.558365,    0.0,    2.0, -2.0,  0.00,  0.00,  0.00,  0.0,  0.0,  0.0
1047722.30351570, -1.093435,    0.0,    2.0, -2.0,  0.00,  0.00,  0.00,  0.0,  0.0,  0.0
1047722.30601570, 1.239898,    0.0,    2.0, -2.0,  0.00,  0.00,  0.00,  0.0,  0.0,  0.0
1047722.30851570, 2.060086,    0.0,    2.0, -2.0,  0.00,  0.00,  0.00,  0.0,  0.0,  0.0
1047722.31101570, 1.279719,    0.0,    2.0, -2.0,  0.00,  0.00,  0.00,  0.0,  0.0,  0.0
1047722.31351570, -0.543092,    0.0,    2.0, -2.0,  0.00,  0.00,  0.00,  0.0,  0.0,  0.0
1047722.31601570, -2.244957,    0.0,    2.0, -2.0,  0.00,  0.00,  0.00,  0.0,  0.0,  0.0
1047722.31851570, -1.988515,    0.0,    2.0, -2.0,  0.00,  0.00,  0.00,  0.0,  0.0,  0.0
1047722.32101570, -1.485116,    0.0,    2.0, -2.0,  0.00,  0.00,  0.00,  0.0,  0.0,  0.0
1047722.32351570, -0.959528,    0.0,    2.0, -2.0,  0.00,  0.00,  0.00,  0.0,  0.0,  0.0
1047722.32601570, -0.126702,    0.0,    2.0, -2.0,  0.00,  0.00,  0.00,  0.0,  0.0,  0.0
1047722.32851570, 0.706123,    0.0,    2.0, -2.0,  0.00,  0.00,  0.00,  0.0,  0.0,  0.0
1047722.33101570, 1.538949,    0.0,    2.0, -2.0,  0.00,  0.00,  0.00,  0.0,  0.0,  0.0
1047722.33351570, 2.217553,    0.0,    2.0, -2.0,  0.00,  0.00,  0.00,  0.0,  0.0,  0.0
1047722.33601570, 0.574125,    0.0,    2.0, -2.0,  0.00,  0.00,  0.00,  0.0,  0.0,  0.0
1047722.33851570, -1.069303,    0.0,    2.0, -2.0,  0.00,  0.00,  0.00,  0.0,  0.0,  0.0
1047722.34101570, -1.452629,    0.0,    2.0, -2.0,  0.00,  0.00,  0.00,  0.0,  0.0,  0.0
1047722.34351570, 0.895419,    0.0,    2.0, -2.0,  0.00,  0.00,  0.00,  0.0,  0.0,  0.0
1047722.34601570, 2.131043,    0.0,    2.0, -2.0,  0.00,  0.00,  0.00,  0.0,  0.0,  0.0
1047722.34851570, 2.091858,    0.0,    2.0, -2.0,  0.00,  0.00,  0.00,  0.0,  0.0,  0.0
1047722.35101570, 0.983211,    0.0,    2.0, -2.0,  0.00,  0.00,  0.00,  0.0,  0.0,  0.0
1047722.35351570, -1.241082,    0.0,    2.0, -2.0,  0.00,  0.00,  0.00,  0.0,  0.0,  0.0
1047722.35601570, -2.528944,    0.0,    2.0, -2.0,  0.00,  0.00,  0.00,  0.0,  0.0,  0.0
1047722.35851570, -1.606752,    0.0,    2.0, -2.0,  0.00,  0.00,  0.00,  0.0,  0.0,  0.0
1047722.36101570, 0.310033,    0.0,    2.0, -2.0,  0.00,  0.00,  0.00,  0.0,  0.0,  0.0
1047722.36351570, 0.310033,    0.0,    2.0, -2.0,  0.00,  0.00,  0.00,  0.0,  0.0,  0.0
1047722.36601570, 0.310033,    0.0,    2.0, -2.0,  0.00,  0.00,  0.00,  0.0,  0.0,  0.0
1047722.36851570, 0.972331,    0.0,    2.0, -2.0,  0.00,  0.00,  0.00,  0.0,  0.0,  0.0
1047722.37101570, 0.206925,    0.0,    2.0, -2.0,  0.00,  0.00,  0.00,  0.0,  0.0,  0.0
1047722.37351570, -1.098745,    0.0,    2.0, -2.0,  0.00,  0.00,  0.00,  0.0,  0.0,  0.0
1047722.37601570, -1.833361,    0.0,    2.0, -2.0,  0.00,  0.00,  0.00,  0.0,  0.0,  0.0
1047722.37851570, -1.822589,    0.0,    2.0, -2.0,  0.00,  0.00,  0.00,  0.0,  0.0,  0.0
1047722.38101570, -0.638483,    0.0,    2.0, -2.0,  0.00,  0.00,  0.00,  0.0,  0.0,  0.0
1047722.38351570, 0.886992,    0.0,    2.0, -2.0,  0.00,  0.00,  0.00,  0.0,  0.0,  0.0
1047722.38601570, 2.359859,    0.0,    2.0, -2.0,  0.00,  0.00,  0.00,  0.0,  0.0,  0.0
1047722.38851570, 2.203868,    0.0,    2.0, -2.0,  0.00,  0.00,  0.00,  0.0,  0.0,  0.0
1047722.39101570, 1.798958,    0.0,    2.0, -2.0,  0.00,  0.00,  0.00,  0.0,  0.0,  0.0
1047722.39351570, -0.138233,    0.0,    2.0, -2.0,  0.00,  0.00,  0.00,  0.0,  0.0,  0.0
1047722.39601570, -2.343523,    0.0,    2.0, -2.0,  0.00,  0.00,  0.00,  0.0,  0.0,  0.0
1047722.39851570, -2.347513,    0.0,    2.0, -2.0,  0.00,  0.00,  0.00,  0.0,  0.0,  0.0
1047722.40101570, -2.351503,    0.0,    2.0, -2.0,  0.00,  0.00,  0.00,  0.0,  0.0,  0.0
1047722.40351570, 1.454968,    0.0,    2.0, -2.0,  0.00,  0.00,  0.00,  0.0,  0.0,  0.0
1047722.40601570, 2.590237,    0.0,    2.0, -2.0,  0.00,  0.00,  0.00,  0.0,  0.0,  0.0
1047722.40851570, 1.822165,    0.0,    2.0, -2.0,  0.00,  0.00,  0.00,  0.0,  0.0,  0.0
1047722.41101570, -0.327841,    0.0,    2.0, -2.0,  0.00,  0.00,  0.00,  0.0,  0.0,  0.0
1047722.41351570, -1.751263,    0.0,    2.0, -2.0,  0.00,  0.00,  0.00,  0.0,  0.0,  0.0
1047722.41601570, -2.368014,    0.0,    2.0, -2.0,  0.00,  0.00,  0.00,  0.0,  0.0,  0.0
1047722.41851570, -1.803832,    0.0,    2.0, -2.0,  0.00,  0.00,  0.00,  0.0,  0.0,  0.0
1047722.42101570, 0.128973,    0.0,    2.0, -2.0,  0.00,  0.00,  0.00,  0.0,  0.0,  0.0
1047722.42351570, 2.009284,    0.0,    2.0, -2.0,  0.00,  0.00,  0.00,  0.0,  0.0,  0.0
1047722.42601570, 2.075315,    0.0,    2.0, -2.0,  0.00,  0.00,  0.00,  0.0,  0.0,  0.0
1047722.42851570, 1.968260,    0.0,    2.0, -2.0,  0.00,  0.00,  0.00,  0.0,  0.0,  0.0
1047722.43101570, -0.948837,    0.0,    2.0, -2.0,  0.00,  0.00,  0.00,  0.0,  0.0,  0.0
1047722.43351570, -2.314693,    0.0,    2.0, -2.0,  0.00,  0.00,  0.00,  0.0,  0.0,  0.0
1047722.43601570, -2.539376,    0.0,    2.0, -2.0,  0.00,  0.00,  0.00,  0.0,  0.0,  0.0
1047722.43851570, -2.546110,    0.0,    2.0, -2.0,  0.00,  0.00,  0.00,  0.0,  0.0,  0.0
1047722.44101570, -2.552844,    0.0,    2.0, -2.0,  0.00,  0.00,  0.00,  0.0,  0.0,  0.0
1047722.44351570, -1.800203,    0.0,    2.0, -2.0,  0.00,  0.00,  0.00,  0.0,  0.0,  0.0
1047722.44601570, -0.664055,    0.0,    2.0, -2.0,  0.00,  0.00,  0.00,  0.0,  0.0,  0.0
1047722.44851570, 0.472091,    0.0,    2.0, -2.0,  0.00,  0.00,  0.00,  0.0,  0.0,  0.0
1047722.45101570, 1.608238,    0.0,    2.0, -2.0,  0.00,  0.00,  0.00,  0.0,  0.0,  0.0
1047722.45351570, -0.273317,    0.0,    2.0, -2.0,  0.00,  0.00,  0.00,  0.0,  0.0,  0.0
1047722.45601570, -2.108117,    0.0,    2.0, -2.0,  0.00,  0.00,  0.00,  0.0,  0.0,  0.0
1047722.45851570, -2.210866,    0.0,    2.0, -2.0,  0.00,  0.00,  0.00,  0.0,  0.0,  0.0
1047722.46101570, -1.503725,    0.0,    2.0, -2.0,  0.00,  0.00,  0.00,  0.0,  0.0,  0.0
1047722.46351570, -0.556251,    0.0,    2.0, -2.0,  0.00,  0.00,  0.00,  0.0,  0.0,  0.0
1047722.46601570, 0.391223,    0.0,    2.0, -2.0,  0.00,  0.00,  0.00,  0.0,  0.0,  0.0
1047722.46851570, 1.300049,    0.0,    2.0, -2.0,  0.00,  0.00,  0.00,  0.0,  0.0,  0.0
1047722.47101570, -0.731039,    0.0,    2.0, -2.0,  0.00,  0.00,  0.00,  0.0,  0.0,  0.0
1047722.47351570, -1.771064,    0.0,    2.0, -2.0,  0.00,  0.00,  0.00,  0.0,  0.0,  0.0
1047722.47601570, -2.262660,    0.0,    2.0, -2.0,  0.00,  0.00,  0.00,  0.0,  0.0,  0.0
1047722.47851570, -0.602768,    0.0,    2.0, -2.0,  0.00,  0.00,  0.00,  0.0,  0.0,  0.0
1047722.48101570, 1.264172,    0.0,    2.0, -2.0,  0.00,  0.00,  0.00,  0.0,  0.0,  0.0
1047722.48351570, 1.953804,    0.0,    2.0, -2.0,  0.00,  0.00,  0.00,  0.0,  0.0,  0.0
1047722.48601570, 2.275758,    0.0,    2.0, -2.0,  0.00,  0.00,  0.00,  0.0,  0.0,  0.0
1047722.48851570, 2.597712,    0.0,    2.0, -2.0,  0.00,  0.00,  0.00,  0.0,  0.0,  0.0
1047722.49101570, 0.620067,    0.0,    2.0, -2.0,  0.00,  0.00,  0.00,  0.0,  0.0,  0.0
1047722.49351570, 0.404716,    0.0,    2.0, -2.0,  0.00,  0.00,  0.00,  0.0,  0.0,  0.0
1047722.49601570, -0.245813,    0.0,    2.0, -2.0,  0.00,  0.00,  0.00,  0.0,  0.0,  0.0
1047722.49851570, -0.896341,    0.0,    2.0, -2.0,  0.00,  0.00,  0.00,  0.0,  0.0,  0.0
1047722.50101570, -1.495438,    0.0,    2.0, -2.0,  0.00,  0.00,  0.00,  0.0,  0.0,  0.0
1047722.50351570, -0.295840,    0.0,    2.0, -2.0,  0.00,  0.00,  0.00,  0.0,  0.0,  0.0
1047722.50601570, 0.903757,    0.0,    2.0, -2.0,  0.00,  0.00,  0.00,  0.0,  0.0,  0.0
1047722.51101570, 0.064145,    0.0,    2.0, -2.0,  0.00,  0.00,  0.00,  0.0,  0.0,  0.0
1047722.51351570, -0.277845,    0.0,    2.0, -2.0,  0.00,  0.00,  0.00,  0.0,  0.0,  0.0
1047722.51601570, -1.386619,    0.0,    2.0, -2.0,  0.00,  0.00,  0.00,  0.0,  0.0,  0.0
1047722.51851570, -1.282709,    0.0,    2.0, -2.0,  0.00,  0.00,  0.00,  0.0,  0.0,  0.0
1047722.52101570, -0.777962,    0.0,    2.0, -2.0,  0.00,  0.00,  0.00,  0.0,  0.0,  0.0
1047722.52351570, 0.993629,    0.0,    2.0, -2.0,  0.00,  0.00,  0.00,  0.0,  0.0,  0.0
1047722.52601570, 2.391357,    0.0,    2.0, -2.0,  0.00,  0.00,  0.00,  0.0,  0.0,  0.0
1047722.52851570, 1.963983,    0.0,    2.0, -2.0,  0.00,  0.00,  0.00,  0.0,  0.0,  0.0
1047722.53101570, 0.674884,    0.0,    2.0, -2.0,  0.00,  0.00,  0.00,  0.0,  0.0,  0.0
1047722.53351570, -0.748420,    0.0,    2.0, -2.0,  0.00,  0.00,  0.00,  0.0,  0.0,  0.0
1047722.53601570, -2.127471,    0.0,    2.0, -2.0,  0.00,  0.00,  0.00,  0.0,  0.0,  0.0
1047722.53851570, -1.668231,    0.0,    2.0, -2.0,  0.00,  0.00,  0.00,  0.0,  0.0,  0.0
1047722.54101570, 0.369335,    0.0,    2.0, -2.0,  0.00,  0.00,  0.00,  0.0,  0.0,  0.0
1047722.54351570, 2.126234,    0.0,    2.0, -2.0,  0.00,  0.00,  0.00,  0.0,  0.0,  0.0
1047722.54601570, 2.501649,    0.0,    2.0, -2.0,  0.00,  0.00,  0.00,  0.0,  0.0,  0.0
1047722.54851570, 1.896775,    0.0,    2.0, -2.0,  0.00,  0.00,  0.00,  0.0,  0.0,  0.0
1047722.55101570, 0.136984,    0.0,    2.0, -2.0,  0.00,  0.00,  0.00,  0.0,  0.0,  0.0
1047722.55351570, -1.786448,    0.0,    2.0, -2.0,  0.00,  0.00,  0.00,  0.0,  0.0,  0.0
1047722.55601570, -2.858159,    0.0,    2.0, -2.0,  0.00,  0.00,  0.00,  0.0,  0.0,  0.0
1047722.55851570, -2.307400,    0.0,    2.0, -2.0,  0.00,  0.00,  0.00,  0.0,  0.0,  0.0
1047722.56101570, -1.579414,    0.0,    2.0, -2.0,  0.00,  0.00,  0.00,  0.0,  0.0,  0.0
1047722.56351570, -0.546913,    0.0,    2.0, -2.0,  0.00,  0.00,  0.00,  0.0,  0.0,  0.0
1047722.56601570, 0.768286,    0.0,    2.0, -2.0,  0.00,  0.00,  0.00,  0.0,  0.0,  0.0
1047722.56851570, 2.034859,    0.0,    2.0, -2.0,  0.00,  0.00,  0.00,  0.0,  0.0,  0.0
1047722.57101570, 0.666716,    0.0,    2.0, -2.0,  0.00,  0.00,  0.00,  0.0,  0.0,  0.0
1047722.57351570, -0.701427,    0.0,    2.0, -2.0,  0.00,  0.00,  0.00,  0.0,  0.0,  0.0
1047722.57601570, -1.387652,    0.0,    2.0, -2.0,  0.00,  0.00,  0.00,  0.0,  0.0,  0.0
1047722.57851570, -2.007257,    0.0,    2.0, -2.0,  0.00,  0.00,  0.00,  0.0,  0.0,  0.0
1047722.58101570, -2.061909,    0.0,    2.0, -2.0,  0.00,  0.00,  0.00,  0.0,  0.0,  0.0
1047722.58351570, 0.943920,    0.0,    2.0, -2.0,  0.00,  0.00,  0.00,  0.0,  0.0,  0.0
1047722.58601570, 1.682845,    0.0,    2.0, -2.0,  0.00,  0.00,  0.00,  0.0,  0.0,  0.0
1047722.58851570, 1.557122,    0.0,    2.0, -2.0,  0.00,  0.00,  0.00,  0.0,  0.0,  0.0
1047722.59101570, -0.716284,    0.0,    2.0, -2.0,  0.00,  0.00,  0.00,  0.0,  0.0,  0.0
1047722.59351570, -1.036550,    0.0,    2.0, -2.0,  0.00,  0.00,  0.00,  0.0,  0.0,  0.0
1047722.59601570, -2.394741,    0.0,    2.0, -2.0,  0.00,  0.00,  0.00,  0.0,  0.0,  0.0
1047722.59851570, -2.394741,    0.0,    2.0, -2.0,  0.00,  0.00,  0.00,  0.0,  0.0,  0.0
1047722.60101570, -0.685046,    0.0,    2.0, -2.0,  0.00,  0.00,  0.00,  0.0,  0.0,  0.0
1047722.60351570, 1.573029,    0.0,    2.0, -2.0,  0.00,  0.00,  0.00,  0.0,  0.0,  0.0
1047722.60601570, 2.421296,    0.0,    2.0, -2.0,  0.00,  0.00,  0.00,  0.0,  0.0,  0.0
1047722.60851570, 1.588937,    0.0,    2.0, -2.0,  0.00,  0.00,  0.00,  0.0,  0.0,  0.0
1047722.61101570, -0.086019,    0.0,    2.0, -2.0,  0.00,  0.00,  0.00,  0.0,  0.0,  0.0
1047722.61351570, -0.747216,    0.0,    2.0, -2.0,  0.00,  0.00,  0.00,  0.0,  0.0,  0.0
1047722.61601570, -1.260455,    0.0,    2.0, -2.0,  0.00,  0.00,  0.00,  0.0,  0.0,  0.0
1047722.61851570, -1.773694,    0.0,    2.0, -2.0,  0.00,  0.00,  0.00,  0.0,  0.0,  0.0
1047722.62101570, -0.457587,    0.0,    2.0, -2.0,  0.00,  0.00,  0.00,  0.0,  0.0,  0.0
1047722.62351570, 1.520958,    0.0,    2.0, -2.0,  0.00,  0.00,  0.00,  0.0,  0.0,  0.0
1047722.62601570, 2.286871,    0.0,    2.0, -2.0,  0.00,  0.00,  0.00,  0.0,  0.0,  0.0
1047722.62851570, 2.408662,    0.0,    2.0, -2.0,  0.00,  0.00,  0.00,  0.0,  0.0,  0.0
1047722.63101570, 2.530453,    0.0,    2.0, -2.0,  0.00,  0.00,  0.00,  0.0,  0.0,  0.0
1047722.63351570, 1.085740,    0.0,    2.0, -2.0,  0.00,  0.00,  0.00,  0.0,  0.0,  0.0
1047722.63601570, -1.310803,    0.0,    2.0, -2.0,  0.00,  0.00,  0.00,  0.0,  0.0,  0.0
1047722.63851570, -1.504072,    0.0,    2.0, -2.0,  0.00,  0.00,  0.00,  0.0,  0.0,  0.0
1047722.64101570, -0.892436,    0.0,    2.0, -2.0,  0.00,  0.00,  0.00,  0.0,  0.0,  0.0
1047722.64351570, -0.438621,    0.0,    2.0, -2.0,  0.00,  0.00,  0.00,  0.0,  0.0,  0.0
1047722.64601570, 0.015194,    0.0,    2.0, -2.0,  0.00,  0.00,  0.00,  0.0,  0.0,  0.0
1047722.64851570, 0.469009,    0.0,    2.0, -2.0,  0.00,  0.00,  0.00,  0.0,  0.0,  0.0
1047722.65101570, 0.215307,    0.0,    2.0, -2.0,  0.00,  0.00,  0.00,  0.0,  0.0,  0.0
1047722.65351570, -0.885452,    0.0,    2.0, -2.0,  0.00,  0.00,  0.00,  0.0,  0.0,  0.0
1047722.65601570, -1.986212,    0.0,    2.0, -2.0,  0.00,  0.00,  0.00,  0.0,  0.0,  0.0
1047722.65851570, -1.687840,    0.0,    2.0, -2.0,  0.00,  0.00,  0.00,  0.0,  0.0,  0.0
1047722.66101570, -0.539972,    0.0,    2.0, -2.0,  0.00,  0.00,  0.00,  0.0,  0.0,  0.0
1047722.66351570, 1.289087,    0.0,    2.0, -2.0,  0.00,  0.00,  0.00,  0.0,  0.0,  0.0
1047722.66601570, 2.521287,    0.0,    2.0, -2.0,  0.00,  0.00,  0.00,  0.0,  0.0,  0.0
1047722.66851570, 2.065395,    0.0,    2.0, -2.0,  0.00,  0.00,  0.00,  0.0,  0.0,  0.0
1047722.67101570, 1.011989,    0.0,    2.0, -2.0,  0.00,  0.00,  0.00,  0.0,  0.0,  0.0
1047722.67351570, 0.251565,    0.0,    2.0, -2.0,  0.00,  0.00,  0.00,  0.0,  0.0,  0.0
1047722.67601570, -0.508859,    0.0,    2.0, -2.0,  0.00,  0.00,  0.00,  0.0,  0.0,  0.0
1047722.67851570, -1.581562,    0.0,    2.0, -2.0,  0.00,  0.00,  0.00,  0.0,  0.0,  0.0
1047722.68101570, 0.310585,    0.0,    2.0, -2.0,  0.00,  0.00,  0.00,  0.0,  0.0,  0.0
1047722.68351570, 0.965685,    0.0,    2.0, -2.0,  0.00,  0.00,  0.00,  0.0,  0.0,  0.0
1047722.68601570, 1.454711,    0.0,    2.0, -2.0,  0.00,  0.00,  0.00,  0.0,  0.0,  0.0
1047722.68851570, 1.943737,    0.0,    2.0, -2.0,  0.00,  0.00,  0.00,  0.0,  0.0,  0.0
1047722.69351570, -1.318633,    0.0,    2.0, -2.0,  0.00,  0.00,  0.00,  0.0,  0.0,  0.0
1047722.69601570, -2.703243,    0.0,    2.0, -2.0,  0.00,  0.00,  0.00,  0.0,  0.0,  0.0
1047722.69851570, -1.848256,    0.0,    2.0, -2.0,  0.00,  0.00,  0.00,  0.0,  0.0,  0.0
1047722.70101570, -1.049567,    0.0,    2.0, -2.0,  0.00,  0.00,  0.00,  0.0,  0.0,  0.0
1047722.70351570, -0.381470,    0.0,    2.0, -2.0,  0.00,  0.00,  0.00,  0.0,  0.0,  0.0
1047722.70601570, 0.286627,    0.0,    2.0, -2.0,  0.00,  0.00,  0.00,  0.0,  0.0,  0.0
1047722.70851570, 0.777464,    0.0,    2.0, -2.0,  0.00,  0.00,  0.00,  0.0,  0.0,  0.0
1047722.71101570, 1.140424,    0.0,    2.0, -2.0,  0.00,  0.00,  0.00,  0.0,  0.0,  0.0
1047722.71351570, 1.503383,    0.0,    2.0, -2.0,  0.00,  0.00,  0.00,  0.0,  0.0,  0.0
1047722.71601570, 0.769890,    0.0,    2.0, -2.0,  0.00,  0.00,  0.00,  0.0,  0.0,  0.0
1047722.71851570, -2.494129,    0.0,    2.0, -2.0,  0.00,  0.00,  0.00,  0.0,  0.0,  0.0
1047722.72101570, 0.323342,    0.0,    2.0, -2.0,  0.00,  0.00,  0.00,  0.0,  0.0,  0.0
1047722.72351570, 2.214219,    0.0,    2.0, -2.0,  0.00,  0.00,  0.00,  0.0,  0.0,  0.0
1047722.72601570, 2.736847,    0.0,    2.0, -2.0,  0.00,  0.00,  0.00,  0.0,  0.0,  0.0
1047722.72851570, 2.044764,    0.0,    2.0, -2.0,  0.00,  0.00,  0.00,  0.0,  0.0,  0.0
1047722.73101570, 0.434463,    0.0,    2.0, -2.0,  0.00,  0.00,  0.00,  0.0,  0.0,  0.0
1047722.73351570, -1.506015,    0.0,    2.0, -2.0,  0.00,  0.00,  0.00,  0.0,  0.0,  0.0
1047722.73601570, -2.341023,    0.0,    2.0, -2.0,  0.00,  0.00,  0.00,  0.0,  0.0,  0.0
1047722.73851570, -0.901830,    0.0,    2.0, -2.0,  0.00,  0.00,  0.00,  0.0,  0.0,  0.0
1047722.74101570, 0.051206,    0.0,    2.0, -2.0,  0.00,  0.00,  0.00,  0.0,  0.0,  0.0
1047722.74351570, 1.133874,    0.0,    2.0, -2.0,  0.00,  0.00,  0.00,  0.0,  0.0,  0.0
1047722.74601570, 2.497279,    0.0,    2.0, -2.0,  0.00,  0.00,  0.00,  0.0,  0.0,  0.0
1047722.74851570, 2.591633,    0.0,    2.0, -2.0,  0.00,  0.00,  0.00,  0.0,  0.0,  0.0
1047722.75101570, 2.324613,    0.0,    2.0, -2.0,  0.00,  0.00,  0.00,  0.0,  0.0,  0.0
1047722.75351570, 2.057594,    0.0,    2.0, -2.0,  0.00,  0.00,  0.00,  0.0,  0.0,  0.0
1047722.75601570, 1.029638,    0.0,    2.0, -2.0,  0.00,  0.00,  0.00,  0.0,  0.0,  0.0
1047722.75851570, -1.874703,    0.0,    2.0, -2.0,  0.00,  0.00,  0.00,  0.0,  0.0,  0.0
1047722.76101570, -1.560844,    0.0,    2.0, -2.0,  0.00,  0.00,  0.00,  0.0,  0.0,  0.0
1047722.76351570, -1.246985,    0.0,    2.0, -2.0,  0.00,  0.00,  0.00,  0.0,  0.0,  0.0
1047722.76601570, -0.013591,    0.0,    2.0, -2.0,  0.00,  0.00,  0.00,  0.0,  0.0,  0.0
1047722.76851570, 1.392457,    0.0,    2.0, -2.0,  0.00,  0.00,  0.00,  0.0,  0.0,  0.0
1047722.77101570, 2.798505,    0.0,    2.0, -2.0,  0.00,  0.00,  0.00,  0.0,  0.0,  0.0
1047722.77351570, -0.437361,    0.0,    2.0, -2.0,  0.00,  0.00,  0.00,  0.0,  0.0,  0.0
1047722.77601570, -2.420252,    0.0,    2.0, -2.0,  0.00,  0.00,  0.00,  0.0,  0.0,  0.0
1047722.77851570, -2.452075,    0.0,    2.0, -2.0,  0.00,  0.00,  0.00,  0.0,  0.0,  0.0
1047722.78101570, -0.991763,    0.0,    2.0, -2.0,  0.00,  0.00,  0.00,  0.0,  0.0,  0.0
1047722.78351570, 0.522916,    0.0,    2.0, -2.0,  0.00,  0.00,  0.00,  0.0,  0.0,  0.0
1047722.78601570, 2.000398,    0.0,    2.0, -2.0,  0.00,  0.00,  0.00,  0.0,  0.0,  0.0
1047722.78851570, 2.460726,    0.0,    2.0, -2.0,  0.00,  0.00,  0.00,  0.0,  0.0,  0.0
1047722.79101570, 1.377628,    0.0,    2.0, -2.0,  0.00,  0.00,  0.00,  0.0,  0.0,  0.0
1047722.79351570, -1.552023,    0.0,    2.0, -2.0,  0.00,  0.00,  0.00,  0.0,  0.0,  0.0
1047722.79601570, -2.542542,    0.0,    2.0, -2.0,  0.00,  0.00,  0.00,  0.0,  0.0,  0.0
1047722.79851570, -2.220278,    0.0,    2.0, -2.0,  0.00,  0.00,  0.00,  0.0,  0.0,  0.0
1047722.80101570, -0.663105,    0.0,    2.0, -2.0,  0.00,  0.00,  0.00,  0.0,  0.0,  0.0
1047722.80351570, 0.609999,    0.0,    2.0, -2.0,  0.00,  0.00,  0.00,  0.0,  0.0,  0.0
1047722.80601570, 1.552789,    0.0,    2.0, -2.0,  0.00,  0.00,  0.00,  0.0,  0.0,  0.0
1047722.80851570, 1.612754,    0.0,    2.0, -2.0,  0.00,  0.00,  0.00,  0.0,  0.0,  0.0
1047722.81101570, 0.384613,    0.0,    2.0, -2.0,  0.00,  0.00,  0.00,  0.0,  0.0,  0.0
1047722.81351570, -0.692070,    0.0,    2.0, -2.0,  0.00,  0.00,  0.00,  0.0,  0.0,  0.0
1047722.81601570, -1.187152,    0.0,    2.0, -2.0,  0.00,  0.00,  0.00,  0.0,  0.0,  0.0
1047722.81851570, -1.682234,    0.0,    2.0, -2.0,  0.00,  0.00,  0.00,  0.0,  0.0,  0.0
1047722.82351570, 2.041945,    0.0,    2.0, -2.0,  0.00,  0.00,  0.00,  0.0,  0.0,  0.0
1047722.82601570, 2.041945,    0.0,    2.0, -2.0,  0.00,  0.00,  0.00,  0.0,  0.0,  0.0
1047722.82851570, 2.041945,    0.0,    2.0, -2.0,  0.00,  0.00,  0.00,  0.0,  0.0,  0.0
1047722.83101570, 1.641184,    0.0,    2.0, -2.0,  0.00,  0.00,  0.00,  0.0,  0.0,  0.0
1047722.83351570, 0.798329,    0.0,    2.0, -2.0,  0.00,  0.00,  0.00,  0.0,  0.0,  0.0
1047722.83601570, -0.044525,    0.0,    2.0, -2.0,  0.00,  0.00,  0.00,  0.0,  0.0,  0.0
1047722.83851570, -0.707951,    0.0,    2.0, -2.0,  0.00,  0.00,  0.00,  0.0,  0.0,  0.0
1047722.84101570, -1.026958,    0.0,    2.0, -2.0,  0.00,  0.00,  0.00,  0.0,  0.0,  0.0
1047722.84351570, -1.345964,    0.0,    2.0, -2.0,  0.00,  0.00,  0.00,  0.0,  0.0,  0.0
1047722.84601570, 0.219133,    0.0,    2.0, -2.0,  0.00,  0.00,  0.00,  0.0,  0.0,  0.0
1047722.84851570, 2.354183,    0.0,    2.0, -2.0,  0.00,  0.00,  0.00,  0.0,  0.0,  0.0
1047722.85101570, 1.350271,    0.0,    2.0, -2.0,  0.00,  0.00,  0.00,  0.0,  0.0,  0.0
1047722.85351570, -1.235810,    0.0,    2.0, -2.0,  0.00,  0.00,  0.00,  0.0,  0.0,  0.0
1047722.85601570, -2.709160,    0.0,    2.0, -2.0,  0.00,  0.00,  0.00,  0.0,  0.0,  0.0
1047722.85851570, -2.143111,    0.0,    2.0, -2.0,  0.00,  0.00,  0.00,  0.0,  0.0,  0.0
1047722.86101570, -0.151036,    0.0,    2.0, -2.0,  0.00,  0.00,  0.00,  0.0,  0.0,  0.0
1047722.86351570, 1.903871,    0.0,    2.0, -2.0,  0.00,  0.00,  0.00,  0.0,  0.0,  0.0
1047722.86601570, 2.603508,    0.0,    2.0, -2.0,  0.00,  0.00,  0.00,  0.0,  0.0,  0.0
1047722.86851570, 2.748606,    0.0,    2.0, -2.0,  0.00,  0.00,  0.00,  0.0,  0.0,  0.0
1047722.87101570, 1.737312,    0.0,    2.0, -2.0,  0.00,  0.00,  0.00,  0.0,  0.0,  0.0
1047722.87351570, -0.546135,    0.0,    2.0, -2.0,  0.00,  0.00,  0.00,  0.0,  0.0,  0.0
1047722.87601570, -1.759643,    0.0,    2.0, -2.0,  0.00,  0.00,  0.00,  0.0,  0.0,  0.0
1047722.87851570, -2.082517,    0.0,    2.0, -2.0,  0.00,  0.00,  0.00,  0.0,  0.0,  0.0
1047722.88101570, -1.312644,    0.0,    2.0, -2.0,  0.00,  0.00,  0.00,  0.0,  0.0,  0.0
1047722.88351570, -0.413041,    0.0,    2.0, -2.0,  0.00,  0.00,  0.00,  0.0,  0.0,  0.0
1047722.88601570, 0.764556,    0.0,    2.0, -2.0,  0.00,  0.00,  0.00,  0.0,  0.0,  0.0
1047722.88851570, 2.456802,    0.0,    2.0, -2.0,  0.00,  0.00,  0.00,  0.0,  0.0,  0.0
1047722.89101570, 1.321229,    0.0,    2.0, -2.0,  0.00,  0.00,  0.00,  0.0,  0.0,  0.0
1047722.89351570, -0.518021,    0.0,    2.0, -2.0,  0.00,  0.00,  0.00,  0.0,  0.0,  0.0
1047722.89601570, -1.875241,    0.0,    2.0, -2.0,  0.00,  0.00,  0.00,  0.0,  0.0,  0.0
1047722.89851570, -2.074492,    0.0,    2.0, -2.0,  0.00,  0.00,  0.00,  0.0,  0.0,  0.0
1047722.90101570, -1.338108,    0.0,    2.0, -2.0,  0.00,  0.00,  0.00,  0.0,  0.0,  0.0
1047722.90351570, -0.044642,    0.0,    2.0, -2.0,  0.00,  0.00,  0.00,  0.0,  0.0,  0.0
1047722.90601570, 1.757353,    0.0,    2.0, -2.0,  0.00,  0.00,  0.00,  0.0,  0.0,  0.0
1047722.90851570, 3.039148,    0.0,    2.0, -2.0,  0.00,  0.00,  0.00,  0.0,  0.0,  0.0
1047722.91101570, 2.732673,    0.0,    2.0, -2.0,  0.00,  0.00,  0.00,  0.0,  0.0,  0.0
1047722.91351570, 2.426197,    0.0,    2.0, -2.0,  0.00,  0.00,  0.00,  0.0,  0.0,  0.0
1047722.91601570, 0.656366,    0.0,    2.0, -2.0,  0.00,  0.00,  0.00,  0.0,  0.0,  0.0
1047722.91851570, -1.939983,    0.0,    2.0, -2.0,  0.00,  0.00,  0.00,  0.0,  0.0,  0.0
1047722.92101570, -0.675279,    0.0,    2.0, -2.0,  0.00,  0.00,  0.00,  0.0,  0.0,  0.0
1047722.92351570, 0.873888,    0.0,    2.0, -2.0,  0.00,  0.00,  0.00,  0.0,  0.0,  0.0
1047722.92601570, 2.308522,    0.0,    2.0, -2.0,  0.00,  0.00,  0.00,  0.0,  0.0,  0.0
1047722.92851570, 2.554792,    0.0,    2.0, -2.0,  0.00,  0.00,  0.00,  0.0,  0.0,  0.0
1047722.93101570, 2.801063,    0.0,    2.0, -2.0,  0.00,  0.00,  0.00,  0.0,  0.0,  0.0
1047722.93351570, -0.157527,    0.0,    2.0, -2.0,  0.00,  0.00,  0.00,  0.0,  0.0,  0.0
1047722.93601570, -2.483130,    0.0,    2.0, -2.0,  0.00,  0.00,  0.00,  0.0,  0.0,  0.0
1047722.93851570, -2.150050,    0.0,    2.0, -2.0,  0.00,  0.00,  0.00,  0.0,  0.0,  0.0
1047722.94101570, -1.628940,    0.0,    2.0, -2.0,  0.00,  0.00,  0.00,  0.0,  0.0,  0.0
1047722.94351570, 0.341390,    0.0,    2.0, -2.0,  0.00,  0.00,  0.00,  0.0,  0.0,  0.0
1047722.94851570, 1.261515,    0.0,    2.0, -2.0,  0.00,  0.00,  0.00,  0.0,  0.0,  0.0
1047722.95101570, 1.261515,    0.0,    2.0, -2.0,  0.00,  0.00,  0.00,  0.0,  0.0,  0.0
1047722.95351570, -0.559091,    0.0,    2.0, -2.0,  0.00,  0.00,  0.00,  0.0,  0.0,  0.0
1047722.95601570, -2.406070,    0.0,    2.0, -2.0,  0.00,  0.00,  0.00,  0.0,  0.0,  0.0
1047722.95851570, -2.588890,    0.0,    2.0, -2.0,  0.00,  0.00,  0.00,  0.0,  0.0,  0.0
1047722.96101570, -2.771710,    0.0,    2.0, -2.0,  0.00,  0.00,  0.00,  0.0,  0.0,  0.0
1047722.96351570, -2.954530,    0.0,    2.0, -2.0,  0.00,  0.00,  0.00,  0.0,  0.0,  0.0
1047722.96601570, -1.510987,    0.0,    2.0, -2.0,  0.00,  0.00,  0.00,  0.0,  0.0,  0.0
1047722.96851570, 0.372099,    0.0,    2.0, -2.0,  0.00,  0.00,  0.00,  0.0,  0.0,  0.0
1047722.97101570, 1.584928,    0.0,    2.0, -2.0,  0.00,  0.00,  0.00,  0.0,  0.0,  0.0
1047722.97351570, -2.437505,    0.0,    2.0, -2.0,  0.00,  0.00,  0.00,  0.0,  0.0,  0.0
1047722.97601570, -2.420954,    0.0,    2.0, -2.0,  0.00,  0.00,  0.00,  0.0,  0.0,  0.0
1047722.97851570, -1.699839,    0.0,    2.0, -2.0,  0.00,  0.00,  0.00,  0.0,  0.0,  0.0
1047722.98101570, -1.580572,    0.0,    2.0, -2.0,  0.00,  0.00,  0.00,  0.0,  0.0,  0.0
1047722.98351570, 1.095999,    0.0,    2.0, -2.0,  0.00,  0.00,  0.00,  0.0,  0.0,  0.0
1047722.98601570, 2.185735,    0.0,    2.0, -2.0,  0.00,  0.00,  0.00,  0.0,  0.0,  0.0
1047722.98851570, 2.467299,    0.0,    2.0, -2.0,  0.00,  0.00,  0.00,  0.0,  0.0,  0.0
1047722.99101570, 1.496011,    0.0,    2.0, -2.0,  0.00,  0.00,  0.00,  0.0,  0.0,  0.0
1047722.99351570, -0.321810,    0.0,    2.0, -2.0,  0.00,  0.00,  0.00,  0.0,  0.0,  0.0
1047722.99601570, -1.488451,    0.0,    2.0, -2.0,  0.00,  0.00,  0.00,  0.0,  0.0,  0.0
1047722.99851570, -1.660497,    0.0,    2.0, -2.0,  0.00,  0.00,  0.00,  0.0,  0.0,  0.0
1047723.00101570, -0.603162,    0.0,    2.0, -2.0,  0.00,  0.00,  0.00,  0.0,  0.0,  0.0
1047723.00351570, 0.963752,    0.0,    2.0, -2.0,  0.00,  0.00,  0.00,  0.0,  0.0,  0.0
1047723.00601570, 2.666062,    0.0,    2.0, -2.0,  0.00,  0.00,  0.00,  0.0,  0.0,  0.0
1047723.00851570, 2.736731,    0.0,    2.0, -2.0,  0.00,  0.00,  0.00,  0.0,  0.0,  0.0
1047723.01101570, 1.900204,    0.0,    2.0, -2.0,  0.00,  0.00,  0.00,  0.0,  0.0,  0.0
1047723.01351570, -0.496977,    0.0,    2.0, -2.0,  0.00,  0.00,  0.00,  0.0,  0.0,  0.0
1047723.01601570, -1.900635,    0.0,    2.0, -2.0,  0.00,  0.00,  0.00,  0.0,  0.0,  0.0
1047723.01851570, -2.217287,    0.0,    2.0, -2.0,  0.00,  0.00,  0.00,  0.0,  0.0,  0.0
1047723.02101570, -2.533939,    0.0,    2.0, -2.0,  0.00,  0.00,  0.00,  0.0,  0.0,  0.0
1047723.02351570, -0.896368,    0.0,    2.0, -2.0,  0.00,  0.00,  0.00,  0.0,  0.0,  0.0
1047723.02601570, 0.959787,    0.0,    2.0, -2.0,  0.00,  0.00,  0.00,  0.0,  0.0,  0.0
1047723.02851570, 2.265169,    0.0,    2.0, -2.0,  0.00,  0.00,  0.00,  0.0,  0.0,  0.0
1047723.03101570, 1.917877,    0.0,    2.0, -2.0,  0.00,  0.00,  0.00,  0.0,  0.0,  0.0
1047723.03351570, 0.148557,    0.0,    2.0, -2.0,  0.00,  0.00,  0.00,  0.0,  0.0,  0.0
1047723.03601570, -2.051553,    0.0,    2.0, -2.0,  0.00,  0.00,  0.00,  0.0,  0.0,  0.0
1047723.03851570, -2.108846,    0.0,    2.0, -2.0,  0.00,  0.00,  0.00,  0.0,  0.0,  0.0
1047723.04101570, -1.528395,    0.0,    2.0, -2.0,  0.00,  0.00,  0.00,  0.0,  0.0,  0.0
1047723.04351570, 2.202307,    0.0,    2.0, -2.0,  0.00,  0.00,  0.00,  0.0,  0.0,  0.0
1047723.04601570, 2.286510,    0.0,    2.0, -2.0,  0.00,  0.00,  0.00,  0.0,  0.0,  0.0
1047723.04851570, 2.473594,    0.0,    2.0, -2.0,  0.00,  0.00,  0.00,  0.0,  0.0,  0.0
1047723.05101570, 2.660678,    0.0,    2.0, -2.0,  0.00,  0.00,  0.00,  0.0,  0.0,  0.0
1047723.05351570, 0.436947,    0.0,    2.0, -2.0,  0.00,  0.00,  0.00,  0.0,  0.0,  0.0
1047723.05601570, -1.894385,    0.0,    2.0, -2.0,  0.00,  0.00,  0.00,  0.0,  0.0,  0.0
1047723.05851570, -2.186264,    0.0,    2.0, -2.0,  0.00,  0.00,  0.00,  0.0,  0.0,  0.0
1047723.06101570, -1.141040,    0.0,    2.0, -2.0,  0.00,  0.00,  0.00,  0.0,  0.0,  0.0
1047723.06351570, -0.353210,    0.0,    2.0, -2.0,  0.00,  0.00,  0.00,  0.0,  0.0,  0.0
1047723.06851570, 1.211981,    0.0,    2.0, -2.0,  0.00,  0.00,  0.00,  0.0,  0.0,  0.0
1047723.07101570, 0.656303,    0.0,    2.0, -2.0,  0.00,  0.00,  0.00,  0.0,  0.0,  0.0
1047723.07351570, -0.011270,    0.0,    2.0, -2.0,  0.00,  0.00,  0.00,  0.0,  0.0,  0.0
1047723.07601570, -0.659413,    0.0,    2.0, -2.0,  0.00,  0.00,  0.00,  0.0,  0.0,  0.0
1047723.07851570, -1.277459,    0.0,    2.0, -2.0,  0.00,  0.00,  0.00,  0.0,  0.0,  0.0
1047723.08101570, -1.895506,    0.0,    2.0, -2.0,  0.00,  0.00,  0.00,  0.0,  0.0,  0.0
1047723.08351570, -1.798688,    0.0,    2.0, -2.0,  0.00,  0.00,  0.00,  0.0,  0.0,  0.0
1047723.08601570, -0.135156,    0.0,    2.0, -2.0,  0.00,  0.00,  0.00,  0.0,  0.0,  0.0
1047723.08851570, 1.528377,    0.0,    2.0, -2.0,  0.00,  0.00,  0.00,  0.0,  0.0,  0.0
1047723.09101570, 0.912152,    0.0,    2.0, -2.0,  0.00,  0.00,  0.00,  0.0,  0.0,  0.0
1047723.09351570, -1.111077,    0.0,    2.0, -2.0,  0.00,  0.00,  0.00,  0.0,  0.0,  0.0
1047723.09601570, -2.392805,    0.0,    2.0, -2.0,  0.00,  0.00,  0.00,  0.0,  0.0,  0.0
1047723.09851570, -1.590196,    0.0,    2.0, -2.0,  0.00,  0.00,  0.00,  0.0,  0.0,  0.0
1047723.10101570, -0.426422,    0.0,    2.0, -2.0,  0.00,  0.00,  0.00,  0.0,  0.0,  0.0
1047723.10351570, 1.213636,    0.0,    2.0, -2.0,  0.00,  0.00,  0.00,  0.0,  0.0,  0.0
1047723.10601570, 2.310923,    0.0,    2.0, -2.0,  0.00,  0.00,  0.00,  0.0,  0.0,  0.0
1047723.10851570, 1.685118,    0.0,    2.0, -2.0,  0.00,  0.00,  0.00,  0.0,  0.0,  0.0
1047723.11101570, 0.772853,    0.0,    2.0, -2.0,  0.00,  0.00,  0.00,  0.0,  0.0,  0.0
1047723.11351570, 0.072632,    0.0,    2.0, -2.0,  0.00,  0.00,  0.00,  0.0,  0.0,  0.0
1047723.11601570, -0.627588,    0.0,    2.0, -2.0,  0.00,  0.00,  0.00,  0.0,  0.0,  0.0
1047723.11851570, -1.560858,    0.0,    2.0, -2.0,  0.00,  0.00,  0.00,  0.0,  0.0,  0.0
1047723.12101570, -0.615007,    0.0,    2.0, -2.0,  0.00,  0.00,  0.00,  0.0,  0.0,  0.0
1047723.12351570, 0.764429,    0.0,    2.0, -2.0,  0.00,  0.00,  0.00,  0.0,  0.0,  0.0
1047723.12601570, 1.450274,    0.0,    2.0, -2.0,  0.00,  0.00,  0.00,  0.0,  0.0,  0.0
1047723.12851570, 1.977800,    0.0,    2.0, -2.0,  0.00,  0.00,  0.00,  0.0,  0.0,  0.0
1047723.13101570, 1.562544,    0.0,    2.0, -2.0,  0.00,  0.00,  0.00,  0.0,  0.0,  0.0
1047723.13351570, 0.003541,    0.0,    2.0, -2.0,  0.00,  0.00,  0.00,  0.0,  0.0,  0.0
1047723.13601570, -1.555463,    0.0,    2.0, -2.0,  0.00,  0.00,  0.00,  0.0,  0.0,  0.0
1047723.13851570, -1.620361,    0.0,    2.0, -2.0,  0.00,  0.00,  0.00,  0.0,  0.0,  0.0
1047723.14101570, -0.749484,    0.0,    2.0, -2.0,  0.00,  0.00,  0.00,  0.0,  0.0,  0.0
1047723.14351570, 0.538957,    0.0,    2.0, -2.0,  0.00,  0.00,  0.00,  0.0,  0.0,  0.0
1047723.14601570, 2.234156,    0.0,    2.0, -2.0,  0.00,  0.00,  0.00,  0.0,  0.0,  0.0
1047723.14851570, 2.392623,    0.0,    2.0, -2.0,  0.00,  0.00,  0.00,  0.0,  0.0,  0.0
1047723.15101570, 2.551090,    0.0,    2.0, -2.0,  0.00,  0.00,  0.00,  0.0,  0.0,  0.0
1047723.15351570, -0.055107,    0.0,    2.0, -2.0,  0.00,  0.00,  0.00,  0.0,  0.0,  0.0
1047723.15601570, -2.032774,    0.0,    2.0, -2.0,  0.00,  0.00,  0.00,  0.0,  0.0,  0.0
1047723.15851570, -1.639923,    0.0,    2.0, -2.0,  0.00,  0.00,  0.00,  0.0,  0.0,  0.0
1047723.16101570, -0.711789,    0.0,    2.0, -2.0,  0.00,  0.00,  0.00,  0.0,  0.0,  0.0
1047723.16351570, 0.285976,    0.0,    2.0, -2.0,  0.00,  0.00,  0.00,  0.0,  0.0,  0.0
1047723.16601570, 2.637120,    0.0,    2.0, -2.0,  0.00,  0.00,  0.00,  0.0,  0.0,  0.0
1047723.16851570, 1.924346,    0.0,    2.0, -2.0,  0.00,  0.00,  0.00,  0.0,  0.0,  0.0
1047723.17101570, 0.927634,    0.0,    2.0, -2.0,  0.00,  0.00,  0.00,  0.0,  0.0,  0.0
1047723.17351570, -0.317570,    0.0,    2.0, -2.0,  0.00,  0.00,  0.00,  0.0,  0.0,  0.0
1047723.17601570, -1.194864,    0.0,    2.0, -2.0,  0.00,  0.00,  0.00,  0.0,  0.0,  0.0
1047723.17851570, -1.740485,    0.0,    2.0, -2.0,  0.00,  0.00,  0.00,  0.0,  0.0,  0.0
1047723.18101570, -0.744898,    0.0,    2.0, -2.0,  0.00,  0.00,  0.00,  0.0,  0.0,  0.0
1047723.18351570, 1.446377,    0.0,    2.0, -2.0,  0.00,  0.00,  0.00,  0.0,  0.0,  0.0
1047723.18601570, 2.401473,    0.0,    2.0, -2.0,  0.00,  0.00,  0.00,  0.0,  0.0,  0.0
1047723.18851570, 2.388580,    0.0,    2.0, -2.0,  0.00,  0.00,  0.00,  0.0,  0.0,  0.0
1047723.19101570, 1.932708,    0.0,    2.0, -2.0,  0.00,  0.00,  0.00,  0.0,  0.0,  0.0
1047723.19351570, 0.972933,    0.0,    2.0, -2.0,  0.00,  0.00,  0.00,  0.0,  0.0,  0.0
1047723.19601570, -0.065890,    0.0,    2.0, -2.0,  0.00,  0.00,  0.00,  0.0,  0.0,  0.0
1047723.19851570, -1.104713,    0.0,    2.0, -2.0,  0.00,  0.00,  0.00,  0.0,  0.0,  0.0
1047723.20101570, -0.647227,    0.0,    2.0, -2.0,  0.00,  0.00,  0.00,  0.0,  0.0,  0.0
1047723.20351570, 0.870529,    0.0,    2.0, -2.0,  0.00,  0.00,  0.00,  0.0,  0.0,  0.0
1047723.20601570, 2.065722,    0.0,    2.0, -2.0,  0.00,  0.00,  0.00,  0.0,  0.0,  0.0
1047723.20851570, 2.295139,    0.0,    2.0, -2.0,  0.00,  0.00,  0.00,  0.0,  0.0,  0.0
1047723.21101570, 2.106461,    0.0,    2.0, -2.0,  0.00,  0.00,  0.00,  0.0,  0.0,  0.0
1047723.21351570, 1.917783,    0.0,    2.0, -2.0,  0.00,  0.00,  0.00,  0.0,  0.0,  0.0
1047723.21601570, 0.300525,    0.0,    2.0, -2.0,  0.00,  0.00,  0.00,  0.0,  0.0,  0.0
1047723.21851570, -2.507921,    0.0,    2.0, -2.0,  0.00,  0.00,  0.00,  0.0,  0.0,  0.0
1047723.22101570, -1.149815,    0.0,    2.0, -2.0,  0.00,  0.00,  0.00,  0.0,  0.0,  0.0
1047723.22351570, 0.412982,    0.0,    2.0, -2.0,  0.00,  0.00,  0.00,  0.0,  0.0,  0.0
1047723.22601570, 1.502438,    0.0,    2.0, -2.0,  0.00,  0.00,  0.00,  0.0,  0.0,  0.0
1047723.22851570, 1.635694,    0.0,    2.0, -2.0,  0.00,  0.00,  0.00,  0.0,  0.0,  0.0
1047723.23101570, 0.499153,    0.0,    2.0, -2.0,  0.00,  0.00,  0.00,  0.0,  0.0,  0.0
1047723.23351570, -1.288225,    0.0,    2.0, -2.0,  0.00,  0.00,  0.00,  0.0,  0.0,  0.0
1047723.23601570, -2.289733,    0.0,    2.0, -2.0,  0.00,  0.00,  0.00,  0.0,  0.0,  0.0
1047723.23851570, -2.477464,    0.0,    2.0, -2.0,  0.00,  0.00,  0.00,  0.0,  0.0,  0.0
1047723.24101570, -1.621127,    0.0,    2.0, -2.0,  0.00,  0.00,  0.00,  0.0,  0.0,  0.0
1047723.24351570, 1.067943,    0.0,    2.0, -2.0,  0.00,  0.00,  0.00,  0.0,  0.0,  0.0
1047723.24601570, 2.406930,    0.0,    2.0, -2.0,  0.00,  0.00,  0.00,  0.0,  0.0,  0.0
1047723.24851570, 2.064414,    0.0,    2.0, -2.0,  0.00,  0.00,  0.00,  0.0,  0.0,  0.0
1047723.25101570, 1.693514,    0.0,    2.0, -2.0,  0.00,  0.00,  0.00,  0.0,  0.0,  0.0
1047723.25351570, 0.671788,    0.0,    2.0, -2.0,  0.00,  0.00,  0.00,  0.0,  0.0,  0.0
1047723.25601570, -1.970367,    0.0,    2.0, -2.0,  0.00,  0.00,  0.00,  0.0,  0.0,  0.0
1047723.25851570, -2.133485,    0.0,    2.0, -2.0,  0.00,  0.00,  0.00,  0.0,  0.0,  0.0
1047723.26101570, -0.888867,    0.0,    2.0, -2.0,  0.00,  0.00,  0.00,  0.0,  0.0,  0.0
1047723.26351570, 0.842888,    0.0,    2.0, -2.0,  0.00,  0.00,  0.00,  0.0,  0.0,  0.0
1047723.26601570, 1.481198,    0.0,    2.0, -2.0,  0.00,  0.00,  0.00,  0.0,  0.0,  0.0
1047723.26851570, 2.045081,    0.0,    2.0, -2.0,  0.00,  0.00,  0.00,  0.0,  0.0,  0.0
1047723.27101570, 1.318240,    0.0,    2.0, -2.0,  0.00,  0.00,  0.00,  0.0,  0.0,  0.0
1047723.27351570, 0.591399,    0.0,    2.0, -2.0,  0.00,  0.00,  0.00,  0.0,  0.0,  0.0
1047723.27601570, -0.684964,    0.0,    2.0, -2.0,  0.00,  0.00,  0.00,  0.0,  0.0,  0.0
1047723.27851570, -2.362497,    0.0,    2.0, -2.0,  0.00,  0.00,  0.00,  0.0,  0.0,  0.0
1047723.28101570, -1.874347,    0.0,    2.0, -2.0,  0.00,  0.00,  0.00,  0.0,  0.0,  0.0
1047723.28351570, 1.123829,    0.0,    2.0, -2.0,  0.00,  0.00,  0.00,  0.0,  0.0,  0.0
1047723.28601570, 2.739180,    0.0,    2.0, -2.0,  0.00,  0.00,  0.00,  0.0,  0.0,  0.0
1047723.28851570, 2.532048,    0.0,    2.0, -2.0,  0.00,  0.00,  0.00,  0.0,  0.0,  0.0
1047723.29101570, 0.796690,    0.0,    2.0, -2.0,  0.00,  0.00,  0.00,  0.0,  0.0,  0.0
1047723.29351570, -0.905381,    0.0,    2.0, -2.0,  0.00,  0.00,  0.00,  0.0,  0.0,  0.0
1047723.29601570, -2.131352,    0.0,    2.0, -2.0,  0.00,  0.00,  0.00,  0.0,  0.0,  0.0
1047723.29851570, -2.334707,    0.0,    2.0, -2.0,  0.00,  0.00,  0.00,  0.0,  0.0,  0.0
1047723.30101570, -1.952945,    0.0,    2.0, -2.0,  0.00,  0.00,  0.00,  0.0,  0.0,  0.0
1047723.30351570, -0.260649,    0.0,    2.0, -2.0,  0.00,  0.00,  0.00,  0.0,  0.0,  0.0
1047723.30601570, 2.406702,    0.0,    2.0, -2.0,  0.00,  0.00,  0.00,  0.0,  0.0,  0.0
1047723.30851570, 2.059678,    0.0,    2.0, -2.0,  0.00,  0.00,  0.00,  0.0,  0.0,  0.0
1047723.31101570, 0.848011,    0.0,    2.0, -2.0,  0.00,  0.00,  0.00,  0.0,  0.0,  0.0
1047723.31351570, -0.337613,    0.0,    2.0, -2.0,  0.00,  0.00,  0.00,  0.0,  0.0,  0.0
1047723.31601570, -1.347995,    0.0,    2.0, -2.0,  0.00,  0.00,  0.00,  0.0,  0.0,  0.0
1047723.31851570, -1.341365,    0.0,    2.0, -2.0,  0.00,  0.00,  0.00,  0.0,  0.0,  0.0
1047723.32101570, -0.629516,    0.0,    2.0, -2.0,  0.00,  0.00,  0.00,  0.0,  0.0,  0.0
1047723.32351570, 0.046134,    0.0,    2.0, -2.0,  0.00,  0.00,  0.00,  0.0,  0.0,  0.0
1047723.32601570, 1.681685,    0.0,    2.0, -2.0,  0.00,  0.00,  0.00,  0.0,  0.0,  0.0
1047723.32851570, 2.230335,    0.0,    2.0, -2.0,  0.00,  0.00,  0.00,  0.0,  0.0,  0.0
1047723.33101570, 1.276546,    0.0,    2.0, -2.0,  0.00,  0.00,  0.00,  0.0,  0.0,  0.0
1047723.33351570, 0.354710,    0.0,    2.0, -2.0,  0.00,  0.00,  0.00,  0.0,  0.0,  0.0
1047723.33601570, -1.461662,    0.0,    2.0, -2.0,  0.00,  0.00,  0.00,  0.0,  0.0,  0.0
1047723.33851570, -2.257380,    0.0,    2.0, -2.0,  0.00,  0.00,  0.00,  0.0,  0.0,  0.0
1047723.34101570, -1.678332,    0.0,    2.0, -2.0,  0.00,  0.00,  0.00,  0.0,  0.0,  0.0
1047723.34351570, 1.042800,    0.0,    2.0, -2.0,  0.00,  0.00,  0.00,  0.0,  0.0,  0.0
1047723.34601570, 2.213010,    0.0,    2.0, -2.0,  0.00,  0.00,  0.00,  0.0,  0.0,  0.0
1047723.34851570, 2.540390,    0.0,    2.0, -2.0,  0.00,  0.00,  0.00,  0.0,  0.0,  0.0
1047723.35101570, 1.633237,    0.0,    2.0, -2.0,  0.00,  0.00,  0.00,  0.0,  0.0,  0.0
1047723.35351570, -0.585729,    0.0,    2.0, -2.0,  0.00,  0.00,  0.00,  0.0,  0.0,  0.0
1047723.35601570, -2.394002,    0.0,    2.0, -2.0,  0.00,  0.00,  0.00,  0.0,  0.0,  0.0
1047723.35851570, -2.083177,    0.0,    2.0, -2.0,  0.00,  0.00,  0.00,  0.0,  0.0,  0.0
1047723.36101570, -1.331270,    0.0,    2.0, -2.0,  0.00,  0.00,  0.00,  0.0,  0.0,  0.0
1047723.36351570, -0.531075,    0.0,    2.0, -2.0,  0.00,  0.00,  0.00,  0.0,  0.0,  0.0
1047723.36601570, 0.269119,    0.0,    2.0, -2.0,  0.00,  0.00,  0.00,  0.0,  0.0,  0.0
1047723.36851570, 1.069314,    0.0,    2.0, -2.0,  0.00,  0.00,  0.00,  0.0,  0.0,  0.0
1047723.37101570, 1.362284,    0.0,    2.0, -2.0,  0.00,  0.00,  0.00,  0.0,  0.0,  0.0
1047723.37351570, 0.847468,    0.0,    2.0, -2.0,  0.00,  0.00,  0.00,  0.0,  0.0,  0.0
1047723.37601570, 0.332652,    0.0,    2.0, -2.0,  0.00,  0.00,  0.00,  0.0,  0.0,  0.0
1047723.38101570, -1.182326,    0.0,    2.0, -2.0,  0.00,  0.00,  0.00,  0.0,  0.0,  0.0
1047723.38351570, 0.225627,    0.0,    2.0, -2.0,  0.00,  0.00,  0.00,  0.0,  0.0,  0.0
1047723.38601570, 1.401593,    0.0,    2.0, -2.0,  0.00,  0.00,  0.00,  0.0,  0.0,  0.0
1047723.38851570, 1.677854,    0.0,    2.0, -2.0,  0.00,  0.00,  0.00,  0.0,  0.0,  0.0
1047723.39101570, 1.618301,    0.0,    2.0, -2.0,  0.00,  0.00,  0.00,  0.0,  0.0,  0.0
1047723.39351570, 1.518649,    0.0,    2.0, -2.0,  0.00,  0.00,  0.00,  0.0,  0.0,  0.0
1047723.39601570, 0.327649,    0.0,    2.0, -2.0,  0.00,  0.00,  0.00,  0.0,  0.0,  0.0
1047723.39851570, -0.863351,    0.0,    2.0, -2.0,  0.00,  0.00,  0.00,  0.0,  0.0,  0.0
1047723.40101570, -2.054351,    0.0,    2.0, -2.0,  0.00,  0.00,  0.00,  0.0,  0.0,  0.0
1047723.40351570, 0.161090,    0.0,    2.0, -2.0,  0.00,  0.00,  0.00,  0.0,  0.0,  0.0
1047723.40601570, 2.101877,    0.0,    2.0, -2.0,  0.00,  0.00,  0.00,  0.0,  0.0,  0.0
1047723.40851570, 1.934262,    0.0,    2.0, -2.0,  0.00,  0.00,  0.00,  0.0,  0.0,  0.0
1047723.41101570, 0.643991,    0.0,    2.0, -2.0,  0.00,  0.00,  0.00,  0.0,  0.0,  0.0
1047723.41351570, -0.984844,    0.0,    2.0, -2.0,  0.00,  0.00,  0.00,  0.0,  0.0,  0.0
1047723.41601570, -2.240482,    0.0,    2.0, -2.0,  0.00,  0.00,  0.00,  0.0,  0.0,  0.0
1047723.41851570, -1.370320,    0.0,    2.0, -2.0,  0.00,  0.00,  0.00,  0.0,  0.0,  0.0
1047723.42101570, 0.481086,    0.0,    2.0, -2.0,  0.00,  0.00,  0.00,  0.0,  0.0,  0.0
1047723.42351570, 0.617454,    0.0,    2.0, -2.0,  0.00,  0.00,  0.00,  0.0,  0.0,  0.0
1047723.42601570, 2.433754,    0.0,    2.0, -2.0,  0.00,  0.00,  0.00,  0.0,  0.0,  0.0
1047723.42851570, 2.086796,    0.0,    2.0, -2.0,  0.00,  0.00,  0.00,  0.0,  0.0,  0.0
1047723.43101570, 0.592318,    0.0,    2.0, -2.0,  0.00,  0.00,  0.00,  0.0,  0.0,  0.0
1047723.43351570, -0.248292,    0.0,    2.0, -2.0,  0.00,  0.00,  0.00,  0.0,  0.0,  0.0
1047723.43601570, -0.646783,    0.0,    2.0, -2.0,  0.00,  0.00,  0.00,  0.0,  0.0,  0.0
1047723.43851570, -1.045273,    0.0,    2.0, -2.0,  0.00,  0.00,  0.00,  0.0,  0.0,  0.0
1047723.44101570, -0.503222,    0.0,    2.0, -2.0,  0.00,  0.00,  0.00,  0.0,  0.0,  0.0
1047723.44351570, 0.528877,    0.0,    2.0, -2.0,  0.00,  0.00,  0.00,  0.0,  0.0,  0.0
1047723.44601570, 1.282407,    0.0,    2.0, -2.0,  0.00,  0.00,  0.00,  0.0,  0.0,  0.0
1047723.44851570, 1.942807,    0.0,    2.0, -2.0,  0.00,  0.00,  0.00,  0.0,  0.0,  0.0
1047723.45101570, 1.160052,    0.0,    2.0, -2.0,  0.00,  0.00,  0.00,  0.0,  0.0,  0.0
1047723.45351570, -0.357175,    0.0,    2.0, -2.0,  0.00,  0.00,  0.00,  0.0,  0.0,  0.0
1047723.45601570, -1.729630,    0.0,    2.0, -2.0,  0.00,  0.00,  0.00,  0.0,  0.0,  0.0
1047723.45851570, -2.236153,    0.0,    2.0, -2.0,  0.00,  0.00,  0.00,  0.0,  0.0,  0.0
1047723.46101570, -1.453490,    0.0,    2.0, -2.0,  0.00,  0.00,  0.00,  0.0,  0.0,  0.0
1047723.46351570, -0.191872,    0.0,    2.0, -2.0,  0.00,  0.00,  0.00,  0.0,  0.0,  0.0
1047723.46601570, 1.333482,    0.0,    2.0, -2.0,  0.00,  0.00,  0.00,  0.0,  0.0,  0.0
1047723.46851570, 2.480552,    0.0,    2.0, -2.0,  0.00,  0.00,  0.00,  0.0,  0.0,  0.0
1047723.47101570, 1.509851,    0.0,    2.0, -2.0,  0.00,  0.00,  0.00,  0.0,  0.0,  0.0
1047723.47351570, -0.447948,    0.0,    2.0, -2.0,  0.00,  0.00,  0.00,  0.0,  0.0,  0.0
1047723.47601570, -2.107805,    0.0,    2.0, -2.0,  0.00,  0.00,  0.00,  0.0,  0.0,  0.0
1047723.47851570, -2.283951,    0.0,    2.0, -2.0,  0.00,  0.00,  0.00,  0.0,  0.0,  0.0
1047723.48101570, -0.434284,    0.0,    2.0, -2.0,  0.00,  0.00,  0.00,  0.0,  0.0,  0.0
1047723.48351570, 0.643121,    0.0,    2.0, -2.0,  0.00,  0.00,  0.00,  0.0,  0.0,  0.0
1047723.48601570, 1.364186,    0.0,    2.0, -2.0,  0.00,  0.00,  0.00,  0.0,  0.0,  0.0
1047723.48851570, 1.833822,    0.0,    2.0, -2.0,  0.00,  0.00,  0.00,  0.0,  0.0,  0.0
1047723.49101570, 1.694127,    0.0,    2.0, -2.0,  0.00,  0.00,  0.00,  0.0,  0.0,  0.0
1047723.49351570, -0.597258,    0.0,    2.0, -2.0,  0.00,  0.00,  0.00,  0.0,  0.0,  0.0
1047723.49601570, -2.295859,    0.0,    2.0, -2.0,  0.00,  0.00,  0.00,  0.0,  0.0,  0.0
1047723.49851570, -2.745536,    0.0,    2.0, -2.0,  0.00,  0.00,  0.00,  0.0,  0.0,  0.0
1047723.50101570, -0.760212,    0.0,    2.0, -2.0,  0.00,  0.00,  0.00,  0.0,  0.0,  0.0
1047723.50351570, 0.566667,    0.0,    2.0, -2.0,  0.00,  0.00,  0.00,  0.0,  0.0,  0.0
1047723.50601570, 1.349415,    0.0,    2.0, -2.0,  0.00,  0.00,  0.00,  0.0,  0.0,  0.0
1047723.50851570, 1.642582,    0.0,    2.0, -2.0,  0.00,  0.00,  0.00,  0.0,  0.0,  0.0
1047723.51101570, 1.465716,    0.0,    2.0, -2.0,  0.00,  0.00,  0.00,  0.0,  0.0,  0.0
1047723.51351570, 0.280771,    0.0,    2.0, -2.0,  0.00,  0.00,  0.00,  0.0,  0.0,  0.0
1047723.51601570, -1.096925,    0.0,    2.0, -2.0,  0.00,  0.00,  0.00,  0.0,  0.0,  0.0
1047723.51851570, -2.783669,    0.0,    2.0, -2.0,  0.00,  0.00,  0.00,  0.0,  0.0,  0.0
1047723.52101570, -0.876516,    0.0,    2.0, -2.0,  0.00,  0.00,  0.00,  0.0,  0.0,  0.0
1047723.52351570, 0.899809,    0.0,    2.0, -2.0,  0.00,  0.00,  0.00,  0.0,  0.0,  0.0
1047723.52601570, 2.211563,    0.0,    2.0, -2.0,  0.00,  0.00,  0.00,  0.0,  0.0,  0.0
1047723.52851570, 2.417693,    0.0,    2.0, -2.0,  0.00,  0.00,  0.00,  0.0,  0.0,  0.0
1047723.53101570, 1.924368,    0.0,    2.0, -2.0,  0.00,  0.00,  0.00,  0.0,  0.0,  0.0
1047723.53351570, 0.096575,    0.0,    2.0, -2.0,  0.00,  0.00,  0.00,  0.0,  0.0,  0.0
1047723.53601570, -1.894806,    0.0,    2.0, -2.0,  0.00,  0.00,  0.00,  0.0,  0.0,  0.0
1047723.53851570, -1.753892,    0.0,    2.0, -2.0,  0.00,  0.00,  0.00,  0.0,  0.0,  0.0
1047723.54101570, 0.250187,    0.0,    2.0, -2.0,  0.00,  0.00,  0.00,  0.0,  0.0,  0.0
1047723.54351570, 2.383818,    0.0,    2.0, -2.0,  0.00,  0.00,  0.00,  0.0,  0.0,  0.0
1047723.54601570, 2.897209,    0.0,    2.0, -2.0,  0.00,  0.00,  0.00,  0.0,  0.0,  0.0
1047723.54851570, 2.325722,    0.0,    2.0, -2.0,  0.00,  0.00,  0.00,  0.0,  0.0,  0.0
1047723.55101570, 0.661723,    0.0,    2.0, -2.0,  0.00,  0.00,  0.00,  0.0,  0.0,  0.0
1047723.55351570, -1.205252,    0.0,    2.0, -2.0,  0.00,  0.00,  0.00,  0.0,  0.0,  0.0
1047723.55601570, -1.788175,    0.0,    2.0, -2.0,  0.00,  0.00,  0.00,  0.0,  0.0,  0.0
1047723.55851570, -1.910963,    0.0,    2.0, -2.0,  0.00,  0.00,  0.00,  0.0,  0.0,  0.0
1047723.56101570, -0.138595,    0.0,    2.0, -2.0,  0.00,  0.00,  0.00,  0.0,  0.0,  0.0
1047723.56351570, 1.252219,    0.0,    2.0, -2.0,  0.00,  0.00,  0.00,  0.0,  0.0,  0.0
1047723.56601570, 2.463147,    0.0,    2.0, -2.0,  0.00,  0.00,  0.00,  0.0,  0.0,  0.0
1047723.56851570, 2.867557,    0.0,    2.0, -2.0,  0.00,  0.00,  0.00,  0.0,  0.0,  0.0
1047723.57101570, 0.823134,    0.0,    2.0, -2.0,  0.00,  0.00,  0.00,  0.0,  0.0,  0.0
1047723.57351570, -1.708954,    0.0,    2.0, -2.0,  0.00,  0.00,  0.00,  0.0,  0.0,  0.0
1047723.57601570, -2.533722,    0.0,    2.0, -2.0,  0.00,  0.00,  0.00,  0.0,  0.0,  0.0
1047723.57851570, -2.020695,    0.0,    2.0, -2.0,  0.00,  0.00,  0.00,  0.0,  0.0,  0.0
1047723.58101570, -0.216072,    0.0,    2.0, -2.0,  0.00,  0.00,  0.00,  0.0,  0.0,  0.0
1047723.58351570, 2.121817,    0.0,    2.0, -2.0,  0.00,  0.00,  0.00,  0.0,  0.0,  0.0
1047723.58601570, 2.565794,    0.0,    2.0, -2.0,  0.00,  0.00,  0.00,  0.0,  0.0,  0.0
1047723.58851570, 2.204031,    0.0,    2.0, -2.0,  0.00,  0.00,  0.00,  0.0,  0.0,  0.0
1047723.59101570, 0.455309,    0.0,    2.0, -2.0,  0.00,  0.00,  0.00,  0.0,  0.0,  0.0
1047723.59351570, -1.851221,    0.0,    2.0, -2.0,  0.00,  0.00,  0.00,  0.0,  0.0,  0.0
1047723.59601570, -2.159543,    0.0,    2.0, -2.0,  0.00,  0.00,  0.00,  0.0,  0.0,  0.0
1047723.59851570, -1.833855,    0.0,    2.0, -2.0,  0.00,  0.00,  0.00,  0.0,  0.0,  0.0
1047723.60101570, -0.241630,    0.0,    2.0, -2.0,  0.00,  0.00,  0.00,  0.0,  0.0,  0.0
1047723.60351570, 1.591650,    0.0,    2.0, -2.0,  0.00,  0.00,  0.00,  0.0,  0.0,  0.0
1047723.60601570, 2.480268,    0.0,    2.0, -2.0,  0.00,  0.00,  0.00,  0.0,  0.0,  0.0
1047723.60851570, 2.226239,    0.0,    2.0, -2.0,  0.00,  0.00,  0.00,  0.0,  0.0,  0.0
1047723.61101570, 0.349807,    0.0,    2.0, -2.0,  0.00,  0.00,  0.00,  0.0,  0.0,  0.0
1047723.61351570, -1.734146,    0.0,    2.0, -2.0,  0.00,  0.00,  0.00,  0.0,  0.0,  0.0
1047723.61601570, -2.544413,    0.0,    2.0, -2.0,  0.00,  0.00,  0.00,  0.0,  0.0,  0.0
1047723.61851570, -2.056709,    0.0,    2.0, -2.0,  0.00,  0.00,  0.00,  0.0,  0.0,  0.0
1047723.62101570, -0.506544,    0.0,    2.0, -2.0,  0.00,  0.00,  0.00,  0.0,  0.0,  0.0
1047723.62351570, 1.703874,    0.0,    2.0, -2.0,  0.00,  0.00,  0.00,  0.0,  0.0,  0.0
1047723.62601570, 2.539570,    0.0,    2.0, -2.0,  0.00,  0.00,  0.00,  0.0,  0.0,  0.0
1047723.62851570, 2.605643,    0.0,    2.0, -2.0,  0.00,  0.00,  0.00,  0.0,  0.0,  0.0
1047723.63101570, 2.380607,    0.0,    2.0, -2.0,  0.00,  0.00,  0.00,  0.0,  0.0,  0.0
1047723.63351570, 2.155571,    0.0,    2.0, -2.0,  0.00,  0.00,  0.00,  0.0,  0.0,  0.0
1047723.63601570, -1.495563,    0.0,    2.0, -2.0,  0.00,  0.00,  0.00,  0.0,  0.0,  0.0
1047723.63851570, -2.491714,    0.0,    2.0, -2.0,  0.00,  0.00,  0.00,  0.0,  0.0,  0.0
1047723.64101570, -2.076756,    0.0,    2.0, -2.0,  0.00,  0.00,  0.00,  0.0,  0.0,  0.0
1047723.64351570, -0.919600,    0.0,    2.0, -2.0,  0.00,  0.00,  0.00,  0.0,  0.0,  0.0
1047723.64601570, 1.235162,    0.0,    2.0, -2.0,  0.00,  0.00,  0.00,  0.0,  0.0,  0.0
1047723.64851570, 1.534357,    0.0,    2.0, -2.0,  0.00,  0.00,  0.00,  0.0,  0.0,  0.0
1047723.65101570, 0.884052,    0.0,    2.0, -2.0,  0.00,  0.00,  0.00,  0.0,  0.0,  0.0
1047723.65351570, -0.383051,    0.0,    2.0, -2.0,  0.00,  0.00,  0.00,  0.0,  0.0,  0.0
1047723.65601570, -1.650154,    0.0,    2.0, -2.0,  0.00,  0.00,  0.00,  0.0,  0.0,  0.0
1047723.65851570, -1.699513,    0.0,    2.0, -2.0,  0.00,  0.00,  0.00,  0.0,  0.0,  0.0
1047723.66101570, -0.504638,    0.0,    2.0, -2.0,  0.00,  0.00,  0.00,  0.0,  0.0,  0.0
1047723.66351570, 1.525774,    0.0,    2.0, -2.0,  0.00,  0.00,  0.00,  0.0,  0.0,  0.0
1047723.66601570, 2.964208,    0.0,    2.0, -2.0,  0.00,  0.00,  0.00,  0.0,  0.0,  0.0
1047723.66851570, 2.737769,    0.0,    2.0, -2.0,  0.00,  0.00,  0.00,  0.0,  0.0,  0.0
1047723.67101570, 1.273770,    0.0,    2.0, -2.0,  0.00,  0.00,  0.00,  0.0,  0.0,  0.0
1047723.67351570, -0.766859,    0.0,    2.0, -2.0,  0.00,  0.00,  0.00,  0.0,  0.0,  0.0
1047723.67601570, -2.211307,    0.0,    2.0, -2.0,  0.00,  0.00,  0.00,  0.0,  0.0,  0.0
1047723.67851570, -1.409004,    0.0,    2.0, -2.0,  0.00,  0.00,  0.00,  0.0,  0.0,  0.0
1047723.68101570, 0.502468,    0.0,    2.0, -2.0,  0.00,  0.00,  0.00,  0.0,  0.0,  0.0
1047723.68351570, 1.579751,    0.0,    2.0, -2.0,  0.00,  0.00,  0.00,  0.0,  0.0,  0.0
1047723.68601570, 2.962103,    0.0,    2.0, -2.0,  0.00,  0.00,  0.00,  0.0,  0.0,  0.0
1047723.68851570, 2.132436,    0.0,    2.0, -2.0,  0.00,  0.00,  0.00,  0.0,  0.0,  0.0
1047723.69101570, 0.416942,    0.0,    2.0, -2.0,  0.00,  0.00,  0.00,  0.0,  0.0,  0.0
1047723.69351570, -0.789442,    0.0,    2.0, -2.0,  0.00,  0.00,  0.00,  0.0,  0.0,  0.0
1047723.69601570, -2.269321,    0.0,    2.0, -2.0,  0.00,  0.00,  0.00,  0.0,  0.0,  0.0
1047723.69851570, -1.709728,    0.0,    2.0, -2.0,  0.00,  0.00,  0.00,  0.0,  0.0,  0.0
1047723.70351570, 1.011102,    0.0,    2.0, -2.0,  0.00,  0.00,  0.00,  0.0,  0.0,  0.0
1047723.70601570, 1.947045,    0.0,    2.0, -2.0,  0.00,  0.00,  0.00,  0.0,  0.0,  0.0
1047723.70851570, 2.029352,    0.0,    2.0, -2.0,  0.00,  0.00,  0.00,  0.0,  0.0,  0.0
1047723.71101570, 1.065089,    0.0,    2.0, -2.0,  0.00,  0.00,  0.00,  0.0,  0.0,  0.0
1047723.71351570, -0.671861,    0.0,    2.0, -2.0,  0.00,  0.00,  0.00,  0.0,  0.0,  0.0
1047723.71601570, -2.086453,    0.0,    2.0, -2.0,  0.00,  0.00,  0.00,  0.0,  0.0,  0.0
1047723.71851570, -2.477139,    0.0,    2.0, -2.0,  0.00,  0.00,  0.00,  0.0,  0.0,  0.0
1047723.72101570, -2.292885,    0.0,    2.0, -2.0,  0.00,  0.00,  0.00,  0.0,  0.0,  0.0
1047723.72351570, -2.108631,    0.0,    2.0, -2.0,  0.00,  0.00,  0.00,  0.0,  0.0,  0.0
1047723.72601570, -0.847828,    0.0,    2.0, -2.0,  0.00,  0.00,  0.00,  0.0,  0.0,  0.0
1047723.72851570, 0.763983,    0.0,    2.0, -2.0,  0.00,  0.00,  0.00,  0.0,  0.0,  0.0
1047723.73101570, 2.375794,    0.0,    2.0, -2.0,  0.00,  0.00,  0.00,  0.0,  0.0,  0.0
1047723.73351570, -0.343951,    0.0,    2.0, -2.0,  0.00,  0.00,  0.00,  0.0,  0.0,  0.0
1047723.73601570, -2.154587,    0.0,    2.0, -2.0,  0.00,  0.00,  0.00,  0.0,  0.0,  0.0
1047723.73851570, -2.466521,    0.0,    2.0, -2.0,  0.00,  0.00,  0.00,  0.0,  0.0,  0.0
1047723.74101570, -2.503506,    0.0,    2.0, -2.0,  0.00,  0.00,  0.00,  0.0,  0.0,  0.0
1047723.74351570, 1.424989,    0.0,    2.0, -2.0,  0.00,  0.00,  0.00,  0.0,  0.0,  0.0
1047723.74601570, 1.975063,    0.0,    2.0, -2.0,  0.00,  0.00,  0.00,  0.0,  0.0,  0.0
1047723.74851570, 2.292125,    0.0,    2.0, -2.0,  0.00,  0.00,  0.00,  0.0,  0.0,  0.0
1047723.75101570, 1.068795,    0.0,    2.0, -2.0,  0.00,  0.00,  0.00,  0.0,  0.0,  0.0
1047723.75351570, -0.715604,    0.0,    2.0, -2.0,  0.00,  0.00,  0.00,  0.0,  0.0,  0.0
1047723.75601570, -1.924420,    0.0,    2.0, -2.0,  0.00,  0.00,  0.00,  0.0,  0.0,  0.0
1047723.75851570, -2.444633,    0.0,    2.0, -2.0,  0.00,  0.00,  0.00,  0.0,  0.0,  0.0
1047723.76101570, -2.181030,    0.0,    2.0, -2.0,  0.00,  0.00,  0.00,  0.0,  0.0,  0.0
1047723.76351570, 1.107387,    0.0,    2.0, -2.0,  0.00,  0.00,  0.00,  0.0,  0.0,  0.0
1047723.76601570, 2.310388,    0.0,    2.0, -2.0,  0.00,  0.00,  0.00,  0.0,  0.0,  0.0
1047723.76851570, 2.143388,    0.0,    2.0, -2.0,  0.00,  0.00,  0.00,  0.0,  0.0,  0.0
1047723.77101570, 1.130129,    0.0,    2.0, -2.0,  0.00,  0.00,  0.00,  0.0,  0.0,  0.0
1047723.77351570, -0.581536,    0.0,    2.0, -2.0,  0.00,  0.00,  0.00,  0.0,  0.0,  0.0
1047723.77601570, -2.242066,    0.0,    2.0, -2.0,  0.00,  0.00,  0.00,  0.0,  0.0,  0.0
1047723.77851570, -1.653621,    0.0,    2.0, -2.0,  0.00,  0.00,  0.00,  0.0,  0.0,  0.0
1047723.78101570, 0.072220,    0.0,    2.0, -2.0,  0.00,  0.00,  0.00,  0.0,  0.0,  0.0
1047723.78351570, 1.879479,    0.0,    2.0, -2.0,  0.00,  0.00,  0.00,  0.0,  0.0,  0.0
1047723.78601570, 2.669019,    0.0,    2.0, -2.0,  0.00,  0.00,  0.00,  0.0,  0.0,  0.0
1047723.78851570, 3.087165,    0.0,    2.0, -2.0,  0.00,  0.00,  0.00,  0.0,  0.0,  0.0
1047723.79101570, 1.956248,    0.0,    2.0, -2.0,  0.00,  0.00,  0.00,  0.0,  0.0,  0.0
1047723.79351570, 0.276528,    0.0,    2.0, -2.0,  0.00,  0.00,  0.00,  0.0,  0.0,  0.0
1047723.79601570, -2.234379,    0.0,    2.0, -2.0,  0.00,  0.00,  0.00,  0.0,  0.0,  0.0
1047723.79851570, -2.234379,    0.0,    2.0, -2.0,  0.00,  0.00,  0.00,  0.0,  0.0,  0.0
1047723.80101570, -1.120948,    0.0,    2.0, -2.0,  0.00,  0.00,  0.00,  0.0,  0.0,  0.0
1047723.80351570, 1.928053,    0.0,    2.0, -2.0,  0.00,  0.00,  0.00,  0.0,  0.0,  0.0
1047723.80601570, 2.621171,    0.0,    2.0, -2.0,  0.00,  0.00,  0.00,  0.0,  0.0,  0.0
1047723.80851570, 2.434313,    0.0,    2.0, -2.0,  0.00,  0.00,  0.00,  0.0,  0.0,  0.0
1047723.81101570, 0.905202,    0.0,    2.0, -2.0,  0.00,  0.00,  0.00,  0.0,  0.0,  0.0
1047723.81351570, -0.980837,    0.0,    2.0, -2.0,  0.00,  0.00,  0.00,  0.0,  0.0,  0.0
1047723.81601570, -2.370985,    0.0,    2.0, -2.0,  0.00,  0.00,  0.00,  0.0,  0.0,  0.0
1047723.81851570, -2.021679,    0.0,    2.0, -2.0,  0.00,  0.00,  0.00,  0.0,  0.0,  0.0
1047723.82101570, -0.877360,    0.0,    2.0, -2.0,  0.00,  0.00,  0.00,  0.0,  0.0,  0.0
1047723.82351570, 0.633603,    0.0,    2.0, -2.0,  0.00,  0.00,  0.00,  0.0,  0.0,  0.0
1047723.82601570, 2.312150,    0.0,    2.0, -2.0,  0.00,  0.00,  0.00,  0.0,  0.0,  0.0
1047723.82851570, 2.506718,    0.0,    2.0, -2.0,  0.00,  0.00,  0.00,  0.0,  0.0,  0.0
1047723.83101570, 2.295328,    0.0,    2.0, -2.0,  0.00,  0.00,  0.00,  0.0,  0.0,  0.0
1047723.83351570, 2.083937,    0.0,    2.0, -2.0,  0.00,  0.00,  0.00,  0.0,  0.0,  0.0
1047723.83601570, 1.283340,    0.0,    2.0, -2.0,  0.00,  0.00,  0.00,  0.0,  0.0,  0.0
1047723.83851570, -2.317649,    0.0,    2.0, -2.0,  0.00,  0.00,  0.00,  0.0,  0.0,  0.0
1047723.84101570, -0.814551,    0.0,    2.0, -2.0,  0.00,  0.00,  0.00,  0.0,  0.0,  0.0
1047723.84351570, 0.529823,    0.0,    2.0, -2.0,  0.00,  0.00,  0.00,  0.0,  0.0,  0.0
1047723.84601570, 1.715955,    0.0,    2.0, -2.0,  0.00,  0.00,  0.00,  0.0,  0.0,  0.0
1047723.84851570, 2.221842,    0.0,    2.0, -2.0,  0.00,  0.00,  0.00,  0.0,  0.0,  0.0
1047723.85101570, 1.178977,    0.0,    2.0, -2.0,  0.00,  0.00,  0.00,  0.0,  0.0,  0.0
1047723.85351570, -0.969582,    0.0,    2.0, -2.0,  0.00,  0.00,  0.00,  0.0,  0.0,  0.0
1047723.85601570, -2.043108,    0.0,    2.0, -2.0,  0.00,  0.00,  0.00,  0.0,  0.0,  0.0
1047723.85851570, -2.430356,    0.0,    2.0, -2.0,  0.00,  0.00,  0.00,  0.0,  0.0,  0.0
1047723.86101570, -1.955748,    0.0,    2.0, -2.0,  0.00,  0.00,  0.00,  0.0,  0.0,  0.0
1047723.86351570, -0.243895,    0.0,    2.0, -2.0,  0.00,  0.00,  0.00,  0.0,  0.0,  0.0
1047723.86601570, 1.513868,    0.0,    2.0, -2.0,  0.00,  0.00,  0.00,  0.0,  0.0,  0.0
1047723.86851570, 2.100058,    0.0,    2.0, -2.0,  0.00,  0.00,  0.00,  0.0,  0.0,  0.0
1047723.87101570, 1.737578,    0.0,    2.0, -2.0,  0.00,  0.00,  0.00,  0.0,  0.0,  0.0
1047723.87351570, 1.288960,    0.0,    2.0, -2.0,  0.00,  0.00,  0.00,  0.0,  0.0,  0.0
1047723.87601570, 0.840343,    0.0,    2.0, -2.0,  0.00,  0.00,  0.00,  0.0,  0.0,  0.0
1047723.87851570, 0.391725,    0.0,    2.0, -2.0,  0.00,  0.00,  0.00,  0.0,  0.0,  0.0
1047723.88101570, 0.328191,    0.0,    2.0, -2.0,  0.00,  0.00,  0.00,  0.0,  0.0,  0.0
1047723.88351570, 1.860201,    0.0,    2.0, -2.0,  0.00,  0.00,  0.00,  0.0,  0.0,  0.0
1047723.88601570, 1.860201,    0.0,    2.0, -2.0,  0.00,  0.00,  0.00,  0.0,  0.0,  0.0
1047723.88851570, 1.853610,    0.0,    2.0, -2.0,  0.00,  0.00,  0.00,  0.0,  0.0,  0.0
1047723.89101570, 1.215533,    0.0,    2.0, -2.0,  0.00,  0.00,  0.00,  0.0,  0.0,  0.0
1047723.89351570, -0.169597,    0.0,    2.0, -2.0,  0.00,  0.00,  0.00,  0.0,  0.0,  0.0
1047723.89601570, -1.090983,    0.0,    2.0, -2.0,  0.00,  0.00,  0.00,  0.0,  0.0,  0.0
1047723.89851570, -1.596250,    0.0,    2.0, -2.0,  0.00,  0.00,  0.00,  0.0,  0.0,  0.0
1047723.90101570, -0.436625,    0.0,    2.0, -2.0,  0.00,  0.00,  0.00,  0.0,  0.0,  0.0
1047723.90351570, 1.448226,    0.0,    2.0, -2.0,  0.00,  0.00,  0.00,  0.0,  0.0,  0.0
1047723.90601570, 2.512030,    0.0,    2.0, -2.0,  0.00,  0.00,  0.00,  0.0,  0.0,  0.0
1047723.90851570, 2.934104,    0.0,    2.0, -2.0,  0.00,  0.00,  0.00,  0.0,  0.0,  0.0
1047723.91101570, 2.482157,    0.0,    2.0, -2.0,  0.00,  0.00,  0.00,  0.0,  0.0,  0.0
1047723.91351570, 2.030209,    0.0,    2.0, -2.0,  0.00,  0.00,  0.00,  0.0,  0.0,  0.0
1047723.91601570, 1.578262,    0.0,    2.0, -2.0,  0.00,  0.00,  0.00,  0.0,  0.0,  0.0
1047723.91851570, 1.126314,    0.0,    2.0, -2.0,  0.00,  0.00,  0.00,  0.0,  0.0,  0.0
1047723.92101570, 0.674367,    0.0,    2.0, -2.0,  0.00,  0.00,  0.00,  0.0,  0.0,  0.0
1047723.92351570, 1.836083,    0.0,    2.0, -2.0,  0.00,  0.00,  0.00,  0.0,  0.0,  0.0
1047723.92601570, 2.559220,    0.0,    2.0, -2.0,  0.00,  0.00,  0.00,  0.0,  0.0,  0.0
1047723.92851570, 2.731586,    0.0,    2.0, -2.0,  0.00,  0.00,  0.00,  0.0,  0.0,  0.0
1047723.93101570, 1.730778,    0.0,    2.0, -2.0,  0.00,  0.00,  0.00,  0.0,  0.0,  0.0
1047723.93351570, -0.729968,    0.0,    2.0, -2.0,  0.00,  0.00,  0.00,  0.0,  0.0,  0.0
1047723.93601570, -2.384050,    0.0,    2.0, -2.0,  0.00,  0.00,  0.00,  0.0,  0.0,  0.0
1047723.93851570, -2.384050,    0.0,    2.0, -2.0,  0.00,  0.00,  0.00,  0.0,  0.0,  0.0
1047723.94101570, -0.778339,    0.0,    2.0, -2.0,  0.00,  0.00,  0.00,  0.0,  0.0,  0.0
1047723.94351570, 1.200847,    0.0,    2.0, -2.0,  0.00,  0.00,  0.00,  0.0,  0.0,  0.0
1047723.94601570, 2.249905,    0.0,    2.0, -2.0,  0.00,  0.00,  0.00,  0.0,  0.0,  0.0
1047723.94851570, 2.271389,    0.0,    2.0, -2.0,  0.00,  0.00,  0.00,  0.0,  0.0,  0.0
1047723.95101570, 2.292873,    0.0,    2.0, -2.0,  0.00,  0.00,  0.00,  0.0,  0.0,  0.0
1047723.95351570, 1.385768,    0.0,    2.0, -2.0,  0.00,  0.00,  0.00,  0.0,  0.0,  0.0
1047723.95601570, 0.147225,    0.0,    2.0, -2.0,  0.00,  0.00,  0.00,  0.0,  0.0,  0.0
1047723.95851570, -1.091318,    0.0,    2.0, -2.0,  0.00,  0.00,  0.00,  0.0,  0.0,  0.0
1047723.96101570, -0.874856,    0.0,    2.0, -2.0,  0.00,  0.00,  0.00,  0.0,  0.0,  0.0
1047723.96351570, 1.012598,    0.0,    2.0, -2.0,  0.00,  0.00,  0.00,  0.0,  0.0,  0.0
1047723.96601570, 2.096218,    0.0,    2.0, -2.0,  0.00,  0.00,  0.00,  0.0,  0.0,  0.0
1047723.96851570, 2.089833,    0.0,    2.0, -2.0,  0.00,  0.00,  0.00,  0.0,  0.0,  0.0
1047723.97101570, 0.778442,    0.0,    2.0, -2.0,  0.00,  0.00,  0.00,  0.0,  0.0,  0.0
1047723.97351570, -1.200945,    0.0,    2.0, -2.0,  0.00,  0.00,  0.00,  0.0,  0.0,  0.0
1047723.97601570, -2.159184,    0.0,    2.0, -2.0,  0.00,  0.00,  0.00,  0.0,  0.0,  0.0
1047723.97851570, -2.541332,    0.0,    2.0, -2.0,  0.00,  0.00,  0.00,  0.0,  0.0,  0.0
1047723.98101570, -1.746191,    0.0,    2.0, -2.0,  0.00,  0.00,  0.00,  0.0,  0.0,  0.0
1047723.98351570, -0.167105,    0.0,    2.0, -2.0,  0.00,  0.00,  0.00,  0.0,  0.0,  0.0
1047723.98601570, 1.393443,    0.0,    2.0, -2.0,  0.00,  0.00,  0.00,  0.0,  0.0,  0.0
1047723.98851570, 2.052561,    0.0,    2.0, -2.0,  0.00,  0.00,  0.00,  0.0,  0.0,  0.0
1047723.99101570, 1.714629,    0.0,    2.0, -2.0,  0.00,  0.00,  0.00,  0.0,  0.0,  0.0
1047723.99351570, -1.977800,    0.0,    2.0, -2.0,  0.00,  0.00,  0.00,  0.0,  0.0,  0.0
1047723.99601570, -1.977800,    0.0,    2.0, -2.0,  0.00,  0.00,  0.00,  0.0,  0.0,  0.0
1047723.99851570, -1.943418,    0.0,    2.0, -2.0,  0.00,  0.00,  0.00,  0.0,  0.0,  0.0
1047724.00101570, -1.179116,    0.0,    2.0, -2.0,  0.00,  0.00,  0.00,  0.0,  0.0,  0.0
1047724.00351570, 0.119254,    0.0,    2.0, -2.0,  0.00,  0.00,  0.00,  0.0,  0.0,  0.0
1047724.00601570, 0.985842,    0.0,    2.0, -2.0,  0.00,  0.00,  0.00,  0.0,  0.0,  0.0
1047724.00851570, 1.852430,    0.0,    2.0, -2.0,  0.00,  0.00,  0.00,  0.0,  0.0,  0.0
1047724.01101570, 0.571998,    0.0,    2.0, -2.0,  0.00,  0.00,  0.00,  0.0,  0.0,  0.0
1047724.01351570, -0.344759,    0.0,    2.0, -2.0,  0.00,  0.00,  0.00,  0.0,  0.0,  0.0
1047724.01601570, -1.122583,    0.0,    2.0, -2.0,  0.00,  0.00,  0.00,  0.0,  0.0,  0.0
1047724.01851570, -1.663324,    0.0,    2.0, -2.0,  0.00,  0.00,  0.00,  0.0,  0.0,  0.0
1047724.02101570, 0.186403,    0.0,    2.0, -2.0,  0.00,  0.00,  0.00,  0.0,  0.0,  0.0
1047724.02351570, 2.267122,    0.0,    2.0, -2.0,  0.00,  0.00,  0.00,  0.0,  0.0,  0.0
1047724.02601570, 2.362669,    0.0,    2.0, -2.0,  0.00,  0.00,  0.00,  0.0,  0.0,  0.0
1047724.02851570, 2.342624,    0.0,    2.0, -2.0,  0.00,  0.00,  0.00,  0.0,  0.0,  0.0
1047724.03101570, 1.536566,    0.0,    2.0, -2.0,  0.00,  0.00,  0.00,  0.0,  0.0,  0.0
1047724.03351570, -0.546472,    0.0,    2.0, -2.0,  0.00,  0.00,  0.00,  0.0,  0.0,  0.0
1047724.03601570, -1.379143,    0.0,    2.0, -2.0,  0.00,  0.00,  0.00,  0.0,  0.0,  0.0
1047724.03851570, -1.730300,    0.0,    2.0, -2.0,  0.00,  0.00,  0.00,  0.0,  0.0,  0.0
1047724.04101570, -0.036875,    0.0,    2.0, -2.0,  0.00,  0.00,  0.00,  0.0,  0.0,  0.0
1047724.04351570, 1.753293,    0.0,    2.0, -2.0,  0.00,  0.00,  0.00,  0.0,  0.0,  0.0
1047724.04601570, 1.753293,    0.0,    2.0, -2.0,  0.00,  0.00,  0.00,  0.0,  0.0,  0.0
1047724.04851570, 2.314423,    0.0,    2.0, -2.0,  0.00,  0.00,  0.00,  0.0,  0.0,  0.0
1047724.05101570, 1.701397,    0.0,    2.0, -2.0,  0.00,  0.00,  0.00,  0.0,  0.0,  0.0
1047724.05351570, 0.073127,    0.0,    2.0, -2.0,  0.00,  0.00,  0.00,  0.0,  0.0,  0.0
1047724.05601570, -1.616739,    0.0,    2.0, -2.0,  0.00,  0.00,  0.00,  0.0,  0.0,  0.0
1047724.05851570, -2.001631,    0.0,    2.0, -2.0,  0.00,  0.00,  0.00,  0.0,  0.0,  0.0
1047724.06101570, -1.241248,    0.0,    2.0, -2.0,  0.00,  0.00,  0.00,  0.0,  0.0,  0.0
1047724.06351570, -0.344973,    0.0,    2.0, -2.0,  0.00,  0.00,  0.00,  0.0,  0.0,  0.0
1047724.06601570, 2.002019,    0.0,    2.0, -2.0,  0.00,  0.00,  0.00,  0.0,  0.0,  0.0
1047724.06851570, 2.459363,    0.0,    2.0, -2.0,  0.00,  0.00,  0.00,  0.0,  0.0,  0.0
1047724.07101570, 0.949060,    0.0,    2.0, -2.0,  0.00,  0.00,  0.00,  0.0,  0.0,  0.0
1047724.07351570, -0.730271,    0.0,    2.0, -2.0,  0.00,  0.00,  0.00,  0.0,  0.0,  0.0
1047724.07601570, -1.843847,    0.0,    2.0, -2.0,  0.00,  0.00,  0.00,  0.0,  0.0,  0.0
1047724.07851570, -2.234477,    0.0,    2.0, -2.0,  0.00,  0.00,  0.00,  0.0,  0.0,  0.0
1047724.08101570, -1.424193,    0.0,    2.0, -2.0,  0.00,  0.00,  0.00,  0.0,  0.0,  0.0
1047724.08351570, 0.871519,    0.0,    2.0, -2.0,  0.00,  0.00,  0.00,  0.0,  0.0,  0.0
1047724.08601570, 2.854318,    0.0,    2.0, -2.0,  0.00,  0.00,  0.00,  0.0,  0.0,  0.0
1047724.08851570, 2.114951,    0.0,    2.0, -2.0,  0.00,  0.00,  0.00,  0.0,  0.0,  0.0
1047724.09101570, 0.432748,    0.0,    2.0, -2.0,  0.00,  0.00,  0.00,  0.0,  0.0,  0.0
1047724.09351570, -0.884938,    0.0,    2.0, -2.0,  0.00,  0.00,  0.00,  0.0,  0.0,  0.0
1047724.09601570, -1.981101,    0.0,    2.0, -2.0,  0.00,  0.00,  0.00,  0.0,  0.0,  0.0
1047724.09851570, -2.004624,    0.0,    2.0, -2.0,  0.00,  0.00,  0.00,  0.0,  0.0,  0.0
1047724.10101570, -1.402919,    0.0,    2.0, -2.0,  0.00,  0.00,  0.00,  0.0,  0.0,  0.0
1047724.10351570, -0.554695,    0.0,    2.0, -2.0,  0.00,  0.00,  0.00,  0.0,  0.0,  0.0
1047724.10601570, 0.875791,    0.0,    2.0, -2.0,  0.00,  0.00,  0.00,  0.0,  0.0,  0.0
1047724.10851570, 1.771604,    0.0,    2.0, -2.0,  0.00,  0.00,  0.00,  0.0,  0.0,  0.0
1047724.11101570, 1.375477,    0.0,    2.0, -2.0,  0.00,  0.00,  0.00,  0.0,  0.0,  0.0
1047724.11351570, 0.678271,    0.0,    2.0, -2.0,  0.00,  0.00,  0.00,  0.0,  0.0,  0.0
1047724.11601570, -0.042224,    0.0,    2.0, -2.0,  0.00,  0.00,  0.00,  0.0,  0.0,  0.0
1047724.11851570, -1.596887,    0.0,    2.0, -2.0,  0.00,  0.00,  0.00,  0.0,  0.0,  0.0
1047724.12101570, -0.488260,    0.0,    2.0, -2.0,  0.00,  0.00,  0.00,  0.0,  0.0,  0.0
1047724.12351570, 1.100932,    0.0,    2.0, -2.0,  0.00,  0.00,  0.00,  0.0,  0.0,  0.0
1047724.12601570, 2.498717,    0.0,    2.0, -2.0,  0.00,  0.00,  0.00,  0.0,  0.0,  0.0
1047724.12851570, 2.711146,    0.0,    2.0, -2.0,  0.00,  0.00,  0.00,  0.0,  0.0,  0.0
1047724.13101570, 2.426457,    0.0,    2.0, -2.0,  0.00,  0.00,  0.00,  0.0,  0.0,  0.0
1047724.13351570, 0.938815,    0.0,    2.0, -2.0,  0.00,  0.00,  0.00,  0.0,  0.0,  0.0
1047724.13601570, -2.100008,    0.0,    2.0, -2.0,  0.00,  0.00,  0.00,  0.0,  0.0,  0.0
1047724.13851570, -2.031072,    0.0,    2.0, -2.0,  0.00,  0.00,  0.00,  0.0,  0.0,  0.0
1047724.14101570, -0.833446,    0.0,    2.0, -2.0,  0.00,  0.00,  0.00,  0.0,  0.0,  0.0
1047724.14351570, 1.066027,    0.0,    2.0, -2.0,  0.00,  0.00,  0.00,  0.0,  0.0,  0.0
1047724.14601570, 2.599563,    0.0,    2.0, -2.0,  0.00,  0.00,  0.00,  0.0,  0.0,  0.0
1047724.14851570, 2.648268,    0.0,    2.0, -2.0,  0.00,  0.00,  0.00,  0.0,  0.0,  0.0
1047724.15101570, 1.541711,    0.0,    2.0, -2.0,  0.00,  0.00,  0.00,  0.0,  0.0,  0.0
1047724.15351570, -0.925526,    0.0,    2.0, -2.0,  0.00,  0.00,  0.00,  0.0,  0.0,  0.0
1047724.15601570, -2.042581,    0.0,    2.0, -2.0,  0.00,  0.00,  0.00,  0.0,  0.0,  0.0
1047724.15851570, -1.809037,    0.0,    2.0, -2.0,  0.00,  0.00,  0.00,  0.0,  0.0,  0.0
1047724.16101570, 0.052564,    0.0,    2.0, -2.0,  0.00,  0.00,  0.00,  0.0,  0.0,  0.0
1047724.16351570, 0.750915,    0.0,    2.0, -2.0,  0.00,  0.00,  0.00,  0.0,  0.0,  0.0
1047724.16601570, 1.449266,    0.0,    2.0, -2.0,  0.00,  0.00,  0.00,  0.0,  0.0,  0.0
1047724.16851570, 1.824089,    0.0,    2.0, -2.0,  0.00,  0.00,  0.00,  0.0,  0.0,  0.0
1047724.17101570, 1.026060,    0.0,    2.0, -2.0,  0.00,  0.00,  0.00,  0.0,  0.0,  0.0
1047724.17351570, -0.311705,    0.0,    2.0, -2.0,  0.00,  0.00,  0.00,  0.0,  0.0,  0.0
1047724.17601570, -1.462490,    0.0,    2.0, -2.0,  0.00,  0.00,  0.00,  0.0,  0.0,  0.0
1047724.17851570, -2.231017,    0.0,    2.0, -2.0,  0.00,  0.00,  0.00,  0.0,  0.0,  0.0
1047724.18101570, -2.049535,    0.0,    2.0, -2.0,  0.00,  0.00,  0.00,  0.0,  0.0,  0.0
1047724.18351570, -1.868053,    0.0,    2.0, -2.0,  0.00,  0.00,  0.00,  0.0,  0.0,  0.0
1047724.18601570, 0.949446,    0.0,    2.0, -2.0,  0.00,  0.00,  0.00,  0.0,  0.0,  0.0
1047724.18851570, 2.235105,    0.0,    2.0, -2.0,  0.00,  0.00,  0.00,  0.0,  0.0,  0.0
1047724.19101570, 0.538751,    0.0,    2.0, -2.0,  0.00,  0.00,  0.00,  0.0,  0.0,  0.0
1047724.19351570, -1.607704,    0.0,    2.0, -2.0,  0.00,  0.00,  0.00,  0.0,  0.0,  0.0
1047724.19601570, -2.729797,    0.0,    2.0, -2.0,  0.00,  0.00,  0.00,  0.0,  0.0,  0.0
1047724.19851570, -1.774674,    0.0,    2.0, -2.0,  0.00,  0.00,  0.00,  0.0,  0.0,  0.0
1047724.20101570, -1.592493,    0.0,    2.0, -2.0,  0.00,  0.00,  0.00,  0.0,  0.0,  0.0
1047724.20351570, 1.115325,    0.0,    2.0, -2.0,  0.00,  0.00,  0.00,  0.0,  0.0,  0.0
1047724.20601570, 2.485795,    0.0,    2.0, -2.0,  0.00,  0.00,  0.00,  0.0,  0.0,  0.0
1047724.20851570, 2.839807,    0.0,    2.0, -2.0,  0.00,  0.00,  0.00,  0.0,  0.0,  0.0
1047724.21101570, 2.409886,    0.0,    2.0, -2.0,  0.00,  0.00,  0.00,  0.0,  0.0,  0.0
1047724.21351570, -1.464641,    0.0,    2.0, -2.0,  0.00,  0.00,  0.00,  0.0,  0.0,  0.0
1047724.21601570, -1.840688,    0.0,    2.0, -2.0,  0.00,  0.00,  0.00,  0.0,  0.0,  0.0
1047724.21851570, -2.112955,    0.0,    2.0, -2.0,  0.00,  0.00,  0.00,  0.0,  0.0,  0.0
1047724.22101570, -1.811429,    0.0,    2.0, -2.0,  0.00,  0.00,  0.00,  0.0,  0.0,  0.0
1047724.22351570, 1.116496,    0.0,    2.0, -2.0,  0.00,  0.00,  0.00,  0.0,  0.0,  0.0
1047724.22601570, 2.589146,    0.0,    2.0, -2.0,  0.00,  0.00,  0.00,  0.0,  0.0,  0.0
1047724.22851570, 2.525133,    0.0,    2.0, -2.0,  0.00,  0.00,  0.00,  0.0,  0.0,  0.0
1047724.23351570, -1.354292,    0.0,    2.0, -2.0,  0.00,  0.00,  0.00,  0.0,  0.0,  0.0
1047724.23601570, -2.169385,    0.0,    2.0, -2.0,  0.00,  0.00,  0.00,  0.0,  0.0,  0.0
1047724.23851570, -2.358040,    0.0,    2.0, -2.0,  0.00,  0.00,  0.00,  0.0,  0.0,  0.0
1047724.24101570, -1.037122,    0.0,    2.0, -2.0,  0.00,  0.00,  0.00,  0.0,  0.0,  0.0
1047724.24351570, 0.989278,    0.0,    2.0, -2.0,  0.00,  0.00,  0.00,  0.0,  0.0,  0.0
1047724.24601570, 2.158303,    0.0,    2.0, -2.0,  0.00,  0.00,  0.00,  0.0,  0.0,  0.0
1047724.24851570, 2.643383,    0.0,    2.0, -2.0,  0.00,  0.00,  0.00,  0.0,  0.0,  0.0
1047724.25101570, 1.927192,    0.0,    2.0, -2.0,  0.00,  0.00,  0.00,  0.0,  0.0,  0.0
1047724.25351570, 0.369524,    0.0,    2.0, -2.0,  0.00,  0.00,  0.00,  0.0,  0.0,  0.0
1047724.25601570, -1.188144,    0.0,    2.0, -2.0,  0.00,  0.00,  0.00,  0.0,  0.0,  0.0
1047724.25851570, -1.900309,    0.0,    2.0, -2.0,  0.00,  0.00,  0.00,  0.0,  0.0,  0.0
1047724.26101570, -1.816866,    0.0,    2.0, -2.0,  0.00,  0.00,  0.00,  0.0,  0.0,  0.0
1047724.26351570, 0.248294,    0.0,    2.0, -2.0,  0.00,  0.00,  0.00,  0.0,  0.0,  0.0
1047724.26601570, 1.790928,    0.0,    2.0, -2.0,  0.00,  0.00,  0.00,  0.0,  0.0,  0.0
1047724.26851570, 1.742602,    0.0,    2.0, -2.0,  0.00,  0.00,  0.00,  0.0,  0.0,  0.0
1047724.27101570, 1.742602,    0.0,    2.0, -2.0,  0.00,  0.00,  0.00,  0.0,  0.0,  0.0
1047724.27351570, 1.009727,    0.0,    2.0, -2.0,  0.00,  0.00,  0.00,  0.0,  0.0,  0.0
1047724.27601570, -1.476210,    0.0,    2.0, -2.0,  0.00,  0.00,  0.00,  0.0,  0.0,  0.0
1047724.27851570, -1.486022,    0.0,    2.0, -2.0,  0.00,  0.00,  0.00,  0.0,  0.0,  0.0
1047724.28101570, -0.952853,    0.0,    2.0, -2.0,  0.00,  0.00,  0.00,  0.0,  0.0,  0.0
1047724.28351570, 0.197599,    0.0,    2.0, -2.0,  0.00,  0.00,  0.00,  0.0,  0.0,  0.0
1047724.28601570, 1.429559,    0.0,    2.0, -2.0,  0.00,  0.00,  0.00,  0.0,  0.0,  0.0
1047724.28851570, 2.223688,    0.0,    2.0, -2.0,  0.00,  0.00,  0.00,  0.0,  0.0,  0.0
1047724.29101570, 1.281640,    0.0,    2.0, -2.0,  0.00,  0.00,  0.00,  0.0,  0.0,  0.0
1047724.29351570, -0.508442,    0.0,    2.0, -2.0,  0.00,  0.00,  0.00,  0.0,  0.0,  0.0
1047724.29601570, -1.971148,    0.0,    2.0, -2.0,  0.00,  0.00,  0.00,  0.0,  0.0,  0.0
1047724.29851570, -1.867576,    0.0,    2.0, -2.0,  0.00,  0.00,  0.00,  0.0,  0.0,  0.0
1047724.30101570, -1.012520,    0.0,    2.0, -2.0,  0.00,  0.00,  0.00,  0.0,  0.0,  0.0
1047724.30351570, -0.165095,    0.0,    2.0, -2.0,  0.00,  0.00,  0.00,  0.0,  0.0,  0.0
1047724.30601570, 2.405736,    0.0,    2.0, -2.0,  0.00,  0.00,  0.00,  0.0,  0.0,  0.0
1047724.30851570, 2.063326,    0.0,    2.0, -2.0,  0.00,  0.00,  0.00,  0.0,  0.0,  0.0
1047724.31101570, 1.718856,    0.0,    2.0, -2.0,  0.00,  0.00,  0.00,  0.0,  0.0,  0.0
1047724.31351570, 0.637112,    0.0,    2.0, -2.0,  0.00,  0.00,  0.00,  0.0,  0.0,  0.0
1047724.31601570, -1.404422,    0.0,    2.0, -2.0,  0.00,  0.00,  0.00,  0.0,  0.0,  0.0
1047724.31851570, -1.824199,    0.0,    2.0, -2.0,  0.00,  0.00,  0.00,  0.0,  0.0,  0.0
1047724.32101570, -0.709272,    0.0,    2.0, -2.0,  0.00,  0.00,  0.00,  0.0,  0.0,  0.0
1047724.32351570, 0.744418,    0.0,    2.0, -2.0,  0.00,  0.00,  0.00,  0.0,  0.0,  0.0
1047724.32601570, 1.973188,    0.0,    2.0, -2.0,  0.00,  0.00,  0.00,  0.0,  0.0,  0.0
1047724.32851570, 2.788700,    0.0,    2.0, -2.0,  0.00,  0.00,  0.00,  0.0,  0.0,  0.0
1047724.33101570, 1.339700,    0.0,    2.0, -2.0,  0.00,  0.00,  0.00,  0.0,  0.0,  0.0
1047724.33351570, -0.031123,    0.0,    2.0, -2.0,  0.00,  0.00,  0.00,  0.0,  0.0,  0.0
1047724.33601570, -0.866769,    0.0,    2.0, -2.0,  0.00,  0.00,  0.00,  0.0,  0.0,  0.0
1047724.33851570, -1.503968,    0.0,    2.0, -2.0,  0.00,  0.00,  0.00,  0.0,  0.0,  0.0
1047724.34101570, -1.169074,    0.0,    2.0, -2.0,  0.00,  0.00,  0.00,  0.0,  0.0,  0.0
1047724.34351570, 1.246902,    0.0,    2.0, -2.0,  0.00,  0.00,  0.00,  0.0,  0.0,  0.0
1047724.34601570, 2.179939,    0.0,    2.0, -2.0,  0.00,  0.00,  0.00,  0.0,  0.0,  0.0
1047724.34851570, 2.500549,    0.0,    2.0, -2.0,  0.00,  0.00,  0.00,  0.0,  0.0,  0.0
1047724.35101570, 1.537408,    0.0,    2.0, -2.0,  0.00,  0.00,  0.00,  0.0,  0.0,  0.0
1047724.35351570, -1.382215,    0.0,    2.0, -2.0,  0.00,  0.00,  0.00,  0.0,  0.0,  0.0
1047724.35601570, -2.235002,    0.0,    2.0, -2.0,  0.00,  0.00,  0.00,  0.0,  0.0,  0.0
1047724.35851570, -1.496713,    0.0,    2.0, -2.0,  0.00,  0.00,  0.00,  0.0,  0.0,  0.0
1047724.36101570, -0.492003,    0.0,    2.0, -2.0,  0.00,  0.00,  0.00,  0.0,  0.0,  0.0
1047724.36351570, 0.366620,    0.0,    2.0, -2.0,  0.00,  0.00,  0.00,  0.0,  0.0,  0.0
1047724.36601570, 0.821144,    0.0,    2.0, -2.0,  0.00,  0.00,  0.00,  0.0,  0.0,  0.0
1047724.36851570, 1.275668,    0.0,    2.0, -2.0,  0.00,  0.00,  0.00,  0.0,  0.0,  0.0
1047724.37101570, 0.650627,    0.0,    2.0, -2.0,  0.00,  0.00,  0.00,  0.0,  0.0,  0.0
1047724.37351570, -0.639422,    0.0,    2.0, -2.0,  0.00,  0.00,  0.00,  0.0,  0.0,  0.0
1047724.37601570, -1.676700,    0.0,    2.0, -2.0,  0.00,  0.00,  0.00,  0.0,  0.0,  0.0
1047724.37851570, -2.297410,    0.0,    2.0, -2.0,  0.00,  0.00,  0.00,  0.0,  0.0,  0.0
1047724.38101570, -0.903606,    0.0,    2.0, -2.0,  0.00,  0.00,  0.00,  0.0,  0.0,  0.0
1047724.38351570, 0.247010,    0.0,    2.0, -2.0,  0.00,  0.00,  0.00,  0.0,  0.0,  0.0
1047724.38601570, 1.313456,    0.0,    2.0, -2.0,  0.00,  0.00,  0.00,  0.0,  0.0,  0.0
1047724.38851570, 2.156277,    0.0,    2.0, -2.0,  0.00,  0.00,  0.00,  0.0,  0.0,  0.0
1047724.39101570, 1.157236,    0.0,    2.0, -2.0,  0.00,  0.00,  0.00,  0.0,  0.0,  0.0
1047724.39351570, -0.249221,    0.0,    2.0, -2.0,  0.00,  0.00,  0.00,  0.0,  0.0,  0.0
1047724.39601570, -1.279892,    0.0,    2.0, -2.0,  0.00,  0.00,  0.00,  0.0,  0.0,  0.0
1047724.39851570, -2.182116,    0.0,    2.0, -2.0,  0.00,  0.00,  0.00,  0.0,  0.0,  0.0
1047724.40101570, -0.408867,    0.0,    2.0, -2.0,  0.00,  0.00,  0.00,  0.0,  0.0,  0.0
1047724.40351570, -0.213816,    0.0,    2.0, -2.0,  0.00,  0.00,  0.00,  0.0,  0.0,  0.0
1047724.40601570, 0.245098,    0.0,    2.0, -2.0,  0.00,  0.00,  0.00,  0.0,  0.0,  0.0
1047724.40851570, 2.458231,    0.0,    2.0, -2.0,  0.00,  0.00,  0.00,  0.0,  0.0,  0.0
1047724.41101570, 0.795826,    0.0,    2.0, -2.0,  0.00,  0.00,  0.00,  0.0,  0.0,  0.0
1047724.41351570, 0.064289,    0.0,    2.0, -2.0,  0.00,  0.00,  0.00,  0.0,  0.0,  0.0
1047724.41601570, -1.629055,    0.0,    2.0, -2.0,  0.00,  0.00,  0.00,  0.0,  0.0,  0.0
1047724.41851570, -2.686125,    0.0,    2.0, -2.0,  0.00,  0.00,  0.00,  0.0,  0.0,  0.0
1047724.42101570, -0.181744,    0.0,    2.0, -2.0,  0.00,  0.00,  0.00,  0.0,  0.0,  0.0
1047724.42351570, 0.683938,    0.0,    2.0, -2.0,  0.00,  0.00,  0.00,  0.0,  0.0,  0.0
1047724.42601570, 2.412560,    0.0,    2.0, -2.0,  0.00,  0.00,  0.00,  0.0,  0.0,  0.0
1047724.42851570, 2.555496,    0.0,    2.0, -2.0,  0.00,  0.00,  0.00,  0.0,  0.0,  0.0
1047724.43101570, 2.371994,    0.0,    2.0, -2.0,  0.00,  0.00,  0.00,  0.0,  0.0,  0.0
1047724.43351570, 1.039130,    0.0,    2.0, -2.0,  0.00,  0.00,  0.00,  0.0,  0.0,  0.0
1047724.43601570, -1.960239,    0.0,    2.0, -2.0,  0.00,  0.00,  0.00,  0.0,  0.0,  0.0
1047724.43851570, -2.215554,    0.0,    2.0, -2.0,  0.00,  0.00,  0.00,  0.0,  0.0,  0.0
1047724.44101570, -1.871893,    0.0,    2.0, -2.0,  0.00,  0.00,  0.00,  0.0,  0.0,  0.0
1047724.44351570, -0.435749,    0.0,    2.0, -2.0,  0.00,  0.00,  0.00,  0.0,  0.0,  0.0
1047724.44601570, 2.505909,    0.0,    2.0, -2.0,  0.00,  0.00,  0.00,  0.0,  0.0,  0.0
1047724.44851570, 2.348867,    0.0,    2.0, -2.0,  0.00,  0.00,  0.00,  0.0,  0.0,  0.0
1047724.45101570, 1.104221,    0.0,    2.0, -2.0,  0.00,  0.00,  0.00,  0.0,  0.0,  0.0
1047724.45351570, -0.656886,    0.0,    2.0, -2.0,  0.00,  0.00,  0.00,  0.0,  0.0,  0.0
1047724.45601570, -1.931436,    0.0,    2.0, -2.0,  0.00,  0.00,  0.00,  0.0,  0.0,  0.0
1047724.45851570, -2.147442,    0.0,    2.0, -2.0,  0.00,  0.00,  0.00,  0.0,  0.0,  0.0
1047724.46101570, -0.892413,    0.0,    2.0, -2.0,  0.00,  0.00,  0.00,  0.0,  0.0,  0.0
1047724.46351570, 0.574824,    0.0,    2.0, -2.0,  0.00,  0.00,  0.00,  0.0,  0.0,  0.0
1047724.46601570, 1.629036,    0.0,    2.0, -2.0,  0.00,  0.00,  0.00,  0.0,  0.0,  0.0
1047724.46851570, 2.359316,    0.0,    2.0, -2.0,  0.00,  0.00,  0.00,  0.0,  0.0,  0.0
1047724.47101570, 2.161963,    0.0,    2.0, -2.0,  0.00,  0.00,  0.00,  0.0,  0.0,  0.0
1047724.47351570, 0.081985,    0.0,    2.0, -2.0,  0.00,  0.00,  0.00,  0.0,  0.0,  0.0
1047724.47601570, -1.584653,    0.0,    2.0, -2.0,  0.00,  0.00,  0.00,  0.0,  0.0,  0.0
1047724.47851570, -2.371610,    0.0,    2.0, -2.0,  0.00,  0.00,  0.00,  0.0,  0.0,  0.0
1047724.48101570, -0.655317,    0.0,    2.0, -2.0,  0.00,  0.00,  0.00,  0.0,  0.0,  0.0
1047724.48351570, 0.089782,    0.0,    2.0, -2.0,  0.00,  0.00,  0.00,  0.0,  0.0,  0.0
1047724.48851570, 2.113515,    0.0,    2.0, -2.0,  0.00,  0.00,  0.00,  0.0,  0.0,  0.0
1047724.49101570, 1.367079,    0.0,    2.0, -2.0,  0.00,  0.00,  0.00,  0.0,  0.0,  0.0
1047724.49351570, 0.619225,    0.0,    2.0, -2.0,  0.00,  0.00,  0.00,  0.0,  0.0,  0.0
1047724.49601570, -2.177168,    0.0,    2.0, -2.0,  0.00,  0.00,  0.00,  0.0,  0.0,  0.0
1047724.49851570, -1.528786,    0.0,    2.0, -2.0,  0.00,  0.00,  0.00,  0.0,  0.0,  0.0
1047724.50101570, -0.392631,    0.0,    2.0, -2.0,  0.00,  0.00,  0.00,  0.0,  0.0,  0.0
1047724.50351570, 0.583247,    0.0,    2.0, -2.0,  0.00,  0.00,  0.00,  0.0,  0.0,  0.0
1047724.50601570, 1.261182,    0.0,    2.0, -2.0,  0.00,  0.00,  0.00,  0.0,  0.0,  0.0
1047724.50851570, 1.919509,    0.0,    2.0, -2.0,  0.00,  0.00,  0.00,  0.0,  0.0,  0.0
1047724.51101570, 1.329283,    0.0,    2.0, -2.0,  0.00,  0.00,  0.00,  0.0,  0.0,  0.0
1047724.51351570, -0.158422,    0.0,    2.0, -2.0,  0.00,  0.00,  0.00,  0.0,  0.0,  0.0
1047724.51601570, -1.308525,    0.0,    2.0, -2.0,  0.00,  0.00,  0.00,  0.0,  0.0,  0.0
1047724.51851570, -1.572043,    0.0,    2.0, -2.0,  0.00,  0.00,  0.00,  0.0,  0.0,  0.0
1047724.52101570, -1.835561,    0.0,    2.0, -2.0,  0.00,  0.00,  0.00,  0.0,  0.0,  0.0
1047724.52351570, -0.193978,    0.0,    2.0, -2.0,  0.00,  0.00,  0.00,  0.0,  0.0,  0.0
1047724.52601570, 1.476057,    0.0,    2.0, -2.0,  0.00,  0.00,  0.00,  0.0,  0.0,  0.0
1047724.52851570, 2.037073,    0.0,    2.0, -2.0,  0.00,  0.00,  0.00,  0.0,  0.0,  0.0
1047724.53101570, 2.056612,    0.0,    2.0, -2.0,  0.00,  0.00,  0.00,  0.0,  0.0,  0.0
1047724.53351570, 0.725935,    0.0,    2.0, -2.0,  0.00,  0.00,  0.00,  0.0,  0.0,  0.0
1047724.53601570, -2.219661,    0.0,    2.0, -2.0,  0.00,  0.00,  0.00,  0.0,  0.0,  0.0
1047724.53851570, -2.369408,    0.0,    2.0, -2.0,  0.00,  0.00,  0.00,  0.0,  0.0,  0.0
1047724.54101570, -1.510391,    0.0,    2.0, -2.0,  0.00,  0.00,  0.00,  0.0,  0.0,  0.0
1047724.54351570, 0.196865,    0.0,    2.0, -2.0,  0.00,  0.00,  0.00,  0.0,  0.0,  0.0
1047724.54601570, 1.711879,    0.0,    2.0, -2.0,  0.00,  0.00,  0.00,  0.0,  0.0,  0.0
1047724.54851570, 2.159543,    0.0,    2.0, -2.0,  0.00,  0.00,  0.00,  0.0,  0.0,  0.0
1047724.55101570, 2.012437,    0.0,    2.0, -2.0,  0.00,  0.00,  0.00,  0.0,  0.0,  0.0
1047724.55351570, 1.700348,    0.0,    2.0, -2.0,  0.00,  0.00,  0.00,  0.0,  0.0,  0.0
1047724.55601570, 1.388259,    0.0,    2.0, -2.0,  0.00,  0.00,  0.00,  0.0,  0.0,  0.0
1047724.55851570, 1.076170,    0.0,    2.0, -2.0,  0.00,  0.00,  0.00,  0.0,  0.0,  0.0
1047724.56101570, 0.764081,    0.0,    2.0, -2.0,  0.00,  0.00,  0.00,  0.0,  0.0,  0.0
1047724.56351570, 0.876951,    0.0,    2.0, -2.0,  0.00,  0.00,  0.00,  0.0,  0.0,  0.0
1047724.56601570, 2.189643,    0.0,    2.0, -2.0,  0.00,  0.00,  0.00,  0.0,  0.0,  0.0
1047724.56851570, 2.812904,    0.0,    2.0, -2.0,  0.00,  0.00,  0.00,  0.0,  0.0,  0.0
1047724.57101570, 1.587180,    0.0,    2.0, -2.0,  0.00,  0.00,  0.00,  0.0,  0.0,  0.0
1047724.57351570, -0.363810,    0.0,    2.0, -2.0,  0.00,  0.00,  0.00,  0.0,  0.0,  0.0
1047724.57601570, -1.812512,    0.0,    2.0, -2.0,  0.00,  0.00,  0.00,  0.0,  0.0,  0.0
1047724.57851570, -2.257729,    0.0,    2.0, -2.0,  0.00,  0.00,  0.00,  0.0,  0.0,  0.0
1047724.58101570, -2.166668,    0.0,    2.0, -2.0,  0.00,  0.00,  0.00,  0.0,  0.0,  0.0
1047724.58351570, -1.052951,    0.0,    2.0, -2.0,  0.00,  0.00,  0.00,  0.0,  0.0,  0.0
1047724.58601570, 1.048331,    0.0,    2.0, -2.0,  0.00,  0.00,  0.00,  0.0,  0.0,  0.0
1047724.58851570, 2.296505,    0.0,    2.0, -2.0,  0.00,  0.00,  0.00,  0.0,  0.0,  0.0
1047724.59101570, 1.519817,    0.0,    2.0, -2.0,  0.00,  0.00,  0.00,  0.0,  0.0,  0.0
1047724.59351570, -0.196664,    0.0,    2.0, -2.0,  0.00,  0.00,  0.00,  0.0,  0.0,  0.0
1047724.59601570, -2.768920,    0.0,    2.0, -2.0,  0.00,  0.00,  0.00,  0.0,  0.0,  0.0
1047724.59851570, -2.768920,    0.0,    2.0, -2.0,  0.00,  0.00,  0.00,  0.0,  0.0,  0.0
1047724.60101570, -2.768920,    0.0,    2.0, -2.0,  0.00,  0.00,  0.00,  0.0,  0.0,  0.0
1047724.60351570, -0.037089,    0.0,    2.0, -2.0,  0.00,  0.00,  0.00,  0.0,  0.0,  0.0
1047724.60601570, 1.771033,    0.0,    2.0, -2.0,  0.00,  0.00,  0.00,  0.0,  0.0,  0.0
1047724.60851570, 2.320168,    0.0,    2.0, -2.0,  0.00,  0.00,  0.00,  0.0,  0.0,  0.0
1047724.61101570, 1.892277,    0.0,    2.0, -2.0,  0.00,  0.00,  0.00,  0.0,  0.0,  0.0
1047724.61351570, 0.790025,    0.0,    2.0, -2.0,  0.00,  0.00,  0.00,  0.0,  0.0,  0.0
1047724.61601570, -2.078204,    0.0,    2.0, -2.0,  0.00,  0.00,  0.00,  0.0,  0.0,  0.0
