Time (s), Force (mN), hv_set (V), hv_vm (V), hv_err (V), lv_set (V), lv_vm (V), lv_err (V), cm_w1 (uA), cm_w2 (uA), cm_w3 (uA)
1033468.04969390, 44840.594977,    0.0,    2.0, -2.0,  0.00,  0.00,  0.00,  0.0,  0.0,  0.0
1033468.05219390, 44840.594977,    0.0,    2.0, -2.0,  0.00,  0.00,  0.00,  0.0,  0.0,  0.0
1033468.05469390, 44840.594977,    0.0,    2.0, -2.0,  0.00,  0.00,  0.00,  0.0,  0.0,  0.0
1033468.05719390, 44840.767790,    0.0,    2.0, -2.0,  0.00,  0.00,  0.00,  0.0,  0.0,  0.0
1033468.05969390, 44842.756573,    0.0,    2.0, -2.0,  0.00,  0.00,  0.00,  0.0,  0.0,  0.0
1033468.06219390, 44844.265363,    0.0,    2.0, -2.0,  0.00,  0.00,  0.00,  0.0,  0.0,  0.0
1033468.06469390, 44845.222617,    0.0,    2.0, -2.0,  0.00,  0.00,  0.00,  0.0,  0.0,  0.0
1033468.06719390, 44843.850682,    0.0,    2.0, -2.0,  0.00,  0.00,  0.00,  0.0,  0.0,  0.0
1033468.06969390, 44842.455178,    0.0,    2.0, -2.0,  0.00,  0.00,  0.00,  0.0,  0.0,  0.0
1033468.07219390, 44840.880493,    0.0,    2.0, -2.0,  0.00,  0.00,  0.00,  0.0,  0.0,  0.0
1033468.07469390, 44840.150334,    0.0,    2.0, -2.0,  0.00,  0.00,  0.00,  0.0,  0.0,  0.0
1033468.07719390, 44840.655674,    0.0,    2.0, -2.0,  0.00,  0.00,  0.00,  0.0,  0.0,  0.0
1033468.07969390, 44841.794876,    0.0,    2.0, -2.0,  0.00,  0.00,  0.00,  0.0,  0.0,  0.0
1033468.08219390, 44843.785685,    0.0,    2.0, -2.0,  0.00,  0.00,  0.00,  0.0,  0.0,  0.0
1033468.08469390, 44844.853162,    0.0,    2.0, -2.0,  0.00,  0.00,  0.00,  0.0,  0.0,  0.0
1033468.08719390, 44844.998936,    0.0,    2.0, -2.0,  0.00,  0.00,  0.00,  0.0,  0.0,  0.0
1033468.08969390, 44844.778288,    0.0,    2.0, -2.0,  0.00,  0.00,  0.00,  0.0,  0.0,  0.0
1033468.09219390, 44844.557640,    0.0,    2.0, -2.0,  0.00,  0.00,  0.00,  0.0,  0.0,  0.0
1033468.09469390, 44842.120373,    0.0,    2.0, -2.0,  0.00,  0.00,  0.00,  0.0,  0.0,  0.0
1033468.09719390, 44840.723729,    0.0,    2.0, -2.0,  0.00,  0.00,  0.00,  0.0,  0.0,  0.0
1033468.09969390, 44840.873118,    0.0,    2.0, -2.0,  0.00,  0.00,  0.00,  0.0,  0.0,  0.0
1033468.10219390, 44841.022508,    0.0,    2.0, -2.0,  0.00,  0.00,  0.00,  0.0,  0.0,  0.0
1033468.10469390, 44845.259805,    0.0,    2.0, -2.0,  0.00,  0.00,  0.00,  0.0,  0.0,  0.0
1033468.10719390, 44844.713223,    0.0,    2.0, -2.0,  0.00,  0.00,  0.00,  0.0,  0.0,  0.0
1033468.10969390, 44844.302676,    0.0,    2.0, -2.0,  0.00,  0.00,  0.00,  0.0,  0.0,  0.0
1033468.11219390, 44843.892129,    0.0,    2.0, -2.0,  0.00,  0.00,  0.00,  0.0,  0.0,  0.0
1033468.11469390, 44843.481582,    0.0,    2.0, -2.0,  0.00,  0.00,  0.00,  0.0,  0.0,  0.0
1033468.11719390, 44843.071035,    0.0,    2.0, -2.0,  0.00,  0.00,  0.00,  0.0,  0.0,  0.0
1033468.11969390, 44842.856580,    0.0,    2.0, -2.0,  0.00,  0.00,  0.00,  0.0,  0.0,  0.0
1033468.12219390, 44844.318377,    0.0,    2.0, -2.0,  0.00,  0.00,  0.00,  0.0,  0.0,  0.0
1033468.12469390, 44845.186188,    0.0,    2.0, -2.0,  0.00,  0.00,  0.00,  0.0,  0.0,  0.0
1033468.12719390, 44844.341658,    0.0,    2.0, -2.0,  0.00,  0.00,  0.00,  0.0,  0.0,  0.0
1033468.12969390, 44842.617066,    0.0,    2.0, -2.0,  0.00,  0.00,  0.00,  0.0,  0.0,  0.0
1033468.13219390, 44841.105095,    0.0,    2.0, -2.0,  0.00,  0.00,  0.00,  0.0,  0.0,  0.0
1033468.13469390, 44840.433951,    0.0,    2.0, -2.0,  0.00,  0.00,  0.00,  0.0,  0.0,  0.0
1033468.13719390, 44841.656094,    0.0,    2.0, -2.0,  0.00,  0.00,  0.00,  0.0,  0.0,  0.0
1033468.13969390, 44842.743830,    0.0,    2.0, -2.0,  0.00,  0.00,  0.00,  0.0,  0.0,  0.0
1033468.14219390, 44843.883203,    0.0,    2.0, -2.0,  0.00,  0.00,  0.00,  0.0,  0.0,  0.0
1033468.14469390, 44844.522120,    0.0,    2.0, -2.0,  0.00,  0.00,  0.00,  0.0,  0.0,  0.0
1033468.14719390, 44844.809561,    0.0,    2.0, -2.0,  0.00,  0.00,  0.00,  0.0,  0.0,  0.0
1033468.14969390, 44845.097002,    0.0,    2.0, -2.0,  0.00,  0.00,  0.00,  0.0,  0.0,  0.0
1033468.15219390, 44841.980087,    0.0,    2.0, -2.0,  0.00,  0.00,  0.00,  0.0,  0.0,  0.0
1033468.15469390, 44840.190672,    0.0,    2.0, -2.0,  0.00,  0.00,  0.00,  0.0,  0.0,  0.0
1033468.15719390, 44840.134286,    0.0,    2.0, -2.0,  0.00,  0.00,  0.00,  0.0,  0.0,  0.0
1033468.15969390, 44840.695269,    0.0,    2.0, -2.0,  0.00,  0.00,  0.00,  0.0,  0.0,  0.0
1033468.16219390, 44844.587045,    0.0,    2.0, -2.0,  0.00,  0.00,  0.00,  0.0,  0.0,  0.0
1033468.16469390, 44844.728059,    0.0,    2.0, -2.0,  0.00,  0.00,  0.00,  0.0,  0.0,  0.0
1033468.16719390, 44844.869073,    0.0,    2.0, -2.0,  0.00,  0.00,  0.00,  0.0,  0.0,  0.0
1033468.16969390, 44845.010087,    0.0,    2.0, -2.0,  0.00,  0.00,  0.00,  0.0,  0.0,  0.0
1033468.17219390, 44843.539517,    0.0,    2.0, -2.0,  0.00,  0.00,  0.00,  0.0,  0.0,  0.0
1033468.17469390, 44839.953529,    0.0,    2.0, -2.0,  0.00,  0.00,  0.00,  0.0,  0.0,  0.0
1033468.17719390, 44840.063486,    0.0,    2.0, -2.0,  0.00,  0.00,  0.00,  0.0,  0.0,  0.0
1033468.17969390, 44840.280245,    0.0,    2.0, -2.0,  0.00,  0.00,  0.00,  0.0,  0.0,  0.0
1033468.18219390, 44840.497003,    0.0,    2.0, -2.0,  0.00,  0.00,  0.00,  0.0,  0.0,  0.0
1033468.18469390, 44841.682252,    0.0,    2.0, -2.0,  0.00,  0.00,  0.00,  0.0,  0.0,  0.0
1033468.18719390, 44844.154088,    0.0,    2.0, -2.0,  0.00,  0.00,  0.00,  0.0,  0.0,  0.0
1033468.18969390, 44843.098872,    0.0,    2.0, -2.0,  0.00,  0.00,  0.00,  0.0,  0.0,  0.0
1033468.19219390, 44842.624273,    0.0,    2.0, -2.0,  0.00,  0.00,  0.00,  0.0,  0.0,  0.0
1033468.19469390, 44843.020167,    0.0,    2.0, -2.0,  0.00,  0.00,  0.00,  0.0,  0.0,  0.0
1033468.19719390, 44843.416060,    0.0,    2.0, -2.0,  0.00,  0.00,  0.00,  0.0,  0.0,  0.0
1033468.19969390, 44843.811953,    0.0,    2.0, -2.0,  0.00,  0.00,  0.00,  0.0,  0.0,  0.0
1033468.20219390, 44844.207846,    0.0,    2.0, -2.0,  0.00,  0.00,  0.00,  0.0,  0.0,  0.0
1033468.20469390, 44844.865937,    0.0,    2.0, -2.0,  0.00,  0.00,  0.00,  0.0,  0.0,  0.0
1033468.20719390, 44844.885284,    0.0,    2.0, -2.0,  0.00,  0.00,  0.00,  0.0,  0.0,  0.0
1033468.20969390, 44844.085286,    0.0,    2.0, -2.0,  0.00,  0.00,  0.00,  0.0,  0.0,  0.0
1033468.21219390, 44840.635636,    0.0,    2.0, -2.0,  0.00,  0.00,  0.00,  0.0,  0.0,  0.0
1033468.21469390, 44840.519482,    0.0,    2.0, -2.0,  0.00,  0.00,  0.00,  0.0,  0.0,  0.0
1033468.21719390, 44840.403328,    0.0,    2.0, -2.0,  0.00,  0.00,  0.00,  0.0,  0.0,  0.0
1033468.21969390, 44840.287174,    0.0,    2.0, -2.0,  0.00,  0.00,  0.00,  0.0,  0.0,  0.0
1033468.22219390, 44840.688075,    0.0,    2.0, -2.0,  0.00,  0.00,  0.00,  0.0,  0.0,  0.0
1033468.22469390, 44844.926069,    0.0,    2.0, -2.0,  0.00,  0.00,  0.00,  0.0,  0.0,  0.0
1033468.22719390, 44844.520291,    0.0,    2.0, -2.0,  0.00,  0.00,  0.00,  0.0,  0.0,  0.0
1033468.22969390, 44842.990801,    0.0,    2.0, -2.0,  0.00,  0.00,  0.00,  0.0,  0.0,  0.0
1033468.23219390, 44841.009696,    0.0,    2.0, -2.0,  0.00,  0.00,  0.00,  0.0,  0.0,  0.0
1033468.23469390, 44840.410683,    0.0,    2.0, -2.0,  0.00,  0.00,  0.00,  0.0,  0.0,  0.0
1033468.23719390, 44840.228803,    0.0,    2.0, -2.0,  0.00,  0.00,  0.00,  0.0,  0.0,  0.0
1033468.23969390, 44840.123594,    0.0,    2.0, -2.0,  0.00,  0.00,  0.00,  0.0,  0.0,  0.0
1033468.24219390, 44844.219162,    0.0,    2.0, -2.0,  0.00,  0.00,  0.00,  0.0,  0.0,  0.0
1033468.24469390, 44844.219162,    0.0,    2.0, -2.0,  0.00,  0.00,  0.00,  0.0,  0.0,  0.0
1033468.24719390, 44844.310407,    0.0,    2.0, -2.0,  0.00,  0.00,  0.00,  0.0,  0.0,  0.0
1033468.24969390, 44844.075199,    0.0,    2.0, -2.0,  0.00,  0.00,  0.00,  0.0,  0.0,  0.0
1033468.25219390, 44843.024839,    0.0,    2.0, -2.0,  0.00,  0.00,  0.00,  0.0,  0.0,  0.0
1033468.25469390, 44841.371670,    0.0,    2.0, -2.0,  0.00,  0.00,  0.00,  0.0,  0.0,  0.0
1033468.25719390, 44840.479922,    0.0,    2.0, -2.0,  0.00,  0.00,  0.00,  0.0,  0.0,  0.0
1033468.25969390, 44841.181165,    0.0,    2.0, -2.0,  0.00,  0.00,  0.00,  0.0,  0.0,  0.0
1033468.26219390, 44841.650680,    0.0,    2.0, -2.0,  0.00,  0.00,  0.00,  0.0,  0.0,  0.0
1033468.26469390, 44842.120196,    0.0,    2.0, -2.0,  0.00,  0.00,  0.00,  0.0,  0.0,  0.0
1033468.26719390, 44842.589711,    0.0,    2.0, -2.0,  0.00,  0.00,  0.00,  0.0,  0.0,  0.0
1033468.26969390, 44842.569080,    0.0,    2.0, -2.0,  0.00,  0.00,  0.00,  0.0,  0.0,  0.0
1033468.27219390, 44841.523095,    0.0,    2.0, -2.0,  0.00,  0.00,  0.00,  0.0,  0.0,  0.0
1033468.27469390, 44840.639345,    0.0,    2.0, -2.0,  0.00,  0.00,  0.00,  0.0,  0.0,  0.0
1033468.27719390, 44841.171777,    0.0,    2.0, -2.0,  0.00,  0.00,  0.00,  0.0,  0.0,  0.0
1033468.27969390, 44842.880611,    0.0,    2.0, -2.0,  0.00,  0.00,  0.00,  0.0,  0.0,  0.0
1033468.28219390, 44844.492151,    0.0,    2.0, -2.0,  0.00,  0.00,  0.00,  0.0,  0.0,  0.0
1033468.28469390, 44844.964963,    0.0,    2.0, -2.0,  0.00,  0.00,  0.00,  0.0,  0.0,  0.0
1033468.28719390, 44845.316905,    0.0,    2.0, -2.0,  0.00,  0.00,  0.00,  0.0,  0.0,  0.0
1033468.28969390, 44844.313770,    0.0,    2.0, -2.0,  0.00,  0.00,  0.00,  0.0,  0.0,  0.0
1033468.29219390, 44842.775576,    0.0,    2.0, -2.0,  0.00,  0.00,  0.00,  0.0,  0.0,  0.0
1033468.29469390, 44841.042588,    0.0,    2.0, -2.0,  0.00,  0.00,  0.00,  0.0,  0.0,  0.0
1033468.29719390, 44840.295820,    0.0,    2.0, -2.0,  0.00,  0.00,  0.00,  0.0,  0.0,  0.0
1033468.29969390, 44841.020493,    0.0,    2.0, -2.0,  0.00,  0.00,  0.00,  0.0,  0.0,  0.0
1033468.30219390, 44843.868627,    0.0,    2.0, -2.0,  0.00,  0.00,  0.00,  0.0,  0.0,  0.0
1033468.30469390, 44844.640407,    0.0,    2.0, -2.0,  0.00,  0.00,  0.00,  0.0,  0.0,  0.0
1033468.30719390, 44844.850127,    0.0,    2.0, -2.0,  0.00,  0.00,  0.00,  0.0,  0.0,  0.0
1033468.30969390, 44844.454779,    0.0,    2.0, -2.0,  0.00,  0.00,  0.00,  0.0,  0.0,  0.0
1033468.31219390, 44844.059431,    0.0,    2.0, -2.0,  0.00,  0.00,  0.00,  0.0,  0.0,  0.0
1033468.31469390, 44841.258416,    0.0,    2.0, -2.0,  0.00,  0.00,  0.00,  0.0,  0.0,  0.0
1033468.31719390, 44840.469769,    0.0,    2.0, -2.0,  0.00,  0.00,  0.00,  0.0,  0.0,  0.0
1033468.31969390, 44841.901557,    0.0,    2.0, -2.0,  0.00,  0.00,  0.00,  0.0,  0.0,  0.0
1033468.32219390, 44843.614656,    0.0,    2.0, -2.0,  0.00,  0.00,  0.00,  0.0,  0.0,  0.0
1033468.32469390, 44844.775078,    0.0,    2.0, -2.0,  0.00,  0.00,  0.00,  0.0,  0.0,  0.0
1033468.32719390, 44844.268145,    0.0,    2.0, -2.0,  0.00,  0.00,  0.00,  0.0,  0.0,  0.0
1033468.32969390, 44843.221317,    0.0,    2.0, -2.0,  0.00,  0.00,  0.00,  0.0,  0.0,  0.0
1033468.33219390, 44842.172801,    0.0,    2.0, -2.0,  0.00,  0.00,  0.00,  0.0,  0.0,  0.0
1033468.33469390, 44841.122237,    0.0,    2.0, -2.0,  0.00,  0.00,  0.00,  0.0,  0.0,  0.0
1033468.33719390, 44840.735221,    0.0,    2.0, -2.0,  0.00,  0.00,  0.00,  0.0,  0.0,  0.0
1033468.33969390, 44842.288778,    0.0,    2.0, -2.0,  0.00,  0.00,  0.00,  0.0,  0.0,  0.0
1033468.34219390, 44843.461614,    0.0,    2.0, -2.0,  0.00,  0.00,  0.00,  0.0,  0.0,  0.0
1033468.34469390, 44844.445286,    0.0,    2.0, -2.0,  0.00,  0.00,  0.00,  0.0,  0.0,  0.0
1033468.34719390, 44844.142376,    0.0,    2.0, -2.0,  0.00,  0.00,  0.00,  0.0,  0.0,  0.0
1033468.34969390, 44843.458710,    0.0,    2.0, -2.0,  0.00,  0.00,  0.00,  0.0,  0.0,  0.0
1033468.35219390, 44841.396510,    0.0,    2.0, -2.0,  0.00,  0.00,  0.00,  0.0,  0.0,  0.0
1033468.35469390, 44840.813387,    0.0,    2.0, -2.0,  0.00,  0.00,  0.00,  0.0,  0.0,  0.0
1033468.35719390, 44840.641625,    0.0,    2.0, -2.0,  0.00,  0.00,  0.00,  0.0,  0.0,  0.0
1033468.35969390, 44840.469862,    0.0,    2.0, -2.0,  0.00,  0.00,  0.00,  0.0,  0.0,  0.0
1033468.36219390, 44840.298100,    0.0,    2.0, -2.0,  0.00,  0.00,  0.00,  0.0,  0.0,  0.0
1033468.36469390, 44844.327737,    0.0,    2.0, -2.0,  0.00,  0.00,  0.00,  0.0,  0.0,  0.0
1033468.36719390, 44844.818113,    0.0,    2.0, -2.0,  0.00,  0.00,  0.00,  0.0,  0.0,  0.0
1033468.36969390, 44843.055896,    0.0,    2.0, -2.0,  0.00,  0.00,  0.00,  0.0,  0.0,  0.0
1033468.37219390, 44840.679962,    0.0,    2.0, -2.0,  0.00,  0.00,  0.00,  0.0,  0.0,  0.0
1033468.37469390, 44840.341785,    0.0,    2.0, -2.0,  0.00,  0.00,  0.00,  0.0,  0.0,  0.0
1033468.37719390, 44841.598788,    0.0,    2.0, -2.0,  0.00,  0.00,  0.00,  0.0,  0.0,  0.0
1033468.37969390, 44843.037844,    0.0,    2.0, -2.0,  0.00,  0.00,  0.00,  0.0,  0.0,  0.0
1033468.38219390, 44844.251234,    0.0,    2.0, -2.0,  0.00,  0.00,  0.00,  0.0,  0.0,  0.0
1033468.38469390, 44844.852790,    0.0,    2.0, -2.0,  0.00,  0.00,  0.00,  0.0,  0.0,  0.0
1033468.38719390, 44844.535542,    0.0,    2.0, -2.0,  0.00,  0.00,  0.00,  0.0,  0.0,  0.0
1033468.38969390, 44842.946428,    0.0,    2.0, -2.0,  0.00,  0.00,  0.00,  0.0,  0.0,  0.0
1033468.39219390, 44841.194675,    0.0,    2.0, -2.0,  0.00,  0.00,  0.00,  0.0,  0.0,  0.0
1033468.39469390, 44840.616015,    0.0,    2.0, -2.0,  0.00,  0.00,  0.00,  0.0,  0.0,  0.0
1033468.39719390, 44840.300896,    0.0,    2.0, -2.0,  0.00,  0.00,  0.00,  0.0,  0.0,  0.0
1033468.39969390, 44842.316751,    0.0,    2.0, -2.0,  0.00,  0.00,  0.00,  0.0,  0.0,  0.0
1033468.40219390, 44843.930149,    0.0,    2.0, -2.0,  0.00,  0.00,  0.00,  0.0,  0.0,  0.0
1033468.40469390, 44844.538291,    0.0,    2.0, -2.0,  0.00,  0.00,  0.00,  0.0,  0.0,  0.0
1033468.40719390, 44844.341364,    0.0,    2.0, -2.0,  0.00,  0.00,  0.00,  0.0,  0.0,  0.0
1033468.40969390, 44844.144438,    0.0,    2.0, -2.0,  0.00,  0.00,  0.00,  0.0,  0.0,  0.0
1033468.41219390, 44843.037356,    0.0,    2.0, -2.0,  0.00,  0.00,  0.00,  0.0,  0.0,  0.0
1033468.41469390, 44841.267671,    0.0,    2.0, -2.0,  0.00,  0.00,  0.00,  0.0,  0.0,  0.0
1033468.41719390, 44840.934078,    0.0,    2.0, -2.0,  0.00,  0.00,  0.00,  0.0,  0.0,  0.0
1033468.41969390, 44842.261166,    0.0,    2.0, -2.0,  0.00,  0.00,  0.00,  0.0,  0.0,  0.0
1033468.42219390, 44843.417289,    0.0,    2.0, -2.0,  0.00,  0.00,  0.00,  0.0,  0.0,  0.0
1033468.42469390, 44844.046492,    0.0,    2.0, -2.0,  0.00,  0.00,  0.00,  0.0,  0.0,  0.0
1033468.42719390, 44844.227374,    0.0,    2.0, -2.0,  0.00,  0.00,  0.00,  0.0,  0.0,  0.0
1033468.42969390, 44843.366143,    0.0,    2.0, -2.0,  0.00,  0.00,  0.00,  0.0,  0.0,  0.0
1033468.43219390, 44842.504913,    0.0,    2.0, -2.0,  0.00,  0.00,  0.00,  0.0,  0.0,  0.0
1033468.43469390, 44841.643682,    0.0,    2.0, -2.0,  0.00,  0.00,  0.00,  0.0,  0.0,  0.0
1033468.43719390, 44840.887522,    0.0,    2.0, -2.0,  0.00,  0.00,  0.00,  0.0,  0.0,  0.0
1033468.43969390, 44842.469809,    0.0,    2.0, -2.0,  0.00,  0.00,  0.00,  0.0,  0.0,  0.0
1033468.44219390, 44843.947990,    0.0,    2.0, -2.0,  0.00,  0.00,  0.00,  0.0,  0.0,  0.0
1033468.44469390, 44845.399103,    0.0,    2.0, -2.0,  0.00,  0.00,  0.00,  0.0,  0.0,  0.0
1033468.44719390, 44844.937931,    0.0,    2.0, -2.0,  0.00,  0.00,  0.00,  0.0,  0.0,  0.0
1033468.44969390, 44842.911144,    0.0,    2.0, -2.0,  0.00,  0.00,  0.00,  0.0,  0.0,  0.0
1033468.45219390, 44841.842904,    0.0,    2.0, -2.0,  0.00,  0.00,  0.00,  0.0,  0.0,  0.0
1033468.45469390, 44840.774663,    0.0,    2.0, -2.0,  0.00,  0.00,  0.00,  0.0,  0.0,  0.0
1033468.45719390, 44840.847135,    0.0,    2.0, -2.0,  0.00,  0.00,  0.00,  0.0,  0.0,  0.0
1033468.45969390, 44841.057950,    0.0,    2.0, -2.0,  0.00,  0.00,  0.00,  0.0,  0.0,  0.0
1033468.46219390, 44841.268764,    0.0,    2.0, -2.0,  0.00,  0.00,  0.00,  0.0,  0.0,  0.0
1033468.46469390, 44844.003826,    0.0,    2.0, -2.0,  0.00,  0.00,  0.00,  0.0,  0.0,  0.0
1033468.46719390, 44844.781748,    0.0,    2.0, -2.0,  0.00,  0.00,  0.00,  0.0,  0.0,  0.0
1033468.46969390, 44844.029161,    0.0,    2.0, -2.0,  0.00,  0.00,  0.00,  0.0,  0.0,  0.0
1033468.47219390, 44843.078906,    0.0,    2.0, -2.0,  0.00,  0.00,  0.00,  0.0,  0.0,  0.0
1033468.47469390, 44842.153602,    0.0,    2.0, -2.0,  0.00,  0.00,  0.00,  0.0,  0.0,  0.0
1033468.47719390, 44841.281049,    0.0,    2.0, -2.0,  0.00,  0.00,  0.00,  0.0,  0.0,  0.0
1033468.47969390, 44842.009100,    0.0,    2.0, -2.0,  0.00,  0.00,  0.00,  0.0,  0.0,  0.0
1033468.48219390, 44843.552722,    0.0,    2.0, -2.0,  0.00,  0.00,  0.00,  0.0,  0.0,  0.0
1033468.48469390, 44844.853010,    0.0,    2.0, -2.0,  0.00,  0.00,  0.00,  0.0,  0.0,  0.0
1033468.48719390, 44844.608622,    0.0,    2.0, -2.0,  0.00,  0.00,  0.00,  0.0,  0.0,  0.0
1033468.48969390, 44844.044992,    0.0,    2.0, -2.0,  0.00,  0.00,  0.00,  0.0,  0.0,  0.0
1033468.49219390, 44843.389704,    0.0,    2.0, -2.0,  0.00,  0.00,  0.00,  0.0,  0.0,  0.0
1033468.49469390, 44842.734417,    0.0,    2.0, -2.0,  0.00,  0.00,  0.00,  0.0,  0.0,  0.0
1033468.49719390, 44841.827486,    0.0,    2.0, -2.0,  0.00,  0.00,  0.00,  0.0,  0.0,  0.0
1033468.50219390, 44843.311638,    0.0,    2.0, -2.0,  0.00,  0.00,  0.00,  0.0,  0.0,  0.0
1033468.50469390, 44845.095808,    0.0,    2.0, -2.0,  0.00,  0.00,  0.00,  0.0,  0.0,  0.0
1033468.50719390, 44844.682291,    0.0,    2.0, -2.0,  0.00,  0.00,  0.00,  0.0,  0.0,  0.0
1033468.50969390, 44842.447644,    0.0,    2.0, -2.0,  0.00,  0.00,  0.00,  0.0,  0.0,  0.0
1033468.51219390, 44841.147060,    0.0,    2.0, -2.0,  0.00,  0.00,  0.00,  0.0,  0.0,  0.0
1033468.51469390, 44840.680627,    0.0,    2.0, -2.0,  0.00,  0.00,  0.00,  0.0,  0.0,  0.0
1033468.51719390, 44840.508556,    0.0,    2.0, -2.0,  0.00,  0.00,  0.00,  0.0,  0.0,  0.0
1033468.51969390, 44840.336486,    0.0,    2.0, -2.0,  0.00,  0.00,  0.00,  0.0,  0.0,  0.0
1033468.52219390, 44843.209960,    0.0,    2.0, -2.0,  0.00,  0.00,  0.00,  0.0,  0.0,  0.0
1033468.52469390, 44844.796732,    0.0,    2.0, -2.0,  0.00,  0.00,  0.00,  0.0,  0.0,  0.0
1033468.52719390, 44845.078335,    0.0,    2.0, -2.0,  0.00,  0.00,  0.00,  0.0,  0.0,  0.0
1033468.52969390, 44844.879526,    0.0,    2.0, -2.0,  0.00,  0.00,  0.00,  0.0,  0.0,  0.0
1033468.53219390, 44844.680717,    0.0,    2.0, -2.0,  0.00,  0.00,  0.00,  0.0,  0.0,  0.0
1033468.53469390, 44843.436753,    0.0,    2.0, -2.0,  0.00,  0.00,  0.00,  0.0,  0.0,  0.0
1033468.53719390, 44840.478808,    0.0,    2.0, -2.0,  0.00,  0.00,  0.00,  0.0,  0.0,  0.0
1033468.53969390, 44840.823693,    0.0,    2.0, -2.0,  0.00,  0.00,  0.00,  0.0,  0.0,  0.0
1033468.54219390, 44842.473147,    0.0,    2.0, -2.0,  0.00,  0.00,  0.00,  0.0,  0.0,  0.0
1033468.54469390, 44845.309624,    0.0,    2.0, -2.0,  0.00,  0.00,  0.00,  0.0,  0.0,  0.0
1033468.54719390, 44845.209187,    0.0,    2.0, -2.0,  0.00,  0.00,  0.00,  0.0,  0.0,  0.0
1033468.54969390, 44844.937912,    0.0,    2.0, -2.0,  0.00,  0.00,  0.00,  0.0,  0.0,  0.0
1033468.55219390, 44843.370084,    0.0,    2.0, -2.0,  0.00,  0.00,  0.00,  0.0,  0.0,  0.0
1033468.55469390, 44840.979169,    0.0,    2.0, -2.0,  0.00,  0.00,  0.00,  0.0,  0.0,  0.0
1033468.55719390, 44841.005555,    0.0,    2.0, -2.0,  0.00,  0.00,  0.00,  0.0,  0.0,  0.0
1033468.55969390, 44841.839878,    0.0,    2.0, -2.0,  0.00,  0.00,  0.00,  0.0,  0.0,  0.0
1033468.56219390, 44843.227736,    0.0,    2.0, -2.0,  0.00,  0.00,  0.00,  0.0,  0.0,  0.0
1033468.56469390, 44845.566204,    0.0,    2.0, -2.0,  0.00,  0.00,  0.00,  0.0,  0.0,  0.0
1033468.56719390, 44844.877792,    0.0,    2.0, -2.0,  0.00,  0.00,  0.00,  0.0,  0.0,  0.0
1033468.56969390, 44842.759805,    0.0,    2.0, -2.0,  0.00,  0.00,  0.00,  0.0,  0.0,  0.0
1033468.57219390, 44840.836330,    0.0,    2.0, -2.0,  0.00,  0.00,  0.00,  0.0,  0.0,  0.0
1033468.57469390, 44840.167345,    0.0,    2.0, -2.0,  0.00,  0.00,  0.00,  0.0,  0.0,  0.0
1033468.57719390, 44840.413173,    0.0,    2.0, -2.0,  0.00,  0.00,  0.00,  0.0,  0.0,  0.0
1033468.57969390, 44841.045627,    0.0,    2.0, -2.0,  0.00,  0.00,  0.00,  0.0,  0.0,  0.0
1033468.58219390, 44842.382129,    0.0,    2.0, -2.0,  0.00,  0.00,  0.00,  0.0,  0.0,  0.0
1033468.58469390, 44845.049673,    0.0,    2.0, -2.0,  0.00,  0.00,  0.00,  0.0,  0.0,  0.0
1033468.58719390, 44844.388347,    0.0,    2.0, -2.0,  0.00,  0.00,  0.00,  0.0,  0.0,  0.0
1033468.58969390, 44843.723144,    0.0,    2.0, -2.0,  0.00,  0.00,  0.00,  0.0,  0.0,  0.0
1033468.59219390, 44843.120086,    0.0,    2.0, -2.0,  0.00,  0.00,  0.00,  0.0,  0.0,  0.0
1033468.59469390, 44842.517027,    0.0,    2.0, -2.0,  0.00,  0.00,  0.00,  0.0,  0.0,  0.0
1033468.59719390, 44841.191153,    0.0,    2.0, -2.0,  0.00,  0.00,  0.00,  0.0,  0.0,  0.0
1033468.59969390, 44841.964448,    0.0,    2.0, -2.0,  0.00,  0.00,  0.00,  0.0,  0.0,  0.0
1033468.60219390, 44842.764953,    0.0,    2.0, -2.0,  0.00,  0.00,  0.00,  0.0,  0.0,  0.0
1033468.60469390, 44843.684786,    0.0,    2.0, -2.0,  0.00,  0.00,  0.00,  0.0,  0.0,  0.0
1033468.60719390, 44844.604619,    0.0,    2.0, -2.0,  0.00,  0.00,  0.00,  0.0,  0.0,  0.0
1033468.60969390, 44844.076412,    0.0,    2.0, -2.0,  0.00,  0.00,  0.00,  0.0,  0.0,  0.0
1033468.61219390, 44842.350745,    0.0,    2.0, -2.0,  0.00,  0.00,  0.00,  0.0,  0.0,  0.0
1033468.61469390, 44840.722814,    0.0,    2.0, -2.0,  0.00,  0.00,  0.00,  0.0,  0.0,  0.0
1033468.61719390, 44840.473439,    0.0,    2.0, -2.0,  0.00,  0.00,  0.00,  0.0,  0.0,  0.0
1033468.61969390, 44841.452003,    0.0,    2.0, -2.0,  0.00,  0.00,  0.00,  0.0,  0.0,  0.0
1033468.62219390, 44843.652536,    0.0,    2.0, -2.0,  0.00,  0.00,  0.00,  0.0,  0.0,  0.0
1033468.62469390, 44844.993353,    0.0,    2.0, -2.0,  0.00,  0.00,  0.00,  0.0,  0.0,  0.0
1033468.62719390, 44844.297164,    0.0,    2.0, -2.0,  0.00,  0.00,  0.00,  0.0,  0.0,  0.0
1033468.62969390, 44842.995265,    0.0,    2.0, -2.0,  0.00,  0.00,  0.00,  0.0,  0.0,  0.0
1033468.63219390, 44841.288233,    0.0,    2.0, -2.0,  0.00,  0.00,  0.00,  0.0,  0.0,  0.0
1033468.63469390, 44840.352222,    0.0,    2.0, -2.0,  0.00,  0.00,  0.00,  0.0,  0.0,  0.0
1033468.63719390, 44841.660256,    0.0,    2.0, -2.0,  0.00,  0.00,  0.00,  0.0,  0.0,  0.0
1033468.63969390, 44843.032482,    0.0,    2.0, -2.0,  0.00,  0.00,  0.00,  0.0,  0.0,  0.0
1033468.64219390, 44843.323261,    0.0,    2.0, -2.0,  0.00,  0.00,  0.00,  0.0,  0.0,  0.0
1033468.64469390, 44843.785638,    0.0,    2.0, -2.0,  0.00,  0.00,  0.00,  0.0,  0.0,  0.0
1033468.64719390, 44844.155025,    0.0,    2.0, -2.0,  0.00,  0.00,  0.00,  0.0,  0.0,  0.0
1033468.64969390, 44842.775902,    0.0,    2.0, -2.0,  0.00,  0.00,  0.00,  0.0,  0.0,  0.0
1033468.65219390, 44842.342626,    0.0,    2.0, -2.0,  0.00,  0.00,  0.00,  0.0,  0.0,  0.0
1033468.65469390, 44841.651066,    0.0,    2.0, -2.0,  0.00,  0.00,  0.00,  0.0,  0.0,  0.0
1033468.65719390, 44840.959506,    0.0,    2.0, -2.0,  0.00,  0.00,  0.00,  0.0,  0.0,  0.0
1033468.65969390, 44842.548886,    0.0,    2.0, -2.0,  0.00,  0.00,  0.00,  0.0,  0.0,  0.0
1033468.66219390, 44843.684784,    0.0,    2.0, -2.0,  0.00,  0.00,  0.00,  0.0,  0.0,  0.0
1033468.66469390, 44844.637206,    0.0,    2.0, -2.0,  0.00,  0.00,  0.00,  0.0,  0.0,  0.0
1033468.66719390, 44844.859543,    0.0,    2.0, -2.0,  0.00,  0.00,  0.00,  0.0,  0.0,  0.0
1033468.66969390, 44843.613368,    0.0,    2.0, -2.0,  0.00,  0.00,  0.00,  0.0,  0.0,  0.0
1033468.67219390, 44841.459706,    0.0,    2.0, -2.0,  0.00,  0.00,  0.00,  0.0,  0.0,  0.0
1033468.67469390, 44840.361467,    0.0,    2.0, -2.0,  0.00,  0.00,  0.00,  0.0,  0.0,  0.0
1033468.67719390, 44840.219531,    0.0,    2.0, -2.0,  0.00,  0.00,  0.00,  0.0,  0.0,  0.0
1033468.67969390, 44841.410262,    0.0,    2.0, -2.0,  0.00,  0.00,  0.00,  0.0,  0.0,  0.0
1033468.68219390, 44844.156679,    0.0,    2.0, -2.0,  0.00,  0.00,  0.00,  0.0,  0.0,  0.0
1033468.68469390, 44845.154111,    0.0,    2.0, -2.0,  0.00,  0.00,  0.00,  0.0,  0.0,  0.0
1033468.68719390, 44844.107714,    0.0,    2.0, -2.0,  0.00,  0.00,  0.00,  0.0,  0.0,  0.0
1033468.68969390, 44842.775902,    0.0,    2.0, -2.0,  0.00,  0.00,  0.00,  0.0,  0.0,  0.0
1033468.69469390, 44840.211038,    0.0,    2.0, -2.0,  0.00,  0.00,  0.00,  0.0,  0.0,  0.0
1033468.69719390, 44841.255373,    0.0,    2.0, -2.0,  0.00,  0.00,  0.00,  0.0,  0.0,  0.0
1033468.69969390, 44842.977835,    0.0,    2.0, -2.0,  0.00,  0.00,  0.00,  0.0,  0.0,  0.0
1033468.70219390, 44844.972410,    0.0,    2.0, -2.0,  0.00,  0.00,  0.00,  0.0,  0.0,  0.0
1033468.70469390, 44845.395151,    0.0,    2.0, -2.0,  0.00,  0.00,  0.00,  0.0,  0.0,  0.0
1033468.70719390, 44845.395151,    0.0,    2.0, -2.0,  0.00,  0.00,  0.00,  0.0,  0.0,  0.0
1033468.70969390, 44845.395151,    0.0,    2.0, -2.0,  0.00,  0.00,  0.00,  0.0,  0.0,  0.0
1033468.71219390, 44842.277912,    0.0,    2.0, -2.0,  0.00,  0.00,  0.00,  0.0,  0.0,  0.0
1033468.71469390, 44840.719100,    0.0,    2.0, -2.0,  0.00,  0.00,  0.00,  0.0,  0.0,  0.0
1033468.71719390, 44840.576895,    0.0,    2.0, -2.0,  0.00,  0.00,  0.00,  0.0,  0.0,  0.0
1033468.71969390, 44840.905270,    0.0,    2.0, -2.0,  0.00,  0.00,  0.00,  0.0,  0.0,  0.0
1033468.72219390, 44842.924609,    0.0,    2.0, -2.0,  0.00,  0.00,  0.00,  0.0,  0.0,  0.0
1033468.72469390, 44844.159714,    0.0,    2.0, -2.0,  0.00,  0.00,  0.00,  0.0,  0.0,  0.0
1033468.72719390, 44844.258450,    0.0,    2.0, -2.0,  0.00,  0.00,  0.00,  0.0,  0.0,  0.0
1033468.72969390, 44844.357185,    0.0,    2.0, -2.0,  0.00,  0.00,  0.00,  0.0,  0.0,  0.0
1033468.73219390, 44841.379918,    0.0,    2.0, -2.0,  0.00,  0.00,  0.00,  0.0,  0.0,  0.0
1033468.73469390, 44840.355486,    0.0,    2.0, -2.0,  0.00,  0.00,  0.00,  0.0,  0.0,  0.0
1033468.73719390, 44840.279677,    0.0,    2.0, -2.0,  0.00,  0.00,  0.00,  0.0,  0.0,  0.0
1033468.73969390, 44840.904442,    0.0,    2.0, -2.0,  0.00,  0.00,  0.00,  0.0,  0.0,  0.0
1033468.74219390, 44843.790993,    0.0,    2.0, -2.0,  0.00,  0.00,  0.00,  0.0,  0.0,  0.0
1033468.74469390, 44845.064854,    0.0,    2.0, -2.0,  0.00,  0.00,  0.00,  0.0,  0.0,  0.0
1033468.74719390, 44844.670967,    0.0,    2.0, -2.0,  0.00,  0.00,  0.00,  0.0,  0.0,  0.0
1033468.74969390, 44843.084853,    0.0,    2.0, -2.0,  0.00,  0.00,  0.00,  0.0,  0.0,  0.0
1033468.75219390, 44841.328502,    0.0,    2.0, -2.0,  0.00,  0.00,  0.00,  0.0,  0.0,  0.0
1033468.75469390, 44840.517391,    0.0,    2.0, -2.0,  0.00,  0.00,  0.00,  0.0,  0.0,  0.0
1033468.75719390, 44840.870237,    0.0,    2.0, -2.0,  0.00,  0.00,  0.00,  0.0,  0.0,  0.0
1033468.75969390, 44842.963865,    0.0,    2.0, -2.0,  0.00,  0.00,  0.00,  0.0,  0.0,  0.0
1033468.76219390, 44844.680314,    0.0,    2.0, -2.0,  0.00,  0.00,  0.00,  0.0,  0.0,  0.0
1033468.76469390, 44845.096602,    0.0,    2.0, -2.0,  0.00,  0.00,  0.00,  0.0,  0.0,  0.0
1033468.76719390, 44844.432978,    0.0,    2.0, -2.0,  0.00,  0.00,  0.00,  0.0,  0.0,  0.0
1033468.76969390, 44843.183844,    0.0,    2.0, -2.0,  0.00,  0.00,  0.00,  0.0,  0.0,  0.0
1033468.77219390, 44841.780814,    0.0,    2.0, -2.0,  0.00,  0.00,  0.00,  0.0,  0.0,  0.0
1033468.77469390, 44840.750699,    0.0,    2.0, -2.0,  0.00,  0.00,  0.00,  0.0,  0.0,  0.0
1033468.77719390, 44840.896873,    0.0,    2.0, -2.0,  0.00,  0.00,  0.00,  0.0,  0.0,  0.0
1033468.77969390, 44842.261741,    0.0,    2.0, -2.0,  0.00,  0.00,  0.00,  0.0,  0.0,  0.0
1033468.78219390, 44844.041691,    0.0,    2.0, -2.0,  0.00,  0.00,  0.00,  0.0,  0.0,  0.0
1033468.78469390, 44844.668180,    0.0,    2.0, -2.0,  0.00,  0.00,  0.00,  0.0,  0.0,  0.0
1033468.78719390, 44844.986333,    0.0,    2.0, -2.0,  0.00,  0.00,  0.00,  0.0,  0.0,  0.0
1033468.78969390, 44844.410183,    0.0,    2.0, -2.0,  0.00,  0.00,  0.00,  0.0,  0.0,  0.0
1033468.79219390, 44842.252423,    0.0,    2.0, -2.0,  0.00,  0.00,  0.00,  0.0,  0.0,  0.0
1033468.79469390, 44840.661389,    0.0,    2.0, -2.0,  0.00,  0.00,  0.00,  0.0,  0.0,  0.0
1033468.79719390, 44840.480587,    0.0,    2.0, -2.0,  0.00,  0.00,  0.00,  0.0,  0.0,  0.0
1033468.79969390, 44840.839868,    0.0,    2.0, -2.0,  0.00,  0.00,  0.00,  0.0,  0.0,  0.0
1033468.80219390, 44842.275775,    0.0,    2.0, -2.0,  0.00,  0.00,  0.00,  0.0,  0.0,  0.0
1033468.80469390, 44844.690075,    0.0,    2.0, -2.0,  0.00,  0.00,  0.00,  0.0,  0.0,  0.0
1033468.80719390, 44845.024234,    0.0,    2.0, -2.0,  0.00,  0.00,  0.00,  0.0,  0.0,  0.0
1033468.80969390, 44845.358393,    0.0,    2.0, -2.0,  0.00,  0.00,  0.00,  0.0,  0.0,  0.0
1033468.81219390, 44842.297997,    0.0,    2.0, -2.0,  0.00,  0.00,  0.00,  0.0,  0.0,  0.0
1033468.81469390, 44840.524447,    0.0,    2.0, -2.0,  0.00,  0.00,  0.00,  0.0,  0.0,  0.0
1033468.81719390, 44840.864678,    0.0,    2.0, -2.0,  0.00,  0.00,  0.00,  0.0,  0.0,  0.0
1033468.81969390, 44842.419379,    0.0,    2.0, -2.0,  0.00,  0.00,  0.00,  0.0,  0.0,  0.0
1033468.82219390, 44844.361006,    0.0,    2.0, -2.0,  0.00,  0.00,  0.00,  0.0,  0.0,  0.0
1033468.82469390, 44844.862188,    0.0,    2.0, -2.0,  0.00,  0.00,  0.00,  0.0,  0.0,  0.0
1033468.82719390, 44843.793576,    0.0,    2.0, -2.0,  0.00,  0.00,  0.00,  0.0,  0.0,  0.0
1033468.82969390, 44842.737729,    0.0,    2.0, -2.0,  0.00,  0.00,  0.00,  0.0,  0.0,  0.0
1033468.83219390, 44840.759699,    0.0,    2.0, -2.0,  0.00,  0.00,  0.00,  0.0,  0.0,  0.0
1033468.83469390, 44840.123185,    0.0,    2.0, -2.0,  0.00,  0.00,  0.00,  0.0,  0.0,  0.0
1033468.83719390, 44840.660108,    0.0,    2.0, -2.0,  0.00,  0.00,  0.00,  0.0,  0.0,  0.0
1033468.83969390, 44841.954308,    0.0,    2.0, -2.0,  0.00,  0.00,  0.00,  0.0,  0.0,  0.0
1033468.84219390, 44844.570935,    0.0,    2.0, -2.0,  0.00,  0.00,  0.00,  0.0,  0.0,  0.0
1033468.84469390, 44845.014271,    0.0,    2.0, -2.0,  0.00,  0.00,  0.00,  0.0,  0.0,  0.0
1033468.84719390, 44844.016036,    0.0,    2.0, -2.0,  0.00,  0.00,  0.00,  0.0,  0.0,  0.0
1033468.84969390, 44843.735722,    0.0,    2.0, -2.0,  0.00,  0.00,  0.00,  0.0,  0.0,  0.0
1033468.85219390, 44842.841861,    0.0,    2.0, -2.0,  0.00,  0.00,  0.00,  0.0,  0.0,  0.0
1033468.85469390, 44841.267098,    0.0,    2.0, -2.0,  0.00,  0.00,  0.00,  0.0,  0.0,  0.0
1033468.85719390, 44840.781313,    0.0,    2.0, -2.0,  0.00,  0.00,  0.00,  0.0,  0.0,  0.0
1033468.85969390, 44841.325217,    0.0,    2.0, -2.0,  0.00,  0.00,  0.00,  0.0,  0.0,  0.0
1033468.86219390, 44843.598245,    0.0,    2.0, -2.0,  0.00,  0.00,  0.00,  0.0,  0.0,  0.0
1033468.86469390, 44844.654777,    0.0,    2.0, -2.0,  0.00,  0.00,  0.00,  0.0,  0.0,  0.0
1033468.86719390, 44844.782006,    0.0,    2.0, -2.0,  0.00,  0.00,  0.00,  0.0,  0.0,  0.0
1033468.86969390, 44844.272042,    0.0,    2.0, -2.0,  0.00,  0.00,  0.00,  0.0,  0.0,  0.0
1033468.87219390, 44841.423398,    0.0,    2.0, -2.0,  0.00,  0.00,  0.00,  0.0,  0.0,  0.0
1033468.87469390, 44840.503030,    0.0,    2.0, -2.0,  0.00,  0.00,  0.00,  0.0,  0.0,  0.0
1033468.87719390, 44840.542892,    0.0,    2.0, -2.0,  0.00,  0.00,  0.00,  0.0,  0.0,  0.0
1033468.87969390, 44842.038281,    0.0,    2.0, -2.0,  0.00,  0.00,  0.00,  0.0,  0.0,  0.0
1033468.88219390, 44844.796465,    0.0,    2.0, -2.0,  0.00,  0.00,  0.00,  0.0,  0.0,  0.0
1033468.88469390, 44845.065833,    0.0,    2.0, -2.0,  0.00,  0.00,  0.00,  0.0,  0.0,  0.0
1033468.88719390, 44844.095691,    0.0,    2.0, -2.0,  0.00,  0.00,  0.00,  0.0,  0.0,  0.0
1033468.88969390, 44842.141913,    0.0,    2.0, -2.0,  0.00,  0.00,  0.00,  0.0,  0.0,  0.0
1033468.89219390, 44840.819484,    0.0,    2.0, -2.0,  0.00,  0.00,  0.00,  0.0,  0.0,  0.0
1033468.89469390, 44840.836722,    0.0,    2.0, -2.0,  0.00,  0.00,  0.00,  0.0,  0.0,  0.0
1033468.89719390, 44840.870811,    0.0,    2.0, -2.0,  0.00,  0.00,  0.00,  0.0,  0.0,  0.0
1033468.89969390, 44840.904900,    0.0,    2.0, -2.0,  0.00,  0.00,  0.00,  0.0,  0.0,  0.0
1033468.90219390, 44843.917055,    0.0,    2.0, -2.0,  0.00,  0.00,  0.00,  0.0,  0.0,  0.0
1033468.90469390, 44844.455117,    0.0,    2.0, -2.0,  0.00,  0.00,  0.00,  0.0,  0.0,  0.0
1033468.90719390, 44844.642552,    0.0,    2.0, -2.0,  0.00,  0.00,  0.00,  0.0,  0.0,  0.0
1033468.90969390, 44844.829988,    0.0,    2.0, -2.0,  0.00,  0.00,  0.00,  0.0,  0.0,  0.0
1033468.91219390, 44845.017423,    0.0,    2.0, -2.0,  0.00,  0.00,  0.00,  0.0,  0.0,  0.0
1033468.91469390, 44842.213548,    0.0,    2.0, -2.0,  0.00,  0.00,  0.00,  0.0,  0.0,  0.0
1033468.91719390, 44840.619701,    0.0,    2.0, -2.0,  0.00,  0.00,  0.00,  0.0,  0.0,  0.0
1033468.91969390, 44840.926014,    0.0,    2.0, -2.0,  0.00,  0.00,  0.00,  0.0,  0.0,  0.0
1033468.92219390, 44841.611253,    0.0,    2.0, -2.0,  0.00,  0.00,  0.00,  0.0,  0.0,  0.0
1033468.92469390, 44842.714903,    0.0,    2.0, -2.0,  0.00,  0.00,  0.00,  0.0,  0.0,  0.0
1033468.92719390, 44843.818553,    0.0,    2.0, -2.0,  0.00,  0.00,  0.00,  0.0,  0.0,  0.0
1033468.92969390, 44843.703542,    0.0,    2.0, -2.0,  0.00,  0.00,  0.00,  0.0,  0.0,  0.0
1033468.93219390, 44842.182603,    0.0,    2.0, -2.0,  0.00,  0.00,  0.00,  0.0,  0.0,  0.0
1033468.93469390, 44840.111158,    0.0,    2.0, -2.0,  0.00,  0.00,  0.00,  0.0,  0.0,  0.0
1033468.93719390, 44840.520142,    0.0,    2.0, -2.0,  0.00,  0.00,  0.00,  0.0,  0.0,  0.0
1033468.93969390, 44842.081609,    0.0,    2.0, -2.0,  0.00,  0.00,  0.00,  0.0,  0.0,  0.0
1033468.94219390, 44844.384692,    0.0,    2.0, -2.0,  0.00,  0.00,  0.00,  0.0,  0.0,  0.0
1033468.94469390, 44844.523597,    0.0,    2.0, -2.0,  0.00,  0.00,  0.00,  0.0,  0.0,  0.0
1033468.94719390, 44843.855674,    0.0,    2.0, -2.0,  0.00,  0.00,  0.00,  0.0,  0.0,  0.0
1033468.94969390, 44842.880683,    0.0,    2.0, -2.0,  0.00,  0.00,  0.00,  0.0,  0.0,  0.0
1033468.95219390, 44841.321195,    0.0,    2.0, -2.0,  0.00,  0.00,  0.00,  0.0,  0.0,  0.0
1033468.95469390, 44840.211627,    0.0,    2.0, -2.0,  0.00,  0.00,  0.00,  0.0,  0.0,  0.0
1033468.95719390, 44840.326141,    0.0,    2.0, -2.0,  0.00,  0.00,  0.00,  0.0,  0.0,  0.0
1033468.95969390, 44840.612999,    0.0,    2.0, -2.0,  0.00,  0.00,  0.00,  0.0,  0.0,  0.0
1033468.96219390, 44840.899857,    0.0,    2.0, -2.0,  0.00,  0.00,  0.00,  0.0,  0.0,  0.0
1033468.96469390, 44844.359520,    0.0,    2.0, -2.0,  0.00,  0.00,  0.00,  0.0,  0.0,  0.0
1033468.96719390, 44844.289414,    0.0,    2.0, -2.0,  0.00,  0.00,  0.00,  0.0,  0.0,  0.0
1033468.96969390, 44843.215152,    0.0,    2.0, -2.0,  0.00,  0.00,  0.00,  0.0,  0.0,  0.0
1033468.97219390, 44842.469959,    0.0,    2.0, -2.0,  0.00,  0.00,  0.00,  0.0,  0.0,  0.0
1033468.97469390, 44841.910428,    0.0,    2.0, -2.0,  0.00,  0.00,  0.00,  0.0,  0.0,  0.0
1033468.97719390, 44841.350898,    0.0,    2.0, -2.0,  0.00,  0.00,  0.00,  0.0,  0.0,  0.0
1033468.97969390, 44842.074347,    0.0,    2.0, -2.0,  0.00,  0.00,  0.00,  0.0,  0.0,  0.0
1033468.98219390, 44843.128492,    0.0,    2.0, -2.0,  0.00,  0.00,  0.00,  0.0,  0.0,  0.0
1033468.98469390, 44844.009423,    0.0,    2.0, -2.0,  0.00,  0.00,  0.00,  0.0,  0.0,  0.0
1033468.98719390, 44844.450506,    0.0,    2.0, -2.0,  0.00,  0.00,  0.00,  0.0,  0.0,  0.0
1033468.98969390, 44843.858550,    0.0,    2.0, -2.0,  0.00,  0.00,  0.00,  0.0,  0.0,  0.0
1033468.99219390, 44843.167978,    0.0,    2.0, -2.0,  0.00,  0.00,  0.00,  0.0,  0.0,  0.0
1033468.99469390, 44842.477406,    0.0,    2.0, -2.0,  0.00,  0.00,  0.00,  0.0,  0.0,  0.0
1033468.99719390, 44841.276986,    0.0,    2.0, -2.0,  0.00,  0.00,  0.00,  0.0,  0.0,  0.0
1033468.99969390, 44842.655332,    0.0,    2.0, -2.0,  0.00,  0.00,  0.00,  0.0,  0.0,  0.0
1033469.00219390, 44844.182482,    0.0,    2.0, -2.0,  0.00,  0.00,  0.00,  0.0,  0.0,  0.0
1033469.00469390, 44845.268633,    0.0,    2.0, -2.0,  0.00,  0.00,  0.00,  0.0,  0.0,  0.0
1033469.00719390, 44844.636892,    0.0,    2.0, -2.0,  0.00,  0.00,  0.00,  0.0,  0.0,  0.0
1033469.00969390, 44842.555090,    0.0,    2.0, -2.0,  0.00,  0.00,  0.00,  0.0,  0.0,  0.0
1033469.01219390, 44841.275613,    0.0,    2.0, -2.0,  0.00,  0.00,  0.00,  0.0,  0.0,  0.0
1033469.01469390, 44840.621481,    0.0,    2.0, -2.0,  0.00,  0.00,  0.00,  0.0,  0.0,  0.0
1033469.01719390, 44841.261869,    0.0,    2.0, -2.0,  0.00,  0.00,  0.00,  0.0,  0.0,  0.0
1033469.01969390, 44843.514094,    1.0,    2.3, -1.3,  0.00,  0.00, -0.00,  0.0,  0.0,  0.0
1033469.02219390, 44844.962892,   64.9,   21.1,  43.8,  0.05,  0.08, -0.02,  0.0,  0.0,  0.0
1033469.02469390, 44845.556939,  128.8,   39.9,  88.9,  0.10,  0.15, -0.05,  0.0,  0.0,  0.0
1033469.02719390, 44844.251468,  192.8,   58.7,  134.0,  0.15,  0.23, -0.07,  0.0,  0.0,  0.0
1033469.02969390, 44842.584964,  256.7,   77.5,  179.1,  0.20,  0.30, -0.10,  0.0,  0.0,  0.0
1033469.03219390, 44841.253312,  320.6,   96.3,  224.2,  0.25,  0.38, -0.12,  0.0,  0.0,  0.0
1033469.03469390, 44840.707596,  384.5,  115.2,  269.3,  0.30,  0.45, -0.15,  0.0,  0.0,  0.0
1033469.03719390, 44840.678919,  448.4,  134.0,  314.4,  0.35,  0.52, -0.17,  0.0,  0.0,  0.0
1033469.03969390, 44842.625784,  512.3,  152.8,  359.5,  0.41,  0.60, -0.19,  0.0,  0.0,  0.0
1033469.04219390, 44844.268957,  576.2,  171.6,  404.6,  0.46,  0.67, -0.22,  0.0,  0.0,  0.0
1033469.04469390, 44844.291201,  640.1,  190.4,  449.8,  0.51,  0.75, -0.24,  0.0,  0.0,  0.0
1033469.04719390, 44843.601519,  704.0,  209.2,  494.9,  0.56,  0.82, -0.27,  0.0,  0.0,  0.0
1033469.04969390, 44843.145385,  768.0,  228.0,  540.0,  0.61,  0.90, -0.29,  0.0,  0.0,  0.0
1033469.05219390, 44842.689252,  831.9,  246.8,  585.1,  0.66,  0.97, -0.32,  0.0,  0.0,  0.0
1033469.05469390, 44842.233119,  895.8,  265.6,  630.2,  0.71,  1.05, -0.34,  0.0,  0.0,  0.0
1033469.05969390, 44842.573983, 1000.0,  303.9,  696.1,  0.79,  1.17, -0.38,  0.0,  0.0,  0.0
1033469.06219390, 44844.040040, 1000.0,  324.5,  675.5,  0.79,  1.16, -0.37,  0.0,  0.0,  0.0
1033469.06469390, 44844.620475, 1000.0,  345.1,  654.9,  0.79,  1.15, -0.36,  0.0,  0.0,  0.0
1033469.06719390, 44844.860610, 1000.0,  365.8,  634.2,  0.79,  1.14, -0.35,  0.0,  0.0,  0.0
1033469.06969390, 44842.718094, 1000.0,  386.4,  613.6,  0.79,  1.13, -0.34,  0.0,  0.0,  0.0
1033469.07219390, 44841.332887, 1000.0,  407.0,  593.0,  0.79,  1.12, -0.33,  0.0,  0.0,  0.0
1033469.07469390, 44840.355962, 1000.0,  427.6,  572.4,  0.79,  1.11, -0.32,  0.0,  0.0,  0.0
1033469.07719390, 44840.403682, 1000.0,  448.2,  551.8,  0.79,  1.10, -0.31,  0.0,  0.0,  0.0
1033469.07969390, 44840.451402, 1000.0,  468.9,  531.1,  0.79,  1.09, -0.30,  0.0,  0.0,  0.0
1033469.08219390, 44842.232792, 1000.0,  489.5,  510.5,  0.79,  1.08, -0.29,  0.0,  0.0,  0.0
1033469.08469390, 44844.198884, 1000.0,  510.1,  489.9,  0.79,  1.07, -0.28,  0.0,  0.0,  0.0
1033469.08719390, 44844.268100, 1000.0,  530.7,  469.3,  0.79,  1.06, -0.27,  0.0,  0.0,  0.0
1033469.08969390, 44844.157836, 1000.0,  551.3,  448.7,  0.79,  1.05, -0.26,  0.0,  0.0,  0.0
1033469.09219390, 44841.626107, 1000.0,  572.0,  428.0,  0.79,  1.04, -0.25,  0.0,  0.0,  0.0
1033469.09469390, 44840.342018, 1000.0,  592.6,  407.4,  0.79,  1.03, -0.24,  0.0,  0.0,  0.0
1033469.09719390, 44839.969492, 1000.0,  613.2,  386.8,  0.79,  1.02, -0.23,  0.0,  0.0,  0.0
1033469.09969390, 44840.016263, 1000.0,  633.8,  366.2,  0.79,  1.01, -0.22,  0.0,  0.0,  0.0
1033469.10219390, 44842.373539, 1000.0,  654.4,  345.6,  0.79,  1.00, -0.21,  0.0,  0.0,  0.0
1033469.10469390, 44844.520870, 1000.0,  675.1,  324.9,  0.79,  0.99, -0.20,  0.0,  0.0,  0.0
1033469.10719390, 44844.739268, 1000.0,  695.7,  304.3,  0.79,  0.98, -0.19,  0.0,  0.0,  0.0
1033469.10969390, 44844.244192, 1000.0,  716.3,  283.7,  0.79,  0.97, -0.18,  0.0,  0.0,  0.0
1033469.11219390, 44841.358605, 1000.0,  736.9,  263.1,  0.79,  0.96, -0.17,  0.0,  0.0,  0.0
1033469.11469390, 44840.137049, 1000.0,  757.5,  242.5,  0.79,  0.95, -0.16,  0.0,  0.0,  0.0
1033469.11719390, 44840.345820, 1000.0,  778.2,  221.8,  0.79,  0.94, -0.15,  0.0,  0.0,  0.0
1033469.11969390, 44841.292399, 1000.0,  798.8,  201.2,  0.79,  0.93, -0.14,  0.0,  0.0,  0.0
1033469.12219390, 44842.364745, 1000.0,  819.4,  180.6,  0.79,  0.92, -0.13,  0.0,  0.0,  0.0
1033469.12469390, 44843.437092, 1000.0,  840.0,  160.0,  0.79,  0.91, -0.12,  0.0,  0.0,  0.0
1033469.12719390, 44844.211667, 1000.0,  860.6,  139.4,  0.79,  0.90, -0.11,  0.0,  0.0,  0.0
1033469.12969390, 44843.013020, 1000.0,  881.3,  118.7,  0.79,  0.90, -0.10,  0.0,  0.0,  0.0
1033469.13219390, 44841.737507, 1000.0,  901.9,  98.1,  0.79,  0.89, -0.09,  0.0,  0.0,  0.0
1033469.13469390, 44840.834996, 1000.0,  910.7,  89.3,  0.79,  0.88, -0.09,  0.0,  0.0,  0.0
1033469.13719390, 44840.876600, 1000.0,  913.2,  86.8,  0.79,  0.88, -0.08,  0.0,  0.0,  0.0
1033469.13969390, 44841.856305, 1000.0,  915.8,  84.2,  0.79,  0.87, -0.08,  0.0,  0.0,  0.0
1033469.14219390, 44842.836011, 1000.0,  918.3,  81.7,  0.79,  0.87, -0.08,  0.0,  0.0,  0.0
1033469.14469390, 44845.352285, 1000.0,  920.9,  79.1,  0.79,  0.86, -0.07,  0.0,  0.0,  0.0
1033469.14719390, 44845.405751, 1000.0,  923.5,  76.5,  0.79,  0.86, -0.07,  0.0,  0.0,  0.0
1033469.14969390, 44845.167452, 1000.0,  926.0,  74.0,  0.79,  0.86, -0.07,  0.0,  0.0,  0.0
1033469.15219390, 44844.929153, 1000.0,  928.6,  71.4,  0.79,  0.85, -0.06,  0.0,  0.0,  0.0
1033469.15469390, 44844.690854, 1000.0,  931.1,  68.9,  0.79,  0.85, -0.06,  0.0,  0.0,  0.0
1033469.15719390, 44841.486133, 1000.0,  933.7,  66.3,  0.79,  0.85, -0.05,  0.0,  0.0,  0.0
1033469.15969390, 44843.000409, 1000.0,  936.3,  63.7,  0.79,  0.84, -0.05,  0.0,  0.0,  0.0
1033469.16219390, 44843.412265, 1000.0,  938.8,  61.2,  0.79,  0.84, -0.05,  0.0,  0.0,  0.0
1033469.16469390, 44845.165450, 1000.0,  941.3,  58.7,  0.79,  0.83, -0.04,  0.0,  0.0,  0.0
1033469.16719390, 44844.368856, 1000.0,  941.9,  58.1,  0.79,  0.83, -0.04,  0.0,  0.0,  0.0
1033469.16969390, 44843.351586, 1000.0,  942.6,  57.4,  0.79,  0.84, -0.04,  0.0,  0.0,  0.0
1033469.17219390, 44842.251429, 1000.0,  943.3,  56.7,  0.79,  0.84, -0.05,  0.0,  0.0,  0.0
1033469.17469390, 44840.791063, 1000.0,  944.0,  56.0,  0.79,  0.84, -0.05,  0.0,  0.0,  0.0
1033469.17719390, 44840.566082, 1000.0,  944.6,  55.4,  0.79,  0.84, -0.05,  0.0,  0.0,  0.0
1033469.17969390, 44840.708946, 1000.0,  945.3,  54.7,  0.79,  0.84, -0.05,  0.0,  0.0,  0.0
1033469.18219390, 44840.851810, 1000.0,  946.0,  54.0,  0.79,  0.84, -0.05,  0.0,  0.0,  0.0
1033469.18469390, 44842.575646, 1000.0,  946.7,  53.3,  0.79,  0.84, -0.05,  0.0,  0.0,  0.0
1033469.18719390, 44844.579905, 1000.0,  947.3,  52.7,  0.79,  0.84, -0.05,  0.0,  0.0,  0.0
1033469.18969390, 44842.332237, 1000.0,  948.0,  52.0,  0.79,  0.84, -0.05,  0.0,  0.0,  0.0
1033469.19219390, 44841.859672, 1000.0,  948.7,  51.3,  0.79,  0.84, -0.05,  0.0,  0.0,  0.0
1033469.19469390, 44841.400297, 1000.0,  949.4,  50.6,  0.79,  0.84, -0.05,  0.0,  0.0,  0.0
1033469.19719390, 44840.940923, 1000.0,  950.0,  50.0,  0.79,  0.85, -0.05,  0.0,  0.0,  0.0
1033469.19969390, 44842.383779, 1000.0,  950.7,  49.3,  0.79,  0.85, -0.06,  0.0,  0.0,  0.0
1033469.20219390, 44843.584695, 1000.0,  951.4,  48.6,  0.79,  0.85, -0.06,  0.0,  0.0,  0.0
1033469.20469390, 44844.255931, 1000.0,  952.1,  47.9,  0.79,  0.85, -0.06,  0.0,  0.0,  0.0
1033469.20969390, 44842.316198, 1000.0,  953.6,  46.4,  0.79,  0.85, -0.06,  0.0,  0.0,  0.0
1033469.21219390, 44842.316198, 1000.0,  955.4,  44.6,  0.79,  0.85, -0.06,  0.0,  0.0,  0.0
1033469.21469390, 44842.316198, 1000.0,  957.3,  42.7,  0.79,  0.85, -0.06,  0.0,  0.0,  0.0
1033469.21719390, 44842.022806, 1000.0,  959.1,  40.9,  0.79,  0.86, -0.06,  0.0,  0.0,  0.0
1033469.21969390, 44842.496988, 1000.0,  961.0,  39.0,  0.79,  0.86, -0.07,  0.0,  0.0,  0.0
1033469.22219390, 44844.229770, 1000.0,  962.8,  37.2,  0.79,  0.86, -0.07,  0.0,  0.0,  0.0
1033469.22469390, 44844.750334, 1000.0,  964.6,  35.4,  0.79,  0.86, -0.07,  0.0,  0.0,  0.0
1033469.22719390, 44844.853486, 1000.0,  966.5,  33.5,  0.79,  0.86, -0.07,  0.0,  0.0,  0.0
1033469.22969390, 44844.956638, 1000.0,  968.3,  31.7,  0.79,  0.86, -0.07,  0.0,  0.0,  0.0
1033469.23219390, 44841.561917, 1000.0,  970.2,  29.8,  0.79,  0.86, -0.07,  0.0,  0.0,  0.0
1033469.23469390, 44840.283028, 1000.0,  971.6,  28.4,  0.79,  0.87, -0.08,  0.0,  0.0,  0.0
1033469.23719390, 44840.862857, 1000.0,  972.2,  27.8,  0.79,  0.87, -0.08,  0.0,  0.0,  0.0
1033469.23969390, 44841.716418, 1000.0,  972.8,  27.2,  0.79,  0.87, -0.08,  0.0,  0.0,  0.0
1033469.24219390, 44842.542275, 1000.0,  973.4,  26.6,  0.79,  0.87, -0.08,  0.0,  0.0,  0.0
1033469.24469390, 44843.425063, 1000.0,  974.0,  26.0,  0.79,  0.87, -0.08,  0.0,  0.0,  0.0
1033469.24719390, 44844.170922, 1000.0,  974.6,  25.4,  0.79,  0.87, -0.08,  0.0,  0.0,  0.0
1033469.24969390, 44843.408900, 1000.0,  975.2,  24.8,  0.79,  0.87, -0.08,  0.0,  0.0,  0.0
1033469.25219390, 44842.646877, 1000.0,  975.7,  24.3,  0.79,  0.87, -0.08,  0.0,  0.0,  0.0
1033469.25469390, 44841.548097, 1000.0,  976.3,  23.7,  0.79,  0.87, -0.08,  0.0,  0.0,  0.0
1033469.25719390, 44840.749014, 1000.0,  976.9,  23.1,  0.79,  0.87, -0.08,  0.0,  0.0,  0.0
1033469.25969390, 44842.090562, 1000.0,  977.5,  22.5,  0.79,  0.88, -0.08,  0.0,  0.0,  0.0
1033469.26219390, 44843.482009, 1000.0,  978.1,  21.9,  0.79,  0.88, -0.09,  0.0,  0.0,  0.0
1033469.26469390, 44845.091372, 1000.0,  978.7,  21.3,  0.79,  0.88, -0.09,  0.0,  0.0,  0.0
1033469.26719390, 44844.456400, 1000.0,  979.3,  20.7,  0.79,  0.88, -0.09,  0.0,  0.0,  0.0
1033469.26969390, 44843.517049, 1000.0,  979.4,  20.6,  0.79,  0.88, -0.09,  0.0,  0.0,  0.0
1033469.27219390, 44842.705509, 1000.0,  979.3,  20.7,  0.79,  0.88, -0.09,  0.0,  0.0,  0.0
1033469.27469390, 44841.100738, 1000.0,  979.2,  20.8,  0.79,  0.88, -0.09,  0.0,  0.0,  0.0
1033469.27719390, 44840.490338, 1000.0,  979.1,  20.9,  0.79,  0.88, -0.08,  0.0,  0.0,  0.0
1033469.27969390, 44841.907392, 1000.0,  978.9,  21.1,  0.79,  0.87, -0.08,  0.0,  0.0,  0.0
1033469.28219390, 44843.361378, 1000.0,  978.8,  21.2,  0.79,  0.87, -0.08,  0.0,  0.0,  0.0
1033469.28469390, 44844.380807, 1000.0,  978.7,  21.3,  0.79,  0.87, -0.08,  0.0,  0.0,  0.0
1033469.28719390, 44844.299183, 1000.0,  978.5,  21.5,  0.79,  0.87, -0.08,  0.0,  0.0,  0.0
1033469.28969390, 44843.682518, 1000.0,  978.4,  21.6,  0.79,  0.87, -0.08,  0.0,  0.0,  0.0
1033469.29219390, 44842.990547, 1000.0,  978.3,  21.7,  0.79,  0.87, -0.08,  0.0,  0.0,  0.0
1033469.29469390, 44841.805269, 1000.0,  978.2,  21.8,  0.79,  0.87, -0.08,  0.0,  0.0,  0.0
1033469.29719390, 44840.822617, 1000.0,  978.0,  22.0,  0.79,  0.87, -0.08,  0.0,  0.0,  0.0
1033469.29969390, 44841.765005, 1000.0,  977.9,  22.1,  0.79,  0.87, -0.08,  0.0,  0.0,  0.0
1033469.30219390, 44842.936120, 1000.0,  977.8,  22.2,  0.79,  0.87, -0.07,  0.0,  0.0,  0.0
1033469.30469390, 44845.170170, 1000.0,  977.6,  22.4,  0.79,  0.86, -0.07,  0.0,  0.0,  0.0
1033469.30969390, 44843.013706, 1000.0,  977.9,  22.1,  0.79,  0.86, -0.07,  0.0,  0.0,  0.0
1033469.31219390, 44841.861872, 1000.0,  978.4,  21.6,  0.79,  0.86, -0.07,  0.0,  0.0,  0.0
1033469.31469390, 44840.189158, 1000.0,  978.9,  21.1,  0.79,  0.86, -0.07,  0.0,  0.0,  0.0
1033469.31719390, 44841.522680, 1000.0,  979.4,  20.6,  0.79,  0.87, -0.07,  0.0,  0.0,  0.0
1033469.31969390, 44843.190084, 1000.0,  979.9,  20.1,  0.79,  0.87, -0.08,  0.0,  0.0,  0.0
1033469.32219390, 44844.794719, 1000.0,  980.4,  19.6,  0.79,  0.87, -0.08,  0.0,  0.0,  0.0
1033469.32469390, 44845.241366, 1000.0,  980.9,  19.1,  0.79,  0.87, -0.08,  0.0,  0.0,  0.0
1033469.32719390, 44844.255277, 1000.0,  981.4,  18.6,  0.79,  0.87, -0.08,  0.0,  0.0,  0.0
1033469.32969390, 44842.778589, 1000.0,  981.9,  18.1,  0.79,  0.87, -0.08,  0.0,  0.0,  0.0
1033469.33219390, 44841.850204, 1000.0,  982.4,  17.6,  0.79,  0.87, -0.08,  0.0,  0.0,  0.0
1033469.33469390, 44841.211897, 1000.0,  982.9,  17.1,  0.79,  0.87, -0.08,  0.0,  0.0,  0.0
1033469.33719390, 44840.916753, 1000.0,  983.4,  16.6,  0.79,  0.87, -0.08,  0.0,  0.0,  0.0
1033469.33969390, 44841.944897, 1000.0,  983.9,  16.1,  0.79,  0.87, -0.08,  0.0,  0.0,  0.0
1033469.34219390, 44843.406463, 1000.0,  984.4,  15.6,  0.79,  0.87, -0.08,  0.0,  0.0,  0.0
1033469.34469390, 44844.274726, 1000.0,  984.9,  15.1,  0.79,  0.87, -0.08,  0.0,  0.0,  0.0
1033469.34719390, 44845.142989, 1000.0,  985.4,  14.6,  0.79,  0.87, -0.08,  0.0,  0.0,  0.0
1033469.34969390, 44843.666700, 1000.0,  985.9,  14.1,  0.79,  0.87, -0.08,  0.0,  0.0,  0.0
1033469.35219390, 44841.876619, 1000.0,  986.4,  13.6,  0.79,  0.87, -0.08,  0.0,  0.0,  0.0
1033469.35469390, 44840.540590, 1000.0,  986.9,  13.1,  0.79,  0.88, -0.08,  0.0,  0.0,  0.0
1033469.35719390, 44840.927790, 1000.0,  987.4,  12.6,  0.79,  0.88, -0.09,  0.0,  0.0,  0.0
1033469.35969390, 44842.353245, 1000.0,  987.9,  12.1,  0.79,  0.88, -0.09,  0.0,  0.0,  0.0
1033469.36219390, 44843.870409, 1000.0,  988.4,  11.6,  0.79,  0.88, -0.09,  0.0,  0.0,  0.0
1033469.36469390, 44844.875947, 1000.0,  988.9,  11.1,  0.79,  0.88, -0.09,  0.0,  0.0,  0.0
1033469.36719390, 44845.279669, 1000.0,  989.4,  10.6,  0.79,  0.88, -0.09,  0.0,  0.0,  0.0
1033469.36969390, 44843.809383, 1000.0,  989.7,  10.3,  0.79,  0.88, -0.09,  0.0,  0.0,  0.0
1033469.37219390, 44841.998909, 1000.0,  989.8,  10.2,  0.79,  0.88, -0.09,  0.0,  0.0,  0.0
1033469.37469390, 44840.818702, 1000.0,  990.0,  10.0,  0.79,  0.88, -0.09,  0.0,  0.0,  0.0
1033469.37719390, 44840.913279, 1000.0,  990.1,  9.9,  0.79,  0.88, -0.09,  0.0,  0.0,  0.0
1033469.37969390, 44842.220791, 1000.0,  990.3,  9.7,  0.79,  0.88, -0.09,  0.0,  0.0,  0.0
1033469.38219390, 44844.378273, 1000.0,  990.5,  9.5,  0.79,  0.88, -0.09,  0.0,  0.0,  0.0
1033469.38469390, 44844.927338, 1000.0,  990.6,  9.4,  0.79,  0.88, -0.09,  0.0,  0.0,  0.0
1033469.38719390, 44844.492062, 1000.0,  990.8,  9.2,  0.79,  0.88, -0.09,  0.0,  0.0,  0.0
1033469.38969390, 44843.048333, 1000.0,  990.9,  9.1,  0.79,  0.88, -0.09,  0.0,  0.0,  0.0
1033469.39219390, 44840.966878, 1000.0,  991.1,  8.9,  0.79,  0.88, -0.09,  0.0,  0.0,  0.0
1033469.39469390, 44840.607468, 1000.0,  991.3,  8.7,  0.79,  0.88, -0.09,  0.0,  0.0,  0.0
1033469.39719390, 44840.455719, 1000.0,  991.4,  8.6,  0.79,  0.88, -0.09,  0.0,  0.0,  0.0
1033469.39969390, 44842.149733, 1000.0,  991.6,  8.4,  0.79,  0.88, -0.09,  0.0,  0.0,  0.0
1033469.40219390, 44844.408811, 1000.0,  991.7,  8.3,  0.79,  0.88, -0.09,  0.0,  0.0,  0.0
1033469.40469390, 44844.952197, 1000.0,  991.9,  8.1,  0.79,  0.88, -0.09,  0.0,  0.0,  0.0
1033469.40719390, 44844.761297, 1000.0,  992.0,  8.0,  0.79,  0.88, -0.09,  0.0,  0.0,  0.0
1033469.40969390, 44844.127887, 1000.0,  992.2,  7.8,  0.79,  0.88, -0.09,  0.0,  0.0,  0.0
1033469.41219390, 44840.681570, 1000.0,  992.4,  7.6,  0.79,  0.88, -0.09,  0.0,  0.0,  0.0
1033469.41469390, 44840.162356, 1000.0,  992.5,  7.5,  0.79,  0.88, -0.09,  0.0,  0.0,  0.0
1033469.41719390, 44840.731660, 1000.0,  992.7,  7.3,  0.79,  0.88, -0.09,  0.0,  0.0,  0.0
1033469.41969390, 44841.585321, 1000.0,  992.8,  7.2,  0.79,  0.88, -0.09,  0.0,  0.0,  0.0
1033469.42219390, 44842.368450, 1000.0,  993.0,  7.0,  0.79,  0.88, -0.09,  0.0,  0.0,  0.0
1033469.42469390, 44843.235963, 1000.0,  993.1,  6.9,  0.79,  0.88, -0.09,  0.0,  0.0,  0.0
1033469.42719390, 44844.144326, 1000.0,  993.3,  6.7,  0.79,  0.88, -0.09,  0.0,  0.0,  0.0
1033469.42969390, 44844.016881, 1000.0,  993.5,  6.5,  0.79,  0.88, -0.09,  0.0,  0.0,  0.0
1033469.43469390, 44840.716474, 1000.0,  987.7,  12.3,  0.79,  0.90, -0.11,  0.0,  0.0,  0.0
1033469.43719390, 44841.289880, 1000.0,  981.5,  18.5,  0.79,  0.91, -0.12,  0.0,  0.0,  0.0
1033469.43969390, 44842.395987, 1000.0,  975.4,  24.6,  0.79,  0.93, -0.14,  0.0,  0.0,  0.0
1033469.44219390, 44844.110639, 1000.0,  969.2,  30.8,  0.79,  0.95, -0.16,  0.0,  0.0,  0.0
1033469.44469390, 44844.521649, 1000.0,  963.1,  36.9,  0.79,  0.97, -0.18,  0.0,  0.0,  0.0
1033469.44719390, 44844.080181, 1000.0,  956.9,  43.1,  0.79,  0.99, -0.19,  0.0,  0.0,  0.0
1033469.44969390, 44843.034991, 1000.0,  950.8,  49.2,  0.79,  1.00, -0.21,  0.0,  0.0,  0.0
1033469.45219390, 44840.605070, 1000.0,  944.6,  55.4,  0.79,  1.02, -0.23,  0.0,  0.0,  0.0
1033469.45469390, 44840.002172, 1000.0,  938.4,  61.6,  0.79,  1.04, -0.25,  0.0,  0.0,  0.0
1033469.45719390, 44840.691195, 1000.0,  932.3,  67.7,  0.79,  1.06, -0.27,  0.0,  0.0,  0.0
1033469.45969390, 44841.050177, 1000.0,  926.1,  73.9,  0.79,  1.08, -0.28,  0.0,  0.0,  0.0
1033469.46219390, 44841.872853, 1000.0,  920.0,  80.0,  0.79,  1.09, -0.30,  0.0,  0.0,  0.0
1033469.46469390, 44842.754566, 1000.0,  913.8,  86.2,  0.79,  1.11, -0.32,  0.0,  0.0,  0.0
1033469.46719390, 44844.240543, 1000.0,  907.7,  92.3,  0.79,  1.13, -0.34,  0.0,  0.0,  0.0
1033469.46969390, 44842.798548, 1000.0,  901.5,  98.5,  0.79,  1.15, -0.36,  0.0,  0.0,  0.0
1033469.47219390, 44841.526013, 1000.0,  895.4,  104.6,  0.79,  1.16, -0.37,  0.0,  0.0,  0.0
1033469.47469390, 44840.831575, 1000.0,  889.2,  110.8,  0.79,  1.18, -0.39,  0.0,  0.0,  0.0
1033469.47719390, 44840.923838, 1000.0,  883.1,  116.9,  0.79,  1.20, -0.41,  0.0,  0.0,  0.0
1033469.47969390, 44842.393980, 1000.0,  876.9,  123.1,  0.79,  1.22, -0.43,  0.0,  0.0,  0.0
1033469.48219390, 44843.968788, 1000.0,  870.7,  129.3,  0.79,  1.24, -0.45,  0.0,  0.0,  0.0
1033469.48469390, 44844.719738, 1000.0,  864.6,  135.4,  0.79,  1.25, -0.46,  0.0,  0.0,  0.0
1033469.48719390, 44844.781864, 1000.0,  858.4,  141.6,  0.79,  1.27, -0.48,  0.0,  0.0,  0.0
1033469.48969390, 44843.568945, 1000.0,  852.3,  147.7,  0.79,  1.29, -0.50,  0.0,  0.0,  0.0
1033469.49219390, 44842.701142, 1000.0,  846.1,  153.9,  0.79,  1.31, -0.52,  0.0,  0.0,  0.0
1033469.49469390, 44841.840766, 1000.0,  840.0,  160.0,  0.79,  1.33, -0.54,  0.0,  0.0,  0.0
1033469.49719390, 44841.089673, 1000.0,  833.8,  166.2,  0.79,  1.34, -0.55,  0.0,  0.0,  0.0
1033469.49969390, 44842.339943, 1000.0,  831.9,  168.1,  0.79,  1.36, -0.56,  0.0,  0.0,  0.0
1033469.50219390, 44844.167740, 1000.0,  835.3,  164.7,  0.79,  1.36, -0.57,  0.0,  0.0,  0.0
1033469.50469390, 44844.911502, 1000.0,  838.7,  161.3,  0.79,  1.36, -0.57,  0.0,  0.0,  0.0
1033469.50719390, 44844.163126, 1000.0,  842.0,  158.0,  0.79,  1.37, -0.58,  0.0,  0.0,  0.0
1033469.50969390, 44842.111476, 1000.0,  845.4,  154.6,  0.79,  1.37, -0.58,  0.0,  0.0,  0.0
1033469.51219390, 44840.579330, 1000.0,  848.8,  151.2,  0.79,  1.37, -0.58,  0.0,  0.0,  0.0
1033469.51469390, 44840.392413, 1000.0,  852.2,  147.8,  0.79,  1.38, -0.59,  0.0,  0.0,  0.0
1033469.51719390, 44840.840866, 1000.0,  855.6,  144.4,  0.79,  1.38, -0.59,  0.0,  0.0,  0.0
1033469.51969390, 44841.395468, 1000.0,  859.0,  141.0,  0.79,  1.39, -0.59,  0.0,  0.0,  0.0
1033469.52219390, 44842.299553, 1000.0,  862.4,  137.6,  0.79,  1.39, -0.60,  0.0,  0.0,  0.0
1033469.52469390, 44843.500266, 1000.0,  865.8,  134.2,  0.79,  1.39, -0.60,  0.0,  0.0,  0.0
1033469.52719390, 44844.390215, 1000.0,  869.2,  130.8,  0.79,  1.40, -0.61,  0.0,  0.0,  0.0
1033469.52969390, 44843.266805, 1000.0,  872.6,  127.4,  0.79,  1.40, -0.61,  0.0,  0.0,  0.0
1033469.53219390, 44842.080341, 1000.0,  876.0,  124.0,  0.79,  1.40, -0.61,  0.0,  0.0,  0.0
1033469.53469390, 44841.288414, 1000.0,  879.4,  120.6,  0.79,  1.41, -0.62,  0.0,  0.0,  0.0
1033469.53719390, 44840.908365, 1000.0,  882.8,  117.2,  0.79,  1.41, -0.62,  0.0,  0.0,  0.0
1033469.53969390, 44840.894505, 1000.0,  886.2,  113.8,  0.79,  1.41, -0.62,  0.0,  0.0,  0.0
1033469.54219390, 44840.880644, 1000.0,  889.5,  110.5,  0.79,  1.42, -0.63,  0.0,  0.0,  0.0
1033469.54469390, 44842.442455, 1000.0,  892.9,  107.1,  0.79,  1.42, -0.63,  0.0,  0.0,  0.0
1033469.54719390, 44844.695229, 1000.0,  896.3,  103.7,  0.79,  1.43, -0.63,  0.0,  0.0,  0.0
1033469.54969390, 44843.170126, 1000.0,  899.7,  100.3,  0.79,  1.43, -0.64,  0.0,  0.0,  0.0
1033469.55219390, 44840.647434, 1000.0,  903.1,  96.9,  0.79,  1.43, -0.64,  0.0,  0.0,  0.0
1033469.55469390, 44840.347127, 1000.0,  906.5,  93.5,  0.79,  1.44, -0.65,  0.0,  0.0,  0.0
1033469.55969390, 44841.849474, 1000.0,  913.2,  86.8,  0.79,  1.44, -0.65,  0.0,  0.0,  0.0
1033469.56219390, 44843.946865, 1000.0,  915.8,  84.2,  0.79,  1.45, -0.66,  0.0,  0.0,  0.0
1033469.56469390, 44845.037949, 1000.0,  918.4,  81.6,  0.79,  1.45, -0.66,  0.0,  0.0,  0.0
1033469.56719390, 44844.201984, 1000.0,  920.9,  79.1,  0.79,  1.45, -0.66,  0.0,  0.0,  0.0
1033469.56969390, 44842.114360, 1000.0,  923.5,  76.5,  0.79,  1.45, -0.66,  0.0,  0.0,  0.0
1033469.57219390, 44841.354025, 1000.0,  926.1,  73.9,  0.79,  1.45, -0.66,  0.0,  0.0,  0.0
1033469.57469390, 44841.054355, 1000.0,  928.7,  71.3,  0.79,  1.46, -0.67,  0.0,  0.0,  0.0
1033469.57719390, 44840.974972, 1000.0,  931.2,  68.8,  0.79,  1.46, -0.67,  0.0,  0.0,  0.0
1033469.57969390, 44840.995791, 1000.0,  933.8,  66.2,  0.79,  1.46, -0.67,  0.0,  0.0,  0.0
1033469.58219390, 44841.016611, 1000.0,  936.4,  63.6,  0.79,  1.46, -0.67,  0.0,  0.0,  0.0
1033469.58469390, 44841.635597, 1000.0,  938.9,  61.1,  0.79,  1.47, -0.67,  0.0,  0.0,  0.0
1033469.58719390, 44843.951891, 1000.0,  941.5,  58.5,  0.79,  1.47, -0.68,  0.0,  0.0,  0.0
1033469.58969390, 44843.951891, 1000.0,  944.1,  55.9,  0.79,  1.47, -0.68,  0.0,  0.0,  0.0
1033469.59219390, 44842.988878, 1000.0,  946.7,  53.3,  0.79,  1.47, -0.68,  0.0,  0.0,  0.0
1033469.59469390, 44840.807350, 1000.0,  949.2,  50.8,  0.79,  1.47, -0.68,  0.0,  0.0,  0.0
1033469.59719390, 44841.193898, 1000.0,  951.8,  48.2,  0.79,  1.48, -0.68,  0.0,  0.0,  0.0
1033469.59969390, 44842.991855, 1000.0,  954.4,  45.6,  0.79,  1.48, -0.69,  0.0,  0.0,  0.0
1033469.60219390, 44844.429289, 1000.0,  956.9,  43.1,  0.79,  1.48, -0.69,  0.0,  0.0,  0.0
1033469.60469390, 44845.191453, 1000.0,  959.5,  40.5,  0.79,  1.48, -0.69,  0.0,  0.0,  0.0
1033469.60719390, 44844.098701, 1000.0,  962.1,  37.9,  0.79,  1.48, -0.69,  0.0,  0.0,  0.0
1033469.60969390, 44842.553685, 1000.0,  964.6,  35.4,  0.79,  1.49, -0.70,  0.0,  0.0,  0.0
1033469.61219390, 44841.253953, 1000.0,  967.2,  32.8,  0.79,  1.49, -0.70,  0.0,  0.0,  0.0
1033469.61469390, 44840.852666, 1000.0,  969.5,  30.5,  0.79,  1.49, -0.70,  0.0,  0.0,  0.0
1033469.61719390, 44841.332643, 1000.0,  970.0,  30.0,  0.79,  1.49, -0.70,  0.0,  0.0,  0.0
1033469.61969390, 44842.784674, 1000.0,  970.6,  29.4,  0.79,  1.49, -0.70,  0.0,  0.0,  0.0
1033469.62219390, 44844.750117, 1000.0,  971.1,  28.9,  0.79,  1.49, -0.70,  0.0,  0.0,  0.0
1033469.62469390, 44845.095803, 1000.0,  971.7,  28.3,  0.79,  1.49, -0.70,  0.0,  0.0,  0.0
1033469.62719390, 44843.873898, 1000.0,  972.2,  27.8,  0.79,  1.49, -0.70,  0.0,  0.0,  0.0
1033469.62969390, 44841.984636, 1000.0,  972.7,  27.3,  0.79,  1.49, -0.70,  0.0,  0.0,  0.0
1033469.63219390, 44840.455997, 1000.0,  973.3,  26.7,  0.79,  1.49, -0.70,  0.0,  0.0,  0.0
1033469.63469390, 44840.184908, 1000.0,  973.8,  26.2,  0.79,  1.49, -0.70,  0.0,  0.0,  0.0
1033469.63719390, 44841.612798, 1000.0,  974.4,  25.6,  0.79,  1.50, -0.70,  0.0,  0.0,  0.0
1033469.63969390, 44843.366078, 1000.0,  974.9,  25.1,  0.79,  1.50, -0.71,  0.0,  0.0,  0.0
1033469.64219390, 44844.609697, 1000.0,  975.4,  24.6,  0.79,  1.50, -0.71,  0.0,  0.0,  0.0
1033469.64469390, 44844.963114, 1000.0,  976.0,  24.0,  0.79,  1.50, -0.71,  0.0,  0.0,  0.0
1033469.64719390, 44844.391403, 1000.0,  976.5,  23.5,  0.79,  1.50, -0.71,  0.0,  0.0,  0.0
1033469.64969390, 44843.819693, 1000.0,  977.0,  23.0,  0.79,  1.50, -0.71,  0.0,  0.0,  0.0
1033469.65219390, 44840.602525, 1000.0,  977.6,  22.4,  0.79,  1.50, -0.71,  0.0,  0.0,  0.0
1033469.65469390, 44840.244536, 1000.0,  978.1,  21.9,  0.79,  1.50, -0.71,  0.0,  0.0,  0.0
1033469.65719390, 44840.722974, 1000.0,  978.7,  21.3,  0.79,  1.50, -0.71,  0.0,  0.0,  0.0
1033469.65969390, 44841.569377, 1000.0,  979.2,  20.8,  0.79,  1.50, -0.71,  0.0,  0.0,  0.0
1033469.66219390, 44843.935205, 1000.0,  979.7,  20.3,  0.79,  1.50, -0.71,  0.0,  0.0,  0.0
1033469.66469390, 44845.215101, 1000.0,  980.3,  19.7,  0.79,  1.50, -0.71,  0.0,  0.0,  0.0
1033469.66719390, 44844.910121, 1000.0,  980.8,  19.2,  0.79,  1.50, -0.71,  0.0,  0.0,  0.0
1033469.66969390, 44844.463334, 1000.0,  981.3,  18.7,  0.79,  1.50, -0.71,  0.0,  0.0,  0.0
1033469.67219390, 44842.451797, 1000.0,  981.9,  18.1,  0.79,  1.50, -0.71,  0.0,  0.0,  0.0
1033469.67469390, 44840.455438, 1000.0,  982.4,  17.6,  0.79,  1.50, -0.71,  0.0,  0.0,  0.0
1033469.67719390, 44841.318746, 1000.0,  983.0,  17.0,  0.79,  1.51, -0.71,  0.0,  0.0,  0.0
1033469.67969390, 44843.196821, 1000.0,  983.5,  16.5,  0.79,  1.51, -0.71,  0.0,  0.0,  0.0
1033469.68219390, 44844.584264, 1000.0,  983.6,  16.4,  0.79,  1.51, -0.71,  0.0,  0.0,  0.0
1033469.68469390, 44845.098835, 1000.0,  983.7,  16.3,  0.79,  1.51, -0.71,  0.0,  0.0,  0.0
1033469.68719390, 44844.372105, 1000.0,  983.8,  16.2,  0.79,  1.51, -0.71,  0.0,  0.0,  0.0
1033469.68969390, 44842.463324, 1000.0,  983.9,  16.1,  0.79,  1.51, -0.71,  0.0,  0.0,  0.0
1033469.69219390, 44841.082193, 1000.0,  983.9,  16.1,  0.79,  1.51, -0.71,  0.0,  0.0,  0.0
1033469.69469390, 44840.064546, 1000.0,  984.0,  16.0,  0.79,  1.51, -0.71,  0.0,  0.0,  0.0
1033469.69719390, 44840.688275, 1000.0,  984.1,  15.9,  0.79,  1.51, -0.71,  0.0,  0.0,  0.0
1033469.69969390, 44842.785338, 1000.0,  984.2,  15.8,  0.79,  1.51, -0.71,  0.0,  0.0,  0.0
1033469.70219390, 44844.359288, 1000.0,  984.3,  15.7,  0.79,  1.51, -0.71,  0.0,  0.0,  0.0
1033469.70469390, 44844.901716, 1000.0,  984.4,  15.6,  0.79,  1.51, -0.71,  0.0,  0.0,  0.0
1033469.70719390, 44845.115916, 1000.0,  984.4,  15.6,  0.79,  1.51, -0.71,  0.0,  0.0,  0.0
1033469.70969390, 44845.330116, 1000.0,  984.5,  15.5,  0.79,  1.51, -0.71,  0.0,  0.0,  0.0
1033469.71219390, 44844.524280, 1000.0,  984.6,  15.4,  0.79,  1.51, -0.71,  0.0,  0.0,  0.0
1033469.71469390, 44840.349089, 1000.0,  984.7,  15.3,  0.79,  1.51, -0.71,  0.0,  0.0,  0.0
1033469.71719390, 44840.765166, 1000.0,  984.8,  15.2,  0.79,  1.51, -0.71,  0.0,  0.0,  0.0
1033469.71969390, 44841.999748, 1000.0,  984.9,  15.1,  0.79,  1.51, -0.71,  0.0,  0.0,  0.0
1033469.72219390, 44843.650783, 1000.0,  984.9,  15.1,  0.79,  1.51, -0.71,  0.0,  0.0,  0.0
1033469.72469390, 44844.909059, 1000.0,  985.0,  15.0,  0.79,  1.51, -0.71,  0.0,  0.0,  0.0
1033469.72719390, 44844.477789, 1000.0,  985.1,  14.9,  0.79,  1.51, -0.71,  0.0,  0.0,  0.0
1033469.72969390, 44843.570827, 1000.0,  985.2,  14.8,  0.79,  1.51, -0.71,  0.0,  0.0,  0.0
1033469.73219390, 44842.484159, 1000.0,  985.3,  14.7,  0.79,  1.51, -0.71,  0.0,  0.0,  0.0
1033469.73469390, 44841.198192, 1000.0,  985.3,  14.7,  0.79,  1.51, -0.71,  0.0,  0.0,  0.0
1033469.73719390, 44840.038701, 1000.0,  985.4,  14.6,  0.79,  1.51, -0.71,  0.0,  0.0,  0.0
1033469.74219390, 44844.225844, 1000.0,  985.8,  14.2,  0.79,  1.51, -0.72,  0.0,  0.0,  0.0
1033469.74469390, 44844.907848, 1000.0,  986.3,  13.7,  0.79,  1.51, -0.72,  0.0,  0.0,  0.0
1033469.74719390, 44844.272749, 1000.0,  986.8,  13.2,  0.79,  1.51, -0.72,  0.0,  0.0,  0.0
1033469.74969390, 44842.504844, 1000.0,  987.3,  12.7,  0.79,  1.51, -0.72,  0.0,  0.0,  0.0
1033469.75219390, 44840.532212, 1000.0,  987.8,  12.2,  0.79,  1.51, -0.72,  0.0,  0.0,  0.0
1033469.75469390, 44839.735678, 1000.0,  988.3,  11.7,  0.79,  1.51, -0.72,  0.0,  0.0,  0.0
1033469.75719390, 44841.472196, 1000.0,  988.8,  11.2,  0.79,  1.51, -0.72,  0.0,  0.0,  0.0
1033469.75969390, 44843.000409, 1000.0,  989.3,  10.7,  0.79,  1.51, -0.72,  0.0,  0.0,  0.0
1033469.76219390, 44844.349587, 1000.0,  989.9,  10.1,  0.79,  1.51, -0.72,  0.0,  0.0,  0.0
1033469.76469390, 44845.485276, 1000.0,  990.4,  9.6,  0.79,  1.51, -0.72,  0.0,  0.0,  0.0
1033469.76719390, 44843.580002, 1000.0,  990.9,  9.1,  0.79,  1.51, -0.72,  0.0,  0.0,  0.0
1033469.76969390, 44842.006164, 1000.0,  991.4,  8.6,  0.79,  1.52, -0.72,  0.0,  0.0,  0.0
1033469.77219390, 44841.740511, 1000.0,  991.9,  8.1,  0.79,  1.52, -0.73,  0.0,  0.0,  0.0
1033469.77469390, 44841.281063, 1000.0,  992.4,  7.6,  0.79,  1.52, -0.73,  0.0,  0.0,  0.0
1033469.77719390, 44840.821615, 1000.0,  992.9,  7.1,  0.79,  1.52, -0.73,  0.0,  0.0,  0.0
1033469.77969390, 44842.476960, 1000.0,  993.4,  6.6,  0.79,  1.52, -0.73,  0.0,  0.0,  0.0
1033469.78219390, 44844.002134, 1000.0,  993.9,  6.1,  0.79,  1.52, -0.73,  0.0,  0.0,  0.0
1033469.78469390, 44844.760542, 1000.0,  994.5,  5.5,  0.79,  1.52, -0.73,  0.0,  0.0,  0.0
1033469.78719390, 44845.118937, 1000.0,  995.0,  5.0,  0.79,  1.52, -0.73,  0.0,  0.0,  0.0
1033469.78969390, 44843.142084, 1000.0,  995.5,  4.5,  0.79,  1.52, -0.73,  0.0,  0.0,  0.0
1033469.79219390, 44841.953337, 1000.0,  995.6,  4.4,  0.79,  1.52, -0.73,  0.0,  0.0,  0.0
1033469.79469390, 44841.284775, 1000.0,  995.6,  4.4,  0.79,  1.52, -0.73,  0.0,  0.0,  0.0
1033469.79719390, 44840.756952, 1000.0,  995.6,  4.4,  0.79,  1.52, -0.73,  0.0,  0.0,  0.0
1033469.79969390, 44843.492187, 1000.0,  995.6,  4.4,  0.79,  1.52, -0.73,  0.0,  0.0,  0.0
1033469.80219390, 44843.492187, 1000.0,  995.6,  4.4,  0.79,  1.52, -0.73,  0.0,  0.0,  0.0
1033469.80469390, 44844.141433, 1000.0,  995.6,  4.4,  0.79,  1.52, -0.73,  0.0,  0.0,  0.0
1033469.80719390, 44845.090742, 1000.0,  995.6,  4.4,  0.79,  1.52, -0.73,  0.0,  0.0,  0.0
1033469.80969390, 44843.391262, 1000.0,  995.6,  4.4,  0.79,  1.52, -0.73,  0.0,  0.0,  0.0
1033469.81219390, 44841.746201, 1000.0,  995.6,  4.4,  0.79,  1.52, -0.73,  0.0,  0.0,  0.0
1033469.81469390, 44840.551017, 1000.0,  995.6,  4.4,  0.79,  1.52, -0.73,  0.0,  0.0,  0.0
1033469.81719390, 44841.699668, 1000.0,  995.6,  4.4,  0.79,  1.52, -0.73,  0.0,  0.0,  0.0
1033469.81969390, 44843.128699, 1000.0,  995.6,  4.4,  0.79,  1.52, -0.73,  0.0,  0.0,  0.0
1033469.82219390, 44844.494440, 1000.0,  995.6,  4.4,  0.79,  1.52, -0.73,  0.0,  0.0,  0.0
1033469.82469390, 44845.118290, 1000.0,  995.6,  4.4,  0.79,  1.52, -0.73,  0.0,  0.0,  0.0
1033469.82719390, 44844.241624, 1000.0,  995.6,  4.4,  0.79,  1.52, -0.73,  0.0,  0.0,  0.0
1033469.82969390, 44842.376343, 1000.0,  995.6,  4.4,  0.79,  1.52, -0.73,  0.0,  0.0,  0.0
1033469.83219390, 44841.806961, 1000.0,  995.6,  4.4,  0.79,  1.52, -0.73,  0.0,  0.0,  0.0
1033469.83469390, 44841.237580, 1000.0,  995.6,  4.4,  0.79,  1.52, -0.73,  0.0,  0.0,  0.0
1033469.83719390, 44840.967152, 1000.0,  995.6,  4.4,  0.79,  1.52, -0.73,  0.0,  0.0,  0.0
1033469.83969390, 44842.155140, 1000.0,  995.6,  4.4,  0.79,  1.52, -0.73,  0.0,  0.0,  0.0
1033469.84219390, 44843.371484, 1000.0,  995.6,  4.4,  0.79,  1.52, -0.73,  0.0,  0.0,  0.0
1033469.84469390, 44844.029509, 1000.0,  995.6,  4.4,  0.79,  1.52, -0.73,  0.0,  0.0,  0.0
1033469.84719390, 44844.687535, 1000.0,  995.6,  4.4,  0.79,  1.52, -0.73,  0.0,  0.0,  0.0
1033469.84969390, 44843.365080, 1000.0,  995.6,  4.4,  0.79,  1.52, -0.73,  0.0,  0.0,  0.0
1033469.85219390, 44842.063398, 1000.0,  995.6,  4.4,  0.79,  1.52, -0.73,  0.0,  0.0,  0.0
1033469.85469390, 44840.992113, 1000.0,  995.6,  4.4,  0.79,  1.52, -0.73,  0.0,  0.0,  0.0
1033469.85719390, 44840.658121, 1000.0,  995.6,  4.4,  0.79,  1.52, -0.73,  0.0,  0.0,  0.0
1033469.85969390, 44841.190903, 1000.0,  995.6,  4.4,  0.79,  1.52, -0.73,  0.0,  0.0,  0.0
1033469.86219390, 44844.257728, 1000.0,  995.6,  4.4,  0.79,  1.52, -0.73,  0.0,  0.0,  0.0
1033469.86469390, 44845.264704, 1000.0,  995.6,  4.4,  0.79,  1.52, -0.73,  0.0,  0.0,  0.0
1033469.86719390, 44844.718740, 1000.0,  995.6,  4.4,  0.79,  1.52, -0.73,  0.0,  0.0,  0.0
1033469.86969390, 44843.591092, 1000.0,  995.6,  4.4,  0.79,  1.52, -0.73,  0.0,  0.0,  0.0
1033469.87219390, 44841.430766, 1000.0,  995.6,  4.4,  0.79,  1.52, -0.73,  0.0,  0.0,  0.0
1033469.87469390, 44840.199417, 1000.0,  995.6,  4.4,  0.79,  1.52, -0.73,  0.0,  0.0,  0.0
1033469.87719390, 44840.861508, 1000.0,  995.6,  4.4,  0.79,  1.52, -0.73,  0.0,  0.0,  0.0
1033469.87969390, 44842.387705, 1000.0,  995.6,  4.4,  0.79,  1.52, -0.73,  0.0,  0.0,  0.0
1033469.88219390, 44844.405100, 1000.0,  995.6,  4.4,  0.79,  1.52, -0.73,  0.0,  0.0,  0.0
1033469.88469390, 44845.340976, 1000.0,  995.6,  4.4,  0.79,  1.52, -0.73,  0.0,  0.0,  0.0
1033469.88719390, 44843.925617, 1000.0,  995.6,  4.4,  0.79,  1.52, -0.73,  0.0,  0.0,  0.0
1033469.88969390, 44842.487250, 1000.0,  995.6,  4.4,  0.79,  1.52, -0.73,  0.0,  0.0,  0.0
1033469.89219390, 44840.861543, 1000.0,  995.6,  4.4,  0.79,  1.52, -0.73,  0.0,  0.0,  0.0
1033469.89469390, 44840.372741, 1000.0,  995.6,  4.4,  0.79,  1.52, -0.73,  0.0,  0.0,  0.0
1033469.89719390, 44840.272942, 1000.0,  995.6,  4.4,  0.79,  1.52, -0.73,  0.0,  0.0,  0.0
1033469.89969390, 44842.163637, 1000.0,  995.6,  4.4,  0.79,  1.52, -0.73,  0.0,  0.0,  0.0
1033469.90219390, 44843.810213, 1000.0,  995.6,  4.4,  0.79,  1.52, -0.73,  0.0,  0.0,  0.0
1033469.90469390, 44844.747723, 1000.0,  995.6,  4.4,  0.79,  1.52, -0.73,  0.0,  0.0,  0.0
1033469.90719390, 44844.334514, 1000.0,  995.6,  4.4,  0.79,  1.52, -0.73,  0.0,  0.0,  0.0
1033469.90969390, 44843.011054, 1000.0,  995.6,  4.4,  0.79,  1.52, -0.73,  0.0,  0.0,  0.0
1033469.91219390, 44841.937278, 1000.0,  995.6,  4.4,  0.79,  1.52, -0.73,  0.0,  0.0,  0.0
1033469.91469390, 44841.108021, 1000.0,  995.6,  4.4,  0.79,  1.52, -0.73,  0.0,  0.0,  0.0
1033469.91719390, 44840.904015, 1000.0,  995.6,  4.4,  0.79,  1.52, -0.73,  0.0,  0.0,  0.0
1033469.91969390, 44842.551982, 1000.0,  995.6,  4.4,  0.79,  1.52, -0.73,  0.0,  0.0,  0.0
1033469.92219390, 44844.136192, 1000.0,  995.6,  4.4,  0.79,  1.52, -0.73,  0.0,  0.0,  0.0
1033469.92469390, 44844.985082, 1000.0,  995.6,  4.4,  0.79,  1.52, -0.73,  0.0,  0.0,  0.0
1033469.92719390, 44845.252919, 1000.0,  995.6,  4.4,  0.79,  1.52, -0.73,  0.0,  0.0,  0.0
1033469.92969390, 44843.135132, 1000.0,  995.6,  4.4,  0.79,  1.52, -0.73,  0.0,  0.0,  0.0
1033469.93219390, 44840.896175, 1000.0,  995.8,  4.2,  0.79,  1.52, -0.73,  0.0,  0.0,  0.0
1033469.93469390, 44840.237774, 1000.0, 1003.7, -3.7,  0.79,  1.50, -0.71,  0.0,  0.0,  0.0
1033469.93719390, 44840.985852, 1000.0, 1011.6, -11.6,  0.79,  1.48, -0.69,  0.0,  0.0,  0.0
1033469.93969390, 44842.442072, 1000.0, 1019.4, -19.4,  0.79,  1.46, -0.67,  0.0,  0.0,  0.0
1033469.94219390, 44844.147218, 1000.0, 1027.3, -27.3,  0.79,  1.43, -0.64,  0.0,  0.0,  0.0
1033469.94469390, 44844.943669, 1000.0, 1035.1, -35.1,  0.79,  1.41, -0.62,  0.0,  0.0,  0.0
1033469.94719390, 44844.325900, 1000.0, 1043.0, -43.0,  0.79,  1.39, -0.60,  0.0,  0.0,  0.0
1033469.94969390, 44842.529139, 1000.0, 1050.8, -50.8,  0.79,  1.37, -0.58,  0.0,  0.0,  0.0
1033469.95219390, 44840.662520, 1000.0, 1058.7, -58.7,  0.79,  1.35, -0.56,  0.0,  0.0,  0.0
1033469.95469390, 44840.376122, 1000.0, 1066.5, -66.5,  0.79,  1.33, -0.53,  0.0,  0.0,  0.0
1033469.95719390, 44840.286310, 1000.0, 1074.4, -74.4,  0.79,  1.30, -0.51,  0.0,  0.0,  0.0
1033469.95969390, 44841.921337, 1000.0, 1082.2, -82.2,  0.79,  1.28, -0.49,  0.0,  0.0,  0.0
1033469.96219390, 44844.279709, 1000.0, 1090.1, -90.1,  0.79,  1.26, -0.47,  0.0,  0.0,  0.0
1033469.96469390, 44845.434139, 1000.0, 1097.9, -97.9,  0.79,  1.24, -0.45,  0.0,  0.0,  0.0
1033469.96719390, 44844.979447, 1000.0, 1105.8, -105.8,  0.79,  1.22, -0.43,  0.0,  0.0,  0.0
1033469.96969390, 44844.524756, 1000.0, 1113.6, -113.6,  0.79,  1.19, -0.40,  0.0,  0.0,  0.0
1033469.97219390, 44843.247920, 1000.0, 1121.5, -121.5,  0.79,  1.17, -0.38,  0.0,  0.0,  0.0
1033469.97469390, 44841.731903, 1000.0, 1129.3, -129.3,  0.79,  1.15, -0.36,  0.0,  0.0,  0.0
1033469.97719390, 44841.515265, 1000.0, 1137.2, -137.2,  0.79,  1.13, -0.34,  0.0,  0.0,  0.0
1033469.97969390, 44843.206011, 1000.0, 1145.0, -145.0,  0.79,  1.11, -0.32,  0.0,  0.0,  0.0
1033469.98219390, 44844.722865, 1000.0, 1152.9, -152.9,  0.79,  1.09, -0.29,  0.0,  0.0,  0.0
1033469.98469390, 44844.893242, 1000.0, 1160.7, -160.7,  0.79,  1.06, -0.27,  0.0,  0.0,  0.0
1033469.98719390, 44844.360059, 1000.0, 1168.6, -168.6,  0.79,  1.04, -0.25,  0.0,  0.0,  0.0
1033469.99219390, 44841.507938, 1000.0, 1182.6, -182.6,  0.79,  1.00, -0.21,  0.0,  0.0,  0.0
1033469.99469390, 44840.240255, 1000.0, 1179.4, -179.4,  0.79,  1.00, -0.21,  0.0,  0.0,  0.0
1033469.99719390, 44841.386097, 1000.0, 1176.2, -176.2,  0.79,  1.00, -0.21,  0.0,  0.0,  0.0
1033469.99969390, 44842.714710, 1000.0, 1173.0, -173.0,  0.79,  0.99, -0.20,  0.0,  0.0,  0.0
1033470.00219390, 44844.732925, 1000.0, 1169.8, -169.8,  0.79,  0.99, -0.20,  0.0,  0.0,  0.0
1033470.00469390, 44845.006874, 1000.0, 1166.6, -166.6,  0.79,  0.99, -0.20,  0.0,  0.0,  0.0
1033470.00719390, 44844.048109, 1000.0, 1163.4, -163.4,  0.79,  0.99, -0.20,  0.0,  0.0,  0.0
1033470.00969390, 44842.946038, 1000.0, 1160.2, -160.2,  0.79,  0.98, -0.19,  0.0,  0.0,  0.0
1033470.01219390, 44840.802162, 1000.0, 1157.0, -157.0,  0.79,  0.98, -0.19,  0.0,  0.0,  0.0
1033470.01469390, 44840.463140, 1000.0, 1153.8, -153.8,  0.79,  0.98, -0.19,  0.0,  0.0,  0.0
1033470.01719390, 44841.097445, 1000.0, 1150.6, -150.6,  0.79,  0.98, -0.19,  0.0,  0.0,  0.0
1033470.01969390, 44841.798451, 1000.0, 1147.4, -147.4,  0.79,  0.97, -0.18,  0.0,  0.0,  0.0
1033470.02219390, 44843.092394, 1000.0, 1144.2, -144.2,  0.79,  0.97, -0.18,  0.0,  0.0,  0.0
1033470.02469390, 44844.931239, 1000.0, 1141.0, -141.0,  0.79,  0.97, -0.18,  0.0,  0.0,  0.0
1033470.02719390, 44843.995341, 1000.0, 1137.8, -137.8,  0.79,  0.97, -0.18,  0.0,  0.0,  0.0
1033470.02969390, 44842.795467, 1000.0, 1134.6, -134.6,  0.79,  0.96, -0.17,  0.0,  0.0,  0.0
1033470.03219390, 44841.616199, 1000.0, 1131.4, -131.4,  0.79,  0.96, -0.17,  0.0,  0.0,  0.0
1033470.03469390, 44840.705623, 1000.0, 1128.2, -128.2,  0.79,  0.96, -0.17,  0.0,  0.0,  0.0
1033470.03719390, 44841.407479, 1000.0, 1125.0, -125.0,  0.79,  0.96, -0.17,  0.0,  0.0,  0.0
1033470.03969390, 44841.898078, 1000.0, 1121.8, -121.8,  0.79,  0.95, -0.16,  0.0,  0.0,  0.0
1033470.04219390, 44843.037735, 1000.0, 1118.6, -118.6,  0.79,  0.95, -0.16,  0.0,  0.0,  0.0
1033470.04469390, 44844.452756, 1000.0, 1115.4, -115.4,  0.79,  0.95, -0.16,  0.0,  0.0,  0.0
1033470.04719390, 44844.239853, 1000.0, 1112.2, -112.2,  0.79,  0.95, -0.16,  0.0,  0.0,  0.0
1033470.04969390, 44843.072017, 1000.0, 1109.0, -109.0,  0.79,  0.94, -0.15,  0.0,  0.0,  0.0
1033470.05219390, 44841.911480, 1000.0, 1105.8, -105.8,  0.79,  0.94, -0.15,  0.0,  0.0,  0.0
1033470.05469390, 44840.662392, 1000.0, 1102.9, -102.9,  0.79,  0.94, -0.15,  0.0,  0.0,  0.0
1033470.05719390, 44840.668134, 1000.0, 1100.4, -100.4,  0.79,  0.94, -0.15,  0.0,  0.0,  0.0
1033470.05969390, 44842.205360, 1000.0, 1097.8, -97.8,  0.79,  0.93, -0.14,  0.0,  0.0,  0.0
1033470.06219390, 44844.604031, 1000.0, 1095.2, -95.2,  0.79,  0.93, -0.14,  0.0,  0.0,  0.0
1033470.06469390, 44845.021343, 1000.0, 1092.6, -92.6,  0.79,  0.93, -0.14,  0.0,  0.0,  0.0
1033470.06719390, 44844.426851, 1000.0, 1090.1, -90.1,  0.79,  0.93, -0.14,  0.0,  0.0,  0.0
1033470.06969390, 44841.639939, 1000.0, 1087.5, -87.5,  0.79,  0.92, -0.13,  0.0,  0.0,  0.0
1033470.07219390, 44840.306325, 1000.0, 1084.9, -84.9,  0.79,  0.92, -0.13,  0.0,  0.0,  0.0
1033470.07469390, 44840.060115, 1000.0, 1082.3, -82.3,  0.79,  0.92, -0.13,  0.0,  0.0,  0.0
1033470.07719390, 44840.941926, 1000.0, 1079.8, -79.8,  0.79,  0.92, -0.13,  0.0,  0.0,  0.0
1033470.07969390, 44842.569186, 1000.0, 1077.2, -77.2,  0.79,  0.91, -0.12,  0.0,  0.0,  0.0
1033470.08219390, 44844.465544, 1000.0, 1074.6, -74.6,  0.79,  0.91, -0.12,  0.0,  0.0,  0.0
1033470.08469390, 44844.813056, 1000.0, 1072.0, -72.0,  0.79,  0.91, -0.12,  0.0,  0.0,  0.0
1033470.08719390, 44845.125050, 1000.0, 1069.4, -69.4,  0.79,  0.91, -0.12,  0.0,  0.0,  0.0
1033470.08969390, 44843.272020, 1000.0, 1066.9, -66.9,  0.79,  0.90, -0.11,  0.0,  0.0,  0.0
1033470.09219390, 44840.606990, 1000.0, 1064.3, -64.3,  0.79,  0.90, -0.11,  0.0,  0.0,  0.0
1033470.09469390, 44840.348834, 1000.0, 1061.7, -61.7,  0.79,  0.90, -0.11,  0.0,  0.0,  0.0
1033470.09719390, 44840.766015, 1000.0, 1059.1, -59.1,  0.79,  0.90, -0.11,  0.0,  0.0,  0.0
1033470.09969390, 44841.183196, 1000.0, 1056.6, -56.6,  0.79,  0.89, -0.10,  0.0,  0.0,  0.0
1033470.10219390, 44842.277446, 1000.0, 1054.0, -54.0,  0.79,  0.89, -0.10,  0.0,  0.0,  0.0
1033470.10469390, 44844.244836, 1000.0, 1051.4, -51.4,  0.79,  0.89, -0.10,  0.0,  0.0,  0.0
1033470.10719390, 44844.577141, 1000.0, 1048.8, -48.8,  0.79,  0.89, -0.10,  0.0,  0.0,  0.0
1033470.10969390, 44842.731976, 1000.0, 1046.3, -46.3,  0.79,  0.88, -0.09,  0.0,  0.0,  0.0
1033470.11219390, 44840.217784, 1000.0, 1043.7, -43.7,  0.79,  0.88, -0.09,  0.0,  0.0,  0.0
1033470.11469390, 44840.064780, 1000.0, 1041.1, -41.1,  0.79,  0.88, -0.09,  0.0,  0.0,  0.0
1033470.11719390, 44840.698120, 1000.0, 1039.5, -39.5,  0.79,  0.88, -0.09,  0.0,  0.0,  0.0
1033470.11969390, 44841.778890, 1000.0, 1038.6, -38.6,  0.79,  0.88, -0.09,  0.0,  0.0,  0.0
1033470.12219390, 44844.786569, 1000.0, 1037.7, -37.7,  0.79,  0.88, -0.09,  0.0,  0.0,  0.0
1033470.12469390, 44844.853425, 1000.0, 1036.9, -36.9,  0.79,  0.88, -0.09,  0.0,  0.0,  0.0
1033470.12719390, 44844.197621, 1000.0, 1036.0, -36.0,  0.79,  0.88, -0.09,  0.0,  0.0,  0.0
1033470.12969390, 44842.421102, 1000.0, 1035.1, -35.1,  0.79,  0.89, -0.09,  0.0,  0.0,  0.0
1033470.13219390, 44840.366142, 1000.0, 1034.3, -34.3,  0.79,  0.89, -0.10,  0.0,  0.0,  0.0
1033470.13469390, 44840.479997, 1000.0, 1033.4, -33.4,  0.79,  0.89, -0.10,  0.0,  0.0,  0.0
1033470.13719390, 44841.321952, 1000.0, 1032.5, -32.5,  0.79,  0.89, -0.10,  0.0,  0.0,  0.0
1033470.13969390, 44842.804594, 1000.0, 1031.7, -31.7,  0.79,  0.89, -0.10,  0.0,  0.0,  0.0
1033470.14219390, 44845.080598, 1000.0, 1030.8, -30.8,  0.79,  0.89, -0.10,  0.0,  0.0,  0.0
1033470.14469390, 44845.315553, 1000.0, 1029.9, -29.9,  0.79,  0.89, -0.10,  0.0,  0.0,  0.0
1033470.14719390, 44844.698311, 1000.0, 1029.0, -29.0,  0.79,  0.89, -0.10,  0.0,  0.0,  0.0
1033470.14969390, 44844.081070, 1000.0, 1028.2, -28.2,  0.79,  0.90, -0.11,  0.0,  0.0,  0.0
1033470.15219390, 44841.404984, 1000.0, 1027.3, -27.3,  0.79,  0.90, -0.11,  0.0,  0.0,  0.0
1033470.15469390, 44840.174549, 1000.0, 1026.4, -26.4,  0.79,  0.90, -0.11,  0.0,  0.0,  0.0
1033470.15719390, 44840.145892, 1000.0, 1025.6, -25.6,  0.79,  0.90, -0.11,  0.0,  0.0,  0.0
1033470.15969390, 44840.669856, 1000.0, 1024.7, -24.7,  0.79,  0.90, -0.11,  0.0,  0.0,  0.0
1033470.16219390, 44841.193821, 1000.0, 1023.8, -23.8,  0.79,  0.90, -0.11,  0.0,  0.0,  0.0
1033470.16469390, 44845.458651, 1000.0, 1022.9, -22.9,  0.79,  0.90, -0.11,  0.0,  0.0,  0.0
1033470.16719390, 44843.986916, 1000.0, 1022.1, -22.1,  0.79,  0.90, -0.11,  0.0,  0.0,  0.0
1033470.16969390, 44842.232527, 1000.0, 1021.2, -21.2,  0.79,  0.91, -0.12,  0.0,  0.0,  0.0
1033470.17219390, 44840.849013, 1000.0, 1020.3, -20.3,  0.79,  0.91, -0.12,  0.0,  0.0,  0.0
1033470.17469390, 44840.566319, 1000.0, 1019.5, -19.5,  0.79,  0.91, -0.12,  0.0,  0.0,  0.0
1033470.17719390, 44840.283626, 1000.0, 1018.6, -18.6,  0.79,  0.91, -0.12,  0.0,  0.0,  0.0
1033470.17969390, 44841.717221, 1000.0, 1017.8, -17.8,  0.79,  0.91, -0.12,  0.0,  0.0,  0.0
1033470.18219390, 44843.654533, 1000.0, 1017.2, -17.2,  0.79,  0.91, -0.12,  0.0,  0.0,  0.0
1033470.18469390, 44844.719438, 1000.0, 1016.6, -16.6,  0.79,  0.91, -0.12,  0.0,  0.0,  0.0
1033470.18719390, 44844.058799, 1000.0, 1016.0, -16.0,  0.79,  0.91, -0.12,  0.0,  0.0,  0.0
1033470.18969390, 44842.624487, 1000.0, 1015.4, -15.4,  0.79,  0.91, -0.12,  0.0,  0.0,  0.0
1033470.19219390, 44840.929780, 1000.0, 1014.8, -14.8,  0.79,  0.91, -0.12,  0.0,  0.0,  0.0
1033470.19469390, 44840.535718, 1000.0, 1014.2, -14.2,  0.79,  0.91, -0.12,  0.0,  0.0,  0.0
1033470.19719390, 44841.188076, 1000.0, 1013.6, -13.6,  0.79,  0.91, -0.12,  0.0,  0.0,  0.0
1033470.19969390, 44842.712245, 1000.0, 1013.0, -13.0,  0.79,  0.91, -0.11,  0.0,  0.0,  0.0
1033470.20219390, 44843.973155, 1000.0, 1012.5, -12.5,  0.79,  0.90, -0.11,  0.0,  0.0,  0.0
1033470.20469390, 44844.740860, 1000.0, 1011.9, -11.9,  0.79,  0.90, -0.11,  0.0,  0.0,  0.0
1033470.20719390, 44844.473668, 1000.0, 1011.3, -11.3,  0.79,  0.90, -0.11,  0.0,  0.0,  0.0
1033470.20969390, 44844.096914, 1000.0, 1010.7, -10.7,  0.79,  0.90, -0.11,  0.0,  0.0,  0.0
1033470.21219390, 44843.212145, 1000.0, 1010.1, -10.1,  0.79,  0.90, -0.11,  0.0,  0.0,  0.0
1033470.21469390, 44840.481928, 1000.0, 1009.5, -9.5,  0.79,  0.90, -0.11,  0.0,  0.0,  0.0
1033470.21719390, 44841.170874, 1000.0, 1008.9, -8.9,  0.79,  0.90, -0.11,  0.0,  0.0,  0.0
1033470.21969390, 44842.003028, 1000.0, 1008.3, -8.3,  0.79,  0.90, -0.11,  0.0,  0.0,  0.0
1033470.22219390, 44842.837742, 1000.0, 1007.7, -7.7,  0.79,  0.90, -0.11,  0.0,  0.0,  0.0
1033470.22469390, 44844.749859, 1000.0, 1007.2, -7.2,  0.79,  0.90, -0.11,  0.0,  0.0,  0.0
1033470.22719390, 44845.070733, 1000.0, 1006.6, -6.6,  0.79,  0.90, -0.11,  0.0,  0.0,  0.0
1033470.22969390, 44844.651112, 1000.0, 1006.0, -6.0,  0.79,  0.90, -0.11,  0.0,  0.0,  0.0
1033470.23219390, 44843.546225, 1000.0, 1005.4, -5.4,  0.79,  0.90, -0.11,  0.0,  0.0,  0.0
1033470.23469390, 44840.154202, 1000.0, 1004.8, -4.8,  0.79,  0.90, -0.11,  0.0,  0.0,  0.0
1033470.23719390, 44840.860006, 1000.0, 1004.2, -4.2,  0.79,  0.90, -0.10,  0.0,  0.0,  0.0
1033470.23969390, 44842.336318, 1000.0, 1003.7, -3.7,  0.79,  0.90, -0.10,  0.0,  0.0,  0.0
1033470.24219390, 44844.693161, 1000.0, 1003.7, -3.7,  0.79,  0.90, -0.10,  0.0,  0.0,  0.0
1033470.24469390, 44845.200393, 1000.0, 1003.7, -3.7,  0.79,  0.90, -0.10,  0.0,  0.0,  0.0
1033470.24719390, 44844.792633, 1000.0, 1003.7, -3.7,  0.79,  0.90, -0.10,  0.0,  0.0,  0.0
1033470.24969390, 44842.220982, 1000.0, 1003.7, -3.7,  0.79,  0.90, -0.10,  0.0,  0.0,  0.0
1033470.25219390, 44840.782661, 1000.0, 1003.7, -3.7,  0.79,  0.90, -0.10,  0.0,  0.0,  0.0
1033470.25469390, 44840.134067, 1000.0, 1003.7, -3.7,  0.79,  0.90, -0.10,  0.0,  0.0,  0.0
1033470.25719390, 44841.079490, 1000.0, 1003.7, -3.7,  0.79,  0.90, -0.10,  0.0,  0.0,  0.0
1033470.25969390, 44842.988812, 1000.0, 1003.7, -3.7,  0.79,  0.90, -0.10,  0.0,  0.0,  0.0
1033470.26219390, 44844.456878, 1000.0, 1003.7, -3.7,  0.79,  0.90, -0.10,  0.0,  0.0,  0.0
1033470.26469390, 44845.140316, 1000.0, 1003.7, -3.7,  0.79,  0.90, -0.10,  0.0,  0.0,  0.0
1033470.26719390, 44844.695508, 1000.0, 1003.7, -3.7,  0.79,  0.90, -0.10,  0.0,  0.0,  0.0
1033470.26969390, 44843.312809, 1000.0, 1003.7, -3.7,  0.79,  0.90, -0.10,  0.0,  0.0,  0.0
1033470.27219390, 44841.015275, 1000.0, 1003.7, -3.7,  0.79,  0.90, -0.10,  0.0,  0.0,  0.0
1033470.27469390, 44840.260480, 1000.0, 1003.7, -3.7,  0.79,  0.90, -0.10,  0.0,  0.0,  0.0
1033470.27719390, 44840.217224, 1000.0, 1003.7, -3.7,  0.79,  0.90, -0.10,  0.0,  0.0,  0.0
1033470.27969390, 44840.173967, 1000.0, 1003.7, -3.7,  0.79,  0.90, -0.10,  0.0,  0.0,  0.0
1033470.28219390, 44842.467819, 1000.0, 1003.7, -3.7,  0.79,  0.90, -0.10,  0.0,  0.0,  0.0
1033470.28469390, 44844.839502, 1000.0, 1003.7, -3.7,  0.79,  0.90, -0.10,  0.0,  0.0,  0.0
1033470.28719390, 44845.217873, 1000.0, 1003.7, -3.7,  0.79,  0.90, -0.10,  0.0,  0.0,  0.0
1033470.28969390, 44841.839810, 1000.0, 1003.7, -3.7,  0.79,  0.90, -0.10,  0.0,  0.0,  0.0
1033470.29219390, 44840.941140, 1000.0, 1003.7, -3.7,  0.79,  0.90, -0.10,  0.0,  0.0,  0.0
1033470.29469390, 44840.365705, 1000.0, 1003.7, -3.7,  0.79,  0.90, -0.10,  0.0,  0.0,  0.0
1033470.29719390, 44841.315342, 1000.0, 1003.7, -3.7,  0.79,  0.90, -0.10,  0.0,  0.0,  0.0
1033470.29969390, 44842.757198, 1000.0, 1003.7, -3.7,  0.79,  0.90, -0.10,  0.0,  0.0,  0.0
1033470.30219390, 44844.207297, 1000.0, 1003.7, -3.7,  0.79,  0.90, -0.10,  0.0,  0.0,  0.0
1033470.30469390, 44845.039111, 1000.0, 1003.7, -3.7,  0.79,  0.90, -0.10,  0.0,  0.0,  0.0
1033470.30719390, 44844.269736, 1000.0, 1003.7, -3.7,  0.79,  0.90, -0.10,  0.0,  0.0,  0.0
1033470.30969390, 44842.397017, 1000.0, 1003.7, -3.7,  0.79,  0.90, -0.10,  0.0,  0.0,  0.0
1033470.31219390, 44841.151562, 1000.0, 1003.7, -3.7,  0.79,  0.90, -0.10,  0.0,  0.0,  0.0
1033470.31469390, 44840.416048, 1000.0, 1003.7, -3.7,  0.79,  0.90, -0.10,  0.0,  0.0,  0.0
1033470.31719390, 44841.647076, 1000.0, 1003.7, -3.7,  0.79,  0.90, -0.10,  0.0,  0.0,  0.0
1033470.31969390, 44843.096627, 1000.0, 1003.7, -3.7,  0.79,  0.90, -0.10,  0.0,  0.0,  0.0
1033470.32219390, 44844.076440, 1000.0, 1003.7, -3.7,  0.79,  0.90, -0.10,  0.0,  0.0,  0.0
1033470.32469390, 44845.199608, 1000.0, 1003.7, -3.7,  0.79,  0.90, -0.10,  0.0,  0.0,  0.0
1033470.32719390, 44844.563353, 1000.0, 1003.7, -3.7,  0.79,  0.90, -0.10,  0.0,  0.0,  0.0
1033470.32969390, 44842.320816, 1000.0, 1003.7, -3.7,  0.79,  0.90, -0.10,  0.0,  0.0,  0.0
1033470.33219390, 44840.340293, 1000.0, 1003.7, -3.7,  0.79,  0.90, -0.10,  0.0,  0.0,  0.0
1033470.33469390, 44840.028364, 1000.0, 1003.7, -3.7,  0.79,  0.90, -0.10,  0.0,  0.0,  0.0
1033470.33719390, 44840.028364, 1000.0, 1003.7, -3.7,  0.79,  0.90, -0.10,  0.0,  0.0,  0.0
1033470.33969390, 44841.270047, 1000.0, 1003.7, -3.7,  0.79,  0.90, -0.10,  0.0,  0.0,  0.0
1033470.34219390, 44844.082750, 1000.0, 1003.7, -3.7,  0.79,  0.90, -0.10,  0.0,  0.0,  0.0
1033470.34469390, 44845.170644, 1000.0, 1003.7, -3.7,  0.79,  0.90, -0.10,  0.0,  0.0,  0.0
1033470.34719390, 44844.776226, 1000.0, 1003.7, -3.7,  0.79,  0.90, -0.10,  0.0,  0.0,  0.0
1033470.34969390, 44843.733667, 1000.0, 1003.7, -3.7,  0.79,  0.90, -0.10,  0.0,  0.0,  0.0
1033470.35469390, 44840.680854, 1000.0, 1003.6, -3.6,  0.79,  0.90, -0.10,  0.0,  0.0,  0.0
1033470.35719390, 44840.464149, 1000.0, 1003.6, -3.6,  0.79,  0.90, -0.10,  0.0,  0.0,  0.0
1033470.35969390, 44840.247445, 1000.0, 1003.5, -3.5,  0.79,  0.90, -0.10,  0.0,  0.0,  0.0
1033470.36219390, 44842.549618, 1000.0, 1003.4, -3.4,  0.79,  0.90, -0.10,  0.0,  0.0,  0.0
1033470.36469390, 44844.646011, 1000.0, 1003.3, -3.3,  0.79,  0.90, -0.10,  0.0,  0.0,  0.0
1033470.36719390, 44844.520779, 1000.0, 1003.3, -3.3,  0.79,  0.90, -0.10,  0.0,  0.0,  0.0
1033470.36969390, 44843.869010, 1000.0, 1003.2, -3.2,  0.79,  0.90, -0.10,  0.0,  0.0,  0.0
1033470.37219390, 44842.141313, 1000.0, 1003.1, -3.1,  0.79,  0.90, -0.10,  0.0,  0.0,  0.0
1033470.37469390, 44840.569600, 1000.0, 1003.0, -3.0,  0.79,  0.90, -0.10,  0.0,  0.0,  0.0
1033470.37719390, 44840.771229, 1000.0, 1003.0, -3.0,  0.79,  0.90, -0.10,  0.0,  0.0,  0.0
1033470.37969390, 44842.921699, 1000.0, 1002.9, -2.9,  0.79,  0.90, -0.10,  0.0,  0.0,  0.0
1033470.38219390, 44844.763895, 1000.0, 1002.8, -2.8,  0.79,  0.90, -0.10,  0.0,  0.0,  0.0
1033470.38469390, 44845.213407, 1000.0, 1002.7, -2.7,  0.79,  0.90, -0.10,  0.0,  0.0,  0.0
1033470.38719390, 44844.563594, 1000.0, 1002.7, -2.7,  0.79,  0.90, -0.10,  0.0,  0.0,  0.0
1033470.38969390, 44842.216196, 1000.0, 1002.6, -2.6,  0.79,  0.90, -0.10,  0.0,  0.0,  0.0
1033470.39219390, 44840.654526, 1000.0, 1002.5, -2.5,  0.79,  0.90, -0.10,  0.0,  0.0,  0.0
1033470.39469390, 44840.466688, 1000.0, 1002.5, -2.5,  0.79,  0.90, -0.10,  0.0,  0.0,  0.0
1033470.39719390, 44840.466688, 1000.0, 1002.4, -2.4,  0.79,  0.90, -0.10,  0.0,  0.0,  0.0
1033470.39969390, 44841.186727, 1000.0, 1002.3, -2.3,  0.79,  0.90, -0.10,  0.0,  0.0,  0.0
1033470.40219390, 44844.873055, 1000.0, 1002.2, -2.2,  0.79,  0.90, -0.10,  0.0,  0.0,  0.0
1033470.40469390, 44845.341697, 1000.0, 1002.2, -2.2,  0.79,  0.90, -0.10,  0.0,  0.0,  0.0
1033470.40719390, 44845.341697, 1000.0, 1002.1, -2.1,  0.79,  0.90, -0.10,  0.0,  0.0,  0.0
1033470.40969390, 44845.341697, 1000.0, 1002.0, -2.0,  0.79,  0.90, -0.10,  0.0,  0.0,  0.0
1033470.41219390, 44843.570223, 1000.0, 1001.9, -1.9,  0.79,  0.90, -0.10,  0.0,  0.0,  0.0
1033470.41469390, 44840.124582, 1000.0, 1001.9, -1.9,  0.79,  0.90, -0.10,  0.0,  0.0,  0.0
1033470.41719390, 44840.968540, 1000.0, 1001.8, -1.8,  0.79,  0.90, -0.10,  0.0,  0.0,  0.0
1033470.41969390, 44843.784024, 1000.0, 1001.7, -1.7,  0.79,  0.90, -0.10,  0.0,  0.0,  0.0
1033470.42219390, 44845.109854, 1000.0,  998.2,  1.8,  0.79,  0.90, -0.11,  0.0,  0.0,  0.0
1033470.42469390, 44845.123671, 1000.0,  990.7,  9.3,  0.79,  0.92, -0.13,  0.0,  0.0,  0.0
1033470.42719390, 44845.137489, 1000.0,  983.1,  16.9,  0.79,  0.93, -0.14,  0.0,  0.0,  0.0
1033470.42969390, 44842.144659, 1000.0,  975.5,  24.5,  0.79,  0.95, -0.16,  0.0,  0.0,  0.0
1033470.43219390, 44840.426874, 1000.0,  968.0,  32.0,  0.79,  0.96, -0.17,  0.0,  0.0,  0.0
1033470.43469390, 44840.225795, 1000.0,  960.4,  39.6,  0.79,  0.98, -0.19,  0.0,  0.0,  0.0
1033470.43719390, 44841.606326, 1000.0,  952.9,  47.1,  0.79,  0.99, -0.20,  0.0,  0.0,  0.0
1033470.43969390, 44842.840047, 1000.0,  945.3,  54.7,  0.79,  1.01, -0.22,  0.0,  0.0,  0.0
1033470.44219390, 44843.998344, 1000.0,  937.7,  62.3,  0.79,  1.02, -0.23,  0.0,  0.0,  0.0
1033470.44469390, 44844.936751, 1000.0,  930.2,  69.8,  0.79,  1.04, -0.25,  0.0,  0.0,  0.0
1033470.44719390, 44844.217222, 1000.0,  922.6,  77.4,  0.79,  1.05, -0.26,  0.0,  0.0,  0.0
1033470.44969390, 44842.695326, 1000.0,  915.0,  85.0,  0.79,  1.07, -0.28,  0.0,  0.0,  0.0
1033470.45219390, 44840.754595, 1000.0,  907.5,  92.5,  0.79,  1.08, -0.29,  0.0,  0.0,  0.0
1033470.45469390, 44840.160200, 1000.0,  899.9,  100.1,  0.79,  1.10, -0.31,  0.0,  0.0,  0.0
1033470.45719390, 44840.589957, 1000.0,  892.3,  107.7,  0.79,  1.11, -0.32,  0.0,  0.0,  0.0
1033470.45969390, 44841.019714, 1000.0,  884.8,  115.2,  0.79,  1.13, -0.34,  0.0,  0.0,  0.0
1033470.46219390, 44841.695313, 1000.0,  877.2,  122.8,  0.79,  1.14, -0.35,  0.0,  0.0,  0.0
1033470.46469390, 44845.031663, 1000.0,  869.6,  130.4,  0.79,  1.16, -0.37,  0.0,  0.0,  0.0
1033470.46719390, 44844.323706, 1000.0,  862.1,  137.9,  0.79,  1.17, -0.38,  0.0,  0.0,  0.0
1033470.46969390, 44842.302816, 1000.0,  854.5,  145.5,  0.79,  1.19, -0.40,  0.0,  0.0,  0.0
1033470.47219390, 44840.681704, 1000.0,  847.0,  153.0,  0.79,  1.20, -0.41,  0.0,  0.0,  0.0
1033470.47469390, 44840.188466, 1000.0,  839.4,  160.6,  0.79,  1.22, -0.43,  0.0,  0.0,  0.0
1033470.47719390, 44840.034248, 1000.0,  831.8,  168.2,  0.79,  1.23, -0.44,  0.0,  0.0,  0.0
1033470.47969390, 44839.880031, 1000.0,  824.3,  175.7,  0.79,  1.25, -0.46,  0.0,  0.0,  0.0
1033470.48219390, 44839.725813, 1000.0,  816.7,  183.3,  0.79,  1.26, -0.47,  0.0,  0.0,  0.0
1033470.48469390, 44844.294181, 1000.0,  809.1,  190.9,  0.79,  1.28, -0.49,  0.0,  0.0,  0.0
1033470.48719390, 44844.515612, 1000.0,  801.6,  198.4,  0.79,  1.29, -0.50,  0.0,  0.0,  0.0
1033470.48969390, 44843.539579, 1000.0,  794.2,  205.8,  0.79,  1.31, -0.52,  0.0,  0.0,  0.0
1033470.49219390, 44842.489056, 1000.0,  805.1,  194.9,  0.79,  1.32, -0.53,  0.0,  0.0,  0.0
1033470.49469390, 44841.345186, 1000.0,  815.9,  184.1,  0.79,  1.33, -0.54,  0.0,  0.0,  0.0
1033470.49719390, 44840.091260, 1000.0,  826.8,  173.2,  0.79,  1.34, -0.55,  0.0,  0.0,  0.0
1033470.49969390, 44842.117797, 1000.0,  837.7,  162.3,  0.79,  1.36, -0.56,  0.0,  0.0,  0.0
1033470.50219390, 44844.754429, 1000.0,  848.5,  151.5,  0.79,  1.37, -0.58,  0.0,  0.0,  0.0
1033470.50469390, 44845.144559, 1000.0,  859.4,  140.6,  0.79,  1.38, -0.59,  0.0,  0.0,  0.0
1033470.50719390, 44843.759917, 1000.0,  870.3,  129.7,  0.79,  1.39, -0.60,  0.0,  0.0,  0.0
1033470.50969390, 44842.095823, 1000.0,  881.1,  118.9,  0.79,  1.41, -0.61,  0.0,  0.0,  0.0
1033470.51219390, 44840.320300, 1000.0,  892.0,  108.0,  0.79,  1.42, -0.63,  0.0,  0.0,  0.0
1033470.51469390, 44839.963157, 1000.0,  901.0,  99.0,  0.79,  1.43, -0.64,  0.0,  0.0,  0.0
1033470.51719390, 44840.396866, 1000.0,  901.8,  98.2,  0.79,  1.43, -0.64,  0.0,  0.0,  0.0
1033470.51969390, 44840.830575, 1000.0,  902.5,  97.5,  0.79,  1.43, -0.64,  0.0,  0.0,  0.0
1033470.52219390, 44842.070107, 1000.0,  903.2,  96.8,  0.79,  1.43, -0.64,  0.0,  0.0,  0.0
1033470.52469390, 44845.320591, 1000.0,  903.9,  96.1,  0.79,  1.43, -0.64,  0.0,  0.0,  0.0
1033470.52719390, 44844.840177, 1000.0,  904.7,  95.3,  0.79,  1.43, -0.64,  0.0,  0.0,  0.0
1033470.52969390, 44844.297710, 1000.0,  905.4,  94.6,  0.79,  1.43, -0.64,  0.0,  0.0,  0.0
1033470.53219390, 44841.536084, 1000.0,  906.1,  93.9,  0.79,  1.43, -0.64,  0.0,  0.0,  0.0
1033470.53469390, 44840.437201, 1000.0,  906.8,  93.2,  0.79,  1.44, -0.64,  0.0,  0.0,  0.0
1033470.53719390, 44841.247117, 1000.0,  907.5,  92.5,  0.79,  1.44, -0.65,  0.0,  0.0,  0.0
1033470.53969390, 44841.247117, 1000.0,  908.3,  91.7,  0.79,  1.44, -0.65,  0.0,  0.0,  0.0
1033470.54219390, 44842.785277, 1000.0,  909.0,  91.0,  0.79,  1.44, -0.65,  0.0,  0.0,  0.0
1033470.54469390, 44844.353037, 1000.0,  909.7,  90.3,  0.79,  1.44, -0.65,  0.0,  0.0,  0.0
1033470.54719390, 44844.041885, 1000.0,  910.4,  89.6,  0.79,  1.44, -0.65,  0.0,  0.0,  0.0
1033470.54969390, 44843.730734, 1000.0,  911.2,  88.8,  0.79,  1.44, -0.65,  0.0,  0.0,  0.0
1033470.55219390, 44841.314529, 1000.0,  911.9,  88.1,  0.79,  1.44, -0.65,  0.0,  0.0,  0.0
1033470.55469390, 44840.223412, 1000.0,  912.6,  87.4,  0.79,  1.44, -0.65,  0.0,  0.0,  0.0
1033470.55719390, 44840.641378, 1000.0,  913.7,  86.3,  0.79,  1.45, -0.65,  0.0,  0.0,  0.0
1033470.55969390, 44841.279436, 1000.0,  915.3,  84.7,  0.79,  1.45, -0.66,  0.0,  0.0,  0.0
1033470.56219390, 44843.231233, 1000.0,  916.9,  83.1,  0.79,  1.45, -0.66,  0.0,  0.0,  0.0
1033470.56469390, 44844.846273, 1000.0,  918.5,  81.5,  0.79,  1.45, -0.66,  0.0,  0.0,  0.0
1033470.56719390, 44844.049674, 1000.0,  920.1,  79.9,  0.79,  1.46, -0.66,  0.0,  0.0,  0.0
1033470.56969390, 44841.808713, 1000.0,  921.7,  78.3,  0.79,  1.46, -0.67,  0.0,  0.0,  0.0
1033470.57219390, 44840.808793, 1000.0,  923.3,  76.7,  0.79,  1.46, -0.67,  0.0,  0.0,  0.0
1033470.57469390, 44840.802763, 1000.0,  924.9,  75.1,  0.79,  1.46, -0.67,  0.0,  0.0,  0.0
1033470.57719390, 44841.451202, 1000.0,  926.4,  73.6,  0.79,  1.47, -0.68,  0.0,  0.0,  0.0
1033470.57969390, 44842.278432, 1000.0,  928.0,  72.0,  0.79,  1.47, -0.68,  0.0,  0.0,  0.0
1033470.58219390, 44843.073561, 1000.0,  929.6,  70.4,  0.79,  1.47, -0.68,  0.0,  0.0,  0.0
1033470.58469390, 44844.505836, 1000.0,  931.2,  68.8,  0.79,  1.47, -0.68,  0.0,  0.0,  0.0
1033470.58719390, 44844.649998, 1000.0,  932.9,  67.1,  0.79,  1.47, -0.68,  0.0,  0.0,  0.0
1033470.58969390, 44844.144955, 1000.0,  934.6,  65.4,  0.79,  1.47, -0.68,  0.0,  0.0,  0.0
1033470.59219390, 44843.695529, 1000.0,  936.2,  63.8,  0.79,  1.47, -0.68,  0.0,  0.0,  0.0
1033470.59469390, 44843.246103, 1000.0,  937.9,  62.1,  0.79,  1.47, -0.68,  0.0,  0.0,  0.0
1033470.59719390, 44842.796677, 1000.0,  939.5,  60.5,  0.79,  1.47, -0.68,  0.0,  0.0,  0.0
1033470.59969390, 44843.052291, 1000.0,  941.2,  58.8,  0.79,  1.47, -0.68,  0.0,  0.0,  0.0
1033470.60219390, 44843.762570, 1000.0,  942.9,  57.1,  0.79,  1.47, -0.67,  0.0,  0.0,  0.0
1033470.60469390, 44844.465713, 1000.0,  944.5,  55.5,  0.79,  1.46, -0.67,  0.0,  0.0,  0.0
1033470.60719390, 44844.609968, 1000.0,  946.2,  53.8,  0.79,  1.46, -0.67,  0.0,  0.0,  0.0
1033470.60969390, 44844.193543, 1000.0,  947.9,  52.1,  0.79,  1.46, -0.67,  0.0,  0.0,  0.0
1033470.61219390, 44842.590270, 1000.0,  949.5,  50.5,  0.79,  1.46, -0.67,  0.0,  0.0,  0.0
1033470.61469390, 44840.788956, 1000.0,  951.2,  48.8,  0.79,  1.46, -0.67,  0.0,  0.0,  0.0
1033470.61719390, 44841.192648, 1000.0,  952.9,  47.1,  0.79,  1.46, -0.67,  0.0,  0.0,  0.0
1033470.61969390, 44841.883077, 1000.0,  954.5,  45.5,  0.79,  1.46, -0.67,  0.0,  0.0,  0.0
1033470.62219390, 44843.764721, 1000.0,  955.9,  44.1,  0.79,  1.46, -0.67,  0.0,  0.0,  0.0
1033470.62469390, 44844.799096, 1000.0,  957.0,  43.0,  0.79,  1.46, -0.67,  0.0,  0.0,  0.0
1033470.62719390, 44845.102383, 1000.0,  958.2,  41.8,  0.79,  1.46, -0.67,  0.0,  0.0,  0.0
1033470.62969390, 44842.719673, 1000.0,  959.3,  40.7,  0.79,  1.46, -0.67,  0.0,  0.0,  0.0
1033470.63219390, 44840.572284, 1000.0,  960.4,  39.6,  0.79,  1.47, -0.67,  0.0,  0.0,  0.0
1033470.63469390, 44840.771982, 1000.0,  961.6,  38.4,  0.79,  1.47, -0.68,  0.0,  0.0,  0.0
1033470.63719390, 44841.386097, 1000.0,  962.7,  37.3,  0.79,  1.47, -0.68,  0.0,  0.0,  0.0
1033470.63969390, 44842.687798, 1000.0,  963.8,  36.2,  0.79,  1.47, -0.68,  0.0,  0.0,  0.0
1033470.64219390, 44844.793272, 1000.0,  965.0,  35.0,  0.79,  1.47, -0.68,  0.0,  0.0,  0.0
1033470.64469390, 44844.792563, 1000.0,  965.6,  34.4,  0.79,  1.47, -0.68,  0.0,  0.0,  0.0
1033470.64719390, 44843.877056, 1000.0,  966.0,  34.0,  0.79,  1.48, -0.68,  0.0,  0.0,  0.0
1033470.64969390, 44843.877056, 1000.0,  966.4,  33.6,  0.79,  1.48, -0.69,  0.0,  0.0,  0.0
1033470.65219390, 44842.017003, 1000.0,  966.7,  33.3,  0.79,  1.48, -0.69,  0.0,  0.0,  0.0
1033470.65469390, 44840.572713, 1000.0,  967.1,  32.9,  0.79,  1.48, -0.69,  0.0,  0.0,  0.0
1033470.65719390, 44840.827584, 1000.0,  967.5,  32.5,  0.79,  1.48, -0.69,  0.0,  0.0,  0.0
1033470.65969390, 44841.320478, 1000.0,  967.9,  32.1,  0.79,  1.48, -0.69,  0.0,  0.0,  0.0
1033470.66219390, 44842.611574, 1000.0,  968.2,  31.8,  0.79,  1.48, -0.69,  0.0,  0.0,  0.0
1033470.66469390, 44843.922867, 1000.0,  968.6,  31.4,  0.79,  1.48, -0.69,  0.0,  0.0,  0.0
1033470.66719390, 44843.764522, 1000.0,  969.0,  31.0,  0.79,  1.49, -0.69,  0.0,  0.0,  0.0
1033470.66969390, 44842.175335, 1000.0,  969.3,  30.7,  0.79,  1.49, -0.70,  0.0,  0.0,  0.0
1033470.67219390, 44840.645655, 1000.0,  969.7,  30.3,  0.79,  1.49, -0.70,  0.0,  0.0,  0.0
1033470.67469390, 44840.040026, 1000.0,  970.1,  29.9,  0.79,  1.49, -0.70,  0.0,  0.0,  0.0
1033470.67719390, 44840.875506, 1000.0,  970.5,  29.5,  0.79,  1.49, -0.70,  0.0,  0.0,  0.0
1033470.67969390, 44842.337704, 1000.0,  970.8,  29.2,  0.79,  1.49, -0.70,  0.0,  0.0,  0.0
1033470.68219390, 44843.657068, 1000.0,  971.2,  28.8,  0.79,  1.49, -0.70,  0.0,  0.0,  0.0
1033470.68469390, 44844.303250, 1000.0,  971.6,  28.4,  0.79,  1.49, -0.70,  0.0,  0.0,  0.0
1033470.68719390, 44844.016036, 1000.0,  972.0,  28.0,  0.79,  1.49, -0.70,  0.0,  0.0,  0.0
1033470.68969390, 44843.656888, 1000.0,  972.4,  27.6,  0.79,  1.49, -0.70,  0.0,  0.0,  0.0
1033470.69219390, 44842.031191, 1000.0,  972.8,  27.2,  0.79,  1.49, -0.70,  0.0,  0.0,  0.0
1033470.69469390, 44841.353009, 1000.0,  973.2,  26.8,  0.79,  1.49, -0.70,  0.0,  0.0,  0.0
1033470.69719390, 44841.974092, 1000.0,  973.6,  26.4,  0.79,  1.49, -0.70,  0.0,  0.0,  0.0
1033470.69969390, 44843.132495, 1000.0,  974.0,  26.0,  0.79,  1.49, -0.70,  0.0,  0.0,  0.0
1033470.70219390, 44845.026980, 1000.0,  974.4,  25.6,  0.79,  1.49, -0.70,  0.0,  0.0,  0.0
1033470.70469390, 44845.288790, 1000.0,  974.8,  25.2,  0.79,  1.49, -0.70,  0.0,  0.0,  0.0
1033470.70969390, 44844.169437, 1000.0,  975.5,  24.5,  0.79,  1.49, -0.70,  0.0,  0.0,  0.0
1033470.71219390, 44843.414134, 1000.0,  975.6,  24.4,  0.79,  1.49, -0.70,  0.0,  0.0,  0.0
1033470.71469390, 44842.658830, 1000.0,  975.7,  24.3,  0.79,  1.49, -0.70,  0.0,  0.0,  0.0
1033470.71719390, 44841.612491, 1000.0,  975.8,  24.2,  0.79,  1.49, -0.70,  0.0,  0.0,  0.0
1033470.71969390, 44842.613903, 1000.0,  976.0,  24.0,  0.79,  1.49, -0.70,  0.0,  0.0,  0.0
1033470.72219390, 44844.145892, 1000.0,  976.1,  23.9,  0.79,  1.49, -0.70,  0.0,  0.0,  0.0
1033470.72469390, 44844.958894, 1000.0,  976.2,  23.8,  0.79,  1.49, -0.70,  0.0,  0.0,  0.0
1033470.72719390, 44844.571777, 1000.0,  976.3,  23.7,  0.79,  1.49, -0.70,  0.0,  0.0,  0.0
1033470.72969390, 44844.184660, 1000.0,  976.4,  23.6,  0.79,  1.49, -0.70,  0.0,  0.0,  0.0
1033470.73219390, 44840.924989, 1000.0,  976.5,  23.5,  0.79,  1.49, -0.70,  0.0,  0.0,  0.0
1033470.73469390, 44840.897448, 1000.0,  976.6,  23.4,  0.79,  1.49, -0.70,  0.0,  0.0,  0.0
1033470.73719390, 44840.869908, 1000.0,  976.7,  23.3,  0.79,  1.49, -0.70,  0.0,  0.0,  0.0
1033470.73969390, 44842.315129, 1000.0,  976.8,  23.2,  0.79,  1.49, -0.70,  0.0,  0.0,  0.0
1033470.74219390, 44844.956827, 1000.0,  976.9,  23.1,  0.79,  1.49, -0.70,  0.0,  0.0,  0.0
1033470.74469390, 44845.042924, 1000.0,  977.0,  23.0,  0.79,  1.49, -0.70,  0.0,  0.0,  0.0
1033470.74719390, 44844.661431, 1000.0,  977.2,  22.8,  0.79,  1.49, -0.70,  0.0,  0.0,  0.0
1033470.74969390, 44843.036969, 1000.0,  977.3,  22.7,  0.79,  1.49, -0.70,  0.0,  0.0,  0.0
1033470.75219390, 44841.519146, 1000.0,  977.4,  22.6,  0.79,  1.49, -0.70,  0.0,  0.0,  0.0
1033470.75469390, 44840.305927, 1000.0,  977.5,  22.5,  0.79,  1.49, -0.70,  0.0,  0.0,  0.0
1033470.75719390, 44840.894645, 1000.0,  978.0,  22.0,  0.79,  1.49, -0.70,  0.0,  0.0,  0.0
1033470.75969390, 44842.121008, 1000.0,  978.5,  21.5,  0.79,  1.49, -0.70,  0.0,  0.0,  0.0
1033470.76219390, 44843.588836, 1000.0,  979.1,  20.9,  0.79,  1.49, -0.70,  0.0,  0.0,  0.0
1033470.76469390, 44844.363685, 1000.0,  979.6,  20.4,  0.79,  1.49, -0.70,  0.0,  0.0,  0.0
1033470.76719390, 44843.274152, 1000.0,  980.2,  19.8,  0.79,  1.50, -0.71,  0.0,  0.0,  0.0
1033470.76969390, 44841.197075, 1000.0,  980.7,  19.3,  0.79,  1.50, -0.71,  0.0,  0.0,  0.0
1033470.77219390, 44840.707523, 1000.0,  981.2,  18.8,  0.79,  1.50, -0.71,  0.0,  0.0,  0.0
1033470.77469390, 44840.217970, 1000.0,  981.8,  18.2,  0.79,  1.50, -0.71,  0.0,  0.0,  0.0
1033470.77719390, 44839.728418, 1000.0,  982.3,  17.7,  0.79,  1.50, -0.71,  0.0,  0.0,  0.0
1033470.77969390, 44842.919387, 1000.0,  982.9,  17.1,  0.79,  1.50, -0.71,  0.0,  0.0,  0.0
1033470.78219390, 44844.274923, 1000.0,  983.4,  16.6,  0.79,  1.50, -0.71,  0.0,  0.0,  0.0
1033470.78469390, 44844.848182, 1000.0,  984.0,  16.0,  0.79,  1.51, -0.71,  0.0,  0.0,  0.0
1033470.78719390, 44845.173412, 1000.0,  984.5,  15.5,  0.79,  1.51, -0.72,  0.0,  0.0,  0.0
1033470.78969390, 44842.472588, 1000.0,  985.0,  15.0,  0.79,  1.51, -0.72,  0.0,  0.0,  0.0
1033470.79219390, 44841.600036, 1000.0,  985.6,  14.4,  0.79,  1.51, -0.72,  0.0,  0.0,  0.0
1033470.79469390, 44841.001054, 1000.0,  985.9,  14.1,  0.79,  1.51, -0.72,  0.0,  0.0,  0.0
1033470.79719390, 44841.176463, 1000.0,  986.2,  13.8,  0.79,  1.51, -0.72,  0.0,  0.0,  0.0
1033470.79969390, 44843.177046, 1000.0,  986.6,  13.4,  0.79,  1.51, -0.72,  0.0,  0.0,  0.0
1033470.80219390, 44844.358422, 1000.0,  986.9,  13.1,  0.79,  1.51, -0.72,  0.0,  0.0,  0.0
1033470.80469390, 44845.043479, 1000.0,  987.2,  12.8,  0.79,  1.51, -0.72,  0.0,  0.0,  0.0
1033470.80719390, 44845.069174, 1000.0,  987.6,  12.4,  0.79,  1.51, -0.72,  0.0,  0.0,  0.0
1033470.80969390, 44843.573541, 1000.0,  987.9,  12.1,  0.79,  1.51, -0.72,  0.0,  0.0,  0.0
1033470.81219390, 44842.104515, 1000.0,  988.3,  11.7,  0.79,  1.51, -0.72,  0.0,  0.0,  0.0
1033470.81469390, 44841.150899, 1000.0,  988.6,  11.4,  0.79,  1.51, -0.72,  0.0,  0.0,  0.0
1033470.81719390, 44841.074148, 1000.0,  988.9,  11.1,  0.79,  1.51, -0.72,  0.0,  0.0,  0.0
1033470.81969390, 44842.469389, 1000.0,  989.3,  10.7,  0.79,  1.51, -0.72,  0.0,  0.0,  0.0
1033470.82219390, 44843.594489, 1000.0,  989.6,  10.4,  0.79,  1.52, -0.72,  0.0,  0.0,  0.0
1033470.82469390, 44843.254628, 1000.0,  989.9,  10.1,  0.79,  1.52, -0.73,  0.0,  0.0,  0.0
1033470.82719390, 44842.583046, 1000.0,  990.3,  9.7,  0.79,  1.52, -0.73,  0.0,  0.0,  0.0
1033470.82969390, 44841.685440, 1000.0,  990.6,  9.4,  0.79,  1.52, -0.73,  0.0,  0.0,  0.0
1033470.83219390, 44841.651088, 1000.0,  990.9,  9.1,  0.79,  1.52, -0.73,  0.0,  0.0,  0.0
1033470.83469390, 44841.585989, 1000.0,  991.3,  8.7,  0.79,  1.52, -0.73,  0.0,  0.0,  0.0
1033470.83719390, 44843.120138, 1000.0,  991.6,  8.4,  0.79,  1.52, -0.73,  0.0,  0.0,  0.0
1033470.83969390, 44844.703599, 1000.0,  991.9,  8.1,  0.79,  1.52, -0.73,  0.0,  0.0,  0.0
1033470.84219390, 44844.825168, 1000.0,  992.3,  7.7,  0.79,  1.52, -0.73,  0.0,  0.0,  0.0
1033470.84469390, 44843.793953, 1000.0,  992.6,  7.4,  0.79,  1.52, -0.73,  0.0,  0.0,  0.0
1033470.84719390, 44842.595430, 1000.0,  992.9,  7.1,  0.79,  1.52, -0.73,  0.0,  0.0,  0.0
1033470.84969390, 44840.961476, 1000.0,  993.3,  6.7,  0.79,  1.52, -0.73,  0.0,  0.0,  0.0
1033470.85219390, 44840.150442, 1000.0,  993.6,  6.4,  0.79,  1.52, -0.73,  0.0,  0.0,  0.0
1033470.85469390, 44840.138200, 1000.0,  993.7,  6.3,  0.79,  1.52, -0.73,  0.0,  0.0,  0.0
1033470.85719390, 44840.125958, 1000.0,  993.8,  6.2,  0.79,  1.52, -0.73,  0.0,  0.0,  0.0
1033470.85969390, 44843.097970, 1000.0,  993.8,  6.2,  0.79,  1.52, -0.73,  0.0,  0.0,  0.0
1033470.86219390, 44844.288238, 1000.0,  993.9,  6.1,  0.79,  1.52, -0.73,  0.0,  0.0,  0.0
1033470.86469390, 44844.112253, 1000.0,  994.0,  6.0,  0.79,  1.52, -0.73,  0.0,  0.0,  0.0
1033470.86719390, 44844.112253, 1000.0,  994.1,  5.9,  0.79,  1.52, -0.73,  0.0,  0.0,  0.0
1033470.86969390, 44841.140928, 1000.0,  994.1,  5.9,  0.79,  1.52, -0.73,  0.0,  0.0,  0.0
1033470.87219390, 44840.361851, 1000.0,  994.2,  5.8,  0.79,  1.52, -0.73,  0.0,  0.0,  0.0
1033470.87469390, 44840.693987, 1000.0,  994.3,  5.7,  0.79,  1.52, -0.73,  0.0,  0.0,  0.0
1033470.87719390, 44842.140696, 1000.0,  994.4,  5.6,  0.79,  1.52, -0.73,  0.0,  0.0,  0.0
1033470.87969390, 44844.615995, 1000.0,  994.4,  5.6,  0.79,  1.52, -0.73,  0.0,  0.0,  0.0
1033470.88219390, 44846.122103, 1000.0,  994.5,  5.5,  0.79,  1.52, -0.73,  0.0,  0.0,  0.0
1033470.88469390, 44845.897619, 1000.0,  994.6,  5.4,  0.79,  1.52, -0.73,  0.0,  0.0,  0.0
1033470.88719390, 44844.339818, 1000.0,  994.7,  5.3,  0.79,  1.52, -0.73,  0.0,  0.0,  0.0
1033470.88969390, 44840.900965, 1000.0,  994.7,  5.3,  0.79,  1.52, -0.73,  0.0,  0.0,  0.0
1033470.89219390, 44838.444389, 1000.0,  994.8,  5.2,  0.79,  1.52, -0.73,  0.0,  0.0,  0.0
1033470.89469390, 44838.401521, 1000.0,  994.9,  5.1,  0.79,  1.52, -0.73,  0.0,  0.0,  0.0
1033470.89719390, 44838.358652, 1000.0,  995.0,  5.0,  0.79,  1.52, -0.73,  0.0,  0.0,  0.0
1033470.89969390, 44842.716294, 1000.0,  995.0,  5.0,  0.79,  1.52, -0.73,  0.0,  0.0,  0.0
1033470.90219390, 44844.986959, 1000.0,  995.1,  4.9,  0.79,  1.52, -0.73,  0.0,  0.0,  0.0
1033470.90469390, 44845.271397, 1000.0,  995.2,  4.8,  0.79,  1.52, -0.73,  0.0,  0.0,  0.0
1033470.90719390, 44845.480690, 1000.0,  995.3,  4.7,  0.79,  1.52, -0.73,  0.0,  0.0,  0.0
1033470.90969390, 44843.824364, 1000.0,  995.3,  4.7,  0.79,  1.52, -0.73,  0.0,  0.0,  0.0
1033470.91219390, 44841.939137, 1000.0,  995.4,  4.6,  0.79,  1.52, -0.73,  0.0,  0.0,  0.0
1033470.91469390, 44839.868002, 1000.0,  995.5,  4.5,  0.79,  1.52, -0.73,  0.0,  0.0,  0.0
1033470.91719390, 44839.868002, 1000.0,  995.6,  4.4,  0.79,  1.52, -0.73,  0.0,  0.0,  0.0
1033470.91969390, 44840.848933, 1000.0,  996.8,  3.2,  0.79,  1.52, -0.73,  0.0,  0.0,  0.0
1033470.92219390, 44843.081225, 1000.0, 1007.3, -7.3,  0.79,  1.50, -0.71,  0.0,  0.0,  0.0
1033470.92469390, 44843.542541, 1000.0, 1017.9, -17.9,  0.79,  1.48, -0.69,  0.0,  0.0,  0.0
1033470.92719390, 44844.003857, 1000.0, 1028.4, -28.4,  0.79,  1.46, -0.67,  0.0,  0.0,  0.0
1033470.92969390, 44844.465173, 1000.0, 1038.9, -38.9,  0.79,  1.44, -0.65,  0.0,  0.0,  0.0
1033470.93219390, 44843.649276, 1000.0, 1049.5, -49.5,  0.79,  1.42, -0.63,  0.0,  0.0,  0.0
1033470.93469390, 44840.156654, 1000.0, 1060.0, -60.0,  0.79,  1.40, -0.60,  0.0,  0.0,  0.0
1033470.93719390, 44840.405037, 1000.0, 1070.5, -70.5,  0.79,  1.37, -0.58,  0.0,  0.0,  0.0
1033470.93969390, 44842.604679, 1000.0, 1081.0, -81.0,  0.79,  1.35, -0.56,  0.0,  0.0,  0.0
1033470.94219390, 44843.853592, 1000.0, 1091.6, -91.6,  0.79,  1.33, -0.54,  0.0,  0.0,  0.0
1033470.94469390, 44844.574515, 1000.0, 1102.1, -102.1,  0.79,  1.31, -0.52,  0.0,  0.0,  0.0
1033470.94719390, 44844.065880, 1000.0, 1112.6, -112.6,  0.79,  1.29, -0.50,  0.0,  0.0,  0.0
1033470.94969390, 44842.576506, 1000.0, 1123.2, -123.2,  0.79,  1.27, -0.48,  0.0,  0.0,  0.0
1033470.95219390, 44841.021771, 1000.0, 1133.7, -133.7,  0.79,  1.25, -0.46,  0.0,  0.0,  0.0
1033470.95469390, 44840.664504, 1000.0, 1144.2, -144.2,  0.79,  1.23, -0.44,  0.0,  0.0,  0.0
1033470.95719390, 44840.579273, 1000.0, 1154.8, -154.8,  0.79,  1.21, -0.42,  0.0,  0.0,  0.0
1033470.95969390, 44840.494042, 1000.0, 1165.3, -165.3,  0.79,  1.19, -0.40,  0.0,  0.0,  0.0
1033470.96219390, 44842.040841, 1000.0, 1175.8, -175.8,  0.79,  1.17, -0.38,  0.0,  0.0,  0.0
1033470.96469390, 44845.127880, 1000.0, 1186.3, -186.3,  0.79,  1.15, -0.36,  0.0,  0.0,  0.0
1033470.96719390, 44843.994513, 1000.0, 1196.9, -196.9,  0.79,  1.13, -0.34,  0.0,  0.0,  0.0
1033470.96969390, 44842.108237, 1000.0, 1207.4, -207.4,  0.79,  1.11, -0.32,  0.0,  0.0,  0.0
1033470.97219390, 44840.856589, 1000.0, 1217.9, -217.9,  0.79,  1.09, -0.29,  0.0,  0.0,  0.0
1033470.97469390, 44840.389419, 1000.0, 1228.5, -228.5,  0.79,  1.06, -0.27,  0.0,  0.0,  0.0
1033470.97719390, 44841.309393, 1000.0, 1236.8, -236.8,  0.79,  1.05, -0.26,  0.0,  0.0,  0.0
1033470.97969390, 44842.762161, 1000.0, 1231.9, -231.9,  0.79,  1.04, -0.25,  0.0,  0.0,  0.0
1033470.98219390, 44844.367740, 1000.0, 1227.1, -227.1,  0.79,  1.04, -0.25,  0.0,  0.0,  0.0
1033470.98469390, 44845.598276, 1000.0, 1222.2, -222.2,  0.79,  1.04, -0.24,  0.0,  0.0,  0.0
1033470.98719390, 44845.598276, 1000.0, 1217.4, -217.4,  0.79,  1.03, -0.24,  0.0,  0.0,  0.0
1033470.98969390, 44844.916484, 1000.0, 1212.5, -212.5,  0.79,  1.03, -0.24,  0.0,  0.0,  0.0
1033470.99219390, 44843.701169, 1000.0, 1207.7, -207.7,  0.79,  1.02, -0.23,  0.0,  0.0,  0.0
1033470.99469390, 44842.485854, 1000.0, 1202.8, -202.8,  0.79,  1.02, -0.23,  0.0,  0.0,  0.0
1033470.99719390, 44841.438500, 1000.0, 1198.0, -198.0,  0.79,  1.02, -0.23,  0.0,  0.0,  0.0
1033470.99969390, 44842.897587, 1000.0, 1193.1, -193.1,  0.79,  1.01, -0.22,  0.0,  0.0,  0.0
1033471.00219390, 44844.730696, 1000.0, 1188.3, -188.3,  0.79,  1.01, -0.22,  0.0,  0.0,  0.0
1033471.00469390, 44844.760525, 1000.0, 1183.4, -183.4,  0.79,  1.01, -0.22,  0.0,  0.0,  0.0
1033471.00719390, 44843.085777, 1000.0, 1178.6, -178.6,  0.79,  1.00, -0.21,  0.0,  0.0,  0.0
1033471.00969390, 44841.674749, 1000.0, 1173.7, -173.7,  0.79,  1.00, -0.21,  0.0,  0.0,  0.0
1033471.01219390, 44840.465086, 1000.0, 1168.9, -168.9,  0.79,  1.00, -0.20,  0.0,  0.0,  0.0
1033471.01469390, 44840.031302, 1000.0, 1164.0, -164.0,  0.79,  0.99, -0.20,  0.0,  0.0,  0.0
1033471.01719390, 44841.400199, 1000.0, 1159.2, -159.2,  0.79,  0.99, -0.20,  0.0,  0.0,  0.0
1033471.01969390, 44842.065403, 1000.0, 1154.3, -154.3,  0.79,  0.98, -0.19,  0.0,  0.0,  0.0
1033471.02219390, 44842.730608, 1000.0, 1149.5, -149.5,  0.79,  0.98, -0.19,  0.0,  0.0,  0.0
1033471.02469390, 44845.155344, 1000.0, 1144.6, -144.6,  0.79,  0.98, -0.19,  0.0,  0.0,  0.0
1033471.02719390, 44844.339322, 1000.0, 1139.8, -139.8,  0.79,  0.97, -0.18,  0.0,  0.0,  0.0
1033471.02969390, 44842.144279, 1000.0, 1134.9, -134.9,  0.79,  0.97, -0.18,  0.0,  0.0,  0.0
1033471.03219390, 44841.314179, 1000.0, 1130.1, -130.1,  0.79,  0.97, -0.17,  0.0,  0.0,  0.0
1033471.03469390, 44840.595061, 1000.0, 1125.2, -125.2,  0.79,  0.96, -0.17,  0.0,  0.0,  0.0
1033471.03719390, 44841.340131, 1000.0, 1120.4, -120.4,  0.79,  0.96, -0.17,  0.0,  0.0,  0.0
1033471.03969390, 44843.107317, 1000.0, 1117.0, -117.0,  0.79,  0.96, -0.16,  0.0,  0.0,  0.0
1033471.04219390, 44844.169398, 1000.0, 1114.6, -114.6,  0.79,  0.95, -0.16,  0.0,  0.0,  0.0
1033471.04469390, 44845.218170, 1000.0, 1112.1, -112.1,  0.79,  0.95, -0.16,  0.0,  0.0,  0.0
1033471.04719390, 44844.688373, 1000.0, 1109.7, -109.7,  0.79,  0.95, -0.16,  0.0,  0.0,  0.0
1033471.04969390, 44843.034096, 1000.0, 1107.2, -107.2,  0.79,  0.94, -0.15,  0.0,  0.0,  0.0
1033471.05219390, 44841.258950, 1000.0, 1104.8, -104.8,  0.79,  0.94, -0.15,  0.0,  0.0,  0.0
1033471.05469390, 44840.505246, 1000.0, 1102.3, -102.3,  0.79,  0.94, -0.15,  0.0,  0.0,  0.0
1033471.05719390, 44841.034214, 1000.0, 1099.9, -99.9,  0.79,  0.94, -0.15,  0.0,  0.0,  0.0
1033471.05969390, 44842.711434, 1000.0, 1097.4, -97.4,  0.79,  0.93, -0.14,  0.0,  0.0,  0.0
1033471.06219390, 44844.267371, 1000.0, 1095.0, -95.0,  0.79,  0.93, -0.14,  0.0,  0.0,  0.0
1033471.06469390, 44845.016116, 1000.0, 1092.5, -92.5,  0.79,  0.93, -0.14,  0.0,  0.0,  0.0
1033471.06719390, 44844.088979, 1000.0, 1090.1, -90.1,  0.79,  0.93, -0.14,  0.0,  0.0,  0.0
1033471.06969390, 44843.021791, 1000.0, 1087.6, -87.6,  0.79,  0.92, -0.13,  0.0,  0.0,  0.0
1033471.07219390, 44841.193493, 1000.0, 1085.2, -85.2,  0.79,  0.92, -0.13,  0.0,  0.0,  0.0
1033471.07469390, 44840.509763, 1000.0, 1082.7, -82.7,  0.79,  0.92, -0.13,  0.0,  0.0,  0.0
1033471.07719390, 44840.809492, 1000.0, 1080.2, -80.2,  0.79,  0.92, -0.13,  0.0,  0.0,  0.0
1033471.07969390, 44841.464183, 1000.0, 1077.8, -77.8,  0.79,  0.91, -0.12,  0.0,  0.0,  0.0
1033471.08219390, 44842.576233, 1000.0, 1075.3, -75.3,  0.79,  0.91, -0.12,  0.0,  0.0,  0.0
1033471.08469390, 44845.127880, 1000.0, 1072.9, -72.9,  0.79,  0.91, -0.12,  0.0,  0.0,  0.0
1033471.08719390, 44844.412278, 1000.0, 1070.4, -70.4,  0.79,  0.91, -0.11,  0.0,  0.0,  0.0
1033471.08969390, 44843.802827, 1000.0, 1068.0, -68.0,  0.79,  0.90, -0.11,  0.0,  0.0,  0.0
1033471.09219390, 44843.257446, 1000.0, 1065.5, -65.5,  0.79,  0.90, -0.11,  0.0,  0.0,  0.0
1033471.09469390, 44842.712066, 1000.0, 1063.1, -63.1,  0.79,  0.90, -0.11,  0.0,  0.0,  0.0
1033471.09719390, 44841.673645, 1000.0, 1060.6, -60.6,  0.79,  0.90, -0.10,  0.0,  0.0,  0.0
1033471.09969390, 44843.219252, 1000.0, 1057.8, -57.8,  0.79,  0.90, -0.10,  0.0,  0.0,  0.0
1033471.10219390, 44844.844728, 1000.0, 1054.9, -54.9,  0.79,  0.90, -0.10,  0.0,  0.0,  0.0
1033471.10469390, 44845.513252, 1000.0, 1052.0, -52.0,  0.79,  0.90, -0.10,  0.0,  0.0,  0.0
1033471.10719390, 44845.055186, 1000.0, 1049.1, -49.1,  0.79,  0.90, -0.10,  0.0,  0.0,  0.0
1033471.10969390, 44844.597119, 1000.0, 1046.2, -46.2,  0.79,  0.90, -0.10,  0.0,  0.0,  0.0
1033471.11219390, 44841.612332, 1000.0, 1043.3, -43.3,  0.79,  0.90, -0.10,  0.0,  0.0,  0.0
1033471.11469390, 44840.749763, 1000.0, 1040.4, -40.4,  0.79,  0.90, -0.10,  0.0,  0.0,  0.0
1033471.11719390, 44841.443782, 1000.0, 1037.5, -37.5,  0.79,  0.90, -0.10,  0.0,  0.0,  0.0
1033471.11969390, 44843.014251, 1000.0, 1034.6, -34.6,  0.79,  0.90, -0.10,  0.0,  0.0,  0.0
1033471.12219390, 44844.716183, 1000.0, 1031.7, -31.7,  0.79,  0.90, -0.10,  0.0,  0.0,  0.0
1033471.12469390, 44844.927554, 1000.0, 1028.8, -28.8,  0.79,  0.90, -0.10,  0.0,  0.0,  0.0
1033471.12719390, 44843.644496, 1000.0, 1025.9, -25.9,  0.79,  0.90, -0.10,  0.0,  0.0,  0.0
1033471.12969390, 44841.482535, 1000.0, 1023.0, -23.0,  0.79,  0.90, -0.10,  0.0,  0.0,  0.0
1033471.13219390, 44840.092509, 1000.0, 1020.1, -20.1,  0.79,  0.90, -0.10,  0.0,  0.0,  0.0
1033471.13469390, 44839.851731, 1000.0, 1017.2, -17.2,  0.79,  0.90, -0.10,  0.0,  0.0,  0.0
1033471.13719390, 44840.983066, 1000.0, 1014.3, -14.3,  0.79,  0.90, -0.10,  0.0,  0.0,  0.0
1033471.14219390, 44844.657162, 1000.0, 1009.7, -9.7,  0.79,  0.90, -0.10,  0.0,  0.0,  0.0
1033471.14469390, 44844.672174, 1000.0, 1009.6, -9.6,  0.79,  0.90, -0.10,  0.0,  0.0,  0.0
1033471.14719390, 44843.395969, 1000.0, 1009.5, -9.5,  0.79,  0.90, -0.10,  0.0,  0.0,  0.0
1033471.14969390, 44843.395969, 1000.0, 1009.4, -9.4,  0.79,  0.90, -0.10,  0.0,  0.0,  0.0
1033471.15219390, 44843.395969, 1000.0, 1009.3, -9.3,  0.79,  0.90, -0.10,  0.0,  0.0,  0.0
1033471.15469390, 44839.887570, 1000.0, 1009.2, -9.2,  0.79,  0.90, -0.10,  0.0,  0.0,  0.0
1033471.15719390, 44840.600180, 1000.0, 1009.1, -9.1,  0.79,  0.90, -0.10,  0.0,  0.0,  0.0
1033471.15969390, 44841.474856, 1000.0, 1008.9, -8.9,  0.79,  0.90, -0.10,  0.0,  0.0,  0.0
1033471.16219390, 44842.178296, 1000.0, 1008.8, -8.8,  0.79,  0.90, -0.10,  0.0,  0.0,  0.0
1033471.16469390, 44842.881737, 1000.0, 1008.7, -8.7,  0.79,  0.90, -0.10,  0.0,  0.0,  0.0
1033471.16719390, 44843.178173, 1000.0, 1008.6, -8.6,  0.79,  0.90, -0.10,  0.0,  0.0,  0.0
1033471.16969390, 44843.454483, 1000.0, 1008.5, -8.5,  0.79,  0.90, -0.10,  0.0,  0.0,  0.0
1033471.17219390, 44843.606039, 1000.0, 1008.4, -8.4,  0.79,  0.90, -0.10,  0.0,  0.0,  0.0
1033471.17469390, 44842.491860, 1000.0, 1008.3, -8.3,  0.79,  0.90, -0.10,  0.0,  0.0,  0.0
1033471.17719390, 44841.377681, 1000.0, 1008.2, -8.2,  0.79,  0.90, -0.10,  0.0,  0.0,  0.0
1033471.17969390, 44840.420060, 1000.0, 1008.1, -8.1,  0.79,  0.90, -0.10,  0.0,  0.0,  0.0
1033471.18219390, 44844.645539, 1000.0, 1008.0, -8.0,  0.79,  0.90, -0.10,  0.0,  0.0,  0.0
1033471.18469390, 44844.416454, 1000.0, 1007.9, -7.9,  0.79,  0.90, -0.10,  0.0,  0.0,  0.0
1033471.18719390, 44843.684621, 1000.0, 1007.8, -7.8,  0.79,  0.90, -0.10,  0.0,  0.0,  0.0
1033471.18969390, 44842.666975, 1000.0, 1007.6, -7.6,  0.79,  0.90, -0.10,  0.0,  0.0,  0.0
1033471.19219390, 44840.750827, 1000.0, 1007.5, -7.5,  0.79,  0.90, -0.10,  0.0,  0.0,  0.0
1033471.19469390, 44840.330066, 1000.0, 1007.3, -7.3,  0.79,  0.90, -0.10,  0.0,  0.0,  0.0
1033471.19719390, 44841.301003, 1000.0, 1007.1, -7.1,  0.79,  0.90, -0.10,  0.0,  0.0,  0.0
1033471.19969390, 44843.597982, 1000.0, 1007.0, -7.0,  0.79,  0.90, -0.10,  0.0,  0.0,  0.0
1033471.20219390, 44844.657485, 1000.0, 1006.8, -6.8,  0.79,  0.90, -0.10,  0.0,  0.0,  0.0
1033471.20469390, 44844.932871, 1000.0, 1006.6, -6.6,  0.79,  0.90, -0.10,  0.0,  0.0,  0.0
1033471.20719390, 44844.766226, 1000.0, 1006.5, -6.5,  0.79,  0.90, -0.10,  0.0,  0.0,  0.0
1033471.20969390, 44844.431534, 1000.0, 1006.3, -6.3,  0.79,  0.90, -0.10,  0.0,  0.0,  0.0
1033471.21219390, 44844.096843, 1000.0, 1006.1, -6.1,  0.79,  0.90, -0.10,  0.0,  0.0,  0.0
1033471.21469390, 44841.574957, 1000.0, 1006.0, -6.0,  0.79,  0.90, -0.10,  0.0,  0.0,  0.0
1033471.21719390, 44841.367371, 1000.0, 1005.8, -5.8,  0.79,  0.90, -0.10,  0.0,  0.0,  0.0
1033471.21969390, 44842.089055, 1000.0, 1005.6, -5.6,  0.79,  0.90, -0.10,  0.0,  0.0,  0.0
1033471.22219390, 44842.785225, 1000.0, 1005.5, -5.5,  0.79,  0.90, -0.10,  0.0,  0.0,  0.0
1033471.22469390, 44844.277861, 1000.0, 1005.3, -5.3,  0.79,  0.90, -0.10,  0.0,  0.0,  0.0
1033471.22719390, 44843.755486, 1000.0, 1005.1, -5.1,  0.79,  0.90, -0.10,  0.0,  0.0,  0.0
1033471.22969390, 44842.675161, 1000.0, 1005.0, -5.0,  0.79,  0.90, -0.10,  0.0,  0.0,  0.0
1033471.23219390, 44841.657020, 1000.0, 1004.8, -4.8,  0.79,  0.90, -0.10,  0.0,  0.0,  0.0
1033471.23469390, 44840.112280, 1000.0, 1004.6, -4.6,  0.79,  0.90, -0.10,  0.0,  0.0,  0.0
1033471.23719390, 44840.675481, 1000.0, 1004.5, -4.5,  0.79,  0.90, -0.10,  0.0,  0.0,  0.0
1033471.23969390, 44841.296375, 1000.0, 1004.3, -4.3,  0.79,  0.90, -0.10,  0.0,  0.0,  0.0
1033471.24219390, 44842.780149, 1000.0, 1004.1, -4.1,  0.79,  0.90, -0.10,  0.0,  0.0,  0.0
1033471.24469390, 44844.474491, 1000.0, 1004.0, -4.0,  0.79,  0.90, -0.10,  0.0,  0.0,  0.0
1033471.24719390, 44844.251364, 1000.0, 1003.8, -3.8,  0.79,  0.90, -0.10,  0.0,  0.0,  0.0
1033471.24969390, 44842.839060, 1000.0, 1003.7, -3.7,  0.79,  0.90, -0.10,  0.0,  0.0,  0.0
1033471.25219390, 44841.277559, 1000.0, 1003.7, -3.7,  0.79,  0.90, -0.10,  0.0,  0.0,  0.0
1033471.25469390, 44840.380433, 1000.0, 1003.7, -3.7,  0.79,  0.90, -0.10,  0.0,  0.0,  0.0
1033471.25719390, 44841.359788, 1000.0, 1003.7, -3.7,  0.79,  0.90, -0.10,  0.0,  0.0,  0.0
1033471.25969390, 44843.334929, 1000.0, 1003.7, -3.7,  0.79,  0.90, -0.10,  0.0,  0.0,  0.0
1033471.26219390, 44844.957763, 1000.0, 1003.7, -3.7,  0.79,  0.90, -0.10,  0.0,  0.0,  0.0
1033471.26469390, 44844.729392, 1000.0, 1003.7, -3.7,  0.79,  0.90, -0.10,  0.0,  0.0,  0.0
1033471.26719390, 44843.887747, 1000.0, 1003.7, -3.7,  0.79,  0.90, -0.10,  0.0,  0.0,  0.0
1033471.26969390, 44843.310291, 1000.0, 1003.7, -3.7,  0.79,  0.90, -0.10,  0.0,  0.0,  0.0
1033471.27219390, 44842.395089, 1000.0, 1003.7, -3.7,  0.79,  0.90, -0.10,  0.0,  0.0,  0.0
1033471.27469390, 44841.621179, 1000.0, 1003.7, -3.7,  0.79,  0.90, -0.10,  0.0,  0.0,  0.0
1033471.27719390, 44841.407479, 1000.0, 1003.7, -3.7,  0.79,  0.90, -0.10,  0.0,  0.0,  0.0
1033471.27969390, 44842.246711, 1000.0, 1003.7, -3.7,  0.79,  0.90, -0.10,  0.0,  0.0,  0.0
1033471.28219390, 44844.618322, 1000.0, 1003.7, -3.7,  0.79,  0.90, -0.10,  0.0,  0.0,  0.0
1033471.28469390, 44844.795903, 1000.0, 1003.7, -3.7,  0.79,  0.90, -0.10,  0.0,  0.0,  0.0
1033471.28719390, 44844.504176, 1000.0, 1003.7, -3.7,  0.79,  0.90, -0.10,  0.0,  0.0,  0.0
1033471.28969390, 44843.367258, 1000.0, 1003.7, -3.7,  0.79,  0.90, -0.10,  0.0,  0.0,  0.0
1033471.29219390, 44842.604402, 1000.0, 1003.7, -3.7,  0.79,  0.90, -0.10,  0.0,  0.0,  0.0
1033471.29469390, 44841.841547, 1000.0, 1003.7, -3.7,  0.79,  0.90, -0.10,  0.0,  0.0,  0.0
1033471.29719390, 44841.409590, 1000.0, 1003.7, -3.7,  0.79,  0.90, -0.10,  0.0,  0.0,  0.0
1033471.29969390, 44842.394898, 1000.0, 1003.7, -3.7,  0.79,  0.90, -0.10,  0.0,  0.0,  0.0
1033471.30219390, 44843.857215, 1000.0, 1003.7, -3.7,  0.79,  0.90, -0.10,  0.0,  0.0,  0.0
1033471.30469390, 44844.909860, 1000.0, 1003.7, -3.7,  0.79,  0.90, -0.10,  0.0,  0.0,  0.0
1033471.30969390, 44842.864731, 1000.0, 1003.7, -3.7,  0.79,  0.90, -0.10,  0.0,  0.0,  0.0
1033471.31219390, 44842.021955, 1000.0, 1003.7, -3.7,  0.79,  0.90, -0.10,  0.0,  0.0,  0.0
1033471.31469390, 44840.592370, 1000.0, 1003.7, -3.7,  0.79,  0.90, -0.10,  0.0,  0.0,  0.0
1033471.31719390, 44841.681012, 1000.0, 1003.7, -3.7,  0.79,  0.90, -0.10,  0.0,  0.0,  0.0
1033471.31969390, 44843.710735, 1000.0, 1003.7, -3.7,  0.79,  0.90, -0.10,  0.0,  0.0,  0.0
1033471.32219390, 44844.443669, 1000.0, 1003.7, -3.7,  0.79,  0.90, -0.10,  0.0,  0.0,  0.0
1033471.32469390, 44844.093697, 1000.0, 1003.7, -3.7,  0.79,  0.90, -0.10,  0.0,  0.0,  0.0
1033471.32719390, 44843.780838, 1000.0, 1003.7, -3.7,  0.79,  0.90, -0.10,  0.0,  0.0,  0.0
1033471.32969390, 44842.058203, 1000.0, 1003.7, -3.7,  0.79,  0.90, -0.10,  0.0,  0.0,  0.0
1033471.33219390, 44841.228319, 1000.0, 1003.7, -3.7,  0.79,  0.90, -0.10,  0.0,  0.0,  0.0
1033471.33469390, 44840.746524, 1000.0, 1003.7, -3.7,  0.79,  0.90, -0.10,  0.0,  0.0,  0.0
1033471.33719390, 44841.080141, 1000.0, 1003.7, -3.7,  0.79,  0.90, -0.10,  0.0,  0.0,  0.0
1033471.33969390, 44843.269497, 1000.0, 1003.7, -3.7,  0.79,  0.90, -0.10,  0.0,  0.0,  0.0
1033471.34219390, 44844.508706, 1000.0, 1003.7, -3.7,  0.79,  0.90, -0.10,  0.0,  0.0,  0.0
1033471.34469390, 44844.959588, 1000.0, 1003.7, -3.7,  0.79,  0.90, -0.10,  0.0,  0.0,  0.0
1033471.34719390, 44845.089871, 1000.0, 1003.7, -3.7,  0.79,  0.90, -0.10,  0.0,  0.0,  0.0
1033471.34969390, 44844.370977, 1000.0, 1003.7, -3.7,  0.79,  0.90, -0.10,  0.0,  0.0,  0.0
1033471.35219390, 44842.663531, 1000.0, 1003.7, -3.7,  0.79,  0.90, -0.10,  0.0,  0.0,  0.0
1033471.35469390, 44840.956084, 1000.0, 1003.7, -3.7,  0.79,  0.90, -0.10,  0.0,  0.0,  0.0
1033471.35719390, 44840.920234, 1000.0, 1003.7, -3.7,  0.79,  0.90, -0.10,  0.0,  0.0,  0.0
1033471.35969390, 44842.320341, 1000.0, 1003.7, -3.7,  0.79,  0.90, -0.10,  0.0,  0.0,  0.0
1033471.36219390, 44844.468125, 1000.0, 1003.7, -3.7,  0.79,  0.90, -0.10,  0.0,  0.0,  0.0
1033471.36469390, 44845.223230, 1000.0, 1003.7, -3.7,  0.79,  0.90, -0.10,  0.0,  0.0,  0.0
1033471.36719390, 44844.229944, 1000.0, 1003.7, -3.7,  0.79,  0.90, -0.10,  0.0,  0.0,  0.0
1033471.36969390, 44842.013311, 1000.0, 1003.7, -3.7,  0.79,  0.90, -0.10,  0.0,  0.0,  0.0
1033471.37219390, 44840.591248, 1000.0, 1003.7, -3.7,  0.79,  0.90, -0.10,  0.0,  0.0,  0.0
1033471.37469390, 44840.090066, 1000.0, 1003.7, -3.7,  0.79,  0.90, -0.10,  0.0,  0.0,  0.0
1033471.37719390, 44841.195776, 1000.0, 1003.7, -3.7,  0.79,  0.90, -0.10,  0.0,  0.0,  0.0
1033471.37969390, 44843.641861, 1000.0, 1003.7, -3.7,  0.79,  0.90, -0.10,  0.0,  0.0,  0.0
1033471.38219390, 44844.998205, 1000.0, 1003.7, -3.7,  0.79,  0.90, -0.10,  0.0,  0.0,  0.0
1033471.38469390, 44845.477134, 1000.0, 1003.7, -3.7,  0.79,  0.90, -0.10,  0.0,  0.0,  0.0
1033471.38719390, 44844.380006, 1000.0, 1003.7, -3.7,  0.79,  0.90, -0.10,  0.0,  0.0,  0.0
1033471.38969390, 44842.241026, 1000.0, 1003.7, -3.7,  0.79,  0.90, -0.10,  0.0,  0.0,  0.0
1033471.39219390, 44840.767737, 1000.0, 1003.7, -3.7,  0.79,  0.90, -0.11,  0.0,  0.0,  0.0
1033471.39469390, 44840.029719, 1000.0, 1003.7, -3.7,  0.79,  0.90, -0.11,  0.0,  0.0,  0.0
1033471.39719390, 44841.004069, 1000.0, 1003.7, -3.7,  0.79,  0.90, -0.11,  0.0,  0.0,  0.0
1033471.39969390, 44841.925665, 1000.0, 1003.7, -3.7,  0.79,  0.90, -0.11,  0.0,  0.0,  0.0
1033471.40219390, 44842.753735, 1000.0, 1003.7, -3.7,  0.79,  0.90, -0.11,  0.0,  0.0,  0.0
1033471.40469390, 44844.592451, 1000.0, 1003.7, -3.7,  0.79,  0.90, -0.11,  0.0,  0.0,  0.0
1033471.40719390, 44844.106557, 1000.0, 1003.7, -3.7,  0.79,  0.90, -0.11,  0.0,  0.0,  0.0
1033471.40969390, 44842.768253, 1000.0, 1003.7, -3.7,  0.79,  0.90, -0.11,  0.0,  0.0,  0.0
1033471.41219390, 44841.056389, 1000.0, 1003.7, -3.7,  0.79,  0.90, -0.11,  0.0,  0.0,  0.0
1033471.41469390, 44839.979604, 1000.0, 1003.7, -3.7,  0.79,  0.90, -0.11,  0.0,  0.0,  0.0
1033471.41719390, 44840.022104, 1000.0, 1003.7, -3.7,  0.79,  0.90, -0.11,  0.0,  0.0,  0.0
1033471.41969390, 44842.577965, 1000.0, 1003.7, -3.7,  0.79,  0.90, -0.11,  0.0,  0.0,  0.0
1033471.42219390, 44843.952611, 1000.0, 1003.7, -3.7,  0.79,  0.90, -0.11,  0.0,  0.0,  0.0
1033471.42469390, 44844.686781, 1000.0, 1003.7, -3.7,  0.79,  0.90, -0.11,  0.0,  0.0,  0.0
1033471.42719390, 44843.729141, 1000.0, 1003.7, -3.7,  0.79,  0.90, -0.11,  0.0,  0.0,  0.0
1033471.42969390, 44841.462778, 1000.0, 1003.7, -3.7,  0.79,  0.90, -0.11,  0.0,  0.0,  0.0
1033471.43469390, 44839.908280, 1000.0, 1001.9, -1.9,  0.79,  0.90, -0.11,  0.0,  0.0,  0.0
1033471.43719390, 44840.540743, 1000.0,  993.2,  6.8,  0.79,  0.92, -0.13,  0.0,  0.0,  0.0
1033471.43969390, 44843.271663, 1000.0,  984.4,  15.6,  0.79,  0.94, -0.15,  0.0,  0.0,  0.0
1033471.44219390, 44844.310832, 1000.0,  975.7,  24.3,  0.79,  0.96, -0.17,  0.0,  0.0,  0.0
1033471.44469390, 44844.894075, 1000.0,  967.0,  33.0,  0.79,  0.98, -0.19,  0.0,  0.0,  0.0
1033471.44719390, 44843.973372, 1000.0,  958.3,  41.7,  0.79,  1.00, -0.21,  0.0,  0.0,  0.0
1033471.44969390, 44841.692010, 1000.0,  949.6,  50.4,  0.79,  1.01, -0.22,  0.0,  0.0,  0.0
1033471.45219390, 44841.174800, 1000.0,  940.9,  59.1,  0.79,  1.03, -0.24,  0.0,  0.0,  0.0
1033471.45469390, 44840.789413, 1000.0,  932.2,  67.8,  0.79,  1.05, -0.26,  0.0,  0.0,  0.0
1033471.45719390, 44840.404026, 1000.0,  923.5,  76.5,  0.79,  1.07, -0.28,  0.0,  0.0,  0.0
1033471.45969390, 44841.217171, 1000.0,  914.8,  85.2,  0.79,  1.09, -0.30,  0.0,  0.0,  0.0
1033471.46219390, 44844.327454, 1000.0,  906.1,  93.9,  0.79,  1.11, -0.32,  0.0,  0.0,  0.0
1033471.46469390, 44845.064919, 1000.0,  897.4,  102.6,  0.79,  1.13, -0.34,  0.0,  0.0,  0.0
1033471.46719390, 44845.171483, 1000.0,  888.7,  111.3,  0.79,  1.15, -0.36,  0.0,  0.0,  0.0
1033471.46969390, 44845.278047, 1000.0,  880.0,  120.0,  0.79,  1.17, -0.37,  0.0,  0.0,  0.0
1033471.47219390, 44844.539044, 1000.0,  871.3,  128.7,  0.79,  1.18, -0.39,  0.0,  0.0,  0.0
1033471.47469390, 44843.244177, 1000.0,  862.6,  137.4,  0.79,  1.20, -0.41,  0.0,  0.0,  0.0
1033471.47719390, 44841.949309, 1000.0,  853.8,  146.2,  0.79,  1.22, -0.43,  0.0,  0.0,  0.0
1033471.47969390, 44840.762623, 1000.0,  845.1,  154.9,  0.79,  1.24, -0.45,  0.0,  0.0,  0.0
1033471.48219390, 44842.420334, 1000.0,  836.4,  163.6,  0.79,  1.26, -0.47,  0.0,  0.0,  0.0
1033471.48469390, 44844.078045, 1000.0,  827.7,  172.3,  0.79,  1.28, -0.49,  0.0,  0.0,  0.0
1033471.48719390, 44844.385476, 1000.0,  819.0,  181.0,  0.79,  1.30, -0.51,  0.0,  0.0,  0.0
1033471.48969390, 44842.764533, 1000.0,  810.3,  189.7,  0.79,  1.32, -0.53,  0.0,  0.0,  0.0
1033471.49219390, 44841.833525, 1000.0,  808.4,  191.6,  0.79,  1.33, -0.54,  0.0,  0.0,  0.0
1033471.49469390, 44841.027115, 1000.0,  812.6,  187.4,  0.79,  1.33, -0.54,  0.0,  0.0,  0.0
1033471.49719390, 44842.342666, 1000.0,  816.7,  183.3,  0.79,  1.34, -0.55,  0.0,  0.0,  0.0
1033471.49969390, 44843.930510, 1000.0,  820.9,  179.1,  0.79,  1.34, -0.55,  0.0,  0.0,  0.0
1033471.50219390, 44844.869641, 1000.0,  825.1,  174.9,  0.79,  1.35, -0.56,  0.0,  0.0,  0.0
1033471.50469390, 44845.368732, 1000.0,  829.3,  170.7,  0.79,  1.35, -0.56,  0.0,  0.0,  0.0
1033471.50719390, 44843.592380, 1000.0,  833.5,  166.5,  0.79,  1.36, -0.57,  0.0,  0.0,  0.0
1033471.50969390, 44841.781657, 1000.0,  837.6,  162.4,  0.79,  1.36, -0.57,  0.0,  0.0,  0.0
1033471.51219390, 44840.735928, 1000.0,  841.8,  158.2,  0.79,  1.37, -0.58,  0.0,  0.0,  0.0
1033471.51469390, 44840.620231, 1000.0,  846.0,  154.0,  0.79,  1.37, -0.58,  0.0,  0.0,  0.0
1033471.51719390, 44842.264978, 1000.0,  850.2,  149.8,  0.79,  1.38, -0.59,  0.0,  0.0,  0.0
1033471.51969390, 44843.631167, 1000.0,  854.3,  145.7,  0.79,  1.38, -0.59,  0.0,  0.0,  0.0
1033471.52219390, 44843.947905, 1000.0,  858.5,  141.5,  0.79,  1.39, -0.60,  0.0,  0.0,  0.0
1033471.52469390, 44844.489004, 1000.0,  862.7,  137.3,  0.79,  1.39, -0.60,  0.0,  0.0,  0.0
1033471.52719390, 44845.030104, 1000.0,  866.9,  133.1,  0.79,  1.40, -0.61,  0.0,  0.0,  0.0
1033471.52969390, 44841.915874, 1000.0,  871.1,  128.9,  0.79,  1.40, -0.61,  0.0,  0.0,  0.0
1033471.53219390, 44840.128731, 1000.0,  875.2,  124.8,  0.79,  1.41, -0.62,  0.0,  0.0,  0.0
1033471.53469390, 44840.145963, 1000.0,  879.4,  120.6,  0.79,  1.41, -0.62,  0.0,  0.0,  0.0
1033471.53719390, 44840.342125, 1000.0,  883.6,  116.4,  0.79,  1.42, -0.63,  0.0,  0.0,  0.0
1033471.53969390, 44843.421056, 1000.0,  887.8,  112.2,  0.79,  1.42, -0.63,  0.0,  0.0,  0.0
1033471.54219390, 44844.529719, 1000.0,  892.0,  108.0,  0.79,  1.43, -0.64,  0.0,  0.0,  0.0
1033471.54469390, 44844.836029, 1000.0,  896.1,  103.9,  0.79,  1.43, -0.64,  0.0,  0.0,  0.0
1033471.54719390, 44844.089630, 1000.0,  900.3,  99.7,  0.79,  1.44, -0.65,  0.0,  0.0,  0.0
1033471.54969390, 44842.650273, 1000.0,  904.5,  95.5,  0.79,  1.45, -0.65,  0.0,  0.0,  0.0
1033471.55219390, 44840.646892, 1000.0,  907.6,  92.4,  0.79,  1.45, -0.66,  0.0,  0.0,  0.0
1033471.55469390, 44840.258526, 1000.0,  909.1,  90.9,  0.79,  1.45, -0.66,  0.0,  0.0,  0.0
1033471.55719390, 44840.627087, 1000.0,  910.7,  89.3,  0.79,  1.45, -0.66,  0.0,  0.0,  0.0
1033471.55969390, 44841.966600, 1000.0,  912.2,  87.8,  0.79,  1.45, -0.66,  0.0,  0.0,  0.0
1033471.56219390, 44843.345943, 1000.0,  913.7,  86.3,  0.79,  1.46, -0.66,  0.0,  0.0,  0.0
1033471.56469390, 44844.866117, 1000.0,  915.3,  84.7,  0.79,  1.46, -0.67,  0.0,  0.0,  0.0
1033471.56719390, 44843.539594, 1000.0,  916.8,  83.2,  0.79,  1.46, -0.67,  0.0,  0.0,  0.0
1033471.56969390, 44841.698760, 1000.0,  918.3,  81.7,  0.79,  1.46, -0.67,  0.0,  0.0,  0.0
1033471.57219390, 44840.766704, 1000.0,  919.9,  80.1,  0.79,  1.46, -0.67,  0.0,  0.0,  0.0
1033471.57469390, 44841.193663, 1000.0,  921.4,  78.6,  0.79,  1.46, -0.67,  0.0,  0.0,  0.0
1033471.57719390, 44841.620659, 1000.0,  922.9,  77.1,  0.79,  1.47, -0.67,  0.0,  0.0,  0.0
1033471.57969390, 44842.424978, 1000.0,  924.5,  75.5,  0.79,  1.47, -0.68,  0.0,  0.0,  0.0
1033471.58219390, 44843.429721, 1000.0,  926.0,  74.0,  0.79,  1.47, -0.68,  0.0,  0.0,  0.0
1033471.58469390, 44844.924755, 1000.0,  927.5,  72.5,  0.79,  1.47, -0.68,  0.0,  0.0,  0.0
1033471.58719390, 44844.736984, 1000.0,  929.1,  70.9,  0.79,  1.47, -0.68,  0.0,  0.0,  0.0
1033471.58969390, 44844.410266, 1000.0,  930.6,  69.4,  0.79,  1.47, -0.68,  0.0,  0.0,  0.0
1033471.59219390, 44844.083548, 1000.0,  932.2,  67.8,  0.79,  1.48, -0.68,  0.0,  0.0,  0.0
1033471.59469390, 44843.743873, 1000.0,  933.7,  66.3,  0.79,  1.48, -0.69,  0.0,  0.0,  0.0
1033471.59719390, 44841.805475, 1000.0,  935.2,  64.8,  0.79,  1.48, -0.69,  0.0,  0.0,  0.0
1033471.59969390, 44842.625472, 1000.0,  936.8,  63.2,  0.79,  1.48, -0.69,  0.0,  0.0,  0.0
1033471.60219390, 44843.644949, 1000.0,  938.3,  61.7,  0.79,  1.48, -0.69,  0.0,  0.0,  0.0
1033471.60469390, 44844.145108, 1000.0,  939.8,  60.2,  0.79,  1.48, -0.69,  0.0,  0.0,  0.0
1033471.60719390, 44844.618278, 1000.0,  941.4,  58.6,  0.79,  1.49, -0.69,  0.0,  0.0,  0.0
1033471.60969390, 44845.091449, 1000.0,  942.9,  57.1,  0.79,  1.49, -0.70,  0.0,  0.0,  0.0
1033471.61219390, 44841.724167, 1000.0,  944.4,  55.6,  0.79,  1.49, -0.70,  0.0,  0.0,  0.0
1033471.61469390, 44840.631746, 1000.0,  945.9,  54.1,  0.79,  1.49, -0.70,  0.0,  0.0,  0.0
1033471.61719390, 44841.675831, 1000.0,  947.4,  52.6,  0.79,  1.49, -0.70,  0.0,  0.0,  0.0
1033471.61969390, 44843.876366, 1000.0,  948.9,  51.1,  0.79,  1.49, -0.70,  0.0,  0.0,  0.0
1033471.62219390, 44845.023893, 1000.0,  950.4,  49.6,  0.79,  1.49, -0.70,  0.0,  0.0,  0.0
1033471.62469390, 44845.031663, 1000.0,  951.9,  48.1,  0.79,  1.49, -0.70,  0.0,  0.0,  0.0
1033471.62719390, 44844.443553, 1000.0,  953.4,  46.6,  0.79,  1.49, -0.70,  0.0,  0.0,  0.0
1033471.62969390, 44842.447778, 1000.0,  954.8,  45.2,  0.79,  1.49, -0.70,  0.0,  0.0,  0.0
1033471.63219390, 44840.507954, 1000.0,  956.3,  43.7,  0.79,  1.49, -0.70,  0.0,  0.0,  0.0
1033471.63469390, 44840.530832, 1000.0,  957.8,  42.2,  0.79,  1.50, -0.70,  0.0,  0.0,  0.0
1033471.63719390, 44841.828868, 1000.0,  959.3,  40.7,  0.79,  1.50, -0.71,  0.0,  0.0,  0.0
1033471.63969390, 44844.102914, 1000.0,  960.8,  39.2,  0.79,  1.50, -0.71,  0.0,  0.0,  0.0
1033471.64219390, 44845.083546, 1000.0,  962.3,  37.7,  0.79,  1.50, -0.71,  0.0,  0.0,  0.0
1033471.64469390, 44845.134492, 1000.0,  963.7,  36.3,  0.79,  1.50, -0.71,  0.0,  0.0,  0.0
1033471.64719390, 44845.185439, 1000.0,  965.2,  34.8,  0.79,  1.50, -0.71,  0.0,  0.0,  0.0
1033471.64969390, 44842.045912, 1000.0,  966.7,  33.3,  0.79,  1.50, -0.71,  0.0,  0.0,  0.0
1033471.65219390, 44840.661083, 1000.0,  968.2,  31.8,  0.79,  1.50, -0.71,  0.0,  0.0,  0.0
1033471.65469390, 44840.517404, 1000.0,  969.7,  30.3,  0.79,  1.50, -0.71,  0.0,  0.0,  0.0
1033471.65719390, 44840.373725, 1000.0,  971.2,  28.8,  0.79,  1.50, -0.71,  0.0,  0.0,  0.0
1033471.65969390, 44842.446520, 1000.0,  972.6,  27.4,  0.79,  1.50, -0.71,  0.0,  0.0,  0.0
1033471.66219390, 44844.710149, 1000.0,  974.1,  25.9,  0.79,  1.50, -0.71,  0.0,  0.0,  0.0
1033471.66469390, 44844.745894, 1000.0,  975.6,  24.4,  0.79,  1.50, -0.71,  0.0,  0.0,  0.0
1033471.66719390, 44844.781639, 1000.0,  977.1,  22.9,  0.79,  1.50, -0.71,  0.0,  0.0,  0.0
1033471.66969390, 44841.981816, 1000.0,  978.6,  21.4,  0.79,  1.50, -0.71,  0.0,  0.0,  0.0
1033471.67219390, 44840.739255, 1000.0,  980.1,  19.9,  0.79,  1.51, -0.71,  0.0,  0.0,  0.0
1033471.67469390, 44840.359892, 1000.0,  981.5,  18.5,  0.79,  1.51, -0.71,  0.0,  0.0,  0.0
1033471.67719390, 44841.417054, 1000.0,  981.7,  18.3,  0.79,  1.51, -0.71,  0.0,  0.0,  0.0
1033471.67969390, 44843.058351, 1000.0,  981.8,  18.2,  0.79,  1.51, -0.71,  0.0,  0.0,  0.0
1033471.68219390, 44844.734293, 1000.0,  982.0,  18.0,  0.79,  1.51, -0.71,  0.0,  0.0,  0.0
1033471.68469390, 44845.209870, 1000.0,  982.2,  17.8,  0.79,  1.51, -0.71,  0.0,  0.0,  0.0
1033471.68719390, 44843.734248, 1000.0,  982.3,  17.7,  0.79,  1.51, -0.71,  0.0,  0.0,  0.0
1033471.68969390, 44842.001564, 1000.0,  982.5,  17.5,  0.79,  1.51, -0.71,  0.0,  0.0,  0.0
1033471.69219390, 44840.411079, 1000.0,  982.6,  17.4,  0.79,  1.51, -0.71,  0.0,  0.0,  0.0
1033471.69469390, 44840.428309, 1000.0,  982.8,  17.2,  0.79,  1.51, -0.71,  0.0,  0.0,  0.0
1033471.69719390, 44842.104919, 1000.0,  983.0,  17.0,  0.79,  1.51, -0.71,  0.0,  0.0,  0.0
1033471.69969390, 44843.885738, 1000.0,  983.1,  16.9,  0.79,  1.51, -0.71,  0.0,  0.0,  0.0
1033471.70219390, 44844.981866, 1000.0,  983.3,  16.7,  0.79,  1.51, -0.71,  0.0,  0.0,  0.0
1033471.70469390, 44844.919681, 1000.0,  983.4,  16.6,  0.79,  1.51, -0.71,  0.0,  0.0,  0.0
1033471.70719390, 44844.857496, 1000.0,  983.6,  16.4,  0.79,  1.51, -0.71,  0.0,  0.0,  0.0
1033471.70969390, 44842.479072, 1000.0,  983.7,  16.3,  0.79,  1.51, -0.71,  0.0,  0.0,  0.0
1033471.71219390, 44840.862569, 1000.0,  983.9,  16.1,  0.79,  1.51, -0.71,  0.0,  0.0,  0.0
1033471.71469390, 44840.563733, 1000.0,  984.1,  15.9,  0.79,  1.51, -0.71,  0.0,  0.0,  0.0
1033471.71719390, 44840.659546, 1000.0,  984.2,  15.8,  0.79,  1.51, -0.71,  0.0,  0.0,  0.0
1033471.71969390, 44841.840831, 1000.0,  984.4,  15.6,  0.79,  1.51, -0.71,  0.0,  0.0,  0.0
1033471.72219390, 44845.224098, 1000.0,  984.5,  15.5,  0.79,  1.51, -0.71,  0.0,  0.0,  0.0
1033471.72469390, 44845.224098, 1000.0,  984.7,  15.3,  0.79,  1.51, -0.71,  0.0,  0.0,  0.0
1033471.72719390, 44845.224098, 1000.0,  984.8,  15.2,  0.79,  1.51, -0.71,  0.0,  0.0,  0.0
1033471.72969390, 44845.224098, 1000.0,  985.0,  15.0,  0.79,  1.51, -0.71,  0.0,  0.0,  0.0
1033471.73219390, 44840.762206, 1000.0,  985.2,  14.8,  0.79,  1.51, -0.71,  0.0,  0.0,  0.0
1033471.73469390, 44840.486408, 1000.0,  985.3,  14.7,  0.79,  1.51, -0.71,  0.0,  0.0,  0.0
1033471.73969390, 44842.413699, 1000.0,  985.7,  14.3,  0.79,  1.51, -0.72,  0.0,  0.0,  0.0
1033471.74219390, 44843.818893, 1000.0,  986.1,  13.9,  0.79,  1.51, -0.72,  0.0,  0.0,  0.0
1033471.74469390, 44844.907766, 1000.0,  986.5,  13.5,  0.79,  1.51, -0.72,  0.0,  0.0,  0.0
1033471.74719390, 44844.237621, 1000.0,  986.9,  13.1,  0.79,  1.51, -0.72,  0.0,  0.0,  0.0
1033471.74969390, 44842.548981, 1000.0,  987.3,  12.7,  0.79,  1.51, -0.72,  0.0,  0.0,  0.0
1033471.75219390, 44840.525534, 1000.0,  987.6,  12.4,  0.79,  1.51, -0.72,  0.0,  0.0,  0.0
1033471.75469390, 44840.526648, 1000.0,  988.0,  12.0,  0.79,  1.51, -0.72,  0.0,  0.0,  0.0
1033471.75719390, 44841.514387, 1000.0,  988.4,  11.6,  0.79,  1.51, -0.72,  0.0,  0.0,  0.0
1033471.75969390, 44842.637608, 1000.0,  988.8,  11.2,  0.79,  1.51, -0.72,  0.0,  0.0,  0.0
1033471.76219390, 44844.822913, 1000.0,  989.1,  10.9,  0.79,  1.51, -0.72,  0.0,  0.0,  0.0
1033471.76469390, 44844.916097, 1000.0,  989.5,  10.5,  0.79,  1.51, -0.72,  0.0,  0.0,  0.0
1033471.76719390, 44843.748766, 1000.0,  989.9,  10.1,  0.79,  1.51, -0.72,  0.0,  0.0,  0.0
1033471.76969390, 44843.748766, 1000.0,  990.3,  9.7,  0.79,  1.51, -0.72,  0.0,  0.0,  0.0
1033471.77219390, 44842.336480, 1000.0,  990.7,  9.3,  0.79,  1.51, -0.72,  0.0,  0.0,  0.0
1033471.77469390, 44840.374003, 1000.0,  991.0,  9.0,  0.79,  1.51, -0.72,  0.0,  0.0,  0.0
1033471.77719390, 44841.157187, 1000.0,  991.4,  8.6,  0.79,  1.52, -0.72,  0.0,  0.0,  0.0
1033471.77969390, 44842.069036, 1000.0,  991.8,  8.2,  0.79,  1.52, -0.72,  0.0,  0.0,  0.0
1033471.78219390, 44842.714358, 1000.0,  992.2,  7.8,  0.79,  1.52, -0.73,  0.0,  0.0,  0.0
1033471.78469390, 44843.359680, 1000.0,  992.6,  7.4,  0.79,  1.52, -0.73,  0.0,  0.0,  0.0
1033471.78719390, 44843.346579, 1000.0,  992.9,  7.1,  0.79,  1.52, -0.73,  0.0,  0.0,  0.0
1033471.78969390, 44842.774427, 1000.0,  993.3,  6.7,  0.79,  1.52, -0.73,  0.0,  0.0,  0.0
1033471.79219390, 44842.168324, 1000.0,  993.7,  6.3,  0.79,  1.52, -0.73,  0.0,  0.0,  0.0
1033471.79469390, 44841.562221, 1000.0,  994.1,  5.9,  0.79,  1.52, -0.73,  0.0,  0.0,  0.0
1033471.79719390, 44841.612708, 1000.0,  994.4,  5.6,  0.79,  1.52, -0.73,  0.0,  0.0,  0.0
1033471.79969390, 44841.719454, 1000.0,  994.8,  5.2,  0.79,  1.52, -0.73,  0.0,  0.0,  0.0
1033471.80219390, 44842.679630, 1000.0,  995.2,  4.8,  0.79,  1.52, -0.73,  0.0,  0.0,  0.0
1033471.80469390, 44844.831600, 1000.0,  995.6,  4.4,  0.79,  1.52, -0.73,  0.0,  0.0,  0.0
1033471.80719390, 44843.492425, 1000.0,  995.6,  4.4,  0.79,  1.52, -0.73,  0.0,  0.0,  0.0
1033471.80969390, 44842.625372, 1000.0,  995.6,  4.4,  0.79,  1.52, -0.73,  0.0,  0.0,  0.0
1033471.81219390, 44841.826399, 1000.0,  995.6,  4.4,  0.79,  1.52, -0.73,  0.0,  0.0,  0.0
1033471.81469390, 44840.761900, 1000.0,  995.6,  4.4,  0.79,  1.52, -0.73,  0.0,  0.0,  0.0
1033471.81719390, 44841.855941, 1000.0,  995.6,  4.4,  0.79,  1.52, -0.73,  0.0,  0.0,  0.0
1033471.81969390, 44844.047287, 1000.0,  995.6,  4.4,  0.79,  1.52, -0.73,  0.0,  0.0,  0.0
1033471.82219390, 44845.063736, 1000.0,  995.6,  4.4,  0.79,  1.52, -0.73,  0.0,  0.0,  0.0
1033471.82469390, 44844.975120, 1000.0,  995.6,  4.4,  0.79,  1.52, -0.73,  0.0,  0.0,  0.0
1033471.82719390, 44843.670572, 1000.0,  995.6,  4.4,  0.79,  1.52, -0.73,  0.0,  0.0,  0.0
1033471.82969390, 44841.615746, 1000.0,  995.6,  4.4,  0.79,  1.52, -0.73,  0.0,  0.0,  0.0
1033471.83219390, 44840.477378, 1000.0,  995.6,  4.4,  0.79,  1.52, -0.73,  0.0,  0.0,  0.0
1033471.83469390, 44840.391995, 1000.0,  995.6,  4.4,  0.79,  1.52, -0.73,  0.0,  0.0,  0.0
1033471.83719390, 44840.250114, 1000.0,  995.6,  4.4,  0.79,  1.52, -0.73,  0.0,  0.0,  0.0
1033471.83969390, 44842.121091, 1000.0,  995.6,  4.4,  0.79,  1.52, -0.73,  0.0,  0.0,  0.0
1033471.84219390, 44843.828521, 1000.0,  995.6,  4.4,  0.79,  1.52, -0.73,  0.0,  0.0,  0.0
1033471.84469390, 44844.636424, 1000.0,  995.6,  4.4,  0.79,  1.52, -0.73,  0.0,  0.0,  0.0
1033471.84719390, 44844.832581, 1000.0,  995.6,  4.4,  0.79,  1.52, -0.73,  0.0,  0.0,  0.0
1033471.84969390, 44844.512377, 1000.0,  995.6,  4.4,  0.79,  1.52, -0.73,  0.0,  0.0,  0.0
1033471.85219390, 44844.192173, 1000.0,  995.6,  4.4,  0.79,  1.52, -0.73,  0.0,  0.0,  0.0
1033471.85469390, 44840.809677, 1000.0,  995.6,  4.4,  0.79,  1.52, -0.73,  0.0,  0.0,  0.0
1033471.85719390, 44841.909587, 1000.0,  995.6,  4.4,  0.79,  1.52, -0.73,  0.0,  0.0,  0.0
1033471.85969390, 44842.783725, 1000.0,  995.6,  4.4,  0.79,  1.52, -0.73,  0.0,  0.0,  0.0
1033471.86219390, 44843.675032, 1000.0,  995.6,  4.4,  0.79,  1.52, -0.73,  0.0,  0.0,  0.0
1033471.86469390, 44844.861349, 1000.0,  995.6,  4.4,  0.79,  1.52, -0.73,  0.0,  0.0,  0.0
1033471.86719390, 44844.039320, 1000.0,  995.6,  4.4,  0.79,  1.52, -0.73,  0.0,  0.0,  0.0
1033471.86969390, 44842.519865, 1000.0,  995.6,  4.4,  0.79,  1.52, -0.73,  0.0,  0.0,  0.0
1033471.87219390, 44840.242123, 1000.0,  995.6,  4.4,  0.79,  1.52, -0.73,  0.0,  0.0,  0.0
1033471.87469390, 44840.325040, 1000.0,  995.6,  4.4,  0.79,  1.52, -0.73,  0.0,  0.0,  0.0
1033471.87719390, 44840.893015, 1000.0,  995.6,  4.4,  0.79,  1.52, -0.73,  0.0,  0.0,  0.0
1033471.87969390, 44842.265719, 1000.0,  995.6,  4.4,  0.79,  1.52, -0.73,  0.0,  0.0,  0.0
1033471.88219390, 44844.710939, 1000.0,  995.6,  4.4,  0.79,  1.52, -0.73,  0.0,  0.0,  0.0
1033471.88469390, 44844.820673, 1000.0,  995.6,  4.4,  0.79,  1.52, -0.73,  0.0,  0.0,  0.0
1033471.88719390, 44843.667819, 1000.0,  995.6,  4.4,  0.79,  1.52, -0.73,  0.0,  0.0,  0.0
1033471.88969390, 44841.406908, 1000.0,  995.6,  4.4,  0.79,  1.52, -0.73,  0.0,  0.0,  0.0
1033471.89219390, 44840.562905, 1000.0,  995.6,  4.4,  0.79,  1.52, -0.73,  0.0,  0.0,  0.0
1033471.89469390, 44840.519837, 1000.0,  995.6,  4.4,  0.79,  1.52, -0.73,  0.0,  0.0,  0.0
1033471.89719390, 44840.451954, 1000.0,  995.6,  4.4,  0.79,  1.52, -0.73,  0.0,  0.0,  0.0
1033471.89969390, 44841.888392, 1000.0,  995.6,  4.4,  0.79,  1.52, -0.73,  0.0,  0.0,  0.0
1033471.90219390, 44844.935446, 1000.0,  995.6,  4.4,  0.79,  1.52, -0.73,  0.0,  0.0,  0.0
1033471.90469390, 44844.940147, 1000.0,  995.6,  4.4,  0.79,  1.52, -0.73,  0.0,  0.0,  0.0
1033471.90719390, 44844.947867, 1000.0,  995.6,  4.4,  0.79,  1.52, -0.73,  0.0,  0.0,  0.0
1033471.90969390, 44844.955587, 1000.0,  995.6,  4.4,  0.79,  1.52, -0.73,  0.0,  0.0,  0.0
1033471.91219390, 44844.963307, 1000.0,  995.6,  4.4,  0.79,  1.52, -0.73,  0.0,  0.0,  0.0
1033471.91469390, 44841.664085, 1000.0,  995.6,  4.4,  0.79,  1.52, -0.73,  0.0,  0.0,  0.0
1033471.91719390, 44841.077375, 1000.0,  995.6,  4.4,  0.79,  1.52, -0.73,  0.0,  0.0,  0.0
1033471.91969390, 44841.893928, 1000.0,  995.6,  4.4,  0.79,  1.52, -0.73,  0.0,  0.0,  0.0
1033471.92219390, 44844.344971, 1000.0,  995.6,  4.4,  0.79,  1.52, -0.73,  0.0,  0.0,  0.0
1033471.92469390, 44845.010240, 1000.0,  995.6,  4.4,  0.79,  1.52, -0.73,  0.0,  0.0,  0.0
1033471.92719390, 44844.837958, 1000.0,  995.6,  4.4,  0.79,  1.52, -0.73,  0.0,  0.0,  0.0
1033471.92969390, 44844.531994, 1000.0,  995.6,  4.4,  0.79,  1.52, -0.73,  0.0,  0.0,  0.0
1033471.93219390, 44844.226030, 1000.0,  995.6,  4.4,  0.79,  1.52, -0.73,  0.0,  0.0,  0.0
1033471.93469390, 44841.784062, 1000.0,  995.6,  4.4,  0.79,  1.52, -0.73,  0.0,  0.0,  0.0
1033471.93719390, 44840.798986, 1000.0,  998.4,  1.6,  0.79,  1.51, -0.72,  0.0,  0.0,  0.0
1033471.93969390, 44841.651008, 1000.0, 1006.0, -6.0,  0.79,  1.49, -0.70,  0.0,  0.0,  0.0
1033471.94219390, 44844.164062, 1000.0, 1013.6, -13.6,  0.79,  1.47, -0.68,  0.0,  0.0,  0.0
1033471.94469390, 44845.029597, 1000.0, 1021.1, -21.1,  0.79,  1.45, -0.65,  0.0,  0.0,  0.0
1033471.94719390, 44843.462923, 1000.0, 1028.7, -28.7,  0.79,  1.42, -0.63,  0.0,  0.0,  0.0
1033471.94969390, 44841.783189, 1000.0, 1036.3, -36.3,  0.79,  1.40, -0.61,  0.0,  0.0,  0.0
1033471.95219390, 44840.189336, 1000.0, 1043.9, -43.9,  0.79,  1.38, -0.59,  0.0,  0.0,  0.0
1033471.95469390, 44840.498932, 1000.0, 1051.5, -51.5,  0.79,  1.36, -0.56,  0.0,  0.0,  0.0
1033471.95719390, 44840.977054, 1000.0, 1059.1, -59.1,  0.79,  1.33, -0.54,  0.0,  0.0,  0.0
1033471.95969390, 44841.455176, 1000.0, 1066.7, -66.7,  0.79,  1.31, -0.52,  0.0,  0.0,  0.0
1033471.96219390, 44843.785208, 1000.0, 1074.2, -74.2,  0.79,  1.29, -0.50,  0.0,  0.0,  0.0
1033471.96469390, 44845.255901, 1000.0, 1081.8, -81.8,  0.79,  1.26, -0.47,  0.0,  0.0,  0.0
1033471.96719390, 44844.801133, 1000.0, 1089.4, -89.4,  0.79,  1.24, -0.45,  0.0,  0.0,  0.0
1033471.96969390, 44844.263366, 1000.0, 1097.0, -97.0,  0.79,  1.22, -0.43,  0.0,  0.0,  0.0
1033471.97219390, 44843.725599, 1000.0, 1104.6, -104.6,  0.79,  1.20, -0.41,  0.0,  0.0,  0.0
1033471.97469390, 44840.541446, 1000.0, 1112.2, -112.2,  0.79,  1.17, -0.38,  0.0,  0.0,  0.0
1033471.97719390, 44840.810093, 1000.0, 1119.8, -119.8,  0.79,  1.15, -0.36,  0.0,  0.0,  0.0
1033471.97969390, 44841.326059, 1000.0, 1127.3, -127.3,  0.79,  1.13, -0.34,  0.0,  0.0,  0.0
1033471.98219390, 44843.353809, 1000.0, 1134.9, -134.9,  0.79,  1.11, -0.31,  0.0,  0.0,  0.0
1033471.98469390, 44845.044283, 1000.0, 1142.5, -142.5,  0.79,  1.08, -0.29,  0.0,  0.0,  0.0
1033471.98719390, 44844.236485, 1000.0, 1150.1, -150.1,  0.79,  1.06, -0.27,  0.0,  0.0,  0.0
1033471.98969390, 44842.861039, 1000.0, 1157.7, -157.7,  0.79,  1.04, -0.25,  0.0,  0.0,  0.0
1033471.99219390, 44841.157946, 1000.0, 1165.3, -165.3,  0.79,  1.02, -0.22,  0.0,  0.0,  0.0
1033471.99719390, 44841.916264, 1000.0, 1172.9, -172.9,  0.79,  0.98, -0.19,  0.0,  0.0,  0.0
1033471.99969390, 44843.616974, 1000.0, 1169.9, -169.9,  0.79,  0.98, -0.19,  0.0,  0.0,  0.0
1033472.00219390, 44844.840933, 1000.0, 1167.0, -167.0,  0.79,  0.98, -0.19,  0.0,  0.0,  0.0
1033472.00469390, 44845.430806, 1000.0, 1164.0, -164.0,  0.79,  0.98, -0.19,  0.0,  0.0,  0.0
1033472.00719390, 44844.307615, 1000.0, 1161.1, -161.1,  0.79,  0.98, -0.19,  0.0,  0.0,  0.0
1033472.00969390, 44842.083553, 1000.0, 1158.1, -158.1,  0.79,  0.98, -0.18,  0.0,  0.0,  0.0
1033472.01219390, 44840.750584, 1000.0, 1155.2, -155.2,  0.79,  0.97, -0.18,  0.0,  0.0,  0.0
1033472.01469390, 44840.753370, 1000.0, 1152.2, -152.2,  0.79,  0.97, -0.18,  0.0,  0.0,  0.0
1033472.01719390, 44841.778898, 1000.0, 1149.3, -149.3,  0.79,  0.97, -0.18,  0.0,  0.0,  0.0
1033472.01969390, 44843.563506, 1000.0, 1146.3, -146.3,  0.79,  0.97, -0.18,  0.0,  0.0,  0.0
1033472.02219390, 44844.526184, 1000.0, 1143.4, -143.4,  0.79,  0.97, -0.17,  0.0,  0.0,  0.0
1033472.02469390, 44844.734202, 1000.0, 1140.4, -140.4,  0.79,  0.96, -0.17,  0.0,  0.0,  0.0
1033472.02719390, 44844.660866, 1000.0, 1137.5, -137.5,  0.79,  0.96, -0.17,  0.0,  0.0,  0.0
1033472.02969390, 44844.587531, 1000.0, 1134.5, -134.5,  0.79,  0.96, -0.17,  0.0,  0.0,  0.0
1033472.03219390, 44844.514195, 1000.0, 1131.6, -131.6,  0.79,  0.96, -0.17,  0.0,  0.0,  0.0
1033472.03469390, 44841.356695, 1000.0, 1128.6, -128.6,  0.79,  0.96, -0.17,  0.0,  0.0,  0.0
1033472.03719390, 44841.276258, 1000.0, 1125.7, -125.7,  0.79,  0.95, -0.16,  0.0,  0.0,  0.0
1033472.03969390, 44843.193520, 1000.0, 1122.7, -122.7,  0.79,  0.95, -0.16,  0.0,  0.0,  0.0
1033472.04219390, 44843.854360, 1000.0, 1119.8, -119.8,  0.79,  0.95, -0.16,  0.0,  0.0,  0.0
1033472.04469390, 44844.296183, 1000.0, 1116.8, -116.8,  0.79,  0.95, -0.16,  0.0,  0.0,  0.0
1033472.04719390, 44844.738005, 1000.0, 1113.9, -113.9,  0.79,  0.95, -0.16,  0.0,  0.0,  0.0
1033472.04969390, 44842.604803, 1000.0, 1110.9, -110.9,  0.79,  0.95, -0.15,  0.0,  0.0,  0.0
1033472.05219390, 44841.213981, 1000.0, 1107.9, -107.9,  0.79,  0.94, -0.15,  0.0,  0.0,  0.0
1033472.05469390, 44840.522329, 1000.0, 1105.0, -105.0,  0.79,  0.94, -0.15,  0.0,  0.0,  0.0
1033472.05719390, 44841.107933, 1000.0, 1102.1, -102.1,  0.79,  0.94, -0.15,  0.0,  0.0,  0.0
1033472.05969390, 44842.582352, 1000.0, 1099.2, -99.2,  0.79,  0.94, -0.15,  0.0,  0.0,  0.0
1033472.06219390, 44843.659017, 1000.0, 1096.3, -96.3,  0.79,  0.93, -0.14,  0.0,  0.0,  0.0
1033472.06469390, 44844.735681, 1000.0, 1093.4, -93.4,  0.79,  0.93, -0.14,  0.0,  0.0,  0.0
1033472.06719390, 44844.480359, 1000.0, 1090.6, -90.6,  0.79,  0.93, -0.14,  0.0,  0.0,  0.0
1033472.06969390, 44843.190044, 1000.0, 1087.7, -87.7,  0.79,  0.93, -0.14,  0.0,  0.0,  0.0
1033472.07219390, 44841.518271, 1000.0, 1084.8, -84.8,  0.79,  0.92, -0.13,  0.0,  0.0,  0.0
1033472.07469390, 44840.474246, 1000.0, 1082.0, -82.0,  0.79,  0.92, -0.13,  0.0,  0.0,  0.0
1033472.07719390, 44840.548905, 1000.0, 1079.1, -79.1,  0.79,  0.92, -0.13,  0.0,  0.0,  0.0
1033472.07969390, 44841.783257, 1000.0, 1076.2, -76.2,  0.79,  0.92, -0.12,  0.0,  0.0,  0.0
1033472.08219390, 44843.017610, 1000.0, 1073.4, -73.4,  0.79,  0.91, -0.12,  0.0,  0.0,  0.0
1033472.08469390, 44845.040035, 1000.0, 1070.5, -70.5,  0.79,  0.91, -0.12,  0.0,  0.0,  0.0
1033472.08719390, 44844.632276, 1000.0, 1067.6, -67.6,  0.79,  0.91, -0.12,  0.0,  0.0,  0.0
1033472.08969390, 44843.959403, 1000.0, 1064.8, -64.8,  0.79,  0.91, -0.11,  0.0,  0.0,  0.0
1033472.09219390, 44842.946847, 1000.0, 1061.9, -61.9,  0.79,  0.90, -0.11,  0.0,  0.0,  0.0
1033472.09469390, 44841.162589, 1000.0, 1059.0, -59.0,  0.79,  0.90, -0.11,  0.0,  0.0,  0.0
1033472.09719390, 44841.463213, 1000.0, 1056.2, -56.2,  0.79,  0.90, -0.11,  0.0,  0.0,  0.0
1033472.09969390, 44842.358897, 1000.0, 1053.3, -53.3,  0.79,  0.89, -0.10,  0.0,  0.0,  0.0
1033472.10219390, 44843.504613, 1000.0, 1050.4, -50.4,  0.79,  0.89, -0.10,  0.0,  0.0,  0.0
1033472.10469390, 44844.535425, 1000.0, 1047.5, -47.5,  0.79,  0.89, -0.10,  0.0,  0.0,  0.0
1033472.10719390, 44844.728594, 1000.0, 1044.7, -44.7,  0.79,  0.89, -0.10,  0.0,  0.0,  0.0
1033472.10969390, 44844.101024, 1000.0, 1041.8, -41.8,  0.79,  0.88, -0.09,  0.0,  0.0,  0.0
1033472.11219390, 44842.775614, 1000.0, 1038.9, -38.9,  0.79,  0.88, -0.09,  0.0,  0.0,  0.0
1033472.11719390, 44841.707991, 1000.0, 1034.9, -34.9,  0.79,  0.88, -0.09,  0.0,  0.0,  0.0
1033472.11969390, 44842.862922, 1000.0, 1033.9, -33.9,  0.79,  0.88, -0.09,  0.0,  0.0,  0.0
1033472.12219390, 44844.480135, 1000.0, 1032.8, -32.8,  0.79,  0.88, -0.09,  0.0,  0.0,  0.0
1033472.12469390, 44844.852909, 1000.0, 1031.8, -31.8,  0.79,  0.88, -0.09,  0.0,  0.0,  0.0
1033472.12719390, 44843.355986, 1000.0, 1030.7, -30.7,  0.79,  0.88, -0.09,  0.0,  0.0,  0.0
1033472.12969390, 44841.115109, 1000.0, 1029.7, -29.7,  0.79,  0.88, -0.09,  0.0,  0.0,  0.0
1033472.13219390, 44839.995014, 1000.0, 1028.6, -28.6,  0.79,  0.88, -0.09,  0.0,  0.0,  0.0
1033472.13469390, 44840.338398, 1000.0, 1027.6, -27.6,  0.79,  0.88, -0.09,  0.0,  0.0,  0.0
1033472.13719390, 44841.329812, 1000.0, 1026.5, -26.5,  0.79,  0.88, -0.09,  0.0,  0.0,  0.0
1033472.13969390, 44843.786721, 1000.0, 1025.5, -25.5,  0.79,  0.88, -0.09,  0.0,  0.0,  0.0
1033472.14219390, 44844.865381, 1000.0, 1024.4, -24.4,  0.79,  0.89, -0.09,  0.0,  0.0,  0.0
1033472.14469390, 44844.562165, 1000.0, 1023.4, -23.4,  0.79,  0.89, -0.10,  0.0,  0.0,  0.0
1033472.14719390, 44842.529899, 1000.0, 1022.3, -22.3,  0.79,  0.89, -0.10,  0.0,  0.0,  0.0
1033472.14969390, 44841.337281, 1000.0, 1021.3, -21.3,  0.79,  0.89, -0.10,  0.0,  0.0,  0.0
1033472.15219390, 44840.245061, 1000.0, 1020.2, -20.2,  0.79,  0.89, -0.10,  0.0,  0.0,  0.0
1033472.15469390, 44840.498760, 1000.0, 1019.2, -19.2,  0.79,  0.89, -0.10,  0.0,  0.0,  0.0
1033472.15719390, 44840.733970, 1000.0, 1018.1, -18.1,  0.79,  0.89, -0.10,  0.0,  0.0,  0.0
1033472.15969390, 44841.135050, 1000.0, 1017.1, -17.1,  0.79,  0.89, -0.10,  0.0,  0.0,  0.0
1033472.16219390, 44841.536131, 1000.0, 1016.0, -16.0,  0.79,  0.89, -0.10,  0.0,  0.0,  0.0
1033472.16469390, 44841.979923, 1000.0, 1015.0, -15.0,  0.79,  0.89, -0.10,  0.0,  0.0,  0.0
1033472.16719390, 44842.625628, 1000.0, 1013.9, -13.9,  0.79,  0.89, -0.10,  0.0,  0.0,  0.0
1033472.16969390, 44843.271333, 1000.0, 1012.9, -12.9,  0.79,  0.89, -0.10,  0.0,  0.0,  0.0
1033472.17219390, 44843.426944, 1000.0, 1011.8, -11.8,  0.79,  0.89, -0.10,  0.0,  0.0,  0.0
1033472.17469390, 44842.304372, 1000.0, 1010.8, -10.8,  0.79,  0.89, -0.10,  0.0,  0.0,  0.0
1033472.17719390, 44841.181801, 1000.0, 1009.7, -9.7,  0.79,  0.89, -0.10,  0.0,  0.0,  0.0
1033472.17969390, 44841.082404, 1000.0, 1008.7, -8.7,  0.79,  0.89, -0.10,  0.0,  0.0,  0.0
1033472.18219390, 44843.983444, 1000.0, 1007.7, -7.7,  0.79,  0.90, -0.10,  0.0,  0.0,  0.0
1033472.18469390, 44844.807156, 1000.0, 1007.6, -7.6,  0.79,  0.90, -0.10,  0.0,  0.0,  0.0
1033472.18719390, 44843.795739, 1000.0, 1007.4, -7.4,  0.79,  0.90, -0.10,  0.0,  0.0,  0.0
1033472.18969390, 44841.555118, 1000.0, 1007.3, -7.3,  0.79,  0.90, -0.10,  0.0,  0.0,  0.0
1033472.19219390, 44840.549878, 1000.0, 1007.1, -7.1,  0.79,  0.90, -0.10,  0.0,  0.0,  0.0
1033472.19469390, 44840.210742, 1000.0, 1007.0, -7.0,  0.79,  0.90, -0.10,  0.0,  0.0,  0.0
1033472.19719390, 44842.175409, 1000.0, 1006.8, -6.8,  0.79,  0.90, -0.10,  0.0,  0.0,  0.0
1033472.19969390, 44843.823602, 1000.0, 1006.6, -6.6,  0.79,  0.90, -0.10,  0.0,  0.0,  0.0
1033472.20219390, 44844.253617, 1000.0, 1006.5, -6.5,  0.79,  0.90, -0.10,  0.0,  0.0,  0.0
1033472.20469390, 44844.919688, 1000.0, 1006.3, -6.3,  0.79,  0.90, -0.10,  0.0,  0.0,  0.0
1033472.20719390, 44844.826859, 1000.0, 1006.2, -6.2,  0.79,  0.90, -0.10,  0.0,  0.0,  0.0
1033472.20969390, 44844.305814, 1000.0, 1006.0, -6.0,  0.79,  0.90, -0.10,  0.0,  0.0,  0.0
1033472.21219390, 44843.784768, 1000.0, 1005.9, -5.9,  0.79,  0.90, -0.10,  0.0,  0.0,  0.0
1033472.21469390, 44840.734323, 1000.0, 1005.7, -5.7,  0.79,  0.90, -0.10,  0.0,  0.0,  0.0
1033472.21719390, 44841.895759, 1000.0, 1005.6, -5.6,  0.79,  0.90, -0.10,  0.0,  0.0,  0.0
1033472.21969390, 44842.602142, 1000.0, 1005.4, -5.4,  0.79,  0.90, -0.10,  0.0,  0.0,  0.0
1033472.22219390, 44843.280385, 1000.0, 1005.3, -5.3,  0.79,  0.90, -0.10,  0.0,  0.0,  0.0
1033472.22469390, 44844.079674, 1000.0, 1005.1, -5.1,  0.79,  0.90, -0.10,  0.0,  0.0,  0.0
1033472.22719390, 44843.769878, 1000.0, 1005.0, -5.0,  0.79,  0.90, -0.10,  0.0,  0.0,  0.0
1033472.22969390, 44841.364716, 1000.0, 1004.8, -4.8,  0.79,  0.90, -0.10,  0.0,  0.0,  0.0
1033472.23219390, 44841.364716, 1000.0, 1004.7, -4.7,  0.79,  0.90, -0.10,  0.0,  0.0,  0.0
1033472.23469390, 44840.781597, 1000.0, 1004.5, -4.5,  0.79,  0.90, -0.10,  0.0,  0.0,  0.0
1033472.23719390, 44841.645388, 1000.0, 1004.4, -4.4,  0.79,  0.90, -0.10,  0.0,  0.0,  0.0
1033472.23969390, 44842.754686, 1000.0, 1004.2, -4.2,  0.79,  0.90, -0.10,  0.0,  0.0,  0.0
1033472.24219390, 44843.673375, 1000.0, 1004.1, -4.1,  0.79,  0.90, -0.10,  0.0,  0.0,  0.0
1033472.24469390, 44844.270838, 1000.0, 1003.9, -3.9,  0.79,  0.90, -0.10,  0.0,  0.0,  0.0
1033472.24719390, 44844.712617, 1000.0, 1003.7, -3.7,  0.79,  0.90, -0.10,  0.0,  0.0,  0.0
1033472.24969390, 44842.695740, 1000.0, 1003.7, -3.7,  0.79,  0.90, -0.10,  0.0,  0.0,  0.0
1033472.25219390, 44841.007645, 1000.0, 1003.7, -3.7,  0.79,  0.90, -0.10,  0.0,  0.0,  0.0
1033472.25469390, 44840.338398, 1000.0, 1003.7, -3.7,  0.79,  0.90, -0.10,  0.0,  0.0,  0.0
1033472.25719390, 44841.777488, 1000.0, 1003.7, -3.7,  0.79,  0.90, -0.10,  0.0,  0.0,  0.0
1033472.25969390, 44843.298802, 1000.0, 1003.7, -3.7,  0.79,  0.90, -0.10,  0.0,  0.0,  0.0
1033472.26219390, 44844.683296, 1000.0, 1003.7, -3.7,  0.79,  0.90, -0.10,  0.0,  0.0,  0.0
1033472.26469390, 44844.571500, 1000.0, 1003.7, -3.7,  0.79,  0.90, -0.10,  0.0,  0.0,  0.0
1033472.26719390, 44843.338435, 1000.0, 1003.7, -3.7,  0.79,  0.90, -0.10,  0.0,  0.0,  0.0
1033472.26969390, 44842.747465, 1000.0, 1003.7, -3.7,  0.79,  0.90, -0.10,  0.0,  0.0,  0.0
1033472.27219390, 44842.156496, 1000.0, 1003.7, -3.7,  0.79,  0.90, -0.10,  0.0,  0.0,  0.0
1033472.27469390, 44841.654465, 1000.0, 1003.7, -3.7,  0.79,  0.90, -0.10,  0.0,  0.0,  0.0
1033472.27719390, 44841.525078, 1000.0, 1003.7, -3.7,  0.79,  0.90, -0.10,  0.0,  0.0,  0.0
1033472.27969390, 44841.808193, 1000.0, 1003.7, -3.7,  0.79,  0.90, -0.10,  0.0,  0.0,  0.0
1033472.28219390, 44843.018918, 1000.0, 1003.7, -3.7,  0.79,  0.90, -0.10,  0.0,  0.0,  0.0
1033472.28469390, 44844.229643, 1000.0, 1003.7, -3.7,  0.79,  0.90, -0.10,  0.0,  0.0,  0.0
1033472.28719390, 44845.058845, 1000.0, 1003.7, -3.7,  0.79,  0.90, -0.10,  0.0,  0.0,  0.0
1033472.28969390, 44844.682796, 1000.0, 1003.7, -3.7,  0.79,  0.90, -0.10,  0.0,  0.0,  0.0
1033472.29219390, 44844.306747, 1000.0, 1003.7, -3.7,  0.79,  0.90, -0.10,  0.0,  0.0,  0.0
1033472.29469390, 44843.930698, 1000.0, 1003.7, -3.7,  0.79,  0.90, -0.10,  0.0,  0.0,  0.0
1033472.29719390, 44842.706859, 1000.0, 1003.7, -3.7,  0.79,  0.90, -0.10,  0.0,  0.0,  0.0
1033472.29969390, 44842.925204, 1000.0, 1003.7, -3.7,  0.79,  0.90, -0.10,  0.0,  0.0,  0.0
1033472.30219390, 44844.166212, 1000.0, 1003.7, -3.7,  0.79,  0.90, -0.10,  0.0,  0.0,  0.0
1033472.30469390, 44844.932554, 1000.0, 1003.7, -3.7,  0.79,  0.90, -0.10,  0.0,  0.0,  0.0
1033472.30719390, 44844.520409, 1000.0, 1003.7, -3.7,  0.79,  0.90, -0.10,  0.0,  0.0,  0.0
1033472.30969390, 44843.519785, 1000.0, 1003.7, -3.7,  0.79,  0.90, -0.10,  0.0,  0.0,  0.0
1033472.31219390, 44841.207782, 1000.0, 1003.6, -3.6,  0.79,  0.90, -0.10,  0.0,  0.0,  0.0
1033472.31469390, 44840.240156, 1000.0, 1003.6, -3.6,  0.79,  0.90, -0.10,  0.0,  0.0,  0.0
1033472.31719390, 44841.694999, 1000.0, 1003.5, -3.5,  0.79,  0.90, -0.10,  0.0,  0.0,  0.0
1033472.31969390, 44843.970352, 1000.0, 1003.4, -3.4,  0.79,  0.90, -0.10,  0.0,  0.0,  0.0
1033472.32219390, 44844.743011, 1000.0, 1003.3, -3.3,  0.79,  0.90, -0.10,  0.0,  0.0,  0.0
1033472.32469390, 44844.661080, 1000.0, 1003.2, -3.2,  0.79,  0.90, -0.10,  0.0,  0.0,  0.0
1033472.32719390, 44843.147044, 1000.0, 1003.1, -3.1,  0.79,  0.90, -0.10,  0.0,  0.0,  0.0
1033472.32969390, 44841.258851, 1000.0, 1003.1, -3.1,  0.79,  0.90, -0.10,  0.0,  0.0,  0.0
1033472.33219390, 44840.477378, 1000.0, 1003.0, -3.0,  0.79,  0.90, -0.10,  0.0,  0.0,  0.0
1033472.33469390, 44840.477378, 1000.0, 1002.9, -2.9,  0.79,  0.90, -0.10,  0.0,  0.0,  0.0
1033472.33719390, 44841.477427, 1000.0, 1002.8, -2.8,  0.79,  0.90, -0.10,  0.0,  0.0,  0.0
1033472.33969390, 44843.474381, 1000.0, 1002.7, -2.7,  0.79,  0.90, -0.10,  0.0,  0.0,  0.0
1033472.34219390, 44844.735004, 1000.0, 1002.6, -2.6,  0.79,  0.90, -0.10,  0.0,  0.0,  0.0
1033472.34469390, 44844.928687, 1000.0, 1002.6, -2.6,  0.79,  0.90, -0.10,  0.0,  0.0,  0.0
1033472.34719390, 44844.957903, 1000.0, 1002.5, -2.5,  0.79,  0.90, -0.10,  0.0,  0.0,  0.0
1033472.34969390, 44844.535449, 1000.0, 1002.4, -2.4,  0.79,  0.90, -0.10,  0.0,  0.0,  0.0
1033472.35219390, 44843.083585, 1000.0, 1002.3, -2.3,  0.79,  0.90, -0.10,  0.0,  0.0,  0.0
1033472.35469390, 44841.631720, 1000.0, 1002.2, -2.2,  0.79,  0.90, -0.10,  0.0,  0.0,  0.0
1033472.35719390, 44841.114100, 1000.0, 1002.1, -2.1,  0.79,  0.90, -0.10,  0.0,  0.0,  0.0
1033472.35969390, 44842.724014, 1000.0, 1002.1, -2.1,  0.79,  0.90, -0.10,  0.0,  0.0,  0.0
1033472.36219390, 44844.004197, 1000.0, 1002.0, -2.0,  0.79,  0.90, -0.10,  0.0,  0.0,  0.0
1033472.36469390, 44844.799353, 1000.0, 1001.9, -1.9,  0.79,  0.90, -0.10,  0.0,  0.0,  0.0
1033472.36719390, 44844.474896, 1000.0, 1001.8, -1.8,  0.79,  0.90, -0.10,  0.0,  0.0,  0.0
1033472.37219390, 44841.288648, 1000.0, 1001.7, -1.7,  0.79,  0.90, -0.10,  0.0,  0.0,  0.0
1033472.37469390, 44840.796853, 1000.0, 1001.8, -1.8,  0.79,  0.90, -0.10,  0.0,  0.0,  0.0
1033472.37719390, 44842.175704, 1000.0, 1001.9, -1.9,  0.79,  0.90, -0.10,  0.0,  0.0,  0.0
1033472.37969390, 44843.509359, 1000.0, 1002.0, -2.0,  0.79,  0.90, -0.10,  0.0,  0.0,  0.0
1033472.38219390, 44844.973895, 1000.0, 1002.0, -2.0,  0.79,  0.90, -0.10,  0.0,  0.0,  0.0
1033472.38469390, 44844.481068, 1000.0, 1002.1, -2.1,  0.79,  0.90, -0.10,  0.0,  0.0,  0.0
1033472.38719390, 44843.310443, 1000.0, 1002.2, -2.2,  0.79,  0.90, -0.10,  0.0,  0.0,  0.0
1033472.38969390, 44841.844153, 1000.0, 1002.3, -2.3,  0.79,  0.90, -0.10,  0.0,  0.0,  0.0
1033472.39219390, 44840.157944, 1000.0, 1002.4, -2.4,  0.79,  0.90, -0.10,  0.0,  0.0,  0.0
1033472.39469390, 44840.055338, 1000.0, 1002.5, -2.5,  0.79,  0.90, -0.10,  0.0,  0.0,  0.0
1033472.39719390, 44840.162759, 1000.0, 1002.5, -2.5,  0.79,  0.90, -0.10,  0.0,  0.0,  0.0
1033472.39969390, 44843.621696, 1000.0, 1002.6, -2.6,  0.79,  0.90, -0.10,  0.0,  0.0,  0.0
1033472.40219390, 44844.579813, 1000.0, 1002.7, -2.7,  0.79,  0.90, -0.10,  0.0,  0.0,  0.0
1033472.40469390, 44844.981960, 1000.0, 1002.8, -2.8,  0.79,  0.90, -0.10,  0.0,  0.0,  0.0
1033472.40719390, 44844.728623, 1000.0, 1002.9, -2.9,  0.79,  0.90, -0.10,  0.0,  0.0,  0.0
1033472.40969390, 44841.999487, 1000.0, 1002.9, -2.9,  0.79,  0.90, -0.10,  0.0,  0.0,  0.0
1033472.41219390, 44840.856614, 1000.0, 1003.0, -3.0,  0.79,  0.90, -0.10,  0.0,  0.0,  0.0
1033472.41469390, 44840.510829, 1000.0, 1003.1, -3.1,  0.79,  0.90, -0.10,  0.0,  0.0,  0.0
1033472.41719390, 44840.721363, 1000.0, 1003.2, -3.2,  0.79,  0.90, -0.10,  0.0,  0.0,  0.0
1033472.41969390, 44843.372328, 1000.0, 1003.3, -3.3,  0.79,  0.90, -0.10,  0.0,  0.0,  0.0
1033472.42219390, 44844.047445, 1000.0, 1003.3, -3.3,  0.79,  0.90, -0.10,  0.0,  0.0,  0.0
1033472.42469390, 44844.722562, 1000.0, 1003.4, -3.4,  0.79,  0.90, -0.10,  0.0,  0.0,  0.0
1033472.42719390, 44844.346470, 1000.0, 1003.5, -3.5,  0.79,  0.90, -0.10,  0.0,  0.0,  0.0
1033472.42969390, 44843.411771, 1000.0, 1003.6, -3.6,  0.79,  0.90, -0.10,  0.0,  0.0,  0.0
1033472.43219390, 44840.372008, 1000.0, 1003.7, -3.7,  0.79,  0.90, -0.10,  0.0,  0.0,  0.0
1033472.43469390, 44840.845065, 1000.0,  999.3,  0.7,  0.79,  0.91, -0.12,  0.0,  0.0,  0.0
1033472.43719390, 44842.371127, 1000.0,  992.9,  7.1,  0.79,  0.92, -0.13,  0.0,  0.0,  0.0
1033472.43969390, 44844.396978, 1000.0,  986.5,  13.5,  0.79,  0.94, -0.15,  0.0,  0.0,  0.0
1033472.44219390, 44845.202716, 1000.0,  980.1,  19.9,  0.79,  0.96, -0.17,  0.0,  0.0,  0.0
1033472.44469390, 44845.146249, 1000.0,  973.7,  26.3,  0.79,  0.97, -0.18,  0.0,  0.0,  0.0
1033472.44719390, 44843.740510, 1000.0,  967.3,  32.7,  0.79,  0.99, -0.20,  0.0,  0.0,  0.0
1033472.44969390, 44841.571837, 1000.0,  961.0,  39.0,  0.79,  1.01, -0.22,  0.0,  0.0,  0.0
1033472.45219390, 44840.488069, 1000.0,  954.6,  45.4,  0.79,  1.03, -0.23,  0.0,  0.0,  0.0
1033472.45469390, 44840.510028, 1000.0,  948.2,  51.8,  0.79,  1.04, -0.25,  0.0,  0.0,  0.0
1033472.45719390, 44840.544935, 1000.0,  941.8,  58.2,  0.79,  1.06, -0.27,  0.0,  0.0,  0.0
1033472.45969390, 44841.715640, 1000.0,  935.4,  64.6,  0.79,  1.08, -0.28,  0.0,  0.0,  0.0
1033472.46219390, 44845.341697, 1000.0,  929.0,  71.0,  0.79,  1.09, -0.30,  0.0,  0.0,  0.0
1033472.46469390, 44845.260397, 1000.0,  922.7,  77.3,  0.79,  1.11, -0.32,  0.0,  0.0,  0.0
1033472.46719390, 44844.801231, 1000.0,  916.3,  83.7,  0.79,  1.13, -0.34,  0.0,  0.0,  0.0
1033472.46969390, 44844.171706, 1000.0,  909.9,  90.1,  0.79,  1.14, -0.35,  0.0,  0.0,  0.0
1033472.47219390, 44842.277868, 1000.0,  903.5,  96.5,  0.79,  1.16, -0.37,  0.0,  0.0,  0.0
1033472.47469390, 44840.231082, 1000.0,  897.1,  102.9,  0.79,  1.18, -0.39,  0.0,  0.0,  0.0
1033472.47719390, 44840.270017, 1000.0,  890.7,  109.3,  0.79,  1.19, -0.40,  0.0,  0.0,  0.0
1033472.47969390, 44840.308952, 1000.0,  884.4,  115.6,  0.79,  1.21, -0.42,  0.0,  0.0,  0.0
1033472.48219390, 44840.347887, 1000.0,  878.0,  122.0,  0.79,  1.23, -0.44,  0.0,  0.0,  0.0
1033472.48469390, 44840.876430, 1000.0,  871.6,  128.4,  0.79,  1.24, -0.45,  0.0,  0.0,  0.0
1033472.48719390, 44842.936264, 1000.0,  865.2,  134.8,  0.79,  1.26, -0.47,  0.0,  0.0,  0.0
1033472.48969390, 44842.936264, 1000.0,  858.8,  141.2,  0.79,  1.28, -0.49,  0.0,  0.0,  0.0
1033472.49219390, 44842.936264, 1000.0,  852.4,  147.6,  0.79,  1.30, -0.50,  0.0,  0.0,  0.0
1033472.49469390, 44840.626832, 1000.0,  846.1,  153.9,  0.79,  1.31, -0.52,  0.0,  0.0,  0.0
1033472.49719390, 44841.269552, 1000.0,  839.7,  160.3,  0.79,  1.33, -0.54,  0.0,  0.0,  0.0
1033472.49969390, 44843.027425, 1000.0,  833.3,  166.7,  0.79,  1.35, -0.56,  0.0,  0.0,  0.0
1033472.50219390, 44844.114557, 1000.0,  832.1,  167.9,  0.79,  1.36, -0.56,  0.0,  0.0,  0.0
1033472.50469390, 44843.986064, 1000.0,  835.2,  164.8,  0.79,  1.36, -0.57,  0.0,  0.0,  0.0
1033472.50719390, 44842.893501, 1000.0,  838.4,  161.6,  0.79,  1.36, -0.57,  0.0,  0.0,  0.0
1033472.50969390, 44841.557607, 1000.0,  841.6,  158.4,  0.79,  1.37, -0.58,  0.0,  0.0,  0.0
1033472.51219390, 44839.969909, 1000.0,  844.7,  155.3,  0.79,  1.37, -0.58,  0.0,  0.0,  0.0
1033472.51469390, 44840.848408, 1000.0,  847.9,  152.1,  0.79,  1.37, -0.58,  0.0,  0.0,  0.0
1033472.51719390, 44842.070309, 1000.0,  851.0,  149.0,  0.79,  1.38, -0.59,  0.0,  0.0,  0.0
1033472.51969390, 44843.855247, 1000.0,  854.2,  145.8,  0.79,  1.38, -0.59,  0.0,  0.0,  0.0
1033472.52219390, 44844.487263, 1000.0,  857.3,  142.7,  0.79,  1.38, -0.59,  0.0,  0.0,  0.0
1033472.52469390, 44844.853332, 1000.0,  860.5,  139.5,  0.79,  1.39, -0.60,  0.0,  0.0,  0.0
1033472.52719390, 44844.551367, 1000.0,  863.7,  136.3,  0.79,  1.39, -0.60,  0.0,  0.0,  0.0
1033472.52969390, 44841.538092, 1000.0,  866.8,  133.2,  0.79,  1.39, -0.60,  0.0,  0.0,  0.0
1033472.53219390, 44840.530781, 1000.0,  870.0,  130.0,  0.79,  1.40, -0.61,  0.0,  0.0,  0.0
1033472.53469390, 44840.448982, 1000.0,  873.1,  126.9,  0.79,  1.40, -0.61,  0.0,  0.0,  0.0
1033472.53719390, 44840.600880, 1000.0,  876.3,  123.7,  0.79,  1.40, -0.61,  0.0,  0.0,  0.0
1033472.53969390, 44840.977088, 1000.0,  879.5,  120.5,  0.79,  1.41, -0.62,  0.0,  0.0,  0.0
1033472.54219390, 44845.208179, 1000.0,  882.6,  117.4,  0.79,  1.41, -0.62,  0.0,  0.0,  0.0
1033472.54469390, 44845.330271, 1000.0,  885.8,  114.2,  0.79,  1.41, -0.62,  0.0,  0.0,  0.0
1033472.54719390, 44844.460100, 1000.0,  888.9,  111.1,  0.79,  1.42, -0.63,  0.0,  0.0,  0.0
1033472.54969390, 44843.280400, 1000.0,  892.1,  107.9,  0.79,  1.42, -0.63,  0.0,  0.0,  0.0
1033472.55219390, 44841.074209, 1000.0,  895.2,  104.8,  0.79,  1.42, -0.63,  0.0,  0.0,  0.0
1033472.55469390, 44840.497872, 1000.0,  898.4,  101.6,  0.79,  1.43, -0.64,  0.0,  0.0,  0.0
1033472.55719390, 44840.618715, 1000.0,  901.6,  98.4,  0.79,  1.43, -0.64,  0.0,  0.0,  0.0
1033472.55969390, 44840.739559, 1000.0,  904.7,  95.3,  0.79,  1.43, -0.64,  0.0,  0.0,  0.0
1033472.56219390, 44843.978322, 1000.0,  907.9,  92.1,  0.79,  1.44, -0.65,  0.0,  0.0,  0.0
1033472.56469390, 44845.067425, 1000.0,  911.0,  89.0,  0.79,  1.44, -0.65,  0.0,  0.0,  0.0
1033472.56719390, 44844.149088, 1000.0,  913.9,  86.1,  0.79,  1.44, -0.65,  0.0,  0.0,  0.0
1033472.56969390, 44842.205302, 1000.0,  916.4,  83.6,  0.79,  1.45, -0.66,  0.0,  0.0,  0.0
1033472.57219390, 44840.677133, 1000.0,  918.9,  81.1,  0.79,  1.45, -0.66,  0.0,  0.0,  0.0
1033472.57469390, 44840.868426, 1000.0,  921.4,  78.6,  0.79,  1.45, -0.66,  0.0,  0.0,  0.0
1033472.57719390, 44842.124463, 1000.0,  924.0,  76.0,  0.79,  1.45, -0.66,  0.0,  0.0,  0.0
1033472.57969390, 44843.822855, 1000.0,  926.5,  73.5,  0.79,  1.45, -0.66,  0.0,  0.0,  0.0
1033472.58219390, 44844.205359, 1000.0,  929.0,  71.0,  0.79,  1.46, -0.67,  0.0,  0.0,  0.0
1033472.58469390, 44844.507275, 1000.0,  931.5,  68.5,  0.79,  1.46, -0.67,  0.0,  0.0,  0.0
1033472.58719390, 44844.232941, 1000.0,  934.0,  66.0,  0.79,  1.46, -0.67,  0.0,  0.0,  0.0
1033472.58969390, 44841.954452, 1000.0,  936.5,  63.5,  0.79,  1.46, -0.67,  0.0,  0.0,  0.0
1033472.59219390, 44841.369155, 1000.0,  939.0,  61.0,  0.79,  1.47, -0.67,  0.0,  0.0,  0.0
1033472.59469390, 44840.989648, 1000.0,  941.5,  58.5,  0.79,  1.47, -0.68,  0.0,  0.0,  0.0
1033472.59719390, 44840.610140, 1000.0,  944.0,  56.0,  0.79,  1.47, -0.68,  0.0,  0.0,  0.0
1033472.59969390, 44841.544664, 1000.0,  946.5,  53.5,  0.79,  1.47, -0.68,  0.0,  0.0,  0.0
1033472.60219390, 44844.140180, 1000.0,  949.0,  51.0,  0.79,  1.47, -0.68,  0.0,  0.0,  0.0
1033472.60469390, 44844.640002, 1000.0,  951.5,  48.5,  0.79,  1.48, -0.68,  0.0,  0.0,  0.0
1033472.60719390, 44845.139824, 1000.0,  954.0,  46.0,  0.79,  1.48, -0.69,  0.0,  0.0,  0.0
1033472.60969390, 44841.912804, 1000.0,  956.5,  43.5,  0.79,  1.48, -0.69,  0.0,  0.0,  0.0
1033472.61219390, 44840.932344, 1000.0,  959.0,  41.0,  0.79,  1.48, -0.69,  0.0,  0.0,  0.0
1033472.61469390, 44840.535978, 1000.0,  961.5,  38.5,  0.79,  1.48, -0.69,  0.0,  0.0,  0.0
1033472.61719390, 44841.006940, 1000.0,  964.0,  36.0,  0.79,  1.49, -0.69,  0.0,  0.0,  0.0
1033472.61969390, 44844.272540, 1000.0,  966.5,  33.5,  0.79,  1.49, -0.70,  0.0,  0.0,  0.0
1033472.62219390, 44845.333995, 1000.0,  969.0,  31.0,  0.79,  1.49, -0.70,  0.0,  0.0,  0.0
1033472.62469390, 44845.085978, 1000.0,  970.0,  30.0,  0.79,  1.49, -0.70,  0.0,  0.0,  0.0
1033472.62719390, 44843.653730, 1000.0,  970.7,  29.3,  0.79,  1.49, -0.70,  0.0,  0.0,  0.0
1033472.62969390, 44841.653367, 1000.0,  971.3,  28.7,  0.79,  1.49, -0.70,  0.0,  0.0,  0.0
1033472.63219390, 44840.589480, 1000.0,  972.0,  28.0,  0.79,  1.49, -0.70,  0.0,  0.0,  0.0
1033472.63469390, 44840.501247, 1000.0,  972.7,  27.3,  0.79,  1.49, -0.70,  0.0,  0.0,  0.0
1033472.63719390, 44842.748149, 1000.0,  973.3,  26.7,  0.79,  1.49, -0.70,  0.0,  0.0,  0.0
1033472.63969390, 44844.197780, 1000.0,  974.0,  26.0,  0.79,  1.49, -0.70,  0.0,  0.0,  0.0
1033472.64219390, 44844.380211, 1000.0,  974.7,  25.3,  0.79,  1.49, -0.70,  0.0,  0.0,  0.0
1033472.64469390, 44844.713552, 1000.0,  975.4,  24.6,  0.79,  1.49, -0.70,  0.0,  0.0,  0.0
1033472.64719390, 44844.647935, 1000.0,  976.0,  24.0,  0.79,  1.50, -0.70,  0.0,  0.0,  0.0
1033472.64969390, 44841.300571, 1000.0,  976.7,  23.3,  0.79,  1.50, -0.70,  0.0,  0.0,  0.0
1033472.65219390, 44841.300571, 1000.0,  977.4,  22.6,  0.79,  1.50, -0.71,  0.0,  0.0,  0.0
1033472.65469390, 44841.180088, 1000.0,  978.0,  22.0,  0.79,  1.50, -0.71,  0.0,  0.0,  0.0
1033472.65719390, 44840.800062, 1000.0,  978.7,  21.3,  0.79,  1.50, -0.71,  0.0,  0.0,  0.0
1033472.65969390, 44843.348666, 1000.0,  979.4,  20.6,  0.79,  1.50, -0.71,  0.0,  0.0,  0.0
1033472.66219390, 44844.018788, 1000.0,  980.1,  19.9,  0.79,  1.50, -0.71,  0.0,  0.0,  0.0
1033472.66469390, 44844.444716, 1000.0,  980.7,  19.3,  0.79,  1.50, -0.71,  0.0,  0.0,  0.0
1033472.66719390, 44844.235918, 1000.0,  981.4,  18.6,  0.79,  1.50, -0.71,  0.0,  0.0,  0.0
1033472.66969390, 44841.172281, 1000.0,  982.1,  17.9,  0.79,  1.50, -0.71,  0.0,  0.0,  0.0
1033472.67219390, 44841.172281, 1000.0,  982.7,  17.3,  0.79,  1.50, -0.71,  0.0,  0.0,  0.0
1033472.67469390, 44841.172281, 1000.0,  983.4,  16.6,  0.79,  1.50, -0.71,  0.0,  0.0,  0.0
1033472.67719390, 44841.592672, 1000.0,  984.1,  15.9,  0.79,  1.50, -0.71,  0.0,  0.0,  0.0
1033472.67969390, 44843.631433, 1000.0,  984.8,  15.2,  0.79,  1.50, -0.71,  0.0,  0.0,  0.0
1033472.68469390, 44844.894874, 1000.0,  985.8,  14.2,  0.79,  1.50, -0.71,  0.0,  0.0,  0.0
1033472.68719390, 44843.635771, 1000.0,  986.2,  13.8,  0.79,  1.50, -0.71,  0.0,  0.0,  0.0
1033472.68969390, 44841.222305, 1000.0,  986.5,  13.5,  0.79,  1.51, -0.71,  0.0,  0.0,  0.0
1033472.69219390, 44840.304492, 1000.0,  986.8,  13.2,  0.79,  1.51, -0.71,  0.0,  0.0,  0.0
1033472.69469390, 44841.043991, 1000.0,  987.1,  12.9,  0.79,  1.51, -0.72,  0.0,  0.0,  0.0
1033472.69719390, 44842.256922, 1000.0,  987.5,  12.5,  0.79,  1.51, -0.72,  0.0,  0.0,  0.0
1033472.69969390, 44844.217108, 1000.0,  987.8,  12.2,  0.79,  1.51, -0.72,  0.0,  0.0,  0.0
1033472.70219390, 44845.193156, 1000.0,  988.1,  11.9,  0.79,  1.51, -0.72,  0.0,  0.0,  0.0
1033472.70469390, 44844.993115, 1000.0,  988.5,  11.5,  0.79,  1.51, -0.72,  0.0,  0.0,  0.0
1033472.70719390, 44844.031816, 1000.0,  988.8,  11.2,  0.79,  1.51, -0.72,  0.0,  0.0,  0.0
1033472.70969390, 44842.943943, 1000.0,  989.1,  10.9,  0.79,  1.51, -0.72,  0.0,  0.0,  0.0
1033472.71219390, 44841.138569, 1000.0,  989.5,  10.5,  0.79,  1.51, -0.72,  0.0,  0.0,  0.0
1033472.71469390, 44841.108136, 1000.0,  989.8,  10.2,  0.79,  1.51, -0.72,  0.0,  0.0,  0.0
1033472.71719390, 44841.108136, 1000.0,  990.1,  9.9,  0.79,  1.51, -0.72,  0.0,  0.0,  0.0
1033472.71969390, 44841.108136, 1000.0,  990.4,  9.6,  0.79,  1.51, -0.72,  0.0,  0.0,  0.0
1033472.72219390, 44841.719521, 1000.0,  990.8,  9.2,  0.79,  1.52, -0.72,  0.0,  0.0,  0.0
1033472.72469390, 44842.687271, 1000.0,  991.1,  8.9,  0.79,  1.52, -0.73,  0.0,  0.0,  0.0
1033472.72719390, 44843.655020, 1000.0,  991.4,  8.6,  0.79,  1.52, -0.73,  0.0,  0.0,  0.0
1033472.72969390, 44844.622770, 1000.0,  991.8,  8.2,  0.79,  1.52, -0.73,  0.0,  0.0,  0.0
1033472.73219390, 44842.050448, 1000.0,  992.1,  7.9,  0.79,  1.52, -0.73,  0.0,  0.0,  0.0
1033472.73469390, 44840.250401, 1000.0,  992.4,  7.6,  0.79,  1.52, -0.73,  0.0,  0.0,  0.0
1033472.73719390, 44840.165696, 1000.0,  992.8,  7.2,  0.79,  1.52, -0.73,  0.0,  0.0,  0.0
1033472.73969390, 44841.848539, 1000.0,  993.1,  6.9,  0.79,  1.52, -0.73,  0.0,  0.0,  0.0
1033472.74219390, 44844.060742, 1000.0,  993.4,  6.6,  0.79,  1.52, -0.73,  0.0,  0.0,  0.0
1033472.74469390, 44844.519021, 1000.0,  993.6,  6.4,  0.79,  1.52, -0.73,  0.0,  0.0,  0.0
1033472.74719390, 44844.470991, 1000.0,  993.7,  6.3,  0.79,  1.52, -0.73,  0.0,  0.0,  0.0
1033472.74969390, 44842.187130, 1000.0,  993.8,  6.2,  0.79,  1.52, -0.73,  0.0,  0.0,  0.0
1033472.75219390, 44840.329113, 1000.0,  993.9,  6.1,  0.79,  1.52, -0.73,  0.0,  0.0,  0.0
1033472.75469390, 44840.402543, 1000.0,  993.9,  6.1,  0.79,  1.52, -0.73,  0.0,  0.0,  0.0
1033472.75719390, 44841.711436, 1000.0,  994.0,  6.0,  0.79,  1.52, -0.73,  0.0,  0.0,  0.0
1033472.75969390, 44843.707735, 1000.0,  994.1,  5.9,  0.79,  1.52, -0.73,  0.0,  0.0,  0.0
1033472.76219390, 44845.003064, 1000.0,  994.1,  5.9,  0.79,  1.52, -0.73,  0.0,  0.0,  0.0
1033472.76469390, 44844.604031, 1000.0,  994.2,  5.8,  0.79,  1.52, -0.73,  0.0,  0.0,  0.0
1033472.76719390, 44843.557533, 1000.0,  994.3,  5.7,  0.79,  1.52, -0.73,  0.0,  0.0,  0.0
1033472.76969390, 44841.407734, 1000.0,  994.3,  5.7,  0.79,  1.52, -0.73,  0.0,  0.0,  0.0
1033472.77219390, 44840.238986, 1000.0,  994.4,  5.6,  0.79,  1.52, -0.73,  0.0,  0.0,  0.0
1033472.77469390, 44840.268330, 1000.0,  994.5,  5.5,  0.79,  1.52, -0.73,  0.0,  0.0,  0.0
1033472.77719390, 44840.297673, 1000.0,  994.6,  5.4,  0.79,  1.52, -0.73,  0.0,  0.0,  0.0
1033472.77969390, 44842.119187, 1000.0,  994.6,  5.4,  0.79,  1.52, -0.73,  0.0,  0.0,  0.0
1033472.78219390, 44844.907887, 1000.0,  994.7,  5.3,  0.79,  1.52, -0.73,  0.0,  0.0,  0.0
1033472.78469390, 44844.951903, 1000.0,  994.8,  5.2,  0.79,  1.52, -0.73,  0.0,  0.0,  0.0
1033472.78719390, 44843.904271, 1000.0,  994.8,  5.2,  0.79,  1.52, -0.73,  0.0,  0.0,  0.0
1033472.78969390, 44842.957634, 1000.0,  994.9,  5.1,  0.79,  1.52, -0.73,  0.0,  0.0,  0.0
1033472.79219390, 44842.055523, 1000.0,  995.0,  5.0,  0.79,  1.52, -0.73,  0.0,  0.0,  0.0
1033472.79469390, 44841.287263, 1000.0,  995.0,  5.0,  0.79,  1.52, -0.73,  0.0,  0.0,  0.0
1033472.79719390, 44840.676515, 1000.0,  995.1,  4.9,  0.79,  1.52, -0.73,  0.0,  0.0,  0.0
1033472.79969390, 44842.166048, 1000.0,  995.2,  4.8,  0.79,  1.52, -0.73,  0.0,  0.0,  0.0
1033472.80219390, 44843.923189, 1000.0,  995.3,  4.7,  0.79,  1.52, -0.73,  0.0,  0.0,  0.0
1033472.80469390, 44844.446543, 1000.0,  995.3,  4.7,  0.79,  1.52, -0.73,  0.0,  0.0,  0.0
1033472.80719390, 44844.969898, 1000.0,  995.4,  4.6,  0.79,  1.52, -0.73,  0.0,  0.0,  0.0
1033472.80969390, 44843.186857, 1000.0,  995.5,  4.5,  0.79,  1.52, -0.73,  0.0,  0.0,  0.0
1033472.81219390, 44841.366598, 1000.0,  995.5,  4.5,  0.79,  1.52, -0.73,  0.0,  0.0,  0.0
1033472.81469390, 44840.572020, 1000.0,  995.6,  4.4,  0.79,  1.52, -0.73,  0.0,  0.0,  0.0
1033472.81719390, 44841.265113, 1000.0,  995.6,  4.4,  0.79,  1.52, -0.73,  0.0,  0.0,  0.0
1033472.81969390, 44842.470766, 1000.0,  995.6,  4.4,  0.79,  1.52, -0.73,  0.0,  0.0,  0.0
1033472.82219390, 44844.119837, 1000.0,  995.6,  4.4,  0.79,  1.52, -0.73,  0.0,  0.0,  0.0
1033472.82469390, 44845.331006, 1000.0,  995.6,  4.4,  0.79,  1.52, -0.73,  0.0,  0.0,  0.0
1033472.82719390, 44843.898030, 1000.0,  995.6,  4.4,  0.79,  1.52, -0.73,  0.0,  0.0,  0.0
1033472.82969390, 44841.449664, 1000.0,  995.6,  4.4,  0.79,  1.52, -0.73,  0.0,  0.0,  0.0
1033472.83219390, 44840.315623, 1000.0,  995.6,  4.4,  0.79,  1.52, -0.73,  0.0,  0.0,  0.0
1033472.83469390, 44840.668218, 1000.0,  995.6,  4.4,  0.79,  1.52, -0.73,  0.0,  0.0,  0.0
1033472.83719390, 44841.183305, 1000.0,  995.6,  4.4,  0.79,  1.52, -0.73,  0.0,  0.0,  0.0
1033472.83969390, 44841.698393, 1000.0,  995.6,  4.4,  0.79,  1.52, -0.73,  0.0,  0.0,  0.0
1033472.84219390, 44843.062870, 1000.0,  995.6,  4.4,  0.79,  1.52, -0.73,  0.0,  0.0,  0.0
1033472.84469390, 44844.956827, 1000.0,  995.6,  4.4,  0.79,  1.52, -0.73,  0.0,  0.0,  0.0
1033472.84719390, 44843.773981, 1000.0,  995.6,  4.4,  0.79,  1.52, -0.73,  0.0,  0.0,  0.0
1033472.84969390, 44842.892837, 1000.0,  995.6,  4.4,  0.79,  1.52, -0.73,  0.0,  0.0,  0.0
1033472.85219390, 44842.340252, 1000.0,  995.6,  4.4,  0.79,  1.52, -0.73,  0.0,  0.0,  0.0
1033472.85469390, 44841.787667, 1000.0,  995.6,  4.4,  0.79,  1.52, -0.73,  0.0,  0.0,  0.0
1033472.85719390, 44841.981820, 1000.0,  995.6,  4.4,  0.79,  1.52, -0.73,  0.0,  0.0,  0.0
1033472.85969390, 44843.326834, 1000.0,  995.6,  4.4,  0.79,  1.52, -0.73,  0.0,  0.0,  0.0
1033472.86219390, 44844.069509, 1000.0,  995.6,  4.4,  0.79,  1.52, -0.73,  0.0,  0.0,  0.0
1033472.86469390, 44844.501739, 1000.0,  995.6,  4.4,  0.79,  1.52, -0.73,  0.0,  0.0,  0.0
1033472.86719390, 44844.393927, 1000.0,  995.6,  4.4,  0.79,  1.52, -0.73,  0.0,  0.0,  0.0
1033472.86969390, 44841.644199, 1000.0,  995.6,  4.4,  0.79,  1.52, -0.73,  0.0,  0.0,  0.0
1033472.87219390, 44840.924164, 1000.0,  995.6,  4.4,  0.79,  1.52, -0.73,  0.0,  0.0,  0.0
1033472.87469390, 44840.385915, 1000.0,  995.6,  4.4,  0.79,  1.52, -0.73,  0.0,  0.0,  0.0
1033472.87719390, 44841.497471, 1000.0,  995.6,  4.4,  0.79,  1.52, -0.73,  0.0,  0.0,  0.0
1033472.87969390, 44842.981912, 1000.0,  995.6,  4.4,  0.79,  1.52, -0.73,  0.0,  0.0,  0.0
1033472.88219390, 44844.619372, 1000.0,  995.7,  4.3,  0.79,  1.52, -0.73,  0.0,  0.0,  0.0
1033472.88469390, 44844.864081, 1000.0,  995.8,  4.2,  0.79,  1.52, -0.73,  0.0,  0.0,  0.0
1033472.88719390, 44843.597734, 1000.0,  995.9,  4.1,  0.79,  1.52, -0.73,  0.0,  0.0,  0.0
1033472.88969390, 44841.837288, 1000.0,  996.0,  4.0,  0.79,  1.52, -0.73,  0.0,  0.0,  0.0
1033472.89219390, 44840.291376, 1000.0,  996.1,  3.9,  0.79,  1.52, -0.73,  0.0,  0.0,  0.0
1033472.89469390, 44840.552799, 1000.0,  996.2,  3.8,  0.79,  1.52, -0.73,  0.0,  0.0,  0.0
1033472.89719390, 44841.136190, 1000.0,  996.3,  3.7,  0.79,  1.52, -0.73,  0.0,  0.0,  0.0
1033472.89969390, 44841.741737, 1000.0,  996.4,  3.6,  0.79,  1.52, -0.73,  0.0,  0.0,  0.0
1033472.90219390, 44845.020972, 1000.0,  996.5,  3.5,  0.79,  1.52, -0.73,  0.0,  0.0,  0.0
1033472.90469390, 44844.924597, 1000.0,  996.6,  3.4,  0.79,  1.52, -0.73,  0.0,  0.0,  0.0
1033472.90719390, 44844.736598, 1000.0,  996.7,  3.3,  0.79,  1.52, -0.73,  0.0,  0.0,  0.0
1033472.90969390, 44843.892474, 1000.0,  996.8,  3.2,  0.79,  1.52, -0.73,  0.0,  0.0,  0.0
1033472.91219390, 44840.648431, 1000.0,  996.9,  3.1,  0.79,  1.52, -0.73,  0.0,  0.0,  0.0
1033472.91469390, 44840.582591, 1000.0,  997.0,  3.0,  0.79,  1.52, -0.73,  0.0,  0.0,  0.0
1033472.91719390, 44840.989504, 1000.0,  997.1,  2.9,  0.79,  1.52, -0.73,  0.0,  0.0,  0.0
1033472.91969390, 44842.294405, 1000.0,  997.1,  2.9,  0.79,  1.52, -0.73,  0.0,  0.0,  0.0
1033472.92219390, 44844.235531, 1000.0,  997.2,  2.8,  0.79,  1.52, -0.73,  0.0,  0.0,  0.0
1033472.92469390, 44845.121505, 1000.0,  997.3,  2.7,  0.79,  1.52, -0.73,  0.0,  0.0,  0.0
1033472.92719390, 44844.207469, 1000.0,  997.4,  2.6,  0.79,  1.52, -0.73,  0.0,  0.0,  0.0
1033472.92969390, 44842.832646, 1000.0,  997.5,  2.5,  0.79,  1.52, -0.73,  0.0,  0.0,  0.0
1033472.93469390, 44840.663462, 1000.0, 1001.9, -1.9,  0.79,  1.51, -0.72,  0.0,  0.0,  0.0
1033472.93719390, 44841.819620, 1000.0, 1009.0, -9.0,  0.79,  1.49, -0.70,  0.0,  0.0,  0.0
1033472.93969390, 44843.593319, 1000.0, 1016.2, -16.2,  0.79,  1.47, -0.68,  0.0,  0.0,  0.0
1033472.94219390, 44845.234768, 1000.0, 1023.3, -23.3,  0.79,  1.45, -0.66,  0.0,  0.0,  0.0
1033472.94469390, 44844.861894, 1000.0, 1030.5, -30.5,  0.79,  1.43, -0.64,  0.0,  0.0,  0.0
1033472.94719390, 44843.460114, 1000.0, 1037.7, -37.7,  0.79,  1.41, -0.62,  0.0,  0.0,  0.0
1033472.94969390, 44842.387709, 1000.0, 1044.8, -44.8,  0.79,  1.39, -0.60,  0.0,  0.0,  0.0
1033472.95219390, 44840.549509, 1000.0, 1052.0, -52.0,  0.79,  1.37, -0.58,  0.0,  0.0,  0.0
1033472.95469390, 44841.009163, 1000.0, 1059.1, -59.1,  0.79,  1.35, -0.56,  0.0,  0.0,  0.0
1033472.95719390, 44842.262743, 1000.0, 1066.3, -66.3,  0.79,  1.33, -0.54,  0.0,  0.0,  0.0
1033472.95969390, 44842.748374, 1000.0, 1073.5, -73.5,  0.79,  1.31, -0.52,  0.0,  0.0,  0.0
1033472.96219390, 44843.656638, 1000.0, 1080.6, -80.6,  0.79,  1.29, -0.50,  0.0,  0.0,  0.0
1033472.96469390, 44845.053348, 1000.0, 1087.8, -87.8,  0.79,  1.27, -0.48,  0.0,  0.0,  0.0
1033472.96719390, 44843.669476, 1000.0, 1094.9, -94.9,  0.79,  1.25, -0.46,  0.0,  0.0,  0.0
1033472.96969390, 44842.690461, 1000.0, 1102.1, -102.1,  0.79,  1.23, -0.44,  0.0,  0.0,  0.0
1033472.97219390, 44841.721434, 1000.0, 1109.3, -109.3,  0.79,  1.21, -0.42,  0.0,  0.0,  0.0
1033472.97469390, 44840.897376, 1000.0, 1116.4, -116.4,  0.79,  1.19, -0.40,  0.0,  0.0,  0.0
1033472.97719390, 44841.287281, 1000.0, 1123.6, -123.6,  0.79,  1.17, -0.38,  0.0,  0.0,  0.0
1033472.97969390, 44843.250519, 1000.0, 1130.7, -130.7,  0.79,  1.15, -0.36,  0.0,  0.0,  0.0
1033472.98219390, 44844.506929, 1000.0, 1137.9, -137.9,  0.79,  1.13, -0.34,  0.0,  0.0,  0.0
1033472.98469390, 44844.548375, 1000.0, 1145.1, -145.1,  0.79,  1.11, -0.32,  0.0,  0.0,  0.0
1033472.98719390, 44843.224916, 1000.0, 1152.2, -152.2,  0.79,  1.09, -0.30,  0.0,  0.0,  0.0
1033472.98969390, 44842.262065, 1000.0, 1159.4, -159.4,  0.79,  1.07, -0.28,  0.0,  0.0,  0.0
1033472.99219390, 44841.105651, 1000.0, 1166.5, -166.5,  0.79,  1.05, -0.26,  0.0,  0.0,  0.0
1033472.99469390, 44840.439342, 1000.0, 1173.7, -173.7,  0.79,  1.03, -0.24,  0.0,  0.0,  0.0
1033472.99719390, 44841.392268, 1000.0, 1180.9, -180.9,  0.79,  1.01, -0.22,  0.0,  0.0,  0.0
1033472.99969390, 44843.273576, 1000.0, 1183.6, -183.6,  0.79,  1.00, -0.21,  0.0,  0.0,  0.0
1033473.00219390, 44845.462323, 1000.0, 1179.8, -179.8,  0.79,  1.00, -0.21,  0.0,  0.0,  0.0
1033473.00469390, 44844.737742, 1000.0, 1176.1, -176.1,  0.79,  0.99, -0.20,  0.0,  0.0,  0.0
1033473.00719390, 44843.417351, 1000.0, 1172.4, -172.4,  0.79,  0.99, -0.20,  0.0,  0.0,  0.0
1033473.00969390, 44841.792487, 1000.0, 1168.7, -168.7,  0.79,  0.99, -0.20,  0.0,  0.0,  0.0
1033473.01219390, 44839.609808, 1000.0, 1165.0, -165.0,  0.79,  0.99, -0.19,  0.0,  0.0,  0.0
1033473.01469390, 44840.830095, 1000.0, 1161.2, -161.2,  0.79,  0.98, -0.19,  0.0,  0.0,  0.0
1033473.01719390, 44841.952710, 1000.0, 1157.5, -157.5,  0.79,  0.98, -0.19,  0.0,  0.0,  0.0
1033473.01969390, 44842.483492, 1000.0, 1153.8, -153.8,  0.79,  0.98, -0.19,  0.0,  0.0,  0.0
1033473.02219390, 44843.306768, 1000.0, 1150.1, -150.1,  0.79,  0.97, -0.18,  0.0,  0.0,  0.0
1033473.02469390, 44844.599176, 1000.0, 1146.4, -146.4,  0.79,  0.97, -0.18,  0.0,  0.0,  0.0
1033473.02719390, 44843.610317, 1000.0, 1142.6, -142.6,  0.79,  0.97, -0.18,  0.0,  0.0,  0.0
1033473.02969390, 44841.665455, 1000.0, 1138.9, -138.9,  0.79,  0.96, -0.17,  0.0,  0.0,  0.0
1033473.03219390, 44840.676794, 1000.0, 1135.2, -135.2,  0.79,  0.96, -0.17,  0.0,  0.0,  0.0
1033473.03469390, 44840.284147, 1000.0, 1131.5, -131.5,  0.79,  0.96, -0.17,  0.0,  0.0,  0.0
1033473.03719390, 44841.062601, 1000.0, 1127.8, -127.8,  0.79,  0.96, -0.16,  0.0,  0.0,  0.0
1033473.03969390, 44843.222896, 1000.0, 1124.0, -124.0,  0.79,  0.95, -0.16,  0.0,  0.0,  0.0
1033473.04219390, 44844.218344, 1000.0, 1120.3, -120.3,  0.79,  0.95, -0.16,  0.0,  0.0,  0.0
1033473.04469390, 44844.753062, 1000.0, 1116.6, -116.6,  0.79,  0.95, -0.16,  0.0,  0.0,  0.0
1033473.04719390, 44843.857093, 1000.0, 1112.9, -112.9,  0.79,  0.94, -0.15,  0.0,  0.0,  0.0
1033473.04969390, 44842.150455, 1000.0, 1109.1, -109.1,  0.79,  0.94, -0.15,  0.0,  0.0,  0.0
1033473.05219390, 44841.064085, 1000.0, 1105.4, -105.4,  0.79,  0.94, -0.15,  0.0,  0.0,  0.0
1033473.05469390, 44840.647983, 1000.0, 1101.7, -101.7,  0.79,  0.93, -0.14,  0.0,  0.0,  0.0
1033473.05719390, 44841.920638, 1000.0, 1098.0, -98.0,  0.79,  0.93, -0.14,  0.0,  0.0,  0.0
1033473.05969390, 44841.920638, 1000.0, 1094.3, -94.3,  0.79,  0.93, -0.14,  0.0,  0.0,  0.0
1033473.06469390, 44844.840530, 1000.0, 1087.1, -87.1,  0.79,  0.92, -0.13,  0.0,  0.0,  0.0
1033473.06719390, 44843.079923, 1000.0, 1084.1, -84.1,  0.79,  0.92, -0.13,  0.0,  0.0,  0.0
1033473.06969390, 44840.998567, 1000.0, 1081.1, -81.1,  0.79,  0.92, -0.13,  0.0,  0.0,  0.0
1033473.07219390, 44840.317016, 1000.0, 1078.1, -78.1,  0.79,  0.92, -0.13,  0.0,  0.0,  0.0
1033473.07469390, 44840.444410, 1000.0, 1075.1, -75.1,  0.79,  0.92, -0.13,  0.0,  0.0,  0.0
1033473.07719390, 44841.568477, 1000.0, 1072.1, -72.1,  0.79,  0.92, -0.13,  0.0,  0.0,  0.0
1033473.07969390, 44843.906457, 1000.0, 1069.1, -69.1,  0.79,  0.92, -0.13,  0.0,  0.0,  0.0
1033473.08219390, 44844.765756, 1000.0, 1066.1, -66.1,  0.79,  0.92, -0.12,  0.0,  0.0,  0.0
1033473.08469390, 44844.468182, 1000.0, 1063.1, -63.1,  0.79,  0.91, -0.12,  0.0,  0.0,  0.0
1033473.08719390, 44843.256989, 1000.0, 1060.1, -60.1,  0.79,  0.91, -0.12,  0.0,  0.0,  0.0
1033473.08969390, 44842.847670, 1000.0, 1057.1, -57.1,  0.79,  0.91, -0.12,  0.0,  0.0,  0.0
1033473.09219390, 44841.912810, 1000.0, 1054.1, -54.1,  0.79,  0.91, -0.12,  0.0,  0.0,  0.0
1033473.09469390, 44841.310575, 1000.0, 1051.1, -51.1,  0.79,  0.91, -0.12,  0.0,  0.0,  0.0
1033473.09719390, 44842.186448, 1000.0, 1048.1, -48.1,  0.79,  0.91, -0.12,  0.0,  0.0,  0.0
1033473.09969390, 44843.183894, 1000.0, 1045.1, -45.1,  0.79,  0.91, -0.12,  0.0,  0.0,  0.0
1033473.10219390, 44844.227086, 1000.0, 1042.0, -42.0,  0.79,  0.91, -0.11,  0.0,  0.0,  0.0
1033473.10469390, 44844.476514, 1000.0, 1039.0, -39.0,  0.79,  0.90, -0.11,  0.0,  0.0,  0.0
1033473.10719390, 44843.428042, 1000.0, 1036.0, -36.0,  0.79,  0.90, -0.11,  0.0,  0.0,  0.0
1033473.10969390, 44843.428042, 1000.0, 1033.0, -33.0,  0.79,  0.90, -0.11,  0.0,  0.0,  0.0
1033473.11219390, 44841.777769, 1000.0, 1030.0, -30.0,  0.79,  0.90, -0.11,  0.0,  0.0,  0.0
1033473.11469390, 44840.416202, 1000.0, 1027.0, -27.0,  0.79,  0.90, -0.11,  0.0,  0.0,  0.0
1033473.11719390, 44841.804396, 1000.0, 1024.0, -24.0,  0.79,  0.90, -0.11,  0.0,  0.0,  0.0
1033473.11969390, 44843.209531, 1000.0, 1021.0, -21.0,  0.79,  0.90, -0.11,  0.0,  0.0,  0.0
1033473.12219390, 44844.483129, 1000.0, 1018.0, -18.0,  0.79,  0.90, -0.10,  0.0,  0.0,  0.0
1033473.12469390, 44844.580215, 1000.0, 1015.7, -15.7,  0.79,  0.90, -0.10,  0.0,  0.0,  0.0
1033473.12719390, 44843.135197, 1000.0, 1015.3, -15.3,  0.79,  0.90, -0.10,  0.0,  0.0,  0.0
1033473.12969390, 44841.022203, 1000.0, 1015.0, -15.0,  0.79,  0.90, -0.10,  0.0,  0.0,  0.0
1033473.13219390, 44840.145446, 1000.0, 1014.6, -14.6,  0.79,  0.90, -0.10,  0.0,  0.0,  0.0
1033473.13469390, 44840.874469, 1000.0, 1014.3, -14.3,  0.79,  0.90, -0.10,  0.0,  0.0,  0.0
1033473.13719390, 44842.214153, 1000.0, 1013.9, -13.9,  0.79,  0.90, -0.10,  0.0,  0.0,  0.0
1033473.13969390, 44844.402145, 1000.0, 1013.6, -13.6,  0.79,  0.90, -0.10,  0.0,  0.0,  0.0
1033473.14219390, 44845.293353, 1000.0, 1013.2, -13.2,  0.79,  0.90, -0.10,  0.0,  0.0,  0.0
1033473.14469390, 44845.020792, 1000.0, 1012.9, -12.9,  0.79,  0.90, -0.10,  0.0,  0.0,  0.0
1033473.14719390, 44844.566165, 1000.0, 1012.5, -12.5,  0.79,  0.90, -0.10,  0.0,  0.0,  0.0
1033473.14969390, 44842.445593, 1000.0, 1012.2, -12.2,  0.79,  0.90, -0.10,  0.0,  0.0,  0.0
1033473.15219390, 44840.432228, 1000.0, 1011.8, -11.8,  0.79,  0.90, -0.10,  0.0,  0.0,  0.0
1033473.15469390, 44840.610270, 1000.0, 1011.4, -11.4,  0.79,  0.90, -0.10,  0.0,  0.0,  0.0
1033473.15719390, 44840.788312, 1000.0, 1011.1, -11.1,  0.79,  0.90, -0.10,  0.0,  0.0,  0.0
1033473.15969390, 44841.085779, 1000.0, 1010.7, -10.7,  0.79,  0.90, -0.10,  0.0,  0.0,  0.0
1033473.16219390, 44842.408179, 1000.0, 1010.4, -10.4,  0.79,  0.90, -0.10,  0.0,  0.0,  0.0
1033473.16469390, 44843.730579, 1000.0, 1010.0, -10.0,  0.79,  0.90, -0.10,  0.0,  0.0,  0.0
1033473.16719390, 44845.052979, 1000.0, 1009.7, -9.7,  0.79,  0.90, -0.10,  0.0,  0.0,  0.0
1033473.16969390, 44842.062883, 1000.0, 1009.3, -9.3,  0.79,  0.90, -0.10,  0.0,  0.0,  0.0
1033473.17219390, 44841.080897, 1000.0, 1009.0, -9.0,  0.79,  0.90, -0.10,  0.0,  0.0,  0.0
1033473.17469390, 44840.581134, 1000.0, 1008.6, -8.6,  0.79,  0.90, -0.10,  0.0,  0.0,  0.0
1033473.17719390, 44841.581568, 1000.0, 1008.3, -8.3,  0.79,  0.90, -0.10,  0.0,  0.0,  0.0
1033473.17969390, 44843.059937, 1000.0, 1007.9, -7.9,  0.79,  0.90, -0.10,  0.0,  0.0,  0.0
1033473.18219390, 44844.409512, 1000.0, 1007.6, -7.6,  0.79,  0.90, -0.10,  0.0,  0.0,  0.0
1033473.18469390, 44844.950508, 1000.0, 1007.5, -7.5,  0.79,  0.90, -0.10,  0.0,  0.0,  0.0
1033473.18719390, 44843.844494, 1000.0, 1007.3, -7.3,  0.79,  0.90, -0.10,  0.0,  0.0,  0.0
1033473.18969390, 44841.580155, 1000.0, 1007.1, -7.1,  0.79,  0.90, -0.10,  0.0,  0.0,  0.0
1033473.19219390, 44840.680627, 1000.0, 1006.9, -6.9,  0.79,  0.90, -0.10,  0.0,  0.0,  0.0
1033473.19469390, 44840.718803, 1000.0, 1006.7, -6.7,  0.79,  0.90, -0.10,  0.0,  0.0,  0.0
1033473.19719390, 44841.918655, 1000.0, 1006.5, -6.5,  0.79,  0.90, -0.10,  0.0,  0.0,  0.0
1033473.19969390, 44843.713886, 1000.0, 1006.4, -6.4,  0.79,  0.90, -0.11,  0.0,  0.0,  0.0
1033473.20219390, 44844.797683, 1000.0, 1006.2, -6.2,  0.79,  0.90, -0.11,  0.0,  0.0,  0.0
1033473.20469390, 44845.062654, 1000.0, 1006.0, -6.0,  0.79,  0.90, -0.11,  0.0,  0.0,  0.0
1033473.20719390, 44844.698439, 1000.0, 1005.8, -5.8,  0.79,  0.90, -0.11,  0.0,  0.0,  0.0
1033473.20969390, 44841.535768, 1000.0, 1005.6, -5.6,  0.79,  0.90, -0.11,  0.0,  0.0,  0.0
1033473.21219390, 44840.854436, 1000.0, 1005.5, -5.5,  0.79,  0.90, -0.11,  0.0,  0.0,  0.0
1033473.21469390, 44840.474848, 1000.0, 1005.3, -5.3,  0.79,  0.90, -0.11,  0.0,  0.0,  0.0
1033473.21719390, 44840.703797, 1000.0, 1005.1, -5.1,  0.79,  0.90, -0.11,  0.0,  0.0,  0.0
1033473.21969390, 44842.878979, 1000.0, 1004.9, -4.9,  0.79,  0.90, -0.11,  0.0,  0.0,  0.0
1033473.22219390, 44844.335423, 1000.0, 1004.7, -4.7,  0.79,  0.90, -0.11,  0.0,  0.0,  0.0
1033473.22469390, 44844.635756, 1000.0, 1004.5, -4.5,  0.79,  0.90, -0.11,  0.0,  0.0,  0.0
1033473.22719390, 44844.936090, 1000.0, 1004.4, -4.4,  0.79,  0.90, -0.11,  0.0,  0.0,  0.0
1033473.22969390, 44843.577500, 1000.0, 1004.2, -4.2,  0.79,  0.90, -0.11,  0.0,  0.0,  0.0
1033473.23219390, 44840.938404, 1000.0, 1004.0, -4.0,  0.79,  0.90, -0.11,  0.0,  0.0,  0.0
1033473.23469390, 44840.649813, 1000.0, 1003.8, -3.8,  0.79,  0.90, -0.11,  0.0,  0.0,  0.0
1033473.23719390, 44841.518500, 1000.0, 1003.7, -3.7,  0.79,  0.90, -0.11,  0.0,  0.0,  0.0
1033473.23969390, 44842.469254, 1000.0, 1003.6, -3.6,  0.79,  0.90, -0.11,  0.0,  0.0,  0.0
1033473.24219390, 44844.292692, 1000.0, 1003.5, -3.5,  0.79,  0.90, -0.11,  0.0,  0.0,  0.0
1033473.24469390, 44844.482120, 1000.0, 1003.4, -3.4,  0.79,  0.90, -0.11,  0.0,  0.0,  0.0
1033473.24719390, 44843.119894, 1000.0, 1003.4, -3.4,  0.79,  0.90, -0.11,  0.0,  0.0,  0.0
1033473.24969390, 44841.284767, 1000.0, 1003.3, -3.3,  0.79,  0.90, -0.11,  0.0,  0.0,  0.0
1033473.25219390, 44840.583572, 1000.0, 1003.2, -3.2,  0.79,  0.90, -0.11,  0.0,  0.0,  0.0
1033473.25469390, 44840.862247, 1000.0, 1003.2, -3.2,  0.79,  0.90, -0.11,  0.0,  0.0,  0.0
1033473.25719390, 44841.628307, 1000.0, 1003.1, -3.1,  0.79,  0.90, -0.11,  0.0,  0.0,  0.0
1033473.25969390, 44843.627398, 1000.0, 1003.0, -3.0,  0.79,  0.90, -0.11,  0.0,  0.0,  0.0
1033473.26219390, 44844.817118, 1000.0, 1002.9, -2.9,  0.79,  0.90, -0.11,  0.0,  0.0,  0.0
1033473.26469390, 44844.658693, 1000.0, 1002.9, -2.9,  0.79,  0.90, -0.11,  0.0,  0.0,  0.0
1033473.26719390, 44842.802994, 1000.0, 1002.8, -2.8,  0.79,  0.90, -0.11,  0.0,  0.0,  0.0
1033473.26969390, 44841.386097, 1000.0, 1002.7, -2.7,  0.79,  0.90, -0.11,  0.0,  0.0,  0.0
1033473.27219390, 44840.750716, 1000.0, 1002.6, -2.6,  0.79,  0.90, -0.11,  0.0,  0.0,  0.0
1033473.27469390, 44840.624662, 1000.0, 1002.6, -2.6,  0.79,  0.90, -0.11,  0.0,  0.0,  0.0
1033473.27719390, 44840.714078, 1000.0, 1002.5, -2.5,  0.79,  0.90, -0.11,  0.0,  0.0,  0.0
1033473.27969390, 44840.803494, 1000.0, 1002.4, -2.4,  0.79,  0.90, -0.11,  0.0,  0.0,  0.0
1033473.28219390, 44841.870914, 1000.0, 1002.3, -2.3,  0.79,  0.90, -0.10,  0.0,  0.0,  0.0
1033473.28469390, 44844.465050, 1000.0, 1002.3, -2.3,  0.79,  0.90, -0.10,  0.0,  0.0,  0.0
1033473.28719390, 44844.269271, 1000.0, 1002.2, -2.2,  0.79,  0.90, -0.10,  0.0,  0.0,  0.0
1033473.28969390, 44843.942625, 1000.0, 1002.1, -2.1,  0.79,  0.90, -0.10,  0.0,  0.0,  0.0
1033473.29219390, 44843.615978, 1000.0, 1002.0, -2.0,  0.79,  0.90, -0.10,  0.0,  0.0,  0.0
1033473.29469390, 44842.032610, 1000.0, 1002.0, -2.0,  0.79,  0.90, -0.10,  0.0,  0.0,  0.0
1033473.29719390, 44841.216419, 1000.0, 1001.9, -1.9,  0.79,  0.90, -0.10,  0.0,  0.0,  0.0
1033473.29969390, 44842.150242, 1000.0, 1001.8, -1.8,  0.79,  0.90, -0.10,  0.0,  0.0,  0.0
1033473.30469390, 44845.332542, 1000.0, 1001.7, -1.7,  0.79,  0.90, -0.10,  0.0,  0.0,  0.0
1033473.30719390, 44844.592691, 1000.0, 1001.8, -1.8,  0.79,  0.90, -0.10,  0.0,  0.0,  0.0
1033473.30969390, 44842.569057, 1000.0, 1001.9, -1.9,  0.79,  0.90, -0.10,  0.0,  0.0,  0.0
1033473.31219390, 44840.975117, 1000.0, 1002.0, -2.0,  0.79,  0.90, -0.10,  0.0,  0.0,  0.0
1033473.31469390, 44840.561262, 1000.0, 1002.1, -2.1,  0.79,  0.90, -0.10,  0.0,  0.0,  0.0
1033473.31719390, 44841.559186, 1000.0, 1002.2, -2.2,  0.79,  0.90, -0.10,  0.0,  0.0,  0.0
1033473.31969390, 44843.188027, 1000.0, 1002.3, -2.3,  0.79,  0.90, -0.10,  0.0,  0.0,  0.0
1033473.32219390, 44844.779005, 1000.0, 1002.4, -2.4,  0.79,  0.90, -0.10,  0.0,  0.0,  0.0
1033473.32469390, 44844.956014, 1000.0, 1002.5, -2.5,  0.79,  0.90, -0.10,  0.0,  0.0,  0.0
1033473.32719390, 44843.806770, 1000.0, 1002.6, -2.6,  0.79,  0.90, -0.10,  0.0,  0.0,  0.0
1033473.32969390, 44841.195729, 1000.0, 1002.7, -2.7,  0.79,  0.90, -0.10,  0.0,  0.0,  0.0
1033473.33219390, 44840.460676, 1000.0, 1002.8, -2.8,  0.79,  0.90, -0.10,  0.0,  0.0,  0.0
1033473.33469390, 44840.947774, 1000.0, 1002.9, -2.9,  0.79,  0.90, -0.10,  0.0,  0.0,  0.0
1033473.33719390, 44840.947774, 1000.0, 1003.0, -3.0,  0.79,  0.90, -0.10,  0.0,  0.0,  0.0
1033473.33969390, 44840.947774, 1000.0, 1003.1, -3.1,  0.79,  0.90, -0.10,  0.0,  0.0,  0.0
1033473.34219390, 44843.975321, 1000.0, 1003.2, -3.2,  0.79,  0.90, -0.10,  0.0,  0.0,  0.0
1033473.34469390, 44844.798615, 1000.0, 1003.3, -3.3,  0.79,  0.90, -0.10,  0.0,  0.0,  0.0
1033473.34719390, 44844.187703, 1000.0, 1003.4, -3.4,  0.79,  0.90, -0.10,  0.0,  0.0,  0.0
1033473.34969390, 44843.579900, 1000.0, 1003.5, -3.5,  0.79,  0.90, -0.10,  0.0,  0.0,  0.0
1033473.35219390, 44841.154185, 1000.0, 1003.6, -3.6,  0.79,  0.90, -0.10,  0.0,  0.0,  0.0
1033473.35469390, 44840.415305, 1000.0, 1003.7, -3.7,  0.79,  0.90, -0.10,  0.0,  0.0,  0.0
1033473.35719390, 44840.686133, 1000.0, 1003.7, -3.7,  0.79,  0.90, -0.10,  0.0,  0.0,  0.0
1033473.35969390, 44841.434970, 1000.0, 1003.7, -3.7,  0.79,  0.90, -0.10,  0.0,  0.0,  0.0
1033473.36219390, 44843.246573, 1000.0, 1003.7, -3.7,  0.79,  0.90, -0.10,  0.0,  0.0,  0.0
1033473.36469390, 44844.503041, 1000.0, 1003.7, -3.7,  0.79,  0.90, -0.10,  0.0,  0.0,  0.0
1033473.36719390, 44845.187788, 1000.0, 1003.7, -3.7,  0.79,  0.90, -0.10,  0.0,  0.0,  0.0
1033473.36969390, 44841.366843, 1000.0, 1003.7, -3.7,  0.79,  0.90, -0.10,  0.0,  0.0,  0.0
1033473.37219390, 44840.742511, 1000.0, 1003.7, -3.7,  0.79,  0.90, -0.10,  0.0,  0.0,  0.0
1033473.37469390, 44840.643569, 1000.0, 1003.7, -3.7,  0.79,  0.90, -0.10,  0.0,  0.0,  0.0
1033473.37719390, 44840.774978, 1000.0, 1003.7, -3.7,  0.79,  0.90, -0.10,  0.0,  0.0,  0.0
1033473.37969390, 44842.417690, 1000.0, 1003.7, -3.7,  0.79,  0.90, -0.10,  0.0,  0.0,  0.0
1033473.38219390, 44844.534541, 1000.0, 1003.7, -3.7,  0.79,  0.90, -0.10,  0.0,  0.0,  0.0
1033473.38469390, 44844.978209, 1000.0, 1003.7, -3.7,  0.79,  0.90, -0.10,  0.0,  0.0,  0.0
1033473.38719390, 44843.576091, 1000.0, 1003.7, -3.7,  0.79,  0.90, -0.10,  0.0,  0.0,  0.0
1033473.38969390, 44841.240340, 1000.0, 1003.7, -3.7,  0.79,  0.90, -0.10,  0.0,  0.0,  0.0
1033473.39219390, 44840.074792, 1000.0, 1003.7, -3.7,  0.79,  0.90, -0.10,  0.0,  0.0,  0.0
1033473.39469390, 44840.306325, 1000.0, 1003.7, -3.7,  0.79,  0.90, -0.10,  0.0,  0.0,  0.0
1033473.39719390, 44840.873199, 1000.0, 1003.7, -3.7,  0.79,  0.90, -0.10,  0.0,  0.0,  0.0
1033473.39969390, 44841.697910, 1000.0, 1003.7, -3.7,  0.79,  0.90, -0.10,  0.0,  0.0,  0.0
1033473.40219390, 44844.344762, 1000.0, 1003.7, -3.7,  0.79,  0.90, -0.10,  0.0,  0.0,  0.0
1033473.40469390, 44844.486352, 1000.0, 1003.7, -3.7,  0.79,  0.90, -0.10,  0.0,  0.0,  0.0
1033473.40719390, 44844.073647, 1000.0, 1003.7, -3.7,  0.79,  0.90, -0.10,  0.0,  0.0,  0.0
1033473.40969390, 44843.667232, 1000.0, 1003.7, -3.7,  0.79,  0.90, -0.10,  0.0,  0.0,  0.0
1033473.41219390, 44842.967002, 1000.0, 1003.7, -3.7,  0.79,  0.90, -0.10,  0.0,  0.0,  0.0
1033473.41469390, 44840.878953, 1000.0,  992.0,  8.0,  0.79,  0.91, -0.12,  0.0,  0.0,  0.0
1033473.41719390, 44841.269364, 1000.0,  974.2,  25.8,  0.79,  0.93, -0.14,  0.0,  0.0,  0.0
1033473.41969390, 44842.448706, 1000.0,  956.4,  43.6,  0.79,  0.95, -0.16,  0.0,  0.0,  0.0
1033473.42219390, 44844.920505, 1000.0,  938.6,  61.4,  0.79,  0.97, -0.18,  0.0,  0.0,  0.0
1033473.42469390, 44844.657485, 1000.0,  920.8,  79.2,  0.79,  0.99, -0.20,  0.0,  0.0,  0.0
1033473.42719390, 44844.657485, 1000.0,  903.0,  97.0,  0.79,  1.01, -0.22,  0.0,  0.0,  0.0
1033473.42969390, 44842.524340, 1000.0,  885.2,  114.8,  0.79,  1.03, -0.24,  0.0,  0.0,  0.0
1033473.43219390, 44840.678866, 1000.0,  867.4,  132.6,  0.79,  1.05, -0.26,  0.0,  0.0,  0.0
1033473.43469390, 44840.762497, 1000.0,  849.6,  150.4,  0.79,  1.07, -0.28,  0.0,  0.0,  0.0
1033473.43719390, 44842.336818, 1000.0,  831.8,  168.2,  0.79,  1.09, -0.30,  0.0,  0.0,  0.0
1033473.43969390, 44843.935907, 1000.0,  814.0,  186.0,  0.79,  1.11, -0.32,  0.0,  0.0,  0.0
1033473.44219390, 44844.951687, 1000.0,  796.2,  203.8,  0.79,  1.13, -0.34,  0.0,  0.0,  0.0
1033473.44469390, 44844.226243, 1000.0,  778.4,  221.6,  0.79,  1.15, -0.36,  0.0,  0.0,  0.0
1033473.44719390, 44843.021791, 1000.0,  760.6,  239.4,  0.79,  1.17, -0.38,  0.0,  0.0,  0.0
1033473.44969390, 44841.919254, 1000.0,  748.7,  251.3,  0.79,  1.19, -0.40,  0.0,  0.0,  0.0
1033473.45219390, 44840.321240, 1000.0,  752.1,  247.9,  0.79,  1.20, -0.41,  0.0,  0.0,  0.0
1033473.45469390, 44840.809780, 1000.0,  755.5,  244.5,  0.79,  1.20, -0.41,  0.0,  0.0,  0.0
1033473.45719390, 44841.357632, 1000.0,  758.9,  241.1,  0.79,  1.21, -0.42,  0.0,  0.0,  0.0
1033473.45969390, 44841.905484, 1000.0,  762.3,  237.7,  0.79,  1.22, -0.43,  0.0,  0.0,  0.0
1033473.46219390, 44843.236418, 1000.0,  765.7,  234.3,  0.79,  1.22, -0.43,  0.0,  0.0,  0.0
1033473.46469390, 44844.711943, 1000.0,  769.1,  230.9,  0.79,  1.23, -0.44,  0.0,  0.0,  0.0
1033473.46719390, 44843.981310, 1000.0,  772.5,  227.5,  0.79,  1.24, -0.45,  0.0,  0.0,  0.0
1033473.46969390, 44843.035273, 1000.0,  775.9,  224.1,  0.79,  1.25, -0.45,  0.0,  0.0,  0.0
1033473.47219390, 44840.210108, 1000.0,  779.3,  220.7,  0.79,  1.25, -0.46,  0.0,  0.0,  0.0
1033473.47469390, 44840.447615, 1000.0,  782.7,  217.3,  0.79,  1.26, -0.47,  0.0,  0.0,  0.0
1033473.47719390, 44840.941618, 1000.0,  786.1,  213.9,  0.79,  1.27, -0.47,  0.0,  0.0,  0.0
1033473.47969390, 44841.689521, 1000.0,  789.5,  210.5,  0.79,  1.27, -0.48,  0.0,  0.0,  0.0
1033473.48219390, 44842.691383, 1000.0,  792.9,  207.1,  0.79,  1.28, -0.49,  0.0,  0.0,  0.0
1033473.48469390, 44844.291957, 1000.0,  796.3,  203.7,  0.79,  1.29, -0.49,  0.0,  0.0,  0.0
1033473.48719390, 44843.075245, 1000.0,  799.7,  200.3,  0.79,  1.29, -0.50,  0.0,  0.0,  0.0
1033473.48969390, 44843.075245, 1000.0,  803.1,  196.9,  0.79,  1.30, -0.51,  0.0,  0.0,  0.0
1033473.49219390, 44840.160814, 1000.0,  806.5,  193.5,  0.79,  1.31, -0.52,  0.0,  0.0,  0.0
1033473.49469390, 44840.009285, 1000.0,  809.9,  190.1,  0.79,  1.31, -0.52,  0.0,  0.0,  0.0
1033473.49719390, 44840.500786, 1000.0,  813.3,  186.7,  0.79,  1.32, -0.53,  0.0,  0.0,  0.0
1033473.49969390, 44843.974095, 1000.0,  816.6,  183.4,  0.79,  1.33, -0.54,  0.0,  0.0,  0.0
1033473.50219390, 44844.658716, 1000.0,  820.0,  180.0,  0.79,  1.33, -0.54,  0.0,  0.0,  0.0
1033473.50469390, 44844.616741, 1000.0,  823.4,  176.6,  0.79,  1.34, -0.55,  0.0,  0.0,  0.0
1033473.50719390, 44843.121808, 1000.0,  826.7,  173.3,  0.79,  1.34, -0.55,  0.0,  0.0,  0.0
1033473.50969390, 44841.354193, 1000.0,  830.0,  170.0,  0.79,  1.35, -0.56,  0.0,  0.0,  0.0
1033473.51219390, 44839.924131, 1000.0,  833.4,  166.6,  0.79,  1.35, -0.56,  0.0,  0.0,  0.0
1033473.51469390, 44840.817331, 1000.0,  836.7,  163.3,  0.79,  1.36, -0.57,  0.0,  0.0,  0.0
1033473.51719390, 44842.358961, 1000.0,  840.0,  160.0,  0.79,  1.36, -0.57,  0.0,  0.0,  0.0
1033473.51969390, 44843.716957, 1000.0,  843.3,  156.7,  0.79,  1.36, -0.57,  0.0,  0.0,  0.0
1033473.52219390, 44844.370695, 1000.0,  846.6,  153.4,  0.79,  1.37, -0.58,  0.0,  0.0,  0.0
1033473.52469390, 44844.650827, 1000.0,  849.9,  150.1,  0.79,  1.37, -0.58,  0.0,  0.0,  0.0
1033473.52719390, 44842.991433, 1000.0,  853.2,  146.8,  0.79,  1.38, -0.59,  0.0,  0.0,  0.0
1033473.52969390, 44840.851532, 1000.0,  856.5,  143.5,  0.79,  1.38, -0.59,  0.0,  0.0,  0.0
1033473.53219390, 44840.221431, 1000.0,  859.9,  140.1,  0.79,  1.39, -0.59,  0.0,  0.0,  0.0
1033473.53469390, 44840.351916, 1000.0,  863.2,  136.8,  0.79,  1.39, -0.60,  0.0,  0.0,  0.0
1033473.53719390, 44841.118671, 1000.0,  866.5,  133.5,  0.79,  1.39, -0.60,  0.0,  0.0,  0.0
1033473.53969390, 44841.825891, 1000.0,  869.8,  130.2,  0.79,  1.40, -0.61,  0.0,  0.0,  0.0
1033473.54219390, 44843.344581, 1000.0,  873.1,  126.9,  0.79,  1.40, -0.61,  0.0,  0.0,  0.0
1033473.54469390, 44845.040579, 1000.0,  876.4,  123.6,  0.79,  1.41, -0.62,  0.0,  0.0,  0.0
1033473.54719390, 44844.068723, 1000.0,  879.7,  120.3,  0.79,  1.41, -0.62,  0.0,  0.0,  0.0
1033473.54969390, 44842.192872, 1000.0,  883.0,  117.0,  0.79,  1.42, -0.62,  0.0,  0.0,  0.0
1033473.55219390, 44840.068557, 1000.0,  886.3,  113.7,  0.79,  1.42, -0.63,  0.0,  0.0,  0.0
1033473.55469390, 44840.225856, 1000.0,  889.7,  110.3,  0.79,  1.42, -0.63,  0.0,  0.0,  0.0
1033473.55719390, 44840.990552, 1000.0,  893.0,  107.0,  0.79,  1.43, -0.64,  0.0,  0.0,  0.0
1033473.55969390, 44842.068635, 1000.0,  895.7,  104.3,  0.79,  1.43, -0.64,  0.0,  0.0,  0.0
1033473.56219390, 44844.299853, 1000.0,  898.5,  101.5,  0.79,  1.43, -0.64,  0.0,  0.0,  0.0
1033473.56469390, 44845.393609, 1000.0,  901.2,  98.8,  0.79,  1.44, -0.64,  0.0,  0.0,  0.0
1033473.56719390, 44843.353577, 1000.0,  904.0,  96.0,  0.79,  1.44, -0.65,  0.0,  0.0,  0.0
1033473.56969390, 44840.927858, 1000.0,  906.8,  93.2,  0.79,  1.44, -0.65,  0.0,  0.0,  0.0
1033473.57219390, 44840.049746, 1000.0,  909.5,  90.5,  0.79,  1.44, -0.65,  0.0,  0.0,  0.0
1033473.57469390, 44840.619178, 1000.0,  912.3,  87.7,  0.79,  1.45, -0.66,  0.0,  0.0,  0.0
1033473.57719390, 44842.987922, 1000.0,  915.0,  85.0,  0.79,  1.45, -0.66,  0.0,  0.0,  0.0
1033473.57969390, 44844.683030, 1000.0,  917.8,  82.2,  0.79,  1.45, -0.66,  0.0,  0.0,  0.0
1033473.58219390, 44845.437914, 1000.0,  920.6,  79.4,  0.79,  1.45, -0.66,  0.0,  0.0,  0.0
1033473.58469390, 44845.437914, 1000.0,  923.3,  76.7,  0.79,  1.46, -0.67,  0.0,  0.0,  0.0
1033473.58719390, 44845.437914, 1000.0,  926.1,  73.9,  0.79,  1.46, -0.67,  0.0,  0.0,  0.0
1033473.58969390, 44842.181959, 1000.0,  928.8,  71.2,  0.79,  1.46, -0.67,  0.0,  0.0,  0.0
1033473.59219390, 44840.458638, 1000.0,  931.6,  68.4,  0.79,  1.46, -0.67,  0.0,  0.0,  0.0
1033473.59469390, 44840.568146, 1000.0,  934.3,  65.7,  0.79,  1.47, -0.68,  0.0,  0.0,  0.0
1033473.59719390, 44842.506060, 1000.0,  937.1,  62.9,  0.79,  1.47, -0.68,  0.0,  0.0,  0.0
1033473.59969390, 44843.894814, 1000.0,  939.9,  60.1,  0.79,  1.47, -0.68,  0.0,  0.0,  0.0
1033473.60219390, 44844.388112, 1000.0,  942.6,  57.4,  0.79,  1.48, -0.68,  0.0,  0.0,  0.0
1033473.60469390, 44843.978818, 1000.0,  945.4,  54.6,  0.79,  1.48, -0.69,  0.0,  0.0,  0.0
1033473.60719390, 44842.690376, 1000.0,  948.1,  51.9,  0.79,  1.48, -0.69,  0.0,  0.0,  0.0
1033473.60969390, 44841.575523, 1000.0,  950.9,  49.1,  0.79,  1.48, -0.69,  0.0,  0.0,  0.0
1033473.61219390, 44840.223747, 1000.0,  953.7,  46.3,  0.79,  1.49, -0.69,  0.0,  0.0,  0.0
1033473.61469390, 44840.085982, 1000.0,  956.4,  43.6,  0.79,  1.49, -0.70,  0.0,  0.0,  0.0
1033473.61719390, 44841.135513, 1000.0,  959.2,  40.8,  0.79,  1.49, -0.70,  0.0,  0.0,  0.0
1033473.61969390, 44842.804129, 1000.0,  961.5,  38.5,  0.79,  1.49, -0.70,  0.0,  0.0,  0.0
1033473.62219390, 44844.102721, 1000.0,  962.1,  37.9,  0.79,  1.49, -0.70,  0.0,  0.0,  0.0
1033473.62469390, 44844.171116, 1000.0,  962.7,  37.3,  0.79,  1.49, -0.70,  0.0,  0.0,  0.0
1033473.62719390, 44842.543934, 1000.0,  963.3,  36.7,  0.79,  1.49, -0.70,  0.0,  0.0,  0.0
1033473.62969390, 44840.953782, 1000.0,  963.9,  36.1,  0.79,  1.49, -0.70,  0.0,  0.0,  0.0
1033473.63219390, 44840.408862, 1000.0,  964.4,  35.6,  0.79,  1.49, -0.70,  0.0,  0.0,  0.0
1033473.63469390, 44841.056024, 1000.0,  965.0,  35.0,  0.79,  1.49, -0.70,  0.0,  0.0,  0.0
1033473.63719390, 44841.813730, 1000.0,  965.6,  34.4,  0.79,  1.49, -0.70,  0.0,  0.0,  0.0
1033473.63969390, 44843.335510, 1000.0,  966.2,  33.8,  0.79,  1.49, -0.70,  0.0,  0.0,  0.0
1033473.64219390, 44844.011464, 1000.0,  966.8,  33.2,  0.79,  1.49, -0.70,  0.0,  0.0,  0.0
1033473.64469390, 44844.536236, 1000.0,  967.4,  32.6,  0.79,  1.49, -0.70,  0.0,  0.0,  0.0
1033473.64719390, 44844.759994, 1000.0,  968.0,  32.0,  0.79,  1.49, -0.70,  0.0,  0.0,  0.0
1033473.64969390, 44841.136462, 1000.0,  968.6,  31.4,  0.79,  1.49, -0.70,  0.0,  0.0,  0.0
1033473.65219390, 44840.566481, 1000.0,  969.2,  30.8,  0.79,  1.49, -0.70,  0.0,  0.0,  0.0
1033473.65469390, 44840.489757, 1000.0,  969.8,  30.2,  0.79,  1.49, -0.70,  0.0,  0.0,  0.0
1033473.65719390, 44841.434768, 1000.0,  970.4,  29.6,  0.79,  1.49, -0.70,  0.0,  0.0,  0.0
1033473.65969390, 44843.926809, 1000.0,  970.9,  29.1,  0.79,  1.49, -0.70,  0.0,  0.0,  0.0
1033473.66219390, 44845.101487, 1000.0,  971.5,  28.5,  0.79,  1.49, -0.70,  0.0,  0.0,  0.0
1033473.66469390, 44845.246605, 1000.0,  972.1,  27.9,  0.79,  1.49, -0.70,  0.0,  0.0,  0.0
1033473.66719390, 44843.942191, 1000.0,  972.7,  27.3,  0.79,  1.49, -0.70,  0.0,  0.0,  0.0
1033473.66969390, 44842.284995, 1000.0,  973.3,  26.7,  0.79,  1.49, -0.70,  0.0,  0.0,  0.0
1033473.67219390, 44840.725483, 1000.0,  973.9,  26.1,  0.79,  1.49, -0.70,  0.0,  0.0,  0.0
1033473.67469390, 44840.190370, 1000.0,  974.5,  25.5,  0.79,  1.49, -0.70,  0.0,  0.0,  0.0
1033473.67969390, 44842.736323, 1000.0,  975.6,  24.4,  0.79,  1.49, -0.70,  0.0,  0.0,  0.0
1033473.68219390, 44845.140293, 1000.0,  976.1,  23.9,  0.79,  1.49, -0.70,  0.0,  0.0,  0.0
1033473.68469390, 44844.897718, 1000.0,  976.5,  23.5,  0.79,  1.49, -0.70,  0.0,  0.0,  0.0
1033473.68719390, 44843.252129, 1000.0,  976.9,  23.1,  0.79,  1.49, -0.70,  0.0,  0.0,  0.0
1033473.68969390, 44841.253783, 1000.0,  977.4,  22.6,  0.79,  1.50, -0.70,  0.0,  0.0,  0.0
1033473.69219390, 44840.360857, 1000.0,  977.8,  22.2,  0.79,  1.50, -0.70,  0.0,  0.0,  0.0
1033473.69469390, 44840.385244, 1000.0,  978.3,  21.7,  0.79,  1.50, -0.70,  0.0,  0.0,  0.0
1033473.69719390, 44841.771528, 1000.0,  978.7,  21.3,  0.79,  1.50, -0.71,  0.0,  0.0,  0.0
1033473.69969390, 44843.934417, 1000.0,  979.1,  20.9,  0.79,  1.50, -0.71,  0.0,  0.0,  0.0
1033473.70219390, 44844.955627, 1000.0,  979.6,  20.4,  0.79,  1.50, -0.71,  0.0,  0.0,  0.0
1033473.70469390, 44845.137091, 1000.0,  980.0,  20.0,  0.79,  1.50, -0.71,  0.0,  0.0,  0.0
1033473.70719390, 44845.047522, 1000.0,  980.4,  19.6,  0.79,  1.50, -0.71,  0.0,  0.0,  0.0
1033473.70969390, 44844.957952, 1000.0,  980.9,  19.1,  0.79,  1.50, -0.71,  0.0,  0.0,  0.0
1033473.71219390, 44841.108554, 1000.0,  981.3,  18.7,  0.79,  1.50, -0.71,  0.0,  0.0,  0.0
1033473.71469390, 44840.481011, 1000.0,  981.8,  18.2,  0.79,  1.50, -0.71,  0.0,  0.0,  0.0
1033473.71719390, 44841.149517, 1000.0,  982.2,  17.8,  0.79,  1.50, -0.71,  0.0,  0.0,  0.0
1033473.71969390, 44841.902656, 1000.0,  982.6,  17.4,  0.79,  1.50, -0.71,  0.0,  0.0,  0.0
1033473.72219390, 44843.962497, 1000.0,  983.1,  16.9,  0.79,  1.50, -0.71,  0.0,  0.0,  0.0
1033473.72469390, 44844.198137, 1000.0,  983.5,  16.5,  0.79,  1.50, -0.71,  0.0,  0.0,  0.0
1033473.72719390, 44843.066617, 1000.0,  984.0,  16.0,  0.79,  1.50, -0.71,  0.0,  0.0,  0.0
1033473.72969390, 44842.065887, 1000.0,  984.4,  15.6,  0.79,  1.50, -0.71,  0.0,  0.0,  0.0
1033473.73219390, 44841.102989, 1000.0,  984.8,  15.2,  0.79,  1.50, -0.71,  0.0,  0.0,  0.0
1033473.73469390, 44840.520142, 1000.0,  985.3,  14.7,  0.79,  1.50, -0.71,  0.0,  0.0,  0.0
1033473.73719390, 44841.089309, 1000.0,  985.7,  14.3,  0.79,  1.50, -0.71,  0.0,  0.0,  0.0
1033473.73969390, 44842.318400, 1000.0,  986.1,  13.9,  0.79,  1.50, -0.71,  0.0,  0.0,  0.0
1033473.74219390, 44843.657470, 1000.0,  986.6,  13.4,  0.79,  1.50, -0.71,  0.0,  0.0,  0.0
1033473.74469390, 44845.000294, 1000.0,  987.0,  13.0,  0.79,  1.51, -0.71,  0.0,  0.0,  0.0
1033473.74719390, 44844.027777, 1000.0,  987.5,  12.5,  0.79,  1.51, -0.71,  0.0,  0.0,  0.0
1033473.74969390, 44842.346819, 1000.0,  987.6,  12.4,  0.79,  1.51, -0.71,  0.0,  0.0,  0.0
1033473.75219390, 44840.382446, 1000.0,  987.7,  12.3,  0.79,  1.51, -0.71,  0.0,  0.0,  0.0
1033473.75469390, 44840.379149, 1000.0,  987.8,  12.2,  0.79,  1.51, -0.71,  0.0,  0.0,  0.0
1033473.75719390, 44841.661087, 1000.0,  987.9,  12.1,  0.79,  1.51, -0.71,  0.0,  0.0,  0.0
1033473.75969390, 44844.205071, 1000.0,  988.0,  12.0,  0.79,  1.51, -0.71,  0.0,  0.0,  0.0
1033473.76219390, 44845.137091, 1000.0,  988.1,  11.9,  0.79,  1.51, -0.71,  0.0,  0.0,  0.0
1033473.76469390, 44844.687242, 1000.0,  988.1,  11.9,  0.79,  1.51, -0.71,  0.0,  0.0,  0.0
1033473.76719390, 44844.240047, 1000.0,  988.2,  11.8,  0.79,  1.51, -0.71,  0.0,  0.0,  0.0
1033473.76969390, 44843.796723, 1000.0,  988.3,  11.7,  0.79,  1.51, -0.71,  0.0,  0.0,  0.0
1033473.77219390, 44843.015243, 1000.0,  988.4,  11.6,  0.79,  1.51, -0.71,  0.0,  0.0,  0.0
1033473.77469390, 44841.012496, 1000.0,  988.5,  11.5,  0.79,  1.51, -0.71,  0.0,  0.0,  0.0
1033473.77719390, 44841.974639, 1000.0,  988.5,  11.5,  0.79,  1.51, -0.71,  0.0,  0.0,  0.0
1033473.77969390, 44842.812737, 1000.0,  988.6,  11.4,  0.79,  1.51, -0.71,  0.0,  0.0,  0.0
1033473.78219390, 44843.597814, 1000.0,  988.7,  11.3,  0.79,  1.51, -0.71,  0.0,  0.0,  0.0
1033473.78469390, 44844.499507, 1000.0,  988.8,  11.2,  0.79,  1.51, -0.71,  0.0,  0.0,  0.0
1033473.78719390, 44843.419706, 1000.0,  988.9,  11.1,  0.79,  1.51, -0.71,  0.0,  0.0,  0.0
1033473.78969390, 44842.300302, 1000.0,  989.0,  11.0,  0.79,  1.51, -0.71,  0.0,  0.0,  0.0
1033473.79219390, 44841.624126, 1000.0,  989.0,  11.0,  0.79,  1.51, -0.71,  0.0,  0.0,  0.0
1033473.79469390, 44841.021424, 1000.0,  989.1,  10.9,  0.79,  1.51, -0.71,  0.0,  0.0,  0.0
1033473.79719390, 44841.699803, 1000.0,  989.2,  10.8,  0.79,  1.51, -0.71,  0.0,  0.0,  0.0
1033473.79969390, 44843.962582, 1000.0,  989.3,  10.7,  0.79,  1.51, -0.71,  0.0,  0.0,  0.0
1033473.80219390, 44845.067964, 1000.0,  989.4,  10.6,  0.79,  1.51, -0.71,  0.0,  0.0,  0.0
1033473.80469390, 44845.091769, 1000.0,  989.5,  10.5,  0.79,  1.51, -0.71,  0.0,  0.0,  0.0
1033473.80969390, 44842.818743, 1000.0,  989.7,  10.3,  0.79,  1.51, -0.72,  0.0,  0.0,  0.0
1033473.81219390, 44840.987973, 1000.0,  990.0,  10.0,  0.79,  1.51, -0.72,  0.0,  0.0,  0.0
1033473.81469390, 44840.378727, 1000.0,  990.2,  9.8,  0.79,  1.51, -0.72,  0.0,  0.0,  0.0
1033473.81719390, 44841.715172, 1000.0,  990.5,  9.5,  0.79,  1.51, -0.72,  0.0,  0.0,  0.0
1033473.81969390, 44843.984683, 1000.0,  990.7,  9.3,  0.79,  1.51, -0.72,  0.0,  0.0,  0.0
1033473.82219390, 44845.076220, 1000.0,  990.9,  9.1,  0.79,  1.51, -0.72,  0.0,  0.0,  0.0
1033473.82469390, 44845.020972, 1000.0,  991.2,  8.8,  0.79,  1.51, -0.72,  0.0,  0.0,  0.0
1033473.82719390, 44843.058355, 1000.0,  991.4,  8.6,  0.79,  1.51, -0.72,  0.0,  0.0,  0.0
1033473.82969390, 44840.798103, 1000.0,  991.7,  8.3,  0.79,  1.51, -0.72,  0.0,  0.0,  0.0
1033473.83219390, 44840.798103, 1000.0,  991.9,  8.1,  0.79,  1.51, -0.72,  0.0,  0.0,  0.0
1033473.83469390, 44840.635437, 1000.0,  992.2,  7.8,  0.79,  1.51, -0.72,  0.0,  0.0,  0.0
1033473.83719390, 44841.175200, 1000.0,  992.4,  7.6,  0.79,  1.51, -0.72,  0.0,  0.0,  0.0
1033473.83969390, 44843.732687, 1000.0,  992.7,  7.3,  0.79,  1.51, -0.72,  0.0,  0.0,  0.0
1033473.84219390, 44844.464784, 1000.0,  992.9,  7.1,  0.79,  1.51, -0.72,  0.0,  0.0,  0.0
1033473.84469390, 44844.852800, 1000.0,  993.2,  6.8,  0.79,  1.52, -0.72,  0.0,  0.0,  0.0
1033473.84719390, 44844.859251, 1000.0,  993.4,  6.6,  0.79,  1.52, -0.73,  0.0,  0.0,  0.0
1033473.84969390, 44840.967436, 1000.0,  993.7,  6.3,  0.79,  1.52, -0.73,  0.0,  0.0,  0.0
1033473.85219390, 44840.273759, 1000.0,  993.9,  6.1,  0.79,  1.52, -0.73,  0.0,  0.0,  0.0
1033473.85469390, 44840.727062, 1000.0,  994.2,  5.8,  0.79,  1.52, -0.73,  0.0,  0.0,  0.0
1033473.85719390, 44841.432352, 1000.0,  994.4,  5.6,  0.79,  1.52, -0.73,  0.0,  0.0,  0.0
1033473.85969390, 44842.233052, 1000.0,  994.7,  5.3,  0.79,  1.52, -0.73,  0.0,  0.0,  0.0
1033473.86219390, 44843.938347, 1000.0,  994.9,  5.1,  0.79,  1.52, -0.73,  0.0,  0.0,  0.0
1033473.86469390, 44845.316702, 1000.0,  995.2,  4.8,  0.79,  1.52, -0.73,  0.0,  0.0,  0.0
1033473.86719390, 44844.975263, 1000.0,  995.4,  4.6,  0.79,  1.52, -0.73,  0.0,  0.0,  0.0
1033473.86969390, 44842.812809, 1000.0,  995.6,  4.4,  0.79,  1.52, -0.73,  0.0,  0.0,  0.0
1033473.87219390, 44840.861243, 1000.0,  995.6,  4.4,  0.79,  1.52, -0.73,  0.0,  0.0,  0.0
1033473.87469390, 44840.828642, 1000.0,  995.6,  4.4,  0.79,  1.52, -0.73,  0.0,  0.0,  0.0
1033473.87719390, 44842.875385, 1000.0,  995.6,  4.4,  0.79,  1.52, -0.73,  0.0,  0.0,  0.0
1033473.87969390, 44844.176398, 1000.0,  995.6,  4.4,  0.79,  1.52, -0.73,  0.0,  0.0,  0.0
1033473.88219390, 44845.259602, 1000.0,  995.6,  4.4,  0.79,  1.52, -0.73,  0.0,  0.0,  0.0
1033473.88469390, 44844.923243, 1000.0,  995.6,  4.4,  0.79,  1.52, -0.73,  0.0,  0.0,  0.0
1033473.88719390, 44842.648521, 1000.0,  995.6,  4.4,  0.79,  1.52, -0.73,  0.0,  0.0,  0.0
1033473.88969390, 44841.257807, 1000.0,  995.6,  4.4,  0.79,  1.52, -0.73,  0.0,  0.0,  0.0
1033473.89219390, 44840.387293, 1000.0,  995.6,  4.4,  0.79,  1.52, -0.73,  0.0,  0.0,  0.0
1033473.89469390, 44840.385036, 1000.0,  995.6,  4.4,  0.79,  1.52, -0.73,  0.0,  0.0,  0.0
1033473.89719390, 44841.040076, 1000.0,  995.6,  4.4,  0.79,  1.52, -0.73,  0.0,  0.0,  0.0
1033473.89969390, 44841.695115, 1000.0,  995.6,  4.4,  0.79,  1.52, -0.73,  0.0,  0.0,  0.0
1033473.90219390, 44842.572676, 1000.0,  995.6,  4.4,  0.79,  1.52, -0.73,  0.0,  0.0,  0.0
1033473.90469390, 44844.668176, 1000.0,  995.6,  4.4,  0.79,  1.52, -0.73,  0.0,  0.0,  0.0
1033473.90719390, 44843.598408, 1000.0,  995.6,  4.4,  0.79,  1.52, -0.73,  0.0,  0.0,  0.0
1033473.90969390, 44842.449341, 1000.0,  995.6,  4.4,  0.79,  1.52, -0.73,  0.0,  0.0,  0.0
1033473.91219390, 44841.642049, 1000.0,  995.6,  4.4,  0.79,  1.52, -0.73,  0.0,  0.0,  0.0
1033473.91469390, 44841.531827, 1000.0,  995.6,  4.4,  0.79,  1.52, -0.73,  0.0,  0.0,  0.0
1033473.91719390, 44843.041463, 1000.0,  995.6,  4.4,  0.79,  1.52, -0.73,  0.0,  0.0,  0.0
1033473.91969390, 44844.646794, 1000.0,  995.6,  4.4,  0.79,  1.52, -0.73,  0.0,  0.0,  0.0
1033473.92219390, 44844.659618, 1000.0,  995.6,  4.4,  0.79,  1.52, -0.73,  0.0,  0.0,  0.0
1033473.92469390, 44845.045886, 1000.0,  995.6,  4.4,  0.79,  1.52, -0.73,  0.0,  0.0,  0.0
1033473.92719390, 44843.992441, 1000.0,  995.6,  4.4,  0.79,  1.52, -0.73,  0.0,  0.0,  0.0
1033473.92969390, 44842.537708, 1000.0,  995.6,  4.4,  0.79,  1.52, -0.73,  0.0,  0.0,  0.0
1033473.93219390, 44841.185944, 1000.0,  995.6,  4.4,  0.79,  1.52, -0.73,  0.0,  0.0,  0.0
1033473.93469390, 44840.911066, 1000.0,  995.6,  4.4,  0.79,  1.52, -0.73,  0.0,  0.0,  0.0
1033473.93719390, 44841.688045, 1000.0,  995.6,  4.4,  0.79,  1.52, -0.73,  0.0,  0.0,  0.0
1033473.93969390, 44842.724765, 1000.0,  995.6,  4.4,  0.79,  1.52, -0.73,  0.0,  0.0,  0.0
1033473.94219390, 44843.801485, 1000.0,  995.6,  4.4,  0.79,  1.52, -0.73,  0.0,  0.0,  0.0
1033473.94469390, 44844.377465, 1000.0,  996.9,  3.1,  0.79,  1.52, -0.73,  0.0,  0.0,  0.0
1033473.94719390, 44844.563883, 1000.0, 1003.2, -3.2,  0.79,  1.49, -0.70,  0.0,  0.0,  0.0
1033473.94969390, 44842.372435, 1000.0, 1009.5, -9.5,  0.79,  1.47, -0.68,  0.0,  0.0,  0.0
1033473.95219390, 44840.073314, 1000.0, 1015.8, -15.8,  0.79,  1.44, -0.65,  0.0,  0.0,  0.0
1033473.95469390, 44840.074145, 1000.0, 1022.1, -22.1,  0.79,  1.42, -0.63,  0.0,  0.0,  0.0
1033473.95719390, 44840.326557, 1000.0, 1028.4, -28.4,  0.79,  1.39, -0.60,  0.0,  0.0,  0.0
1033473.95969390, 44840.578969, 1000.0, 1034.7, -34.7,  0.79,  1.37, -0.58,  0.0,  0.0,  0.0
1033473.96219390, 44841.213010, 1000.0, 1041.0, -41.0,  0.79,  1.34, -0.55,  0.0,  0.0,  0.0
1033473.96469390, 44844.291440, 1000.0, 1047.4, -47.4,  0.79,  1.32, -0.53,  0.0,  0.0,  0.0
1033473.96719390, 44842.770316, 1000.0, 1053.7, -53.7,  0.79,  1.29, -0.50,  0.0,  0.0,  0.0
1033473.96969390, 44841.828136, 1000.0, 1060.0, -60.0,  0.79,  1.27, -0.48,  0.0,  0.0,  0.0
1033473.97219390, 44840.869708, 1000.0, 1066.3, -66.3,  0.79,  1.25, -0.45,  0.0,  0.0,  0.0
1033473.97469390, 44840.220799, 1000.0, 1072.6, -72.6,  0.79,  1.22, -0.43,  0.0,  0.0,  0.0
1033473.97719390, 44841.076846, 1000.0, 1078.9, -78.9,  0.79,  1.20, -0.40,  0.0,  0.0,  0.0
1033473.97969390, 44843.817075, 1000.0, 1085.2, -85.2,  0.79,  1.17, -0.38,  0.0,  0.0,  0.0
1033473.98219390, 44845.252130, 1000.0, 1091.5, -91.5,  0.79,  1.15, -0.36,  0.0,  0.0,  0.0
1033473.98469390, 44844.507830, 1000.0, 1097.8, -97.8,  0.79,  1.12, -0.33,  0.0,  0.0,  0.0
1033473.98719390, 44843.288280, 1000.0, 1104.1, -104.1,  0.79,  1.10, -0.31,  0.0,  0.0,  0.0
1033473.98969390, 44842.011658, 1000.0, 1110.5, -110.5,  0.79,  1.07, -0.28,  0.0,  0.0,  0.0
1033473.99219390, 44840.718250, 1000.0, 1116.8, -116.8,  0.79,  1.05, -0.26,  0.0,  0.0,  0.0
1033473.99469390, 44840.162479, 1000.0, 1123.1, -123.1,  0.79,  1.02, -0.23,  0.0,  0.0,  0.0
1033473.99719390, 44841.031306, 1000.0, 1129.4, -129.4,  0.79,  1.00, -0.21,  0.0,  0.0,  0.0
1033473.99969390, 44842.946143, 1000.0, 1135.7, -135.7,  0.79,  0.97, -0.18,  0.0,  0.0,  0.0
1033474.00219390, 44844.967518, 1000.0, 1135.3, -135.3,  0.79,  0.97, -0.18,  0.0,  0.0,  0.0
1033474.00469390, 44844.772939, 1000.0, 1133.6, -133.6,  0.79,  0.97, -0.18,  0.0,  0.0,  0.0
1033474.00719390, 44843.329514, 1000.0, 1132.0, -132.0,  0.79,  0.97, -0.17,  0.0,  0.0,  0.0
1033474.00969390, 44841.680732, 1000.0, 1130.3, -130.3,  0.79,  0.96, -0.17,  0.0,  0.0,  0.0
1033474.01219390, 44840.282995, 1000.0, 1128.6, -128.6,  0.79,  0.96, -0.17,  0.0,  0.0,  0.0
1033474.01469390, 44841.126840, 1000.0, 1126.9, -126.9,  0.79,  0.96, -0.17,  0.0,  0.0,  0.0
1033474.01719390, 44841.740942, 1000.0, 1125.2, -125.2,  0.79,  0.96, -0.17,  0.0,  0.0,  0.0
1033474.01969390, 44842.355043, 1000.0, 1123.6, -123.6,  0.79,  0.96, -0.17,  0.0,  0.0,  0.0
1033474.02219390, 44844.017026, 1000.0, 1121.9, -121.9,  0.79,  0.96, -0.17,  0.0,  0.0,  0.0
1033474.02469390, 44845.029671, 1000.0, 1120.2, -120.2,  0.79,  0.96, -0.16,  0.0,  0.0,  0.0
1033474.02719390, 44844.412122, 1000.0, 1118.5, -118.5,  0.79,  0.95, -0.16,  0.0,  0.0,  0.0
1033474.02969390, 44843.860165, 1000.0, 1116.8, -116.8,  0.79,  0.95, -0.16,  0.0,  0.0,  0.0
1033474.03219390, 44843.308208, 1000.0, 1115.2, -115.2,  0.79,  0.95, -0.16,  0.0,  0.0,  0.0
1033474.03469390, 44840.846342, 1000.0, 1113.5, -113.5,  0.79,  0.95, -0.16,  0.0,  0.0,  0.0
1033474.03719390, 44841.461453, 1000.0, 1111.8, -111.8,  0.79,  0.95, -0.16,  0.0,  0.0,  0.0
1033474.03969390, 44842.204224, 1000.0, 1110.1, -110.1,  0.79,  0.95, -0.16,  0.0,  0.0,  0.0
1033474.04219390, 44844.643786, 1000.0, 1108.5, -108.5,  0.79,  0.95, -0.16,  0.0,  0.0,  0.0
1033474.04469390, 44844.667169, 1000.0, 1106.8, -106.8,  0.79,  0.95, -0.15,  0.0,  0.0,  0.0
1033474.04719390, 44843.928812, 1000.0, 1105.1, -105.1,  0.79,  0.94, -0.15,  0.0,  0.0,  0.0
1033474.04969390, 44843.015220, 1000.0, 1103.4, -103.4,  0.79,  0.94, -0.15,  0.0,  0.0,  0.0
1033474.05219390, 44841.472534, 1000.0, 1101.7, -101.7,  0.79,  0.94, -0.15,  0.0,  0.0,  0.0
1033474.05469390, 44840.843235, 1000.0, 1099.7, -99.7,  0.79,  0.94, -0.15,  0.0,  0.0,  0.0
1033474.05719390, 44841.765111, 1000.0, 1096.6, -96.6,  0.79,  0.94, -0.15,  0.0,  0.0,  0.0
1033474.05969390, 44843.523975, 1000.0, 1093.5, -93.5,  0.79,  0.93, -0.14,  0.0,  0.0,  0.0
1033474.06219390, 44845.029728, 1000.0, 1090.3, -90.3,  0.79,  0.93, -0.14,  0.0,  0.0,  0.0
1033474.06469390, 44844.990358, 1000.0, 1087.2, -87.2,  0.79,  0.93, -0.14,  0.0,  0.0,  0.0
1033474.06719390, 44843.001981, 1000.0, 1084.1, -84.1,  0.79,  0.93, -0.14,  0.0,  0.0,  0.0
1033474.06969390, 44840.622283, 1000.0, 1081.0, -81.0,  0.79,  0.93, -0.13,  0.0,  0.0,  0.0
1033474.07219390, 44840.178036, 1000.0, 1077.8, -77.8,  0.79,  0.92, -0.13,  0.0,  0.0,  0.0
1033474.07469390, 44840.410032, 1000.0, 1074.7, -74.7,  0.79,  0.92, -0.13,  0.0,  0.0,  0.0
1033474.07719390, 44841.372321, 1000.0, 1071.6, -71.6,  0.79,  0.92, -0.13,  0.0,  0.0,  0.0
1033474.07969390, 44843.757874, 1000.0, 1068.5, -68.5,  0.79,  0.92, -0.12,  0.0,  0.0,  0.0
1033474.08219390, 44844.177256, 1000.0, 1065.3, -65.3,  0.79,  0.91, -0.12,  0.0,  0.0,  0.0
1033474.08469390, 44844.596638, 1000.0, 1062.2, -62.2,  0.79,  0.91, -0.12,  0.0,  0.0,  0.0
1033474.08719390, 44843.730722, 1000.0, 1059.1, -59.1,  0.79,  0.91, -0.12,  0.0,  0.0,  0.0
1033474.08969390, 44842.276412, 1000.0, 1056.0, -56.0,  0.79,  0.91, -0.12,  0.0,  0.0,  0.0
1033474.09219390, 44841.210943, 1000.0, 1052.8, -52.8,  0.79,  0.90, -0.11,  0.0,  0.0,  0.0
1033474.09469390, 44840.993106, 1000.0, 1049.7, -49.7,  0.79,  0.90, -0.11,  0.0,  0.0,  0.0
1033474.09719390, 44840.816438, 1000.0, 1046.6, -46.6,  0.79,  0.90, -0.11,  0.0,  0.0,  0.0
1033474.09969390, 44842.819176, 1000.0, 1043.4, -43.4,  0.79,  0.90, -0.11,  0.0,  0.0,  0.0
1033474.10219390, 44844.320017, 1000.0, 1040.3, -40.3,  0.79,  0.89, -0.10,  0.0,  0.0,  0.0
1033474.10469390, 44844.809803, 1000.0, 1037.2, -37.2,  0.79,  0.89, -0.10,  0.0,  0.0,  0.0
1033474.10719390, 44844.717371, 1000.0, 1034.1, -34.1,  0.79,  0.89, -0.10,  0.0,  0.0,  0.0
1033474.10969390, 44844.098592, 1000.0, 1030.9, -30.9,  0.79,  0.89, -0.10,  0.0,  0.0,  0.0
1033474.11219390, 44843.479812, 1000.0, 1027.8, -27.8,  0.79,  0.89, -0.09,  0.0,  0.0,  0.0
1033474.11469390, 44842.861032, 1000.0, 1024.7, -24.7,  0.79,  0.88, -0.09,  0.0,  0.0,  0.0
1033474.11719390, 44842.328230, 1000.0, 1021.6, -21.6,  0.79,  0.88, -0.09,  0.0,  0.0,  0.0
1033474.11969390, 44843.742466, 1000.0, 1019.8, -19.8,  0.79,  0.88, -0.09,  0.0,  0.0,  0.0
1033474.12219390, 44844.668461, 1000.0, 1019.6, -19.6,  0.79,  0.88, -0.09,  0.0,  0.0,  0.0
1033474.12469390, 44844.015032, 1000.0, 1019.4, -19.4,  0.79,  0.88, -0.09,  0.0,  0.0,  0.0
1033474.12719390, 44842.364731, 1000.0, 1019.3, -19.3,  0.79,  0.88, -0.09,  0.0,  0.0,  0.0
1033474.12969390, 44840.586523, 1000.0, 1019.1, -19.1,  0.79,  0.88, -0.09,  0.0,  0.0,  0.0
1033474.13219390, 44840.071128, 1000.0, 1019.0, -19.0,  0.79,  0.89, -0.09,  0.0,  0.0,  0.0
1033474.13469390, 44840.867310, 1000.0, 1018.8, -18.8,  0.79,  0.89, -0.10,  0.0,  0.0,  0.0
1033474.13719390, 44842.708145, 1000.0, 1018.7, -18.7,  0.79,  0.89, -0.10,  0.0,  0.0,  0.0
1033474.13969390, 44844.592745, 1000.0, 1018.5, -18.5,  0.79,  0.89, -0.10,  0.0,  0.0,  0.0
1033474.14219390, 44845.327059, 1000.0, 1018.4, -18.4,  0.79,  0.89, -0.10,  0.0,  0.0,  0.0
1033474.14469390, 44845.173990, 1000.0, 1018.2, -18.2,  0.79,  0.89, -0.10,  0.0,  0.0,  0.0
1033474.14719390, 44845.020921, 1000.0, 1018.0, -18.0,  0.79,  0.89, -0.10,  0.0,  0.0,  0.0
1033474.14969390, 44842.915516, 1000.0, 1017.9, -17.9,  0.79,  0.89, -0.10,  0.0,  0.0,  0.0
1033474.15219390, 44840.140236, 1000.0, 1017.7, -17.7,  0.79,  0.90, -0.10,  0.0,  0.0,  0.0
1033474.15469390, 44840.316000, 1000.0, 1017.6, -17.6,  0.79,  0.90, -0.11,  0.0,  0.0,  0.0
1033474.15719390, 44840.491763, 1000.0, 1017.4, -17.4,  0.79,  0.90, -0.11,  0.0,  0.0,  0.0
1033474.15969390, 44840.667527, 1000.0, 1017.3, -17.3,  0.79,  0.90, -0.11,  0.0,  0.0,  0.0
1033474.16219390, 44844.339864, 1000.0, 1017.1, -17.1,  0.79,  0.90, -0.11,  0.0,  0.0,  0.0
1033474.16469390, 44845.016739, 1000.0, 1017.0, -17.0,  0.79,  0.90, -0.11,  0.0,  0.0,  0.0
1033474.16719390, 44844.960785, 1000.0, 1016.8, -16.8,  0.79,  0.90, -0.11,  0.0,  0.0,  0.0
1033474.16969390, 44844.904830, 1000.0, 1016.6, -16.6,  0.79,  0.90, -0.11,  0.0,  0.0,  0.0
1033474.17219390, 44840.153438, 1000.0, 1016.5, -16.5,  0.79,  0.91, -0.11,  0.0,  0.0,  0.0
1033474.17469390, 44840.366039, 1000.0, 1016.3, -16.3,  0.79,  0.91, -0.12,  0.0,  0.0,  0.0
1033474.17719390, 44841.306716, 1000.0, 1016.2, -16.2,  0.79,  0.91, -0.12,  0.0,  0.0,  0.0
1033474.17969390, 44842.500174, 1000.0, 1016.0, -16.0,  0.79,  0.91, -0.12,  0.0,  0.0,  0.0
1033474.18469390, 44844.958493, 1000.0, 1015.5, -15.5,  0.79,  0.91, -0.12,  0.0,  0.0,  0.0
1033474.18719390, 44843.724410, 1000.0, 1015.1, -15.1,  0.79,  0.91, -0.12,  0.0,  0.0,  0.0
1033474.18969390, 44841.458561, 1000.0, 1014.6, -14.6,  0.79,  0.91, -0.12,  0.0,  0.0,  0.0
1033474.19219390, 44840.252391, 1000.0, 1014.1, -14.1,  0.79,  0.91, -0.12,  0.0,  0.0,  0.0
1033474.19469390, 44840.520521, 1000.0, 1013.6, -13.6,  0.79,  0.91, -0.12,  0.0,  0.0,  0.0
1033474.19719390, 44842.106903, 1000.0, 1013.1, -13.1,  0.79,  0.91, -0.12,  0.0,  0.0,  0.0
1033474.19969390, 44844.395820, 1000.0, 1012.7, -12.7,  0.79,  0.91, -0.12,  0.0,  0.0,  0.0
1033474.20219390, 44845.127880, 1000.0, 1012.2, -12.2,  0.79,  0.91, -0.12,  0.0,  0.0,  0.0
1033474.20469390, 44844.970960, 1000.0, 1011.7, -11.7,  0.79,  0.91, -0.11,  0.0,  0.0,  0.0
1033474.20719390, 44844.742160, 1000.0, 1011.2, -11.2,  0.79,  0.90, -0.11,  0.0,  0.0,  0.0
1033474.20969390, 44843.063100, 1000.0, 1010.7, -10.7,  0.79,  0.90, -0.11,  0.0,  0.0,  0.0
1033474.21219390, 44840.359779, 1000.0, 1010.2, -10.2,  0.79,  0.90, -0.11,  0.0,  0.0,  0.0
1033474.21469390, 44840.548780, 1000.0, 1009.8, -9.8,  0.79,  0.90, -0.11,  0.0,  0.0,  0.0
1033474.21719390, 44840.896207, 1000.0, 1009.3, -9.3,  0.79,  0.90, -0.11,  0.0,  0.0,  0.0
1033474.21969390, 44841.243634, 1000.0, 1008.8, -8.8,  0.79,  0.90, -0.11,  0.0,  0.0,  0.0
1033474.22219390, 44843.736261, 1000.0, 1008.3, -8.3,  0.79,  0.90, -0.11,  0.0,  0.0,  0.0
1033474.22469390, 44845.237509, 1000.0, 1007.8, -7.8,  0.79,  0.90, -0.11,  0.0,  0.0,  0.0
1033474.22719390, 44844.627933, 1000.0, 1007.4, -7.4,  0.79,  0.90, -0.11,  0.0,  0.0,  0.0
1033474.22969390, 44844.018357, 1000.0, 1006.9, -6.9,  0.79,  0.90, -0.11,  0.0,  0.0,  0.0
1033474.23219390, 44842.307665, 1000.0, 1006.4, -6.4,  0.79,  0.90, -0.11,  0.0,  0.0,  0.0
1033474.23469390, 44840.869857, 1000.0, 1005.9, -5.9,  0.79,  0.90, -0.11,  0.0,  0.0,  0.0
1033474.23719390, 44842.446076, 1000.0, 1005.4, -5.4,  0.79,  0.90, -0.11,  0.0,  0.0,  0.0
1033474.23969390, 44843.329862, 1000.0, 1004.9, -4.9,  0.79,  0.90, -0.11,  0.0,  0.0,  0.0
1033474.24219390, 44844.158636, 1000.0, 1004.5, -4.5,  0.79,  0.90, -0.11,  0.0,  0.0,  0.0
1033474.24469390, 44844.650006, 1000.0, 1004.0, -4.0,  0.79,  0.90, -0.10,  0.0,  0.0,  0.0
1033474.24719390, 44843.871116, 1000.0, 1003.7, -3.7,  0.79,  0.90, -0.10,  0.0,  0.0,  0.0
1033474.24969390, 44842.183598, 1000.0, 1003.7, -3.7,  0.79,  0.90, -0.10,  0.0,  0.0,  0.0
1033474.25219390, 44840.170806, 1000.0, 1003.7, -3.7,  0.79,  0.90, -0.10,  0.0,  0.0,  0.0
1033474.25469390, 44841.162247, 1000.0, 1003.7, -3.7,  0.79,  0.90, -0.10,  0.0,  0.0,  0.0
1033474.25719390, 44842.433605, 1000.0, 1003.7, -3.7,  0.79,  0.90, -0.10,  0.0,  0.0,  0.0
1033474.25969390, 44844.365095, 1000.0, 1003.7, -3.7,  0.79,  0.90, -0.10,  0.0,  0.0,  0.0
1033474.26219390, 44845.061054, 1000.0, 1003.7, -3.7,  0.79,  0.90, -0.10,  0.0,  0.0,  0.0
1033474.26469390, 44844.472217, 1000.0, 1003.7, -3.7,  0.79,  0.90, -0.10,  0.0,  0.0,  0.0
1033474.26719390, 44844.039809, 1000.0, 1003.7, -3.7,  0.79,  0.90, -0.10,  0.0,  0.0,  0.0
1033474.26969390, 44843.607400, 1000.0, 1003.7, -3.7,  0.79,  0.90, -0.10,  0.0,  0.0,  0.0
1033474.27219390, 44841.645618, 1000.0, 1003.7, -3.7,  0.79,  0.90, -0.10,  0.0,  0.0,  0.0
1033474.27469390, 44840.346250, 1000.0, 1003.7, -3.7,  0.79,  0.90, -0.10,  0.0,  0.0,  0.0
1033474.27719390, 44841.500143, 1000.0, 1003.7, -3.7,  0.79,  0.90, -0.10,  0.0,  0.0,  0.0
1033474.27969390, 44842.544458, 1000.0, 1003.7, -3.7,  0.79,  0.90, -0.10,  0.0,  0.0,  0.0
1033474.28219390, 44843.252641, 1000.0, 1003.7, -3.7,  0.79,  0.90, -0.10,  0.0,  0.0,  0.0
1033474.28469390, 44843.891472, 1000.0, 1003.7, -3.7,  0.79,  0.90, -0.10,  0.0,  0.0,  0.0
1033474.28719390, 44844.414676, 1000.0, 1003.7, -3.7,  0.79,  0.90, -0.10,  0.0,  0.0,  0.0
1033474.28969390, 44844.368131, 1000.0, 1003.7, -3.7,  0.79,  0.90, -0.10,  0.0,  0.0,  0.0
1033474.29219390, 44842.931545, 1000.0, 1003.7, -3.7,  0.79,  0.90, -0.10,  0.0,  0.0,  0.0
1033474.29469390, 44841.769124, 1000.0, 1003.7, -3.7,  0.79,  0.90, -0.10,  0.0,  0.0,  0.0
1033474.29719390, 44842.021166, 1000.0, 1003.7, -3.7,  0.79,  0.90, -0.10,  0.0,  0.0,  0.0
1033474.29969390, 44842.273208, 1000.0, 1003.7, -3.7,  0.79,  0.90, -0.10,  0.0,  0.0,  0.0
1033474.30219390, 44843.568423, 1000.0, 1003.7, -3.7,  0.79,  0.90, -0.10,  0.0,  0.0,  0.0
1033474.30469390, 44844.961542, 1000.0, 1003.7, -3.7,  0.79,  0.90, -0.10,  0.0,  0.0,  0.0
1033474.30719390, 44844.145437, 1000.0, 1003.7, -3.7,  0.79,  0.90, -0.10,  0.0,  0.0,  0.0
1033474.30969390, 44842.539612, 1000.0, 1003.7, -3.7,  0.79,  0.90, -0.10,  0.0,  0.0,  0.0
1033474.31219390, 44841.078128, 1000.0, 1003.7, -3.7,  0.79,  0.90, -0.10,  0.0,  0.0,  0.0
1033474.31469390, 44840.498760, 1000.0, 1003.7, -3.7,  0.79,  0.90, -0.10,  0.0,  0.0,  0.0
1033474.31719390, 44841.874768, 1000.0, 1003.7, -3.7,  0.79,  0.90, -0.10,  0.0,  0.0,  0.0
1033474.31969390, 44843.919668, 1000.0, 1003.7, -3.7,  0.79,  0.90, -0.10,  0.0,  0.0,  0.0
1033474.32219390, 44844.743806, 1000.0, 1003.7, -3.7,  0.79,  0.90, -0.10,  0.0,  0.0,  0.0
1033474.32469390, 44844.745712, 1000.0, 1003.7, -3.7,  0.79,  0.90, -0.10,  0.0,  0.0,  0.0
1033474.32719390, 44843.538381, 1000.0, 1003.7, -3.7,  0.79,  0.90, -0.10,  0.0,  0.0,  0.0
1033474.32969390, 44842.659284, 1000.0, 1003.7, -3.7,  0.79,  0.90, -0.10,  0.0,  0.0,  0.0
1033474.33219390, 44841.890948, 1000.0, 1003.7, -3.7,  0.79,  0.90, -0.10,  0.0,  0.0,  0.0
1033474.33469390, 44841.066815, 1000.0, 1003.7, -3.7,  0.79,  0.90, -0.10,  0.0,  0.0,  0.0
1033474.33719390, 44841.691650, 1000.0, 1003.7, -3.7,  0.79,  0.90, -0.10,  0.0,  0.0,  0.0
1033474.33969390, 44842.579556, 1000.0, 1003.7, -3.7,  0.79,  0.90, -0.10,  0.0,  0.0,  0.0
1033474.34219390, 44843.050704, 1000.0, 1003.7, -3.7,  0.79,  0.90, -0.10,  0.0,  0.0,  0.0
1033474.34469390, 44843.521851, 1000.0, 1003.7, -3.7,  0.79,  0.90, -0.10,  0.0,  0.0,  0.0
1033474.34719390, 44843.992998, 1000.0, 1003.7, -3.7,  0.79,  0.90, -0.10,  0.0,  0.0,  0.0
1033474.34969390, 44842.935179, 1000.0, 1003.7, -3.7,  0.79,  0.90, -0.10,  0.0,  0.0,  0.0
1033474.35219390, 44841.718203, 1000.0, 1003.7, -3.7,  0.79,  0.90, -0.10,  0.0,  0.0,  0.0
1033474.35469390, 44840.501227, 1000.0, 1003.7, -3.7,  0.79,  0.90, -0.10,  0.0,  0.0,  0.0
1033474.35719390, 44841.226173, 1000.0, 1003.7, -3.7,  0.79,  0.90, -0.10,  0.0,  0.0,  0.0
1033474.35969390, 44844.088878, 1000.0, 1003.7, -3.7,  0.79,  0.90, -0.10,  0.0,  0.0,  0.0
1033474.36219390, 44844.482792, 1000.0, 1003.7, -3.7,  0.79,  0.90, -0.10,  0.0,  0.0,  0.0
1033474.36469390, 44844.876705, 1000.0, 1003.7, -3.7,  0.79,  0.90, -0.10,  0.0,  0.0,  0.0
1033474.36719390, 44844.044030, 1000.0, 1003.7, -3.7,  0.79,  0.90, -0.10,  0.0,  0.0,  0.0
1033474.36969390, 44842.433889, 1000.0, 1003.5, -3.5,  0.79,  0.90, -0.10,  0.0,  0.0,  0.0
1033474.37219390, 44841.095545, 1000.0, 1003.4, -3.4,  0.79,  0.90, -0.10,  0.0,  0.0,  0.0
1033474.37469390, 44840.483150, 1000.0, 1003.2, -3.2,  0.79,  0.90, -0.10,  0.0,  0.0,  0.0
1033474.37719390, 44841.914775, 1000.0, 1003.1, -3.1,  0.79,  0.90, -0.10,  0.0,  0.0,  0.0
1033474.37969390, 44844.033718, 1000.0, 1002.9, -2.9,  0.79,  0.90, -0.10,  0.0,  0.0,  0.0
1033474.38219390, 44845.032198, 1000.0, 1002.7, -2.7,  0.79,  0.90, -0.10,  0.0,  0.0,  0.0
1033474.38469390, 44844.807156, 1000.0, 1002.6, -2.6,  0.79,  0.90, -0.10,  0.0,  0.0,  0.0
1033474.38719390, 44843.588095, 1000.0, 1002.4, -2.4,  0.79,  0.90, -0.10,  0.0,  0.0,  0.0
1033474.38969390, 44841.603466, 1000.0, 1002.3, -2.3,  0.79,  0.90, -0.10,  0.0,  0.0,  0.0
1033474.39219390, 44840.634163, 1000.0, 1002.1, -2.1,  0.79,  0.90, -0.10,  0.0,  0.0,  0.0
1033474.39469390, 44840.819645, 1000.0, 1002.0, -2.0,  0.79,  0.90, -0.10,  0.0,  0.0,  0.0
1033474.39719390, 44841.776987, 1000.0, 1001.8, -1.8,  0.79,  0.90, -0.10,  0.0,  0.0,  0.0
1033474.39969390, 44843.135529, 1000.0, 1001.7, -1.7,  0.79,  0.90, -0.10,  0.0,  0.0,  0.0
1033474.40219390, 44845.212241, 1000.0, 1001.5, -1.5,  0.79,  0.90, -0.10,  0.0,  0.0,  0.0
1033474.40469390, 44844.872287, 1000.0, 1001.3, -1.3,  0.79,  0.90, -0.10,  0.0,  0.0,  0.0
1033474.40719390, 44844.400608, 1000.0, 1001.2, -1.2,  0.79,  0.90, -0.10,  0.0,  0.0,  0.0
1033474.40969390, 44843.928928, 1000.0, 1001.0, -1.0,  0.79,  0.90, -0.10,  0.0,  0.0,  0.0
1033474.41219390, 44843.457249, 1000.0, 1000.9, -0.9,  0.79,  0.90, -0.10,  0.0,  0.0,  0.0
1033474.41469390, 44841.138498, 1000.0, 1000.7, -0.7,  0.79,  0.90, -0.10,  0.0,  0.0,  0.0
1033474.41719390, 44841.457973, 1000.0, 1000.6, -0.6,  0.79,  0.90, -0.10,  0.0,  0.0,  0.0
1033474.41969390, 44842.718011, 1000.0, 1000.4, -0.4,  0.79,  0.90, -0.10,  0.0,  0.0,  0.0
1033474.42219390, 44844.161578, 1000.0, 1000.3, -0.3,  0.79,  0.90, -0.10,  0.0,  0.0,  0.0
1033474.42469390, 44844.527091, 1000.0, 1000.1, -0.1,  0.79,  0.90, -0.10,  0.0,  0.0,  0.0
1033474.42719390, 44843.904322, 1000.0, 1000.0,  0.0,  0.79,  0.90, -0.10,  0.0,  0.0,  0.0
1033474.42969390, 44843.104408, 1000.0,  999.8,  0.2,  0.79,  0.90, -0.10,  0.0,  0.0,  0.0
1033474.43219390, 44841.462132, 1000.0,  998.4,  1.6,  0.79,  0.90, -0.11,  0.0,  0.0,  0.0
1033474.43469390, 44840.182686, 1000.0,  990.8,  9.2,  0.79,  0.91, -0.12,  0.0,  0.0,  0.0
1033474.43719390, 44841.105497, 1000.0,  983.3,  16.7,  0.79,  0.93, -0.14,  0.0,  0.0,  0.0
1033474.43969390, 44842.708435, 1000.0,  975.7,  24.3,  0.79,  0.95, -0.16,  0.0,  0.0,  0.0
1033474.44219390, 44844.480672, 1000.0,  968.2,  31.8,  0.79,  0.96, -0.17,  0.0,  0.0,  0.0
1033474.44469390, 44844.666549, 1000.0,  960.6,  39.4,  0.79,  0.98, -0.19,  0.0,  0.0,  0.0
1033474.44719390, 44842.657400, 1000.0,  953.1,  46.9,  0.79,  1.00, -0.21,  0.0,  0.0,  0.0
1033474.44969390, 44841.097445, 1000.0,  945.5,  54.5,  0.79,  1.02, -0.22,  0.0,  0.0,  0.0
1033474.45219390, 44840.369805, 1000.0,  938.0,  62.0,  0.79,  1.03, -0.24,  0.0,  0.0,  0.0
1033474.45469390, 44840.880980, 1000.0,  930.4,  69.6,  0.79,  1.05, -0.26,  0.0,  0.0,  0.0
1033474.45719390, 44842.572596, 1000.0,  922.9,  77.1,  0.79,  1.07, -0.27,  0.0,  0.0,  0.0
1033474.45969390, 44843.183550, 1000.0,  915.3,  84.7,  0.79,  1.08, -0.29,  0.0,  0.0,  0.0
1033474.46219390, 44843.794504, 1000.0,  907.8,  92.2,  0.79,  1.10, -0.31,  0.0,  0.0,  0.0
1033474.46469390, 44844.405458, 1000.0,  900.2,  99.8,  0.79,  1.12, -0.32,  0.0,  0.0,  0.0
1033474.46719390, 44843.116479, 1000.0,  892.7,  107.3,  0.79,  1.13, -0.34,  0.0,  0.0,  0.0
1033474.46969390, 44841.556375, 1000.0,  885.1,  114.9,  0.79,  1.15, -0.36,  0.0,  0.0,  0.0
1033474.47219390, 44840.910177, 1000.0,  877.6,  122.4,  0.79,  1.17, -0.38,  0.0,  0.0,  0.0
1033474.47469390, 44840.510776, 1000.0,  870.0,  130.0,  0.79,  1.18, -0.39,  0.0,  0.0,  0.0
1033474.47719390, 44840.111376, 1000.0,  862.5,  137.5,  0.79,  1.20, -0.41,  0.0,  0.0,  0.0
1033474.47969390, 44844.038336, 1000.0,  854.9,  145.1,  0.79,  1.22, -0.43,  0.0,  0.0,  0.0
1033474.48219390, 44844.586000, 1000.0,  847.4,  152.6,  0.79,  1.23, -0.44,  0.0,  0.0,  0.0
1033474.48469390, 44845.133665, 1000.0,  839.8,  160.2,  0.79,  1.25, -0.46,  0.0,  0.0,  0.0
1033474.48719390, 44843.967823, 1000.0,  832.3,  167.7,  0.79,  1.27, -0.48,  0.0,  0.0,  0.0
1033474.48969390, 44842.505472, 1000.0,  824.7,  175.3,  0.79,  1.28, -0.49,  0.0,  0.0,  0.0
1033474.49219390, 44840.212241, 1000.0,  817.2,  182.8,  0.79,  1.30, -0.51,  0.0,  0.0,  0.0
1033474.49719390, 44841.530611, 1000.0,  808.7,  191.3,  0.79,  1.33, -0.54,  0.0,  0.0,  0.0
1033474.49969390, 44842.910292, 1000.0,  813.3,  186.7,  0.79,  1.33, -0.54,  0.0,  0.0,  0.0
1033474.50219390, 44844.931386, 1000.0,  818.0,  182.0,  0.79,  1.34, -0.55,  0.0,  0.0,  0.0
1033474.50469390, 44844.732320, 1000.0,  822.6,  177.4,  0.79,  1.34, -0.55,  0.0,  0.0,  0.0
1033474.50719390, 44843.401104, 1000.0,  827.2,  172.8,  0.79,  1.35, -0.56,  0.0,  0.0,  0.0
1033474.50969390, 44841.236426, 1000.0,  831.8,  168.2,  0.79,  1.35, -0.56,  0.0,  0.0,  0.0
1033474.51219390, 44840.556146, 1000.0,  836.5,  163.5,  0.79,  1.36, -0.57,  0.0,  0.0,  0.0
1033474.51469390, 44841.106013, 1000.0,  841.1,  158.9,  0.79,  1.36, -0.57,  0.0,  0.0,  0.0
1033474.51719390, 44841.747328, 1000.0,  845.7,  154.3,  0.79,  1.37, -0.58,  0.0,  0.0,  0.0
1033474.51969390, 44842.558257, 1000.0,  850.4,  149.6,  0.79,  1.38, -0.58,  0.0,  0.0,  0.0
1033474.52219390, 44845.033934, 1000.0,  855.0,  145.0,  0.79,  1.38, -0.59,  0.0,  0.0,  0.0
1033474.52469390, 44844.519410, 1000.0,  859.6,  140.4,  0.79,  1.39, -0.59,  0.0,  0.0,  0.0
1033474.52719390, 44843.979333, 1000.0,  864.2,  135.8,  0.79,  1.39, -0.60,  0.0,  0.0,  0.0
1033474.52969390, 44843.439212, 1000.0,  868.9,  131.1,  0.79,  1.40, -0.61,  0.0,  0.0,  0.0
1033474.53219390, 44842.899090, 1000.0,  873.5,  126.5,  0.79,  1.40, -0.61,  0.0,  0.0,  0.0
1033474.53469390, 44841.288687, 1000.0,  878.1,  121.9,  0.79,  1.41, -0.62,  0.0,  0.0,  0.0
1033474.53719390, 44841.498549, 1000.0,  882.7,  117.3,  0.79,  1.41, -0.62,  0.0,  0.0,  0.0
1033474.53969390, 44842.345326, 1000.0,  887.4,  112.6,  0.79,  1.42, -0.63,  0.0,  0.0,  0.0
1033474.54219390, 44843.192103, 1000.0,  892.0,  108.0,  0.79,  1.42, -0.63,  0.0,  0.0,  0.0
1033474.54469390, 44844.038880, 1000.0,  896.6,  103.4,  0.79,  1.43, -0.64,  0.0,  0.0,  0.0
1033474.54719390, 44844.107766, 1000.0,  901.3,  98.7,  0.79,  1.43, -0.64,  0.0,  0.0,  0.0
1033474.54969390, 44843.259197, 1000.0,  905.9,  94.1,  0.79,  1.44, -0.65,  0.0,  0.0,  0.0
1033474.55219390, 44840.946074, 1000.0,  910.5,  89.5,  0.79,  1.44, -0.65,  0.0,  0.0,  0.0
1033474.55469390, 44840.697803, 1000.0,  912.3,  87.7,  0.79,  1.45, -0.65,  0.0,  0.0,  0.0
1033474.55719390, 44841.329399, 1000.0,  913.8,  86.2,  0.79,  1.45, -0.66,  0.0,  0.0,  0.0
1033474.55969390, 44844.047525, 1000.0,  915.3,  84.7,  0.79,  1.45, -0.66,  0.0,  0.0,  0.0
1033474.56219390, 44844.969648, 1000.0,  916.8,  83.2,  0.79,  1.45, -0.66,  0.0,  0.0,  0.0
1033474.56469390, 44844.620453, 1000.0,  918.3,  81.7,  0.79,  1.45, -0.66,  0.0,  0.0,  0.0
1033474.56719390, 44842.426897, 1000.0,  919.7,  80.3,  0.79,  1.45, -0.66,  0.0,  0.0,  0.0
1033474.56969390, 44840.739782, 1000.0,  921.2,  78.8,  0.79,  1.46, -0.67,  0.0,  0.0,  0.0
1033474.57219390, 44840.167345, 1000.0,  922.7,  77.3,  0.79,  1.46, -0.67,  0.0,  0.0,  0.0
1033474.57469390, 44840.702452, 1000.0,  924.2,  75.8,  0.79,  1.46, -0.67,  0.0,  0.0,  0.0
1033474.57719390, 44842.861682, 1000.0,  925.7,  74.3,  0.79,  1.46, -0.67,  0.0,  0.0,  0.0
1033474.57969390, 44843.475039, 1000.0,  927.2,  72.8,  0.79,  1.46, -0.67,  0.0,  0.0,  0.0
1033474.58219390, 44843.947332, 1000.0,  928.6,  71.4,  0.79,  1.47, -0.67,  0.0,  0.0,  0.0
1033474.58469390, 44844.385769, 1000.0,  930.1,  69.9,  0.79,  1.47, -0.68,  0.0,  0.0,  0.0
1033474.58719390, 44843.096627, 1000.0,  931.6,  68.4,  0.79,  1.47, -0.68,  0.0,  0.0,  0.0
1033474.58969390, 44842.799666, 1000.0,  933.1,  66.9,  0.79,  1.47, -0.68,  0.0,  0.0,  0.0
1033474.59219390, 44842.250025, 1000.0,  934.6,  65.4,  0.79,  1.47, -0.68,  0.0,  0.0,  0.0
1033474.59469390, 44841.700383, 1000.0,  936.1,  63.9,  0.79,  1.47, -0.68,  0.0,  0.0,  0.0
1033474.59719390, 44841.652318, 1000.0,  937.5,  62.5,  0.79,  1.48, -0.68,  0.0,  0.0,  0.0
1033474.59969390, 44842.093933, 1000.0,  939.0,  61.0,  0.79,  1.48, -0.69,  0.0,  0.0,  0.0
1033474.60219390, 44842.535548, 1000.0,  940.5,  59.5,  0.79,  1.48, -0.69,  0.0,  0.0,  0.0
1033474.60469390, 44843.071138, 1000.0,  942.0,  58.0,  0.79,  1.48, -0.69,  0.0,  0.0,  0.0
1033474.60719390, 44843.638685, 1000.0,  943.5,  56.5,  0.79,  1.48, -0.69,  0.0,  0.0,  0.0
1033474.60969390, 44844.206231, 1000.0,  945.0,  55.0,  0.79,  1.48, -0.69,  0.0,  0.0,  0.0
1033474.61219390, 44843.250046, 1000.0,  946.5,  53.5,  0.79,  1.49, -0.70,  0.0,  0.0,  0.0
1033474.61469390, 44839.875550, 1000.0,  947.9,  52.1,  0.79,  1.49, -0.70,  0.0,  0.0,  0.0
1033474.61719390, 44842.487250, 1000.0,  949.4,  50.6,  0.79,  1.49, -0.70,  0.0,  0.0,  0.0
1033474.61969390, 44843.329066, 1000.0,  950.4,  49.6,  0.79,  1.49, -0.70,  0.0,  0.0,  0.0
1033474.62219390, 44845.213407, 1000.0,  951.5,  48.5,  0.79,  1.49, -0.70,  0.0,  0.0,  0.0
1033474.62469390, 44844.790942, 1000.0,  952.6,  47.4,  0.79,  1.49, -0.70,  0.0,  0.0,  0.0
1033474.62719390, 44842.739041, 1000.0,  953.6,  46.4,  0.79,  1.49, -0.70,  0.0,  0.0,  0.0
1033474.62969390, 44840.620241, 1000.0,  954.7,  45.3,  0.79,  1.49, -0.70,  0.0,  0.0,  0.0
1033474.63219390, 44840.284944, 1000.0,  955.7,  44.3,  0.79,  1.49, -0.70,  0.0,  0.0,  0.0
1033474.63469390, 44840.630625, 1000.0,  956.8,  43.2,  0.79,  1.49, -0.70,  0.0,  0.0,  0.0
1033474.63719390, 44842.155903, 1000.0,  957.9,  42.1,  0.79,  1.49, -0.70,  0.0,  0.0,  0.0
1033474.63969390, 44844.494593, 1000.0,  958.9,  41.1,  0.79,  1.49, -0.70,  0.0,  0.0,  0.0
1033474.64219390, 44845.341697, 1000.0,  960.0,  40.0,  0.79,  1.49, -0.70,  0.0,  0.0,  0.0
1033474.64469390, 44845.341697, 1000.0,  961.0,  39.0,  0.79,  1.49, -0.70,  0.0,  0.0,  0.0
1033474.64719390, 44845.341697, 1000.0,  962.1,  37.9,  0.79,  1.49, -0.70,  0.0,  0.0,  0.0
1033474.64969390, 44844.077615, 1000.0,  963.2,  36.8,  0.79,  1.49, -0.70,  0.0,  0.0,  0.0
1033474.65219390, 44840.445306, 1000.0,  964.2,  35.8,  0.79,  1.49, -0.70,  0.0,  0.0,  0.0
1033474.65469390, 44840.445306, 1000.0,  965.3,  34.7,  0.79,  1.49, -0.70,  0.0,  0.0,  0.0
1033474.65719390, 44840.445306, 1000.0,  966.4,  33.6,  0.79,  1.49, -0.70,  0.0,  0.0,  0.0
1033474.65969390, 44840.953282, 1000.0,  967.4,  32.6,  0.79,  1.49, -0.70,  0.0,  0.0,  0.0
1033474.66219390, 44845.226312, 1000.0,  968.5,  31.5,  0.79,  1.49, -0.70,  0.0,  0.0,  0.0
1033474.66469390, 44845.147334, 1000.0,  969.5,  30.5,  0.79,  1.49, -0.70,  0.0,  0.0,  0.0
1033474.66719390, 44844.841615, 1000.0,  970.6,  29.4,  0.79,  1.49, -0.70,  0.0,  0.0,  0.0
1033474.66969390, 44844.196316, 1000.0,  971.7,  28.3,  0.79,  1.49, -0.70,  0.0,  0.0,  0.0
1033474.67219390, 44841.011812, 1000.0,  972.7,  27.3,  0.79,  1.49, -0.70,  0.0,  0.0,  0.0
1033474.67469390, 44841.168587, 1000.0,  973.8,  26.2,  0.79,  1.49, -0.70,  0.0,  0.0,  0.0
1033474.67719390, 44841.514897, 1000.0,  974.8,  25.2,  0.79,  1.49, -0.70,  0.0,  0.0,  0.0
1033474.67969390, 44843.081936, 1000.0,  975.9,  24.1,  0.79,  1.49, -0.70,  0.0,  0.0,  0.0
1033474.68219390, 44844.351017, 1000.0,  977.0,  23.0,  0.79,  1.49, -0.70,  0.0,  0.0,  0.0
1033474.68469390, 44844.394122, 1000.0,  977.8,  22.2,  0.79,  1.49, -0.70,  0.0,  0.0,  0.0
1033474.68719390, 44843.822388, 1000.0,  978.5,  21.5,  0.79,  1.49, -0.70,  0.0,  0.0,  0.0
1033474.68969390, 44842.407765, 1000.0,  979.2,  20.8,  0.79,  1.50, -0.70,  0.0,  0.0,  0.0
1033474.69219390, 44841.005695, 1000.0,  979.8,  20.2,  0.79,  1.50, -0.71,  0.0,  0.0,  0.0
1033474.69469390, 44840.579751, 1000.0,  980.5,  19.5,  0.79,  1.50, -0.71,  0.0,  0.0,  0.0
1033474.69719390, 44842.727223, 1000.0,  981.2,  18.8,  0.79,  1.50, -0.71,  0.0,  0.0,  0.0
1033474.69969390, 44844.724407, 1000.0,  981.9,  18.1,  0.79,  1.50, -0.71,  0.0,  0.0,  0.0
1033474.70219390, 44845.566204, 1000.0,  982.5,  17.5,  0.79,  1.50, -0.71,  0.0,  0.0,  0.0
1033474.70469390, 44845.566204, 1000.0,  983.2,  16.8,  0.79,  1.50, -0.71,  0.0,  0.0,  0.0
1033474.70719390, 44845.566204, 1000.0,  983.9,  16.1,  0.79,  1.50, -0.71,  0.0,  0.0,  0.0
1033474.70969390, 44845.566204, 1000.0,  984.6,  15.4,  0.79,  1.50, -0.71,  0.0,  0.0,  0.0
1033474.71219390, 44840.398885, 1000.0,  985.2,  14.8,  0.79,  1.51, -0.71,  0.0,  0.0,  0.0
1033474.71469390, 44840.742357, 1000.0,  985.9,  14.1,  0.79,  1.51, -0.72,  0.0,  0.0,  0.0
1033474.71719390, 44841.366282, 1000.0,  986.6,  13.4,  0.79,  1.51, -0.72,  0.0,  0.0,  0.0
1033474.71969390, 44841.990207, 1000.0,  987.2,  12.8,  0.79,  1.51, -0.72,  0.0,  0.0,  0.0
1033474.72219390, 44844.929894, 1000.0,  987.9,  12.1,  0.79,  1.51, -0.72,  0.0,  0.0,  0.0
1033474.72469390, 44845.244209, 1000.0,  988.6,  11.4,  0.79,  1.51, -0.72,  0.0,  0.0,  0.0
1033474.72719390, 44845.160095, 1000.0,  989.3,  10.7,  0.79,  1.51, -0.72,  0.0,  0.0,  0.0
1033474.72969390, 44845.075981, 1000.0,  989.9,  10.1,  0.79,  1.51, -0.72,  0.0,  0.0,  0.0
1033474.73219390, 44842.597100, 1000.0,  990.6,  9.4,  0.79,  1.51, -0.72,  0.0,  0.0,  0.0
1033474.73469390, 44840.555843, 1000.0,  991.3,  8.7,  0.79,  1.52, -0.72,  0.0,  0.0,  0.0
1033474.73719390, 44840.803600, 1000.0,  991.9,  8.1,  0.79,  1.52, -0.73,  0.0,  0.0,  0.0
1033474.73969390, 44842.289125, 1000.0,  992.6,  7.4,  0.79,  1.52, -0.73,  0.0,  0.0,  0.0
1033474.74219390, 44843.801150, 1000.0,  993.3,  6.7,  0.79,  1.52, -0.73,  0.0,  0.0,  0.0
1033474.74469390, 44844.753982, 1000.0,  993.7,  6.3,  0.79,  1.52, -0.73,  0.0,  0.0,  0.0
1033474.74719390, 44844.154245, 1000.0,  993.7,  6.3,  0.79,  1.52, -0.73,  0.0,  0.0,  0.0
1033474.74969390, 44842.409954, 1000.0,  993.8,  6.2,  0.79,  1.52, -0.73,  0.0,  0.0,  0.0
1033474.75219390, 44840.287583, 1000.0,  993.9,  6.1,  0.79,  1.52, -0.73,  0.0,  0.0,  0.0
1033474.75469390, 44840.718842, 1000.0,  994.0,  6.0,  0.79,  1.52, -0.73,  0.0,  0.0,  0.0
1033474.75719390, 44842.616883, 1000.0,  994.1,  5.9,  0.79,  1.52, -0.73,  0.0,  0.0,  0.0
1033474.75969390, 44844.547407, 1000.0,  994.2,  5.8,  0.79,  1.52, -0.73,  0.0,  0.0,  0.0
1033474.76219390, 44845.502059, 1000.0,  994.2,  5.8,  0.79,  1.52, -0.73,  0.0,  0.0,  0.0
1033474.76469390, 44845.103130, 1000.0,  994.3,  5.7,  0.79,  1.52, -0.73,  0.0,  0.0,  0.0
1033474.76719390, 44843.085662, 1000.0,  994.4,  5.6,  0.79,  1.52, -0.73,  0.0,  0.0,  0.0
1033474.76969390, 44842.033933, 1000.0,  994.5,  5.5,  0.79,  1.52, -0.73,  0.0,  0.0,  0.0
1033474.77219390, 44840.982203, 1000.0,  994.6,  5.4,  0.79,  1.52, -0.73,  0.0,  0.0,  0.0
1033474.77469390, 44840.901972, 1000.0,  994.7,  5.3,  0.79,  1.52, -0.73,  0.0,  0.0,  0.0
1033474.77719390, 44842.804486, 1000.0,  994.7,  5.3,  0.79,  1.52, -0.73,  0.0,  0.0,  0.0
1033474.77969390, 44843.352103, 1000.0,  994.8,  5.2,  0.79,  1.52, -0.73,  0.0,  0.0,  0.0
1033474.78219390, 44843.899720, 1000.0,  994.9,  5.1,  0.79,  1.52, -0.73,  0.0,  0.0,  0.0
1033474.78469390, 44844.752916, 1000.0,  995.0,  5.0,  0.79,  1.52, -0.73,  0.0,  0.0,  0.0
1033474.78719390, 44844.355889, 1000.0,  995.1,  4.9,  0.79,  1.52, -0.73,  0.0,  0.0,  0.0
1033474.78969390, 44843.727232, 1000.0,  995.1,  4.9,  0.79,  1.52, -0.73,  0.0,  0.0,  0.0
1033474.79219390, 44843.098576, 1000.0,  995.2,  4.8,  0.79,  1.52, -0.73,  0.0,  0.0,  0.0
1033474.79469390, 44841.551742, 1000.0,  995.3,  4.7,  0.79,  1.52, -0.73,  0.0,  0.0,  0.0
1033474.79719390, 44842.495150, 1000.0,  995.4,  4.6,  0.79,  1.52, -0.73,  0.0,  0.0,  0.0
1033474.79969390, 44843.906399, 1000.0,  995.5,  4.5,  0.79,  1.52, -0.73,  0.0,  0.0,  0.0
1033474.80469390, 44844.634676, 1000.0,  995.6,  4.4,  0.79,  1.52, -0.73,  0.0,  0.0,  0.0
1033474.80719390, 44842.989719, 1000.0,  995.6,  4.4,  0.79,  1.52, -0.73,  0.0,  0.0,  0.0
1033474.80969390, 44842.989719, 1000.0,  995.6,  4.4,  0.79,  1.52, -0.73,  0.0,  0.0,  0.0
1033474.81219390, 44840.675022, 1000.0,  995.6,  4.4,  0.79,  1.52, -0.73,  0.0,  0.0,  0.0
1033474.81469390, 44840.232484, 1000.0,  995.6,  4.4,  0.79,  1.52, -0.73,  0.0,  0.0,  0.0
1033474.81719390, 44842.197470, 1000.0,  995.6,  4.4,  0.79,  1.52, -0.73,  0.0,  0.0,  0.0
1033474.81969390, 44844.324409, 1000.0,  995.6,  4.4,  0.79,  1.52, -0.73,  0.0,  0.0,  0.0
1033474.82219390, 44845.040128, 1000.0,  995.6,  4.4,  0.79,  1.52, -0.73,  0.0,  0.0,  0.0
1033474.82469390, 44844.123630, 1000.0,  995.6,  4.4,  0.79,  1.52, -0.73,  0.0,  0.0,  0.0
1033474.82719390, 44842.651009, 1000.0,  995.6,  4.4,  0.79,  1.52, -0.73,  0.0,  0.0,  0.0
1033474.82969390, 44840.913134, 1000.0,  995.6,  4.4,  0.79,  1.52, -0.73,  0.0,  0.0,  0.0
1033474.83219390, 44840.406210, 1000.0,  995.6,  4.4,  0.79,  1.52, -0.73,  0.0,  0.0,  0.0
1033474.83469390, 44839.899286, 1000.0,  995.6,  4.4,  0.79,  1.52, -0.73,  0.0,  0.0,  0.0
1033474.83719390, 44841.542641, 1000.0,  995.6,  4.4,  0.79,  1.52, -0.73,  0.0,  0.0,  0.0
1033474.83969390, 44842.920021, 1000.0,  995.6,  4.4,  0.79,  1.52, -0.73,  0.0,  0.0,  0.0
1033474.84219390, 44843.637414, 1000.0,  995.6,  4.4,  0.79,  1.52, -0.73,  0.0,  0.0,  0.0
1033474.84469390, 44844.354807, 1000.0,  995.6,  4.4,  0.79,  1.52, -0.73,  0.0,  0.0,  0.0
1033474.84719390, 44845.018605, 1000.0,  995.6,  4.4,  0.79,  1.52, -0.73,  0.0,  0.0,  0.0
1033474.84969390, 44841.193831, 1000.0,  995.6,  4.4,  0.79,  1.52, -0.73,  0.0,  0.0,  0.0
1033474.85219390, 44840.637931, 1000.0,  995.6,  4.4,  0.79,  1.52, -0.73,  0.0,  0.0,  0.0
1033474.85469390, 44840.166538, 1000.0,  995.6,  4.4,  0.79,  1.52, -0.73,  0.0,  0.0,  0.0
1033474.85719390, 44841.454804, 1000.0,  995.6,  4.4,  0.79,  1.52, -0.73,  0.0,  0.0,  0.0
1033474.85969390, 44842.984083, 1000.0,  995.6,  4.4,  0.79,  1.52, -0.73,  0.0,  0.0,  0.0
1033474.86219390, 44844.158471, 1000.0,  995.6,  4.4,  0.79,  1.52, -0.73,  0.0,  0.0,  0.0
1033474.86469390, 44845.332860, 1000.0,  995.6,  4.4,  0.79,  1.52, -0.73,  0.0,  0.0,  0.0
1033474.86719390, 44843.658083, 1000.0,  995.6,  4.4,  0.79,  1.52, -0.73,  0.0,  0.0,  0.0
1033474.86969390, 44841.424231, 1000.0,  995.6,  4.4,  0.79,  1.52, -0.73,  0.0,  0.0,  0.0
1033474.87219390, 44840.467038, 1000.0,  995.6,  4.4,  0.79,  1.52, -0.73,  0.0,  0.0,  0.0
1033474.87469390, 44840.367670, 1000.0,  995.6,  4.4,  0.79,  1.52, -0.73,  0.0,  0.0,  0.0
1033474.87719390, 44842.002441, 1000.0,  995.6,  4.4,  0.79,  1.52, -0.73,  0.0,  0.0,  0.0
1033474.87969390, 44844.262769, 1000.0,  995.6,  4.4,  0.79,  1.52, -0.73,  0.0,  0.0,  0.0
1033474.88219390, 44845.248483, 1000.0,  995.6,  4.4,  0.79,  1.52, -0.73,  0.0,  0.0,  0.0
1033474.88469390, 44845.033469, 1000.0,  995.6,  4.4,  0.79,  1.52, -0.73,  0.0,  0.0,  0.0
1033474.88719390, 44843.301487, 1000.0,  995.6,  4.4,  0.79,  1.52, -0.73,  0.0,  0.0,  0.0
1033474.88969390, 44841.033944, 1000.0,  995.6,  4.4,  0.79,  1.52, -0.73,  0.0,  0.0,  0.0
1033474.89219390, 44840.397045, 1000.0,  995.6,  4.4,  0.79,  1.52, -0.73,  0.0,  0.0,  0.0
1033474.89469390, 44840.294489, 1000.0,  995.6,  4.4,  0.79,  1.52, -0.73,  0.0,  0.0,  0.0
1033474.89719390, 44840.562723, 1000.0,  995.6,  4.4,  0.79,  1.52, -0.73,  0.0,  0.0,  0.0
1033474.89969390, 44844.103213, 1000.0,  995.6,  4.4,  0.79,  1.52, -0.73,  0.0,  0.0,  0.0
1033474.90219390, 44844.531227, 1000.0,  995.6,  4.4,  0.79,  1.52, -0.73,  0.0,  0.0,  0.0
1033474.90469390, 44844.758119, 1000.0,  995.6,  4.4,  0.79,  1.52, -0.73,  0.0,  0.0,  0.0
1033474.90719390, 44844.985012, 1000.0,  995.6,  4.4,  0.79,  1.52, -0.73,  0.0,  0.0,  0.0
1033474.90969390, 44843.068409, 1000.0,  995.6,  4.4,  0.79,  1.52, -0.73,  0.0,  0.0,  0.0
1033474.91219390, 44840.252394, 1000.0,  995.6,  4.4,  0.79,  1.52, -0.73,  0.0,  0.0,  0.0
1033474.91469390, 44840.648431, 1000.0,  995.6,  4.4,  0.79,  1.52, -0.73,  0.0,  0.0,  0.0
1033474.91719390, 44841.154676, 1000.0,  995.6,  4.4,  0.79,  1.52, -0.73,  0.0,  0.0,  0.0
1033474.91969390, 44842.150311, 1000.0,  995.6,  4.4,  0.79,  1.52, -0.73,  0.0,  0.0,  0.0
1033474.92219390, 44842.862440, 1000.0,  995.6,  4.4,  0.79,  1.52, -0.73,  0.0,  0.0,  0.0
1033474.92469390, 44843.574569, 1000.0,  995.6,  4.4,  0.79,  1.52, -0.73,  0.0,  0.0,  0.0
1033474.92719390, 44844.286698, 1000.0,  995.6,  4.4,  0.79,  1.52, -0.73,  0.0,  0.0,  0.0
1033474.92969390, 44844.315103, 1000.0,  995.6,  4.4,  0.79,  1.52, -0.73,  0.0,  0.0,  0.0
1033474.93219390, 44839.957101, 1000.0,  995.6,  4.4,  0.79,  1.52, -0.73,  0.0,  0.0,  0.0
1033474.93469390, 44840.668920, 1000.0, 1003.2, -3.2,  0.79,  1.51, -0.72,  0.0,  0.0,  0.0
1033474.93719390, 44842.255535, 1000.0, 1012.8, -12.8,  0.79,  1.49, -0.70,  0.0,  0.0,  0.0
1033474.93969390, 44844.578030, 1000.0, 1022.4, -22.4,  0.79,  1.47, -0.68,  0.0,  0.0,  0.0
1033474.94219390, 44845.025811, 1000.0, 1032.0, -32.0,  0.79,  1.45, -0.66,  0.0,  0.0,  0.0
1033474.94469390, 44844.468541, 1000.0, 1041.6, -41.6,  0.79,  1.43, -0.64,  0.0,  0.0,  0.0
1033474.94719390, 44842.495192, 1000.0, 1051.2, -51.2,  0.79,  1.41, -0.62,  0.0,  0.0,  0.0
1033474.94969390, 44841.353427, 1000.0, 1060.8, -60.8,  0.79,  1.39, -0.60,  0.0,  0.0,  0.0
1033474.95219390, 44840.476061, 1000.0, 1070.4, -70.4,  0.79,  1.37, -0.57,  0.0,  0.0,  0.0
1033474.95469390, 44840.518026, 1000.0, 1080.1, -80.1,  0.79,  1.35, -0.55,  0.0,  0.0,  0.0
1033474.95719390, 44840.559992, 1000.0, 1089.7, -89.7,  0.79,  1.33, -0.53,  0.0,  0.0,  0.0
1033474.95969390, 44840.601957, 1000.0, 1099.3, -99.3,  0.79,  1.31, -0.51,  0.0,  0.0,  0.0
1033474.96219390, 44841.420465, 1000.0, 1108.9, -108.9,  0.79,  1.29, -0.49,  0.0,  0.0,  0.0
1033474.96469390, 44844.646794, 1000.0, 1118.5, -118.5,  0.79,  1.27, -0.47,  0.0,  0.0,  0.0
1033474.96719390, 44844.050810, 1000.0, 1128.1, -128.1,  0.79,  1.25, -0.45,  0.0,  0.0,  0.0
1033474.96969390, 44843.016906, 1000.0, 1137.7, -137.7,  0.79,  1.23, -0.43,  0.0,  0.0,  0.0
1033474.97219390, 44840.521844, 1000.0, 1147.3, -147.3,  0.79,  1.21, -0.41,  0.0,  0.0,  0.0
1033474.97469390, 44840.675481, 1000.0, 1156.9, -156.9,  0.79,  1.19, -0.39,  0.0,  0.0,  0.0
1033474.97719390, 44841.508216, 1000.0, 1166.5, -166.5,  0.79,  1.17, -0.37,  0.0,  0.0,  0.0
1033474.97969390, 44842.334681, 1000.0, 1176.1, -176.1,  0.79,  1.15, -0.35,  0.0,  0.0,  0.0
1033474.98219390, 44843.719530, 1000.0, 1185.7, -185.7,  0.79,  1.13, -0.33,  0.0,  0.0,  0.0
1033474.98469390, 44845.040154, 1000.0, 1195.3, -195.3,  0.79,  1.11, -0.31,  0.0,  0.0,  0.0
1033474.98719390, 44844.843230, 1000.0, 1204.9, -204.9,  0.79,  1.09, -0.29,  0.0,  0.0,  0.0
1033474.98969390, 44844.646306, 1000.0, 1214.6, -214.6,  0.79,  1.07, -0.27,  0.0,  0.0,  0.0
1033474.99219390, 44843.908739, 1000.0, 1223.0, -223.0,  0.79,  1.05, -0.26,  0.0,  0.0,  0.0
1033474.99469390, 44841.889750, 1000.0, 1218.3, -218.3,  0.79,  1.04, -0.25,  0.0,  0.0,  0.0
1033474.99719390, 44841.423372, 1000.0, 1213.6, -213.6,  0.79,  1.04, -0.25,  0.0,  0.0,  0.0
1033474.99969390, 44842.861308, 1000.0, 1208.9, -208.9,  0.79,  1.03, -0.24,  0.0,  0.0,  0.0
1033475.00219390, 44844.104510, 1000.0, 1204.1, -204.1,  0.79,  1.03, -0.24,  0.0,  0.0,  0.0
1033475.00469390, 44844.272616, 1000.0, 1199.4, -199.4,  0.79,  1.03, -0.23,  0.0,  0.0,  0.0
1033475.00719390, 44842.964159, 1000.0, 1194.7, -194.7,  0.79,  1.02, -0.23,  0.0,  0.0,  0.0
1033475.00969390, 44841.023738, 1000.0, 1190.0, -190.0,  0.79,  1.02, -0.23,  0.0,  0.0,  0.0
1033475.01219390, 44840.243108, 1000.0, 1185.3, -185.3,  0.79,  1.01, -0.22,  0.0,  0.0,  0.0
1033475.01469390, 44840.402543, 1000.0, 1180.6, -180.6,  0.79,  1.01, -0.22,  0.0,  0.0,  0.0
1033475.01719390, 44840.823716, 1000.0, 1175.8, -175.8,  0.79,  1.00, -0.21,  0.0,  0.0,  0.0
1033475.01969390, 44841.464889, 1000.0, 1171.1, -171.1,  0.79,  1.00, -0.21,  0.0,  0.0,  0.0
1033475.02219390, 44842.106062, 1000.0, 1166.4, -166.4,  0.79,  1.00, -0.20,  0.0,  0.0,  0.0
1033475.02469390, 44844.547801, 1000.0, 1161.7, -161.7,  0.79,  0.99, -0.20,  0.0,  0.0,  0.0
1033475.02719390, 44843.063700, 1000.0, 1157.0, -157.0,  0.79,  0.99, -0.20,  0.0,  0.0,  0.0
1033475.02969390, 44842.291647, 1000.0, 1152.3, -152.3,  0.79,  0.98, -0.19,  0.0,  0.0,  0.0
1033475.03219390, 44841.720939, 1000.0, 1147.6, -147.6,  0.79,  0.98, -0.19,  0.0,  0.0,  0.0
1033475.03469390, 44841.191031, 1000.0, 1142.8, -142.8,  0.79,  0.97, -0.18,  0.0,  0.0,  0.0
1033475.03719390, 44841.239691, 1000.0, 1138.1, -138.1,  0.79,  0.97, -0.18,  0.0,  0.0,  0.0
1033475.03969390, 44841.710255, 1000.0, 1133.4, -133.4,  0.79,  0.97, -0.18,  0.0,  0.0,  0.0
1033475.04219390, 44842.180818, 1000.0, 1128.7, -128.7,  0.79,  0.96, -0.17,  0.0,  0.0,  0.0
1033475.04469390, 44843.443761, 1000.0, 1124.0, -124.0,  0.79,  0.96, -0.17,  0.0,  0.0,  0.0
1033475.04719390, 44844.128000, 1000.0, 1119.3, -119.3,  0.79,  0.95, -0.16,  0.0,  0.0,  0.0
1033475.04969390, 44843.299390, 1000.0, 1114.5, -114.5,  0.79,  0.95, -0.16,  0.0,  0.0,  0.0
1033475.05219390, 44840.705225, 1000.0, 1109.8, -109.8,  0.79,  0.94, -0.15,  0.0,  0.0,  0.0
1033475.05469390, 44840.885147, 1000.0, 1105.1, -105.1,  0.79,  0.94, -0.15,  0.0,  0.0,  0.0
1033475.05719390, 44842.749563, 1000.0, 1102.3, -102.3,  0.79,  0.94, -0.15,  0.0,  0.0,  0.0
1033475.05969390, 44843.611214, 1000.0, 1099.7, -99.7,  0.79,  0.94, -0.15,  0.0,  0.0,  0.0
1033475.06219390, 44844.301870, 1000.0, 1097.1, -97.1,  0.79,  0.93, -0.14,  0.0,  0.0,  0.0
1033475.06469390, 44844.539886, 1000.0, 1094.6, -94.6,  0.79,  0.93, -0.14,  0.0,  0.0,  0.0
1033475.06719390, 44843.100398, 1000.0, 1092.0, -92.0,  0.79,  0.93, -0.14,  0.0,  0.0,  0.0
1033475.06969390, 44841.030219, 1000.0, 1089.5, -89.5,  0.79,  0.93, -0.14,  0.0,  0.0,  0.0
1033475.07219390, 44840.615290, 1000.0, 1086.9, -86.9,  0.79,  0.93, -0.14,  0.0,  0.0,  0.0
1033475.07469390, 44840.862247, 1000.0, 1084.4, -84.4,  0.79,  0.93, -0.13,  0.0,  0.0,  0.0
1033475.07719390, 44841.713190, 1000.0, 1081.8, -81.8,  0.79,  0.92, -0.13,  0.0,  0.0,  0.0
1033475.07969390, 44842.643987, 1000.0, 1079.2, -79.2,  0.79,  0.92, -0.13,  0.0,  0.0,  0.0
1033475.08219390, 44843.532127, 1000.0, 1076.7, -76.7,  0.79,  0.92, -0.13,  0.0,  0.0,  0.0
1033475.08469390, 44844.406959, 1000.0, 1074.1, -74.1,  0.79,  0.92, -0.13,  0.0,  0.0,  0.0
1033475.08719390, 44842.997584, 1000.0, 1071.6, -71.6,  0.79,  0.92, -0.13,  0.0,  0.0,  0.0
1033475.08969390, 44842.467719, 1000.0, 1069.0, -69.0,  0.79,  0.91, -0.12,  0.0,  0.0,  0.0
1033475.09219390, 44842.126567, 1000.0, 1066.5, -66.5,  0.79,  0.91, -0.12,  0.0,  0.0,  0.0
1033475.09469390, 44841.785415, 1000.0, 1063.9, -63.9,  0.79,  0.91, -0.12,  0.0,  0.0,  0.0
1033475.09719390, 44841.671015, 1000.0, 1061.3, -61.3,  0.79,  0.91, -0.12,  0.0,  0.0,  0.0
1033475.09969390, 44844.157204, 1000.0, 1058.8, -58.8,  0.79,  0.91, -0.12,  0.0,  0.0,  0.0
1033475.10219390, 44844.597760, 1000.0, 1056.2, -56.2,  0.79,  0.91, -0.11,  0.0,  0.0,  0.0
1033475.10469390, 44845.022400, 1000.0, 1053.7, -53.7,  0.79,  0.90, -0.11,  0.0,  0.0,  0.0
1033475.10719390, 44844.349832, 1000.0, 1051.1, -51.1,  0.79,  0.90, -0.11,  0.0,  0.0,  0.0
1033475.10969390, 44843.260634, 1000.0, 1048.5, -48.5,  0.79,  0.90, -0.11,  0.0,  0.0,  0.0
1033475.11219390, 44841.810632, 1000.0, 1046.0, -46.0,  0.79,  0.90, -0.11,  0.0,  0.0,  0.0
1033475.11719390, 44841.490787, 1000.0, 1041.4, -41.4,  0.79,  0.90, -0.10,  0.0,  0.0,  0.0
1033475.11969390, 44843.617704, 1000.0, 1040.0, -40.0,  0.79,  0.90, -0.10,  0.0,  0.0,  0.0
1033475.12219390, 44844.729064, 1000.0, 1038.6, -38.6,  0.79,  0.90, -0.10,  0.0,  0.0,  0.0
1033475.12469390, 44844.739535, 1000.0, 1037.2, -37.2,  0.79,  0.90, -0.10,  0.0,  0.0,  0.0
1033475.12719390, 44842.572777, 1000.0, 1035.8, -35.8,  0.79,  0.90, -0.10,  0.0,  0.0,  0.0
1033475.12969390, 44841.605896, 1000.0, 1034.4, -34.4,  0.79,  0.90, -0.10,  0.0,  0.0,  0.0
1033475.13219390, 44840.486408, 1000.0, 1033.0, -33.0,  0.79,  0.90, -0.10,  0.0,  0.0,  0.0
1033475.13469390, 44840.674519, 1000.0, 1031.6, -31.6,  0.79,  0.90, -0.10,  0.0,  0.0,  0.0
1033475.13719390, 44842.363641, 1000.0, 1030.2, -30.2,  0.79,  0.90, -0.10,  0.0,  0.0,  0.0
1033475.13969390, 44842.899017, 1000.0, 1028.8, -28.8,  0.79,  0.90, -0.10,  0.0,  0.0,  0.0
1033475.14219390, 44843.354043, 1000.0, 1027.4, -27.4,  0.79,  0.90, -0.10,  0.0,  0.0,  0.0
1033475.14469390, 44843.809069, 1000.0, 1026.0, -26.0,  0.79,  0.90, -0.10,  0.0,  0.0,  0.0
1033475.14719390, 44844.113450, 1000.0, 1024.6, -24.6,  0.79,  0.90, -0.10,  0.0,  0.0,  0.0
1033475.14969390, 44841.657994, 1000.0, 1023.2, -23.2,  0.79,  0.90, -0.10,  0.0,  0.0,  0.0
1033475.15219390, 44839.964219, 1000.0, 1021.8, -21.8,  0.79,  0.90, -0.10,  0.0,  0.0,  0.0
1033475.15469390, 44839.964219, 1000.0, 1020.4, -20.4,  0.79,  0.90, -0.10,  0.0,  0.0,  0.0
1033475.15719390, 44840.472778, 1000.0, 1019.0, -19.0,  0.79,  0.90, -0.10,  0.0,  0.0,  0.0
1033475.15969390, 44842.891724, 1000.0, 1017.6, -17.6,  0.79,  0.90, -0.10,  0.0,  0.0,  0.0
1033475.16219390, 44844.148706, 1000.0, 1016.2, -16.2,  0.79,  0.90, -0.10,  0.0,  0.0,  0.0
1033475.16469390, 44844.407965, 1000.0, 1014.8, -14.8,  0.79,  0.90, -0.10,  0.0,  0.0,  0.0
1033475.16719390, 44842.861429, 1000.0, 1013.4, -13.4,  0.79,  0.90, -0.10,  0.0,  0.0,  0.0
1033475.16969390, 44842.861429, 1000.0, 1012.0, -12.0,  0.79,  0.90, -0.10,  0.0,  0.0,  0.0
1033475.17219390, 44840.607047, 1000.0, 1010.6, -10.6,  0.79,  0.90, -0.10,  0.0,  0.0,  0.0
1033475.17469390, 44840.110086, 1000.0, 1009.7, -9.7,  0.79,  0.90, -0.10,  0.0,  0.0,  0.0
1033475.17719390, 44840.464769, 1000.0, 1009.4, -9.4,  0.79,  0.90, -0.10,  0.0,  0.0,  0.0
1033475.17969390, 44841.421509, 1000.0, 1009.2, -9.2,  0.79,  0.90, -0.10,  0.0,  0.0,  0.0
1033475.18219390, 44844.922503, 1000.0, 1009.0, -9.0,  0.79,  0.90, -0.10,  0.0,  0.0,  0.0
1033475.18469390, 44844.577615, 1000.0, 1008.8, -8.8,  0.79,  0.90, -0.10,  0.0,  0.0,  0.0
1033475.18719390, 44842.895432, 1000.0, 1008.6, -8.6,  0.79,  0.90, -0.10,  0.0,  0.0,  0.0
1033475.18969390, 44841.402004, 1000.0, 1008.4, -8.4,  0.79,  0.90, -0.10,  0.0,  0.0,  0.0
1033475.19219390, 44840.268357, 1000.0, 1008.1, -8.1,  0.79,  0.90, -0.10,  0.0,  0.0,  0.0
1033475.19469390, 44840.733592, 1000.0, 1007.9, -7.9,  0.79,  0.90, -0.10,  0.0,  0.0,  0.0
1033475.19719390, 44842.426624, 1000.0, 1007.7, -7.7,  0.79,  0.90, -0.10,  0.0,  0.0,  0.0
1033475.19969390, 44844.515177, 1000.0, 1007.5, -7.5,  0.79,  0.90, -0.10,  0.0,  0.0,  0.0
1033475.20219390, 44845.320315, 1000.0, 1007.3, -7.3,  0.79,  0.90, -0.10,  0.0,  0.0,  0.0
1033475.20469390, 44845.320315, 1000.0, 1007.1, -7.1,  0.79,  0.90, -0.10,  0.0,  0.0,  0.0
1033475.20719390, 44845.320315, 1000.0, 1006.8, -6.8,  0.79,  0.90, -0.10,  0.0,  0.0,  0.0
1033475.20969390, 44844.703200, 1000.0, 1006.6, -6.6,  0.79,  0.90, -0.10,  0.0,  0.0,  0.0
1033475.21219390, 44840.092509, 1000.0, 1006.4, -6.4,  0.79,  0.90, -0.10,  0.0,  0.0,  0.0
1033475.21469390, 44840.208280, 1000.0, 1006.2, -6.2,  0.79,  0.90, -0.10,  0.0,  0.0,  0.0
1033475.21719390, 44840.406558, 1000.0, 1006.0, -6.0,  0.79,  0.90, -0.10,  0.0,  0.0,  0.0
1033475.21969390, 44840.909994, 1000.0, 1005.8, -5.8,  0.79,  0.90, -0.10,  0.0,  0.0,  0.0
1033475.22219390, 44845.192025, 1000.0, 1005.5, -5.5,  0.79,  0.90, -0.10,  0.0,  0.0,  0.0
1033475.22469390, 44845.192025, 1000.0, 1005.3, -5.3,  0.79,  0.90, -0.10,  0.0,  0.0,  0.0
1033475.22719390, 44845.192025, 1000.0, 1005.1, -5.1,  0.79,  0.90, -0.10,  0.0,  0.0,  0.0
1033475.22969390, 44844.949518, 1000.0, 1004.9, -4.9,  0.79,  0.90, -0.10,  0.0,  0.0,  0.0
1033475.23219390, 44842.933321, 1000.0, 1004.7, -4.7,  0.79,  0.90, -0.10,  0.0,  0.0,  0.0
1033475.23469390, 44840.917125, 1000.0, 1004.5, -4.5,  0.79,  0.90, -0.10,  0.0,  0.0,  0.0
1033475.23719390, 44842.048431, 1000.0, 1004.2, -4.2,  0.79,  0.90, -0.10,  0.0,  0.0,  0.0
1033475.23969390, 44843.118886, 1000.0, 1004.0, -4.0,  0.79,  0.90, -0.10,  0.0,  0.0,  0.0
1033475.24219390, 44843.909867, 1000.0, 1003.8, -3.8,  0.79,  0.90, -0.10,  0.0,  0.0,  0.0
1033475.24469390, 44844.530305, 1000.0, 1003.7, -3.7,  0.79,  0.90, -0.10,  0.0,  0.0,  0.0
1033475.24719390, 44843.527917, 1000.0, 1003.7, -3.7,  0.79,  0.90, -0.10,  0.0,  0.0,  0.0
1033475.24969390, 44841.305190, 1000.0, 1003.7, -3.7,  0.79,  0.90, -0.10,  0.0,  0.0,  0.0
1033475.25219390, 44839.980567, 1000.0, 1003.7, -3.7,  0.79,  0.90, -0.10,  0.0,  0.0,  0.0
1033475.25469390, 44841.485002, 1000.0, 1003.7, -3.7,  0.79,  0.90, -0.10,  0.0,  0.0,  0.0
1033475.25719390, 44842.604849, 1000.0, 1003.7, -3.7,  0.79,  0.90, -0.10,  0.0,  0.0,  0.0
1033475.25969390, 44843.948101, 1000.0, 1003.7, -3.7,  0.79,  0.90, -0.10,  0.0,  0.0,  0.0
1033475.26219390, 44845.270257, 1000.0, 1003.7, -3.7,  0.79,  0.90, -0.10,  0.0,  0.0,  0.0
1033475.26469390, 44844.163546, 1000.0, 1003.7, -3.7,  0.79,  0.90, -0.10,  0.0,  0.0,  0.0
1033475.26719390, 44842.829356, 1000.0, 1003.7, -3.7,  0.79,  0.90, -0.10,  0.0,  0.0,  0.0
1033475.26969390, 44842.829356, 1000.0, 1003.7, -3.7,  0.79,  0.90, -0.10,  0.0,  0.0,  0.0
1033475.27219390, 44841.730898, 1000.0, 1003.7, -3.7,  0.79,  0.90, -0.10,  0.0,  0.0,  0.0
1033475.27469390, 44840.319226, 1000.0, 1003.7, -3.7,  0.79,  0.90, -0.10,  0.0,  0.0,  0.0
1033475.27719390, 44841.852844, 1000.0, 1003.7, -3.7,  0.79,  0.90, -0.10,  0.0,  0.0,  0.0
1033475.27969390, 44843.141481, 1000.0, 1003.7, -3.7,  0.79,  0.90, -0.10,  0.0,  0.0,  0.0
1033475.28219390, 44844.110540, 1000.0, 1003.7, -3.7,  0.79,  0.90, -0.10,  0.0,  0.0,  0.0
1033475.28469390, 44844.778635, 1000.0, 1003.7, -3.7,  0.79,  0.90, -0.10,  0.0,  0.0,  0.0
1033475.28719390, 44843.343466, 1000.0, 1003.7, -3.7,  0.79,  0.90, -0.10,  0.0,  0.0,  0.0
1033475.28969390, 44842.182962, 1000.0, 1003.7, -3.7,  0.79,  0.90, -0.10,  0.0,  0.0,  0.0
1033475.29219390, 44841.319139, 1000.0, 1003.7, -3.7,  0.79,  0.90, -0.10,  0.0,  0.0,  0.0
1033475.29469390, 44841.159069, 1000.0, 1003.7, -3.7,  0.79,  0.90, -0.10,  0.0,  0.0,  0.0
1033475.29719390, 44842.401724, 1000.0, 1003.7, -3.7,  0.79,  0.90, -0.10,  0.0,  0.0,  0.0
1033475.29969390, 44842.401724, 1000.0, 1003.7, -3.7,  0.79,  0.90, -0.10,  0.0,  0.0,  0.0
1033475.30219390, 44843.379107, 1000.0, 1003.7, -3.7,  0.79,  0.90, -0.10,  0.0,  0.0,  0.0
1033475.30469390, 44845.165133, 1000.0, 1003.7, -3.7,  0.79,  0.90, -0.10,  0.0,  0.0,  0.0
1033475.30719390, 44842.814345, 1000.0, 1003.7, -3.7,  0.79,  0.90, -0.10,  0.0,  0.0,  0.0
1033475.30969390, 44840.843135, 1000.0, 1003.7, -3.7,  0.79,  0.90, -0.10,  0.0,  0.0,  0.0
1033475.31219390, 44840.096354, 1000.0, 1003.7, -3.7,  0.79,  0.90, -0.10,  0.0,  0.0,  0.0
1033475.31469390, 44840.870428, 1000.0, 1003.7, -3.7,  0.79,  0.90, -0.10,  0.0,  0.0,  0.0
1033475.31719390, 44842.918829, 1000.0, 1003.7, -3.7,  0.79,  0.90, -0.10,  0.0,  0.0,  0.0
1033475.31969390, 44844.721794, 1000.0, 1003.7, -3.7,  0.79,  0.90, -0.10,  0.0,  0.0,  0.0
1033475.32219390, 44845.192025, 1000.0, 1003.7, -3.7,  0.79,  0.90, -0.10,  0.0,  0.0,  0.0
1033475.32469390, 44844.743581, 1000.0, 1003.7, -3.7,  0.79,  0.90, -0.10,  0.0,  0.0,  0.0
1033475.32719390, 44842.866256, 1000.0, 1003.7, -3.7,  0.79,  0.90, -0.10,  0.0,  0.0,  0.0
1033475.32969390, 44842.096294, 1000.0, 1003.7, -3.7,  0.79,  0.90, -0.10,  0.0,  0.0,  0.0
1033475.33219390, 44841.326333, 1000.0, 1003.7, -3.7,  0.79,  0.90, -0.10,  0.0,  0.0,  0.0
1033475.33469390, 44840.848527, 1000.0, 1003.7, -3.7,  0.79,  0.90, -0.10,  0.0,  0.0,  0.0
1033475.33719390, 44842.074855, 1000.0, 1003.7, -3.7,  0.79,  0.90, -0.10,  0.0,  0.0,  0.0
1033475.33969390, 44842.768539, 1000.0, 1003.7, -3.7,  0.79,  0.90, -0.10,  0.0,  0.0,  0.0
1033475.34219390, 44843.289111, 1000.0, 1003.7, -3.7,  0.79,  0.90, -0.10,  0.0,  0.0,  0.0
1033475.34469390, 44843.809684, 1000.0, 1003.7, -3.7,  0.79,  0.90, -0.10,  0.0,  0.0,  0.0
1033475.34719390, 44843.221963, 1000.0, 1003.7, -3.7,  0.79,  0.90, -0.10,  0.0,  0.0,  0.0
1033475.34969390, 44841.917332, 1000.0, 1003.7, -3.7,  0.79,  0.90, -0.10,  0.0,  0.0,  0.0
1033475.35219390, 44841.025372, 1000.0, 1003.7, -3.7,  0.79,  0.90, -0.10,  0.0,  0.0,  0.0
1033475.35469390, 44840.500408, 1000.0, 1003.7, -3.7,  0.79,  0.90, -0.10,  0.0,  0.0,  0.0
1033475.35719390, 44842.626231, 1000.0, 1003.7, -3.7,  0.79,  0.90, -0.10,  0.0,  0.0,  0.0
1033475.35969390, 44842.779988, 1000.0, 1003.7, -3.7,  0.79,  0.90, -0.10,  0.0,  0.0,  0.0
1033475.36219390, 44843.719597, 1000.0, 1003.7, -3.7,  0.79,  0.90, -0.10,  0.0,  0.0,  0.0
1033475.36469390, 44844.659205, 1000.0, 1003.7, -3.7,  0.79,  0.90, -0.10,  0.0,  0.0,  0.0
1033475.36719390, 44842.947562, 1000.0, 1003.7, -3.7,  0.79,  0.90, -0.10,  0.0,  0.0,  0.0
1033475.36969390, 44841.424230, 1000.0, 1003.5, -3.5,  0.79,  0.89, -0.10,  0.0,  0.0,  0.0
1033475.37219390, 44840.423581, 1000.0, 1003.2, -3.2,  0.79,  0.89, -0.10,  0.0,  0.0,  0.0
1033475.37469390, 44840.219823, 1000.0, 1002.8, -2.8,  0.79,  0.89, -0.10,  0.0,  0.0,  0.0
1033475.37719390, 44842.103518, 1000.0, 1002.5, -2.5,  0.79,  0.89, -0.10,  0.0,  0.0,  0.0
1033475.37969390, 44844.122483, 1000.0, 1002.2, -2.2,  0.79,  0.89, -0.10,  0.0,  0.0,  0.0
1033475.38219390, 44845.089029, 1000.0, 1001.9, -1.9,  0.79,  0.89, -0.10,  0.0,  0.0,  0.0
1033475.38469390, 44844.695968, 1000.0, 1001.5, -1.5,  0.79,  0.89, -0.10,  0.0,  0.0,  0.0
1033475.38719390, 44843.239493, 1000.0, 1001.2, -1.2,  0.79,  0.89, -0.10,  0.0,  0.0,  0.0
1033475.38969390, 44841.439478, 1000.0, 1000.9, -0.9,  0.79,  0.89, -0.10,  0.0,  0.0,  0.0
1033475.39219390, 44841.036047, 1000.0, 1000.5, -0.5,  0.79,  0.89, -0.10,  0.0,  0.0,  0.0
1033475.39469390, 44840.770689, 1000.0, 1000.2, -0.2,  0.79,  0.89, -0.10,  0.0,  0.0,  0.0
1033475.39719390, 44841.256922, 1000.0,  999.9,  0.1,  0.79,  0.89, -0.10,  0.0,  0.0,  0.0
1033475.39969390, 44844.524488, 1000.0,  999.6,  0.4,  0.79,  0.89, -0.10,  0.0,  0.0,  0.0
1033475.40219390, 44844.926498, 1000.0,  999.2,  0.8,  0.79,  0.89, -0.10,  0.0,  0.0,  0.0
1033475.40469390, 44845.328507, 1000.0,  998.9,  1.1,  0.79,  0.89, -0.09,  0.0,  0.0,  0.0
1033475.40719390, 44845.280993, 1000.0,  998.6,  1.4,  0.79,  0.88, -0.09,  0.0,  0.0,  0.0
1033475.40969390, 44841.814463, 1000.0,  998.2,  1.8,  0.79,  0.88, -0.09,  0.0,  0.0,  0.0
1033475.41219390, 44840.481563, 1000.0,  997.9,  2.1,  0.79,  0.88, -0.09,  0.0,  0.0,  0.0
1033475.41469390, 44840.196781, 1000.0,  997.6,  2.4,  0.79,  0.88, -0.09,  0.0,  0.0,  0.0
1033475.41719390, 44840.563482, 1000.0,  997.3,  2.7,  0.79,  0.88, -0.09,  0.0,  0.0,  0.0
1033475.41969390, 44841.284527, 1000.0,  996.9,  3.1,  0.79,  0.88, -0.09,  0.0,  0.0,  0.0
1033475.42219390, 44842.825016, 1000.0,  996.6,  3.4,  0.79,  0.88, -0.09,  0.0,  0.0,  0.0
1033475.42469390, 44844.245517, 1000.0,  996.3,  3.7,  0.79,  0.88, -0.09,  0.0,  0.0,  0.0
1033475.42969390, 44842.155207, 1000.0,  995.3,  4.7,  0.79,  0.88, -0.09,  0.0,  0.0,  0.0
1033475.43219390, 44840.249561, 1000.0,  988.0,  12.0,  0.79,  0.90, -0.10,  0.0,  0.0,  0.0
1033475.43469390, 44840.627050, 1000.0,  980.6,  19.4,  0.79,  0.91, -0.12,  0.0,  0.0,  0.0
1033475.43719390, 44841.481649, 1000.0,  973.3,  26.7,  0.79,  0.93, -0.14,  0.0,  0.0,  0.0
1033475.43969390, 44844.319441, 1000.0,  966.0,  34.0,  0.79,  0.94, -0.15,  0.0,  0.0,  0.0
1033475.44219390, 44845.038766, 1000.0,  958.6,  41.4,  0.79,  0.96, -0.17,  0.0,  0.0,  0.0
1033475.44469390, 44844.668176, 1000.0,  951.3,  48.7,  0.79,  0.97, -0.18,  0.0,  0.0,  0.0
1033475.44719390, 44843.563009, 1000.0,  944.0,  56.0,  0.79,  0.99, -0.20,  0.0,  0.0,  0.0
1033475.44969390, 44841.054882, 1000.0,  936.6,  63.4,  0.79,  1.01, -0.22,  0.0,  0.0,  0.0
1033475.45219390, 44840.039862, 1000.0,  929.3,  70.7,  0.79,  1.02, -0.23,  0.0,  0.0,  0.0
1033475.45469390, 44840.001652, 1000.0,  922.0,  78.0,  0.79,  1.04, -0.25,  0.0,  0.0,  0.0
1033475.45719390, 44840.265181, 1000.0,  914.6,  85.4,  0.79,  1.05, -0.26,  0.0,  0.0,  0.0
1033475.45969390, 44840.528710, 1000.0,  907.3,  92.7,  0.79,  1.07, -0.28,  0.0,  0.0,  0.0
1033475.46219390, 44840.792239, 1000.0,  900.0,  100.0,  0.79,  1.09, -0.29,  0.0,  0.0,  0.0
1033475.46469390, 44844.040678, 1000.0,  892.6,  107.4,  0.79,  1.10, -0.31,  0.0,  0.0,  0.0
1033475.46719390, 44844.144133, 1000.0,  885.3,  114.7,  0.79,  1.12, -0.33,  0.0,  0.0,  0.0
1033475.46969390, 44843.383601, 1000.0,  878.0,  122.0,  0.79,  1.13, -0.34,  0.0,  0.0,  0.0
1033475.47219390, 44842.623068, 1000.0,  870.6,  129.4,  0.79,  1.15, -0.36,  0.0,  0.0,  0.0
1033475.47469390, 44840.807299, 1000.0,  863.3,  136.7,  0.79,  1.16, -0.37,  0.0,  0.0,  0.0
1033475.47719390, 44842.310323, 1000.0,  856.0,  144.0,  0.79,  1.18, -0.39,  0.0,  0.0,  0.0
1033475.47969390, 44843.022061, 1000.0,  848.6,  151.4,  0.79,  1.20, -0.40,  0.0,  0.0,  0.0
1033475.48219390, 44843.412834, 1000.0,  841.3,  158.7,  0.79,  1.21, -0.42,  0.0,  0.0,  0.0
1033475.48469390, 44843.803607, 1000.0,  834.0,  166.0,  0.79,  1.23, -0.44,  0.0,  0.0,  0.0
1033475.48719390, 44844.194380, 1000.0,  826.6,  173.4,  0.79,  1.24, -0.45,  0.0,  0.0,  0.0
1033475.48969390, 44844.585152, 1000.0,  819.3,  180.7,  0.79,  1.26, -0.47,  0.0,  0.0,  0.0
1033475.49219390, 44844.975925, 1000.0,  812.0,  188.0,  0.79,  1.27, -0.48,  0.0,  0.0,  0.0
1033475.49469390, 44842.749685, 1000.0,  804.6,  195.4,  0.79,  1.29, -0.50,  0.0,  0.0,  0.0
1033475.49719390, 44840.627549, 1000.0,  797.3,  202.7,  0.79,  1.31, -0.52,  0.0,  0.0,  0.0
1033475.49969390, 44844.284961, 1000.0,  799.1,  200.9,  0.79,  1.31, -0.52,  0.0,  0.0,  0.0
1033475.50219390, 44844.857925, 1000.0,  802.7,  197.3,  0.79,  1.32, -0.53,  0.0,  0.0,  0.0
1033475.50469390, 44844.629575, 1000.0,  806.3,  193.7,  0.79,  1.32, -0.53,  0.0,  0.0,  0.0
1033475.50719390, 44843.267353, 1000.0,  809.9,  190.1,  0.79,  1.33, -0.53,  0.0,  0.0,  0.0
1033475.50969390, 44841.007360, 1000.0,  813.5,  186.5,  0.79,  1.33, -0.54,  0.0,  0.0,  0.0
1033475.51219390, 44840.217039, 1000.0,  817.1,  182.9,  0.79,  1.33, -0.54,  0.0,  0.0,  0.0
1033475.51469390, 44840.781325, 1000.0,  820.7,  179.3,  0.79,  1.34, -0.55,  0.0,  0.0,  0.0
1033475.51719390, 44841.724216, 1000.0,  824.3,  175.7,  0.79,  1.34, -0.55,  0.0,  0.0,  0.0
1033475.51969390, 44843.154985, 1000.0,  828.0,  172.0,  0.79,  1.35, -0.56,  0.0,  0.0,  0.0
1033475.52219390, 44844.809736, 1000.0,  831.6,  168.4,  0.79,  1.35, -0.56,  0.0,  0.0,  0.0
1033475.52469390, 44844.720292, 1000.0,  835.2,  164.8,  0.79,  1.35, -0.56,  0.0,  0.0,  0.0
1033475.52719390, 44843.864711, 1000.0,  838.8,  161.2,  0.79,  1.36, -0.57,  0.0,  0.0,  0.0
1033475.52969390, 44841.097445, 1000.0,  842.4,  157.6,  0.79,  1.36, -0.57,  0.0,  0.0,  0.0
1033475.53219390, 44840.946928, 1000.0,  846.0,  154.0,  0.79,  1.37, -0.58,  0.0,  0.0,  0.0
1033475.53469390, 44840.689299, 1000.0,  849.6,  150.4,  0.79,  1.37, -0.58,  0.0,  0.0,  0.0
1033475.53719390, 44840.431670, 1000.0,  853.2,  146.8,  0.79,  1.38, -0.58,  0.0,  0.0,  0.0
1033475.53969390, 44841.903771, 1000.0,  856.8,  143.2,  0.79,  1.38, -0.59,  0.0,  0.0,  0.0
1033475.54219390, 44844.339877, 1000.0,  860.4,  139.6,  0.79,  1.38, -0.59,  0.0,  0.0,  0.0
1033475.54469390, 44844.301826, 1000.0,  864.0,  136.0,  0.79,  1.39, -0.60,  0.0,  0.0,  0.0
1033475.54719390, 44843.891506, 1000.0,  867.6,  132.4,  0.79,  1.39, -0.60,  0.0,  0.0,  0.0
1033475.54969390, 44843.384743, 1000.0,  871.2,  128.8,  0.79,  1.40, -0.61,  0.0,  0.0,  0.0
1033475.55219390, 44842.877980, 1000.0,  874.8,  125.2,  0.79,  1.40, -0.61,  0.0,  0.0,  0.0
1033475.55469390, 44841.672526, 1000.0,  878.4,  121.6,  0.79,  1.41, -0.61,  0.0,  0.0,  0.0
1033475.55719390, 44841.434901, 1000.0,  882.0,  118.0,  0.79,  1.41, -0.62,  0.0,  0.0,  0.0
1033475.55969390, 44843.149372, 1000.0,  885.6,  114.4,  0.79,  1.41, -0.62,  0.0,  0.0,  0.0
1033475.56219390, 44844.405359, 1000.0,  889.2,  110.8,  0.79,  1.42, -0.63,  0.0,  0.0,  0.0
1033475.56469390, 44844.676797, 1000.0,  892.8,  107.2,  0.79,  1.42, -0.63,  0.0,  0.0,  0.0
1033475.56719390, 44843.517175, 1000.0,  896.4,  103.6,  0.79,  1.43, -0.64,  0.0,  0.0,  0.0
1033475.56969390, 44840.744649, 1000.0,  900.0,  100.0,  0.79,  1.43, -0.64,  0.0,  0.0,  0.0
1033475.57219390, 44840.744649, 1000.0,  903.3,  96.7,  0.79,  1.43, -0.64,  0.0,  0.0,  0.0
1033475.57469390, 44840.839355, 1000.0,  906.4,  93.6,  0.79,  1.44, -0.65,  0.0,  0.0,  0.0
1033475.57719390, 44842.375525, 1000.0,  909.5,  90.5,  0.79,  1.44, -0.65,  0.0,  0.0,  0.0
1033475.57969390, 44843.410692, 1000.0,  912.7,  87.3,  0.79,  1.44, -0.65,  0.0,  0.0,  0.0
1033475.58219390, 44844.201563, 1000.0,  915.8,  84.2,  0.79,  1.44, -0.65,  0.0,  0.0,  0.0
1033475.58469390, 44844.734613, 1000.0,  918.9,  81.1,  0.79,  1.45, -0.66,  0.0,  0.0,  0.0
1033475.58719390, 44843.151790, 1000.0,  922.1,  77.9,  0.79,  1.45, -0.66,  0.0,  0.0,  0.0
1033475.58969390, 44841.281200, 1000.0,  925.2,  74.8,  0.79,  1.45, -0.66,  0.0,  0.0,  0.0
1033475.59219390, 44840.651041, 1000.0,  928.3,  71.7,  0.79,  1.46, -0.66,  0.0,  0.0,  0.0
1033475.59469390, 44840.363355, 1000.0,  931.4,  68.6,  0.79,  1.46, -0.67,  0.0,  0.0,  0.0
1033475.59719390, 44841.448588, 1000.0,  934.6,  65.4,  0.79,  1.46, -0.67,  0.0,  0.0,  0.0
1033475.59969390, 44843.444159, 1000.0,  937.7,  62.3,  0.79,  1.46, -0.67,  0.0,  0.0,  0.0
1033475.60219390, 44844.654008, 1000.0,  940.8,  59.2,  0.79,  1.47, -0.67,  0.0,  0.0,  0.0
1033475.60469390, 44845.251544, 1000.0,  944.0,  56.0,  0.79,  1.47, -0.68,  0.0,  0.0,  0.0
1033475.60719390, 44844.359981, 1000.0,  947.1,  52.9,  0.79,  1.47, -0.68,  0.0,  0.0,  0.0
1033475.60969390, 44842.596308, 1000.0,  950.2,  49.8,  0.79,  1.47, -0.68,  0.0,  0.0,  0.0
1033475.61219390, 44840.476679, 1000.0,  953.4,  46.6,  0.79,  1.48, -0.69,  0.0,  0.0,  0.0
1033475.61469390, 44840.689442, 1000.0,  956.5,  43.5,  0.79,  1.48, -0.69,  0.0,  0.0,  0.0
1033475.61719390, 44841.477266, 1000.0,  959.6,  40.4,  0.79,  1.48, -0.69,  0.0,  0.0,  0.0
1033475.61969390, 44842.272865, 1000.0,  962.7,  37.3,  0.79,  1.48, -0.69,  0.0,  0.0,  0.0
1033475.62219390, 44843.947535, 1000.0,  965.9,  34.1,  0.79,  1.49, -0.70,  0.0,  0.0,  0.0
1033475.62719390, 44842.189369, 1000.0,  970.0,  30.0,  0.79,  1.49, -0.70,  0.0,  0.0,  0.0
1033475.62969390, 44840.831523, 1000.0,  970.6,  29.4,  0.79,  1.49, -0.70,  0.0,  0.0,  0.0
1033475.63219390, 44840.360091, 1000.0,  971.3,  28.7,  0.79,  1.49, -0.70,  0.0,  0.0,  0.0
1033475.63469390, 44841.126399, 1000.0,  971.9,  28.1,  0.79,  1.49, -0.70,  0.0,  0.0,  0.0
1033475.63719390, 44843.175341, 1000.0,  972.5,  27.5,  0.79,  1.49, -0.70,  0.0,  0.0,  0.0
1033475.63969390, 44844.304688, 1000.0,  973.2,  26.8,  0.79,  1.49, -0.70,  0.0,  0.0,  0.0
1033475.64219390, 44844.304688, 1000.0,  973.8,  26.2,  0.79,  1.49, -0.70,  0.0,  0.0,  0.0
1033475.64469390, 44844.304688, 1000.0,  974.5,  25.5,  0.79,  1.49, -0.70,  0.0,  0.0,  0.0
1033475.64719390, 44843.756642, 1000.0,  975.1,  24.9,  0.79,  1.50, -0.70,  0.0,  0.0,  0.0
1033475.64969390, 44841.140209, 1000.0,  975.7,  24.3,  0.79,  1.50, -0.71,  0.0,  0.0,  0.0
1033475.65219390, 44840.966573, 1000.0,  976.4,  23.6,  0.79,  1.50, -0.71,  0.0,  0.0,  0.0
1033475.65469390, 44840.662100, 1000.0,  977.0,  23.0,  0.79,  1.50, -0.71,  0.0,  0.0,  0.0
1033475.65719390, 44840.357626, 1000.0,  977.7,  22.3,  0.79,  1.50, -0.71,  0.0,  0.0,  0.0
1033475.65969390, 44842.378217, 1000.0,  978.3,  21.7,  0.79,  1.50, -0.71,  0.0,  0.0,  0.0
1033475.66219390, 44845.191510, 1000.0,  978.9,  21.1,  0.79,  1.50, -0.71,  0.0,  0.0,  0.0
1033475.66469390, 44845.057559, 1000.0,  979.6,  20.4,  0.79,  1.50, -0.71,  0.0,  0.0,  0.0
1033475.66719390, 44844.781498, 1000.0,  980.2,  19.8,  0.79,  1.50, -0.71,  0.0,  0.0,  0.0
1033475.66969390, 44842.050604, 1000.0,  980.9,  19.1,  0.79,  1.50, -0.71,  0.0,  0.0,  0.0
1033475.67219390, 44840.880464, 1000.0,  981.5,  18.5,  0.79,  1.50, -0.71,  0.0,  0.0,  0.0
1033475.67469390, 44840.712858, 1000.0,  982.1,  17.9,  0.79,  1.50, -0.71,  0.0,  0.0,  0.0
1033475.67719390, 44841.116369, 1000.0,  982.8,  17.2,  0.79,  1.50, -0.71,  0.0,  0.0,  0.0
1033475.67969390, 44842.873793, 1000.0,  983.4,  16.6,  0.79,  1.50, -0.71,  0.0,  0.0,  0.0
1033475.68219390, 44844.362091, 1000.0,  984.0,  16.0,  0.79,  1.50, -0.71,  0.0,  0.0,  0.0
1033475.68469390, 44844.592208, 1000.0,  984.7,  15.3,  0.79,  1.51, -0.71,  0.0,  0.0,  0.0
1033475.68719390, 44843.104567, 1000.0,  985.3,  14.7,  0.79,  1.51, -0.71,  0.0,  0.0,  0.0
1033475.68969390, 44841.557126, 1000.0,  985.7,  14.3,  0.79,  1.51, -0.72,  0.0,  0.0,  0.0
1033475.69219390, 44840.343126, 1000.0,  986.0,  14.0,  0.79,  1.51, -0.72,  0.0,  0.0,  0.0
1033475.69469390, 44840.667626, 1000.0,  986.2,  13.8,  0.79,  1.51, -0.72,  0.0,  0.0,  0.0
1033475.69719390, 44842.565934, 1000.0,  986.4,  13.6,  0.79,  1.51, -0.72,  0.0,  0.0,  0.0
1033475.69969390, 44844.334689, 1000.0,  986.7,  13.3,  0.79,  1.51, -0.72,  0.0,  0.0,  0.0
1033475.70219390, 44844.860466, 1000.0,  986.9,  13.1,  0.79,  1.51, -0.72,  0.0,  0.0,  0.0
1033475.70469390, 44844.236976, 1000.0,  987.2,  12.8,  0.79,  1.51, -0.72,  0.0,  0.0,  0.0
1033475.70719390, 44843.695971, 1000.0,  987.4,  12.6,  0.79,  1.51, -0.72,  0.0,  0.0,  0.0
1033475.70969390, 44843.154966, 1000.0,  987.7,  12.3,  0.79,  1.51, -0.72,  0.0,  0.0,  0.0
1033475.71219390, 44842.583771, 1000.0,  987.9,  12.1,  0.79,  1.51, -0.72,  0.0,  0.0,  0.0
1033475.71469390, 44841.106916, 1000.0,  988.2,  11.8,  0.79,  1.51, -0.72,  0.0,  0.0,  0.0
1033475.71719390, 44842.517020, 1000.0,  988.4,  11.6,  0.79,  1.51, -0.72,  0.0,  0.0,  0.0
1033475.71969390, 44843.170533, 1000.0,  988.6,  11.4,  0.79,  1.51, -0.72,  0.0,  0.0,  0.0
1033475.72219390, 44843.710473, 1000.0,  988.9,  11.1,  0.79,  1.51, -0.72,  0.0,  0.0,  0.0
1033475.72469390, 44844.250413, 1000.0,  989.1,  10.9,  0.79,  1.51, -0.72,  0.0,  0.0,  0.0
1033475.72719390, 44844.204713, 1000.0,  989.4,  10.6,  0.79,  1.51, -0.72,  0.0,  0.0,  0.0
1033475.72969390, 44842.871700, 1000.0,  989.6,  10.4,  0.79,  1.51, -0.72,  0.0,  0.0,  0.0
1033475.73219390, 44841.884763, 1000.0,  989.9,  10.1,  0.79,  1.52, -0.72,  0.0,  0.0,  0.0
1033475.73469390, 44841.634653, 1000.0,  990.1,  9.9,  0.79,  1.52, -0.72,  0.0,  0.0,  0.0
1033475.73719390, 44842.807975, 1000.0,  990.4,  9.6,  0.79,  1.52, -0.73,  0.0,  0.0,  0.0
1033475.73969390, 44842.807975, 1000.0,  990.6,  9.4,  0.79,  1.52, -0.73,  0.0,  0.0,  0.0
1033475.74219390, 44842.807975, 1000.0,  990.8,  9.2,  0.79,  1.52, -0.73,  0.0,  0.0,  0.0
1033475.74469390, 44843.666049, 1000.0,  991.1,  8.9,  0.79,  1.52, -0.73,  0.0,  0.0,  0.0
1033475.74719390, 44843.776184, 1000.0,  991.3,  8.7,  0.79,  1.52, -0.73,  0.0,  0.0,  0.0
1033475.74969390, 44841.177837, 1000.0,  991.6,  8.4,  0.79,  1.52, -0.73,  0.0,  0.0,  0.0
1033475.75219390, 44840.520142, 1000.0,  991.8,  8.2,  0.79,  1.52, -0.73,  0.0,  0.0,  0.0
1033475.75469390, 44841.727348, 1000.0,  991.9,  8.1,  0.79,  1.52, -0.73,  0.0,  0.0,  0.0
1033475.75719390, 44842.989719, 1000.0,  992.1,  7.9,  0.79,  1.52, -0.73,  0.0,  0.0,  0.0
1033475.75969390, 44843.890505, 1000.0,  992.3,  7.7,  0.79,  1.52, -0.73,  0.0,  0.0,  0.0
1033475.76219390, 44845.053045, 1000.0,  992.5,  7.5,  0.79,  1.52, -0.73,  0.0,  0.0,  0.0
1033475.76469390, 44844.591449, 1000.0,  992.6,  7.4,  0.79,  1.52, -0.73,  0.0,  0.0,  0.0
1033475.76719390, 44842.600147, 1000.0,  992.8,  7.2,  0.79,  1.52, -0.73,  0.0,  0.0,  0.0
1033475.76969390, 44841.864855, 1000.0,  993.0,  7.0,  0.79,  1.52, -0.73,  0.0,  0.0,  0.0
1033475.77219390, 44841.183237, 1000.0,  993.2,  6.8,  0.79,  1.52, -0.73,  0.0,  0.0,  0.0
1033475.77469390, 44841.094839, 1000.0,  993.3,  6.7,  0.79,  1.52, -0.73,  0.0,  0.0,  0.0
1033475.77719390, 44842.433796, 1000.0,  993.5,  6.5,  0.79,  1.52, -0.73,  0.0,  0.0,  0.0
1033475.77969390, 44842.766202, 1000.0,  993.7,  6.3,  0.79,  1.52, -0.73,  0.0,  0.0,  0.0
1033475.78219390, 44843.403287, 1000.0,  993.9,  6.1,  0.79,  1.52, -0.73,  0.0,  0.0,  0.0
1033475.78469390, 44844.040372, 1000.0,  994.0,  6.0,  0.79,  1.52, -0.73,  0.0,  0.0,  0.0
1033475.78719390, 44843.384800, 1000.0,  994.2,  5.8,  0.79,  1.52, -0.73,  0.0,  0.0,  0.0
1033475.78969390, 44842.662367, 1000.0,  994.4,  5.6,  0.79,  1.52, -0.73,  0.0,  0.0,  0.0
1033475.79219390, 44842.057282, 1000.0,  994.5,  5.5,  0.79,  1.52, -0.73,  0.0,  0.0,  0.0
1033475.79469390, 44841.474259, 1000.0,  994.7,  5.3,  0.79,  1.52, -0.73,  0.0,  0.0,  0.0
1033475.79719390, 44842.397184, 1000.0,  994.9,  5.1,  0.79,  1.52, -0.73,  0.0,  0.0,  0.0
1033475.79969390, 44843.140450, 1000.0,  995.1,  4.9,  0.79,  1.52, -0.73,  0.0,  0.0,  0.0
1033475.80219390, 44843.838284, 1000.0,  995.2,  4.8,  0.79,  1.52, -0.73,  0.0,  0.0,  0.0
1033475.80469390, 44843.979347, 1000.0,  995.4,  4.6,  0.79,  1.52, -0.73,  0.0,  0.0,  0.0
1033475.80719390, 44842.710186, 1000.0,  995.6,  4.4,  0.79,  1.52, -0.73,  0.0,  0.0,  0.0
1033475.80969390, 44840.998947, 1000.0,  995.6,  4.4,  0.79,  1.52, -0.73,  0.0,  0.0,  0.0
1033475.81219390, 44840.329528, 1000.0,  995.6,  4.4,  0.79,  1.52, -0.73,  0.0,  0.0,  0.0
1033475.81469390, 44840.801967, 1000.0,  995.6,  4.4,  0.79,  1.52, -0.73,  0.0,  0.0,  0.0
1033475.81719390, 44842.549466, 1000.0,  995.6,  4.4,  0.79,  1.52, -0.73,  0.0,  0.0,  0.0
1033475.81969390, 44844.590875, 1000.0,  995.6,  4.4,  0.79,  1.52, -0.73,  0.0,  0.0,  0.0
1033475.82219390, 44845.170644, 1000.0,  995.6,  4.4,  0.79,  1.52, -0.73,  0.0,  0.0,  0.0
1033475.82469390, 44844.832326, 1000.0,  995.6,  4.4,  0.79,  1.52, -0.73,  0.0,  0.0,  0.0
1033475.82719390, 44843.476719, 1000.0,  995.6,  4.4,  0.79,  1.52, -0.73,  0.0,  0.0,  0.0
1033475.82969390, 44841.269241, 1000.0,  995.6,  4.4,  0.79,  1.52, -0.73,  0.0,  0.0,  0.0
1033475.83219390, 44840.467342, 1000.0,  995.6,  4.4,  0.79,  1.52, -0.73,  0.0,  0.0,  0.0
1033475.83469390, 44840.027650, 1000.0,  995.6,  4.4,  0.79,  1.52, -0.73,  0.0,  0.0,  0.0
1033475.83719390, 44842.370235, 1000.0,  995.6,  4.4,  0.79,  1.52, -0.73,  0.0,  0.0,  0.0
1033475.83969390, 44844.188881, 1000.0,  995.6,  4.4,  0.79,  1.52, -0.73,  0.0,  0.0,  0.0
1033475.84219390, 44844.817847, 1000.0,  995.6,  4.4,  0.79,  1.52, -0.73,  0.0,  0.0,  0.0
1033475.84469390, 44844.817847, 1000.0,  995.6,  4.4,  0.79,  1.52, -0.73,  0.0,  0.0,  0.0
1033475.84719390, 44843.635120, 1000.0,  995.6,  4.4,  0.79,  1.52, -0.73,  0.0,  0.0,  0.0
1033475.84969390, 44841.312949, 1000.0,  995.6,  4.4,  0.79,  1.52, -0.73,  0.0,  0.0,  0.0
1033475.85219390, 44840.335573, 1000.0,  995.6,  4.4,  0.79,  1.52, -0.73,  0.0,  0.0,  0.0
1033475.85469390, 44840.027171, 1000.0,  995.6,  4.4,  0.79,  1.52, -0.73,  0.0,  0.0,  0.0
1033475.85719390, 44841.035154, 1000.0,  995.6,  4.4,  0.79,  1.52, -0.73,  0.0,  0.0,  0.0
1033475.85969390, 44842.380753, 1000.0,  995.6,  4.4,  0.79,  1.52, -0.73,  0.0,  0.0,  0.0
1033475.86219390, 44843.553003, 1000.0,  995.6,  4.4,  0.79,  1.52, -0.73,  0.0,  0.0,  0.0
1033475.86469390, 44844.614887, 1000.0,  995.6,  4.4,  0.79,  1.52, -0.73,  0.0,  0.0,  0.0
1033475.86719390, 44843.898240, 1000.0,  995.6,  4.4,  0.79,  1.52, -0.73,  0.0,  0.0,  0.0
1033475.86969390, 44842.137000, 1000.0,  995.6,  4.4,  0.79,  1.52, -0.73,  0.0,  0.0,  0.0
1033475.87219390, 44840.317016, 1000.0,  995.9,  4.1,  0.79,  1.52, -0.73,  0.0,  0.0,  0.0
1033475.87469390, 44840.317016, 1000.0,  996.1,  3.9,  0.79,  1.52, -0.73,  0.0,  0.0,  0.0
1033475.87719390, 44841.202383, 1000.0,  996.4,  3.6,  0.79,  1.52, -0.73,  0.0,  0.0,  0.0
1033475.87969390, 44844.391190, 1000.0,  996.6,  3.4,  0.79,  1.52, -0.73,  0.0,  0.0,  0.0
1033475.88219390, 44845.020972, 1000.0,  996.8,  3.2,  0.79,  1.52, -0.73,  0.0,  0.0,  0.0
1033475.88469390, 44844.559888, 1000.0,  997.1,  2.9,  0.79,  1.52, -0.73,  0.0,  0.0,  0.0
1033475.88719390, 44842.648638, 1000.0,  997.3,  2.7,  0.79,  1.52, -0.73,  0.0,  0.0,  0.0
1033475.88969390, 44840.950731, 1000.0,  997.5,  2.5,  0.79,  1.52, -0.73,  0.0,  0.0,  0.0
1033475.89219390, 44840.402543, 1000.0,  997.8,  2.2,  0.79,  1.52, -0.73,  0.0,  0.0,  0.0
1033475.89469390, 44841.121425, 1000.0,  998.0,  2.0,  0.79,  1.53, -0.73,  0.0,  0.0,  0.0
1033475.89719390, 44842.138398, 1000.0,  998.2,  1.8,  0.79,  1.53, -0.73,  0.0,  0.0,  0.0
1033475.89969390, 44843.150619, 1000.0,  998.5,  1.5,  0.79,  1.53, -0.74,  0.0,  0.0,  0.0
1033475.90219390, 44845.107970, 1000.0,  998.7,  1.3,  0.79,  1.53, -0.74,  0.0,  0.0,  0.0
1033475.90469390, 44844.094169, 1000.0,  998.9,  1.1,  0.79,  1.53, -0.74,  0.0,  0.0,  0.0
1033475.90719390, 44842.557741, 1000.0,  999.2,  0.8,  0.79,  1.53, -0.74,  0.0,  0.0,  0.0
1033475.90969390, 44841.732681, 1000.0,  999.4,  0.6,  0.79,  1.53, -0.74,  0.0,  0.0,  0.0
1033475.91219390, 44840.907620, 1000.0,  999.6,  0.4,  0.79,  1.53, -0.74,  0.0,  0.0,  0.0
1033475.91469390, 44840.995787, 1000.0,  999.9,  0.1,  0.79,  1.53, -0.74,  0.0,  0.0,  0.0
1033475.91719390, 44841.930601, 1000.0, 1000.1, -0.1,  0.79,  1.53, -0.74,  0.0,  0.0,  0.0
1033475.91969390, 44843.114283, 1000.0, 1000.3, -0.3,  0.79,  1.53, -0.74,  0.0,  0.0,  0.0
1033475.92219390, 44843.864725, 1000.0, 1000.6, -0.6,  0.79,  1.53, -0.74,  0.0,  0.0,  0.0
1033475.92469390, 44843.398691, 1000.0, 1000.8, -0.8,  0.79,  1.53, -0.74,  0.0,  0.0,  0.0
1033475.92719390, 44842.572777, 1000.0, 1001.0, -1.0,  0.79,  1.53, -0.74,  0.0,  0.0,  0.0
1033475.92969390, 44842.312642, 1000.0, 1001.3, -1.3,  0.79,  1.53, -0.74,  0.0,  0.0,  0.0
1033475.93469390, 44840.965189, 1000.0, 1003.2, -3.2,  0.79,  1.53, -0.74,  0.0,  0.0,  0.0
1033475.93719390, 44842.391033, 1000.0, 1010.0, -10.0,  0.79,  1.51, -0.72,  0.0,  0.0,  0.0
1033475.93969390, 44842.391033, 1000.0, 1016.7, -16.7,  0.79,  1.49, -0.70,  0.0,  0.0,  0.0
1033475.94219390, 44843.382024, 1000.0, 1023.4, -23.4,  0.79,  1.47, -0.68,  0.0,  0.0,  0.0
1033475.94469390, 44844.791925, 1000.0, 1030.2, -30.2,  0.79,  1.45, -0.66,  0.0,  0.0,  0.0
1033475.94719390, 44843.341021, 1000.0, 1036.9, -36.9,  0.79,  1.43, -0.64,  0.0,  0.0,  0.0
1033475.94969390, 44841.607065, 1000.0, 1043.7, -43.7,  0.79,  1.41, -0.62,  0.0,  0.0,  0.0
1033475.95219390, 44840.377854, 1000.0, 1050.4, -50.4,  0.79,  1.39, -0.60,  0.0,  0.0,  0.0
1033475.95469390, 44840.807238, 1000.0, 1057.2, -57.2,  0.79,  1.38, -0.58,  0.0,  0.0,  0.0
1033475.95719390, 44842.850634, 1000.0, 1063.9, -63.9,  0.79,  1.36, -0.57,  0.0,  0.0,  0.0
1033475.95969390, 44844.317698, 1000.0, 1070.7, -70.7,  0.79,  1.34, -0.55,  0.0,  0.0,  0.0
1033475.96219390, 44844.633116, 1000.0, 1077.4, -77.4,  0.79,  1.32, -0.53,  0.0,  0.0,  0.0
1033475.96469390, 44844.948533, 1000.0, 1084.1, -84.1,  0.79,  1.30, -0.51,  0.0,  0.0,  0.0
1033475.96719390, 44843.834955, 1000.0, 1090.9, -90.9,  0.79,  1.28, -0.49,  0.0,  0.0,  0.0
1033475.96969390, 44841.430086, 1000.0, 1097.6, -97.6,  0.79,  1.26, -0.47,  0.0,  0.0,  0.0
1033475.97219390, 44841.004282, 1000.0, 1104.4, -104.4,  0.79,  1.24, -0.45,  0.0,  0.0,  0.0
1033475.97469390, 44840.805428, 1000.0, 1111.1, -111.1,  0.79,  1.22, -0.43,  0.0,  0.0,  0.0
1033475.97719390, 44840.606575, 1000.0, 1117.9, -117.9,  0.79,  1.20, -0.41,  0.0,  0.0,  0.0
1033475.97969390, 44840.407721, 1000.0, 1124.6, -124.6,  0.79,  1.18, -0.39,  0.0,  0.0,  0.0
1033475.98219390, 44841.776491, 1000.0, 1131.4, -131.4,  0.79,  1.16, -0.37,  0.0,  0.0,  0.0
1033475.98469390, 44843.187174, 1000.0, 1138.1, -138.1,  0.79,  1.14, -0.35,  0.0,  0.0,  0.0
1033475.98719390, 44844.597858, 1000.0, 1144.8, -144.8,  0.79,  1.12, -0.33,  0.0,  0.0,  0.0
1033475.98969390, 44841.447360, 1000.0, 1151.6, -151.6,  0.79,  1.10, -0.31,  0.0,  0.0,  0.0
1033475.99219390, 44840.609077, 1000.0, 1158.3, -158.3,  0.79,  1.08, -0.29,  0.0,  0.0,  0.0
1033475.99469390, 44841.020343, 1000.0, 1165.1, -165.1,  0.79,  1.07, -0.27,  0.0,  0.0,  0.0
1033475.99719390, 44841.773868, 1000.0, 1171.8, -171.8,  0.79,  1.05, -0.25,  0.0,  0.0,  0.0
1033475.99969390, 44842.764096, 1000.0, 1178.6, -178.6,  0.79,  1.03, -0.24,  0.0,  0.0,  0.0
1033476.00219390, 44844.433645, 1000.0, 1185.3, -185.3,  0.79,  1.01, -0.22,  0.0,  0.0,  0.0
1033476.00469390, 44844.746434, 1000.0, 1183.9, -183.9,  0.79,  1.00, -0.21,  0.0,  0.0,  0.0
1033476.00719390, 44844.087235, 1000.0, 1179.4, -179.4,  0.79,  1.00, -0.20,  0.0,  0.0,  0.0
1033476.00969390, 44843.159654, 1000.0, 1175.0, -175.0,  0.79,  0.99, -0.20,  0.0,  0.0,  0.0
1033476.01219390, 44840.598431, 1000.0, 1170.6, -170.6,  0.79,  0.99, -0.20,  0.0,  0.0,  0.0
1033476.01469390, 44840.538432, 1000.0, 1166.2, -166.2,  0.79,  0.99, -0.19,  0.0,  0.0,  0.0
1033476.01719390, 44841.431880, 1000.0, 1161.8, -161.8,  0.79,  0.98, -0.19,  0.0,  0.0,  0.0
1033476.01969390, 44842.318262, 1000.0, 1157.4, -157.4,  0.79,  0.98, -0.19,  0.0,  0.0,  0.0
1033476.02219390, 44844.468571, 1000.0, 1153.0, -153.0,  0.79,  0.97, -0.18,  0.0,  0.0,  0.0
1033476.02469390, 44844.444731, 1000.0, 1148.5, -148.5,  0.79,  0.97, -0.18,  0.0,  0.0,  0.0
1033476.02719390, 44843.004450, 1000.0, 1144.1, -144.1,  0.79,  0.97, -0.18,  0.0,  0.0,  0.0
1033476.02969390, 44842.001444, 1000.0, 1139.7, -139.7,  0.79,  0.96, -0.17,  0.0,  0.0,  0.0
1033476.03219390, 44841.173016, 1000.0, 1135.3, -135.3,  0.79,  0.96, -0.17,  0.0,  0.0,  0.0
1033476.03469390, 44840.580432, 1000.0, 1130.9, -130.9,  0.79,  0.96, -0.17,  0.0,  0.0,  0.0
1033476.03719390, 44841.141709, 1000.0, 1126.5, -126.5,  0.79,  0.95, -0.16,  0.0,  0.0,  0.0
1033476.03969390, 44842.196611, 1000.0, 1122.1, -122.1,  0.79,  0.95, -0.16,  0.0,  0.0,  0.0
1033476.04219390, 44843.251512, 1000.0, 1117.6, -117.6,  0.79,  0.95, -0.15,  0.0,  0.0,  0.0
1033476.04469390, 44844.169523, 1000.0, 1113.2, -113.2,  0.79,  0.94, -0.15,  0.0,  0.0,  0.0
1033476.04719390, 44844.183494, 1000.0, 1108.8, -108.8,  0.79,  0.94, -0.15,  0.0,  0.0,  0.0
1033476.04969390, 44843.261034, 1000.0, 1104.4, -104.4,  0.79,  0.94, -0.14,  0.0,  0.0,  0.0
1033476.05219390, 44842.336910, 1000.0, 1100.0, -100.0,  0.79,  0.93, -0.14,  0.0,  0.0,  0.0
1033476.05469390, 44841.377716, 1000.0, 1095.6, -95.6,  0.79,  0.93, -0.14,  0.0,  0.0,  0.0
1033476.05969390, 44843.943081, 1000.0, 1088.7, -88.7,  0.79,  0.92, -0.13,  0.0,  0.0,  0.0
1033476.06219390, 44845.028092, 1000.0, 1086.8, -86.8,  0.79,  0.92, -0.13,  0.0,  0.0,  0.0
1033476.06469390, 44844.793519, 1000.0, 1084.8, -84.8,  0.79,  0.92, -0.13,  0.0,  0.0,  0.0
1033476.06719390, 44843.213112, 1000.0, 1082.8, -82.8,  0.79,  0.92, -0.12,  0.0,  0.0,  0.0
1033476.06969390, 44840.987300, 1000.0, 1080.8, -80.8,  0.79,  0.91, -0.12,  0.0,  0.0,  0.0
1033476.07219390, 44840.473958, 1000.0, 1078.8, -78.8,  0.79,  0.91, -0.12,  0.0,  0.0,  0.0
1033476.07469390, 44840.823433, 1000.0, 1076.8, -76.8,  0.79,  0.91, -0.12,  0.0,  0.0,  0.0
1033476.07719390, 44842.039448, 1000.0, 1074.9, -74.9,  0.79,  0.91, -0.11,  0.0,  0.0,  0.0
1033476.07969390, 44843.690174, 1000.0, 1072.9, -72.9,  0.79,  0.90, -0.11,  0.0,  0.0,  0.0
1033476.08219390, 44845.017952, 1000.0, 1070.9, -70.9,  0.79,  0.90, -0.11,  0.0,  0.0,  0.0
1033476.08469390, 44844.461004, 1000.0, 1068.9, -68.9,  0.79,  0.90, -0.11,  0.0,  0.0,  0.0
1033476.08719390, 44843.811223, 1000.0, 1066.9, -66.9,  0.79,  0.90, -0.11,  0.0,  0.0,  0.0
1033476.08969390, 44843.161443, 1000.0, 1064.9, -64.9,  0.79,  0.89, -0.10,  0.0,  0.0,  0.0
1033476.09219390, 44842.169663, 1000.0, 1063.0, -63.0,  0.79,  0.89, -0.10,  0.0,  0.0,  0.0
1033476.09469390, 44840.594977, 1000.0, 1061.0, -61.0,  0.79,  0.89, -0.10,  0.0,  0.0,  0.0
1033476.09719390, 44841.732145, 1000.0, 1059.0, -59.0,  0.79,  0.89, -0.10,  0.0,  0.0,  0.0
1033476.09969390, 44843.653028, 1000.0, 1057.0, -57.0,  0.79,  0.88, -0.09,  0.0,  0.0,  0.0
1033476.10219390, 44844.673177, 1000.0, 1055.0, -55.0,  0.79,  0.88, -0.09,  0.0,  0.0,  0.0
1033476.10469390, 44845.130011, 1000.0, 1053.0, -53.0,  0.79,  0.88, -0.09,  0.0,  0.0,  0.0
1033476.10719390, 44843.332709, 1000.0, 1051.3, -51.3,  0.79,  0.88, -0.09,  0.0,  0.0,  0.0
1033476.10969390, 44841.385222, 1000.0, 1049.9, -49.9,  0.79,  0.88, -0.09,  0.0,  0.0,  0.0
1033476.11219390, 44840.392926, 1000.0, 1048.5, -48.5,  0.79,  0.88, -0.09,  0.0,  0.0,  0.0
1033476.11469390, 44839.927385, 1000.0, 1047.1, -47.1,  0.79,  0.88, -0.09,  0.0,  0.0,  0.0
1033476.11719390, 44840.413348, 1000.0, 1045.7, -45.7,  0.79,  0.88, -0.09,  0.0,  0.0,  0.0
1033476.11969390, 44841.067910, 1000.0, 1044.3, -44.3,  0.79,  0.88, -0.09,  0.0,  0.0,  0.0
1033476.12219390, 44841.722472, 1000.0, 1042.9, -42.9,  0.79,  0.88, -0.09,  0.0,  0.0,  0.0
1033476.12469390, 44842.377033, 1000.0, 1041.5, -41.5,  0.79,  0.88, -0.09,  0.0,  0.0,  0.0
1033476.12719390, 44842.790664, 1000.0, 1040.1, -40.1,  0.79,  0.88, -0.09,  0.0,  0.0,  0.0
1033476.12969390, 44842.031760, 1000.0, 1038.6, -38.6,  0.79,  0.88, -0.09,  0.0,  0.0,  0.0
1033476.13219390, 44840.492126, 1000.0, 1037.2, -37.2,  0.79,  0.88, -0.09,  0.0,  0.0,  0.0
1033476.13469390, 44840.327530, 1000.0, 1035.8, -35.8,  0.79,  0.88, -0.09,  0.0,  0.0,  0.0
1033476.13719390, 44841.983410, 1000.0, 1034.4, -34.4,  0.79,  0.89, -0.09,  0.0,  0.0,  0.0
1033476.13969390, 44844.595528, 1000.0, 1033.0, -33.0,  0.79,  0.89, -0.09,  0.0,  0.0,  0.0
1033476.14219390, 44845.700946, 1000.0, 1031.6, -31.6,  0.79,  0.89, -0.10,  0.0,  0.0,  0.0
1033476.14469390, 44845.095385, 1000.0, 1030.2, -30.2,  0.79,  0.89, -0.10,  0.0,  0.0,  0.0
1033476.14719390, 44844.172202, 1000.0, 1028.8, -28.8,  0.79,  0.89, -0.10,  0.0,  0.0,  0.0
1033476.14969390, 44843.249018, 1000.0, 1027.3, -27.3,  0.79,  0.89, -0.10,  0.0,  0.0,  0.0
1033476.15219390, 44841.041763, 1000.0, 1025.9, -25.9,  0.79,  0.89, -0.10,  0.0,  0.0,  0.0
1033476.15469390, 44840.881076, 1000.0, 1024.5, -24.5,  0.79,  0.89, -0.10,  0.0,  0.0,  0.0
1033476.15719390, 44842.641597, 1000.0, 1023.1, -23.1,  0.79,  0.89, -0.10,  0.0,  0.0,  0.0
1033476.15969390, 44843.081594, 1000.0, 1021.7, -21.7,  0.79,  0.89, -0.10,  0.0,  0.0,  0.0
1033476.16219390, 44843.521591, 1000.0, 1020.3, -20.3,  0.79,  0.89, -0.10,  0.0,  0.0,  0.0
1033476.16469390, 44843.961588, 1000.0, 1018.9, -18.9,  0.79,  0.89, -0.10,  0.0,  0.0,  0.0
1033476.16719390, 44842.907810, 1000.0, 1017.5, -17.5,  0.79,  0.89, -0.10,  0.0,  0.0,  0.0
1033476.16969390, 44841.840121, 1000.0, 1016.0, -16.0,  0.79,  0.89, -0.10,  0.0,  0.0,  0.0
1033476.17219390, 44840.973791, 1000.0, 1014.6, -14.6,  0.79,  0.89, -0.10,  0.0,  0.0,  0.0
1033476.17469390, 44841.277728, 1000.0, 1013.2, -13.2,  0.79,  0.89, -0.10,  0.0,  0.0,  0.0
1033476.17719390, 44842.773028, 1000.0, 1011.8, -11.8,  0.79,  0.89, -0.10,  0.0,  0.0,  0.0
1033476.17969390, 44843.553594, 1000.0, 1010.4, -10.4,  0.79,  0.89, -0.10,  0.0,  0.0,  0.0
1033476.18469390, 44844.569740, 1000.0, 1007.7, -7.7,  0.79,  0.90, -0.10,  0.0,  0.0,  0.0
1033476.18719390, 44843.368134, 1000.0, 1007.6, -7.6,  0.79,  0.90, -0.10,  0.0,  0.0,  0.0
1033476.18969390, 44840.862247, 1000.0, 1007.4, -7.4,  0.79,  0.90, -0.10,  0.0,  0.0,  0.0
1033476.19219390, 44840.862247, 1000.0, 1007.3, -7.3,  0.79,  0.90, -0.10,  0.0,  0.0,  0.0
1033476.19469390, 44841.114568, 1000.0, 1007.1, -7.1,  0.79,  0.90, -0.10,  0.0,  0.0,  0.0
1033476.19719390, 44843.315162, 1000.0, 1007.0, -7.0,  0.79,  0.90, -0.10,  0.0,  0.0,  0.0
1033476.19969390, 44844.571958, 1000.0, 1006.9, -6.9,  0.79,  0.90, -0.10,  0.0,  0.0,  0.0
1033476.20219390, 44844.904434, 1000.0, 1006.7, -6.7,  0.79,  0.90, -0.10,  0.0,  0.0,  0.0
1033476.20469390, 44844.230602, 1000.0, 1006.6, -6.6,  0.79,  0.90, -0.10,  0.0,  0.0,  0.0
1033476.20719390, 44842.002967, 1000.0, 1006.4, -6.4,  0.79,  0.90, -0.10,  0.0,  0.0,  0.0
1033476.20969390, 44840.552214, 1000.0, 1006.3, -6.3,  0.79,  0.90, -0.10,  0.0,  0.0,  0.0
1033476.21219390, 44840.552214, 1000.0, 1006.1, -6.1,  0.79,  0.90, -0.10,  0.0,  0.0,  0.0
1033476.21469390, 44840.654266, 1000.0, 1006.0, -6.0,  0.79,  0.90, -0.10,  0.0,  0.0,  0.0
1033476.21719390, 44843.351395, 1000.0, 1005.8, -5.8,  0.79,  0.90, -0.10,  0.0,  0.0,  0.0
1033476.21969390, 44844.550577, 1000.0, 1005.7, -5.7,  0.79,  0.90, -0.10,  0.0,  0.0,  0.0
1033476.22219390, 44844.689951, 1000.0, 1005.6, -5.6,  0.79,  0.90, -0.10,  0.0,  0.0,  0.0
1033476.22469390, 44844.889571, 1000.0, 1005.4, -5.4,  0.79,  0.90, -0.10,  0.0,  0.0,  0.0
1033476.22719390, 44845.089191, 1000.0, 1005.3, -5.3,  0.79,  0.90, -0.10,  0.0,  0.0,  0.0
1033476.22969390, 44842.840436, 1000.0, 1005.1, -5.1,  0.79,  0.90, -0.10,  0.0,  0.0,  0.0
1033476.23219390, 44840.237291, 1000.0, 1005.0, -5.0,  0.79,  0.90, -0.10,  0.0,  0.0,  0.0
1033476.23469390, 44840.481827, 1000.0, 1004.8, -4.8,  0.79,  0.90, -0.10,  0.0,  0.0,  0.0
1033476.23719390, 44842.209679, 1000.0, 1004.7, -4.7,  0.79,  0.90, -0.10,  0.0,  0.0,  0.0
1033476.23969390, 44843.122318, 1000.0, 1004.6, -4.6,  0.79,  0.90, -0.10,  0.0,  0.0,  0.0
1033476.24219390, 44843.653272, 1000.0, 1004.4, -4.4,  0.79,  0.90, -0.10,  0.0,  0.0,  0.0
1033476.24469390, 44844.184226, 1000.0, 1004.3, -4.3,  0.79,  0.90, -0.10,  0.0,  0.0,  0.0
1033476.24719390, 44844.323314, 1000.0, 1004.1, -4.1,  0.79,  0.90, -0.10,  0.0,  0.0,  0.0
1033476.24969390, 44841.811810, 1000.0, 1004.0, -4.0,  0.79,  0.90, -0.10,  0.0,  0.0,  0.0
1033476.25219390, 44840.716795, 1000.0, 1003.8, -3.8,  0.79,  0.90, -0.10,  0.0,  0.0,  0.0
1033476.25469390, 44840.566062, 1000.0, 1003.7, -3.7,  0.79,  0.90, -0.10,  0.0,  0.0,  0.0
1033476.25719390, 44840.893663, 1000.0, 1003.7, -3.7,  0.79,  0.90, -0.10,  0.0,  0.0,  0.0
1033476.25969390, 44843.559848, 1000.0, 1003.7, -3.7,  0.79,  0.90, -0.10,  0.0,  0.0,  0.0
1033476.26219390, 44845.208236, 1000.0, 1003.7, -3.7,  0.79,  0.90, -0.10,  0.0,  0.0,  0.0
1033476.26469390, 44844.436480, 1000.0, 1003.7, -3.7,  0.79,  0.90, -0.10,  0.0,  0.0,  0.0
1033476.26719390, 44842.534502, 1000.0, 1003.7, -3.7,  0.79,  0.90, -0.10,  0.0,  0.0,  0.0
1033476.26969390, 44840.893819, 1000.0, 1003.7, -3.7,  0.79,  0.90, -0.10,  0.0,  0.0,  0.0
1033476.27219390, 44840.080413, 1000.0, 1003.7, -3.7,  0.79,  0.90, -0.10,  0.0,  0.0,  0.0
1033476.27469390, 44840.362056, 1000.0, 1003.7, -3.7,  0.79,  0.90, -0.10,  0.0,  0.0,  0.0
1033476.27719390, 44840.643698, 1000.0, 1003.7, -3.7,  0.79,  0.90, -0.11,  0.0,  0.0,  0.0
1033476.27969390, 44842.828361, 1000.0, 1003.7, -3.7,  0.79,  0.90, -0.11,  0.0,  0.0,  0.0
1033476.28219390, 44844.524413, 1000.0, 1003.7, -3.7,  0.79,  0.90, -0.11,  0.0,  0.0,  0.0
1033476.28469390, 44844.636103, 1000.0, 1003.7, -3.7,  0.79,  0.90, -0.11,  0.0,  0.0,  0.0
1033476.28719390, 44844.636103, 1000.0, 1003.7, -3.7,  0.79,  0.90, -0.11,  0.0,  0.0,  0.0
1033476.28969390, 44844.636103, 1000.0, 1003.7, -3.7,  0.79,  0.90, -0.11,  0.0,  0.0,  0.0
1033476.29219390, 44844.353565, 1000.0, 1003.7, -3.7,  0.79,  0.90, -0.11,  0.0,  0.0,  0.0
1033476.29469390, 44841.646211, 1000.0, 1003.7, -3.7,  0.79,  0.90, -0.11,  0.0,  0.0,  0.0
1033476.29719390, 44841.553022, 1000.0, 1003.7, -3.7,  0.79,  0.90, -0.11,  0.0,  0.0,  0.0
1033476.29969390, 44842.331593, 1000.0, 1003.7, -3.7,  0.79,  0.90, -0.11,  0.0,  0.0,  0.0
1033476.30219390, 44843.578660, 1000.0, 1003.7, -3.7,  0.79,  0.90, -0.11,  0.0,  0.0,  0.0
1033476.30469390, 44844.974582, 1000.0, 1003.7, -3.7,  0.79,  0.90, -0.11,  0.0,  0.0,  0.0
1033476.30719390, 44844.080566, 1000.0, 1003.7, -3.7,  0.79,  0.90, -0.11,  0.0,  0.0,  0.0
1033476.30969390, 44842.925991, 1000.0, 1003.7, -3.7,  0.79,  0.90, -0.11,  0.0,  0.0,  0.0
1033476.31219390, 44840.783903, 1000.0, 1003.7, -3.7,  0.79,  0.90, -0.11,  0.0,  0.0,  0.0
1033476.31469390, 44840.671851, 1000.0, 1003.7, -3.7,  0.79,  0.90, -0.11,  0.0,  0.0,  0.0
1033476.31719390, 44842.157732, 1000.0, 1003.7, -3.7,  0.79,  0.90, -0.11,  0.0,  0.0,  0.0
1033476.31969390, 44844.639766, 1000.0, 1003.7, -3.7,  0.79,  0.90, -0.11,  0.0,  0.0,  0.0
1033476.32219390, 44845.234788, 1000.0, 1003.7, -3.7,  0.79,  0.90, -0.11,  0.0,  0.0,  0.0
1033476.32469390, 44844.869124, 1000.0, 1003.7, -3.7,  0.79,  0.90, -0.11,  0.0,  0.0,  0.0
1033476.32719390, 44843.112517, 1000.0, 1003.7, -3.7,  0.79,  0.90, -0.11,  0.0,  0.0,  0.0
1033476.32969390, 44840.946050, 1000.0, 1003.7, -3.7,  0.79,  0.90, -0.11,  0.0,  0.0,  0.0
1033476.33219390, 44840.384422, 1000.0, 1003.7, -3.7,  0.79,  0.90, -0.11,  0.0,  0.0,  0.0
1033476.33469390, 44840.600326, 1000.0, 1003.7, -3.7,  0.79,  0.90, -0.11,  0.0,  0.0,  0.0
1033476.33719390, 44840.816230, 1000.0, 1003.7, -3.7,  0.79,  0.90, -0.11,  0.0,  0.0,  0.0
1033476.33969390, 44842.554616, 1000.0, 1003.7, -3.7,  0.79,  0.90, -0.11,  0.0,  0.0,  0.0
1033476.34219390, 44844.596525, 1000.0, 1003.7, -3.7,  0.79,  0.90, -0.11,  0.0,  0.0,  0.0
1033476.34469390, 44844.236594, 1000.0, 1003.7, -3.7,  0.79,  0.90, -0.11,  0.0,  0.0,  0.0
1033476.34719390, 44842.922018, 1000.0, 1003.7, -3.7,  0.79,  0.90, -0.11,  0.0,  0.0,  0.0
1033476.34969390, 44841.848626, 1000.0, 1003.7, -3.7,  0.79,  0.90, -0.11,  0.0,  0.0,  0.0
1033476.35219390, 44840.815702, 1000.0, 1003.7, -3.7,  0.79,  0.90, -0.11,  0.0,  0.0,  0.0
1033476.35469390, 44840.568968, 1000.0, 1003.7, -3.7,  0.79,  0.90, -0.11,  0.0,  0.0,  0.0
1033476.35719390, 44841.292673, 1000.0, 1003.7, -3.7,  0.79,  0.90, -0.11,  0.0,  0.0,  0.0
1033476.35969390, 44841.867102, 1000.0, 1003.7, -3.7,  0.79,  0.90, -0.11,  0.0,  0.0,  0.0
1033476.36219390, 44842.441530, 1000.0, 1003.7, -3.7,  0.79,  0.90, -0.10,  0.0,  0.0,  0.0
1033476.36469390, 44842.945368, 1000.0, 1003.7, -3.7,  0.79,  0.90, -0.10,  0.0,  0.0,  0.0
1033476.36719390, 44842.230671, 1000.0, 1003.7, -3.7,  0.79,  0.90, -0.10,  0.0,  0.0,  0.0
1033476.36969390, 44842.230671, 1000.0, 1003.7, -3.7,  0.79,  0.90, -0.10,  0.0,  0.0,  0.0
1033476.37219390, 44842.230671, 1000.0, 1003.7, -3.7,  0.79,  0.90, -0.10,  0.0,  0.0,  0.0
1033476.37469390, 44841.317052, 1000.0, 1003.7, -3.7,  0.79,  0.90, -0.10,  0.0,  0.0,  0.0
1033476.37719390, 44841.866725, 1000.0, 1003.7, -3.7,  0.79,  0.90, -0.10,  0.0,  0.0,  0.0
1033476.38219390, 44844.495547, 1000.0, 1003.7, -3.7,  0.79,  0.90, -0.10,  0.0,  0.0,  0.0
1033476.38469390, 44845.053568, 1000.0, 1003.5, -3.5,  0.79,  0.90, -0.10,  0.0,  0.0,  0.0
1033476.38719390, 44842.153533, 1000.0, 1003.3, -3.3,  0.79,  0.90, -0.10,  0.0,  0.0,  0.0
1033476.38969390, 44840.358211, 1000.0, 1003.2, -3.2,  0.79,  0.90, -0.10,  0.0,  0.0,  0.0
1033476.39219390, 44840.124999, 1000.0, 1003.0, -3.0,  0.79,  0.90, -0.10,  0.0,  0.0,  0.0
1033476.39469390, 44841.061437, 1000.0, 1002.8, -2.8,  0.79,  0.90, -0.10,  0.0,  0.0,  0.0
1033476.39719390, 44842.433796, 1000.0, 1002.7, -2.7,  0.79,  0.90, -0.10,  0.0,  0.0,  0.0
1033476.39969390, 44842.914610, 1000.0, 1002.5, -2.5,  0.79,  0.90, -0.10,  0.0,  0.0,  0.0
1033476.40219390, 44843.682191, 1000.0, 1002.3, -2.3,  0.79,  0.90, -0.10,  0.0,  0.0,  0.0
1033476.40469390, 44843.717042, 1000.0, 1002.2, -2.2,  0.79,  0.90, -0.10,  0.0,  0.0,  0.0
1033476.40719390, 44841.856493, 1000.0, 1002.0, -2.0,  0.79,  0.90, -0.10,  0.0,  0.0,  0.0
1033476.40969390, 44841.405571, 1000.0, 1001.8, -1.8,  0.79,  0.90, -0.10,  0.0,  0.0,  0.0
1033476.41219390, 44839.782476, 1000.0, 1001.6, -1.6,  0.79,  0.90, -0.10,  0.0,  0.0,  0.0
1033476.41469390, 44839.782476, 1000.0, 1001.5, -1.5,  0.79,  0.90, -0.10,  0.0,  0.0,  0.0
1033476.41719390, 44839.782476, 1000.0, 1001.3, -1.3,  0.79,  0.90, -0.10,  0.0,  0.0,  0.0
1033476.41969390, 44843.148018, 1000.0, 1001.1, -1.1,  0.79,  0.90, -0.10,  0.0,  0.0,  0.0
1033476.42219390, 44844.966987, 1000.0, 1001.0, -1.0,  0.79,  0.90, -0.10,  0.0,  0.0,  0.0
1033476.42469390, 44845.376299, 1000.0, 1000.8, -0.8,  0.79,  0.90, -0.10,  0.0,  0.0,  0.0
1033476.42719390, 44843.813274, 1000.0, 1000.6, -0.6,  0.79,  0.90, -0.10,  0.0,  0.0,  0.0
1033476.42969390, 44842.039207, 1000.0, 1000.4, -0.4,  0.79,  0.90, -0.10,  0.0,  0.0,  0.0
1033476.43219390, 44841.284374, 1000.0, 1000.3, -0.3,  0.79,  0.90, -0.10,  0.0,  0.0,  0.0
1033476.43469390, 44841.319381, 1000.0, 1000.1, -0.1,  0.79,  0.90, -0.10,  0.0,  0.0,  0.0
1033476.43719390, 44842.547678, 1000.0,  999.9,  0.1,  0.79,  0.90, -0.10,  0.0,  0.0,  0.0
1033476.43969390, 44843.846950, 1000.0,  999.8,  0.2,  0.79,  0.90, -0.10,  0.0,  0.0,  0.0
1033476.44219390, 44844.790460, 1000.0,  996.3,  3.7,  0.79,  0.90, -0.11,  0.0,  0.0,  0.0
1033476.44469390, 44844.320689, 1000.0,  989.1,  10.9,  0.79,  0.92, -0.13,  0.0,  0.0,  0.0
1033476.44719390, 44842.844062, 1000.0,  981.9,  18.1,  0.79,  0.94, -0.15,  0.0,  0.0,  0.0
1033476.44969390, 44840.800708, 1000.0,  974.7,  25.3,  0.79,  0.96, -0.17,  0.0,  0.0,  0.0
1033476.45219390, 44840.188726, 1000.0,  967.5,  32.5,  0.79,  0.98, -0.19,  0.0,  0.0,  0.0
1033476.45469390, 44840.188726, 1000.0,  960.3,  39.7,  0.79,  1.00, -0.21,  0.0,  0.0,  0.0
1033476.45719390, 44840.188726, 1000.0,  953.1,  46.9,  0.79,  1.02, -0.23,  0.0,  0.0,  0.0
1033476.45969390, 44840.605585, 1000.0,  945.9,  54.1,  0.79,  1.04, -0.25,  0.0,  0.0,  0.0
1033476.46219390, 44845.181334, 1000.0,  938.7,  61.3,  0.79,  1.06, -0.27,  0.0,  0.0,  0.0
1033476.46469390, 44844.680042, 1000.0,  931.5,  68.5,  0.79,  1.08, -0.29,  0.0,  0.0,  0.0
1033476.46719390, 44843.856873, 1000.0,  924.3,  75.7,  0.79,  1.10, -0.30,  0.0,  0.0,  0.0
1033476.46969390, 44843.008800, 1000.0,  917.1,  82.9,  0.79,  1.11, -0.32,  0.0,  0.0,  0.0
1033476.47219390, 44841.321362, 1000.0,  909.9,  90.1,  0.79,  1.13, -0.34,  0.0,  0.0,  0.0
1033476.47469390, 44840.916636, 1000.0,  902.7,  97.3,  0.79,  1.15, -0.36,  0.0,  0.0,  0.0
1033476.47719390, 44841.452367, 1000.0,  895.4,  104.6,  0.79,  1.17, -0.38,  0.0,  0.0,  0.0
1033476.47969390, 44841.863609, 1000.0,  888.2,  111.8,  0.79,  1.19, -0.40,  0.0,  0.0,  0.0
1033476.48219390, 44842.274850, 1000.0,  881.0,  119.0,  0.79,  1.21, -0.42,  0.0,  0.0,  0.0
1033476.48469390, 44842.456989, 1000.0,  873.8,  126.2,  0.79,  1.23, -0.44,  0.0,  0.0,  0.0
1033476.48719390, 44842.380342, 1000.0,  866.6,  133.4,  0.79,  1.25, -0.46,  0.0,  0.0,  0.0
1033476.48969390, 44842.380342, 1000.0,  859.4,  140.6,  0.79,  1.27, -0.48,  0.0,  0.0,  0.0
1033476.49219390, 44842.380342, 1000.0,  852.2,  147.8,  0.79,  1.29, -0.50,  0.0,  0.0,  0.0
1033476.49469390, 44841.770197, 1000.0,  845.0,  155.0,  0.79,  1.31, -0.52,  0.0,  0.0,  0.0
1033476.49719390, 44841.232434, 1000.0,  837.8,  162.2,  0.79,  1.33, -0.53,  0.0,  0.0,  0.0
1033476.50219390, 44845.217525, 1000.0,  830.9,  169.1,  0.79,  1.35, -0.56,  0.0,  0.0,  0.0
1033476.50469390, 44844.606315, 1000.0,  834.5,  165.5,  0.79,  1.36, -0.57,  0.0,  0.0,  0.0
1033476.50719390, 44842.243598, 1000.0,  838.1,  161.9,  0.79,  1.36, -0.57,  0.0,  0.0,  0.0
1033476.50969390, 44840.379798, 1000.0,  841.7,  158.3,  0.79,  1.37, -0.58,  0.0,  0.0,  0.0
1033476.51219390, 44839.846621, 1000.0,  845.4,  154.6,  0.79,  1.37, -0.58,  0.0,  0.0,  0.0
1033476.51469390, 44840.641754, 1000.0,  849.0,  151.0,  0.79,  1.37, -0.58,  0.0,  0.0,  0.0
1033476.51719390, 44841.405360, 1000.0,  852.6,  147.4,  0.79,  1.38, -0.59,  0.0,  0.0,  0.0
1033476.51969390, 44842.130620, 1000.0,  856.3,  143.7,  0.79,  1.38, -0.59,  0.0,  0.0,  0.0
1033476.52219390, 44844.949413, 1000.0,  859.9,  140.1,  0.79,  1.39, -0.60,  0.0,  0.0,  0.0
1033476.52469390, 44844.470670, 1000.0,  863.5,  136.5,  0.79,  1.39, -0.60,  0.0,  0.0,  0.0
1033476.52719390, 44843.042346, 1000.0,  867.1,  132.9,  0.79,  1.39, -0.60,  0.0,  0.0,  0.0
1033476.52969390, 44841.765945, 1000.0,  870.8,  129.2,  0.79,  1.40, -0.61,  0.0,  0.0,  0.0
1033476.53219390, 44840.775229, 1000.0,  874.4,  125.6,  0.79,  1.40, -0.61,  0.0,  0.0,  0.0
1033476.53469390, 44840.709140, 1000.0,  878.0,  122.0,  0.79,  1.41, -0.62,  0.0,  0.0,  0.0
1033476.53719390, 44840.705473, 1000.0,  881.7,  118.3,  0.79,  1.41, -0.62,  0.0,  0.0,  0.0
1033476.53969390, 44840.794010, 1000.0,  885.3,  114.7,  0.79,  1.42, -0.62,  0.0,  0.0,  0.0
1033476.54219390, 44844.757585, 1000.0,  888.9,  111.1,  0.79,  1.42, -0.63,  0.0,  0.0,  0.0
1033476.54469390, 44844.414744, 1000.0,  892.5,  107.5,  0.79,  1.42, -0.63,  0.0,  0.0,  0.0
1033476.54719390, 44844.071902, 1000.0,  896.2,  103.8,  0.79,  1.43, -0.64,  0.0,  0.0,  0.0
1033476.54969390, 44842.369536, 1000.0,  899.8,  100.2,  0.79,  1.43, -0.64,  0.0,  0.0,  0.0
1033476.55219390, 44840.565783, 1000.0,  903.4,  96.6,  0.79,  1.44, -0.64,  0.0,  0.0,  0.0
1033476.55469390, 44840.353334, 1000.0,  907.1,  92.9,  0.79,  1.44, -0.65,  0.0,  0.0,  0.0
1033476.55719390, 44841.878742, 1000.0,  910.7,  89.3,  0.79,  1.44, -0.65,  0.0,  0.0,  0.0
1033476.55969390, 44843.764707, 1000.0,  912.3,  87.7,  0.79,  1.45, -0.66,  0.0,  0.0,  0.0
1033476.56219390, 44844.846735, 1000.0,  913.7,  86.3,  0.79,  1.45, -0.66,  0.0,  0.0,  0.0
1033476.56469390, 44844.376550, 1000.0,  915.1,  84.9,  0.79,  1.45, -0.66,  0.0,  0.0,  0.0
1033476.56719390, 44842.782861, 1000.0,  916.5,  83.5,  0.79,  1.45, -0.66,  0.0,  0.0,  0.0
1033476.56969390, 44841.038706, 1000.0,  917.9,  82.1,  0.79,  1.46, -0.66,  0.0,  0.0,  0.0
1033476.57219390, 44840.462936, 1000.0,  919.3,  80.7,  0.79,  1.46, -0.67,  0.0,  0.0,  0.0
1033476.57469390, 44840.800652, 1000.0,  920.7,  79.3,  0.79,  1.46, -0.67,  0.0,  0.0,  0.0
1033476.57719390, 44842.521015, 1000.0,  922.1,  77.9,  0.79,  1.46, -0.67,  0.0,  0.0,  0.0
1033476.57969390, 44845.551452, 1000.0,  923.6,  76.4,  0.79,  1.46, -0.67,  0.0,  0.0,  0.0
1033476.58219390, 44845.671906, 1000.0,  925.0,  75.0,  0.79,  1.47, -0.68,  0.0,  0.0,  0.0
1033476.58469390, 44844.871301, 1000.0,  926.4,  73.6,  0.79,  1.47, -0.68,  0.0,  0.0,  0.0
1033476.58719390, 44844.379680, 1000.0,  927.8,  72.2,  0.79,  1.47, -0.68,  0.0,  0.0,  0.0
1033476.58969390, 44843.493812, 1000.0,  929.2,  70.8,  0.79,  1.47, -0.68,  0.0,  0.0,  0.0
1033476.59219390, 44842.553833, 1000.0,  930.6,  69.4,  0.79,  1.48, -0.68,  0.0,  0.0,  0.0
1033476.59469390, 44841.493572, 1000.0,  932.0,  68.0,  0.79,  1.48, -0.69,  0.0,  0.0,  0.0
1033476.59719390, 44842.728712, 1000.0,  933.4,  66.6,  0.79,  1.48, -0.69,  0.0,  0.0,  0.0
1033476.59969390, 44844.051484, 1000.0,  934.8,  65.2,  0.79,  1.48, -0.69,  0.0,  0.0,  0.0
1033476.60219390, 44844.935242, 1000.0,  936.2,  63.8,  0.79,  1.48, -0.69,  0.0,  0.0,  0.0
1033476.60469390, 44845.093585, 1000.0,  937.7,  62.3,  0.79,  1.49, -0.70,  0.0,  0.0,  0.0
1033476.60719390, 44844.746183, 1000.0,  939.1,  60.9,  0.79,  1.49, -0.70,  0.0,  0.0,  0.0
1033476.60969390, 44844.306488, 1000.0,  940.5,  59.5,  0.79,  1.49, -0.70,  0.0,  0.0,  0.0
1033476.61219390, 44843.021534, 1000.0,  941.9,  58.1,  0.79,  1.49, -0.70,  0.0,  0.0,  0.0
1033476.61469390, 44841.736581, 1000.0,  943.3,  56.7,  0.79,  1.49, -0.70,  0.0,  0.0,  0.0
1033476.61719390, 44841.082952, 1000.0,  944.7,  55.3,  0.79,  1.49, -0.70,  0.0,  0.0,  0.0
1033476.61969390, 44844.753702, 1000.0,  946.1,  53.9,  0.79,  1.49, -0.70,  0.0,  0.0,  0.0
1033476.62219390, 44844.753702, 1000.0,  947.5,  52.5,  0.79,  1.49, -0.70,  0.0,  0.0,  0.0
1033476.62469390, 44844.753702, 1000.0,  949.0,  51.0,  0.79,  1.49, -0.70,  0.0,  0.0,  0.0
1033476.62719390, 44843.475711, 1000.0,  950.4,  49.6,  0.79,  1.49, -0.70,  0.0,  0.0,  0.0
1033476.62969390, 44841.565250, 1000.0,  951.8,  48.2,  0.79,  1.49, -0.70,  0.0,  0.0,  0.0
1033476.63219390, 44840.228131, 1000.0,  953.2,  46.8,  0.79,  1.49, -0.70,  0.0,  0.0,  0.0
1033476.63469390, 44841.335338, 1000.0,  954.6,  45.4,  0.79,  1.49, -0.70,  0.0,  0.0,  0.0
1033476.63719390, 44843.203090, 1000.0,  956.0,  44.0,  0.79,  1.49, -0.70,  0.0,  0.0,  0.0
1033476.63969390, 44844.486432, 1000.0,  957.4,  42.6,  0.79,  1.49, -0.70,  0.0,  0.0,  0.0
1033476.64219390, 44845.050468, 1000.0,  958.9,  41.1,  0.79,  1.49, -0.70,  0.0,  0.0,  0.0
1033476.64469390, 44844.616464, 1000.0,  960.3,  39.7,  0.79,  1.49, -0.70,  0.0,  0.0,  0.0
1033476.64719390, 44842.716051, 1000.0,  961.7,  38.3,  0.79,  1.49, -0.70,  0.0,  0.0,  0.0
1033476.64969390, 44841.799923, 1000.0,  963.1,  36.9,  0.79,  1.49, -0.70,  0.0,  0.0,  0.0
1033476.65219390, 44841.148981, 1000.0,  964.5,  35.5,  0.79,  1.49, -0.70,  0.0,  0.0,  0.0
1033476.65469390, 44840.498038, 1000.0,  965.9,  34.1,  0.79,  1.49, -0.70,  0.0,  0.0,  0.0
1033476.65719390, 44842.146552, 1000.0,  967.3,  32.7,  0.79,  1.49, -0.70,  0.0,  0.0,  0.0
1033476.65969390, 44844.167821, 1000.0,  968.8,  31.2,  0.79,  1.49, -0.70,  0.0,  0.0,  0.0
1033476.66219390, 44845.178267, 1000.0,  970.2,  29.8,  0.79,  1.49, -0.70,  0.0,  0.0,  0.0
1033476.66469390, 44844.948471, 1000.0,  971.6,  28.4,  0.79,  1.49, -0.70,  0.0,  0.0,  0.0
1033476.66719390, 44843.017117, 1000.0,  973.0,  27.0,  0.79,  1.49, -0.70,  0.0,  0.0,  0.0
1033476.67219390, 44840.223250, 1000.0,  975.6,  24.4,  0.79,  1.49, -0.70,  0.0,  0.0,  0.0
1033476.67469390, 44840.477540, 1000.0,  976.1,  23.9,  0.79,  1.49, -0.70,  0.0,  0.0,  0.0
1033476.67719390, 44840.874774, 1000.0,  976.6,  23.4,  0.79,  1.49, -0.70,  0.0,  0.0,  0.0
1033476.67969390, 44841.412312, 1000.0,  977.1,  22.9,  0.79,  1.49, -0.70,  0.0,  0.0,  0.0
1033476.68219390, 44842.787959, 1000.0,  977.7,  22.3,  0.79,  1.49, -0.70,  0.0,  0.0,  0.0
1033476.68469390, 44844.163607, 1000.0,  978.2,  21.8,  0.79,  1.49, -0.70,  0.0,  0.0,  0.0
1033476.68719390, 44844.061268, 1000.0,  978.7,  21.3,  0.79,  1.49, -0.70,  0.0,  0.0,  0.0
1033476.68969390, 44840.509451, 1000.0,  979.2,  20.8,  0.79,  1.49, -0.70,  0.0,  0.0,  0.0
1033476.69219390, 44840.509451, 1000.0,  979.7,  20.3,  0.79,  1.50, -0.70,  0.0,  0.0,  0.0
1033476.69469390, 44840.589968, 1000.0,  980.2,  19.8,  0.79,  1.50, -0.71,  0.0,  0.0,  0.0
1033476.69719390, 44840.866395, 1000.0,  980.7,  19.3,  0.79,  1.50, -0.71,  0.0,  0.0,  0.0
1033476.69969390, 44842.712892, 1000.0,  981.2,  18.8,  0.79,  1.50, -0.71,  0.0,  0.0,  0.0
1033476.70219390, 44844.964735, 1000.0,  981.8,  18.2,  0.79,  1.50, -0.71,  0.0,  0.0,  0.0
1033476.70469390, 44844.996945, 1000.0,  982.3,  17.7,  0.79,  1.50, -0.71,  0.0,  0.0,  0.0
1033476.70719390, 44844.777099, 1000.0,  982.8,  17.2,  0.79,  1.50, -0.71,  0.0,  0.0,  0.0
1033476.70969390, 44844.050489, 1000.0,  983.3,  16.7,  0.79,  1.50, -0.71,  0.0,  0.0,  0.0
1033476.71219390, 44840.704898, 1000.0,  983.8,  16.2,  0.79,  1.50, -0.71,  0.0,  0.0,  0.0
1033476.71469390, 44841.396788, 1000.0,  984.3,  15.7,  0.79,  1.50, -0.71,  0.0,  0.0,  0.0
1033476.71719390, 44842.111018, 1000.0,  984.8,  15.2,  0.79,  1.50, -0.71,  0.0,  0.0,  0.0
1033476.71969390, 44843.139329, 1000.0,  985.3,  14.7,  0.79,  1.50, -0.71,  0.0,  0.0,  0.0
1033476.72219390, 44843.974125, 1000.0,  985.9,  14.1,  0.79,  1.50, -0.71,  0.0,  0.0,  0.0
1033476.72469390, 44843.536341, 1000.0,  986.4,  13.6,  0.79,  1.50, -0.71,  0.0,  0.0,  0.0
1033476.72719390, 44842.298043, 1000.0,  986.9,  13.1,  0.79,  1.51, -0.71,  0.0,  0.0,  0.0
1033476.72969390, 44841.065373, 1000.0,  987.4,  12.6,  0.79,  1.51, -0.71,  0.0,  0.0,  0.0
