2857685.47695110, 0.0000,  44852.247959, 19.468,   0.0,    2.0, -2.0, 0.00,  0.00,  0.00, 0.0,  0.0,  0.0
2857685.47945110, 0.0025,  44852.247959, 19.468,   0.0,    2.0, -2.0, 0.00,  0.00,  0.00, 0.0,  0.0,  0.0
2857685.48195110, 0.0050,  44850.497887, 19.468,   0.0,    2.0, -2.0, 0.00,  0.00,  0.00, 0.0,  0.0,  0.0
2857685.48445110, 0.0075,  44851.612471, 19.468,   0.0,    2.0, -2.0, 0.00,  0.00,  0.00, 0.0,  0.0,  0.0
2857685.48695110, 0.0100,  44853.643241, 19.468,   0.0,    2.0, -2.0, 0.00,  0.00,  0.00, 0.0,  0.0,  0.0
2857685.48945110, 0.0125,  44854.286997, 19.468,   0.0,    2.0, -2.0, 0.00,  0.00,  0.00, 0.0,  0.0,  0.0
2857685.49195110, 0.0150,  44854.261772, 19.468,   0.0,    2.0, -2.0, 0.00,  0.00,  0.00, 0.0,  0.0,  0.0
2857685.49445110, 0.0175,  44853.958489, 19.468,   0.0,    2.0, -2.0, 0.00,  0.00,  0.00, 0.0,  0.0,  0.0
2857685.49695110, 0.0200,  44852.852991, 19.468,   0.0,    2.0, -2.0, 0.00,  0.00,  0.00, 0.0,  0.0,  0.0
2857685.50195110, 0.0250,  44851.223883, 19.468,   0.0,    2.0, -2.0, 0.00,  0.00,  0.00, 0.0,  0.0,  0.0
2857685.50445110, 0.0275,  44851.991380, 19.468,   0.0,    2.0, -2.0, 0.00,  0.00,  0.00, 0.0,  0.0,  0.0
2857685.50695110, 0.0300,  44853.810951, 19.468,   0.0,    2.0, -2.0, 0.00,  0.00,  0.00, 0.0,  0.0,  0.0
2857685.50945110, 0.0325,  44854.245483, 19.468,   0.0,    2.0, -2.0, 0.00,  0.00,  0.00, 0.0,  0.0,  0.0
2857685.51195110, 0.0350,  44853.831190, 19.468,   0.0,    2.0, -2.0, 0.00,  0.00,  0.00, 0.0,  0.0,  0.0
2857685.51445110, 0.0375,  44853.391876, 19.468,   0.0,    2.0, -2.0, 0.00,  0.00,  0.00, 0.0,  0.0,  0.0
2857685.51695110, 0.0400,  44852.296595, 19.468,   0.0,    2.0, -2.0, 0.00,  0.00,  0.00, 0.0,  0.0,  0.0
2857685.51945110, 0.0425,  44851.521030, 19.468,   0.0,    2.0, -2.0, 0.00,  0.00,  0.00, 0.0,  0.0,  0.0
2857685.52195110, 0.0450,  44850.468317, 19.468,   0.0,    2.0, -2.0, 0.00,  0.00,  0.00, 0.0,  0.0,  0.0
2857685.52445110, 0.0475,  44852.513745, 19.468,   0.0,    2.0, -2.0, 0.00,  0.00,  0.00, 0.0,  0.0,  0.0
2857685.52695110, 0.0500,  44853.979789, 19.468,   0.0,    2.0, -2.0, 0.00,  0.00,  0.00, 0.0,  0.0,  0.0
2857685.52945110, 0.0525,  44854.257831, 19.468,   0.0,    2.0, -2.0, 0.00,  0.00,  0.00, 0.0,  0.0,  0.0
2857685.53195110, 0.0550,  44854.595152, 19.468,   0.0,    2.0, -2.0, 0.00,  0.00,  0.00, 0.0,  0.0,  0.0
2857685.53445110, 0.0575,  44853.993273, 19.468,   0.0,    2.0, -2.0, 0.00,  0.00,  0.00, 0.0,  0.0,  0.0
2857685.53695110, 0.0600,  44852.716737, 19.468,   0.0,    2.0, -2.0, 0.00,  0.00,  0.00, 0.0,  0.0,  0.0
2857685.53945110, 0.0625,  44850.926363, 19.468,   0.0,    2.0, -2.0, 0.00,  0.00,  0.00, 0.0,  0.0,  0.0
2857685.54195110, 0.0650,  44850.789990, 19.468,   0.0,    2.0, -2.0, 0.00,  0.00,  0.00, 0.0,  0.0,  0.0
2857685.54445110, 0.0675,  44851.944828, 19.468,   0.0,    2.0, -2.0, 0.00,  0.00,  0.00, 0.0,  0.0,  0.0
2857685.54695110, 0.0700,  44853.429907, 19.468,   0.0,    2.0, -2.0, 0.00,  0.00,  0.00, 0.0,  0.0,  0.0
2857685.54945110, 0.0725,  44854.200586, 19.468,   0.0,    2.0, -2.0, 0.00,  0.00,  0.00, 0.0,  0.0,  0.0
2857685.55195110, 0.0750,  44854.466098, 19.468,   0.0,    2.0, -2.0, 0.00,  0.00,  0.00, 0.0,  0.0,  0.0
2857685.55445110, 0.0775,  44854.218529, 19.468,   0.0,    2.0, -2.0, 0.00,  0.00,  0.00, 0.0,  0.0,  0.0
2857685.55695110, 0.0800,  44853.970959, 19.468,   0.0,    2.0, -2.0, 0.00,  0.00,  0.00, 0.0,  0.0,  0.0
2857685.55945110, 0.0825,  44853.723389, 19.468,   0.0,    2.0, -2.0, 0.00,  0.00,  0.00, 0.0,  0.0,  0.0
2857685.56195110, 0.0850,  44853.123657, 19.468,   0.0,    2.0, -2.0, 0.00,  0.00,  0.00, 0.0,  0.0,  0.0
2857685.56445110, 0.0875,  44852.232108, 19.468,   0.0,    2.0, -2.0, 0.00,  0.00,  0.00, 0.0,  0.0,  0.0
2857685.56695110, 0.0900,  44852.779858, 19.468,   0.0,    2.0, -2.0, 0.00,  0.00,  0.00, 0.0,  0.0,  0.0
2857685.56945110, 0.0925,  44853.327608, 19.468,   0.0,    2.0, -2.0, 0.00,  0.00,  0.00, 0.0,  0.0,  0.0
2857685.57195110, 0.0950,  44853.875358, 19.468,   0.0,    2.0, -2.0, 0.00,  0.00,  0.00, 0.0,  0.0,  0.0
2857685.57445110, 0.0975,  44853.835934, 19.468,   0.0,    2.0, -2.0, 0.00,  0.00,  0.00, 0.0,  0.0,  0.0
2857685.57695110, 0.1000,  44852.400723, 19.468,   0.0,    2.0, -2.0, 0.00,  0.00,  0.00, 0.0,  0.0,  0.0
2857685.57945110, 0.1025,  44851.937123, 19.468,   0.0,    2.0, -2.0, 0.00,  0.00,  0.00, 0.0,  0.0,  0.0
2857685.58195110, 0.1050,  44851.549265, 19.468,   0.0,    2.0, -2.0, 0.00,  0.00,  0.00, 0.0,  0.0,  0.0
2857685.58445110, 0.1075,  44851.161408, 19.468,   0.0,    2.0, -2.0, 0.00,  0.00,  0.00, 0.0,  0.0,  0.0
2857685.58695110, 0.1100,  44853.921942, 19.468,   0.0,    2.0, -2.0, 0.00,  0.00,  0.00, 0.0,  0.0,  0.0
2857685.58945110, 0.1125,  44854.075868, 19.468,   0.0,    2.0, -2.0, 0.00,  0.00,  0.00, 0.0,  0.0,  0.0
2857685.59195110, 0.1150,  44854.229794, 19.468,   0.0,    2.0, -2.0, 0.00,  0.00,  0.00, 0.0,  0.0,  0.0
2857685.59445110, 0.1175,  44854.383719, 19.468,   0.0,    2.0, -2.0, 0.00,  0.00,  0.00, 0.0,  0.0,  0.0
2857685.59695110, 0.1200,  44854.089070, 19.468,   0.0,    2.0, -2.0, 0.00,  0.00,  0.00, 0.0,  0.0,  0.0
2857685.59945110, 0.1225,  44852.207710, 19.468,   0.0,    2.0, -2.0, 0.00,  0.00,  0.00, 0.0,  0.0,  0.0
2857685.60195110, 0.1250,  44851.574038, 19.468,   0.0,    2.0, -2.0, 0.00,  0.00,  0.00, 0.0,  0.0,  0.0
2857685.60445110, 0.1275,  44851.557462, 19.468,   0.0,    2.0, -2.0, 0.00,  0.00,  0.00, 0.0,  0.0,  0.0
2857685.60695110, 0.1300,  44852.406256, 19.468,   0.0,    2.0, -2.0, 0.00,  0.00,  0.00, 0.0,  0.0,  0.0
2857685.60945110, 0.1325,  44853.568274, 19.468,   0.0,    2.0, -2.0, 0.00,  0.00,  0.00, 0.0,  0.0,  0.0
2857685.61445110, 0.1375,  44854.195688, 19.468,   0.0,    2.0, -2.0, 0.00,  0.00,  0.00, 0.0,  0.0,  0.0
2857685.61695110, 0.1400,  44852.736131, 19.468,   0.0,    2.0, -2.0, 0.00,  0.00,  0.00, 0.0,  0.0,  0.0
2857685.61945110, 0.1425,  44851.860673, 19.468,   0.0,    2.0, -2.0, 0.00,  0.00,  0.00, 0.0,  0.0,  0.0
2857685.62195110, 0.1450,  44851.454184, 19.468,   0.0,    2.0, -2.0, 0.00,  0.00,  0.00, 0.0,  0.0,  0.0
2857685.62445110, 0.1475,  44851.330040, 19.468,   0.0,    2.0, -2.0, 0.00,  0.00,  0.00, 0.0,  0.0,  0.0
2857685.62695110, 0.1500,  44852.195211, 19.468,   0.0,    2.0, -2.0, 0.00,  0.00,  0.00, 0.0,  0.0,  0.0
2857685.62945110, 0.1525,  44853.072399, 19.468,   0.0,    2.0, -2.0, 0.00,  0.00,  0.00, 0.0,  0.0,  0.0
2857685.63195110, 0.1550,  44853.646713, 19.468,   0.0,    2.0, -2.0, 0.00,  0.00,  0.00, 0.0,  0.0,  0.0
2857685.63445110, 0.1575,  44853.671887, 19.468,   0.0,    2.0, -2.0, 0.00,  0.00,  0.00, 0.0,  0.0,  0.0
2857685.63695110, 0.1600,  44853.697060, 19.468,   0.0,    2.0, -2.0, 0.00,  0.00,  0.00, 0.0,  0.0,  0.0
2857685.63945110, 0.1625,  44853.722234, 19.468,   0.0,    2.0, -2.0, 0.00,  0.00,  0.00, 0.0,  0.0,  0.0
2857685.64195110, 0.1650,  44851.126985, 19.468,   0.0,    2.0, -2.0, 0.00,  0.00,  0.00, 0.0,  0.0,  0.0
2857685.64445110, 0.1675,  44851.263297, 19.468,   0.0,    2.0, -2.0, 0.00,  0.00,  0.00, 0.0,  0.0,  0.0
2857685.64695110, 0.1700,  44853.247962, 19.468,   0.0,    2.0, -2.0, 0.00,  0.00,  0.00, 0.0,  0.0,  0.0
2857685.64945110, 0.1725,  44853.916653, 19.468,   0.0,    2.0, -2.0, 0.00,  0.00,  0.00, 0.0,  0.0,  0.0
2857685.65195110, 0.1750,  44854.311491, 19.468,   0.0,    2.0, -2.0, 0.00,  0.00,  0.00, 0.0,  0.0,  0.0
2857685.65445110, 0.1775,  44854.706329, 19.468,   0.0,    2.0, -2.0, 0.00,  0.00,  0.00, 0.0,  0.0,  0.0
2857685.65695110, 0.1800,  44853.312033, 19.468,   0.0,    2.0, -2.0, 0.00,  0.00,  0.00, 0.0,  0.0,  0.0
2857685.65945110, 0.1825,  44852.135087, 19.468,   0.0,    2.0, -2.0, 0.00,  0.00,  0.00, 0.0,  0.0,  0.0
2857685.66195110, 0.1850,  44851.612210, 19.468,   0.0,    2.0, -2.0, 0.00,  0.00,  0.00, 0.0,  0.0,  0.0
2857685.66445110, 0.1875,  44851.428182, 19.468,   0.0,    2.0, -2.0, 0.00,  0.00,  0.00, 0.0,  0.0,  0.0
2857685.66695110, 0.1900,  44852.043608, 19.468,   0.0,    2.0, -2.0, 0.00,  0.00,  0.00, 0.0,  0.0,  0.0
2857685.66945110, 0.1925,  44853.386477, 19.468,   0.0,    2.0, -2.0, 0.00,  0.00,  0.00, 0.0,  0.0,  0.0
2857685.67195110, 0.1950,  44854.370933, 19.468,   0.0,    2.0, -2.0, 0.00,  0.00,  0.00, 0.0,  0.0,  0.0
2857685.67445110, 0.1975,  44854.562529, 19.468,   0.0,    2.0, -2.0, 0.00,  0.00,  0.00, 0.0,  0.0,  0.0
2857685.67695110, 0.2000,  44854.058011, 19.468,   0.0,    2.0, -2.0, 0.00,  0.00,  0.00, 0.0,  0.0,  0.0
2857685.67945110, 0.2025,  44853.245345, 19.468,   0.0,    2.0, -2.0, 0.00,  0.00,  0.00, 0.0,  0.0,  0.0
2857685.68195110, 0.2050,  44852.425337, 19.468,   0.0,    2.0, -2.0, 0.00,  0.00,  0.00, 0.0,  0.0,  0.0
2857685.68445110, 0.2075,  44851.462723, 19.468,   0.0,    2.0, -2.0, 0.00,  0.00,  0.00, 0.0,  0.0,  0.0
2857685.68695110, 0.2100,  44853.392190, 19.468,   0.0,    2.0, -2.0, 0.00,  0.00,  0.00, 0.0,  0.0,  0.0
2857685.68945110, 0.2125,  44854.358331, 19.468,   0.0,    2.0, -2.0, 0.00,  0.00,  0.00, 0.0,  0.0,  0.0
2857685.69195110, 0.2150,  44854.410559, 19.468,   0.0,    2.0, -2.0, 0.00,  0.00,  0.00, 0.0,  0.0,  0.0
2857685.69445110, 0.2175,  44854.059127, 19.468,   0.0,    2.0, -2.0, 0.00,  0.00,  0.00, 0.0,  0.0,  0.0
2857685.69695110, 0.2200,  44852.723910, 19.468,   0.0,    2.0, -2.0, 0.00,  0.00,  0.00, 0.0,  0.0,  0.0
2857685.69945110, 0.2225,  44851.804265, 19.468,   0.0,    2.0, -2.0, 0.00,  0.00,  0.00, 0.0,  0.0,  0.0
2857685.70195110, 0.2250,  44850.161921, 19.468,   0.0,    2.0, -2.0, 0.00,  0.00,  0.00, 0.0,  0.0,  0.0
2857685.70445110, 0.2275,  44851.395058, 19.468,   0.0,    2.0, -2.0, 0.00,  0.00,  0.00, 0.0,  0.0,  0.0
2857685.70695110, 0.2300,  44853.678961, 19.468,   0.0,    2.0, -2.0, 0.00,  0.00,  0.00, 0.0,  0.0,  0.0
2857685.70945110, 0.2325,  44854.013670, 19.468,   0.0,    2.0, -2.0, 0.00,  0.00,  0.00, 0.0,  0.0,  0.0
2857685.71195110, 0.2350,  44854.348379, 19.468,   0.0,    2.0, -2.0, 0.00,  0.00,  0.00, 0.0,  0.0,  0.0
2857685.71445110, 0.2375,  44854.683088, 19.468,   0.0,    2.0, -2.0, 0.00,  0.00,  0.00, 0.0,  0.0,  0.0
2857685.71695110, 0.2400,  44852.459234, 19.468,   0.0,    2.0, -2.0, 0.00,  0.00,  0.00, 0.0,  0.0,  0.0
2857685.71945110, 0.2425,  44851.935638, 19.468,   0.0,    2.0, -2.0, 0.00,  0.00,  0.00, 0.0,  0.0,  0.0
2857685.72195110, 0.2450,  44851.711653, 19.468,   0.0,    2.0, -2.0, 0.00,  0.00,  0.00, 0.0,  0.0,  0.0
2857685.72445110, 0.2475,  44851.612589, 19.468,   0.0,    2.0, -2.0, 0.00,  0.00,  0.00, 0.0,  0.0,  0.0
2857685.72695110, 0.2500,  44853.733217, 19.468,   0.0,    2.0, -2.0, 0.00,  0.00,  0.00, 0.0,  0.0,  0.0
2857685.72945110, 0.2525,  44853.994704, 19.468,   0.0,    2.0, -2.0, 0.00,  0.00,  0.00, 0.0,  0.0,  0.0
2857685.73195110, 0.2550,  44854.255520, 19.468,   0.0,    2.0, -2.0, 0.00,  0.00,  0.00, 0.0,  0.0,  0.0
2857685.73445110, 0.2575,  44854.263344, 19.468,   0.0,    2.0, -2.0, 0.00,  0.00,  0.00, 0.0,  0.0,  0.0
2857685.73695110, 0.2600,  44853.408977, 19.468,   0.0,    2.0, -2.0, 0.00,  0.00,  0.00, 0.0,  0.0,  0.0
2857685.73945110, 0.2625,  44852.503900, 19.468,   0.0,    2.0, -2.0, 0.00,  0.00,  0.00, 0.0,  0.0,  0.0
2857685.74195110, 0.2650,  44851.671576, 19.468,   0.0,    2.0, -2.0, 0.00,  0.00,  0.00, 0.0,  0.0,  0.0
2857685.74445110, 0.2675,  44850.839252, 19.468,   0.0,    2.0, -2.0, 0.00,  0.00,  0.00, 0.0,  0.0,  0.0
2857685.74695110, 0.2700,  44852.075416, 19.468,   0.0,    2.0, -2.0, 0.00,  0.00,  0.00, 0.0,  0.0,  0.0
2857685.74945110, 0.2725,  44853.882552, 19.468,   0.0,    2.0, -2.0, 0.00,  0.00,  0.00, 0.0,  0.0,  0.0
2857685.75195110, 0.2750,  44854.250922, 19.468,   0.0,    2.0, -2.0, 0.00,  0.00,  0.00, 0.0,  0.0,  0.0
2857685.75445110, 0.2775,  44854.549357, 19.468,   0.0,    2.0, -2.0, 0.00,  0.00,  0.00, 0.0,  0.0,  0.0
2857685.75695110, 0.2800,  44853.513652, 19.468,   0.0,    2.0, -2.0, 0.00,  0.00,  0.00, 0.0,  0.0,  0.0
2857685.75945110, 0.2825,  44851.763975, 19.468,   0.0,    2.0, -2.0, 0.00,  0.00,  0.00, 0.0,  0.0,  0.0
2857685.76195110, 0.2850,  44850.423024, 19.468,   0.0,    2.0, -2.0, 0.00,  0.00,  0.00, 0.0,  0.0,  0.0
2857685.76445110, 0.2875,  44851.136167, 19.468,   0.0,    2.0, -2.0, 0.00,  0.00,  0.00, 0.0,  0.0,  0.0
2857685.76695110, 0.2900,  44853.476678, 19.468,   0.0,    2.0, -2.0, 0.00,  0.00,  0.00, 0.0,  0.0,  0.0
2857685.76945110, 0.2925,  44854.218603, 19.468,   0.0,    2.0, -2.0, 0.00,  0.00,  0.00, 0.0,  0.0,  0.0
2857685.77195110, 0.2950,  44854.574012, 19.468,   0.0,    2.0, -2.0, 0.00,  0.00,  0.00, 0.0,  0.0,  0.0
2857685.77445110, 0.2975,  44853.863234, 19.468,   0.0,    2.0, -2.0, 0.00,  0.00,  0.00, 0.0,  0.0,  0.0
2857685.77695110, 0.3000,  44852.447030, 19.468,   0.0,    2.0, -2.0, 0.00,  0.00,  0.00, 0.0,  0.0,  0.0
2857685.77945110, 0.3025,  44852.035546, 19.468,   0.0,    2.0, -2.0, 0.00,  0.00,  0.00, 0.0,  0.0,  0.0
2857685.78195110, 0.3050,  44851.624062, 19.468,   0.0,    2.0, -2.0, 0.00,  0.00,  0.00, 0.0,  0.0,  0.0
2857685.78445110, 0.3075,  44852.186952, 19.468,   0.0,    2.0, -2.0, 0.00,  0.00,  0.00, 0.0,  0.0,  0.0
2857685.78695110, 0.3100,  44853.338422, 19.468,   0.0,    2.0, -2.0, 0.00,  0.00,  0.00, 0.0,  0.0,  0.0
2857685.78945110, 0.3125,  44853.338422, 19.468,   0.0,    2.0, -2.0, 0.00,  0.00,  0.00, 0.0,  0.0,  0.0
2857685.79195110, 0.3150,  44853.367205, 19.468,   0.0,    2.0, -2.0, 0.00,  0.00,  0.00, 0.0,  0.0,  0.0
2857685.79445110, 0.3175,  44853.644285, 19.468,   0.0,    2.0, -2.0, 0.00,  0.00,  0.00, 0.0,  0.0,  0.0
2857685.79695110, 0.3200,  44853.921365, 19.468,   0.0,    2.0, -2.0, 0.00,  0.00,  0.00, 0.0,  0.0,  0.0
2857685.79945110, 0.3225,  44851.967906, 19.468,   0.0,    2.0, -2.0, 0.00,  0.00,  0.00, 0.0,  0.0,  0.0
2857685.80195110, 0.3250,  44850.367281, 19.468,   0.0,    2.0, -2.0, 0.00,  0.00,  0.00, 0.0,  0.0,  0.0
2857685.80445110, 0.3275,  44850.460007, 19.468,   0.0,    2.0, -2.0, 0.00,  0.00,  0.00, 0.0,  0.0,  0.0
2857685.80695110, 0.3300,  44850.742926, 19.468,   0.0,    2.0, -2.0, 0.00,  0.00,  0.00, 0.0,  0.0,  0.0
2857685.80945110, 0.3325,  44851.025844, 19.468,   0.0,    2.0, -2.0, 0.00,  0.00,  0.00, 0.0,  0.0,  0.0
2857685.81195110, 0.3350,  44851.438144, 19.468,   0.0,    2.0, -2.0, 0.00,  0.00,  0.00, 0.0,  0.0,  0.0
2857685.81445110, 0.3375,  44852.808305, 19.468,   0.0,    2.0, -2.0, 0.00,  0.00,  0.00, 0.0,  0.0,  0.0
2857685.81695110, 0.3400,  44853.461031, 19.468,   0.0,    2.0, -2.0, 0.00,  0.00,  0.00, 0.0,  0.0,  0.0
2857685.81945110, 0.3425,  44853.176739, 19.468,   0.0,    2.0, -2.0, 0.00,  0.00,  0.00, 0.0,  0.0,  0.0
2857685.82195110, 0.3450,  44852.892448, 19.468,   0.0,    2.0, -2.0, 0.00,  0.00,  0.00, 0.0,  0.0,  0.0
2857685.82445110, 0.3475,  44852.608157, 19.468,   0.0,    2.0, -2.0, 0.00,  0.00,  0.00, 0.0,  0.0,  0.0
2857685.82695110, 0.3500,  44852.912320, 19.468,   0.0,    2.0, -2.0, 0.00,  0.00,  0.00, 0.0,  0.0,  0.0
2857685.82945110, 0.3525,  44854.386292, 19.468,   0.0,    2.0, -2.0, 0.00,  0.00,  0.00, 0.0,  0.0,  0.0
2857685.83195110, 0.3550,  44854.587142, 19.468,   0.0,    2.0, -2.0, 0.00,  0.00,  0.00, 0.0,  0.0,  0.0
2857685.83695110, 0.3600,  44852.856519, 19.468,   0.0,    2.0, -2.0, 0.00,  0.00,  0.00, 0.0,  0.0,  0.0
2857685.83945110, 0.3625,  44851.960762, 19.468,   0.0,    2.0, -2.0, 0.00,  0.00,  0.00, 0.0,  0.0,  0.0
2857685.84195110, 0.3650,  44851.457497, 19.468,   0.0,    2.0, -2.0, 0.00,  0.00,  0.00, 0.0,  0.0,  0.0
2857685.84445110, 0.3675,  44851.699799, 19.468,   0.0,    2.0, -2.0, 0.00,  0.00,  0.00, 0.0,  0.0,  0.0
2857685.84695110, 0.3700,  44852.761491, 19.468,   0.0,    2.0, -2.0, 0.00,  0.00,  0.00, 0.0,  0.0,  0.0
2857685.84945110, 0.3725,  44853.888532, 19.468,   0.0,    2.0, -2.0, 0.00,  0.00,  0.00, 0.0,  0.0,  0.0
2857685.85195110, 0.3750,  44854.482338, 19.468,   0.0,    2.0, -2.0, 0.00,  0.00,  0.00, 0.0,  0.0,  0.0
2857685.85445110, 0.3775,  44854.156349, 19.468,   0.0,    2.0, -2.0, 0.00,  0.00,  0.00, 0.0,  0.0,  0.0
2857685.85695110, 0.3800,  44853.166365, 19.468,   0.0,    2.0, -2.0, 0.00,  0.00,  0.00, 0.0,  0.0,  0.0
2857685.85945110, 0.3825,  44851.753524, 19.468,   0.0,    2.0, -2.0, 0.00,  0.00,  0.00, 0.0,  0.0,  0.0
2857685.86195110, 0.3850,  44850.525482, 19.468,   0.0,    2.0, -2.0, 0.00,  0.00,  0.00, 0.0,  0.0,  0.0
2857685.86445110, 0.3875,  44851.622619, 19.468,   0.0,    2.0, -2.0, 0.00,  0.00,  0.00, 0.0,  0.0,  0.0
2857685.86695110, 0.3900,  44852.282879, 19.468,   0.0,    2.0, -2.0, 0.00,  0.00,  0.00, 0.0,  0.0,  0.0
2857685.86945110, 0.3925,  44852.903720, 19.468,   0.0,    2.0, -2.0, 0.00,  0.00,  0.00, 0.0,  0.0,  0.0
2857685.87195110, 0.3950,  44853.524561, 19.468,   0.0,    2.0, -2.0, 0.00,  0.00,  0.00, 0.0,  0.0,  0.0
2857685.87445110, 0.3975,  44853.793908, 19.468,   0.0,    2.0, -2.0, 0.00,  0.00,  0.00, 0.0,  0.0,  0.0
2857685.87695110, 0.4000,  44853.433109, 19.468,   0.0,    2.0, -2.0, 0.00,  0.00,  0.00, 0.0,  0.0,  0.0
2857685.87945110, 0.4025,  44853.033180, 19.468,   0.0,    2.0, -2.0, 0.00,  0.00,  0.00, 0.0,  0.0,  0.0
2857685.88195110, 0.4050,  44852.249923, 19.468,   0.0,    2.0, -2.0, 0.00,  0.00,  0.00, 0.0,  0.0,  0.0
2857685.88445110, 0.4075,  44850.891482, 19.468,   0.0,    2.0, -2.0, 0.00,  0.00,  0.00, 0.0,  0.0,  0.0
2857685.88695110, 0.4100,  44852.615953, 19.468,   0.0,    2.0, -2.0, 0.00,  0.00,  0.00, 0.0,  0.0,  0.0
2857685.88945110, 0.4125,  44853.809835, 19.468,   0.0,    2.0, -2.0, 0.00,  0.00,  0.00, 0.0,  0.0,  0.0
2857685.89195110, 0.4150,  44854.242906, 19.468,   0.0,    2.0, -2.0, 0.00,  0.00,  0.00, 0.0,  0.0,  0.0
2857685.89445110, 0.4175,  44854.034731, 19.468,   0.0,    2.0, -2.0, 0.00,  0.00,  0.00, 0.0,  0.0,  0.0
2857685.89695110, 0.4200,  44853.707481, 19.468,   0.0,    2.0, -2.0, 0.00,  0.00,  0.00, 0.0,  0.0,  0.0
2857685.89945110, 0.4225,  44852.805223, 19.468,   0.0,    2.0, -2.0, 0.00,  0.00,  0.00, 0.0,  0.0,  0.0
2857685.90195110, 0.4250,  44851.902965, 19.468,   0.0,    2.0, -2.0, 0.00,  0.00,  0.00, 0.0,  0.0,  0.0
2857685.90445110, 0.4275,  44851.454583, 19.468,   0.0,    2.0, -2.0, 0.00,  0.00,  0.00, 0.0,  0.0,  0.0
2857685.90695110, 0.4300,  44852.380265, 19.468,   0.0,    2.0, -2.0, 0.00,  0.00,  0.00, 0.0,  0.0,  0.0
2857685.90945110, 0.4325,  44853.348703, 19.468,   0.0,    2.0, -2.0, 0.00,  0.00,  0.00, 0.0,  0.0,  0.0
2857685.91195110, 0.4350,  44853.835143, 19.468,   0.0,    2.0, -2.0, 0.00,  0.00,  0.00, 0.0,  0.0,  0.0
2857685.91445110, 0.4375,  44854.094175, 19.468,   0.0,    2.0, -2.0, 0.00,  0.00,  0.00, 0.0,  0.0,  0.0
2857685.91695110, 0.4400,  44854.353207, 19.468,   0.0,    2.0, -2.0, 0.00,  0.00,  0.00, 0.0,  0.0,  0.0
2857685.91945110, 0.4425,  44851.952976, 19.468,   0.0,    2.0, -2.0, 0.00,  0.00,  0.00, 0.0,  0.0,  0.0
2857685.92195110, 0.4450,  44850.448711, 19.468,   0.0,    2.0, -2.0, 0.00,  0.00,  0.00, 0.0,  0.0,  0.0
2857685.92445110, 0.4475,  44850.659108, 19.468,   0.0,    2.0, -2.0, 0.00,  0.00,  0.00, 0.0,  0.0,  0.0
2857685.92695110, 0.4500,  44851.443194, 19.468,   0.0,    2.0, -2.0, 0.00,  0.00,  0.00, 0.0,  0.0,  0.0
2857685.92945110, 0.4525,  44853.459700, 19.468,   0.0,    2.0, -2.0, 0.00,  0.00,  0.00, 0.0,  0.0,  0.0
2857685.93195110, 0.4550,  44854.650490, 19.468,   0.0,    2.0, -2.0, 0.00,  0.00,  0.00, 0.0,  0.0,  0.0
2857685.93445110, 0.4575,  44854.643379, 19.468,   0.0,    2.0, -2.0, 0.00,  0.00,  0.00, 0.0,  0.0,  0.0
2857685.93695110, 0.4600,  44853.120291, 19.468,   0.0,    2.0, -2.0, 0.00,  0.00,  0.00, 0.0,  0.0,  0.0
2857685.93945110, 0.4625,  44852.368577, 19.468,   0.0,    2.0, -2.0, 0.00,  0.00,  0.00, 0.0,  0.0,  0.0
2857685.94195110, 0.4650,  44852.027207, 19.468,   0.0,    2.0, -2.0, 0.00,  0.00,  0.00, 0.0,  0.0,  0.0
2857685.94445110, 0.4675,  44851.774261, 19.468,   0.0,    2.0, -2.0, 0.00,  0.00,  0.00, 0.0,  0.0,  0.0
2857685.94695110, 0.4700,  44851.521315, 19.468,   0.0,    2.0, -2.0, 0.00,  0.00,  0.00, 0.0,  0.0,  0.0
2857685.94945110, 0.4725,  44852.480143, 19.468,   0.0,    2.0, -2.0, 0.00,  0.00,  0.00, 0.0,  0.0,  0.0
2857685.95195110, 0.4750,  44854.514411, 19.468,   0.0,    2.0, -2.0, 0.00,  0.00,  0.00, 0.0,  0.0,  0.0
2857685.95445110, 0.4775,  44854.299580, 19.468,   0.0,    2.0, -2.0, 0.00,  0.00,  0.00, 0.0,  0.0,  0.0
2857685.95695110, 0.4800,  44852.781030, 19.468,   0.0,    2.0, -2.0, 0.00,  0.00,  0.00, 0.0,  0.0,  0.0
2857685.95945110, 0.4825,  44852.056114, 19.468,   0.0,    2.0, -2.0, 0.00,  0.00,  0.00, 0.0,  0.0,  0.0
2857685.96195110, 0.4850,  44851.358052, 19.468,   0.0,    2.0, -2.0, 0.00,  0.00,  0.00, 0.0,  0.0,  0.0
2857685.96445110, 0.4875,  44850.667011, 19.468,   0.0,    2.0, -2.0, 0.00,  0.00,  0.00, 0.0,  0.0,  0.0
2857685.96695110, 0.4900,  44851.129003, 19.468,   0.0,    2.0, -2.0, 0.00,  0.00,  0.00, 0.0,  0.0,  0.0
2857685.96945110, 0.4925,  44852.112130, 19.468,   0.0,    2.0, -2.0, 0.00,  0.00,  0.00, 0.0,  0.0,  0.0
2857685.97195110, 0.4950,  44853.079706, 19.468,   0.0,    2.0, -2.0, 0.00,  0.00,  0.00, 0.0,  0.0,  0.0
2857685.97445110, 0.4975,  44853.908308, 19.468,   0.0,    2.0, -2.0, 0.00,  0.00,  0.00, 0.0,  0.0,  0.0
2857685.97695110, 0.5000,  44852.688946, 19.468,   0.0,    2.0, -2.0, 0.00,  0.00,  0.00, 0.0,  0.0,  0.0
2857685.97945110, 0.5025,  44851.895213, 19.468,   0.0,    2.0, -2.0, 0.00,  0.00,  0.00, 0.0,  0.0,  0.0
2857685.98195110, 0.5050,  44851.357015, 19.468,   0.0,    2.0, -2.0, 0.00,  0.00,  0.00, 0.0,  0.0,  0.0
2857685.98445110, 0.5075,  44850.873081, 19.468,   0.0,    2.0, -2.0, 0.00,  0.00,  0.00, 0.0,  0.0,  0.0
2857685.98695110, 0.5100,  44850.389147, 19.468,   0.0,    2.0, -2.0, 0.00,  0.00,  0.00, 0.0,  0.0,  0.0
2857685.98945110, 0.5125,  44853.538408, 19.468,   0.0,    2.0, -2.0, 0.00,  0.00,  0.00, 0.0,  0.0,  0.0
2857685.99195110, 0.5150,  44854.502297, 19.468,   0.0,    2.0, -2.0, 0.00,  0.00,  0.00, 0.0,  0.0,  0.0
2857685.99445110, 0.5175,  44854.574687, 19.468,   0.0,    2.0, -2.0, 0.00,  0.00,  0.00, 0.0,  0.0,  0.0
2857685.99695110, 0.5200,  44854.647077, 19.468,   0.0,    2.0, -2.0, 0.00,  0.00,  0.00, 0.0,  0.0,  0.0
2857685.99945110, 0.5225,  44853.449532, 19.468,   0.0,    2.0, -2.0, 0.00,  0.00,  0.00, 0.0,  0.0,  0.0
2857686.00195110, 0.5250,  44851.465011, 19.468,   0.0,    2.0, -2.0, 0.00,  0.00,  0.00, 0.0,  0.0,  0.0
2857686.00445110, 0.5275,  44850.590003, 19.468,   0.0,    2.0, -2.0, 0.00,  0.00,  0.00, 0.0,  0.0,  0.0
2857686.00695110, 0.5300,  44852.359426, 19.468,   0.0,    2.0, -2.0, 0.00,  0.00,  0.00, 0.0,  0.0,  0.0
2857686.00945110, 0.5325,  44853.826389, 19.468,   0.0,    2.0, -2.0, 0.00,  0.00,  0.00, 0.0,  0.0,  0.0
2857686.01195110, 0.5350,  44854.202754, 19.468,   0.0,    2.0, -2.0, 0.00,  0.00,  0.00, 0.0,  0.0,  0.0
2857686.01445110, 0.5375,  44854.386141, 19.468,   0.0,    2.0, -2.0, 0.00,  0.00,  0.00, 0.0,  0.0,  0.0
2857686.01695110, 0.5400,  44853.086182, 19.468,   0.0,    2.0, -2.0, 0.00,  0.00,  0.00, 0.0,  0.0,  0.0
2857686.01945110, 0.5425,  44851.384695, 19.468,   0.0,    2.0, -2.0, 0.00,  0.00,  0.00, 0.0,  0.0,  0.0
2857686.02195110, 0.5450,  44850.248778, 19.468,   0.0,    2.0, -2.0, 0.00,  0.00,  0.00, 0.0,  0.0,  0.0
2857686.02445110, 0.5475,  44850.248778, 19.468,   0.0,    2.0, -2.0, 0.00,  0.00,  0.00, 0.0,  0.0,  0.0
2857686.02695110, 0.5500,  44850.248778, 19.468,   0.0,    2.0, -2.0, 0.00,  0.00,  0.00, 0.0,  0.0,  0.0
2857686.02945110, 0.5525,  44850.248778, 19.468,   0.0,    2.0, -2.0, 0.00,  0.00,  0.00, 0.0,  0.0,  0.0
2857686.03195110, 0.5550,  44850.248778, 19.468,   0.0,    2.0, -2.0, 0.00,  0.00,  0.00, 0.0,  0.0,  0.0
2857686.03445110, 0.5575,  44850.248778, 19.468,   0.0,    2.0, -2.0, 0.00,  0.00,  0.00, 0.0,  0.0,  0.0
2857686.03695110, 0.5600,  44851.984809, 19.468,   0.0,    2.0, -2.0, 0.00,  0.00,  0.00, 0.0,  0.0,  0.0
2857686.03945110, 0.5625,  44851.895665, 19.468,   0.0,    2.0, -2.0, 0.00,  0.00,  0.00, 0.0,  0.0,  0.0
2857686.04195110, 0.5650,  44850.502398, 19.468,   0.0,    2.0, -2.0, 0.00,  0.00,  0.00, 0.0,  0.0,  0.0
2857686.04445110, 0.5675,  44851.981416, 19.468,   0.0,    2.0, -2.0, 0.00,  0.00,  0.00, 0.0,  0.0,  0.0
2857686.04695110, 0.5700,  44853.588819, 19.468,   0.0,    2.0, -2.0, 0.00,  0.00,  0.00, 0.0,  0.0,  0.0
2857686.04945110, 0.5725,  44853.899658, 19.468,   0.0,    2.0, -2.0, 0.00,  0.00,  0.00, 0.0,  0.0,  0.0
2857686.05195110, 0.5750,  44854.210497, 19.468,   0.0,    2.0, -2.0, 0.00,  0.00,  0.00, 0.0,  0.0,  0.0
2857686.05445110, 0.5775,  44854.492408, 19.468,   0.0,    2.0, -2.0, 0.00,  0.00,  0.00, 0.0,  0.0,  0.0
2857686.05695110, 0.5800,  44853.504850, 19.468,   0.0,    2.0, -2.0, 0.00,  0.00,  0.00, 0.0,  0.0,  0.0
2857686.05945110, 0.5825,  44852.517291, 19.468,   0.0,    2.0, -2.0, 0.00,  0.00,  0.00, 0.0,  0.0,  0.0
2857686.06195110, 0.5850,  44850.798672, 19.468,   0.0,    2.0, -2.0, 0.00,  0.00,  0.00, 0.0,  0.0,  0.0
2857686.06445110, 0.5875,  44850.782427, 19.468,   0.0,    2.0, -2.0, 0.00,  0.00,  0.00, 0.0,  0.0,  0.0
2857686.06695110, 0.5900,  44851.374141, 19.468,   0.0,    2.0, -2.0, 0.00,  0.00,  0.00, 0.0,  0.0,  0.0
2857686.06945110, 0.5925,  44852.745409, 19.468,   0.0,    2.0, -2.0, 0.00,  0.00,  0.00, 0.0,  0.0,  0.0
2857686.07195110, 0.5950,  44854.116677, 19.468,   0.0,    2.0, -2.0, 0.00,  0.00,  0.00, 0.0,  0.0,  0.0
2857686.07445110, 0.5975,  44853.599408, 19.468,   0.0,    2.0, -2.0, 0.00,  0.00,  0.00, 0.0,  0.0,  0.0
2857686.07695110, 0.6000,  44852.607311, 19.468,   0.0,    2.0, -2.0, 0.00,  0.00,  0.00, 0.0,  0.0,  0.0
2857686.07945110, 0.6025,  44852.116222, 19.468,   0.0,    2.0, -2.0, 0.00,  0.00,  0.00, 0.0,  0.0,  0.0
2857686.08195110, 0.6050,  44851.436893, 19.468,   0.0,    2.0, -2.0, 0.00,  0.00,  0.00, 0.0,  0.0,  0.0
2857686.08445110, 0.6075,  44850.628583, 19.468,   0.0,    2.0, -2.0, 0.00,  0.00,  0.00, 0.0,  0.0,  0.0
2857686.08695110, 0.6100,  44852.753475, 19.468,   0.0,    2.0, -2.0, 0.00,  0.00,  0.00, 0.0,  0.0,  0.0
2857686.08945110, 0.6125,  44853.865839, 19.468,   0.0,    2.0, -2.0, 0.00,  0.00,  0.00, 0.0,  0.0,  0.0
2857686.09195110, 0.6150,  44854.316391, 19.468,   0.0,    2.0, -2.0, 0.00,  0.00,  0.00, 0.0,  0.0,  0.0
2857686.09445110, 0.6175,  44854.214533, 19.468,   0.0,    2.0, -2.0, 0.00,  0.00,  0.00, 0.0,  0.0,  0.0
2857686.09695110, 0.6200,  44854.112675, 19.468,   0.0,    2.0, -2.0, 0.00,  0.00,  0.00, 0.0,  0.0,  0.0
2857686.10195110, 0.6250,  44850.173942, 19.468,   0.0,    2.0, -2.0, 0.00,  0.00,  0.00, 0.0,  0.0,  0.0
2857686.10445110, 0.6275,  44850.703170, 19.468,   0.0,    2.0, -2.0, 0.00,  0.00,  0.00, 0.0,  0.0,  0.0
2857686.10695110, 0.6300,  44852.379002, 19.468,   0.0,    2.0, -2.0, 0.00,  0.00,  0.00, 0.0,  0.0,  0.0
2857686.10945110, 0.6325,  44853.628371, 19.468,   0.0,    2.0, -2.0, 0.00,  0.00,  0.00, 0.0,  0.0,  0.0
2857686.11195110, 0.6350,  44854.600606, 19.468,   0.0,    2.0, -2.0, 0.00,  0.00,  0.00, 0.0,  0.0,  0.0
2857686.11445110, 0.6375,  44854.312377, 19.468,   0.0,    2.0, -2.0, 0.00,  0.00,  0.00, 0.0,  0.0,  0.0
2857686.11695110, 0.6400,  44853.162011, 19.468,   0.0,    2.0, -2.0, 0.00,  0.00,  0.00, 0.0,  0.0,  0.0
2857686.11945110, 0.6425,  44852.858010, 19.468,   0.0,    2.0, -2.0, 0.00,  0.00,  0.00, 0.0,  0.0,  0.0
2857686.12195110, 0.6450,  44852.554010, 19.468,   0.0,    2.0, -2.0, 0.00,  0.00,  0.00, 0.0,  0.0,  0.0
2857686.12445110, 0.6475,  44852.250009, 19.468,   0.0,    2.0, -2.0, 0.00,  0.00,  0.00, 0.0,  0.0,  0.0
2857686.12695110, 0.6500,  44852.344319, 19.468,   0.0,    2.0, -2.0, 0.00,  0.00,  0.00, 0.0,  0.0,  0.0
2857686.12945110, 0.6525,  44854.357049, 19.468,   0.0,    2.0, -2.0, 0.00,  0.00,  0.00, 0.0,  0.0,  0.0
2857686.13195110, 0.6550,  44854.621319, 19.468,   0.0,    2.0, -2.0, 0.00,  0.00,  0.00, 0.0,  0.0,  0.0
2857686.13445110, 0.6575,  44854.158114, 19.468,   0.0,    2.0, -2.0, 0.00,  0.00,  0.00, 0.0,  0.0,  0.0
2857686.13695110, 0.6600,  44852.774768, 19.468,   0.0,    2.0, -2.0, 0.00,  0.00,  0.00, 0.0,  0.0,  0.0
2857686.13945110, 0.6625,  44852.044502, 19.468,   0.0,    2.0, -2.0, 0.00,  0.00,  0.00, 0.0,  0.0,  0.0
2857686.14195110, 0.6650,  44851.613182, 19.468,   0.0,    2.0, -2.0, 0.00,  0.00,  0.00, 0.0,  0.0,  0.0
2857686.14445110, 0.6675,  44851.191891, 19.468,   0.0,    2.0, -2.0, 0.00,  0.00,  0.00, 0.0,  0.0,  0.0
2857686.14695110, 0.6700,  44851.660741, 19.468,   0.0,    2.0, -2.0, 0.00,  0.00,  0.00, 0.0,  0.0,  0.0
2857686.14945110, 0.6725,  44852.579590, 19.468,   0.0,    2.0, -2.0, 0.00,  0.00,  0.00, 0.0,  0.0,  0.0
2857686.15195110, 0.6750,  44853.394085, 19.468,   0.0,    2.0, -2.0, 0.00,  0.00,  0.00, 0.0,  0.0,  0.0
2857686.15445110, 0.6775,  44854.070318, 19.468,   0.0,    2.0, -2.0, 0.00,  0.00,  0.00, 0.0,  0.0,  0.0
2857686.15695110, 0.6800,  44853.638340, 19.468,   0.0,    2.0, -2.0, 0.00,  0.00,  0.00, 0.0,  0.0,  0.0
2857686.15945110, 0.6825,  44853.140670, 19.468,   0.0,    2.0, -2.0, 0.00,  0.00,  0.00, 0.0,  0.0,  0.0
2857686.16195110, 0.6850,  44852.332692, 19.468,   0.0,    2.0, -2.0, 0.00,  0.00,  0.00, 0.0,  0.0,  0.0
2857686.16445110, 0.6875,  44851.148740, 19.468,   0.0,    2.0, -2.0, 0.00,  0.00,  0.00, 0.0,  0.0,  0.0
2857686.16695110, 0.6900,  44852.598659, 19.468,   0.0,    2.0, -2.0, 0.00,  0.00,  0.00, 0.0,  0.0,  0.0
2857686.16945110, 0.6925,  44853.757650, 19.468,   0.0,    2.0, -2.0, 0.00,  0.00,  0.00, 0.0,  0.0,  0.0
2857686.17195110, 0.6950,  44854.192887, 19.468,   0.0,    2.0, -2.0, 0.00,  0.00,  0.00, 0.0,  0.0,  0.0
2857686.17445110, 0.6975,  44854.168636, 19.468,   0.0,    2.0, -2.0, 0.00,  0.00,  0.00, 0.0,  0.0,  0.0
2857686.17695110, 0.7000,  44854.131926, 19.468,   0.0,    2.0, -2.0, 0.00,  0.00,  0.00, 0.0,  0.0,  0.0
2857686.17945110, 0.7025,  44854.095216, 19.468,   0.0,    2.0, -2.0, 0.00,  0.00,  0.00, 0.0,  0.0,  0.0
2857686.18195110, 0.7050,  44853.410971, 19.468,   0.0,    2.0, -2.0, 0.00,  0.00,  0.00, 0.0,  0.0,  0.0
2857686.18445110, 0.7075,  44851.793227, 19.468,   0.0,    2.0, -2.0, 0.00,  0.00,  0.00, 0.0,  0.0,  0.0
2857686.18695110, 0.7100,  44852.877612, 19.468,   0.0,    2.0, -2.0, 0.00,  0.00,  0.00, 0.0,  0.0,  0.0
2857686.18945110, 0.7125,  44853.693185, 19.468,   0.0,    2.0, -2.0, 0.00,  0.00,  0.00, 0.0,  0.0,  0.0
2857686.19195110, 0.7150,  44853.934156, 19.468,   0.0,    2.0, -2.0, 0.00,  0.00,  0.00, 0.0,  0.0,  0.0
2857686.19445110, 0.7175,  44854.175127, 19.468,   0.0,    2.0, -2.0, 0.00,  0.00,  0.00, 0.0,  0.0,  0.0
2857686.19695110, 0.7200,  44854.416098, 19.468,   0.0,    2.0, -2.0, 0.00,  0.00,  0.00, 0.0,  0.0,  0.0
2857686.19945110, 0.7225,  44853.928595, 19.468,   0.0,    2.0, -2.0, 0.00,  0.00,  0.00, 0.0,  0.0,  0.0
2857686.20195110, 0.7250,  44850.375924, 19.468,   0.0,    2.0, -2.0, 0.00,  0.00,  0.00, 0.0,  0.0,  0.0
2857686.20445110, 0.7275,  44850.655134, 19.468,   0.0,    2.0, -2.0, 0.00,  0.00,  0.00, 0.0,  0.0,  0.0
2857686.20695110, 0.7300,  44851.456811, 19.468,   0.0,    2.0, -2.0, 0.00,  0.00,  0.00, 0.0,  0.0,  0.0
2857686.20945110, 0.7325,  44854.251052, 19.468,   0.0,    2.0, -2.0, 0.00,  0.00,  0.00, 0.0,  0.0,  0.0
2857686.21195110, 0.7350,  44854.465285, 19.468,   0.0,    2.0, -2.0, 0.00,  0.00,  0.00, 0.0,  0.0,  0.0
2857686.21445110, 0.7375,  44853.929747, 19.468,   0.0,    2.0, -2.0, 0.00,  0.00,  0.00, 0.0,  0.0,  0.0
2857686.21695110, 0.7400,  44852.856378, 19.468,   0.0,    2.0, -2.0, 0.00,  0.00,  0.00, 0.0,  0.0,  0.0
2857686.21945110, 0.7425,  44852.341166, 19.468,   0.0,    2.0, -2.0, 0.00,  0.00,  0.00, 0.0,  0.0,  0.0
2857686.22195110, 0.7450,  44851.878681, 19.468,   0.0,    2.0, -2.0, 0.00,  0.00,  0.00, 0.0,  0.0,  0.0
2857686.22445110, 0.7475,  44851.584931, 19.468,   0.0,    2.0, -2.0, 0.00,  0.00,  0.00, 0.0,  0.0,  0.0
2857686.22695110, 0.7500,  44851.291181, 19.468,   0.0,    2.0, -2.0, 0.00,  0.00,  0.00, 0.0,  0.0,  0.0
2857686.22945110, 0.7525,  44850.997430, 19.468,   0.0,    2.0, -2.0, 0.00,  0.00,  0.00, 0.0,  0.0,  0.0
2857686.23195110, 0.7550,  44853.492359, 19.468,   0.0,    2.0, -2.0, 0.00,  0.00,  0.00, 0.0,  0.0,  0.0
2857686.23445110, 0.7575,  44854.033948, 19.468,   0.0,    2.0, -2.0, 0.00,  0.00,  0.00, 0.0,  0.0,  0.0
2857686.23695110, 0.7600,  44852.726655, 19.468,   0.0,    2.0, -2.0, 0.00,  0.00,  0.00, 0.0,  0.0,  0.0
2857686.23945110, 0.7625,  44852.098002, 19.468,   0.0,    2.0, -2.0, 0.00,  0.00,  0.00, 0.0,  0.0,  0.0
2857686.24195110, 0.7650,  44850.927458, 19.468,   0.0,    2.0, -2.0, 0.00,  0.00,  0.00, 0.0,  0.0,  0.0
2857686.24445110, 0.7675,  44851.299465, 19.468,   0.0,    2.0, -2.0, 0.00,  0.00,  0.00, 0.0,  0.0,  0.0
2857686.24695110, 0.7700,  44852.628524, 19.468,   0.0,    2.0, -2.0, 0.00,  0.00,  0.00, 0.0,  0.0,  0.0
2857686.24945110, 0.7725,  44853.554721, 19.468,   0.0,    2.0, -2.0, 0.00,  0.00,  0.00, 0.0,  0.0,  0.0
2857686.25195110, 0.7750,  44854.074886, 19.468,   0.0,    2.0, -2.0, 0.00,  0.00,  0.00, 0.0,  0.0,  0.0
2857686.25445110, 0.7775,  44853.817843, 19.468,   0.0,    2.0, -2.0, 0.00,  0.00,  0.00, 0.0,  0.0,  0.0
2857686.25695110, 0.7800,  44852.729046, 19.468,   0.0,    2.0, -2.0, 0.00,  0.00,  0.00, 0.0,  0.0,  0.0
2857686.25945110, 0.7825,  44852.729046, 19.468,   0.0,    2.0, -2.0, 0.00,  0.00,  0.00, 0.0,  0.0,  0.0
2857686.26195110, 0.7850,  44850.530915, 19.468,   0.0,    2.0, -2.0, 0.00,  0.00,  0.00, 0.0,  0.0,  0.0
2857686.26445110, 0.7875,  44850.558562, 19.468,   0.0,    2.0, -2.0, 0.00,  0.00,  0.00, 0.0,  0.0,  0.0
2857686.26695110, 0.7900,  44851.113764, 19.468,   0.0,    2.0, -2.0, 0.00,  0.00,  0.00, 0.0,  0.0,  0.0
2857686.26945110, 0.7925,  44854.017602, 19.468,   0.0,    2.0, -2.0, 0.00,  0.00,  0.00, 0.0,  0.0,  0.0
2857686.27195110, 0.7950,  44854.722037, 19.468,   0.0,    2.0, -2.0, 0.00,  0.00,  0.00, 0.0,  0.0,  0.0
2857686.27445110, 0.7975,  44854.466061, 19.468,   0.0,    2.0, -2.0, 0.00,  0.00,  0.00, 0.0,  0.0,  0.0
2857686.27695110, 0.8000,  44853.835921, 19.468,   0.0,    2.0, -2.0, 0.00,  0.00,  0.00, 0.0,  0.0,  0.0
2857686.27945110, 0.8025,  44851.473174, 19.468,   0.0,    2.0, -2.0, 0.00,  0.00,  0.00, 0.0,  0.0,  0.0
2857686.28195110, 0.8050,  44850.723972, 19.468,   0.0,    2.0, -2.0, 0.00,  0.00,  0.00, 0.0,  0.0,  0.0
2857686.28445110, 0.8075,  44850.373057, 19.468,   0.0,    2.0, -2.0, 0.00,  0.00,  0.00, 0.0,  0.0,  0.0
2857686.28695110, 0.8100,  44852.023764, 19.468,   0.0,    2.0, -2.0, 0.00,  0.00,  0.00, 0.0,  0.0,  0.0
2857686.29195110, 0.8150,  44854.963425, 19.468,   0.0,    2.0, -2.0, 0.00,  0.00,  0.00, 0.0,  0.0,  0.0
2857686.29445110, 0.8175,  44854.496740, 19.468,   0.0,    2.0, -2.0, 0.00,  0.00,  0.00, 0.0,  0.0,  0.0
2857686.29695110, 0.8200,  44852.807323, 19.468,   0.0,    2.0, -2.0, 0.00,  0.00,  0.00, 0.0,  0.0,  0.0
2857686.29945110, 0.8225,  44851.685890, 19.468,   0.0,    2.0, -2.0, 0.00,  0.00,  0.00, 0.0,  0.0,  0.0
2857686.30195110, 0.8250,  44850.641758, 19.468,   0.0,    2.0, -2.0, 0.00,  0.00,  0.00, 0.0,  0.0,  0.0
2857686.30445110, 0.8275,  44851.834108, 19.468,   0.0,    2.0, -2.0, 0.00,  0.00,  0.00, 0.0,  0.0,  0.0
2857686.30695110, 0.8300,  44852.942862, 19.468,   0.0,    2.0, -2.0, 0.00,  0.00,  0.00, 0.0,  0.0,  0.0
2857686.30945110, 0.8325,  44853.863680, 19.468,   0.0,    2.0, -2.0, 0.00,  0.00,  0.00, 0.0,  0.0,  0.0
2857686.31195110, 0.8350,  44854.407503, 19.468,   0.0,    2.0, -2.0, 0.00,  0.00,  0.00, 0.0,  0.0,  0.0
2857686.31445110, 0.8375,  44854.330769, 19.468,   0.0,    2.0, -2.0, 0.00,  0.00,  0.00, 0.0,  0.0,  0.0
2857686.31695110, 0.8400,  44854.236087, 19.468,   0.0,    2.0, -2.0, 0.00,  0.00,  0.00, 0.0,  0.0,  0.0
2857686.31945110, 0.8425,  44854.141405, 19.468,   0.0,    2.0, -2.0, 0.00,  0.00,  0.00, 0.0,  0.0,  0.0
2857686.32195110, 0.8450,  44851.381225, 19.468,   0.0,    2.0, -2.0, 0.00,  0.00,  0.00, 0.0,  0.0,  0.0
2857686.32445110, 0.8475,  44850.888125, 19.468,   0.0,    2.0, -2.0, 0.00,  0.00,  0.00, 0.0,  0.0,  0.0
2857686.32695110, 0.8500,  44851.102005, 19.468,   0.0,    2.0, -2.0, 0.00,  0.00,  0.00, 0.0,  0.0,  0.0
2857686.32945110, 0.8525,  44853.740391, 19.468,   0.0,    2.0, -2.0, 0.00,  0.00,  0.00, 0.0,  0.0,  0.0
2857686.33195110, 0.8550,  44854.322546, 19.468,   0.0,    2.0, -2.0, 0.00,  0.00,  0.00, 0.0,  0.0,  0.0
2857686.33445110, 0.8575,  44854.449468, 19.468,   0.0,    2.0, -2.0, 0.00,  0.00,  0.00, 0.0,  0.0,  0.0
2857686.33695110, 0.8600,  44853.649458, 19.468,   0.0,    2.0, -2.0, 0.00,  0.00,  0.00, 0.0,  0.0,  0.0
2857686.33945110, 0.8625,  44852.192173, 19.468,   0.0,    2.0, -2.0, 0.00,  0.00,  0.00, 0.0,  0.0,  0.0
2857686.34195110, 0.8650,  44851.395914, 19.468,   0.0,    2.0, -2.0, 0.00,  0.00,  0.00, 0.0,  0.0,  0.0
2857686.34445110, 0.8675,  44850.697576, 19.468,   0.0,    2.0, -2.0, 0.00,  0.00,  0.00, 0.0,  0.0,  0.0
2857686.34695110, 0.8700,  44851.052170, 19.468,   0.0,    2.0, -2.0, 0.00,  0.00,  0.00, 0.0,  0.0,  0.0
2857686.34945110, 0.8725,  44852.780619, 19.468,   0.0,    2.0, -2.0, 0.00,  0.00,  0.00, 0.0,  0.0,  0.0
2857686.35195110, 0.8750,  44854.235191, 19.468,   0.0,    2.0, -2.0, 0.00,  0.00,  0.00, 0.0,  0.0,  0.0
2857686.35445110, 0.8775,  44854.355782, 19.468,   0.0,    2.0, -2.0, 0.00,  0.00,  0.00, 0.0,  0.0,  0.0
2857686.35695110, 0.8800,  44853.880966, 19.468,   0.0,    2.0, -2.0, 0.00,  0.00,  0.00, 0.0,  0.0,  0.0
2857686.35945110, 0.8825,  44853.209488, 19.468,   0.0,    2.0, -2.0, 0.00,  0.00,  0.00, 0.0,  0.0,  0.0
2857686.36195110, 0.8850,  44850.921189, 19.468,   0.0,    2.0, -2.0, 0.00,  0.00,  0.00, 0.0,  0.0,  0.0
2857686.36445110, 0.8875,  44850.895283, 19.468,   0.0,    2.0, -2.0, 0.00,  0.00,  0.00, 0.0,  0.0,  0.0
2857686.36695110, 0.8900,  44851.801425, 19.468,   0.0,    2.0, -2.0, 0.00,  0.00,  0.00, 0.0,  0.0,  0.0
2857686.36945110, 0.8925,  44853.106175, 19.468,   0.0,    2.0, -2.0, 0.00,  0.00,  0.00, 0.0,  0.0,  0.0
2857686.37195110, 0.8950,  44854.717386, 19.468,   0.0,    2.0, -2.0, 0.00,  0.00,  0.00, 0.0,  0.0,  0.0
2857686.37445110, 0.8975,  44854.403534, 19.468,   0.0,    2.0, -2.0, 0.00,  0.00,  0.00, 0.0,  0.0,  0.0
2857686.37695110, 0.9000,  44853.734231, 19.468,   0.0,    2.0, -2.0, 0.00,  0.00,  0.00, 0.0,  0.0,  0.0
2857686.37945110, 0.9025,  44852.224866, 19.468,   0.0,    2.0, -2.0, 0.00,  0.00,  0.00, 0.0,  0.0,  0.0
2857686.38195110, 0.9050,  44850.849626, 19.468,   0.0,    2.0, -2.0, 0.00,  0.00,  0.00, 0.0,  0.0,  0.0
2857686.38445110, 0.9075,  44851.533452, 19.468,   0.0,    2.0, -2.0, 0.00,  0.00,  0.00, 0.0,  0.0,  0.0
2857686.38695110, 0.9100,  44853.263586, 19.468,   0.0,    2.0, -2.0, 0.00,  0.00,  0.00, 0.0,  0.0,  0.0
2857686.38945110, 0.9125,  44854.003796, 19.468,   0.0,    2.0, -2.0, 0.00,  0.00,  0.00, 0.0,  0.0,  0.0
2857686.39195110, 0.9150,  44854.222383, 19.468,   0.0,    2.0, -2.0, 0.00,  0.00,  0.00, 0.0,  0.0,  0.0
2857686.39445110, 0.9175,  44853.281010, 19.468,   0.0,    2.0, -2.0, 0.00,  0.00,  0.00, 0.0,  0.0,  0.0
2857686.39695110, 0.9200,  44852.707664, 19.468,   0.0,    2.0, -2.0, 0.00,  0.00,  0.00, 0.0,  0.0,  0.0
2857686.39945110, 0.9225,  44852.707664, 19.468,   0.0,    2.0, -2.0, 0.00,  0.00,  0.00, 0.0,  0.0,  0.0
2857686.40195110, 0.9250,  44852.275292, 19.468,   0.0,    2.0, -2.0, 0.00,  0.00,  0.00, 0.0,  0.0,  0.0
2857686.40445110, 0.9275,  44852.133656, 19.468,   0.0,    2.0, -2.0, 0.00,  0.00,  0.00, 0.0,  0.0,  0.0
2857686.40695110, 0.9300,  44853.145987, 19.468,   0.0,    2.0, -2.0, 0.00,  0.00,  0.00, 0.0,  0.0,  0.0
2857686.40945110, 0.9325,  44853.176513, 19.468,   0.0,    2.0, -2.0, 0.00,  0.00,  0.00, 0.0,  0.0,  0.0
2857686.41195110, 0.9350,  44854.411371, 19.468,   0.0,    2.0, -2.0, 0.00,  0.00,  0.00, 0.0,  0.0,  0.0
2857686.41445110, 0.9375,  44854.418103, 19.468,   0.0,    2.0, -2.0, 0.00,  0.00,  0.00, 0.0,  0.0,  0.0
2857686.41695110, 0.9400,  44854.188534, 19.468,   0.0,    2.0, -2.0, 0.00,  0.00,  0.00, 0.0,  0.0,  0.0
2857686.41945110, 0.9425,  44852.318123, 19.468,   0.0,    2.0, -2.0, 0.00,  0.00,  0.00, 0.0,  0.0,  0.0
2857686.42195110, 0.9450,  44851.204107, 19.468,   0.0,    2.0, -2.0, 0.00,  0.00,  0.00, 0.0,  0.0,  0.0
2857686.42445110, 0.9475,  44851.307168, 19.468,   0.0,    2.0, -2.0, 0.00,  0.00,  0.00, 0.0,  0.0,  0.0
2857686.42695110, 0.9500,  44851.878078, 19.468,   0.0,    2.0, -2.0, 0.00,  0.00,  0.00, 0.0,  0.0,  0.0
2857686.42945110, 0.9525,  44852.458884, 19.468,   0.0,    2.0, -2.0, 0.00,  0.00,  0.00, 0.0,  0.0,  0.0
2857686.43195110, 0.9550,  44853.039691, 19.468,   0.0,    2.0, -2.0, 0.00,  0.00,  0.00, 0.0,  0.0,  0.0
2857686.43445110, 0.9575,  44853.275978, 19.468,   0.0,    2.0, -2.0, 0.00,  0.00,  0.00, 0.0,  0.0,  0.0
2857686.43695110, 0.9600,  44853.499487, 19.468,   0.0,    2.0, -2.0, 0.00,  0.00,  0.00, 0.0,  0.0,  0.0
2857686.43945110, 0.9625,  44853.722997, 19.468,   0.0,    2.0, -2.0, 0.00,  0.00,  0.00, 0.0,  0.0,  0.0
2857686.44195110, 0.9650,  44853.946506, 19.468,   0.0,    2.0, -2.0, 0.00,  0.00,  0.00, 0.0,  0.0,  0.0
2857686.44445110, 0.9675,  44853.570069, 19.468,   0.0,    2.0, -2.0, 0.00,  0.00,  0.00, 0.0,  0.0,  0.0
2857686.44695110, 0.9700,  44853.284968, 19.468,   0.0,    2.0, -2.0, 0.00,  0.00,  0.00, 0.0,  0.0,  0.0
2857686.44945110, 0.9725,  44853.745788, 19.468,   0.0,    2.0, -2.0, 0.00,  0.00,  0.00, 0.0,  0.0,  0.0
2857686.45195110, 0.9750,  44854.485563, 19.468,   0.0,    2.0, -2.0, 0.00,  0.00,  0.00, 0.0,  0.0,  0.0
2857686.45445110, 0.9775,  44854.259774, 19.468,   0.0,    2.0, -2.0, 0.00,  0.00,  0.00, 0.0,  0.0,  0.0
2857686.45695110, 0.9800,  44853.841389, 19.468,   0.0,    2.0, -2.0, 0.00,  0.00,  0.00, 0.0,  0.0,  0.0
2857686.45945110, 0.9825,  44852.463741, 19.468,   0.0,    2.0, -2.0, 0.00,  0.00,  0.00, 0.0,  0.0,  0.0
2857686.46195110, 0.9850,  44851.350455, 19.468,   0.0,    2.0, -2.0, 0.00,  0.00,  0.00, 0.0,  0.0,  0.0
2857686.46445110, 0.9875,  44851.771404, 19.468,   0.0,    2.0, -2.0, 0.00,  0.00,  0.00, 0.0,  0.0,  0.0
2857686.46695110, 0.9900,  44853.840517, 19.468,   0.0,    2.0, -2.0, 0.00,  0.00,  0.00, 0.0,  0.0,  0.0
2857686.46945110, 0.9925,  44854.398663, 19.468,   0.0,    2.0, -2.0, 0.00,  0.00,  0.00, 0.0,  0.0,  0.0
2857686.47195110, 0.9950,  44854.386121, 19.468,   0.0,    2.0, -2.0, 0.00,  0.00,  0.00, 0.0,  0.0,  0.0
2857686.47445110, 0.9975,  44854.066074, 19.468,   0.0,    2.0, -2.0, 0.00,  0.00,  0.00, 0.0,  0.0,  0.0
2857686.47695110, 1.0000,  44853.656262, 19.468,   0.0,    2.0, -2.0, 0.00,  0.00,  0.00, 0.0,  0.0,  0.0
2857686.47945110, 1.0025,  44853.246450, 19.468,   0.0,    2.0, -2.0, 0.00,  0.00,  0.00, 0.0,  0.0,  0.0
2857686.48195110, 1.0050,  44852.739966, 19.468,   0.0,    2.0, -2.0, 0.00,  0.00,  0.00, 0.0,  0.0,  0.0
2857686.48445110, 1.0075,  44851.388663, 19.468,   0.0,    2.0, -2.0, 0.00,  0.00,  0.00, 0.0,  0.0,  0.0
2857686.48695110, 1.0100,  44850.946522, 19.468,   0.0,    2.0, -2.0, 0.00,  0.00,  0.00, 0.0,  0.0,  0.0
2857686.48945110, 1.0125,  44851.903911, 19.468,   0.0,    2.0, -2.0, 0.00,  0.00,  0.00, 0.0,  0.0,  0.0
2857686.49195110, 1.0150,  44852.861301, 19.468,   0.0,    2.0, -2.0, 0.00,  0.00,  0.00, 0.0,  0.0,  0.0
2857686.49445110, 1.0175,  44853.818690, 19.468,   0.0,    2.0, -2.0, 0.00,  0.00,  0.00, 0.0,  0.0,  0.0
2857686.49695110, 1.0200,  44852.871687, 19.468,   0.0,    2.0, -2.0, 0.00,  0.00,  0.00, 0.0,  0.0,  0.0
2857686.49945110, 1.0225,  44852.236132, 19.468,   0.0,    2.0, -2.0, 0.00,  0.00,  0.00, 0.0,  0.0,  0.0
2857686.50195110, 1.0250,  44851.671641, 19.468,   0.0,    2.0, -2.0, 0.00,  0.00,  0.00, 0.0,  0.0,  0.0
2857686.50445110, 1.0275,  44851.306252, 19.468,   0.0,    2.0, -2.0, 0.00,  0.00,  0.00, 0.0,  0.0,  0.0
2857686.50695110, 1.0300,  44851.237537, 19.468,   0.0,    2.0, -2.0, 0.00,  0.00,  0.00, 0.0,  0.0,  0.0
2857686.50945110, 1.0325,  44852.306120, 19.468,   0.0,    2.0, -2.0, 0.00,  0.00,  0.00, 0.0,  0.0,  0.0
2857686.51195110, 1.0350,  44853.374702, 19.468,   0.0,    2.0, -2.0, 0.00,  0.00,  0.00, 0.0,  0.0,  0.0
2857686.51445110, 1.0375,  44854.443284, 19.468,   0.0,    2.0, -2.0, 0.00,  0.00,  0.00, 0.0,  0.0,  0.0
2857686.51695110, 1.0400,  44853.374382, 19.468,   0.0,    2.0, -2.0, 0.00,  0.00,  0.00, 0.0,  0.0,  0.0
2857686.51945110, 1.0425,  44852.499667, 19.468,   0.0,    2.0, -2.0, 0.00,  0.00,  0.00, 0.0,  0.0,  0.0
2857686.52195110, 1.0450,  44852.243496, 19.468,   0.0,    2.0, -2.0, 0.00,  0.00,  0.00, 0.0,  0.0,  0.0
2857686.52445110, 1.0475,  44852.169494, 19.468,   0.0,    2.0, -2.0, 0.00,  0.00,  0.00, 0.0,  0.0,  0.0
2857686.52695110, 1.0500,  44852.910088, 19.468,   0.0,    2.0, -2.0, 0.00,  0.00,  0.00, 0.0,  0.0,  0.0
2857686.52945110, 1.0525,  44853.971366, 19.468,   0.0,    2.0, -2.0, 0.00,  0.00,  0.00, 0.0,  0.0,  0.0
2857686.53195110, 1.0550,  44854.525102, 19.468,   0.0,    2.0, -2.0, 0.00,  0.00,  0.00, 0.0,  0.0,  0.0
2857686.53445110, 1.0575,  44853.821451, 19.468,   0.0,    2.0, -2.0, 0.00,  0.00,  0.00, 0.0,  0.0,  0.0
2857686.53695110, 1.0600,  44852.552489, 19.468,   0.0,    2.0, -2.0, 0.00,  0.00,  0.00, 0.0,  0.0,  0.0
2857686.53945110, 1.0625,  44851.508225, 19.468,   0.0,    2.0, -2.0, 0.00,  0.00,  0.00, 0.0,  0.0,  0.0
2857686.54195110, 1.0650,  44850.712897, 19.468,   0.0,    2.0, -2.0, 0.00,  0.00,  0.00, 0.0,  0.0,  0.0
2857686.54445110, 1.0675,  44851.676675, 19.468,   0.0,    2.0, -2.0, 0.00,  0.00,  0.00, 0.0,  0.0,  0.0
2857686.54695110, 1.0700,  44853.149356, 19.468,   0.0,    2.0, -2.0, 0.00,  0.00,  0.00, 0.0,  0.0,  0.0
2857686.54945110, 1.0725,  44853.461854, 19.468,   0.0,    2.0, -2.0, 0.00,  0.00,  0.00, 0.0,  0.0,  0.0
2857686.55195110, 1.0750,  44853.774352, 19.468,   0.0,    2.0, -2.0, 0.00,  0.00,  0.00, 0.0,  0.0,  0.0
2857686.55445110, 1.0775,  44854.086851, 19.468,   0.0,    2.0, -2.0, 0.00,  0.00,  0.00, 0.0,  0.0,  0.0
2857686.55695110, 1.0800,  44852.997908, 19.468,   0.0,    2.0, -2.0, 0.00,  0.00,  0.00, 0.0,  0.0,  0.0
2857686.55945110, 1.0825,  44852.210263, 19.468,   0.0,    2.0, -2.0, 0.00,  0.00,  0.00, 0.0,  0.0,  0.0
2857686.56195110, 1.0850,  44851.731256, 19.468,   0.0,    2.0, -2.0, 0.00,  0.00,  0.00, 0.0,  0.0,  0.0
2857686.56445110, 1.0875,  44851.408772, 19.468,   0.0,    2.0, -2.0, 0.00,  0.00,  0.00, 0.0,  0.0,  0.0
2857686.56695110, 1.0900,  44851.086287, 19.468,   0.0,    2.0, -2.0, 0.00,  0.00,  0.00, 0.0,  0.0,  0.0
2857686.56945110, 1.0925,  44850.763803, 19.468,   0.0,    2.0, -2.0, 0.00,  0.00,  0.00, 0.0,  0.0,  0.0
2857686.57195110, 1.0950,  44854.057665, 19.468,   0.0,    2.0, -2.0, 0.00,  0.00,  0.00, 0.0,  0.0,  0.0
2857686.57445110, 1.0975,  44854.346854, 19.468,   0.0,    2.0, -2.0, 0.00,  0.00,  0.00, 0.0,  0.0,  0.0
2857686.57695110, 1.1000,  44854.231238, 19.468,   0.0,    2.0, -2.0, 0.00,  0.00,  0.00, 0.0,  0.0,  0.0
2857686.57945110, 1.1025,  44854.115622, 19.468,   0.0,    2.0, -2.0, 0.00,  0.00,  0.00, 0.0,  0.0,  0.0
2857686.58195110, 1.1050,  44854.000006, 19.468,   0.0,    2.0, -2.0, 0.00,  0.00,  0.00, 0.0,  0.0,  0.0
2857686.58445110, 1.1075,  44853.757758, 19.468,   0.0,    2.0, -2.0, 0.00,  0.00,  0.00, 0.0,  0.0,  0.0
2857686.58695110, 1.1100,  44853.411249, 19.468,   0.0,    2.0, -2.0, 0.00,  0.00,  0.00, 0.0,  0.0,  0.0
2857686.58945110, 1.1125,  44853.647884, 19.468,   0.0,    2.0, -2.0, 0.00,  0.00,  0.00, 0.0,  0.0,  0.0
2857686.59195110, 1.1150,  44854.011937, 19.468,   0.0,    2.0, -2.0, 0.00,  0.00,  0.00, 0.0,  0.0,  0.0
2857686.59445110, 1.1175,  44853.706303, 19.468,   0.0,    2.0, -2.0, 0.00,  0.00,  0.00, 0.0,  0.0,  0.0
2857686.59695110, 1.1200,  44852.733014, 19.468,   0.0,    2.0, -2.0, 0.00,  0.00,  0.00, 0.0,  0.0,  0.0
2857686.59945110, 1.1225,  44852.334761, 19.468,   0.0,    2.0, -2.0, 0.00,  0.00,  0.00, 0.0,  0.0,  0.0
2857686.60195110, 1.1250,  44852.053321, 19.468,   0.0,    2.0, -2.0, 0.00,  0.00,  0.00, 0.0,  0.0,  0.0
2857686.60445110, 1.1275,  44852.300883, 19.468,   0.0,    2.0, -2.0, 0.00,  0.00,  0.00, 0.0,  0.0,  0.0
2857686.60945110, 1.1325,  44853.727542, 19.468,   0.0,    2.0, -2.0, 0.00,  0.00,  0.00, 0.0,  0.0,  0.0
2857686.61195110, 1.1350,  44854.505646, 19.468,   0.0,    2.0, -2.0, 0.00,  0.00,  0.00, 0.0,  0.0,  0.0
2857686.61445110, 1.1375,  44854.425914, 19.468,   0.0,    2.0, -2.0, 0.00,  0.00,  0.00, 0.0,  0.0,  0.0
2857686.61695110, 1.1400,  44853.661043, 19.468,   0.0,    2.0, -2.0, 0.00,  0.00,  0.00, 0.0,  0.0,  0.0
2857686.61945110, 1.1425,  44852.770164, 19.468,   0.0,    2.0, -2.0, 0.00,  0.00,  0.00, 0.0,  0.0,  0.0
2857686.62195110, 1.1450,  44852.018634, 19.468,   0.0,    2.0, -2.0, 0.00,  0.00,  0.00, 0.0,  0.0,  0.0
2857686.62445110, 1.1475,  44851.267103, 19.468,   0.0,    2.0, -2.0, 0.00,  0.00,  0.00, 0.0,  0.0,  0.0
2857686.62695110, 1.1500,  44850.838580, 19.468,   0.0,    2.0, -2.0, 0.00,  0.00,  0.00, 0.0,  0.0,  0.0
2857686.62945110, 1.1525,  44854.179798, 19.468,   0.0,    2.0, -2.0, 0.00,  0.00,  0.00, 0.0,  0.0,  0.0
2857686.63195110, 1.1550,  44854.427352, 19.468,   0.0,    2.0, -2.0, 0.00,  0.00,  0.00, 0.0,  0.0,  0.0
2857686.63445110, 1.1575,  44854.067709, 19.468,   0.0,    2.0, -2.0, 0.00,  0.00,  0.00, 0.0,  0.0,  0.0
2857686.63695110, 1.1600,  44852.873598, 19.468,   0.0,    2.0, -2.0, 0.00,  0.00,  0.00, 0.0,  0.0,  0.0
2857686.63945110, 1.1625,  44852.283410, 19.468,   0.0,    2.0, -2.0, 0.00,  0.00,  0.00, 0.0,  0.0,  0.0
2857686.64195110, 1.1650,  44851.982457, 19.468,   0.0,    2.0, -2.0, 0.00,  0.00,  0.00, 0.0,  0.0,  0.0
2857686.64445110, 1.1675,  44851.682693, 19.468,   0.0,    2.0, -2.0, 0.00,  0.00,  0.00, 0.0,  0.0,  0.0
2857686.64695110, 1.1700,  44851.382929, 19.468,   0.0,    2.0, -2.0, 0.00,  0.00,  0.00, 0.0,  0.0,  0.0
2857686.64945110, 1.1725,  44851.083164, 19.468,   0.0,    2.0, -2.0, 0.00,  0.00,  0.00, 0.0,  0.0,  0.0
2857686.65195110, 1.1750,  44850.783400, 19.468,   0.0,    2.0, -2.0, 0.00,  0.00,  0.00, 0.0,  0.0,  0.0
2857686.65445110, 1.1775,  44851.509362, 19.468,   0.0,    2.0, -2.0, 0.00,  0.00,  0.00, 0.0,  0.0,  0.0
2857686.65695110, 1.1800,  44852.481016, 19.468,   0.0,    2.0, -2.0, 0.00,  0.00,  0.00, 0.0,  0.0,  0.0
2857686.65945110, 1.1825,  44852.316414, 19.468,   0.0,    2.0, -2.0, 0.00,  0.00,  0.00, 0.0,  0.0,  0.0
2857686.66195110, 1.1850,  44852.151813, 19.468,   0.0,    2.0, -2.0, 0.00,  0.00,  0.00, 0.0,  0.0,  0.0
2857686.66445110, 1.1875,  44851.987212, 19.468,   0.0,    2.0, -2.0, 0.00,  0.00,  0.00, 0.0,  0.0,  0.0
2857686.66695110, 1.1900,  44851.822610, 19.468,   0.0,    2.0, -2.0, 0.00,  0.00,  0.00, 0.0,  0.0,  0.0
2857686.66945110, 1.1925,  44854.537864, 19.468,   0.0,    2.0, -2.0, 0.00,  0.00,  0.00, 0.0,  0.0,  0.0
2857686.67195110, 1.1950,  44854.663969, 19.468,   0.0,    2.0, -2.0, 0.00,  0.00,  0.00, 0.0,  0.0,  0.0
2857686.67445110, 1.1975,  44854.790075, 19.468,   0.0,    2.0, -2.0, 0.00,  0.00,  0.00, 0.0,  0.0,  0.0
2857686.67695110, 1.2000,  44854.916181, 19.468,   0.0,    2.0, -2.0, 0.00,  0.00,  0.00, 0.0,  0.0,  0.0
2857686.67945110, 1.2025,  44853.667990, 19.468,   0.0,    2.0, -2.0, 0.00,  0.00,  0.00, 0.0,  0.0,  0.0
2857686.68195110, 1.2050,  44851.596486, 19.468,   0.0,    2.0, -2.0, 0.00,  0.00,  0.00, 0.0,  0.0,  0.0
2857686.68445110, 1.2075,  44851.150656, 19.468,   0.0,    2.0, -2.0, 0.00,  0.00,  0.00, 0.0,  0.0,  0.0
2857686.68695110, 1.2100,  44852.087658, 19.468,   0.0,    2.0, -2.0, 0.00,  0.00,  0.00, 0.0,  0.0,  0.0
2857686.68945110, 1.2125,  44853.092961, 19.468,   0.0,    2.0, -2.0, 0.00,  0.00,  0.00, 0.0,  0.0,  0.0
2857686.69195110, 1.2150,  44854.490714, 19.468,   0.0,    2.0, -2.0, 0.00,  0.00,  0.00, 0.0,  0.0,  0.0
2857686.69695110, 1.2200,  44854.050878, 19.468,   0.0,    2.0, -2.0, 0.00,  0.00,  0.00, 0.0,  0.0,  0.0
2857686.69945110, 1.2225,  44853.285940, 19.468,   0.0,    2.0, -2.0, 0.00,  0.00,  0.00, 0.0,  0.0,  0.0
2857686.70195110, 1.2250,  44851.750884, 19.468,   0.0,    2.0, -2.0, 0.00,  0.00,  0.00, 0.0,  0.0,  0.0
2857686.70445110, 1.2275,  44851.087551, 19.468,   0.0,    2.0, -2.0, 0.00,  0.00,  0.00, 0.0,  0.0,  0.0
2857686.70695110, 1.2300,  44852.942003, 19.468,   0.0,    2.0, -2.0, 0.00,  0.00,  0.00, 0.0,  0.0,  0.0
2857686.70945110, 1.2325,  44853.319601, 19.468,   0.0,    2.0, -2.0, 0.00,  0.00,  0.00, 0.0,  0.0,  0.0
2857686.71195110, 1.2350,  44853.697200, 19.468,   0.0,    2.0, -2.0, 0.00,  0.00,  0.00, 0.0,  0.0,  0.0
2857686.71445110, 1.2375,  44854.074798, 19.468,   0.0,    2.0, -2.0, 0.00,  0.00,  0.00, 0.0,  0.0,  0.0
2857686.71695110, 1.2400,  44854.452397, 19.468,   0.0,    2.0, -2.0, 0.00,  0.00,  0.00, 0.0,  0.0,  0.0
2857686.71945110, 1.2425,  44851.778143, 19.468,   0.0,    2.0, -2.0, 0.00,  0.00,  0.00, 0.0,  0.0,  0.0
2857686.72195110, 1.2450,  44850.616561, 19.468,   0.0,    2.0, -2.0, 0.00,  0.00,  0.00, 0.0,  0.0,  0.0
2857686.72445110, 1.2475,  44851.033844, 19.468,   0.0,    2.0, -2.0, 0.00,  0.00,  0.00, 0.0,  0.0,  0.0
2857686.72695110, 1.2500,  44852.656577, 19.468,   0.0,    2.0, -2.0, 0.00,  0.00,  0.00, 0.0,  0.0,  0.0
2857686.72945110, 1.2525,  44854.102892, 19.468,   0.0,    2.0, -2.0, 0.00,  0.00,  0.00, 0.0,  0.0,  0.0
2857686.73195110, 1.2550,  44854.215545, 19.468,   0.0,    2.0, -2.0, 0.00,  0.00,  0.00, 0.0,  0.0,  0.0
2857686.73445110, 1.2575,  44854.328197, 19.468,   0.0,    2.0, -2.0, 0.00,  0.00,  0.00, 0.0,  0.0,  0.0
2857686.73695110, 1.2600,  44854.440850, 19.468,   0.0,    2.0, -2.0, 0.00,  0.00,  0.00, 0.0,  0.0,  0.0
2857686.73945110, 1.2625,  44854.553502, 19.468,   0.0,    2.0, -2.0, 0.00,  0.00,  0.00, 0.0,  0.0,  0.0
2857686.74195110, 1.2650,  44854.583923, 19.468,   0.0,    2.0, -2.0, 0.00,  0.00,  0.00, 0.0,  0.0,  0.0
2857686.74445110, 1.2675,  44850.930027, 19.468,   0.0,    2.0, -2.0, 0.00,  0.00,  0.00, 0.0,  0.0,  0.0
2857686.74695110, 1.2700,  44851.426391, 19.468,   0.0,    2.0, -2.0, 0.00,  0.00,  0.00, 0.0,  0.0,  0.0
2857686.74945110, 1.2725,  44851.922755, 19.468,   0.0,    2.0, -2.0, 0.00,  0.00,  0.00, 0.0,  0.0,  0.0
2857686.75195110, 1.2750,  44852.419119, 19.468,   0.0,    2.0, -2.0, 0.00,  0.00,  0.00, 0.0,  0.0,  0.0
2857686.75445110, 1.2775,  44852.915483, 19.468,   0.0,    2.0, -2.0, 0.00,  0.00,  0.00, 0.0,  0.0,  0.0
2857686.75695110, 1.2800,  44852.901121, 19.468,   0.0,    2.0, -2.0, 0.00,  0.00,  0.00, 0.0,  0.0,  0.0
2857686.75945110, 1.2825,  44852.242845, 19.468,   0.0,    2.0, -2.0, 0.00,  0.00,  0.00, 0.0,  0.0,  0.0
2857686.76195110, 1.2850,  44851.605191, 19.468,   0.0,    2.0, -2.0, 0.00,  0.00,  0.00, 0.0,  0.0,  0.0
2857686.76445110, 1.2875,  44851.174349, 19.468,   0.0,    2.0, -2.0, 0.00,  0.00,  0.00, 0.0,  0.0,  0.0
2857686.76695110, 1.2900,  44850.743506, 19.468,   0.0,    2.0, -2.0, 0.00,  0.00,  0.00, 0.0,  0.0,  0.0
2857686.76945110, 1.2925,  44851.697221, 19.468,   0.0,    2.0, -2.0, 0.00,  0.00,  0.00, 0.0,  0.0,  0.0
2857686.77195110, 1.2950,  44853.188843, 19.468,   0.0,    2.0, -2.0, 0.00,  0.00,  0.00, 0.0,  0.0,  0.0
2857686.77445110, 1.2975,  44854.038872, 19.468,   0.0,    2.0, -2.0, 0.00,  0.00,  0.00, 0.0,  0.0,  0.0
2857686.77695110, 1.3000,  44854.143324, 19.468,   0.0,    2.0, -2.0, 0.00,  0.00,  0.00, 0.0,  0.0,  0.0
2857686.77945110, 1.3025,  44854.236724, 19.468,   0.0,    2.0, -2.0, 0.00,  0.00,  0.00, 0.0,  0.0,  0.0
2857686.78195110, 1.3050,  44852.523119, 19.468,   0.0,    2.0, -2.0, 0.00,  0.00,  0.00, 0.0,  0.0,  0.0
2857686.78445110, 1.3075,  44850.809517, 19.468,   0.0,    2.0, -2.0, 0.00,  0.00,  0.00, 0.0,  0.0,  0.0
2857686.78695110, 1.3100,  44852.218477, 19.468,   0.0,    2.0, -2.0, 0.00,  0.00,  0.00, 0.0,  0.0,  0.0
2857686.78945110, 1.3125,  44853.450937, 19.468,   0.0,    2.0, -2.0, 0.00,  0.00,  0.00, 0.0,  0.0,  0.0
2857686.79195110, 1.3150,  44854.314102, 19.468,   0.0,    2.0, -2.0, 0.00,  0.00,  0.00, 0.0,  0.0,  0.0
2857686.79445110, 1.3175,  44854.344583, 19.468,   0.0,    2.0, -2.0, 0.00,  0.00,  0.00, 0.0,  0.0,  0.0
2857686.79695110, 1.3200,  44853.420260, 19.468,   0.0,    2.0, -2.0, 0.00,  0.00,  0.00, 0.0,  0.0,  0.0
2857686.79945110, 1.3225,  44853.156307, 19.468,   0.0,    2.0, -2.0, 0.00,  0.00,  0.00, 0.0,  0.0,  0.0
2857686.80195110, 1.3250,  44852.929933, 19.468,   0.0,    2.0, -2.0, 0.00,  0.00,  0.00, 0.0,  0.0,  0.0
2857686.80445110, 1.3275,  44852.703558, 19.468,   0.0,    2.0, -2.0, 0.00,  0.00,  0.00, 0.0,  0.0,  0.0
2857686.80695110, 1.3300,  44852.477183, 19.468,   0.0,    2.0, -2.0, 0.00,  0.00,  0.00, 0.0,  0.0,  0.0
2857686.80945110, 1.3325,  44853.081006, 19.468,   0.0,    2.0, -2.0, 0.00,  0.00,  0.00, 0.0,  0.0,  0.0
2857686.81195110, 1.3350,  44854.542651, 19.468,   0.0,    2.0, -2.0, 0.00,  0.00,  0.00, 0.0,  0.0,  0.0
2857686.81445110, 1.3375,  44854.514411, 19.468,   0.0,    2.0, -2.0, 0.00,  0.00,  0.00, 0.0,  0.0,  0.0
2857686.81695110, 1.3400,  44853.240405, 19.468,   0.0,    2.0, -2.0, 0.00,  0.00,  0.00, 0.0,  0.0,  0.0
2857686.81945110, 1.3425,  44852.667502, 19.468,   0.0,    2.0, -2.0, 0.00,  0.00,  0.00, 0.0,  0.0,  0.0
2857686.82195110, 1.3450,  44852.218702, 19.468,   0.0,    2.0, -2.0, 0.00,  0.00,  0.00, 0.0,  0.0,  0.0
2857686.82445110, 1.3475,  44851.131016, 19.468,   0.0,    2.0, -2.0, 0.00,  0.00,  0.00, 0.0,  0.0,  0.0
2857686.82695110, 1.3500,  44851.172102, 19.468,   0.0,    2.0, -2.0, 0.00,  0.00,  0.00, 0.0,  0.0,  0.0
2857686.82945110, 1.3525,  44852.100216, 19.468,   0.0,    2.0, -2.0, 0.00,  0.00,  0.00, 0.0,  0.0,  0.0
2857686.83195110, 1.3550,  44853.196746, 19.468,   0.0,    2.0, -2.0, 0.00,  0.00,  0.00, 0.0,  0.0,  0.0
2857686.83445110, 1.3575,  44854.204377, 19.468,   0.0,    2.0, -2.0, 0.00,  0.00,  0.00, 0.0,  0.0,  0.0
2857686.83695110, 1.3600,  44853.450349, 19.468,   0.0,    2.0, -2.0, 0.00,  0.00,  0.00, 0.0,  0.0,  0.0
2857686.83945110, 1.3625,  44852.527661, 19.468,   0.0,    2.0, -2.0, 0.00,  0.00,  0.00, 0.0,  0.0,  0.0
2857686.84195110, 1.3650,  44851.908628, 19.468,   0.0,    2.0, -2.0, 0.00,  0.00,  0.00, 0.0,  0.0,  0.0
2857686.84445110, 1.3675,  44851.289596, 19.468,   0.0,    2.0, -2.0, 0.00,  0.00,  0.00, 0.0,  0.0,  0.0
2857686.84695110, 1.3700,  44852.162242, 19.468,   0.0,    2.0, -2.0, 0.00,  0.00,  0.00, 0.0,  0.0,  0.0
2857686.84945110, 1.3725,  44854.268522, 19.468,   0.0,    2.0, -2.0, 0.00,  0.00,  0.00, 0.0,  0.0,  0.0
2857686.85195110, 1.3750,  44854.322475, 19.468,   0.0,    2.0, -2.0, 0.00,  0.00,  0.00, 0.0,  0.0,  0.0
2857686.85445110, 1.3775,  44854.480711, 19.468,   0.0,    2.0, -2.0, 0.00,  0.00,  0.00, 0.0,  0.0,  0.0
2857686.85695110, 1.3800,  44854.638948, 19.468,   0.0,    2.0, -2.0, 0.00,  0.00,  0.00, 0.0,  0.0,  0.0
2857686.85945110, 1.3825,  44854.003387, 19.468,   0.0,    2.0, -2.0, 0.00,  0.00,  0.00, 0.0,  0.0,  0.0
2857686.86195110, 1.3850,  44853.288091, 19.468,   0.0,    2.0, -2.0, 0.00,  0.00,  0.00, 0.0,  0.0,  0.0
2857686.86445110, 1.3875,  44852.572794, 19.468,   0.0,    2.0, -2.0, 0.00,  0.00,  0.00, 0.0,  0.0,  0.0
2857686.86695110, 1.3900,  44851.857497, 19.468,   0.0,    2.0, -2.0, 0.00,  0.00,  0.00, 0.0,  0.0,  0.0
2857686.86945110, 1.3925,  44853.876123, 19.468,   0.0,    2.0, -2.0, 0.00,  0.00,  0.00, 0.0,  0.0,  0.0
2857686.87445110, 1.3975,  44854.365523, 19.468,   0.0,    2.0, -2.0, 0.00,  0.00,  0.00, 0.0,  0.0,  0.0
2857686.87695110, 1.4000,  44853.702288, 19.468,   0.0,    2.0, -2.0, 0.00,  0.00,  0.00, 0.0,  0.0,  0.0
2857686.87945110, 1.4025,  44852.878460, 19.468,   0.0,    2.0, -2.0, 0.00,  0.00,  0.00, 0.0,  0.0,  0.0
2857686.88195110, 1.4050,  44851.814702, 19.468,   0.0,    2.0, -2.0, 0.00,  0.00,  0.00, 0.0,  0.0,  0.0
2857686.88445110, 1.4075,  44850.688192, 19.468,   0.0,    2.0, -2.0, 0.00,  0.00,  0.00, 0.0,  0.0,  0.0
2857686.88695110, 1.4100,  44852.137579, 19.468,   0.0,    2.0, -2.0, 0.00,  0.00,  0.00, 0.0,  0.0,  0.0
2857686.88945110, 1.4125,  44853.146382, 19.468,   0.0,    2.0, -2.0, 0.00,  0.00,  0.00, 0.0,  0.0,  0.0
2857686.89195110, 1.4150,  44853.522880, 19.468,   0.0,    2.0, -2.0, 0.00,  0.00,  0.00, 0.0,  0.0,  0.0
2857686.89445110, 1.4175,  44853.899378, 19.468,   0.0,    2.0, -2.0, 0.00,  0.00,  0.00, 0.0,  0.0,  0.0
2857686.89695110, 1.4200,  44853.210725, 19.468,   0.0,    2.0, -2.0, 0.00,  0.00,  0.00, 0.0,  0.0,  0.0
2857686.89945110, 1.4225,  44852.034143, 19.468,   0.0,    2.0, -2.0, 0.00,  0.00,  0.00, 0.0,  0.0,  0.0
2857686.90195110, 1.4250,  44850.857746, 19.468,   0.0,    2.0, -2.0, 0.00,  0.00,  0.00, 0.0,  0.0,  0.0
2857686.90445110, 1.4275,  44850.836987, 19.468,   0.0,    2.0, -2.0, 0.00,  0.00,  0.00, 0.0,  0.0,  0.0
2857686.90695110, 1.4300,  44852.659264, 19.468,   0.0,    2.0, -2.0, 0.00,  0.00,  0.00, 0.0,  0.0,  0.0
2857686.90945110, 1.4325,  44853.085133, 19.468,   0.0,    2.0, -2.0, 0.00,  0.00,  0.00, 0.0,  0.0,  0.0
2857686.91195110, 1.4350,  44853.446486, 19.468,   0.0,    2.0, -2.0, 0.00,  0.00,  0.00, 0.0,  0.0,  0.0
2857686.91445110, 1.4375,  44853.807840, 19.468,   0.0,    2.0, -2.0, 0.00,  0.00,  0.00, 0.0,  0.0,  0.0
2857686.91695110, 1.4400,  44854.169193, 19.468,   0.0,    2.0, -2.0, 0.00,  0.00,  0.00, 0.0,  0.0,  0.0
2857686.91945110, 1.4425,  44854.530547, 19.468,   0.0,    2.0, -2.0, 0.00,  0.00,  0.00, 0.0,  0.0,  0.0
2857686.92195110, 1.4450,  44852.721572, 19.468,   0.0,    2.0, -2.0, 0.00,  0.00,  0.00, 0.0,  0.0,  0.0
2857686.92445110, 1.4475,  44850.665720, 19.468,   0.0,    2.0, -2.0, 0.00,  0.00,  0.00, 0.0,  0.0,  0.0
2857686.92695110, 1.4500,  44851.303589, 19.468,   0.0,    2.0, -2.0, 0.00,  0.00,  0.00, 0.0,  0.0,  0.0
2857686.92945110, 1.4525,  44852.259227, 19.468,   0.0,    2.0, -2.0, 0.00,  0.00,  0.00, 0.0,  0.0,  0.0
2857686.93195110, 1.4550,  44853.214865, 19.468,   0.0,    2.0, -2.0, 0.00,  0.00,  0.00, 0.0,  0.0,  0.0
2857686.93445110, 1.4575,  44854.170504, 19.468,   0.0,    2.0, -2.0, 0.00,  0.00,  0.00, 0.0,  0.0,  0.0
2857686.93695110, 1.4600,  44853.145235, 19.468,   0.0,    2.0, -2.0, 0.00,  0.00,  0.00, 0.0,  0.0,  0.0
2857686.93945110, 1.4625,  44852.450534, 19.468,   0.0,    2.0, -2.0, 0.00,  0.00,  0.00, 0.0,  0.0,  0.0
2857686.94195110, 1.4650,  44851.902529, 19.468,   0.0,    2.0, -2.0, 0.00,  0.00,  0.00, 0.0,  0.0,  0.0
2857686.94445110, 1.4675,  44851.417680, 19.468,   0.0,    2.0, -2.0, 0.00,  0.00,  0.00, 0.0,  0.0,  0.0
2857686.94695110, 1.4700,  44850.932831, 19.468,   0.0,    2.0, -2.0, 0.00,  0.00,  0.00, 0.0,  0.0,  0.0
2857686.94945110, 1.4725,  44853.856513, 19.468,   0.0,    2.0, -2.0, 0.00,  0.00,  0.00, 0.0,  0.0,  0.0
2857686.95195110, 1.4750,  44854.415042, 19.468,   0.0,    2.0, -2.0, 0.00,  0.00,  0.00, 0.0,  0.0,  0.0
2857686.95445110, 1.4775,  44854.421756, 19.468,   0.0,    2.0, -2.0, 0.00,  0.00,  0.00, 0.0,  0.0,  0.0
2857686.95695110, 1.4800,  44854.413401, 19.468,   0.0,    2.0, -2.0, 0.00,  0.00,  0.00, 0.0,  0.0,  0.0
2857686.95945110, 1.4825,  44853.854966, 19.468,   0.0,    2.0, -2.0, 0.00,  0.00,  0.00, 0.0,  0.0,  0.0
2857686.96445110, 1.4875,  44850.871565, 19.468,   0.0,    2.0, -2.0, 0.00,  0.00,  0.00, 0.0,  0.0,  0.0
2857686.96695110, 1.4900,  44851.816674, 19.468,   0.0,    2.0, -2.0, 0.00,  0.00,  0.00, 0.0,  0.0,  0.0
2857686.96945110, 1.4925,  44852.812136, 19.468,   0.0,    2.0, -2.0, 0.00,  0.00,  0.00, 0.0,  0.0,  0.0
2857686.97195110, 1.4950,  44853.921733, 19.468,   0.0,    2.0, -2.0, 0.00,  0.00,  0.00, 0.0,  0.0,  0.0
2857686.97445110, 1.4975,  44853.969180, 19.468,   0.0,    2.0, -2.0, 0.00,  0.00,  0.00, 0.0,  0.0,  0.0
2857686.97695110, 1.5000,  44853.723801, 19.468,   0.0,    2.0, -2.0, 0.00,  0.00,  0.00, 0.0,  0.0,  0.0
2857686.97945110, 1.5025,  44853.144475, 19.468,   0.0,    2.0, -2.0, 0.00,  0.00,  0.00, 0.0,  0.0,  0.0
2857686.98195110, 1.5050,  44852.565150, 19.468,   0.0,    2.0, -2.0, 0.00,  0.00,  0.00, 0.0,  0.0,  0.0
2857686.98445110, 1.5075,  44852.502527, 19.468,   0.0,    2.0, -2.0, 0.00,  0.00,  0.00, 0.0,  0.0,  0.0
2857686.98695110, 1.5100,  44853.687047, 19.468,   0.0,    2.0, -2.0, 0.00,  0.00,  0.00, 0.0,  0.0,  0.0
2857686.98945110, 1.5125,  44854.300595, 19.468,   0.0,    2.0, -2.0, 0.00,  0.00,  0.00, 0.0,  0.0,  0.0
2857686.99195110, 1.5150,  44854.498055, 19.468,   0.0,    2.0, -2.0, 0.00,  0.00,  0.00, 0.0,  0.0,  0.0
2857686.99445110, 1.5175,  44854.464748, 19.468,   0.0,    2.0, -2.0, 0.00,  0.00,  0.00, 0.0,  0.0,  0.0
2857686.99695110, 1.5200,  44852.938011, 19.468,   0.0,    2.0, -2.0, 0.00,  0.00,  0.00, 0.0,  0.0,  0.0
2857686.99945110, 1.5225,  44852.752030, 19.468,   0.0,    2.0, -2.0, 0.00,  0.00,  0.00, 0.0,  0.0,  0.0
2857687.00195110, 1.5250,  44852.581393, 19.468,   0.0,    2.0, -2.0, 0.00,  0.00,  0.00, 0.0,  0.0,  0.0
2857687.00445110, 1.5275,  44852.410755, 19.468,   0.0,    2.0, -2.0, 0.00,  0.00,  0.00, 0.0,  0.0,  0.0
2857687.00695110, 1.5300,  44852.240118, 19.468,   0.0,    2.0, -2.0, 0.00,  0.00,  0.00, 0.0,  0.0,  0.0
2857687.00945110, 1.5325,  44852.179777, 19.468,   0.0,    2.0, -2.0, 0.00,  0.00,  0.00, 0.0,  0.0,  0.0
2857687.01195110, 1.5350,  44854.543551, 19.468,   0.0,    2.0, -2.0, 0.00,  0.00,  0.00, 0.0,  0.0,  0.0
2857687.01445110, 1.5375,  44854.618903, 19.468,   0.0,    2.0, -2.0, 0.00,  0.00,  0.00, 0.0,  0.0,  0.0
2857687.01695110, 1.5400,  44854.691413, 19.468,   0.0,    2.0, -2.0, 0.00,  0.00,  0.00, 0.0,  0.0,  0.0
2857687.01945110, 1.5425,  44854.000753, 19.468,   0.0,    2.0, -2.0, 0.00,  0.00,  0.00, 0.0,  0.0,  0.0
2857687.02195110, 1.5450,  44852.880288, 19.468,   0.0,    2.0, -2.0, 0.00,  0.00,  0.00, 0.0,  0.0,  0.0
2857687.02445110, 1.5475,  44850.986620, 19.468,   0.0,    2.0, -2.0, 0.00,  0.00,  0.00, 0.0,  0.0,  0.0
2857687.02695110, 1.5500,  44850.842302, 19.468,   0.0,    2.0, -2.0, 0.00,  0.00,  0.00, 0.0,  0.0,  0.0
2857687.02945110, 1.5525,  44851.454535, 19.468,   0.0,    2.0, -2.0, 0.00,  0.00,  0.00, 0.0,  0.0,  0.0
2857687.03195110, 1.5550,  44852.066767, 19.468,   0.0,    2.0, -2.0, 0.00,  0.00,  0.00, 0.0,  0.0,  0.0
2857687.03445110, 1.5575,  44852.679000, 19.468,   0.0,    2.0, -2.0, 0.00,  0.00,  0.00, 0.0,  0.0,  0.0
2857687.03695110, 1.5600,  44852.932171, 19.468,   0.0,    2.0, -2.0, 0.00,  0.00,  0.00, 0.0,  0.0,  0.0
2857687.03945110, 1.5625,  44852.932171, 19.468,   0.0,    2.0, -2.0, 0.00,  0.00,  0.00, 0.0,  0.0,  0.0
2857687.04195110, 1.5650,  44852.932171, 19.468,   0.0,    2.0, -2.0, 0.00,  0.00,  0.00, 0.0,  0.0,  0.0
2857687.04445110, 1.5675,  44852.932171, 19.468,   0.0,    2.0, -2.0, 0.00,  0.00,  0.00, 0.0,  0.0,  0.0
2857687.04695110, 1.5700,  44853.017257, 19.468,   0.0,    2.0, -2.0, 0.00,  0.00,  0.00, 0.0,  0.0,  0.0
2857687.04945110, 1.5725,  44853.746734, 19.468,   0.0,    2.0, -2.0, 0.00,  0.00,  0.00, 0.0,  0.0,  0.0
2857687.05195110, 1.5750,  44854.348547, 19.468,   0.0,    2.0, -2.0, 0.00,  0.00,  0.00, 0.0,  0.0,  0.0
2857687.05445110, 1.5775,  44854.377040, 19.468,   0.0,    2.0, -2.0, 0.00,  0.00,  0.00, 0.0,  0.0,  0.0
2857687.05695110, 1.5800,  44852.862970, 19.468,   0.0,    2.0, -2.0, 0.00,  0.00,  0.00, 0.0,  0.0,  0.0
2857687.05945110, 1.5825,  44852.279083, 19.468,   0.0,    2.0, -2.0, 0.00,  0.00,  0.00, 0.0,  0.0,  0.0
2857687.06195110, 1.5850,  44851.687819, 19.468,   0.0,    2.0, -2.0, 0.00,  0.00,  0.00, 0.0,  0.0,  0.0
2857687.06445110, 1.5875,  44850.962927, 19.468,   0.0,    2.0, -2.0, 0.00,  0.00,  0.00, 0.0,  0.0,  0.0
2857687.06695110, 1.5900,  44852.329866, 19.468,   0.0,    2.0, -2.0, 0.00,  0.00,  0.00, 0.0,  0.0,  0.0
2857687.06945110, 1.5925,  44854.418194, 19.468,   0.0,    2.0, -2.0, 0.00,  0.00,  0.00, 0.0,  0.0,  0.0
2857687.07195110, 1.5950,  44854.460518, 19.468,   0.0,    2.0, -2.0, 0.00,  0.00,  0.00, 0.0,  0.0,  0.0
2857687.07445110, 1.5975,  44854.557174, 19.468,   0.0,    2.0, -2.0, 0.00,  0.00,  0.00, 0.0,  0.0,  0.0
2857687.07695110, 1.6000,  44854.352135, 19.468,   0.0,    2.0, -2.0, 0.00,  0.00,  0.00, 0.0,  0.0,  0.0
2857687.07945110, 1.6025,  44853.689180, 19.468,   0.0,    2.0, -2.0, 0.00,  0.00,  0.00, 0.0,  0.0,  0.0
2857687.08195110, 1.6050,  44853.026224, 19.468,   0.0,    2.0, -2.0, 0.00,  0.00,  0.00, 0.0,  0.0,  0.0
2857687.08445110, 1.6075,  44852.363268, 19.468,   0.0,    2.0, -2.0, 0.00,  0.00,  0.00, 0.0,  0.0,  0.0
2857687.08695110, 1.6100,  44852.852574, 19.468,   0.0,    2.0, -2.0, 0.00,  0.00,  0.00, 0.0,  0.0,  0.0
2857687.08945110, 1.6125,  44853.284788, 19.468,   0.0,    2.0, -2.0, 0.00,  0.00,  0.00, 0.0,  0.0,  0.0
2857687.09195110, 1.6150,  44853.717001, 19.468,   0.0,    2.0, -2.0, 0.00,  0.00,  0.00, 0.0,  0.0,  0.0
2857687.09445110, 1.6175,  44854.034445, 19.468,   0.0,    2.0, -2.0, 0.00,  0.00,  0.00, 0.0,  0.0,  0.0
2857687.09695110, 1.6200,  44853.508013, 19.468,   0.0,    2.0, -2.0, 0.00,  0.00,  0.00, 0.0,  0.0,  0.0
2857687.09945110, 1.6225,  44852.429980, 19.468,   0.0,    2.0, -2.0, 0.00,  0.00,  0.00, 0.0,  0.0,  0.0
2857687.10195110, 1.6250,  44850.784861, 19.468,   0.0,    2.0, -2.0, 0.00,  0.00,  0.00, 0.0,  0.0,  0.0
2857687.10445110, 1.6275,  44850.598591, 19.468,   0.0,    2.0, -2.0, 0.00,  0.00,  0.00, 0.0,  0.0,  0.0
2857687.10695110, 1.6300,  44852.564088, 19.468,   0.0,    2.0, -2.0, 0.00,  0.00,  0.00, 0.0,  0.0,  0.0
2857687.10945110, 1.6325,  44853.450987, 19.468,   0.0,    2.0, -2.0, 0.00,  0.00,  0.00, 0.0,  0.0,  0.0
2857687.11195110, 1.6350,  44854.180352, 19.468,   0.0,    2.0, -2.0, 0.00,  0.00,  0.00, 0.0,  0.0,  0.0
2857687.11445110, 1.6375,  44854.263990, 19.468,   0.0,    2.0, -2.0, 0.00,  0.00,  0.00, 0.0,  0.0,  0.0
2857687.11695110, 1.6400,  44853.277148, 19.468,   0.0,    2.0, -2.0, 0.00,  0.00,  0.00, 0.0,  0.0,  0.0
2857687.11945110, 1.6425,  44852.410413, 19.468,   0.0,    2.0, -2.0, 0.00,  0.00,  0.00, 0.0,  0.0,  0.0
2857687.12195110, 1.6450,  44852.153468, 19.468,   0.0,    2.0, -2.0, 0.00,  0.00,  0.00, 0.0,  0.0,  0.0
2857687.12445110, 1.6475,  44850.918911, 19.468,   0.0,    2.0, -2.0, 0.00,  0.00,  0.00, 0.0,  0.0,  0.0
2857687.12695110, 1.6500,  44851.813661, 19.468,   0.0,    2.0, -2.0, 0.00,  0.00,  0.00, 0.0,  0.0,  0.0
2857687.12945110, 1.6525,  44853.183183, 19.468,   0.0,    2.0, -2.0, 0.00,  0.00,  0.00, 0.0,  0.0,  0.0
2857687.13195110, 1.6550,  44853.877261, 19.468,   0.0,    2.0, -2.0, 0.00,  0.00,  0.00, 0.0,  0.0,  0.0
2857687.13445110, 1.6575,  44854.160927, 19.468,   0.0,    2.0, -2.0, 0.00,  0.00,  0.00, 0.0,  0.0,  0.0
2857687.13695110, 1.6600,  44854.194245, 19.468,   0.0,    2.0, -2.0, 0.00,  0.00,  0.00, 0.0,  0.0,  0.0
2857687.13945110, 1.6625,  44853.631631, 19.468,   0.0,    2.0, -2.0, 0.00,  0.00,  0.00, 0.0,  0.0,  0.0
2857687.14195110, 1.6650,  44852.808578, 19.468,   0.0,    2.0, -2.0, 0.00,  0.00,  0.00, 0.0,  0.0,  0.0
2857687.14445110, 1.6675,  44852.270600, 19.468,   0.0,    2.0, -2.0, 0.00,  0.00,  0.00, 0.0,  0.0,  0.0
2857687.14695110, 1.6700,  44852.630826, 19.468,   0.0,    2.0, -2.0, 0.00,  0.00,  0.00, 0.0,  0.0,  0.0
2857687.14945110, 1.6725,  44853.738381, 19.468,   0.0,    2.0, -2.0, 0.00,  0.00,  0.00, 0.0,  0.0,  0.0
2857687.15195110, 1.6750,  44854.076073, 19.468,   0.0,    2.0, -2.0, 0.00,  0.00,  0.00, 0.0,  0.0,  0.0
2857687.15445110, 1.6775,  44853.934778, 19.468,   0.0,    2.0, -2.0, 0.00,  0.00,  0.00, 0.0,  0.0,  0.0
2857687.15695110, 1.6800,  44853.099509, 19.468,   0.0,    2.0, -2.0, 0.00,  0.00,  0.00, 0.0,  0.0,  0.0
2857687.15945110, 1.6825,  44852.880509, 19.468,   0.0,    2.0, -2.0, 0.00,  0.00,  0.00, 0.0,  0.0,  0.0
2857687.16195110, 1.6850,  44852.661509, 19.468,   0.0,    2.0, -2.0, 0.00,  0.00,  0.00, 0.0,  0.0,  0.0
2857687.16445110, 1.6875,  44852.515551, 19.468,   0.0,    2.0, -2.0, 0.00,  0.00,  0.00, 0.0,  0.0,  0.0
2857687.16695110, 1.6900,  44852.554431, 19.468,   0.0,    2.0, -2.0, 0.00,  0.00,  0.00, 0.0,  0.0,  0.0
2857687.16945110, 1.6925,  44852.845899, 19.468,   0.0,    2.0, -2.0, 0.00,  0.00,  0.00, 0.0,  0.0,  0.0
2857687.17195110, 1.6950,  44854.758647, 19.468,   0.0,    2.0, -2.0, 0.00,  0.00,  0.00, 0.0,  0.0,  0.0
2857687.17445110, 1.6975,  44854.407807, 19.468,   0.0,    2.0, -2.0, 0.00,  0.00,  0.00, 0.0,  0.0,  0.0
2857687.17695110, 1.7000,  44853.897612, 19.468,   0.0,    2.0, -2.0, 0.00,  0.00,  0.00, 0.0,  0.0,  0.0
2857687.17945110, 1.7025,  44853.387418, 19.468,   0.0,    2.0, -2.0, 0.00,  0.00,  0.00, 0.0,  0.0,  0.0
2857687.18195110, 1.7050,  44852.877224, 19.468,   0.0,    2.0, -2.0, 0.00,  0.00,  0.00, 0.0,  0.0,  0.0
2857687.18445110, 1.7075,  44851.065124, 19.468,   0.0,    2.0, -2.0, 0.00,  0.00,  0.00, 0.0,  0.0,  0.0
2857687.18695110, 1.7100,  44852.197856, 19.468,   0.0,    2.0, -2.0, 0.00,  0.00,  0.00, 0.0,  0.0,  0.0
2857687.18945110, 1.7125,  44852.795819, 19.468,   0.0,    2.0, -2.0, 0.00,  0.00,  0.00, 0.0,  0.0,  0.0
2857687.19195110, 1.7150,  44853.128303, 19.468,   0.0,    2.0, -2.0, 0.00,  0.00,  0.00, 0.0,  0.0,  0.0
2857687.19445110, 1.7175,  44853.460786, 19.468,   0.0,    2.0, -2.0, 0.00,  0.00,  0.00, 0.0,  0.0,  0.0
2857687.19695110, 1.7200,  44852.856371, 19.468,   0.0,    2.0, -2.0, 0.00,  0.00,  0.00, 0.0,  0.0,  0.0
2857687.19945110, 1.7225,  44852.151742, 19.468,   0.0,    2.0, -2.0, 0.00,  0.00,  0.00, 0.0,  0.0,  0.0
2857687.20195110, 1.7250,  44852.151742, 19.468,   0.0,    2.0, -2.0, 0.00,  0.00,  0.00, 0.0,  0.0,  0.0
2857687.20445110, 1.7275,  44852.260015, 19.468,   0.0,    2.0, -2.0, 0.00,  0.00,  0.00, 0.0,  0.0,  0.0
2857687.20695110, 1.7300,  44852.518276, 19.468,   0.0,    2.0, -2.0, 0.00,  0.00,  0.00, 0.0,  0.0,  0.0
2857687.20945110, 1.7325,  44853.144687, 19.468,   0.0,    2.0, -2.0, 0.00,  0.00,  0.00, 0.0,  0.0,  0.0
2857687.21195110, 1.7350,  44854.018749, 19.468,   0.0,    2.0, -2.0, 0.00,  0.00,  0.00, 0.0,  0.0,  0.0
2857687.21445110, 1.7375,  44854.221276, 19.468,   0.0,    2.0, -2.0, 0.00,  0.00,  0.00, 0.0,  0.0,  0.0
2857687.21695110, 1.7400,  44854.376657, 19.468,   0.0,    2.0, -2.0, 0.00,  0.00,  0.00, 0.0,  0.0,  0.0
2857687.21945110, 1.7425,  44853.518465, 19.468,   0.0,    2.0, -2.0, 0.00,  0.00,  0.00, 0.0,  0.0,  0.0
2857687.22195110, 1.7450,  44852.290468, 19.468,   0.0,    2.0, -2.0, 0.00,  0.00,  0.00, 0.0,  0.0,  0.0
2857687.22445110, 1.7475,  44851.350016, 19.468,   0.0,    2.0, -2.0, 0.00,  0.00,  0.00, 0.0,  0.0,  0.0
2857687.22695110, 1.7500,  44851.304520, 19.468,   0.0,    2.0, -2.0, 0.00,  0.00,  0.00, 0.0,  0.0,  0.0
2857687.22945110, 1.7525,  44854.103983, 19.468,   0.0,    2.0, -2.0, 0.00,  0.00,  0.00, 0.0,  0.0,  0.0
2857687.23195110, 1.7550,  44854.465848, 19.468,   0.0,    2.0, -2.0, 0.00,  0.00,  0.00, 0.0,  0.0,  0.0
2857687.23445110, 1.7575,  44853.988230, 19.468,   0.0,    2.0, -2.0, 0.00,  0.00,  0.00, 0.0,  0.0,  0.0
2857687.23695110, 1.7600,  44852.813594, 19.468,   0.0,    2.0, -2.0, 0.00,  0.00,  0.00, 0.0,  0.0,  0.0
2857687.23945110, 1.7625,  44852.059558, 19.468,   0.0,    2.0, -2.0, 0.00,  0.00,  0.00, 0.0,  0.0,  0.0
2857687.24195110, 1.7650,  44851.676151, 19.468,   0.0,    2.0, -2.0, 0.00,  0.00,  0.00, 0.0,  0.0,  0.0
2857687.24445110, 1.7675,  44851.292743, 19.468,   0.0,    2.0, -2.0, 0.00,  0.00,  0.00, 0.0,  0.0,  0.0
2857687.24695110, 1.7700,  44850.909336, 19.468,   0.0,    2.0, -2.0, 0.00,  0.00,  0.00, 0.0,  0.0,  0.0
2857687.24945110, 1.7725,  44852.094726, 19.468,   0.0,    2.0, -2.0, 0.00,  0.00,  0.00, 0.0,  0.0,  0.0
2857687.25195110, 1.7750,  44854.580063, 19.468,   0.0,    2.0, -2.0, 0.00,  0.00,  0.00, 0.0,  0.0,  0.0
2857687.25445110, 1.7775,  44854.778282, 19.468,   0.0,    2.0, -2.0, 0.00,  0.00,  0.00, 0.0,  0.0,  0.0
2857687.25695110, 1.7800,  44854.140653, 19.468,   0.0,    2.0, -2.0, 0.00,  0.00,  0.00, 0.0,  0.0,  0.0
2857687.25945110, 1.7825,  44853.438487, 19.468,   0.0,    2.0, -2.0, 0.00,  0.00,  0.00, 0.0,  0.0,  0.0
2857687.26195110, 1.7850,  44852.730104, 19.468,   0.0,    2.0, -2.0, 0.00,  0.00,  0.00, 0.0,  0.0,  0.0
2857687.26445110, 1.7875,  44852.021722, 19.468,   0.0,    2.0, -2.0, 0.00,  0.00,  0.00, 0.0,  0.0,  0.0
2857687.26695110, 1.7900,  44851.313339, 19.468,   0.0,    2.0, -2.0, 0.00,  0.00,  0.00, 0.0,  0.0,  0.0
2857687.26945110, 1.7925,  44853.809804, 19.468,   0.0,    2.0, -2.0, 0.00,  0.00,  0.00, 0.0,  0.0,  0.0
2857687.27195110, 1.7950,  44854.341352, 19.468,   0.0,    2.0, -2.0, 0.00,  0.00,  0.00, 0.0,  0.0,  0.0
2857687.27445110, 1.7975,  44854.250902, 19.468,   0.0,    2.0, -2.0, 0.00,  0.00,  0.00, 0.0,  0.0,  0.0
2857687.27695110, 1.8000,  44854.148705, 19.468,   0.0,    2.0, -2.0, 0.00,  0.00,  0.00, 0.0,  0.0,  0.0
2857687.27945110, 1.8025,  44853.143270, 19.468,   0.0,    2.0, -2.0, 0.00,  0.00,  0.00, 0.0,  0.0,  0.0
2857687.28195110, 1.8050,  44852.137899, 19.468,   0.0,    2.0, -2.0, 0.00,  0.00,  0.00, 0.0,  0.0,  0.0
2857687.28445110, 1.8075,  44851.152623, 19.468,   0.0,    2.0, -2.0, 0.00,  0.00,  0.00, 0.0,  0.0,  0.0
2857687.28695110, 1.8100,  44850.437334, 19.468,   0.0,    2.0, -2.0, 0.00,  0.00,  0.00, 0.0,  0.0,  0.0
2857687.28945110, 1.8125,  44851.795707, 19.468,   0.0,    2.0, -2.0, 0.00,  0.00,  0.00, 0.0,  0.0,  0.0
2857687.29195110, 1.8150,  44853.154081, 19.468,   0.0,    2.0, -2.0, 0.00,  0.00,  0.00, 0.0,  0.0,  0.0
2857687.29695110, 1.8200,  44853.543069, 19.468,   0.0,    2.0, -2.0, 0.00,  0.00,  0.00, 0.0,  0.0,  0.0
2857687.29945110, 1.8225,  44853.024811, 19.468,   0.0,    2.0, -2.0, 0.00,  0.00,  0.00, 0.0,  0.0,  0.0
2857687.30195110, 1.8250,  44851.866295, 19.468,   0.0,    2.0, -2.0, 0.00,  0.00,  0.00, 0.0,  0.0,  0.0
2857687.30445110, 1.8275,  44851.151456, 19.468,   0.0,    2.0, -2.0, 0.00,  0.00,  0.00, 0.0,  0.0,  0.0
2857687.30695110, 1.8300,  44851.990768, 19.468,   0.0,    2.0, -2.0, 0.00,  0.00,  0.00, 0.0,  0.0,  0.0
2857687.30945110, 1.8325,  44852.843059, 19.468,   0.0,    2.0, -2.0, 0.00,  0.00,  0.00, 0.0,  0.0,  0.0
2857687.31195110, 1.8350,  44853.802945, 19.468,   0.0,    2.0, -2.0, 0.00,  0.00,  0.00, 0.0,  0.0,  0.0
2857687.31445110, 1.8375,  44853.881471, 19.468,   0.0,    2.0, -2.0, 0.00,  0.00,  0.00, 0.0,  0.0,  0.0
2857687.31695110, 1.8400,  44852.532304, 19.468,   0.0,    2.0, -2.0, 0.00,  0.00,  0.00, 0.0,  0.0,  0.0
2857687.31945110, 1.8425,  44851.723704, 19.468,   0.0,    2.0, -2.0, 0.00,  0.00,  0.00, 0.0,  0.0,  0.0
2857687.32195110, 1.8450,  44850.746848, 19.468,   0.0,    2.0, -2.0, 0.00,  0.00,  0.00, 0.0,  0.0,  0.0
2857687.32445110, 1.8475,  44850.178718, 19.468,   0.0,    2.0, -2.0, 0.00,  0.00,  0.00, 0.0,  0.0,  0.0
2857687.32695110, 1.8500,  44852.709391, 19.468,   0.0,    2.0, -2.0, 0.00,  0.00,  0.00, 0.0,  0.0,  0.0
2857687.32945110, 1.8525,  44854.096730, 19.468,   0.0,    2.0, -2.0, 0.00,  0.00,  0.00, 0.0,  0.0,  0.0
2857687.33195110, 1.8550,  44854.215885, 19.468,   0.0,    2.0, -2.0, 0.00,  0.00,  0.00, 0.0,  0.0,  0.0
2857687.33445110, 1.8575,  44854.098135, 19.468,   0.0,    2.0, -2.0, 0.00,  0.00,  0.00, 0.0,  0.0,  0.0
2857687.33695110, 1.8600,  44853.028960, 19.468,   0.0,    2.0, -2.0, 0.00,  0.00,  0.00, 0.0,  0.0,  0.0
2857687.33945110, 1.8625,  44851.858317, 19.468,   0.0,    2.0, -2.0, 0.00,  0.00,  0.00, 0.0,  0.0,  0.0
2857687.34195110, 1.8650,  44851.107877, 19.468,   0.0,    2.0, -2.0, 0.00,  0.00,  0.00, 0.0,  0.0,  0.0
2857687.34445110, 1.8675,  44850.849441, 19.468,   0.0,    2.0, -2.0, 0.00,  0.00,  0.00, 0.0,  0.0,  0.0
2857687.34695110, 1.8700,  44850.728807, 19.468,   0.0,    2.0, -2.0, 0.00,  0.00,  0.00, 0.0,  0.0,  0.0
2857687.34945110, 1.8725,  44851.943412, 19.468,   0.0,    2.0, -2.0, 0.00,  0.00,  0.00, 0.0,  0.0,  0.0
2857687.35195110, 1.8750,  44853.428560, 19.468,   0.0,    2.0, -2.0, 0.00,  0.00,  0.00, 0.0,  0.0,  0.0
2857687.35445110, 1.8775,  44854.263533, 19.468,   0.0,    2.0, -2.0, 0.00,  0.00,  0.00, 0.0,  0.0,  0.0
2857687.35695110, 1.8800,  44853.612875, 19.468,   0.0,    2.0, -2.0, 0.00,  0.00,  0.00, 0.0,  0.0,  0.0
2857687.35945110, 1.8825,  44852.746344, 19.468,   0.0,    2.0, -2.0, 0.00,  0.00,  0.00, 0.0,  0.0,  0.0
2857687.36195110, 1.8850,  44851.197941, 19.468,   0.0,    2.0, -2.0, 0.00,  0.00,  0.00, 0.0,  0.0,  0.0
2857687.36445110, 1.8875,  44850.581416, 19.468,   0.0,    2.0, -2.0, 0.00,  0.00,  0.00, 0.0,  0.0,  0.0
2857687.36695110, 1.8900,  44850.381999, 19.468,   0.0,    2.0, -2.0, 0.00,  0.00,  0.00, 0.0,  0.0,  0.0
2857687.36945110, 1.8925,  44853.371829, 19.468,   0.0,    2.0, -2.0, 0.00,  0.00,  0.00, 0.0,  0.0,  0.0
2857687.37195110, 1.8950,  44854.423955, 19.468,   0.0,    2.0, -2.0, 0.00,  0.00,  0.00, 0.0,  0.0,  0.0
2857687.37445110, 1.8975,  44854.534691, 19.468,   0.0,    2.0, -2.0, 0.00,  0.00,  0.00, 0.0,  0.0,  0.0
2857687.37695110, 1.9000,  44854.471686, 19.468,   0.0,    2.0, -2.0, 0.00,  0.00,  0.00, 0.0,  0.0,  0.0
2857687.37945110, 1.9025,  44852.850858, 19.468,   0.0,    2.0, -2.0, 0.00,  0.00,  0.00, 0.0,  0.0,  0.0
2857687.38195110, 1.9050,  44851.082536, 19.468,   0.0,    2.0, -2.0, 0.00,  0.00,  0.00, 0.0,  0.0,  0.0
2857687.38445110, 1.9075,  44850.613732, 19.468,   0.0,    2.0, -2.0, 0.00,  0.00,  0.00, 0.0,  0.0,  0.0
2857687.38695110, 1.9100,  44850.449359, 19.468,   0.0,    2.0, -2.0, 0.00,  0.00,  0.00, 0.0,  0.0,  0.0
2857687.38945110, 1.9125,  44850.284986, 19.468,   0.0,    2.0, -2.0, 0.00,  0.00,  0.00, 0.0,  0.0,  0.0
2857687.39195110, 1.9150,  44850.986324, 19.468,   0.0,    2.0, -2.0, 0.00,  0.00,  0.00, 0.0,  0.0,  0.0
2857687.39445110, 1.9175,  44853.044688, 19.468,   0.0,    2.0, -2.0, 0.00,  0.00,  0.00, 0.0,  0.0,  0.0
2857687.39695110, 1.9200,  44854.495261, 19.468,   0.0,    2.0, -2.0, 0.00,  0.00,  0.00, 0.0,  0.0,  0.0
2857687.39945110, 1.9225,  44853.479005, 19.468,   0.0,    2.0, -2.0, 0.00,  0.00,  0.00, 0.0,  0.0,  0.0
2857687.40195110, 1.9250,  44852.459467, 19.468,   0.0,    2.0, -2.0, 0.00,  0.00,  0.00, 0.0,  0.0,  0.0
2857687.40445110, 1.9275,  44851.424763, 19.468,   0.0,    2.0, -2.0, 0.00,  0.00,  0.00, 0.0,  0.0,  0.0
2857687.40695110, 1.9300,  44851.196363, 19.468,   0.0,    2.0, -2.0, 0.00,  0.00,  0.00, 0.0,  0.0,  0.0
2857687.40945110, 1.9325,  44854.348635, 19.468,   0.0,    2.0, -2.0, 0.00,  0.00,  0.00, 0.0,  0.0,  0.0
2857687.41195110, 1.9350,  44854.372229, 19.468,   0.0,    2.0, -2.0, 0.00,  0.00,  0.00, 0.0,  0.0,  0.0
2857687.41445110, 1.9375,  44854.247141, 19.468,   0.0,    2.0, -2.0, 0.00,  0.00,  0.00, 0.0,  0.0,  0.0
2857687.41695110, 1.9400,  44853.061509, 19.468,   0.0,    2.0, -2.0, 0.00,  0.00,  0.00, 0.0,  0.0,  0.0
2857687.41945110, 1.9425,  44852.354453, 19.468,   0.0,    2.0, -2.0, 0.00,  0.00,  0.00, 0.0,  0.0,  0.0
2857687.42195110, 1.9450,  44852.092450, 19.468,   0.0,    2.0, -2.0, 0.00,  0.00,  0.00, 0.0,  0.0,  0.0
2857687.42445110, 1.9475,  44851.830446, 19.468,   0.0,    2.0, -2.0, 0.00,  0.00,  0.00, 0.0,  0.0,  0.0
2857687.42695110, 1.9500,  44851.568443, 19.468,   0.0,    2.0, -2.0, 0.00,  0.00,  0.00, 0.0,  0.0,  0.0
2857687.42945110, 1.9525,  44851.306440, 19.468,   0.0,    2.0, -2.0, 0.00,  0.00,  0.00, 0.0,  0.0,  0.0
2857687.43195110, 1.9550,  44851.163849, 19.468,   0.0,    2.0, -2.0, 0.00,  0.00,  0.00, 0.0,  0.0,  0.0
2857687.43445110, 1.9575,  44854.082838, 19.468,   0.0,    2.0, -2.0, 0.00,  0.00,  0.00, 0.0,  0.0,  0.0
2857687.43695110, 1.9600,  44852.939702, 19.468,   0.0,    2.0, -2.0, 0.00,  0.00,  0.00, 0.0,  0.0,  0.0
2857687.43945110, 1.9625,  44852.590322, 19.468,   0.0,    2.0, -2.0, 0.00,  0.00,  0.00, 0.0,  0.0,  0.0
2857687.44195110, 1.9650,  44852.123932, 19.468,   0.0,    2.0, -2.0, 0.00,  0.00,  0.00, 0.0,  0.0,  0.0
2857687.44445110, 1.9675,  44851.378553, 19.468,   0.0,    2.0, -2.0, 0.00,  0.00,  0.00, 0.0,  0.0,  0.0
2857687.44695110, 1.9700,  44851.020655, 19.468,   0.0,    2.0, -2.0, 0.00,  0.00,  0.00, 0.0,  0.0,  0.0
2857687.44945110, 1.9725,  44853.262347, 19.468,   0.0,    2.0, -2.0, 0.00,  0.00,  0.00, 0.0,  0.0,  0.0
2857687.45195110, 1.9750,  44853.772720, 19.468,   0.0,    2.0, -2.0, 0.00,  0.00,  0.00, 0.0,  0.0,  0.0
2857687.45445110, 1.9775,  44853.922841, 19.468,   0.0,    2.0, -2.0, 0.00,  0.00,  0.00, 0.0,  0.0,  0.0
2857687.45695110, 1.9800,  44854.072963, 19.468,   0.0,    2.0, -2.0, 0.00,  0.00,  0.00, 0.0,  0.0,  0.0
2857687.45945110, 1.9825,  44853.056849, 19.468,   0.0,    2.0, -2.0, 0.00,  0.00,  0.00, 0.0,  0.0,  0.0
2857687.46195110, 1.9850,  44850.834642, 19.468,   0.0,    2.0, -2.0, 0.00,  0.00,  0.00, 0.0,  0.0,  0.0
2857687.46445110, 1.9875,  44850.657141, 19.468,   0.0,    2.0, -2.0, 0.00,  0.00,  0.00, 0.0,  0.0,  0.0
2857687.46695110, 1.9900,  44850.479641, 19.468,   0.0,    2.0, -2.0, 0.00,  0.00,  0.00, 0.0,  0.0,  0.0
2857687.46945110, 1.9925,  44850.303226, 19.468,   0.0,    2.0, -2.0, 0.00,  0.00,  0.00, 0.0,  0.0,  0.0
2857687.47195110, 1.9950,  44852.215488, 19.468,   0.0,    2.0, -2.0, 0.00,  0.00,  0.00, 0.0,  0.0,  0.0
2857687.47445110, 1.9975,  44854.127749, 19.468,   0.0,    2.0, -2.0, 0.00,  0.00,  0.00, 0.0,  0.0,  0.0
2857687.47695110, 2.0000,  44853.898187, 19.468,   0.0,    2.0, -2.0, 0.00,  0.00,  0.00, 0.0,  0.0,  0.0
2857687.47945110, 2.0025,  44853.411560, 19.468,   0.0,    2.0, -2.0, 0.00,  0.00,  0.00, 0.0,  0.0,  0.0
2857687.48195110, 2.0050,  44852.302773, 19.468,   0.0,    2.0, -2.0, 0.00,  0.00,  0.00, 0.0,  0.0,  0.0
2857687.48445110, 2.0075,  44850.922136, 19.468,   0.0,    2.0, -2.0, 0.00,  0.00,  0.00, 0.0,  0.0,  0.0
2857687.48695110, 2.0100,  44851.759883, 19.468,   0.0,    2.0, -2.0, 0.00,  0.00,  0.00, 0.0,  0.0,  0.0
2857687.48945110, 2.0125,  44853.095414, 19.468,   0.0,    2.0, -2.0, 0.00,  0.00,  0.00, 0.0,  0.0,  0.0
2857687.49195110, 2.0150,  44854.157229, 19.468,   0.0,    2.0, -2.0, 0.00,  0.00,  0.00, 0.0,  0.0,  0.0
2857687.49445110, 2.0175,  44854.422426, 19.468,   0.0,    2.0, -2.0, 0.00,  0.00,  0.00, 0.0,  0.0,  0.0
2857687.49695110, 2.0200,  44853.975768, 19.468,   0.0,    2.0, -2.0, 0.00,  0.00,  0.00, 0.0,  0.0,  0.0
2857687.49945110, 2.0225,  44853.112263, 19.468,   0.0,    2.0, -2.0, 0.00,  0.00,  0.00, 0.0,  0.0,  0.0
2857687.50195110, 2.0250,  44852.206485, 19.468,   0.0,    2.0, -2.0, 0.00,  0.00,  0.00, 0.0,  0.0,  0.0
2857687.50445110, 2.0275,  44850.766743, 19.468,   0.0,    2.0, -2.0, 0.00,  0.00,  0.00, 0.0,  0.0,  0.0
2857687.50695110, 2.0300,  44852.125841, 19.468,   0.0,    2.0, -2.0, 0.00,  0.00,  0.00, 0.0,  0.0,  0.0
2857687.50945110, 2.0325,  44853.308267, 19.468,   0.0,    2.0, -2.0, 0.00,  0.00,  0.00, 0.0,  0.0,  0.0
2857687.51195110, 2.0350,  44854.375108, 19.468,   0.0,    2.0, -2.0, 0.00,  0.00,  0.00, 0.0,  0.0,  0.0
2857687.51445110, 2.0375,  44854.482024, 19.468,   0.0,    2.0, -2.0, 0.00,  0.00,  0.00, 0.0,  0.0,  0.0
2857687.51695110, 2.0400,  44853.016750, 19.468,   0.0,    2.0, -2.0, 0.00,  0.00,  0.00, 0.0,  0.0,  0.0
2857687.51945110, 2.0425,  44852.779042, 19.468,   0.0,    2.0, -2.0, 0.00,  0.00,  0.00, 0.0,  0.0,  0.0
2857687.52195110, 2.0450,  44852.541334, 19.468,   0.0,    2.0, -2.0, 0.00,  0.00,  0.00, 0.0,  0.0,  0.0
2857687.52445110, 2.0475,  44852.303625, 19.468,   0.0,    2.0, -2.0, 0.00,  0.00,  0.00, 0.0,  0.0,  0.0
2857687.52695110, 2.0500,  44852.065917, 19.468,   0.0,    2.0, -2.0, 0.00,  0.00,  0.00, 0.0,  0.0,  0.0
2857687.52945110, 2.0525,  44854.290809, 19.468,   0.0,    2.0, -2.0, 0.00,  0.00,  0.00, 0.0,  0.0,  0.0
2857687.53195110, 2.0550,  44854.501748, 19.468,   0.0,    2.0, -2.0, 0.00,  0.00,  0.00, 0.0,  0.0,  0.0
2857687.53445110, 2.0575,  44854.487970, 19.468,   0.0,    2.0, -2.0, 0.00,  0.00,  0.00, 0.0,  0.0,  0.0
2857687.53695110, 2.0600,  44854.474191, 19.468,   0.0,    2.0, -2.0, 0.00,  0.00,  0.00, 0.0,  0.0,  0.0
2857687.53945110, 2.0625,  44854.427686, 19.468,   0.0,    2.0, -2.0, 0.00,  0.00,  0.00, 0.0,  0.0,  0.0
2857687.54195110, 2.0650,  44853.585798, 19.468,   0.0,    2.0, -2.0, 0.00,  0.00,  0.00, 0.0,  0.0,  0.0
2857687.54445110, 2.0675,  44852.743911, 19.468,   0.0,    2.0, -2.0, 0.00,  0.00,  0.00, 0.0,  0.0,  0.0
2857687.54695110, 2.0700,  44851.902023, 19.468,   0.0,    2.0, -2.0, 0.00,  0.00,  0.00, 0.0,  0.0,  0.0
2857687.54945110, 2.0725,  44851.064041, 19.468,   0.0,    2.0, -2.0, 0.00,  0.00,  0.00, 0.0,  0.0,  0.0
2857687.55195110, 2.0750,  44853.096006, 19.468,   0.0,    2.0, -2.0, 0.00,  0.00,  0.00, 0.0,  0.0,  0.0
2857687.55445110, 2.0775,  44854.129183, 19.468,   0.0,    2.0, -2.0, 0.00,  0.00,  0.00, 0.0,  0.0,  0.0
2857687.55695110, 2.0800,  44853.676100, 19.468,   0.0,    2.0, -2.0, 0.00,  0.00,  0.00, 0.0,  0.0,  0.0
2857687.55945110, 2.0825,  44853.223017, 19.468,   0.0,    2.0, -2.0, 0.00,  0.00,  0.00, 0.0,  0.0,  0.0
2857687.56195110, 2.0850,  44851.720865, 19.468,   0.0,    2.0, -2.0, 0.00,  0.00,  0.00, 0.0,  0.0,  0.0
2857687.56445110, 2.0875,  44850.590884, 19.468,   0.0,    2.0, -2.0, 0.00,  0.00,  0.00, 0.0,  0.0,  0.0
2857687.56695110, 2.0900,  44851.134803, 19.468,   0.0,    2.0, -2.0, 0.00,  0.00,  0.00, 0.0,  0.0,  0.0
2857687.56945110, 2.0925,  44853.335843, 19.468,   0.0,    2.0, -2.0, 0.00,  0.00,  0.00, 0.0,  0.0,  0.0
2857687.57195110, 2.0950,  44854.252791, 19.468,   0.0,    2.0, -2.0, 0.00,  0.00,  0.00, 0.0,  0.0,  0.0
2857687.57695110, 2.1000,  44853.217669, 19.468,   0.0,    2.0, -2.0, 0.00,  0.00,  0.00, 0.0,  0.0,  0.0
2857687.57945110, 2.1025,  44853.078939, 19.468,   0.0,    2.0, -2.0, 0.00,  0.00,  0.00, 0.0,  0.0,  0.0
2857687.58195110, 2.1050,  44852.940210, 19.468,   0.0,    2.0, -2.0, 0.00,  0.00,  0.00, 0.0,  0.0,  0.0
2857687.58445110, 2.1075,  44852.801481, 19.468,   0.0,    2.0, -2.0, 0.00,  0.00,  0.00, 0.0,  0.0,  0.0
2857687.58695110, 2.1100,  44853.102838, 19.468,   0.0,    2.0, -2.0, 0.00,  0.00,  0.00, 0.0,  0.0,  0.0
2857687.58945110, 2.1125,  44854.407357, 19.468,   0.0,    2.0, -2.0, 0.00,  0.00,  0.00, 0.0,  0.0,  0.0
2857687.59195110, 2.1150,  44854.699506, 19.468,   0.0,    2.0, -2.0, 0.00,  0.00,  0.00, 0.0,  0.0,  0.0
2857687.59445110, 2.1175,  44854.706845, 19.468,   0.0,    2.0, -2.0, 0.00,  0.00,  0.00, 0.0,  0.0,  0.0
2857687.59695110, 2.1200,  44853.734445, 19.468,   0.0,    2.0, -2.0, 0.00,  0.00,  0.00, 0.0,  0.0,  0.0
2857687.59945110, 2.1225,  44852.221688, 19.468,   0.0,    2.0, -2.0, 0.00,  0.00,  0.00, 0.0,  0.0,  0.0
2857687.60195110, 2.1250,  44851.809002, 19.468,   0.0,    2.0, -2.0, 0.00,  0.00,  0.00, 0.0,  0.0,  0.0
2857687.60445110, 2.1275,  44851.503310, 19.468,   0.0,    2.0, -2.0, 0.00,  0.00,  0.00, 0.0,  0.0,  0.0
2857687.60695110, 2.1300,  44851.197618, 19.468,   0.0,    2.0, -2.0, 0.00,  0.00,  0.00, 0.0,  0.0,  0.0
2857687.60945110, 2.1325,  44850.891926, 19.468,   0.0,    2.0, -2.0, 0.00,  0.00,  0.00, 0.0,  0.0,  0.0
2857687.61195110, 2.1350,  44853.138175, 19.468,   0.0,    2.0, -2.0, 0.00,  0.00,  0.00, 0.0,  0.0,  0.0
2857687.61445110, 2.1375,  44854.653391, 19.468,   0.0,    2.0, -2.0, 0.00,  0.00,  0.00, 0.0,  0.0,  0.0
2857687.61695110, 2.1400,  44854.653391, 19.468,   0.0,    2.0, -2.0, 0.00,  0.00,  0.00, 0.0,  0.0,  0.0
2857687.61945110, 2.1425,  44854.653391, 19.468,   0.0,    2.0, -2.0, 0.00,  0.00,  0.00, 0.0,  0.0,  0.0
2857687.62195110, 2.1450,  44854.653391, 19.468,   0.0,    2.0, -2.0, 0.00,  0.00,  0.00, 0.0,  0.0,  0.0
2857687.62445110, 2.1475,  44853.694246, 19.468,   0.0,    2.0, -2.0, 0.00,  0.00,  0.00, 0.0,  0.0,  0.0
2857687.62695110, 2.1500,  44852.916057, 19.468,   0.0,    2.0, -2.0, 0.00,  0.00,  0.00, 0.0,  0.0,  0.0
2857687.62945110, 2.1525,  44853.419958, 19.468,   0.0,    2.0, -2.0, 0.00,  0.00,  0.00, 0.0,  0.0,  0.0
2857687.63195110, 2.1550,  44853.923859, 19.468,   0.0,    2.0, -2.0, 0.00,  0.00,  0.00, 0.0,  0.0,  0.0
2857687.63445110, 2.1575,  44854.427760, 19.468,   0.0,    2.0, -2.0, 0.00,  0.00,  0.00, 0.0,  0.0,  0.0
2857687.63695110, 2.1600,  44853.181696, 19.468,   0.0,    2.0, -2.0, 0.00,  0.00,  0.00, 0.0,  0.0,  0.0
2857687.63945110, 2.1625,  44852.445285, 19.468,   0.0,    2.0, -2.0, 0.00,  0.00,  0.00, 0.0,  0.0,  0.0
2857687.64195110, 2.1650,  44851.646922, 19.468,   0.0,    2.0, -2.0, 0.00,  0.00,  0.00, 0.0,  0.0,  0.0
2857687.64445110, 2.1675,  44850.793355, 19.468,   0.0,    2.0, -2.0, 0.00,  0.00,  0.00, 0.0,  0.0,  0.0
2857687.64695110, 2.1700,  44850.867827, 19.468,   0.0,    2.0, -2.0, 0.00,  0.00,  0.00, 0.0,  0.0,  0.0
2857687.64945110, 2.1725,  44852.577910, 19.468,   0.0,    2.0, -2.0, 0.00,  0.00,  0.00, 0.0,  0.0,  0.0
2857687.65445110, 2.1775,  44854.386464, 19.468,   0.0,    2.0, -2.0, 0.00,  0.00,  0.00, 0.0,  0.0,  0.0
2857687.65695110, 2.1800,  44854.145113, 19.468,   0.0,    2.0, -2.0, 0.00,  0.00,  0.00, 0.0,  0.0,  0.0
2857687.65945110, 2.1825,  44852.656048, 19.468,   0.0,    2.0, -2.0, 0.00,  0.00,  0.00, 0.0,  0.0,  0.0
2857687.66195110, 2.1850,  44851.614509, 19.468,   0.0,    2.0, -2.0, 0.00,  0.00,  0.00, 0.0,  0.0,  0.0
2857687.66445110, 2.1875,  44851.200559, 19.468,   0.0,    2.0, -2.0, 0.00,  0.00,  0.00, 0.0,  0.0,  0.0
2857687.66695110, 2.1900,  44851.517717, 19.468,   0.0,    2.0, -2.0, 0.00,  0.00,  0.00, 0.0,  0.0,  0.0
2857687.66945110, 2.1925,  44851.834876, 19.468,   0.0,    2.0, -2.0, 0.00,  0.00,  0.00, 0.0,  0.0,  0.0
2857687.67195110, 2.1950,  44852.152034, 19.468,   0.0,    2.0, -2.0, 0.00,  0.00,  0.00, 0.0,  0.0,  0.0
2857687.67445110, 2.1975,  44854.062968, 19.468,   0.0,    2.0, -2.0, 0.00,  0.00,  0.00, 0.0,  0.0,  0.0
2857687.67695110, 2.2000,  44853.085408, 19.468,   0.0,    2.0, -2.0, 0.00,  0.00,  0.00, 0.0,  0.0,  0.0
2857687.67945110, 2.2025,  44852.349346, 19.468,   0.0,    2.0, -2.0, 0.00,  0.00,  0.00, 0.0,  0.0,  0.0
2857687.68195110, 2.2050,  44851.457357, 19.468,   0.0,    2.0, -2.0, 0.00,  0.00,  0.00, 0.0,  0.0,  0.0
2857687.68445110, 2.2075,  44850.696708, 19.468,   0.0,    2.0, -2.0, 0.00,  0.00,  0.00, 0.0,  0.0,  0.0
2857687.68695110, 2.2100,  44850.795931, 19.468,   0.0,    2.0, -2.0, 0.00,  0.00,  0.00, 0.0,  0.0,  0.0
2857687.68945110, 2.2125,  44851.129567, 19.468,   0.0,    2.0, -2.0, 0.00,  0.00,  0.00, 0.0,  0.0,  0.0
2857687.69195110, 2.2150,  44851.463202, 19.468,   0.0,    2.0, -2.0, 0.00,  0.00,  0.00, 0.0,  0.0,  0.0
2857687.69445110, 2.2175,  44851.796838, 19.468,   0.0,    2.0, -2.0, 0.00,  0.00,  0.00, 0.0,  0.0,  0.0
2857687.69695110, 2.2200,  44852.130474, 19.468,   0.0,    2.0, -2.0, 0.00,  0.00,  0.00, 0.0,  0.0,  0.0
2857687.69945110, 2.2225,  44852.417244, 19.468,   0.0,    2.0, -2.0, 0.00,  0.00,  0.00, 0.0,  0.0,  0.0
2857687.70195110, 2.2250,  44852.159811, 19.468,   0.0,    2.0, -2.0, 0.00,  0.00,  0.00, 0.0,  0.0,  0.0
2857687.70445110, 2.2275,  44851.877142, 19.468,   0.0,    2.0, -2.0, 0.00,  0.00,  0.00, 0.0,  0.0,  0.0
2857687.70695110, 2.2300,  44851.594473, 19.468,   0.0,    2.0, -2.0, 0.00,  0.00,  0.00, 0.0,  0.0,  0.0
2857687.70945110, 2.2325,  44851.311804, 19.468,   0.0,    2.0, -2.0, 0.00,  0.00,  0.00, 0.0,  0.0,  0.0
2857687.71195110, 2.2350,  44854.405016, 19.468,   0.0,    2.0, -2.0, 0.00,  0.00,  0.00, 0.0,  0.0,  0.0
2857687.71445110, 2.2375,  44854.563262, 19.468,   0.0,    2.0, -2.0, 0.00,  0.00,  0.00, 0.0,  0.0,  0.0
2857687.71695110, 2.2400,  44853.142240, 19.468,   0.0,    2.0, -2.0, 0.00,  0.00,  0.00, 0.0,  0.0,  0.0
2857687.71945110, 2.2425,  44852.808975, 19.468,   0.0,    2.0, -2.0, 0.00,  0.00,  0.00, 0.0,  0.0,  0.0
2857687.72195110, 2.2450,  44852.475709, 19.468,   0.0,    2.0, -2.0, 0.00,  0.00,  0.00, 0.0,  0.0,  0.0
2857687.72445110, 2.2475,  44851.081647, 19.468,   0.0,    2.0, -2.0, 0.00,  0.00,  0.00, 0.0,  0.0,  0.0
2857687.72695110, 2.2500,  44851.009440, 19.468,   0.0,    2.0, -2.0, 0.00,  0.00,  0.00, 0.0,  0.0,  0.0
2857687.72945110, 2.2525,  44851.800708, 19.468,   0.0,    2.0, -2.0, 0.00,  0.00,  0.00, 0.0,  0.0,  0.0
2857687.73195110, 2.2550,  44852.591976, 19.468,   0.0,    2.0, -2.0, 0.00,  0.00,  0.00, 0.0,  0.0,  0.0
2857687.73445110, 2.2575,  44853.383244, 19.468,   0.0,    2.0, -2.0, 0.00,  0.00,  0.00, 0.0,  0.0,  0.0
2857687.73695110, 2.2600,  44853.780247, 19.468,   0.0,    2.0, -2.0, 0.00,  0.00,  0.00, 0.0,  0.0,  0.0
2857687.73945110, 2.2625,  44853.195464, 19.468,   0.0,    2.0, -2.0, 0.00,  0.00,  0.00, 0.0,  0.0,  0.0
2857687.74195110, 2.2650,  44852.477909, 19.468,   0.0,    2.0, -2.0, 0.00,  0.00,  0.00, 0.0,  0.0,  0.0
2857687.74445110, 2.2675,  44850.696980, 19.468,   0.0,    2.0, -2.0, 0.00,  0.00,  0.00, 0.0,  0.0,  0.0
2857687.74695110, 2.2700,  44851.932616, 19.468,   0.0,    2.0, -2.0, 0.00,  0.00,  0.00, 0.0,  0.0,  0.0
2857687.74945110, 2.2725,  44854.039332, 19.468,   0.0,    2.0, -2.0, 0.00,  0.00,  0.00, 0.0,  0.0,  0.0
2857687.75195110, 2.2750,  44854.566081, 19.468,   0.0,    2.0, -2.0, 0.00,  0.00,  0.00, 0.0,  0.0,  0.0
2857687.75445110, 2.2775,  44854.540950, 19.468,   0.0,    2.0, -2.0, 0.00,  0.00,  0.00, 0.0,  0.0,  0.0
2857687.75695110, 2.2800,  44854.515820, 19.468,   0.0,    2.0, -2.0, 0.00,  0.00,  0.00, 0.0,  0.0,  0.0
2857687.75945110, 2.2825,  44854.147582, 19.468,   0.0,    2.0, -2.0, 0.00,  0.00,  0.00, 0.0,  0.0,  0.0
2857687.76195110, 2.2850,  44850.892038, 19.468,   0.0,    2.0, -2.0, 0.00,  0.00,  0.00, 0.0,  0.0,  0.0
2857687.76445110, 2.2875,  44851.412854, 19.468,   0.0,    2.0, -2.0, 0.00,  0.00,  0.00, 0.0,  0.0,  0.0
2857687.76695110, 2.2900,  44853.245945, 19.468,   0.0,    2.0, -2.0, 0.00,  0.00,  0.00, 0.0,  0.0,  0.0
2857687.76945110, 2.2925,  44854.292900, 19.468,   0.0,    2.0, -2.0, 0.00,  0.00,  0.00, 0.0,  0.0,  0.0
2857687.77195110, 2.2950,  44854.647922, 19.468,   0.0,    2.0, -2.0, 0.00,  0.00,  0.00, 0.0,  0.0,  0.0
2857687.77445110, 2.2975,  44854.626486, 19.468,   0.0,    2.0, -2.0, 0.00,  0.00,  0.00, 0.0,  0.0,  0.0
2857687.77695110, 2.3000,  44853.926878, 19.468,   0.0,    2.0, -2.0, 0.00,  0.00,  0.00, 0.0,  0.0,  0.0
2857687.77945110, 2.3025,  44852.428889, 19.468,   0.0,    2.0, -2.0, 0.00,  0.00,  0.00, 0.0,  0.0,  0.0
2857687.78195110, 2.3050,  44852.127025, 19.468,   0.0,    2.0, -2.0, 0.00,  0.00,  0.00, 0.0,  0.0,  0.0
2857687.78445110, 2.3075,  44851.825160, 19.468,   0.0,    2.0, -2.0, 0.00,  0.00,  0.00, 0.0,  0.0,  0.0
2857687.78695110, 2.3100,  44851.523296, 19.468,   0.0,    2.0, -2.0, 0.00,  0.00,  0.00, 0.0,  0.0,  0.0
2857687.78945110, 2.3125,  44852.778078, 19.468,   0.0,    2.0, -2.0, 0.00,  0.00,  0.00, 0.0,  0.0,  0.0
2857687.79195110, 2.3150,  44854.151267, 19.468,   0.0,    2.0, -2.0, 0.00,  0.00,  0.00, 0.0,  0.0,  0.0
2857687.79445110, 2.3175,  44854.251951, 19.468,   0.0,    2.0, -2.0, 0.00,  0.00,  0.00, 0.0,  0.0,  0.0
2857687.79695110, 2.3200,  44854.352635, 19.468,   0.0,    2.0, -2.0, 0.00,  0.00,  0.00, 0.0,  0.0,  0.0
2857687.79945110, 2.3225,  44854.453318, 19.468,   0.0,    2.0, -2.0, 0.00,  0.00,  0.00, 0.0,  0.0,  0.0
2857687.80195110, 2.3250,  44854.297789, 19.468,   0.0,    2.0, -2.0, 0.00,  0.00,  0.00, 0.0,  0.0,  0.0
2857687.80445110, 2.3275,  44850.967618, 19.468,   0.0,    2.0, -2.0, 0.00,  0.00,  0.00, 0.0,  0.0,  0.0
2857687.80695110, 2.3300,  44851.273459, 19.468,   0.0,    2.0, -2.0, 0.00,  0.00,  0.00, 0.0,  0.0,  0.0
2857687.80945110, 2.3325,  44852.213117, 19.468,   0.0,    2.0, -2.0, 0.00,  0.00,  0.00, 0.0,  0.0,  0.0
2857687.81195110, 2.3350,  44853.188598, 19.468,   0.0,    2.0, -2.0, 0.00,  0.00,  0.00, 0.0,  0.0,  0.0
2857687.81445110, 2.3375,  44854.168812, 19.468,   0.0,    2.0, -2.0, 0.00,  0.00,  0.00, 0.0,  0.0,  0.0
2857687.81695110, 2.3400,  44854.354891, 19.468,   0.0,    2.0, -2.0, 0.00,  0.00,  0.00, 0.0,  0.0,  0.0
2857687.81945110, 2.3425,  44854.019875, 19.468,   0.0,    2.0, -2.0, 0.00,  0.00,  0.00, 0.0,  0.0,  0.0
2857687.82195110, 2.3450,  44853.684859, 19.468,   0.0,    2.0, -2.0, 0.00,  0.00,  0.00, 0.0,  0.0,  0.0
2857687.82445110, 2.3475,  44853.349843, 19.468,   0.0,    2.0, -2.0, 0.00,  0.00,  0.00, 0.0,  0.0,  0.0
2857687.82695110, 2.3500,  44852.899007, 19.468,   0.0,    2.0, -2.0, 0.00,  0.00,  0.00, 0.0,  0.0,  0.0
2857687.82945110, 2.3525,  44852.326285, 19.468,   0.0,    2.0, -2.0, 0.00,  0.00,  0.00, 0.0,  0.0,  0.0
2857687.83195110, 2.3550,  44853.242791, 19.468,   0.0,    2.0, -2.0, 0.00,  0.00,  0.00, 0.0,  0.0,  0.0
2857687.83445110, 2.3575,  44854.319060, 19.468,   0.0,    2.0, -2.0, 0.00,  0.00,  0.00, 0.0,  0.0,  0.0
2857687.83695110, 2.3600,  44853.520943, 19.468,   0.0,    2.0, -2.0, 0.00,  0.00,  0.00, 0.0,  0.0,  0.0
2857687.83945110, 2.3625,  44852.690131, 19.468,   0.0,    2.0, -2.0, 0.00,  0.00,  0.00, 0.0,  0.0,  0.0
2857687.84195110, 2.3650,  44851.945228, 19.468,   0.0,    2.0, -2.0, 0.00,  0.00,  0.00, 0.0,  0.0,  0.0
2857687.84445110, 2.3675,  44851.354826, 19.468,   0.0,    2.0, -2.0, 0.00,  0.00,  0.00, 0.0,  0.0,  0.0
2857687.84695110, 2.3700,  44850.764423, 19.468,   0.0,    2.0, -2.0, 0.00,  0.00,  0.00, 0.0,  0.0,  0.0
2857687.84945110, 2.3725,  44851.185083, 19.468,   0.0,    2.0, -2.0, 0.00,  0.00,  0.00, 0.0,  0.0,  0.0
2857687.85195110, 2.3750,  44854.604508, 19.468,   0.0,    2.0, -2.0, 0.00,  0.00,  0.00, 0.0,  0.0,  0.0
2857687.85445110, 2.3775,  44854.071381, 19.468,   0.0,    2.0, -2.0, 0.00,  0.00,  0.00, 0.0,  0.0,  0.0
2857687.85695110, 2.3800,  44852.839054, 19.468,   0.0,    2.0, -2.0, 0.00,  0.00,  0.00, 0.0,  0.0,  0.0
2857687.85945110, 2.3825,  44851.871495, 19.468,   0.0,    2.0, -2.0, 0.00,  0.00,  0.00, 0.0,  0.0,  0.0
2857687.86195110, 2.3850,  44851.003090, 19.468,   0.0,    2.0, -2.0, 0.00,  0.00,  0.00, 0.0,  0.0,  0.0
2857687.86445110, 2.3875,  44851.171446, 19.468,   0.0,    2.0, -2.0, 0.00,  0.00,  0.00, 0.0,  0.0,  0.0
2857687.86695110, 2.3900,  44852.344177, 19.468,   0.0,    2.0, -2.0, 0.00,  0.00,  0.00, 0.0,  0.0,  0.0
2857687.86945110, 2.3925,  44852.362510, 19.468,   0.0,    2.0, -2.0, 0.00,  0.00,  0.00, 0.0,  0.0,  0.0
2857687.87195110, 2.3950,  44853.303693, 19.468,   0.0,    2.0, -2.0, 0.00,  0.00,  0.00, 0.0,  0.0,  0.0
2857687.87445110, 2.3975,  44854.244876, 19.468,   0.0,    2.0, -2.0, 0.00,  0.00,  0.00, 0.0,  0.0,  0.0
2857687.87695110, 2.4000,  44854.012983, 19.468,   0.0,    2.0, -2.0, 0.00,  0.00,  0.00, 0.0,  0.0,  0.0
2857687.87945110, 2.4025,  44853.353041, 19.468,   0.0,    2.0, -2.0, 0.00,  0.00,  0.00, 0.0,  0.0,  0.0
2857687.88195110, 2.4050,  44852.877922, 19.468,   0.0,    2.0, -2.0, 0.00,  0.00,  0.00, 0.0,  0.0,  0.0
2857687.88445110, 2.4075,  44852.550389, 19.468,   0.0,    2.0, -2.0, 0.00,  0.00,  0.00, 0.0,  0.0,  0.0
2857687.88695110, 2.4100,  44852.429501, 19.468,   0.0,    2.0, -2.0, 0.00,  0.00,  0.00, 0.0,  0.0,  0.0
2857687.88945110, 2.4125,  44852.321422, 19.468,   0.0,    2.0, -2.0, 0.00,  0.00,  0.00, 0.0,  0.0,  0.0
2857687.89195110, 2.4150,  44852.644084, 19.468,   0.0,    2.0, -2.0, 0.00,  0.00,  0.00, 0.0,  0.0,  0.0
2857687.89445110, 2.4175,  44852.966745, 19.468,   0.0,    2.0, -2.0, 0.00,  0.00,  0.00, 0.0,  0.0,  0.0
2857687.89695110, 2.4200,  44853.289407, 19.468,   0.0,    2.0, -2.0, 0.00,  0.00,  0.00, 0.0,  0.0,  0.0
2857687.89945110, 2.4225,  44853.612068, 19.468,   0.0,    2.0, -2.0, 0.00,  0.00,  0.00, 0.0,  0.0,  0.0
2857687.90195110, 2.4250,  44853.934730, 19.468,   0.0,    2.0, -2.0, 0.00,  0.00,  0.00, 0.0,  0.0,  0.0
2857687.90445110, 2.4275,  44854.257391, 19.468,   0.0,    2.0, -2.0, 0.00,  0.00,  0.00, 0.0,  0.0,  0.0
2857687.90695110, 2.4300,  44854.520448, 19.468,   0.0,    2.0, -2.0, 0.00,  0.00,  0.00, 0.0,  0.0,  0.0
2857687.90945110, 2.4325,  44854.550122, 19.468,   0.0,    2.0, -2.0, 0.00,  0.00,  0.00, 0.0,  0.0,  0.0
2857687.91195110, 2.4350,  44854.579797, 19.468,   0.0,    2.0, -2.0, 0.00,  0.00,  0.00, 0.0,  0.0,  0.0
2857687.91445110, 2.4375,  44854.589247, 19.468,   0.0,    2.0, -2.0, 0.00,  0.00,  0.00, 0.0,  0.0,  0.0
2857687.91695110, 2.4400,  44854.589247, 19.468,   0.0,    2.0, -2.0, 0.00,  0.00,  0.00, 0.0,  0.0,  0.0
2857687.91945110, 2.4425,  44854.232644, 19.468,   0.0,    2.0, -2.0, 0.00,  0.00,  0.00, 0.0,  0.0,  0.0
2857687.92195110, 2.4450,  44852.569066, 19.468,   0.0,    2.0, -2.0, 0.00,  0.00,  0.00, 0.0,  0.0,  0.0
2857687.92445110, 2.4475,  44851.527557, 19.468,   0.0,    2.0, -2.0, 0.00,  0.00,  0.00, 0.0,  0.0,  0.0
2857687.92695110, 2.4500,  44852.035702, 19.468,   0.0,    2.0, -2.0, 0.00,  0.00,  0.00, 0.0,  0.0,  0.0
2857687.92945110, 2.4525,  44852.548973, 19.468,   0.0,    2.0, -2.0, 0.00,  0.00,  0.00, 0.0,  0.0,  0.0
2857687.93195110, 2.4550,  44853.417074, 19.468,   0.0,    2.0, -2.0, 0.00,  0.00,  0.00, 0.0,  0.0,  0.0
2857687.93445110, 2.4575,  44854.285175, 19.468,   0.0,    2.0, -2.0, 0.00,  0.00,  0.00, 0.0,  0.0,  0.0
2857687.93695110, 2.4600,  44853.679107, 19.468,   0.0,    2.0, -2.0, 0.00,  0.00,  0.00, 0.0,  0.0,  0.0
2857687.93945110, 2.4625,  44852.203835, 19.468,   0.0,    2.0, -2.0, 0.00,  0.00,  0.00, 0.0,  0.0,  0.0
2857687.94195110, 2.4650,  44851.392695, 19.468,   0.0,    2.0, -2.0, 0.00,  0.00,  0.00, 0.0,  0.0,  0.0
2857687.94445110, 2.4675,  44850.822662, 19.468,   0.0,    2.0, -2.0, 0.00,  0.00,  0.00, 0.0,  0.0,  0.0
2857687.94695110, 2.4700,  44852.793514, 19.468,   0.0,    2.0, -2.0, 0.00,  0.00,  0.00, 0.0,  0.0,  0.0
2857687.94945110, 2.4725,  44854.186206, 19.468,   0.0,    2.0, -2.0, 0.00,  0.00,  0.00, 0.0,  0.0,  0.0
2857687.95195110, 2.4750,  44854.300086, 19.468,   0.0,    2.0, -2.0, 0.00,  0.00,  0.00, 0.0,  0.0,  0.0
2857687.95445110, 2.4775,  44854.376585, 19.468,   0.0,    2.0, -2.0, 0.00,  0.00,  0.00, 0.0,  0.0,  0.0
2857687.95695110, 2.4800,  44854.453085, 19.468,   0.0,    2.0, -2.0, 0.00,  0.00,  0.00, 0.0,  0.0,  0.0
2857687.95945110, 2.4825,  44854.529584, 19.468,   0.0,    2.0, -2.0, 0.00,  0.00,  0.00, 0.0,  0.0,  0.0
2857687.96195110, 2.4850,  44854.217526, 19.468,   0.0,    2.0, -2.0, 0.00,  0.00,  0.00, 0.0,  0.0,  0.0
2857687.96445110, 2.4875,  44853.214220, 19.468,   0.0,    2.0, -2.0, 0.00,  0.00,  0.00, 0.0,  0.0,  0.0
2857687.96695110, 2.4900,  44852.210914, 19.468,   0.0,    2.0, -2.0, 0.00,  0.00,  0.00, 0.0,  0.0,  0.0
2857687.96945110, 2.4925,  44851.207608, 19.468,   0.0,    2.0, -2.0, 0.00,  0.00,  0.00, 0.0,  0.0,  0.0
2857687.97195110, 2.4950,  44851.967915, 19.468,   0.0,    2.0, -2.0, 0.00,  0.00,  0.00, 0.0,  0.0,  0.0
2857687.97445110, 2.4975,  44854.334380, 19.468,   0.0,    2.0, -2.0, 0.00,  0.00,  0.00, 0.0,  0.0,  0.0
2857687.97695110, 2.5000,  44853.342655, 19.468,   0.0,    2.0, -2.0, 0.00,  0.00,  0.00, 0.0,  0.0,  0.0
2857687.97945110, 2.5025,  44852.998364, 19.468,   0.0,    2.0, -2.0, 0.00,  0.00,  0.00, 0.0,  0.0,  0.0
2857687.98195110, 2.5050,  44852.654074, 19.468,   0.0,    2.0, -2.0, 0.00,  0.00,  0.00, 0.0,  0.0,  0.0
2857687.98445110, 2.5075,  44852.329143, 19.468,   0.0,    2.0, -2.0, 0.00,  0.00,  0.00, 0.0,  0.0,  0.0
2857687.98695110, 2.5100,  44852.400254, 19.468,   0.0,    2.0, -2.0, 0.00,  0.00,  0.00, 0.0,  0.0,  0.0
2857687.98945110, 2.5125,  44853.579159, 19.468,   0.0,    2.0, -2.0, 0.00,  0.00,  0.00, 0.0,  0.0,  0.0
2857687.99195110, 2.5150,  44853.961300, 19.468,   0.0,    2.0, -2.0, 0.00,  0.00,  0.00, 0.0,  0.0,  0.0
2857687.99445110, 2.5175,  44854.103993, 19.468,   0.0,    2.0, -2.0, 0.00,  0.00,  0.00, 0.0,  0.0,  0.0
2857687.99695110, 2.5200,  44853.885848, 19.468,   0.0,    2.0, -2.0, 0.00,  0.00,  0.00, 0.0,  0.0,  0.0
2857687.99945110, 2.5225,  44853.656849, 19.468,   0.0,    2.0, -2.0, 0.00,  0.00,  0.00, 0.0,  0.0,  0.0
2857688.00195110, 2.5250,  44853.427849, 19.468,   0.0,    2.0, -2.0, 0.00,  0.00,  0.00, 0.0,  0.0,  0.0
2857688.00445110, 2.5275,  44851.940187, 19.468,   0.0,    2.0, -2.0, 0.00,  0.00,  0.00, 0.0,  0.0,  0.0
2857688.00695110, 2.5300,  44850.412938, 19.468,   0.0,    2.0, -2.0, 0.00,  0.00,  0.00, 0.0,  0.0,  0.0
2857688.00945110, 2.5325,  44852.308979, 19.468,   0.0,    2.0, -2.0, 0.00,  0.00,  0.00, 0.0,  0.0,  0.0
2857688.01195110, 2.5350,  44853.972981, 19.468,   0.0,    2.0, -2.0, 0.00,  0.00,  0.00, 0.0,  0.0,  0.0
2857688.01445110, 2.5375,  44854.722269, 19.468,   0.0,    2.0, -2.0, 0.00,  0.00,  0.00, 0.0,  0.0,  0.0
2857688.01695110, 2.5400,  44853.265000, 19.468,   0.0,    2.0, -2.0, 0.00,  0.00,  0.00, 0.0,  0.0,  0.0
2857688.01945110, 2.5425,  44852.449602, 19.468,   0.0,    2.0, -2.0, 0.00,  0.00,  0.00, 0.0,  0.0,  0.0
2857688.02195110, 2.5450,  44851.527438, 19.468,   0.0,    2.0, -2.0, 0.00,  0.00,  0.00, 0.0,  0.0,  0.0
2857688.02445110, 2.5475,  44850.581255, 19.468,   0.0,    2.0, -2.0, 0.00,  0.00,  0.00, 0.0,  0.0,  0.0
2857688.02695110, 2.5500,  44850.469238, 19.468,   0.0,    2.0, -2.0, 0.00,  0.00,  0.00, 0.0,  0.0,  0.0
2857688.02945110, 2.5525,  44851.084453, 19.468,   0.0,    2.0, -2.0, 0.00,  0.00,  0.00, 0.0,  0.0,  0.0
2857688.03195110, 2.5550,  44851.699668, 19.468,   0.0,    2.0, -2.0, 0.00,  0.00,  0.00, 0.0,  0.0,  0.0
2857688.03445110, 2.5575,  44854.490537, 19.468,   0.0,    2.0, -2.0, 0.00,  0.00,  0.00, 0.0,  0.0,  0.0
2857688.03695110, 2.5600,  44853.096522, 19.468,   0.0,    2.0, -2.0, 0.00,  0.00,  0.00, 0.0,  0.0,  0.0
2857688.03945110, 2.5625,  44852.189277, 19.468,   0.0,    2.0, -2.0, 0.00,  0.00,  0.00, 0.0,  0.0,  0.0
2857688.04195110, 2.5650,  44851.644675, 19.468,   0.0,    2.0, -2.0, 0.00,  0.00,  0.00, 0.0,  0.0,  0.0
2857688.04445110, 2.5675,  44851.223209, 19.468,   0.0,    2.0, -2.0, 0.00,  0.00,  0.00, 0.0,  0.0,  0.0
2857688.04695110, 2.5700,  44851.635027, 19.468,   0.0,    2.0, -2.0, 0.00,  0.00,  0.00, 0.0,  0.0,  0.0
2857688.04945110, 2.5725,  44853.025534, 19.468,   0.0,    2.0, -2.0, 0.00,  0.00,  0.00, 0.0,  0.0,  0.0
2857688.05195110, 2.5750,  44854.332667, 19.468,   0.0,    2.0, -2.0, 0.00,  0.00,  0.00, 0.0,  0.0,  0.0
2857688.05445110, 2.5775,  44854.411749, 19.468,   0.0,    2.0, -2.0, 0.00,  0.00,  0.00, 0.0,  0.0,  0.0
2857688.05695110, 2.5800,  44854.508280, 19.468,   0.0,    2.0, -2.0, 0.00,  0.00,  0.00, 0.0,  0.0,  0.0
2857688.05945110, 2.5825,  44854.604811, 19.468,   0.0,    2.0, -2.0, 0.00,  0.00,  0.00, 0.0,  0.0,  0.0
2857688.06195110, 2.5850,  44854.701341, 19.468,   0.0,    2.0, -2.0, 0.00,  0.00,  0.00, 0.0,  0.0,  0.0
2857688.06445110, 2.5875,  44851.102963, 19.468,   0.0,    2.0, -2.0, 0.00,  0.00,  0.00, 0.0,  0.0,  0.0
2857688.06695110, 2.5900,  44850.772998, 19.468,   0.0,    2.0, -2.0, 0.00,  0.00,  0.00, 0.0,  0.0,  0.0
2857688.06945110, 2.5925,  44851.492941, 19.468,   0.0,    2.0, -2.0, 0.00,  0.00,  0.00, 0.0,  0.0,  0.0
2857688.07195110, 2.5950,  44852.876898, 19.468,   0.0,    2.0, -2.0, 0.00,  0.00,  0.00, 0.0,  0.0,  0.0
2857688.07445110, 2.5975,  44854.590448, 19.468,   0.0,    2.0, -2.0, 0.00,  0.00,  0.00, 0.0,  0.0,  0.0
2857688.07695110, 2.6000,  44854.213859, 19.468,   0.0,    2.0, -2.0, 0.00,  0.00,  0.00, 0.0,  0.0,  0.0
2857688.07945110, 2.6025,  44853.837271, 19.468,   0.0,    2.0, -2.0, 0.00,  0.00,  0.00, 0.0,  0.0,  0.0
2857688.08195110, 2.6050,  44852.882772, 19.468,   0.0,    2.0, -2.0, 0.00,  0.00,  0.00, 0.0,  0.0,  0.0
2857688.08445110, 2.6075,  44851.198222, 19.468,   0.0,    2.0, -2.0, 0.00,  0.00,  0.00, 0.0,  0.0,  0.0
2857688.08695110, 2.6100,  44850.810000, 19.468,   0.0,    2.0, -2.0, 0.00,  0.00,  0.00, 0.0,  0.0,  0.0
2857688.08945110, 2.6125,  44853.230351, 19.468,   0.0,    2.0, -2.0, 0.00,  0.00,  0.00, 0.0,  0.0,  0.0
2857688.09195110, 2.6150,  44854.158489, 19.468,   0.0,    2.0, -2.0, 0.00,  0.00,  0.00, 0.0,  0.0,  0.0
2857688.09445110, 2.6175,  44854.534934, 19.468,   0.0,    2.0, -2.0, 0.00,  0.00,  0.00, 0.0,  0.0,  0.0
2857688.09695110, 2.6200,  44853.243759, 19.468,   0.0,    2.0, -2.0, 0.00,  0.00,  0.00, 0.0,  0.0,  0.0
2857688.09945110, 2.6225,  44852.268709, 19.468,   0.0,    2.0, -2.0, 0.00,  0.00,  0.00, 0.0,  0.0,  0.0
2857688.10195110, 2.6250,  44851.048274, 19.468,   0.0,    2.0, -2.0, 0.00,  0.00,  0.00, 0.0,  0.0,  0.0
2857688.10445110, 2.6275,  44850.826925, 19.468,   0.0,    2.0, -2.0, 0.00,  0.00,  0.00, 0.0,  0.0,  0.0
2857688.10695110, 2.6300,  44851.392695, 19.468,   0.0,    2.0, -2.0, 0.00,  0.00,  0.00, 0.0,  0.0,  0.0
2857688.10945110, 2.6325,  44851.392695, 19.468,   0.0,    2.0, -2.0, 0.00,  0.00,  0.00, 0.0,  0.0,  0.0
2857688.11195110, 2.6350,  44851.392695, 19.468,   0.0,    2.0, -2.0, 0.00,  0.00,  0.00, 0.0,  0.0,  0.0
2857688.11445110, 2.6375,  44851.585452, 19.468,   0.0,    2.0, -2.0, 0.00,  0.00,  0.00, 0.0,  0.0,  0.0
2857688.11695110, 2.6400,  44852.699143, 19.468,   0.0,    2.0, -2.0, 0.00,  0.00,  0.00, 0.0,  0.0,  0.0
2857688.11945110, 2.6425,  44852.506063, 19.468,   0.0,    2.0, -2.0, 0.00,  0.00,  0.00, 0.0,  0.0,  0.0
2857688.12195110, 2.6450,  44852.006376, 19.468,   0.0,    2.0, -2.0, 0.00,  0.00,  0.00, 0.0,  0.0,  0.0
2857688.12445110, 2.6475,  44852.025996, 19.468,   0.0,    2.0, -2.0, 0.00,  0.00,  0.00, 0.0,  0.0,  0.0
2857688.12695110, 2.6500,  44852.414197, 19.468,   0.0,    2.0, -2.0, 0.00,  0.00,  0.00, 0.0,  0.0,  0.0
2857688.12945110, 2.6525,  44854.008129, 19.468,   0.0,    2.0, -2.0, 0.00,  0.00,  0.00, 0.0,  0.0,  0.0
2857688.13195110, 2.6550,  44854.178657, 19.468,   0.0,    2.0, -2.0, 0.00,  0.00,  0.00, 0.0,  0.0,  0.0
2857688.13445110, 2.6575,  44854.265362, 19.468,   0.0,    2.0, -2.0, 0.00,  0.00,  0.00, 0.0,  0.0,  0.0
2857688.13695110, 2.6600,  44853.757164, 19.468,   0.0,    2.0, -2.0, 0.00,  0.00,  0.00, 0.0,  0.0,  0.0
2857688.13945110, 2.6625,  44852.129648, 19.468,   0.0,    2.0, -2.0, 0.00,  0.00,  0.00, 0.0,  0.0,  0.0
2857688.14195110, 2.6650,  44851.463566, 19.468,   0.0,    2.0, -2.0, 0.00,  0.00,  0.00, 0.0,  0.0,  0.0
2857688.14445110, 2.6675,  44850.935399, 19.468,   0.0,    2.0, -2.0, 0.00,  0.00,  0.00, 0.0,  0.0,  0.0
2857688.14695110, 2.6700,  44850.407231, 19.468,   0.0,    2.0, -2.0, 0.00,  0.00,  0.00, 0.0,  0.0,  0.0
2857688.14945110, 2.6725,  44852.226474, 19.468,   0.0,    2.0, -2.0, 0.00,  0.00,  0.00, 0.0,  0.0,  0.0
2857688.15195110, 2.6750,  44854.238407, 19.468,   0.0,    2.0, -2.0, 0.00,  0.00,  0.00, 0.0,  0.0,  0.0
2857688.15445110, 2.6775,  44854.387830, 19.468,   0.0,    2.0, -2.0, 0.00,  0.00,  0.00, 0.0,  0.0,  0.0
2857688.15695110, 2.6800,  44854.011417, 19.468,   0.0,    2.0, -2.0, 0.00,  0.00,  0.00, 0.0,  0.0,  0.0
2857688.15945110, 2.6825,  44853.635005, 19.468,   0.0,    2.0, -2.0, 0.00,  0.00,  0.00, 0.0,  0.0,  0.0
2857688.16195110, 2.6850,  44852.844194, 19.468,   0.0,    2.0, -2.0, 0.00,  0.00,  0.00, 0.0,  0.0,  0.0
2857688.16445110, 2.6875,  44851.955243, 19.468,   0.0,    2.0, -2.0, 0.00,  0.00,  0.00, 0.0,  0.0,  0.0
2857688.16695110, 2.6900,  44851.263975, 19.468,   0.0,    2.0, -2.0, 0.00,  0.00,  0.00, 0.0,  0.0,  0.0
2857688.16945110, 2.6925,  44853.346821, 19.468,   0.0,    2.0, -2.0, 0.00,  0.00,  0.00, 0.0,  0.0,  0.0
2857688.17195110, 2.6950,  44854.418977, 19.468,   0.0,    2.0, -2.0, 0.00,  0.00,  0.00, 0.0,  0.0,  0.0
2857688.17445110, 2.6975,  44854.424119, 19.468,   0.0,    2.0, -2.0, 0.00,  0.00,  0.00, 0.0,  0.0,  0.0
2857688.17695110, 2.7000,  44853.857874, 19.468,   0.0,    2.0, -2.0, 0.00,  0.00,  0.00, 0.0,  0.0,  0.0
2857688.17945110, 2.7025,  44852.551933, 19.468,   0.0,    2.0, -2.0, 0.00,  0.00,  0.00, 0.0,  0.0,  0.0
2857688.18195110, 2.7050,  44851.971895, 19.468,   0.0,    2.0, -2.0, 0.00,  0.00,  0.00, 0.0,  0.0,  0.0
2857688.18445110, 2.7075,  44851.732498, 19.468,   0.0,    2.0, -2.0, 0.00,  0.00,  0.00, 0.0,  0.0,  0.0
2857688.18695110, 2.7100,  44852.847331, 19.468,   0.0,    2.0, -2.0, 0.00,  0.00,  0.00, 0.0,  0.0,  0.0
2857688.18945110, 2.7125,  44854.122491, 19.468,   0.0,    2.0, -2.0, 0.00,  0.00,  0.00, 0.0,  0.0,  0.0
2857688.19195110, 2.7150,  44854.444242, 19.468,   0.0,    2.0, -2.0, 0.00,  0.00,  0.00, 0.0,  0.0,  0.0
2857688.19445110, 2.7175,  44854.493029, 19.468,   0.0,    2.0, -2.0, 0.00,  0.00,  0.00, 0.0,  0.0,  0.0
2857688.19695110, 2.7200,  44853.756746, 19.468,   0.0,    2.0, -2.0, 0.00,  0.00,  0.00, 0.0,  0.0,  0.0
2857688.19945110, 2.7225,  44852.991551, 19.468,   0.0,    2.0, -2.0, 0.00,  0.00,  0.00, 0.0,  0.0,  0.0
2857688.20195110, 2.7250,  44852.444471, 19.468,   0.0,    2.0, -2.0, 0.00,  0.00,  0.00, 0.0,  0.0,  0.0
2857688.20445110, 2.7275,  44851.897391, 19.468,   0.0,    2.0, -2.0, 0.00,  0.00,  0.00, 0.0,  0.0,  0.0
2857688.20695110, 2.7300,  44851.857078, 19.468,   0.0,    2.0, -2.0, 0.00,  0.00,  0.00, 0.0,  0.0,  0.0
2857688.20945110, 2.7325,  44852.073524, 19.468,   0.0,    2.0, -2.0, 0.00,  0.00,  0.00, 0.0,  0.0,  0.0
2857688.21195110, 2.7350,  44852.289969, 19.468,   0.0,    2.0, -2.0, 0.00,  0.00,  0.00, 0.0,  0.0,  0.0
2857688.21445110, 2.7375,  44853.803316, 19.468,   0.0,    2.0, -2.0, 0.00,  0.00,  0.00, 0.0,  0.0,  0.0
2857688.21695110, 2.7400,  44854.125590, 19.468,   0.0,    2.0, -2.0, 0.00,  0.00,  0.00, 0.0,  0.0,  0.0
2857688.21945110, 2.7425,  44853.702678, 19.468,   0.0,    2.0, -2.0, 0.00,  0.00,  0.00, 0.0,  0.0,  0.0
2857688.22195110, 2.7450,  44853.279766, 19.468,   0.0,    2.0, -2.0, 0.00,  0.00,  0.00, 0.0,  0.0,  0.0
2857688.22445110, 2.7475,  44852.282552, 19.468,   0.0,    2.0, -2.0, 0.00,  0.00,  0.00, 0.0,  0.0,  0.0
2857688.22695110, 2.7500,  44852.710622, 19.468,   0.0,    2.0, -2.0, 0.00,  0.00,  0.00, 0.0,  0.0,  0.0
2857688.22945110, 2.7525,  44853.771303, 19.468,   0.0,    2.0, -2.0, 0.00,  0.00,  0.00, 0.0,  0.0,  0.0
2857688.23195110, 2.7550,  44854.049769, 19.468,   0.0,    2.0, -2.0, 0.00,  0.00,  0.00, 0.0,  0.0,  0.0
2857688.23445110, 2.7575,  44854.046302, 19.468,   0.0,    2.0, -2.0, 0.00,  0.00,  0.00, 0.0,  0.0,  0.0
2857688.23695110, 2.7600,  44853.766054, 19.468,   0.0,    2.0, -2.0, 0.00,  0.00,  0.00, 0.0,  0.0,  0.0
2857688.23945110, 2.7625,  44853.386915, 19.468,   0.0,    2.0, -2.0, 0.00,  0.00,  0.00, 0.0,  0.0,  0.0
2857688.24195110, 2.7650,  44852.071916, 19.468,   0.0,    2.0, -2.0, 0.00,  0.00,  0.00, 0.0,  0.0,  0.0
2857688.24445110, 2.7675,  44851.760218, 19.468,   0.0,    2.0, -2.0, 0.00,  0.00,  0.00, 0.0,  0.0,  0.0
2857688.24945110, 2.7725,  44853.091224, 19.468,   0.0,    2.0, -2.0, 0.00,  0.00,  0.00, 0.0,  0.0,  0.0
2857688.25195110, 2.7750,  44854.035706, 19.468,   0.0,    2.0, -2.0, 0.00,  0.00,  0.00, 0.0,  0.0,  0.0
2857688.25445110, 2.7775,  44854.596103, 19.468,   0.0,    2.0, -2.0, 0.00,  0.00,  0.00, 0.0,  0.0,  0.0
2857688.25695110, 2.7800,  44853.653547, 19.468,   0.0,    2.0, -2.0, 0.00,  0.00,  0.00, 0.0,  0.0,  0.0
2857688.25945110, 2.7825,  44853.095806, 19.468,   0.0,    2.0, -2.0, 0.00,  0.00,  0.00, 0.0,  0.0,  0.0
2857688.26195110, 2.7850,  44852.709965, 19.468,   0.0,    2.0, -2.0, 0.00,  0.00,  0.00, 0.0,  0.0,  0.0
2857688.26445110, 2.7875,  44852.324123, 19.468,   0.0,    2.0, -2.0, 0.00,  0.00,  0.00, 0.0,  0.0,  0.0
2857688.26695110, 2.7900,  44851.996341, 19.468,   0.0,    2.0, -2.0, 0.00,  0.00,  0.00, 0.0,  0.0,  0.0
2857688.26945110, 2.7925,  44853.200095, 19.468,   0.0,    2.0, -2.0, 0.00,  0.00,  0.00, 0.0,  0.0,  0.0
2857688.27195110, 2.7950,  44853.681019, 19.468,   0.0,    2.0, -2.0, 0.00,  0.00,  0.00, 0.0,  0.0,  0.0
2857688.27445110, 2.7975,  44853.719058, 19.468,   0.0,    2.0, -2.0, 0.00,  0.00,  0.00, 0.0,  0.0,  0.0
2857688.27695110, 2.8000,  44853.213973, 19.468,   0.0,    2.0, -2.0, 0.00,  0.00,  0.00, 0.0,  0.0,  0.0
2857688.27945110, 2.8025,  44852.610989, 19.468,   0.0,    2.0, -2.0, 0.00,  0.00,  0.00, 0.0,  0.0,  0.0
2857688.28195110, 2.8050,  44852.142043, 19.468,   0.0,    2.0, -2.0, 0.00,  0.00,  0.00, 0.0,  0.0,  0.0
2857688.28445110, 2.8075,  44851.695112, 19.468,   0.0,    2.0, -2.0, 0.00,  0.00,  0.00, 0.0,  0.0,  0.0
2857688.28695110, 2.8100,  44851.873851, 19.468,   0.0,    2.0, -2.0, 0.00,  0.00,  0.00, 0.0,  0.0,  0.0
2857688.28945110, 2.8125,  44852.314093, 19.468,   0.0,    2.0, -2.0, 0.00,  0.00,  0.00, 0.0,  0.0,  0.0
2857688.29195110, 2.8150,  44854.559519, 19.468,   0.0,    2.0, -2.0, 0.00,  0.00,  0.00, 0.0,  0.0,  0.0
2857688.29445110, 2.8175,  44854.420291, 19.468,   0.0,    2.0, -2.0, 0.00,  0.00,  0.00, 0.0,  0.0,  0.0
2857688.29695110, 2.8200,  44853.670698, 19.468,   0.0,    2.0, -2.0, 0.00,  0.00,  0.00, 0.0,  0.0,  0.0
2857688.29945110, 2.8225,  44853.065971, 19.468,   0.0,    2.0, -2.0, 0.00,  0.00,  0.00, 0.0,  0.0,  0.0
2857688.30195110, 2.8250,  44852.537023, 19.468,   0.0,    2.0, -2.0, 0.00,  0.00,  0.00, 0.0,  0.0,  0.0
2857688.30445110, 2.8275,  44850.242693, 19.468,   0.0,    2.0, -2.0, 0.00,  0.00,  0.00, 0.0,  0.0,  0.0
2857688.30695110, 2.8300,  44851.077119, 19.468,   0.0,    2.0, -2.0, 0.00,  0.00,  0.00, 0.0,  0.0,  0.0
2857688.30945110, 2.8325,  44851.911544, 19.468,   0.0,    2.0, -2.0, 0.00,  0.00,  0.00, 0.0,  0.0,  0.0
2857688.31195110, 2.8350,  44853.225465, 19.468,   0.0,    2.0, -2.0, 0.00,  0.00,  0.00, 0.0,  0.0,  0.0
2857688.31445110, 2.8375,  44854.014118, 19.468,   0.0,    2.0, -2.0, 0.00,  0.00,  0.00, 0.0,  0.0,  0.0
2857688.31695110, 2.8400,  44853.019484, 19.468,   0.0,    2.0, -2.0, 0.00,  0.00,  0.00, 0.0,  0.0,  0.0
2857688.31945110, 2.8425,  44851.794879, 19.468,   0.0,    2.0, -2.0, 0.00,  0.00,  0.00, 0.0,  0.0,  0.0
2857688.32195110, 2.8450,  44851.307534, 19.468,   0.0,    2.0, -2.0, 0.00,  0.00,  0.00, 0.0,  0.0,  0.0
2857688.32445110, 2.8475,  44850.757011, 19.468,   0.0,    2.0, -2.0, 0.00,  0.00,  0.00, 0.0,  0.0,  0.0
2857688.32695110, 2.8500,  44850.780625, 19.468,   0.0,    2.0, -2.0, 0.00,  0.00,  0.00, 0.0,  0.0,  0.0
2857688.32945110, 2.8525,  44853.120539, 19.468,   0.0,    2.0, -2.0, 0.00,  0.00,  0.00, 0.0,  0.0,  0.0
2857688.33195110, 2.8550,  44853.975329, 19.468,   0.0,    2.0, -2.0, 0.00,  0.00,  0.00, 0.0,  0.0,  0.0
2857688.33445110, 2.8575,  44854.362879, 19.468,   0.0,    2.0, -2.0, 0.00,  0.00,  0.00, 0.0,  0.0,  0.0
2857688.33695110, 2.8600,  44854.206732, 19.468,   0.0,    2.0, -2.0, 0.00,  0.00,  0.00, 0.0,  0.0,  0.0
2857688.33945110, 2.8625,  44853.564233, 19.468,   0.0,    2.0, -2.0, 0.00,  0.00,  0.00, 0.0,  0.0,  0.0
2857688.34195110, 2.8650,  44852.750631, 19.468,   0.0,    2.0, -2.0, 0.00,  0.00,  0.00, 0.0,  0.0,  0.0
2857688.34445110, 2.8675,  44851.937028, 19.468,   0.0,    2.0, -2.0, 0.00,  0.00,  0.00, 0.0,  0.0,  0.0
2857688.34695110, 2.8700,  44852.491143, 19.468,   0.0,    2.0, -2.0, 0.00,  0.00,  0.00, 0.0,  0.0,  0.0
2857688.34945110, 2.8725,  44854.103842, 19.468,   0.0,    2.0, -2.0, 0.00,  0.00,  0.00, 0.0,  0.0,  0.0
2857688.35195110, 2.8750,  44854.446107, 19.468,   0.0,    2.0, -2.0, 0.00,  0.00,  0.00, 0.0,  0.0,  0.0
2857688.35445110, 2.8775,  44854.576159, 19.468,   0.0,    2.0, -2.0, 0.00,  0.00,  0.00, 0.0,  0.0,  0.0
2857688.35695110, 2.8800,  44853.678968, 19.468,   0.0,    2.0, -2.0, 0.00,  0.00,  0.00, 0.0,  0.0,  0.0
2857688.35945110, 2.8825,  44852.436319, 19.468,   0.0,    2.0, -2.0, 0.00,  0.00,  0.00, 0.0,  0.0,  0.0
2857688.36195110, 2.8850,  44851.928575, 19.468,   0.0,    2.0, -2.0, 0.00,  0.00,  0.00, 0.0,  0.0,  0.0
2857688.36445110, 2.8875,  44851.458606, 19.468,   0.0,    2.0, -2.0, 0.00,  0.00,  0.00, 0.0,  0.0,  0.0
2857688.36695110, 2.8900,  44851.381536, 19.468,   0.0,    2.0, -2.0, 0.00,  0.00,  0.00, 0.0,  0.0,  0.0
2857688.36945110, 2.8925,  44851.742151, 19.468,   0.0,    2.0, -2.0, 0.00,  0.00,  0.00, 0.0,  0.0,  0.0
2857688.37195110, 2.8950,  44854.365310, 19.468,   0.0,    2.0, -2.0, 0.00,  0.00,  0.00, 0.0,  0.0,  0.0
2857688.37445110, 2.8975,  44854.738301, 19.468,   0.0,    2.0, -2.0, 0.00,  0.00,  0.00, 0.0,  0.0,  0.0
2857688.37695110, 2.9000,  44854.533477, 19.468,   0.0,    2.0, -2.0, 0.00,  0.00,  0.00, 0.0,  0.0,  0.0
2857688.37945110, 2.9025,  44854.273147, 19.468,   0.0,    2.0, -2.0, 0.00,  0.00,  0.00, 0.0,  0.0,  0.0
2857688.38195110, 2.9050,  44854.012818, 19.468,   0.0,    2.0, -2.0, 0.00,  0.00,  0.00, 0.0,  0.0,  0.0
2857688.38445110, 2.9075,  44852.982637, 19.468,   0.0,    2.0, -2.0, 0.00,  0.00,  0.00, 0.0,  0.0,  0.0
2857688.38695110, 2.9100,  44851.916544, 19.468,   0.0,    2.0, -2.0, 0.00,  0.00,  0.00, 0.0,  0.0,  0.0
2857688.38945110, 2.9125,  44851.916544, 19.468,   0.0,    2.0, -2.0, 0.00,  0.00,  0.00, 0.0,  0.0,  0.0
2857688.39195110, 2.9150,  44851.916544, 19.468,   0.0,    2.0, -2.0, 0.00,  0.00,  0.00, 0.0,  0.0,  0.0
2857688.39445110, 2.9175,  44851.916544, 19.468,   0.0,    2.0, -2.0, 0.00,  0.00,  0.00, 0.0,  0.0,  0.0
2857688.39695110, 2.9200,  44852.382935, 19.468,   0.0,    2.0, -2.0, 0.00,  0.00,  0.00, 0.0,  0.0,  0.0
2857688.39945110, 2.9225,  44852.912926, 19.468,   0.0,    2.0, -2.0, 0.00,  0.00,  0.00, 0.0,  0.0,  0.0
2857688.40195110, 2.9250,  44853.442916, 19.468,   0.0,    2.0, -2.0, 0.00,  0.00,  0.00, 0.0,  0.0,  0.0
2857688.40445110, 2.9275,  44852.996264, 19.468,   0.0,    2.0, -2.0, 0.00,  0.00,  0.00, 0.0,  0.0,  0.0
2857688.40695110, 2.9300,  44851.818357, 19.468,   0.0,    2.0, -2.0, 0.00,  0.00,  0.00, 0.0,  0.0,  0.0
2857688.40945110, 2.9325,  44853.530204, 19.468,   0.0,    2.0, -2.0, 0.00,  0.00,  0.00, 0.0,  0.0,  0.0
2857688.41195110, 2.9350,  44854.026738, 19.468,   0.0,    2.0, -2.0, 0.00,  0.00,  0.00, 0.0,  0.0,  0.0
2857688.41445110, 2.9375,  44854.248983, 19.468,   0.0,    2.0, -2.0, 0.00,  0.00,  0.00, 0.0,  0.0,  0.0
2857688.41695110, 2.9400,  44853.886429, 19.468,   0.0,    2.0, -2.0, 0.00,  0.00,  0.00, 0.0,  0.0,  0.0
2857688.41945110, 2.9425,  44852.652574, 19.468,   0.0,    2.0, -2.0, 0.00,  0.00,  0.00, 0.0,  0.0,  0.0
2857688.42195110, 2.9450,  44850.890838, 19.468,   0.0,    2.0, -2.0, 0.00,  0.00,  0.00, 0.0,  0.0,  0.0
2857688.42445110, 2.9475,  44851.221740, 19.468,   0.0,    2.0, -2.0, 0.00,  0.00,  0.00, 0.0,  0.0,  0.0
2857688.42695110, 2.9500,  44851.916544, 19.468,   0.0,    2.0, -2.0, 0.00,  0.00,  0.00, 0.0,  0.0,  0.0
2857688.42945110, 2.9525,  44853.744616, 19.468,   0.0,    2.0, -2.0, 0.00,  0.00,  0.00, 0.0,  0.0,  0.0
2857688.43195110, 2.9550,  44854.244269, 19.468,   0.0,    2.0, -2.0, 0.00,  0.00,  0.00, 0.0,  0.0,  0.0
2857688.43445110, 2.9575,  44854.032747, 19.468,   0.0,    2.0, -2.0, 0.00,  0.00,  0.00, 0.0,  0.0,  0.0
2857688.43695110, 2.9600,  44853.830199, 19.468,   0.0,    2.0, -2.0, 0.00,  0.00,  0.00, 0.0,  0.0,  0.0
2857688.44195110, 2.9650,  44850.551695, 19.468,   0.0,    2.0, -2.0, 0.00,  0.00,  0.00, 0.0,  0.0,  0.0
2857688.44445110, 2.9675,  44850.921755, 19.468,   0.0,    2.0, -2.0, 0.00,  0.00,  0.00, 0.0,  0.0,  0.0
2857688.44695110, 2.9700,  44851.638583, 19.468,   0.0,    2.0, -2.0, 0.00,  0.00,  0.00, 0.0,  0.0,  0.0
2857688.44945110, 2.9725,  44853.197394, 19.468,   0.0,    2.0, -2.0, 0.00,  0.00,  0.00, 0.0,  0.0,  0.0
2857688.45195110, 2.9750,  44854.589247, 19.468,   0.0,    2.0, -2.0, 0.00,  0.00,  0.00, 0.0,  0.0,  0.0
2857688.45445110, 2.9775,  44854.436630, 19.468,   0.0,    2.0, -2.0, 0.00,  0.00,  0.00, 0.0,  0.0,  0.0
2857688.45695110, 2.9800,  44853.930471, 19.468,   0.0,    2.0, -2.0, 0.00,  0.00,  0.00, 0.0,  0.0,  0.0
2857688.45945110, 2.9825,  44853.424313, 19.468,   0.0,    2.0, -2.0, 0.00,  0.00,  0.00, 0.0,  0.0,  0.0
2857688.46195110, 2.9850,  44851.772183, 19.468,   0.0,    2.0, -2.0, 0.00,  0.00,  0.00, 0.0,  0.0,  0.0
2857688.46445110, 2.9875,  44851.579298, 19.468,   0.0,    2.0, -2.0, 0.00,  0.00,  0.00, 0.0,  0.0,  0.0
2857688.46695110, 2.9900,  44851.756182, 19.468,   0.0,    2.0, -2.0, 0.00,  0.00,  0.00, 0.0,  0.0,  0.0
2857688.46945110, 2.9925,  44852.356347, 19.468,   0.0,    2.0, -2.0, 0.00,  0.00,  0.00, 0.0,  0.0,  0.0
2857688.47195110, 2.9950,  44853.496133, 19.468,   0.0,    2.0, -2.0, 0.00,  0.00,  0.00, 0.0,  0.0,  0.0
2857688.47445110, 2.9975,  44854.235108, 19.468,   0.0,    2.0, -2.0, 0.00,  0.00,  0.00, 0.0,  0.0,  0.0
2857688.47695110, 3.0000,  44853.919726, 19.468,   0.0,    2.0, -2.0, 0.00,  0.00,  0.00, 0.0,  0.0,  0.0
2857688.47945110, 3.0025,  44852.616747, 19.468,   0.0,    2.0, -2.0, 0.00,  0.00,  0.00, 0.0,  0.0,  0.0
2857688.48195110, 3.0050,  44851.039241, 19.468,   0.0,    2.0, -2.0, 0.00,  0.00,  0.00, 0.0,  0.0,  0.0
2857688.48445110, 3.0075,  44850.485475, 19.468,   0.0,    2.0, -2.0, 0.00,  0.00,  0.00, 0.0,  0.0,  0.0
2857688.48695110, 3.0100,  44851.166231, 19.468,   0.0,    2.0, -2.0, 0.00,  0.00,  0.00, 0.0,  0.0,  0.0
2857688.48945110, 3.0125,  44853.205783, 19.468,   0.0,    2.0, -2.0, 0.00,  0.00,  0.00, 0.0,  0.0,  0.0
2857688.49195110, 3.0150,  44854.111408, 19.468,   0.0,    2.0, -2.0, 0.00,  0.00,  0.00, 0.0,  0.0,  0.0
2857688.49445110, 3.0175,  44854.235703, 19.468,   0.0,    2.0, -2.0, 0.00,  0.00,  0.00, 0.0,  0.0,  0.0
2857688.49695110, 3.0200,  44853.669452, 19.468,   0.0,    2.0, -2.0, 0.00,  0.00,  0.00, 0.0,  0.0,  0.0
2857688.49945110, 3.0225,  44853.124873, 19.468,   0.0,    2.0, -2.0, 0.00,  0.00,  0.00, 0.0,  0.0,  0.0
2857688.50195110, 3.0250,  44852.591416, 19.468,   0.0,    2.0, -2.0, 0.00,  0.00,  0.00, 0.0,  0.0,  0.0
2857688.50445110, 3.0275,  44852.057959, 19.468,   0.0,    2.0, -2.0, 0.00,  0.00,  0.00, 0.0,  0.0,  0.0
2857688.50695110, 3.0300,  44851.524502, 19.468,   0.0,    2.0, -2.0, 0.00,  0.00,  0.00, 0.0,  0.0,  0.0
2857688.50945110, 3.0325,  44852.704847, 19.468,   0.0,    2.0, -2.0, 0.00,  0.00,  0.00, 0.0,  0.0,  0.0
2857688.51195110, 3.0350,  44854.447600, 19.468,   0.0,    2.0, -2.0, 0.00,  0.00,  0.00, 0.0,  0.0,  0.0
2857688.51445110, 3.0375,  44854.582547, 19.468,   0.0,    2.0, -2.0, 0.00,  0.00,  0.00, 0.0,  0.0,  0.0
2857688.51695110, 3.0400,  44854.100052, 19.468,   0.0,    2.0, -2.0, 0.00,  0.00,  0.00, 0.0,  0.0,  0.0
2857688.51945110, 3.0425,  44852.987398, 19.468,   0.0,    2.0, -2.0, 0.00,  0.00,  0.00, 0.0,  0.0,  0.0
2857688.52195110, 3.0450,  44851.925267, 19.468,   0.0,    2.0, -2.0, 0.00,  0.00,  0.00, 0.0,  0.0,  0.0
2857688.52445110, 3.0475,  44850.973439, 19.468,   0.0,    2.0, -2.0, 0.00,  0.00,  0.00, 0.0,  0.0,  0.0
2857688.52695110, 3.0500,  44851.174991, 19.468,   0.0,    2.0, -2.0, 0.00,  0.00,  0.00, 0.0,  0.0,  0.0
2857688.52945110, 3.0525,  44853.346566, 19.468,   0.0,    2.0, -2.0, 0.00,  0.00,  0.00, 0.0,  0.0,  0.0
2857688.53195110, 3.0550,  44854.242098, 19.468,   0.0,    2.0, -2.0, 0.00,  0.00,  0.00, 0.0,  0.0,  0.0
2857688.53445110, 3.0575,  44854.114419, 19.468,   0.0,    2.0, -2.0, 0.00,  0.00,  0.00, 0.0,  0.0,  0.0
2857688.53695110, 3.0600,  44853.851581, 19.468,   0.0,    2.0, -2.0, 0.00,  0.00,  0.00, 0.0,  0.0,  0.0
2857688.53945110, 3.0625,  44852.280684, 19.468,   0.0,    2.0, -2.0, 0.00,  0.00,  0.00, 0.0,  0.0,  0.0
2857688.54195110, 3.0650,  44851.569693, 19.468,   0.0,    2.0, -2.0, 0.00,  0.00,  0.00, 0.0,  0.0,  0.0
2857688.54445110, 3.0675,  44851.217559, 19.468,   0.0,    2.0, -2.0, 0.00,  0.00,  0.00, 0.0,  0.0,  0.0
2857688.54695110, 3.0700,  44851.433348, 19.468,   0.0,    2.0, -2.0, 0.00,  0.00,  0.00, 0.0,  0.0,  0.0
2857688.54945110, 3.0725,  44851.649138, 19.468,   0.0,    2.0, -2.0, 0.00,  0.00,  0.00, 0.0,  0.0,  0.0
2857688.55195110, 3.0750,  44851.864927, 19.468,   0.0,    2.0, -2.0, 0.00,  0.00,  0.00, 0.0,  0.0,  0.0
2857688.55445110, 3.0775,  44854.275003, 19.468,   0.0,    2.0, -2.0, 0.00,  0.00,  0.00, 0.0,  0.0,  0.0
2857688.55695110, 3.0800,  44853.800012, 19.468,   0.0,    2.0, -2.0, 0.00,  0.00,  0.00, 0.0,  0.0,  0.0
2857688.55945110, 3.0825,  44853.101251, 19.468,   0.0,    2.0, -2.0, 0.00,  0.00,  0.00, 0.0,  0.0,  0.0
2857688.56195110, 3.0850,  44852.081598, 19.468,   0.0,    2.0, -2.0, 0.00,  0.00,  0.00, 0.0,  0.0,  0.0
2857688.56445110, 3.0875,  44851.544306, 19.468,   0.0,    2.0, -2.0, 0.00,  0.00,  0.00, 0.0,  0.0,  0.0
2857688.56695110, 3.0900,  44851.804810, 19.468,   0.0,    2.0, -2.0, 0.00,  0.00,  0.00, 0.0,  0.0,  0.0
2857688.56945110, 3.0925,  44853.777617, 19.468,   0.0,    2.0, -2.0, 0.00,  0.00,  0.00, 0.0,  0.0,  0.0
2857688.57195110, 3.0950,  44853.965788, 19.468,   0.0,    2.0, -2.0, 0.00,  0.00,  0.00, 0.0,  0.0,  0.0
2857688.57445110, 3.0975,  44854.104330, 19.468,   0.0,    2.0, -2.0, 0.00,  0.00,  0.00, 0.0,  0.0,  0.0
2857688.57695110, 3.1000,  44854.242872, 19.468,   0.0,    2.0, -2.0, 0.00,  0.00,  0.00, 0.0,  0.0,  0.0
2857688.57945110, 3.1025,  44854.142990, 19.468,   0.0,    2.0, -2.0, 0.00,  0.00,  0.00, 0.0,  0.0,  0.0
2857688.58195110, 3.1050,  44852.300598, 19.468,   0.0,    2.0, -2.0, 0.00,  0.00,  0.00, 0.0,  0.0,  0.0
2857688.58445110, 3.1075,  44851.654152, 19.468,   0.0,    2.0, -2.0, 0.00,  0.00,  0.00, 0.0,  0.0,  0.0
2857688.58695110, 3.1100,  44851.661697, 19.468,   0.0,    2.0, -2.0, 0.00,  0.00,  0.00, 0.0,  0.0,  0.0
2857688.58945110, 3.1125,  44851.669242, 19.468,   0.0,    2.0, -2.0, 0.00,  0.00,  0.00, 0.0,  0.0,  0.0
2857688.59195110, 3.1150,  44854.041444, 19.468,   0.0,    2.0, -2.0, 0.00,  0.00,  0.00, 0.0,  0.0,  0.0
2857688.59445110, 3.1175,  44854.516434, 19.468,   0.0,    2.0, -2.0, 0.00,  0.00,  0.00, 0.0,  0.0,  0.0
2857688.59695110, 3.1200,  44854.441342, 19.468,   0.0,    2.0, -2.0, 0.00,  0.00,  0.00, 0.0,  0.0,  0.0
2857688.59945110, 3.1225,  44853.301951, 19.468,   0.0,    2.0, -2.0, 0.00,  0.00,  0.00, 0.0,  0.0,  0.0
2857688.60195110, 3.1250,  44852.126694, 19.468,   0.0,    2.0, -2.0, 0.00,  0.00,  0.00, 0.0,  0.0,  0.0
2857688.60445110, 3.1275,  44850.863952, 19.468,   0.0,    2.0, -2.0, 0.00,  0.00,  0.00, 0.0,  0.0,  0.0
2857688.60695110, 3.1300,  44851.069786, 19.468,   0.0,    2.0, -2.0, 0.00,  0.00,  0.00, 0.0,  0.0,  0.0
2857688.60945110, 3.1325,  44852.579200, 19.468,   0.0,    2.0, -2.0, 0.00,  0.00,  0.00, 0.0,  0.0,  0.0
2857688.61195110, 3.1350,  44854.088613, 19.468,   0.0,    2.0, -2.0, 0.00,  0.00,  0.00, 0.0,  0.0,  0.0
2857688.61445110, 3.1375,  44854.495372, 19.468,   0.0,    2.0, -2.0, 0.00,  0.00,  0.00, 0.0,  0.0,  0.0
2857688.61695110, 3.1400,  44853.636587, 19.468,   0.0,    2.0, -2.0, 0.00,  0.00,  0.00, 0.0,  0.0,  0.0
2857688.61945110, 3.1425,  44852.282221, 19.468,   0.0,    2.0, -2.0, 0.00,  0.00,  0.00, 0.0,  0.0,  0.0
2857688.62195110, 3.1450,  44851.503947, 19.468,   0.0,    2.0, -2.0, 0.00,  0.00,  0.00, 0.0,  0.0,  0.0
2857688.62445110, 3.1475,  44850.213408, 19.468,   0.0,    2.0, -2.0, 0.00,  0.00,  0.00, 0.0,  0.0,  0.0
2857688.62695110, 3.1500,  44851.608484, 19.468,   0.0,    2.0, -2.0, 0.00,  0.00,  0.00, 0.0,  0.0,  0.0
2857688.62945110, 3.1525,  44853.718957, 19.468,   0.0,    2.0, -2.0, 0.00,  0.00,  0.00, 0.0,  0.0,  0.0
2857688.63445110, 3.1575,  44854.391401, 19.468,   0.0,    2.0, -2.0, 0.00,  0.00,  0.00, 0.0,  0.0,  0.0
2857688.63695110, 3.1600,  44853.597427, 19.468,   0.0,    2.0, -2.0, 0.00,  0.00,  0.00, 0.0,  0.0,  0.0
2857688.63945110, 3.1625,  44852.771154, 19.468,   0.0,    2.0, -2.0, 0.00,  0.00,  0.00, 0.0,  0.0,  0.0
2857688.64195110, 3.1650,  44852.362350, 19.468,   0.0,    2.0, -2.0, 0.00,  0.00,  0.00, 0.0,  0.0,  0.0
2857688.64445110, 3.1675,  44852.035322, 19.468,   0.0,    2.0, -2.0, 0.00,  0.00,  0.00, 0.0,  0.0,  0.0
2857688.64695110, 3.1700,  44851.897517, 19.468,   0.0,    2.0, -2.0, 0.00,  0.00,  0.00, 0.0,  0.0,  0.0
2857688.64945110, 3.1725,  44851.759712, 19.468,   0.0,    2.0, -2.0, 0.00,  0.00,  0.00, 0.0,  0.0,  0.0
2857688.65195110, 3.1750,  44851.621907, 19.468,   0.0,    2.0, -2.0, 0.00,  0.00,  0.00, 0.0,  0.0,  0.0
2857688.65445110, 3.1775,  44854.666460, 19.468,   0.0,    2.0, -2.0, 0.00,  0.00,  0.00, 0.0,  0.0,  0.0
2857688.65695110, 3.1800,  44854.251610, 19.468,   0.0,    2.0, -2.0, 0.00,  0.00,  0.00, 0.0,  0.0,  0.0
2857688.65945110, 3.1825,  44853.587844, 19.468,   0.0,    2.0, -2.0, 0.00,  0.00,  0.00, 0.0,  0.0,  0.0
2857688.66195110, 3.1850,  44852.583536, 19.468,   0.0,    2.0, -2.0, 0.00,  0.00,  0.00, 0.0,  0.0,  0.0
2857688.66445110, 3.1875,  44851.771576, 19.468,   0.0,    2.0, -2.0, 0.00,  0.00,  0.00, 0.0,  0.0,  0.0
2857688.66695110, 3.1900,  44851.305817, 19.468,   0.0,    2.0, -2.0, 0.00,  0.00,  0.00, 0.0,  0.0,  0.0
2857688.66945110, 3.1925,  44853.621580, 19.468,   0.0,    2.0, -2.0, 0.00,  0.00,  0.00, 0.0,  0.0,  0.0
2857688.67195110, 3.1950,  44854.186598, 19.468,   0.0,    2.0, -2.0, 0.00,  0.00,  0.00, 0.0,  0.0,  0.0
2857688.67445110, 3.1975,  44854.661670, 19.468,   0.0,    2.0, -2.0, 0.00,  0.00,  0.00, 0.0,  0.0,  0.0
2857688.67695110, 3.2000,  44854.458445, 19.468,   0.0,    2.0, -2.0, 0.00,  0.00,  0.00, 0.0,  0.0,  0.0
2857688.67945110, 3.2025,  44854.255220, 19.468,   0.0,    2.0, -2.0, 0.00,  0.00,  0.00, 0.0,  0.0,  0.0
2857688.68195110, 3.2050,  44852.769023, 19.468,   0.0,    2.0, -2.0, 0.00,  0.00,  0.00, 0.0,  0.0,  0.0
2857688.68445110, 3.2075,  44850.247605, 19.468,   0.0,    2.0, -2.0, 0.00,  0.00,  0.00, 0.0,  0.0,  0.0
2857688.68695110, 3.2100,  44850.731226, 19.468,   0.0,    2.0, -2.0, 0.00,  0.00,  0.00, 0.0,  0.0,  0.0
2857688.68945110, 3.2125,  44851.214846, 19.468,   0.0,    2.0, -2.0, 0.00,  0.00,  0.00, 0.0,  0.0,  0.0
2857688.69195110, 3.2150,  44852.828316, 19.468,   0.0,    2.0, -2.0, 0.00,  0.00,  0.00, 0.0,  0.0,  0.0
2857688.69445110, 3.2175,  44853.969778, 19.468,   0.0,    2.0, -2.0, 0.00,  0.00,  0.00, 0.0,  0.0,  0.0
2857688.69695110, 3.2200,  44853.381280, 19.468,   0.0,    2.0, -2.0, 0.00,  0.00,  0.00, 0.0,  0.0,  0.0
2857688.69945110, 3.2225,  44852.662125, 19.468,   0.0,    2.0, -2.0, 0.00,  0.00,  0.00, 0.0,  0.0,  0.0
2857688.70195110, 3.2250,  44851.755060, 19.468,   0.0,    2.0, -2.0, 0.00,  0.00,  0.00, 0.0,  0.0,  0.0
2857688.70445110, 3.2275,  44850.607824, 19.468,   0.0,    2.0, -2.0, 0.00,  0.00,  0.00, 0.0,  0.0,  0.0
2857688.70695110, 3.2300,  44851.719425, 19.468,   0.0,    2.0, -2.0, 0.00,  0.00,  0.00, 0.0,  0.0,  0.0
2857688.70945110, 3.2325,  44853.234001, 19.468,   0.0,    2.0, -2.0, 0.00,  0.00,  0.00, 0.0,  0.0,  0.0
2857688.71195110, 3.2350,  44854.711689, 19.468,   0.0,    2.0, -2.0, 0.00,  0.00,  0.00, 0.0,  0.0,  0.0
2857688.71445110, 3.2375,  44854.858769, 19.468,   0.0,    2.0, -2.0, 0.00,  0.00,  0.00, 0.0,  0.0,  0.0
2857688.71695110, 3.2400,  44854.454923, 19.468,   0.0,    2.0, -2.0, 0.00,  0.00,  0.00, 0.0,  0.0,  0.0
2857688.71945110, 3.2425,  44853.271023, 19.468,   0.0,    2.0, -2.0, 0.00,  0.00,  0.00, 0.0,  0.0,  0.0
2857688.72195110, 3.2450,  44851.215828, 19.468,   0.0,    2.0, -2.0, 0.00,  0.00,  0.00, 0.0,  0.0,  0.0
2857688.72445110, 3.2475,  44850.860519, 19.468,   0.0,    2.0, -2.0, 0.00,  0.00,  0.00, 0.0,  0.0,  0.0
2857688.72695110, 3.2500,  44852.102406, 19.468,   0.0,    2.0, -2.0, 0.00,  0.00,  0.00, 0.0,  0.0,  0.0
2857688.72945110, 3.2525,  44853.220450, 19.468,   0.0,    2.0, -2.0, 0.00,  0.00,  0.00, 0.0,  0.0,  0.0
2857688.73195110, 3.2550,  44853.673833, 19.468,   0.0,    2.0, -2.0, 0.00,  0.00,  0.00, 0.0,  0.0,  0.0
2857688.73445110, 3.2575,  44853.833710, 19.468,   0.0,    2.0, -2.0, 0.00,  0.00,  0.00, 0.0,  0.0,  0.0
2857688.73695110, 3.2600,  44853.993588, 19.468,   0.0,    2.0, -2.0, 0.00,  0.00,  0.00, 0.0,  0.0,  0.0
2857688.73945110, 3.2625,  44852.297494, 19.468,   0.0,    2.0, -2.0, 0.00,  0.00,  0.00, 0.0,  0.0,  0.0
2857688.74195110, 3.2650,  44851.467530, 19.468,   0.0,    2.0, -2.0, 0.00,  0.00,  0.00, 0.0,  0.0,  0.0
2857688.74445110, 3.2675,  44850.164627, 19.468,   0.0,    2.0, -2.0, 0.00,  0.00,  0.00, 0.0,  0.0,  0.0
2857688.74695110, 3.2700,  44850.951909, 19.468,   0.0,    2.0, -2.0, 0.00,  0.00,  0.00, 0.0,  0.0,  0.0
2857688.74945110, 3.2725,  44852.287762, 19.468,   0.0,    2.0, -2.0, 0.00,  0.00,  0.00, 0.0,  0.0,  0.0
2857688.75195110, 3.2750,  44853.413614, 19.468,   0.0,    2.0, -2.0, 0.00,  0.00,  0.00, 0.0,  0.0,  0.0
2857688.75445110, 3.2775,  44854.042883, 19.468,   0.0,    2.0, -2.0, 0.00,  0.00,  0.00, 0.0,  0.0,  0.0
2857688.75695110, 3.2800,  44854.672151, 19.468,   0.0,    2.0, -2.0, 0.00,  0.00,  0.00, 0.0,  0.0,  0.0
2857688.75945110, 3.2825,  44852.359331, 19.468,   0.0,    2.0, -2.0, 0.00,  0.00,  0.00, 0.0,  0.0,  0.0
2857688.76195110, 3.2850,  44852.120254, 19.468,   0.0,    2.0, -2.0, 0.00,  0.00,  0.00, 0.0,  0.0,  0.0
2857688.76445110, 3.2875,  44851.881178, 19.468,   0.0,    2.0, -2.0, 0.00,  0.00,  0.00, 0.0,  0.0,  0.0
2857688.76695110, 3.2900,  44851.642102, 19.468,   0.0,    2.0, -2.0, 0.00,  0.00,  0.00, 0.0,  0.0,  0.0
2857688.76945110, 3.2925,  44852.671964, 19.468,   0.0,    2.0, -2.0, 0.00,  0.00,  0.00, 0.0,  0.0,  0.0
2857688.77195110, 3.2950,  44853.917200, 19.468,   0.0,    2.0, -2.0, 0.00,  0.00,  0.00, 0.0,  0.0,  0.0
2857688.77445110, 3.2975,  44854.224172, 19.468,   0.0,    2.0, -2.0, 0.00,  0.00,  0.00, 0.0,  0.0,  0.0
2857688.77695110, 3.3000,  44853.894569, 19.468,   0.0,    2.0, -2.0, 0.00,  0.00,  0.00, 0.0,  0.0,  0.0
2857688.77945110, 3.3025,  44852.666218, 19.468,   0.0,    2.0, -2.0, 0.00,  0.00,  0.00, 0.0,  0.0,  0.0
2857688.78195110, 3.3050,  44851.659514, 19.468,   0.0,    2.0, -2.0, 0.00,  0.00,  0.00, 0.0,  0.0,  0.0
2857688.78445110, 3.3075,  44850.746195, 19.468,   0.0,    2.0, -2.0, 0.00,  0.00,  0.00, 0.0,  0.0,  0.0
2857688.78695110, 3.3100,  44850.576299, 19.468,   0.0,    2.0, -2.0, 0.00,  0.00,  0.00, 0.0,  0.0,  0.0
2857688.78945110, 3.3125,  44851.907082, 19.468,   0.0,    2.0, -2.0, 0.00,  0.00,  0.00, 0.0,  0.0,  0.0
2857688.79195110, 3.3150,  44853.241889, 19.468,   0.0,    2.0, -2.0, 0.00,  0.00,  0.00, 0.0,  0.0,  0.0
2857688.79445110, 3.3175,  44854.385549, 19.468,   0.0,    2.0, -2.0, 0.00,  0.00,  0.00, 0.0,  0.0,  0.0
2857688.79695110, 3.3200,  44853.698345, 19.468,   0.0,    2.0, -2.0, 0.00,  0.00,  0.00, 0.0,  0.0,  0.0
2857688.79945110, 3.3225,  44852.870900, 19.468,   0.0,    2.0, -2.0, 0.00,  0.00,  0.00, 0.0,  0.0,  0.0
2857688.80195110, 3.3250,  44852.027049, 19.468,   0.0,    2.0, -2.0, 0.00,  0.00,  0.00, 0.0,  0.0,  0.0
2857688.80445110, 3.3275,  44851.075482, 19.468,   0.0,    2.0, -2.0, 0.00,  0.00,  0.00, 0.0,  0.0,  0.0
2857688.80695110, 3.3300,  44850.780264, 19.468,   0.0,    2.0, -2.0, 0.00,  0.00,  0.00, 0.0,  0.0,  0.0
2857688.80945110, 3.3325,  44853.591714, 19.468,   0.0,    2.0, -2.0, 0.00,  0.00,  0.00, 0.0,  0.0,  0.0
2857688.81195110, 3.3350,  44854.268438, 19.468,   0.0,    2.0, -2.0, 0.00,  0.00,  0.00, 0.0,  0.0,  0.0
2857688.81445110, 3.3375,  44854.430886, 19.468,   0.0,    2.0, -2.0, 0.00,  0.00,  0.00, 0.0,  0.0,  0.0
2857688.81695110, 3.3400,  44854.189061, 19.468,   0.0,    2.0, -2.0, 0.00,  0.00,  0.00, 0.0,  0.0,  0.0
2857688.81945110, 3.3425,  44853.804173, 19.468,   0.0,    2.0, -2.0, 0.00,  0.00,  0.00, 0.0,  0.0,  0.0
2857688.82195110, 3.3450,  44853.415605, 19.468,   0.0,    2.0, -2.0, 0.00,  0.00,  0.00, 0.0,  0.0,  0.0
2857688.82445110, 3.3475,  44853.027036, 19.468,   0.0,    2.0, -2.0, 0.00,  0.00,  0.00, 0.0,  0.0,  0.0
2857688.82695110, 3.3500,  44853.337877, 19.468,   0.0,    2.0, -2.0, 0.00,  0.00,  0.00, 0.0,  0.0,  0.0
2857688.82945110, 3.3525,  44853.520166, 19.468,   0.0,    2.0, -2.0, 0.00,  0.00,  0.00, 0.0,  0.0,  0.0
2857688.83195110, 3.3550,  44854.173945, 19.468,   0.0,    2.0, -2.0, 0.00,  0.00,  0.00, 0.0,  0.0,  0.0
2857688.83445110, 3.3575,  44854.451865, 19.468,   0.0,    2.0, -2.0, 0.00,  0.00,  0.00, 0.0,  0.0,  0.0
2857688.83695110, 3.3600,  44854.467659, 19.468,   0.0,    2.0, -2.0, 0.00,  0.00,  0.00, 0.0,  0.0,  0.0
2857688.83945110, 3.3625,  44854.277812, 19.468,   0.0,    2.0, -2.0, 0.00,  0.00,  0.00, 0.0,  0.0,  0.0
2857688.84195110, 3.3650,  44851.380813, 19.468,   0.0,    2.0, -2.0, 0.00,  0.00,  0.00, 0.0,  0.0,  0.0
2857688.84445110, 3.3675,  44850.956597, 19.468,   0.0,    2.0, -2.0, 0.00,  0.00,  0.00, 0.0,  0.0,  0.0
2857688.84695110, 3.3700,  44850.577810, 19.468,   0.0,    2.0, -2.0, 0.00,  0.00,  0.00, 0.0,  0.0,  0.0
2857688.84945110, 3.3725,  44850.199023, 19.468,   0.0,    2.0, -2.0, 0.00,  0.00,  0.00, 0.0,  0.0,  0.0
2857688.85195110, 3.3750,  44849.834324, 19.468,   0.0,    2.0, -2.0, 0.00,  0.00,  0.00, 0.0,  0.0,  0.0
2857688.85445110, 3.3775,  44854.162122, 19.468,   0.0,    2.0, -2.0, 0.00,  0.00,  0.00, 0.0,  0.0,  0.0
2857688.85695110, 3.3800,  44853.609793, 19.468,   0.0,    2.0, -2.0, 0.00,  0.00,  0.00, 0.0,  0.0,  0.0
2857688.85945110, 3.3825,  44852.971028, 19.468,   0.0,    2.0, -2.0, 0.00,  0.00,  0.00, 0.0,  0.0,  0.0
2857688.86195110, 3.3850,  44852.144401, 19.468,   0.0,    2.0, -2.0, 0.00,  0.00,  0.00, 0.0,  0.0,  0.0
2857688.86445110, 3.3875,  44850.930404, 19.468,   0.0,    2.0, -2.0, 0.00,  0.00,  0.00, 0.0,  0.0,  0.0
2857688.86695110, 3.3900,  44850.908726, 19.468,   0.0,    2.0, -2.0, 0.00,  0.00,  0.00, 0.0,  0.0,  0.0
2857688.86945110, 3.3925,  44852.038771, 19.468,   0.0,    2.0, -2.0, 0.00,  0.00,  0.00, 0.0,  0.0,  0.0
2857688.87195110, 3.3950,  44853.166753, 19.468,   0.0,    2.0, -2.0, 0.00,  0.00,  0.00, 0.0,  0.0,  0.0
2857688.87445110, 3.3975,  44853.781390, 19.468,   0.0,    2.0, -2.0, 0.00,  0.00,  0.00, 0.0,  0.0,  0.0
2857688.87695110, 3.4000,  44854.396027, 19.468,   0.0,    2.0, -2.0, 0.00,  0.00,  0.00, 0.0,  0.0,  0.0
2857688.87945110, 3.4025,  44852.108297, 19.468,   0.0,    2.0, -2.0, 0.00,  0.00,  0.00, 0.0,  0.0,  0.0
2857688.88195110, 3.4050,  44851.631619, 19.468,   0.0,    2.0, -2.0, 0.00,  0.00,  0.00, 0.0,  0.0,  0.0
2857688.88445110, 3.4075,  44850.747154, 19.468,   0.0,    2.0, -2.0, 0.00,  0.00,  0.00, 0.0,  0.0,  0.0
2857688.88695110, 3.4100,  44851.540210, 19.468,   0.0,    2.0, -2.0, 0.00,  0.00,  0.00, 0.0,  0.0,  0.0
2857688.88945110, 3.4125,  44854.195861, 19.468,   0.0,    2.0, -2.0, 0.00,  0.00,  0.00, 0.0,  0.0,  0.0
2857688.89195110, 3.4150,  44854.851526, 19.468,   0.0,    2.0, -2.0, 0.00,  0.00,  0.00, 0.0,  0.0,  0.0
2857688.89445110, 3.4175,  44854.931352, 19.468,   0.0,    2.0, -2.0, 0.00,  0.00,  0.00, 0.0,  0.0,  0.0
2857688.89695110, 3.4200,  44854.425182, 19.468,   0.0,    2.0, -2.0, 0.00,  0.00,  0.00, 0.0,  0.0,  0.0
2857688.89945110, 3.4225,  44853.768731, 19.468,   0.0,    2.0, -2.0, 0.00,  0.00,  0.00, 0.0,  0.0,  0.0
2857688.90195110, 3.4250,  44853.018379, 19.468,   0.0,    2.0, -2.0, 0.00,  0.00,  0.00, 0.0,  0.0,  0.0
2857688.90445110, 3.4275,  44852.268028, 19.468,   0.0,    2.0, -2.0, 0.00,  0.00,  0.00, 0.0,  0.0,  0.0
2857688.90695110, 3.4300,  44851.517677, 19.468,   0.0,    2.0, -2.0, 0.00,  0.00,  0.00, 0.0,  0.0,  0.0
2857688.90945110, 3.4325,  44853.008576, 19.468,   0.0,    2.0, -2.0, 0.00,  0.00,  0.00, 0.0,  0.0,  0.0
2857688.91195110, 3.4350,  44854.521750, 19.468,   0.0,    2.0, -2.0, 0.00,  0.00,  0.00, 0.0,  0.0,  0.0
2857688.91445110, 3.4375,  44854.611714, 19.468,   0.0,    2.0, -2.0, 0.00,  0.00,  0.00, 0.0,  0.0,  0.0
2857688.91695110, 3.4400,  44854.003244, 19.468,   0.0,    2.0, -2.0, 0.00,  0.00,  0.00, 0.0,  0.0,  0.0
2857688.91945110, 3.4425,  44853.201037, 19.468,   0.0,    2.0, -2.0, 0.00,  0.00,  0.00, 0.0,  0.0,  0.0
2857688.92195110, 3.4450,  44852.452397, 19.468,   0.0,    2.0, -2.0, 0.00,  0.00,  0.00, 0.0,  0.0,  0.0
2857688.92445110, 3.4475,  44851.083762, 19.468,   0.0,    2.0, -2.0, 0.00,  0.00,  0.00, 0.0,  0.0,  0.0
2857688.92695110, 3.4500,  44851.830690, 19.468,   0.0,    2.0, -2.0, 0.00,  0.00,  0.00, 0.0,  0.0,  0.0
2857688.92945110, 3.4525,  44852.394971, 19.468,   0.0,    2.0, -2.0, 0.00,  0.00,  0.00, 0.0,  0.0,  0.0
2857688.93195110, 3.4550,  44852.959038, 19.468,   0.0,    2.0, -2.0, 0.00,  0.00,  0.00, 0.0,  0.0,  0.0
2857688.93445110, 3.4575,  44853.523105, 19.468,   0.0,    2.0, -2.0, 0.00,  0.00,  0.00, 0.0,  0.0,  0.0
2857688.93695110, 3.4600,  44854.053924, 19.468,   0.0,    2.0, -2.0, 0.00,  0.00,  0.00, 0.0,  0.0,  0.0
2857688.93945110, 3.4625,  44852.444778, 19.468,   0.0,    2.0, -2.0, 0.00,  0.00,  0.00, 0.0,  0.0,  0.0
2857688.94195110, 3.4650,  44851.546343, 19.468,   0.0,    2.0, -2.0, 0.00,  0.00,  0.00, 0.0,  0.0,  0.0
2857688.94445110, 3.4675,  44850.766685, 19.468,   0.0,    2.0, -2.0, 0.00,  0.00,  0.00, 0.0,  0.0,  0.0
2857688.94695110, 3.4700,  44852.142107, 19.468,   0.0,    2.0, -2.0, 0.00,  0.00,  0.00, 0.0,  0.0,  0.0
2857688.94945110, 3.4725,  44853.755363, 19.468,   0.0,    2.0, -2.0, 0.00,  0.00,  0.00, 0.0,  0.0,  0.0
2857688.95195110, 3.4750,  44854.082289, 19.468,   0.0,    2.0, -2.0, 0.00,  0.00,  0.00, 0.0,  0.0,  0.0
2857688.95445110, 3.4775,  44854.496266, 19.468,   0.0,    2.0, -2.0, 0.00,  0.00,  0.00, 0.0,  0.0,  0.0
2857688.95695110, 3.4800,  44853.582121, 19.468,   0.0,    2.0, -2.0, 0.00,  0.00,  0.00, 0.0,  0.0,  0.0
2857688.95945110, 3.4825,  44852.654210, 19.468,   0.0,    2.0, -2.0, 0.00,  0.00,  0.00, 0.0,  0.0,  0.0
2857688.96195110, 3.4850,  44852.654210, 19.468,   0.0,    2.0, -2.0, 0.00,  0.00,  0.00, 0.0,  0.0,  0.0
2857688.96445110, 3.4875,  44851.372616, 19.468,   0.0,    2.0, -2.0, 0.00,  0.00,  0.00, 0.0,  0.0,  0.0
2857688.96695110, 3.4900,  44851.414493, 19.468,   0.0,    2.0, -2.0, 0.00,  0.00,  0.00, 0.0,  0.0,  0.0
2857688.96945110, 3.4925,  44853.473851, 19.468,   0.0,    2.0, -2.0, 0.00,  0.00,  0.00, 0.0,  0.0,  0.0
2857688.97195110, 3.4950,  44854.195895, 19.468,   0.0,    2.0, -2.0, 0.00,  0.00,  0.00, 0.0,  0.0,  0.0
2857688.97445110, 3.4975,  44854.406337, 19.468,   0.0,    2.0, -2.0, 0.00,  0.00,  0.00, 0.0,  0.0,  0.0
2857688.97695110, 3.5000,  44853.614790, 19.468,   0.0,    2.0, -2.0, 0.00,  0.00,  0.00, 0.0,  0.0,  0.0
2857688.97945110, 3.5025,  44852.286759, 19.468,   0.0,    2.0, -2.0, 0.00,  0.00,  0.00, 0.0,  0.0,  0.0
2857688.98195110, 3.5050,  44851.876579, 19.468,   0.0,    2.0, -2.0, 0.00,  0.00,  0.00, 0.0,  0.0,  0.0
2857688.98445110, 3.5075,  44851.594750, 19.468,   0.0,    2.0, -2.0, 0.00,  0.00,  0.00, 0.0,  0.0,  0.0
2857688.98695110, 3.5100,  44851.363481, 19.468,   0.0,    2.0, -2.0, 0.00,  0.00,  0.00, 0.0,  0.0,  0.0
2857688.98945110, 3.5125,  44851.132211, 19.468,   0.0,    2.0, -2.0, 0.00,  0.00,  0.00, 0.0,  0.0,  0.0
2857688.99195110, 3.5150,  44853.383504, 19.468,   0.0,    2.0, -2.0, 0.00,  0.00,  0.00, 0.0,  0.0,  0.0
2857688.99445110, 3.5175,  44854.470455, 19.468,   0.0,    2.0, -2.0, 0.00,  0.00,  0.00, 0.0,  0.0,  0.0
2857688.99695110, 3.5200,  44854.150262, 19.468,   0.0,    2.0, -2.0, 0.00,  0.00,  0.00, 0.0,  0.0,  0.0
2857688.99945110, 3.5225,  44853.515862, 19.468,   0.0,    2.0, -2.0, 0.00,  0.00,  0.00, 0.0,  0.0,  0.0
2857689.00195110, 3.5250,  44852.943549, 19.468,   0.0,    2.0, -2.0, 0.00,  0.00,  0.00, 0.0,  0.0,  0.0
2857689.00445110, 3.5275,  44852.137869, 19.468,   0.0,    2.0, -2.0, 0.00,  0.00,  0.00, 0.0,  0.0,  0.0
2857689.00695110, 3.5300,  44851.093572, 19.468,   0.0,    2.0, -2.0, 0.00,  0.00,  0.00, 0.0,  0.0,  0.0
2857689.00945110, 3.5325,  44851.779080, 19.468,   0.0,    2.0, -2.0, 0.00,  0.00,  0.00, 0.0,  0.0,  0.0
2857689.01195110, 3.5350,  44854.415761, 19.468,   0.0,    2.0, -2.0, 0.00,  0.00,  0.00, 0.0,  0.0,  0.0
2857689.01445110, 3.5375,  44854.855103, 19.468,   0.0,    2.0, -2.0, 0.00,  0.00,  0.00, 0.0,  0.0,  0.0
2857689.01695110, 3.5400,  44854.232495, 19.468,   0.0,    2.0, -2.0, 0.00,  0.00,  0.00, 0.0,  0.0,  0.0
2857689.01945110, 3.5425,  44853.407759, 19.468,   0.0,    2.0, -2.0, 0.00,  0.00,  0.00, 0.0,  0.0,  0.0
2857689.02195110, 3.5450,  44852.025438, 19.468,   0.0,    2.0, -2.0, 0.00,  0.00,  0.00, 0.0,  0.0,  0.0
2857689.02445110, 3.5475,  44850.352822, 19.468,   0.0,    2.0, -2.0, 0.00,  0.00,  0.00, 0.0,  0.0,  0.0
2857689.02695110, 3.5500,  44850.935543, 19.468,   0.0,    2.0, -2.0, 0.00,  0.00,  0.00, 0.0,  0.0,  0.0
2857689.02945110, 3.5525,  44852.178415, 19.468,   0.0,    2.0, -2.0, 0.00,  0.00,  0.00, 0.0,  0.0,  0.0
2857689.03195110, 3.5550,  44853.623086, 19.468,   0.0,    2.0, -2.0, 0.00,  0.00,  0.00, 0.0,  0.0,  0.0
2857689.03445110, 3.5575,  44854.256959, 19.468,   0.0,    2.0, -2.0, 0.00,  0.00,  0.00, 0.0,  0.0,  0.0
2857689.03695110, 3.5600,  44854.392439, 19.468,   0.0,    2.0, -2.0, 0.00,  0.00,  0.00, 0.0,  0.0,  0.0
2857689.03945110, 3.5625,  44854.270549, 19.468,   0.0,    2.0, -2.0, 0.00,  0.00,  0.00, 0.0,  0.0,  0.0
2857689.04195110, 3.5650,  44853.407100, 19.468,   0.0,    2.0, -2.0, 0.00,  0.00,  0.00, 0.0,  0.0,  0.0
2857689.04445110, 3.5675,  44851.662967, 19.468,   0.0,    2.0, -2.0, 0.00,  0.00,  0.00, 0.0,  0.0,  0.0
2857689.04695110, 3.5700,  44850.735924, 19.468,   0.0,    2.0, -2.0, 0.00,  0.00,  0.00, 0.0,  0.0,  0.0
2857689.04945110, 3.5725,  44852.176094, 19.468,   0.0,    2.0, -2.0, 0.00,  0.00,  0.00, 0.0,  0.0,  0.0
2857689.05195110, 3.5750,  44853.851390, 19.468,   0.0,    2.0, -2.0, 0.00,  0.00,  0.00, 0.0,  0.0,  0.0
2857689.05445110, 3.5775,  44854.642701, 19.468,   0.0,    2.0, -2.0, 0.00,  0.00,  0.00, 0.0,  0.0,  0.0
2857689.05695110, 3.5800,  44854.269096, 19.468,   0.0,    2.0, -2.0, 0.00,  0.00,  0.00, 0.0,  0.0,  0.0
2857689.05945110, 3.5825,  44853.444583, 19.468,   0.0,    2.0, -2.0, 0.00,  0.00,  0.00, 0.0,  0.0,  0.0
2857689.06195110, 3.5850,  44851.222472, 19.468,   0.0,    2.0, -2.0, 0.00,  0.00,  0.00, 0.0,  0.0,  0.0
2857689.06445110, 3.5875,  44850.462594, 19.468,   0.0,    2.0, -2.0, 0.00,  0.00,  0.00, 0.0,  0.0,  0.0
2857689.06695110, 3.5900,  44851.504627, 19.468,   0.0,    2.0, -2.0, 0.00,  0.00,  0.00, 0.0,  0.0,  0.0
2857689.06945110, 3.5925,  44853.788086, 19.468,   0.0,    2.0, -2.0, 0.00,  0.00,  0.00, 0.0,  0.0,  0.0
2857689.07195110, 3.5950,  44854.662719, 19.468,   0.0,    2.0, -2.0, 0.00,  0.00,  0.00, 0.0,  0.0,  0.0
2857689.07445110, 3.5975,  44854.760300, 19.468,   0.0,    2.0, -2.0, 0.00,  0.00,  0.00, 0.0,  0.0,  0.0
2857689.07695110, 3.6000,  44854.066907, 19.468,   0.0,    2.0, -2.0, 0.00,  0.00,  0.00, 0.0,  0.0,  0.0
2857689.07945110, 3.6025,  44852.283804, 19.468,   0.0,    2.0, -2.0, 0.00,  0.00,  0.00, 0.0,  0.0,  0.0
2857689.08195110, 3.6050,  44851.050396, 19.468,   0.0,    2.0, -2.0, 0.00,  0.00,  0.00, 0.0,  0.0,  0.0
2857689.08445110, 3.6075,  44850.532443, 19.468,   0.0,    2.0, -2.0, 0.00,  0.00,  0.00, 0.0,  0.0,  0.0
2857689.08695110, 3.6100,  44852.719705, 19.468,   0.0,    2.0, -2.0, 0.00,  0.00,  0.00, 0.0,  0.0,  0.0
2857689.08945110, 3.6125,  44853.744673, 19.468,   0.0,    2.0, -2.0, 0.00,  0.00,  0.00, 0.0,  0.0,  0.0
2857689.09195110, 3.6150,  44854.566151, 19.468,   0.0,    2.0, -2.0, 0.00,  0.00,  0.00, 0.0,  0.0,  0.0
2857689.09445110, 3.6175,  44854.729226, 19.468,   0.0,    2.0, -2.0, 0.00,  0.00,  0.00, 0.0,  0.0,  0.0
2857689.09695110, 3.6200,  44853.456890, 19.468,   0.0,    2.0, -2.0, 0.00,  0.00,  0.00, 0.0,  0.0,  0.0
2857689.09945110, 3.6225,  44852.793191, 19.468,   0.0,    2.0, -2.0, 0.00,  0.00,  0.00, 0.0,  0.0,  0.0
2857689.10195110, 3.6250,  44851.890904, 19.468,   0.0,    2.0, -2.0, 0.00,  0.00,  0.00, 0.0,  0.0,  0.0
2857689.10445110, 3.6275,  44850.923870, 19.468,   0.0,    2.0, -2.0, 0.00,  0.00,  0.00, 0.0,  0.0,  0.0
2857689.10695110, 3.6300,  44852.053514, 19.468,   0.0,    2.0, -2.0, 0.00,  0.00,  0.00, 0.0,  0.0,  0.0
2857689.10945110, 3.6325,  44853.476099, 19.468,   0.0,    2.0, -2.0, 0.00,  0.00,  0.00, 0.0,  0.0,  0.0
2857689.11195110, 3.6350,  19098.803303, 19.468,   0.0,    2.0, -2.0, 0.00,  0.00,  0.00, 0.0,  0.0,  0.0
2857689.11445110, 3.6375,  1.525296, 19.468,   0.0,    2.0, -2.0, 0.00,  0.00,  0.00, 0.0,  0.0,  0.0
2857689.11695110, 3.6400,  0.729346, 19.468,   0.0,    2.0, -2.0, 0.00,  0.00,  0.00, 0.0,  0.0,  0.0
2857689.11945110, 3.6425, -0.602077, 19.468,   0.0,    2.0, -2.0, 0.00,  0.00,  0.00, 0.0,  0.0,  0.0
2857689.12195110, 3.6450, -1.065740, 19.468,   0.0,    2.0, -2.0, 0.00,  0.00,  0.00, 0.0,  0.0,  0.0
2857689.12445110, 3.6475, -1.529404, 19.468,   0.0,    2.0, -2.0, 0.00,  0.00,  0.00, 0.0,  0.0,  0.0
2857689.12695110, 3.6500, -1.372044, 19.468,   0.0,    2.0, -2.0, 0.00,  0.00,  0.00, 0.0,  0.0,  0.0
2857689.12945110, 3.6525,  1.040541, 19.468,   0.0,    2.0, -2.0, 0.00,  0.00,  0.00, 0.0,  0.0,  0.0
2857689.13195110, 3.6550,  1.738999, 19.468,   0.0,    2.0, -2.0, 0.00,  0.00,  0.00, 0.0,  0.0,  0.0
2857689.13445110, 3.6575,  1.591683, 19.468,   0.0,    2.0, -2.0, 0.00,  0.00,  0.00, 0.0,  0.0,  0.0
2857689.13695110, 3.6600,  1.433820, 19.468,   0.0,    2.0, -2.0, 0.00,  0.00,  0.00, 0.0,  0.0,  0.0
2857689.13945110, 3.6625,  0.678282, 19.468,   0.0,    2.0, -2.0, 0.00,  0.00,  0.00, 0.0,  0.0,  0.0
2857689.14195110, 3.6650, -0.171780, 19.468,   0.0,    2.0, -2.0, 0.00,  0.00,  0.00, 0.0,  0.0,  0.0
2857689.14445110, 3.6675, -2.337531, 19.468,   0.0,    2.0, -2.0, 0.00,  0.00,  0.00, 0.0,  0.0,  0.0
2857689.14695110, 3.6700, -0.731200, 19.468,   0.0,    2.0, -2.0, 0.00,  0.00,  0.00, 0.0,  0.0,  0.0
2857689.14945110, 3.6725,  0.274471, 19.468,   0.0,    2.0, -2.0, 0.00,  0.00,  0.00, 0.0,  0.0,  0.0
2857689.15195110, 3.6750,  1.077064, 19.468,   0.0,    2.0, -2.0, 0.00,  0.00,  0.00, 0.0,  0.0,  0.0
2857689.15445110, 3.6775,  1.327398, 19.468,   0.0,    2.0, -2.0, 0.00,  0.00,  0.00, 0.0,  0.0,  0.0
2857689.15695110, 3.6800,  1.443872, 19.468,   0.0,    2.0, -2.0, 0.00,  0.00,  0.00, 0.0,  0.0,  0.0
2857689.15945110, 3.6825,  0.371446, 19.468,   0.0,    2.0, -2.0, 0.00,  0.00,  0.00, 0.0,  0.0,  0.0
2857689.16195110, 3.6850, -1.092211, 19.468,   0.0,    2.0, -2.0, 0.00,  0.00,  0.00, 0.0,  0.0,  0.0
2857689.16445110, 3.6875, -2.037373, 19.468,   0.0,    2.0, -2.0, 0.00,  0.00,  0.00, 0.0,  0.0,  0.0
2857689.16695110, 3.6900, -1.333947, 19.468,   0.0,    2.0, -2.0, 0.00,  0.00,  0.00, 0.0,  0.0,  0.0
2857689.16945110, 3.6925, -0.749480, 19.468,   0.0,    2.0, -2.0, 0.00,  0.00,  0.00, 0.0,  0.0,  0.0
2857689.17195110, 3.6950, -0.187471, 19.468,   0.0,    2.0, -2.0, 0.00,  0.00,  0.00, 0.0,  0.0,  0.0
2857689.17445110, 3.6975,  0.374539, 19.468,   0.0,    2.0, -2.0, 0.00,  0.00,  0.00, 0.0,  0.0,  0.0
2857689.17695110, 3.7000,  0.203705, 19.468,   0.0,    2.0, -2.0, 0.00,  0.00,  0.00, 0.0,  0.0,  0.0
2857689.17945110, 3.7025, -0.249379, 19.468,   0.0,    2.0, -2.0, 0.00,  0.00,  0.00, 0.0,  0.0,  0.0
2857689.18195110, 3.7050, -0.559386, 19.468,   0.0,    2.0, -2.0, 0.00,  0.00,  0.00, 0.0,  0.0,  0.0
2857689.18445110, 3.7075, -0.976781, 19.468,   0.0,    2.0, -2.0, 0.00,  0.00,  0.00, 0.0,  0.0,  0.0
2857689.18695110, 3.7100, -0.575388, 19.468,   0.0,    2.0, -2.0, 0.00,  0.00,  0.00, 0.0,  0.0,  0.0
2857689.18945110, 3.7125,  0.281715, 19.468,   0.0,    2.0, -2.0, 0.00,  0.00,  0.00, 0.0,  0.0,  0.0
2857689.19195110, 3.7150,  1.735220, 19.468,   0.0,    2.0, -2.0, 0.00,  0.00,  0.00, 0.0,  0.0,  0.0
2857689.19445110, 3.7175,  1.839308, 19.468,   0.0,    2.0, -2.0, 0.00,  0.00,  0.00, 0.0,  0.0,  0.0
2857689.19695110, 3.7200,  0.559294, 19.468,   0.0,    2.0, -2.0, 0.00,  0.00,  0.00, 0.0,  0.0,  0.0
2857689.19945110, 3.7225, -0.238688, 19.468,   0.0,    2.0, -2.0, 0.00,  0.00,  0.00, 0.0,  0.0,  0.0
2857689.20195110, 3.7250, -1.303823, 19.468,   0.0,    2.0, -2.0, 0.00,  0.00,  0.00, 0.0,  0.0,  0.0
2857689.20445110, 3.7275, -2.462376, 19.468,   0.0,    2.0, -2.0, 0.00,  0.00,  0.00, 0.0,  0.0,  0.0
2857689.20945110, 3.7325,  0.363671, 19.468,   0.0,    2.0, -2.0, 0.00,  0.00,  0.00, 0.0,  0.0,  0.0
2857689.21195110, 3.7350,  1.334136, 19.468,   0.0,    2.0, -2.0, 0.00,  0.00,  0.00, 0.0,  0.0,  0.0
2857689.21445110, 3.7375,  1.367064, 19.468,   0.0,    2.0, -2.0, 0.00,  0.00,  0.00, 0.0,  0.0,  0.0
2857689.21695110, 3.7400,  1.289453, 19.468,   0.0,    2.0, -2.0, 0.00,  0.00,  0.00, 0.0,  0.0,  0.0
2857689.21945110, 3.7425,  1.173012, 19.468,   0.0,    2.0, -2.0, 0.00,  0.00,  0.00, 0.0,  0.0,  0.0
2857689.22195110, 3.7450, -0.075400, 19.468,   0.0,    2.0, -2.0, 0.00,  0.00,  0.00, 0.0,  0.0,  0.0
2857689.22445110, 3.7475, -1.589977, 19.468,   0.0,    2.0, -2.0, 0.00,  0.00,  0.00, 0.0,  0.0,  0.0
2857689.22695110, 3.7500, -1.566336, 19.468,   0.0,    2.0, -2.0, 0.00,  0.00,  0.00, 0.0,  0.0,  0.0
2857689.22945110, 3.7525, -0.161346, 19.468,   0.0,    2.0, -2.0, 0.00,  0.00,  0.00, 0.0,  0.0,  0.0
2857689.23195110, 3.7550,  1.282617, 19.468,   0.0,    2.0, -2.0, 0.00,  0.00,  0.00, 0.0,  0.0,  0.0
2857689.23445110, 3.7575,  1.846020, 19.468,   0.0,    2.0, -2.0, 0.00,  0.00,  0.00, 0.0,  0.0,  0.0
2857689.23695110, 3.7600,  1.615420, 19.468,   0.0,    2.0, -2.0, 0.00,  0.00,  0.00, 0.0,  0.0,  0.0
2857689.23945110, 3.7625,  1.019984, 19.468,   0.0,    2.0, -2.0, 0.00,  0.00,  0.00, 0.0,  0.0,  0.0
2857689.24195110, 3.7650,  0.424549, 19.468,   0.0,    2.0, -2.0, 0.00,  0.00,  0.00, 0.0,  0.0,  0.0
2857689.24445110, 3.7675, -0.170887, 19.468,   0.0,    2.0, -2.0, 0.00,  0.00,  0.00, 0.0,  0.0,  0.0
2857689.24695110, 3.7700, -1.904403, 19.468,   0.0,    2.0, -2.0, 0.00,  0.00,  0.00, 0.0,  0.0,  0.0
2857689.24945110, 3.7725, -0.872640, 19.468,   0.0,    2.0, -2.0, 0.00,  0.00,  0.00, 0.0,  0.0,  0.0
2857689.25195110, 3.7750,  0.159124, 19.468,   0.0,    2.0, -2.0, 0.00,  0.00,  0.00, 0.0,  0.0,  0.0
2857689.25445110, 3.7775,  0.716486, 19.468,   0.0,    2.0, -2.0, 0.00,  0.00,  0.00, 0.0,  0.0,  0.0
2857689.25695110, 3.7800,  0.981602, 19.468,   0.0,    2.0, -2.0, 0.00,  0.00,  0.00, 0.0,  0.0,  0.0
2857689.25945110, 3.7825,  1.246718, 19.468,   0.0,    2.0, -2.0, 0.00,  0.00,  0.00, 0.0,  0.0,  0.0
2857689.26195110, 3.7850,  1.189223, 19.468,   0.0,    2.0, -2.0, 0.00,  0.00,  0.00, 0.0,  0.0,  0.0
2857689.26445110, 3.7875, -2.173893, 19.468,   0.0,    2.0, -2.0, 0.00,  0.00,  0.00, 0.0,  0.0,  0.0
2857689.26695110, 3.7900, -1.754812, 19.468,   0.0,    2.0, -2.0, 0.00,  0.00,  0.00, 0.0,  0.0,  0.0
2857689.26945110, 3.7925, -0.255807, 19.468,   0.0,    2.0, -2.0, 0.00,  0.00,  0.00, 0.0,  0.0,  0.0
2857689.27195110, 3.7950,  0.942199, 19.468,   0.0,    2.0, -2.0, 0.00,  0.00,  0.00, 0.0,  0.0,  0.0
2857689.27445110, 3.7975,  1.386033, 19.468,   0.0,    2.0, -2.0, 0.00,  0.00,  0.00, 0.0,  0.0,  0.0
2857689.27695110, 3.8000,  0.445373, 19.468,   0.0,    2.0, -2.0, 0.00,  0.00,  0.00, 0.0,  0.0,  0.0
2857689.27945110, 3.8025, -0.431122, 19.468,   0.0,    2.0, -2.0, 0.00,  0.00,  0.00, 0.0,  0.0,  0.0
2857689.28195110, 3.8050, -0.431122, 19.468,   0.0,    2.0, -2.0, 0.00,  0.00,  0.00, 0.0,  0.0,  0.0
2857689.28445110, 3.8075, -0.431122, 19.468,   0.0,    2.0, -2.0, 0.00,  0.00,  0.00, 0.0,  0.0,  0.0
2857689.28695110, 3.8100, -0.340915, 19.468,   0.0,    2.0, -2.0, 0.00,  0.00,  0.00, 0.0,  0.0,  0.0
2857689.28945110, 3.8125,  0.027338, 19.468,   0.0,    2.0, -2.0, 0.00,  0.00,  0.00, 0.0,  0.0,  0.0
2857689.29195110, 3.8150,  0.533698, 19.468,   0.0,    2.0, -2.0, 0.00,  0.00,  0.00, 0.0,  0.0,  0.0
2857689.29445110, 3.8175,  1.364214, 19.468,   0.0,    2.0, -2.0, 0.00,  0.00,  0.00, 0.0,  0.0,  0.0
2857689.29695110, 3.8200,  0.908473, 19.468,   0.0,    2.0, -2.0, 0.00,  0.00,  0.00, 0.0,  0.0,  0.0
2857689.29945110, 3.8225, -0.294665, 19.468,   0.0,    2.0, -2.0, 0.00,  0.00,  0.00, 0.0,  0.0,  0.0
2857689.30195110, 3.8250, -0.670201, 19.468,   0.0,    2.0, -2.0, 0.00,  0.00,  0.00, 0.0,  0.0,  0.0
2857689.30445110, 3.8275, -1.095720, 19.468,   0.0,    2.0, -2.0, 0.00,  0.00,  0.00, 0.0,  0.0,  0.0
2857689.30695110, 3.8300, -1.741782, 19.468,   0.0,    2.0, -2.0, 0.00,  0.00,  0.00, 0.0,  0.0,  0.0
2857689.30945110, 3.8325, -1.012033, 19.468,   0.0,    2.0, -2.0, 0.00,  0.00,  0.00, 0.0,  0.0,  0.0
2857689.31195110, 3.8350,  0.715471, 19.468,   0.0,    2.0, -2.0, 0.00,  0.00,  0.00, 0.0,  0.0,  0.0
2857689.31695110, 3.8400,  0.953104, 19.468,   0.0,    2.0, -2.0, 0.00,  0.00,  0.00, 0.0,  0.0,  0.0
2857689.31945110, 3.8425,  0.096335, 19.468,   0.0,    2.0, -2.0, 0.00,  0.00,  0.00, 0.0,  0.0,  0.0
2857689.32195110, 3.8450, -0.954390, 19.468,   0.0,    2.0, -2.0, 0.00,  0.00,  0.00, 0.0,  0.0,  0.0
2857689.32445110, 3.8475, -2.177703, 19.468,   0.0,    2.0, -2.0, 0.00,  0.00,  0.00, 0.0,  0.0,  0.0
2857689.32695110, 3.8500, -0.902085, 19.468,   0.0,    2.0, -2.0, 0.00,  0.00,  0.00, 0.0,  0.0,  0.0
2857689.32945110, 3.8525,  0.456215, 19.468,   0.0,    2.0, -2.0, 0.00,  0.00,  0.00, 0.0,  0.0,  0.0
2857689.33195110, 3.8550,  1.371778, 19.468,   0.0,    2.0, -2.0, 0.00,  0.00,  0.00, 0.0,  0.0,  0.0
2857689.33445110, 3.8575,  1.628061, 19.468,   0.0,    2.0, -2.0, 0.00,  0.00,  0.00, 0.0,  0.0,  0.0
2857689.33695110, 3.8600,  1.348786, 19.468,   0.0,    2.0, -2.0, 0.00,  0.00,  0.00, 0.0,  0.0,  0.0
2857689.33945110, 3.8625,  0.999306, 19.468,   0.0,    2.0, -2.0, 0.00,  0.00,  0.00, 0.0,  0.0,  0.0
2857689.34195110, 3.8650,  0.539455, 19.468,   0.0,    2.0, -2.0, 0.00,  0.00,  0.00, 0.0,  0.0,  0.0
2857689.34445110, 3.8675,  0.079603, 19.468,   0.0,    2.0, -2.0, 0.00,  0.00,  0.00, 0.0,  0.0,  0.0
2857689.34695110, 3.8700, -0.380248, 19.468,   0.0,    2.0, -2.0, 0.00,  0.00,  0.00, 0.0,  0.0,  0.0
2857689.34945110, 3.8725, -0.840099, 19.468,   0.0,    2.0, -2.0, 0.00,  0.00,  0.00, 0.0,  0.0,  0.0
2857689.35195110, 3.8750, -0.877796, 19.468,   0.0,    2.0, -2.0, 0.00,  0.00,  0.00, 0.0,  0.0,  0.0
2857689.35445110, 3.8775,  1.575983, 19.468,   0.0,    2.0, -2.0, 0.00,  0.00,  0.00, 0.0,  0.0,  0.0
2857689.35695110, 3.8800,  0.455983, 19.468,   0.0,    2.0, -2.0, 0.00,  0.00,  0.00, 0.0,  0.0,  0.0
2857689.35945110, 3.8825, -0.572505, 19.468,   0.0,    2.0, -2.0, 0.00,  0.00,  0.00, 0.0,  0.0,  0.0
2857689.36195110, 3.8850, -0.916421, 19.468,   0.0,    2.0, -2.0, 0.00,  0.00,  0.00, 0.0,  0.0,  0.0
2857689.36445110, 3.8875, -1.331009, 19.468,   0.0,    2.0, -2.0, 0.00,  0.00,  0.00, 0.0,  0.0,  0.0
2857689.36695110, 3.8900, -1.745597, 19.468,   0.0,    2.0, -2.0, 0.00,  0.00,  0.00, 0.0,  0.0,  0.0
2857689.36945110, 3.8925, -2.160186, 19.468,   0.0,    2.0, -2.0, 0.00,  0.00,  0.00, 0.0,  0.0,  0.0
2857689.37195110, 3.8950, -0.388267, 19.468,   0.0,    2.0, -2.0, 0.00,  0.00,  0.00, 0.0,  0.0,  0.0
2857689.37445110, 3.8975,  1.687908, 19.468,   0.0,    2.0, -2.0, 0.00,  0.00,  0.00, 0.0,  0.0,  0.0
2857689.37695110, 3.9000,  1.583257, 19.468,   0.0,    2.0, -2.0, 0.00,  0.00,  0.00, 0.0,  0.0,  0.0
2857689.37945110, 3.9025,  1.478606, 19.468,   0.0,    2.0, -2.0, 0.00,  0.00,  0.00, 0.0,  0.0,  0.0
2857689.38195110, 3.9050,  1.343434, 19.468,   0.0,    2.0, -2.0, 0.00,  0.00,  0.00, 0.0,  0.0,  0.0
2857689.38445110, 3.9075, -0.673611, 19.468,   0.0,    2.0, -2.0, 0.00,  0.00,  0.00, 0.0,  0.0,  0.0
2857689.38695110, 3.9100, -1.799426, 19.468,   0.0,    2.0, -2.0, 0.00,  0.00,  0.00, 0.0,  0.0,  0.0
2857689.38945110, 3.9125,  0.567793, 19.468,   0.0,    2.0, -2.0, 0.00,  0.00,  0.00, 0.0,  0.0,  0.0
2857689.39195110, 3.9150,  1.325607, 19.468,   0.0,    2.0, -2.0, 0.00,  0.00,  0.00, 0.0,  0.0,  0.0
2857689.39445110, 3.9175,  1.654234, 19.468,   0.0,    2.0, -2.0, 0.00,  0.00,  0.00, 0.0,  0.0,  0.0
2857689.39695110, 3.9200,  1.710412, 19.468,   0.0,    2.0, -2.0, 0.00,  0.00,  0.00, 0.0,  0.0,  0.0
2857689.39945110, 3.9225,  1.766590, 19.468,   0.0,    2.0, -2.0, 0.00,  0.00,  0.00, 0.0,  0.0,  0.0
2857689.40195110, 3.9250, -1.054050, 19.468,   0.0,    2.0, -2.0, 0.00,  0.00,  0.00, 0.0,  0.0,  0.0
2857689.40445110, 3.9275, -2.243203, 19.468,   0.0,    2.0, -2.0, 0.00,  0.00,  0.00, 0.0,  0.0,  0.0
2857689.40695110, 3.9300, -2.273967, 19.468,   0.0,    2.0, -2.0, 0.00,  0.00,  0.00, 0.0,  0.0,  0.0
2857689.40945110, 3.9325, -1.994423, 19.468,   0.0,    2.0, -2.0, 0.00,  0.00,  0.00, 0.0,  0.0,  0.0
2857689.41195110, 3.9350,  1.719200, 19.468,   0.0,    2.0, -2.0, 0.00,  0.00,  0.00, 0.0,  0.0,  0.0
2857689.41445110, 3.9375,  1.529347, 19.468,   0.0,    2.0, -2.0, 0.00,  0.00,  0.00, 0.0,  0.0,  0.0
2857689.41695110, 3.9400,  1.191672, 19.468,   0.0,    2.0, -2.0, 0.00,  0.00,  0.00, 0.0,  0.0,  0.0
2857689.41945110, 3.9425,  0.035394, 19.468,   0.0,    2.0, -2.0, 0.00,  0.00,  0.00, 0.0,  0.0,  0.0
2857689.42195110, 3.9450, -1.119986, 19.468,   0.0,    2.0, -2.0, 0.00,  0.00,  0.00, 0.0,  0.0,  0.0
2857689.42445110, 3.9475, -2.229876, 19.468,   0.0,    2.0, -2.0, 0.00,  0.00,  0.00, 0.0,  0.0,  0.0
2857689.42695110, 3.9500, -1.348154, 19.468,   0.0,    2.0, -2.0, 0.00,  0.00,  0.00, 0.0,  0.0,  0.0
2857689.42945110, 3.9525,  0.178254, 19.468,   0.0,    2.0, -2.0, 0.00,  0.00,  0.00, 0.0,  0.0,  0.0
2857689.43195110, 3.9550,  1.357609, 19.468,   0.0,    2.0, -2.0, 0.00,  0.00,  0.00, 0.0,  0.0,  0.0
2857689.43445110, 3.9575,  1.582343, 19.468,   0.0,    2.0, -2.0, 0.00,  0.00,  0.00, 0.0,  0.0,  0.0
2857689.43695110, 3.9600,  1.176642, 19.468,   0.0,    2.0, -2.0, 0.00,  0.00,  0.00, 0.0,  0.0,  0.0
2857689.43945110, 3.9625,  0.423931, 19.468,   0.0,    2.0, -2.0, 0.00,  0.00,  0.00, 0.0,  0.0,  0.0
2857689.44195110, 3.9650, -0.319065, 19.468,   0.0,    2.0, -2.0, 0.00,  0.00,  0.00, 0.0,  0.0,  0.0
2857689.44445110, 3.9675, -1.032524, 19.468,   0.0,    2.0, -2.0, 0.00,  0.00,  0.00, 0.0,  0.0,  0.0
2857689.44695110, 3.9700, -1.745982, 19.468,   0.0,    2.0, -2.0, 0.00,  0.00,  0.00, 0.0,  0.0,  0.0
2857689.44945110, 3.9725, -2.459440, 19.468,   0.0,    2.0, -2.0, 0.00,  0.00,  0.00, 0.0,  0.0,  0.0
2857689.45195110, 3.9750,  0.377623, 19.468,   0.0,    2.0, -2.0, 0.00,  0.00,  0.00, 0.0,  0.0,  0.0
2857689.45445110, 3.9775,  1.661853, 19.468,   0.0,    2.0, -2.0, 0.00,  0.00,  0.00, 0.0,  0.0,  0.0
2857689.45695110, 3.9800,  1.484682, 19.468,   0.0,    2.0, -2.0, 0.00,  0.00,  0.00, 0.0,  0.0,  0.0
2857689.45945110, 3.9825,  0.965268, 19.468,   0.0,    2.0, -2.0, 0.00,  0.00,  0.00, 0.0,  0.0,  0.0
2857689.46195110, 3.9850,  0.314487, 19.468,   0.0,    2.0, -2.0, 0.00,  0.00,  0.00, 0.0,  0.0,  0.0
2857689.46445110, 3.9875, -0.355860, 19.468,   0.0,    2.0, -2.0, 0.00,  0.00,  0.00, 0.0,  0.0,  0.0
2857689.46695110, 3.9900, -1.113651, 19.468,   0.0,    2.0, -2.0, 0.00,  0.00,  0.00, 0.0,  0.0,  0.0
2857689.46945110, 3.9925, -1.156210, 19.468,   0.0,    2.0, -2.0, 0.00,  0.00,  0.00, 0.0,  0.0,  0.0
2857689.47195110, 3.9950,  1.382509, 19.468,   0.0,    2.0, -2.0, 0.00,  0.00,  0.00, 0.0,  0.0,  0.0
2857689.47445110, 3.9975,  1.632207, 19.468,   0.0,    2.0, -2.0, 0.00,  0.00,  0.00, 0.0,  0.0,  0.0
2857689.47695110, 4.0000,  1.445091, 19.468,   0.0,    2.0, -2.0, 0.00,  0.00,  0.00, 0.0,  0.0,  0.0
2857689.47945110, 4.0025,  0.907258, 19.468,   0.0,    2.0, -2.0, 0.00,  0.00,  0.00, 0.0,  0.0,  0.0
2857689.48195110, 4.0050, -0.236421, 19.468,   0.0,    2.0, -2.0, 0.00,  0.00,  0.00, 0.0,  0.0,  0.0
2857689.48445110, 4.0075, -1.261690, 19.468,   0.0,    2.0, -2.0, 0.00,  0.00,  0.00, 0.0,  0.0,  0.0
2857689.48695110, 4.0100, -1.932105, 19.468,   0.0,    2.0, -2.0, 0.00,  0.00,  0.00, 0.0,  0.0,  0.0
2857689.48945110, 4.0125, -1.900156, 19.468,   0.0,    2.0, -2.0, 0.00,  0.00,  0.00, 0.0,  0.0,  0.0
2857689.49195110, 4.0150,  0.163643, 19.468,   0.0,    2.0, -2.0, 0.00,  0.00,  0.00, 0.0,  0.0,  0.0
2857689.49445110, 4.0175,  1.567726, 19.468,   0.0,    2.0, -2.0, 0.00,  0.00,  0.00, 0.0,  0.0,  0.0
2857689.49695110, 4.0200,  1.532655, 19.468,   0.0,    2.0, -2.0, 0.00,  0.00,  0.00, 0.0,  0.0,  0.0
2857689.49945110, 4.0225,  0.831767, 19.468,   0.0,    2.0, -2.0, 0.00,  0.00,  0.00, 0.0,  0.0,  0.0
2857689.50195110, 4.0250, -0.575221, 19.468,   0.0,    2.0, -2.0, 0.00,  0.00,  0.00, 0.0,  0.0,  0.0
2857689.50445110, 4.0275, -1.703422, 19.468,   0.0,    2.0, -2.0, 0.00,  0.00,  0.00, 0.0,  0.0,  0.0
2857689.50695110, 4.0300, -2.663435, 19.468,   0.0,    2.0, -2.0, 0.00,  0.00,  0.00, 0.0,  0.0,  0.0
2857689.50945110, 4.0325, -1.084952, 19.468,   0.0,    2.0, -2.0, 0.00,  0.00,  0.00, 0.0,  0.0,  0.0
2857689.51195110, 4.0350,  0.748400, 19.468,   0.0,    2.0, -2.0, 0.00,  0.00,  0.00, 0.0,  0.0,  0.0
2857689.51445110, 4.0375,  1.386892, 19.468,   0.0,    2.0, -2.0, 0.00,  0.00,  0.00, 0.0,  0.0,  0.0
2857689.51695110, 4.0400,  0.759725, 19.468,   0.0,    2.0, -2.0, 0.00,  0.00,  0.00, 0.0,  0.0,  0.0
2857689.51945110, 4.0425, -0.024872, 19.468,   0.0,    2.0, -2.0, 0.00,  0.00,  0.00, 0.0,  0.0,  0.0
2857689.52195110, 4.0450, -1.049715, 19.468,   0.0,    2.0, -2.0, 0.00,  0.00,  0.00, 0.0,  0.0,  0.0
2857689.52445110, 4.0475, -2.204263, 19.468,   0.0,    2.0, -2.0, 0.00,  0.00,  0.00, 0.0,  0.0,  0.0
2857689.52695110, 4.0500, -0.491830, 19.468,   0.0,    2.0, -2.0, 0.00,  0.00,  0.00, 0.0,  0.0,  0.0
2857689.52945110, 4.0525,  0.359998, 19.468,   0.0,    2.0, -2.0, 0.00,  0.00,  0.00, 0.0,  0.0,  0.0
2857689.53195110, 4.0550,  1.532756, 19.468,   0.0,    2.0, -2.0, 0.00,  0.00,  0.00, 0.0,  0.0,  0.0
2857689.53445110, 4.0575,  1.308705, 19.468,   0.0,    2.0, -2.0, 0.00,  0.00,  0.00, 0.0,  0.0,  0.0
2857689.53695110, 4.0600,  0.408752, 19.468,   0.0,    2.0, -2.0, 0.00,  0.00,  0.00, 0.0,  0.0,  0.0
2857689.53945110, 4.0625, -0.767033, 19.468,   0.0,    2.0, -2.0, 0.00,  0.00,  0.00, 0.0,  0.0,  0.0
2857689.54195110, 4.0650, -1.544623, 19.468,   0.0,    2.0, -2.0, 0.00,  0.00,  0.00, 0.0,  0.0,  0.0
2857689.54445110, 4.0675, -2.190816, 19.468,   0.0,    2.0, -2.0, 0.00,  0.00,  0.00, 0.0,  0.0,  0.0
2857689.54695110, 4.0700, -1.927575, 19.468,   0.0,    2.0, -2.0, 0.00,  0.00,  0.00, 0.0,  0.0,  0.0
2857689.54945110, 4.0725, -1.456605, 19.468,   0.0,    2.0, -2.0, 0.00,  0.00,  0.00, 0.0,  0.0,  0.0
2857689.55195110, 4.0750,  0.738649, 19.468,   0.0,    2.0, -2.0, 0.00,  0.00,  0.00, 0.0,  0.0,  0.0
2857689.55445110, 4.0775,  1.959343, 19.468,   0.0,    2.0, -2.0, 0.00,  0.00,  0.00, 0.0,  0.0,  0.0
2857689.55695110, 4.0800,  1.646813, 19.468,   0.0,    2.0, -2.0, 0.00,  0.00,  0.00, 0.0,  0.0,  0.0
2857689.55945110, 4.0825,  0.698117, 19.468,   0.0,    2.0, -2.0, 0.00,  0.00,  0.00, 0.0,  0.0,  0.0
2857689.56195110, 4.0850, -0.273782, 19.468,   0.0,    2.0, -2.0, 0.00,  0.00,  0.00, 0.0,  0.0,  0.0
2857689.56445110, 4.0875, -1.559342, 19.468,   0.0,    2.0, -2.0, 0.00,  0.00,  0.00, 0.0,  0.0,  0.0
2857689.56695110, 4.0900, -1.880726, 19.468,   0.0,    2.0, -2.0, 0.00,  0.00,  0.00, 0.0,  0.0,  0.0
2857689.56945110, 4.0925,  0.167197, 19.468,   0.0,    2.0, -2.0, 0.00,  0.00,  0.00, 0.0,  0.0,  0.0
2857689.57195110, 4.0950,  0.855261, 19.468,   0.0,    2.0, -2.0, 0.00,  0.00,  0.00, 0.0,  0.0,  0.0
2857689.57445110, 4.0975,  1.503824, 19.468,   0.0,    2.0, -2.0, 0.00,  0.00,  0.00, 0.0,  0.0,  0.0
2857689.57695110, 4.1000,  1.482078, 19.468,   0.0,    2.0, -2.0, 0.00,  0.00,  0.00, 0.0,  0.0,  0.0
2857689.57945110, 4.1025,  1.369036, 19.468,   0.0,    2.0, -2.0, 0.00,  0.00,  0.00, 0.0,  0.0,  0.0
2857689.58195110, 4.1050, -0.996587, 19.468,   0.0,    2.0, -2.0, 0.00,  0.00,  0.00, 0.0,  0.0,  0.0
2857689.58445110, 4.1075, -1.482496, 19.468,   0.0,    2.0, -2.0, 0.00,  0.00,  0.00, 0.0,  0.0,  0.0
2857689.58695110, 4.1100, -1.968405, 19.468,   0.0,    2.0, -2.0, 0.00,  0.00,  0.00, 0.0,  0.0,  0.0
2857689.58945110, 4.1125, -0.866997, 19.468,   0.0,    2.0, -2.0, 0.00,  0.00,  0.00, 0.0,  0.0,  0.0
2857689.59195110, 4.1150,  1.352741, 19.468,   0.0,    2.0, -2.0, 0.00,  0.00,  0.00, 0.0,  0.0,  0.0
2857689.59445110, 4.1175,  1.427684, 19.468,   0.0,    2.0, -2.0, 0.00,  0.00,  0.00, 0.0,  0.0,  0.0
2857689.59695110, 4.1200,  1.502627, 19.468,   0.0,    2.0, -2.0, 0.00,  0.00,  0.00, 0.0,  0.0,  0.0
2857689.59945110, 4.1225,  1.144263, 19.468,   0.0,    2.0, -2.0, 0.00,  0.00,  0.00, 0.0,  0.0,  0.0
2857689.60195110, 4.1250, -0.388257, 19.468,   0.0,    2.0, -2.0, 0.00,  0.00,  0.00, 0.0,  0.0,  0.0
2857689.60445110, 4.1275, -2.410088, 19.468,   0.0,    2.0, -2.0, 0.00,  0.00,  0.00, 0.0,  0.0,  0.0
2857689.60695110, 4.1300, -2.417912, 19.468,   0.0,    2.0, -2.0, 0.00,  0.00,  0.00, 0.0,  0.0,  0.0
2857689.60945110, 4.1325, -2.242632, 19.468,   0.0,    2.0, -2.0, 0.00,  0.00,  0.00, 0.0,  0.0,  0.0
2857689.61445110, 4.1375,  1.425469, 19.468,   0.0,    2.0, -2.0, 0.00,  0.00,  0.00, 0.0,  0.0,  0.0
2857689.61695110, 4.1400,  0.846743, 19.468,   0.0,    2.0, -2.0, 0.00,  0.00,  0.00, 0.0,  0.0,  0.0
2857689.61945110, 4.1425, -0.647169, 19.468,   0.0,    2.0, -2.0, 0.00,  0.00,  0.00, 0.0,  0.0,  0.0
2857689.62195110, 4.1450, -1.636978, 19.468,   0.0,    2.0, -2.0, 0.00,  0.00,  0.00, 0.0,  0.0,  0.0
2857689.62445110, 4.1475, -2.153723, 19.468,   0.0,    2.0, -2.0, 0.00,  0.00,  0.00, 0.0,  0.0,  0.0
2857689.62695110, 4.1500, -1.955513, 19.468,   0.0,    2.0, -2.0, 0.00,  0.00,  0.00, 0.0,  0.0,  0.0
2857689.62945110, 4.1525, -1.166451, 19.468,   0.0,    2.0, -2.0, 0.00,  0.00,  0.00, 0.0,  0.0,  0.0
2857689.63195110, 4.1550, -0.377389, 19.468,   0.0,    2.0, -2.0, 0.00,  0.00,  0.00, 0.0,  0.0,  0.0
2857689.63445110, 4.1575,  0.423208, 19.468,   0.0,    2.0, -2.0, 0.00,  0.00,  0.00, 0.0,  0.0,  0.0
2857689.63695110, 4.1600,  1.199230, 19.468,   0.0,    2.0, -2.0, 0.00,  0.00,  0.00, 0.0,  0.0,  0.0
2857689.63945110, 4.1625,  0.765122, 19.468,   0.0,    2.0, -2.0, 0.00,  0.00,  0.00, 0.0,  0.0,  0.0
2857689.64195110, 4.1650,  0.331013, 19.468,   0.0,    2.0, -2.0, 0.00,  0.00,  0.00, 0.0,  0.0,  0.0
2857689.64445110, 4.1675, -0.103095, 19.468,   0.0,    2.0, -2.0, 0.00,  0.00,  0.00, 0.0,  0.0,  0.0
2857689.64695110, 4.1700, -0.985338, 19.468,   0.0,    2.0, -2.0, 0.00,  0.00,  0.00, 0.0,  0.0,  0.0
2857689.64945110, 4.1725, -1.989478, 19.468,   0.0,    2.0, -2.0, 0.00,  0.00,  0.00, 0.0,  0.0,  0.0
2857689.65195110, 4.1750,  1.211451, 19.468,   0.0,    2.0, -2.0, 0.00,  0.00,  0.00, 0.0,  0.0,  0.0
2857689.65445110, 4.1775,  1.498904, 19.468,   0.0,    2.0, -2.0, 0.00,  0.00,  0.00, 0.0,  0.0,  0.0
2857689.65695110, 4.1800,  1.446025, 19.468,   0.0,    2.0, -2.0, 0.00,  0.00,  0.00, 0.0,  0.0,  0.0
2857689.65945110, 4.1825,  1.393145, 19.468,   0.0,    2.0, -2.0, 0.00,  0.00,  0.00, 0.0,  0.0,  0.0
2857689.66195110, 4.1850,  1.340266, 19.468,   0.0,    2.0, -2.0, 0.00,  0.00,  0.00, 0.0,  0.0,  0.0
2857689.66445110, 4.1875, -1.841330, 19.468,   0.0,    2.0, -2.0, 0.00,  0.00,  0.00, 0.0,  0.0,  0.0
2857689.66695110, 4.1900, -2.507829, 19.468,   0.0,    2.0, -2.0, 0.00,  0.00,  0.00, 0.0,  0.0,  0.0
2857689.66945110, 4.1925, -2.460855, 19.468,   0.0,    2.0, -2.0, 0.00,  0.00,  0.00, 0.0,  0.0,  0.0
2857689.67195110, 4.1950, -2.160879, 19.468,   0.0,    2.0, -2.0, 0.00,  0.00,  0.00, 0.0,  0.0,  0.0
2857689.67445110, 4.1975, -0.040794, 19.468,   0.0,    2.0, -2.0, 0.00,  0.00,  0.00, 0.0,  0.0,  0.0
2857689.67695110, 4.2000,  1.423131, 19.468,   0.0,    2.0, -2.0, 0.00,  0.00,  0.00, 0.0,  0.0,  0.0
2857689.67945110, 4.2025,  0.355481, 19.468,   0.0,    2.0, -2.0, 0.00,  0.00,  0.00, 0.0,  0.0,  0.0
2857689.68195110, 4.2050, -0.662779, 19.468,   0.0,    2.0, -2.0, 0.00,  0.00,  0.00, 0.0,  0.0,  0.0
2857689.68445110, 4.2075, -1.619062, 19.468,   0.0,    2.0, -2.0, 0.00,  0.00,  0.00, 0.0,  0.0,  0.0
2857689.68695110, 4.2100, -1.337746, 19.468,   0.0,    2.0, -2.0, 0.00,  0.00,  0.00, 0.0,  0.0,  0.0
2857689.68945110, 4.2125,  0.431772, 19.468,   0.0,    2.0, -2.0, 0.00,  0.00,  0.00, 0.0,  0.0,  0.0
2857689.69195110, 4.2150,  1.541037, 19.468,   0.0,    2.0, -2.0, 0.00,  0.00,  0.00, 0.0,  0.0,  0.0
2857689.69445110, 4.2175,  1.427613, 19.468,   0.0,    2.0, -2.0, 0.00,  0.00,  0.00, 0.0,  0.0,  0.0
2857689.69695110, 4.2200,  1.215262, 19.468,   0.0,    2.0, -2.0, 0.00,  0.00,  0.00, 0.0,  0.0,  0.0
2857689.69945110, 4.2225,  0.135799, 19.468,   0.0,    2.0, -2.0, 0.00,  0.00,  0.00, 0.0,  0.0,  0.0
2857689.70195110, 4.2250, -0.708005, 19.468,   0.0,    2.0, -2.0, 0.00,  0.00,  0.00, 0.0,  0.0,  0.0
2857689.70445110, 4.2275, -1.310342, 19.468,   0.0,    2.0, -2.0, 0.00,  0.00,  0.00, 0.0,  0.0,  0.0
2857689.70695110, 4.2300, -1.688581, 19.468,   0.0,    2.0, -2.0, 0.00,  0.00,  0.00, 0.0,  0.0,  0.0
2857689.70945110, 4.2325, -2.066819, 19.468,   0.0,    2.0, -2.0, 0.00,  0.00,  0.00, 0.0,  0.0,  0.0
2857689.71195110, 4.2350, -1.093126, 19.468,   0.0,    2.0, -2.0, 0.00,  0.00,  0.00, 0.0,  0.0,  0.0
2857689.71445110, 4.2375,  1.571312, 19.468,   0.0,    2.0, -2.0, 0.00,  0.00,  0.00, 0.0,  0.0,  0.0
2857689.71695110, 4.2400,  1.240220, 19.468,   0.0,    2.0, -2.0, 0.00,  0.00,  0.00, 0.0,  0.0,  0.0
2857689.71945110, 4.2425,  0.565116, 19.468,   0.0,    2.0, -2.0, 0.00,  0.00,  0.00, 0.0,  0.0,  0.0
2857689.72195110, 4.2450, -0.374254, 19.468,   0.0,    2.0, -2.0, 0.00,  0.00,  0.00, 0.0,  0.0,  0.0
2857689.72445110, 4.2475, -1.668306, 19.468,   0.0,    2.0, -2.0, 0.00,  0.00,  0.00, 0.0,  0.0,  0.0
2857689.72695110, 4.2500, -1.417339, 19.468,   0.0,    2.0, -2.0, 0.00,  0.00,  0.00, 0.0,  0.0,  0.0
2857689.72945110, 4.2525,  0.332376, 19.468,   0.0,    2.0, -2.0, 0.00,  0.00,  0.00, 0.0,  0.0,  0.0
2857689.73195110, 4.2550,  1.108463, 19.468,   0.0,    2.0, -2.0, 0.00,  0.00,  0.00, 0.0,  0.0,  0.0
2857689.73445110, 4.2575,  1.294800, 19.468,   0.0,    2.0, -2.0, 0.00,  0.00,  0.00, 0.0,  0.0,  0.0
2857689.73695110, 4.2600,  1.481136, 19.468,   0.0,    2.0, -2.0, 0.00,  0.00,  0.00, 0.0,  0.0,  0.0
2857689.73945110, 4.2625,  0.307638, 19.468,   0.0,    2.0, -2.0, 0.00,  0.00,  0.00, 0.0,  0.0,  0.0
2857689.74195110, 4.2650, -1.258642, 19.468,   0.0,    2.0, -2.0, 0.00,  0.00,  0.00, 0.0,  0.0,  0.0
2857689.74445110, 4.2675, -2.423564, 19.468,   0.0,    2.0, -2.0, 0.00,  0.00,  0.00, 0.0,  0.0,  0.0
2857689.74695110, 4.2700, -2.441417, 19.468,   0.0,    2.0, -2.0, 0.00,  0.00,  0.00, 0.0,  0.0,  0.0
2857689.74945110, 4.2725, -1.485463, 19.468,   0.0,    2.0, -2.0, 0.00,  0.00,  0.00, 0.0,  0.0,  0.0
2857689.75195110, 4.2750,  0.788862, 19.468,   0.0,    2.0, -2.0, 0.00,  0.00,  0.00, 0.0,  0.0,  0.0
2857689.75445110, 4.2775,  1.303546, 19.468,   0.0,    2.0, -2.0, 0.00,  0.00,  0.00, 0.0,  0.0,  0.0
2857689.75695110, 4.2800,  1.484854, 19.468,   0.0,    2.0, -2.0, 0.00,  0.00,  0.00, 0.0,  0.0,  0.0
2857689.75945110, 4.2825,  0.778213, 19.468,   0.0,    2.0, -2.0, 0.00,  0.00,  0.00, 0.0,  0.0,  0.0
2857689.76195110, 4.2850,  0.028600, 19.468,   0.0,    2.0, -2.0, 0.00,  0.00,  0.00, 0.0,  0.0,  0.0
2857689.76445110, 4.2875, -1.247915, 19.468,   0.0,    2.0, -2.0, 0.00,  0.00,  0.00, 0.0,  0.0,  0.0
2857689.76695110, 4.2900, -1.996997, 19.468,   0.0,    2.0, -2.0, 0.00,  0.00,  0.00, 0.0,  0.0,  0.0
2857689.76945110, 4.2925, -0.299932, 19.468,   0.0,    2.0, -2.0, 0.00,  0.00,  0.00, 0.0,  0.0,  0.0
2857689.77195110, 4.2950,  1.771552, 19.468,   0.0,    2.0, -2.0, 0.00,  0.00,  0.00, 0.0,  0.0,  0.0
2857689.77445110, 4.2975,  1.835329, 19.468,   0.0,    2.0, -2.0, 0.00,  0.00,  0.00, 0.0,  0.0,  0.0
2857689.77695110, 4.3000,  1.566254, 19.468,   0.0,    2.0, -2.0, 0.00,  0.00,  0.00, 0.0,  0.0,  0.0
2857689.77945110, 4.3025, -0.194455, 19.468,   0.0,    2.0, -2.0, 0.00,  0.00,  0.00, 0.0,  0.0,  0.0
2857689.78195110, 4.3050, -0.670492, 19.468,   0.0,    2.0, -2.0, 0.00,  0.00,  0.00, 0.0,  0.0,  0.0
2857689.78445110, 4.3075, -1.144941, 19.468,   0.0,    2.0, -2.0, 0.00,  0.00,  0.00, 0.0,  0.0,  0.0
2857689.78695110, 4.3100, -1.656040, 19.468,   0.0,    2.0, -2.0, 0.00,  0.00,  0.00, 0.0,  0.0,  0.0
2857689.78945110, 4.3125, -2.167140, 19.468,   0.0,    2.0, -2.0, 0.00,  0.00,  0.00, 0.0,  0.0,  0.0
2857689.79195110, 4.3150,  1.550288, 19.468,   0.0,    2.0, -2.0, 0.00,  0.00,  0.00, 0.0,  0.0,  0.0
2857689.79445110, 4.3175,  1.606158, 19.468,   0.0,    2.0, -2.0, 0.00,  0.00,  0.00, 0.0,  0.0,  0.0
2857689.79695110, 4.3200,  1.565670, 19.468,   0.0,    2.0, -2.0, 0.00,  0.00,  0.00, 0.0,  0.0,  0.0
2857689.79945110, 4.3225,  1.521910, 19.468,   0.0,    2.0, -2.0, 0.00,  0.00,  0.00, 0.0,  0.0,  0.0
2857689.80195110, 4.3250,  0.312680, 19.468,   0.0,    2.0, -2.0, 0.00,  0.00,  0.00, 0.0,  0.0,  0.0
2857689.80445110, 4.3275, -1.175195, 19.468,   0.0,    2.0, -2.0, 0.00,  0.00,  0.00, 0.0,  0.0,  0.0
2857689.80695110, 4.3300, -1.445033, 19.468,   0.0,    2.0, -2.0, 0.00,  0.00,  0.00, 0.0,  0.0,  0.0
2857689.80945110, 4.3325,  0.073355, 19.468,   0.0,    2.0, -2.0, 0.00,  0.00,  0.00, 0.0,  0.0,  0.0
2857689.81195110, 4.3350,  1.443182, 19.468,   0.0,    2.0, -2.0, 0.00,  0.00,  0.00, 0.0,  0.0,  0.0
2857689.81445110, 4.3375,  1.659864, 19.468,   0.0,    2.0, -2.0, 0.00,  0.00,  0.00, 0.0,  0.0,  0.0
2857689.81695110, 4.3400,  1.315506, 19.468,   0.0,    2.0, -2.0, 0.00,  0.00,  0.00, 0.0,  0.0,  0.0
2857689.81945110, 4.3425, -0.460824, 19.468,   0.0,    2.0, -2.0, 0.00,  0.00,  0.00, 0.0,  0.0,  0.0
2857689.82195110, 4.3450, -1.190170, 19.468,   0.0,    2.0, -2.0, 0.00,  0.00,  0.00, 0.0,  0.0,  0.0
2857689.82445110, 4.3475, -1.190170, 19.468,   0.0,    2.0, -2.0, 0.00,  0.00,  0.00, 0.0,  0.0,  0.0
2857689.82695110, 4.3500, -0.922143, 19.468,   0.0,    2.0, -2.0, 0.00,  0.00,  0.00, 0.0,  0.0,  0.0
2857689.82945110, 4.3525, -0.271909, 19.468,   0.0,    2.0, -2.0, 0.00,  0.00,  0.00, 0.0,  0.0,  0.0
2857689.83195110, 4.3550,  0.442116, 19.468,   0.0,    2.0, -2.0, 0.00,  0.00,  0.00, 0.0,  0.0,  0.0
2857689.83445110, 4.3575,  1.195226, 19.468,   0.0,    2.0, -2.0, 0.00,  0.00,  0.00, 0.0,  0.0,  0.0
2857689.83695110, 4.3600,  1.241841, 19.468,   0.0,    2.0, -2.0, 0.00,  0.00,  0.00, 0.0,  0.0,  0.0
2857689.84195110, 4.3650, -0.709378, 19.468,   0.0,    2.0, -2.0, 0.00,  0.00,  0.00, 0.0,  0.0,  0.0
2857689.84445110, 4.3675, -1.970624, 19.468,   0.0,    2.0, -2.0, 0.00,  0.00,  0.00, 0.0,  0.0,  0.0
2857689.84695110, 4.3700, -2.042829, 19.468,   0.0,    2.0, -2.0, 0.00,  0.00,  0.00, 0.0,  0.0,  0.0
2857689.84945110, 4.3725,  0.096442, 19.468,   0.0,    2.0, -2.0, 0.00,  0.00,  0.00, 0.0,  0.0,  0.0
2857689.85195110, 4.3750,  1.527142, 19.468,   0.0,    2.0, -2.0, 0.00,  0.00,  0.00, 0.0,  0.0,  0.0
2857689.85445110, 4.3775,  1.248067, 19.468,   0.0,    2.0, -2.0, 0.00,  0.00,  0.00, 0.0,  0.0,  0.0
2857689.85695110, 4.3800,  0.707336, 19.468,   0.0,    2.0, -2.0, 0.00,  0.00,  0.00, 0.0,  0.0,  0.0
2857689.85945110, 4.3825,  0.056540, 19.468,   0.0,    2.0, -2.0, 0.00,  0.00,  0.00, 0.0,  0.0,  0.0
2857689.86195110, 4.3850, -0.534272, 19.468,   0.0,    2.0, -2.0, 0.00,  0.00,  0.00, 0.0,  0.0,  0.0
2857689.86445110, 4.3875, -1.148958, 19.468,   0.0,    2.0, -2.0, 0.00,  0.00,  0.00, 0.0,  0.0,  0.0
2857689.86695110, 4.3900, -2.429734, 19.468,   0.0,    2.0, -2.0, 0.00,  0.00,  0.00, 0.0,  0.0,  0.0
2857689.86945110, 4.3925, -0.137648, 19.468,   0.0,    2.0, -2.0, 0.00,  0.00,  0.00, 0.0,  0.0,  0.0
2857689.87195110, 4.3950,  1.268636, 19.468,   0.0,    2.0, -2.0, 0.00,  0.00,  0.00, 0.0,  0.0,  0.0
2857689.87445110, 4.3975,  1.411908, 19.468,   0.0,    2.0, -2.0, 0.00,  0.00,  0.00, 0.0,  0.0,  0.0
2857689.87695110, 4.4000,  1.555180, 19.468,   0.0,    2.0, -2.0, 0.00,  0.00,  0.00, 0.0,  0.0,  0.0
2857689.87945110, 4.4025,  1.660824, 19.468,   0.0,    2.0, -2.0, 0.00,  0.00,  0.00, 0.0,  0.0,  0.0
2857689.88195110, 4.4050, -0.759202, 19.468,   0.0,    2.0, -2.0, 0.00,  0.00,  0.00, 0.0,  0.0,  0.0
2857689.88445110, 4.4075, -1.448354, 19.468,   0.0,    2.0, -2.0, 0.00,  0.00,  0.00, 0.0,  0.0,  0.0
2857689.88695110, 4.4100, -1.838838, 19.468,   0.0,    2.0, -2.0, 0.00,  0.00,  0.00, 0.0,  0.0,  0.0
2857689.88945110, 4.4125, -2.229321, 19.468,   0.0,    2.0, -2.0, 0.00,  0.00,  0.00, 0.0,  0.0,  0.0
2857689.89195110, 4.4150,  1.223245, 19.468,   0.0,    2.0, -2.0, 0.00,  0.00,  0.00, 0.0,  0.0,  0.0
2857689.89445110, 4.4175,  1.335805, 19.468,   0.0,    2.0, -2.0, 0.00,  0.00,  0.00, 0.0,  0.0,  0.0
2857689.89695110, 4.4200,  1.448365, 19.468,   0.0,    2.0, -2.0, 0.00,  0.00,  0.00, 0.0,  0.0,  0.0
2857689.89945110, 4.4225,  1.502929, 19.468,   0.0,    2.0, -2.0, 0.00,  0.00,  0.00, 0.0,  0.0,  0.0
2857689.90195110, 4.4250, -0.219878, 19.468,   0.0,    2.0, -2.0, 0.00,  0.00,  0.00, 0.0,  0.0,  0.0
2857689.90445110, 4.4275, -1.455573, 19.468,   0.0,    2.0, -2.0, 0.00,  0.00,  0.00, 0.0,  0.0,  0.0
2857689.90695110, 4.4300, -1.786312, 19.468,   0.0,    2.0, -2.0, 0.00,  0.00,  0.00, 0.0,  0.0,  0.0
2857689.90945110, 4.4325, -0.557419, 19.468,   0.0,    2.0, -2.0, 0.00,  0.00,  0.00, 0.0,  0.0,  0.0
2857689.91195110, 4.4350,  1.237494, 19.468,   0.0,    2.0, -2.0, 0.00,  0.00,  0.00, 0.0,  0.0,  0.0
2857689.91445110, 4.4375,  1.632128, 19.468,   0.0,    2.0, -2.0, 0.00,  0.00,  0.00, 0.0,  0.0,  0.0
2857689.91695110, 4.4400,  1.096737, 19.468,   0.0,    2.0, -2.0, 0.00,  0.00,  0.00, 0.0,  0.0,  0.0
2857689.91945110, 4.4425, -0.367622, 19.468,   0.0,    2.0, -2.0, 0.00,  0.00,  0.00, 0.0,  0.0,  0.0
2857689.92195110, 4.4450, -1.263551, 19.468,   0.0,    2.0, -2.0, 0.00,  0.00,  0.00, 0.0,  0.0,  0.0
2857689.92445110, 4.4475, -2.259492, 19.468,   0.0,    2.0, -2.0, 0.00,  0.00,  0.00, 0.0,  0.0,  0.0
2857689.92695110, 4.4500, -1.028682, 19.468,   0.0,    2.0, -2.0, 0.00,  0.00,  0.00, 0.0,  0.0,  0.0
2857689.92945110, 4.4525,  0.718838, 19.468,   0.0,    2.0, -2.0, 0.00,  0.00,  0.00, 0.0,  0.0,  0.0
2857689.93195110, 4.4550,  1.236644, 19.468,   0.0,    2.0, -2.0, 0.00,  0.00,  0.00, 0.0,  0.0,  0.0
2857689.93445110, 4.4575,  1.689725, 19.468,   0.0,    2.0, -2.0, 0.00,  0.00,  0.00, 0.0,  0.0,  0.0
2857689.93695110, 4.4600,  1.435370, 19.468,   0.0,    2.0, -2.0, 0.00,  0.00,  0.00, 0.0,  0.0,  0.0
2857689.93945110, 4.4625,  0.362981, 19.468,   0.0,    2.0, -2.0, 0.00,  0.00,  0.00, 0.0,  0.0,  0.0
2857689.94195110, 4.4650, -0.772971, 19.468,   0.0,    2.0, -2.0, 0.00,  0.00,  0.00, 0.0,  0.0,  0.0
2857689.94445110, 4.4675, -2.055118, 19.468,   0.0,    2.0, -2.0, 0.00,  0.00,  0.00, 0.0,  0.0,  0.0
2857689.94695110, 4.4700, -1.740961, 19.468,   0.0,    2.0, -2.0, 0.00,  0.00,  0.00, 0.0,  0.0,  0.0
2857689.94945110, 4.4725, -0.262195, 19.468,   0.0,    2.0, -2.0, 0.00,  0.00,  0.00, 0.0,  0.0,  0.0
2857689.95195110, 4.4750,  0.494996, 19.468,   0.0,    2.0, -2.0, 0.00,  0.00,  0.00, 0.0,  0.0,  0.0
2857689.95445110, 4.4775,  0.976891, 19.468,   0.0,    2.0, -2.0, 0.00,  0.00,  0.00, 0.0,  0.0,  0.0
2857689.95695110, 4.4800,  1.156267, 19.468,   0.0,    2.0, -2.0, 0.00,  0.00,  0.00, 0.0,  0.0,  0.0
2857689.95945110, 4.4825,  1.277213, 19.468,   0.0,    2.0, -2.0, 0.00,  0.00,  0.00, 0.0,  0.0,  0.0
2857689.96195110, 4.4850,  1.057137, 19.468,   0.0,    2.0, -2.0, 0.00,  0.00,  0.00, 0.0,  0.0,  0.0
2857689.96445110, 4.4875, -2.304571, 19.468,   0.0,    2.0, -2.0, 0.00,  0.00,  0.00, 0.0,  0.0,  0.0
2857689.96695110, 4.4900, -2.254556, 19.468,   0.0,    2.0, -2.0, 0.00,  0.00,  0.00, 0.0,  0.0,  0.0
2857689.96945110, 4.4925, -1.564283, 19.468,   0.0,    2.0, -2.0, 0.00,  0.00,  0.00, 0.0,  0.0,  0.0
2857689.97195110, 4.4950, -0.874010, 19.468,   0.0,    2.0, -2.0, 0.00,  0.00,  0.00, 0.0,  0.0,  0.0
2857689.97445110, 4.4975, -0.183738, 19.468,   0.0,    2.0, -2.0, 0.00,  0.00,  0.00, 0.0,  0.0,  0.0
2857689.97695110, 4.5000,  1.806568, 19.468,   0.0,    2.0, -2.0, 0.00,  0.00,  0.00, 0.0,  0.0,  0.0
2857689.97945110, 4.5025,  1.117756, 19.468,   0.0,    2.0, -2.0, 0.00,  0.00,  0.00, 0.0,  0.0,  0.0
2857689.98195110, 4.5050,  0.194707, 19.468,   0.0,    2.0, -2.0, 0.00,  0.00,  0.00, 0.0,  0.0,  0.0
2857689.98445110, 4.5075, -1.531288, 19.468,   0.0,    2.0, -2.0, 0.00,  0.00,  0.00, 0.0,  0.0,  0.0
2857689.98695110, 4.5100, -2.383754, 19.468,   0.0,    2.0, -2.0, 0.00,  0.00,  0.00, 0.0,  0.0,  0.0
2857689.98945110, 4.5125, -1.920213, 19.468,   0.0,    2.0, -2.0, 0.00,  0.00,  0.00, 0.0,  0.0,  0.0
2857689.99195110, 4.5150, -1.021563, 19.468,   0.0,    2.0, -2.0, 0.00,  0.00,  0.00, 0.0,  0.0,  0.0
2857689.99445110, 4.5175, -0.122912, 19.468,   0.0,    2.0, -2.0, 0.00,  0.00,  0.00, 0.0,  0.0,  0.0
2857689.99695110, 4.5200,  1.141349, 19.468,   0.0,    2.0, -2.0, 0.00,  0.00,  0.00, 0.0,  0.0,  0.0
2857689.99945110, 4.5225,  0.551940, 19.468,   0.0,    2.0, -2.0, 0.00,  0.00,  0.00, 0.0,  0.0,  0.0
2857690.00445110, 4.5275, -1.107639, 19.468,   0.0,    2.0, -2.0, 0.00,  0.00,  0.00, 0.0,  0.0,  0.0
2857690.00695110, 4.5300, -2.101885, 19.468,   0.0,    2.0, -2.0, 0.00,  0.00,  0.00, 0.0,  0.0,  0.0
2857690.00945110, 4.5325, -0.166131, 19.468,   0.0,    2.0, -2.0, 0.00,  0.00,  0.00, 0.0,  0.0,  0.0
2857690.01195110, 4.5350,  1.352716, 19.468,   0.0,    2.0, -2.0, 0.00,  0.00,  0.00, 0.0,  0.0,  0.0
2857690.01445110, 4.5375,  1.604417, 19.468,   0.0,    2.0, -2.0, 0.00,  0.00,  0.00, 0.0,  0.0,  0.0
2857690.01695110, 4.5400,  1.652457, 19.468,   0.0,    2.0, -2.0, 0.00,  0.00,  0.00, 0.0,  0.0,  0.0
2857690.01945110, 4.5425,  0.371044, 19.468,   0.0,    2.0, -2.0, 0.00,  0.00,  0.00, 0.0,  0.0,  0.0
2857690.02195110, 4.5450, -0.966635, 19.468,   0.0,    2.0, -2.0, 0.00,  0.00,  0.00, 0.0,  0.0,  0.0
2857690.02445110, 4.5475, -2.004561, 19.468,   0.0,    2.0, -2.0, 0.00,  0.00,  0.00, 0.0,  0.0,  0.0
2857690.02695110, 4.5500, -2.014459, 19.468,   0.0,    2.0, -2.0, 0.00,  0.00,  0.00, 0.0,  0.0,  0.0
2857690.02945110, 4.5525, -1.480118, 19.468,   0.0,    2.0, -2.0, 0.00,  0.00,  0.00, 0.0,  0.0,  0.0
2857690.03195110, 4.5550, -0.280940, 19.468,   0.0,    2.0, -2.0, 0.00,  0.00,  0.00, 0.0,  0.0,  0.0
2857690.03445110, 4.5575,  0.918238, 19.468,   0.0,    2.0, -2.0, 0.00,  0.00,  0.00, 0.0,  0.0,  0.0
2857690.03695110, 4.5600,  1.507217, 19.468,   0.0,    2.0, -2.0, 0.00,  0.00,  0.00, 0.0,  0.0,  0.0
2857690.03945110, 4.5625,  0.010818, 19.468,   0.0,    2.0, -2.0, 0.00,  0.00,  0.00, 0.0,  0.0,  0.0
2857690.04195110, 4.5650, -0.903093, 19.468,   0.0,    2.0, -2.0, 0.00,  0.00,  0.00, 0.0,  0.0,  0.0
2857690.04445110, 4.5675, -1.468866, 19.468,   0.0,    2.0, -2.0, 0.00,  0.00,  0.00, 0.0,  0.0,  0.0
2857690.04695110, 4.5700, -2.034639, 19.468,   0.0,    2.0, -2.0, 0.00,  0.00,  0.00, 0.0,  0.0,  0.0
2857690.04945110, 4.5725,  0.160222, 19.468,   0.0,    2.0, -2.0, 0.00,  0.00,  0.00, 0.0,  0.0,  0.0
2857690.05195110, 4.5750,  0.546131, 19.468,   0.0,    2.0, -2.0, 0.00,  0.00,  0.00, 0.0,  0.0,  0.0
2857690.05445110, 4.5775,  0.932040, 19.468,   0.0,    2.0, -2.0, 0.00,  0.00,  0.00, 0.0,  0.0,  0.0
2857690.05695110, 4.5800,  1.317950, 19.468,   0.0,    2.0, -2.0, 0.00,  0.00,  0.00, 0.0,  0.0,  0.0
2857690.05945110, 4.5825,  1.148343, 19.468,   0.0,    2.0, -2.0, 0.00,  0.00,  0.00, 0.0,  0.0,  0.0
2857690.06195110, 4.5850,  0.565644, 19.468,   0.0,    2.0, -2.0, 0.00,  0.00,  0.00, 0.0,  0.0,  0.0
2857690.06445110, 4.5875, -0.017055, 19.468,   0.0,    2.0, -2.0, 0.00,  0.00,  0.00, 0.0,  0.0,  0.0
2857690.06695110, 4.5900, -1.533927, 19.468,   0.0,    2.0, -2.0, 0.00,  0.00,  0.00, 0.0,  0.0,  0.0
2857690.07195110, 4.5950,  0.986224, 19.468,   0.0,    2.0, -2.0, 0.00,  0.00,  0.00, 0.0,  0.0,  0.0
2857690.07445110, 4.5975,  1.733370, 19.468,   0.0,    2.0, -2.0, 0.00,  0.00,  0.00, 0.0,  0.0,  0.0
2857690.07695110, 4.6000,  1.495368, 19.468,   0.0,    2.0, -2.0, 0.00,  0.00,  0.00, 0.0,  0.0,  0.0
2857690.07945110, 4.6025,  0.748929, 19.468,   0.0,    2.0, -2.0, 0.00,  0.00,  0.00, 0.0,  0.0,  0.0
2857690.08195110, 4.6050, -0.607435, 19.468,   0.0,    2.0, -2.0, 0.00,  0.00,  0.00, 0.0,  0.0,  0.0
2857690.08445110, 4.6075, -1.832696, 19.468,   0.0,    2.0, -2.0, 0.00,  0.00,  0.00, 0.0,  0.0,  0.0
2857690.08695110, 4.6100, -2.312705, 19.468,   0.0,    2.0, -2.0, 0.00,  0.00,  0.00, 0.0,  0.0,  0.0
2857690.08945110, 4.6125, -1.303032, 19.468,   0.0,    2.0, -2.0, 0.00,  0.00,  0.00, 0.0,  0.0,  0.0
2857690.09195110, 4.6150,  1.679304, 19.468,   0.0,    2.0, -2.0, 0.00,  0.00,  0.00, 0.0,  0.0,  0.0
2857690.09445110, 4.6175,  1.622043, 19.468,   0.0,    2.0, -2.0, 0.00,  0.00,  0.00, 0.0,  0.0,  0.0
2857690.09695110, 4.6200,  1.493010, 19.468,   0.0,    2.0, -2.0, 0.00,  0.00,  0.00, 0.0,  0.0,  0.0
2857690.09945110, 4.6225,  1.273419, 19.468,   0.0,    2.0, -2.0, 0.00,  0.00,  0.00, 0.0,  0.0,  0.0
2857690.10195110, 4.6250,  0.621288, 19.468,   0.0,    2.0, -2.0, 0.00,  0.00,  0.00, 0.0,  0.0,  0.0
2857690.10445110, 4.6275, -0.030843, 19.468,   0.0,    2.0, -2.0, 0.00,  0.00,  0.00, 0.0,  0.0,  0.0
2857690.10695110, 4.6300, -0.390673, 19.468,   0.0,    2.0, -2.0, 0.00,  0.00,  0.00, 0.0,  0.0,  0.0
2857690.10945110, 4.6325,  0.646015, 19.468,   0.0,    2.0, -2.0, 0.00,  0.00,  0.00, 0.0,  0.0,  0.0
2857690.11195110, 4.6350,  1.524254, 19.468,   0.0,    2.0, -2.0, 0.00,  0.00,  0.00, 0.0,  0.0,  0.0
2857690.11445110, 4.6375,  1.749901, 19.468,   0.0,    2.0, -2.0, 0.00,  0.00,  0.00, 0.0,  0.0,  0.0
2857690.11695110, 4.6400,  1.622589, 19.468,   0.0,    2.0, -2.0, 0.00,  0.00,  0.00, 0.0,  0.0,  0.0
2857690.11945110, 4.6425,  1.495277, 19.468,   0.0,    2.0, -2.0, 0.00,  0.00,  0.00, 0.0,  0.0,  0.0
2857690.12195110, 4.6450,  0.182619, 19.468,   0.0,    2.0, -2.0, 0.00,  0.00,  0.00, 0.0,  0.0,  0.0
2857690.12445110, 4.6475, -2.018106, 19.468,   0.0,    2.0, -2.0, 0.00,  0.00,  0.00, 0.0,  0.0,  0.0
2857690.12695110, 4.6500, -1.917145, 19.468,   0.0,    2.0, -2.0, 0.00,  0.00,  0.00, 0.0,  0.0,  0.0
2857690.12945110, 4.6525, -1.917145, 19.468,   0.0,    2.0, -2.0, 0.00,  0.00,  0.00, 0.0,  0.0,  0.0
2857690.13195110, 4.6550, -0.821426, 19.468,   0.0,    2.0, -2.0, 0.00,  0.00,  0.00, 0.0,  0.0,  0.0
2857690.13445110, 4.6575,  0.690161, 19.468,   0.0,    2.0, -2.0, 0.00,  0.00,  0.00, 0.0,  0.0,  0.0
2857690.13695110, 4.6600,  1.598566, 19.468,   0.0,    2.0, -2.0, 0.00,  0.00,  0.00, 0.0,  0.0,  0.0
2857690.13945110, 4.6625,  1.315673, 19.468,   0.0,    2.0, -2.0, 0.00,  0.00,  0.00, 0.0,  0.0,  0.0
2857690.14195110, 4.6650,  0.762217, 19.468,   0.0,    2.0, -2.0, 0.00,  0.00,  0.00, 0.0,  0.0,  0.0
2857690.14445110, 4.6675, -0.044733, 19.468,   0.0,    2.0, -2.0, 0.00,  0.00,  0.00, 0.0,  0.0,  0.0
2857690.14695110, 4.6700, -2.209115, 19.468,   0.0,    2.0, -2.0, 0.00,  0.00,  0.00, 0.0,  0.0,  0.0
2857690.14945110, 4.6725, -1.199913, 19.468,   0.0,    2.0, -2.0, 0.00,  0.00,  0.00, 0.0,  0.0,  0.0
2857690.15195110, 4.6750, -0.013824, 19.468,   0.0,    2.0, -2.0, 0.00,  0.00,  0.00, 0.0,  0.0,  0.0
2857690.15445110, 4.6775,  1.103733, 19.468,   0.0,    2.0, -2.0, 0.00,  0.00,  0.00, 0.0,  0.0,  0.0
2857690.15695110, 4.6800,  1.338544, 19.468,   0.0,    2.0, -2.0, 0.00,  0.00,  0.00, 0.0,  0.0,  0.0
2857690.15945110, 4.6825,  0.264352, 19.468,   0.0,    2.0, -2.0, 0.00,  0.00,  0.00, 0.0,  0.0,  0.0
2857690.16195110, 4.6850, -1.027889, 19.468,   0.0,    2.0, -2.0, 0.00,  0.00,  0.00, 0.0,  0.0,  0.0
2857690.16445110, 4.6875, -2.183052, 19.468,   0.0,    2.0, -2.0, 0.00,  0.00,  0.00, 0.0,  0.0,  0.0
2857690.16695110, 4.6900, -2.376850, 19.468,   0.0,    2.0, -2.0, 0.00,  0.00,  0.00, 0.0,  0.0,  0.0
2857690.16945110, 4.6925, -0.059958, 19.468,   0.0,    2.0, -2.0, 0.00,  0.00,  0.00, 0.0,  0.0,  0.0
2857690.17195110, 4.6950,  1.489095, 19.468,   0.0,    2.0, -2.0, 0.00,  0.00,  0.00, 0.0,  0.0,  0.0
2857690.17445110, 4.6975,  1.482323, 19.468,   0.0,    2.0, -2.0, 0.00,  0.00,  0.00, 0.0,  0.0,  0.0
2857690.17695110, 4.7000,  1.290408, 19.468,   0.0,    2.0, -2.0, 0.00,  0.00,  0.00, 0.0,  0.0,  0.0
2857690.17945110, 4.7025,  0.897191, 19.468,   0.0,    2.0, -2.0, 0.00,  0.00,  0.00, 0.0,  0.0,  0.0
2857690.18195110, 4.7050,  0.503975, 19.468,   0.0,    2.0, -2.0, 0.00,  0.00,  0.00, 0.0,  0.0,  0.0
2857690.18445110, 4.7075,  0.110758, 19.468,   0.0,    2.0, -2.0, 0.00,  0.00,  0.00, 0.0,  0.0,  0.0
2857690.18695110, 4.7100, -1.460051, 19.468,   0.0,    2.0, -2.0, 0.00,  0.00,  0.00, 0.0,  0.0,  0.0
2857690.18945110, 4.7125, -1.072707, 19.468,   0.0,    2.0, -2.0, 0.00,  0.00,  0.00, 0.0,  0.0,  0.0
2857690.19195110, 4.7150,  0.087425, 19.468,   0.0,    2.0, -2.0, 0.00,  0.00,  0.00, 0.0,  0.0,  0.0
2857690.19445110, 4.7175,  0.590595, 19.468,   0.0,    2.0, -2.0, 0.00,  0.00,  0.00, 0.0,  0.0,  0.0
2857690.19695110, 4.7200,  1.093765, 19.468,   0.0,    2.0, -2.0, 0.00,  0.00,  0.00, 0.0,  0.0,  0.0
2857690.19945110, 4.7225,  1.596935, 19.468,   0.0,    2.0, -2.0, 0.00,  0.00,  0.00, 0.0,  0.0,  0.0
2857690.20195110, 4.7250, -0.910502, 19.468,   0.0,    2.0, -2.0, 0.00,  0.00,  0.00, 0.0,  0.0,  0.0
2857690.20445110, 4.7275, -1.162541, 19.468,   0.0,    2.0, -2.0, 0.00,  0.00,  0.00, 0.0,  0.0,  0.0
2857690.20695110, 4.7300, -1.414580, 19.468,   0.0,    2.0, -2.0, 0.00,  0.00,  0.00, 0.0,  0.0,  0.0
2857690.20945110, 4.7325, -1.666619, 19.468,   0.0,    2.0, -2.0, 0.00,  0.00,  0.00, 0.0,  0.0,  0.0
2857690.21195110, 4.7350, -0.935696, 19.468,   0.0,    2.0, -2.0, 0.00,  0.00,  0.00, 0.0,  0.0,  0.0
2857690.21445110, 4.7375,  1.347244, 19.468,   0.0,    2.0, -2.0, 0.00,  0.00,  0.00, 0.0,  0.0,  0.0
2857690.21695110, 4.7400,  1.224523, 19.468,   0.0,    2.0, -2.0, 0.00,  0.00,  0.00, 0.0,  0.0,  0.0
2857690.21945110, 4.7425,  0.768395, 19.468,   0.0,    2.0, -2.0, 0.00,  0.00,  0.00, 0.0,  0.0,  0.0
2857690.22195110, 4.7450, -0.920202, 19.468,   0.0,    2.0, -2.0, 0.00,  0.00,  0.00, 0.0,  0.0,  0.0
2857690.22445110, 4.7475, -1.435306, 19.468,   0.0,    2.0, -2.0, 0.00,  0.00,  0.00, 0.0,  0.0,  0.0
2857690.22695110, 4.7500, -1.950410, 19.468,   0.0,    2.0, -2.0, 0.00,  0.00,  0.00, 0.0,  0.0,  0.0
2857690.22945110, 4.7525, -1.153196, 19.468,   0.0,    2.0, -2.0, 0.00,  0.00,  0.00, 0.0,  0.0,  0.0
2857690.23445110, 4.7575,  1.539110, 19.468,   0.0,    2.0, -2.0, 0.00,  0.00,  0.00, 0.0,  0.0,  0.0
2857690.23695110, 4.7600,  1.704957, 19.468,   0.0,    2.0, -2.0, 0.00,  0.00,  0.00, 0.0,  0.0,  0.0
2857690.23945110, 4.7625,  1.002645, 19.468,   0.0,    2.0, -2.0, 0.00,  0.00,  0.00, 0.0,  0.0,  0.0
2857690.24195110, 4.7650, -0.298245, 19.468,   0.0,    2.0, -2.0, 0.00,  0.00,  0.00, 0.0,  0.0,  0.0
2857690.24445110, 4.7675, -1.707787, 19.468,   0.0,    2.0, -2.0, 0.00,  0.00,  0.00, 0.0,  0.0,  0.0
2857690.24695110, 4.7700, -2.312705, 19.468,   0.0,    2.0, -2.0, 0.00,  0.00,  0.00, 0.0,  0.0,  0.0
2857690.24945110, 4.7725, -1.235798, 19.468,   0.0,    2.0, -2.0, 0.00,  0.00,  0.00, 0.0,  0.0,  0.0
2857690.25195110, 4.7750,  0.012100, 19.468,   0.0,    2.0, -2.0, 0.00,  0.00,  0.00, 0.0,  0.0,  0.0
2857690.25445110, 4.7775,  0.387806, 19.468,   0.0,    2.0, -2.0, 0.00,  0.00,  0.00, 0.0,  0.0,  0.0
2857690.25695110, 4.7800,  0.763513, 19.468,   0.0,    2.0, -2.0, 0.00,  0.00,  0.00, 0.0,  0.0,  0.0
2857690.25945110, 4.7825,  1.139219, 19.468,   0.0,    2.0, -2.0, 0.00,  0.00,  0.00, 0.0,  0.0,  0.0
2857690.26195110, 4.7850,  0.837889, 19.468,   0.0,    2.0, -2.0, 0.00,  0.00,  0.00, 0.0,  0.0,  0.0
2857690.26445110, 4.7875, -2.135714, 19.468,   0.0,    2.0, -2.0, 0.00,  0.00,  0.00, 0.0,  0.0,  0.0
2857690.26695110, 4.7900, -2.493606, 19.468,   0.0,    2.0, -2.0, 0.00,  0.00,  0.00, 0.0,  0.0,  0.0
2857690.26945110, 4.7925, -1.989070, 19.468,   0.0,    2.0, -2.0, 0.00,  0.00,  0.00, 0.0,  0.0,  0.0
2857690.27195110, 4.7950, -1.364876, 19.468,   0.0,    2.0, -2.0, 0.00,  0.00,  0.00, 0.0,  0.0,  0.0
2857690.27445110, 4.7975, -0.740682, 19.468,   0.0,    2.0, -2.0, 0.00,  0.00,  0.00, 0.0,  0.0,  0.0
2857690.27695110, 4.8000, -0.146464, 19.468,   0.0,    2.0, -2.0, 0.00,  0.00,  0.00, 0.0,  0.0,  0.0
2857690.27945110, 4.8025,  0.059034, 19.468,   0.0,    2.0, -2.0, 0.00,  0.00,  0.00, 0.0,  0.0,  0.0
2857690.28195110, 4.8050, -0.189786, 19.468,   0.0,    2.0, -2.0, 0.00,  0.00,  0.00, 0.0,  0.0,  0.0
2857690.28445110, 4.8075, -0.438605, 19.468,   0.0,    2.0, -2.0, 0.00,  0.00,  0.00, 0.0,  0.0,  0.0
2857690.28695110, 4.8100, -0.687425, 19.468,   0.0,    2.0, -2.0, 0.00,  0.00,  0.00, 0.0,  0.0,  0.0
2857690.28945110, 4.8125, -0.017501, 19.468,   0.0,    2.0, -2.0, 0.00,  0.00,  0.00, 0.0,  0.0,  0.0
2857690.29195110, 4.8150,  1.578640, 19.468,   0.0,    2.0, -2.0, 0.00,  0.00,  0.00, 0.0,  0.0,  0.0
2857690.29445110, 4.8175,  1.769903, 19.468,   0.0,    2.0, -2.0, 0.00,  0.00,  0.00, 0.0,  0.0,  0.0
2857690.29945110, 4.8225,  0.655831, 19.468,   0.0,    2.0, -2.0, 0.00,  0.00,  0.00, 0.0,  0.0,  0.0
2857690.30195110, 4.8250, -0.270906, 19.468,   0.0,    2.0, -2.0, 0.00,  0.00,  0.00, 0.0,  0.0,  0.0
2857690.30445110, 4.8275, -0.744779, 19.468,   0.0,    2.0, -2.0, 0.00,  0.00,  0.00, 0.0,  0.0,  0.0
2857690.30695110, 4.8300, -1.500649, 19.468,   0.0,    2.0, -2.0, 0.00,  0.00,  0.00, 0.0,  0.0,  0.0
2857690.30945110, 4.8325, -2.369278, 19.468,   0.0,    2.0, -2.0, 0.00,  0.00,  0.00, 0.0,  0.0,  0.0
2857690.31195110, 4.8350,  1.223966, 19.468,   0.0,    2.0, -2.0, 0.00,  0.00,  0.00, 0.0,  0.0,  0.0
2857690.31445110, 4.8375,  1.430868, 19.468,   0.0,    2.0, -2.0, 0.00,  0.00,  0.00, 0.0,  0.0,  0.0
2857690.31695110, 4.8400,  1.293762, 19.468,   0.0,    2.0, -2.0, 0.00,  0.00,  0.00, 0.0,  0.0,  0.0
2857690.31945110, 4.8425,  0.013035, 19.468,   0.0,    2.0, -2.0, 0.00,  0.00,  0.00, 0.0,  0.0,  0.0
2857690.32195110, 4.8450, -0.997629, 19.468,   0.0,    2.0, -2.0, 0.00,  0.00,  0.00, 0.0,  0.0,  0.0
2857690.32445110, 4.8475, -2.020413, 19.468,   0.0,    2.0, -2.0, 0.00,  0.00,  0.00, 0.0,  0.0,  0.0
2857690.32695110, 4.8500, -2.087094, 19.468,   0.0,    2.0, -2.0, 0.00,  0.00,  0.00, 0.0,  0.0,  0.0
2857690.32945110, 4.8525, -0.086359, 19.468,   0.0,    2.0, -2.0, 0.00,  0.00,  0.00, 0.0,  0.0,  0.0
2857690.33195110, 4.8550,  0.398621, 19.468,   0.0,    2.0, -2.0, 0.00,  0.00,  0.00, 0.0,  0.0,  0.0
2857690.33445110, 4.8575,  0.883601, 19.468,   0.0,    2.0, -2.0, 0.00,  0.00,  0.00, 0.0,  0.0,  0.0
2857690.33695110, 4.8600,  1.007123, 19.468,   0.0,    2.0, -2.0, 0.00,  0.00,  0.00, 0.0,  0.0,  0.0
2857690.33945110, 4.8625, -0.087437, 19.468,   0.0,    2.0, -2.0, 0.00,  0.00,  0.00, 0.0,  0.0,  0.0
2857690.34195110, 4.8650, -0.929374, 19.468,   0.0,    2.0, -2.0, 0.00,  0.00,  0.00, 0.0,  0.0,  0.0
2857690.34445110, 4.8675, -1.315017, 19.468,   0.0,    2.0, -2.0, 0.00,  0.00,  0.00, 0.0,  0.0,  0.0
2857690.34695110, 4.8700, -1.607148, 19.468,   0.0,    2.0, -2.0, 0.00,  0.00,  0.00, 0.0,  0.0,  0.0
2857690.34945110, 4.8725, -1.899280, 19.468,   0.0,    2.0, -2.0, 0.00,  0.00,  0.00, 0.0,  0.0,  0.0
2857690.35195110, 4.8750,  0.402721, 19.468,   0.0,    2.0, -2.0, 0.00,  0.00,  0.00, 0.0,  0.0,  0.0
2857690.35445110, 4.8775,  1.219626, 19.468,   0.0,    2.0, -2.0, 0.00,  0.00,  0.00, 0.0,  0.0,  0.0
2857690.35695110, 4.8800,  1.514804, 19.468,   0.0,    2.0, -2.0, 0.00,  0.00,  0.00, 0.0,  0.0,  0.0
2857690.35945110, 4.8825,  0.643596, 19.468,   0.0,    2.0, -2.0, 0.00,  0.00,  0.00, 0.0,  0.0,  0.0
2857690.36195110, 4.8850, -0.764285, 19.468,   0.0,    2.0, -2.0, 0.00,  0.00,  0.00, 0.0,  0.0,  0.0
2857690.36445110, 4.8875, -2.156416, 19.468,   0.0,    2.0, -2.0, 0.00,  0.00,  0.00, 0.0,  0.0,  0.0
2857690.36695110, 4.8900, -2.084579, 19.468,   0.0,    2.0, -2.0, 0.00,  0.00,  0.00, 0.0,  0.0,  0.0
2857690.36945110, 4.8925, -2.004837, 19.468,   0.0,    2.0, -2.0, 0.00,  0.00,  0.00, 0.0,  0.0,  0.0
2857690.37195110, 4.8950, -1.018030, 19.468,   0.0,    2.0, -2.0, 0.00,  0.00,  0.00, 0.0,  0.0,  0.0
2857690.37445110, 4.8975, -0.031225, 19.468,   0.0,    2.0, -2.0, 0.00,  0.00,  0.00, 0.0,  0.0,  0.0
2857690.37695110, 4.9000,  0.955581, 19.468,   0.0,    2.0, -2.0, 0.00,  0.00,  0.00, 0.0,  0.0,  0.0
2857690.37945110, 4.9025,  0.749317, 19.468,   0.0,    2.0, -2.0, 0.00,  0.00,  0.00, 0.0,  0.0,  0.0
2857690.38195110, 4.9050,  0.054047, 19.468,   0.0,    2.0, -2.0, 0.00,  0.00,  0.00, 0.0,  0.0,  0.0
2857690.38445110, 4.9075, -1.638952, 19.468,   0.0,    2.0, -2.0, 0.00,  0.00,  0.00, 0.0,  0.0,  0.0
2857690.38695110, 4.9100, -2.552650, 19.468,   0.0,    2.0, -2.0, 0.00,  0.00,  0.00, 0.0,  0.0,  0.0
2857690.38945110, 4.9125, -0.276134, 19.468,   0.0,    2.0, -2.0, 0.00,  0.00,  0.00, 0.0,  0.0,  0.0
2857690.39195110, 4.9150,  1.431847, 19.468,   0.0,    2.0, -2.0, 0.00,  0.00,  0.00, 0.0,  0.0,  0.0
2857690.39445110, 4.9175,  1.780371, 19.468,   0.0,    2.0, -2.0, 0.00,  0.00,  0.00, 0.0,  0.0,  0.0
2857690.39695110, 4.9200,  1.707040, 19.468,   0.0,    2.0, -2.0, 0.00,  0.00,  0.00, 0.0,  0.0,  0.0
2857690.39945110, 4.9225,  0.908083, 19.468,   0.0,    2.0, -2.0, 0.00,  0.00,  0.00, 0.0,  0.0,  0.0
2857690.40195110, 4.9250, -0.098994, 19.468,   0.0,    2.0, -2.0, 0.00,  0.00,  0.00, 0.0,  0.0,  0.0
2857690.40445110, 4.9275, -0.585808, 19.468,   0.0,    2.0, -2.0, 0.00,  0.00,  0.00, 0.0,  0.0,  0.0
2857690.40695110, 4.9300, -0.976461, 19.468,   0.0,    2.0, -2.0, 0.00,  0.00,  0.00, 0.0,  0.0,  0.0
2857690.40945110, 4.9325, -1.367113, 19.468,   0.0,    2.0, -2.0, 0.00,  0.00,  0.00, 0.0,  0.0,  0.0
2857690.41195110, 4.9350,  0.993304, 19.468,   0.0,    2.0, -2.0, 0.00,  0.00,  0.00, 0.0,  0.0,  0.0
2857690.41445110, 4.9375,  2.294075, 19.468,   0.0,    2.0, -2.0, 0.00,  0.00,  0.00, 0.0,  0.0,  0.0
2857690.41695110, 4.9400,  2.284325, 19.468,   0.0,    2.0, -2.0, 0.00,  0.00,  0.00, 0.0,  0.0,  0.0
2857690.41945110, 4.9425,  2.274575, 19.468,   0.0,    2.0, -2.0, 0.00,  0.00,  0.00, 0.0,  0.0,  0.0
2857690.42195110, 4.9450,  2.264825, 19.468,   0.0,    2.0, -2.0, 0.00,  0.00,  0.00, 0.0,  0.0,  0.0
2857690.42445110, 4.9475, -1.484394, 19.468,   0.0,    2.0, -2.0, 0.00,  0.00,  0.00, 0.0,  0.0,  0.0
2857690.42695110, 4.9500, -1.755998, 19.468,   0.0,    2.0, -2.0, 0.00,  0.00,  0.00, 0.0,  0.0,  0.0
2857690.42945110, 4.9525, -1.833347, 19.468,   0.0,    2.0, -2.0, 0.00,  0.00,  0.00, 0.0,  0.0,  0.0
2857690.43195110, 4.9550, -1.910696, 19.468,   0.0,    2.0, -2.0, 0.00,  0.00,  0.00, 0.0,  0.0,  0.0
2857690.43445110, 4.9575, -0.140083, 19.468,   0.0,    2.0, -2.0, 0.00,  0.00,  0.00, 0.0,  0.0,  0.0
2857690.43695110, 4.9600,  2.252271, 19.468,   0.0,    2.0, -2.0, 0.00,  0.00,  0.00, 0.0,  0.0,  0.0
2857690.43945110, 4.9625,  2.252271, 19.468,   0.0,    2.0, -2.0, 0.00,  0.00,  0.00, 0.0,  0.0,  0.0
2857690.44195110, 4.9650,  2.252271, 19.468,   0.0,    2.0, -2.0, 0.00,  0.00,  0.00, 0.0,  0.0,  0.0
2857690.44445110, 4.9675,  0.250777, 19.468,   0.0,    2.0, -2.0, 0.00,  0.00,  0.00, 0.0,  0.0,  0.0
2857690.44695110, 4.9700, -2.420092, 19.468,   0.0,    2.0, -2.0, 0.00,  0.00,  0.00, 0.0,  0.0,  0.0
2857690.44945110, 4.9725, -1.270333, 19.468,   0.0,    2.0, -2.0, 0.00,  0.00,  0.00, 0.0,  0.0,  0.0
2857690.45195110, 4.9750, -0.114338, 19.468,   0.0,    2.0, -2.0, 0.00,  0.00,  0.00, 0.0,  0.0,  0.0
2857690.45445110, 4.9775,  1.074760, 19.468,   0.0,    2.0, -2.0, 0.00,  0.00,  0.00, 0.0,  0.0,  0.0
2857690.45695110, 4.9800,  1.487058, 19.468,   0.0,    2.0, -2.0, 0.00,  0.00,  0.00, 0.0,  0.0,  0.0
2857690.45945110, 4.9825,  1.610585, 19.468,   0.0,    2.0, -2.0, 0.00,  0.00,  0.00, 0.0,  0.0,  0.0
2857690.46195110, 4.9850, -0.093493, 19.468,   0.0,    2.0, -2.0, 0.00,  0.00,  0.00, 0.0,  0.0,  0.0
2857690.46695110, 4.9900, -1.944563, 19.468,   0.0,    2.0, -2.0, 0.00,  0.00,  0.00, 0.0,  0.0,  0.0
2857690.46945110, 4.9925,  0.796145, 19.468,   0.0,    2.0, -2.0, 0.00,  0.00,  0.00, 0.0,  0.0,  0.0
2857690.47195110, 4.9950,  1.503914, 19.468,   0.0,    2.0, -2.0, 0.00,  0.00,  0.00, 0.0,  0.0,  0.0
2857690.47445110, 4.9975,  1.866061, 19.468,   0.0,    2.0, -2.0, 0.00,  0.00,  0.00, 0.0,  0.0,  0.0
2857690.47695110, 5.0000,  1.488195, 19.468,   0.0,    2.0, -2.0, 0.00,  0.00,  0.00, 0.0,  0.0,  0.0
2857690.47945110, 5.0025, -0.123655, 19.468,   0.0,    2.0, -2.0, 0.00,  0.00,  0.00, 0.0,  0.0,  0.0
2857690.48195110, 5.0050, -0.701835, 19.468,   0.0,    2.0, -2.0, 0.00,  0.00,  0.00, 0.0,  0.0,  0.0
2857690.48445110, 5.0075, -1.229028, 19.468,   0.0,    2.0, -2.0, 0.00,  0.00,  0.00, 0.0,  0.0,  0.0
2857690.48695110, 5.0100, -1.743677, 19.468,   0.0,    2.0, -2.0, 0.00,  0.00,  0.00, 0.0,  0.0,  0.0
2857690.48945110, 5.0125, -1.031098, 19.468,   0.0,    2.0, -2.0, 0.00,  0.00,  0.00, 0.0,  0.0,  0.0
2857690.49195110, 5.0150,  1.408570, 19.468,   0.0,    2.0, -2.0, 0.00,  0.00,  0.00, 0.0,  0.0,  0.0
2857690.49445110, 5.0175,  1.588468, 19.468,   0.0,    2.0, -2.0, 0.00,  0.00,  0.00, 0.0,  0.0,  0.0
2857690.49695110, 5.0200,  1.640750, 19.468,   0.0,    2.0, -2.0, 0.00,  0.00,  0.00, 0.0,  0.0,  0.0
2857690.49945110, 5.0225,  1.693032, 19.468,   0.0,    2.0, -2.0, 0.00,  0.00,  0.00, 0.0,  0.0,  0.0
2857690.50195110, 5.0250,  1.264696, 19.468,   0.0,    2.0, -2.0, 0.00,  0.00,  0.00, 0.0,  0.0,  0.0
2857690.50445110, 5.0275,  0.406026, 19.468,   0.0,    2.0, -2.0, 0.00,  0.00,  0.00, 0.0,  0.0,  0.0
2857690.50695110, 5.0300, -0.452644, 19.468,   0.0,    2.0, -2.0, 0.00,  0.00,  0.00, 0.0,  0.0,  0.0
2857690.50945110, 5.0325, -1.311315, 19.468,   0.0,    2.0, -2.0, 0.00,  0.00,  0.00, 0.0,  0.0,  0.0
2857690.51195110, 5.0350, -0.295317, 19.468,   0.0,    2.0, -2.0, 0.00,  0.00,  0.00, 0.0,  0.0,  0.0
2857690.51445110, 5.0375,  1.643687, 19.468,   0.0,    2.0, -2.0, 0.00,  0.00,  0.00, 0.0,  0.0,  0.0
2857690.51695110, 5.0400,  1.560959, 19.468,   0.0,    2.0, -2.0, 0.00,  0.00,  0.00, 0.0,  0.0,  0.0
2857690.51945110, 5.0425,  1.108542, 19.468,   0.0,    2.0, -2.0, 0.00,  0.00,  0.00, 0.0,  0.0,  0.0
2857690.52195110, 5.0450,  0.656126, 19.468,   0.0,    2.0, -2.0, 0.00,  0.00,  0.00, 0.0,  0.0,  0.0
2857690.52445110, 5.0475, -1.616636, 19.468,   0.0,    2.0, -2.0, 0.00,  0.00,  0.00, 0.0,  0.0,  0.0
2857690.52695110, 5.0500, -2.879318, 19.468,   0.0,    2.0, -2.0, 0.00,  0.00,  0.00, 0.0,  0.0,  0.0
2857690.52945110, 5.0525, -2.879318, 19.468,   0.0,    2.0, -2.0, 0.00,  0.00,  0.00, 0.0,  0.0,  0.0
2857690.53195110, 5.0550, -1.658340, 19.468,   0.0,    2.0, -2.0, 0.00,  0.00,  0.00, 0.0,  0.0,  0.0
2857690.53445110, 5.0575,  1.523285, 19.468,   0.0,    2.0, -2.0, 0.00,  0.00,  0.00, 0.0,  0.0,  0.0
2857690.53695110, 5.0600,  1.960576, 19.468,   0.0,    2.0, -2.0, 0.00,  0.00,  0.00, 0.0,  0.0,  0.0
2857690.53945110, 5.0625,  1.292247, 19.468,   0.0,    2.0, -2.0, 0.00,  0.00,  0.00, 0.0,  0.0,  0.0
2857690.54195110, 5.0650,  0.048542, 19.468,   0.0,    2.0, -2.0, 0.00,  0.00,  0.00, 0.0,  0.0,  0.0
2857690.54445110, 5.0675, -1.595607, 19.468,   0.0,    2.0, -2.0, 0.00,  0.00,  0.00, 0.0,  0.0,  0.0
2857690.54695110, 5.0700, -2.505139, 19.468,   0.0,    2.0, -2.0, 0.00,  0.00,  0.00, 0.0,  0.0,  0.0
2857690.54945110, 5.0725, -0.767028, 19.468,   0.0,    2.0, -2.0, 0.00,  0.00,  0.00, 0.0,  0.0,  0.0
2857690.55195110, 5.0750, -0.049382, 19.468,   0.0,    2.0, -2.0, 0.00,  0.00,  0.00, 0.0,  0.0,  0.0
2857690.55445110, 5.0775,  0.668263, 19.468,   0.0,    2.0, -2.0, 0.00,  0.00,  0.00, 0.0,  0.0,  0.0
2857690.55695110, 5.0800,  1.084595, 19.468,   0.0,    2.0, -2.0, 0.00,  0.00,  0.00, 0.0,  0.0,  0.0
2857690.55945110, 5.0825,  1.495604, 19.468,   0.0,    2.0, -2.0, 0.00,  0.00,  0.00, 0.0,  0.0,  0.0
2857690.56195110, 5.0850,  1.906613, 19.468,   0.0,    2.0, -2.0, 0.00,  0.00,  0.00, 0.0,  0.0,  0.0
2857690.56445110, 5.0875, -0.982766, 19.468,   0.0,    2.0, -2.0, 0.00,  0.00,  0.00, 0.0,  0.0,  0.0
2857690.56695110, 5.0900, -1.953598, 19.468,   0.0,    2.0, -2.0, 0.00,  0.00,  0.00, 0.0,  0.0,  0.0
2857690.56945110, 5.0925, -1.246546, 19.468,   0.0,    2.0, -2.0, 0.00,  0.00,  0.00, 0.0,  0.0,  0.0
2857690.57195110, 5.0950,  1.069602, 19.468,   0.0,    2.0, -2.0, 0.00,  0.00,  0.00, 0.0,  0.0,  0.0
2857690.57445110, 5.0975,  0.944933, 19.468,   0.0,    2.0, -2.0, 0.00,  0.00,  0.00, 0.0,  0.0,  0.0
2857690.57695110, 5.1000,  1.457288, 19.468,   0.0,    2.0, -2.0, 0.00,  0.00,  0.00, 0.0,  0.0,  0.0
2857690.57945110, 5.1025,  0.998730, 19.468,   0.0,    2.0, -2.0, 0.00,  0.00,  0.00, 0.0,  0.0,  0.0
2857690.58195110, 5.1050,  0.368014, 19.468,   0.0,    2.0, -2.0, 0.00,  0.00,  0.00, 0.0,  0.0,  0.0
2857690.58445110, 5.1075, -1.248326, 19.468,   0.0,    2.0, -2.0, 0.00,  0.00,  0.00, 0.0,  0.0,  0.0
2857690.58695110, 5.1100, -2.466737, 19.468,   0.0,    2.0, -2.0, 0.00,  0.00,  0.00, 0.0,  0.0,  0.0
2857690.58945110, 5.1125, -1.973939, 19.468,   0.0,    2.0, -2.0, 0.00,  0.00,  0.00, 0.0,  0.0,  0.0
2857690.59195110, 5.1150, -0.854601, 19.468,   0.0,    2.0, -2.0, 0.00,  0.00,  0.00, 0.0,  0.0,  0.0
2857690.59445110, 5.1175,  0.264737, 19.468,   0.0,    2.0, -2.0, 0.00,  0.00,  0.00, 0.0,  0.0,  0.0
2857690.59695110, 5.1200,  1.384075, 19.468,   0.0,    2.0, -2.0, 0.00,  0.00,  0.00, 0.0,  0.0,  0.0
2857690.59945110, 5.1225,  0.278234, 19.468,   0.0,    2.0, -2.0, 0.00,  0.00,  0.00, 0.0,  0.0,  0.0
2857690.60195110, 5.1250,  0.073517, 19.468,   0.0,    2.0, -2.0, 0.00,  0.00,  0.00, 0.0,  0.0,  0.0
2857690.60695110, 5.1300, -1.235032, 19.468,   0.0,    2.0, -2.0, 0.00,  0.00,  0.00, 0.0,  0.0,  0.0
2857690.60945110, 5.1325, -2.145408, 19.468,   0.0,    2.0, -2.0, 0.00,  0.00,  0.00, 0.0,  0.0,  0.0
2857690.61195110, 5.1350,  0.149578, 19.468,   0.0,    2.0, -2.0, 0.00,  0.00,  0.00, 0.0,  0.0,  0.0
2857690.61445110, 5.1375,  1.467208, 19.468,   0.0,    2.0, -2.0, 0.00,  0.00,  0.00, 0.0,  0.0,  0.0
2857690.61695110, 5.1400,  1.696349, 19.468,   0.0,    2.0, -2.0, 0.00,  0.00,  0.00, 0.0,  0.0,  0.0
2857690.61945110, 5.1425, -0.361760, 19.468,   0.0,    2.0, -2.0, 0.00,  0.00,  0.00, 0.0,  0.0,  0.0
2857690.62195110, 5.1450, -1.136716, 19.468,   0.0,    2.0, -2.0, 0.00,  0.00,  0.00, 0.0,  0.0,  0.0
2857690.62445110, 5.1475, -1.844142, 19.468,   0.0,    2.0, -2.0, 0.00,  0.00,  0.00, 0.0,  0.0,  0.0
2857690.62695110, 5.1500, -2.206809, 19.468,   0.0,    2.0, -2.0, 0.00,  0.00,  0.00, 0.0,  0.0,  0.0
2857690.62945110, 5.1525, -1.985113, 19.468,   0.0,    2.0, -2.0, 0.00,  0.00,  0.00, 0.0,  0.0,  0.0
2857690.63195110, 5.1550, -0.914073, 19.468,   0.0,    2.0, -2.0, 0.00,  0.00,  0.00, 0.0,  0.0,  0.0
2857690.63445110, 5.1575,  0.156968, 19.468,   0.0,    2.0, -2.0, 0.00,  0.00,  0.00, 0.0,  0.0,  0.0
2857690.63695110, 5.1600,  1.237794, 19.468,   0.0,    2.0, -2.0, 0.00,  0.00,  0.00, 0.0,  0.0,  0.0
2857690.63945110, 5.1625,  0.664536, 19.468,   0.0,    2.0, -2.0, 0.00,  0.00,  0.00, 0.0,  0.0,  0.0
2857690.64195110, 5.1650, -0.821447, 19.468,   0.0,    2.0, -2.0, 0.00,  0.00,  0.00, 0.0,  0.0,  0.0
2857690.64445110, 5.1675, -1.751580, 19.468,   0.0,    2.0, -2.0, 0.00,  0.00,  0.00, 0.0,  0.0,  0.0
2857690.64695110, 5.1700, -2.048327, 19.468,   0.0,    2.0, -2.0, 0.00,  0.00,  0.00, 0.0,  0.0,  0.0
2857690.64945110, 5.1725, -2.345074, 19.468,   0.0,    2.0, -2.0, 0.00,  0.00,  0.00, 0.0,  0.0,  0.0
2857690.65195110, 5.1750, -2.140344, 19.468,   0.0,    2.0, -2.0, 0.00,  0.00,  0.00, 0.0,  0.0,  0.0
2857690.65445110, 5.1775, -1.014541, 19.468,   0.0,    2.0, -2.0, 0.00,  0.00,  0.00, 0.0,  0.0,  0.0
2857690.65695110, 5.1800,  0.111262, 19.468,   0.0,    2.0, -2.0, 0.00,  0.00,  0.00, 0.0,  0.0,  0.0
2857690.65945110, 5.1825,  1.237066, 19.468,   0.0,    2.0, -2.0, 0.00,  0.00,  0.00, 0.0,  0.0,  0.0
2857690.66195110, 5.1850, -0.261331, 19.468,   0.0,    2.0, -2.0, 0.00,  0.00,  0.00, 0.0,  0.0,  0.0
2857690.66445110, 5.1875, -0.899202, 19.468,   0.0,    2.0, -2.0, 0.00,  0.00,  0.00, 0.0,  0.0,  0.0
2857690.66695110, 5.1900, -1.353737, 19.468,   0.0,    2.0, -2.0, 0.00,  0.00,  0.00, 0.0,  0.0,  0.0
2857690.66945110, 5.1925, -1.546481, 19.468,   0.0,    2.0, -2.0, 0.00,  0.00,  0.00, 0.0,  0.0,  0.0
2857690.67195110, 5.1950, -0.738518, 19.468,   0.0,    2.0, -2.0, 0.00,  0.00,  0.00, 0.0,  0.0,  0.0
2857690.67445110, 5.1975,  0.069444, 19.468,   0.0,    2.0, -2.0, 0.00,  0.00,  0.00, 0.0,  0.0,  0.0
2857690.67695110, 5.2000,  0.877406, 19.468,   0.0,    2.0, -2.0, 0.00,  0.00,  0.00, 0.0,  0.0,  0.0
2857690.67945110, 5.2025, -0.134358, 19.468,   0.0,    2.0, -2.0, 0.00,  0.00,  0.00, 0.0,  0.0,  0.0
2857690.68195110, 5.2050, -1.035880, 19.468,   0.0,    2.0, -2.0, 0.00,  0.00,  0.00, 0.0,  0.0,  0.0
2857690.68445110, 5.2075, -1.656199, 19.468,   0.0,    2.0, -2.0, 0.00,  0.00,  0.00, 0.0,  0.0,  0.0
2857690.68695110, 5.2100, -2.734406, 19.468,   0.0,    2.0, -2.0, 0.00,  0.00,  0.00, 0.0,  0.0,  0.0
2857690.68945110, 5.2125, -1.262786, 19.468,   0.0,    2.0, -2.0, 0.00,  0.00,  0.00, 0.0,  0.0,  0.0
2857690.69195110, 5.2150,  1.102863, 19.468,   0.0,    2.0, -2.0, 0.00,  0.00,  0.00, 0.0,  0.0,  0.0
2857690.69445110, 5.2175,  1.510771, 19.468,   0.0,    2.0, -2.0, 0.00,  0.00,  0.00, 0.0,  0.0,  0.0
2857690.69695110, 5.2200,  1.577602, 19.468,   0.0,    2.0, -2.0, 0.00,  0.00,  0.00, 0.0,  0.0,  0.0
2857690.69945110, 5.2225,  1.373491, 19.468,   0.0,    2.0, -2.0, 0.00,  0.00,  0.00, 0.0,  0.0,  0.0
2857690.70195110, 5.2250,  0.650311, 19.468,   0.0,    2.0, -2.0, 0.00,  0.00,  0.00, 0.0,  0.0,  0.0
2857690.70445110, 5.2275, -0.072869, 19.468,   0.0,    2.0, -2.0, 0.00,  0.00,  0.00, 0.0,  0.0,  0.0
2857690.70695110, 5.2300, -1.582440, 19.468,   0.0,    2.0, -2.0, 0.00,  0.00,  0.00, 0.0,  0.0,  0.0
2857690.70945110, 5.2325, -2.103781, 19.468,   0.0,    2.0, -2.0, 0.00,  0.00,  0.00, 0.0,  0.0,  0.0
2857690.71195110, 5.2350, -0.551298, 19.468,   0.0,    2.0, -2.0, 0.00,  0.00,  0.00, 0.0,  0.0,  0.0
2857690.71445110, 5.2375,  1.001184, 19.468,   0.0,    2.0, -2.0, 0.00,  0.00,  0.00, 0.0,  0.0,  0.0
2857690.71695110, 5.2400,  1.167539, 19.468,   0.0,    2.0, -2.0, 0.00,  0.00,  0.00, 0.0,  0.0,  0.0
2857690.71945110, 5.2425,  1.122840, 19.468,   0.0,    2.0, -2.0, 0.00,  0.00,  0.00, 0.0,  0.0,  0.0
2857690.72195110, 5.2450,  0.024700, 19.468,   0.0,    2.0, -2.0, 0.00,  0.00,  0.00, 0.0,  0.0,  0.0
2857690.72445110, 5.2475, -0.872339, 19.468,   0.0,    2.0, -2.0, 0.00,  0.00,  0.00, 0.0,  0.0,  0.0
2857690.72695110, 5.2500, -1.558016, 19.468,   0.0,    2.0, -2.0, 0.00,  0.00,  0.00, 0.0,  0.0,  0.0
2857690.72945110, 5.2525, -2.243693, 19.468,   0.0,    2.0, -2.0, 0.00,  0.00,  0.00, 0.0,  0.0,  0.0
2857690.73195110, 5.2550, -1.228342, 19.468,   0.0,    2.0, -2.0, 0.00,  0.00,  0.00, 0.0,  0.0,  0.0
2857690.73445110, 5.2575,  1.846020, 19.468,   0.0,    2.0, -2.0, 0.00,  0.00,  0.00, 0.0,  0.0,  0.0
2857690.73695110, 5.2600,  1.846020, 19.468,   0.0,    2.0, -2.0, 0.00,  0.00,  0.00, 0.0,  0.0,  0.0
2857690.73945110, 5.2625,  1.846020, 19.468,   0.0,    2.0, -2.0, 0.00,  0.00,  0.00, 0.0,  0.0,  0.0
2857690.74445110, 5.2675, -1.844382, 19.468,   0.0,    2.0, -2.0, 0.00,  0.00,  0.00, 0.0,  0.0,  0.0
2857690.74695110, 5.2700, -2.167500, 19.468,   0.0,    2.0, -2.0, 0.00,  0.00,  0.00, 0.0,  0.0,  0.0
2857690.74945110, 5.2725, -2.490618, 19.468,   0.0,    2.0, -2.0, 0.00,  0.00,  0.00, 0.0,  0.0,  0.0
2857690.75195110, 5.2750, -0.805756, 19.468,   0.0,    2.0, -2.0, 0.00,  0.00,  0.00, 0.0,  0.0,  0.0
2857690.75445110, 5.2775,  1.122927, 19.468,   0.0,    2.0, -2.0, 0.00,  0.00,  0.00, 0.0,  0.0,  0.0
2857690.75695110, 5.2800,  1.393204, 19.468,   0.0,    2.0, -2.0, 0.00,  0.00,  0.00, 0.0,  0.0,  0.0
2857690.75945110, 5.2825,  1.422952, 19.468,   0.0,    2.0, -2.0, 0.00,  0.00,  0.00, 0.0,  0.0,  0.0
2857690.76195110, 5.2850, -0.385314, 19.468,   0.0,    2.0, -2.0, 0.00,  0.00,  0.00, 0.0,  0.0,  0.0
2857690.76445110, 5.2875, -1.698026, 19.468,   0.0,    2.0, -2.0, 0.00,  0.00,  0.00, 0.0,  0.0,  0.0
2857690.76695110, 5.2900, -2.470493, 19.468,   0.0,    2.0, -2.0, 0.00,  0.00,  0.00, 0.0,  0.0,  0.0
2857690.76945110, 5.2925, -0.563742, 19.468,   0.0,    2.0, -2.0, 0.00,  0.00,  0.00, 0.0,  0.0,  0.0
2857690.77195110, 5.2950,  0.040641, 19.468,   0.0,    2.0, -2.0, 0.00,  0.00,  0.00, 0.0,  0.0,  0.0
2857690.77445110, 5.2975,  0.645023, 19.468,   0.0,    2.0, -2.0, 0.00,  0.00,  0.00, 0.0,  0.0,  0.0
2857690.77695110, 5.3000,  1.156777, 19.468,   0.0,    2.0, -2.0, 0.00,  0.00,  0.00, 0.0,  0.0,  0.0
2857690.77945110, 5.3025,  0.915696, 19.468,   0.0,    2.0, -2.0, 0.00,  0.00,  0.00, 0.0,  0.0,  0.0
2857690.78195110, 5.3050,  0.674614, 19.468,   0.0,    2.0, -2.0, 0.00,  0.00,  0.00, 0.0,  0.0,  0.0
2857690.78445110, 5.3075,  0.433533, 19.468,   0.0,    2.0, -2.0, 0.00,  0.00,  0.00, 0.0,  0.0,  0.0
2857690.78695110, 5.3100, -2.072902, 19.468,   0.0,    2.0, -2.0, 0.00,  0.00,  0.00, 0.0,  0.0,  0.0
2857690.78945110, 5.3125, -0.470807, 19.468,   0.0,    2.0, -2.0, 0.00,  0.00,  0.00, 0.0,  0.0,  0.0
2857690.79195110, 5.3150,  0.187470, 19.468,   0.0,    2.0, -2.0, 0.00,  0.00,  0.00, 0.0,  0.0,  0.0
2857690.79445110, 5.3175,  0.824757, 19.468,   0.0,    2.0, -2.0, 0.00,  0.00,  0.00, 0.0,  0.0,  0.0
2857690.79695110, 5.3200,  1.226088, 19.468,   0.0,    2.0, -2.0, 0.00,  0.00,  0.00, 0.0,  0.0,  0.0
2857690.79945110, 5.3225,  1.473571, 19.468,   0.0,    2.0, -2.0, 0.00,  0.00,  0.00, 0.0,  0.0,  0.0
2857690.80195110, 5.3250, -0.329894, 19.468,   0.0,    2.0, -2.0, 0.00,  0.00,  0.00, 0.0,  0.0,  0.0
2857690.80445110, 5.3275, -0.853799, 19.468,   0.0,    2.0, -2.0, 0.00,  0.00,  0.00, 0.0,  0.0,  0.0
2857690.80695110, 5.3300, -1.312537, 19.468,   0.0,    2.0, -2.0, 0.00,  0.00,  0.00, 0.0,  0.0,  0.0
2857690.80945110, 5.3325, -1.118149, 19.468,   0.0,    2.0, -2.0, 0.00,  0.00,  0.00, 0.0,  0.0,  0.0
2857690.81195110, 5.3350, -0.799600, 19.468,   0.0,    2.0, -2.0, 0.00,  0.00,  0.00, 0.0,  0.0,  0.0
2857690.81445110, 5.3375,  1.355566, 19.468,   0.0,    2.0, -2.0, 0.00,  0.00,  0.00, 0.0,  0.0,  0.0
2857690.81695110, 5.3400,  1.491590, 19.468,   0.0,    2.0, -2.0, 0.00,  0.00,  0.00, 0.0,  0.0,  0.0
2857690.81945110, 5.3425,  1.138950, 19.468,   0.0,    2.0, -2.0, 0.00,  0.00,  0.00, 0.0,  0.0,  0.0
2857690.82195110, 5.3450,  0.606201, 19.468,   0.0,    2.0, -2.0, 0.00,  0.00,  0.00, 0.0,  0.0,  0.0
2857690.82445110, 5.3475, -0.664101, 19.468,   0.0,    2.0, -2.0, 0.00,  0.00,  0.00, 0.0,  0.0,  0.0
2857690.82695110, 5.3500, -1.535999, 19.468,   0.0,    2.0, -2.0, 0.00,  0.00,  0.00, 0.0,  0.0,  0.0
2857690.82945110, 5.3525, -0.712969, 19.468,   0.0,    2.0, -2.0, 0.00,  0.00,  0.00, 0.0,  0.0,  0.0
2857690.83195110, 5.3550,  0.258514, 19.468,   0.0,    2.0, -2.0, 0.00,  0.00,  0.00, 0.0,  0.0,  0.0
2857690.83445110, 5.3575,  1.216527, 19.468,   0.0,    2.0, -2.0, 0.00,  0.00,  0.00, 0.0,  0.0,  0.0
2857690.83695110, 5.3600,  1.758574, 19.468,   0.0,    2.0, -2.0, 0.00,  0.00,  0.00, 0.0,  0.0,  0.0
2857690.83945110, 5.3625,  0.470024, 19.468,   0.0,    2.0, -2.0, 0.00,  0.00,  0.00, 0.0,  0.0,  0.0
2857690.84195110, 5.3650, -0.355912, 19.468,   0.0,    2.0, -2.0, 0.00,  0.00,  0.00, 0.0,  0.0,  0.0
2857690.84445110, 5.3675, -1.557594, 19.468,   0.0,    2.0, -2.0, 0.00,  0.00,  0.00, 0.0,  0.0,  0.0
2857690.84695110, 5.3700, -2.681440, 19.468,   0.0,    2.0, -2.0, 0.00,  0.00,  0.00, 0.0,  0.0,  0.0
2857690.84945110, 5.3725, -1.660616, 19.468,   0.0,    2.0, -2.0, 0.00,  0.00,  0.00, 0.0,  0.0,  0.0
2857690.85195110, 5.3750, -0.610830, 19.468,   0.0,    2.0, -2.0, 0.00,  0.00,  0.00, 0.0,  0.0,  0.0
2857690.85445110, 5.3775,  0.056229, 19.468,   0.0,    2.0, -2.0, 0.00,  0.00,  0.00, 0.0,  0.0,  0.0
2857690.85695110, 5.3800,  0.723288, 19.468,   0.0,    2.0, -2.0, 0.00,  0.00,  0.00, 0.0,  0.0,  0.0
2857690.85945110, 5.3825,  1.390346, 19.468,   0.0,    2.0, -2.0, 0.00,  0.00,  0.00, 0.0,  0.0,  0.0
2857690.86195110, 5.3850, -0.294151, 19.468,   0.0,    2.0, -2.0, 0.00,  0.00,  0.00, 0.0,  0.0,  0.0
2857690.86445110, 5.3875, -0.733349, 19.468,   0.0,    2.0, -2.0, 0.00,  0.00,  0.00, 0.0,  0.0,  0.0
2857690.86695110, 5.3900, -1.155555, 19.468,   0.0,    2.0, -2.0, 0.00,  0.00,  0.00, 0.0,  0.0,  0.0
2857690.86945110, 5.3925, -1.077050, 19.468,   0.0,    2.0, -2.0, 0.00,  0.00,  0.00, 0.0,  0.0,  0.0
2857690.87195110, 5.3950, -0.683978, 19.468,   0.0,    2.0, -2.0, 0.00,  0.00,  0.00, 0.0,  0.0,  0.0
2857690.87445110, 5.3975,  1.339409, 19.468,   0.0,    2.0, -2.0, 0.00,  0.00,  0.00, 0.0,  0.0,  0.0
2857690.87695110, 5.4000,  1.518999, 19.468,   0.0,    2.0, -2.0, 0.00,  0.00,  0.00, 0.0,  0.0,  0.0
2857690.87945110, 5.4025,  1.109126, 19.468,   0.0,    2.0, -2.0, 0.00,  0.00,  0.00, 0.0,  0.0,  0.0
2857690.88195110, 5.4050,  0.591853, 19.468,   0.0,    2.0, -2.0, 0.00,  0.00,  0.00, 0.0,  0.0,  0.0
2857690.88445110, 5.4075, -0.985462, 19.468,   0.0,    2.0, -2.0, 0.00,  0.00,  0.00, 0.0,  0.0,  0.0
2857690.88695110, 5.4100, -2.053854, 19.468,   0.0,    2.0, -2.0, 0.00,  0.00,  0.00, 0.0,  0.0,  0.0
2857690.88945110, 5.4125, -2.355637, 19.468,   0.0,    2.0, -2.0, 0.00,  0.00,  0.00, 0.0,  0.0,  0.0
2857690.89195110, 5.4150, -2.657420, 19.468,   0.0,    2.0, -2.0, 0.00,  0.00,  0.00, 0.0,  0.0,  0.0
2857690.89445110, 5.4175,  1.314499, 19.468,   0.0,    2.0, -2.0, 0.00,  0.00,  0.00, 0.0,  0.0,  0.0
2857690.89695110, 5.4200,  1.437850, 19.468,   0.0,    2.0, -2.0, 0.00,  0.00,  0.00, 0.0,  0.0,  0.0
2857690.90195110, 5.4250,  0.588893, 19.468,   0.0,    2.0, -2.0, 0.00,  0.00,  0.00, 0.0,  0.0,  0.0
2857690.90445110, 5.4275, -0.872773, 19.468,   0.0,    2.0, -2.0, 0.00,  0.00,  0.00, 0.0,  0.0,  0.0
2857690.90695110, 5.4300, -2.164199, 19.468,   0.0,    2.0, -2.0, 0.00,  0.00,  0.00, 0.0,  0.0,  0.0
2857690.90945110, 5.4325, -1.654847, 19.468,   0.0,    2.0, -2.0, 0.00,  0.00,  0.00, 0.0,  0.0,  0.0
2857690.91195110, 5.4350,  0.457589, 19.468,   0.0,    2.0, -2.0, 0.00,  0.00,  0.00, 0.0,  0.0,  0.0
2857690.91445110, 5.4375,  1.451627, 19.468,   0.0,    2.0, -2.0, 0.00,  0.00,  0.00, 0.0,  0.0,  0.0
2857690.91695110, 5.4400,  1.342616, 19.468,   0.0,    2.0, -2.0, 0.00,  0.00,  0.00, 0.0,  0.0,  0.0
2857690.91945110, 5.4425,  0.803305, 19.468,   0.0,    2.0, -2.0, 0.00,  0.00,  0.00, 0.0,  0.0,  0.0
2857690.92195110, 5.4450,  0.200226, 19.468,   0.0,    2.0, -2.0, 0.00,  0.00,  0.00, 0.0,  0.0,  0.0
2857690.92445110, 5.4475, -0.523529, 19.468,   0.0,    2.0, -2.0, 0.00,  0.00,  0.00, 0.0,  0.0,  0.0
2857690.92695110, 5.4500, -1.247284, 19.468,   0.0,    2.0, -2.0, 0.00,  0.00,  0.00, 0.0,  0.0,  0.0
2857690.92945110, 5.4525, -1.026279, 19.468,   0.0,    2.0, -2.0, 0.00,  0.00,  0.00, 0.0,  0.0,  0.0
2857690.93195110, 5.4550,  1.095330, 19.468,   0.0,    2.0, -2.0, 0.00,  0.00,  0.00, 0.0,  0.0,  0.0
2857690.93445110, 5.4575,  1.529290, 19.468,   0.0,    2.0, -2.0, 0.00,  0.00,  0.00, 0.0,  0.0,  0.0
2857690.93695110, 5.4600,  1.365093, 19.468,   0.0,    2.0, -2.0, 0.00,  0.00,  0.00, 0.0,  0.0,  0.0
2857690.93945110, 5.4625,  0.949413, 19.468,   0.0,    2.0, -2.0, 0.00,  0.00,  0.00, 0.0,  0.0,  0.0
2857690.94195110, 5.4650,  0.533733, 19.468,   0.0,    2.0, -2.0, 0.00,  0.00,  0.00, 0.0,  0.0,  0.0
2857690.94445110, 5.4675, -1.148083, 19.468,   0.0,    2.0, -2.0, 0.00,  0.00,  0.00, 0.0,  0.0,  0.0
2857690.94695110, 5.4700, -1.796694, 19.468,   0.0,    2.0, -2.0, 0.00,  0.00,  0.00, 0.0,  0.0,  0.0
2857690.94945110, 5.4725, -1.986962, 19.468,   0.0,    2.0, -2.0, 0.00,  0.00,  0.00, 0.0,  0.0,  0.0
2857690.95195110, 5.4750, -2.177231, 19.468,   0.0,    2.0, -2.0, 0.00,  0.00,  0.00, 0.0,  0.0,  0.0
2857690.95445110, 5.4775, -2.367500, 19.468,   0.0,    2.0, -2.0, 0.00,  0.00,  0.00, 0.0,  0.0,  0.0
2857690.95695110, 5.4800, -0.842934, 19.468,   0.0,    2.0, -2.0, 0.00,  0.00,  0.00, 0.0,  0.0,  0.0
2857690.95945110, 5.4825,  0.456215, 19.468,   0.0,    2.0, -2.0, 0.00,  0.00,  0.00, 0.0,  0.0,  0.0
2857690.96195110, 5.4850,  0.062902, 19.468,   0.0,    2.0, -2.0, 0.00,  0.00,  0.00, 0.0,  0.0,  0.0
2857690.96445110, 5.4875, -0.860195, 19.468,   0.0,    2.0, -2.0, 0.00,  0.00,  0.00, 0.0,  0.0,  0.0
2857690.96695110, 5.4900, -1.265642, 19.468,   0.0,    2.0, -2.0, 0.00,  0.00,  0.00, 0.0,  0.0,  0.0
2857690.96945110, 5.4925, -0.671968, 19.468,   0.0,    2.0, -2.0, 0.00,  0.00,  0.00, 0.0,  0.0,  0.0
2857690.97195110, 5.4950,  0.249604, 19.468,   0.0,    2.0, -2.0, 0.00,  0.00,  0.00, 0.0,  0.0,  0.0
2857690.97445110, 5.4975,  1.171175, 19.468,   0.0,    2.0, -2.0, 0.00,  0.00,  0.00, 0.0,  0.0,  0.0
2857690.97695110, 5.5000,  1.477683, 19.468,   0.0,    2.0, -2.0, 0.00,  0.00,  0.00, 0.0,  0.0,  0.0
2857690.97945110, 5.5025,  1.441275, 19.468,   0.0,    2.0, -2.0, 0.00,  0.00,  0.00, 0.0,  0.0,  0.0
2857690.98195110, 5.5050,  0.350883, 19.468,   0.0,    2.0, -2.0, 0.00,  0.00,  0.00, 0.0,  0.0,  0.0
2857690.98445110, 5.5075, -1.134656, 19.468,   0.0,    2.0, -2.0, 0.00,  0.00,  0.00, 0.0,  0.0,  0.0
2857690.98695110, 5.5100, -1.629895, 19.468,   0.0,    2.0, -2.0, 0.00,  0.00,  0.00, 0.0,  0.0,  0.0
2857690.98945110, 5.5125, -0.655629, 19.468,   0.0,    2.0, -2.0, 0.00,  0.00,  0.00, 0.0,  0.0,  0.0
2857690.99195110, 5.5150,  0.489755, 19.468,   0.0,    2.0, -2.0, 0.00,  0.00,  0.00, 0.0,  0.0,  0.0
2857690.99445110, 5.5175,  1.157288, 19.468,   0.0,    2.0, -2.0, 0.00,  0.00,  0.00, 0.0,  0.0,  0.0
2857690.99695110, 5.5200,  1.539039, 19.468,   0.0,    2.0, -2.0, 0.00,  0.00,  0.00, 0.0,  0.0,  0.0
2857690.99945110, 5.5225,  1.299023, 19.468,   0.0,    2.0, -2.0, 0.00,  0.00,  0.00, 0.0,  0.0,  0.0
2857691.00195110, 5.5250,  0.887663, 19.468,   0.0,    2.0, -2.0, 0.00,  0.00,  0.00, 0.0,  0.0,  0.0
2857691.00445110, 5.5275,  0.476302, 19.468,   0.0,    2.0, -2.0, 0.00,  0.00,  0.00, 0.0,  0.0,  0.0
2857691.00695110, 5.5300, -2.779871, 19.468,   0.0,    2.0, -2.0, 0.00,  0.00,  0.00, 0.0,  0.0,  0.0
2857691.00945110, 5.5325, -0.959942, 19.468,   0.0,    2.0, -2.0, 0.00,  0.00,  0.00, 0.0,  0.0,  0.0
2857691.01195110, 5.5350,  0.087016, 19.468,   0.0,    2.0, -2.0, 0.00,  0.00,  0.00, 0.0,  0.0,  0.0
2857691.01445110, 5.5375,  1.043191, 19.468,   0.0,    2.0, -2.0, 0.00,  0.00,  0.00, 0.0,  0.0,  0.0
2857691.01695110, 5.5400,  1.579103, 19.468,   0.0,    2.0, -2.0, 0.00,  0.00,  0.00, 0.0,  0.0,  0.0
2857691.01945110, 5.5425,  0.823678, 19.468,   0.0,    2.0, -2.0, 0.00,  0.00,  0.00, 0.0,  0.0,  0.0
2857691.02195110, 5.5450,  0.157381, 19.468,   0.0,    2.0, -2.0, 0.00,  0.00,  0.00, 0.0,  0.0,  0.0
2857691.02445110, 5.5475, -0.155511, 19.468,   0.0,    2.0, -2.0, 0.00,  0.00,  0.00, 0.0,  0.0,  0.0
2857691.02695110, 5.5500, -0.468404, 19.468,   0.0,    2.0, -2.0, 0.00,  0.00,  0.00, 0.0,  0.0,  0.0
2857691.02945110, 5.5525, -0.609294, 19.468,   0.0,    2.0, -2.0, 0.00,  0.00,  0.00, 0.0,  0.0,  0.0
2857691.03195110, 5.5550,  0.905299, 19.468,   0.0,    2.0, -2.0, 0.00,  0.00,  0.00, 0.0,  0.0,  0.0
2857691.03445110, 5.5575,  1.233454, 19.468,   0.0,    2.0, -2.0, 0.00,  0.00,  0.00, 0.0,  0.0,  0.0
2857691.03695110, 5.5600,  1.481189, 19.468,   0.0,    2.0, -2.0, 0.00,  0.00,  0.00, 0.0,  0.0,  0.0
2857691.03945110, 5.5625,  1.398180, 19.468,   0.0,    2.0, -2.0, 0.00,  0.00,  0.00, 0.0,  0.0,  0.0
2857691.04195110, 5.5650,  1.009722, 19.468,   0.0,    2.0, -2.0, 0.00,  0.00,  0.00, 0.0,  0.0,  0.0
2857691.04445110, 5.5675,  0.108764, 19.468,   0.0,    2.0, -2.0, 0.00,  0.00,  0.00, 0.0,  0.0,  0.0
2857691.04945110, 5.5725, -1.169481, 19.468,   0.0,    2.0, -2.0, 0.00,  0.00,  0.00, 0.0,  0.0,  0.0
2857691.05195110, 5.5750, -0.449453, 19.468,   0.0,    2.0, -2.0, 0.00,  0.00,  0.00, 0.0,  0.0,  0.0
2857691.05445110, 5.5775,  1.422681, 19.468,   0.0,    2.0, -2.0, 0.00,  0.00,  0.00, 0.0,  0.0,  0.0
2857691.05695110, 5.5800,  1.640236, 19.468,   0.0,    2.0, -2.0, 0.00,  0.00,  0.00, 0.0,  0.0,  0.0
2857691.05945110, 5.5825,  0.367779, 19.468,   0.0,    2.0, -2.0, 0.00,  0.00,  0.00, 0.0,  0.0,  0.0
2857691.06195110, 5.5850, -0.921488, 19.468,   0.0,    2.0, -2.0, 0.00,  0.00,  0.00, 0.0,  0.0,  0.0
2857691.06445110, 5.5875, -2.102897, 19.468,   0.0,    2.0, -2.0, 0.00,  0.00,  0.00, 0.0,  0.0,  0.0
2857691.06695110, 5.5900, -2.370523, 19.468,   0.0,    2.0, -2.0, 0.00,  0.00,  0.00, 0.0,  0.0,  0.0
2857691.06945110, 5.5925, -1.412199, 19.468,   0.0,    2.0, -2.0, 0.00,  0.00,  0.00, 0.0,  0.0,  0.0
2857691.07195110, 5.5950, -0.764330, 19.468,   0.0,    2.0, -2.0, 0.00,  0.00,  0.00, 0.0,  0.0,  0.0
2857691.07445110, 5.5975, -0.216031, 19.468,   0.0,    2.0, -2.0, 0.00,  0.00,  0.00, 0.0,  0.0,  0.0
2857691.07695110, 5.6000,  0.332267, 19.468,   0.0,    2.0, -2.0, 0.00,  0.00,  0.00, 0.0,  0.0,  0.0
2857691.07945110, 5.6025,  0.185317, 19.468,   0.0,    2.0, -2.0, 0.00,  0.00,  0.00, 0.0,  0.0,  0.0
2857691.08195110, 5.6050, -0.700231, 19.468,   0.0,    2.0, -2.0, 0.00,  0.00,  0.00, 0.0,  0.0,  0.0
2857691.08445110, 5.6075, -0.911890, 19.468,   0.0,    2.0, -2.0, 0.00,  0.00,  0.00, 0.0,  0.0,  0.0
2857691.08695110, 5.6100, -1.123550, 19.468,   0.0,    2.0, -2.0, 0.00,  0.00,  0.00, 0.0,  0.0,  0.0
2857691.08945110, 5.6125, -1.335209, 19.468,   0.0,    2.0, -2.0, 0.00,  0.00,  0.00, 0.0,  0.0,  0.0
2857691.09195110, 5.6150, -1.546869, 19.468,   0.0,    2.0, -2.0, 0.00,  0.00,  0.00, 0.0,  0.0,  0.0
2857691.09445110, 5.6175,  0.496097, 19.468,   0.0,    2.0, -2.0, 0.00,  0.00,  0.00, 0.0,  0.0,  0.0
2857691.09695110, 5.6200,  1.576034, 19.468,   0.0,    2.0, -2.0, 0.00,  0.00,  0.00, 0.0,  0.0,  0.0
2857691.09945110, 5.6225,  1.403579, 19.468,   0.0,    2.0, -2.0, 0.00,  0.00,  0.00, 0.0,  0.0,  0.0
2857691.10195110, 5.6250,  0.652210, 19.468,   0.0,    2.0, -2.0, 0.00,  0.00,  0.00, 0.0,  0.0,  0.0
2857691.10445110, 5.6275, -0.526380, 19.468,   0.0,    2.0, -2.0, 0.00,  0.00,  0.00, 0.0,  0.0,  0.0
2857691.10695110, 5.6300, -1.963920, 19.468,   0.0,    2.0, -2.0, 0.00,  0.00,  0.00, 0.0,  0.0,  0.0
2857691.10945110, 5.6325, -0.888194, 19.468,   0.0,    2.0, -2.0, 0.00,  0.00,  0.00, 0.0,  0.0,  0.0
2857691.11195110, 5.6350,  0.187532, 19.468,   0.0,    2.0, -2.0, 0.00,  0.00,  0.00, 0.0,  0.0,  0.0
2857691.11445110, 5.6375,  1.193711, 19.468,   0.0,    2.0, -2.0, 0.00,  0.00,  0.00, 0.0,  0.0,  0.0
2857691.11695110, 5.6400,  1.170839, 19.468,   0.0,    2.0, -2.0, 0.00,  0.00,  0.00, 0.0,  0.0,  0.0
2857691.11945110, 5.6425,  0.477596, 19.468,   0.0,    2.0, -2.0, 0.00,  0.00,  0.00, 0.0,  0.0,  0.0
2857691.12195110, 5.6450,  0.477596, 19.468,   0.0,    2.0, -2.0, 0.00,  0.00,  0.00, 0.0,  0.0,  0.0
2857691.12445110, 5.6475, -0.489384, 19.468,   0.0,    2.0, -2.0, 0.00,  0.00,  0.00, 0.0,  0.0,  0.0
2857691.12695110, 5.6500, -1.534609, 19.468,   0.0,    2.0, -2.0, 0.00,  0.00,  0.00, 0.0,  0.0,  0.0
2857691.12945110, 5.6525, -0.968358, 19.468,   0.0,    2.0, -2.0, 0.00,  0.00,  0.00, 0.0,  0.0,  0.0
2857691.13195110, 5.6550,  0.306230, 19.468,   0.0,    2.0, -2.0, 0.00,  0.00,  0.00, 0.0,  0.0,  0.0
2857691.13445110, 5.6575,  1.140737, 19.468,   0.0,    2.0, -2.0, 0.00,  0.00,  0.00, 0.0,  0.0,  0.0
2857691.13695110, 5.6600,  1.448670, 19.468,   0.0,    2.0, -2.0, 0.00,  0.00,  0.00, 0.0,  0.0,  0.0
2857691.13945110, 5.6625,  0.832395, 19.468,   0.0,    2.0, -2.0, 0.00,  0.00,  0.00, 0.0,  0.0,  0.0
2857691.14195110, 5.6650, -0.776043, 19.468,   0.0,    2.0, -2.0, 0.00,  0.00,  0.00, 0.0,  0.0,  0.0
2857691.14445110, 5.6675, -1.649875, 19.468,   0.0,    2.0, -2.0, 0.00,  0.00,  0.00, 0.0,  0.0,  0.0
2857691.14695110, 5.6700, -1.549198, 19.468,   0.0,    2.0, -2.0, 0.00,  0.00,  0.00, 0.0,  0.0,  0.0
2857691.14945110, 5.6725, -1.182195, 19.468,   0.0,    2.0, -2.0, 0.00,  0.00,  0.00, 0.0,  0.0,  0.0
2857691.15195110, 5.6750, -0.815191, 19.468,   0.0,    2.0, -2.0, 0.00,  0.00,  0.00, 0.0,  0.0,  0.0
2857691.15445110, 5.6775,  1.203337, 19.468,   0.0,    2.0, -2.0, 0.00,  0.00,  0.00, 0.0,  0.0,  0.0
2857691.15695110, 5.6800,  1.721836, 19.468,   0.0,    2.0, -2.0, 0.00,  0.00,  0.00, 0.0,  0.0,  0.0
2857691.15945110, 5.6825,  1.534369, 19.468,   0.0,    2.0, -2.0, 0.00,  0.00,  0.00, 0.0,  0.0,  0.0
2857691.16195110, 5.6850,  0.878582, 19.468,   0.0,    2.0, -2.0, 0.00,  0.00,  0.00, 0.0,  0.0,  0.0
2857691.16445110, 5.6875,  0.222794, 19.468,   0.0,    2.0, -2.0, 0.00,  0.00,  0.00, 0.0,  0.0,  0.0
2857691.16695110, 5.6900, -0.435988, 19.468,   0.0,    2.0, -2.0, 0.00,  0.00,  0.00, 0.0,  0.0,  0.0
2857691.16945110, 5.6925, -0.582916, 19.468,   0.0,    2.0, -2.0, 0.00,  0.00,  0.00, 0.0,  0.0,  0.0
2857691.17195110, 5.6950,  0.901752, 19.468,   0.0,    2.0, -2.0, 0.00,  0.00,  0.00, 0.0,  0.0,  0.0
2857691.17445110, 5.6975,  1.315138, 19.468,   0.0,    2.0, -2.0, 0.00,  0.00,  0.00, 0.0,  0.0,  0.0
2857691.17695110, 5.7000,  1.512269, 19.468,   0.0,    2.0, -2.0, 0.00,  0.00,  0.00, 0.0,  0.0,  0.0
2857691.17945110, 5.7025,  0.793339, 19.468,   0.0,    2.0, -2.0, 0.00,  0.00,  0.00, 0.0,  0.0,  0.0
2857691.18195110, 5.7050, -0.575995, 19.468,   0.0,    2.0, -2.0, 0.00,  0.00,  0.00, 0.0,  0.0,  0.0
2857691.18445110, 5.7075, -0.994490, 19.468,   0.0,    2.0, -2.0, 0.00,  0.00,  0.00, 0.0,  0.0,  0.0
2857691.18695110, 5.7100, -1.412985, 19.468,   0.0,    2.0, -2.0, 0.00,  0.00,  0.00, 0.0,  0.0,  0.0
2857691.18945110, 5.7125, -0.655646, 19.468,   0.0,    2.0, -2.0, 0.00,  0.00,  0.00, 0.0,  0.0,  0.0
2857691.19195110, 5.7150,  1.335272, 19.468,   0.0,    2.0, -2.0, 0.00,  0.00,  0.00, 0.0,  0.0,  0.0
2857691.19445110, 5.7175,  1.517883, 19.468,   0.0,    2.0, -2.0, 0.00,  0.00,  0.00, 0.0,  0.0,  0.0
2857691.19695110, 5.7200,  1.489396, 19.468,   0.0,    2.0, -2.0, 0.00,  0.00,  0.00, 0.0,  0.0,  0.0
2857691.19945110, 5.7225,  0.850227, 19.468,   0.0,    2.0, -2.0, 0.00,  0.00,  0.00, 0.0,  0.0,  0.0
2857691.20195110, 5.7250, -0.013670, 19.468,   0.0,    2.0, -2.0, 0.00,  0.00,  0.00, 0.0,  0.0,  0.0
2857691.20445110, 5.7275, -0.956484, 19.468,   0.0,    2.0, -2.0, 0.00,  0.00,  0.00, 0.0,  0.0,  0.0
2857691.20695110, 5.7300, -2.066277, 19.468,   0.0,    2.0, -2.0, 0.00,  0.00,  0.00, 0.0,  0.0,  0.0
2857691.20945110, 5.7325, -0.873321, 19.468,   0.0,    2.0, -2.0, 0.00,  0.00,  0.00, 0.0,  0.0,  0.0
2857691.21195110, 5.7350,  1.469081, 19.468,   0.0,    2.0, -2.0, 0.00,  0.00,  0.00, 0.0,  0.0,  0.0
2857691.21445110, 5.7375,  1.846020, 19.468,   0.0,    2.0, -2.0, 0.00,  0.00,  0.00, 0.0,  0.0,  0.0
2857691.21695110, 5.7400,  1.835588, 19.468,   0.0,    2.0, -2.0, 0.00,  0.00,  0.00, 0.0,  0.0,  0.0
2857691.21945110, 5.7425,  1.448069, 19.468,   0.0,    2.0, -2.0, 0.00,  0.00,  0.00, 0.0,  0.0,  0.0
2857691.22195110, 5.7450,  1.060550, 19.468,   0.0,    2.0, -2.0, 0.00,  0.00,  0.00, 0.0,  0.0,  0.0
2857691.22445110, 5.7475, -0.970657, 19.468,   0.0,    2.0, -2.0, 0.00,  0.00,  0.00, 0.0,  0.0,  0.0
2857691.22695110, 5.7500, -2.545695, 19.468,   0.0,    2.0, -2.0, 0.00,  0.00,  0.00, 0.0,  0.0,  0.0
2857691.22945110, 5.7525, -1.632016, 19.468,   0.0,    2.0, -2.0, 0.00,  0.00,  0.00, 0.0,  0.0,  0.0
2857691.23195110, 5.7550, -0.718337, 19.468,   0.0,    2.0, -2.0, 0.00,  0.00,  0.00, 0.0,  0.0,  0.0
2857691.23445110, 5.7575,  0.518923, 19.468,   0.0,    2.0, -2.0, 0.00,  0.00,  0.00, 0.0,  0.0,  0.0
2857691.23695110, 5.7600,  1.829947, 19.468,   0.0,    2.0, -2.0, 0.00,  0.00,  0.00, 0.0,  0.0,  0.0
2857691.23945110, 5.7625,  0.530639, 19.468,   0.0,    2.0, -2.0, 0.00,  0.00,  0.00, 0.0,  0.0,  0.0
2857691.24195110, 5.7650,  0.290211, 19.468,   0.0,    2.0, -2.0, 0.00,  0.00,  0.00, 0.0,  0.0,  0.0
2857691.24445110, 5.7675,  0.049783, 19.468,   0.0,    2.0, -2.0, 0.00,  0.00,  0.00, 0.0,  0.0,  0.0
2857691.24695110, 5.7700, -0.190645, 19.468,   0.0,    2.0, -2.0, 0.00,  0.00,  0.00, 0.0,  0.0,  0.0
2857691.24945110, 5.7725, -0.240536, 19.468,   0.0,    2.0, -2.0, 0.00,  0.00,  0.00, 0.0,  0.0,  0.0
2857691.25195110, 5.7750,  0.054975, 19.468,   0.0,    2.0, -2.0, 0.00,  0.00,  0.00, 0.0,  0.0,  0.0
2857691.25445110, 5.7775,  0.350486, 19.468,   0.0,    2.0, -2.0, 0.00,  0.00,  0.00, 0.0,  0.0,  0.0
2857691.25695110, 5.7800,  0.644705, 19.468,   0.0,    2.0, -2.0, 0.00,  0.00,  0.00, 0.0,  0.0,  0.0
2857691.25945110, 5.7825,  0.868721, 19.468,   0.0,    2.0, -2.0, 0.00,  0.00,  0.00, 0.0,  0.0,  0.0
2857691.26195110, 5.7850,  0.446653, 19.468,   0.0,    2.0, -2.0, 0.00,  0.00,  0.00, 0.0,  0.0,  0.0
2857691.26695110, 5.7900, -0.453606, 19.468,   0.0,    2.0, -2.0, 0.00,  0.00,  0.00, 0.0,  0.0,  0.0
2857691.26945110, 5.7925, -0.774829, 19.468,   0.0,    2.0, -2.0, 0.00,  0.00,  0.00, 0.0,  0.0,  0.0
2857691.27195110, 5.7950,  0.803312, 19.468,   0.0,    2.0, -2.0, 0.00,  0.00,  0.00, 0.0,  0.0,  0.0
2857691.27445110, 5.7975,  1.430006, 19.468,   0.0,    2.0, -2.0, 0.00,  0.00,  0.00, 0.0,  0.0,  0.0
2857691.27695110, 5.8000,  2.006542, 19.468,   0.0,    2.0, -2.0, 0.00,  0.00,  0.00, 0.0,  0.0,  0.0
2857691.27945110, 5.8025,  1.072787, 19.468,   0.0,    2.0, -2.0, 0.00,  0.00,  0.00, 0.0,  0.0,  0.0
2857691.28195110, 5.8050, -0.536350, 19.468,   0.0,    2.0, -2.0, 0.00,  0.00,  0.00, 0.0,  0.0,  0.0
2857691.28445110, 5.8075, -1.039322, 19.468,   0.0,    2.0, -2.0, 0.00,  0.00,  0.00, 0.0,  0.0,  0.0
2857691.28695110, 5.8100, -1.263170, 19.468,   0.0,    2.0, -2.0, 0.00,  0.00,  0.00, 0.0,  0.0,  0.0
2857691.28945110, 5.8125, -1.167524, 19.468,   0.0,    2.0, -2.0, 0.00,  0.00,  0.00, 0.0,  0.0,  0.0
2857691.29195110, 5.8150, -1.071877, 19.468,   0.0,    2.0, -2.0, 0.00,  0.00,  0.00, 0.0,  0.0,  0.0
2857691.29445110, 5.8175,  0.595895, 19.468,   0.0,    2.0, -2.0, 0.00,  0.00,  0.00, 0.0,  0.0,  0.0
2857691.29695110, 5.8200,  1.587598, 19.468,   0.0,    2.0, -2.0, 0.00,  0.00,  0.00, 0.0,  0.0,  0.0
2857691.29945110, 5.8225,  1.067184, 19.468,   0.0,    2.0, -2.0, 0.00,  0.00,  0.00, 0.0,  0.0,  0.0
2857691.30195110, 5.8250,  0.293536, 19.468,   0.0,    2.0, -2.0, 0.00,  0.00,  0.00, 0.0,  0.0,  0.0
2857691.30445110, 5.8275, -1.075293, 19.468,   0.0,    2.0, -2.0, 0.00,  0.00,  0.00, 0.0,  0.0,  0.0
2857691.30695110, 5.8300, -1.242112, 19.468,   0.0,    2.0, -2.0, 0.00,  0.00,  0.00, 0.0,  0.0,  0.0
2857691.30945110, 5.8325, -0.740750, 19.468,   0.0,    2.0, -2.0, 0.00,  0.00,  0.00, 0.0,  0.0,  0.0
2857691.31195110, 5.8350, -0.239387, 19.468,   0.0,    2.0, -2.0, 0.00,  0.00,  0.00, 0.0,  0.0,  0.0
2857691.31445110, 5.8375,  0.261976, 19.468,   0.0,    2.0, -2.0, 0.00,  0.00,  0.00, 0.0,  0.0,  0.0
2857691.31695110, 5.8400,  0.757116, 19.468,   0.0,    2.0, -2.0, 0.00,  0.00,  0.00, 0.0,  0.0,  0.0
2857691.31945110, 5.8425,  0.766013, 19.468,   0.0,    2.0, -2.0, 0.00,  0.00,  0.00, 0.0,  0.0,  0.0
2857691.32195110, 5.8450,  0.307701, 19.468,   0.0,    2.0, -2.0, 0.00,  0.00,  0.00, 0.0,  0.0,  0.0
2857691.32445110, 5.8475, -0.150611, 19.468,   0.0,    2.0, -2.0, 0.00,  0.00,  0.00, 0.0,  0.0,  0.0
2857691.32695110, 5.8500, -0.514126, 19.468,   0.0,    2.0, -2.0, 0.00,  0.00,  0.00, 0.0,  0.0,  0.0
2857691.32945110, 5.8525, -0.650703, 19.468,   0.0,    2.0, -2.0, 0.00,  0.00,  0.00, 0.0,  0.0,  0.0
2857691.33195110, 5.8550, -0.787280, 19.468,   0.0,    2.0, -2.0, 0.00,  0.00,  0.00, 0.0,  0.0,  0.0
2857691.33695110, 5.8600,  1.263872, 19.468,   0.0,    2.0, -2.0, 0.00,  0.00,  0.00, 0.0,  0.0,  0.0
2857691.33945110, 5.8625,  1.052241, 19.468,   0.0,    2.0, -2.0, 0.00,  0.00,  0.00, 0.0,  0.0,  0.0
2857691.34195110, 5.8650, -0.104824, 19.468,   0.0,    2.0, -2.0, 0.00,  0.00,  0.00, 0.0,  0.0,  0.0
2857691.34445110, 5.8675, -1.891395, 19.468,   0.0,    2.0, -2.0, 0.00,  0.00,  0.00, 0.0,  0.0,  0.0
2857691.34695110, 5.8700, -1.941553, 19.468,   0.0,    2.0, -2.0, 0.00,  0.00,  0.00, 0.0,  0.0,  0.0
2857691.34945110, 5.8725, -1.008426, 19.468,   0.0,    2.0, -2.0, 0.00,  0.00,  0.00, 0.0,  0.0,  0.0
2857691.35195110, 5.8750, -0.221762, 19.468,   0.0,    2.0, -2.0, 0.00,  0.00,  0.00, 0.0,  0.0,  0.0
2857691.35445110, 5.8775,  0.658790, 19.468,   0.0,    2.0, -2.0, 0.00,  0.00,  0.00, 0.0,  0.0,  0.0
2857691.35695110, 5.8800,  0.947871, 19.468,   0.0,    2.0, -2.0, 0.00,  0.00,  0.00, 0.0,  0.0,  0.0
2857691.35945110, 5.8825,  1.236951, 19.468,   0.0,    2.0, -2.0, 0.00,  0.00,  0.00, 0.0,  0.0,  0.0
2857691.36195110, 5.8850,  1.526032, 19.468,   0.0,    2.0, -2.0, 0.00,  0.00,  0.00, 0.0,  0.0,  0.0
2857691.36445110, 5.8875, -0.284694, 19.468,   0.0,    2.0, -2.0, 0.00,  0.00,  0.00, 0.0,  0.0,  0.0
2857691.36695110, 5.8900, -2.532108, 19.468,   0.0,    2.0, -2.0, 0.00,  0.00,  0.00, 0.0,  0.0,  0.0
2857691.36945110, 5.8925, -1.598596, 19.468,   0.0,    2.0, -2.0, 0.00,  0.00,  0.00, 0.0,  0.0,  0.0
2857691.37195110, 5.8950, -0.458140, 19.468,   0.0,    2.0, -2.0, 0.00,  0.00,  0.00, 0.0,  0.0,  0.0
2857691.37445110, 5.8975,  1.096006, 19.468,   0.0,    2.0, -2.0, 0.00,  0.00,  0.00, 0.0,  0.0,  0.0
2857691.37695110, 5.9000,  1.600479, 19.468,   0.0,    2.0, -2.0, 0.00,  0.00,  0.00, 0.0,  0.0,  0.0
2857691.37945110, 5.9025,  1.363986, 19.468,   0.0,    2.0, -2.0, 0.00,  0.00,  0.00, 0.0,  0.0,  0.0
2857691.38195110, 5.9050,  1.127492, 19.468,   0.0,    2.0, -2.0, 0.00,  0.00,  0.00, 0.0,  0.0,  0.0
2857691.38445110, 5.9075,  0.890998, 19.468,   0.0,    2.0, -2.0, 0.00,  0.00,  0.00, 0.0,  0.0,  0.0
2857691.38695110, 5.9100,  0.218166, 19.468,   0.0,    2.0, -2.0, 0.00,  0.00,  0.00, 0.0,  0.0,  0.0
2857691.38945110, 5.9125, -0.703185, 19.468,   0.0,    2.0, -2.0, 0.00,  0.00,  0.00, 0.0,  0.0,  0.0
2857691.39195110, 5.9150,  0.972468, 19.468,   0.0,    2.0, -2.0, 0.00,  0.00,  0.00, 0.0,  0.0,  0.0
2857691.39445110, 5.9175,  1.288537, 19.468,   0.0,    2.0, -2.0, 0.00,  0.00,  0.00, 0.0,  0.0,  0.0
2857691.39695110, 5.9200,  1.245600, 19.468,   0.0,    2.0, -2.0, 0.00,  0.00,  0.00, 0.0,  0.0,  0.0
2857691.39945110, 5.9225,  0.958683, 19.468,   0.0,    2.0, -2.0, 0.00,  0.00,  0.00, 0.0,  0.0,  0.0
2857691.40195110, 5.9250,  0.958683, 19.468,   0.0,    2.0, -2.0, 0.00,  0.00,  0.00, 0.0,  0.0,  0.0
2857691.40445110, 5.9275,  0.791498, 19.468,   0.0,    2.0, -2.0, 0.00,  0.00,  0.00, 0.0,  0.0,  0.0
2857691.40695110, 5.9300, -1.232548, 19.468,   0.0,    2.0, -2.0, 0.00,  0.00,  0.00, 0.0,  0.0,  0.0
2857691.40945110, 5.9325, -1.791141, 19.468,   0.0,    2.0, -2.0, 0.00,  0.00,  0.00, 0.0,  0.0,  0.0
2857691.41195110, 5.9350,  0.715849, 19.468,   0.0,    2.0, -2.0, 0.00,  0.00,  0.00, 0.0,  0.0,  0.0
2857691.41445110, 5.9375,  1.280203, 19.468,   0.0,    2.0, -2.0, 0.00,  0.00,  0.00, 0.0,  0.0,  0.0
2857691.41695110, 5.9400,  1.890165, 19.468,   0.0,    2.0, -2.0, 0.00,  0.00,  0.00, 0.0,  0.0,  0.0
2857691.41945110, 5.9425,  0.516560, 19.468,   0.0,    2.0, -2.0, 0.00,  0.00,  0.00, 0.0,  0.0,  0.0
2857691.42195110, 5.9450, -0.541004, 19.468,   0.0,    2.0, -2.0, 0.00,  0.00,  0.00, 0.0,  0.0,  0.0
2857691.42445110, 5.9475, -1.110759, 19.468,   0.0,    2.0, -2.0, 0.00,  0.00,  0.00, 0.0,  0.0,  0.0
2857691.42695110, 5.9500, -1.270252, 19.468,   0.0,    2.0, -2.0, 0.00,  0.00,  0.00, 0.0,  0.0,  0.0
2857691.42945110, 5.9525, -1.107919, 19.468,   0.0,    2.0, -2.0, 0.00,  0.00,  0.00, 0.0,  0.0,  0.0
2857691.43195110, 5.9550, -0.945586, 19.468,   0.0,    2.0, -2.0, 0.00,  0.00,  0.00, 0.0,  0.0,  0.0
2857691.43445110, 5.9575,  1.288784, 19.468,   0.0,    2.0, -2.0, 0.00,  0.00,  0.00, 0.0,  0.0,  0.0
2857691.43695110, 5.9600,  1.606409, 19.468,   0.0,    2.0, -2.0, 0.00,  0.00,  0.00, 0.0,  0.0,  0.0
2857691.43945110, 5.9625,  1.673869, 19.468,   0.0,    2.0, -2.0, 0.00,  0.00,  0.00, 0.0,  0.0,  0.0
2857691.44195110, 5.9650,  1.741328, 19.468,   0.0,    2.0, -2.0, 0.00,  0.00,  0.00, 0.0,  0.0,  0.0
2857691.44445110, 5.9675,  1.808788, 19.468,   0.0,    2.0, -2.0, 0.00,  0.00,  0.00, 0.0,  0.0,  0.0
2857691.44695110, 5.9700, -2.254351, 19.468,   0.0,    2.0, -2.0, 0.00,  0.00,  0.00, 0.0,  0.0,  0.0
2857691.44945110, 5.9725, -1.947037, 19.468,   0.0,    2.0, -2.0, 0.00,  0.00,  0.00, 0.0,  0.0,  0.0
2857691.45195110, 5.9750, -1.639722, 19.468,   0.0,    2.0, -2.0, 0.00,  0.00,  0.00, 0.0,  0.0,  0.0
2857691.45445110, 5.9775, -1.332408, 19.468,   0.0,    2.0, -2.0, 0.00,  0.00,  0.00, 0.0,  0.0,  0.0
2857691.45695110, 5.9800, -1.025094, 19.468,   0.0,    2.0, -2.0, 0.00,  0.00,  0.00, 0.0,  0.0,  0.0
2857691.45945110, 5.9825,  0.576714, 19.468,   0.0,    2.0, -2.0, 0.00,  0.00,  0.00, 0.0,  0.0,  0.0
2857691.46195110, 5.9850, -0.187087, 19.468,   0.0,    2.0, -2.0, 0.00,  0.00,  0.00, 0.0,  0.0,  0.0
2857691.46445110, 5.9875, -0.921877, 19.468,   0.0,    2.0, -2.0, 0.00,  0.00,  0.00, 0.0,  0.0,  0.0
2857691.46695110, 5.9900, -1.656668, 19.468,   0.0,    2.0, -2.0, 0.00,  0.00,  0.00, 0.0,  0.0,  0.0
2857691.46945110, 5.9925, -0.907168, 19.468,   0.0,    2.0, -2.0, 0.00,  0.00,  0.00, 0.0,  0.0,  0.0
2857691.47195110, 5.9950, -0.014528, 19.468,   0.0,    2.0, -2.0, 0.00,  0.00,  0.00, 0.0,  0.0,  0.0
2857691.47695110, 6.0000,  0.907138, 19.468,   0.0,    2.0, -2.0, 0.00,  0.00,  0.00, 0.0,  0.0,  0.0
2857691.47945110, 6.0025,  0.240135, 19.468,   0.0,    2.0, -2.0, 0.00,  0.00,  0.00, 0.0,  0.0,  0.0
2857691.48195110, 6.0050, -0.153375, 19.468,   0.0,    2.0, -2.0, 0.00,  0.00,  0.00, 0.0,  0.0,  0.0
2857691.48445110, 6.0075, -0.772756, 19.468,   0.0,    2.0, -2.0, 0.00,  0.00,  0.00, 0.0,  0.0,  0.0
2857691.48695110, 6.0100, -2.814723, 19.468,   0.0,    2.0, -2.0, 0.00,  0.00,  0.00, 0.0,  0.0,  0.0
2857691.48945110, 6.0125, -0.990535, 19.468,   0.0,    2.0, -2.0, 0.00,  0.00,  0.00, 0.0,  0.0,  0.0
2857691.49195110, 6.0150,  1.174177, 19.468,   0.0,    2.0, -2.0, 0.00,  0.00,  0.00, 0.0,  0.0,  0.0
2857691.49445110, 6.0175,  1.610822, 19.468,   0.0,    2.0, -2.0, 0.00,  0.00,  0.00, 0.0,  0.0,  0.0
2857691.49695110, 6.0200,  1.610822, 19.468,   0.0,    2.0, -2.0, 0.00,  0.00,  0.00, 0.0,  0.0,  0.0
2857691.49945110, 6.0225,  1.216203, 19.468,   0.0,    2.0, -2.0, 0.00,  0.00,  0.00, 0.0,  0.0,  0.0
2857691.50195110, 6.0250,  0.802556, 19.468,   0.0,    2.0, -2.0, 0.00,  0.00,  0.00, 0.0,  0.0,  0.0
2857691.50445110, 6.0275, -0.614982, 19.468,   0.0,    2.0, -2.0, 0.00,  0.00,  0.00, 0.0,  0.0,  0.0
2857691.50695110, 6.0300, -2.241842, 19.468,   0.0,    2.0, -2.0, 0.00,  0.00,  0.00, 0.0,  0.0,  0.0
2857691.50945110, 6.0325, -1.618258, 19.468,   0.0,    2.0, -2.0, 0.00,  0.00,  0.00, 0.0,  0.0,  0.0
2857691.51195110, 6.0350, -0.994674, 19.468,   0.0,    2.0, -2.0, 0.00,  0.00,  0.00, 0.0,  0.0,  0.0
2857691.51445110, 6.0375, -0.371090, 19.468,   0.0,    2.0, -2.0, 0.00,  0.00,  0.00, 0.0,  0.0,  0.0
2857691.51695110, 6.0400,  0.252494, 19.468,   0.0,    2.0, -2.0, 0.00,  0.00,  0.00, 0.0,  0.0,  0.0
2857691.51945110, 6.0425,  0.534518, 19.468,   0.0,    2.0, -2.0, 0.00,  0.00,  0.00, 0.0,  0.0,  0.0
2857691.52195110, 6.0450,  0.302062, 19.468,   0.0,    2.0, -2.0, 0.00,  0.00,  0.00, 0.0,  0.0,  0.0
2857691.52445110, 6.0475,  0.069606, 19.468,   0.0,    2.0, -2.0, 0.00,  0.00,  0.00, 0.0,  0.0,  0.0
2857691.52695110, 6.0500, -0.162850, 19.468,   0.0,    2.0, -2.0, 0.00,  0.00,  0.00, 0.0,  0.0,  0.0
2857691.52945110, 6.0525, -0.042989, 19.468,   0.0,    2.0, -2.0, 0.00,  0.00,  0.00, 0.0,  0.0,  0.0
2857691.53195110, 6.0550,  1.034669, 19.468,   0.0,    2.0, -2.0, 0.00,  0.00,  0.00, 0.0,  0.0,  0.0
2857691.53445110, 6.0575,  1.613014, 19.468,   0.0,    2.0, -2.0, 0.00,  0.00,  0.00, 0.0,  0.0,  0.0
2857691.53695110, 6.0600,  1.536663, 19.468,   0.0,    2.0, -2.0, 0.00,  0.00,  0.00, 0.0,  0.0,  0.0
2857691.53945110, 6.0625,  1.309965, 19.468,   0.0,    2.0, -2.0, 0.00,  0.00,  0.00, 0.0,  0.0,  0.0
2857691.54195110, 6.0650,  0.237928, 19.468,   0.0,    2.0, -2.0, 0.00,  0.00,  0.00, 0.0,  0.0,  0.0
2857691.54445110, 6.0675, -0.316071, 19.468,   0.0,    2.0, -2.0, 0.00,  0.00,  0.00, 0.0,  0.0,  0.0
2857691.54695110, 6.0700, -0.767434, 19.468,   0.0,    2.0, -2.0, 0.00,  0.00,  0.00, 0.0,  0.0,  0.0
2857691.54945110, 6.0725, -1.218798, 19.468,   0.0,    2.0, -2.0, 0.00,  0.00,  0.00, 0.0,  0.0,  0.0
2857691.55195110, 6.0750, -0.001768, 19.468,   0.0,    2.0, -2.0, 0.00,  0.00,  0.00, 0.0,  0.0,  0.0
2857691.55445110, 6.0775,  1.454837, 19.468,   0.0,    2.0, -2.0, 0.00,  0.00,  0.00, 0.0,  0.0,  0.0
2857691.55695110, 6.0800,  1.557395, 19.468,   0.0,    2.0, -2.0, 0.00,  0.00,  0.00, 0.0,  0.0,  0.0
2857691.55945110, 6.0825,  1.544051, 19.468,   0.0,    2.0, -2.0, 0.00,  0.00,  0.00, 0.0,  0.0,  0.0
2857691.56195110, 6.0850, -0.220360, 19.468,   0.0,    2.0, -2.0, 0.00,  0.00,  0.00, 0.0,  0.0,  0.0
2857691.56445110, 6.0875, -1.199811, 19.468,   0.0,    2.0, -2.0, 0.00,  0.00,  0.00, 0.0,  0.0,  0.0
2857691.56695110, 6.0900, -2.327521, 19.468,   0.0,    2.0, -2.0, 0.00,  0.00,  0.00, 0.0,  0.0,  0.0
2857691.56945110, 6.0925, -0.839109, 19.468,   0.0,    2.0, -2.0, 0.00,  0.00,  0.00, 0.0,  0.0,  0.0
2857691.57195110, 6.0950,  0.297894, 19.468,   0.0,    2.0, -2.0, 0.00,  0.00,  0.00, 0.0,  0.0,  0.0
2857691.57445110, 6.0975,  0.967448, 19.468,   0.0,    2.0, -2.0, 0.00,  0.00,  0.00, 0.0,  0.0,  0.0
2857691.57695110, 6.1000,  1.309579, 19.468,   0.0,    2.0, -2.0, 0.00,  0.00,  0.00, 0.0,  0.0,  0.0
2857691.57945110, 6.1025,  1.651710, 19.468,   0.0,    2.0, -2.0, 0.00,  0.00,  0.00, 0.0,  0.0,  0.0
2857691.58195110, 6.1050, -0.217990, 19.468,   0.0,    2.0, -2.0, 0.00,  0.00,  0.00, 0.0,  0.0,  0.0
2857691.58445110, 6.1075, -1.688703, 19.468,   0.0,    2.0, -2.0, 0.00,  0.00,  0.00, 0.0,  0.0,  0.0
2857691.58695110, 6.1100, -2.714093, 19.468,   0.0,    2.0, -2.0, 0.00,  0.00,  0.00, 0.0,  0.0,  0.0
2857691.58945110, 6.1125, -2.214815, 19.468,   0.0,    2.0, -2.0, 0.00,  0.00,  0.00, 0.0,  0.0,  0.0
2857691.59195110, 6.1150, -1.715537, 19.468,   0.0,    2.0, -2.0, 0.00,  0.00,  0.00, 0.0,  0.0,  0.0
2857691.59445110, 6.1175, -0.144406, 19.468,   0.0,    2.0, -2.0, 0.00,  0.00,  0.00, 0.0,  0.0,  0.0
2857691.59695110, 6.1200,  1.503876, 19.468,   0.0,    2.0, -2.0, 0.00,  0.00,  0.00, 0.0,  0.0,  0.0
2857691.59945110, 6.1225,  1.185815, 19.468,   0.0,    2.0, -2.0, 0.00,  0.00,  0.00, 0.0,  0.0,  0.0
2857691.60195110, 6.1250,  0.490677, 19.468,   0.0,    2.0, -2.0, 0.00,  0.00,  0.00, 0.0,  0.0,  0.0
2857691.60445110, 6.1275, -0.600781, 19.468,   0.0,    2.0, -2.0, 0.00,  0.00,  0.00, 0.0,  0.0,  0.0
2857691.60695110, 6.1300, -1.324151, 19.468,   0.0,    2.0, -2.0, 0.00,  0.00,  0.00, 0.0,  0.0,  0.0
2857691.60945110, 6.1325, -1.201917, 19.468,   0.0,    2.0, -2.0, 0.00,  0.00,  0.00, 0.0,  0.0,  0.0
2857691.61195110, 6.1350, -1.079682, 19.468,   0.0,    2.0, -2.0, 0.00,  0.00,  0.00, 0.0,  0.0,  0.0
2857691.61445110, 6.1375, -0.957448, 19.468,   0.0,    2.0, -2.0, 0.00,  0.00,  0.00, 0.0,  0.0,  0.0
2857691.61695110, 6.1400, -0.610535, 19.468,   0.0,    2.0, -2.0, 0.00,  0.00,  0.00, 0.0,  0.0,  0.0
2857691.61945110, 6.1425, -0.074101, 19.468,   0.0,    2.0, -2.0, 0.00,  0.00,  0.00, 0.0,  0.0,  0.0
2857691.62195110, 6.1450,  0.462333, 19.468,   0.0,    2.0, -2.0, 0.00,  0.00,  0.00, 0.0,  0.0,  0.0
2857691.62445110, 6.1475, -0.232199, 19.468,   0.0,    2.0, -2.0, 0.00,  0.00,  0.00, 0.0,  0.0,  0.0
2857691.62945110, 6.1525, -0.539385, 19.468,   0.0,    2.0, -2.0, 0.00,  0.00,  0.00, 0.0,  0.0,  0.0
2857691.63195110, 6.1550,  0.844344, 19.468,   0.0,    2.0, -2.0, 0.00,  0.00,  0.00, 0.0,  0.0,  0.0
2857691.63445110, 6.1575,  1.173858, 19.468,   0.0,    2.0, -2.0, 0.00,  0.00,  0.00, 0.0,  0.0,  0.0
2857691.63695110, 6.1600,  1.624972, 19.468,   0.0,    2.0, -2.0, 0.00,  0.00,  0.00, 0.0,  0.0,  0.0
2857691.63945110, 6.1625,  0.476047, 19.468,   0.0,    2.0, -2.0, 0.00,  0.00,  0.00, 0.0,  0.0,  0.0
2857691.64195110, 6.1650, -0.809302, 19.468,   0.0,    2.0, -2.0, 0.00,  0.00,  0.00, 0.0,  0.0,  0.0
2857691.64445110, 6.1675, -1.190170, 19.468,   0.0,    2.0, -2.0, 0.00,  0.00,  0.00, 0.0,  0.0,  0.0
2857691.64695110, 6.1700, -1.190170, 19.468,   0.0,    2.0, -2.0, 0.00,  0.00,  0.00, 0.0,  0.0,  0.0
2857691.64945110, 6.1725, -1.620447, 19.468,   0.0,    2.0, -2.0, 0.00,  0.00,  0.00, 0.0,  0.0,  0.0
2857691.65195110, 6.1750, -0.471546, 19.468,   0.0,    2.0, -2.0, 0.00,  0.00,  0.00, 0.0,  0.0,  0.0
2857691.65445110, 6.1775,  0.819994, 19.468,   0.0,    2.0, -2.0, 0.00,  0.00,  0.00, 0.0,  0.0,  0.0
2857691.65695110, 6.1800,  1.898697, 19.468,   0.0,    2.0, -2.0, 0.00,  0.00,  0.00, 0.0,  0.0,  0.0
2857691.65945110, 6.1825,  1.648488, 19.468,   0.0,    2.0, -2.0, 0.00,  0.00,  0.00, 0.0,  0.0,  0.0
2857691.66195110, 6.1850,  1.398279, 19.468,   0.0,    2.0, -2.0, 0.00,  0.00,  0.00, 0.0,  0.0,  0.0
2857691.66445110, 6.1875,  1.148070, 19.468,   0.0,    2.0, -2.0, 0.00,  0.00,  0.00, 0.0,  0.0,  0.0
2857691.66695110, 6.1900,  0.897861, 19.468,   0.0,    2.0, -2.0, 0.00,  0.00,  0.00, 0.0,  0.0,  0.0
2857691.66945110, 6.1925, -1.729966, 19.468,   0.0,    2.0, -2.0, 0.00,  0.00,  0.00, 0.0,  0.0,  0.0
2857691.67195110, 6.1950, -1.204054, 19.468,   0.0,    2.0, -2.0, 0.00,  0.00,  0.00, 0.0,  0.0,  0.0
2857691.67445110, 6.1975, -0.678142, 19.468,   0.0,    2.0, -2.0, 0.00,  0.00,  0.00, 0.0,  0.0,  0.0
2857691.67695110, 6.2000, -0.152230, 19.468,   0.0,    2.0, -2.0, 0.00,  0.00,  0.00, 0.0,  0.0,  0.0
2857691.67945110, 6.2025, -0.177791, 19.468,   0.0,    2.0, -2.0, 0.00,  0.00,  0.00, 0.0,  0.0,  0.0
2857691.68195110, 6.2050, -0.697959, 19.468,   0.0,    2.0, -2.0, 0.00,  0.00,  0.00, 0.0,  0.0,  0.0
2857691.68445110, 6.2075, -1.064263, 19.468,   0.0,    2.0, -2.0, 0.00,  0.00,  0.00, 0.0,  0.0,  0.0
2857691.68695110, 6.2100, -1.430567, 19.468,   0.0,    2.0, -2.0, 0.00,  0.00,  0.00, 0.0,  0.0,  0.0
2857691.68945110, 6.2125, -1.286639, 19.468,   0.0,    2.0, -2.0, 0.00,  0.00,  0.00, 0.0,  0.0,  0.0
2857691.69195110, 6.2150, -0.541178, 19.468,   0.0,    2.0, -2.0, 0.00,  0.00,  0.00, 0.0,  0.0,  0.0
2857691.69445110, 6.2175,  0.276662, 19.468,   0.0,    2.0, -2.0, 0.00,  0.00,  0.00, 0.0,  0.0,  0.0
2857691.69695110, 6.2200,  1.094503, 19.468,   0.0,    2.0, -2.0, 0.00,  0.00,  0.00, 0.0,  0.0,  0.0
2857691.69945110, 6.2225,  1.079833, 19.468,   0.0,    2.0, -2.0, 0.00,  0.00,  0.00, 0.0,  0.0,  0.0
2857691.70195110, 6.2250,  0.256436, 19.468,   0.0,    2.0, -2.0, 0.00,  0.00,  0.00, 0.0,  0.0,  0.0
2857691.70445110, 6.2275, -1.441132, 19.468,   0.0,    2.0, -2.0, 0.00,  0.00,  0.00, 0.0,  0.0,  0.0
2857691.70695110, 6.2300, -2.466782, 19.468,   0.0,    2.0, -2.0, 0.00,  0.00,  0.00, 0.0,  0.0,  0.0
2857691.70945110, 6.2325, -0.544983, 19.468,   0.0,    2.0, -2.0, 0.00,  0.00,  0.00, 0.0,  0.0,  0.0
2857691.71195110, 6.2350,  1.319138, 19.468,   0.0,    2.0, -2.0, 0.00,  0.00,  0.00, 0.0,  0.0,  0.0
2857691.71445110, 6.2375,  1.482831, 19.468,   0.0,    2.0, -2.0, 0.00,  0.00,  0.00, 0.0,  0.0,  0.0
2857691.71695110, 6.2400,  1.030470, 19.468,   0.0,    2.0, -2.0, 0.00,  0.00,  0.00, 0.0,  0.0,  0.0
2857691.71945110, 6.2425,  0.640201, 19.468,   0.0,    2.0, -2.0, 0.00,  0.00,  0.00, 0.0,  0.0,  0.0
2857691.72195110, 6.2450,  0.334527, 19.468,   0.0,    2.0, -2.0, 0.00,  0.00,  0.00, 0.0,  0.0,  0.0
2857691.72445110, 6.2475,  0.039880, 19.468,   0.0,    2.0, -2.0, 0.00,  0.00,  0.00, 0.0,  0.0,  0.0
2857691.72695110, 6.2500, -0.254767, 19.468,   0.0,    2.0, -2.0, 0.00,  0.00,  0.00, 0.0,  0.0,  0.0
2857691.72945110, 6.2525, -0.871006, 19.468,   0.0,    2.0, -2.0, 0.00,  0.00,  0.00, 0.0,  0.0,  0.0
2857691.73195110, 6.2550,  0.467990, 19.468,   0.0,    2.0, -2.0, 0.00,  0.00,  0.00, 0.0,  0.0,  0.0
2857691.73445110, 6.2575,  0.758550, 19.468,   0.0,    2.0, -2.0, 0.00,  0.00,  0.00, 0.0,  0.0,  0.0
2857691.73695110, 6.2600,  1.049109, 19.468,   0.0,    2.0, -2.0, 0.00,  0.00,  0.00, 0.0,  0.0,  0.0
2857691.73945110, 6.2625,  1.339669, 19.468,   0.0,    2.0, -2.0, 0.00,  0.00,  0.00, 0.0,  0.0,  0.0
2857691.74195110, 6.2650, -0.434719, 19.468,   0.0,    2.0, -2.0, 0.00,  0.00,  0.00, 0.0,  0.0,  0.0
2857691.74445110, 6.2675, -1.083262, 19.468,   0.0,    2.0, -2.0, 0.00,  0.00,  0.00, 0.0,  0.0,  0.0
2857691.74695110, 6.2700, -1.083262, 19.468,   0.0,    2.0, -2.0, 0.00,  0.00,  0.00, 0.0,  0.0,  0.0
2857691.74945110, 6.2725, -1.083262, 19.468,   0.0,    2.0, -2.0, 0.00,  0.00,  0.00, 0.0,  0.0,  0.0
2857691.75195110, 6.2750, -0.637979, 19.468,   0.0,    2.0, -2.0, 0.00,  0.00,  0.00, 0.0,  0.0,  0.0
2857691.75445110, 6.2775,  0.963531, 19.468,   0.0,    2.0, -2.0, 0.00,  0.00,  0.00, 0.0,  0.0,  0.0
2857691.75695110, 6.2800,  1.634204, 19.468,   0.0,    2.0, -2.0, 0.00,  0.00,  0.00, 0.0,  0.0,  0.0
2857691.75945110, 6.2825,  1.192791, 19.468,   0.0,    2.0, -2.0, 0.00,  0.00,  0.00, 0.0,  0.0,  0.0
2857691.76195110, 6.2850, -0.614762, 19.468,   0.0,    2.0, -2.0, 0.00,  0.00,  0.00, 0.0,  0.0,  0.0
2857691.76445110, 6.2875, -1.371914, 19.468,   0.0,    2.0, -2.0, 0.00,  0.00,  0.00, 0.0,  0.0,  0.0
2857691.76695110, 6.2900, -1.878693, 19.468,   0.0,    2.0, -2.0, 0.00,  0.00,  0.00, 0.0,  0.0,  0.0
2857691.77195110, 6.2950, -0.456575, 19.468,   0.0,    2.0, -2.0, 0.00,  0.00,  0.00, 0.0,  0.0,  0.0
2857691.77445110, 6.2975,  0.971141, 19.468,   0.0,    2.0, -2.0, 0.00,  0.00,  0.00, 0.0,  0.0,  0.0
2857691.77695110, 6.3000,  1.752534, 19.468,   0.0,    2.0, -2.0, 0.00,  0.00,  0.00, 0.0,  0.0,  0.0
2857691.77945110, 6.3025,  1.222569, 19.468,   0.0,    2.0, -2.0, 0.00,  0.00,  0.00, 0.0,  0.0,  0.0
2857691.78195110, 6.3050, -0.118092, 19.468,   0.0,    2.0, -2.0, 0.00,  0.00,  0.00, 0.0,  0.0,  0.0
2857691.78445110, 6.3075, -1.837920, 19.468,   0.0,    2.0, -2.0, 0.00,  0.00,  0.00, 0.0,  0.0,  0.0
2857691.78695110, 6.3100, -1.951588, 19.468,   0.0,    2.0, -2.0, 0.00,  0.00,  0.00, 0.0,  0.0,  0.0
2857691.78945110, 6.3125, -1.542966, 19.468,   0.0,    2.0, -2.0, 0.00,  0.00,  0.00, 0.0,  0.0,  0.0
2857691.79195110, 6.3150, -1.542966, 19.468,   0.0,    2.0, -2.0, 0.00,  0.00,  0.00, 0.0,  0.0,  0.0
2857691.79445110, 6.3175, -0.610645, 19.468,   0.0,    2.0, -2.0, 0.00,  0.00,  0.00, 0.0,  0.0,  0.0
2857691.79695110, 6.3200,  0.518839, 19.468,   0.0,    2.0, -2.0, 0.00,  0.00,  0.00, 0.0,  0.0,  0.0
2857691.79945110, 6.3225,  1.648323, 19.468,   0.0,    2.0, -2.0, 0.00,  0.00,  0.00, 0.0,  0.0,  0.0
2857691.80195110, 6.3250, -0.437273, 19.468,   0.0,    2.0, -2.0, 0.00,  0.00,  0.00, 0.0,  0.0,  0.0
2857691.80445110, 6.3275, -1.223807, 19.468,   0.0,    2.0, -2.0, 0.00,  0.00,  0.00, 0.0,  0.0,  0.0
2857691.80695110, 6.3300, -1.624763, 19.468,   0.0,    2.0, -2.0, 0.00,  0.00,  0.00, 0.0,  0.0,  0.0
2857691.80945110, 6.3325, -2.025718, 19.468,   0.0,    2.0, -2.0, 0.00,  0.00,  0.00, 0.0,  0.0,  0.0
2857691.81195110, 6.3350, -2.426674, 19.468,   0.0,    2.0, -2.0, 0.00,  0.00,  0.00, 0.0,  0.0,  0.0
2857691.81445110, 6.3375,  0.300981, 19.468,   0.0,    2.0, -2.0, 0.00,  0.00,  0.00, 0.0,  0.0,  0.0
2857691.81695110, 6.3400,  1.460275, 19.468,   0.0,    2.0, -2.0, 0.00,  0.00,  0.00, 0.0,  0.0,  0.0
2857691.81945110, 6.3425,  1.206533, 19.468,   0.0,    2.0, -2.0, 0.00,  0.00,  0.00, 0.0,  0.0,  0.0
2857691.82195110, 6.3450,  0.952791, 19.468,   0.0,    2.0, -2.0, 0.00,  0.00,  0.00, 0.0,  0.0,  0.0
2857691.82445110, 6.3475, -0.686172, 19.468,   0.0,    2.0, -2.0, 0.00,  0.00,  0.00, 0.0,  0.0,  0.0
2857691.82695110, 6.3500, -1.410091, 19.468,   0.0,    2.0, -2.0, 0.00,  0.00,  0.00, 0.0,  0.0,  0.0
2857691.82945110, 6.3525, -1.924570, 19.468,   0.0,    2.0, -2.0, 0.00,  0.00,  0.00, 0.0,  0.0,  0.0
2857691.83195110, 6.3550, -2.385061, 19.468,   0.0,    2.0, -2.0, 0.00,  0.00,  0.00, 0.0,  0.0,  0.0
2857691.83445110, 6.3575,  0.276348, 19.468,   0.0,    2.0, -2.0, 0.00,  0.00,  0.00, 0.0,  0.0,  0.0
2857691.83695110, 6.3600,  1.356823, 19.468,   0.0,    2.0, -2.0, 0.00,  0.00,  0.00, 0.0,  0.0,  0.0
2857691.83945110, 6.3625,  1.039381, 19.468,   0.0,    2.0, -2.0, 0.00,  0.00,  0.00, 0.0,  0.0,  0.0
2857691.84195110, 6.3650, -0.549206, 19.468,   0.0,    2.0, -2.0, 0.00,  0.00,  0.00, 0.0,  0.0,  0.0
2857691.84445110, 6.3675, -1.265005, 19.468,   0.0,    2.0, -2.0, 0.00,  0.00,  0.00, 0.0,  0.0,  0.0
2857691.84695110, 6.3700, -1.420026, 19.468,   0.0,    2.0, -2.0, 0.00,  0.00,  0.00, 0.0,  0.0,  0.0
2857691.84945110, 6.3725, -0.800304, 19.468,   0.0,    2.0, -2.0, 0.00,  0.00,  0.00, 0.0,  0.0,  0.0
2857691.85195110, 6.3750,  0.829946, 19.468,   0.0,    2.0, -2.0, 0.00,  0.00,  0.00, 0.0,  0.0,  0.0
2857691.85445110, 6.3775,  1.631284, 19.468,   0.0,    2.0, -2.0, 0.00,  0.00,  0.00, 0.0,  0.0,  0.0
2857691.85695110, 6.3800,  1.408217, 19.468,   0.0,    2.0, -2.0, 0.00,  0.00,  0.00, 0.0,  0.0,  0.0
2857691.85945110, 6.3825,  0.846666, 19.468,   0.0,    2.0, -2.0, 0.00,  0.00,  0.00, 0.0,  0.0,  0.0
2857691.86195110, 6.3850,  0.232476, 19.468,   0.0,    2.0, -2.0, 0.00,  0.00,  0.00, 0.0,  0.0,  0.0
2857691.86445110, 6.3875, -0.383487, 19.468,   0.0,    2.0, -2.0, 0.00,  0.00,  0.00, 0.0,  0.0,  0.0
2857691.86695110, 6.3900, -1.040498, 19.468,   0.0,    2.0, -2.0, 0.00,  0.00,  0.00, 0.0,  0.0,  0.0
2857691.86945110, 6.3925, -1.697509, 19.468,   0.0,    2.0, -2.0, 0.00,  0.00,  0.00, 0.0,  0.0,  0.0
2857691.87195110, 6.3950, -2.354520, 19.468,   0.0,    2.0, -2.0, 0.00,  0.00,  0.00, 0.0,  0.0,  0.0
2857691.87445110, 6.3975, -2.035615, 19.468,   0.0,    2.0, -2.0, 0.00,  0.00,  0.00, 0.0,  0.0,  0.0
2857691.87695110, 6.4000, -1.043451, 19.468,   0.0,    2.0, -2.0, 0.00,  0.00,  0.00, 0.0,  0.0,  0.0
2857691.87945110, 6.4025, -0.051287, 19.468,   0.0,    2.0, -2.0, 0.00,  0.00,  0.00, 0.0,  0.0,  0.0
2857691.88195110, 6.4050,  0.940877, 19.468,   0.0,    2.0, -2.0, 0.00,  0.00,  0.00, 0.0,  0.0,  0.0
2857691.88445110, 6.4075, -1.237474, 19.468,   0.0,    2.0, -2.0, 0.00,  0.00,  0.00, 0.0,  0.0,  0.0
2857691.88695110, 6.4100, -1.744286, 19.468,   0.0,    2.0, -2.0, 0.00,  0.00,  0.00, 0.0,  0.0,  0.0
2857691.88945110, 6.4125, -2.025736, 19.468,   0.0,    2.0, -2.0, 0.00,  0.00,  0.00, 0.0,  0.0,  0.0
2857691.89195110, 6.4150, -2.307187, 19.468,   0.0,    2.0, -2.0, 0.00,  0.00,  0.00, 0.0,  0.0,  0.0
2857691.89445110, 6.4175, -0.959556, 19.468,   0.0,    2.0, -2.0, 0.00,  0.00,  0.00, 0.0,  0.0,  0.0
2857691.89695110, 6.4200,  1.586697, 19.468,   0.0,    2.0, -2.0, 0.00,  0.00,  0.00, 0.0,  0.0,  0.0
2857691.89945110, 6.4225,  1.274012, 19.468,   0.0,    2.0, -2.0, 0.00,  0.00,  0.00, 0.0,  0.0,  0.0
2857691.90445110, 6.4275,  0.513808, 19.468,   0.0,    2.0, -2.0, 0.00,  0.00,  0.00, 0.0,  0.0,  0.0
2857691.90695110, 6.4300, -0.006429, 19.468,   0.0,    2.0, -2.0, 0.00,  0.00,  0.00, 0.0,  0.0,  0.0
2857691.90945110, 6.4325, -0.526665, 19.468,   0.0,    2.0, -2.0, 0.00,  0.00,  0.00, 0.0,  0.0,  0.0
2857691.91195110, 6.4350, -1.046902, 19.468,   0.0,    2.0, -2.0, 0.00,  0.00,  0.00, 0.0,  0.0,  0.0
2857691.91445110, 6.4375,  0.238861, 19.468,   0.0,    2.0, -2.0, 0.00,  0.00,  0.00, 0.0,  0.0,  0.0
2857691.91695110, 6.4400,  1.297021, 19.468,   0.0,    2.0, -2.0, 0.00,  0.00,  0.00, 0.0,  0.0,  0.0
2857691.91945110, 6.4425,  1.107963, 19.468,   0.0,    2.0, -2.0, 0.00,  0.00,  0.00, 0.0,  0.0,  0.0
2857691.92195110, 6.4450, -0.105032, 19.468,   0.0,    2.0, -2.0, 0.00,  0.00,  0.00, 0.0,  0.0,  0.0
2857691.92445110, 6.4475, -0.845881, 19.468,   0.0,    2.0, -2.0, 0.00,  0.00,  0.00, 0.0,  0.0,  0.0
2857691.92695110, 6.4500, -1.628035, 19.468,   0.0,    2.0, -2.0, 0.00,  0.00,  0.00, 0.0,  0.0,  0.0
2857691.92945110, 6.4525, -1.831618, 19.468,   0.0,    2.0, -2.0, 0.00,  0.00,  0.00, 0.0,  0.0,  0.0
2857691.93195110, 6.4550, -0.692880, 19.468,   0.0,    2.0, -2.0, 0.00,  0.00,  0.00, 0.0,  0.0,  0.0
2857691.93445110, 6.4575,  0.460998, 19.468,   0.0,    2.0, -2.0, 0.00,  0.00,  0.00, 0.0,  0.0,  0.0
2857691.93695110, 6.4600,  0.962431, 19.468,   0.0,    2.0, -2.0, 0.00,  0.00,  0.00, 0.0,  0.0,  0.0
2857691.93945110, 6.4625,  1.407628, 19.468,   0.0,    2.0, -2.0, 0.00,  0.00,  0.00, 0.0,  0.0,  0.0
2857691.94195110, 6.4650, -0.337863, 19.468,   0.0,    2.0, -2.0, 0.00,  0.00,  0.00, 0.0,  0.0,  0.0
2857691.94445110, 6.4675, -1.110936, 19.468,   0.0,    2.0, -2.0, 0.00,  0.00,  0.00, 0.0,  0.0,  0.0
2857691.94695110, 6.4700, -1.436397, 19.468,   0.0,    2.0, -2.0, 0.00,  0.00,  0.00, 0.0,  0.0,  0.0
2857691.94945110, 6.4725, -1.500203, 19.468,   0.0,    2.0, -2.0, 0.00,  0.00,  0.00, 0.0,  0.0,  0.0
2857691.95195110, 6.4750, -1.500203, 19.468,   0.0,    2.0, -2.0, 0.00,  0.00,  0.00, 0.0,  0.0,  0.0
2857691.95445110, 6.4775, -1.500203, 19.468,   0.0,    2.0, -2.0, 0.00,  0.00,  0.00, 0.0,  0.0,  0.0
2857691.95695110, 6.4800, -1.262819, 19.468,   0.0,    2.0, -2.0, 0.00,  0.00,  0.00, 0.0,  0.0,  0.0
2857691.95945110, 6.4825,  0.543213, 19.468,   0.0,    2.0, -2.0, 0.00,  0.00,  0.00, 0.0,  0.0,  0.0
2857691.96195110, 6.4850,  0.516929, 19.468,   0.0,    2.0, -2.0, 0.00,  0.00,  0.00, 0.0,  0.0,  0.0
2857691.96445110, 6.4875, -0.255009, 19.468,   0.0,    2.0, -2.0, 0.00,  0.00,  0.00, 0.0,  0.0,  0.0
2857691.96695110, 6.4900, -1.026947, 19.468,   0.0,    2.0, -2.0, 0.00,  0.00,  0.00, 0.0,  0.0,  0.0
2857691.96945110, 6.4925, -0.765882, 19.468,   0.0,    2.0, -2.0, 0.00,  0.00,  0.00, 0.0,  0.0,  0.0
2857691.97195110, 6.4950,  0.537654, 19.468,   0.0,    2.0, -2.0, 0.00,  0.00,  0.00, 0.0,  0.0,  0.0
2857691.97445110, 6.4975,  1.025467, 19.468,   0.0,    2.0, -2.0, 0.00,  0.00,  0.00, 0.0,  0.0,  0.0
2857691.97695110, 6.5000,  1.368470, 19.468,   0.0,    2.0, -2.0, 0.00,  0.00,  0.00, 0.0,  0.0,  0.0
2857691.97945110, 6.5025,  1.292579, 19.468,   0.0,    2.0, -2.0, 0.00,  0.00,  0.00, 0.0,  0.0,  0.0
2857691.98195110, 6.5050,  0.703214, 19.468,   0.0,    2.0, -2.0, 0.00,  0.00,  0.00, 0.0,  0.0,  0.0
2857691.98445110, 6.5075,  0.113849, 19.468,   0.0,    2.0, -2.0, 0.00,  0.00,  0.00, 0.0,  0.0,  0.0
2857691.98695110, 6.5100, -0.525304, 19.468,   0.0,    2.0, -2.0, 0.00,  0.00,  0.00, 0.0,  0.0,  0.0
2857691.98945110, 6.5125, -1.284594, 19.468,   0.0,    2.0, -2.0, 0.00,  0.00,  0.00, 0.0,  0.0,  0.0
2857691.99195110, 6.5150, -0.831993, 19.468,   0.0,    2.0, -2.0, 0.00,  0.00,  0.00, 0.0,  0.0,  0.0
2857691.99445110, 6.5175,  0.677736, 19.468,   0.0,    2.0, -2.0, 0.00,  0.00,  0.00, 0.0,  0.0,  0.0
2857691.99695110, 6.5200,  1.542200, 19.468,   0.0,    2.0, -2.0, 0.00,  0.00,  0.00, 0.0,  0.0,  0.0
2857691.99945110, 6.5225,  1.200871, 19.468,   0.0,    2.0, -2.0, 0.00,  0.00,  0.00, 0.0,  0.0,  0.0
2857692.00195110, 6.5250, -0.040157, 19.468,   0.0,    2.0, -2.0, 0.00,  0.00,  0.00, 0.0,  0.0,  0.0
2857692.00445110, 6.5275, -1.197131, 19.468,   0.0,    2.0, -2.0, 0.00,  0.00,  0.00, 0.0,  0.0,  0.0
2857692.00695110, 6.5300, -1.939116, 19.468,   0.0,    2.0, -2.0, 0.00,  0.00,  0.00, 0.0,  0.0,  0.0
2857692.00945110, 6.5325, -1.998324, 19.468,   0.0,    2.0, -2.0, 0.00,  0.00,  0.00, 0.0,  0.0,  0.0
2857692.01195110, 6.5350, -0.630369, 19.468,   0.0,    2.0, -2.0, 0.00,  0.00,  0.00, 0.0,  0.0,  0.0
2857692.01445110, 6.5375,  0.809852, 19.468,   0.0,    2.0, -2.0, 0.00,  0.00,  0.00, 0.0,  0.0,  0.0
2857692.01695110, 6.5400,  1.470940, 19.468,   0.0,    2.0, -2.0, 0.00,  0.00,  0.00, 0.0,  0.0,  0.0
2857692.01945110, 6.5425,  0.627596, 19.468,   0.0,    2.0, -2.0, 0.00,  0.00,  0.00, 0.0,  0.0,  0.0
2857692.02195110, 6.5450, -0.334859, 19.468,   0.0,    2.0, -2.0, 0.00,  0.00,  0.00, 0.0,  0.0,  0.0
2857692.02445110, 6.5475, -0.787774, 19.468,   0.0,    2.0, -2.0, 0.00,  0.00,  0.00, 0.0,  0.0,  0.0
2857692.02695110, 6.5500, -1.186736, 19.468,   0.0,    2.0, -2.0, 0.00,  0.00,  0.00, 0.0,  0.0,  0.0
2857692.02945110, 6.5525, -1.554126, 19.468,   0.0,    2.0, -2.0, 0.00,  0.00,  0.00, 0.0,  0.0,  0.0
2857692.03195110, 6.5550,  0.324219, 19.468,   0.0,    2.0, -2.0, 0.00,  0.00,  0.00, 0.0,  0.0,  0.0
2857692.03445110, 6.5575,  0.591148, 19.468,   0.0,    2.0, -2.0, 0.00,  0.00,  0.00, 0.0,  0.0,  0.0
2857692.03695110, 6.5600,  0.858077, 19.468,   0.0,    2.0, -2.0, 0.00,  0.00,  0.00, 0.0,  0.0,  0.0
2857692.03945110, 6.5625,  1.125006, 19.468,   0.0,    2.0, -2.0, 0.00,  0.00,  0.00, 0.0,  0.0,  0.0
2857692.04445110, 6.5675, -1.213523, 19.468,   0.0,    2.0, -2.0, 0.00,  0.00,  0.00, 0.0,  0.0,  0.0
2857692.04695110, 6.5700, -1.800234, 19.468,   0.0,    2.0, -2.0, 0.00,  0.00,  0.00, 0.0,  0.0,  0.0
2857692.04945110, 6.5725, -2.308109, 19.468,   0.0,    2.0, -2.0, 0.00,  0.00,  0.00, 0.0,  0.0,  0.0
2857692.05195110, 6.5750, -1.677181, 19.468,   0.0,    2.0, -2.0, 0.00,  0.00,  0.00, 0.0,  0.0,  0.0
2857692.05445110, 6.5775, -0.498441, 19.468,   0.0,    2.0, -2.0, 0.00,  0.00,  0.00, 0.0,  0.0,  0.0
2857692.05695110, 6.5800,  0.680300, 19.468,   0.0,    2.0, -2.0, 0.00,  0.00,  0.00, 0.0,  0.0,  0.0
2857692.05945110, 6.5825,  1.420683, 19.468,   0.0,    2.0, -2.0, 0.00,  0.00,  0.00, 0.0,  0.0,  0.0
2857692.06195110, 6.5850,  0.321532, 19.468,   0.0,    2.0, -2.0, 0.00,  0.00,  0.00, 0.0,  0.0,  0.0
2857692.06445110, 6.5875, -0.581212, 19.468,   0.0,    2.0, -2.0, 0.00,  0.00,  0.00, 0.0,  0.0,  0.0
2857692.06695110, 6.5900, -1.280931, 19.468,   0.0,    2.0, -2.0, 0.00,  0.00,  0.00, 0.0,  0.0,  0.0
2857692.06945110, 6.5925, -1.199295, 19.468,   0.0,    2.0, -2.0, 0.00,  0.00,  0.00, 0.0,  0.0,  0.0
2857692.07195110, 6.5950,  0.714776, 19.468,   0.0,    2.0, -2.0, 0.00,  0.00,  0.00, 0.0,  0.0,  0.0
2857692.07445110, 6.5975,  1.552453, 19.468,   0.0,    2.0, -2.0, 0.00,  0.00,  0.00, 0.0,  0.0,  0.0
2857692.07695110, 6.6000,  1.784844, 19.468,   0.0,    2.0, -2.0, 0.00,  0.00,  0.00, 0.0,  0.0,  0.0
2857692.07945110, 6.6025,  1.263553, 19.468,   0.0,    2.0, -2.0, 0.00,  0.00,  0.00, 0.0,  0.0,  0.0
2857692.08195110, 6.6050,  0.689058, 19.468,   0.0,    2.0, -2.0, 0.00,  0.00,  0.00, 0.0,  0.0,  0.0
2857692.08445110, 6.6075,  0.017320, 19.468,   0.0,    2.0, -2.0, 0.00,  0.00,  0.00, 0.0,  0.0,  0.0
2857692.08695110, 6.6100, -0.654417, 19.468,   0.0,    2.0, -2.0, 0.00,  0.00,  0.00, 0.0,  0.0,  0.0
2857692.08945110, 6.6125, -0.402253, 19.468,   0.0,    2.0, -2.0, 0.00,  0.00,  0.00, 0.0,  0.0,  0.0
2857692.09195110, 6.6150,  0.837182, 19.468,   0.0,    2.0, -2.0, 0.00,  0.00,  0.00, 0.0,  0.0,  0.0
2857692.09445110, 6.6175,  1.558278, 19.468,   0.0,    2.0, -2.0, 0.00,  0.00,  0.00, 0.0,  0.0,  0.0
2857692.09695110, 6.6200,  1.618119, 19.468,   0.0,    2.0, -2.0, 0.00,  0.00,  0.00, 0.0,  0.0,  0.0
2857692.09945110, 6.6225,  1.677959, 19.468,   0.0,    2.0, -2.0, 0.00,  0.00,  0.00, 0.0,  0.0,  0.0
2857692.10195110, 6.6250,  1.737800, 19.468,   0.0,    2.0, -2.0, 0.00,  0.00,  0.00, 0.0,  0.0,  0.0
2857692.10445110, 6.6275,  0.135474, 19.468,   0.0,    2.0, -2.0, 0.00,  0.00,  0.00, 0.0,  0.0,  0.0
2857692.10695110, 6.6300, -1.521152, 19.468,   0.0,    2.0, -2.0, 0.00,  0.00,  0.00, 0.0,  0.0,  0.0
2857692.10945110, 6.6325, -1.996731, 19.468,   0.0,    2.0, -2.0, 0.00,  0.00,  0.00, 0.0,  0.0,  0.0
2857692.11195110, 6.6350, -1.775183, 19.468,   0.0,    2.0, -2.0, 0.00,  0.00,  0.00, 0.0,  0.0,  0.0
2857692.11445110, 6.6375, -1.006779, 19.468,   0.0,    2.0, -2.0, 0.00,  0.00,  0.00, 0.0,  0.0,  0.0
2857692.11695110, 6.6400, -0.238374, 19.468,   0.0,    2.0, -2.0, 0.00,  0.00,  0.00, 0.0,  0.0,  0.0
2857692.11945110, 6.6425, -0.074172, 19.468,   0.0,    2.0, -2.0, 0.00,  0.00,  0.00, 0.0,  0.0,  0.0
2857692.12195110, 6.6450, -0.270760, 19.468,   0.0,    2.0, -2.0, 0.00,  0.00,  0.00, 0.0,  0.0,  0.0
2857692.12445110, 6.6475, -0.906871, 19.468,   0.0,    2.0, -2.0, 0.00,  0.00,  0.00, 0.0,  0.0,  0.0
2857692.12695110, 6.6500, -2.243575, 19.468,   0.0,    2.0, -2.0, 0.00,  0.00,  0.00, 0.0,  0.0,  0.0
2857692.12945110, 6.6525, -2.106674, 19.468,   0.0,    2.0, -2.0, 0.00,  0.00,  0.00, 0.0,  0.0,  0.0
2857692.13195110, 6.6550, -1.296313, 19.468,   0.0,    2.0, -2.0, 0.00,  0.00,  0.00, 0.0,  0.0,  0.0
2857692.13445110, 6.6575, -0.521367, 19.468,   0.0,    2.0, -2.0, 0.00,  0.00,  0.00, 0.0,  0.0,  0.0
2857692.13695110, 6.6600,  0.253578, 19.468,   0.0,    2.0, -2.0, 0.00,  0.00,  0.00, 0.0,  0.0,  0.0
2857692.13945110, 6.6625,  1.064281, 19.468,   0.0,    2.0, -2.0, 0.00,  0.00,  0.00, 0.0,  0.0,  0.0
2857692.14195110, 6.6650,  0.848735, 19.468,   0.0,    2.0, -2.0, 0.00,  0.00,  0.00, 0.0,  0.0,  0.0
2857692.14445110, 6.6675, -0.956608, 19.468,   0.0,    2.0, -2.0, 0.00,  0.00,  0.00, 0.0,  0.0,  0.0
2857692.14695110, 6.6700, -2.012833, 19.468,   0.0,    2.0, -2.0, 0.00,  0.00,  0.00, 0.0,  0.0,  0.0
2857692.14945110, 6.6725, -1.695397, 19.468,   0.0,    2.0, -2.0, 0.00,  0.00,  0.00, 0.0,  0.0,  0.0
2857692.15195110, 6.6750,  0.853575, 19.468,   0.0,    2.0, -2.0, 0.00,  0.00,  0.00, 0.0,  0.0,  0.0
2857692.15445110, 6.6775,  1.847241, 19.468,   0.0,    2.0, -2.0, 0.00,  0.00,  0.00, 0.0,  0.0,  0.0
2857692.15695110, 6.6800,  2.156054, 19.468,   0.0,    2.0, -2.0, 0.00,  0.00,  0.00, 0.0,  0.0,  0.0
2857692.15945110, 6.6825,  2.156054, 19.468,   0.0,    2.0, -2.0, 0.00,  0.00,  0.00, 0.0,  0.0,  0.0
2857692.16195110, 6.6850,  1.643094, 19.468,   0.0,    2.0, -2.0, 0.00,  0.00,  0.00, 0.0,  0.0,  0.0
2857692.16445110, 6.6875,  0.616436, 19.468,   0.0,    2.0, -2.0, 0.00,  0.00,  0.00, 0.0,  0.0,  0.0
2857692.16695110, 6.6900, -0.410223, 19.468,   0.0,    2.0, -2.0, 0.00,  0.00,  0.00, 0.0,  0.0,  0.0
2857692.16945110, 6.6925, -0.895185, 19.468,   0.0,    2.0, -2.0, 0.00,  0.00,  0.00, 0.0,  0.0,  0.0
2857692.17195110, 6.6950,  0.608637, 19.468,   0.0,    2.0, -2.0, 0.00,  0.00,  0.00, 0.0,  0.0,  0.0
2857692.17445110, 6.6975,  0.907652, 19.468,   0.0,    2.0, -2.0, 0.00,  0.00,  0.00, 0.0,  0.0,  0.0
2857692.17695110, 6.7000,  1.206667, 19.468,   0.0,    2.0, -2.0, 0.00,  0.00,  0.00, 0.0,  0.0,  0.0
2857692.17945110, 6.7025,  0.887088, 19.468,   0.0,    2.0, -2.0, 0.00,  0.00,  0.00, 0.0,  0.0,  0.0
2857692.18195110, 6.7050,  0.178161, 19.468,   0.0,    2.0, -2.0, 0.00,  0.00,  0.00, 0.0,  0.0,  0.0
2857692.18445110, 6.7075, -1.255923, 19.468,   0.0,    2.0, -2.0, 0.00,  0.00,  0.00, 0.0,  0.0,  0.0
2857692.18695110, 6.7100, -2.612047, 19.468,   0.0,    2.0, -2.0, 0.00,  0.00,  0.00, 0.0,  0.0,  0.0
2857692.18945110, 6.7125, -2.344617, 19.468,   0.0,    2.0, -2.0, 0.00,  0.00,  0.00, 0.0,  0.0,  0.0
2857692.19195110, 6.7150, -1.941618, 19.468,   0.0,    2.0, -2.0, 0.00,  0.00,  0.00, 0.0,  0.0,  0.0
2857692.19445110, 6.7175, -0.606060, 19.468,   0.0,    2.0, -2.0, 0.00,  0.00,  0.00, 0.0,  0.0,  0.0
2857692.19695110, 6.7200,  1.128178, 19.468,   0.0,    2.0, -2.0, 0.00,  0.00,  0.00, 0.0,  0.0,  0.0
2857692.19945110, 6.7225,  1.421107, 19.468,   0.0,    2.0, -2.0, 0.00,  0.00,  0.00, 0.0,  0.0,  0.0
2857692.20195110, 6.7250,  1.155068, 19.468,   0.0,    2.0, -2.0, 0.00,  0.00,  0.00, 0.0,  0.0,  0.0
2857692.20445110, 6.7275,  0.118850, 19.468,   0.0,    2.0, -2.0, 0.00,  0.00,  0.00, 0.0,  0.0,  0.0
2857692.20695110, 6.7300, -0.972992, 19.468,   0.0,    2.0, -2.0, 0.00,  0.00,  0.00, 0.0,  0.0,  0.0
2857692.20945110, 6.7325, -1.510351, 19.468,   0.0,    2.0, -2.0, 0.00,  0.00,  0.00, 0.0,  0.0,  0.0
2857692.21195110, 6.7350, -0.880219, 19.468,   0.0,    2.0, -2.0, 0.00,  0.00,  0.00, 0.0,  0.0,  0.0
2857692.21445110, 6.7375, -0.250087, 19.468,   0.0,    2.0, -2.0, 0.00,  0.00,  0.00, 0.0,  0.0,  0.0
2857692.21695110, 6.7400,  0.425928, 19.468,   0.0,    2.0, -2.0, 0.00,  0.00,  0.00, 0.0,  0.0,  0.0
2857692.21945110, 6.7425,  1.160577, 19.468,   0.0,    2.0, -2.0, 0.00,  0.00,  0.00, 0.0,  0.0,  0.0
2857692.22195110, 6.7450,  0.745120, 19.468,   0.0,    2.0, -2.0, 0.00,  0.00,  0.00, 0.0,  0.0,  0.0
2857692.22445110, 6.7475,  0.005349, 19.468,   0.0,    2.0, -2.0, 0.00,  0.00,  0.00, 0.0,  0.0,  0.0
2857692.22695110, 6.7500, -1.909272, 19.468,   0.0,    2.0, -2.0, 0.00,  0.00,  0.00, 0.0,  0.0,  0.0
2857692.22945110, 6.7525, -1.750496, 19.468,   0.0,    2.0, -2.0, 0.00,  0.00,  0.00, 0.0,  0.0,  0.0
2857692.23195110, 6.7550, -0.781844, 19.468,   0.0,    2.0, -2.0, 0.00,  0.00,  0.00, 0.0,  0.0,  0.0
2857692.23445110, 6.7575,  0.203687, 19.468,   0.0,    2.0, -2.0, 0.00,  0.00,  0.00, 0.0,  0.0,  0.0
2857692.23695110, 6.7600,  1.150739, 19.468,   0.0,    2.0, -2.0, 0.00,  0.00,  0.00, 0.0,  0.0,  0.0
2857692.23945110, 6.7625,  0.916989, 19.468,   0.0,    2.0, -2.0, 0.00,  0.00,  0.00, 0.0,  0.0,  0.0
2857692.24195110, 6.7650, -0.166036, 19.468,   0.0,    2.0, -2.0, 0.00,  0.00,  0.00, 0.0,  0.0,  0.0
2857692.24445110, 6.7675, -0.600484, 19.468,   0.0,    2.0, -2.0, 0.00,  0.00,  0.00, 0.0,  0.0,  0.0
2857692.24695110, 6.7700, -1.242633, 19.468,   0.0,    2.0, -2.0, 0.00,  0.00,  0.00, 0.0,  0.0,  0.0
2857692.24945110, 6.7725, -0.711765, 19.468,   0.0,    2.0, -2.0, 0.00,  0.00,  0.00, 0.0,  0.0,  0.0
2857692.25195110, 6.7750,  0.338616, 19.468,   0.0,    2.0, -2.0, 0.00,  0.00,  0.00, 0.0,  0.0,  0.0
2857692.25445110, 6.7775,  0.338616, 19.468,   0.0,    2.0, -2.0, 0.00,  0.00,  0.00, 0.0,  0.0,  0.0
2857692.25695110, 6.7800,  0.338616, 19.468,   0.0,    2.0, -2.0, 0.00,  0.00,  0.00, 0.0,  0.0,  0.0
2857692.25945110, 6.7825,  0.338616, 19.468,   0.0,    2.0, -2.0, 0.00,  0.00,  0.00, 0.0,  0.0,  0.0
2857692.26195110, 6.7850,  0.171449, 19.468,   0.0,    2.0, -2.0, 0.00,  0.00,  0.00, 0.0,  0.0,  0.0
2857692.26445110, 6.7875, -0.339582, 19.468,   0.0,    2.0, -2.0, 0.00,  0.00,  0.00, 0.0,  0.0,  0.0
2857692.26695110, 6.7900, -1.063865, 19.468,   0.0,    2.0, -2.0, 0.00,  0.00,  0.00, 0.0,  0.0,  0.0
2857692.26945110, 6.7925, -1.788147, 19.468,   0.0,    2.0, -2.0, 0.00,  0.00,  0.00, 0.0,  0.0,  0.0
2857692.27195110, 6.7950, -0.804449, 19.468,   0.0,    2.0, -2.0, 0.00,  0.00,  0.00, 0.0,  0.0,  0.0
2857692.27445110, 6.7975,  1.535520, 19.468,   0.0,    2.0, -2.0, 0.00,  0.00,  0.00, 0.0,  0.0,  0.0
2857692.27695110, 6.8000,  1.623069, 19.468,   0.0,    2.0, -2.0, 0.00,  0.00,  0.00, 0.0,  0.0,  0.0
2857692.27945110, 6.8025,  1.710619, 19.468,   0.0,    2.0, -2.0, 0.00,  0.00,  0.00, 0.0,  0.0,  0.0
2857692.28195110, 6.8050,  0.290139, 19.468,   0.0,    2.0, -2.0, 0.00,  0.00,  0.00, 0.0,  0.0,  0.0
2857692.28445110, 6.8075, -0.382320, 19.468,   0.0,    2.0, -2.0, 0.00,  0.00,  0.00, 0.0,  0.0,  0.0
2857692.28695110, 6.8100, -0.610734, 19.468,   0.0,    2.0, -2.0, 0.00,  0.00,  0.00, 0.0,  0.0,  0.0
2857692.29195110, 6.8150,  0.613139, 19.468,   0.0,    2.0, -2.0, 0.00,  0.00,  0.00, 0.0,  0.0,  0.0
2857692.29445110, 6.8175,  1.459797, 19.468,   0.0,    2.0, -2.0, 0.00,  0.00,  0.00, 0.0,  0.0,  0.0
2857692.29695110, 6.8200,  1.415197, 19.468,   0.0,    2.0, -2.0, 0.00,  0.00,  0.00, 0.0,  0.0,  0.0
2857692.29945110, 6.8225,  1.161478, 19.468,   0.0,    2.0, -2.0, 0.00,  0.00,  0.00, 0.0,  0.0,  0.0
2857692.30195110, 6.8250,  0.317563, 19.468,   0.0,    2.0, -2.0, 0.00,  0.00,  0.00, 0.0,  0.0,  0.0
2857692.30445110, 6.8275, -0.173976, 19.468,   0.0,    2.0, -2.0, 0.00,  0.00,  0.00, 0.0,  0.0,  0.0
2857692.30695110, 6.8300, -0.463929, 19.468,   0.0,    2.0, -2.0, 0.00,  0.00,  0.00, 0.0,  0.0,  0.0
2857692.30945110, 6.8325, -0.753883, 19.468,   0.0,    2.0, -2.0, 0.00,  0.00,  0.00, 0.0,  0.0,  0.0
2857692.31195110, 6.8350,  0.005955, 19.468,   0.0,    2.0, -2.0, 0.00,  0.00,  0.00, 0.0,  0.0,  0.0
2857692.31445110, 6.8375,  1.272161, 19.468,   0.0,    2.0, -2.0, 0.00,  0.00,  0.00, 0.0,  0.0,  0.0
2857692.31695110, 6.8400,  1.446982, 19.468,   0.0,    2.0, -2.0, 0.00,  0.00,  0.00, 0.0,  0.0,  0.0
2857692.31945110, 6.8425,  1.275038, 19.468,   0.0,    2.0, -2.0, 0.00,  0.00,  0.00, 0.0,  0.0,  0.0
2857692.32195110, 6.8450,  0.327236, 19.468,   0.0,    2.0, -2.0, 0.00,  0.00,  0.00, 0.0,  0.0,  0.0
2857692.32445110, 6.8475, -0.461278, 19.468,   0.0,    2.0, -2.0, 0.00,  0.00,  0.00, 0.0,  0.0,  0.0
2857692.32695110, 6.8500, -0.913200, 19.468,   0.0,    2.0, -2.0, 0.00,  0.00,  0.00, 0.0,  0.0,  0.0
2857692.32945110, 6.8525, -1.196550, 19.468,   0.0,    2.0, -2.0, 0.00,  0.00,  0.00, 0.0,  0.0,  0.0
2857692.33195110, 6.8550, -1.479899, 19.468,   0.0,    2.0, -2.0, 0.00,  0.00,  0.00, 0.0,  0.0,  0.0
2857692.33445110, 6.8575, -1.763249, 19.468,   0.0,    2.0, -2.0, 0.00,  0.00,  0.00, 0.0,  0.0,  0.0
2857692.33695110, 6.8600,  0.043674, 19.468,   0.0,    2.0, -2.0, 0.00,  0.00,  0.00, 0.0,  0.0,  0.0
2857692.33945110, 6.8625,  1.409411, 19.468,   0.0,    2.0, -2.0, 0.00,  0.00,  0.00, 0.0,  0.0,  0.0
2857692.34195110, 6.8650,  0.954677, 19.468,   0.0,    2.0, -2.0, 0.00,  0.00,  0.00, 0.0,  0.0,  0.0
2857692.34445110, 6.8675,  0.499942, 19.468,   0.0,    2.0, -2.0, 0.00,  0.00,  0.00, 0.0,  0.0,  0.0
2857692.34695110, 6.8700,  0.045208, 19.468,   0.0,    2.0, -2.0, 0.00,  0.00,  0.00, 0.0,  0.0,  0.0
2857692.34945110, 6.8725, -1.489985, 19.468,   0.0,    2.0, -2.0, 0.00,  0.00,  0.00, 0.0,  0.0,  0.0
2857692.35195110, 6.8750, -1.369571, 19.468,   0.0,    2.0, -2.0, 0.00,  0.00,  0.00, 0.0,  0.0,  0.0
2857692.35445110, 6.8775, -0.504882, 19.468,   0.0,    2.0, -2.0, 0.00,  0.00,  0.00, 0.0,  0.0,  0.0
2857692.35695110, 6.8800,  0.386549, 19.468,   0.0,    2.0, -2.0, 0.00,  0.00,  0.00, 0.0,  0.0,  0.0
2857692.35945110, 6.8825,  1.291708, 19.468,   0.0,    2.0, -2.0, 0.00,  0.00,  0.00, 0.0,  0.0,  0.0
2857692.36195110, 6.8850,  0.818686, 19.468,   0.0,    2.0, -2.0, 0.00,  0.00,  0.00, 0.0,  0.0,  0.0
2857692.36445110, 6.8875,  0.345664, 19.468,   0.0,    2.0, -2.0, 0.00,  0.00,  0.00, 0.0,  0.0,  0.0
2857692.36695110, 6.8900, -0.736030, 19.468,   0.0,    2.0, -2.0, 0.00,  0.00,  0.00, 0.0,  0.0,  0.0
2857692.36945110, 6.8925, -2.070777, 19.468,   0.0,    2.0, -2.0, 0.00,  0.00,  0.00, 0.0,  0.0,  0.0
2857692.37195110, 6.8950,  0.076492, 19.468,   0.0,    2.0, -2.0, 0.00,  0.00,  0.00, 0.0,  0.0,  0.0
2857692.37445110, 6.8975,  1.046388, 19.468,   0.0,    2.0, -2.0, 0.00,  0.00,  0.00, 0.0,  0.0,  0.0
2857692.37695110, 6.9000,  1.496962, 19.468,   0.0,    2.0, -2.0, 0.00,  0.00,  0.00, 0.0,  0.0,  0.0
2857692.37945110, 6.9025,  1.308886, 19.468,   0.0,    2.0, -2.0, 0.00,  0.00,  0.00, 0.0,  0.0,  0.0
2857692.38195110, 6.9050,  0.718462, 19.468,   0.0,    2.0, -2.0, 0.00,  0.00,  0.00, 0.0,  0.0,  0.0
2857692.38445110, 6.9075,  0.128037, 19.468,   0.0,    2.0, -2.0, 0.00,  0.00,  0.00, 0.0,  0.0,  0.0
2857692.38695110, 6.9100, -0.751243, 19.468,   0.0,    2.0, -2.0, 0.00,  0.00,  0.00, 0.0,  0.0,  0.0
2857692.38945110, 6.9125, -0.633742, 19.468,   0.0,    2.0, -2.0, 0.00,  0.00,  0.00, 0.0,  0.0,  0.0
2857692.39195110, 6.9150,  0.767507, 19.468,   0.0,    2.0, -2.0, 0.00,  0.00,  0.00, 0.0,  0.0,  0.0
2857692.39445110, 6.9175,  1.139459, 19.468,   0.0,    2.0, -2.0, 0.00,  0.00,  0.00, 0.0,  0.0,  0.0
2857692.39695110, 6.9200,  1.511410, 19.468,   0.0,    2.0, -2.0, 0.00,  0.00,  0.00, 0.0,  0.0,  0.0
2857692.39945110, 6.9225,  0.542499, 19.468,   0.0,    2.0, -2.0, 0.00,  0.00,  0.00, 0.0,  0.0,  0.0
2857692.40195110, 6.9250, -0.142470, 19.468,   0.0,    2.0, -2.0, 0.00,  0.00,  0.00, 0.0,  0.0,  0.0
2857692.40445110, 6.9275, -0.142470, 19.468,   0.0,    2.0, -2.0, 0.00,  0.00,  0.00, 0.0,  0.0,  0.0
2857692.40695110, 6.9300, -0.142470, 19.468,   0.0,    2.0, -2.0, 0.00,  0.00,  0.00, 0.0,  0.0,  0.0
2857692.40945110, 6.9325, -0.142470, 19.468,   0.0,    2.0, -2.0, 0.00,  0.00,  0.00, 0.0,  0.0,  0.0
2857692.41195110, 6.9350,  0.545480, 19.468,   0.0,    2.0, -2.0, 0.00,  0.00,  0.00, 0.0,  0.0,  0.0
2857692.41445110, 6.9375,  1.561319, 19.468,   0.0,    2.0, -2.0, 0.00,  0.00,  0.00, 0.0,  0.0,  0.0
2857692.41695110, 6.9400,  1.646756, 19.468,   0.0,    2.0, -2.0, 0.00,  0.00,  0.00, 0.0,  0.0,  0.0
2857692.41945110, 6.9425,  1.732193, 19.468,   0.0,    2.0, -2.0, 0.00,  0.00,  0.00, 0.0,  0.0,  0.0
2857692.42195110, 6.9450,  1.817629, 19.468,   0.0,    2.0, -2.0, 0.00,  0.00,  0.00, 0.0,  0.0,  0.0
2857692.42445110, 6.9475, -0.496764, 19.468,   0.0,    2.0, -2.0, 0.00,  0.00,  0.00, 0.0,  0.0,  0.0
2857692.42695110, 6.9500, -1.109714, 19.468,   0.0,    2.0, -2.0, 0.00,  0.00,  0.00, 0.0,  0.0,  0.0
2857692.42945110, 6.9525, -1.665441, 19.468,   0.0,    2.0, -2.0, 0.00,  0.00,  0.00, 0.0,  0.0,  0.0
2857692.43195110, 6.9550, -2.221168, 19.468,   0.0,    2.0, -2.0, 0.00,  0.00,  0.00, 0.0,  0.0,  0.0
2857692.43445110, 6.9575,  0.484771, 19.468,   0.0,    2.0, -2.0, 0.00,  0.00,  0.00, 0.0,  0.0,  0.0
2857692.43695110, 6.9600,  1.451158, 19.468,   0.0,    2.0, -2.0, 0.00,  0.00,  0.00, 0.0,  0.0,  0.0
2857692.43945110, 6.9625,  1.527120, 19.468,   0.0,    2.0, -2.0, 0.00,  0.00,  0.00, 0.0,  0.0,  0.0
2857692.44445110, 6.9675,  0.151322, 19.468,   0.0,    2.0, -2.0, 0.00,  0.00,  0.00, 0.0,  0.0,  0.0
2857692.44695110, 6.9700, -1.130859, 19.468,   0.0,    2.0, -2.0, 0.00,  0.00,  0.00, 0.0,  0.0,  0.0
2857692.44945110, 6.9725, -1.219774, 19.468,   0.0,    2.0, -2.0, 0.00,  0.00,  0.00, 0.0,  0.0,  0.0
2857692.45195110, 6.9750,  0.516224, 19.468,   0.0,    2.0, -2.0, 0.00,  0.00,  0.00, 0.0,  0.0,  0.0
2857692.45445110, 6.9775,  0.764996, 19.468,   0.0,    2.0, -2.0, 0.00,  0.00,  0.00, 0.0,  0.0,  0.0
2857692.45695110, 6.9800,  1.013768, 19.468,   0.0,    2.0, -2.0, 0.00,  0.00,  0.00, 0.0,  0.0,  0.0
2857692.45945110, 6.9825,  1.262540, 19.468,   0.0,    2.0, -2.0, 0.00,  0.00,  0.00, 0.0,  0.0,  0.0
2857692.46195110, 6.9850,  1.511312, 19.468,   0.0,    2.0, -2.0, 0.00,  0.00,  0.00, 0.0,  0.0,  0.0
2857692.46445110, 6.9875, -0.850417, 19.468,   0.0,    2.0, -2.0, 0.00,  0.00,  0.00, 0.0,  0.0,  0.0
2857692.46695110, 6.9900, -2.201120, 19.468,   0.0,    2.0, -2.0, 0.00,  0.00,  0.00, 0.0,  0.0,  0.0
2857692.46945110, 6.9925, -1.894043, 19.468,   0.0,    2.0, -2.0, 0.00,  0.00,  0.00, 0.0,  0.0,  0.0
2857692.47195110, 6.9950, -0.916804, 19.468,   0.0,    2.0, -2.0, 0.00,  0.00,  0.00, 0.0,  0.0,  0.0
2857692.47445110, 6.9975,  0.441142, 19.468,   0.0,    2.0, -2.0, 0.00,  0.00,  0.00, 0.0,  0.0,  0.0
2857692.47695110, 7.0000,  1.570601, 19.468,   0.0,    2.0, -2.0, 0.00,  0.00,  0.00, 0.0,  0.0,  0.0
2857692.47945110, 7.0025,  1.465403, 19.468,   0.0,    2.0, -2.0, 0.00,  0.00,  0.00, 0.0,  0.0,  0.0
2857692.48195110, 7.0050,  1.339261, 19.468,   0.0,    2.0, -2.0, 0.00,  0.00,  0.00, 0.0,  0.0,  0.0
2857692.48445110, 7.0075,  1.213120, 19.468,   0.0,    2.0, -2.0, 0.00,  0.00,  0.00, 0.0,  0.0,  0.0
2857692.48695110, 7.0100, -0.995831, 19.468,   0.0,    2.0, -2.0, 0.00,  0.00,  0.00, 0.0,  0.0,  0.0
2857692.48945110, 7.0125, -1.928725, 19.468,   0.0,    2.0, -2.0, 0.00,  0.00,  0.00, 0.0,  0.0,  0.0
2857692.49195110, 7.0150, -1.293443, 19.468,   0.0,    2.0, -2.0, 0.00,  0.00,  0.00, 0.0,  0.0,  0.0
2857692.49445110, 7.0175, -0.658135, 19.468,   0.0,    2.0, -2.0, 0.00,  0.00,  0.00, 0.0,  0.0,  0.0
2857692.49695110, 7.0200, -0.022826, 19.468,   0.0,    2.0, -2.0, 0.00,  0.00,  0.00, 0.0,  0.0,  0.0
2857692.49945110, 7.0225,  1.404511, 19.468,   0.0,    2.0, -2.0, 0.00,  0.00,  0.00, 0.0,  0.0,  0.0
2857692.50195110, 7.0250,  0.999799, 19.468,   0.0,    2.0, -2.0, 0.00,  0.00,  0.00, 0.0,  0.0,  0.0
2857692.50445110, 7.0275,  0.509050, 19.468,   0.0,    2.0, -2.0, 0.00,  0.00,  0.00, 0.0,  0.0,  0.0
2857692.50695110, 7.0300,  0.018300, 19.468,   0.0,    2.0, -2.0, 0.00,  0.00,  0.00, 0.0,  0.0,  0.0
2857692.50945110, 7.0325,  0.248011, 19.468,   0.0,    2.0, -2.0, 0.00,  0.00,  0.00, 0.0,  0.0,  0.0
2857692.51195110, 7.0350,  0.370688, 19.468,   0.0,    2.0, -2.0, 0.00,  0.00,  0.00, 0.0,  0.0,  0.0
2857692.51445110, 7.0375,  0.370688, 19.468,   0.0,    2.0, -2.0, 0.00,  0.00,  0.00, 0.0,  0.0,  0.0
2857692.51695110, 7.0400,  0.449715, 19.468,   0.0,    2.0, -2.0, 0.00,  0.00,  0.00, 0.0,  0.0,  0.0
2857692.51945110, 7.0425,  1.167357, 19.468,   0.0,    2.0, -2.0, 0.00,  0.00,  0.00, 0.0,  0.0,  0.0
2857692.52195110, 7.0450,  0.748163, 19.468,   0.0,    2.0, -2.0, 0.00,  0.00,  0.00, 0.0,  0.0,  0.0
2857692.52445110, 7.0475, -0.385458, 19.468,   0.0,    2.0, -2.0, 0.00,  0.00,  0.00, 0.0,  0.0,  0.0
2857692.52695110, 7.0500, -2.072346, 19.468,   0.0,    2.0, -2.0, 0.00,  0.00,  0.00, 0.0,  0.0,  0.0
2857692.52945110, 7.0525, -1.689995, 19.468,   0.0,    2.0, -2.0, 0.00,  0.00,  0.00, 0.0,  0.0,  0.0
2857692.53195110, 7.0550,  0.537902, 19.468,   0.0,    2.0, -2.0, 0.00,  0.00,  0.00, 0.0,  0.0,  0.0
2857692.53445110, 7.0575,  1.449782, 19.468,   0.0,    2.0, -2.0, 0.00,  0.00,  0.00, 0.0,  0.0,  0.0
2857692.53695110, 7.0600,  1.725001, 19.468,   0.0,    2.0, -2.0, 0.00,  0.00,  0.00, 0.0,  0.0,  0.0
2857692.53945110, 7.0625,  0.903994, 19.468,   0.0,    2.0, -2.0, 0.00,  0.00,  0.00, 0.0,  0.0,  0.0
2857692.54195110, 7.0650,  0.274471, 19.468,   0.0,    2.0, -2.0, 0.00,  0.00,  0.00, 0.0,  0.0,  0.0
2857692.54445110, 7.0675, -0.746664, 19.468,   0.0,    2.0, -2.0, 0.00,  0.00,  0.00, 0.0,  0.0,  0.0
2857692.54695110, 7.0700, -2.291735, 19.468,   0.0,    2.0, -2.0, 0.00,  0.00,  0.00, 0.0,  0.0,  0.0
2857692.54945110, 7.0725, -2.210798, 19.468,   0.0,    2.0, -2.0, 0.00,  0.00,  0.00, 0.0,  0.0,  0.0
2857692.55195110, 7.0750, -0.478617, 19.468,   0.0,    2.0, -2.0, 0.00,  0.00,  0.00, 0.0,  0.0,  0.0
2857692.55445110, 7.0775,  1.339889, 19.468,   0.0,    2.0, -2.0, 0.00,  0.00,  0.00, 0.0,  0.0,  0.0
2857692.55695110, 7.0800,  1.522167, 19.468,   0.0,    2.0, -2.0, 0.00,  0.00,  0.00, 0.0,  0.0,  0.0
2857692.55945110, 7.0825,  0.972348, 19.468,   0.0,    2.0, -2.0, 0.00,  0.00,  0.00, 0.0,  0.0,  0.0
2857692.56195110, 7.0850,  0.326870, 19.468,   0.0,    2.0, -2.0, 0.00,  0.00,  0.00, 0.0,  0.0,  0.0
2857692.56445110, 7.0875, -0.638682, 19.468,   0.0,    2.0, -2.0, 0.00,  0.00,  0.00, 0.0,  0.0,  0.0
2857692.56695110, 7.0900, -2.100809, 19.468,   0.0,    2.0, -2.0, 0.00,  0.00,  0.00, 0.0,  0.0,  0.0
2857692.56945110, 7.0925, -1.588380, 19.468,   0.0,    2.0, -2.0, 0.00,  0.00,  0.00, 0.0,  0.0,  0.0
2857692.57195110, 7.0950, -0.995417, 19.468,   0.0,    2.0, -2.0, 0.00,  0.00,  0.00, 0.0,  0.0,  0.0
2857692.57445110, 7.0975, -0.402454, 19.468,   0.0,    2.0, -2.0, 0.00,  0.00,  0.00, 0.0,  0.0,  0.0
2857692.57695110, 7.1000,  0.190510, 19.468,   0.0,    2.0, -2.0, 0.00,  0.00,  0.00, 0.0,  0.0,  0.0
2857692.57945110, 7.1025,  1.442268, 19.468,   0.0,    2.0, -2.0, 0.00,  0.00,  0.00, 0.0,  0.0,  0.0
2857692.58195110, 7.1050, -0.397971, 19.468,   0.0,    2.0, -2.0, 0.00,  0.00,  0.00, 0.0,  0.0,  0.0
2857692.58445110, 7.1075, -0.564735, 19.468,   0.0,    2.0, -2.0, 0.00,  0.00,  0.00, 0.0,  0.0,  0.0
2857692.58695110, 7.1100, -0.731499, 19.468,   0.0,    2.0, -2.0, 0.00,  0.00,  0.00, 0.0,  0.0,  0.0
2857692.58945110, 7.1125, -0.898263, 19.468,   0.0,    2.0, -2.0, 0.00,  0.00,  0.00, 0.0,  0.0,  0.0
2857692.59195110, 7.1150,  0.046690, 19.468,   0.0,    2.0, -2.0, 0.00,  0.00,  0.00, 0.0,  0.0,  0.0
2857692.59445110, 7.1175,  0.393722, 19.468,   0.0,    2.0, -2.0, 0.00,  0.00,  0.00, 0.0,  0.0,  0.0
2857692.59695110, 7.1200,  0.553802, 19.468,   0.0,    2.0, -2.0, 0.00,  0.00,  0.00, 0.0,  0.0,  0.0
2857692.59945110, 7.1225,  0.713882, 19.468,   0.0,    2.0, -2.0, 0.00,  0.00,  0.00, 0.0,  0.0,  0.0
2857692.60195110, 7.1250,  0.319599, 19.468,   0.0,    2.0, -2.0, 0.00,  0.00,  0.00, 0.0,  0.0,  0.0
2857692.60445110, 7.1275, -0.542680, 19.468,   0.0,    2.0, -2.0, 0.00,  0.00,  0.00, 0.0,  0.0,  0.0
2857692.60695110, 7.1300, -1.728106, 19.468,   0.0,    2.0, -2.0, 0.00,  0.00,  0.00, 0.0,  0.0,  0.0
2857692.60945110, 7.1325, -2.047236, 19.468,   0.0,    2.0, -2.0, 0.00,  0.00,  0.00, 0.0,  0.0,  0.0
2857692.61195110, 7.1350,  0.802411, 19.468,   0.0,    2.0, -2.0, 0.00,  0.00,  0.00, 0.0,  0.0,  0.0
2857692.61445110, 7.1375,  1.387391, 19.468,   0.0,    2.0, -2.0, 0.00,  0.00,  0.00, 0.0,  0.0,  0.0
2857692.61695110, 7.1400,  1.650726, 19.468,   0.0,    2.0, -2.0, 0.00,  0.00,  0.00, 0.0,  0.0,  0.0
2857692.61945110, 7.1425,  1.400709, 19.468,   0.0,    2.0, -2.0, 0.00,  0.00,  0.00, 0.0,  0.0,  0.0
2857692.62195110, 7.1450,  0.112618, 19.468,   0.0,    2.0, -2.0, 0.00,  0.00,  0.00, 0.0,  0.0,  0.0
2857692.62445110, 7.1475, -0.473401, 19.468,   0.0,    2.0, -2.0, 0.00,  0.00,  0.00, 0.0,  0.0,  0.0
2857692.62695110, 7.1500, -1.221190, 19.468,   0.0,    2.0, -2.0, 0.00,  0.00,  0.00, 0.0,  0.0,  0.0
2857692.62945110, 7.1525, -2.087147, 19.468,   0.0,    2.0, -2.0, 0.00,  0.00,  0.00, 0.0,  0.0,  0.0
2857692.63195110, 7.1550, -0.506299, 19.468,   0.0,    2.0, -2.0, 0.00,  0.00,  0.00, 0.0,  0.0,  0.0
2857692.63445110, 7.1575,  1.549411, 19.468,   0.0,    2.0, -2.0, 0.00,  0.00,  0.00, 0.0,  0.0,  0.0
2857692.63695110, 7.1600,  1.888783, 19.468,   0.0,    2.0, -2.0, 0.00,  0.00,  0.00, 0.0,  0.0,  0.0
2857692.63945110, 7.1625,  1.888783, 19.468,   0.0,    2.0, -2.0, 0.00,  0.00,  0.00, 0.0,  0.0,  0.0
2857692.64195110, 7.1650,  0.532199, 19.468,   0.0,    2.0, -2.0, 0.00,  0.00,  0.00, 0.0,  0.0,  0.0
2857692.64445110, 7.1675, -1.437014, 19.468,   0.0,    2.0, -2.0, 0.00,  0.00,  0.00, 0.0,  0.0,  0.0
2857692.64695110, 7.1700, -1.862045, 19.468,   0.0,    2.0, -2.0, 0.00,  0.00,  0.00, 0.0,  0.0,  0.0
2857692.64945110, 7.1725, -1.856241, 19.468,   0.0,    2.0, -2.0, 0.00,  0.00,  0.00, 0.0,  0.0,  0.0
2857692.65195110, 7.1750, -1.324032, 19.468,   0.0,    2.0, -2.0, 0.00,  0.00,  0.00, 0.0,  0.0,  0.0
2857692.65445110, 7.1775, -0.126080, 19.468,   0.0,    2.0, -2.0, 0.00,  0.00,  0.00, 0.0,  0.0,  0.0
2857692.65695110, 7.1800,  1.071873, 19.468,   0.0,    2.0, -2.0, 0.00,  0.00,  0.00, 0.0,  0.0,  0.0
2857692.65945110, 7.1825,  1.863297, 19.468,   0.0,    2.0, -2.0, 0.00,  0.00,  0.00, 0.0,  0.0,  0.0
2857692.66195110, 7.1850,  1.304251, 19.468,   0.0,    2.0, -2.0, 0.00,  0.00,  0.00, 0.0,  0.0,  0.0
2857692.66445110, 7.1875,  0.745205, 19.468,   0.0,    2.0, -2.0, 0.00,  0.00,  0.00, 0.0,  0.0,  0.0
2857692.66695110, 7.1900,  0.186159, 19.468,   0.0,    2.0, -2.0, 0.00,  0.00,  0.00, 0.0,  0.0,  0.0
2857692.66945110, 7.1925,  0.141939, 19.468,   0.0,    2.0, -2.0, 0.00,  0.00,  0.00, 0.0,  0.0,  0.0
2857692.67195110, 7.1950,  0.456215, 19.468,   0.0,    2.0, -2.0, 0.00,  0.00,  0.00, 0.0,  0.0,  0.0
2857692.67445110, 7.1975,  0.694092, 19.468,   0.0,    2.0, -2.0, 0.00,  0.00,  0.00, 0.0,  0.0,  0.0
2857692.67695110, 7.2000,  0.961706, 19.468,   0.0,    2.0, -2.0, 0.00,  0.00,  0.00, 0.0,  0.0,  0.0
2857692.67945110, 7.2025,  1.054906, 19.468,   0.0,    2.0, -2.0, 0.00,  0.00,  0.00, 0.0,  0.0,  0.0
2857692.68195110, 7.2050,  0.853814, 19.468,   0.0,    2.0, -2.0, 0.00,  0.00,  0.00, 0.0,  0.0,  0.0
2857692.68445110, 7.2075,  0.652722, 19.468,   0.0,    2.0, -2.0, 0.00,  0.00,  0.00, 0.0,  0.0,  0.0
2857692.68695110, 7.2100,  0.353840, 19.468,   0.0,    2.0, -2.0, 0.00,  0.00,  0.00, 0.0,  0.0,  0.0
2857692.68945110, 7.2125, -1.134647, 19.468,   0.0,    2.0, -2.0, 0.00,  0.00,  0.00, 0.0,  0.0,  0.0
2857692.69195110, 7.2150, -2.413175, 19.468,   0.0,    2.0, -2.0, 0.00,  0.00,  0.00, 0.0,  0.0,  0.0
2857692.69445110, 7.2175,  0.940569, 19.468,   0.0,    2.0, -2.0, 0.00,  0.00,  0.00, 0.0,  0.0,  0.0
2857692.69695110, 7.2200,  1.840772, 19.468,   0.0,    2.0, -2.0, 0.00,  0.00,  0.00, 0.0,  0.0,  0.0
2857692.69945110, 7.2225,  1.389700, 19.468,   0.0,    2.0, -2.0, 0.00,  0.00,  0.00, 0.0,  0.0,  0.0
2857692.70195110, 7.2250,  1.055606, 19.468,   0.0,    2.0, -2.0, 0.00,  0.00,  0.00, 0.0,  0.0,  0.0
2857692.70445110, 7.2275,  0.722847, 19.468,   0.0,    2.0, -2.0, 0.00,  0.00,  0.00, 0.0,  0.0,  0.0
2857692.70695110, 7.2300,  0.390088, 19.468,   0.0,    2.0, -2.0, 0.00,  0.00,  0.00, 0.0,  0.0,  0.0
2857692.70945110, 7.2325,  0.092614, 19.468,   0.0,    2.0, -2.0, 0.00,  0.00,  0.00, 0.0,  0.0,  0.0
2857692.71195110, 7.2350,  0.007201, 19.468,   0.0,    2.0, -2.0, 0.00,  0.00,  0.00, 0.0,  0.0,  0.0
2857692.71445110, 7.2375,  1.594024, 19.468,   0.0,    2.0, -2.0, 0.00,  0.00,  0.00, 0.0,  0.0,  0.0
2857692.71695110, 7.2400,  1.751171, 19.468,   0.0,    2.0, -2.0, 0.00,  0.00,  0.00, 0.0,  0.0,  0.0
2857692.71945110, 7.2425,  1.003729, 19.468,   0.0,    2.0, -2.0, 0.00,  0.00,  0.00, 0.0,  0.0,  0.0
2857692.72195110, 7.2450, -0.772095, 19.468,   0.0,    2.0, -2.0, 0.00,  0.00,  0.00, 0.0,  0.0,  0.0
2857692.72445110, 7.2475, -1.705896, 19.468,   0.0,    2.0, -2.0, 0.00,  0.00,  0.00, 0.0,  0.0,  0.0
2857692.72695110, 7.2500, -1.981290, 19.468,   0.0,    2.0, -2.0, 0.00,  0.00,  0.00, 0.0,  0.0,  0.0
2857692.72945110, 7.2525, -1.981290, 19.468,   0.0,    2.0, -2.0, 0.00,  0.00,  0.00, 0.0,  0.0,  0.0
2857692.73195110, 7.2550, -1.981290, 19.468,   0.0,    2.0, -2.0, 0.00,  0.00,  0.00, 0.0,  0.0,  0.0
2857692.73445110, 7.2575, -1.915422, 19.468,   0.0,    2.0, -2.0, 0.00,  0.00,  0.00, 0.0,  0.0,  0.0
2857692.73695110, 7.2600,  1.378310, 19.468,   0.0,    2.0, -2.0, 0.00,  0.00,  0.00, 0.0,  0.0,  0.0
2857692.73945110, 7.2625,  1.460971, 19.468,   0.0,    2.0, -2.0, 0.00,  0.00,  0.00, 0.0,  0.0,  0.0
2857692.74195110, 7.2650,  1.543632, 19.468,   0.0,    2.0, -2.0, 0.00,  0.00,  0.00, 0.0,  0.0,  0.0
2857692.74445110, 7.2675,  1.626293, 19.468,   0.0,    2.0, -2.0, 0.00,  0.00,  0.00, 0.0,  0.0,  0.0
2857692.74945110, 7.2725, -2.028434, 19.468,   0.0,    2.0, -2.0, 0.00,  0.00,  0.00, 0.0,  0.0,  0.0
2857692.75195110, 7.2750, -0.861223, 19.468,   0.0,    2.0, -2.0, 0.00,  0.00,  0.00, 0.0,  0.0,  0.0
2857692.75445110, 7.2775,  0.305988, 19.468,   0.0,    2.0, -2.0, 0.00,  0.00,  0.00, 0.0,  0.0,  0.0
2857692.75695110, 7.2800,  0.903297, 19.468,   0.0,    2.0, -2.0, 0.00,  0.00,  0.00, 0.0,  0.0,  0.0
2857692.75945110, 7.2825,  1.018174, 19.468,   0.0,    2.0, -2.0, 0.00,  0.00,  0.00, 0.0,  0.0,  0.0
2857692.76195110, 7.2850,  0.853408, 19.468,   0.0,    2.0, -2.0, 0.00,  0.00,  0.00, 0.0,  0.0,  0.0
2857692.76445110, 7.2875,  0.492086, 19.468,   0.0,    2.0, -2.0, 0.00,  0.00,  0.00, 0.0,  0.0,  0.0
2857692.76695110, 7.2900, -0.541748, 19.468,   0.0,    2.0, -2.0, 0.00,  0.00,  0.00, 0.0,  0.0,  0.0
2857692.76945110, 7.2925, -2.206185, 19.468,   0.0,    2.0, -2.0, 0.00,  0.00,  0.00, 0.0,  0.0,  0.0
2857692.77195110, 7.2950, -1.108793, 19.468,   0.0,    2.0, -2.0, 0.00,  0.00,  0.00, 0.0,  0.0,  0.0
2857692.77445110, 7.2975,  0.472460, 19.468,   0.0,    2.0, -2.0, 0.00,  0.00,  0.00, 0.0,  0.0,  0.0
2857692.77695110, 7.3000,  1.700408, 19.468,   0.0,    2.0, -2.0, 0.00,  0.00,  0.00, 0.0,  0.0,  0.0
2857692.77945110, 7.3025,  1.160963, 19.468,   0.0,    2.0, -2.0, 0.00,  0.00,  0.00, 0.0,  0.0,  0.0
2857692.78195110, 7.3050,  0.568552, 19.468,   0.0,    2.0, -2.0, 0.00,  0.00,  0.00, 0.0,  0.0,  0.0
2857692.78445110, 7.3075, -0.023858, 19.468,   0.0,    2.0, -2.0, 0.00,  0.00,  0.00, 0.0,  0.0,  0.0
2857692.78695110, 7.3100, -1.520143, 19.468,   0.0,    2.0, -2.0, 0.00,  0.00,  0.00, 0.0,  0.0,  0.0
2857692.78945110, 7.3125, -1.893427, 19.468,   0.0,    2.0, -2.0, 0.00,  0.00,  0.00, 0.0,  0.0,  0.0
2857692.79195110, 7.3150,  0.067008, 19.468,   0.0,    2.0, -2.0, 0.00,  0.00,  0.00, 0.0,  0.0,  0.0
2857692.79445110, 7.3175,  0.700522, 19.468,   0.0,    2.0, -2.0, 0.00,  0.00,  0.00, 0.0,  0.0,  0.0
2857692.79695110, 7.3200,  1.327554, 19.468,   0.0,    2.0, -2.0, 0.00,  0.00,  0.00, 0.0,  0.0,  0.0
2857692.79945110, 7.3225,  1.030344, 19.468,   0.0,    2.0, -2.0, 0.00,  0.00,  0.00, 0.0,  0.0,  0.0
2857692.80195110, 7.3250, -0.181168, 19.468,   0.0,    2.0, -2.0, 0.00,  0.00,  0.00, 0.0,  0.0,  0.0
2857692.80445110, 7.3275, -1.151573, 19.468,   0.0,    2.0, -2.0, 0.00,  0.00,  0.00, 0.0,  0.0,  0.0
2857692.80695110, 7.3300, -1.431049, 19.468,   0.0,    2.0, -2.0, 0.00,  0.00,  0.00, 0.0,  0.0,  0.0
2857692.80945110, 7.3325, -1.710525, 19.468,   0.0,    2.0, -2.0, 0.00,  0.00,  0.00, 0.0,  0.0,  0.0
2857692.81195110, 7.3350, -1.990002, 19.468,   0.0,    2.0, -2.0, 0.00,  0.00,  0.00, 0.0,  0.0,  0.0
2857692.81445110, 7.3375,  1.193862, 19.468,   0.0,    2.0, -2.0, 0.00,  0.00,  0.00, 0.0,  0.0,  0.0
2857692.81695110, 7.3400,  1.409384, 19.468,   0.0,    2.0, -2.0, 0.00,  0.00,  0.00, 0.0,  0.0,  0.0
2857692.81945110, 7.3425,  1.624905, 19.468,   0.0,    2.0, -2.0, 0.00,  0.00,  0.00, 0.0,  0.0,  0.0
2857692.82195110, 7.3450,  1.840426, 19.468,   0.0,    2.0, -2.0, 0.00,  0.00,  0.00, 0.0,  0.0,  0.0
2857692.82445110, 7.3475, -0.535934, 19.468,   0.0,    2.0, -2.0, 0.00,  0.00,  0.00, 0.0,  0.0,  0.0
2857692.82695110, 7.3500, -2.088198, 19.468,   0.0,    2.0, -2.0, 0.00,  0.00,  0.00, 0.0,  0.0,  0.0
2857692.82945110, 7.3525, -2.088198, 19.468,   0.0,    2.0, -2.0, 0.00,  0.00,  0.00, 0.0,  0.0,  0.0
2857692.83195110, 7.3550, -2.088198, 19.468,   0.0,    2.0, -2.0, 0.00,  0.00,  0.00, 0.0,  0.0,  0.0
2857692.83445110, 7.3575, -1.464310, 19.468,   0.0,    2.0, -2.0, 0.00,  0.00,  0.00, 0.0,  0.0,  0.0
2857692.83695110, 7.3600, -0.422901, 19.468,   0.0,    2.0, -2.0, 0.00,  0.00,  0.00, 0.0,  0.0,  0.0
2857692.83945110, 7.3625,  0.618508, 19.468,   0.0,    2.0, -2.0, 0.00,  0.00,  0.00, 0.0,  0.0,  0.0
2857692.84195110, 7.3650,  0.386335, 19.468,   0.0,    2.0, -2.0, 0.00,  0.00,  0.00, 0.0,  0.0,  0.0
2857692.84445110, 7.3675, -1.805017, 19.468,   0.0,    2.0, -2.0, 0.00,  0.00,  0.00, 0.0,  0.0,  0.0
2857692.84695110, 7.3700, -2.539709, 19.468,   0.0,    2.0, -2.0, 0.00,  0.00,  0.00, 0.0,  0.0,  0.0
2857692.84945110, 7.3725, -2.180035, 19.468,   0.0,    2.0, -2.0, 0.00,  0.00,  0.00, 0.0,  0.0,  0.0
2857692.85195110, 7.3750, -0.136797, 19.468,   0.0,    2.0, -2.0, 0.00,  0.00,  0.00, 0.0,  0.0,  0.0
2857692.85445110, 7.3775,  0.893318, 19.468,   0.0,    2.0, -2.0, 0.00,  0.00,  0.00, 0.0,  0.0,  0.0
2857692.85695110, 7.3800,  0.889521, 19.468,   0.0,    2.0, -2.0, 0.00,  0.00,  0.00, 0.0,  0.0,  0.0
2857692.85945110, 7.3825,  0.884498, 19.468,   0.0,    2.0, -2.0, 0.00,  0.00,  0.00, 0.0,  0.0,  0.0
2857692.86195110, 7.3850,  0.109815, 19.468,   0.0,    2.0, -2.0, 0.00,  0.00,  0.00, 0.0,  0.0,  0.0
2857692.86445110, 7.3875, -0.910452, 19.468,   0.0,    2.0, -2.0, 0.00,  0.00,  0.00, 0.0,  0.0,  0.0
2857692.86695110, 7.3900, -2.357396, 19.468,   0.0,    2.0, -2.0, 0.00,  0.00,  0.00, 0.0,  0.0,  0.0
2857692.86945110, 7.3925, -2.406020, 19.468,   0.0,    2.0, -2.0, 0.00,  0.00,  0.00, 0.0,  0.0,  0.0
2857692.87195110, 7.3950, -2.454645, 19.468,   0.0,    2.0, -2.0, 0.00,  0.00,  0.00, 0.0,  0.0,  0.0
2857692.87445110, 7.3975,  0.471407, 19.468,   0.0,    2.0, -2.0, 0.00,  0.00,  0.00, 0.0,  0.0,  0.0
2857692.87695110, 7.4000,  1.768982, 19.468,   0.0,    2.0, -2.0, 0.00,  0.00,  0.00, 0.0,  0.0,  0.0
2857692.87945110, 7.4025,  1.644056, 19.468,   0.0,    2.0, -2.0, 0.00,  0.00,  0.00, 0.0,  0.0,  0.0
2857692.88195110, 7.4050,  1.480051, 19.468,   0.0,    2.0, -2.0, 0.00,  0.00,  0.00, 0.0,  0.0,  0.0
2857692.88445110, 7.4075,  1.316046, 19.468,   0.0,    2.0, -2.0, 0.00,  0.00,  0.00, 0.0,  0.0,  0.0
2857692.88695110, 7.4100,  1.152041, 19.468,   0.0,    2.0, -2.0, 0.00,  0.00,  0.00, 0.0,  0.0,  0.0
2857692.88945110, 7.4125, -2.186969, 19.468,   0.0,    2.0, -2.0, 0.00,  0.00,  0.00, 0.0,  0.0,  0.0
2857692.89195110, 7.4150, -0.450571, 19.468,   0.0,    2.0, -2.0, 0.00,  0.00,  0.00, 0.0,  0.0,  0.0
2857692.89445110, 7.4175,  0.022343, 19.468,   0.0,    2.0, -2.0, 0.00,  0.00,  0.00, 0.0,  0.0,  0.0
2857692.89695110, 7.4200,  0.480944, 19.468,   0.0,    2.0, -2.0, 0.00,  0.00,  0.00, 0.0,  0.0,  0.0
2857692.90195110, 7.4250,  0.157013, 19.468,   0.0,    2.0, -2.0, 0.00,  0.00,  0.00, 0.0,  0.0,  0.0
2857692.90445110, 7.4275, -0.668615, 19.468,   0.0,    2.0, -2.0, 0.00,  0.00,  0.00, 0.0,  0.0,  0.0
2857692.90695110, 7.4300, -1.256861, 19.468,   0.0,    2.0, -2.0, 0.00,  0.00,  0.00, 0.0,  0.0,  0.0
2857692.90945110, 7.4325, -1.845108, 19.468,   0.0,    2.0, -2.0, 0.00,  0.00,  0.00, 0.0,  0.0,  0.0
2857692.91195110, 7.4350, -2.433355, 19.468,   0.0,    2.0, -2.0, 0.00,  0.00,  0.00, 0.0,  0.0,  0.0
2857692.91445110, 7.4375, -1.905168, 19.468,   0.0,    2.0, -2.0, 0.00,  0.00,  0.00, 0.0,  0.0,  0.0
2857692.91695110, 7.4400, -0.801541, 19.468,   0.0,    2.0, -2.0, 0.00,  0.00,  0.00, 0.0,  0.0,  0.0
2857692.91945110, 7.4425,  0.302086, 19.468,   0.0,    2.0, -2.0, 0.00,  0.00,  0.00, 0.0,  0.0,  0.0
2857692.92195110, 7.4450,  0.687149, 19.468,   0.0,    2.0, -2.0, 0.00,  0.00,  0.00, 0.0,  0.0,  0.0
2857692.92445110, 7.4475, -0.402914, 19.468,   0.0,    2.0, -2.0, 0.00,  0.00,  0.00, 0.0,  0.0,  0.0
2857692.92695110, 7.4500, -1.931482, 19.468,   0.0,    2.0, -2.0, 0.00,  0.00,  0.00, 0.0,  0.0,  0.0
2857692.92945110, 7.4525, -1.098779, 19.468,   0.0,    2.0, -2.0, 0.00,  0.00,  0.00, 0.0,  0.0,  0.0
2857692.93195110, 7.4550,  0.263780, 19.468,   0.0,    2.0, -2.0, 0.00,  0.00,  0.00, 0.0,  0.0,  0.0
2857692.93445110, 7.4575,  0.852947, 19.468,   0.0,    2.0, -2.0, 0.00,  0.00,  0.00, 0.0,  0.0,  0.0
2857692.93695110, 7.4600,  1.610815, 19.468,   0.0,    2.0, -2.0, 0.00,  0.00,  0.00, 0.0,  0.0,  0.0
2857692.93945110, 7.4625,  1.154960, 19.468,   0.0,    2.0, -2.0, 0.00,  0.00,  0.00, 0.0,  0.0,  0.0
2857692.94195110, 7.4650,  0.488287, 19.468,   0.0,    2.0, -2.0, 0.00,  0.00,  0.00, 0.0,  0.0,  0.0
2857692.94445110, 7.4675, -0.093170, 19.468,   0.0,    2.0, -2.0, 0.00,  0.00,  0.00, 0.0,  0.0,  0.0
2857692.94695110, 7.4700, -0.778207, 19.468,   0.0,    2.0, -2.0, 0.00,  0.00,  0.00, 0.0,  0.0,  0.0
2857692.94945110, 7.4725, -1.463243, 19.468,   0.0,    2.0, -2.0, 0.00,  0.00,  0.00, 0.0,  0.0,  0.0
2857692.95195110, 7.4750, -0.113524, 19.468,   0.0,    2.0, -2.0, 0.00,  0.00,  0.00, 0.0,  0.0,  0.0
2857692.95445110, 7.4775,  1.533278, 19.468,   0.0,    2.0, -2.0, 0.00,  0.00,  0.00, 0.0,  0.0,  0.0
2857692.95695110, 7.4800,  1.613904, 19.468,   0.0,    2.0, -2.0, 0.00,  0.00,  0.00, 0.0,  0.0,  0.0
2857692.95945110, 7.4825,  1.694530, 19.468,   0.0,    2.0, -2.0, 0.00,  0.00,  0.00, 0.0,  0.0,  0.0
2857692.96195110, 7.4850,  1.775156, 19.468,   0.0,    2.0, -2.0, 0.00,  0.00,  0.00, 0.0,  0.0,  0.0
2857692.96445110, 7.4875,  1.022718, 19.468,   0.0,    2.0, -2.0, 0.00,  0.00,  0.00, 0.0,  0.0,  0.0
2857692.96695110, 7.4900, -1.594195, 19.468,   0.0,    2.0, -2.0, 0.00,  0.00,  0.00, 0.0,  0.0,  0.0
2857692.96945110, 7.4925, -1.582197, 19.468,   0.0,    2.0, -2.0, 0.00,  0.00,  0.00, 0.0,  0.0,  0.0
2857692.97195110, 7.4950, -0.990116, 19.468,   0.0,    2.0, -2.0, 0.00,  0.00,  0.00, 0.0,  0.0,  0.0
2857692.97445110, 7.4975, -0.398036, 19.468,   0.0,    2.0, -2.0, 0.00,  0.00,  0.00, 0.0,  0.0,  0.0
2857692.97695110, 7.5000,  0.576124, 19.468,   0.0,    2.0, -2.0, 0.00,  0.00,  0.00, 0.0,  0.0,  0.0
2857692.97945110, 7.5025,  1.244347, 19.468,   0.0,    2.0, -2.0, 0.00,  0.00,  0.00, 0.0,  0.0,  0.0
2857692.98195110, 7.5050,  0.689622, 19.468,   0.0,    2.0, -2.0, 0.00,  0.00,  0.00, 0.0,  0.0,  0.0
2857692.98445110, 7.5075,  0.122445, 19.468,   0.0,    2.0, -2.0, 0.00,  0.00,  0.00, 0.0,  0.0,  0.0
2857692.98695110, 7.5100, -0.591597, 19.468,   0.0,    2.0, -2.0, 0.00,  0.00,  0.00, 0.0,  0.0,  0.0
2857692.98945110, 7.5125, -1.305639, 19.468,   0.0,    2.0, -2.0, 0.00,  0.00,  0.00, 0.0,  0.0,  0.0
2857692.99195110, 7.5150, -2.019681, 19.468,   0.0,    2.0, -2.0, 0.00,  0.00,  0.00, 0.0,  0.0,  0.0
2857692.99445110, 7.5175, -0.725950, 19.468,   0.0,    2.0, -2.0, 0.00,  0.00,  0.00, 0.0,  0.0,  0.0
2857692.99695110, 7.5200,  1.430493, 19.468,   0.0,    2.0, -2.0, 0.00,  0.00,  0.00, 0.0,  0.0,  0.0
2857692.99945110, 7.5225,  1.240072, 19.468,   0.0,    2.0, -2.0, 0.00,  0.00,  0.00, 0.0,  0.0,  0.0
2857693.00195110, 7.5250,  0.144215, 19.468,   0.0,    2.0, -2.0, 0.00,  0.00,  0.00, 0.0,  0.0,  0.0
2857693.00445110, 7.5275, -0.657336, 19.468,   0.0,    2.0, -2.0, 0.00,  0.00,  0.00, 0.0,  0.0,  0.0
2857693.00695110, 7.5300, -1.209442, 19.468,   0.0,    2.0, -2.0, 0.00,  0.00,  0.00, 0.0,  0.0,  0.0
2857693.00945110, 7.5325, -1.761549, 19.468,   0.0,    2.0, -2.0, 0.00,  0.00,  0.00, 0.0,  0.0,  0.0
2857693.01195110, 7.5350, -0.637015, 19.468,   0.0,    2.0, -2.0, 0.00,  0.00,  0.00, 0.0,  0.0,  0.0
2857693.01445110, 7.5375,  1.072216, 19.468,   0.0,    2.0, -2.0, 0.00,  0.00,  0.00, 0.0,  0.0,  0.0
2857693.01695110, 7.5400,  2.035041, 19.468,   0.0,    2.0, -2.0, 0.00,  0.00,  0.00, 0.0,  0.0,  0.0
2857693.01945110, 7.5425,  1.704891, 19.468,   0.0,    2.0, -2.0, 0.00,  0.00,  0.00, 0.0,  0.0,  0.0
2857693.02195110, 7.5450,  0.480684, 19.468,   0.0,    2.0, -2.0, 0.00,  0.00,  0.00, 0.0,  0.0,  0.0
2857693.02445110, 7.5475, -1.295940, 19.468,   0.0,    2.0, -2.0, 0.00,  0.00,  0.00, 0.0,  0.0,  0.0
2857693.02695110, 7.5500, -2.012708, 19.468,   0.0,    2.0, -2.0, 0.00,  0.00,  0.00, 0.0,  0.0,  0.0
2857693.02945110, 7.5525, -1.963290, 19.468,   0.0,    2.0, -2.0, 0.00,  0.00,  0.00, 0.0,  0.0,  0.0
2857693.03195110, 7.5550, -1.334121, 19.468,   0.0,    2.0, -2.0, 0.00,  0.00,  0.00, 0.0,  0.0,  0.0
2857693.03445110, 7.5575, -0.704953, 19.468,   0.0,    2.0, -2.0, 0.00,  0.00,  0.00, 0.0,  0.0,  0.0
2857693.03695110, 7.5600,  0.073708, 19.468,   0.0,    2.0, -2.0, 0.00,  0.00,  0.00, 0.0,  0.0,  0.0
2857693.03945110, 7.5625,  1.452416, 19.468,   0.0,    2.0, -2.0, 0.00,  0.00,  0.00, 0.0,  0.0,  0.0
2857693.04195110, 7.5650,  1.132489, 19.468,   0.0,    2.0, -2.0, 0.00,  0.00,  0.00, 0.0,  0.0,  0.0
2857693.04445110, 7.5675,  0.812563, 19.468,   0.0,    2.0, -2.0, 0.00,  0.00,  0.00, 0.0,  0.0,  0.0
2857693.04695110, 7.5700,  0.492636, 19.468,   0.0,    2.0, -2.0, 0.00,  0.00,  0.00, 0.0,  0.0,  0.0
2857693.04945110, 7.5725,  0.306297, 19.468,   0.0,    2.0, -2.0, 0.00,  0.00,  0.00, 0.0,  0.0,  0.0
2857693.05195110, 7.5750,  0.280622, 19.468,   0.0,    2.0, -2.0, 0.00,  0.00,  0.00, 0.0,  0.0,  0.0
2857693.05445110, 7.5775,  0.644851, 19.468,   0.0,    2.0, -2.0, 0.00,  0.00,  0.00, 0.0,  0.0,  0.0
2857693.05695110, 7.5800,  1.009080, 19.468,   0.0,    2.0, -2.0, 0.00,  0.00,  0.00, 0.0,  0.0,  0.0
2857693.05945110, 7.5825,  1.068639, 19.468,   0.0,    2.0, -2.0, 0.00,  0.00,  0.00, 0.0,  0.0,  0.0
2857693.06195110, 7.5850,  0.730736, 19.468,   0.0,    2.0, -2.0, 0.00,  0.00,  0.00, 0.0,  0.0,  0.0
2857693.06445110, 7.5875,  0.392832, 19.468,   0.0,    2.0, -2.0, 0.00,  0.00,  0.00, 0.0,  0.0,  0.0
2857693.06945110, 7.5925, -1.178208, 19.468,   0.0,    2.0, -2.0, 0.00,  0.00,  0.00, 0.0,  0.0,  0.0
2857693.07195110, 7.5950, -1.540585, 19.468,   0.0,    2.0, -2.0, 0.00,  0.00,  0.00, 0.0,  0.0,  0.0
2857693.07445110, 7.5975,  0.989573, 19.468,   0.0,    2.0, -2.0, 0.00,  0.00,  0.00, 0.0,  0.0,  0.0
2857693.07695110, 7.6000,  1.726927, 19.468,   0.0,    2.0, -2.0, 0.00,  0.00,  0.00, 0.0,  0.0,  0.0
2857693.07945110, 7.6025,  1.180198, 19.468,   0.0,    2.0, -2.0, 0.00,  0.00,  0.00, 0.0,  0.0,  0.0
2857693.08195110, 7.6050, -0.010551, 19.468,   0.0,    2.0, -2.0, 0.00,  0.00,  0.00, 0.0,  0.0,  0.0
2857693.08445110, 7.6075, -1.427110, 19.468,   0.0,    2.0, -2.0, 0.00,  0.00,  0.00, 0.0,  0.0,  0.0
2857693.08695110, 7.6100, -2.211092, 19.468,   0.0,    2.0, -2.0, 0.00,  0.00,  0.00, 0.0,  0.0,  0.0
2857693.08945110, 7.6125, -1.116203, 19.468,   0.0,    2.0, -2.0, 0.00,  0.00,  0.00, 0.0,  0.0,  0.0
2857693.09195110, 7.6150,  0.594613, 19.468,   0.0,    2.0, -2.0, 0.00,  0.00,  0.00, 0.0,  0.0,  0.0
2857693.09445110, 7.6175,  1.525142, 19.468,   0.0,    2.0, -2.0, 0.00,  0.00,  0.00, 0.0,  0.0,  0.0
2857693.09695110, 7.6200,  1.610822, 19.468,   0.0,    2.0, -2.0, 0.00,  0.00,  0.00, 0.0,  0.0,  0.0
2857693.09945110, 7.6225,  1.282801, 19.468,   0.0,    2.0, -2.0, 0.00,  0.00,  0.00, 0.0,  0.0,  0.0
2857693.10195110, 7.6250,  0.174211, 19.468,   0.0,    2.0, -2.0, 0.00,  0.00,  0.00, 0.0,  0.0,  0.0
2857693.10445110, 7.6275, -0.000142, 19.468,   0.0,    2.0, -2.0, 0.00,  0.00,  0.00, 0.0,  0.0,  0.0
2857693.10695110, 7.6300, -0.159651, 19.468,   0.0,    2.0, -2.0, 0.00,  0.00,  0.00, 0.0,  0.0,  0.0
2857693.10945110, 7.6325, -0.319159, 19.468,   0.0,    2.0, -2.0, 0.00,  0.00,  0.00, 0.0,  0.0,  0.0
2857693.11195110, 7.6350,  0.019722, 19.468,   0.0,    2.0, -2.0, 0.00,  0.00,  0.00, 0.0,  0.0,  0.0
2857693.11445110, 7.6375,  1.361252, 19.468,   0.0,    2.0, -2.0, 0.00,  0.00,  0.00, 0.0,  0.0,  0.0
2857693.11695110, 7.6400,  1.498646, 19.468,   0.0,    2.0, -2.0, 0.00,  0.00,  0.00, 0.0,  0.0,  0.0
2857693.11945110, 7.6425,  1.516341, 19.468,   0.0,    2.0, -2.0, 0.00,  0.00,  0.00, 0.0,  0.0,  0.0
2857693.12195110, 7.6450,  0.839683, 19.468,   0.0,    2.0, -2.0, 0.00,  0.00,  0.00, 0.0,  0.0,  0.0
2857693.12445110, 7.6475, -0.429537, 19.468,   0.0,    2.0, -2.0, 0.00,  0.00,  0.00, 0.0,  0.0,  0.0
2857693.12695110, 7.6500, -0.786859, 19.468,   0.0,    2.0, -2.0, 0.00,  0.00,  0.00, 0.0,  0.0,  0.0
2857693.12945110, 7.6525, -1.144182, 19.468,   0.0,    2.0, -2.0, 0.00,  0.00,  0.00, 0.0,  0.0,  0.0
2857693.13195110, 7.6550, -1.501505, 19.468,   0.0,    2.0, -2.0, 0.00,  0.00,  0.00, 0.0,  0.0,  0.0
2857693.13445110, 7.6575, -1.858827, 19.468,   0.0,    2.0, -2.0, 0.00,  0.00,  0.00, 0.0,  0.0,  0.0
2857693.13695110, 7.6600,  1.370802, 19.468,   0.0,    2.0, -2.0, 0.00,  0.00,  0.00, 0.0,  0.0,  0.0
2857693.13945110, 7.6625,  1.857441, 19.468,   0.0,    2.0, -2.0, 0.00,  0.00,  0.00, 0.0,  0.0,  0.0
2857693.14195110, 7.6650,  1.799150, 19.468,   0.0,    2.0, -2.0, 0.00,  0.00,  0.00, 0.0,  0.0,  0.0
2857693.14445110, 7.6675,  1.740858, 19.468,   0.0,    2.0, -2.0, 0.00,  0.00,  0.00, 0.0,  0.0,  0.0
2857693.14695110, 7.6700,  1.682566, 19.468,   0.0,    2.0, -2.0, 0.00,  0.00,  0.00, 0.0,  0.0,  0.0
2857693.14945110, 7.6725, -1.920849, 19.468,   0.0,    2.0, -2.0, 0.00,  0.00,  0.00, 0.0,  0.0,  0.0
2857693.15195110, 7.6750, -1.547300, 19.468,   0.0,    2.0, -2.0, 0.00,  0.00,  0.00, 0.0,  0.0,  0.0
2857693.15445110, 7.6775, -0.919419, 19.468,   0.0,    2.0, -2.0, 0.00,  0.00,  0.00, 0.0,  0.0,  0.0
2857693.15695110, 7.6800, -0.291538, 19.468,   0.0,    2.0, -2.0, 0.00,  0.00,  0.00, 0.0,  0.0,  0.0
2857693.15945110, 7.6825,  0.019054, 19.468,   0.0,    2.0, -2.0, 0.00,  0.00,  0.00, 0.0,  0.0,  0.0
2857693.16195110, 7.6850,  0.190061, 19.468,   0.0,    2.0, -2.0, 0.00,  0.00,  0.00, 0.0,  0.0,  0.0
2857693.16445110, 7.6875,  0.361068, 19.468,   0.0,    2.0, -2.0, 0.00,  0.00,  0.00, 0.0,  0.0,  0.0
2857693.16695110, 7.6900,  0.532075, 19.468,   0.0,    2.0, -2.0, 0.00,  0.00,  0.00, 0.0,  0.0,  0.0
2857693.16945110, 7.6925, -2.464439, 19.468,   0.0,    2.0, -2.0, 0.00,  0.00,  0.00, 0.0,  0.0,  0.0
2857693.17195110, 7.6950, -0.727343, 19.468,   0.0,    2.0, -2.0, 0.00,  0.00,  0.00, 0.0,  0.0,  0.0
2857693.17445110, 7.6975,  0.480758, 19.468,   0.0,    2.0, -2.0, 0.00,  0.00,  0.00, 0.0,  0.0,  0.0
2857693.17695110, 7.7000,  1.480732, 19.468,   0.0,    2.0, -2.0, 0.00,  0.00,  0.00, 0.0,  0.0,  0.0
2857693.17945110, 7.7025,  1.375279, 19.468,   0.0,    2.0, -2.0, 0.00,  0.00,  0.00, 0.0,  0.0,  0.0
2857693.18195110, 7.7050,  0.091829, 19.468,   0.0,    2.0, -2.0, 0.00,  0.00,  0.00, 0.0,  0.0,  0.0
2857693.18445110, 7.7075, -0.155286, 19.468,   0.0,    2.0, -2.0, 0.00,  0.00,  0.00, 0.0,  0.0,  0.0
2857693.18695110, 7.7100, -0.402400, 19.468,   0.0,    2.0, -2.0, 0.00,  0.00,  0.00, 0.0,  0.0,  0.0
2857693.18945110, 7.7125, -0.649515, 19.468,   0.0,    2.0, -2.0, 0.00,  0.00,  0.00, 0.0,  0.0,  0.0
2857693.19195110, 7.7150, -0.376607, 19.468,   0.0,    2.0, -2.0, 0.00,  0.00,  0.00, 0.0,  0.0,  0.0
2857693.19445110, 7.7175,  0.950287, 19.468,   0.0,    2.0, -2.0, 0.00,  0.00,  0.00, 0.0,  0.0,  0.0
2857693.19695110, 7.7200,  1.297541, 19.468,   0.0,    2.0, -2.0, 0.00,  0.00,  0.00, 0.0,  0.0,  0.0
2857693.19945110, 7.7225,  1.491589, 19.468,   0.0,    2.0, -2.0, 0.00,  0.00,  0.00, 0.0,  0.0,  0.0
2857693.20195110, 7.7250,  0.461082, 19.468,   0.0,    2.0, -2.0, 0.00,  0.00,  0.00, 0.0,  0.0,  0.0
2857693.20445110, 7.7275, -0.901518, 19.468,   0.0,    2.0, -2.0, 0.00,  0.00,  0.00, 0.0,  0.0,  0.0
2857693.20695110, 7.7300, -1.053307, 19.468,   0.0,    2.0, -2.0, 0.00,  0.00,  0.00, 0.0,  0.0,  0.0
2857693.20945110, 7.7325, -1.328747, 19.468,   0.0,    2.0, -2.0, 0.00,  0.00,  0.00, 0.0,  0.0,  0.0
2857693.21195110, 7.7350, -1.604187, 19.468,   0.0,    2.0, -2.0, 0.00,  0.00,  0.00, 0.0,  0.0,  0.0
2857693.21445110, 7.7375, -1.879627, 19.468,   0.0,    2.0, -2.0, 0.00,  0.00,  0.00, 0.0,  0.0,  0.0
2857693.21695110, 7.7400, -0.746421, 19.468,   0.0,    2.0, -2.0, 0.00,  0.00,  0.00, 0.0,  0.0,  0.0
2857693.21945110, 7.7425,  1.920856, 19.468,   0.0,    2.0, -2.0, 0.00,  0.00,  0.00, 0.0,  0.0,  0.0
2857693.22195110, 7.7450,  1.920856, 19.468,   0.0,    2.0, -2.0, 0.00,  0.00,  0.00, 0.0,  0.0,  0.0
2857693.22445110, 7.7475,  1.920856, 19.468,   0.0,    2.0, -2.0, 0.00,  0.00,  0.00, 0.0,  0.0,  0.0
2857693.22695110, 7.7500,  1.920856, 19.468,   0.0,    2.0, -2.0, 0.00,  0.00,  0.00, 0.0,  0.0,  0.0
2857693.22945110, 7.7525,  0.894903, 19.468,   0.0,    2.0, -2.0, 0.00,  0.00,  0.00, 0.0,  0.0,  0.0
2857693.23195110, 7.7550, -0.089803, 19.468,   0.0,    2.0, -2.0, 0.00,  0.00,  0.00, 0.0,  0.0,  0.0
2857693.23445110, 7.7575,  0.497670, 19.468,   0.0,    2.0, -2.0, 0.00,  0.00,  0.00, 0.0,  0.0,  0.0
2857693.23695110, 7.7600,  1.085142, 19.468,   0.0,    2.0, -2.0, 0.00,  0.00,  0.00, 0.0,  0.0,  0.0
2857693.23945110, 7.7625,  0.892029, 19.468,   0.0,    2.0, -2.0, 0.00,  0.00,  0.00, 0.0,  0.0,  0.0
2857693.24195110, 7.7650,  0.313265, 19.468,   0.0,    2.0, -2.0, 0.00,  0.00,  0.00, 0.0,  0.0,  0.0
2857693.24445110, 7.7675, -0.150502, 19.468,   0.0,    2.0, -2.0, 0.00,  0.00,  0.00, 0.0,  0.0,  0.0
2857693.24695110, 7.7700, -0.502949, 19.468,   0.0,    2.0, -2.0, 0.00,  0.00,  0.00, 0.0,  0.0,  0.0
2857693.24945110, 7.7725, -1.188178, 19.468,   0.0,    2.0, -2.0, 0.00,  0.00,  0.00, 0.0,  0.0,  0.0
2857693.25195110, 7.7750, -2.405444, 19.468,   0.0,    2.0, -2.0, 0.00,  0.00,  0.00, 0.0,  0.0,  0.0
2857693.25445110, 7.7775, -0.242381, 19.468,   0.0,    2.0, -2.0, 0.00,  0.00,  0.00, 0.0,  0.0,  0.0
2857693.25695110, 7.7800,  1.544610, 19.468,   0.0,    2.0, -2.0, 0.00,  0.00,  0.00, 0.0,  0.0,  0.0
2857693.25945110, 7.7825,  1.778742, 19.468,   0.0,    2.0, -2.0, 0.00,  0.00,  0.00, 0.0,  0.0,  0.0
2857693.26195110, 7.7850,  1.469453, 19.468,   0.0,    2.0, -2.0, 0.00,  0.00,  0.00, 0.0,  0.0,  0.0
2857693.26445110, 7.7875,  1.160165, 19.468,   0.0,    2.0, -2.0, 0.00,  0.00,  0.00, 0.0,  0.0,  0.0
2857693.26695110, 7.7900,  0.850877, 19.468,   0.0,    2.0, -2.0, 0.00,  0.00,  0.00, 0.0,  0.0,  0.0
2857693.26945110, 7.7925, -1.769848, 19.468,   0.0,    2.0, -2.0, 0.00,  0.00,  0.00, 0.0,  0.0,  0.0
2857693.27195110, 7.7950, -0.315263, 19.468,   0.0,    2.0, -2.0, 0.00,  0.00,  0.00, 0.0,  0.0,  0.0
2857693.27445110, 7.7975,  1.069394, 19.468,   0.0,    2.0, -2.0, 0.00,  0.00,  0.00, 0.0,  0.0,  0.0
2857693.27695110, 7.8000,  1.223413, 19.468,   0.0,    2.0, -2.0, 0.00,  0.00,  0.00, 0.0,  0.0,  0.0
2857693.27945110, 7.8025,  1.377431, 19.468,   0.0,    2.0, -2.0, 0.00,  0.00,  0.00, 0.0,  0.0,  0.0
2857693.28195110, 7.8050,  0.619184, 19.468,   0.0,    2.0, -2.0, 0.00,  0.00,  0.00, 0.0,  0.0,  0.0
2857693.28445110, 7.8075, -0.704405, 19.468,   0.0,    2.0, -2.0, 0.00,  0.00,  0.00, 0.0,  0.0,  0.0
2857693.28695110, 7.8100, -1.082413, 19.468,   0.0,    2.0, -2.0, 0.00,  0.00,  0.00, 0.0,  0.0,  0.0
2857693.28945110, 7.8125, -1.460421, 19.468,   0.0,    2.0, -2.0, 0.00,  0.00,  0.00, 0.0,  0.0,  0.0
2857693.29195110, 7.8150, -1.838429, 19.468,   0.0,    2.0, -2.0, 0.00,  0.00,  0.00, 0.0,  0.0,  0.0
2857693.29445110, 7.8175, -1.678512, 19.468,   0.0,    2.0, -2.0, 0.00,  0.00,  0.00, 0.0,  0.0,  0.0
2857693.29695110, 7.8200,  1.115966, 19.468,   0.0,    2.0, -2.0, 0.00,  0.00,  0.00, 0.0,  0.0,  0.0
2857693.29945110, 7.8225,  1.817130, 19.468,   0.0,    2.0, -2.0, 0.00,  0.00,  0.00, 0.0,  0.0,  0.0
2857693.30195110, 7.8250,  1.849542, 19.468,   0.0,    2.0, -2.0, 0.00,  0.00,  0.00, 0.0,  0.0,  0.0
2857693.30445110, 7.8275,  1.881954, 19.468,   0.0,    2.0, -2.0, 0.00,  0.00,  0.00, 0.0,  0.0,  0.0
2857693.30695110, 7.8300,  0.462867, 19.468,   0.0,    2.0, -2.0, 0.00,  0.00,  0.00, 0.0,  0.0,  0.0
2857693.30945110, 7.8325, -2.353919, 19.468,   0.0,    2.0, -2.0, 0.00,  0.00,  0.00, 0.0,  0.0,  0.0
2857693.31195110, 7.8350, -1.133002, 19.468,   0.0,    2.0, -2.0, 0.00,  0.00,  0.00, 0.0,  0.0,  0.0
2857693.31695110, 7.8400,  1.308834, 19.468,   0.0,    2.0, -2.0, 0.00,  0.00,  0.00, 0.0,  0.0,  0.0
2857693.31945110, 7.8425,  1.797606, 19.468,   0.0,    2.0, -2.0, 0.00,  0.00,  0.00, 0.0,  0.0,  0.0
2857693.32195110, 7.8450,  1.175981, 19.468,   0.0,    2.0, -2.0, 0.00,  0.00,  0.00, 0.0,  0.0,  0.0
2857693.32445110, 7.8475,  0.554357, 19.468,   0.0,    2.0, -2.0, 0.00,  0.00,  0.00, 0.0,  0.0,  0.0
2857693.32695110, 7.8500, -0.803169, 19.468,   0.0,    2.0, -2.0, 0.00,  0.00,  0.00, 0.0,  0.0,  0.0
2857693.32945110, 7.8525, -1.913591, 19.468,   0.0,    2.0, -2.0, 0.00,  0.00,  0.00, 0.0,  0.0,  0.0
2857693.33195110, 7.8550, -2.506603, 19.468,   0.0,    2.0, -2.0, 0.00,  0.00,  0.00, 0.0,  0.0,  0.0
2857693.33445110, 7.8575,  0.524762, 19.468,   0.0,    2.0, -2.0, 0.00,  0.00,  0.00, 0.0,  0.0,  0.0
2857693.33695110, 7.8600,  1.856849, 19.468,   0.0,    2.0, -2.0, 0.00,  0.00,  0.00, 0.0,  0.0,  0.0
2857693.33945110, 7.8625,  1.746775, 19.468,   0.0,    2.0, -2.0, 0.00,  0.00,  0.00, 0.0,  0.0,  0.0
2857693.34195110, 7.8650,  1.597595, 19.468,   0.0,    2.0, -2.0, 0.00,  0.00,  0.00, 0.0,  0.0,  0.0
2857693.34445110, 7.8675,  1.448414, 19.468,   0.0,    2.0, -2.0, 0.00,  0.00,  0.00, 0.0,  0.0,  0.0
2857693.34695110, 7.8700, -1.651053, 19.468,   0.0,    2.0, -2.0, 0.00,  0.00,  0.00, 0.0,  0.0,  0.0
2857693.34945110, 7.8725, -2.247085, 19.468,   0.0,    2.0, -2.0, 0.00,  0.00,  0.00, 0.0,  0.0,  0.0
2857693.35195110, 7.8750, -1.396648, 19.468,   0.0,    2.0, -2.0, 0.00,  0.00,  0.00, 0.0,  0.0,  0.0
2857693.35445110, 7.8775, -0.546210, 19.468,   0.0,    2.0, -2.0, 0.00,  0.00,  0.00, 0.0,  0.0,  0.0
2857693.35695110, 7.8800,  1.432595, 19.468,   0.0,    2.0, -2.0, 0.00,  0.00,  0.00, 0.0,  0.0,  0.0
2857693.35945110, 7.8825,  1.505948, 19.468,   0.0,    2.0, -2.0, 0.00,  0.00,  0.00, 0.0,  0.0,  0.0
2857693.36195110, 7.8850,  0.440278, 19.468,   0.0,    2.0, -2.0, 0.00,  0.00,  0.00, 0.0,  0.0,  0.0
2857693.36445110, 7.8875, -0.098259, 19.468,   0.0,    2.0, -2.0, 0.00,  0.00,  0.00, 0.0,  0.0,  0.0
2857693.36695110, 7.8900, -0.285375, 19.468,   0.0,    2.0, -2.0, 0.00,  0.00,  0.00, 0.0,  0.0,  0.0
2857693.36945110, 7.8925, -0.472491, 19.468,   0.0,    2.0, -2.0, 0.00,  0.00,  0.00, 0.0,  0.0,  0.0
2857693.37195110, 7.8950,  0.275199, 19.468,   0.0,    2.0, -2.0, 0.00,  0.00,  0.00, 0.0,  0.0,  0.0
2857693.37445110, 7.8975,  1.086973, 19.468,   0.0,    2.0, -2.0, 0.00,  0.00,  0.00, 0.0,  0.0,  0.0
2857693.37695110, 7.9000,  1.086973, 19.468,   0.0,    2.0, -2.0, 0.00,  0.00,  0.00, 0.0,  0.0,  0.0
2857693.37945110, 7.9025,  1.314379, 19.468,   0.0,    2.0, -2.0, 0.00,  0.00,  0.00, 0.0,  0.0,  0.0
2857693.38195110, 7.9050,  1.697503, 19.468,   0.0,    2.0, -2.0, 0.00,  0.00,  0.00, 0.0,  0.0,  0.0
2857693.38445110, 7.9075, -0.136469, 19.468,   0.0,    2.0, -2.0, 0.00,  0.00,  0.00, 0.0,  0.0,  0.0
2857693.38695110, 7.9100, -1.549639, 19.468,   0.0,    2.0, -2.0, 0.00,  0.00,  0.00, 0.0,  0.0,  0.0
2857693.38945110, 7.9125, -2.094545, 19.468,   0.0,    2.0, -2.0, 0.00,  0.00,  0.00, 0.0,  0.0,  0.0
2857693.39195110, 7.9150, -2.428796, 19.468,   0.0,    2.0, -2.0, 0.00,  0.00,  0.00, 0.0,  0.0,  0.0
2857693.39445110, 7.9175, -1.709473, 19.468,   0.0,    2.0, -2.0, 0.00,  0.00,  0.00, 0.0,  0.0,  0.0
2857693.39695110, 7.9200,  1.745296, 19.468,   0.0,    2.0, -2.0, 0.00,  0.00,  0.00, 0.0,  0.0,  0.0
2857693.39945110, 7.9225,  1.730952, 19.468,   0.0,    2.0, -2.0, 0.00,  0.00,  0.00, 0.0,  0.0,  0.0
2857693.40195110, 7.9250,  1.716609, 19.468,   0.0,    2.0, -2.0, 0.00,  0.00,  0.00, 0.0,  0.0,  0.0
2857693.40445110, 7.9275,  1.013726, 19.468,   0.0,    2.0, -2.0, 0.00,  0.00,  0.00, 0.0,  0.0,  0.0
2857693.40695110, 7.9300, -1.069307, 19.468,   0.0,    2.0, -2.0, 0.00,  0.00,  0.00, 0.0,  0.0,  0.0
2857693.40945110, 7.9325, -2.189311, 19.468,   0.0,    2.0, -2.0, 0.00,  0.00,  0.00, 0.0,  0.0,  0.0
2857693.41195110, 7.9350, -2.396680, 19.468,   0.0,    2.0, -2.0, 0.00,  0.00,  0.00, 0.0,  0.0,  0.0
2857693.41445110, 7.9375,  1.062970, 19.468,   0.0,    2.0, -2.0, 0.00,  0.00,  0.00, 0.0,  0.0,  0.0
2857693.41695110, 7.9400,  1.411050, 19.468,   0.0,    2.0, -2.0, 0.00,  0.00,  0.00, 0.0,  0.0,  0.0
2857693.41945110, 7.9425,  1.500705, 19.468,   0.0,    2.0, -2.0, 0.00,  0.00,  0.00, 0.0,  0.0,  0.0
2857693.42195110, 7.9450,  1.590360, 19.468,   0.0,    2.0, -2.0, 0.00,  0.00,  0.00, 0.0,  0.0,  0.0
2857693.42445110, 7.9475,  1.680014, 19.468,   0.0,    2.0, -2.0, 0.00,  0.00,  0.00, 0.0,  0.0,  0.0
2857693.42695110, 7.9500, -1.652659, 19.468,   0.0,    2.0, -2.0, 0.00,  0.00,  0.00, 0.0,  0.0,  0.0
2857693.42945110, 7.9525, -2.105457, 19.468,   0.0,    2.0, -2.0, 0.00,  0.00,  0.00, 0.0,  0.0,  0.0
2857693.43195110, 7.9550, -0.393674, 19.468,   0.0,    2.0, -2.0, 0.00,  0.00,  0.00, 0.0,  0.0,  0.0
2857693.43445110, 7.9575,  0.508256, 19.468,   0.0,    2.0, -2.0, 0.00,  0.00,  0.00, 0.0,  0.0,  0.0
2857693.43695110, 7.9600,  1.397807, 19.468,   0.0,    2.0, -2.0, 0.00,  0.00,  0.00, 0.0,  0.0,  0.0
2857693.43945110, 7.9625,  1.792125, 19.468,   0.0,    2.0, -2.0, 0.00,  0.00,  0.00, 0.0,  0.0,  0.0
2857693.44195110, 7.9650,  0.987405, 19.468,   0.0,    2.0, -2.0, 0.00,  0.00,  0.00, 0.0,  0.0,  0.0
2857693.44445110, 7.9675,  0.547520, 19.468,   0.0,    2.0, -2.0, 0.00,  0.00,  0.00, 0.0,  0.0,  0.0
2857693.44695110, 7.9700,  0.275157, 19.468,   0.0,    2.0, -2.0, 0.00,  0.00,  0.00, 0.0,  0.0,  0.0
2857693.44945110, 7.9725,  0.002795, 19.468,   0.0,    2.0, -2.0, 0.00,  0.00,  0.00, 0.0,  0.0,  0.0
2857693.45195110, 7.9750, -0.269568, 19.468,   0.0,    2.0, -2.0, 0.00,  0.00,  0.00, 0.0,  0.0,  0.0
2857693.45445110, 7.9775,  1.001395, 19.468,   0.0,    2.0, -2.0, 0.00,  0.00,  0.00, 0.0,  0.0,  0.0
2857693.45695110, 7.9800,  1.353484, 19.468,   0.0,    2.0, -2.0, 0.00,  0.00,  0.00, 0.0,  0.0,  0.0
2857693.45945110, 7.9825,  1.659029, 19.468,   0.0,    2.0, -2.0, 0.00,  0.00,  0.00, 0.0,  0.0,  0.0
2857693.46195110, 7.9850,  1.241625, 19.468,   0.0,    2.0, -2.0, 0.00,  0.00,  0.00, 0.0,  0.0,  0.0
2857693.46445110, 7.9875,  0.652298, 19.468,   0.0,    2.0, -2.0, 0.00,  0.00,  0.00, 0.0,  0.0,  0.0
2857693.46695110, 7.9900, -1.138936, 19.468,   0.0,    2.0, -2.0, 0.00,  0.00,  0.00, 0.0,  0.0,  0.0
2857693.46945110, 7.9925, -2.513835, 19.468,   0.0,    2.0, -2.0, 0.00,  0.00,  0.00, 0.0,  0.0,  0.0
2857693.47195110, 7.9950, -2.824572, 19.468,   0.0,    2.0, -2.0, 0.00,  0.00,  0.00, 0.0,  0.0,  0.0
2857693.47445110, 7.9975, -3.135309, 19.468,   0.0,    2.0, -2.0, 0.00,  0.00,  0.00, 0.0,  0.0,  0.0
2857693.47695110, 8.0000,  1.809937, 19.468,   0.0,    2.0, -2.0, 0.00,  0.00,  0.00, 0.0,  0.0,  0.0
2857693.47945110, 8.0025,  1.546744, 19.468,   0.0,    2.0, -2.0, 0.00,  0.00,  0.00, 0.0,  0.0,  0.0
2857693.48195110, 8.0050,  1.283552, 19.468,   0.0,    2.0, -2.0, 0.00,  0.00,  0.00, 0.0,  0.0,  0.0
2857693.48695110, 8.0100, -0.863069, 19.468,   0.0,    2.0, -2.0, 0.00,  0.00,  0.00, 0.0,  0.0,  0.0
2857693.48945110, 8.0125, -1.940793, 19.468,   0.0,    2.0, -2.0, 0.00,  0.00,  0.00, 0.0,  0.0,  0.0
2857693.49195110, 8.0150, -2.626221, 19.468,   0.0,    2.0, -2.0, 0.00,  0.00,  0.00, 0.0,  0.0,  0.0
2857693.49445110, 8.0175,  0.175326, 19.468,   0.0,    2.0, -2.0, 0.00,  0.00,  0.00, 0.0,  0.0,  0.0
2857693.49695110, 8.0200,  1.919983, 19.468,   0.0,    2.0, -2.0, 0.00,  0.00,  0.00, 0.0,  0.0,  0.0
2857693.49945110, 8.0225,  1.986859, 19.468,   0.0,    2.0, -2.0, 0.00,  0.00,  0.00, 0.0,  0.0,  0.0
2857693.50195110, 8.0250,  1.883447, 19.468,   0.0,    2.0, -2.0, 0.00,  0.00,  0.00, 0.0,  0.0,  0.0
2857693.50445110, 8.0275,  0.203993, 19.468,   0.0,    2.0, -2.0, 0.00,  0.00,  0.00, 0.0,  0.0,  0.0
2857693.50695110, 8.0300, -1.542556, 19.468,   0.0,    2.0, -2.0, 0.00,  0.00,  0.00, 0.0,  0.0,  0.0
2857693.50945110, 8.0325, -1.973468, 19.468,   0.0,    2.0, -2.0, 0.00,  0.00,  0.00, 0.0,  0.0,  0.0
2857693.51195110, 8.0350, -1.585830, 19.468,   0.0,    2.0, -2.0, 0.00,  0.00,  0.00, 0.0,  0.0,  0.0
2857693.51445110, 8.0375, -1.027245, 19.468,   0.0,    2.0, -2.0, 0.00,  0.00,  0.00, 0.0,  0.0,  0.0
2857693.51695110, 8.0400,  1.190532, 19.468,   0.0,    2.0, -2.0, 0.00,  0.00,  0.00, 0.0,  0.0,  0.0
2857693.51945110, 8.0425,  2.018884, 19.468,   0.0,    2.0, -2.0, 0.00,  0.00,  0.00, 0.0,  0.0,  0.0
2857693.52195110, 8.0450,  1.673233, 19.468,   0.0,    2.0, -2.0, 0.00,  0.00,  0.00, 0.0,  0.0,  0.0
2857693.52445110, 8.0475,  1.327582, 19.468,   0.0,    2.0, -2.0, 0.00,  0.00,  0.00, 0.0,  0.0,  0.0
2857693.52695110, 8.0500,  0.981931, 19.468,   0.0,    2.0, -2.0, 0.00,  0.00,  0.00, 0.0,  0.0,  0.0
2857693.52945110, 8.0525,  0.636280, 19.468,   0.0,    2.0, -2.0, 0.00,  0.00,  0.00, 0.0,  0.0,  0.0
2857693.53195110, 8.0550,  0.421082, 19.468,   0.0,    2.0, -2.0, 0.00,  0.00,  0.00, 0.0,  0.0,  0.0
2857693.53445110, 8.0575,  0.688251, 19.468,   0.0,    2.0, -2.0, 0.00,  0.00,  0.00, 0.0,  0.0,  0.0
2857693.53695110, 8.0600,  0.955421, 19.468,   0.0,    2.0, -2.0, 0.00,  0.00,  0.00, 0.0,  0.0,  0.0
2857693.53945110, 8.0625,  1.222590, 19.468,   0.0,    2.0, -2.0, 0.00,  0.00,  0.00, 0.0,  0.0,  0.0
2857693.54195110, 8.0650,  1.287710, 19.468,   0.0,    2.0, -2.0, 0.00,  0.00,  0.00, 0.0,  0.0,  0.0
2857693.54445110, 8.0675, -0.049935, 19.468,   0.0,    2.0, -2.0, 0.00,  0.00,  0.00, 0.0,  0.0,  0.0
2857693.54695110, 8.0700, -0.473526, 19.468,   0.0,    2.0, -2.0, 0.00,  0.00,  0.00, 0.0,  0.0,  0.0
2857693.54945110, 8.0725, -0.897116, 19.468,   0.0,    2.0, -2.0, 0.00,  0.00,  0.00, 0.0,  0.0,  0.0
2857693.55195110, 8.0750, -1.320707, 19.468,   0.0,    2.0, -2.0, 0.00,  0.00,  0.00, 0.0,  0.0,  0.0
2857693.55445110, 8.0775, -1.656389, 19.468,   0.0,    2.0, -2.0, 0.00,  0.00,  0.00, 0.0,  0.0,  0.0
2857693.55695110, 8.0800, -0.850136, 19.468,   0.0,    2.0, -2.0, 0.00,  0.00,  0.00, 0.0,  0.0,  0.0
2857693.55945110, 8.0825, -0.043883, 19.468,   0.0,    2.0, -2.0, 0.00,  0.00,  0.00, 0.0,  0.0,  0.0
2857693.56195110, 8.0850,  0.762369, 19.468,   0.0,    2.0, -2.0, 0.00,  0.00,  0.00, 0.0,  0.0,  0.0
2857693.56445110, 8.0875,  1.568622, 19.468,   0.0,    2.0, -2.0, 0.00,  0.00,  0.00, 0.0,  0.0,  0.0
2857693.56695110, 8.0900, -0.482686, 19.468,   0.0,    2.0, -2.0, 0.00,  0.00,  0.00, 0.0,  0.0,  0.0
2857693.56945110, 8.0925, -1.544304, 19.468,   0.0,    2.0, -2.0, 0.00,  0.00,  0.00, 0.0,  0.0,  0.0
2857693.57195110, 8.0950, -0.733915, 19.468,   0.0,    2.0, -2.0, 0.00,  0.00,  0.00, 0.0,  0.0,  0.0
2857693.57445110, 8.0975,  0.586018, 19.468,   0.0,    2.0, -2.0, 0.00,  0.00,  0.00, 0.0,  0.0,  0.0
2857693.57695110, 8.1000,  1.790314, 19.468,   0.0,    2.0, -2.0, 0.00,  0.00,  0.00, 0.0,  0.0,  0.0
2857693.57945110, 8.1025,  1.817072, 19.468,   0.0,    2.0, -2.0, 0.00,  0.00,  0.00, 0.0,  0.0,  0.0
2857693.58195110, 8.1050,  1.263416, 19.468,   0.0,    2.0, -2.0, 0.00,  0.00,  0.00, 0.0,  0.0,  0.0
2857693.58445110, 8.1075,  0.699017, 19.468,   0.0,    2.0, -2.0, 0.00,  0.00,  0.00, 0.0,  0.0,  0.0
2857693.58695110, 8.1100, -1.651593, 19.468,   0.0,    2.0, -2.0, 0.00,  0.00,  0.00, 0.0,  0.0,  0.0
2857693.58945110, 8.1125, -1.881845, 19.468,   0.0,    2.0, -2.0, 0.00,  0.00,  0.00, 0.0,  0.0,  0.0
2857693.59195110, 8.1150, -1.177283, 19.468,   0.0,    2.0, -2.0, 0.00,  0.00,  0.00, 0.0,  0.0,  0.0
2857693.59445110, 8.1175, -0.472721, 19.468,   0.0,    2.0, -2.0, 0.00,  0.00,  0.00, 0.0,  0.0,  0.0
2857693.59695110, 8.1200,  0.610845, 19.468,   0.0,    2.0, -2.0, 0.00,  0.00,  0.00, 0.0,  0.0,  0.0
2857693.59945110, 8.1225,  1.258026, 19.468,   0.0,    2.0, -2.0, 0.00,  0.00,  0.00, 0.0,  0.0,  0.0
2857693.60195110, 8.1250,  1.045711, 19.468,   0.0,    2.0, -2.0, 0.00,  0.00,  0.00, 0.0,  0.0,  0.0
2857693.60445110, 8.1275,  0.667253, 19.468,   0.0,    2.0, -2.0, 0.00,  0.00,  0.00, 0.0,  0.0,  0.0
2857693.60695110, 8.1300,  0.288795, 19.468,   0.0,    2.0, -2.0, 0.00,  0.00,  0.00, 0.0,  0.0,  0.0
2857693.60945110, 8.1325, -0.089663, 19.468,   0.0,    2.0, -2.0, 0.00,  0.00,  0.00, 0.0,  0.0,  0.0
2857693.61195110, 8.1350,  0.621743, 19.468,   0.0,    2.0, -2.0, 0.00,  0.00,  0.00, 0.0,  0.0,  0.0
2857693.61445110, 8.1375,  1.466584, 19.468,   0.0,    2.0, -2.0, 0.00,  0.00,  0.00, 0.0,  0.0,  0.0
2857693.61695110, 8.1400,  1.535482, 19.468,   0.0,    2.0, -2.0, 0.00,  0.00,  0.00, 0.0,  0.0,  0.0
2857693.61945110, 8.1425,  1.604380, 19.468,   0.0,    2.0, -2.0, 0.00,  0.00,  0.00, 0.0,  0.0,  0.0
2857693.62195110, 8.1450,  1.673278, 19.468,   0.0,    2.0, -2.0, 0.00,  0.00,  0.00, 0.0,  0.0,  0.0
2857693.62445110, 8.1475, -0.062700, 19.468,   0.0,    2.0, -2.0, 0.00,  0.00,  0.00, 0.0,  0.0,  0.0
2857693.62695110, 8.1500, -1.198803, 19.468,   0.0,    2.0, -2.0, 0.00,  0.00,  0.00, 0.0,  0.0,  0.0
2857693.62945110, 8.1525, -1.838368, 19.468,   0.0,    2.0, -2.0, 0.00,  0.00,  0.00, 0.0,  0.0,  0.0
2857693.63195110, 8.1550, -2.477932, 19.468,   0.0,    2.0, -2.0, 0.00,  0.00,  0.00, 0.0,  0.0,  0.0
2857693.63445110, 8.1575, -0.276301, 19.468,   0.0,    2.0, -2.0, 0.00,  0.00,  0.00, 0.0,  0.0,  0.0
2857693.63695110, 8.1600,  1.306550, 19.468,   0.0,    2.0, -2.0, 0.00,  0.00,  0.00, 0.0,  0.0,  0.0
2857693.63945110, 8.1625,  1.454958, 19.468,   0.0,    2.0, -2.0, 0.00,  0.00,  0.00, 0.0,  0.0,  0.0
2857693.64195110, 8.1650,  1.603366, 19.468,   0.0,    2.0, -2.0, 0.00,  0.00,  0.00, 0.0,  0.0,  0.0
2857693.64445110, 8.1675,  0.091548, 19.468,   0.0,    2.0, -2.0, 0.00,  0.00,  0.00, 0.0,  0.0,  0.0
2857693.64695110, 8.1700, -1.488095, 19.468,   0.0,    2.0, -2.0, 0.00,  0.00,  0.00, 0.0,  0.0,  0.0
2857693.64945110, 8.1725, -2.362149, 19.468,   0.0,    2.0, -2.0, 0.00,  0.00,  0.00, 0.0,  0.0,  0.0
2857693.65195110, 8.1750, -0.641272, 19.468,   0.0,    2.0, -2.0, 0.00,  0.00,  0.00, 0.0,  0.0,  0.0
2857693.65445110, 8.1775,  0.750673, 19.468,   0.0,    2.0, -2.0, 0.00,  0.00,  0.00, 0.0,  0.0,  0.0
2857693.65695110, 8.1800,  0.904783, 19.468,   0.0,    2.0, -2.0, 0.00,  0.00,  0.00, 0.0,  0.0,  0.0
2857693.65945110, 8.1825,  1.058894, 19.468,   0.0,    2.0, -2.0, 0.00,  0.00,  0.00, 0.0,  0.0,  0.0
2857693.66195110, 8.1850,  0.334398, 19.468,   0.0,    2.0, -2.0, 0.00,  0.00,  0.00, 0.0,  0.0,  0.0
2857693.66445110, 8.1875, -1.066524, 19.468,   0.0,    2.0, -2.0, 0.00,  0.00,  0.00, 0.0,  0.0,  0.0
2857693.66695110, 8.1900, -1.999063, 19.468,   0.0,    2.0, -2.0, 0.00,  0.00,  0.00, 0.0,  0.0,  0.0
2857693.66945110, 8.1925, -2.522201, 19.468,   0.0,    2.0, -2.0, 0.00,  0.00,  0.00, 0.0,  0.0,  0.0
2857693.67195110, 8.1950, -0.559947, 19.468,   0.0,    2.0, -2.0, 0.00,  0.00,  0.00, 0.0,  0.0,  0.0
2857693.67445110, 8.1975,  1.097663, 19.468,   0.0,    2.0, -2.0, 0.00,  0.00,  0.00, 0.0,  0.0,  0.0
2857693.67695110, 8.2000,  1.216274, 19.468,   0.0,    2.0, -2.0, 0.00,  0.00,  0.00, 0.0,  0.0,  0.0
2857693.67945110, 8.2025,  1.355868, 19.468,   0.0,    2.0, -2.0, 0.00,  0.00,  0.00, 0.0,  0.0,  0.0
2857693.68195110, 8.2050,  1.495463, 19.468,   0.0,    2.0, -2.0, 0.00,  0.00,  0.00, 0.0,  0.0,  0.0
2857693.68445110, 8.2075,  1.635057, 19.468,   0.0,    2.0, -2.0, 0.00,  0.00,  0.00, 0.0,  0.0,  0.0
2857693.68695110, 8.2100, -0.858509, 19.468,   0.0,    2.0, -2.0, 0.00,  0.00,  0.00, 0.0,  0.0,  0.0
2857693.68945110, 8.2125, -2.943462, 19.468,   0.0,    2.0, -2.0, 0.00,  0.00,  0.00, 0.0,  0.0,  0.0
2857693.69195110, 8.2150, -2.071190, 19.468,   0.0,    2.0, -2.0, 0.00,  0.00,  0.00, 0.0,  0.0,  0.0
2857693.69445110, 8.2175, -0.971995, 19.468,   0.0,    2.0, -2.0, 0.00,  0.00,  0.00, 0.0,  0.0,  0.0
2857693.69695110, 8.2200,  0.483669, 19.468,   0.0,    2.0, -2.0, 0.00,  0.00,  0.00, 0.0,  0.0,  0.0
2857693.69945110, 8.2225,  1.785331, 19.468,   0.0,    2.0, -2.0, 0.00,  0.00,  0.00, 0.0,  0.0,  0.0
2857693.70195110, 8.2250,  0.527742, 19.468,   0.0,    2.0, -2.0, 0.00,  0.00,  0.00, 0.0,  0.0,  0.0
2857693.70445110, 8.2275, -0.096137, 19.468,   0.0,    2.0, -2.0, 0.00,  0.00,  0.00, 0.0,  0.0,  0.0
2857693.70695110, 8.2300, -0.506066, 19.468,   0.0,    2.0, -2.0, 0.00,  0.00,  0.00, 0.0,  0.0,  0.0
2857693.70945110, 8.2325, -0.915995, 19.468,   0.0,    2.0, -2.0, 0.00,  0.00,  0.00, 0.0,  0.0,  0.0
2857693.71195110, 8.2350, -0.627709, 19.468,   0.0,    2.0, -2.0, 0.00,  0.00,  0.00, 0.0,  0.0,  0.0
2857693.71445110, 8.2375, -0.107131, 19.468,   0.0,    2.0, -2.0, 0.00,  0.00,  0.00, 0.0,  0.0,  0.0
2857693.71695110, 8.2400,  0.413448, 19.468,   0.0,    2.0, -2.0, 0.00,  0.00,  0.00, 0.0,  0.0,  0.0
2857693.71945110, 8.2425,  1.782529, 19.468,   0.0,    2.0, -2.0, 0.00,  0.00,  0.00, 0.0,  0.0,  0.0
2857693.72195110, 8.2450,  1.126965, 19.468,   0.0,    2.0, -2.0, 0.00,  0.00,  0.00, 0.0,  0.0,  0.0
2857693.72445110, 8.2475,  0.064315, 19.468,   0.0,    2.0, -2.0, 0.00,  0.00,  0.00, 0.0,  0.0,  0.0
2857693.72695110, 8.2500, -1.188016, 19.468,   0.0,    2.0, -2.0, 0.00,  0.00,  0.00, 0.0,  0.0,  0.0
2857693.72945110, 8.2525, -2.640604, 19.468,   0.0,    2.0, -2.0, 0.00,  0.00,  0.00, 0.0,  0.0,  0.0
2857693.73195110, 8.2550, -0.556756, 19.468,   0.0,    2.0, -2.0, 0.00,  0.00,  0.00, 0.0,  0.0,  0.0
2857693.73445110, 8.2575,  0.451737, 19.468,   0.0,    2.0, -2.0, 0.00,  0.00,  0.00, 0.0,  0.0,  0.0
2857693.73695110, 8.2600,  1.366373, 19.468,   0.0,    2.0, -2.0, 0.00,  0.00,  0.00, 0.0,  0.0,  0.0
2857693.73945110, 8.2625,  1.685658, 19.468,   0.0,    2.0, -2.0, 0.00,  0.00,  0.00, 0.0,  0.0,  0.0
2857693.74195110, 8.2650,  0.316181, 19.468,   0.0,    2.0, -2.0, 0.00,  0.00,  0.00, 0.0,  0.0,  0.0
2857693.74445110, 8.2675, -0.736959, 19.468,   0.0,    2.0, -2.0, 0.00,  0.00,  0.00, 0.0,  0.0,  0.0
2857693.74695110, 8.2700, -1.494328, 19.468,   0.0,    2.0, -2.0, 0.00,  0.00,  0.00, 0.0,  0.0,  0.0
2857693.74945110, 8.2725, -1.554255, 19.468,   0.0,    2.0, -2.0, 0.00,  0.00,  0.00, 0.0,  0.0,  0.0
2857693.75195110, 8.2750,  0.282501, 19.468,   0.0,    2.0, -2.0, 0.00,  0.00,  0.00, 0.0,  0.0,  0.0
2857693.75445110, 8.2775,  1.044209, 19.468,   0.0,    2.0, -2.0, 0.00,  0.00,  0.00, 0.0,  0.0,  0.0
2857693.75695110, 8.2800,  1.044209, 19.468,   0.0,    2.0, -2.0, 0.00,  0.00,  0.00, 0.0,  0.0,  0.0
2857693.75945110, 8.2825,  1.044209, 19.468,   0.0,    2.0, -2.0, 0.00,  0.00,  0.00, 0.0,  0.0,  0.0
2857693.76195110, 8.2850,  1.044209, 19.468,   0.0,    2.0, -2.0, 0.00,  0.00,  0.00, 0.0,  0.0,  0.0
2857693.76445110, 8.2875,  0.204582, 19.468,   0.0,    2.0, -2.0, 0.00,  0.00,  0.00, 0.0,  0.0,  0.0
2857693.76695110, 8.2900, -1.332570, 19.468,   0.0,    2.0, -2.0, 0.00,  0.00,  0.00, 0.0,  0.0,  0.0
2857693.76945110, 8.2925, -1.634333, 19.468,   0.0,    2.0, -2.0, 0.00,  0.00,  0.00, 0.0,  0.0,  0.0
2857693.77195110, 8.2950, -1.936097, 19.468,   0.0,    2.0, -2.0, 0.00,  0.00,  0.00, 0.0,  0.0,  0.0
2857693.77445110, 8.2975, -2.237861, 19.468,   0.0,    2.0, -2.0, 0.00,  0.00,  0.00, 0.0,  0.0,  0.0
2857693.77695110, 8.3000, -0.452250, 19.468,   0.0,    2.0, -2.0, 0.00,  0.00,  0.00, 0.0,  0.0,  0.0
2857693.77945110, 8.3025,  1.458798, 19.468,   0.0,    2.0, -2.0, 0.00,  0.00,  0.00, 0.0,  0.0,  0.0
2857693.78195110, 8.3050,  1.059112, 19.468,   0.0,    2.0, -2.0, 0.00,  0.00,  0.00, 0.0,  0.0,  0.0
2857693.78445110, 8.3075,  0.659427, 19.468,   0.0,    2.0, -2.0, 0.00,  0.00,  0.00, 0.0,  0.0,  0.0
2857693.78695110, 8.3100, -1.310056, 19.468,   0.0,    2.0, -2.0, 0.00,  0.00,  0.00, 0.0,  0.0,  0.0
2857693.78945110, 8.3125, -2.041539, 19.468,   0.0,    2.0, -2.0, 0.00,  0.00,  0.00, 0.0,  0.0,  0.0
2857693.79195110, 8.3150, -2.424627, 19.468,   0.0,    2.0, -2.0, 0.00,  0.00,  0.00, 0.0,  0.0,  0.0
2857693.79695110, 8.3200,  0.479547, 19.468,   0.0,    2.0, -2.0, 0.00,  0.00,  0.00, 0.0,  0.0,  0.0
2857693.79945110, 8.3225,  1.858333, 19.468,   0.0,    2.0, -2.0, 0.00,  0.00,  0.00, 0.0,  0.0,  0.0
2857693.80195110, 8.3250,  1.093590, 19.468,   0.0,    2.0, -2.0, 0.00,  0.00,  0.00, 0.0,  0.0,  0.0
2857693.80445110, 8.3275, -0.958513, 19.468,   0.0,    2.0, -2.0, 0.00,  0.00,  0.00, 0.0,  0.0,  0.0
2857693.80695110, 8.3300, -1.106835, 19.468,   0.0,    2.0, -2.0, 0.00,  0.00,  0.00, 0.0,  0.0,  0.0
2857693.80945110, 8.3325, -1.483034, 19.468,   0.0,    2.0, -2.0, 0.00,  0.00,  0.00, 0.0,  0.0,  0.0
2857693.81195110, 8.3350, -1.859234, 19.468,   0.0,    2.0, -2.0, 0.00,  0.00,  0.00, 0.0,  0.0,  0.0
2857693.81445110, 8.3375,  0.307135, 19.468,   0.0,    2.0, -2.0, 0.00,  0.00,  0.00, 0.0,  0.0,  0.0
2857693.81695110, 8.3400,  1.451378, 19.468,   0.0,    2.0, -2.0, 0.00,  0.00,  0.00, 0.0,  0.0,  0.0
2857693.81945110, 8.3425,  1.967955, 19.468,   0.0,    2.0, -2.0, 0.00,  0.00,  0.00, 0.0,  0.0,  0.0
2857693.82195110, 8.3450,  1.278543, 19.468,   0.0,    2.0, -2.0, 0.00,  0.00,  0.00, 0.0,  0.0,  0.0
2857693.82445110, 8.3475, -0.284763, 19.468,   0.0,    2.0, -2.0, 0.00,  0.00,  0.00, 0.0,  0.0,  0.0
2857693.82695110, 8.3500, -1.323303, 19.468,   0.0,    2.0, -2.0, 0.00,  0.00,  0.00, 0.0,  0.0,  0.0
2857693.82945110, 8.3525, -1.541917, 19.468,   0.0,    2.0, -2.0, 0.00,  0.00,  0.00, 0.0,  0.0,  0.0
2857693.83195110, 8.3550, -1.760531, 19.468,   0.0,    2.0, -2.0, 0.00,  0.00,  0.00, 0.0,  0.0,  0.0
2857693.83445110, 8.3575, -1.979145, 19.468,   0.0,    2.0, -2.0, 0.00,  0.00,  0.00, 0.0,  0.0,  0.0
2857693.83695110, 8.3600, -2.197759, 19.468,   0.0,    2.0, -2.0, 0.00,  0.00,  0.00, 0.0,  0.0,  0.0
2857693.83945110, 8.3625,  1.100822, 19.468,   0.0,    2.0, -2.0, 0.00,  0.00,  0.00, 0.0,  0.0,  0.0
2857693.84195110, 8.3650,  1.258787, 19.468,   0.0,    2.0, -2.0, 0.00,  0.00,  0.00, 0.0,  0.0,  0.0
2857693.84445110, 8.3675,  1.099416, 19.468,   0.0,    2.0, -2.0, 0.00,  0.00,  0.00, 0.0,  0.0,  0.0
2857693.84695110, 8.3700,  0.940045, 19.468,   0.0,    2.0, -2.0, 0.00,  0.00,  0.00, 0.0,  0.0,  0.0
2857693.84945110, 8.3725,  0.780674, 19.468,   0.0,    2.0, -2.0, 0.00,  0.00,  0.00, 0.0,  0.0,  0.0
2857693.85195110, 8.3750, -0.664910, 19.468,   0.0,    2.0, -2.0, 0.00,  0.00,  0.00, 0.0,  0.0,  0.0
2857693.85445110, 8.3775, -0.020173, 19.468,   0.0,    2.0, -2.0, 0.00,  0.00,  0.00, 0.0,  0.0,  0.0
2857693.85695110, 8.3800,  0.624565, 19.468,   0.0,    2.0, -2.0, 0.00,  0.00,  0.00, 0.0,  0.0,  0.0
2857693.85945110, 8.3825,  1.269303, 19.468,   0.0,    2.0, -2.0, 0.00,  0.00,  0.00, 0.0,  0.0,  0.0
2857693.86195110, 8.3850,  0.720503, 19.468,   0.0,    2.0, -2.0, 0.00,  0.00,  0.00, 0.0,  0.0,  0.0
2857693.86445110, 8.3875, -0.916859, 19.468,   0.0,    2.0, -2.0, 0.00,  0.00,  0.00, 0.0,  0.0,  0.0
2857693.86695110, 8.3900, -1.157632, 19.468,   0.0,    2.0, -2.0, 0.00,  0.00,  0.00, 0.0,  0.0,  0.0
2857693.86945110, 8.3925, -1.398404, 19.468,   0.0,    2.0, -2.0, 0.00,  0.00,  0.00, 0.0,  0.0,  0.0
2857693.87195110, 8.3950, -0.674910, 19.468,   0.0,    2.0, -2.0, 0.00,  0.00,  0.00, 0.0,  0.0,  0.0
2857693.87445110, 8.3975,  0.635583, 19.468,   0.0,    2.0, -2.0, 0.00,  0.00,  0.00, 0.0,  0.0,  0.0
2857693.87695110, 8.4000,  1.431863, 19.468,   0.0,    2.0, -2.0, 0.00,  0.00,  0.00, 0.0,  0.0,  0.0
2857693.87945110, 8.4025,  1.214519, 19.468,   0.0,    2.0, -2.0, 0.00,  0.00,  0.00, 0.0,  0.0,  0.0
2857693.88195110, 8.4050, -0.186347, 19.468,   0.0,    2.0, -2.0, 0.00,  0.00,  0.00, 0.0,  0.0,  0.0
2857693.88445110, 8.4075, -1.094201, 19.468,   0.0,    2.0, -2.0, 0.00,  0.00,  0.00, 0.0,  0.0,  0.0
2857693.88695110, 8.4100, -1.522175, 19.468,   0.0,    2.0, -2.0, 0.00,  0.00,  0.00, 0.0,  0.0,  0.0
2857693.88945110, 8.4125, -1.548244, 19.468,   0.0,    2.0, -2.0, 0.00,  0.00,  0.00, 0.0,  0.0,  0.0
2857693.89195110, 8.4150, -0.184076, 19.468,   0.0,    2.0, -2.0, 0.00,  0.00,  0.00, 0.0,  0.0,  0.0
2857693.89445110, 8.4175,  1.107834, 19.468,   0.0,    2.0, -2.0, 0.00,  0.00,  0.00, 0.0,  0.0,  0.0
2857693.89695110, 8.4200,  1.470460, 19.468,   0.0,    2.0, -2.0, 0.00,  0.00,  0.00, 0.0,  0.0,  0.0
2857693.89945110, 8.4225,  1.405564, 19.468,   0.0,    2.0, -2.0, 0.00,  0.00,  0.00, 0.0,  0.0,  0.0
2857693.90195110, 8.4250,  0.741753, 19.468,   0.0,    2.0, -2.0, 0.00,  0.00,  0.00, 0.0,  0.0,  0.0
2857693.90445110, 8.4275, -0.517363, 19.468,   0.0,    2.0, -2.0, 0.00,  0.00,  0.00, 0.0,  0.0,  0.0
2857693.90695110, 8.4300, -1.180217, 19.468,   0.0,    2.0, -2.0, 0.00,  0.00,  0.00, 0.0,  0.0,  0.0
2857693.90945110, 8.4325, -1.137908, 19.468,   0.0,    2.0, -2.0, 0.00,  0.00,  0.00, 0.0,  0.0,  0.0
2857693.91195110, 8.4350, -1.095599, 19.468,   0.0,    2.0, -2.0, 0.00,  0.00,  0.00, 0.0,  0.0,  0.0
2857693.91445110, 8.4375, -1.053291, 19.468,   0.0,    2.0, -2.0, 0.00,  0.00,  0.00, 0.0,  0.0,  0.0
2857693.91695110, 8.4400, -0.538992, 19.468,   0.0,    2.0, -2.0, 0.00,  0.00,  0.00, 0.0,  0.0,  0.0
2857693.91945110, 8.4425,  1.958025, 19.468,   0.0,    2.0, -2.0, 0.00,  0.00,  0.00, 0.0,  0.0,  0.0
2857693.92195110, 8.4450,  1.451435, 19.468,   0.0,    2.0, -2.0, 0.00,  0.00,  0.00, 0.0,  0.0,  0.0
2857693.92445110, 8.4475,  0.938101, 19.468,   0.0,    2.0, -2.0, 0.00,  0.00,  0.00, 0.0,  0.0,  0.0
2857693.92695110, 8.4500,  0.424766, 19.468,   0.0,    2.0, -2.0, 0.00,  0.00,  0.00, 0.0,  0.0,  0.0
2857693.92945110, 8.4525, -0.538119, 19.468,   0.0,    2.0, -2.0, 0.00,  0.00,  0.00, 0.0,  0.0,  0.0
2857693.93195110, 8.4550, -1.101298, 19.468,   0.0,    2.0, -2.0, 0.00,  0.00,  0.00, 0.0,  0.0,  0.0
2857693.93445110, 8.4575, -0.533540, 19.468,   0.0,    2.0, -2.0, 0.00,  0.00,  0.00, 0.0,  0.0,  0.0
2857693.93695110, 8.4600,  0.034217, 19.468,   0.0,    2.0, -2.0, 0.00,  0.00,  0.00, 0.0,  0.0,  0.0
2857693.93945110, 8.4625,  0.473495, 19.468,   0.0,    2.0, -2.0, 0.00,  0.00,  0.00, 0.0,  0.0,  0.0
2857693.94195110, 8.4650,  0.575001, 19.468,   0.0,    2.0, -2.0, 0.00,  0.00,  0.00, 0.0,  0.0,  0.0
2857693.94445110, 8.4675,  0.211039, 19.468,   0.0,    2.0, -2.0, 0.00,  0.00,  0.00, 0.0,  0.0,  0.0
2857693.94695110, 8.4700, -0.913147, 19.468,   0.0,    2.0, -2.0, 0.00,  0.00,  0.00, 0.0,  0.0,  0.0
2857693.94945110, 8.4725, -1.624185, 19.468,   0.0,    2.0, -2.0, 0.00,  0.00,  0.00, 0.0,  0.0,  0.0
2857693.95195110, 8.4750, -0.795132, 19.468,   0.0,    2.0, -2.0, 0.00,  0.00,  0.00, 0.0,  0.0,  0.0
2857693.95445110, 8.4775,  0.227973, 19.468,   0.0,    2.0, -2.0, 0.00,  0.00,  0.00, 0.0,  0.0,  0.0
2857693.95695110, 8.4800,  1.131625, 19.468,   0.0,    2.0, -2.0, 0.00,  0.00,  0.00, 0.0,  0.0,  0.0
2857693.95945110, 8.4825,  1.599180, 19.468,   0.0,    2.0, -2.0, 0.00,  0.00,  0.00, 0.0,  0.0,  0.0
2857693.96195110, 8.4850,  1.031619, 19.468,   0.0,    2.0, -2.0, 0.00,  0.00,  0.00, 0.0,  0.0,  0.0
2857693.96445110, 8.4875,  0.485073, 19.468,   0.0,    2.0, -2.0, 0.00,  0.00,  0.00, 0.0,  0.0,  0.0
2857693.96695110, 8.4900, -0.061473, 19.468,   0.0,    2.0, -2.0, 0.00,  0.00,  0.00, 0.0,  0.0,  0.0
2857693.96945110, 8.4925, -2.352343, 19.468,   0.0,    2.0, -2.0, 0.00,  0.00,  0.00, 0.0,  0.0,  0.0
2857693.97195110, 8.4950, -0.909045, 19.468,   0.0,    2.0, -2.0, 0.00,  0.00,  0.00, 0.0,  0.0,  0.0
2857693.97445110, 8.4975, -0.147790, 19.468,   0.0,    2.0, -2.0, 0.00,  0.00,  0.00, 0.0,  0.0,  0.0
2857693.97695110, 8.5000,  0.603694, 19.468,   0.0,    2.0, -2.0, 0.00,  0.00,  0.00, 0.0,  0.0,  0.0
2857693.97945110, 8.5025,  1.112794, 19.468,   0.0,    2.0, -2.0, 0.00,  0.00,  0.00, 0.0,  0.0,  0.0
2857693.98195110, 8.5050,  0.454739, 19.468,   0.0,    2.0, -2.0, 0.00,  0.00,  0.00, 0.0,  0.0,  0.0
2857693.98445110, 8.5075,  0.125586, 19.468,   0.0,    2.0, -2.0, 0.00,  0.00,  0.00, 0.0,  0.0,  0.0
2857693.98695110, 8.5100, -0.162301, 19.468,   0.0,    2.0, -2.0, 0.00,  0.00,  0.00, 0.0,  0.0,  0.0
2857693.98945110, 8.5125, -0.422169, 19.468,   0.0,    2.0, -2.0, 0.00,  0.00,  0.00, 0.0,  0.0,  0.0
2857693.99195110, 8.5150, -0.613117, 19.468,   0.0,    2.0, -2.0, 0.00,  0.00,  0.00, 0.0,  0.0,  0.0
2857693.99445110, 8.5175, -0.700580, 19.468,   0.0,    2.0, -2.0, 0.00,  0.00,  0.00, 0.0,  0.0,  0.0
2857693.99695110, 8.5200,  1.198254, 19.468,   0.0,    2.0, -2.0, 0.00,  0.00,  0.00, 0.0,  0.0,  0.0
2857693.99945110, 8.5225,  1.433565, 19.468,   0.0,    2.0, -2.0, 0.00,  0.00,  0.00, 0.0,  0.0,  0.0
2857694.00195110, 8.5250,  1.486008, 19.468,   0.0,    2.0, -2.0, 0.00,  0.00,  0.00, 0.0,  0.0,  0.0
2857694.00445110, 8.5275,  1.538452, 19.468,   0.0,    2.0, -2.0, 0.00,  0.00,  0.00, 0.0,  0.0,  0.0
2857694.00695110, 8.5300, -0.993473, 19.468,   0.0,    2.0, -2.0, 0.00,  0.00,  0.00, 0.0,  0.0,  0.0
2857694.00945110, 8.5325, -2.547903, 19.468,   0.0,    2.0, -2.0, 0.00,  0.00,  0.00, 0.0,  0.0,  0.0
2857694.01195110, 8.5350, -1.949489, 19.468,   0.0,    2.0, -2.0, 0.00,  0.00,  0.00, 0.0,  0.0,  0.0
2857694.01445110, 8.5375, -0.479039, 19.468,   0.0,    2.0, -2.0, 0.00,  0.00,  0.00, 0.0,  0.0,  0.0
2857694.01695110, 8.5400,  0.956175, 19.468,   0.0,    2.0, -2.0, 0.00,  0.00,  0.00, 0.0,  0.0,  0.0
2857694.01945110, 8.5425,  1.624972, 19.468,   0.0,    2.0, -2.0, 0.00,  0.00,  0.00, 0.0,  0.0,  0.0
2857694.02195110, 8.5450,  1.463333, 19.468,   0.0,    2.0, -2.0, 0.00,  0.00,  0.00, 0.0,  0.0,  0.0
2857694.02445110, 8.5475,  1.301694, 19.468,   0.0,    2.0, -2.0, 0.00,  0.00,  0.00, 0.0,  0.0,  0.0
2857694.02695110, 8.5500,  0.987599, 19.468,   0.0,    2.0, -2.0, 0.00,  0.00,  0.00, 0.0,  0.0,  0.0
2857694.02945110, 8.5525, -1.401651, 19.468,   0.0,    2.0, -2.0, 0.00,  0.00,  0.00, 0.0,  0.0,  0.0
2857694.03195110, 8.5550, -1.288780, 19.468,   0.0,    2.0, -2.0, 0.00,  0.00,  0.00, 0.0,  0.0,  0.0
2857694.03445110, 8.5575,  1.047990, 19.468,   0.0,    2.0, -2.0, 0.00,  0.00,  0.00, 0.0,  0.0,  0.0
2857694.03695110, 8.5600,  1.520202, 19.468,   0.0,    2.0, -2.0, 0.00,  0.00,  0.00, 0.0,  0.0,  0.0
2857694.03945110, 8.5625,  1.527940, 19.468,   0.0,    2.0, -2.0, 0.00,  0.00,  0.00, 0.0,  0.0,  0.0
2857694.04195110, 8.5650,  1.190907, 19.468,   0.0,    2.0, -2.0, 0.00,  0.00,  0.00, 0.0,  0.0,  0.0
2857694.04445110, 8.5675,  0.853875, 19.468,   0.0,    2.0, -2.0, 0.00,  0.00,  0.00, 0.0,  0.0,  0.0
2857694.04695110, 8.5700, -0.639630, 19.468,   0.0,    2.0, -2.0, 0.00,  0.00,  0.00, 0.0,  0.0,  0.0
2857694.04945110, 8.5725, -1.728932, 19.468,   0.0,    2.0, -2.0, 0.00,  0.00,  0.00, 0.0,  0.0,  0.0
2857694.05195110, 8.5750, -0.410443, 19.468,   0.0,    2.0, -2.0, 0.00,  0.00,  0.00, 0.0,  0.0,  0.0
2857694.05445110, 8.5775,  0.231533, 19.468,   0.0,    2.0, -2.0, 0.00,  0.00,  0.00, 0.0,  0.0,  0.0
2857694.05695110, 8.5800,  0.961013, 19.468,   0.0,    2.0, -2.0, 0.00,  0.00,  0.00, 0.0,  0.0,  0.0
2857694.05945110, 8.5825,  1.493353, 19.468,   0.0,    2.0, -2.0, 0.00,  0.00,  0.00, 0.0,  0.0,  0.0
2857694.06195110, 8.5850,  0.772739, 19.468,   0.0,    2.0, -2.0, 0.00,  0.00,  0.00, 0.0,  0.0,  0.0
2857694.06445110, 8.5875,  0.461056, 19.468,   0.0,    2.0, -2.0, 0.00,  0.00,  0.00, 0.0,  0.0,  0.0
2857694.06695110, 8.5900,  0.149373, 19.468,   0.0,    2.0, -2.0, 0.00,  0.00,  0.00, 0.0,  0.0,  0.0
2857694.06945110, 8.5925, -0.162310, 19.468,   0.0,    2.0, -2.0, 0.00,  0.00,  0.00, 0.0,  0.0,  0.0
2857694.07195110, 8.5950, -0.473993, 19.468,   0.0,    2.0, -2.0, 0.00,  0.00,  0.00, 0.0,  0.0,  0.0
2857694.07445110, 8.5975, -0.189695, 19.468,   0.0,    2.0, -2.0, 0.00,  0.00,  0.00, 0.0,  0.0,  0.0
2857694.07695110, 8.6000,  1.626826, 19.468,   0.0,    2.0, -2.0, 0.00,  0.00,  0.00, 0.0,  0.0,  0.0
2857694.07945110, 8.6025,  1.895632, 19.468,   0.0,    2.0, -2.0, 0.00,  0.00,  0.00, 0.0,  0.0,  0.0
2857694.08195110, 8.6050,  1.563080, 19.468,   0.0,    2.0, -2.0, 0.00,  0.00,  0.00, 0.0,  0.0,  0.0
2857694.08445110, 8.6075,  1.230528, 19.468,   0.0,    2.0, -2.0, 0.00,  0.00,  0.00, 0.0,  0.0,  0.0
2857694.08695110, 8.6100,  0.633875, 19.468,   0.0,    2.0, -2.0, 0.00,  0.00,  0.00, 0.0,  0.0,  0.0
2857694.08945110, 8.6125, -2.137636, 19.468,   0.0,    2.0, -2.0, 0.00,  0.00,  0.00, 0.0,  0.0,  0.0
2857694.09195110, 8.6150, -0.677505, 19.468,   0.0,    2.0, -2.0, 0.00,  0.00,  0.00, 0.0,  0.0,  0.0
2857694.09445110, 8.6175, -0.077014, 19.468,   0.0,    2.0, -2.0, 0.00,  0.00,  0.00, 0.0,  0.0,  0.0
2857694.09695110, 8.6200,  0.523477, 19.468,   0.0,    2.0, -2.0, 0.00,  0.00,  0.00, 0.0,  0.0,  0.0
2857694.09945110, 8.6225,  0.939791, 19.468,   0.0,    2.0, -2.0, 0.00,  0.00,  0.00, 0.0,  0.0,  0.0
2857694.10195110, 8.6250,  1.248549, 19.468,   0.0,    2.0, -2.0, 0.00,  0.00,  0.00, 0.0,  0.0,  0.0
2857694.10445110, 8.6275,  1.557306, 19.468,   0.0,    2.0, -2.0, 0.00,  0.00,  0.00, 0.0,  0.0,  0.0
2857694.10945110, 8.6325,  0.912561, 19.468,   0.0,    2.0, -2.0, 0.00,  0.00,  0.00, 0.0,  0.0,  0.0
2857694.11195110, 8.6350, -0.623983, 19.468,   0.0,    2.0, -2.0, 0.00,  0.00,  0.00, 0.0,  0.0,  0.0
2857694.11445110, 8.6375,  0.881792, 19.468,   0.0,    2.0, -2.0, 0.00,  0.00,  0.00, 0.0,  0.0,  0.0
2857694.11695110, 8.6400,  1.666480, 19.468,   0.0,    2.0, -2.0, 0.00,  0.00,  0.00, 0.0,  0.0,  0.0
2857694.11945110, 8.6425,  1.792566, 19.468,   0.0,    2.0, -2.0, 0.00,  0.00,  0.00, 0.0,  0.0,  0.0
2857694.12195110, 8.6450,  0.592057, 19.468,   0.0,    2.0, -2.0, 0.00,  0.00,  0.00, 0.0,  0.0,  0.0
2857694.12445110, 8.6475, -1.179918, 19.468,   0.0,    2.0, -2.0, 0.00,  0.00,  0.00, 0.0,  0.0,  0.0
2857694.12695110, 8.6500, -2.418226, 19.468,   0.0,    2.0, -2.0, 0.00,  0.00,  0.00, 0.0,  0.0,  0.0
2857694.12945110, 8.6525, -2.680892, 19.468,   0.0,    2.0, -2.0, 0.00,  0.00,  0.00, 0.0,  0.0,  0.0
2857694.13195110, 8.6550, -0.468159, 19.468,   0.0,    2.0, -2.0, 0.00,  0.00,  0.00, 0.0,  0.0,  0.0
2857694.13445110, 8.6575,  0.985163, 19.468,   0.0,    2.0, -2.0, 0.00,  0.00,  0.00, 0.0,  0.0,  0.0
2857694.13695110, 8.6600,  1.424193, 19.468,   0.0,    2.0, -2.0, 0.00,  0.00,  0.00, 0.0,  0.0,  0.0
2857694.13945110, 8.6625,  1.508909, 19.468,   0.0,    2.0, -2.0, 0.00,  0.00,  0.00, 0.0,  0.0,  0.0
2857694.14195110, 8.6650,  1.593625, 19.468,   0.0,    2.0, -2.0, 0.00,  0.00,  0.00, 0.0,  0.0,  0.0
2857694.14445110, 8.6675, -0.458189, 19.468,   0.0,    2.0, -2.0, 0.00,  0.00,  0.00, 0.0,  0.0,  0.0
2857694.14695110, 8.6700, -1.395927, 19.468,   0.0,    2.0, -2.0, 0.00,  0.00,  0.00, 0.0,  0.0,  0.0
2857694.14945110, 8.6725, -1.684675, 19.468,   0.0,    2.0, -2.0, 0.00,  0.00,  0.00, 0.0,  0.0,  0.0
2857694.15195110, 8.6750, -1.973423, 19.468,   0.0,    2.0, -2.0, 0.00,  0.00,  0.00, 0.0,  0.0,  0.0
2857694.15445110, 8.6775, -2.262171, 19.468,   0.0,    2.0, -2.0, 0.00,  0.00,  0.00, 0.0,  0.0,  0.0
2857694.15695110, 8.6800,  1.690430, 19.468,   0.0,    2.0, -2.0, 0.00,  0.00,  0.00, 0.0,  0.0,  0.0
2857694.15945110, 8.6825,  1.790187, 19.468,   0.0,    2.0, -2.0, 0.00,  0.00,  0.00, 0.0,  0.0,  0.0
2857694.16195110, 8.6850,  1.498227, 19.468,   0.0,    2.0, -2.0, 0.00,  0.00,  0.00, 0.0,  0.0,  0.0
2857694.16445110, 8.6875,  1.206266, 19.468,   0.0,    2.0, -2.0, 0.00,  0.00,  0.00, 0.0,  0.0,  0.0
2857694.16695110, 8.6900,  0.914305, 19.468,   0.0,    2.0, -2.0, 0.00,  0.00,  0.00, 0.0,  0.0,  0.0
2857694.16945110, 8.6925, -1.861152, 19.468,   0.0,    2.0, -2.0, 0.00,  0.00,  0.00, 0.0,  0.0,  0.0
2857694.17195110, 8.6950, -1.314824, 19.468,   0.0,    2.0, -2.0, 0.00,  0.00,  0.00, 0.0,  0.0,  0.0
2857694.17445110, 8.6975,  1.073732, 19.468,   0.0,    2.0, -2.0, 0.00,  0.00,  0.00, 0.0,  0.0,  0.0
2857694.17695110, 8.7000,  1.197454, 19.468,   0.0,    2.0, -2.0, 0.00,  0.00,  0.00, 0.0,  0.0,  0.0
2857694.17945110, 8.7025,  1.321177, 19.468,   0.0,    2.0, -2.0, 0.00,  0.00,  0.00, 0.0,  0.0,  0.0
2857694.18195110, 8.7050,  1.244667, 19.468,   0.0,    2.0, -2.0, 0.00,  0.00,  0.00, 0.0,  0.0,  0.0
2857694.18445110, 8.7075,  1.147276, 19.468,   0.0,    2.0, -2.0, 0.00,  0.00,  0.00, 0.0,  0.0,  0.0
2857694.18695110, 8.7100,  1.049884, 19.468,   0.0,    2.0, -2.0, 0.00,  0.00,  0.00, 0.0,  0.0,  0.0
2857694.18945110, 8.7125,  0.100918, 19.468,   0.0,    2.0, -2.0, 0.00,  0.00,  0.00, 0.0,  0.0,  0.0
2857694.19195110, 8.7150, -1.020049, 19.468,   0.0,    2.0, -2.0, 0.00,  0.00,  0.00, 0.0,  0.0,  0.0
2857694.19445110, 8.7175, -2.141017, 19.468,   0.0,    2.0, -2.0, 0.00,  0.00,  0.00, 0.0,  0.0,  0.0
2857694.19695110, 8.7200, -0.090597, 19.468,   0.0,    2.0, -2.0, 0.00,  0.00,  0.00, 0.0,  0.0,  0.0
2857694.19945110, 8.7225,  1.730643, 19.468,   0.0,    2.0, -2.0, 0.00,  0.00,  0.00, 0.0,  0.0,  0.0
2857694.20195110, 8.7250,  0.915818, 19.468,   0.0,    2.0, -2.0, 0.00,  0.00,  0.00, 0.0,  0.0,  0.0
2857694.20445110, 8.7275, -0.169537, 19.468,   0.0,    2.0, -2.0, 0.00,  0.00,  0.00, 0.0,  0.0,  0.0
2857694.20695110, 8.7300, -0.872984, 19.468,   0.0,    2.0, -2.0, 0.00,  0.00,  0.00, 0.0,  0.0,  0.0
2857694.20945110, 8.7325, -1.497113, 19.468,   0.0,    2.0, -2.0, 0.00,  0.00,  0.00, 0.0,  0.0,  0.0
2857694.21195110, 8.7350, -2.121242, 19.468,   0.0,    2.0, -2.0, 0.00,  0.00,  0.00, 0.0,  0.0,  0.0
2857694.21445110, 8.7375, -2.168446, 19.468,   0.0,    2.0, -2.0, 0.00,  0.00,  0.00, 0.0,  0.0,  0.0
2857694.21695110, 8.7400,  1.544599, 19.468,   0.0,    2.0, -2.0, 0.00,  0.00,  0.00, 0.0,  0.0,  0.0
2857694.21945110, 8.7425,  1.546741, 19.468,   0.0,    2.0, -2.0, 0.00,  0.00,  0.00, 0.0,  0.0,  0.0
2857694.22195110, 8.7450,  1.277915, 19.468,   0.0,    2.0, -2.0, 0.00,  0.00,  0.00, 0.0,  0.0,  0.0
2857694.22445110, 8.7475,  1.009089, 19.468,   0.0,    2.0, -2.0, 0.00,  0.00,  0.00, 0.0,  0.0,  0.0
2857694.22695110, 8.7500, -1.821892, 19.468,   0.0,    2.0, -2.0, 0.00,  0.00,  0.00, 0.0,  0.0,  0.0
2857694.22945110, 8.7525, -2.798936, 19.468,   0.0,    2.0, -2.0, 0.00,  0.00,  0.00, 0.0,  0.0,  0.0
2857694.23195110, 8.7550, -2.290824, 19.468,   0.0,    2.0, -2.0, 0.00,  0.00,  0.00, 0.0,  0.0,  0.0
2857694.23445110, 8.7575, -1.740621, 19.468,   0.0,    2.0, -2.0, 0.00,  0.00,  0.00, 0.0,  0.0,  0.0
2857694.23695110, 8.7600, -1.190417, 19.468,   0.0,    2.0, -2.0, 0.00,  0.00,  0.00, 0.0,  0.0,  0.0
2857694.23945110, 8.7625,  1.676135, 19.468,   0.0,    2.0, -2.0, 0.00,  0.00,  0.00, 0.0,  0.0,  0.0
2857694.24195110, 8.7650,  1.017005, 19.468,   0.0,    2.0, -2.0, 0.00,  0.00,  0.00, 0.0,  0.0,  0.0
2857694.24445110, 8.7675,  0.520693, 19.468,   0.0,    2.0, -2.0, 0.00,  0.00,  0.00, 0.0,  0.0,  0.0
2857694.24695110, 8.7700,  0.024381, 19.468,   0.0,    2.0, -2.0, 0.00,  0.00,  0.00, 0.0,  0.0,  0.0
2857694.24945110, 8.7725, -2.334007, 19.468,   0.0,    2.0, -2.0, 0.00,  0.00,  0.00, 0.0,  0.0,  0.0
2857694.25195110, 8.7750, -2.053870, 19.468,   0.0,    2.0, -2.0, 0.00,  0.00,  0.00, 0.0,  0.0,  0.0
2857694.25695110, 8.7800, -0.370109, 19.468,   0.0,    2.0, -2.0, 0.00,  0.00,  0.00, 0.0,  0.0,  0.0
2857694.25945110, 8.7825,  0.534598, 19.468,   0.0,    2.0, -2.0, 0.00,  0.00,  0.00, 0.0,  0.0,  0.0
2857694.26195110, 8.7850,  1.439305, 19.468,   0.0,    2.0, -2.0, 0.00,  0.00,  0.00, 0.0,  0.0,  0.0
2857694.26445110, 8.7875,  0.553900, 19.468,   0.0,    2.0, -2.0, 0.00,  0.00,  0.00, 0.0,  0.0,  0.0
2857694.26695110, 8.7900, -1.552191, 19.468,   0.0,    2.0, -2.0, 0.00,  0.00,  0.00, 0.0,  0.0,  0.0
2857694.26945110, 8.7925, -2.450450, 19.468,   0.0,    2.0, -2.0, 0.00,  0.00,  0.00, 0.0,  0.0,  0.0
2857694.27195110, 8.7950, -0.912966, 19.468,   0.0,    2.0, -2.0, 0.00,  0.00,  0.00, 0.0,  0.0,  0.0
2857694.27445110, 8.7975,  0.622330, 19.468,   0.0,    2.0, -2.0, 0.00,  0.00,  0.00, 0.0,  0.0,  0.0
2857694.27695110, 8.8000,  1.302894, 19.468,   0.0,    2.0, -2.0, 0.00,  0.00,  0.00, 0.0,  0.0,  0.0
2857694.27945110, 8.8025,  1.612521, 19.468,   0.0,    2.0, -2.0, 0.00,  0.00,  0.00, 0.0,  0.0,  0.0
2857694.28195110, 8.8050,  1.640572, 19.468,   0.0,    2.0, -2.0, 0.00,  0.00,  0.00, 0.0,  0.0,  0.0
2857694.28445110, 8.8075, -0.662808, 19.468,   0.0,    2.0, -2.0, 0.00,  0.00,  0.00, 0.0,  0.0,  0.0
2857694.28695110, 8.8100, -1.575039, 19.468,   0.0,    2.0, -2.0, 0.00,  0.00,  0.00, 0.0,  0.0,  0.0
2857694.28945110, 8.8125, -1.575039, 19.468,   0.0,    2.0, -2.0, 0.00,  0.00,  0.00, 0.0,  0.0,  0.0
2857694.29195110, 8.8150, -1.155555, 19.468,   0.0,    2.0, -2.0, 0.00,  0.00,  0.00, 0.0,  0.0,  0.0
2857694.29445110, 8.8175,  0.376079, 19.468,   0.0,    2.0, -2.0, 0.00,  0.00,  0.00, 0.0,  0.0,  0.0
2857694.29695110, 8.8200,  1.689603, 19.468,   0.0,    2.0, -2.0, 0.00,  0.00,  0.00, 0.0,  0.0,  0.0
2857694.29945110, 8.8225,  2.049145, 19.468,   0.0,    2.0, -2.0, 0.00,  0.00,  0.00, 0.0,  0.0,  0.0
2857694.30195110, 8.8250,  2.049145, 19.468,   0.0,    2.0, -2.0, 0.00,  0.00,  0.00, 0.0,  0.0,  0.0
2857694.30445110, 8.8275,  2.049145, 19.468,   0.0,    2.0, -2.0, 0.00,  0.00,  0.00, 0.0,  0.0,  0.0
2857694.30695110, 8.8300, -0.342014, 19.468,   0.0,    2.0, -2.0, 0.00,  0.00,  0.00, 0.0,  0.0,  0.0
2857694.30945110, 8.8325, -1.094891, 19.468,   0.0,    2.0, -2.0, 0.00,  0.00,  0.00, 0.0,  0.0,  0.0
2857694.31195110, 8.8350, -1.067579, 19.468,   0.0,    2.0, -2.0, 0.00,  0.00,  0.00, 0.0,  0.0,  0.0
2857694.31445110, 8.8375, -1.040267, 19.468,   0.0,    2.0, -2.0, 0.00,  0.00,  0.00, 0.0,  0.0,  0.0
2857694.31695110, 8.8400, -0.537092, 19.468,   0.0,    2.0, -2.0, 0.00,  0.00,  0.00, 0.0,  0.0,  0.0
2857694.31945110, 8.8425,  0.261423, 19.468,   0.0,    2.0, -2.0, 0.00,  0.00,  0.00, 0.0,  0.0,  0.0
2857694.32195110, 8.8450,  1.059939, 19.468,   0.0,    2.0, -2.0, 0.00,  0.00,  0.00, 0.0,  0.0,  0.0
2857694.32445110, 8.8475,  1.204582, 19.468,   0.0,    2.0, -2.0, 0.00,  0.00,  0.00, 0.0,  0.0,  0.0
2857694.32695110, 8.8500,  0.136384, 19.468,   0.0,    2.0, -2.0, 0.00,  0.00,  0.00, 0.0,  0.0,  0.0
2857694.32945110, 8.8525, -0.931814, 19.468,   0.0,    2.0, -2.0, 0.00,  0.00,  0.00, 0.0,  0.0,  0.0
2857694.33195110, 8.8550, -1.220527, 19.468,   0.0,    2.0, -2.0, 0.00,  0.00,  0.00, 0.0,  0.0,  0.0
2857694.33445110, 8.8575, -0.592785, 19.468,   0.0,    2.0, -2.0, 0.00,  0.00,  0.00, 0.0,  0.0,  0.0
2857694.33695110, 8.8600,  1.292567, 19.468,   0.0,    2.0, -2.0, 0.00,  0.00,  0.00, 0.0,  0.0,  0.0
2857694.33945110, 8.8625,  1.419253, 19.468,   0.0,    2.0, -2.0, 0.00,  0.00,  0.00, 0.0,  0.0,  0.0
2857694.34195110, 8.8650,  1.141091, 19.468,   0.0,    2.0, -2.0, 0.00,  0.00,  0.00, 0.0,  0.0,  0.0
2857694.34445110, 8.8675,  0.464492, 19.468,   0.0,    2.0, -2.0, 0.00,  0.00,  0.00, 0.0,  0.0,  0.0
2857694.34695110, 8.8700, -0.464883, 19.468,   0.0,    2.0, -2.0, 0.00,  0.00,  0.00, 0.0,  0.0,  0.0
2857694.34945110, 8.8725, -1.394258, 19.468,   0.0,    2.0, -2.0, 0.00,  0.00,  0.00, 0.0,  0.0,  0.0
2857694.35195110, 8.8750, -1.019094, 19.468,   0.0,    2.0, -2.0, 0.00,  0.00,  0.00, 0.0,  0.0,  0.0
2857694.35445110, 8.8775,  0.480212, 19.468,   0.0,    2.0, -2.0, 0.00,  0.00,  0.00, 0.0,  0.0,  0.0
2857694.35695110, 8.8800,  0.774717, 19.468,   0.0,    2.0, -2.0, 0.00,  0.00,  0.00, 0.0,  0.0,  0.0
2857694.35945110, 8.8825,  0.979151, 19.468,   0.0,    2.0, -2.0, 0.00,  0.00,  0.00, 0.0,  0.0,  0.0
2857694.36195110, 8.8850,  1.183584, 19.468,   0.0,    2.0, -2.0, 0.00,  0.00,  0.00, 0.0,  0.0,  0.0
2857694.36445110, 8.8875,  0.117980, 19.468,   0.0,    2.0, -2.0, 0.00,  0.00,  0.00, 0.0,  0.0,  0.0
2857694.36695110, 8.8900, -1.442673, 19.468,   0.0,    2.0, -2.0, 0.00,  0.00,  0.00, 0.0,  0.0,  0.0
2857694.36945110, 8.8925, -2.357456, 19.468,   0.0,    2.0, -2.0, 0.00,  0.00,  0.00, 0.0,  0.0,  0.0
2857694.37195110, 8.8950, -1.770667, 19.468,   0.0,    2.0, -2.0, 0.00,  0.00,  0.00, 0.0,  0.0,  0.0
2857694.37445110, 8.8975, -1.183878, 19.468,   0.0,    2.0, -2.0, 0.00,  0.00,  0.00, 0.0,  0.0,  0.0
2857694.37695110, 8.9000,  0.931449, 19.468,   0.0,    2.0, -2.0, 0.00,  0.00,  0.00, 0.0,  0.0,  0.0
2857694.37945110, 8.9025,  1.800815, 19.468,   0.0,    2.0, -2.0, 0.00,  0.00,  0.00, 0.0,  0.0,  0.0
2857694.38195110, 8.9050,  1.570199, 19.468,   0.0,    2.0, -2.0, 0.00,  0.00,  0.00, 0.0,  0.0,  0.0
2857694.38445110, 8.9075,  1.111728, 19.468,   0.0,    2.0, -2.0, 0.00,  0.00,  0.00, 0.0,  0.0,  0.0
2857694.38695110, 8.9100,  0.565929, 19.468,   0.0,    2.0, -2.0, 0.00,  0.00,  0.00, 0.0,  0.0,  0.0
2857694.38945110, 8.9125, -0.094222, 19.468,   0.0,    2.0, -2.0, 0.00,  0.00,  0.00, 0.0,  0.0,  0.0
2857694.39195110, 8.9150, -0.754374, 19.468,   0.0,    2.0, -2.0, 0.00,  0.00,  0.00, 0.0,  0.0,  0.0
2857694.39445110, 8.9175, -1.362309, 19.468,   0.0,    2.0, -2.0, 0.00,  0.00,  0.00, 0.0,  0.0,  0.0
2857694.39695110, 8.9200, -0.398807, 19.468,   0.0,    2.0, -2.0, 0.00,  0.00,  0.00, 0.0,  0.0,  0.0
2857694.39945110, 8.9225,  0.564695, 19.468,   0.0,    2.0, -2.0, 0.00,  0.00,  0.00, 0.0,  0.0,  0.0
2857694.40195110, 8.9250,  1.162954, 19.468,   0.0,    2.0, -2.0, 0.00,  0.00,  0.00, 0.0,  0.0,  0.0
2857694.40445110, 8.9275,  0.220570, 19.468,   0.0,    2.0, -2.0, 0.00,  0.00,  0.00, 0.0,  0.0,  0.0
2857694.40695110, 8.9300, -0.402271, 19.468,   0.0,    2.0, -2.0, 0.00,  0.00,  0.00, 0.0,  0.0,  0.0
2857694.40945110, 8.9325, -0.844717, 19.468,   0.0,    2.0, -2.0, 0.00,  0.00,  0.00, 0.0,  0.0,  0.0
2857694.41195110, 8.9350, -0.927717, 19.468,   0.0,    2.0, -2.0, 0.00,  0.00,  0.00, 0.0,  0.0,  0.0
2857694.41445110, 8.9375, -0.262424, 19.468,   0.0,    2.0, -2.0, 0.00,  0.00,  0.00, 0.0,  0.0,  0.0
2857694.41695110, 8.9400,  0.402869, 19.468,   0.0,    2.0, -2.0, 0.00,  0.00,  0.00, 0.0,  0.0,  0.0
2857694.41945110, 8.9425,  0.984178, 19.468,   0.0,    2.0, -2.0, 0.00,  0.00,  0.00, 0.0,  0.0,  0.0
2857694.42195110, 8.9450,  0.616384, 19.468,   0.0,    2.0, -2.0, 0.00,  0.00,  0.00, 0.0,  0.0,  0.0
2857694.42445110, 8.9475, -0.402094, 19.468,   0.0,    2.0, -2.0, 0.00,  0.00,  0.00, 0.0,  0.0,  0.0
2857694.42695110, 8.9500, -1.358116, 19.468,   0.0,    2.0, -2.0, 0.00,  0.00,  0.00, 0.0,  0.0,  0.0
2857694.42945110, 8.9525, -1.770328, 19.468,   0.0,    2.0, -2.0, 0.00,  0.00,  0.00, 0.0,  0.0,  0.0
2857694.43195110, 8.9550, -2.182540, 19.468,   0.0,    2.0, -2.0, 0.00,  0.00,  0.00, 0.0,  0.0,  0.0
2857694.43445110, 8.9575, -1.008212, 19.468,   0.0,    2.0, -2.0, 0.00,  0.00,  0.00, 0.0,  0.0,  0.0
2857694.43695110, 8.9600,  1.439769, 19.468,   0.0,    2.0, -2.0, 0.00,  0.00,  0.00, 0.0,  0.0,  0.0
2857694.43945110, 8.9625,  1.552123, 19.468,   0.0,    2.0, -2.0, 0.00,  0.00,  0.00, 0.0,  0.0,  0.0
2857694.44195110, 8.9650,  1.687483, 19.468,   0.0,    2.0, -2.0, 0.00,  0.00,  0.00, 0.0,  0.0,  0.0
2857694.44445110, 8.9675,  1.822842, 19.468,   0.0,    2.0, -2.0, 0.00,  0.00,  0.00, 0.0,  0.0,  0.0
2857694.44695110, 8.9700,  1.958202, 19.468,   0.0,    2.0, -2.0, 0.00,  0.00,  0.00, 0.0,  0.0,  0.0
2857694.44945110, 8.9725, -2.617819, 19.468,   0.0,    2.0, -2.0, 0.00,  0.00,  0.00, 0.0,  0.0,  0.0
2857694.45195110, 8.9750, -2.288965, 19.468,   0.0,    2.0, -2.0, 0.00,  0.00,  0.00, 0.0,  0.0,  0.0
2857694.45445110, 8.9775, -1.960111, 19.468,   0.0,    2.0, -2.0, 0.00,  0.00,  0.00, 0.0,  0.0,  0.0
2857694.45695110, 8.9800, -1.631258, 19.468,   0.0,    2.0, -2.0, 0.00,  0.00,  0.00, 0.0,  0.0,  0.0
2857694.45945110, 8.9825, -0.566659, 19.468,   0.0,    2.0, -2.0, 0.00,  0.00,  0.00, 0.0,  0.0,  0.0
2857694.46195110, 8.9850,  0.659340, 19.468,   0.0,    2.0, -2.0, 0.00,  0.00,  0.00, 0.0,  0.0,  0.0
2857694.46445110, 8.9875,  0.284264, 19.468,   0.0,    2.0, -2.0, 0.00,  0.00,  0.00, 0.0,  0.0,  0.0
2857694.46695110, 8.9900, -0.217220, 19.468,   0.0,    2.0, -2.0, 0.00,  0.00,  0.00, 0.0,  0.0,  0.0
2857694.46945110, 8.9925, -2.717589, 19.468,   0.0,    2.0, -2.0, 0.00,  0.00,  0.00, 0.0,  0.0,  0.0
2857694.47195110, 8.9950, -2.276868, 19.468,   0.0,    2.0, -2.0, 0.00,  0.00,  0.00, 0.0,  0.0,  0.0
2857694.47445110, 8.9975, -1.836147, 19.468,   0.0,    2.0, -2.0, 0.00,  0.00,  0.00, 0.0,  0.0,  0.0
2857694.47695110, 9.0000, -1.395426, 19.468,   0.0,    2.0, -2.0, 0.00,  0.00,  0.00, 0.0,  0.0,  0.0
2857694.47945110, 9.0025,  0.040203, 19.468,   0.0,    2.0, -2.0, 0.00,  0.00,  0.00, 0.0,  0.0,  0.0
2857694.48195110, 9.0050,  1.703975, 19.468,   0.0,    2.0, -2.0, 0.00,  0.00,  0.00, 0.0,  0.0,  0.0
2857694.48445110, 9.0075, -0.404506, 19.468,   0.0,    2.0, -2.0, 0.00,  0.00,  0.00, 0.0,  0.0,  0.0
2857694.48695110, 9.0100, -1.168788, 19.468,   0.0,    2.0, -2.0, 0.00,  0.00,  0.00, 0.0,  0.0,  0.0
2857694.48945110, 9.0125, -2.511728, 19.468,   0.0,    2.0, -2.0, 0.00,  0.00,  0.00, 0.0,  0.0,  0.0
2857694.49195110, 9.0150, -2.004077, 19.468,   0.0,    2.0, -2.0, 0.00,  0.00,  0.00, 0.0,  0.0,  0.0
2857694.49445110, 9.0175, -1.496426, 19.468,   0.0,    2.0, -2.0, 0.00,  0.00,  0.00, 0.0,  0.0,  0.0
2857694.49695110, 9.0200,  0.623231, 19.468,   0.0,    2.0, -2.0, 0.00,  0.00,  0.00, 0.0,  0.0,  0.0
2857694.49945110, 9.0225,  1.782299, 19.468,   0.0,    2.0, -2.0, 0.00,  0.00,  0.00, 0.0,  0.0,  0.0
2857694.50195110, 9.0250,  1.593365, 19.468,   0.0,    2.0, -2.0, 0.00,  0.00,  0.00, 0.0,  0.0,  0.0
2857694.50445110, 9.0275,  1.285138, 19.468,   0.0,    2.0, -2.0, 0.00,  0.00,  0.00, 0.0,  0.0,  0.0
2857694.50695110, 9.0300,  0.976910, 19.468,   0.0,    2.0, -2.0, 0.00,  0.00,  0.00, 0.0,  0.0,  0.0
2857694.50945110, 9.0325, -0.031146, 19.468,   0.0,    2.0, -2.0, 0.00,  0.00,  0.00, 0.0,  0.0,  0.0
2857694.51195110, 9.0350, -0.879395, 19.468,   0.0,    2.0, -2.0, 0.00,  0.00,  0.00, 0.0,  0.0,  0.0
2857694.51445110, 9.0375, -0.382304, 19.468,   0.0,    2.0, -2.0, 0.00,  0.00,  0.00, 0.0,  0.0,  0.0
2857694.51695110, 9.0400,  0.114787, 19.468,   0.0,    2.0, -2.0, 0.00,  0.00,  0.00, 0.0,  0.0,  0.0
2857694.51945110, 9.0425,  0.611878, 19.468,   0.0,    2.0, -2.0, 0.00,  0.00,  0.00, 0.0,  0.0,  0.0
2857694.52195110, 9.0450,  0.569176, 19.468,   0.0,    2.0, -2.0, 0.00,  0.00,  0.00, 0.0,  0.0,  0.0
2857694.52445110, 9.0475,  0.315485, 19.468,   0.0,    2.0, -2.0, 0.00,  0.00,  0.00, 0.0,  0.0,  0.0
2857694.52695110, 9.0500,  0.048828, 19.468,   0.0,    2.0, -2.0, 0.00,  0.00,  0.00, 0.0,  0.0,  0.0
2857694.52945110, 9.0525, -0.217830, 19.468,   0.0,    2.0, -2.0, 0.00,  0.00,  0.00, 0.0,  0.0,  0.0
2857694.53195110, 9.0550, -0.120664, 19.468,   0.0,    2.0, -2.0, 0.00,  0.00,  0.00, 0.0,  0.0,  0.0
2857694.53445110, 9.0575,  0.748208, 19.468,   0.0,    2.0, -2.0, 0.00,  0.00,  0.00, 0.0,  0.0,  0.0
2857694.53695110, 9.0600,  1.426719, 19.468,   0.0,    2.0, -2.0, 0.00,  0.00,  0.00, 0.0,  0.0,  0.0
2857694.53945110, 9.0625,  1.854511, 19.468,   0.0,    2.0, -2.0, 0.00,  0.00,  0.00, 0.0,  0.0,  0.0
2857694.54195110, 9.0650,  1.464615, 19.468,   0.0,    2.0, -2.0, 0.00,  0.00,  0.00, 0.0,  0.0,  0.0
2857694.54445110, 9.0675,  1.074719, 19.468,   0.0,    2.0, -2.0, 0.00,  0.00,  0.00, 0.0,  0.0,  0.0
2857694.54695110, 9.0700,  0.592193, 19.468,   0.0,    2.0, -2.0, 0.00,  0.00,  0.00, 0.0,  0.0,  0.0
2857694.55195110, 9.0750, -2.063943, 19.468,   0.0,    2.0, -2.0, 0.00,  0.00,  0.00, 0.0,  0.0,  0.0
2857694.55445110, 9.0775, -0.729096, 19.468,   0.0,    2.0, -2.0, 0.00,  0.00,  0.00, 0.0,  0.0,  0.0
2857694.55695110, 9.0800,  1.193660, 19.468,   0.0,    2.0, -2.0, 0.00,  0.00,  0.00, 0.0,  0.0,  0.0
2857694.55945110, 9.0825,  2.008350, 19.468,   0.0,    2.0, -2.0, 0.00,  0.00,  0.00, 0.0,  0.0,  0.0
2857694.56195110, 9.0850,  1.701937, 19.468,   0.0,    2.0, -2.0, 0.00,  0.00,  0.00, 0.0,  0.0,  0.0
2857694.56445110, 9.0875,  1.286052, 19.468,   0.0,    2.0, -2.0, 0.00,  0.00,  0.00, 0.0,  0.0,  0.0
2857694.56695110, 9.0900, -1.471202, 19.468,   0.0,    2.0, -2.0, 0.00,  0.00,  0.00, 0.0,  0.0,  0.0
2857694.56945110, 9.0925, -2.656428, 19.468,   0.0,    2.0, -2.0, 0.00,  0.00,  0.00, 0.0,  0.0,  0.0
2857694.57195110, 9.0950, -1.303687, 19.468,   0.0,    2.0, -2.0, 0.00,  0.00,  0.00, 0.0,  0.0,  0.0
2857694.57445110, 9.0975, -0.588013, 19.468,   0.0,    2.0, -2.0, 0.00,  0.00,  0.00, 0.0,  0.0,  0.0
2857694.57695110, 9.1000,  0.127662, 19.468,   0.0,    2.0, -2.0, 0.00,  0.00,  0.00, 0.0,  0.0,  0.0
2857694.57945110, 9.1025,  0.782686, 19.468,   0.0,    2.0, -2.0, 0.00,  0.00,  0.00, 0.0,  0.0,  0.0
2857694.58195110, 9.1050,  1.065591, 19.468,   0.0,    2.0, -2.0, 0.00,  0.00,  0.00, 0.0,  0.0,  0.0
2857694.58445110, 9.1075,  0.750155, 19.468,   0.0,    2.0, -2.0, 0.00,  0.00,  0.00, 0.0,  0.0,  0.0
2857694.58695110, 9.1100,  0.375777, 19.468,   0.0,    2.0, -2.0, 0.00,  0.00,  0.00, 0.0,  0.0,  0.0
2857694.58945110, 9.1125,  0.001399, 19.468,   0.0,    2.0, -2.0, 0.00,  0.00,  0.00, 0.0,  0.0,  0.0
2857694.59195110, 9.1150, -0.087186, 19.468,   0.0,    2.0, -2.0, 0.00,  0.00,  0.00, 0.0,  0.0,  0.0
2857694.59445110, 9.1175,  0.707422, 19.468,   0.0,    2.0, -2.0, 0.00,  0.00,  0.00, 0.0,  0.0,  0.0
2857694.59695110, 9.1200,  1.206149, 19.468,   0.0,    2.0, -2.0, 0.00,  0.00,  0.00, 0.0,  0.0,  0.0
2857694.59945110, 9.1225,  1.454521, 19.468,   0.0,    2.0, -2.0, 0.00,  0.00,  0.00, 0.0,  0.0,  0.0
2857694.60195110, 9.1250,  1.526494, 19.468,   0.0,    2.0, -2.0, 0.00,  0.00,  0.00, 0.0,  0.0,  0.0
2857694.60445110, 9.1275,  0.015726, 19.468,   0.0,    2.0, -2.0, 0.00,  0.00,  0.00, 0.0,  0.0,  0.0
2857694.60695110, 9.1300, -0.783369, 19.468,   0.0,    2.0, -2.0, 0.00,  0.00,  0.00, 0.0,  0.0,  0.0
2857694.60945110, 9.1325, -1.241240, 19.468,   0.0,    2.0, -2.0, 0.00,  0.00,  0.00, 0.0,  0.0,  0.0
2857694.61195110, 9.1350, -1.489176, 19.468,   0.0,    2.0, -2.0, 0.00,  0.00,  0.00, 0.0,  0.0,  0.0
2857694.61445110, 9.1375, -0.811359, 19.468,   0.0,    2.0, -2.0, 0.00,  0.00,  0.00, 0.0,  0.0,  0.0
2857694.61695110, 9.1400,  0.934747, 19.468,   0.0,    2.0, -2.0, 0.00,  0.00,  0.00, 0.0,  0.0,  0.0
2857694.61945110, 9.1425,  1.725514, 19.468,   0.0,    2.0, -2.0, 0.00,  0.00,  0.00, 0.0,  0.0,  0.0
2857694.62195110, 9.1450,  1.680679, 19.468,   0.0,    2.0, -2.0, 0.00,  0.00,  0.00, 0.0,  0.0,  0.0
2857694.62445110, 9.1475, -0.153234, 19.468,   0.0,    2.0, -2.0, 0.00,  0.00,  0.00, 0.0,  0.0,  0.0
2857694.62695110, 9.1500, -1.220124, 19.468,   0.0,    2.0, -2.0, 0.00,  0.00,  0.00, 0.0,  0.0,  0.0
2857694.62945110, 9.1525, -2.751199, 19.468,   0.0,    2.0, -2.0, 0.00,  0.00,  0.00, 0.0,  0.0,  0.0
2857694.63195110, 9.1550, -2.334456, 19.468,   0.0,    2.0, -2.0, 0.00,  0.00,  0.00, 0.0,  0.0,  0.0
2857694.63445110, 9.1575, -1.877625, 19.468,   0.0,    2.0, -2.0, 0.00,  0.00,  0.00, 0.0,  0.0,  0.0
2857694.63695110, 9.1600,  1.137379, 19.468,   0.0,    2.0, -2.0, 0.00,  0.00,  0.00, 0.0,  0.0,  0.0
2857694.63945110, 9.1625,  1.766484, 19.468,   0.0,    2.0, -2.0, 0.00,  0.00,  0.00, 0.0,  0.0,  0.0
2857694.64195110, 9.1650,  1.032860, 19.468,   0.0,    2.0, -2.0, 0.00,  0.00,  0.00, 0.0,  0.0,  0.0
2857694.64445110, 9.1675,  0.237565, 19.468,   0.0,    2.0, -2.0, 0.00,  0.00,  0.00, 0.0,  0.0,  0.0
2857694.64695110, 9.1700, -0.548192, 19.468,   0.0,    2.0, -2.0, 0.00,  0.00,  0.00, 0.0,  0.0,  0.0
2857694.64945110, 9.1725, -2.043999, 19.468,   0.0,    2.0, -2.0, 0.00,  0.00,  0.00, 0.0,  0.0,  0.0
2857694.65195110, 9.1750, -1.520747, 19.468,   0.0,    2.0, -2.0, 0.00,  0.00,  0.00, 0.0,  0.0,  0.0
2857694.65445110, 9.1775, -0.788966, 19.468,   0.0,    2.0, -2.0, 0.00,  0.00,  0.00, 0.0,  0.0,  0.0
2857694.65695110, 9.1800, -0.279631, 19.468,   0.0,    2.0, -2.0, 0.00,  0.00,  0.00, 0.0,  0.0,  0.0
2857694.65945110, 9.1825,  0.229705, 19.468,   0.0,    2.0, -2.0, 0.00,  0.00,  0.00, 0.0,  0.0,  0.0
2857694.66195110, 9.1850,  0.476461, 19.468,   0.0,    2.0, -2.0, 0.00,  0.00,  0.00, 0.0,  0.0,  0.0
2857694.66445110, 9.1875, -0.681939, 19.468,   0.0,    2.0, -2.0, 0.00,  0.00,  0.00, 0.0,  0.0,  0.0
2857694.66695110, 9.1900, -1.059885, 19.468,   0.0,    2.0, -2.0, 0.00,  0.00,  0.00, 0.0,  0.0,  0.0
2857694.66945110, 9.1925, -1.437831, 19.468,   0.0,    2.0, -2.0, 0.00,  0.00,  0.00, 0.0,  0.0,  0.0
2857694.67195110, 9.1950, -1.228272, 19.468,   0.0,    2.0, -2.0, 0.00,  0.00,  0.00, 0.0,  0.0,  0.0
2857694.67445110, 9.1975,  0.575874, 19.468,   0.0,    2.0, -2.0, 0.00,  0.00,  0.00, 0.0,  0.0,  0.0
2857694.67695110, 9.2000,  1.077796, 19.468,   0.0,    2.0, -2.0, 0.00,  0.00,  0.00, 0.0,  0.0,  0.0
2857694.67945110, 9.2025,  1.355302, 19.468,   0.0,    2.0, -2.0, 0.00,  0.00,  0.00, 0.0,  0.0,  0.0
